GLOBALEVENTID,SQLDATE,MonthYear,Year,FractionDate,Actor1Code,Actor1Name,Actor1CountryCode,Actor1KnownGroupCode,Actor1EthnicCode,Actor1Religion1Code,Actor1Religion2Code,Actor1Type1Code,Actor1Type2Code,Actor1Type3Code,Actor2Code,Actor2Name,Actor2CountryCode,Actor2KnownGroupCode,Actor2EthnicCode,Actor2Religion1Code,Actor2Religion2Code,Actor2Type1Code,Actor2Type2Code,Actor2Type3Code,IsRootEvent,EventCode,EventBaseCode,EventRootCode,QuadClass,GoldsteinScale,NumMentions,NumSources,NumArticles,AvgTone,Actor1Geo_Type,Actor1Geo_FullName,Actor1Geo_CountryCode,Actor1Geo_ADM1Code,Actor1Geo_Lat,Actor1Geo_Long,Actor1Geo_FeatureID,Actor2Geo_Type,Actor2Geo_FullName,Actor2Geo_CountryCode,Actor2Geo_ADM1Code,Actor2Geo_Lat,Actor2Geo_Long,Actor2Geo_FeatureID,ActionGeo_Type,ActionGeo_FullName,ActionGeo_CountryCode,ActionGeo_ADM1Code,ActionGeo_Lat,ActionGeo_Long,ActionGeo_FeatureID,DATEADDED,SOURCEURL
316887965,20131004,201310,2013,2013.7507,CHN,CHINA,CHN,,,,,,,,,,,,,,,,,,0,090,090,09,2,-2.0,10,1,10,5.16351118760757,1,China,CH,CH,35,105,CH,0,,,,,,,1,China,CH,CH,35,105,CH,20141004,http://www.ozy.com/good-sht/why-its-a-truly-golden-week-in-london/34284.article
316888000,20131004,201310,2013,2013.7507,CRM,CROOK,,,,,,CRM,,,,,,,,,,,,,1,017,017,01,1,0.0,2,1,2,4.02930402930403,1,Ghana,GH,GH,8,-2,GH,0,,,,,,,1,Ghana,GH,GH,8,-2,GH,20141004,http://www.news.com.au/national/queensland/gold-coast-polices-rap-unit-turns-attention-from-bikies-to-terrorists/story-fnii5v6w-1227080145055
316888003,20131004,201310,2013,2013.7507,CRM,CROOK,,,,,,CRM,,,AUS,AUSTRALIA,AUS,,,,,,,,1,017,017,01,1,0.0,8,1,8,4.02930402930403,1,Ghana,GH,GH,8,-2,GH,1,Ghana,GH,GH,8,-2,GH,1,Ghana,GH,GH,8,-2,GH,20141004,http://www.news.com.au/national/queensland/gold-coast-polices-rap-unit-turns-attention-from-bikies-to-terrorists/story-fnii5v6w-1227080145055
316890058,20140927,201409,2014,2014.7315,EURBUS,EUROPEAN,EUR,,,,,BUS,,,IRN,IRAN,IRN,,,,,,,,1,010,010,01,1,0.0,2,1,2,2.72232304900181,3,"Washington, District of Columbia, United States",US,USDC,38.8951,-77.0364,531871,3,"Washington, District of Columbia, United States",US,USDC,38.8951,-77.0364,531871,4,"Tehran, Tehran, Iran",IR,IR26,35.75,51.5148,10074674,20141004,http://www.businessinsider.com.au/us-could-miss-out-on-irans-gold-rush-2014-10
316890059,20140927,201409,2014,2014.7315,EURBUS,EUROPEAN,EUR,,,,,BUS,,,USA,UNITED STATES,USA,,,,,,,,1,010,010,01,1,0.0,2,1,2,2.72232304900181,3,"Washington, District of Columbia, United States",US,USDC,38.8951,-77.0364,531871,4,"Tehran, Tehran, Iran",IR,IR26,35.75,51.5148,10074674,1,United Arab Emirates,AE,AE,24,54,AE,20141004,http://www.businessinsider.com.au/us-could-miss-out-on-irans-gold-rush-2014-10
316890060,20140927,201409,2014,2014.7315,EURBUS,EUROPEAN,EUR,,,,,BUS,,,USA,AMERICAN,USA,,,,,,,,1,010,010,01,1,0.0,4,1,4,2.72232304900181,3,"Washington, District of Columbia, United States",US,USDC,38.8951,-77.0364,531871,3,"Washington, District of Columbia, United States",US,USDC,38.8951,-77.0364,531871,4,"Tehran, Tehran, Iran",IR,IR26,35.75,51.5148,10074674,20141004,http://www.businessinsider.com.au/us-could-miss-out-on-irans-gold-rush-2014-10
316890216,20140927,201409,2014,2014.7315,IRN,IRAN,IRN,,,,,,,,USA,UNITED STATES,USA,,,,,,,,1,036,036,03,1,4.0,1,1,1,2.72232304900181,4,"Tehran, Tehran, Iran",IR,IR26,35.75,51.5148,10074674,3,"Washington, District of Columbia, United States",US,USDC,38.8951,-77.0364,531871,4,"Tehran, Tehran, Iran",IR,IR26,35.75,51.5148,10074674,20141004,http://www.businessinsider.com.au/us-could-miss-out-on-irans-gold-rush-2014-10
316890217,20140927,201409,2014,2014.7315,IRN,IRAN,IRN,,,,,,,,USA,UNITED STATES,USA,,,,,,,,1,036,036,03,1,4.0,3,1,3,2.72232304900181,4,"Tehran, Tehran, Iran",IR,IR26,35.75,51.5148,10074674,3,"Washington, District of Columbia, United States",US,USDC,38.8951,-77.0364,531871,3,"Washington, District of Columbia, United States",US,USDC,38.8951,-77.0364,531871,20141004,http://www.businessinsider.com.au/us-could-miss-out-on-irans-gold-rush-2014-10
316890218,20140927,201409,2014,2014.7315,IRN,IRAN,IRN,,,,,,,,USA,THE US,USA,,,,,,,,1,085,085,08,2,7.0,2,1,2,2.72232304900181,4,"Tehran, Tehran, Iran",IR,IR26,35.75,51.5148,10074674,4,"Tehran, Tehran, Iran",IR,IR26,35.75,51.5148,10074674,4,"Tehran, Tehran, Iran",IR,IR26,35.75,51.5148,10074674,20141004,http://www.businessinsider.com.au/us-could-miss-out-on-irans-gold-rush-2014-10
316890219,20140927,201409,2014,2014.7315,IRN,IRAN,IRN,,,,,,,,USAELI,WENDY SHERMAN,USA,,,,,ELI,,,1,085,085,08,2,7.0,5,1,5,2.72232304900181,4,"Tehran, Tehran, Iran",IR,IR26,35.75,51.5148,10074674,4,"Tehran, Tehran, Iran",IR,IR26,35.75,51.5148,10074674,4,"Tehran, Tehran, Iran",IR,IR26,35.75,51.5148,10074674,20141004,http://www.businessinsider.com.au/us-could-miss-out-on-irans-gold-rush-2014-10
316890220,20140927,201409,2014,2014.7315,IRN,IRAN,IRN,,,,,,,,USAGOVMEDSEA,VOICE OF AMERICA,USA,,,,,GOV,MED,,1,036,036,03,1,4.0,3,1,3,2.72232304900181,4,"Tehran, Tehran, Iran",IR,IR26,35.75,51.5148,10074674,3,"Washington, District of Columbia, United States",US,USDC,38.8951,-77.0364,531871,3,"Washington, District of Columbia, United States",US,USDC,38.8951,-77.0364,531871,20141004,http://www.businessinsider.com.au/us-could-miss-out-on-irans-gold-rush-2014-10
316890664,20140927,201409,2014,2014.7315,USA,THE US,USA,,,,,,,,USAGOVMEDSEA,VOICE OF AMERICA,USA,,,,,GOV,MED,,1,013,013,01,1,0.4,3,1,3,2.72232304900181,4,"Tehran, Tehran, Iran",IR,IR26,35.75,51.5148,10074674,3,"Washington, District of Columbia, United States",US,USDC,38.8951,-77.0364,531871,3,"Washington, District of Columbia, United States",US,USDC,38.8951,-77.0364,531871,20141004,http://www.businessinsider.com.au/us-could-miss-out-on-irans-gold-rush-2014-10
316891789,20141004,201410,2014,2014.7507,,,,,,,,,,,AFG,AFGHANISTAN,AFG,,,,,,,,1,042,042,04,1,1.9,52,4,52,2.56576935416892,0,,,,,,,1,Afghanistan,AF,AF,33,65,AF,1,Afghanistan,AF,AF,33,65,AF,20141004,http://www.armytimes.com/article/20141004/NEWS/310040032/This-military-faker-tricked-a-town-and-a-Gold-Star-family
316891790,20141004,201410,2014,2014.7507,,,,,,,,,,,AFG,AFGHANISTAN,AFG,,,,,,,,0,042,042,04,1,1.9,12,3,12,2.48803827751196,0,,,,,,,2,"Minnesota, United States",US,USMN,45.7326,-93.9196,MN,1,"Vietnam, Republic Of",VM,VM,16,106,VM,20141004,http://www.armytimes.com/article/20141004/NEWS/310040032/This-military-faker-tricked-a-town-and-a-Gold-Star-family
316892033,20141004,201410,2014,2014.7507,,,,,,,,,,,AUS,AUSTRALIA,AUS,,,,,,,,0,036,036,03,1,4.0,1,1,1,2.0253164556962,0,,,,,,,4,"Toowoomba, Queensland, Australia",AS,AS04,-27.5606,151.954,-1605321,4,"Brisbane, Queensland, Australia",AS,AS04,-27.5,153.017,-1561728,20141004,http://www.abc.net.au/news/2014-10-04/detectives-charge-three-men-over-murder-of-gold-coast-man-shaun/5790778
316892034,20141004,201410,2014,2014.7507,,,,,,,,,,,AUS,AUSTRALIA,AUS,,,,,,,,0,036,036,03,1,4.0,1,1,1,2.0253164556962,0,,,,,,,4,"Toowoomba, Queensland, Australia",AS,AS04,-27.5606,151.954,-1605321,4,"Toowoomba, Queensland, Australia",AS,AS04,-27.5606,151.954,-1605321,20141004,http://www.abc.net.au/news/2014-10-04/detectives-charge-three-men-over-murder-of-gold-coast-man-shaun/5790778
316892129,20141004,201410,2014,2014.7507,,,,,,,,,,,AUS,AUSTRALIA,AUS,,,,,,,,1,112,112,11,3,-2.0,4,1,4,1.75054704595186,0,,,,,,,4,"Brisbane, Queensland, Australia",AS,AS04,-27.5,153.017,-1561728,4,"Brisbane, Queensland, Australia",AS,AS04,-27.5,153.017,-1561728,20141004,http://www.abc.net.au/news/2014-10-04/three-men-torture-murder-charge-gold-coast-man-shaun-barker/5790778
316892132,20141004,201410,2014,2014.7507,,,,,,,,,,,AUS,AUSTRALIA,AUS,,,,,,,,1,112,112,11,3,-2.0,2,1,2,2.0253164556962,0,,,,,,,4,"Toowoomba, Queensland, Australia",AS,AS04,-27.5606,151.954,-1605321,4,"Toowoomba, Queensland, Australia",AS,AS04,-27.5606,151.954,-1605321,20141004,http://www.abc.net.au/news/2014-10-04/detectives-charge-three-men-over-murder-of-gold-coast-man-shaun/5790778
316892135,20141004,201410,2014,2014.7507,,,,,,,,,,,AUS,AUSTRALIA,AUS,,,,,,,,1,112,112,11,3,-2.0,6,1,6,1.84213684919997,0,,,,,,,1,Ghana,GH,GH,8,-2,GH,1,Ghana,GH,GH,8,-2,GH,20141004,http://www.abc.net.au/news/2014-10-04/three-men-torture-murder-charge-gold-coast-man-shaun-barker/5790778
316892145,20141004,201410,2014,2014.7507,,,,,,,,,,,AUS,AUSTRALIA,AUS,,,,,,,,0,160,160,16,4,-4.0,10,1,10,3.58974358974359,0,,,,,,,4,"Melbourne, Victoria, Australia",AS,AS07,-37.8167,144.967,-1586844,4,"Melbourne, Victoria, Australia",AS,AS07,-37.8167,144.967,-1586844,20141004,http://www.sbs.com.au/news/article/2014/10/03/golden-dawn-stops-fundraising-drive-australia-refuses-impose-blanket-ban
316892153,20141004,201410,2014,2014.7507,,,,,,,,,,,AUS,AUSTRALIA,AUS,,,,,,,,1,1822,182,18,4,-9.0,2,1,2,2.0253164556962,0,,,,,,,4,"Toowoomba, Queensland, Australia",AS,AS04,-27.5606,151.954,-1605321,4,"Toowoomba, Queensland, Australia",AS,AS04,-27.5606,151.954,-1605321,20141004,http://www.abc.net.au/news/2014-10-04/detectives-charge-three-men-over-murder-of-gold-coast-man-shaun/5790778
316892154,20141004,201410,2014,2014.7507,,,,,,,,,,,AUS,AUSTRALIA,AUS,,,,,,,,1,1822,182,18,4,-9.0,2,1,2,2.0253164556962,0,,,,,,,4,"Toowoomba, Queensland, Australia",AS,AS04,-27.5606,151.954,-1605321,1,Ghana,GH,GH,8,-2,GH,20141004,http://www.abc.net.au/news/2014-10-04/detectives-charge-three-men-over-murder-of-gold-coast-man-shaun/5790778
316892155,20141004,201410,2014,2014.7507,,,,,,,,,,,AUS,AUSTRALIA,AUS,,,,,,,,1,1822,182,18,4,-9.0,3,1,3,1.75054704595186,0,,,,,,,4,"Cooloola Cove, Queensland, Australia",AS,AS04,-25.9864,152.994,11430470,4,"Cooloola Cove, Queensland, Australia",AS,AS04,-25.9864,152.994,11430470,20141004,http://www.abc.net.au/news/2014-10-04/three-men-torture-murder-charge-gold-coast-man-shaun-barker/5790778
316892156,20141004,201410,2014,2014.7507,,,,,,,,,,,AUS,AUSTRALIA,AUS,,,,,,,,1,1822,182,18,4,-9.0,1,1,1,1.75054704595186,0,,,,,,,1,Ghana,GH,GH,8,-2,GH,4,"Cooloola Cove, Queensland, Australia",AS,AS04,-25.9864,152.994,11430470,20141004,http://www.abc.net.au/news/2014-10-04/three-men-torture-murder-charge-gold-coast-man-shaun-barker/5790778
316892164,20141004,201410,2014,2014.7507,,,,,,,,,,,AUS,AUSTRALIA,AUS,,,,,,,,1,190,190,19,4,-10.0,3,1,3,1.75054704595186,0,,,,,,,4,"Cooloola Cove, Queensland, Australia",AS,AS04,-25.9864,152.994,11430470,4,"Cooloola Cove, Queensland, Australia",AS,AS04,-25.9864,152.994,11430470,20141004,http://www.abc.net.au/news/2014-10-04/three-men-torture-murder-charge-gold-coast-man-shaun-barker/5790778
316892166,20141004,201410,2014,2014.7507,,,,,,,,,,,AUS,AUSTRALIA,AUS,,,,,,,,1,190,190,19,4,-10.0,1,1,1,1.75054704595186,0,,,,,,,1,Ghana,GH,GH,8,-2,GH,1,Ghana,GH,GH,8,-2,GH,20141004,http://www.abc.net.au/news/2014-10-04/three-men-torture-murder-charge-gold-coast-man-shaun-barker/5790778
316892183,20141004,201410,2014,2014.7507,,,,,,,,,,,AUSREL,AUSTRALIA,AUS,,,,,,,,0,043,043,04,1,2.8,2,1,2,14.1463414634146,0,,,,,,,4,"Brisbane, Queensland, Australia",AS,AS04,-27.5,153.017,-1561728,4,"Brisbane, Queensland, Australia",AS,AS04,-27.5,153.017,-1561728,20141004,http://www.abc.net.au/news/2014-10-04/golden-jubilee-brisbane-couples-gather-for-wedding-blessing/5790692
316892703,20141004,201410,2014,2014.7507,,,,,,,,,,,BUS,COMPANY,,,,,,BUS,,,0,192,192,19,4,-9.5,3,1,3,3.59147025813693,0,,,,,,,4,"Alexandria, Al Iskandariyah, Egypt",EG,EG06,31.1981,29.9192,-290263,4,"Alexandria, Al Iskandariyah, Egypt",EG,EG06,31.1981,29.9192,-290263,20141004,http://www.indystar.com/story/money/2014/10/04/tremendous-tomato-harvest-keeps-red-gold-humming/16677747/?from=global&sessionKey=&autologin=
316892705,20141004,201410,2014,2014.7507,,,,,,,,,,,BUS,COMPANY,,,,,,BUS,,,0,192,192,19,4,-9.5,2,1,2,3.59147025813693,0,,,,,,,2,"Indiana, United States",US,USIN,39.8647,-86.2604,IN,2,"Indiana, United States",US,USIN,39.8647,-86.2604,IN,20141004,http://www.indystar.com/story/money/2014/10/04/tremendous-tomato-harvest-keeps-red-gold-humming/16677747/?from=global&sessionKey=&autologin=
316892921,20141004,201410,2014,2014.7507,,,,,,,,,,,CHN,CHINA,CHN,,,,,,,,1,042,042,04,1,1.9,1,1,1,2.36686390532544,0,,,,,,,2,"Indiana, United States",US,USIN,39.8647,-86.2604,IN,2,"Indiana, United States",US,USIN,39.8647,-86.2604,IN,20141004,http://article.wn.com/view/2014/10/04/Golden_Girls_Chemistry_Displayed_at_Fest/
316892923,20141004,201410,2014,2014.7507,,,,,,,,,,,CHN,CHINA,CHN,,,,,,,,1,042,042,04,1,1.9,1,1,1,2.36686390532544,0,,,,,,,1,New Zealand,NZ,NZ,-41,174,NZ,2,"Indiana, United States",US,USIN,39.8647,-86.2604,IN,20141004,http://article.wn.com/view/2014/10/04/Golden_Girls_Chemistry_Displayed_at_Fest/
316893383,20141004,201410,2014,2014.7507,,,,,,,,,,,COP,POLICE,,,,,,COP,,,0,112,112,11,3,-2.0,2,1,2,2.26481523636087,0,,,,,,,4,"Brisbane, Queensland, Australia",AS,AS04,-27.5,153.017,-1561728,4,"Brisbane, Queensland, Australia",AS,AS04,-27.5,153.017,-1561728,20141004,http://www.dailymail.co.uk/news/article-2780389/A-vicious-horrific-murder-Police-appeal-witnesses-three-arrested-death-Gold-Coast-man-tortured-held-esky-killed-burnt.html
316893408,20141004,201410,2014,2014.7507,,,,,,,,,,,COP,POLICE,,,,,,COP,,,0,112,112,11,3,-2.0,2,1,2,2.26481523636087,0,,,,,,,1,Thailand,TH,TH,15,100,TH,1,Ghana,GH,GH,8,-2,GH,20141004,http://www.dailymail.co.uk/news/article-2780389/A-vicious-horrific-murder-Police-appeal-witnesses-three-arrested-death-Gold-Coast-man-tortured-held-esky-killed-burnt.html
316893491,20141004,201410,2014,2014.7507,,,,,,,,,,,COP,POLICE,,,,,,COP,,,0,1822,182,18,4,-9.0,2,1,2,2.26481523636087,0,,,,,,,4,"Brisbane, Queensland, Australia",AS,AS04,-27.5,153.017,-1561728,1,Thailand,TH,TH,15,100,TH,20141004,http://www.dailymail.co.uk/news/article-2780389/A-vicious-horrific-murder-Police-appeal-witnesses-three-arrested-death-Gold-Coast-man-tortured-held-esky-killed-burnt.html
316893492,20141004,201410,2014,2014.7507,,,,,,,,,,,COP,POLICE,,,,,,COP,,,0,1822,182,18,4,-9.0,2,1,2,2.26481523636087,0,,,,,,,1,Thailand,TH,TH,15,100,TH,1,Ghana,GH,GH,8,-2,GH,20141004,http://www.dailymail.co.uk/news/article-2780389/A-vicious-horrific-murder-Police-appeal-witnesses-three-arrested-death-Gold-Coast-man-tortured-held-esky-killed-burnt.html
316893493,20141004,201410,2014,2014.7507,,,,,,,,,,,COP,POLICE,,,,,,COP,,,0,1822,182,18,4,-9.0,6,1,6,2.26481523636087,0,,,,,,,1,Thailand,TH,TH,15,100,TH,1,Thailand,TH,TH,15,100,TH,20141004,http://www.dailymail.co.uk/news/article-2780389/A-vicious-horrific-murder-Police-appeal-witnesses-three-arrested-death-Gold-Coast-man-tortured-held-esky-killed-burnt.html
316893498,20141004,201410,2014,2014.7507,,,,,,,,,,,COP,POLICE,,,,,,COP,,,0,190,190,19,4,-10.0,2,1,2,2.26481523636087,0,,,,,,,4,"Brisbane, Queensland, Australia",AS,AS04,-27.5,153.017,-1561728,1,Thailand,TH,TH,15,100,TH,20141004,http://www.dailymail.co.uk/news/article-2780389/A-vicious-horrific-murder-Police-appeal-witnesses-three-arrested-death-Gold-Coast-man-tortured-held-esky-killed-burnt.html
316893535,20141004,201410,2014,2014.7507,,,,,,,,,,,COP,POLICE,,,,,,COP,,,0,190,190,19,4,-10.0,2,1,2,2.26481523636087,0,,,,,,,1,Thailand,TH,TH,15,100,TH,1,Ghana,GH,GH,8,-2,GH,20141004,http://www.dailymail.co.uk/news/article-2780389/A-vicious-horrific-murder-Police-appeal-witnesses-three-arrested-death-Gold-Coast-man-tortured-held-esky-killed-burnt.html
316893536,20141004,201410,2014,2014.7507,,,,,,,,,,,COP,POLICE,,,,,,COP,,,0,190,190,19,4,-10.0,6,1,6,2.26481523636087,0,,,,,,,1,Thailand,TH,TH,15,100,TH,1,Thailand,TH,TH,15,100,TH,20141004,http://www.dailymail.co.uk/news/article-2780389/A-vicious-horrific-murder-Police-appeal-witnesses-three-arrested-death-Gold-Coast-man-tortured-held-esky-killed-burnt.html
316895270,20141004,201410,2014,2014.7507,,,,,,,,,,,GOV,MINIST,,,,,,GOV,,,0,020,020,02,1,3.0,5,1,5,3.58974358974359,0,,,,,,,4,"Melbourne, Victoria, Australia",AS,AS07,-37.8167,144.967,-1586844,4,"Melbourne, Victoria, Australia",AS,AS07,-37.8167,144.967,-1586844,20141004,http://www.sbs.com.au/news/article/2014/10/03/golden-dawn-stops-fundraising-drive-australia-refuses-impose-blanket-ban
316895318,20141004,201410,2014,2014.7507,,,,,,,,,,,GOV,MINIST,,,,,,GOV,,,0,020,020,02,1,3.0,5,1,5,3.58974358974359,0,,,,,,,1,Greece,GR,GR,39,22,GR,1,Greece,GR,GR,39,22,GR,20141004,http://www.sbs.com.au/news/article/2014/10/03/golden-dawn-stops-fundraising-drive-australia-refuses-impose-blanket-ban
316895387,20141004,201410,2014,2014.7507,,,,,,,,,,,GOV,MINIST,,,,,,GOV,,,0,036,036,03,1,4.0,8,1,8,3.58974358974359,0,,,,,,,1,Greece,GR,GR,39,22,GR,1,Greece,GR,GR,39,22,GR,20141004,http://www.sbs.com.au/news/article/2014/10/03/golden-dawn-stops-fundraising-drive-australia-refuses-impose-blanket-ban
316895762,20141004,201410,2014,2014.7507,,,,,,,,,,,GOV,GOVERNMENT,,,,,,GOV,,,1,061,061,06,2,6.4,10,1,10,8.88324873096447,0,,,,,,,1,India,IN,IN,20,77,IN,1,India,IN,IN,20,77,IN,20141004,http://www.newindianexpress.com/editorials/Time-for-Govt-to-Relook-at-Gold-Import-Curbs/2014/10/04/article2460371.ece
316896336,20141004,201410,2014,2014.7507,,,,,,,,,,,HND,HONDURAS,HND,,,,,,,,1,031,031,03,1,5.2,10,1,10,3.89408099688473,0,,,,,,,4,"Kraaipan, North-West, South Africa",SF,SF10,-26.2833,25.3,-1247921,4,"Kraaipan, North-West, South Africa",SF,SF10,-26.2833,25.3,-1247921,20141004,http://www.techsonian.com/stocks-under-review-yingli-green-energy-hold-co-ltd-adr-nyseyge-liquefied-natural-gs-otcmktslnglf-harmony-gold-mining-co-adr-nysehmy-lukoil-adr-otcmktslukoy/12303146/
316896738,20141004,201410,2014,2014.7507,,,,,,,,,,,IRQ,IRAQ,IRQ,,,,,,,,1,042,042,04,1,1.9,11,3,11,2.89092895547957,0,,,,,,,1,Iraq,IZ,IZ,33,44,IZ,1,Iraq,IZ,IZ,33,44,IZ,20141004,http://www.armytimes.com/article/20140926/NEWS/309260036/Tim-Kennedy-nears-shot-UFC-gold
316896740,20141004,201410,2014,2014.7507,,,,,,,,,,,IRQ,IRAQ,IRQ,,,,,,,,0,042,042,04,1,1.9,3,1,3,3.42075256556442,0,,,,,,,2,"Texas, United States",US,USTX,31.106,-97.6475,TX,2,"Texas, United States",US,USTX,31.106,-97.6475,TX,20141004,http://www.armytimes.com/article/20140926/NEWS/309260036/Tim-Kennedy-nears-shot-UFC-gold
316897034,20141004,201410,2014,2014.7507,,,,,,,,,,,JUD,MAGISTRATE,,,,,,JUD,,,0,036,036,03,1,4.0,12,5,12,2.04689414735588,0,,,,,,,4,"Toowoomba, Queensland, Australia",AS,AS04,-27.5606,151.954,-1605321,1,Ghana,GH,GH,8,-2,GH,20141004,http://www.dailymail.co.uk/news/article-2780389/A-vicious-horrific-murder-Police-appeal-witnesses-three-arrested-death-Gold-Coast-man-tortured-held-esky-killed-burnt.html
316898217,20141004,201410,2014,2014.7507,,,,,,,,,,,MNCGBR,RIO TINTO,GBR,,,,,MNC,,,1,192,192,19,4,-9.5,6,1,6,2.52004581901489,0,,,,,,,1,Chile,CI,CI,-30,-71,CI,1,Chile,CI,CI,-30,-71,CI,20141004,http://seekingalpha.com/article/2540185-barrick-gold-is-still-paying-for-its-sins
316899352,20141004,201410,2014,2014.7507,,,,,,,,,,,REL,ARCHBISHOP,,,,,,,,,0,043,043,04,1,2.8,6,1,6,14.1463414634146,0,,,,,,,4,"Brisbane, Queensland, Australia",AS,AS04,-27.5,153.017,-1561728,4,"Brisbane, Queensland, Australia",AS,AS04,-27.5,153.017,-1561728,20141004,http://www.abc.net.au/news/2014-10-04/golden-jubilee-brisbane-couples-gather-for-wedding-blessing/5790692
316900223,20141004,201410,2014,2014.7507,,,,,,,,,,,USA,UNITED STATES,USA,,,,,,,,1,020,020,02,1,3.0,10,3,10,2.91322807780003,0,,,,,,,2,"Indiana, United States",US,USIN,39.8647,-86.2604,IN,2,"Indiana, United States",US,USIN,39.8647,-86.2604,IN,20141004,http://www.indystar.com/story/money/2014/10/04/tremendous-tomato-harvest-keeps-red-gold-humming/16677747/?from=global&sessionKey=&autologin=
316901304,20141004,201410,2014,2014.7507,,,,,,,,,,,USA,LAS VEGAS,USA,,,,,,,,0,043,043,04,1,2.8,5,1,5,3.42075256556442,0,,,,,,,1,Iraq,IZ,IZ,33,44,IZ,1,Iraq,IZ,IZ,33,44,IZ,20141004,http://www.armytimes.com/article/20140926/NEWS/309260036/Tim-Kennedy-nears-shot-UFC-gold
316901324,20141004,201410,2014,2014.7507,,,,,,,,,,,USA,UNITED STATES,USA,,,,,,,,0,043,043,04,1,2.8,12,3,12,2.48803827751196,0,,,,,,,2,"Minnesota, United States",US,USMN,45.7326,-93.9196,MN,3,"Washington, District of Columbia, United States",US,USDC,38.8951,-77.0364,531871,20141004,http://www.armytimes.com/article/20141004/NEWS/310040032/This-military-faker-tricked-a-town-and-a-Gold-Star-family
316901326,20141004,201410,2014,2014.7507,,,,,,,,,,,USA,MINNESOTA,USA,,,,,,,,1,043,043,04,1,2.8,116,11,104,2.63585292847535,0,,,,,,,2,"Minnesota, United States",US,USMN,45.7326,-93.9196,MN,2,"Minnesota, United States",US,USMN,45.7326,-93.9196,MN,20141004,http://www.armytimes.com/article/20141004/NEWS/310040032/This-military-faker-tricked-a-town-and-a-Gold-Star-family
316901500,20141004,201410,2014,2014.7507,,,,,,,,,,,USA,UNITED STATES,USA,,,,,,,,1,050,050,05,1,3.5,8,2,8,2.11415553516724,0,,,,,,,2,"New York, United States",US,USNY,42.1497,-74.9384,NY,2,"New York, United States",US,USNY,42.1497,-74.9384,NY,20141004,http://www.alternet.org/corporate-accountability-and-workplace/7-revelations-those-secret-goldman-sachs-tapes
316902960,20141004,201410,2014,2014.7507,AFG,AFGHANISTAN,AFG,,,,,,,,,,,,,,,,,,1,043,043,04,1,2.8,53,4,53,2.58336884322333,1,Afghanistan,AF,AF,33,65,AF,0,,,,,,,1,Afghanistan,AF,AF,33,65,AF,20141004,http://www.armytimes.com/article/20141004/NEWS/310040032/This-military-faker-tricked-a-town-and-a-Gold-Star-family
316902961,20141004,201410,2014,2014.7507,AFG,AFGHANISTAN,AFG,,,,,,,,,,,,,,,,,,0,043,043,04,1,2.8,12,3,12,2.48803827751196,2,"Minnesota, United States",US,USMN,45.7326,-93.9196,MN,0,,,,,,,1,"Vietnam, Republic Of",VM,VM,16,106,VM,20141004,http://www.armytimes.com/article/20141004/NEWS/310040032/This-military-faker-tricked-a-town-and-a-Gold-Star-family
316904922,20141004,201410,2014,2014.7507,AUS,BRISBANE,AUS,,,,,,,,,,,,,,,,,,1,017,017,01,1,0.0,4,1,2,14.1463414634146,4,"Brisbane, Queensland, Australia",AS,AS04,-27.5,153.017,-1561728,0,,,,,,,4,"Brisbane, Queensland, Australia",AS,AS04,-27.5,153.017,-1561728,20141004,http://www.abc.net.au/news/2014-10-04/golden-jubilee-brisbane-couples-gather-for-wedding-blessing/5790692
316904955,20141004,201410,2014,2014.7507,AUS,AUSTRALIA,AUS,,,,,,,,,,,,,,,,,,0,036,036,03,1,4.0,1,1,1,2.0253164556962,4,"Toowoomba, Queensland, Australia",AS,AS04,-27.5606,151.954,-1605321,0,,,,,,,4,"Brisbane, Queensland, Australia",AS,AS04,-27.5,153.017,-1561728,20141004,http://www.abc.net.au/news/2014-10-04/detectives-charge-three-men-over-murder-of-gold-coast-man-shaun/5790778
316904956,20141004,201410,2014,2014.7507,AUS,AUSTRALIA,AUS,,,,,,,,,,,,,,,,,,0,036,036,03,1,4.0,1,1,1,2.0253164556962,4,"Toowoomba, Queensland, Australia",AS,AS04,-27.5606,151.954,-1605321,0,,,,,,,4,"Toowoomba, Queensland, Australia",AS,AS04,-27.5606,151.954,-1605321,20141004,http://www.abc.net.au/news/2014-10-04/detectives-charge-three-men-over-murder-of-gold-coast-man-shaun/5790778
316905059,20141004,201410,2014,2014.7507,AUS,AUSTRALIAN,AUS,,,,,,,,,,,,,,,,,,1,070,070,07,2,7.0,12,2,12,5.38513469011394,4,"Melbourne, Victoria, Australia",AS,AS07,-37.8167,144.967,-1586844,0,,,,,,,4,"Melbourne, Victoria, Australia",AS,AS07,-37.8167,144.967,-1586844,20141004,http://au.greekreporter.com/2014/10/04/golden-dawn-stops-fundraising-activity-in-australia/
316905122,20141004,201410,2014,2014.7507,AUS,AUSTRALIA,AUS,,,,,,,,,,,,,,,,,,1,112,112,11,3,-2.0,3,1,3,3.58974358974359,4,"Melbourne, Victoria, Australia",AS,AS07,-37.8167,144.967,-1586844,0,,,,,,,4,"Melbourne, Victoria, Australia",AS,AS07,-37.8167,144.967,-1586844,20141004,http://www.sbs.com.au/news/article/2014/10/03/golden-dawn-stops-fundraising-drive-australia-refuses-impose-blanket-ban
316905123,20141004,201410,2014,2014.7507,AUS,AUSTRALIA,AUS,,,,,,,,,,,,,,,,,,1,112,112,11,3,-2.0,1,1,1,3.58974358974359,4,"Melbourne, Victoria, Australia",AS,AS07,-37.8167,144.967,-1586844,0,,,,,,,1,Northern Mariana Islands,CQ,CQ,19.4355,144.888,CQ,20141004,http://www.sbs.com.au/news/article/2014/10/03/golden-dawn-stops-fundraising-drive-australia-refuses-impose-blanket-ban
316905166,20141004,201410,2014,2014.7507,AUS,PERTH,AUS,,,,,,,,,,,,,,,,,,1,172,172,17,4,-5.0,8,1,8,4.12654745529574,1,United States,US,US,38,-97,US,0,,,,,,,1,United States,US,US,38,-97,US,20141004,http://news.goldseek.com/GoldSeek/1412532375.php/RK=0
316905168,20141004,201410,2014,2014.7507,AUS,BRISBANE,AUS,,,,,,,,,,,,,,,,,,1,173,173,17,4,-5.0,10,1,10,1.54525386313466,4,"Brisbane, Queensland, Australia",AS,AS04,-27.5,153.017,-1561728,0,,,,,,,1,Thailand,TH,TH,15,100,TH,20141004,http://www.news.com.au/national/queensland/three-arrested-over-gold-coast-murder-of-shaun-barker/story-fnii5v6w-1227079864257
316905179,20141004,201410,2014,2014.7507,AUS,QUEENSLAND,AUS,,,,,,,,,,,,,,,,,,0,1822,182,18,4,-9.0,4,1,4,2.26481523636087,4,"Sunshine Coast, Queensland, Australia",AS,AS04,-26.5,153,-1602923,0,,,,,,,4,"Sunshine Coast, Queensland, Australia",AS,AS04,-26.5,153,-1602923,20141004,http://www.dailymail.co.uk/news/article-2780389/A-vicious-horrific-murder-Police-appeal-witnesses-three-arrested-death-Gold-Coast-man-tortured-held-esky-killed-burnt.html
316905180,20141004,201410,2014,2014.7507,AUS,AUSTRALIA,AUS,,,,,,,,,,,,,,,,,,0,1822,182,18,4,-9.0,16,1,16,2.26481523636087,4,"Cooloola Cove, Queensland, Australia",AS,AS04,-25.9864,152.994,11430470,0,,,,,,,4,"Sunshine Coast, Queensland, Australia",AS,AS04,-26.5,153,-1602923,20141004,http://www.dailymail.co.uk/news/article-2780389/A-vicious-horrific-murder-Police-appeal-witnesses-three-arrested-death-Gold-Coast-man-tortured-held-esky-killed-burnt.html
316905258,20141004,201410,2014,2014.7507,AUS,BRISBANE,AUS,,,,,,,,AUSJUD,AUSTRALIA,AUS,,,,,JUD,,,0,036,036,03,1,4.0,1,1,1,1.75054704595186,4,"Brisbane, Queensland, Australia",AS,AS04,-27.5,153.017,-1561728,4,"Toowoomba, Queensland, Australia",AS,AS04,-27.5606,151.954,-1605321,4,"Brisbane, Queensland, Australia",AS,AS04,-27.5,153.017,-1561728,20141004,http://www.abc.net.au/news/2014-10-04/three-men-torture-murder-charge-gold-coast-man-shaun-barker/5790778
316905259,20141004,201410,2014,2014.7507,AUS,BRISBANE,AUS,,,,,,,,AUSJUD,AUSTRALIA,AUS,,,,,JUD,,,0,036,036,03,1,4.0,1,1,1,1.75054704595186,4,"Toowoomba, Queensland, Australia",AS,AS04,-27.5606,151.954,-1605321,4,"Brisbane, Queensland, Australia",AS,AS04,-27.5,153.017,-1561728,1,Ghana,GH,GH,8,-2,GH,20141004,http://www.abc.net.au/news/2014-10-04/three-men-torture-murder-charge-gold-coast-man-shaun-barker/5790778
316905261,20141004,201410,2014,2014.7507,AUS,BRISBANE,AUS,,,,,,,,AUSMED,AUSTRALIAN,AUS,,,,,MED,,,1,017,017,01,1,0.0,8,1,8,14.1463414634146,4,"Brisbane, Queensland, Australia",AS,AS04,-27.5,153.017,-1561728,4,"Brisbane, Queensland, Australia",AS,AS04,-27.5,153.017,-1561728,4,"Brisbane, Queensland, Australia",AS,AS04,-27.5,153.017,-1561728,20141004,http://www.abc.net.au/news/2014-10-04/golden-jubilee-brisbane-couples-gather-for-wedding-blessing/5790692
316905263,20141004,201410,2014,2014.7507,AUS,BRISBANE,AUS,,,,,,,,AUSMED,AUSTRALIAN,AUS,,,,,MED,,,1,051,051,05,1,3.4,8,1,8,14.1463414634146,4,"Brisbane, Queensland, Australia",AS,AS04,-27.5,153.017,-1561728,4,"Brisbane, Queensland, Australia",AS,AS04,-27.5,153.017,-1561728,4,"Brisbane, Queensland, Australia",AS,AS04,-27.5,153.017,-1561728,20141004,http://www.abc.net.au/news/2014-10-04/golden-jubilee-brisbane-couples-gather-for-wedding-blessing/5790692
316905318,20141004,201410,2014,2014.7507,AUS,AUSTRALIA,AUS,,,,,,,,CHN,CHINA,CHN,,,,,,,,1,040,040,04,1,1.0,2,1,2,3.64077669902913,1,United Arab Emirates,AE,AE,24,54,AE,1,United Arab Emirates,AE,AE,24,54,AE,1,United Arab Emirates,AE,AE,24,54,AE,20141004,http://www.goldcoastbulletin.com.au/kiwi-buyers-bought-more-than-26-million-worth-of-land-on-the-coast/story-fnj90t7b-1227079023004
316905331,20141004,201410,2014,2014.7507,AUS,AUSTRALIA,AUS,,,,,,,,CHNBUS,CHINA,CHN,,,,,BUS,,,1,040,040,04,1,1.0,4,1,4,3.64077669902913,1,United Arab Emirates,AE,AE,24,54,AE,1,United Arab Emirates,AE,AE,24,54,AE,1,United Arab Emirates,AE,AE,24,54,AE,20141004,http://www.goldcoastbulletin.com.au/kiwi-buyers-bought-more-than-26-million-worth-of-land-on-the-coast/story-fnj90t7b-1227079023004
316905333,20141004,201410,2014,2014.7507,AUS,BRISBANE,AUS,,,,,,,,CHRCTH,CATHOLIC,,,,CHR,CTH,,,,1,017,017,01,1,0.0,8,1,8,14.1463414634146,4,"Brisbane, Queensland, Australia",AS,AS04,-27.5,153.017,-1561728,4,"Brisbane, Queensland, Australia",AS,AS04,-27.5,153.017,-1561728,4,"Brisbane, Queensland, Australia",AS,AS04,-27.5,153.017,-1561728,20141004,http://www.abc.net.au/news/2014-10-04/golden-jubilee-brisbane-couples-gather-for-wedding-blessing/5790692
316905334,20141004,201410,2014,2014.7507,AUS,BRISBANE,AUS,,,,,,,,CHRCTH,CATHOLIC,,,,CHR,CTH,,,,1,051,051,05,1,3.4,8,1,8,14.1463414634146,4,"Brisbane, Queensland, Australia",AS,AS04,-27.5,153.017,-1561728,4,"Brisbane, Queensland, Australia",AS,AS04,-27.5,153.017,-1561728,4,"Brisbane, Queensland, Australia",AS,AS04,-27.5,153.017,-1561728,20141004,http://www.abc.net.au/news/2014-10-04/golden-jubilee-brisbane-couples-gather-for-wedding-blessing/5790692
316905372,20141004,201410,2014,2014.7507,AUS,MELBOURNE,AUS,,,,,,,,CVL,COMMUNITY,,,,,,CVL,,,1,060,060,06,2,6.0,8,1,8,6.22406639004149,4,"Melbourne, Victoria, Australia",AS,AS07,-37.8167,144.967,-1586844,4,"Melbourne, Victoria, Australia",AS,AS07,-37.8167,144.967,-1586844,1,Greece,GR,GR,39,22,GR,20141004,http://au.greekreporter.com/2014/10/04/golden-dawn-stops-fundraising-activity-in-australia/
316905373,20141004,201410,2014,2014.7507,AUS,MELBOURNE,AUS,,,,,,,,CVL,COMMUNITY,,,,,,CVL,,,1,060,060,06,2,6.0,2,1,2,6.22406639004149,1,Greece,GR,GR,39,22,GR,1,Greece,GR,GR,39,22,GR,4,"Melbourne, Victoria, Australia",AS,AS07,-37.8167,144.967,-1586844,20141004,http://au.greekreporter.com/2014/10/04/golden-dawn-stops-fundraising-activity-in-australia/
316905437,20141004,201410,2014,2014.7507,AUS,BRISBANE,AUS,,,,,,,,GHA,GHANA,GHA,,,,,,,,0,036,036,03,1,4.0,2,1,2,1.88793175082403,4,"Brisbane, Queensland, Australia",AS,AS04,-27.5,153.017,-1561728,1,Ghana,GH,GH,8,-2,GH,4,"Brisbane, Queensland, Australia",AS,AS04,-27.5,153.017,-1561728,20141004,http://www.abc.net.au/news/2014-10-04/three-men-torture-murder-charge-gold-coast-man-shaun-barker/5790778
316905438,20141004,201410,2014,2014.7507,AUS,BRISBANE,AUS,,,,,,,,GHA,GHANA,GHA,,,,,,,,0,036,036,03,1,4.0,1,1,1,1.75054704595186,4,"Toowoomba, Queensland, Australia",AS,AS04,-27.5606,151.954,-1605321,4,"Brisbane, Queensland, Australia",AS,AS04,-27.5,153.017,-1561728,1,Ghana,GH,GH,8,-2,GH,20141004,http://www.abc.net.au/news/2014-10-04/three-men-torture-murder-charge-gold-coast-man-shaun-barker/5790778
316905439,20141004,201410,2014,2014.7507,AUS,BRISBANE,AUS,,,,,,,,GHA,GHANA,GHA,,,,,,,,0,036,036,03,1,4.0,1,1,1,2.0253164556962,4,"Toowoomba, Queensland, Australia",AS,AS04,-27.5606,151.954,-1605321,1,Ghana,GH,GH,8,-2,GH,4,"Toowoomba, Queensland, Australia",AS,AS04,-27.5606,151.954,-1605321,20141004,http://www.abc.net.au/news/2014-10-04/detectives-charge-three-men-over-murder-of-gold-coast-man-shaun/5790778
316905444,20141004,201410,2014,2014.7507,AUS,AUSTRALIA,AUS,,,,,,,,GHA,GHANA,GHA,,,,,,,,0,190,190,19,4,-10.0,4,1,4,2.26481523636087,4,"Sunshine Coast, Queensland, Australia",AS,AS04,-26.5,153,-1602923,1,Ghana,GH,GH,8,-2,GH,1,Ghana,GH,GH,8,-2,GH,20141004,http://www.dailymail.co.uk/news/article-2780389/A-vicious-horrific-murder-Police-appeal-witnesses-three-arrested-death-Gold-Coast-man-tortured-held-esky-killed-burnt.html
316905508,20141004,201410,2014,2014.7507,AUS,MELBOURNE,AUS,,,,,,,,GRC,ELLADA,GRC,,,,,,,,1,020,020,02,1,3.0,11,2,11,5.02664693536063,4,"Melbourne, Victoria, Australia",AS,AS07,-37.8167,144.967,-1586844,4,"Melbourne, Victoria, Australia",AS,AS07,-37.8167,144.967,-1586844,4,"Melbourne, Victoria, Australia",AS,AS07,-37.8167,144.967,-1586844,20141004,http://au.greekreporter.com/2014/10/04/golden-dawn-stops-fundraising-activity-in-australia/
316905509,20141004,201410,2014,2014.7507,AUS,MELBOURNE,AUS,,,,,,,,GRC,ELLADA,GRC,,,,,,,,1,020,020,02,1,3.0,2,1,2,6.22406639004149,4,"Melbourne, Victoria, Australia",AS,AS07,-37.8167,144.967,-1586844,1,Greece,GR,GR,39,22,GR,4,"Melbourne, Victoria, Australia",AS,AS07,-37.8167,144.967,-1586844,20141004,http://au.greekreporter.com/2014/10/04/golden-dawn-stops-fundraising-activity-in-australia/
316905786,20141004,201410,2014,2014.7507,AUS,AUSTRALIA,AUS,,,,,,,,REL,ARCHBISHOP,,,,,,,,,0,043,043,04,1,2.8,2,1,2,14.1463414634146,4,"Brisbane, Queensland, Australia",AS,AS04,-27.5,153.017,-1561728,4,"Brisbane, Queensland, Australia",AS,AS04,-27.5,153.017,-1561728,4,"Brisbane, Queensland, Australia",AS,AS04,-27.5,153.017,-1561728,20141004,http://www.abc.net.au/news/2014-10-04/golden-jubilee-brisbane-couples-gather-for-wedding-blessing/5790692
316905824,20141004,201410,2014,2014.7507,AUS,BRISBANE,AUS,,,,,,,,THA,THAILAND,THA,,,,,,,,1,042,042,04,1,1.9,1,1,1,1.54525386313466,4,"Brisbane, Queensland, Australia",AS,AS04,-27.5,153.017,-1561728,4,"Brisbane, Queensland, Australia",AS,AS04,-27.5,153.017,-1561728,4,"Brisbane, Queensland, Australia",AS,AS04,-27.5,153.017,-1561728,20141004,http://www.news.com.au/national/queensland/three-arrested-over-gold-coast-murder-of-shaun-barker/story-fnii5v6w-1227079864257
316905825,20141004,201410,2014,2014.7507,AUS,AUSTRALIA,AUS,,,,,,,,THA,THAILAND,THA,,,,,,,,1,042,042,04,1,1.9,5,1,5,1.54525386313466,4,"Brisbane, Queensland, Australia",AS,AS04,-27.5,153.017,-1561728,1,Thailand,TH,TH,15,100,TH,1,Thailand,TH,TH,15,100,TH,20141004,http://www.news.com.au/national/queensland/three-arrested-over-gold-coast-murder-of-shaun-barker/story-fnii5v6w-1227079864257
316905830,20141004,201410,2014,2014.7507,AUS,BRISBANE,AUS,,,,,,,,THA,THAILAND,THA,,,,,,,,1,042,042,04,1,1.9,2,1,2,1.54525386313466,4,"Toowoomba, Queensland, Australia",AS,AS04,-27.5606,151.954,-1605321,4,"Toowoomba, Queensland, Australia",AS,AS04,-27.5606,151.954,-1605321,4,"Toowoomba, Queensland, Australia",AS,AS04,-27.5606,151.954,-1605321,20141004,http://www.news.com.au/national/queensland/three-arrested-over-gold-coast-murder-of-shaun-barker/story-fnii5v6w-1227079864257
316905833,20141004,201410,2014,2014.7507,AUS,BRISBANE,AUS,,,,,,,,THA,THAILAND,THA,,,,,,,,1,042,042,04,1,1.9,2,1,2,1.54525386313466,1,Ghana,GH,GH,8,-2,GH,1,Ghana,GH,GH,8,-2,GH,1,Ghana,GH,GH,8,-2,GH,20141004,http://www.news.com.au/national/queensland/three-arrested-over-gold-coast-murder-of-shaun-barker/story-fnii5v6w-1227079864257
316906040,20141004,201410,2014,2014.7507,AUSJUD,AUSTRALIA,AUS,,,,,JUD,,,AUS,BRISBANE,AUS,,,,,,,,0,036,036,03,1,4.0,1,1,1,1.75054704595186,4,"Brisbane, Queensland, Australia",AS,AS04,-27.5,153.017,-1561728,4,"Toowoomba, Queensland, Australia",AS,AS04,-27.5606,151.954,-1605321,1,Ghana,GH,GH,8,-2,GH,20141004,http://www.abc.net.au/news/2014-10-04/three-men-torture-murder-charge-gold-coast-man-shaun-barker/5790778
316906041,20141004,201410,2014,2014.7507,AUSJUD,AUSTRALIA,AUS,,,,,JUD,,,AUS,BRISBANE,AUS,,,,,,,,0,036,036,03,1,4.0,1,1,1,1.75054704595186,4,"Toowoomba, Queensland, Australia",AS,AS04,-27.5606,151.954,-1605321,4,"Brisbane, Queensland, Australia",AS,AS04,-27.5,153.017,-1561728,4,"Brisbane, Queensland, Australia",AS,AS04,-27.5,153.017,-1561728,20141004,http://www.abc.net.au/news/2014-10-04/three-men-torture-murder-charge-gold-coast-man-shaun-barker/5790778
316906042,20141004,201410,2014,2014.7507,AUSJUD,AUSTRALIA,AUS,,,,,JUD,,,GHA,GHANA,GHA,,,,,,,,0,036,036,03,1,4.0,1,1,1,1.75054704595186,4,"Brisbane, Queensland, Australia",AS,AS04,-27.5,153.017,-1561728,4,"Brisbane, Queensland, Australia",AS,AS04,-27.5,153.017,-1561728,4,"Brisbane, Queensland, Australia",AS,AS04,-27.5,153.017,-1561728,20141004,http://www.abc.net.au/news/2014-10-04/three-men-torture-murder-charge-gold-coast-man-shaun-barker/5790778
316906044,20141004,201410,2014,2014.7507,AUSJUD,AUSTRALIA,AUS,,,,,JUD,,,GHA,GHANA,GHA,,,,,,,,0,036,036,03,1,4.0,7,5,7,2.0045588471553,4,"Toowoomba, Queensland, Australia",AS,AS04,-27.5606,151.954,-1605321,1,Ghana,GH,GH,8,-2,GH,4,"Toowoomba, Queensland, Australia",AS,AS04,-27.5606,151.954,-1605321,20141004,http://www.dailymail.co.uk/news/article-2780389/A-vicious-horrific-murder-Police-appeal-witnesses-three-arrested-death-Gold-Coast-man-tortured-held-esky-killed-burnt.html
316906045,20141004,201410,2014,2014.7507,AUSJUD,AUSTRALIA,AUS,,,,,JUD,,,GHA,GHANA,GHA,,,,,,,,0,036,036,03,1,4.0,26,5,26,2.02409821647865,4,"Toowoomba, Queensland, Australia",AS,AS04,-27.5606,151.954,-1605321,1,Ghana,GH,GH,8,-2,GH,1,Ghana,GH,GH,8,-2,GH,20141004,http://www.dailymail.co.uk/news/article-2780389/A-vicious-horrific-murder-Police-appeal-witnesses-three-arrested-death-Gold-Coast-man-tortured-held-esky-killed-burnt.html
316906046,20141004,201410,2014,2014.7507,AUSJUD,AUSTRALIA,AUS,,,,,JUD,,,GHA,GHANA,GHA,,,,,,,,0,036,036,03,1,4.0,2,1,2,1.75054704595186,4,"Toowoomba, Queensland, Australia",AS,AS04,-27.5606,151.954,-1605321,1,Thailand,TH,TH,15,100,TH,1,Ghana,GH,GH,8,-2,GH,20141004,http://www.abc.net.au/news/2014-10-04/three-men-torture-murder-charge-gold-coast-man-shaun-barker/5790778
316906047,20141004,201410,2014,2014.7507,AUSJUD,AUSTRALIA,AUS,,,,,JUD,,,GHA,GHANA,GHA,,,,,,,,0,036,036,03,1,4.0,2,1,2,2.26481523636087,1,Ghana,GH,GH,8,-2,GH,4,"Sunshine Coast, Queensland, Australia",AS,AS04,-26.5,153,-1602923,1,Ghana,GH,GH,8,-2,GH,20141004,http://www.dailymail.co.uk/news/article-2780389/A-vicious-horrific-murder-Police-appeal-witnesses-three-arrested-death-Gold-Coast-man-tortured-held-esky-killed-burnt.html
316906048,20141004,201410,2014,2014.7507,AUSJUD,AUSTRALIA,AUS,,,,,JUD,,,GHA,GHANA,GHA,,,,,,,,0,036,036,03,1,4.0,1,1,1,2.0253164556962,1,Ghana,GH,GH,8,-2,GH,1,Ghana,GH,GH,8,-2,GH,1,Ghana,GH,GH,8,-2,GH,20141004,http://www.abc.net.au/news/2014-10-04/detectives-charge-three-men-over-murder-of-gold-coast-man-shaun/5790778
316906049,20141004,201410,2014,2014.7507,AUSJUD,BRISBANE,AUS,,,,,JUD,,,JUD,MAGISTRATE,,,,,,JUD,,,0,036,036,03,1,4.0,2,1,2,2.0253164556962,4,"Brisbane, Queensland, Australia",AS,AS04,-27.5,153.017,-1561728,4,"Toowoomba, Queensland, Australia",AS,AS04,-27.5606,151.954,-1605321,4,"Brisbane, Queensland, Australia",AS,AS04,-27.5,153.017,-1561728,20141004,http://www.abc.net.au/news/2014-10-04/detectives-charge-three-men-over-murder-of-gold-coast-man-shaun/5790778
316906050,20141004,201410,2014,2014.7507,AUSJUD,BRISBANE,AUS,,,,,JUD,,,JUD,MAGISTRATE,,,,,,JUD,,,0,036,036,03,1,4.0,2,1,2,1.75054704595186,4,"Brisbane, Queensland, Australia",AS,AS04,-27.5,153.017,-1561728,4,"Toowoomba, Queensland, Australia",AS,AS04,-27.5606,151.954,-1605321,1,Ghana,GH,GH,8,-2,GH,20141004,http://www.abc.net.au/news/2014-10-04/three-men-torture-murder-charge-gold-coast-man-shaun-barker/5790778
316906100,20141004,201410,2014,2014.7507,AUSREL,AUSTRALIA,AUS,,,,,,,,,,,,,,,,,,0,042,042,04,1,1.9,2,1,2,14.1463414634146,4,"Brisbane, Queensland, Australia",AS,AS04,-27.5,153.017,-1561728,0,,,,,,,4,"Brisbane, Queensland, Australia",AS,AS04,-27.5,153.017,-1561728,20141004,http://www.abc.net.au/news/2014-10-04/golden-jubilee-brisbane-couples-gather-for-wedding-blessing/5790692
316906101,20141004,201410,2014,2014.7507,AUSREL,AUSTRALIA,AUS,,,,,,,,,,,,,,,,,,0,051,051,05,1,3.4,2,1,2,14.1463414634146,4,"Brisbane, Queensland, Australia",AS,AS04,-27.5,153.017,-1561728,0,,,,,,,4,"Brisbane, Queensland, Australia",AS,AS04,-27.5,153.017,-1561728,20141004,http://www.abc.net.au/news/2014-10-04/golden-jubilee-brisbane-couples-gather-for-wedding-blessing/5790692
316906604,20141004,201410,2014,2014.7507,BFA,BURKINA FASO,BFA,,,,,,,,,,,,,,,,,,0,010,010,01,1,0.0,8,1,8,3.99429386590585,4,"Hounde, Region des Hauts-Bassins, Burkina Faso",UV,UV87,11.5,-3.51667,-1718697,0,,,,,,,4,"Hounde, Region des Hauts-Bassins, Burkina Faso",UV,UV87,11.5,-3.51667,-1718697,20141004,http://www.newswire.ca/en/story/1422436/drill-data-demonstrates-presence-of-another-gold-bearing-system-further-emphasizing-exploration-potential-of-the-sarama-savary-jv-property
316906608,20141004,201410,2014,2014.7507,BFA,BURKINA FASO,BFA,,,,,,,,,,,,,,,,,,0,051,051,05,1,3.4,8,1,8,3.99429386590585,4,"Hounde, Region des Hauts-Bassins, Burkina Faso",UV,UV87,11.5,-3.51667,-1718697,0,,,,,,,4,"Hounde, Region des Hauts-Bassins, Burkina Faso",UV,UV87,11.5,-3.51667,-1718697,20141004,http://www.newswire.ca/en/story/1422436/drill-data-demonstrates-presence-of-another-gold-bearing-system-further-emphasizing-exploration-potential-of-the-sarama-savary-jv-property
316907650,20141004,201410,2014,2014.7507,BUS,BANK,,,,,,BUS,,,,,,,,,,,,,1,010,010,01,1,0.0,8,1,8,1.70068027210884,4,"Indiranagar, Tamil Nadu, India",IN,IN25,12.9967,80.2531,9087100,0,,,,,,,4,"Indiranagar, Tamil Nadu, India",IN,IN25,12.9967,80.2531,9087100,20141004,http://www.thehindu.com/news/cities/bangalore/chasing-gold-businessman-duped-of-rs-32-lakh/article6471604.ece
316907803,20141004,201410,2014,2014.7507,BUS,COMPANY,,,,,,BUS,,,,,,,,,,,,,1,020,020,02,1,3.0,10,1,10,3.99429386590585,4,"Hounde, Region des Hauts-Bassins, Burkina Faso",UV,UV87,11.5,-3.51667,-1718697,0,,,,,,,4,"Hounde, Region des Hauts-Bassins, Burkina Faso",UV,UV87,11.5,-3.51667,-1718697,20141004,http://www.newswire.ca/en/story/1422436/drill-data-demonstrates-presence-of-another-gold-bearing-system-further-emphasizing-exploration-potential-of-the-sarama-savary-jv-property
316907912,20141004,201410,2014,2014.7507,BUS,PRODUCER,,,,,,BUS,,,,,,,,,,,,,1,030,030,03,1,4.0,10,1,10,3.7567084078712,4,"Toronto, Ontario, Canada",CA,CA08,43.6667,-79.4167,-574890,0,,,,,,,4,"Toronto, Ontario, Canada",CA,CA08,43.6667,-79.4167,-574890,20141004,http://marketbusinessnews.com/iamgold-corporation-selling-niobec-mine-500-million/34703
316908228,20141004,201410,2014,2014.7507,BUS,BANK,,,,,,BUS,,,,,,,,,,,,,0,051,051,05,1,3.4,10,1,10,2.13740458015267,1,Malta,MT,MT,35.8333,14.5833,MT,0,,,,,,,1,Malta,MT,MT,35.8333,14.5833,MT,20141004,http://www.timesofmalta.com/articles/view/20141004/business-news/Goldman-considering-new-fund.538375
316908359,20141004,201410,2014,2014.7507,BUS,BANK,,,,,,BUS,,,,,,,,,,,,,0,071,071,07,2,7.4,10,1,10,2.13740458015267,1,Malta,MT,MT,35.8333,14.5833,MT,0,,,,,,,1,Malta,MT,MT,35.8333,14.5833,MT,20141004,http://www.timesofmalta.com/articles/view/20141004/business-news/Goldman-considering-new-fund.538375
316908365,20141004,201410,2014,2014.7507,BUS,TRADER,,,,,,BUS,,,,,,,,,,,,,0,071,071,07,2,7.4,10,1,10,4.46808510638298,1,Saudi Arabia,SA,SA,25,45,SA,0,,,,,,,1,Saudi Arabia,SA,SA,25,45,SA,20141004,http://seekingalpha.com/article/2539955-oil-is-a-safer-bet-than-gold
316908831,20141004,201410,2014,2014.7507,BUS,COMPANY,,,,,,BUS,,,CAN,VANCOUVER,CAN,,,,,,,,1,090,090,09,2,-2.0,8,1,8,3.99429386590585,4,"Vancouver, British Columbia, Canada",CA,CA02,49.25,-123.133,-575268,4,"Vancouver, British Columbia, Canada",CA,CA02,49.25,-123.133,-575268,4,"Hounde, Region des Hauts-Bassins, Burkina Faso",UV,UV87,11.5,-3.51667,-1718697,20141004,http://www.newswire.ca/en/story/1422436/drill-data-demonstrates-presence-of-another-gold-bearing-system-further-emphasizing-exploration-potential-of-the-sarama-savary-jv-property
316908860,20141004,201410,2014,2014.7507,BUS,INVESTOR,,,,,,BUS,,,CIV,IVORY COAST,CIV,,,,,,,,1,042,042,04,1,1.9,8,1,8,2.60303687635575,4,"London, London, City of, United Kingdom",UK,UKH9,51.5,-0.116667,-2601889,4,"London, London, City of, United Kingdom",UK,UKH9,51.5,-0.116667,-2601889,4,"London, London, City of, United Kingdom",UK,UKH9,51.5,-0.116667,-2601889,20141004,http://www.biznews.com/mining/2014/10/amaras-yaoure-gold-mine-in-ivory-coast-to-produce-in-2017/
316909199,20141004,201410,2014,2014.7507,BUS,COMPANIES,,,,,,BUS,,,IRN,IRAN,IRN,,,,,,,,0,020,020,02,1,3.0,10,1,10,2.72232304900181,4,"Tehran, Tehran, Iran",IR,IR26,35.75,51.5148,10074674,4,"Tehran, Tehran, Iran",IR,IR26,35.75,51.5148,10074674,4,"Tehran, Tehran, Iran",IR,IR26,35.75,51.5148,10074674,20141004,http://www.businessinsider.com.au/us-could-miss-out-on-irans-gold-rush-2014-10
316911548,20141004,201410,2014,2014.7507,CHL,CHILE,CHL,,,,,,,,idg,INDIGENOUS,,,idg,,,,,,0,057,057,05,1,8.0,2,1,2,2.52004581901489,4,"Lumwana, Eastern, Zambia",ZA,ZA06,-11.8235,25.1326,-2291645,4,"Lumwana, Eastern, Zambia",ZA,ZA06,-11.8235,25.1326,-2291645,4,"Lumwana, Eastern, Zambia",ZA,ZA06,-11.8235,25.1326,-2291645,20141004,http://seekingalpha.com/article/2540185-barrick-gold-is-still-paying-for-its-sins
316911549,20141004,201410,2014,2014.7507,CHL,CHILE,CHL,,,,,,,,idg,INDIGENOUS,,,idg,,,,,,0,057,057,05,1,8.0,8,1,8,2.52004581901489,1,Chile,CI,CI,-30,-71,CI,1,Chile,CI,CI,-30,-71,CI,1,Chile,CI,CI,-30,-71,CI,20141004,http://seekingalpha.com/article/2540185-barrick-gold-is-still-paying-for-its-sins
316911611,20141004,201410,2014,2014.7507,CHN,CHINESE,CHN,,,,,,,,,,,,,,,,,,1,020,020,02,1,3.0,2,1,2,2.36686390532544,4,"Tiananmen Square, Beijing, China",CH,CH22,39.9044,116.391,9244097,0,,,,,,,4,"Tiananmen Square, Beijing, China",CH,CH22,39.9044,116.391,9244097,20141004,http://article.wn.com/view/2014/10/04/Golden_Girls_Chemistry_Displayed_at_Fest/
316911617,20141004,201410,2014,2014.7507,CHN,CHINESE,CHN,,,,,,,,,,,,,,,,,,1,020,020,02,1,3.0,8,1,8,2.36686390532544,2,"Indiana, United States",US,USIN,39.8647,-86.2604,IN,0,,,,,,,2,"Indiana, United States",US,USIN,39.8647,-86.2604,IN,20141004,http://article.wn.com/view/2014/10/04/Golden_Girls_Chemistry_Displayed_at_Fest/
316911758,20141004,201410,2014,2014.7507,CHN,CHINA,CHN,,,,,,,,,,,,,,,,,,0,110,110,11,3,-2.0,10,1,10,4.46808510638298,1,Saudi Arabia,SA,SA,25,45,SA,0,,,,,,,1,Saudi Arabia,SA,SA,25,45,SA,20141004,http://seekingalpha.com/article/2539955-oil-is-a-safer-bet-than-gold
316911767,20141004,201410,2014,2014.7507,CHN,CHINA,CHN,,,,,,,,,,,,,,,,,,1,111,111,11,3,-2.0,2,1,2,5.16351118760757,1,China,CH,CH,35,105,CH,0,,,,,,,1,China,CH,CH,35,105,CH,20141004,http://www.ozy.com/good-sht/why-its-a-truly-golden-week-in-london/34284.article
316911861,20141004,201410,2014,2014.7507,CHN,CHINA,CHN,,,,,,,,AUS,AUSTRALIA,AUS,,,,,,,,1,040,040,04,1,1.0,1,1,1,3.64077669902913,1,China,CH,CH,35,105,CH,4,"Broadbeach, Queensland, Australia",AS,AS04,-28.0167,153.433,-1561762,1,China,CH,CH,35,105,CH,20141004,http://www.goldcoastbulletin.com.au/kiwi-buyers-bought-more-than-26-million-worth-of-land-on-the-coast/story-fnj90t7b-1227079023004
316911862,20141004,201410,2014,2014.7507,CHN,CHINA,CHN,,,,,,,,AUS,AUSTRALIA,AUS,,,,,,,,1,040,040,04,1,1.0,1,1,1,3.64077669902913,1,China,CH,CH,35,105,CH,1,China,CH,CH,35,105,CH,1,China,CH,CH,35,105,CH,20141004,http://www.goldcoastbulletin.com.au/kiwi-buyers-bought-more-than-26-million-worth-of-land-on-the-coast/story-fnj90t7b-1227079023004
316911902,20141004,201410,2014,2014.7507,CHN,CHINESE,CHN,,,,,,,,BUS,WAITER,,,,,,BUS,,,0,090,090,09,2,-2.0,1,1,1,5.16351118760757,4,"Paris, RhôAlpes, France",FR,FRB9,45.6333,5.73333,-1445327,4,"Paris, RhôAlpes, France",FR,FRB9,45.6333,5.73333,-1445327,1,China,CH,CH,35,105,CH,20141004,http://www.ozy.com/good-sht/why-its-a-truly-golden-week-in-london/34284.article
316911903,20141004,201410,2014,2014.7507,CHN,CHINESE,CHN,,,,,,,,BUS,WAITER,,,,,,BUS,,,0,090,090,09,2,-2.0,1,1,1,5.16351118760757,1,China,CH,CH,35,105,CH,4,"Paris, RhôAlpes, France",FR,FRB9,45.6333,5.73333,-1445327,4,"Paris, RhôAlpes, France",FR,FRB9,45.6333,5.73333,-1445327,20141004,http://www.ozy.com/good-sht/why-its-a-truly-golden-week-in-london/34284.article
316911904,20141004,201410,2014,2014.7507,CHN,BEIJING,CHN,,,,,,,,BUS,COMPANIES,,,,,,BUS,,,1,100,100,10,3,-5.0,8,1,8,4.17362270450751,4,"Beijing, Beijing, China",CH,CH22,39.9289,116.388,-1898541,4,"Beijing, Beijing, China",CH,CH22,39.9289,116.388,-1898541,4,"Beijing, Beijing, China",CH,CH22,39.9289,116.388,-1898541,20141004,http://www.thedailystar.net/hong-kongs-luxury-retailers-hit-as-protests-mar-golden-week-44627
316911905,20141004,201410,2014,2014.7507,CHN,CHINA,CHN,,,,,,,,BUS,COMPANIES,,,,,,BUS,,,1,100,100,10,3,-5.0,2,1,2,4.17362270450751,4,"Beijing, Beijing, China",CH,CH22,39.9289,116.388,-1898541,1,Hong Kong,HK,HK,22.25,114.167,HK,4,"Beijing, Beijing, China",CH,CH22,39.9289,116.388,-1898541,20141004,http://www.thedailystar.net/hong-kongs-luxury-retailers-hit-as-protests-mar-golden-week-44627
316911906,20141004,201410,2014,2014.7507,CHN,CHINESE,CHN,,,,,,,,BUS,COMPANIES,,,,,,BUS,,,1,100,100,10,3,-5.0,6,1,6,4.34056761268781,1,China,CH,CH,35,105,CH,1,Hong Kong,HK,HK,22.25,114.167,HK,1,China,CH,CH,35,105,CH,20141004,http://www.japantimes.co.jp/news/2014/10/04/business/hong-kongs-luxury-retailers-lose-sales-as-protests-mar-golden-week-holiday/
316911907,20141004,201410,2014,2014.7507,CHN,CHINA,CHN,,,,,,,,BUS,COMPANIES,,,,,,BUS,,,1,100,100,10,3,-5.0,2,1,2,4.34056761268781,1,China,CH,CH,35,105,CH,1,Hong Kong,HK,HK,22.25,114.167,HK,1,Hong Kong,HK,HK,22.25,114.167,HK,20141004,http://www.japantimes.co.jp/news/2014/10/04/business/hong-kongs-luxury-retailers-lose-sales-as-protests-mar-golden-week-holiday/
316911908,20141004,201410,2014,2014.7507,CHN,CHINESE,CHN,,,,,,,,BUS,COMPANIES,,,,,,BUS,,,1,100,100,10,3,-5.0,2,1,2,4.34056761268781,1,Hong Kong,HK,HK,22.25,114.167,HK,1,Hong Kong,HK,HK,22.25,114.167,HK,1,Hong Kong,HK,HK,22.25,114.167,HK,20141004,http://www.japantimes.co.jp/news/2014/10/04/business/hong-kongs-luxury-retailers-lose-sales-as-protests-mar-golden-week-holiday/
316912041,20141004,201410,2014,2014.7507,CHN,CHINA,CHN,,,,,,,,CVL,TOURIST,,,,,,CVL,,,1,020,020,02,1,3.0,2,1,2,4.17362270450751,4,"Beijing, Beijing, China",CH,CH22,39.9289,116.388,-1898541,4,"Sydney, New South Wales, Australia",AS,AS02,-33.8833,151.217,-1603135,4,"Sydney, New South Wales, Australia",AS,AS02,-33.8833,151.217,-1603135,20141004,http://www.thedailystar.net/hong-kongs-luxury-retailers-hit-as-protests-mar-golden-week-44627
316912042,20141004,201410,2014,2014.7507,CHN,CHINESE,CHN,,,,,,,,CVL,TOURIST,,,,,,CVL,,,1,020,020,02,1,3.0,4,1,4,4.17362270450751,4,"Beijing, Beijing, China",CH,CH22,39.9289,116.388,-1898541,4,"Beijing, Beijing, China",CH,CH22,39.9289,116.388,-1898541,4,"Sydney, New South Wales, Australia",AS,AS02,-33.8833,151.217,-1603135,20141004,http://www.thedailystar.net/hong-kongs-luxury-retailers-hit-as-protests-mar-golden-week-44627
316912043,20141004,201410,2014,2014.7507,CHN,CHINESE,CHN,,,,,,,,CVL,TOURIST,,,,,,CVL,,,1,020,020,02,1,3.0,2,1,2,4.17362270450751,4,"Beijing, Beijing, China",CH,CH22,39.9289,116.388,-1898541,4,"Beijing, Beijing, China",CH,CH22,39.9289,116.388,-1898541,4,"Beijing, Beijing, China",CH,CH22,39.9289,116.388,-1898541,20141004,http://www.thedailystar.net/hong-kongs-luxury-retailers-hit-as-protests-mar-golden-week-44627
316912044,20141004,201410,2014,2014.7507,CHN,CHINESE,CHN,,,,,,,,CVL,TOURIST,,,,,,CVL,,,1,020,020,02,1,3.0,2,1,2,4.17362270450751,4,"Beijing, Beijing, China",CH,CH22,39.9289,116.388,-1898541,4,"Tokyo, Tokyo, Japan",JA,JA40,35.685,139.751,-246227,4,"Marina Bay, Singapore (general), Singapore",SN,SN00,1.28389,103.858,30431,20141004,http://www.thedailystar.net/hong-kongs-luxury-retailers-hit-as-protests-mar-golden-week-44627
316912047,20141004,201410,2014,2014.7507,CHN,CHINA,CHN,,,,,,,,CVL,TOURIST,,,,,,CVL,,,1,020,020,02,1,3.0,2,1,2,4.34056761268781,1,China,CH,CH,35,105,CH,4,"Sydney, New South Wales, Australia",AS,AS02,-33.8833,151.217,-1603135,4,"Sydney, New South Wales, Australia",AS,AS02,-33.8833,151.217,-1603135,20141004,http://www.japantimes.co.jp/news/2014/10/04/business/hong-kongs-luxury-retailers-lose-sales-as-protests-mar-golden-week-holiday/
316912049,20141004,201410,2014,2014.7507,CHN,CHINESE,CHN,,,,,,,,CVL,TOURIST,,,,,,CVL,,,1,020,020,02,1,3.0,2,1,2,4.34056761268781,1,China,CH,CH,35,105,CH,4,"Marina Bay, Singapore (general), Singapore",SN,SN00,1.28389,103.858,30431,4,"Marina Bay, Singapore (general), Singapore",SN,SN00,1.28389,103.858,30431,20141004,http://www.japantimes.co.jp/news/2014/10/04/business/hong-kongs-luxury-retailers-lose-sales-as-protests-mar-golden-week-holiday/
316912050,20141004,201410,2014,2014.7507,CHN,CHINESE,CHN,,,,,,,,CVL,TOURIST,,,,,,CVL,,,1,020,020,02,1,3.0,4,1,4,4.34056761268781,1,China,CH,CH,35,105,CH,1,China,CH,CH,35,105,CH,4,"Sydney, New South Wales, Australia",AS,AS02,-33.8833,151.217,-1603135,20141004,http://www.japantimes.co.jp/news/2014/10/04/business/hong-kongs-luxury-retailers-lose-sales-as-protests-mar-golden-week-holiday/
316912051,20141004,201410,2014,2014.7507,CHN,CHINESE,CHN,,,,,,,,CVL,TOURIST,,,,,,CVL,,,1,020,020,02,1,3.0,2,1,2,4.34056761268781,1,China,CH,CH,35,105,CH,1,China,CH,CH,35,105,CH,1,China,CH,CH,35,105,CH,20141004,http://www.japantimes.co.jp/news/2014/10/04/business/hong-kongs-luxury-retailers-lose-sales-as-protests-mar-golden-week-holiday/
316912152,20141004,201410,2014,2014.7507,CHN,CHINESE,CHN,,,,,,,,FRA,PARIS,FRA,,,,,,,,0,110,110,11,3,-2.0,1,1,1,5.16351118760757,4,"Paris, RhôAlpes, France",FR,FRB9,45.6333,5.73333,-1445327,4,"London, London, City of, United Kingdom",UK,UKH9,51.5,-0.116667,-2601889,4,"Paris, RhôAlpes, France",FR,FRB9,45.6333,5.73333,-1445327,20141004,http://www.ozy.com/good-sht/why-its-a-truly-golden-week-in-london/34284.article
316912153,20141004,201410,2014,2014.7507,CHN,CHINESE,CHN,,,,,,,,FRA,PARIS,FRA,,,,,,,,0,110,110,11,3,-2.0,1,1,1,5.16351118760757,1,China,CH,CH,35,105,CH,4,"Paris, RhôAlpes, France",FR,FRB9,45.6333,5.73333,-1445327,1,China,CH,CH,35,105,CH,20141004,http://www.ozy.com/good-sht/why-its-a-truly-golden-week-in-london/34284.article
316912336,20141004,201410,2014,2014.7507,CHN,CHINA,CHN,,,,,,,,JPN,JAPAN,JPN,,,,,,,,0,042,042,04,1,1.9,1,1,1,4.34056761268781,4,"Tokyo, Tokyo, Japan",JA,JA40,35.685,139.751,-246227,1,China,CH,CH,35,105,CH,4,"Tokyo, Tokyo, Japan",JA,JA40,35.685,139.751,-246227,20141004,http://www.japantimes.co.jp/news/2014/10/04/business/hong-kongs-luxury-retailers-lose-sales-as-protests-mar-golden-week-holiday/
316912339,20141004,201410,2014,2014.7507,CHN,CHINA,CHN,,,,,,,,JPN,JAPAN,JPN,,,,,,,,0,042,042,04,1,1.9,1,1,1,4.34056761268781,1,China,CH,CH,35,105,CH,1,China,CH,CH,35,105,CH,1,China,CH,CH,35,105,CH,20141004,http://www.japantimes.co.jp/news/2014/10/04/business/hong-kongs-luxury-retailers-lose-sales-as-protests-mar-golden-week-holiday/
316912815,20141004,201410,2014,2014.7507,CHNBUS,CHINA,CHN,,,,,BUS,,,AUS,AUSTRALIA,AUS,,,,,,,,1,040,040,04,1,1.0,4,1,4,3.64077669902913,1,China,CH,CH,35,105,CH,4,"Broadbeach, Queensland, Australia",AS,AS04,-28.0167,153.433,-1561762,4,"Broadbeach, Queensland, Australia",AS,AS04,-28.0167,153.433,-1561762,20141004,http://www.goldcoastbulletin.com.au/kiwi-buyers-bought-more-than-26-million-worth-of-land-on-the-coast/story-fnj90t7b-1227079023004
316913622,20141004,201410,2014,2014.7507,CIV,IVORY COAST,CIV,,,,,,,,BUS,INVESTOR,,,,,,BUS,,,1,043,043,04,1,2.8,8,1,8,2.60303687635575,4,"Kossou, Lacs, Cote D'ivoire",IV,IV81,6.95907,-4.96852,-2122607,4,"Kossou, Lacs, Cote D'ivoire",IV,IV81,6.95907,-4.96852,-2122607,4,"Kossou, Lacs, Cote D'ivoire",IV,IV81,6.95907,-4.96852,-2122607,20141004,http://www.biznews.com/mining/2014/10/amaras-yaoure-gold-mine-in-ivory-coast-to-produce-in-2017/
316913626,20141004,201410,2014,2014.7507,CIV,IVORY COAST,CIV,,,,,,,,MED,LOCAL MEDIA,,,,,,MED,,,1,043,043,04,1,2.8,8,1,8,2.60303687635575,4,"Kossou, Lacs, Cote D'ivoire",IV,IV81,6.95907,-4.96852,-2122607,4,"Kossou, Lacs, Cote D'ivoire",IV,IV81,6.95907,-4.96852,-2122607,4,"Kossou, Lacs, Cote D'ivoire",IV,IV81,6.95907,-4.96852,-2122607,20141004,http://www.biznews.com/mining/2014/10/amaras-yaoure-gold-mine-in-ivory-coast-to-produce-in-2017/
316913874,20141004,201410,2014,2014.7507,COP,POLICE,,,,,,COP,,,,,,,,,,,,,0,010,010,01,1,0.0,16,1,16,2.26481523636087,4,"Brisbane, Queensland, Australia",AS,AS04,-27.5,153.017,-1561728,0,,,,,,,4,"Brisbane, Queensland, Australia",AS,AS04,-27.5,153.017,-1561728,20141004,http://www.dailymail.co.uk/news/article-2780389/A-vicious-horrific-murder-Police-appeal-witnesses-three-arrested-death-Gold-Coast-man-tortured-held-esky-killed-burnt.html
316913877,20141004,201410,2014,2014.7507,COP,POLICE,,,,,,COP,,,,,,,,,,,,,0,010,010,01,1,0.0,4,1,4,2.26481523636087,4,"Sunshine Coast, Queensland, Australia",AS,AS04,-26.5,153,-1602923,0,,,,,,,4,"Sunshine Coast, Queensland, Australia",AS,AS04,-26.5,153,-1602923,20141004,http://www.dailymail.co.uk/news/article-2780389/A-vicious-horrific-murder-Police-appeal-witnesses-three-arrested-death-Gold-Coast-man-tortured-held-esky-killed-burnt.html
316914070,20141004,201410,2014,2014.7507,COP,POLICE,,,,,,COP,,,,,,,,,,,,,0,020,020,02,1,3.0,16,1,16,2.26481523636087,4,"Brisbane, Queensland, Australia",AS,AS04,-27.5,153.017,-1561728,0,,,,,,,4,"Brisbane, Queensland, Australia",AS,AS04,-27.5,153.017,-1561728,20141004,http://www.dailymail.co.uk/news/article-2780389/A-vicious-horrific-murder-Police-appeal-witnesses-three-arrested-death-Gold-Coast-man-tortured-held-esky-killed-burnt.html
316914073,20141004,201410,2014,2014.7507,COP,POLICE,,,,,,COP,,,,,,,,,,,,,0,020,020,02,1,3.0,4,1,4,2.26481523636087,4,"Sunshine Coast, Queensland, Australia",AS,AS04,-26.5,153,-1602923,0,,,,,,,4,"Sunshine Coast, Queensland, Australia",AS,AS04,-26.5,153,-1602923,20141004,http://www.dailymail.co.uk/news/article-2780389/A-vicious-horrific-murder-Police-appeal-witnesses-three-arrested-death-Gold-Coast-man-tortured-held-esky-killed-burnt.html
316914160,20141004,201410,2014,2014.7507,COP,POLICE CHIEF,,,,,,COP,,,,,,,,,,,,,0,030,030,03,1,4.0,30,3,30,2.48803827751196,1,Iraq,IZ,IZ,33,44,IZ,0,,,,,,,1,Iraq,IZ,IZ,33,44,IZ,20141004,http://www.armytimes.com/article/20141004/NEWS/310040032/This-military-faker-tricked-a-town-and-a-Gold-Star-family
316914416,20141004,201410,2014,2014.7507,COP,DETECTIVE,,,,,,COP,,,,,,,,,,,,,1,090,090,09,2,-2.0,12,1,12,2.26481523636087,4,"Brisbane, Queensland, Australia",AS,AS04,-27.5,153.017,-1561728,0,,,,,,,4,"Brisbane, Queensland, Australia",AS,AS04,-27.5,153.017,-1561728,20141004,http://www.dailymail.co.uk/news/article-2780389/A-vicious-horrific-murder-Police-appeal-witnesses-three-arrested-death-Gold-Coast-man-tortured-held-esky-killed-burnt.html
316914417,20141004,201410,2014,2014.7507,COP,POLICE,,,,,,COP,,,,,,,,,,,,,1,090,090,09,2,-2.0,2,1,2,1.54525386313466,4,"Broadbeach, Queensland, Australia",AS,AS04,-28.0167,153.433,-1561762,0,,,,,,,4,"Broadbeach, Queensland, Australia",AS,AS04,-28.0167,153.433,-1561762,20141004,http://www.news.com.au/national/queensland/three-arrested-over-gold-coast-murder-of-shaun-barker/story-fnii5v6w-1227079864257
316914875,20141004,201410,2014,2014.7507,COP,POLICE,,,,,,COP,,,,,,,,,,,,,1,180,180,18,4,-9.0,6,1,6,2.26481523636087,4,"Broadbeach, Queensland, Australia",AS,AS04,-28.0167,153.433,-1561762,0,,,,,,,1,Ghana,GH,GH,8,-2,GH,20141004,http://www.dailymail.co.uk/news/article-2780389/A-vicious-horrific-murder-Police-appeal-witnesses-three-arrested-death-Gold-Coast-man-tortured-held-esky-killed-burnt.html
316914903,20141004,201410,2014,2014.7507,COP,POLICE,,,,,,COP,,,,,,,,,,,,,1,180,180,18,4,-9.0,4,1,4,2.26481523636087,1,Ghana,GH,GH,8,-2,GH,0,,,,,,,1,Ghana,GH,GH,8,-2,GH,20141004,http://www.dailymail.co.uk/news/article-2780389/A-vicious-horrific-murder-Police-appeal-witnesses-three-arrested-death-Gold-Coast-man-tortured-held-esky-killed-burnt.html
316915002,20141004,201410,2014,2014.7507,COP,POLICE,,,,,,COP,,,,,,,,,,,,,1,190,190,19,4,-10.0,6,1,4,1.54525386313466,1,Ghana,GH,GH,8,-2,GH,0,,,,,,,1,Ghana,GH,GH,8,-2,GH,20141004,http://www.news.com.au/national/queensland/three-arrested-over-gold-coast-murder-of-shaun-barker/story-fnii5v6w-1227079864257
316915130,20141004,201410,2014,2014.7507,COP,POLICE,,,,,,COP,,,AUS,AUSTRALIA,AUS,,,,,,,,1,010,010,01,1,0.0,8,3,8,2.30500143000143,4,"Brisbane, Queensland, Australia",AS,AS04,-27.5,153.017,-1561728,4,"Brisbane, Queensland, Australia",AS,AS04,-27.5,153.017,-1561728,4,"Brisbane, Queensland, Australia",AS,AS04,-27.5,153.017,-1561728,20141004,http://www.news.com.au/national/breaking-news/two-charged-over-gold-coast-murder/story-e6frfku9-1227079872727
316915136,20141004,201410,2014,2014.7507,COP,POLICE,,,,,,COP,,,AUS,AUSTRALIA,AUS,,,,,,,,0,020,020,02,1,3.0,4,2,4,3.5518018018018,4,"Brisbane, Queensland, Australia",AS,AS04,-27.5,153.017,-1561728,4,"Brisbane, Queensland, Australia",AS,AS04,-27.5,153.017,-1561728,4,"Brisbane, Queensland, Australia",AS,AS04,-27.5,153.017,-1561728,20141004,http://www.news.com.au/national/breaking-news/two-charged-over-gold-coast-murder/story-e6frfku9-1227079872727
316915147,20141004,201410,2014,2014.7507,COP,POLICE,,,,,,COP,,,AUS,AUSTRALIA,AUS,,,,,,,,1,090,090,09,2,-2.0,4,1,4,1.54525386313466,4,"Broadbeach, Queensland, Australia",AS,AS04,-28.0167,153.433,-1561762,4,"Broadbeach, Queensland, Australia",AS,AS04,-28.0167,153.433,-1561762,4,"Broadbeach, Queensland, Australia",AS,AS04,-28.0167,153.433,-1561762,20141004,http://www.news.com.au/national/queensland/three-arrested-over-gold-coast-murder-of-shaun-barker/story-fnii5v6w-1227079864257
316915154,20141004,201410,2014,2014.7507,COP,POLICE,,,,,,COP,,,AUS,AUSTRALIA,AUS,,,,,,,,1,173,173,17,4,-5.0,2,1,2,2.0253164556962,1,Ghana,GH,GH,8,-2,GH,1,Ghana,GH,GH,8,-2,GH,1,Ghana,GH,GH,8,-2,GH,20141004,http://www.abc.net.au/news/2014-10-04/detectives-charge-three-men-over-murder-of-gold-coast-man-shaun/5790778
316915273,20141004,201410,2014,2014.7507,COP,POLICE,,,,,,COP,,,CHN,CHINESE,CHN,,,,,,,,1,175,175,17,4,-9.0,1,1,1,4.17362270450751,4,"Tokyo, Tokyo, Japan",JA,JA40,35.685,139.751,-246227,4,"Beijing, Beijing, China",CH,CH22,39.9289,116.388,-1898541,4,"Tokyo, Tokyo, Japan",JA,JA40,35.685,139.751,-246227,20141004,http://www.thedailystar.net/hong-kongs-luxury-retailers-hit-as-protests-mar-golden-week-44627
316915274,20141004,201410,2014,2014.7507,COP,POLICE,,,,,,COP,,,CHN,CHINESE,CHN,,,,,,,,1,175,175,17,4,-9.0,1,1,1,4.17362270450751,4,"Tokyo, Tokyo, Japan",JA,JA40,35.685,139.751,-246227,4,"Tokyo, Tokyo, Japan",JA,JA40,35.685,139.751,-246227,4,"Tokyo, Tokyo, Japan",JA,JA40,35.685,139.751,-246227,20141004,http://www.thedailystar.net/hong-kongs-luxury-retailers-hit-as-protests-mar-golden-week-44627
316915275,20141004,201410,2014,2014.7507,COP,POLICE,,,,,,COP,,,CHN,CHINESE,CHN,,,,,,,,1,175,175,17,4,-9.0,5,1,5,4.34056761268781,1,China,CH,CH,35,105,CH,1,China,CH,CH,35,105,CH,1,China,CH,CH,35,105,CH,20141004,http://www.japantimes.co.jp/news/2014/10/04/business/hong-kongs-luxury-retailers-lose-sales-as-protests-mar-golden-week-holiday/
316915414,20141004,201410,2014,2014.7507,COP,POLICE,,,,,,COP,,,CVL,COMMUNITY,,,,,,CVL,,,1,036,036,03,1,4.0,10,1,10,5.31914893617021,2,"North Dakota, United States",US,USND,47.5362,-99.793,ND,2,"North Dakota, United States",US,USND,47.5362,-99.793,ND,2,"North Dakota, United States",US,USND,47.5362,-99.793,ND,20141004,http://www.mercurynews.com/milpitas/ci_26632786/milpitas-art-instructor-is-guest-speaker-at-golden.html/RK=0
316915419,20141004,201410,2014,2014.7507,COP,POLICE OFFICER,,,,,,COP,,,CVL,CITIZEN,,,,,,CVL,,,1,050,050,05,1,3.5,10,1,10,1.33111480865225,2,"New York, United States",US,USNY,42.1497,-74.9384,NY,2,"New York, United States",US,USNY,42.1497,-74.9384,NY,2,"New York, United States",US,USNY,42.1497,-74.9384,NY,20141004,http://www.alternet.org/corporate-accountability-and-workplace/7-revelations-those-secret-goldman-sachs-tapes
316915633,20141004,201410,2014,2014.7507,COP,DETECTIVE,,,,,,COP,,,GHA,GHANA,GHA,,,,,,,,1,090,090,09,2,-2.0,4,1,4,2.26481523636087,4,"Brisbane, Queensland, Australia",AS,AS04,-27.5,153.017,-1561728,4,"Brisbane, Queensland, Australia",AS,AS04,-27.5,153.017,-1561728,4,"Brisbane, Queensland, Australia",AS,AS04,-27.5,153.017,-1561728,20141004,http://www.dailymail.co.uk/news/article-2780389/A-vicious-horrific-murder-Police-appeal-witnesses-three-arrested-death-Gold-Coast-man-tortured-held-esky-killed-burnt.html
316915634,20141004,201410,2014,2014.7507,COP,DETECTIVE,,,,,,COP,,,GHA,GHANA,GHA,,,,,,,,1,090,090,09,2,-2.0,4,1,4,2.26481523636087,4,"Sunshine Coast, Queensland, Australia",AS,AS04,-26.5,153,-1602923,1,Ghana,GH,GH,8,-2,GH,4,"Sunshine Coast, Queensland, Australia",AS,AS04,-26.5,153,-1602923,20141004,http://www.dailymail.co.uk/news/article-2780389/A-vicious-horrific-murder-Police-appeal-witnesses-three-arrested-death-Gold-Coast-man-tortured-held-esky-killed-burnt.html
316915635,20141004,201410,2014,2014.7507,COP,POLICE,,,,,,COP,,,GHA,GHANA,GHA,,,,,,,,1,090,090,09,2,-2.0,6,2,6,1.67741843302828,1,Ghana,GH,GH,8,-2,GH,1,Ghana,GH,GH,8,-2,GH,1,Ghana,GH,GH,8,-2,GH,20141004,http://www.9news.com.au/National/2014/10/04/19/51/Gold-Coast-man-allegedly-tortured-and-locked-in-esky-before-death
316915636,20141004,201410,2014,2014.7507,COP,POLICE,,,,,,COP,,,GHA,GHANA,GHA,,,,,,,,0,112,112,11,3,-2.0,4,1,4,1.54525386313466,1,Ghana,GH,GH,8,-2,GH,1,Ghana,GH,GH,8,-2,GH,1,Ghana,GH,GH,8,-2,GH,20141004,http://www.news.com.au/national/queensland/three-arrested-over-gold-coast-murder-of-shaun-barker/story-fnii5v6w-1227079864257
316915639,20141004,201410,2014,2014.7507,COP,POLICE,,,,,,COP,,,GHA,GHANA,GHA,,,,,,,,1,1822,182,18,4,-9.0,6,3,6,1.70709871382234,1,Ghana,GH,GH,8,-2,GH,1,Ghana,GH,GH,8,-2,GH,1,Ghana,GH,GH,8,-2,GH,20141004,http://www.news.com.au/national/queensland/three-arrested-over-gold-coast-murder-of-shaun-barker/story-fnii5v6w-1227079864257
316915649,20141004,201410,2014,2014.7507,COP,POLICE,,,,,,COP,,,GOV,AUTHORITIES,,,,,,GOV,,,1,010,010,01,1,0.0,30,1,30,3.80228136882129,1,Kuwait,KU,KU,29.3375,47.6581,KU,1,Kuwait,KU,KU,29.3375,47.6581,KU,1,Kuwait,KU,KU,29.3375,47.6581,KU,20141004,http://www.arabtimesonline.com/RSS/tabid/69/smid/414/ArticleID/209819/t/Kuwaiti-expat-held-for-selling-smuggled-gold-at-cheap-rate/Default.aspx
316915791,20141004,201410,2014,2014.7507,COP,POLICE,,,,,,COP,,,IDN,JAMBI,IDN,,,,,,,,1,173,173,17,4,-5.0,10,1,10,3.52941176470588,4,"Jambi, Jambi, Indonesia",ID,ID05,-1.6,103.617,-2679707,4,"Jambi, Jambi, Indonesia",ID,ID05,-1.6,103.617,-2679707,4,"Jambi, Jambi, Indonesia",ID,ID05,-1.6,103.617,-2679707,20141004,http://www.thejakartapost.com/news/2014/10/04/suspected-gold-thief-nabbed.html
316916019,20141004,201410,2014,2014.7507,COP,POLICEMAN,,,,,,COP,,,MED,MEDIA,,,,,,MED,,,0,046,046,04,1,7.0,36,3,36,2.48803827751196,2,"North Dakota, United States",US,USND,47.5362,-99.793,ND,2,"North Dakota, United States",US,USND,47.5362,-99.793,ND,2,"North Dakota, United States",US,USND,47.5362,-99.793,ND,20141004,http://www.armytimes.com/article/20141004/NEWS/310040032/This-military-faker-tricked-a-town-and-a-Gold-Star-family
316916088,20141004,201410,2014,2014.7507,COP,POLICE,,,,,,COP,,,MNCJPN,TOYOTA,JPN,,,,,MNC,,,0,010,010,01,1,0.0,16,2,16,3.5518018018018,4,"Brisbane, Queensland, Australia",AS,AS04,-27.5,153.017,-1561728,4,"Brisbane, Queensland, Australia",AS,AS04,-27.5,153.017,-1561728,4,"Brisbane, Queensland, Australia",AS,AS04,-27.5,153.017,-1561728,20141004,http://www.news.com.au/national/breaking-news/two-charged-over-gold-coast-murder/story-e6frfku9-1227079872727
316916089,20141004,201410,2014,2014.7507,COP,POLICE,,,,,,COP,,,MNCJPN,TOYOTA,JPN,,,,,MNC,,,0,020,020,02,1,3.0,16,2,16,3.5518018018018,4,"Brisbane, Queensland, Australia",AS,AS04,-27.5,153.017,-1561728,4,"Brisbane, Queensland, Australia",AS,AS04,-27.5,153.017,-1561728,4,"Brisbane, Queensland, Australia",AS,AS04,-27.5,153.017,-1561728,20141004,http://www.news.com.au/national/breaking-news/two-charged-over-gold-coast-murder/story-e6frfku9-1227079872727
316916094,20141004,201410,2014,2014.7507,COP,POLICE,,,,,,COP,,,MNCJPN,TOYOTA,JPN,,,,,MNC,,,1,090,090,09,2,-2.0,8,1,8,1.94174757281553,1,Ghana,GH,GH,8,-2,GH,1,Ghana,GH,GH,8,-2,GH,1,Ghana,GH,GH,8,-2,GH,20141004,http://www.9news.com.au/National/2014/10/04/19/51/Gold-Coast-man-allegedly-tortured-and-locked-in-esky-before-death
316917000,20141004,201410,2014,2014.7507,COP,POLICE,,,,,,COP,,,VNM,VIETNAM,VNM,,,,,,,,0,173,173,17,4,-5.0,24,3,24,2.48803827751196,1,"Vietnam, Republic Of",VM,VM,16,106,VM,1,"Vietnam, Republic Of",VM,VM,16,106,VM,1,"Vietnam, Republic Of",VM,VM,16,106,VM,20141004,http://www.armytimes.com/article/20141004/NEWS/310040032/This-military-faker-tricked-a-town-and-a-Gold-Star-family
316917396,20141004,201410,2014,2014.7507,CRM,THIEF,,,,,,CRM,,,,,,,,,,,,,1,173,173,17,4,-5.0,10,1,10,1.33333333333333,3,"Sykesville, Maryland, United States",US,USMD,39.3737,-76.9678,591389,0,,,,,,,3,"Sykesville, Maryland, United States",US,USMD,39.3737,-76.9678,591389,20141004,http://article.wn.com/view/2014/10/04/Suspected_gold_thief_nabbed/
316917593,20141004,201410,2014,2014.7507,CRM,THIEF,,,,,,CRM,,,IDN,JAKARTA,IDN,,,,,,,,1,173,173,17,4,-5.0,10,1,10,3.52941176470588,4,"Purnama, Jawa Timur, Indonesia",ID,ID08,-7.03,112.752,10193625,4,"Purnama, Jawa Timur, Indonesia",ID,ID08,-7.03,112.752,10193625,4,"Purnama, Jawa Timur, Indonesia",ID,ID08,-7.03,112.752,10193625,20141004,http://www.thejakartapost.com/news/2014/10/04/suspected-gold-thief-nabbed.html
316918657,20141004,201410,2014,2014.7507,CVL,COMMUNITY,,,,,,CVL,,,,,,,,,,,,,0,071,071,07,2,7.4,10,1,10,3.58974358974359,4,"Melbourne, Victoria, Australia",AS,AS07,-37.8167,144.967,-1586844,0,,,,,,,4,"Melbourne, Victoria, Australia",AS,AS07,-37.8167,144.967,-1586844,20141004,http://www.sbs.com.au/news/article/2014/10/03/golden-dawn-stops-fundraising-drive-australia-refuses-impose-blanket-ban
316919032,20141004,201410,2014,2014.7507,CVL,COMMUNITY,,,,,,CVL,,,AUS,MELBOURNE,AUS,,,,,,,,1,060,060,06,2,6.0,10,1,10,6.22406639004149,4,"Melbourne, Victoria, Australia",AS,AS07,-37.8167,144.967,-1586844,4,"Melbourne, Victoria, Australia",AS,AS07,-37.8167,144.967,-1586844,4,"Melbourne, Victoria, Australia",AS,AS07,-37.8167,144.967,-1586844,20141004,http://au.greekreporter.com/2014/10/04/golden-dawn-stops-fundraising-activity-in-australia/
316919185,20141004,201410,2014,2014.7507,CVL,COMMUNITY,,,,,,CVL,,,COP,POLICE,,,,,,COP,,,1,036,036,03,1,4.0,10,1,10,5.31914893617021,2,"North Dakota, United States",US,USND,47.5362,-99.793,ND,2,"North Dakota, United States",US,USND,47.5362,-99.793,ND,2,"North Dakota, United States",US,USND,47.5362,-99.793,ND,20141004,http://www.mercurynews.com/milpitas/ci_26632786/milpitas-art-instructor-is-guest-speaker-at-golden.html/RK=0
316919189,20141004,201410,2014,2014.7507,CVL,CITIZEN,,,,,,CVL,,,COP,POLICE OFFICER,,,,,,COP,,,1,050,050,05,1,3.5,10,1,10,1.33111480865225,2,"New York, United States",US,USNY,42.1497,-74.9384,NY,2,"New York, United States",US,USNY,42.1497,-74.9384,NY,2,"New York, United States",US,USNY,42.1497,-74.9384,NY,20141004,http://www.alternet.org/corporate-accountability-and-workplace/7-revelations-those-secret-goldman-sachs-tapes
316925497,20141004,201410,2014,2014.7507,EURBUS,EUROPEAN,EUR,,,,,BUS,,,USA,UNITED STATES,USA,,,,,,,,1,010,010,01,1,0.0,2,1,2,2.72232304900181,3,"Washington, District of Columbia, United States",US,USDC,38.8951,-77.0364,531871,3,"Washington, District of Columbia, United States",US,USDC,38.8951,-77.0364,531871,4,"Tehran, Tehran, Iran",IR,IR26,35.75,51.5148,10074674,20141004,http://www.businessinsider.com.au/us-could-miss-out-on-irans-gold-rush-2014-10
316925828,20141004,201410,2014,2014.7507,FRA,PARIS,FRA,,,,,,,,CHN,CHINESE,CHN,,,,,,,,0,026,026,02,1,4.0,1,1,1,5.16351118760757,4,"Paris, RhôAlpes, France",FR,FRB9,45.6333,5.73333,-1445327,1,China,CH,CH,35,105,CH,4,"Paris, RhôAlpes, France",FR,FRB9,45.6333,5.73333,-1445327,20141004,http://www.ozy.com/good-sht/why-its-a-truly-golden-week-in-london/34284.article
316925829,20141004,201410,2014,2014.7507,FRA,PARIS,FRA,,,,,,,,CHN,CHINESE,CHN,,,,,,,,0,026,026,02,1,4.0,1,1,1,5.16351118760757,4,"London, London, City of, United Kingdom",UK,UKH9,51.5,-0.116667,-2601889,4,"Paris, RhôAlpes, France",FR,FRB9,45.6333,5.73333,-1445327,4,"London, London, City of, United Kingdom",UK,UKH9,51.5,-0.116667,-2601889,20141004,http://www.ozy.com/good-sht/why-its-a-truly-golden-week-in-london/34284.article
316926096,20141004,201410,2014,2014.7507,FRA,FRENCH,FRA,,,,,,,,IRNGOV,IRAN,IRN,,,,,GOV,,,0,040,040,04,1,1.0,1,1,1,2.72232304900181,1,France,FR,FR,46,2,FR,4,"Tehran, Tehran, Iran",IR,IR26,35.75,51.5148,10074674,1,France,FR,FR,46,2,FR,20141004,http://www.businessinsider.com.au/us-could-miss-out-on-irans-gold-rush-2014-10
316926097,20141004,201410,2014,2014.7507,FRA,FRENCH,FRA,,,,,,,,IRNGOV,IRAN,IRN,,,,,GOV,,,0,040,040,04,1,1.0,1,1,1,2.72232304900181,1,United Kingdom,UK,UK,54,-2,UK,1,United Kingdom,UK,UK,54,-2,UK,1,United Kingdom,UK,UK,54,-2,UK,20141004,http://www.businessinsider.com.au/us-could-miss-out-on-irans-gold-rush-2014-10
316926401,20141004,201410,2014,2014.7507,FRAGOV,FRANCE,FRA,,,,,GOV,,,IRNGOV,IRAN,IRN,,,,,GOV,,,0,040,040,04,1,1.0,2,1,2,2.72232304900181,1,France,FR,FR,46,2,FR,4,"Tehran, Tehran, Iran",IR,IR26,35.75,51.5148,10074674,4,"Tehran, Tehran, Iran",IR,IR26,35.75,51.5148,10074674,20141004,http://www.businessinsider.com.au/us-could-miss-out-on-irans-gold-rush-2014-10
316926402,20141004,201410,2014,2014.7507,FRAGOV,FRENCH,FRA,,,,,GOV,,,IRNGOV,IRANIAN,IRN,,,,,GOV,,,0,040,040,04,1,1.0,4,1,4,2.72232304900181,1,France,FR,FR,46,2,FR,4,"Tehran, Tehran, Iran",IR,IR26,35.75,51.5148,10074674,1,France,FR,FR,46,2,FR,20141004,http://www.businessinsider.com.au/us-could-miss-out-on-irans-gold-rush-2014-10
316927534,20141004,201410,2014,2014.7507,GBR,BRITISH,GBR,,,,,,,,CHN,BEIJING,CHN,,,,,,,,1,100,100,10,3,-5.0,8,1,8,4.17362270450751,4,"Tokyo, Tokyo, Japan",JA,JA40,35.685,139.751,-246227,4,"Tokyo, Tokyo, Japan",JA,JA40,35.685,139.751,-246227,4,"Tokyo, Tokyo, Japan",JA,JA40,35.685,139.751,-246227,20141004,http://www.thedailystar.net/hong-kongs-luxury-retailers-hit-as-protests-mar-golden-week-44627
316927535,20141004,201410,2014,2014.7507,GBR,BRITISH,GBR,,,,,,,,CHN,BEIJING,CHN,,,,,,,,1,100,100,10,3,-5.0,8,1,8,4.34056761268781,1,China,CH,CH,35,105,CH,1,China,CH,CH,35,105,CH,1,China,CH,CH,35,105,CH,20141004,http://www.japantimes.co.jp/news/2014/10/04/business/hong-kongs-luxury-retailers-lose-sales-as-protests-mar-golden-week-holiday/
316928045,20141004,201410,2014,2014.7507,GBR,BRITISH,GBR,,,,,,,,GOV,REGIME,,,,,,GOV,,,1,043,043,04,1,2.8,8,1,8,5.16351118760757,4,"London, London, City of, United Kingdom",UK,UKH9,51.5,-0.116667,-2601889,4,"London, London, City of, United Kingdom",UK,UKH9,51.5,-0.116667,-2601889,4,"London, London, City of, United Kingdom",UK,UKH9,51.5,-0.116667,-2601889,20141004,http://www.ozy.com/good-sht/why-its-a-truly-golden-week-in-london/34284.article
316930316,20141004,201410,2014,2014.7507,GBRGOV,UNITED KINGDOM,GBR,,,,,GOV,,,UAF,TERRORIST,,,,,,UAF,,,1,138,138,13,3,-7.0,6,1,6,3.13695485845448,1,Malta,MT,MT,35.8333,14.5833,MT,1,Malta,MT,MT,35.8333,14.5833,MT,1,Malta,MT,MT,35.8333,14.5833,MT,20141004,http://www.timesofmalta.com/articles/view/20141003/world/taxi-driver-with-golden-heart-beheaded-by-isis-cameron-vows-to-hunt-down-killers.538316
316930606,20141004,201410,2014,2014.7507,GHA,GHANA,GHA,,,,,,,,,,,,,,,,,,1,084,084,08,2,7.0,6,1,6,6.22154779969651,1,Ghana,GH,GH,8,-2,GH,0,,,,,,,1,Ghana,GH,GH,8,-2,GH,20141004,http://www.9news.com.au/gold-coast
316930619,20141004,201410,2014,2014.7507,GHA,GHANA,GHA,,,,,,,,,,,,,,,,,,1,173,173,17,4,-5.0,4,1,4,1.94174757281553,1,Ghana,GH,GH,8,-2,GH,0,,,,,,,1,Ghana,GH,GH,8,-2,GH,20141004,http://www.9news.com.au/National/2014/10/04/19/51/Gold-Coast-man-allegedly-tortured-and-locked-in-esky-before-death
316930622,20141004,201410,2014,2014.7507,GHA,GHANA,GHA,,,,,,,,,,,,,,,,,,1,190,190,19,4,-10.0,4,1,4,1.54525386313466,4,"Toowoomba, Queensland, Australia",AS,AS04,-27.5606,151.954,-1605321,0,,,,,,,4,"Toowoomba, Queensland, Australia",AS,AS04,-27.5606,151.954,-1605321,20141004,http://www.news.com.au/national/queensland/three-arrested-over-gold-coast-murder-of-shaun-barker/story-fnii5v6w-1227079864257
316930624,20141004,201410,2014,2014.7507,GHA,GHANA,GHA,,,,,,,,,,,,,,,,,,1,190,190,19,4,-10.0,16,3,16,3.97319105535574,1,Ghana,GH,GH,8,-2,GH,0,,,,,,,1,Ghana,GH,GH,8,-2,GH,20141004,http://www.9news.com.au/gold-coast
316930625,20141004,201410,2014,2014.7507,GHA,GHANA,GHA,,,,,,,,,,,,,,,,,,1,193,193,19,4,-10.0,8,1,8,6.22154779969651,1,Ghana,GH,GH,8,-2,GH,0,,,,,,,1,Ghana,GH,GH,8,-2,GH,20141004,http://www.9news.com.au/gold-coast
316930627,20141004,201410,2014,2014.7507,GHA,GHANA,GHA,,,,,,,,AUS,BRISBANE,AUS,,,,,,,,0,036,036,03,1,4.0,1,1,1,1.75054704595186,4,"Brisbane, Queensland, Australia",AS,AS04,-27.5,153.017,-1561728,4,"Toowoomba, Queensland, Australia",AS,AS04,-27.5606,151.954,-1605321,1,Ghana,GH,GH,8,-2,GH,20141004,http://www.abc.net.au/news/2014-10-04/three-men-torture-murder-charge-gold-coast-man-shaun-barker/5790778
316930628,20141004,201410,2014,2014.7507,GHA,GHANA,GHA,,,,,,,,AUS,BRISBANE,AUS,,,,,,,,0,036,036,03,1,4.0,2,1,2,1.88793175082403,1,Ghana,GH,GH,8,-2,GH,4,"Brisbane, Queensland, Australia",AS,AS04,-27.5,153.017,-1561728,4,"Brisbane, Queensland, Australia",AS,AS04,-27.5,153.017,-1561728,20141004,http://www.abc.net.au/news/2014-10-04/three-men-torture-murder-charge-gold-coast-man-shaun-barker/5790778
316930629,20141004,201410,2014,2014.7507,GHA,GHANA,GHA,,,,,,,,AUS,BRISBANE,AUS,,,,,,,,0,036,036,03,1,4.0,1,1,1,2.0253164556962,1,Ghana,GH,GH,8,-2,GH,4,"Toowoomba, Queensland, Australia",AS,AS04,-27.5606,151.954,-1605321,4,"Toowoomba, Queensland, Australia",AS,AS04,-27.5606,151.954,-1605321,20141004,http://www.abc.net.au/news/2014-10-04/detectives-charge-three-men-over-murder-of-gold-coast-man-shaun/5790778
316930635,20141004,201410,2014,2014.7507,GHA,GHANA,GHA,,,,,,,,AUS,AUSTRALIAN,AUS,,,,,,,,1,190,190,19,4,-10.0,6,1,6,3.6036036036036,4,"Brisbane, Queensland, Australia",AS,AS04,-27.5,153.017,-1561728,4,"Brisbane, Queensland, Australia",AS,AS04,-27.5,153.017,-1561728,4,"Brisbane, Queensland, Australia",AS,AS04,-27.5,153.017,-1561728,20141004,https://au.news.yahoo.com/thewest/national/a/25185649/two-charged-over-gold-coast-murder/
316930638,20141004,201410,2014,2014.7507,GHA,GHANA,GHA,,,,,,,,AUSJUD,AUSTRALIA,AUS,,,,,JUD,,,0,036,036,03,1,4.0,1,1,1,1.75054704595186,4,"Brisbane, Queensland, Australia",AS,AS04,-27.5,153.017,-1561728,4,"Brisbane, Queensland, Australia",AS,AS04,-27.5,153.017,-1561728,4,"Brisbane, Queensland, Australia",AS,AS04,-27.5,153.017,-1561728,20141004,http://www.abc.net.au/news/2014-10-04/three-men-torture-murder-charge-gold-coast-man-shaun-barker/5790778
316930639,20141004,201410,2014,2014.7507,GHA,GHANA,GHA,,,,,,,,AUSJUD,AUSTRALIA,AUS,,,,,JUD,,,0,036,036,03,1,4.0,2,1,2,2.26481523636087,4,"Sunshine Coast, Queensland, Australia",AS,AS04,-26.5,153,-1602923,1,Ghana,GH,GH,8,-2,GH,1,Ghana,GH,GH,8,-2,GH,20141004,http://www.dailymail.co.uk/news/article-2780389/A-vicious-horrific-murder-Police-appeal-witnesses-three-arrested-death-Gold-Coast-man-tortured-held-esky-killed-burnt.html
316930641,20141004,201410,2014,2014.7507,GHA,GHANA,GHA,,,,,,,,AUSJUD,AUSTRALIA,AUS,,,,,JUD,,,0,036,036,03,1,4.0,7,5,7,2.0045588471553,1,Ghana,GH,GH,8,-2,GH,4,"Toowoomba, Queensland, Australia",AS,AS04,-27.5606,151.954,-1605321,4,"Toowoomba, Queensland, Australia",AS,AS04,-27.5606,151.954,-1605321,20141004,http://www.dailymail.co.uk/news/article-2780389/A-vicious-horrific-murder-Police-appeal-witnesses-three-arrested-death-Gold-Coast-man-tortured-held-esky-killed-burnt.html
316930642,20141004,201410,2014,2014.7507,GHA,GHANA,GHA,,,,,,,,AUSJUD,AUSTRALIA,AUS,,,,,JUD,,,0,036,036,03,1,4.0,26,5,26,2.02409821647865,1,Ghana,GH,GH,8,-2,GH,4,"Toowoomba, Queensland, Australia",AS,AS04,-27.5606,151.954,-1605321,1,Ghana,GH,GH,8,-2,GH,20141004,http://www.dailymail.co.uk/news/article-2780389/A-vicious-horrific-murder-Police-appeal-witnesses-three-arrested-death-Gold-Coast-man-tortured-held-esky-killed-burnt.html
316930643,20141004,201410,2014,2014.7507,GHA,GHANA,GHA,,,,,,,,AUSJUD,AUSTRALIA,AUS,,,,,JUD,,,0,036,036,03,1,4.0,1,1,1,2.0253164556962,1,Ghana,GH,GH,8,-2,GH,1,Ghana,GH,GH,8,-2,GH,1,Ghana,GH,GH,8,-2,GH,20141004,http://www.abc.net.au/news/2014-10-04/detectives-charge-three-men-over-murder-of-gold-coast-man-shaun/5790778
316930644,20141004,201410,2014,2014.7507,GHA,GHANA,GHA,,,,,,,,AUSJUD,AUSTRALIA,AUS,,,,,JUD,,,0,036,036,03,1,4.0,2,1,2,1.75054704595186,1,Thailand,TH,TH,15,100,TH,4,"Toowoomba, Queensland, Australia",AS,AS04,-27.5606,151.954,-1605321,1,Ghana,GH,GH,8,-2,GH,20141004,http://www.abc.net.au/news/2014-10-04/three-men-torture-murder-charge-gold-coast-man-shaun-barker/5790778
316931543,20141004,201410,2014,2014.7507,GOV,REGULATOR,,,,,,GOV,,,,,,,,,,,,,1,020,020,02,1,3.0,5,1,5,1.33111480865225,2,"New York, United States",US,USNY,42.1497,-74.9384,NY,0,,,,,,,2,"New York, United States",US,USNY,42.1497,-74.9384,NY,20141004,http://www.alternet.org/corporate-accountability-and-workplace/7-revelations-those-secret-goldman-sachs-tapes
316932052,20141004,201410,2014,2014.7507,GOV,GOVERNMENT,,,,,,GOV,,,,,,,,,,,,,0,046,046,04,1,7.0,4,1,4,2.49621785173979,2,"Oklahoma, United States",US,USOK,35.5376,-96.9247,OK,0,,,,,,,2,"Oklahoma, United States",US,USOK,35.5376,-96.9247,OK,20141004,http://www.huffingtonpost.com/michael-goldstein/climate-progress-beyond-a_b_5889056.html
316933486,20141004,201410,2014,2014.7507,GOV,REGULATOR,,,,,,GOV,,,BUS,BANK,,,,,,BUS,,,1,090,090,09,2,-2.0,2,1,2,1.33111480865225,2,"New York, United States",US,USNY,42.1497,-74.9384,NY,2,"New York, United States",US,USNY,42.1497,-74.9384,NY,2,"New York, United States",US,USNY,42.1497,-74.9384,NY,20141004,http://www.alternet.org/corporate-accountability-and-workplace/7-revelations-those-secret-goldman-sachs-tapes
316934329,20141004,201410,2014,2014.7507,GOV,REGIME,,,,,,GOV,,,GBR,BRITISH,GBR,,,,,,,,1,042,042,04,1,1.9,8,1,8,5.16351118760757,1,China,CH,CH,35,105,CH,1,China,CH,CH,35,105,CH,1,China,CH,CH,35,105,CH,20141004,http://www.ozy.com/good-sht/why-its-a-truly-golden-week-in-london/34284.article
316936769,20141004,201410,2014,2014.7507,GOV,PRESIDENT,,,,,,GOV,,,USA,UNITED STATES,USA,,,,,,,,1,020,020,02,1,3.0,173,39,173,2.06340325253538,3,"White House, District of Columbia, United States",US,USDC,38.8951,-77.0364,531871,3,"White House, District of Columbia, United States",US,USDC,38.8951,-77.0364,531871,3,"White House, District of Columbia, United States",US,USDC,38.8951,-77.0364,531871,20141004,http://www.huffingtonpost.com/michael-goldstein/climate-progress-beyond-a_b_5889056.html
316937243,20141004,201410,2014,2014.7507,GOV,REGULATOR,,,,,,GOV,,,USABUS,UNITED STATES,USA,,,,,BUS,,,1,090,090,09,2,-2.0,8,1,8,1.33111480865225,2,"New York, United States",US,USNY,42.1497,-74.9384,NY,2,"New York, United States",US,USNY,42.1497,-74.9384,NY,2,"New York, United States",US,USNY,42.1497,-74.9384,NY,20141004,http://www.alternet.org/corporate-accountability-and-workplace/7-revelations-those-secret-goldman-sachs-tapes
316937337,20141004,201410,2014,2014.7507,GOV,PRESIDENT,,,,,,GOV,,,USAGOV,BARACK OBAMA,USA,,,,,GOV,,,1,111,111,11,3,-2.0,8,1,8,3.13695485845448,1,Malta,MT,MT,35.8333,14.5833,MT,1,Malta,MT,MT,35.8333,14.5833,MT,1,Malta,MT,MT,35.8333,14.5833,MT,20141004,http://www.timesofmalta.com/articles/view/20141003/world/taxi-driver-with-golden-heart-beheaded-by-isis-cameron-vows-to-hunt-down-killers.538316
316937529,20141004,201410,2014,2014.7507,GOVBUS,RESERVE BANK,,,,,,GOV,BUS,,,,,,,,,,,,1,114,114,11,3,-2.0,10,1,10,1.70068027210884,4,"Indiranagar, Tamil Nadu, India",IN,IN25,12.9967,80.2531,9087100,0,,,,,,,4,"Indiranagar, Tamil Nadu, India",IN,IN25,12.9967,80.2531,9087100,20141004,http://www.thehindu.com/news/cities/bangalore/chasing-gold-businessman-duped-of-rs-32-lakh/article6471604.ece
316940908,20141004,201410,2014,2014.7507,IGOUNOGOV,UNITED NATIONS,,UNO,,,,IGO,GOV,,GOV,PRESIDENT,,,,,,GOV,,,1,010,010,01,1,0.0,6,1,6,3.13695485845448,4,"Salford, Salford, United Kingdom",UK,UKL5,53.4833,-2.26667,-2606975,1,Syria,SY,SY,35,38,SY,4,"Salford, Salford, United Kingdom",UK,UKL5,53.4833,-2.26667,-2606975,20141004,http://www.timesofmalta.com/articles/view/20141003/world/taxi-driver-with-golden-heart-beheaded-by-isis-cameron-vows-to-hunt-down-killers.538316
316940909,20141004,201410,2014,2014.7507,IGOUNOGOV,UNITED NATIONS,,UNO,,,,IGO,GOV,,GOV,PRESIDENT,,,,,,GOV,,,1,010,010,01,1,0.0,2,1,2,3.13695485845448,1,Malta,MT,MT,35.8333,14.5833,MT,1,Malta,MT,MT,35.8333,14.5833,MT,1,Malta,MT,MT,35.8333,14.5833,MT,20141004,http://www.timesofmalta.com/articles/view/20141003/world/taxi-driver-with-golden-heart-beheaded-by-isis-cameron-vows-to-hunt-down-killers.538316
316940924,20141004,201410,2014,2014.7507,IGOUNOGOV,UNITED NATIONS,,UNO,,,,IGO,GOV,,SYR,SYRIA,SYR,,,,,,,,1,010,010,01,1,0.0,2,1,2,3.13695485845448,1,Malta,MT,MT,35.8333,14.5833,MT,1,Malta,MT,MT,35.8333,14.5833,MT,1,Malta,MT,MT,35.8333,14.5833,MT,20141004,http://www.timesofmalta.com/articles/view/20141003/world/taxi-driver-with-golden-heart-beheaded-by-isis-cameron-vows-to-hunt-down-killers.538316
316942787,20141004,201410,2014,2014.7507,IRN,IRAN,IRN,,,,,,,,BUS,COMPANIES,,,,,,BUS,,,0,100,100,10,3,-5.0,10,1,10,2.72232304900181,4,"Tehran, Tehran, Iran",IR,IR26,35.75,51.5148,10074674,4,"Tehran, Tehran, Iran",IR,IR26,35.75,51.5148,10074674,4,"Tehran, Tehran, Iran",IR,IR26,35.75,51.5148,10074674,20141004,http://www.businessinsider.com.au/us-could-miss-out-on-irans-gold-rush-2014-10
316942831,20141004,201410,2014,2014.7507,IRN,IRAN,IRN,,,,,,,,EURBUS,EUROPEAN,EUR,,,,,BUS,,,1,044,044,04,1,2.5,2,1,2,2.72232304900181,3,"Washington, District of Columbia, United States",US,USDC,38.8951,-77.0364,531871,3,"Washington, District of Columbia, United States",US,USDC,38.8951,-77.0364,531871,3,"Washington, District of Columbia, United States",US,USDC,38.8951,-77.0364,531871,20141004,http://www.businessinsider.com.au/us-could-miss-out-on-irans-gold-rush-2014-10
316943481,20141004,201410,2014,2014.7507,IRN,IRAN,IRN,,,,,,,,USA,THE US,USA,,,,,,,,1,036,036,03,1,4.0,1,1,1,2.72232304900181,4,"Tehran, Tehran, Iran",IR,IR26,35.75,51.5148,10074674,4,"Tehran, Tehran, Iran",IR,IR26,35.75,51.5148,10074674,4,"Tehran, Tehran, Iran",IR,IR26,35.75,51.5148,10074674,20141004,http://www.businessinsider.com.au/us-could-miss-out-on-irans-gold-rush-2014-10
316943482,20141004,201410,2014,2014.7507,IRN,IRAN,IRN,,,,,,,,USA,THE US,USA,,,,,,,,1,036,036,03,1,4.0,2,1,2,2.72232304900181,4,"Tehran, Tehran, Iran",IR,IR26,35.75,51.5148,10074674,4,"Tehran, Tehran, Iran",IR,IR26,35.75,51.5148,10074674,3,"Washington, District of Columbia, United States",US,USDC,38.8951,-77.0364,531871,20141004,http://www.businessinsider.com.au/us-could-miss-out-on-irans-gold-rush-2014-10
316943507,20141004,201410,2014,2014.7507,IRN,IRAN,IRN,,,,,,,,USA,THE US,USA,,,,,,,,1,085,085,08,2,7.0,3,1,3,2.72232304900181,4,"Tehran, Tehran, Iran",IR,IR26,35.75,51.5148,10074674,4,"Tehran, Tehran, Iran",IR,IR26,35.75,51.5148,10074674,4,"Tehran, Tehran, Iran",IR,IR26,35.75,51.5148,10074674,20141004,http://www.businessinsider.com.au/us-could-miss-out-on-irans-gold-rush-2014-10
316943546,20141004,201410,2014,2014.7507,IRNGOV,IRAN,IRN,,,,,GOV,,,FRA,FRENCH,FRA,,,,,,,,0,040,040,04,1,1.0,1,1,1,2.72232304900181,4,"Tehran, Tehran, Iran",IR,IR26,35.75,51.5148,10074674,1,France,FR,FR,46,2,FR,1,France,FR,FR,46,2,FR,20141004,http://www.businessinsider.com.au/us-could-miss-out-on-irans-gold-rush-2014-10
316943547,20141004,201410,2014,2014.7507,IRNGOV,IRAN,IRN,,,,,GOV,,,FRA,FRENCH,FRA,,,,,,,,0,040,040,04,1,1.0,1,1,1,2.72232304900181,1,United Kingdom,UK,UK,54,-2,UK,1,United Kingdom,UK,UK,54,-2,UK,1,United Kingdom,UK,UK,54,-2,UK,20141004,http://www.businessinsider.com.au/us-could-miss-out-on-irans-gold-rush-2014-10
316943548,20141004,201410,2014,2014.7507,IRNGOV,IRAN,IRN,,,,,GOV,,,FRAGOV,FRANCE,FRA,,,,,GOV,,,0,040,040,04,1,1.0,2,1,2,2.72232304900181,4,"Tehran, Tehran, Iran",IR,IR26,35.75,51.5148,10074674,1,France,FR,FR,46,2,FR,4,"Tehran, Tehran, Iran",IR,IR26,35.75,51.5148,10074674,20141004,http://www.businessinsider.com.au/us-could-miss-out-on-irans-gold-rush-2014-10
316943549,20141004,201410,2014,2014.7507,IRNGOV,IRANIAN,IRN,,,,,GOV,,,FRAGOV,FRENCH,FRA,,,,,GOV,,,0,040,040,04,1,1.0,4,1,4,2.72232304900181,4,"Tehran, Tehran, Iran",IR,IR26,35.75,51.5148,10074674,1,France,FR,FR,46,2,FR,1,France,FR,FR,46,2,FR,20141004,http://www.businessinsider.com.au/us-could-miss-out-on-irans-gold-rush-2014-10
316943623,20141004,201410,2014,2014.7507,IRQ,IRAQ,IRQ,,,,,,,,,,,,,,,,,,0,043,043,04,1,2.8,12,2,12,3.28922362919842,1,Iraq,IZ,IZ,33,44,IZ,0,,,,,,,1,Iraq,IZ,IZ,33,44,IZ,20141004,http://www.armytimes.com/article/20140926/NEWS/309260036/Tim-Kennedy-nears-shot-UFC-gold
316946325,20141004,201410,2014,2014.7507,JPN,JAPAN,JPN,,,,,,,,CHN,CHINA,CHN,,,,,,,,0,043,043,04,1,2.8,1,1,1,4.34056761268781,1,China,CH,CH,35,105,CH,4,"Tokyo, Tokyo, Japan",JA,JA40,35.685,139.751,-246227,4,"Tokyo, Tokyo, Japan",JA,JA40,35.685,139.751,-246227,20141004,http://www.japantimes.co.jp/news/2014/10/04/business/hong-kongs-luxury-retailers-lose-sales-as-protests-mar-golden-week-holiday/
316946327,20141004,201410,2014,2014.7507,JPN,JAPAN,JPN,,,,,,,,CHN,CHINA,CHN,,,,,,,,0,043,043,04,1,2.8,1,1,1,4.34056761268781,1,China,CH,CH,35,105,CH,1,China,CH,CH,35,105,CH,1,China,CH,CH,35,105,CH,20141004,http://www.japantimes.co.jp/news/2014/10/04/business/hong-kongs-luxury-retailers-lose-sales-as-protests-mar-golden-week-holiday/
316946822,20141004,201410,2014,2014.7507,JUD,MAGISTRATE,,,,,,JUD,,,,,,,,,,,,,0,036,036,03,1,4.0,2,1,2,2.0253164556962,4,"Brisbane, Queensland, Australia",AS,AS04,-27.5,153.017,-1561728,0,,,,,,,4,"Brisbane, Queensland, Australia",AS,AS04,-27.5,153.017,-1561728,20141004,http://www.abc.net.au/news/2014-10-04/detectives-charge-three-men-over-murder-of-gold-coast-man-shaun/5790778
316946823,20141004,201410,2014,2014.7507,JUD,MAGISTRATE,,,,,,JUD,,,,,,,,,,,,,0,036,036,03,1,4.0,10,4,10,2.05120968568781,4,"Toowoomba, Queensland, Australia",AS,AS04,-27.5606,151.954,-1605321,0,,,,,,,1,Ghana,GH,GH,8,-2,GH,20141004,http://www.dailymail.co.uk/news/article-2780389/A-vicious-horrific-murder-Police-appeal-witnesses-three-arrested-death-Gold-Coast-man-tortured-held-esky-killed-burnt.html
316946948,20141004,201410,2014,2014.7507,JUD,DEFENSE LAWYER,,,,,,JUD,,,,,,,,,,,,,0,081,081,08,2,5.0,18,1,18,3.80228136882129,1,Kuwait,KU,KU,29.3375,47.6581,KU,0,,,,,,,1,Kuwait,KU,KU,29.3375,47.6581,KU,20141004,http://www.arabtimesonline.com/RSS/tabid/69/smid/414/ArticleID/209819/t/Kuwaiti-expat-held-for-selling-smuggled-gold-at-cheap-rate/Default.aspx
316947229,20141004,201410,2014,2014.7507,JUD,MAGISTRATE,,,,,,JUD,,,AUSJUD,BRISBANE,AUS,,,,,JUD,,,0,036,036,03,1,4.0,2,1,2,1.75054704595186,4,"Brisbane, Queensland, Australia",AS,AS04,-27.5,153.017,-1561728,4,"Brisbane, Queensland, Australia",AS,AS04,-27.5,153.017,-1561728,4,"Brisbane, Queensland, Australia",AS,AS04,-27.5,153.017,-1561728,20141004,http://www.abc.net.au/news/2014-10-04/three-men-torture-murder-charge-gold-coast-man-shaun-barker/5790778
316947230,20141004,201410,2014,2014.7507,JUD,MAGISTRATE,,,,,,JUD,,,AUSJUD,BRISBANE,AUS,,,,,JUD,,,0,036,036,03,1,4.0,2,1,2,2.0253164556962,4,"Toowoomba, Queensland, Australia",AS,AS04,-27.5606,151.954,-1605321,4,"Brisbane, Queensland, Australia",AS,AS04,-27.5,153.017,-1561728,4,"Brisbane, Queensland, Australia",AS,AS04,-27.5,153.017,-1561728,20141004,http://www.abc.net.au/news/2014-10-04/detectives-charge-three-men-over-murder-of-gold-coast-man-shaun/5790778
316947595,20141004,201410,2014,2014.7507,JUD,DEFENSE LAWYER,,,,,,JUD,,,KWT,KUWAIT,KWT,,,,,,,,0,081,081,08,2,5.0,6,1,6,3.80228136882129,1,Kuwait,KU,KU,29.3375,47.6581,KU,1,Kuwait,KU,KU,29.3375,47.6581,KU,1,Kuwait,KU,KU,29.3375,47.6581,KU,20141004,http://www.arabtimesonline.com/RSS/tabid/69/smid/414/ArticleID/209819/t/Kuwaiti-expat-held-for-selling-smuggled-gold-at-cheap-rate/Default.aspx
316949321,20141004,201410,2014,2014.7507,KWTJUD,KUWAIT,KWT,,,,,JUD,,,KWT,KUWAIT,KWT,,,,,,,,0,081,081,08,2,5.0,6,1,6,3.80228136882129,1,Kuwait,KU,KU,29.3375,47.6581,KU,1,Kuwait,KU,KU,29.3375,47.6581,KU,1,Kuwait,KU,KU,29.3375,47.6581,KU,20141004,http://www.arabtimesonline.com/RSS/tabid/69/smid/414/ArticleID/209819/t/Kuwaiti-expat-held-for-selling-smuggled-gold-at-cheap-rate/Default.aspx
316949658,20141004,201410,2014,2014.7507,LAB,WORKER,,,,,,LAB,,,AUS,AUSTRALIA,AUS,,,,,,,,1,090,090,09,2,-2.0,6,1,6,3.5,4,"Brisbane, Queensland, Australia",AS,AS04,-27.5,153.017,-1561728,4,"Brisbane, Queensland, Australia",AS,AS04,-27.5,153.017,-1561728,4,"Brisbane, Queensland, Australia",AS,AS04,-27.5,153.017,-1561728,20141004,http://www.news.com.au/national/breaking-news/two-charged-over-gold-coast-murder/story-e6frfku9-1227079872727
316951562,20141004,201410,2014,2014.7507,LEG,LEGISLATOR,,,,,,LEG,,,,,,,,,,,,,1,120,120,12,3,-4.0,10,1,10,5.2930056710775,1,Mexico,MX,MX,23,-102,MX,0,,,,,,,1,Mexico,MX,MX,23,-102,MX,20141004,http://lunaticg.blogspot.com/2014/10/1874-gold-burgers-pond-sold-for-78000.html
316954254,20141004,201410,2014,2014.7507,MED,LOCAL MEDIA,,,,,,MED,,,CIV,IVORY COAST,CIV,,,,,,,,1,042,042,04,1,1.9,8,1,8,2.60303687635575,4,"Kossou, Lacs, Cote D'ivoire",IV,IV81,6.95907,-4.96852,-2122607,4,"Kossou, Lacs, Cote D'ivoire",IV,IV81,6.95907,-4.96852,-2122607,4,"Kossou, Lacs, Cote D'ivoire",IV,IV81,6.95907,-4.96852,-2122607,20141004,http://www.biznews.com/mining/2014/10/amaras-yaoure-gold-mine-in-ivory-coast-to-produce-in-2017/
316955202,20141004,201410,2014,2014.7507,MED,BLOG,,,,,,MED,,,USA,UNITED STATES,USA,,,,,,,,1,090,090,09,2,-2.0,2,1,2,3.42075256556442,2,"Texas, United States",US,USTX,31.106,-97.6475,TX,2,"Texas, United States",US,USTX,31.106,-97.6475,TX,2,"Texas, United States",US,USTX,31.106,-97.6475,TX,20141004,http://www.armytimes.com/article/20140926/NEWS/309260036/Tim-Kennedy-nears-shot-UFC-gold
316957102,20141004,201410,2014,2014.7507,MIL,AIR FORCE,,,,,,MIL,,,USA,PENNSYLVANIA,USA,,,,,,,,0,046,046,04,1,7.0,1,1,1,3.08045977011494,2,"Pennsylvania, United States",US,USPA,40.5773,-77.264,PA,2,"Alaska, United States",US,USAK,61.385,-152.268,AK,2,"Pennsylvania, United States",US,USPA,40.5773,-77.264,PA,20141004,http://www.msn.com/en-us/news/magazine/the-alaskan-town-where-people-still-pan-for-gold/ar-BB6nbg1
316957103,20141004,201410,2014,2014.7507,MIL,AIR FORCE,,,,,,MIL,,,USA,PENNSYLVANIA,USA,,,,,,,,0,046,046,04,1,7.0,1,1,1,3.08045977011494,2,"Pennsylvania, United States",US,USPA,40.5773,-77.264,PA,2,"Pennsylvania, United States",US,USPA,40.5773,-77.264,PA,2,"Pennsylvania, United States",US,USPA,40.5773,-77.264,PA,20141004,http://www.msn.com/en-us/news/magazine/the-alaskan-town-where-people-still-pan-for-gold/ar-BB6nbg1
316957110,20141004,201410,2014,2014.7507,MIL,ARMY,,,,,,MIL,,,USA,MINNESOTA,USA,,,,,,,,1,051,051,05,1,3.4,36,3,36,2.48803827751196,3,"Kandiyohi County, Minnesota, United States",US,USMN,45.1333,-95.0008,659479,3,"Kandiyohi County, Minnesota, United States",US,USMN,45.1333,-95.0008,659479,3,"Kandiyohi County, Minnesota, United States",US,USMN,45.1333,-95.0008,659479,20141004,http://www.armytimes.com/article/20141004/NEWS/310040032/This-military-faker-tricked-a-town-and-a-Gold-Star-family
316957121,20141004,201410,2014,2014.7507,MIL,ARMY,,,,,,MIL,,,USA,MINNESOTA,USA,,,,,,,,1,051,051,05,1,3.4,12,3,12,2.48803827751196,1,"Vietnam, Republic Of",VM,VM,16,106,VM,2,"Minnesota, United States",US,USMN,45.7326,-93.9196,MN,2,"Minnesota, United States",US,USMN,45.7326,-93.9196,MN,20141004,http://www.armytimes.com/article/20141004/NEWS/310040032/This-military-faker-tricked-a-town-and-a-Gold-Star-family
316957128,20141004,201410,2014,2014.7507,MIL,ARMY,,,,,,MIL,,,USA,MINNESOTA,USA,,,,,,,,1,072,072,07,2,8.3,12,3,12,2.48803827751196,1,"Vietnam, Republic Of",VM,VM,16,106,VM,1,"Vietnam, Republic Of",VM,VM,16,106,VM,1,"Vietnam, Republic Of",VM,VM,16,106,VM,20141004,http://www.armytimes.com/article/20141004/NEWS/310040032/This-military-faker-tricked-a-town-and-a-Gold-Star-family
316957962,20141004,201410,2014,2014.7507,MNCUSA,GOLDMAN SACHS,USA,,,,,MNC,,,,,,,,,,,,,1,014,014,01,1,0.0,5,1,5,2.13740458015267,1,Malta,MT,MT,35.8333,14.5833,MT,0,,,,,,,1,Malta,MT,MT,35.8333,14.5833,MT,20141004,http://www.timesofmalta.com/articles/view/20141004/business-news/Goldman-considering-new-fund.538375
316958014,20141004,201410,2014,2014.7507,MNCUSA,GOLDMAN SACHS,USA,,,,,MNC,,,,,,,,,,,,,1,071,071,07,2,7.4,5,1,5,2.13740458015267,1,Malta,MT,MT,35.8333,14.5833,MT,0,,,,,,,1,Malta,MT,MT,35.8333,14.5833,MT,20141004,http://www.timesofmalta.com/articles/view/20141004/business-news/Goldman-considering-new-fund.538375
316961701,20141004,201410,2014,2014.7507,NGA,NIGERIAN,NGA,,,,,,,,,,,,,,,,,,0,111,111,11,3,-2.0,7,1,7,2.64900662251656,4,"Sokoto, Sokoto, Nigeria",NI,NI51,13.0609,5.23902,-2026911,0,,,,,,,4,"Sokoto, Sokoto, Nigeria",NI,NI51,13.0609,5.23902,-2026911,20141004,http://ngrguardiannews.com/sunday-magazine-sp-509870158/181659-mona-mattews-digging-gold-from-tanneries
316968779,20141004,201410,2014,2014.7507,REL,ARCHBISHOP,,,,,,,,,,,,,,,,,,,0,042,042,04,1,1.9,6,1,6,14.1463414634146,4,"Brisbane, Queensland, Australia",AS,AS04,-27.5,153.017,-1561728,0,,,,,,,4,"Brisbane, Queensland, Australia",AS,AS04,-27.5,153.017,-1561728,20141004,http://www.abc.net.au/news/2014-10-04/golden-jubilee-brisbane-couples-gather-for-wedding-blessing/5790692
316968815,20141004,201410,2014,2014.7507,REL,ARCHBISHOP,,,,,,,,,,,,,,,,,,,0,051,051,05,1,3.4,6,1,6,14.1463414634146,4,"Brisbane, Queensland, Australia",AS,AS04,-27.5,153.017,-1561728,0,,,,,,,4,"Brisbane, Queensland, Australia",AS,AS04,-27.5,153.017,-1561728,20141004,http://www.abc.net.au/news/2014-10-04/golden-jubilee-brisbane-couples-gather-for-wedding-blessing/5790692
316968901,20141004,201410,2014,2014.7507,REL,ARCHBISHOP,,,,,,,,,AUS,AUSTRALIA,AUS,,,,,,,,0,042,042,04,1,1.9,2,1,2,14.1463414634146,4,"Brisbane, Queensland, Australia",AS,AS04,-27.5,153.017,-1561728,4,"Brisbane, Queensland, Australia",AS,AS04,-27.5,153.017,-1561728,4,"Brisbane, Queensland, Australia",AS,AS04,-27.5,153.017,-1561728,20141004,http://www.abc.net.au/news/2014-10-04/golden-jubilee-brisbane-couples-gather-for-wedding-blessing/5790692
316968902,20141004,201410,2014,2014.7507,REL,ARCHBISHOP,,,,,,,,,AUS,AUSTRALIA,AUS,,,,,,,,0,051,051,05,1,3.4,2,1,2,14.1463414634146,4,"Brisbane, Queensland, Australia",AS,AS04,-27.5,153.017,-1561728,4,"Brisbane, Queensland, Australia",AS,AS04,-27.5,153.017,-1561728,4,"Brisbane, Queensland, Australia",AS,AS04,-27.5,153.017,-1561728,20141004,http://www.abc.net.au/news/2014-10-04/golden-jubilee-brisbane-couples-gather-for-wedding-blessing/5790692
316971480,20141004,201410,2014,2014.7507,SGP,SINGAPOR,SGP,,,,,,,,CHN,CHINESE,CHN,,,,,,,,0,060,060,06,2,6.0,2,1,2,4.34056761268781,4,"Sydney, New South Wales, Australia",AS,AS02,-33.8833,151.217,-1603135,4,"Marina Bay, Singapore (general), Singapore",SN,SN00,1.28389,103.858,30431,4,"Marina Bay, Singapore (general), Singapore",SN,SN00,1.28389,103.858,30431,20141004,http://www.japantimes.co.jp/news/2014/10/04/business/hong-kongs-luxury-retailers-lose-sales-as-protests-mar-golden-week-holiday/
316971481,20141004,201410,2014,2014.7507,SGP,SINGAPORE,SGP,,,,,,,,CHN,CHINESE,CHN,,,,,,,,0,060,060,06,2,6.0,2,1,2,4.17362270450751,4,"Beijing, Beijing, China",CH,CH22,39.9289,116.388,-1898541,4,"Beijing, Beijing, China",CH,CH22,39.9289,116.388,-1898541,4,"Marina Bay, Singapore (general), Singapore",SN,SN00,1.28389,103.858,30431,20141004,http://www.thedailystar.net/hong-kongs-luxury-retailers-hit-as-protests-mar-golden-week-44627
316971482,20141004,201410,2014,2014.7507,SGP,SINGAPORE,SGP,,,,,,,,CHN,CHINESE,CHN,,,,,,,,0,060,060,06,2,6.0,8,1,8,4.17362270450751,4,"Marina Bay, Singapore (general), Singapore",SN,SN00,1.28389,103.858,30431,4,"Beijing, Beijing, China",CH,CH22,39.9289,116.388,-1898541,4,"Marina Bay, Singapore (general), Singapore",SN,SN00,1.28389,103.858,30431,20141004,http://www.thedailystar.net/hong-kongs-luxury-retailers-hit-as-protests-mar-golden-week-44627
316973942,20141004,201410,2014,2014.7507,SYRGOV,SYRIA,SYR,,,,,GOV,,,USAGOV,BARACK OBAMA,USA,,,,,GOV,,,1,111,111,11,3,-2.0,2,1,2,3.13695485845448,1,Malta,MT,MT,35.8333,14.5833,MT,1,Malta,MT,MT,35.8333,14.5833,MT,1,Malta,MT,MT,35.8333,14.5833,MT,20141004,http://www.timesofmalta.com/articles/view/20141003/world/taxi-driver-with-golden-heart-beheaded-by-isis-cameron-vows-to-hunt-down-killers.538316
316974152,20141004,201410,2014,2014.7507,THA,THAILAND,THA,,,,,,,,AUS,BRISBANE,AUS,,,,,,,,1,043,043,04,1,2.8,2,1,2,1.54525386313466,4,"Brisbane, Queensland, Australia",AS,AS04,-27.5,153.017,-1561728,4,"Brisbane, Queensland, Australia",AS,AS04,-27.5,153.017,-1561728,4,"Brisbane, Queensland, Australia",AS,AS04,-27.5,153.017,-1561728,20141004,http://www.news.com.au/national/queensland/three-arrested-over-gold-coast-murder-of-shaun-barker/story-fnii5v6w-1227079864257
316974158,20141004,201410,2014,2014.7507,THA,THAILAND,THA,,,,,,,,AUS,BRISBANE,AUS,,,,,,,,1,043,043,04,1,2.8,8,1,8,1.54525386313466,1,Thailand,TH,TH,15,100,TH,4,"Brisbane, Queensland, Australia",AS,AS04,-27.5,153.017,-1561728,1,Thailand,TH,TH,15,100,TH,20141004,http://www.news.com.au/national/queensland/three-arrested-over-gold-coast-murder-of-shaun-barker/story-fnii5v6w-1227079864257
316980161,20141004,201410,2014,2014.7507,USA,LAS VEGAS,USA,,,,,,,,,,,,,,,,,,1,042,042,04,1,1.9,7,2,7,3.47921687354731,1,Iraq,IZ,IZ,33,44,IZ,0,,,,,,,1,Iraq,IZ,IZ,33,44,IZ,20141004,http://www.armytimes.com/article/20140926/NEWS/309260036/Tim-Kennedy-nears-shot-UFC-gold
316980185,20141004,201410,2014,2014.7507,USA,UNITED STATES,USA,,,,,,,,,,,,,,,,,,0,042,042,04,1,1.9,12,3,12,2.48803827751196,2,"Minnesota, United States",US,USMN,45.7326,-93.9196,MN,0,,,,,,,3,"Washington, District of Columbia, United States",US,USDC,38.8951,-77.0364,531871,20141004,http://www.armytimes.com/article/20141004/NEWS/310040032/This-military-faker-tricked-a-town-and-a-Gold-Star-family
316980187,20141004,201410,2014,2014.7507,USA,MINNESOTA,USA,,,,,,,,,,,,,,,,,,1,042,042,04,1,1.9,110,11,98,2.59747121774317,2,"Minnesota, United States",US,USMN,45.7326,-93.9196,MN,0,,,,,,,2,"Minnesota, United States",US,USMN,45.7326,-93.9196,MN,20141004,http://www.armytimes.com/article/20141004/NEWS/310040032/This-military-faker-tricked-a-town-and-a-Gold-Star-family
316980505,20141004,201410,2014,2014.7507,USA,ALASKA,USA,,,,,,,,,,,,,,,,,,1,043,043,04,1,2.8,8,1,8,3.08045977011494,2,"Alaska, United States",US,USAK,61.385,-152.268,AK,0,,,,,,,1,Russia,RS,RS,60,100,RS,20141004,http://www.msn.com/en-us/news/magazine/the-alaskan-town-where-people-still-pan-for-gold/ar-BB6nbg1
316980600,20141004,201410,2014,2014.7507,USA,ALASKA,USA,,,,,,,,,,,,,,,,,,1,043,043,04,1,2.8,2,1,2,3.08045977011494,1,Russia,RS,RS,60,100,RS,0,,,,,,,1,Russia,RS,RS,60,100,RS,20141004,http://www.msn.com/en-us/news/magazine/the-alaskan-town-where-people-still-pan-for-gold/ar-BB6nbg1
316981664,20141004,201410,2014,2014.7507,USA,INDIANA,USA,,,,,,,,,,,,,,,,,,1,080,080,08,2,5.0,17,3,17,3.12002398641706,2,"Indiana, United States",US,USIN,39.8647,-86.2604,IN,0,,,,,,,2,"Indiana, United States",US,USIN,39.8647,-86.2604,IN,20141004,http://www.indystar.com/story/money/2014/10/04/tremendous-tomato-harvest-keeps-red-gold-humming/16677747/?from=global&sessionKey=&autologin=
316986528,20141004,201410,2014,2014.7507,USA,AMERICAN,USA,,,,,,,,EURBUS,EUROPEAN,EUR,,,,,BUS,,,1,013,013,01,1,0.4,2,1,2,2.72232304900181,3,"Washington, District of Columbia, United States",US,USDC,38.8951,-77.0364,531871,3,"Washington, District of Columbia, United States",US,USDC,38.8951,-77.0364,531871,3,"Washington, District of Columbia, United States",US,USDC,38.8951,-77.0364,531871,20141004,http://www.businessinsider.com.au/us-could-miss-out-on-irans-gold-rush-2014-10
316988540,20141004,201410,2014,2014.7507,USA,MISSOURI,USA,,,,,,,,JUD,JUDGE,,,,,,JUD,,,1,172,172,17,4,-5.0,12,2,12,4.89660140689889,2,"Missouri, United States",US,USMO,38.4623,-92.302,MO,2,"Missouri, United States",US,USMO,38.4623,-92.302,MO,2,"Missouri, United States",US,USMO,38.4623,-92.302,MO,20141004,http://www.huffingtonpost.com/2014/10/04/tom-goldstein-supreme-court_n_5931784.html
316988570,20141004,201410,2014,2014.7507,USA,MISSOURI,USA,,,,,,,,JUD,JUDGE,,,,,,JUD,,,1,190,190,19,4,-10.0,6,1,6,4.58937198067633,3,"White House, District of Columbia, United States",US,USDC,38.8951,-77.0364,531871,3,"White House, District of Columbia, United States",US,USDC,38.8951,-77.0364,531871,3,"White House, District of Columbia, United States",US,USDC,38.8951,-77.0364,531871,20141004,http://www.huffingtonpost.com/2014/10/04/tom-goldstein-supreme-court_n_5931784.html
316988579,20141004,201410,2014,2014.7507,USA,MISSOURI,USA,,,,,,,,JUD,JUDGE,,,,,,JUD,,,1,190,190,19,4,-10.0,4,1,4,4.58937198067633,2,"Missouri, United States",US,USMO,38.4623,-92.302,MO,2,"Missouri, United States",US,USMO,38.4623,-92.302,MO,2,"Missouri, United States",US,USMO,38.4623,-92.302,MO,20141004,http://www.huffingtonpost.com/2014/10/04/tom-goldstein-supreme-court_n_5931784.html
316989600,20141004,201410,2014,2014.7507,USA,PENNSYLVANIA,USA,,,,,,,,MIL,AIR FORCE,,,,,,MIL,,,0,046,046,04,1,7.0,1,1,1,3.08045977011494,2,"Alaska, United States",US,USAK,61.385,-152.268,AK,2,"Pennsylvania, United States",US,USPA,40.5773,-77.264,PA,2,"Pennsylvania, United States",US,USPA,40.5773,-77.264,PA,20141004,http://www.msn.com/en-us/news/magazine/the-alaskan-town-where-people-still-pan-for-gold/ar-BB6nbg1
316989608,20141004,201410,2014,2014.7507,USA,PENNSYLVANIA,USA,,,,,,,,MIL,AIR FORCE,,,,,,MIL,,,0,046,046,04,1,7.0,1,1,1,3.08045977011494,2,"Pennsylvania, United States",US,USPA,40.5773,-77.264,PA,2,"Pennsylvania, United States",US,USPA,40.5773,-77.264,PA,2,"Pennsylvania, United States",US,USPA,40.5773,-77.264,PA,20141004,http://www.msn.com/en-us/news/magazine/the-alaskan-town-where-people-still-pan-for-gold/ar-BB6nbg1
316989692,20141004,201410,2014,2014.7507,USA,UNITED STATES,USA,,,,,,,,MIL,ARMY,,,,,,MIL,,,1,193,193,19,4,-10.0,4,1,4,3.42075256556442,2,"Texas, United States",US,USTX,31.106,-97.6475,TX,2,"Texas, United States",US,USTX,31.106,-97.6475,TX,2,"Texas, United States",US,USTX,31.106,-97.6475,TX,20141004,http://www.armytimes.com/article/20140926/NEWS/309260036/Tim-Kennedy-nears-shot-UFC-gold
316996969,20141004,201410,2014,2014.7507,VNM,VIETNAM,VNM,,,,,,,,,,,,,,,,,,0,010,010,01,1,0.0,4,1,4,3.08045977011494,1,"Vietnam, Republic Of",VM,VM,16,106,VM,0,,,,,,,1,"Vietnam, Republic Of",VM,VM,16,106,VM,20141004,http://www.msn.com/en-us/news/magazine/the-alaskan-town-where-people-still-pan-for-gold/ar-BB6nbg1
316996972,20141004,201410,2014,2014.7507,VNM,VIETNAM,VNM,,,,,,,,,,,,,,,,,,0,016,016,01,1,-2.0,12,3,12,2.48803827751196,1,"Vietnam, Republic Of",VM,VM,16,106,VM,0,,,,,,,1,"Vietnam, Republic Of",VM,VM,16,106,VM,20141004,http://www.armytimes.com/article/20141004/NEWS/310040032/This-military-faker-tricked-a-town-and-a-Gold-Star-family
316997101,20141004,201410,2014,2014.7507,VNM,VIETNAM,VNM,,,,,,,,MED,MEDIA,,,,,,MED,,,0,046,046,04,1,7.0,12,3,12,2.48803827751196,1,"Vietnam, Republic Of",VM,VM,16,106,VM,2,"North Dakota, United States",US,USND,47.5362,-99.793,ND,2,"North Dakota, United States",US,USND,47.5362,-99.793,ND,20141004,http://www.armytimes.com/article/20141004/NEWS/310040032/This-military-faker-tricked-a-town-and-a-Gold-Star-family
316997102,20141004,201410,2014,2014.7507,VNM,VIETNAM,VNM,,,,,,,,MED,MEDIA,,,,,,MED,,,0,046,046,04,1,7.0,12,3,12,2.48803827751196,1,"Vietnam, Republic Of",VM,VM,16,106,VM,1,"Vietnam, Republic Of",VM,VM,16,106,VM,1,"Vietnam, Republic Of",VM,VM,16,106,VM,20141004,http://www.armytimes.com/article/20141004/NEWS/310040032/This-military-faker-tricked-a-town-and-a-Gold-Star-family
316997678,20141004,201410,2014,2014.7507,ZMB,ZAMBIA,ZMB,,,,,,,,MNCGBR,RIO TINTO,GBR,,,,,MNC,,,1,192,192,19,4,-9.5,4,1,4,2.52004581901489,1,Chile,CI,CI,-30,-71,CI,1,Chile,CI,CI,-30,-71,CI,1,Chile,CI,CI,-30,-71,CI,20141004,http://seekingalpha.com/article/2540185-barrick-gold-is-still-paying-for-its-sins
316998154,20141004,201410,2014,2014.7507,idg,INDIGENOUS,,,idg,,,,,,CHL,CHILE,CHL,,,,,,,,0,057,057,05,1,8.0,2,1,2,2.52004581901489,4,"Lumwana, Eastern, Zambia",ZA,ZA06,-11.8235,25.1326,-2291645,4,"Lumwana, Eastern, Zambia",ZA,ZA06,-11.8235,25.1326,-2291645,4,"Lumwana, Eastern, Zambia",ZA,ZA06,-11.8235,25.1326,-2291645,20141004,http://seekingalpha.com/article/2540185-barrick-gold-is-still-paying-for-its-sins
316998155,20141004,201410,2014,2014.7507,idg,INDIGENOUS,,,idg,,,,,,CHL,CHILE,CHL,,,,,,,,0,057,057,05,1,8.0,8,1,8,2.52004581901489,1,Chile,CI,CI,-30,-71,CI,1,Chile,CI,CI,-30,-71,CI,1,Chile,CI,CI,-30,-71,CI,20141004,http://seekingalpha.com/article/2540185-barrick-gold-is-still-paying-for-its-sins
