GLOBALEVENTID,SQLDATE,MonthYear,Year,FractionDate,Actor1Code,Actor1Name,Actor1CountryCode,Actor1KnownGroupCode,Actor1EthnicCode,Actor1Religion1Code,Actor1Religion2Code,Actor1Type1Code,Actor1Type2Code,Actor1Type3Code,Actor2Code,Actor2Name,Actor2CountryCode,Actor2KnownGroupCode,Actor2EthnicCode,Actor2Religion1Code,Actor2Religion2Code,Actor2Type1Code,Actor2Type2Code,Actor2Type3Code,IsRootEvent,EventCode,EventBaseCode,EventRootCode,QuadClass,GoldsteinScale,NumMentions,NumSources,NumArticles,AvgTone,Actor1Geo_Type,Actor1Geo_FullName,Actor1Geo_CountryCode,Actor1Geo_ADM1Code,Actor1Geo_Lat,Actor1Geo_Long,Actor1Geo_FeatureID,Actor2Geo_Type,Actor2Geo_FullName,Actor2Geo_CountryCode,Actor2Geo_ADM1Code,Actor2Geo_Lat,Actor2Geo_Long,Actor2Geo_FeatureID,ActionGeo_Type,ActionGeo_FullName,ActionGeo_CountryCode,ActionGeo_ADM1Code,ActionGeo_Lat,ActionGeo_Long,ActionGeo_FeatureID,DATEADDED,SOURCEURL
469361160,20150923,201509,2015,2015.7205,BRA,BRAZIL,BRA,,,,,,,,,,,,,,,,,,1,010,010,01,1,0.0,32,3,24,4.66523014255487,4,"Eldorado, ParanáR, Brazil",BR,BR18,-23.7667,-51.25,-640673,0,,,,,,,4,"Eldorado, ParanáR, Brazil",BR,BR18,-23.7667,-51.25,-640673,20150923,http://dcprogressive.org/2015/09/22/eldorado-gold-corp-receives-consensus-rating-of-hold-from-analysts-nyseego/
469361179,20150923,201509,2015,2015.7205,BUS,COMPANIES,,,,,,BUS,,,,,,,,,,,,,1,010,010,01,1,0.0,893,118,893,-0.826208991517458,2,"New York, United States",US,USNY,42.1497,-74.9384,NY,0,,,,,,,2,"New York, United States",US,USNY,42.1497,-74.9384,NY,20150923,http://www.themalaymailonline.com/money/article/goldman-ceo-blankfein-says-has-highly-curable-form-of-cancer
469361255,20150923,201509,2015,2015.7205,BUS,COMPANIES,,,,,,BUS,,,,,,,,,,,,,1,071,071,07,2,7.4,20,2,20,5.21085322000653,4,"Randgold, Gauteng, South Africa",SF,SF06,-25.944,27.4974,-1274768,0,,,,,,,1,Ghana,GH,GH,8,-2,GH,20150923,http://www.nasdaq.com/article/anglogold-ashanti-partners-with-randgold-to-revamp-mine-cm522737
469361263,20150923,201509,2015,2015.7205,BUS,COMPANY,,,,,,BUS,,,,,,,,,,,,,1,090,090,09,2,-2.0,455,38,435,1.08642763005359,0,,,,,,,0,,,,,,,0,,,,,,,20150923,http://www.armidaleexpress.com.au/story/2629966/golden-idea-for-uralla-mining/?cs=4054
469361375,20150923,201509,2015,2015.7205,BUSCVL,BUSINESS,,,,,,BUS,CVL,,IRL,IRELAND,IRL,,,,,,,,1,100,100,10,3,-5.0,6,1,6,-0.60790273556231,4,"Dublin, Dublin, Ireland",EI,EI07,53.3331,-6.24889,-1502554,4,"Dublin, Dublin, Ireland",EI,EI07,53.3331,-6.24889,-1502554,4,"Dublin, Dublin, Ireland",EI,EI07,53.3331,-6.24889,-1502554,20150923,http://www.bloomberg.com/news/articles/2015-09-22/after-goldman-volley-adams-seeks-to-court-irish-executives
469361376,20150923,201509,2015,2015.7205,BUSCVL,BUSINESS,,,,,,BUS,CVL,,IRL,IRELAND,IRL,,,,,,,,1,100,100,10,3,-5.0,4,1,4,-0.60790273556231,1,Greece,GR,GR,39,22,GR,1,Greece,GR,GR,39,22,GR,1,Greece,GR,GR,39,22,GR,20150923,http://www.bloomberg.com/news/articles/2015-09-22/after-goldman-volley-adams-seeks-to-court-irish-executives
469362943,20150923,201509,2015,2015.7205,GOV,SOVEREIGN,,,,,,GOV,,,,,,,,,,,,,1,014,014,01,1,0.0,455,43,400,-2.93418304958433,0,,,,,,,0,,,,,,,0,,,,,,,20150923,http://www.armidaleexpress.com.au/story/2629966/golden-idea-for-uralla-mining/?cs=4054
469364249,20150923,201509,2015,2015.7205,MNCCAN,ELDORADO GOLD CORP,CAN,,,,,MNC,,,,,,,,,,,,,1,010,010,01,1,0.0,8,3,6,4.66523014255487,4,"Eldorado, ParanáR, Brazil",BR,BR18,-23.7667,-51.25,-640673,0,,,,,,,4,"Eldorado, ParanáR, Brazil",BR,BR18,-23.7667,-51.25,-640673,20150923,http://dcprogressive.org/2015/09/22/eldorado-gold-corp-receives-consensus-rating-of-hold-from-analysts-nyseego/
469364997,20150923,201509,2015,2015.7205,USA,UNITED STATES,USA,,,,,,,,,,,,,,,,,,1,010,010,01,1,0.0,143,6,141,-2.33474778072672,3,"Brooklyn, New York, United States",US,USNY,42.3442,-75.1704,944840,0,,,,,,,3,"Brooklyn, New York, United States",US,USNY,42.3442,-75.1704,944840,20150923,http://www.watoday.com.au/business/banking-and-finance/goldmans-lloyd-blankfein-has-highly-curable-form-of-cancer-20150922-gjsptr.html
469369251,20150923,201509,2015,2015.7205,,,,,,,,,,,LAB,EMPLOYEE,,,,,,LAB,,,0,036,036,03,1,4.0,10,1,10,-1.53061224489796,0,,,,,,,2,"New York, United States",US,USNY,42.1497,-74.9384,NY,2,"New York, United States",US,USNY,42.1497,-74.9384,NY,20150923,http://www.afr.com/business/banking-and-finance/empty-floor-at-goldman-sachs-as-technology-turfs-traders-20150922-gjss9l
469370402,20150923,201509,2015,2015.7205,EDU,COLLEGE,,,,,,EDU,,,,,,,,,,,,,1,111,111,11,3,-2.0,185,16,175,-1.47593837944184,0,,,,,,,0,,,,,,,0,,,,,,,20150923,http://www.nwitimes.com/news/local/govt-and-politics/new-ill-law-bans-golden-parachutes-for-top-college-brass/article_6e9327c4-a4e4-511f-97e6-d7fb96de3a88.html
469371282,20150923,201509,2015,2015.7205,LAB,EMPLOYEE,,,,,,LAB,,,,,,,,,,,,,1,036,036,03,1,4.0,30,2,30,3.15646258503401,2,"New York, United States",US,USNY,42.1497,-74.9384,NY,0,,,,,,,2,"New York, United States",US,USNY,42.1497,-74.9384,NY,20150923,http://www.afr.com/business/banking-and-finance/empty-floor-at-goldman-sachs-as-technology-turfs-traders-20150922-gjss9l
469371631,20150923,201509,2015,2015.7205,MNCUSA,GOLDMAN SACHS,USA,,,,,MNC,,,USA,NEW YORK,USA,,,,,,,,1,192,192,19,4,-9.5,10,1,10,-1.53061224489796,2,"New York, United States",US,USNY,42.1497,-74.9384,NY,2,"New York, United States",US,USNY,42.1497,-74.9384,NY,2,"New York, United States",US,USNY,42.1497,-74.9384,NY,20150923,http://www.afr.com/business/banking-and-finance/empty-floor-at-goldman-sachs-as-technology-turfs-traders-20150922-gjss9l
469374487,20150923,201509,2015,2015.7205,,,,,,,,,,,ARE,UNITED ARAB EMIRATES,ARE,,,,,,,,1,043,043,04,1,2.8,2,1,2,0.77519379844961,0,,,,,,,4,"Hyderabad, Andhra Pradesh, India",IN,IN02,17.3753,78.4744,-2097701,4,"Hyderabad, Andhra Pradesh, India",IN,IN02,17.3753,78.4744,-2097701,20150923,http://timesofindia.indiatimes.com/city/hyderabad/Rs-45-lakh-worth-gold-seized-from-woman-at-RGIA/articleshow/49067090.cms
469374488,20150923,201509,2015,2015.7205,,,,,,,,,,,ARE,ABU DHABI,ARE,,,,,,,,1,043,043,04,1,2.8,8,1,8,0.77519379844961,0,,,,,,,4,"Abu Dhabi, Abu Z¸aby, United Arab Emirates",AE,AE01,24.4667,54.3667,-782066,4,"Hyderabad, Andhra Pradesh, India",IN,IN02,17.3753,78.4744,-2097701,20150923,http://timesofindia.indiatimes.com/city/hyderabad/Rs-45-lakh-worth-gold-seized-from-woman-at-RGIA/articleshow/49067090.cms
469374492,20150923,201509,2015,2015.7205,,,,,,,,,,,AUS,AUSTRALIA,AUS,,,,,,,,0,046,046,04,1,7.0,2,1,2,1.92307692307693,0,,,,,,,1,Australia,AS,AS,-27,133,AS,3,"Denver, Colorado, United States",US,USCO,39.7392,-104.985,201738,20150923,http://www.afr.com/business/mining/gold/newmont-mining-keen-on-barrick-gold-in-australia--dont-mention-the-us-20150922-gjsrv1
469374556,20150923,201509,2015,2015.7205,,,,,,,,,,,CRM,ROBBER,,,,,,CRM,,,1,0841,084,08,2,7.0,120,8,120,-8.46063194750407,0,,,,,,,0,,,,,,,0,,,,,,,20150923,http://www.goldcoastbulletin.com.au/news/breaking-news/masked-robber-sprays-petrol-on-melb-worker/story-fnjbnvyk-1227539912267
469374925,20150923,201509,2015,2015.7205,ARE,ABU DHABI,ARE,,,,,,,,,,,,,,,,,,1,042,042,04,1,1.9,10,1,10,0.77519379844961,4,"Hyderabad, Andhra Pradesh, India",IN,IN02,17.3753,78.4744,-2097701,0,,,,,,,4,"Hyderabad, Andhra Pradesh, India",IN,IN02,17.3753,78.4744,-2097701,20150923,http://timesofindia.indiatimes.com/city/hyderabad/Rs-45-lakh-worth-gold-seized-from-woman-at-RGIA/articleshow/49067090.cms
469374939,20150923,201509,2015,2015.7205,AUS,AUSTRALIA,AUS,,,,,,,,,,,,,,,,,,0,046,046,04,1,7.0,2,1,2,1.92307692307693,1,Australia,AS,AS,-27,133,AS,0,,,,,,,3,"Denver, Colorado, United States",US,USCO,39.7392,-104.985,201738,20150923,http://www.afr.com/business/mining/gold/newmont-mining-keen-on-barrick-gold-in-australia--dont-mention-the-us-20150922-gjsrv1
469374954,20150923,201509,2015,2015.7205,AUS,WESTERN AUSTRALIA,AUS,,,,,,,,USA,DENVER,USA,,,,,,,,1,010,010,01,1,0.0,2,1,2,1.92307692307693,1,Australia,AS,AS,-27,133,AS,1,Australia,AS,AS,-27,133,AS,1,Australia,AS,AS,-27,133,AS,20150923,http://www.afr.com/business/mining/gold/newmont-mining-keen-on-barrick-gold-in-australia--dont-mention-the-us-20150922-gjsrv1
469374955,20150923,201509,2015,2015.7205,AUS,WESTERN AUSTRALIA,AUS,,,,,,,,USA,DENVER,USA,,,,,,,,1,010,010,01,1,0.0,2,1,2,1.92307692307693,1,Peru,PE,PE,-10,-76,PE,1,Australia,AS,AS,-27,133,AS,1,Australia,AS,AS,-27,133,AS,20150923,http://www.afr.com/business/mining/gold/newmont-mining-keen-on-barrick-gold-in-australia--dont-mention-the-us-20150922-gjsrv1
469374956,20150923,201509,2015,2015.7205,AUS,WESTERN AUSTRALIA,AUS,,,,,,,,USA,DENVER,USA,,,,,,,,1,010,010,01,1,0.0,6,1,6,1.92307692307693,1,Peru,PE,PE,-10,-76,PE,1,Peru,PE,PE,-10,-76,PE,1,Peru,PE,PE,-10,-76,PE,20150923,http://www.afr.com/business/mining/gold/newmont-mining-keen-on-barrick-gold-in-australia--dont-mention-the-us-20150922-gjsrv1
469374957,20150923,201509,2015,2015.7205,AUS,AUSTRALIA,AUS,,,,,,,,USA,UNITED STATES,USA,,,,,,,,0,046,046,04,1,7.0,2,1,2,1.92307692307693,1,Australia,AS,AS,-27,133,AS,3,"Denver, Colorado, United States",US,USCO,39.7392,-104.985,201738,3,"Denver, Colorado, United States",US,USCO,39.7392,-104.985,201738,20150923,http://www.afr.com/business/mining/gold/newmont-mining-keen-on-barrick-gold-in-australia--dont-mention-the-us-20150922-gjsrv1
469375053,20150923,201509,2015,2015.7205,BUS,BUSINESS,,,,,,BUS,,,,,,,,,,,,,1,031,031,03,1,5.2,90,7,90,0.259272452268693,0,,,,,,,0,,,,,,,0,,,,,,,20150923,http://www.4-traders.com/GOLDMAN-SACHS-GROUP-INC-12831/news/Goldman-CEO-Lloyd-Blankfein-Has-Lymphoma-8th-Update-21081062/
469375811,20150923,201509,2015,2015.7205,EDU,PROFESSOR,,,,,,EDU,,,GOV,GOVERNANCE,,,,,,GOV,,,1,013,013,01,1,0.4,35,6,35,1.65593460672283,0,,,,,,,0,,,,,,,0,,,,,,,20150923,http://www.4-traders.com/GOLDMAN-SACHS-GROUP-INC-12831/news/Goldman-CEO-Lloyd-Blankfein-Has-Lymphoma-8th-Update-21081062/
469376285,20150923,201509,2015,2015.7205,HLH,HOSPITAL,,,,,,HLH,,,EDU,SCHOOL,,,,,,EDU,,,1,051,051,05,1,3.4,10,1,10,4.84429065743945,0,,,,,,,0,,,,,,,0,,,,,,,20150923,http://www.solomonstarnews.com/news/national/8514-helena-goldie-hospital-gets-support
469376286,20150923,201509,2015,2015.7205,HLH,HOSPITAL,,,,,,HLH,,,EDU,SCHOOL,,,,,,EDU,,,1,060,060,06,2,6.0,10,1,10,4.84429065743945,0,,,,,,,0,,,,,,,0,,,,,,,20150923,http://www.solomonstarnews.com/news/national/8514-helena-goldie-hospital-gets-support
469377406,20150923,201509,2015,2015.7205,USA,NEVADA,USA,,,,,,,,,,,,,,,,,,1,020,020,02,1,3.0,35,7,35,-1.69121478018301,2,"Nevada, United States",US,USNV,38.4199,-117.122,NV,0,,,,,,,2,"Nevada, United States",US,USNV,38.4199,-117.122,NV,20150923,http://www.afr.com/business/mining/gold/newmont-mining-keen-on-barrick-gold-in-australia--dont-mention-the-us-20150922-gjsrv1
469377597,20150923,201509,2015,2015.7205,USA,UNITED STATES,USA,,,,,,,,AUS,AUSTRALIA,AUS,,,,,,,,0,046,046,04,1,7.0,2,1,2,1.92307692307693,3,"Denver, Colorado, United States",US,USCO,39.7392,-104.985,201738,1,Australia,AS,AS,-27,133,AS,3,"Denver, Colorado, United States",US,USCO,39.7392,-104.985,201738,20150923,http://www.afr.com/business/mining/gold/newmont-mining-keen-on-barrick-gold-in-australia--dont-mention-the-us-20150922-gjsrv1
469380238,20150923,201509,2015,2015.7205,,,,,,,,,,,EDU,PROFESSOR,,,,,,EDU,,,0,042,042,04,1,1.9,10,1,10,-0.84745762711864,0,,,,,,,2,"Illinois, United States",US,USIL,40.3363,-89.0022,IL,2,"Illinois, United States",US,USIL,40.3363,-89.0022,IL,20150923,http://qctimes.com/business/new-law-bans-golden-parachutes-for-top-college-brass/article_6e0e2808-9b8d-5e10-ace0-8c317b2f6723.html
469380256,20150923,201509,2015,2015.7205,,,,,,,,,,,GOV,KING,,,,,,GOV,,,0,042,042,04,1,1.9,10,1,10,1.61917098445596,0,,,,,,,4,"Williams Lake, British Columbia, Canada",CA,CA02,52.1167,-122.15,-576014,4,"Williams Lake, British Columbia, Canada",CA,CA02,52.1167,-122.15,-576014,20150923,http://www.northernminer.com/news/pretium-breaks-ground-at-b-c-s-next-major-gold-mine/1003707331/
469380650,20150923,201509,2015,2015.7205,BUS,COMPANY,,,,,,BUS,,,,,,,,,,,,,0,020,020,02,1,3.0,6,1,6,1.61917098445596,4,"Williams Lake, British Columbia, Canada",CA,CA02,52.1167,-122.15,-576014,0,,,,,,,4,"Williams Lake, British Columbia, Canada",CA,CA02,52.1167,-122.15,-576014,20150923,http://www.northernminer.com/news/pretium-breaks-ground-at-b-c-s-next-major-gold-mine/1003707331/
469380652,20150923,201509,2015,2015.7205,BUS,COMPANY,,,,,,BUS,,,,,,,,,,,,,1,020,020,02,1,3.0,226,28,208,0.337003347911022,1,United Kingdom,UK,UK,54,-2,UK,0,,,,,,,1,United Kingdom,UK,UK,54,-2,UK,20150923,http://www.northernminer.com/news/pretium-breaks-ground-at-b-c-s-next-major-gold-mine/1003707331/
469380697,20150923,201509,2015,2015.7205,BUS,COMPANY,,,,,,BUS,,,CHN,CHINA,CHN,,,,,,,,0,071,071,07,2,7.4,6,1,6,1.61917098445596,4,"Williams Lake, British Columbia, Canada",CA,CA02,52.1167,-122.15,-576014,4,"Williams Lake, British Columbia, Canada",CA,CA02,52.1167,-122.15,-576014,4,"Williams Lake, British Columbia, Canada",CA,CA02,52.1167,-122.15,-576014,20150923,http://www.northernminer.com/news/pretium-breaks-ground-at-b-c-s-next-major-gold-mine/1003707331/
469380698,20150923,201509,2015,2015.7205,BUS,COMPANY,,,,,,BUS,,,CHN,CHINA,CHN,,,,,,,,0,071,071,07,2,7.4,4,1,4,1.61917098445596,4,"Williams Lake, British Columbia, Canada",CA,CA02,52.1167,-122.15,-576014,1,United Kingdom,UK,UK,54,-2,UK,1,United Kingdom,UK,UK,54,-2,UK,20150923,http://www.northernminer.com/news/pretium-breaks-ground-at-b-c-s-next-major-gold-mine/1003707331/
469380801,20150923,201509,2015,2015.7205,CHR,CHRISTIAN,,,,CHR,,,,,,,,,,,,,,,0,020,020,02,1,3.0,12,2,12,2.19653122293094,3,"Denver, Colorado, United States",US,USCO,39.7392,-104.985,201738,0,,,,,,,3,"Denver, Colorado, United States",US,USCO,39.7392,-104.985,201738,20150923,http://www.kitco.com/news/2015-09-22/CPM-Group-s-Christian-Looks-For-Gold-Prices-To-Accelerate-Upward-In-Two-Years.html
469380802,20150923,201509,2015,2015.7205,CHR,CHRISTIAN,,,,CHR,,,,,,,,,,,,,,,1,020,020,02,1,3.0,28,3,22,1.87998174629311,2,"New York, United States",US,USNY,42.1497,-74.9384,NY,0,,,,,,,2,"New York, United States",US,USNY,42.1497,-74.9384,NY,20150923,http://www.kitco.com/news/2015-09-22/CPM-Group-s-Christian-Looks-For-Gold-Prices-To-Accelerate-Upward-In-Two-Years.html
469381241,20150923,201509,2015,2015.7205,EDU,PROFESSOR,,,,,,EDU,,,,,,,,,,,,,0,043,043,04,1,2.8,10,1,10,-0.84745762711864,2,"Illinois, United States",US,USIL,40.3363,-89.0022,IL,0,,,,,,,2,"Illinois, United States",US,USIL,40.3363,-89.0022,IL,20150923,http://qctimes.com/business/new-law-bans-golden-parachutes-for-top-college-brass/article_6e0e2808-9b8d-5e10-ace0-8c317b2f6723.html
469381248,20150923,201509,2015,2015.7205,EDU,COLLEGE,,,,,,EDU,,,,,,,,,,,,,1,111,111,11,3,-2.0,1,1,1,-0.84745762711864,2,"Illinois, United States",US,USIL,40.3363,-89.0022,IL,0,,,,,,,2,"Illinois, United States",US,USIL,40.3363,-89.0022,IL,20150923,http://qctimes.com/business/new-law-bans-golden-parachutes-for-top-college-brass/article_6e0e2808-9b8d-5e10-ace0-8c317b2f6723.html
469381302,20150923,201509,2015,2015.7205,EDUBUS,UNIVERSITY,,,,,,EDU,BUS,,USA,ILLINOIS,USA,,,,,,,,0,040,040,04,1,1.0,2,1,2,-0.84745762711864,2,"Illinois, United States",US,USIL,40.3363,-89.0022,IL,3,"University Of Illinois, Illinois, United States",US,USIL,40.1086,-88.2284,420156,2,"Illinois, United States",US,USIL,40.3363,-89.0022,IL,20150923,http://qctimes.com/business/new-law-bans-golden-parachutes-for-top-college-brass/article_6e0e2808-9b8d-5e10-ace0-8c317b2f6723.html
469381303,20150923,201509,2015,2015.7205,EDUBUS,UNIVERSITY,,,,,,EDU,BUS,,USA,ILLINOIS,USA,,,,,,,,0,040,040,04,1,1.0,8,1,8,-0.84745762711864,2,"Illinois, United States",US,USIL,40.3363,-89.0022,IL,2,"Illinois, United States",US,USIL,40.3363,-89.0022,IL,2,"Illinois, United States",US,USIL,40.3363,-89.0022,IL,20150923,http://qctimes.com/business/new-law-bans-golden-parachutes-for-top-college-brass/article_6e0e2808-9b8d-5e10-ace0-8c317b2f6723.html
469381495,20150923,201509,2015,2015.7205,GOV,KING,,,,,,GOV,,,,,,,,,,,,,0,043,043,04,1,2.8,6,1,6,1.61917098445596,4,"Williams Lake, British Columbia, Canada",CA,CA02,52.1167,-122.15,-576014,0,,,,,,,4,"Williams Lake, British Columbia, Canada",CA,CA02,52.1167,-122.15,-576014,20150923,http://www.northernminer.com/news/pretium-breaks-ground-at-b-c-s-next-major-gold-mine/1003707331/
469382649,20150923,201509,2015,2015.7205,USA,UNITED STATES,USA,,,,,,,,,,,,,,,,,,1,020,020,02,1,3.0,33,7,31,-0.828496962480314,3,"Denver, Colorado, United States",US,USCO,39.7392,-104.985,201738,0,,,,,,,3,"Denver, Colorado, United States",US,USCO,39.7392,-104.985,201738,20150923,http://www.kitco.com/news/2015-09-22/CPM-Group-s-Christian-Looks-For-Gold-Prices-To-Accelerate-Upward-In-Two-Years.html
469382785,20150923,201509,2015,2015.7205,USA,UNITED STATES,USA,,,,,,,,,,,,,,,,,,1,111,111,11,3,-2.0,8,2,8,0.76674737691687,2,"Illinois, United States",US,USIL,40.3363,-89.0022,IL,0,,,,,,,2,"Illinois, United States",US,USIL,40.3363,-89.0022,IL,20150923,http://qctimes.com/business/new-law-bans-golden-parachutes-for-top-college-brass/article_6e0e2808-9b8d-5e10-ace0-8c317b2f6723.html
469382990,20150923,201509,2015,2015.7205,USA,UNITED STATES,USA,,,,,,,,EDU,COLLEGE,,,,,,EDU,,,1,111,111,11,3,-2.0,2,1,2,-0.84745762711864,2,"Illinois, United States",US,USIL,40.3363,-89.0022,IL,2,"Illinois, United States",US,USIL,40.3363,-89.0022,IL,2,"Illinois, United States",US,USIL,40.3363,-89.0022,IL,20150923,http://qctimes.com/business/new-law-bans-golden-parachutes-for-top-college-brass/article_6e0e2808-9b8d-5e10-ace0-8c317b2f6723.html
469382992,20150923,201509,2015,2015.7205,USA,ILLINOIS,USA,,,,,,,,EDUBUS,UNIVERSITY,,,,,,EDU,BUS,,0,040,040,04,1,1.0,2,1,2,-0.84745762711864,3,"University Of Illinois, Illinois, United States",US,USIL,40.1086,-88.2284,420156,2,"Illinois, United States",US,USIL,40.3363,-89.0022,IL,2,"Illinois, United States",US,USIL,40.3363,-89.0022,IL,20150923,http://qctimes.com/business/new-law-bans-golden-parachutes-for-top-college-brass/article_6e0e2808-9b8d-5e10-ace0-8c317b2f6723.html
469382993,20150923,201509,2015,2015.7205,USA,ILLINOIS,USA,,,,,,,,EDUBUS,UNIVERSITY,,,,,,EDU,BUS,,0,040,040,04,1,1.0,8,1,8,-0.84745762711864,2,"Illinois, United States",US,USIL,40.3363,-89.0022,IL,2,"Illinois, United States",US,USIL,40.3363,-89.0022,IL,2,"Illinois, United States",US,USIL,40.3363,-89.0022,IL,20150923,http://qctimes.com/business/new-law-bans-golden-parachutes-for-top-college-brass/article_6e0e2808-9b8d-5e10-ace0-8c317b2f6723.html
469383210,20150923,201509,2015,2015.7205,USACHR,UNITED STATES,USA,,,CHR,,,,,,,,,,,,,,,0,020,020,02,1,3.0,8,2,4,2.19653122293094,3,"Denver, Colorado, United States",US,USCO,39.7392,-104.985,201738,0,,,,,,,3,"Denver, Colorado, United States",US,USCO,39.7392,-104.985,201738,20150923,http://www.kitco.com/news/2015-09-22/CPM-Group-s-Christian-Looks-For-Gold-Prices-To-Accelerate-Upward-In-Two-Years.html
469383211,20150923,201509,2015,2015.7205,USACHR,UNITED STATES,USA,,,CHR,,,,,,,,,,,,,,,1,020,020,02,1,3.0,2,1,2,1.7156862745098,2,"New York, United States",US,USNY,42.1497,-74.9384,NY,0,,,,,,,2,"New York, United States",US,USNY,42.1497,-74.9384,NY,20150923,http://www.kitco.com/news/2015-09-22/CPM-Group-s-Christian-Looks-For-Gold-Prices-To-Accelerate-Upward-In-Two-Years.html
469385046,20150923,201509,2015,2015.7205,,,,,,,,,,,MNCUSA,GOLDMAN SACHS,USA,,,,,MNC,,,1,100,100,10,3,-5.0,6,2,6,-1.37219800747198,0,,,,,,,4,"Beltany, Donegal, Ireland",EI,EI06,55.1,-8.13333,-1500915,4,"Beltany, Donegal, Ireland",EI,EI06,55.1,-8.13333,-1500915,20150923,http://www.irishtimes.com/business/commercial-property/legal-dispute-over-radisson-blu-hotel-on-golden-lane-settled-1.2362208
469385380,20150923,201509,2015,2015.7205,BUS,MERCHANT,,,,,,BUS,,,MNCUSABUS,GOLDMAN SACHS,USA,,,,,MNC,BUS,,1,190,190,19,4,-10.0,10,1,10,-1.25,4,"Beltany, Donegal, Ireland",EI,EI06,55.1,-8.13333,-1500915,4,"Beltany, Donegal, Ireland",EI,EI06,55.1,-8.13333,-1500915,4,"Beltany, Donegal, Ireland",EI,EI06,55.1,-8.13333,-1500915,20150923,http://www.irishtimes.com/business/commercial-property/legal-dispute-over-radisson-blu-hotel-on-golden-lane-settled-1.2362208
469385841,20150923,201509,2015,2015.7205,DEU,GERMAN,DEU,,,,,,,,REF,REFUGEE,,,,,,REF,,,1,090,090,09,2,-2.0,10,1,10,-6.57894736842105,1,Germany,GM,GM,51,9,GM,1,Germany,GM,GM,51,9,GM,1,Germany,GM,GM,51,9,GM,20150923,http://www.ad-hoc-news.de/rhatigan-group-beltany-and-goldman-sachs-agree-to-settle--/de/News/46028688
469385959,20150923,201509,2015,2015.7205,EGY,LUXOR,EGY,,,,,,,,JUD,HIGH COURT,,,,,,JUD,,,0,100,100,10,3,-5.0,10,1,10,-1.25,4,"Beltany, Donegal, Ireland",EI,EI06,55.1,-8.13333,-1500915,4,"Beltany, Donegal, Ireland",EI,EI06,55.1,-8.13333,-1500915,4,"Beltany, Donegal, Ireland",EI,EI06,55.1,-8.13333,-1500915,20150923,http://www.irishtimes.com/business/commercial-property/legal-dispute-over-radisson-blu-hotel-on-golden-lane-settled-1.2362208
469386350,20150923,201509,2015,2015.7205,HLH,DOCTOR,,,,,,HLH,,,,,,,,,,,,,1,110,110,11,3,-2.0,2,1,2,-6.57894736842105,1,Germany,GM,GM,51,9,GM,0,,,,,,,1,Nigeria,NI,NI,10,8,NI,20150923,http://www.ad-hoc-news.de/rhatigan-group-beltany-and-goldman-sachs-agree-to-settle--/de/News/46028688
469386351,20150923,201509,2015,2015.7205,HLH,DOCTOR,,,,,,HLH,,,,,,,,,,,,,1,110,110,11,3,-2.0,8,1,8,-6.57894736842105,1,Nigeria,NI,NI,10,8,NI,0,,,,,,,1,Nigeria,NI,NI,10,8,NI,20150923,http://www.ad-hoc-news.de/rhatigan-group-beltany-and-goldman-sachs-agree-to-settle--/de/News/46028688
469386408,20150923,201509,2015,2015.7205,IGOSEAASN,ASEAN,SEA,ASN,,,,IGO,,,,,,,,,,,,,1,018,018,01,1,3.4,5,1,5,0,1,Hong Kong,HK,HK,22.25,114.167,HK,0,,,,,,,1,India,IN,IN,20,77,IN,20150923,http://blogs.barrons.com/asiastocks/2015/09/22/goldmans-best-asia-stock-ideas/
469386409,20150923,201509,2015,2015.7205,IGOSEAASN,ASEAN,SEA,ASN,,,,IGO,,,,,,,,,,,,,1,080,080,08,2,5.0,5,1,5,0,1,Indonesia,ID,ID,-5,120,ID,0,,,,,,,1,China,CH,CH,35,105,CH,20150923,http://blogs.barrons.com/asiastocks/2015/09/22/goldmans-best-asia-stock-ideas/
469386535,20150923,201509,2015,2015.7205,IRL,IRELAND,IRL,,,,,,,,MNCUSA,GOLDMAN SACHS,USA,,,,,MNC,,,1,030,030,03,1,4.0,10,2,10,-1.37219800747198,4,"Beltany, Donegal, Ireland",EI,EI06,55.1,-8.13333,-1500915,4,"Beltany, Donegal, Ireland",EI,EI06,55.1,-8.13333,-1500915,4,"Beltany, Donegal, Ireland",EI,EI06,55.1,-8.13333,-1500915,20150923,http://www.irishtimes.com/business/commercial-property/legal-dispute-over-radisson-blu-hotel-on-golden-lane-settled-1.2362208
469386536,20150923,201509,2015,2015.7205,IRL,IRELAND,IRL,,,,,,,,MNCUSA,GOLDMAN SACHS,USA,,,,,MNC,,,1,100,100,10,3,-5.0,12,2,12,-1.37219800747198,4,"Beltany, Donegal, Ireland",EI,EI06,55.1,-8.13333,-1500915,4,"Beltany, Donegal, Ireland",EI,EI06,55.1,-8.13333,-1500915,4,"Beltany, Donegal, Ireland",EI,EI06,55.1,-8.13333,-1500915,20150923,http://www.irishtimes.com/business/commercial-property/legal-dispute-over-radisson-blu-hotel-on-golden-lane-settled-1.2362208
469386537,20150923,201509,2015,2015.7205,IRL,DUBLIN,IRL,,,,,,,,MNCUSA,GOLDMAN SACHS,USA,,,,,MNC,,,1,100,100,10,3,-5.0,2,2,2,-1.37219800747198,4,"Dublin, Dublin, Ireland",EI,EI07,53.3331,-6.24889,-1502554,4,"Beltany, Donegal, Ireland",EI,EI06,55.1,-8.13333,-1500915,4,"Beltany, Donegal, Ireland",EI,EI06,55.1,-8.13333,-1500915,20150923,http://www.irishtimes.com/business/commercial-property/legal-dispute-over-radisson-blu-hotel-on-golden-lane-settled-1.2362208
469387032,20150923,201509,2015,2015.7205,MNCUSA,GOLDMAN SACHS,USA,,,,,MNC,,,IRL,IRELAND,IRL,,,,,,,,1,030,030,03,1,4.0,10,2,10,-1.37219800747198,4,"Beltany, Donegal, Ireland",EI,EI06,55.1,-8.13333,-1500915,4,"Beltany, Donegal, Ireland",EI,EI06,55.1,-8.13333,-1500915,4,"Beltany, Donegal, Ireland",EI,EI06,55.1,-8.13333,-1500915,20150923,http://www.irishtimes.com/business/commercial-property/legal-dispute-over-radisson-blu-hotel-on-golden-lane-settled-1.2362208
469387039,20150923,201509,2015,2015.7205,MNCUSABUS,GOLDMAN SACHS,USA,,,,,MNC,BUS,,BUS,MERCHANT,,,,,,BUS,,,1,190,190,19,4,-10.0,20,2,20,-1.37219800747198,4,"Beltany, Donegal, Ireland",EI,EI06,55.1,-8.13333,-1500915,4,"Beltany, Donegal, Ireland",EI,EI06,55.1,-8.13333,-1500915,4,"Beltany, Donegal, Ireland",EI,EI06,55.1,-8.13333,-1500915,20150923,http://www.irishtimes.com/business/commercial-property/legal-dispute-over-radisson-blu-hotel-on-golden-lane-settled-1.2362208
469387535,20150923,201509,2015,2015.7205,USA,UNITED STATES,USA,,,,,,,,,,,,,,,,,,1,013,013,01,1,0.4,8,4,8,-1.39187582572779,2,"North Carolina, United States",US,USNC,35.6411,-79.8431,NC,0,,,,,,,2,"North Carolina, United States",US,USNC,35.6411,-79.8431,NC,20150923,http://www.reflector.com/ap/staten/man-gets-3-years-attempt-sell-gold-bar-stolen-heist-2989137
469387656,20150923,201509,2015,2015.7205,USA,MIAMI,USA,,,,,,,,,,,,,,,,,,1,172,172,17,4,-5.0,18,4,18,-2.78748319033789,3,"Miami, Florida, United States",US,USFL,25.7743,-80.1937,295004,0,,,,,,,3,"Miami, Florida, United States",US,USFL,25.7743,-80.1937,295004,20150923,http://www.reflector.com/ap/staten/man-gets-3-years-attempt-sell-gold-bar-stolen-heist-2989137
469387657,20150923,201509,2015,2015.7205,USA,MIAMI,USA,,,,,,,,,,,,,,,,,,1,172,172,17,4,-5.0,8,2,8,-2.49519969278034,3,"Miami, Florida, United States",US,USFL,25.7743,-80.1937,295004,0,,,,,,,2,"North Carolina, United States",US,USNC,35.6411,-79.8431,NC,20150923,http://www.reflector.com/ap/staten/man-gets-3-years-attempt-sell-gold-bar-stolen-heist-2989137
469387659,20150923,201509,2015,2015.7205,USA,UNITED STATES,USA,,,,,,,,,,,,,,,,,,1,172,172,17,4,-5.0,54,4,38,-2.53144540723223,2,"North Carolina, United States",US,USNC,35.6411,-79.8431,NC,0,,,,,,,2,"North Carolina, United States",US,USNC,35.6411,-79.8431,NC,20150923,http://www.reflector.com/ap/staten/man-gets-3-years-attempt-sell-gold-bar-stolen-heist-2989137
469387890,20150923,201509,2015,2015.7205,USA,MIAMI,USA,,,,,,,,MED,SPOKESMAN,,,,,,MED,,,1,090,090,09,2,-2.0,19,3,19,-4.89700639393158,3,"Miami, Florida, United States",US,USFL,25.7743,-80.1937,295004,3,"Miami, Florida, United States",US,USFL,25.7743,-80.1937,295004,3,"Miami, Florida, United States",US,USFL,25.7743,-80.1937,295004,20150923,http://www.reflector.com/ap/staten/man-gets-3-years-attempt-sell-gold-bar-stolen-heist-2989137
469387891,20150923,201509,2015,2015.7205,USA,MIAMI,USA,,,,,,,,MED,SPOKESMAN,,,,,,MED,,,1,112,112,11,3,-2.0,12,2,12,-2.49519969278034,3,"Miami, Florida, United States",US,USFL,25.7743,-80.1937,295004,3,"Miami, Florida, United States",US,USFL,25.7743,-80.1937,295004,3,"Miami, Florida, United States",US,USFL,25.7743,-80.1937,295004,20150923,http://www.reflector.com/ap/staten/man-gets-3-years-attempt-sell-gold-bar-stolen-heist-2989137
469387954,20150923,201509,2015,2015.7205,USA,MIAMI,USA,,,,,,,,USAMED,UNITED STATES,USA,,,,,MED,,,1,090,090,09,2,-2.0,4,2,4,-2.49519969278034,3,"Miami, Florida, United States",US,USFL,25.7743,-80.1937,295004,3,"Miami, Florida, United States",US,USFL,25.7743,-80.1937,295004,3,"Miami, Florida, United States",US,USFL,25.7743,-80.1937,295004,20150923,http://www.reflector.com/ap/staten/man-gets-3-years-attempt-sell-gold-bar-stolen-heist-2989137
469390182,20150923,201509,2015,2015.7205,CHN,CHINA,CHN,,,,,,,,,,,,,,,,,,1,071,071,07,2,7.4,58,10,58,-1.61074162886191,4,"Beijing, Beijing, China",CH,CH22,39.9289,116.388,-1898541,0,,,,,,,4,"Beijing, Beijing, China",CH,CH22,39.9289,116.388,-1898541,20150923,http://artistryingold.ca/members/?p=582
469398331,20150923,201509,2015,2015.7205,BUS,COMPANY,,,,,,BUS,,,,,,,,,,,,,0,020,020,02,1,3.0,10,1,10,2.01096892138939,4,"Copper Hill, South Australia, Australia",AS,AS05,-28,134.45,-1567420,0,,,,,,,4,"Copper Hill, South Australia, Australia",AS,AS05,-28,134.45,-1567420,20150923,http://www.4-traders.com/GOLDEN-CROSS-RESOURCES-LT-10353028/news/Golden-Cross-Resources--RD-Refund-Received-and-Interim-Funding-Finalised-21081167/
469402398,20150923,201509,2015,2015.7205,CHR,CHRISTIAN,,,,CHR,,,,,,,,,,,,,,,1,010,010,01,1,0.0,50,3,50,-2.82874380581897,3,"Washington, District of Columbia, United States",US,USDC,38.8951,-77.0364,531871,0,,,,,,,3,"Washington, District of Columbia, United States",US,USDC,38.8951,-77.0364,531871,20150923,http://www.lifenews.com/2015/09/22/whoopi-goldberg-slams-pro-life-pope-francis-says-theres-nothing-in-the-bible-about-abortion/
469404217,20150923,201509,2015,2015.7205,USA,UNITED STATES,USA,,,,,,,,HLH,HOSPITAL,,,,,,HLH,,,1,071,071,07,2,7.4,4,1,4,3.099173553719,2,"Massachusetts, United States",US,USMA,42.2373,-71.5314,MA,2,"Massachusetts, United States",US,USMA,42.2373,-71.5314,MA,2,"Massachusetts, United States",US,USMA,42.2373,-71.5314,MA,20150923,http://thecollegevoice.org/2015/09/22/senior-reflects-on-receiving-prestigious-goldwater-scholarship/
469404372,20150923,201509,2015,2015.7205,USAEDU,CONNECTICUT,USA,,,,,EDU,,,LEG,SENATOR,,,,,,LEG,,,1,051,051,05,1,3.4,5,1,5,3.099173553719,2,"Massachusetts, United States",US,USMA,42.2373,-71.5314,MA,2,"Massachusetts, United States",US,USMA,42.2373,-71.5314,MA,2,"Massachusetts, United States",US,USMA,42.2373,-71.5314,MA,20150923,http://thecollegevoice.org/2015/09/22/senior-reflects-on-receiving-prestigious-goldwater-scholarship/
469409027,20150923,201509,2015,2015.7205,,,,,,,,,,,SPY,UNDERCOVER AGENT,,,,,,SPY,,,1,020,020,02,1,3.0,18,2,18,-4.40114709851552,0,,,,,,,2,"California, United States",US,USCA,36.17,-119.746,CA,2,"California, United States",US,USCA,36.17,-119.746,CA,20150923,http://www.wmbfnews.com/story/30093549/government-responds-to-request-to-dismiss-charges-in-federal-case-surrounding-the-former-gold-club
469409028,20150923,201509,2015,2015.7205,,,,,,,,,,,SPY,UNDERCOVER AGENT,,,,,,SPY,,,1,064,064,06,2,7.0,10,1,10,-5.83333333333334,0,,,,,,,2,"California, United States",US,USCA,36.17,-119.746,CA,2,"California, United States",US,USCA,36.17,-119.746,CA,20150923,http://www.wmbfnews.com/story/30093549/government-responds-to-request-to-dismiss-charges-in-federal-case-surrounding-the-former-gold-club
469409733,20150923,201509,2015,2015.7205,GOV,GOVERNMENT,,,,,,GOV,,,,,,,,,,,,,1,016,016,01,1,-2.0,10,1,10,-5.83333333333334,3,"San Francisco, California, United States",US,USCA,37.7749,-122.419,277593,0,,,,,,,3,"San Francisco, California, United States",US,USCA,37.7749,-122.419,277593,20150923,http://www.wmbfnews.com/story/30093549/government-responds-to-request-to-dismiss-charges-in-federal-case-surrounding-the-former-gold-club
469409770,20150923,201509,2015,2015.7205,GOV,GOVERNMENT,,,,,,GOV,,,,,,,,,,,,,1,110,110,11,3,-2.0,25,3,25,-3.54849478594099,3,"San Francisco, California, United States",US,USCA,37.7749,-122.419,277593,0,,,,,,,3,"San Francisco, California, United States",US,USCA,37.7749,-122.419,277593,20150923,http://www.wmbfnews.com/story/30093549/government-responds-to-request-to-dismiss-charges-in-federal-case-surrounding-the-former-gold-club
469410123,20150923,201509,2015,2015.7205,JUD,ATTORNEY,,,,,,JUD,,,COP,POLICE OFFICER,,,,,,COP,,,0,016,016,01,1,-2.0,10,1,10,-5.83333333333334,2,"California, United States",US,USCA,36.17,-119.746,CA,2,"California, United States",US,USCA,36.17,-119.746,CA,2,"California, United States",US,USCA,36.17,-119.746,CA,20150923,http://www.wmbfnews.com/story/30093549/government-responds-to-request-to-dismiss-charges-in-federal-case-surrounding-the-former-gold-club
469410257,20150923,201509,2015,2015.7205,LEG,CONGRESS,,,,,,LEG,,,MEX,MEXICO,MEX,,,,,,,,0,010,010,01,1,0.0,2,2,2,-1.91098755917648,1,Mexico,MX,MX,23,-102,MX,1,Mexico,MX,MX,23,-102,MX,1,Mexico,MX,MX,23,-102,MX,20150923,http://nmpoliticalreport.com/14508/nm-senators-lujan-introduce-gold-king-mine-spill-bill-environment/
469410258,20150923,201509,2015,2015.7205,LEG,CONGRESS,,,,,,LEG,,,MEX,MEXICO,MEX,,,,,,,,0,051,051,05,1,3.4,4,3,4,-1.46854423530053,1,Mexico,MX,MX,23,-102,MX,1,Mexico,MX,MX,23,-102,MX,1,Mexico,MX,MX,23,-102,MX,20150923,http://nmpoliticalreport.com/14508/nm-senators-lujan-introduce-gold-king-mine-spill-bill-environment/
469410688,20150923,201509,2015,2015.7205,RUS,VLADIMIR,RUS,,,,,,,,GOV,GOVERNMENT,,,,,,GOV,,,0,051,051,05,1,3.4,10,1,10,-5.83333333333334,2,"California, United States",US,USCA,36.17,-119.746,CA,2,"California, United States",US,USCA,36.17,-119.746,CA,2,"California, United States",US,USCA,36.17,-119.746,CA,20150923,http://www.wmbfnews.com/story/30093549/government-responds-to-request-to-dismiss-charges-in-federal-case-surrounding-the-former-gold-club
469410689,20150923,201509,2015,2015.7205,RUS,VLADIMIR,RUS,,,,,,,,GOV,GOVERNMENT,,,,,,GOV,,,0,110,110,11,3,-2.0,20,1,10,-5.83333333333334,2,"California, United States",US,USCA,36.17,-119.746,CA,2,"California, United States",US,USCA,36.17,-119.746,CA,2,"California, United States",US,USCA,36.17,-119.746,CA,20150923,http://www.wmbfnews.com/story/30093549/government-responds-to-request-to-dismiss-charges-in-federal-case-surrounding-the-former-gold-club
469410690,20150923,201509,2015,2015.7205,RUS,VLADIMIR,RUS,,,,,,,,GOV,GOVERNMENT,,,,,,GOV,,,0,173,173,17,4,-5.0,10,1,10,-5.83333333333334,2,"California, United States",US,USCA,36.17,-119.746,CA,2,"California, United States",US,USCA,36.17,-119.746,CA,2,"California, United States",US,USCA,36.17,-119.746,CA,20150923,http://www.wmbfnews.com/story/30093549/government-responds-to-request-to-dismiss-charges-in-federal-case-surrounding-the-former-gold-club
469410813,20150923,201509,2015,2015.7205,USA,UNITED STATES,USA,,,,,,,,,,,,,,,,,,1,013,013,01,1,0.4,2,1,2,3.42857142857143,3,"Schererville, Indiana, United States",US,USIN,41.4789,-87.4548,443066,0,,,,,,,3,"Schererville, Indiana, United States",US,USIN,41.4789,-87.4548,443066,20150923,http://www.kcchronicle.com/2015/09/22/batavia-golden-corral-closes/acq4gb/
469410888,20150923,201509,2015,2015.7205,USA,UNITED STATES,USA,,,,,,,,,,,,,,,,,,1,084,084,08,2,7.0,8,2,8,-1.91098755917648,3,"Gold King Mine, Colorado, United States",US,USCO,37.8906,-107.648,187329,0,,,,,,,3,"Gold King Mine, Colorado, United States",US,USCO,37.8906,-107.648,187329,20150923,http://nmpoliticalreport.com/14508/nm-senators-lujan-introduce-gold-king-mine-spill-bill-environment/
469414423,20150923,201509,2015,2015.7205,USA,UNITED STATES,USA,,,,,,,,,,,,,,,,,,1,060,060,06,2,6.0,22,4,22,-0.356392347609154,2,"Kansas, United States",US,USKS,38.5111,-96.8005,KS,0,,,,,,,2,"Kansas, United States",US,USKS,38.5111,-96.8005,KS,20150923,http://www.californiagoldenblogs.com/2015/9/22/9373869/big-spike-cal-volleyball-opens-pac-12-vs-stanford-after-uneven-pre
469415873,20150923,201509,2015,2015.7205,,,,,,,,,,,PHL,PHILIPPINE,PHL,,,,,,,,0,042,042,04,1,1.9,2,1,2,1.30039011703511,0,,,,,,,4,"Kidapawan, North Cotabato, Philippines",RP,RP57,7.00833,125.089,-2430655,4,"Kidapawan, North Cotabato, Philippines",RP,RP57,7.00833,125.089,-2430655,20150923,http://www.manilatimes.net/puregold-for-thought/220182/
469415874,20150923,201509,2015,2015.7205,,,,,,,,,,,PHL,PHILIPPINE,PHL,,,,,,,,0,042,042,04,1,1.9,6,1,6,1.30039011703511,0,,,,,,,5,"North Cotabato, North Cotabato, Philippines",RP,RP57,7.21212,124.882,-2442045,5,"North Cotabato, North Cotabato, Philippines",RP,RP57,7.21212,124.882,-2442045,20150923,http://www.manilatimes.net/puregold-for-thought/220182/
469417534,20150923,201509,2015,2015.7205,PHL,PHILIPPINE,PHL,,,,,,,,,,,,,,,,,,0,043,043,04,1,2.8,2,1,2,1.30039011703511,4,"Kidapawan, North Cotabato, Philippines",RP,RP57,7.00833,125.089,-2430655,0,,,,,,,4,"Kidapawan, North Cotabato, Philippines",RP,RP57,7.00833,125.089,-2430655,20150923,http://www.manilatimes.net/puregold-for-thought/220182/
469417535,20150923,201509,2015,2015.7205,PHL,PHILIPPINE,PHL,,,,,,,,,,,,,,,,,,0,043,043,04,1,2.8,6,1,6,1.30039011703511,5,"North Cotabato, North Cotabato, Philippines",RP,RP57,7.21212,124.882,-2442045,0,,,,,,,5,"North Cotabato, North Cotabato, Philippines",RP,RP57,7.21212,124.882,-2442045,20150923,http://www.manilatimes.net/puregold-for-thought/220182/
469417542,20150923,201509,2015,2015.7205,PHL,PHILIPPINE,PHL,,,,,,,,BUS,COMPANY,,,,,,BUS,,,0,010,010,01,1,0.0,2,1,2,1.30039011703511,4,"Kidapawan, North Cotabato, Philippines",RP,RP57,7.00833,125.089,-2430655,4,"Kidapawan, North Cotabato, Philippines",RP,RP57,7.00833,125.089,-2430655,4,"Kidapawan, North Cotabato, Philippines",RP,RP57,7.00833,125.089,-2430655,20150923,http://www.manilatimes.net/puregold-for-thought/220182/
469417543,20150923,201509,2015,2015.7205,PHL,PHILIPPINE,PHL,,,,,,,,BUS,COMPANY,,,,,,BUS,,,0,010,010,01,1,0.0,2,1,2,1.30039011703511,5,"North Cotabato, North Cotabato, Philippines",RP,RP57,7.21212,124.882,-2442045,5,"North Cotabato, North Cotabato, Philippines",RP,RP57,7.21212,124.882,-2442045,5,"North Cotabato, North Cotabato, Philippines",RP,RP57,7.21212,124.882,-2442045,20150923,http://www.manilatimes.net/puregold-for-thought/220182/
469420619,20150923,201509,2015,2015.7205,MNCUSAGOV,GOLDMAN SACHS,USA,,,,,MNC,GOV,,,,,,,,,,,,0,020,020,02,1,3.0,30,2,30,1.20573908480019,0,,,,,,,0,,,,,,,0,,,,,,,20150923,http://www.businesstimes.com.sg//banking-finance/goldman-sachs-ceo-lloyd-blankfein-says-he-has-highly-curable-lymphoma
469421603,20150923,201509,2015,2015.7205,,,,,,,,,,,USA,UNITED STATES,USA,,,,,,,,0,112,112,11,3,-2.0,10,1,10,-0.95238095238095,0,,,,,,,3,"Lake Isabella, California, United States",US,USCA,35.618,-118.473,1652739,3,"Lake Isabella, California, United States",US,USCA,35.618,-118.473,1652739,20150923,http://www.kerngoldenempire.com/news/iran-kicks-off-sacred-defense-week
469422578,20150923,201509,2015,2015.7205,IRN,IRAN,IRN,,,,,,,,IRNGOV,IRAN,IRN,,,,,GOV,,,1,151,151,15,4,-7.2,2,1,2,-0.95238095238095,3,"Lake Isabella, California, United States",US,USCA,35.618,-118.473,1652739,4,"Basij, Fars, Iran",IR,IR07,30.608,53.1874,10467014,3,"Lake Isabella, California, United States",US,USCA,35.618,-118.473,1652739,20150923,http://www.kerngoldenempire.com/news/iran-kicks-off-sacred-defense-week
469422581,20150923,201509,2015,2015.7205,IRN,IRAN,IRN,,,,,,,,RAD,EXTREMIST,,,,,,RAD,,,1,040,040,04,1,1.0,8,1,8,-0.95238095238095,4,"Tehran, Tehran, Iran",IR,IR26,35.75,51.5148,10074674,3,"Lake Isabella, California, United States",US,USCA,35.618,-118.473,1652739,4,"Tehran, Tehran, Iran",IR,IR26,35.75,51.5148,10074674,20150923,http://www.kerngoldenempire.com/news/iran-kicks-off-sacred-defense-week
469422582,20150923,201509,2015,2015.7205,IRN,IRAN,IRN,,,,,,,,RAD,EXTREMIST,,,,,,RAD,,,1,110,110,11,3,-2.0,8,1,8,-0.95238095238095,4,"Tehran, Tehran, Iran",IR,IR26,35.75,51.5148,10074674,3,"Lake Isabella, California, United States",US,USCA,35.618,-118.473,1652739,4,"Tehran, Tehran, Iran",IR,IR26,35.75,51.5148,10074674,20150923,http://www.kerngoldenempire.com/news/iran-kicks-off-sacred-defense-week
469423107,20150923,201509,2015,2015.7205,RAD,EXTREMIST,,,,,,RAD,,,IRN,IRAN,IRN,,,,,,,,1,040,040,04,1,1.0,8,1,8,-0.95238095238095,3,"Lake Isabella, California, United States",US,USCA,35.618,-118.473,1652739,4,"Tehran, Tehran, Iran",IR,IR26,35.75,51.5148,10074674,4,"Tehran, Tehran, Iran",IR,IR26,35.75,51.5148,10074674,20150923,http://www.kerngoldenempire.com/news/iran-kicks-off-sacred-defense-week
469423417,20150923,201509,2015,2015.7205,USA,AMERICAN,USA,,,,,,,,,,,,,,,,,,0,195,195,19,4,-10.0,10,1,10,-0.95238095238095,3,"Lake Isabella, California, United States",US,USCA,35.618,-118.473,1652739,0,,,,,,,3,"Lake Isabella, California, United States",US,USCA,35.618,-118.473,1652739,20150923,http://www.kerngoldenempire.com/news/iran-kicks-off-sacred-defense-week
469424726,20150923,201509,2015,2015.7205,,,,,,,,,,,COL,COLOMBIA,COL,,,,,,,,1,050,050,05,1,3.5,30,2,30,3.50635911550151,0,,,,,,,4,"Natagaima, Departamento del Huila, Colombia",CO,CO16,2.41515,-75.6846,6197713,4,"Natagaima, Departamento del Huila, Colombia",CO,CO16,2.41515,-75.6846,6197713,20150923,http://www.goldseiten.de/artikel/259753--Pacifico-Minerals-Ltd-ASX~PMY-Annual-Report-2015-to-Shareholders.html
469424958,20150923,201509,2015,2015.7205,BUS,COMPANY,,,,,,BUS,,,,,,,,,,,,,1,010,010,01,1,0.0,425,19,425,-4.21003133403277,1,Singapore,SN,SN,1.3667,103.8,SN,0,,,,,,,1,Singapore,SN,SN,1.3667,103.8,SN,20150923,http://www.goldcoastbulletin.com.au/business/bhp-paid-us73b-to-govts-in-201415/story-fnj94l9i-1227539880535
469424989,20150923,201509,2015,2015.7205,BUS,COMPANY,,,,,,BUS,,,GOV,AUTHORITIES,,,,,,GOV,,,1,010,010,01,1,0.0,420,18,420,-4.29375012410711,1,Singapore,SN,SN,1.3667,103.8,SN,1,Singapore,SN,SN,1.3667,103.8,SN,1,Singapore,SN,SN,1.3667,103.8,SN,20150923,http://www.goldcoastbulletin.com.au/business/bhp-paid-us73b-to-govts-in-201415/story-fnj94l9i-1227539880535
469425012,20150923,201509,2015,2015.7205,CAN,CANADIAN,CAN,,,,,,,,,,,,,,,,,,1,172,172,17,4,-5.0,103,29,103,1.48696302868653,4,"Toronto, Ontario, Canada",CA,CA08,43.6667,-79.4167,-574890,0,,,,,,,4,"Toronto, Ontario, Canada",CA,CA08,43.6667,-79.4167,-574890,20150923,http://www.goldseiten.de/artikel/259745--CBC-announces-plans-to-sell-off-all-buildings-in-midst-of-election-campaign.html
469425173,20150923,201509,2015,2015.7205,COL,COLOMBIA,COL,,,,,,,,,,,,,,,,,,1,050,050,05,1,3.5,30,2,30,3.50635911550151,4,"Caribbean Sea, Belize (general), Belize",BH,BH00,15,-75,-1149009,0,,,,,,,4,"Caribbean Sea, Belize (general), Belize",BH,BH00,15,-75,-1149009,20150923,http://www.goldseiten.de/artikel/259753--Pacifico-Minerals-Ltd-ASX~PMY-Annual-Report-2015-to-Shareholders.html
469425483,20150923,201509,2015,2015.7205,GHA,GHANA,GHA,,,,,,,,,,,,,,,,,,1,030,030,03,1,4.0,2,1,2,-8.88888888888889,1,Ghana,GH,GH,8,-2,GH,0,,,,,,,1,Ghana,GH,GH,8,-2,GH,20150923,http://www.goldcoastbulletin.com.au/news/crime-court/probation-for-teen-who-punched-gold-coast-parking-inspector-issuing-a-fine/story-fnje8bkv-1227540279936
469425781,20150923,201509,2015,2015.7205,JUD,MAGISTRATE,,,,,,JUD,,,,,,,,,,,,,1,015,015,01,1,0.0,10,1,10,-8.88888888888889,1,Ghana,GH,GH,8,-2,GH,0,,,,,,,1,Ghana,GH,GH,8,-2,GH,20150923,http://www.goldcoastbulletin.com.au/news/crime-court/probation-for-teen-who-punched-gold-coast-parking-inspector-issuing-a-fine/story-fnje8bkv-1227540279936
469425797,20150923,201509,2015,2015.7205,JUD,MAGISTRATE,,,,,,JUD,,,,,,,,,,,,,1,180,180,18,4,-9.0,10,1,10,-8.88888888888889,1,Ghana,GH,GH,8,-2,GH,0,,,,,,,1,Ghana,GH,GH,8,-2,GH,20150923,http://www.goldcoastbulletin.com.au/news/crime-court/probation-for-teen-who-punched-gold-coast-parking-inspector-issuing-a-fine/story-fnje8bkv-1227540279936
469428472,20150923,201509,2015,2015.7205,,,,,,,,,,,USA,UNITED STATES,USA,,,,,,,,0,013,013,01,1,0.4,4,2,4,-0.83181358978733,0,,,,,,,3,"Washington, District of Columbia, United States",US,USDC,38.8951,-77.0364,531871,2,"New York, United States",US,USNY,42.1497,-74.9384,NY,20150923,http://www.rtbnews.rtb.gov.bn/index.php?option=com_content&view=article&id=30595:goldman-ceo-blankfein-says-has-highly-curable-form-of-cancer&catid=36:business&Itemid=68
469428664,20150923,201509,2015,2015.7205,BUS,INVESTOR,,,,,,BUS,,,,,,,,,,,,,1,030,030,03,1,4.0,16,2,16,0.55238095238095,1,Canada,CA,CA,60,-95,CA,0,,,,,,,1,Canada,CA,CA,60,-95,CA,20150923,http://www.macrobusiness.com.au/2015/09/coal-hammered-by-investors-goldman/
469430431,20150923,201509,2015,2015.7205,USA,THE US,USA,,,,,,,,BUS,PRODUCER,,,,,,BUS,,,0,050,050,05,1,3.5,5,1,5,-3.46666666666667,1,Canada,CA,CA,60,-95,CA,1,Canada,CA,CA,60,-95,CA,1,Canada,CA,CA,60,-95,CA,20150923,http://www.macrobusiness.com.au/2015/09/coal-hammered-by-investors-goldman/
469431011,20150923,201509,2015,2015.7205,,,,,,,,,,,USA,UNITED STATES,USA,,,,,,,,1,100,100,10,3,-5.0,4,1,4,6.14334470989761,0,,,,,,,3,"Lake Isabella, California, United States",US,USCA,35.618,-118.473,1652739,3,"Lake Isabella, California, United States",US,USCA,35.618,-118.473,1652739,20150923,http://www.kerngoldenempire.com/entertainment/happy-birthday-song-claim-thrown-out-by-judge
469431387,20150923,201509,2015,2015.7205,CVL,RESIDENTS,,,,,,CVL,,,USA,UNITED STATES,USA,,,,,,,,1,190,190,19,4,-10.0,2,1,2,-5.61797752808989,3,"Kern County, California, United States",US,USCA,35.2961,-118.668,2054176,3,"Kern County, California, United States",US,USCA,35.2961,-118.668,2054176,3,"Kern County, California, United States",US,USCA,35.2961,-118.668,2054176,20150923,http://www.kerngoldenempire.com/news/man-and-woman-from-wasco-are-dead-after-the-man-ran-a-stop-sign-and-his-truck-was-hit-by-semi
469431816,20150923,201509,2015,2015.7205,JUD,JUDGE,,,,,,JUD,,,USA,UNITED STATES,USA,,,,,,,,1,0841,084,08,2,7.0,2,1,2,6.14334470989761,3,"Lake Isabella, California, United States",US,USCA,35.618,-118.473,1652739,3,"Lake Isabella, California, United States",US,USCA,35.618,-118.473,1652739,3,"Lake Isabella, California, United States",US,USCA,35.618,-118.473,1652739,20150923,http://www.kerngoldenempire.com/entertainment/happy-birthday-song-claim-thrown-out-by-judge
469432376,20150923,201509,2015,2015.7205,USA,CALIF,USA,,,,,,,,CVL,RESIDENTS,,,,,,CVL,,,1,190,190,19,4,-10.0,8,1,8,-5.61797752808989,3,"Kern County, California, United States",US,USCA,35.2961,-118.668,2054176,3,"Kern County, California, United States",US,USCA,35.2961,-118.668,2054176,3,"Kern County, California, United States",US,USCA,35.2961,-118.668,2054176,20150923,http://www.kerngoldenempire.com/news/man-and-woman-from-wasco-are-dead-after-the-man-ran-a-stop-sign-and-his-truck-was-hit-by-semi
469433718,20150923,201509,2015,2015.7205,AUS,AUSTRALIA,AUS,,,,,,,,,,,,,,,,,,1,073,073,07,2,7.4,122,12,122,4.67948313484239,4,"Numeralla, New South Wales, Australia",AS,AS02,-36.1667,149.333,-1592472,0,,,,,,,4,"Numeralla, New South Wales, Australia",AS,AS02,-36.1667,149.333,-1592472,20150923,http://www.goldcoastbulletin.com.au/news/breaking-news/heros-bravery-award-43-years-later/story-fnjbnvyk-1227540244225
469434829,20150923,201509,2015,2015.7205,OPP,DETAINEE,,,,,,OPP,,,,,,,,,,,,,1,012,012,01,1,-0.4,130,5,130,-6.25451191144622,1,Australia,AS,AS,-27,133,AS,0,,,,,,,1,Australia,AS,AS,-27,133,AS,20150923,http://www.goldcoastbulletin.com.au/news/breaking-news/nt-police-examining-jail-poo-eating-claims/story-fnjbnvyk-1227539996335
469434831,20150923,201509,2015,2015.7205,OPP,DETAINEE,,,,,,OPP,,,,,,,,,,,,,1,110,110,11,3,-2.0,130,5,130,-6.25451191144622,1,Australia,AS,AS,-27,133,AS,0,,,,,,,1,Australia,AS,AS,-27,133,AS,20150923,http://www.goldcoastbulletin.com.au/news/breaking-news/nt-police-examining-jail-poo-eating-claims/story-fnjbnvyk-1227539996335
469446039,20150923,201509,2015,2015.7205,,,,,,,,,,,MNCZAF,ANGLOGOLD ASHANTI,ZAF,,,,,MNC,,,1,046,046,04,1,7.0,10,1,10,1.27388535031847,0,,,,,,,0,,,,,,,0,,,,,,,20150923,http://www.vanguardtribune.com/2015/09/22/stock-in-motion-anglogold-ashanti-limited-nyseau-5/43865/
469446799,20150923,201509,2015,2015.7205,GOV,GOVERNMENT,,,,,,GOV,,,,,,,,,,,,,0,020,020,02,1,3.0,8,1,8,-6.96902654867257,4,"Abohar, Punjab, India",IN,IN23,30.15,74.1833,-2088100,0,,,,,,,4,"Abohar, Punjab, India",IN,IN23,30.15,74.1833,-2088100,20150923,http://www.hindustantimes.com/chandigarh/whitefly-menace-no-more-sold-on-white-gold/article1-1392552.aspx
469446801,20150923,201509,2015,2015.7205,GOV,GOVERNMENT,,,,,,GOV,,,,,,,,,,,,,1,020,020,02,1,3.0,48,8,48,0.374356432664746,4,"Haryana, Haryana, India",IN,IN10,29.6161,76.9806,6210381,0,,,,,,,4,"Haryana, Haryana, India",IN,IN10,29.6161,76.9806,6210381,20150923,http://www.hindustantimes.com/chandigarh/whitefly-menace-no-more-sold-on-white-gold/article1-1392552.aspx
469446840,20150923,201509,2015,2015.7205,GOV,GOVERNMENT,,,,,,GOV,,,,,,,,,,,,,0,114,114,11,3,-2.0,8,1,8,-6.96902654867257,4,"Abohar, Punjab, India",IN,IN23,30.15,74.1833,-2088100,0,,,,,,,4,"Abohar, Punjab, India",IN,IN23,30.15,74.1833,-2088100,20150923,http://www.hindustantimes.com/chandigarh/whitefly-menace-no-more-sold-on-white-gold/article1-1392552.aspx
469446841,20150923,201509,2015,2015.7205,GOV,GOVERNMENT,,,,,,GOV,,,,,,,,,,,,,0,114,114,11,3,-2.0,2,1,2,-6.96902654867257,4,"Bhagu, Rajasthan, India",IN,IN24,27.4333,73.55,-2091222,0,,,,,,,4,"Bhagu, Rajasthan, India",IN,IN24,27.4333,73.55,-2091222,20150923,http://www.hindustantimes.com/chandigarh/whitefly-menace-no-more-sold-on-white-gold/article1-1392552.aspx
469447535,20150923,201509,2015,2015.7205,MNCZAF,ANGLOGOLD ASHANTI,ZAF,,,,,MNC,,,,,,,,,,,,,1,046,046,04,1,7.0,10,1,10,1.27388535031847,0,,,,,,,0,,,,,,,0,,,,,,,20150923,http://www.vanguardtribune.com/2015/09/22/stock-in-motion-anglogold-ashanti-limited-nyseau-5/43865/
469448614,20150923,201509,2015,2015.7205,AUS,AUSTRALIA,AUS,,,,,,,,,,,,,,,,,,1,020,020,02,1,3.0,4,1,4,3.33333333333333,2,"Georgia, United States",US,USGA,0,0,GA,0,,,,,,,2,"Georgia, United States",US,USGA,0,0,GA,20150923,http://www.hospitalitymagazine.com.au/food/news/nestle-golden-chefs-hat-winners-announced
469448615,20150923,201509,2015,2015.7205,AUS,AUSTRALIA,AUS,,,,,,,,,,,,,,,,,,1,020,020,02,1,3.0,6,1,6,3.33333333333333,1,South Africa,SF,SF,-29,24,SF,0,,,,,,,1,South Africa,SF,SF,-29,24,SF,20150923,http://www.hospitalitymagazine.com.au/food/news/nestle-golden-chefs-hat-winners-announced
469448951,20150923,201509,2015,2015.7205,CVL,SCIENTIST,,,,,,CVL,,,,,,,,,,,,,1,010,010,01,1,0.0,20,2,20,3.29425318514502,1,Netherlands,NL,NL,52.5,5.75,NL,0,,,,,,,1,Netherlands,NL,NL,52.5,5.75,NL,20150923,http://www.gizmodo.in/science/Simple-Collections-of-Gold-Nanoparticles-Can-Develop-Computational-Abilities/articleshow/49060646.cms
469452577,20150923,201509,2015,2015.7205,,,,,,,,,,,BUS,BUSINESS,,,,,,BUS,,,1,192,192,19,4,-9.5,10,1,7,1.99063231850118,0,,,,,,,1,Ghana,GH,GH,8,-2,GH,1,Ghana,GH,GH,8,-2,GH,20150923,https://www.newsday.co.zw/2015/09/23/zim-entrepreneur-strikes-gold-in-ghana/
469452578,20150923,201509,2015,2015.7205,,,,,,,,,,,BUS,BUSINESS,,,,,,BUS,,,1,192,192,19,4,-9.5,1,1,1,1.99063231850118,0,,,,,,,1,Zimbabwe,ZI,ZI,-20,30,ZI,1,Ghana,GH,GH,8,-2,GH,20150923,https://www.newsday.co.zw/2015/09/23/zim-entrepreneur-strikes-gold-in-ghana/
469452579,20150923,201509,2015,2015.7205,,,,,,,,,,,BUS,BUSINESS,,,,,,BUS,,,0,192,192,19,4,-9.5,4,1,4,1.99063231850118,0,,,,,,,1,Zimbabwe,ZI,ZI,-20,30,ZI,1,Zimbabwe,ZI,ZI,-20,30,ZI,20150923,https://www.newsday.co.zw/2015/09/23/zim-entrepreneur-strikes-gold-in-ghana/
469452777,20150923,201509,2015,2015.7205,AFR,AFRICA,AFR,,,,,,,,,,,,,,,,,,1,010,010,01,1,0.0,3,1,3,1.99063231850118,1,Ghana,GH,GH,8,-2,GH,0,,,,,,,1,Ghana,GH,GH,8,-2,GH,20150923,https://www.newsday.co.zw/2015/09/23/zim-entrepreneur-strikes-gold-in-ghana/
469452778,20150923,201509,2015,2015.7205,AFR,AFRICA,AFR,,,,,,,,,,,,,,,,,,1,010,010,01,1,0.0,2,1,2,1.99063231850118,1,Zimbabwe,ZI,ZI,-20,30,ZI,0,,,,,,,1,Zimbabwe,ZI,ZI,-20,30,ZI,20150923,https://www.newsday.co.zw/2015/09/23/zim-entrepreneur-strikes-gold-in-ghana/
469452864,20150923,201509,2015,2015.7205,BUS,COMPANY,,,,,,BUS,,,,,,,,,,,,,1,020,020,02,1,3.0,55,4,34,1.14823133651756,1,Ghana,GH,GH,8,-2,GH,0,,,,,,,1,Ghana,GH,GH,8,-2,GH,20150923,https://www.newsday.co.zw/2015/09/23/zim-entrepreneur-strikes-gold-in-ghana/
469452872,20150923,201509,2015,2015.7205,BUS,COMPANY,,,,,,BUS,,,,,,,,,,,,,0,071,071,07,2,7.4,10,1,10,1.99063231850118,1,Ghana,GH,GH,8,-2,GH,0,,,,,,,1,Ghana,GH,GH,8,-2,GH,20150923,https://www.newsday.co.zw/2015/09/23/zim-entrepreneur-strikes-gold-in-ghana/
469453060,20150923,201509,2015,2015.7205,COP,POLICE,,,,,,COP,,,GHA,GHANA,GHA,,,,,,,,1,173,173,17,4,-5.0,6,1,6,-6.32911392405059,1,Ghana,GH,GH,8,-2,GH,1,Ghana,GH,GH,8,-2,GH,1,Ghana,GH,GH,8,-2,GH,20150923,https://au.news.yahoo.com/thewest/national/a/29614940/claim-of-police-brutality-on-gold-coast/
469453315,20150923,201509,2015,2015.7205,GHA,GHANA,GHA,,,,,,,,,,,,,,,,,,1,114,114,11,3,-2.0,4,1,4,-6.32911392405059,1,Ghana,GH,GH,8,-2,GH,0,,,,,,,1,Ghana,GH,GH,8,-2,GH,20150923,https://au.news.yahoo.com/thewest/national/a/29614940/claim-of-police-brutality-on-gold-coast/
469453316,20150923,201509,2015,2015.7205,GHA,GHANAIAN,GHA,,,,,,,,BUS,BUSINESS,,,,,,BUS,,,0,071,071,07,2,7.4,2,1,2,1.99063231850118,1,Ghana,GH,GH,8,-2,GH,1,Ghana,GH,GH,8,-2,GH,1,Ghana,GH,GH,8,-2,GH,20150923,https://www.newsday.co.zw/2015/09/23/zim-entrepreneur-strikes-gold-in-ghana/
469453317,20150923,201509,2015,2015.7205,GHA,GHANAIAN,GHA,,,,,,,,BUS,BUSINESS,,,,,,BUS,,,0,071,071,07,2,7.4,2,1,2,1.99063231850118,1,Zimbabwe,ZI,ZI,-20,30,ZI,1,Ghana,GH,GH,8,-2,GH,1,Zimbabwe,ZI,ZI,-20,30,ZI,20150923,https://www.newsday.co.zw/2015/09/23/zim-entrepreneur-strikes-gold-in-ghana/
469453318,20150923,201509,2015,2015.7205,GHA,GHANA,GHA,,,,,,,,ZWE,ZIMBABWEAN,ZWE,,,,,,,,1,043,043,04,1,2.8,4,1,4,1.99063231850118,1,Ghana,GH,GH,8,-2,GH,1,Zimbabwe,ZI,ZI,-20,30,ZI,1,Zimbabwe,ZI,ZI,-20,30,ZI,20150923,https://www.newsday.co.zw/2015/09/23/zim-entrepreneur-strikes-gold-in-ghana/
469453319,20150923,201509,2015,2015.7205,GHAGOV,GHANAIAN,GHA,,,,,GOV,,,BUS,BUSINESS,,,,,,BUS,,,0,071,071,07,2,7.4,6,1,6,1.99063231850118,1,Ghana,GH,GH,8,-2,GH,1,Ghana,GH,GH,8,-2,GH,1,Ghana,GH,GH,8,-2,GH,20150923,https://www.newsday.co.zw/2015/09/23/zim-entrepreneur-strikes-gold-in-ghana/
469453320,20150923,201509,2015,2015.7205,GHAGOV,GHANA,GHA,,,,,GOV,,,idg,INDIGENOUS,,,idg,,,,,,0,071,071,07,2,7.4,4,1,4,1.99063231850118,1,Ghana,GH,GH,8,-2,GH,1,Ghana,GH,GH,8,-2,GH,1,Ghana,GH,GH,8,-2,GH,20150923,https://www.newsday.co.zw/2015/09/23/zim-entrepreneur-strikes-gold-in-ghana/
469453321,20150923,201509,2015,2015.7205,GHAGOV,GHANA,GHA,,,,,GOV,,,idg,INDIGENOUS,,,idg,,,,,,0,071,071,07,2,7.4,1,1,1,1.99063231850118,1,Zimbabwe,ZI,ZI,-20,30,ZI,1,Zimbabwe,ZI,ZI,-20,30,ZI,1,Zimbabwe,ZI,ZI,-20,30,ZI,20150923,https://www.newsday.co.zw/2015/09/23/zim-entrepreneur-strikes-gold-in-ghana/
469454416,20150923,201509,2015,2015.7205,ZWE,ZIMBABWE,ZWE,,,,,,,,BUS,BANK,,,,,,BUS,,,0,071,071,07,2,7.4,2,1,2,1.99063231850118,1,Zimbabwe,ZI,ZI,-20,30,ZI,1,Zimbabwe,ZI,ZI,-20,30,ZI,1,Zimbabwe,ZI,ZI,-20,30,ZI,20150923,https://www.newsday.co.zw/2015/09/23/zim-entrepreneur-strikes-gold-in-ghana/
469454417,20150923,201509,2015,2015.7205,ZWE,ZIMBABWEAN,ZWE,,,,,,,,GHA,GHANA,GHA,,,,,,,,1,042,042,04,1,1.9,2,1,2,1.99063231850118,1,Ghana,GH,GH,8,-2,GH,1,Zimbabwe,ZI,ZI,-20,30,ZI,1,Zimbabwe,ZI,ZI,-20,30,ZI,20150923,https://www.newsday.co.zw/2015/09/23/zim-entrepreneur-strikes-gold-in-ghana/
469454418,20150923,201509,2015,2015.7205,ZWE,ZIMBABWEAN,ZWE,,,,,,,,GHA,GHANA,GHA,,,,,,,,1,042,042,04,1,1.9,2,1,2,1.99063231850118,1,Zimbabwe,ZI,ZI,-20,30,ZI,1,Ghana,GH,GH,8,-2,GH,1,Zimbabwe,ZI,ZI,-20,30,ZI,20150923,https://www.newsday.co.zw/2015/09/23/zim-entrepreneur-strikes-gold-in-ghana/
469454419,20150923,201509,2015,2015.7205,ZWE,ZIMBABWEAN,ZWE,,,,,,,,ZWEBUS,ZIMBABWEAN,ZWE,,,,,BUS,,,1,043,043,04,1,2.8,6,1,6,1.99063231850118,1,Zimbabwe,ZI,ZI,-20,30,ZI,1,Zimbabwe,ZI,ZI,-20,30,ZI,1,Zimbabwe,ZI,ZI,-20,30,ZI,20150923,https://www.newsday.co.zw/2015/09/23/zim-entrepreneur-strikes-gold-in-ghana/
469454420,20150923,201509,2015,2015.7205,ZWEBUS,ZIMBABWEAN,ZWE,,,,,BUS,,,ZWE,ZIMBABWEAN,ZWE,,,,,,,,1,042,042,04,1,1.9,6,1,6,1.99063231850118,1,Ghana,GH,GH,8,-2,GH,1,Ghana,GH,GH,8,-2,GH,1,Ghana,GH,GH,8,-2,GH,20150923,https://www.newsday.co.zw/2015/09/23/zim-entrepreneur-strikes-gold-in-ghana/
469455602,20150824,201508,2015,2015.6411,MNCUSABUS,GENERAL MILLS,USA,,,,,MNC,BUS,,MNCUSA,GENERAL MILLS,USA,,,,,MNC,,,0,0311,031,03,1,5.2,10,1,10,1.08892921960073,3,"Cincinnati, Ohio, United States",US,USOH,39.162,-84.4569,1066650,3,"Cincinnati, Ohio, United States",US,USOH,39.162,-84.4569,1066650,3,"Cincinnati, Ohio, United States",US,USOH,39.162,-84.4569,1066650,20150923,http://www.bloomberg.com/news/articles/2015-09-23/goldman-wal-mart-take-green-energy-vows-ahead-of-climate-talks
469459946,20150923,201509,2015,2015.7205,GHA,GHANA,GHA,,,,,,,,AUS,QUEENSLAND,AUS,,,,,,,,1,114,114,11,3,-2.0,40,6,40,-5.99716075216037,1,Ghana,GH,GH,8,-2,GH,1,Ghana,GH,GH,8,-2,GH,1,Ghana,GH,GH,8,-2,GH,20150923,https://au.news.yahoo.com/thewest/national/a/29614940/new-brutality-claim-for-gold-coast-police/
469460657,20150923,201509,2015,2015.7205,NLD,NETHERLANDS,NLD,,,,,,,,,,,,,,,,,,1,010,010,01,1,0.0,14,4,14,0.0633768534753925,4,"Amsterdam, Noord-Holland, Netherlands",NL,NL07,52.35,4.91667,-2140479,0,,,,,,,4,"Amsterdam, Noord-Holland, Netherlands",NL,NL07,52.35,4.91667,-2140479,20150923,http://www.4-traders.com/CONSTELLIUM-13290891/news/Constellium--Named-Gold-Recipient-of-EcoVadis-CSR-Rating-Award-21081607/
469466172,20150923,201509,2015,2015.7205,BUS,BUSINESS,,,,,,BUS,,,BUSSPY,BUSINESS,,,,,,BUS,SPY,,1,045,045,04,1,5.0,10,1,10,3.62694300518135,1,Canada,CA,CA,60,-95,CA,1,Canada,CA,CA,60,-95,CA,1,Canada,CA,CA,60,-95,CA,20150923,http://integrated.processmyquote.com/prospx-names-former-aig-executive-gold-as-ceo-4/
469466177,20150923,201509,2015,2015.7205,BUS,COMPANY,,,,,,BUS,,,GBR,UNITED KINGDOM,GBR,,,,,,,,1,036,036,03,1,4.0,4,1,4,1.97368421052632,1,United Kingdom,UK,UK,54,-2,UK,1,United Kingdom,UK,UK,54,-2,UK,1,United Kingdom,UK,UK,54,-2,UK,20150923,http://www.4-traders.com/HIGHLAND-GOLD-MINING-LTD-4004045/news/Highland-Gold-Mining--Interim-Results-Announcement-for-H1-2015-21081748/
469466178,20150923,201509,2015,2015.7205,BUS,COMPANY,,,,,,BUS,,,GBR,UNITED KINGDOM,GBR,,,,,,,,1,040,040,04,1,1.0,4,1,4,1.97368421052632,1,United Kingdom,UK,UK,54,-2,UK,1,United Kingdom,UK,UK,54,-2,UK,1,United Kingdom,UK,UK,54,-2,UK,20150923,http://www.4-traders.com/HIGHLAND-GOLD-MINING-LTD-4004045/news/Highland-Gold-Mining--Interim-Results-Announcement-for-H1-2015-21081748/
469466179,20150923,201509,2015,2015.7205,BUS,COMPANY,,,,,,BUS,,,GBR,UNITED KINGDOM,GBR,,,,,,,,1,041,041,04,1,1.0,4,1,4,1.97368421052632,1,United Kingdom,UK,UK,54,-2,UK,1,United Kingdom,UK,UK,54,-2,UK,1,United Kingdom,UK,UK,54,-2,UK,20150923,http://www.4-traders.com/HIGHLAND-GOLD-MINING-LTD-4004045/news/Highland-Gold-Mining--Interim-Results-Announcement-for-H1-2015-21081748/
469466497,20150923,201509,2015,2015.7205,GBR,UNITED KINGDOM,GBR,,,,,,,,BUS,COMPANY,,,,,,BUS,,,1,041,041,04,1,1.0,4,1,4,1.97368421052632,1,United Kingdom,UK,UK,54,-2,UK,1,United Kingdom,UK,UK,54,-2,UK,1,United Kingdom,UK,UK,54,-2,UK,20150923,http://www.4-traders.com/HIGHLAND-GOLD-MINING-LTD-4004045/news/Highland-Gold-Mining--Interim-Results-Announcement-for-H1-2015-21081748/
469467178,20150923,201509,2015,2015.7205,RUS,RUSSIAN FEDERATION,RUS,,,,,,,,GBR,UNITED KINGDOM,GBR,,,,,,,,1,020,020,02,1,3.0,10,1,10,1.97368421052632,1,United Kingdom,UK,UK,54,-2,UK,1,United Kingdom,UK,UK,54,-2,UK,4,"Moscow, Moskva, Russia",RS,RS48,55.7522,37.6156,-2960561,20150923,http://www.4-traders.com/HIGHLAND-GOLD-MINING-LTD-4004045/news/Highland-Gold-Mining--Interim-Results-Announcement-for-H1-2015-21081748/
469469098,20150922,201509,2015,2015.7178,GOV,PRESIDENT,,,,,,GOV,,,GRC,GREECE,GRC,,,,,,,,0,046,046,04,1,7.0,2,1,2,-2.65151515151515,4,"Brussels, Bruxelles-Capitale, Belgium",BE,BE11,50.8333,4.33333,-1955538,4,"Lesbos, Perifereia Voreiou Aigaiou, Greece",GR,GR65,39.1667,26.25,-822201,4,"Lesbos, Perifereia Voreiou Aigaiou, Greece",GR,GR65,39.1667,26.25,-822201,20150923,http://www.euractiv.com/sections/elections/refugee-crisis-boosts-greek-neo-nazi-golden-dawn-317863
469469099,20150922,201509,2015,2015.7178,GOV,PRESIDENT,,,,,,GOV,,,GRC,GREECE,GRC,,,,,,,,0,046,046,04,1,7.0,2,1,2,-2.65151515151515,4,"Lesbos, Perifereia Voreiou Aigaiou, Greece",GR,GR65,39.1667,26.25,-822201,4,"Lesbos, Perifereia Voreiou Aigaiou, Greece",GR,GR65,39.1667,26.25,-822201,4,"Lesbos, Perifereia Voreiou Aigaiou, Greece",GR,GR65,39.1667,26.25,-822201,20150923,http://www.euractiv.com/sections/elections/refugee-crisis-boosts-greek-neo-nazi-golden-dawn-317863
469469102,20150922,201509,2015,2015.7178,GRC,GREECE,GRC,,,,,,,,GOV,PRESIDENT,,,,,,GOV,,,0,046,046,04,1,7.0,2,1,2,-2.65151515151515,4,"Lesbos, Perifereia Voreiou Aigaiou, Greece",GR,GR65,39.1667,26.25,-822201,4,"Brussels, Bruxelles-Capitale, Belgium",BE,BE11,50.8333,4.33333,-1955538,4,"Lesbos, Perifereia Voreiou Aigaiou, Greece",GR,GR65,39.1667,26.25,-822201,20150923,http://www.euractiv.com/sections/elections/refugee-crisis-boosts-greek-neo-nazi-golden-dawn-317863
469469103,20150922,201509,2015,2015.7178,GRC,GREECE,GRC,,,,,,,,GOV,PRESIDENT,,,,,,GOV,,,0,046,046,04,1,7.0,2,1,2,-2.65151515151515,4,"Lesbos, Perifereia Voreiou Aigaiou, Greece",GR,GR65,39.1667,26.25,-822201,4,"Lesbos, Perifereia Voreiou Aigaiou, Greece",GR,GR65,39.1667,26.25,-822201,4,"Lesbos, Perifereia Voreiou Aigaiou, Greece",GR,GR65,39.1667,26.25,-822201,20150923,http://www.euractiv.com/sections/elections/refugee-crisis-boosts-greek-neo-nazi-golden-dawn-317863
469469106,20150922,201509,2015,2015.7178,GRC,GREECE,GRC,,,,,,,,REF,REFUGEE,,,,,,REF,,,0,012,012,01,1,-0.4,4,1,4,-2.65151515151515,4,"Lesbos, Perifereia Voreiou Aigaiou, Greece",GR,GR65,39.1667,26.25,-822201,4,"Lesbos, Perifereia Voreiou Aigaiou, Greece",GR,GR65,39.1667,26.25,-822201,4,"Lesbos, Perifereia Voreiou Aigaiou, Greece",GR,GR65,39.1667,26.25,-822201,20150923,http://www.euractiv.com/sections/elections/refugee-crisis-boosts-greek-neo-nazi-golden-dawn-317863
469470148,20150923,201509,2015,2015.7205,GRC,GREEK,GRC,,,,,,,,REF,REFUGEE,,,,,,REF,,,1,040,040,04,1,1.0,2,1,2,-2.65151515151515,4,"Athens, AttikíR, Greece",GR,GR35,37.9833,23.7333,-814876,4,"Athens, AttikíR, Greece",GR,GR35,37.9833,23.7333,-814876,4,"Athens, AttikíR, Greece",GR,GR35,37.9833,23.7333,-814876,20150923,http://www.euractiv.com/sections/elections/refugee-crisis-boosts-greek-neo-nazi-golden-dawn-317863
469470149,20150923,201509,2015,2015.7205,GRCGOV,GREEK,GRC,,,,,GOV,,,REF,REFUGEE,,,,,,REF,,,1,040,040,04,1,1.0,8,1,8,-2.65151515151515,4,"Athens, AttikíR, Greece",GR,GR35,37.9833,23.7333,-814876,4,"Athens, AttikíR, Greece",GR,GR35,37.9833,23.7333,-814876,4,"Athens, AttikíR, Greece",GR,GR35,37.9833,23.7333,-814876,20150923,http://www.euractiv.com/sections/elections/refugee-crisis-boosts-greek-neo-nazi-golden-dawn-317863
469470202,20150923,201509,2015,2015.7205,IGOEUREEC,THE EUROPEAN UNION,EUR,EEC,,,,IGO,,,REF,REFUGEE,,,,,,REF,,,0,070,070,07,2,7.0,8,1,8,-2.65151515151515,4,"Lesbos, Perifereia Voreiou Aigaiou, Greece",GR,GR65,39.1667,26.25,-822201,4,"Lesbos, Perifereia Voreiou Aigaiou, Greece",GR,GR65,39.1667,26.25,-822201,4,"Lesbos, Perifereia Voreiou Aigaiou, Greece",GR,GR65,39.1667,26.25,-822201,20150923,http://www.euractiv.com/sections/elections/refugee-crisis-boosts-greek-neo-nazi-golden-dawn-317863
469470203,20150923,201509,2015,2015.7205,IGOEUREEC,THE EUROPEAN UNION,EUR,EEC,,,,IGO,,,REF,REFUGEE,,,,,,REF,,,0,070,070,07,2,7.0,2,1,2,-2.65151515151515,4,"Lesbos, Perifereia Voreiou Aigaiou, Greece",GR,GR65,39.1667,26.25,-822201,4,"Lesbos, Perifereia Voreiou Aigaiou, Greece",GR,GR65,39.1667,26.25,-822201,1,Luxembourg,LU,LU,49.75,6.1667,LU,20150923,http://www.euractiv.com/sections/elections/refugee-crisis-boosts-greek-neo-nazi-golden-dawn-317863
469470216,20150923,201509,2015,2015.7205,IGOREFIOM,INTERNATIONAL ORGANIZATION FOR MIGRATION,,IOM,,,,IGO,REF,,EUR,EUROPE,EUR,,,,,,,,1,0353,035,03,1,7.0,5,1,5,-2.65151515151515,4,"Lesbos, Perifereia Voreiou Aigaiou, Greece",GR,GR65,39.1667,26.25,-822201,4,"Athens, AttikíR, Greece",GR,GR35,37.9833,23.7333,-814876,4,"Lesbos, Perifereia Voreiou Aigaiou, Greece",GR,GR65,39.1667,26.25,-822201,20150923,http://www.euractiv.com/sections/elections/refugee-crisis-boosts-greek-neo-nazi-golden-dawn-317863
469470537,20150923,201509,2015,2015.7205,MNCUSAGOV,GOLDMAN SACHS,USA,,,,,MNC,GOV,,LAB,WORKER,,,,,,LAB,,,1,010,010,01,1,0.0,10,1,10,-1.27388535031848,2,"New York, United States",US,USNY,42.1497,-74.9384,NY,2,"New York, United States",US,USNY,42.1497,-74.9384,NY,2,"New York, United States",US,USNY,42.1497,-74.9384,NY,20150923,http://www.morningnewsusa.com/goldman-sachs-ceo-lloyd-blankfein-admits-he-has-cancer-2337380.html
469470538,20150923,201509,2015,2015.7205,MNCUSAGOV,GOLDMAN SACHS,USA,,,,,MNC,GOV,,LAB,WORKER,,,,,,LAB,,,1,020,020,02,1,3.0,10,1,10,-1.27388535031848,2,"New York, United States",US,USNY,42.1497,-74.9384,NY,2,"New York, United States",US,USNY,42.1497,-74.9384,NY,2,"New York, United States",US,USNY,42.1497,-74.9384,NY,20150923,http://www.morningnewsusa.com/goldman-sachs-ceo-lloyd-blankfein-admits-he-has-cancer-2337380.html
469470686,20150923,201509,2015,2015.7205,REF,REFUGEE,,,,,,REF,,,GRC,GREEK,GRC,,,,,,,,1,040,040,04,1,1.0,2,1,2,-2.65151515151515,4,"Lesbos, Perifereia Voreiou Aigaiou, Greece",GR,GR65,39.1667,26.25,-822201,4,"Lesbos, Perifereia Voreiou Aigaiou, Greece",GR,GR65,39.1667,26.25,-822201,4,"Lesbos, Perifereia Voreiou Aigaiou, Greece",GR,GR65,39.1667,26.25,-822201,20150923,http://www.euractiv.com/sections/elections/refugee-crisis-boosts-greek-neo-nazi-golden-dawn-317863
469470687,20150923,201509,2015,2015.7205,REF,REFUGEE,,,,,,REF,,,GRCGOV,GREEK,GRC,,,,,GOV,,,1,040,040,04,1,1.0,8,1,8,-2.65151515151515,4,"Lesbos, Perifereia Voreiou Aigaiou, Greece",GR,GR65,39.1667,26.25,-822201,4,"Lesbos, Perifereia Voreiou Aigaiou, Greece",GR,GR65,39.1667,26.25,-822201,4,"Lesbos, Perifereia Voreiou Aigaiou, Greece",GR,GR65,39.1667,26.25,-822201,20150923,http://www.euractiv.com/sections/elections/refugee-crisis-boosts-greek-neo-nazi-golden-dawn-317863
469472775,20150923,201509,2015,2015.7205,AUS,ADELAIDE,AUS,,,,,,,,,,,,,,,,,,0,030,030,03,1,4.0,20,2,20,4.34782608695652,4,"Adelaide, South Australia, Australia",AS,AS05,-34.9333,138.6,-1555188,0,,,,,,,4,"Adelaide, South Australia, Australia",AS,AS05,-34.9333,138.6,-1555188,20150923,http://www.northqueenslandregister.com.au/story/3365618/brookleigh-crosses-golden-milestone/?cs=4745
469473539,20150923,201509,2015,2015.7205,GGY,GUERNSEY,,,,,,,,,AUS,ADELAIDE,AUS,,,,,,,,1,051,051,05,1,3.4,20,2,20,4.34782608695652,4,"Adelaide, South Australia, Australia",AS,AS05,-34.9333,138.6,-1555188,4,"Adelaide, South Australia, Australia",AS,AS05,-34.9333,138.6,-1555188,4,"Adelaide, South Australia, Australia",AS,AS05,-34.9333,138.6,-1555188,20150923,http://www.northqueenslandregister.com.au/story/3365618/brookleigh-crosses-golden-milestone/?cs=4745
469476215,20150923,201509,2015,2015.7205,GHA,GHANA,GHA,,,,,,,,BUS,BUSINESS,,,,,,BUS,,,1,111,111,11,3,-2.0,4,1,4,0.91743119266055,1,Ghana,GH,GH,8,-2,GH,1,Ghana,GH,GH,8,-2,GH,1,Ghana,GH,GH,8,-2,GH,20150923,http://www.goldcoastbulletin.com.au/news/game-changer/qld-premier-tells-warren-truss-stand-up-for-queensland/story-fnvizjmv-1227540809209
469476218,20150923,201509,2015,2015.7205,GHA,GHANA,GHA,,,,,,,,GOV,PRIME MINISTER,,,,,,GOV,,,1,040,040,04,1,1.0,2,1,2,0.91743119266055,1,Ghana,GH,GH,8,-2,GH,1,Ghana,GH,GH,8,-2,GH,1,Ghana,GH,GH,8,-2,GH,20150923,http://www.goldcoastbulletin.com.au/news/game-changer/qld-premier-tells-warren-truss-stand-up-for-queensland/story-fnvizjmv-1227540809209
469476219,20150923,201509,2015,2015.7205,GHA,GHANA,GHA,,,,,,,,GOV,PRIME MINISTER,,,,,,GOV,,,1,046,046,04,1,7.0,2,1,2,0.91743119266055,1,Ghana,GH,GH,8,-2,GH,1,Ghana,GH,GH,8,-2,GH,1,Ghana,GH,GH,8,-2,GH,20150923,http://www.goldcoastbulletin.com.au/news/game-changer/qld-premier-tells-warren-truss-stand-up-for-queensland/story-fnvizjmv-1227540809209
469476220,20150923,201509,2015,2015.7205,GHAGOV,GHANA,GHA,,,,,GOV,,,GOV,PRIME MINISTER,,,,,,GOV,,,1,040,040,04,1,1.0,2,1,2,0.91743119266055,1,Ghana,GH,GH,8,-2,GH,1,Ghana,GH,GH,8,-2,GH,1,Ghana,GH,GH,8,-2,GH,20150923,http://www.goldcoastbulletin.com.au/news/game-changer/qld-premier-tells-warren-truss-stand-up-for-queensland/story-fnvizjmv-1227540809209
469476221,20150923,201509,2015,2015.7205,GHAGOV,GHANA,GHA,,,,,GOV,,,GOV,PRIME MINISTER,,,,,,GOV,,,1,046,046,04,1,7.0,2,1,2,0.91743119266055,1,Ghana,GH,GH,8,-2,GH,1,Ghana,GH,GH,8,-2,GH,1,Ghana,GH,GH,8,-2,GH,20150923,http://www.goldcoastbulletin.com.au/news/game-changer/qld-premier-tells-warren-truss-stand-up-for-queensland/story-fnvizjmv-1227540809209
469476306,20150923,201509,2015,2015.7205,GOV,PRIME MINISTER,,,,,,GOV,,,GHA,GHANA,GHA,,,,,,,,1,040,040,04,1,1.0,2,1,2,0.91743119266055,1,Ghana,GH,GH,8,-2,GH,1,Ghana,GH,GH,8,-2,GH,1,Ghana,GH,GH,8,-2,GH,20150923,http://www.goldcoastbulletin.com.au/news/game-changer/qld-premier-tells-warren-truss-stand-up-for-queensland/story-fnvizjmv-1227540809209
469476307,20150923,201509,2015,2015.7205,GOV,PRIME MINISTER,,,,,,GOV,,,GHA,GHANA,GHA,,,,,,,,1,046,046,04,1,7.0,2,1,2,0.91743119266055,1,Ghana,GH,GH,8,-2,GH,1,Ghana,GH,GH,8,-2,GH,1,Ghana,GH,GH,8,-2,GH,20150923,http://www.goldcoastbulletin.com.au/news/game-changer/qld-premier-tells-warren-truss-stand-up-for-queensland/story-fnvizjmv-1227540809209
469476308,20150923,201509,2015,2015.7205,GOV,PRIME MINISTER,,,,,,GOV,,,GHAGOV,GHANA,GHA,,,,,GOV,,,1,040,040,04,1,1.0,2,1,2,0.91743119266055,1,Ghana,GH,GH,8,-2,GH,1,Ghana,GH,GH,8,-2,GH,1,Ghana,GH,GH,8,-2,GH,20150923,http://www.goldcoastbulletin.com.au/news/game-changer/qld-premier-tells-warren-truss-stand-up-for-queensland/story-fnvizjmv-1227540809209
469476309,20150923,201509,2015,2015.7205,GOV,PRIME MINISTER,,,,,,GOV,,,GHAGOV,GHANA,GHA,,,,,GOV,,,1,046,046,04,1,7.0,2,1,2,0.91743119266055,1,Ghana,GH,GH,8,-2,GH,1,Ghana,GH,GH,8,-2,GH,1,Ghana,GH,GH,8,-2,GH,20150923,http://www.goldcoastbulletin.com.au/news/game-changer/qld-premier-tells-warren-truss-stand-up-for-queensland/story-fnvizjmv-1227540809209
469476332,20150923,201509,2015,2015.7205,GOV,PRIME MINISTER,,,,,,GOV,,,RELGOV,ABBOT,,,,,,GOV,,,1,040,040,04,1,1.0,6,1,6,0.91743119266055,1,Ghana,GH,GH,8,-2,GH,1,Ghana,GH,GH,8,-2,GH,1,Ghana,GH,GH,8,-2,GH,20150923,http://www.goldcoastbulletin.com.au/news/game-changer/qld-premier-tells-warren-truss-stand-up-for-queensland/story-fnvizjmv-1227540809209
469476333,20150923,201509,2015,2015.7205,GOV,PRIME MINISTER,,,,,,GOV,,,RELGOV,ABBOT,,,,,,GOV,,,1,046,046,04,1,7.0,6,1,6,0.91743119266055,1,Ghana,GH,GH,8,-2,GH,1,Ghana,GH,GH,8,-2,GH,1,Ghana,GH,GH,8,-2,GH,20150923,http://www.goldcoastbulletin.com.au/news/game-changer/qld-premier-tells-warren-truss-stand-up-for-queensland/story-fnvizjmv-1227540809209
469476990,20150923,201509,2015,2015.7205,RELGOV,ABBOT,,,,,,GOV,,,GOV,PRIME MINISTER,,,,,,GOV,,,1,040,040,04,1,1.0,6,1,6,0.91743119266055,1,Ghana,GH,GH,8,-2,GH,1,Ghana,GH,GH,8,-2,GH,1,Ghana,GH,GH,8,-2,GH,20150923,http://www.goldcoastbulletin.com.au/news/game-changer/qld-premier-tells-warren-truss-stand-up-for-queensland/story-fnvizjmv-1227540809209
469476991,20150923,201509,2015,2015.7205,RELGOV,ABBOT,,,,,,GOV,,,GOV,PRIME MINISTER,,,,,,GOV,,,1,046,046,04,1,7.0,6,1,6,0.91743119266055,1,Ghana,GH,GH,8,-2,GH,1,Ghana,GH,GH,8,-2,GH,1,Ghana,GH,GH,8,-2,GH,20150923,http://www.goldcoastbulletin.com.au/news/game-changer/qld-premier-tells-warren-truss-stand-up-for-queensland/story-fnvizjmv-1227540809209
469479030,20150923,201509,2015,2015.7205,,,,,,,,,,,JUD,ATTORNEY,,,,,,JUD,,,0,112,112,11,3,-2.0,6,1,6,-3.49877949552481,0,,,,,,,1,Spain,SP,SP,40,-4,SP,1,Spain,SP,SP,40,-4,SP,20150923,http://www.wilsontimes.com/News/Feature/Story/38459618---FROM-GOLD-TO-GREED
469479065,20150923,201509,2015,2015.7205,,,,,,,,,,,USA,UNITED STATES,USA,,,,,,,,0,036,036,03,1,4.0,2,1,2,-3.49877949552481,0,,,,,,,2,"Massachusetts, United States",US,USMA,42.2373,-71.5314,MA,3,"Miami, Florida, United States",US,USFL,25.7743,-80.1937,295004,20150923,http://www.wilsontimes.com/News/Feature/Story/38459618---FROM-GOLD-TO-GREED
469479079,20150923,201509,2015,2015.7205,,,,,,,,,,,USA,UNITED STATES,USA,,,,,,,,1,112,112,11,3,-2.0,2,1,2,-3.49877949552481,0,,,,,,,3,"Miami, Florida, United States",US,USFL,25.7743,-80.1937,295004,1,Spain,SP,SP,40,-4,SP,20150923,http://www.wilsontimes.com/News/Feature/Story/38459618---FROM-GOLD-TO-GREED
469480046,20150923,201509,2015,2015.7205,MED,SPOKESMAN,,,,,,MED,,,,,,,,,,,,,1,010,010,01,1,0.0,43,6,38,-1.31019787990835,2,"Florida, United States",US,USFL,27.8333,-81.717,FL,0,,,,,,,2,"Florida, United States",US,USFL,27.8333,-81.717,FL,20150923,http://www.wilsontimes.com/News/Feature/Story/38459618---FROM-GOLD-TO-GREED
469480065,20150923,201509,2015,2015.7205,MED,SPOKESMAN,,,,,,MED,,,USA,UNITED STATES,USA,,,,,,,,0,010,010,01,1,0.0,4,1,4,-3.49877949552481,3,"Miami, Florida, United States",US,USFL,25.7743,-80.1937,295004,3,"Miami, Florida, United States",US,USFL,25.7743,-80.1937,295004,3,"Miami, Florida, United States",US,USFL,25.7743,-80.1937,295004,20150923,http://www.wilsontimes.com/News/Feature/Story/38459618---FROM-GOLD-TO-GREED
469480143,20150923,201509,2015,2015.7205,MYS,KUALA LUMPUR,MYS,,,,,,,,CHN,BEIJING,CHN,,,,,,,,1,036,036,03,1,4.0,47,10,47,-2.0474686082174,1,Malaysia,MY,MY,2.5,112.5,MY,1,Malaysia,MY,MY,2.5,112.5,MY,1,Malaysia,MY,MY,2.5,112.5,MY,20150923,http://www.goldcoastbulletin.com.au/news/world/mh370-search-to-revisit-more-than-30-sites-previously-ruled-out/story-fnj94lfw-1227540840487
469480152,20150923,201509,2015,2015.7205,MYSBUS,MALAYSIA,MYS,,,,,BUS,,,CHN,BEIJING,CHN,,,,,,,,1,036,036,03,1,4.0,20,3,20,-3.20512820512821,1,Malaysia,MY,MY,2.5,112.5,MY,1,Malaysia,MY,MY,2.5,112.5,MY,1,Malaysia,MY,MY,2.5,112.5,MY,20150923,http://www.goldcoastbulletin.com.au/news/world/mh370-search-to-revisit-more-than-30-sites-previously-ruled-out/story-fnj94lfw-1227540840487
469480417,20150923,201509,2015,2015.7205,USA,UNITED STATES,USA,,,,,,,,,,,,,,,,,,1,020,020,02,1,3.0,2,1,2,2.67737617135208,4,"London, London, City of, United Kingdom",UK,UKH9,51.5,-0.116667,-2601889,0,,,,,,,2,"New York, United States",US,USNY,42.1497,-74.9384,NY,20150923,http://www.metal.com/newscontent/78419_cpm-group-christian-looks-for-gold-prices-to-accelerate-upward-in-two-years
469480429,20150923,201509,2015,2015.7205,USA,UNITED STATES,USA,,,,,,,,,,,,,,,,,,0,036,036,03,1,4.0,2,1,2,-3.49877949552481,2,"Massachusetts, United States",US,USMA,42.2373,-71.5314,MA,0,,,,,,,3,"Miami, Florida, United States",US,USFL,25.7743,-80.1937,295004,20150923,http://www.wilsontimes.com/News/Feature/Story/38459618---FROM-GOLD-TO-GREED
469480572,20150923,201509,2015,2015.7205,USA,UNITED STATES,USA,,,,,,,,JUD,ATTORNEY,,,,,,JUD,,,0,112,112,11,3,-2.0,2,1,2,-3.49877949552481,3,"Miami, Florida, United States",US,USFL,25.7743,-80.1937,295004,3,"Miami, Florida, United States",US,USFL,25.7743,-80.1937,295004,3,"Miami, Florida, United States",US,USFL,25.7743,-80.1937,295004,20150923,http://www.wilsontimes.com/News/Feature/Story/38459618---FROM-GOLD-TO-GREED
469480573,20150923,201509,2015,2015.7205,USA,UNITED STATES,USA,,,,,,,,JUD,ATTORNEY,,,,,,JUD,,,0,112,112,11,3,-2.0,2,1,2,-3.49877949552481,1,Spain,SP,SP,40,-4,SP,1,Spain,SP,SP,40,-4,SP,1,Spain,SP,SP,40,-4,SP,20150923,http://www.wilsontimes.com/News/Feature/Story/38459618---FROM-GOLD-TO-GREED
469480687,20150923,201509,2015,2015.7205,USAMED,THE ASSOCIATED PRESS,USA,,,,,MED,,,,,,,,,,,,,0,013,013,01,1,0.4,6,1,6,-3.49877949552481,3,"Miami, Florida, United States",US,USFL,25.7743,-80.1937,295004,0,,,,,,,3,"Miami, Florida, United States",US,USFL,25.7743,-80.1937,295004,20150923,http://www.wilsontimes.com/News/Feature/Story/38459618---FROM-GOLD-TO-GREED
469480690,20150923,201509,2015,2015.7205,USAMED,THE ASSOCIATED PRESS,USA,,,,,MED,,,USA,UNITED STATES,USA,,,,,,,,0,013,013,01,1,0.4,4,1,4,-3.49877949552481,3,"Miami, Florida, United States",US,USFL,25.7743,-80.1937,295004,3,"Miami, Florida, United States",US,USFL,25.7743,-80.1937,295004,3,"Miami, Florida, United States",US,USFL,25.7743,-80.1937,295004,20150923,http://www.wilsontimes.com/News/Feature/Story/38459618---FROM-GOLD-TO-GREED
469482374,20150923,201509,2015,2015.7205,,,,,,,,,,,COP,CONSTABLE,,,,,,COP,,,0,025,025,02,1,-0.3,42,8,42,-4.24067388964843,0,,,,,,,4,"Shepparton, Victoria, Australia",AS,AS07,-36.3805,145.399,-1600331,4,"Shepparton, Victoria, Australia",AS,AS07,-36.3805,145.399,-1600331,20150923,http://www.goldcoastbulletin.com.au/news/breaking-news/butterworth-investigator-gives-evidence/story-fnjbnvyk-1227540243798
469482569,20150923,201509,2015,2015.7205,AUS,AUSTRALIA,AUS,,,,,,,,AUSCOP,AUSTRALIA,AUS,,,,,COP,,,0,025,025,02,1,-0.3,12,6,12,-4.26136363636364,4,"Melbourne, Victoria, Australia",AS,AS07,-37.8167,144.967,-1586844,4,"Melbourne, Victoria, Australia",AS,AS07,-37.8167,144.967,-1586844,4,"Melbourne, Victoria, Australia",AS,AS07,-37.8167,144.967,-1586844,20150923,http://www.goldcoastbulletin.com.au/news/breaking-news/butterworth-investigator-gives-evidence/story-fnjbnvyk-1227540243798
469482575,20150923,201509,2015,2015.7205,AUS,AUSTRALIA,AUS,,,,,,,,COP,POLICE,,,,,,COP,,,1,013,013,01,1,0.4,15,8,15,-4.24067388964843,4,"Melbourne, Victoria, Australia",AS,AS07,-37.8167,144.967,-1586844,4,"Melbourne, Victoria, Australia",AS,AS07,-37.8167,144.967,-1586844,4,"Melbourne, Victoria, Australia",AS,AS07,-37.8167,144.967,-1586844,20150923,http://www.goldcoastbulletin.com.au/news/breaking-news/butterworth-investigator-gives-evidence/story-fnjbnvyk-1227540243798
469482576,20150923,201509,2015,2015.7205,AUS,AUSTRALIA,AUS,,,,,,,,COP,CONSTABLE,,,,,,COP,,,0,025,025,02,1,-0.3,12,6,12,-4.26136363636364,4,"Melbourne, Victoria, Australia",AS,AS07,-37.8167,144.967,-1586844,4,"Melbourne, Victoria, Australia",AS,AS07,-37.8167,144.967,-1586844,4,"Melbourne, Victoria, Australia",AS,AS07,-37.8167,144.967,-1586844,20150923,http://www.goldcoastbulletin.com.au/news/breaking-news/butterworth-investigator-gives-evidence/story-fnjbnvyk-1227540243798
469482840,20150923,201509,2015,2015.7205,COP,POLICE,,,,,,COP,,,,,,,,,,,,,1,010,010,01,1,0.0,88,8,88,-4.24067388964843,4,"Shepparton, Victoria, Australia",AS,AS07,-36.3805,145.399,-1600331,0,,,,,,,4,"Shepparton, Victoria, Australia",AS,AS07,-36.3805,145.399,-1600331,20150923,http://www.goldcoastbulletin.com.au/news/breaking-news/butterworth-investigator-gives-evidence/story-fnjbnvyk-1227540243798
469482851,20150923,201509,2015,2015.7205,COP,CONSTABLE,,,,,,COP,,,AUS,AUSTRALIA,AUS,,,,,,,,0,030,030,03,1,4.0,12,6,12,-4.26136363636364,4,"Melbourne, Victoria, Australia",AS,AS07,-37.8167,144.967,-1586844,4,"Melbourne, Victoria, Australia",AS,AS07,-37.8167,144.967,-1586844,4,"Melbourne, Victoria, Australia",AS,AS07,-37.8167,144.967,-1586844,20150923,http://www.goldcoastbulletin.com.au/news/breaking-news/butterworth-investigator-gives-evidence/story-fnjbnvyk-1227540243798
469491396,20150923,201509,2015,2015.7205,CRM,GANG,,,,,,CRM,,,,,,,,,,,,,1,010,010,01,1,0.0,5,1,5,0.93240093240093,3,"San Antonio, Texas, United States",US,USTX,29.4241,-98.4936,1380951,0,,,,,,,3,"San Antonio, Texas, United States",US,USTX,29.4241,-98.4936,1380951,20150923,http://www.sacurrent.com/sanantonio/san-antonio-music-awards-critics-pick-p2thegoldmak/Content?oid=2472202
469497716,20150923,201509,2015,2015.7205,,,,,,,,,,,BUS,EXPORTER,,,,,,BUS,,,1,030,030,03,1,4.0,10,1,10,4.39560439560439,0,,,,,,,1,Ghana,GH,GH,8,-2,GH,1,Ghana,GH,GH,8,-2,GH,20150923,http://citifmonline.com/2015/09/23/bog-justifies-new-gold-export-rules/
469497722,20150923,201509,2015,2015.7205,,,,,,,,,,,BUS,EXPORTER,,,,,,BUS,,,1,130,130,13,3,-4.4,10,1,10,4.39560439560439,0,,,,,,,1,Ghana,GH,GH,8,-2,GH,1,Ghana,GH,GH,8,-2,GH,20150923,http://citifmonline.com/2015/09/23/bog-justifies-new-gold-export-rules/
469497928,20150923,201509,2015,2015.7205,BUS,EXPORTER,,,,,,BUS,,,,,,,,,,,,,1,0311,031,03,1,5.2,30,2,30,4.48494594836058,1,Ghana,GH,GH,8,-2,GH,0,,,,,,,1,Ghana,GH,GH,8,-2,GH,20150923,http://www.ghanaweb.com/GhanaHomePage/business/BoG-justifies-new-gold-export-rules-383517
469498895,20150923,201509,2015,2015.7205,MNCUSABUS,GOLDMAN SACHS,USA,,,,,MNC,BUS,,MNCUSA,GOLDMAN SACHS,USA,,,,,MNC,,,1,050,050,05,1,3.5,10,1,10,0,0,,,,,,,0,,,,,,,0,,,,,,,20150923,http://www.freshbusinessthinking.com/news.php?CID=5&NID=27136&Title=Goldman+Sachs+boss+to+
469504890,20150923,201509,2015,2015.7205,BUS,MERCHANT,,,,,,BUS,,,MEX,MEXICAN,MEX,,,,,,,,1,172,172,17,4,-5.0,5,1,5,0,4,"Cadiz, AndalucíSP, Spain",SP,SP51,36.5158,-6.27969,-374884,4,"Cadiz, AndalucíSP, Spain",SP,SP51,36.5158,-6.27969,-374884,4,"Cadiz, AndalucíSP, Spain",SP,SP51,36.5158,-6.27969,-374884,20150923,http://moneyweek.com/23-september-1641-the-merchant-royal-sinks-with-1-5-million-ounces-of-gold/
469505222,20150923,201509,2015,2015.7205,GBR,UNITED KINGDOM,GBR,,,,,,,,,,,,,,,,,,1,042,042,04,1,1.9,2,1,2,8.91472868217054,4,"Dublin, Dublin, Ireland",EI,EI07,53.3331,-6.24889,-1502554,0,,,,,,,4,"Dublin, Dublin, Ireland",EI,EI07,53.3331,-6.24889,-1502554,20150923,http://www.fft.ie/guinness-continues-new-launches-with-golden-ale-offering/9274
469505673,20150923,201509,2015,2015.7205,JPN,MIYAZAKI,JPN,,,,,,,,,,,,,,,,,,1,010,010,01,1,0.0,20,2,20,3.35926332236296,4,"Kyoto, Kyoto, Japan",JA,JA22,35,135.75,-235402,0,,,,,,,4,"Kyoto, Kyoto, Japan",JA,JA22,35,135.75,-235402,20150923,http://pooleobserver.co.uk/blog/2015/09/23/japans-golden-bolt-sets-100m-world-record-in-centenarian-race/
469513742,20150923,201509,2015,2015.7205,REB,REBEL,,,,,,REB,,,,,,,,,,,,,1,110,110,11,3,-2.0,40,1,40,-2.80470465959917,4,"Bihar, Bihar, India",IN,IN34,25.1833,85.5167,-2091797,0,,,,,,,4,"Bihar, Bihar, India",IN,IN34,25.1833,85.5167,-2091797,20150923,http://timesofindia.indiatimes.com/business/india-business/Gold-rises-to-Rs-26540-on-global-cues-jewellers-buying/articleshow/49073501.cms
469516734,20150923,201509,2015,2015.7205,CVL,VILLAGE,,,,,,CVL,,,RUS,RUSSIAN,RUS,,,,,,,,1,071,071,07,2,7.4,4,1,4,5.1063829787234,4,"Esil, Aqmola, Kazakhstan",KZ,KZ03,51.3947,67.1289,-2337612,4,"Esil, Aqmola, Kazakhstan",KZ,KZ03,51.3947,67.1289,-2337612,4,"Esil, Aqmola, Kazakhstan",KZ,KZ03,51.3947,67.1289,-2337612,20150923,http://www.timesca.com/news/15782-gold-production-started-in-north-kazakhstan
469516735,20150923,201509,2015,2015.7205,CVL,VILLAGE,,,,,,CVL,,,RUSBUS,RUSSIAN,RUS,,,,,BUS,,,1,071,071,07,2,7.4,6,1,6,5.1063829787234,4,"Esil, Aqmola, Kazakhstan",KZ,KZ03,51.3947,67.1289,-2337612,4,"Esil, Aqmola, Kazakhstan",KZ,KZ03,51.3947,67.1289,-2337612,4,"Esil, Aqmola, Kazakhstan",KZ,KZ03,51.3947,67.1289,-2337612,20150923,http://www.timesca.com/news/15782-gold-production-started-in-north-kazakhstan
469520682,20150923,201509,2015,2015.7205,BUS,COMPANY,,,,,,BUS,,,,,,,,,,,,,1,111,111,11,3,-2.0,5,1,5,0.623052959501558,1,Switzerland,SZ,SZ,47,8,SZ,0,,,,,,,1,Switzerland,SZ,SZ,47,8,SZ,20150923,http://www.mideasttime.com/nestle-sa-given-a-chf-61-price-target-by-goldman-sachs-analysts-nesn/558483/
469522092,20150923,201509,2015,2015.7205,RUS,RUSSIAN,RUS,,,,,,,,EUR,EUROPEAN,EUR,,,,,,,,1,051,051,05,1,3.4,12,2,12,-0.03781548483111,1,Russia,RS,RS,60,100,RS,1,Russia,RS,RS,60,100,RS,1,Russia,RS,RS,60,100,RS,20150923,http://www.mideasttime.com/enel-s-p-a-given-a-4-45-price-target-by-goldman-sachs-analysts-enel/558481/
469522506,20140923,201409,2014,2014.7205,BUS,COMPANY,,,,,,BUS,,,,,,,,,,,,,1,020,020,02,1,3.0,10,1,10,0.63795853269537,1,Niger,NG,NG,16,8,NG,0,,,,,,,1,Niger,NG,NG,16,8,NG,20150923,http://www.proactiveinvestors.co.uk/columns/the-rfc-ambrian-metals-mining-and-oil-gas-overview/23188/in-the-news-with-rfc-ambrian-the-alchemist-global-atomic-fuels-burey-gold
469522839,20150923,201509,2015,2015.7205,AUS,AUSTRALIAN,AUS,,,,,,,,,,,,,,,,,,1,036,036,03,1,4.0,4,1,4,0.63795853269537,4,"London, London, City of, United Kingdom",UK,UKH9,51.5,-0.116667,-2601889,0,,,,,,,4,"London, London, City of, United Kingdom",UK,UKH9,51.5,-0.116667,-2601889,20150923,http://www.proactiveinvestors.co.uk/columns/the-rfc-ambrian-metals-mining-and-oil-gas-overview/23188/in-the-news-with-rfc-ambrian-the-alchemist-global-atomic-fuels-burey-gold
469522842,20150923,201509,2015,2015.7205,AUS,AUSSIE,AUS,,,,,,,,,,,,,,,,,,1,141,141,14,3,-6.5,4,1,4,0.63795853269537,4,"London, London, City of, United Kingdom",UK,UKH9,51.5,-0.116667,-2601889,0,,,,,,,4,"London, London, City of, United Kingdom",UK,UKH9,51.5,-0.116667,-2601889,20150923,http://www.proactiveinvestors.co.uk/columns/the-rfc-ambrian-metals-mining-and-oil-gas-overview/23188/in-the-news-with-rfc-ambrian-the-alchemist-global-atomic-fuels-burey-gold
469522843,20150923,201509,2015,2015.7205,AUS,AUSSIE,AUS,,,,,,,,AUSBUS,AUSSIE,AUS,,,,,BUS,,,1,141,141,14,3,-6.5,12,1,12,0.63795853269537,4,"London, London, City of, United Kingdom",UK,UKH9,51.5,-0.116667,-2601889,4,"London, London, City of, United Kingdom",UK,UKH9,51.5,-0.116667,-2601889,4,"London, London, City of, United Kingdom",UK,UKH9,51.5,-0.116667,-2601889,20150923,http://www.proactiveinvestors.co.uk/columns/the-rfc-ambrian-metals-mining-and-oil-gas-overview/23188/in-the-news-with-rfc-ambrian-the-alchemist-global-atomic-fuels-burey-gold
469522926,20150923,201509,2015,2015.7205,BUS,COMPANY,,,,,,BUS,,,,,,,,,,,,,1,051,051,05,1,3.4,3,1,3,5.70342205323194,1,Morocco,MO,MO,32,-5,MO,0,,,,,,,1,Morocco,MO,MO,32,-5,MO,20150923,http://www.4-traders.com/MAYA-GOLD--SILVER-INC-3719807/news/Maya-Gold--Silver--EBRD-supports-Mayas-mining-activities-in-Morocco-21083124/
469522978,20150923,201509,2015,2015.7205,BUS,INVESTOR,,,,,,BUS,,,NER,NIGER,NER,,,,,,,,1,030,030,03,1,4.0,20,1,20,0.63795853269537,1,Niger,NG,NG,16,8,NG,1,Niger,NG,NG,16,8,NG,1,Niger,NG,NG,16,8,NG,20150923,http://www.proactiveinvestors.co.uk/columns/the-rfc-ambrian-metals-mining-and-oil-gas-overview/23188/in-the-news-with-rfc-ambrian-the-alchemist-global-atomic-fuels-burey-gold
469523832,20150923,201509,2015,2015.7205,MAR,MOROCCO,MAR,,,,,,,,BUS,COMPANY,,,,,,BUS,,,1,051,051,05,1,3.4,2,1,2,5.70342205323194,1,Morocco,MO,MO,32,-5,MO,1,Morocco,MO,MO,32,-5,MO,1,Morocco,MO,MO,32,-5,MO,20150923,http://www.4-traders.com/MAYA-GOLD--SILVER-INC-3719807/news/Maya-Gold--Silver--EBRD-supports-Mayas-mining-activities-in-Morocco-21083124/
469526338,20150923,201509,2015,2015.7205,,,,,,,,,,,NGOJEW,WORLD JEWISH CONGRESS,,,,JEW,,NGO,,,0,042,042,04,1,1.9,2,1,2,-2.80612244897959,0,,,,,,,4,"Walbrzych, Dolnoslaskie, Poland",PL,PL72,50.7714,16.2843,-534239,4,"Walbrzych, Dolnoslaskie, Poland",PL,PL72,50.7714,16.2843,-534239,20150923,http://www.thelocal.de/20150923/poland-to-deploy-army-to-find-nazi-gold-train
469526339,20150923,201509,2015,2015.7205,,,,,,,,,,,NGOJEW,WORLD JEWISH CONGRESS,,,,JEW,,NGO,,,0,042,042,04,1,1.9,2,1,2,-2.80612244897959,0,,,,,,,1,Germany,GM,GM,51,9,GM,4,"Walbrzych, Dolnoslaskie, Poland",PL,PL72,50.7714,16.2843,-534239,20150923,http://www.thelocal.de/20150923/poland-to-deploy-army-to-find-nazi-gold-train
469526340,20150923,201509,2015,2015.7205,,,,,,,,,,,NGOJEW,WORLD JEWISH CONGRESS,,,,JEW,,NGO,,,0,042,042,04,1,1.9,6,1,6,-2.80612244897959,0,,,,,,,1,Germany,GM,GM,51,9,GM,1,Germany,GM,GM,51,9,GM,20150923,http://www.thelocal.de/20150923/poland-to-deploy-army-to-find-nazi-gold-train
469526830,20150923,201509,2015,2015.7205,DEU,GERMANY,DEU,,,,,,,,,,,,,,,,,,0,145,145,14,3,-7.5,2,1,2,-2.80612244897959,1,Germany,GM,GM,51,9,GM,0,,,,,,,1,Germany,GM,GM,51,9,GM,20150923,http://www.thelocal.de/20150923/poland-to-deploy-army-to-find-nazi-gold-train
469527645,20150923,201509,2015,2015.7205,MIL,ARMY,,,,,,MIL,,,GOV,GOVERNOR,,,,,,GOV,,,1,012,012,01,1,-0.4,10,1,10,-2.80612244897959,4,"Lower Silesia, Poland (general), Poland",PL,PL00,51,17,-499810,4,"Lower Silesia, Poland (general), Poland",PL,PL00,51,17,-499810,4,"Lower Silesia, Poland (general), Poland",PL,PL00,51,17,-499810,20150923,http://www.thelocal.de/20150923/poland-to-deploy-army-to-find-nazi-gold-train
469527768,20150923,201509,2015,2015.7205,NGOJEW,WORLD JEWISH CONGRESS,,,,JEW,,NGO,,,,,,,,,,,,,0,043,043,04,1,2.8,2,1,2,-2.80612244897959,4,"Walbrzych, Dolnoslaskie, Poland",PL,PL72,50.7714,16.2843,-534239,0,,,,,,,4,"Walbrzych, Dolnoslaskie, Poland",PL,PL72,50.7714,16.2843,-534239,20150923,http://www.thelocal.de/20150923/poland-to-deploy-army-to-find-nazi-gold-train
469527769,20150923,201509,2015,2015.7205,NGOJEW,WORLD JEWISH CONGRESS,,,,JEW,,NGO,,,,,,,,,,,,,0,043,043,04,1,2.8,2,1,2,-2.80612244897959,1,Germany,GM,GM,51,9,GM,0,,,,,,,4,"Walbrzych, Dolnoslaskie, Poland",PL,PL72,50.7714,16.2843,-534239,20150923,http://www.thelocal.de/20150923/poland-to-deploy-army-to-find-nazi-gold-train
469527770,20150923,201509,2015,2015.7205,NGOJEW,WORLD JEWISH CONGRESS,,,,JEW,,NGO,,,,,,,,,,,,,0,043,043,04,1,2.8,6,1,6,-2.80612244897959,1,Germany,GM,GM,51,9,GM,0,,,,,,,1,Germany,GM,GM,51,9,GM,20150923,http://www.thelocal.de/20150923/poland-to-deploy-army-to-find-nazi-gold-train
469527836,20150923,201509,2015,2015.7205,POL,POLAND,POL,,,,,,,,,,,,,,,,,,0,010,010,01,1,0.0,4,1,4,-2.80612244897959,4,"Walbrzych, Dolnoslaskie, Poland",PL,PL72,50.7714,16.2843,-534239,0,,,,,,,4,"Walbrzych, Dolnoslaskie, Poland",PL,PL72,50.7714,16.2843,-534239,20150923,http://www.thelocal.de/20150923/poland-to-deploy-army-to-find-nazi-gold-train
469527837,20150923,201509,2015,2015.7205,POL,POLAND,POL,,,,,,,,,,,,,,,,,,0,145,145,14,3,-7.5,6,1,6,-2.80612244897959,4,"Walbrzych, Dolnoslaskie, Poland",PL,PL72,50.7714,16.2843,-534239,0,,,,,,,1,Germany,GM,GM,51,9,GM,20150923,http://www.thelocal.de/20150923/poland-to-deploy-army-to-find-nazi-gold-train
469527838,20150923,201509,2015,2015.7205,POL,POLAND,POL,,,,,,,,,,,,,,,,,,0,145,145,14,3,-7.5,2,1,2,-2.80612244897959,1,Germany,GM,GM,51,9,GM,0,,,,,,,4,"Walbrzych, Dolnoslaskie, Poland",PL,PL72,50.7714,16.2843,-534239,20150923,http://www.thelocal.de/20150923/poland-to-deploy-army-to-find-nazi-gold-train
469527840,20150923,201509,2015,2015.7205,POL,POLAND,POL,,,,,,,,MIL,ARMY,,,,,,MIL,,,1,173,173,17,4,-5.0,8,1,8,-2.80612244897959,4,"Walbrzych, Dolnoslaskie, Poland",PL,PL72,50.7714,16.2843,-534239,4,"Walbrzych, Dolnoslaskie, Poland",PL,PL72,50.7714,16.2843,-534239,4,"Walbrzych, Dolnoslaskie, Poland",PL,PL72,50.7714,16.2843,-534239,20150923,http://www.thelocal.de/20150923/poland-to-deploy-army-to-find-nazi-gold-train
469527841,20150923,201509,2015,2015.7205,POL,POLAND,POL,,,,,,,,MIL,ARMY,,,,,,MIL,,,1,173,173,17,4,-5.0,2,1,2,-2.80612244897959,1,Germany,GM,GM,51,9,GM,1,Germany,GM,GM,51,9,GM,1,Germany,GM,GM,51,9,GM,20150923,http://www.thelocal.de/20150923/poland-to-deploy-army-to-find-nazi-gold-train
469531309,20150923,201509,2015,2015.7205,IRQ,IRAQ,IRQ,,,,,,,,AUS,AUSTRALIA,AUS,,,,,,,,0,190,190,19,4,-10.0,2,1,2,-8.13008130081301,4,"Sydney, New South Wales, Australia",AS,AS02,-33.8833,151.217,-1603135,4,"Campbelltown, New South Wales, Australia",AS,AS02,-34.0667,150.817,-1563870,4,"Idlib, Idlib, Syria",SY,SY12,35.9306,36.6339,-2542538,20150923,http://www.goldcoastbulletin.com.au/news/world/sydney-youth-worker-shareef-alnimer-killed-in-syria-according-to-reports/story-fnj94lfw-1227541044090
469531311,20150923,201509,2015,2015.7205,IRQ,IRAQ,IRQ,,,,,,,,AUS,AUSTRALIA,AUS,,,,,,,,0,190,190,19,4,-10.0,20,8,20,-3.91067232910847,4,"Idlib, Idlib, Syria",SY,SY12,35.9306,36.6339,-2542538,4,"Sydney, New South Wales, Australia",AS,AS02,-33.8833,151.217,-1603135,1,Iraq,IZ,IZ,33,44,IZ,20150923,http://www.goldcoastbulletin.com.au/news/world/sydney-youth-worker-shareef-alnimer-killed-in-syria-according-to-reports/story-fnj94lfw-1227541044090
469531313,20150923,201509,2015,2015.7205,IRQ,IRAQ,IRQ,,,,,,,,AUS,AUSTRALIAN,AUS,,,,,,,,0,190,190,19,4,-10.0,60,8,60,-3.91067232910847,1,Iraq,IZ,IZ,33,44,IZ,4,"Sydney, New South Wales, Australia",AS,AS02,-33.8833,151.217,-1603135,1,Iraq,IZ,IZ,33,44,IZ,20150923,http://www.goldcoastbulletin.com.au/news/world/sydney-youth-worker-shareef-alnimer-killed-in-syria-according-to-reports/story-fnj94lfw-1227541044090
469531485,20150923,201509,2015,2015.7205,MED,SPOKESMAN,,,,,,MED,,,,,,,,,,,,,1,010,010,01,1,0.0,16,8,16,-3.91067232910847,4,"Sydney, New South Wales, Australia",AS,AS02,-33.8833,151.217,-1603135,0,,,,,,,4,"Idlib, Idlib, Syria",SY,SY12,35.9306,36.6339,-2542538,20150923,http://www.goldcoastbulletin.com.au/news/world/sydney-youth-worker-shareef-alnimer-killed-in-syria-according-to-reports/story-fnj94lfw-1227541044090
469531533,20150923,201509,2015,2015.7205,MED,SPOKESMAN,,,,,,MED,,,SYR,SYRIA,SYR,,,,,,,,1,010,010,01,1,0.0,16,8,16,-3.91067232910847,4,"Sydney, New South Wales, Australia",AS,AS02,-33.8833,151.217,-1603135,4,"Idlib, Idlib, Syria",SY,SY12,35.9306,36.6339,-2542538,4,"Sydney, New South Wales, Australia",AS,AS02,-33.8833,151.217,-1603135,20150923,http://www.goldcoastbulletin.com.au/news/world/sydney-youth-worker-shareef-alnimer-killed-in-syria-according-to-reports/story-fnj94lfw-1227541044090
469531534,20150923,201509,2015,2015.7205,MED,SPOKESMAN,,,,,,MED,,,SYR,SYRIA,SYR,,,,,,,,1,010,010,01,1,0.0,16,8,16,-3.91067232910847,4,"Sydney, New South Wales, Australia",AS,AS02,-33.8833,151.217,-1603135,4,"Idlib, Idlib, Syria",SY,SY12,35.9306,36.6339,-2542538,4,"Idlib, Idlib, Syria",SY,SY12,35.9306,36.6339,-2542538,20150923,http://www.goldcoastbulletin.com.au/news/world/sydney-youth-worker-shareef-alnimer-killed-in-syria-according-to-reports/story-fnj94lfw-1227541044090
469531638,20150923,201509,2015,2015.7205,MNCUSAMED,GOOGLE,USA,,,,,MNC,MED,,,,,,,,,,,,1,020,020,02,1,3.0,60,6,60,0.349884549374555,4,"Yellowknife, Northwest Territories, Canada",CA,CA13,62.45,-114.35,-576282,0,,,,,,,4,"Yellowknife, Northwest Territories, Canada",CA,CA13,62.45,-114.35,-576282,20150923,http://www.finanznachrichten.de/nachrichten-2015-09/35040578-terrax-stakes-16-7-sq-km-southbelt-property-south-of-yellowknife-gold-values-up-to-94-9-g-t-obtained-in-grab-samples-256.htm
469531993,20150923,201509,2015,2015.7205,SYR,SYRIA,SYR,,,,,,,,MED,SPOKESMAN,,,,,,MED,,,1,013,013,01,1,0.4,3,2,3,-7.7415112386418,4,"Idlib, Idlib, Syria",SY,SY12,35.9306,36.6339,-2542538,4,"Sydney, New South Wales, Australia",AS,AS02,-33.8833,151.217,-1603135,4,"Idlib, Idlib, Syria",SY,SY12,35.9306,36.6339,-2542538,20150923,http://www.goldcoastbulletin.com.au/news/world/sydney-youth-worker-shareef-alnimer-killed-in-syria-according-to-reports/story-fnj94lfw-1227541044090
469531995,20150923,201509,2015,2015.7205,SYR,SYRIA,SYR,,,,,,,,MED,SPOKESMAN,,,,,,MED,,,1,070,070,07,2,7.0,29,7,29,-3.60869649759133,4,"Idlib, Idlib, Syria",SY,SY12,35.9306,36.6339,-2542538,4,"Idlib, Idlib, Syria",SY,SY12,35.9306,36.6339,-2542538,4,"Idlib, Idlib, Syria",SY,SY12,35.9306,36.6339,-2542538,20150923,http://www.goldcoastbulletin.com.au/news/world/sydney-youth-worker-shareef-alnimer-killed-in-syria-according-to-reports/story-fnj94lfw-1227541044090
469532005,20150923,201509,2015,2015.7205,SYR,SYRIA,SYR,,,,,,,,SYRMED,SYRIA,SYR,,,,,MED,,,1,070,070,07,2,7.0,1,1,1,-8.13008130081301,4,"Idlib, Idlib, Syria",SY,SY12,35.9306,36.6339,-2542538,4,"Idlib, Idlib, Syria",SY,SY12,35.9306,36.6339,-2542538,4,"Idlib, Idlib, Syria",SY,SY12,35.9306,36.6339,-2542538,20150923,http://www.goldcoastbulletin.com.au/news/world/sydney-youth-worker-shareef-alnimer-killed-in-syria-according-to-reports/story-fnj94lfw-1227541044090
469532014,20150923,201509,2015,2015.7205,SYRMED,SYRIA,SYR,,,,,MED,,,SYR,SYRIA,SYR,,,,,,,,1,010,010,01,1,0.0,17,8,17,-3.75838049795389,4,"Campbelltown, New South Wales, Australia",AS,AS02,-34.0667,150.817,-1563870,4,"Campbelltown, New South Wales, Australia",AS,AS02,-34.0667,150.817,-1563870,4,"Campbelltown, New South Wales, Australia",AS,AS02,-34.0667,150.817,-1563870,20150923,http://www.goldcoastbulletin.com.au/news/world/sydney-youth-worker-shareef-alnimer-killed-in-syria-according-to-reports/story-fnj94lfw-1227541044090
469535780,20150923,201509,2015,2015.7205,BUS,COMPANY,,,,,,BUS,,,,,,,,,,,,,1,036,036,03,1,4.0,5,1,5,2.76497695852534,1,Mexico,MX,MX,23,-102,MX,0,,,,,,,1,Mexico,MX,MX,23,-102,MX,20150923,http://www.ifreepress.com/timmins-gold-corp-downgraded-to-sell-at-zacks-tgd/
469540034,20150923,201509,2015,2015.7205,HLH,DOCTOR,,,,,,HLH,,,,,,,,,,,,,1,020,020,02,1,3.0,22,3,22,0.576712566636737,2,"New York, United States",US,USNY,42.1497,-74.9384,NY,0,,,,,,,2,"New York, United States",US,USNY,42.1497,-74.9384,NY,20150923,http://www.medindia.net/news/goldman-sachs-ceo-to-undergo-chemotherapy-after-diagnosing-with-blood-cancer-153821-1.htm
469542879,20150923,201509,2015,2015.7205,,,,,,,,,,,USA,UNITED STATES,USA,,,,,,,,1,042,042,04,1,1.9,1,1,1,1.62999185004075,0,,,,,,,3,"University Of Pennsylvania, Pennsylvania, United States",US,USPA,39.9509,-75.1935,1190216,3,"University Of Pennsylvania, Pennsylvania, United States",US,USPA,39.9509,-75.1935,1190216,20150923,http://popular-archaeology.com/issue/fall-2015/article/the-golden-age-of-king-midas
469543089,20150923,201509,2015,2015.7205,CAN,CANADA,CAN,,,,,,,,GOV,KING,,,,,,GOV,,,0,0356,035,03,1,7.0,4,1,4,-0.0787401574803104,4,"Toronto, Ontario, Canada",CA,CA08,43.6667,-79.4167,-574890,4,"Toronto, Ontario, Canada",CA,CA08,43.6667,-79.4167,-574890,4,"Toronto, Ontario, Canada",CA,CA08,43.6667,-79.4167,-574890,20150923,http://www.finanznachrichten.de/nachrichten-2015-09/35041257-sprott-s-hostile-offer-for-central-goldtrust-fails-to-achieve-minimum-tender-condition-reject-sprott-s-offer-by-taking-no-action-and-withdrawing-unit-256.htm
469543194,20150923,201509,2015,2015.7205,COD,KINSHASA,COD,,,,,,,,GOV,GOVERNMENT,,,,,,GOV,,,1,051,051,05,1,3.4,4,2,4,0.1669449081803,4,"Kamoa, Congo, Democratic Republic of The (general), Democratic Republic Of The Congo",CG,CG00,-10.35,25.15,-2046300,4,"Kamoa, Congo, Democratic Republic of The (general), Democratic Republic Of The Congo",CG,CG00,-10.35,25.15,-2046300,4,"Kamoa, Congo, Democratic Republic of The (general), Democratic Republic Of The Congo",CG,CG00,-10.35,25.15,-2046300,20150923,http://www.goldseiten.de/artikel/259799--Ivanhoe-Mines-Welcomes-DR-Congo-Governmentund039s-Support-for-Ivanhoeund039s-Transaction-with-Zijin-Mining.html
469543650,20150923,201509,2015,2015.7205,GOV,KING,,,,,,GOV,,,,,,,,,,,,,0,0356,035,03,1,7.0,16,1,16,-0.383604157913995,4,"Toronto, Ontario, Canada",CA,CA08,43.6667,-79.4167,-574890,0,,,,,,,4,"Toronto, Ontario, Canada",CA,CA08,43.6667,-79.4167,-574890,20150923,http://www.finanznachrichten.de/nachrichten-2015-09/35041257-sprott-s-hostile-offer-for-central-goldtrust-fails-to-achieve-minimum-tender-condition-reject-sprott-s-offer-by-taking-no-action-and-withdrawing-unit-256.htm
469543664,20150923,201509,2015,2015.7205,GOV,KING,,,,,,GOV,,,,,,,,,,,,,0,084,084,08,2,7.0,1,1,1,1.62999185004075,4,"Gordion, Ankara, Turkey",TU,TU68,39.6167,32,-750625,0,,,,,,,4,"Gordion, Ankara, Turkey",TU,TU68,39.6167,32,-750625,20150923,http://popular-archaeology.com/issue/fall-2015/article/the-golden-age-of-king-midas
469544458,20150923,201509,2015,2015.7205,TUR,TURKEY,TUR,,,,,,,,GOV,KING,,,,,,GOV,,,0,084,084,08,2,7.0,6,1,6,1.62999185004075,4,"Gordion, Ankara, Turkey",TU,TU68,39.6167,32,-750625,4,"Gordion, Ankara, Turkey",TU,TU68,39.6167,32,-750625,4,"Gordion, Ankara, Turkey",TU,TU68,39.6167,32,-750625,20150923,http://popular-archaeology.com/issue/fall-2015/article/the-golden-age-of-king-midas
469544468,20150923,201509,2015,2015.7205,TUR,TURKISH,TUR,,,,,,,,USA,UNITED STATES,USA,,,,,,,,1,042,042,04,1,1.9,9,1,9,1.62999185004075,3,"University Of Pennsylvania, Pennsylvania, United States",US,USPA,39.9509,-75.1935,1190216,3,"University Of Pennsylvania, Pennsylvania, United States",US,USPA,39.9509,-75.1935,1190216,3,"University Of Pennsylvania, Pennsylvania, United States",US,USPA,39.9509,-75.1935,1190216,20150923,http://popular-archaeology.com/issue/fall-2015/article/the-golden-age-of-king-midas
469544702,20150923,201509,2015,2015.7205,USA,UNITED STATES,USA,,,,,,,,TUR,TURKISH,TUR,,,,,,,,1,043,043,04,1,2.8,7,1,7,1.62999185004075,3,"Philadelphia, Pennsylvania, United States",US,USPA,39.9523,-75.1638,1209052,4,"Ankara, Ankara, Turkey",TU,TU68,39.9272,32.8644,-735338,3,"Philadelphia, Pennsylvania, United States",US,USPA,39.9523,-75.1638,1209052,20150923,http://popular-archaeology.com/issue/fall-2015/article/the-golden-age-of-king-midas
469544703,20150923,201509,2015,2015.7205,USA,UNITED STATES,USA,,,,,,,,TUR,TURKEY,TUR,,,,,,,,1,043,043,04,1,2.8,2,1,2,1.62999185004075,3,"Philadelphia, Pennsylvania, United States",US,USPA,39.9523,-75.1638,1209052,4,"Gordion, Ankara, Turkey",TU,TU68,39.6167,32,-750625,3,"Philadelphia, Pennsylvania, United States",US,USPA,39.9523,-75.1638,1209052,20150923,http://popular-archaeology.com/issue/fall-2015/article/the-golden-age-of-king-midas
469546811,20150923,201509,2015,2015.7205,BUS,COMPANY,,,,,,BUS,,,,,,,,,,,,,0,084,084,08,2,7.0,40,4,40,0.79436050353402,4,"Vancouver, British Columbia, Canada",CA,CA02,49.25,-123.133,-575268,0,,,,,,,4,"Vancouver, British Columbia, Canada",CA,CA02,49.25,-123.133,-575268,20150923,http://www.finanznachrichten.de/nachrichten-2015-09/35041429-kaminak-increases-grade-oxide-ounces-and-indicated-resources-in-updated-mineral-resource-estimate-at-coffee-gold-project-and-provides-feasibility-stu-256.htm
469546816,20150923,201509,2015,2015.7205,BUS,INVESTOR,,,,,,BUS,,,,,,,,,,,,,1,130,130,13,3,-4.4,10,1,10,-1.1744966442953,4,"Carmacks, Yukon, Canada",CA,CA12,62.1,-136.317,-562237,0,,,,,,,4,"Carmacks, Yukon, Canada",CA,CA12,62.1,-136.317,-562237,20150923,http://www.finanznachrichten.de/nachrichten-2015-09/35041425-copper-north-expands-copper-gold-mineralization-at-carmacks-project-yukon-256.htm
469546817,20150923,201509,2015,2015.7205,BUS,INVESTOR,,,,,,BUS,,,,,,,,,,,,,0,130,130,13,3,-4.4,23,5,23,0.831566834199766,4,"Vancouver, British Columbia, Canada",CA,CA02,49.25,-123.133,-575268,0,,,,,,,4,"Vancouver, British Columbia, Canada",CA,CA02,49.25,-123.133,-575268,20150923,http://www.finanznachrichten.de/nachrichten-2015-09/35041429-kaminak-increases-grade-oxide-ounces-and-indicated-resources-in-updated-mineral-resource-estimate-at-coffee-gold-project-and-provides-feasibility-stu-256.htm
469546874,20150923,201509,2015,2015.7205,CAN,VANCOUVER,CAN,,,,,,,,BUS,COMPANY,,,,,,BUS,,,1,090,090,09,2,-2.0,3,1,3,0.56666666666666,4,"Vancouver, British Columbia, Canada",CA,CA02,49.25,-123.133,-575268,4,"Vancouver, British Columbia, Canada",CA,CA02,49.25,-123.133,-575268,4,"Vancouver, British Columbia, Canada",CA,CA02,49.25,-123.133,-575268,20150923,http://www.finanznachrichten.de/nachrichten-2015-09/35041429-kaminak-increases-grade-oxide-ounces-and-indicated-resources-in-updated-mineral-resource-estimate-at-coffee-gold-project-and-provides-feasibility-stu-256.htm
469546892,20150923,201509,2015,2015.7205,CAN,VANCOUVER,CAN,,,,,,,,GBR,BRITISH,GBR,,,,,,,,1,090,090,09,2,-2.0,2,1,2,0.56666666666666,4,"Vancouver, British Columbia, Canada",CA,CA02,49.25,-123.133,-575268,4,"Vancouver, British Columbia, Canada",CA,CA02,49.25,-123.133,-575268,4,"Vancouver, British Columbia, Canada",CA,CA02,49.25,-123.133,-575268,20150923,http://www.finanznachrichten.de/nachrichten-2015-09/35041429-kaminak-increases-grade-oxide-ounces-and-indicated-resources-in-updated-mineral-resource-estimate-at-coffee-gold-project-and-provides-feasibility-stu-256.htm
469550642,20150923,201509,2015,2015.7205,BUS,COMPANIES,,,,,,BUS,,,MIL,AIR FORCE,,,,,,MIL,,,0,031,031,03,1,5.2,10,1,10,0.67415730337078,0,,,,,,,0,,,,,,,0,,,,,,,20150923,http://www.emarketsdaily.com/intentions-seekers-on-news-the-goldman-sachs-group-inc-nysegs-ampio-pharmaceuticals-inc-nysemktampe-kbr-inc-nysekbr/1843477/
469551972,20150923,201509,2015,2015.7205,MIL,AIR FORCE,,,,,,MIL,,,BUS,COMPANIES,,,,,,BUS,,,0,031,031,03,1,5.2,10,1,10,0.67415730337078,0,,,,,,,0,,,,,,,0,,,,,,,20150923,http://www.emarketsdaily.com/intentions-seekers-on-news-the-goldman-sachs-group-inc-nysegs-ampio-pharmaceuticals-inc-nysemktampe-kbr-inc-nysekbr/1843477/
469554809,20150923,201509,2015,2015.7205,AFR,AFRICA,AFR,,,,,,,,EUR,EUROPE,EUR,,,,,,,,1,036,036,03,1,4.0,2,1,2,6.62251655629139,5,"Kerala, Kerala, India",IN,IN13,10,76.5,-2100307,5,"Kerala, Kerala, India",IN,IN13,10,76.5,-2100307,4,"Muziris, Kerala, India",IN,IN13,10.2222,76.1992,-2101178,20150923,http://www.travelbizmonitor.com/Top-Stories/kerala-wins-pata-gold-award-for-muzirisheritage-project-28476
469555438,20150923,201509,2015,2015.7205,EUR,EUROPE,EUR,,,,,,,,AFR,AFRICA,AFR,,,,,,,,1,036,036,03,1,4.0,2,1,2,6.62251655629139,5,"Kerala, Kerala, India",IN,IN13,10,76.5,-2100307,5,"Kerala, Kerala, India",IN,IN13,10,76.5,-2100307,5,"Kerala, Kerala, India",IN,IN13,10,76.5,-2100307,20150923,http://www.travelbizmonitor.com/Top-Stories/kerala-wins-pata-gold-award-for-muzirisheritage-project-28476
469555596,20150923,201509,2015,2015.7205,GOV,GOVERNMENT,,,,,,GOV,,,,,,,,,,,,,1,051,051,05,1,3.4,14,2,14,5.58398555087297,5,"Kerala, Kerala, India",IN,IN13,10,76.5,-2100307,0,,,,,,,5,"Kerala, Kerala, India",IN,IN13,10,76.5,-2100307,20150923,http://www.travelbizmonitor.com/Top-Stories/kerala-wins-pata-gold-award-for-muzirisheritage-project-28476
469555678,20150923,201509,2015,2015.7205,GOV,MINIST FOR TOURISM,,,,,,GOV,,,INDGOV,KERALA,IND,,,,,GOV,,,1,051,051,05,1,3.4,3,1,3,6.62251655629139,5,"Kerala, Kerala, India",IN,IN13,10,76.5,-2100307,5,"Kerala, Kerala, India",IN,IN13,10,76.5,-2100307,5,"Kerala, Kerala, India",IN,IN13,10,76.5,-2100307,20150923,http://www.travelbizmonitor.com/Top-Stories/kerala-wins-pata-gold-award-for-muzirisheritage-project-28476
469555749,20150923,201509,2015,2015.7205,GOVBUS,GOVERNMENT,,,,,,GOV,BUS,,,,,,,,,,,,1,051,051,05,1,3.4,2,1,2,6.62251655629139,5,"Kerala, Kerala, India",IN,IN13,10,76.5,-2100307,0,,,,,,,5,"Kerala, Kerala, India",IN,IN13,10,76.5,-2100307,20150923,http://www.travelbizmonitor.com/Top-Stories/kerala-wins-pata-gold-award-for-muzirisheritage-project-28476
469555752,20150923,201509,2015,2015.7205,GOVBUS,GOVERNMENT,,,,,,GOV,BUS,,IND,KERALA,IND,,,,,,,,1,051,051,05,1,3.4,3,1,3,6.62251655629139,5,"Kerala, Kerala, India",IN,IN13,10,76.5,-2100307,5,"Kerala, Kerala, India",IN,IN13,10,76.5,-2100307,5,"Kerala, Kerala, India",IN,IN13,10,76.5,-2100307,20150923,http://www.travelbizmonitor.com/Top-Stories/kerala-wins-pata-gold-award-for-muzirisheritage-project-28476
469555885,20150923,201509,2015,2015.7205,INDGOV,KERALA,IND,,,,,GOV,,,,,,,,,,,,,1,051,051,05,1,3.4,1,1,1,6.62251655629139,5,"Kerala, Kerala, India",IN,IN13,10,76.5,-2100307,0,,,,,,,5,"Kerala, Kerala, India",IN,IN13,10,76.5,-2100307,20150923,http://www.travelbizmonitor.com/Top-Stories/kerala-wins-pata-gold-award-for-muzirisheritage-project-28476
469557179,20150923,201509,2015,2015.7205,,,,,,,,,,,FRAGOV,VERSAILLES,FRA,,,,,GOV,,,1,112,112,11,3,-2.0,4,1,4,-7.38056349530421,0,,,,,,,4,"Versailles, Îe-de-France, France",FR,FRA8,48.8036,2.13424,-1475811,4,"Versailles, Îe-de-France, France",FR,FRA8,48.8036,2.13424,-1475811,20150923,http://www.independent.co.uk/arts-entertainment/art/news/anish-kapoors-dirty-corner-to-be-covered-in-gold-leaf-after-artist-told-to-remove-antisemitic-vandalism-against-his-will-10514086.html
469557272,20150923,201509,2015,2015.7205,,,,,,,,,,,USA,LOS ANGELES,USA,,,,,,,,1,030,030,03,1,4.0,20,2,20,1.64041101575339,0,,,,,,,3,"Azusa, California, United States",US,USCA,34.1336,-117.908,1652667,3,"Azusa, California, United States",US,USCA,34.1336,-117.908,1652667,20150923,http://globenewswire.com/news-release/2015/09/23/770334/10150224/en/Hill-International-Project-the-Foothill-Gold-Line-in-Southern-California-Achieves-Substantial-Completion.html
469557335,20150923,201509,2015,2015.7205,AFR,AFRICA,AFR,,,,,,,,BUS,COMPANY,,,,,,BUS,,,1,043,043,04,1,2.8,9,4,9,4.02018346209937,4,"Kibi, Ghana (general), Ghana",GH,GH00,6.16494,-0.553763,-2074420,4,"Kibi, Ghana (general), Ghana",GH,GH00,6.16494,-0.553763,-2074420,4,"Kibi, Ghana (general), Ghana",GH,GH00,6.16494,-0.553763,-2074420,20150923,http://globenewswire.com/news-release/2015/09/23/770336/10150240/en/Xtra-Gold-Resources-Corp-Announces-New-CEO-and-Corporate-Update.html
469557445,20150923,201509,2015,2015.7205,BUS,INVESTOR,,,,,,BUS,,,,,,,,,,,,,0,010,010,01,1,0.0,3,1,3,1.60256410256411,4,"Randgold, Gauteng, South Africa",SF,SF06,-25.944,27.4974,-1274768,0,,,,,,,4,"Randgold, Gauteng, South Africa",SF,SF06,-25.944,27.4974,-1274768,20150923,http://www.graphic.com.gh/business/business-news/49843-randgold-leads-revival-of-obuasi-mine-in-a-joint-venture-pact-with-anglogold.html
469557460,20150923,201509,2015,2015.7205,BUS,INVESTOR,,,,,,BUS,,,,,,,,,,,,,0,071,071,07,2,7.4,3,1,3,1.60256410256411,4,"Randgold, Gauteng, South Africa",SF,SF06,-25.944,27.4974,-1274768,0,,,,,,,4,"Randgold, Gauteng, South Africa",SF,SF06,-25.944,27.4974,-1274768,20150923,http://www.graphic.com.gh/business/business-news/49843-randgold-leads-revival-of-obuasi-mine-in-a-joint-venture-pact-with-anglogold.html
469557471,20150923,201509,2015,2015.7205,BUS,INVESTOR,,,,,,BUS,,,AFR,AFRICA,AFR,,,,,,,,0,010,010,01,1,0.0,2,1,2,1.60256410256411,4,"Randgold, Gauteng, South Africa",SF,SF06,-25.944,27.4974,-1274768,4,"Randgold, Gauteng, South Africa",SF,SF06,-25.944,27.4974,-1274768,4,"Randgold, Gauteng, South Africa",SF,SF06,-25.944,27.4974,-1274768,20150923,http://www.graphic.com.gh/business/business-news/49843-randgold-leads-revival-of-obuasi-mine-in-a-joint-venture-pact-with-anglogold.html
469557474,20150923,201509,2015,2015.7205,BUS,COMPANY,,,,,,BUS,,,AFR,AFRICA,AFR,,,,,,,,1,042,042,04,1,1.9,3,1,3,4.12087912087912,4,"Kibi, Ghana (general), Ghana",GH,GH00,6.16494,-0.553763,-2074420,4,"Kibi, Ghana (general), Ghana",GH,GH00,6.16494,-0.553763,-2074420,4,"Kibi, Ghana (general), Ghana",GH,GH00,6.16494,-0.553763,-2074420,20150923,http://globenewswire.com/news-release/2015/09/23/770336/10150240/en/Xtra-Gold-Resources-Corp-Announces-New-CEO-and-Corporate-Update.html
469557476,20150923,201509,2015,2015.7205,BUS,INVESTOR,,,,,,BUS,,,AFR,AFRICA,AFR,,,,,,,,0,071,071,07,2,7.4,2,1,2,1.60256410256411,4,"Randgold, Gauteng, South Africa",SF,SF06,-25.944,27.4974,-1274768,4,"Randgold, Gauteng, South Africa",SF,SF06,-25.944,27.4974,-1274768,4,"Randgold, Gauteng, South Africa",SF,SF06,-25.944,27.4974,-1274768,20150923,http://www.graphic.com.gh/business/business-news/49843-randgold-leads-revival-of-obuasi-mine-in-a-joint-venture-pact-with-anglogold.html
469557477,20150923,201509,2015,2015.7205,BUS,COMPANY,,,,,,BUS,,,AFR,AFRICA,AFR,,,,,,,,1,071,071,07,2,7.4,1,1,1,4.12087912087912,4,"Kumasi, Ashanti, Ghana",GH,GH02,6.68333,-1.61667,-2075172,4,"Kumasi, Ashanti, Ghana",GH,GH02,6.68333,-1.61667,-2075172,4,"Kumasi, Ashanti, Ghana",GH,GH02,6.68333,-1.61667,-2075172,20150923,http://globenewswire.com/news-release/2015/09/23/770336/10150240/en/Xtra-Gold-Resources-Corp-Announces-New-CEO-and-Corporate-Update.html
469557486,20150923,201509,2015,2015.7205,BUS,COMPANY,,,,,,BUS,,,GHA,GHANA,GHA,,,,,,,,1,042,042,04,1,1.9,29,4,29,4.02018346209937,4,"Kibi, Ghana (general), Ghana",GH,GH00,6.16494,-0.553763,-2074420,4,"Kibi, Ghana (general), Ghana",GH,GH00,6.16494,-0.553763,-2074420,4,"Kibi, Ghana (general), Ghana",GH,GH00,6.16494,-0.553763,-2074420,20150923,http://globenewswire.com/news-release/2015/09/23/770336/10150240/en/Xtra-Gold-Resources-Corp-Announces-New-CEO-and-Corporate-Update.html
469557487,20150923,201509,2015,2015.7205,BUS,COMPANY,,,,,,BUS,,,GHA,GHANA,GHA,,,,,,,,1,071,071,07,2,7.4,31,4,31,4.02018346209937,4,"Kumasi, Ashanti, Ghana",GH,GH02,6.68333,-1.61667,-2075172,4,"Kumasi, Ashanti, Ghana",GH,GH02,6.68333,-1.61667,-2075172,4,"Kumasi, Ashanti, Ghana",GH,GH02,6.68333,-1.61667,-2075172,20150923,http://globenewswire.com/news-release/2015/09/23/770336/10150240/en/Xtra-Gold-Resources-Corp-Announces-New-CEO-and-Corporate-Update.html
469557961,20150923,201509,2015,2015.7205,FRA,FRANCE,FRA,,,,,,,,,,,,,,,,,,1,010,010,01,1,0.0,16,1,8,-7.38056349530421,4,"Versailles, Îe-de-France, France",FR,FRA8,48.8036,2.13424,-1475811,0,,,,,,,4,"Versailles, Îe-de-France, France",FR,FRA8,48.8036,2.13424,-1475811,20150923,http://www.independent.co.uk/arts-entertainment/art/news/anish-kapoors-dirty-corner-to-be-covered-in-gold-leaf-after-artist-told-to-remove-antisemitic-vandalism-against-his-will-10514086.html
469557962,20150923,201509,2015,2015.7205,FRA,FRANCE,FRA,,,,,,,,,,,,,,,,,,0,112,112,11,3,-2.0,5,1,5,-7.34177215189869,4,"Versailles, Îe-de-France, France",FR,FRA8,48.8036,2.13424,-1475811,0,,,,,,,4,"Versailles, Îe-de-France, France",FR,FRA8,48.8036,2.13424,-1475811,20150923,http://www.independent.co.uk/arts-entertainment/art/news/anish-kapoors-dirty-corner-to-be-covered-in-gold-leaf-after-artist-told-to-remove-antisemitic-vandalism-against-his-will-10514086.html
469557963,20150923,201509,2015,2015.7205,FRA,FRANCE,FRA,,,,,,,,,,,,,,,,,,1,120,120,12,3,-4.0,4,1,4,-7.34177215189869,4,"Versailles, Îe-de-France, France",FR,FRA8,48.8036,2.13424,-1475811,0,,,,,,,4,"Versailles, Îe-de-France, France",FR,FRA8,48.8036,2.13424,-1475811,20150923,http://www.independent.co.uk/arts-entertainment/art/news/anish-kapoors-dirty-corner-to-be-covered-in-gold-leaf-after-artist-told-to-remove-antisemitic-vandalism-against-his-will-10514086.html
469557964,20150923,201509,2015,2015.7205,FRA,FRANCE,FRA,,,,,,,,,,,,,,,,,,1,1712,171,17,4,-9.2,8,1,8,-7.38056349530421,4,"Versailles, Îe-de-France, France",FR,FRA8,48.8036,2.13424,-1475811,0,,,,,,,4,"Versailles, Îe-de-France, France",FR,FRA8,48.8036,2.13424,-1475811,20150923,http://www.independent.co.uk/arts-entertainment/art/news/anish-kapoors-dirty-corner-to-be-covered-in-gold-leaf-after-artist-told-to-remove-antisemitic-vandalism-against-his-will-10514086.html
469557974,20150923,201509,2015,2015.7205,FRA,FRENCH,FRA,,,,,,,,FRAMED,FRANCE,FRA,,,,,MED,,,1,010,010,01,1,0.0,4,1,4,-7.38056349530421,4,"Versailles, Îe-de-France, France",FR,FRA8,48.8036,2.13424,-1475811,4,"Versailles, Îe-de-France, France",FR,FRA8,48.8036,2.13424,-1475811,4,"Versailles, Îe-de-France, France",FR,FRA8,48.8036,2.13424,-1475811,20150923,http://www.independent.co.uk/arts-entertainment/art/news/anish-kapoors-dirty-corner-to-be-covered-in-gold-leaf-after-artist-told-to-remove-antisemitic-vandalism-against-his-will-10514086.html
469557975,20150923,201509,2015,2015.7205,FRA,FRENCH,FRA,,,,,,,,FRAMED,FRANCE,FRA,,,,,MED,,,1,1712,171,17,4,-9.2,4,1,4,-7.38056349530421,4,"Versailles, Îe-de-France, France",FR,FRA8,48.8036,2.13424,-1475811,4,"Versailles, Îe-de-France, France",FR,FRA8,48.8036,2.13424,-1475811,4,"Versailles, Îe-de-France, France",FR,FRA8,48.8036,2.13424,-1475811,20150923,http://www.independent.co.uk/arts-entertainment/art/news/anish-kapoors-dirty-corner-to-be-covered-in-gold-leaf-after-artist-told-to-remove-antisemitic-vandalism-against-his-will-10514086.html
469557977,20150923,201509,2015,2015.7205,FRA,FRANCE,FRA,,,,,,,,GBR,UNITED KINGDOM,GBR,,,,,,,,1,111,111,11,3,-2.0,4,1,4,5.77200577200577,4,"Paris, RhôAlpes, France",FR,FRB9,45.6333,5.73333,-1445327,4,"Paris, RhôAlpes, France",FR,FRB9,45.6333,5.73333,-1445327,4,"Paris, RhôAlpes, France",FR,FRB9,45.6333,5.73333,-1445327,20150923,http://barmagazine.co.uk/courvoisier-announces-new-campaign-inspired-by-pariss-golden-age/
469557987,20150923,201509,2015,2015.7205,FRAMED,FRENCH,FRA,,,,,MED,,,,,,,,,,,,,1,010,010,01,1,0.0,6,1,6,-7.38056349530421,4,"Versailles, Îe-de-France, France",FR,FRA8,48.8036,2.13424,-1475811,0,,,,,,,4,"Versailles, Îe-de-France, France",FR,FRA8,48.8036,2.13424,-1475811,20150923,http://www.independent.co.uk/arts-entertainment/art/news/anish-kapoors-dirty-corner-to-be-covered-in-gold-leaf-after-artist-told-to-remove-antisemitic-vandalism-against-his-will-10514086.html
469557988,20150923,201509,2015,2015.7205,FRAMED,FRENCH,FRA,,,,,MED,,,,,,,,,,,,,1,1712,171,17,4,-9.2,6,1,6,-7.38056349530421,4,"Versailles, Îe-de-France, France",FR,FRA8,48.8036,2.13424,-1475811,0,,,,,,,4,"Versailles, Îe-de-France, France",FR,FRA8,48.8036,2.13424,-1475811,20150923,http://www.independent.co.uk/arts-entertainment/art/news/anish-kapoors-dirty-corner-to-be-covered-in-gold-leaf-after-artist-told-to-remove-antisemitic-vandalism-against-his-will-10514086.html
469557989,20150923,201509,2015,2015.7205,FRAMED,FRANCE,FRA,,,,,MED,,,FRA,FRANCE,FRA,,,,,,,,1,010,010,01,1,0.0,4,1,4,-7.38056349530421,4,"Versailles, Îe-de-France, France",FR,FRA8,48.8036,2.13424,-1475811,4,"Versailles, Îe-de-France, France",FR,FRA8,48.8036,2.13424,-1475811,4,"Versailles, Îe-de-France, France",FR,FRA8,48.8036,2.13424,-1475811,20150923,http://www.independent.co.uk/arts-entertainment/art/news/anish-kapoors-dirty-corner-to-be-covered-in-gold-leaf-after-artist-told-to-remove-antisemitic-vandalism-against-his-will-10514086.html
469557990,20150923,201509,2015,2015.7205,FRAMED,FRANCE,FRA,,,,,MED,,,FRA,FRANCE,FRA,,,,,,,,1,1712,171,17,4,-9.2,4,1,4,-7.38056349530421,4,"Versailles, Îe-de-France, France",FR,FRA8,48.8036,2.13424,-1475811,4,"Versailles, Îe-de-France, France",FR,FRA8,48.8036,2.13424,-1475811,4,"Versailles, Îe-de-France, France",FR,FRA8,48.8036,2.13424,-1475811,20150923,http://www.independent.co.uk/arts-entertainment/art/news/anish-kapoors-dirty-corner-to-be-covered-in-gold-leaf-after-artist-told-to-remove-antisemitic-vandalism-against-his-will-10514086.html
469558048,20150923,201509,2015,2015.7205,GHA,GHANA,GHA,,,,,,,,BUS,COMPANY,,,,,,BUS,,,1,043,043,04,1,2.8,29,4,29,4.02018346209937,4,"Kibi, Ghana (general), Ghana",GH,GH00,6.16494,-0.553763,-2074420,4,"Kibi, Ghana (general), Ghana",GH,GH00,6.16494,-0.553763,-2074420,4,"Kibi, Ghana (general), Ghana",GH,GH00,6.16494,-0.553763,-2074420,20150923,http://globenewswire.com/news-release/2015/09/23/770336/10150240/en/Xtra-Gold-Resources-Corp-Announces-New-CEO-and-Corporate-Update.html
469559232,20150923,201509,2015,2015.7205,USA,UNITED STATES,USA,,,,,,,,USAGOV,BARACK OBAMA,USA,,,,,GOV,,,1,111,111,11,3,-2.0,2,1,2,0,2,"New Jersey, United States",US,USNJ,40.314,-74.5089,NJ,2,"New Hampshire, United States",US,USNH,43.4108,-71.5653,NH,2,"New Hampshire, United States",US,USNH,43.4108,-71.5653,NH,20150923,http://host.madison.com/ct/news/local/roundup/morning-briefing-club-for-growth-attacks-russ-feingold/article_158ac762-61ed-11e5-bcdf-4746423dec28.html
469559233,20150923,201509,2015,2015.7205,USA,UNITED STATES,USA,,,,,,,,USAGOV,BARACK OBAMA,USA,,,,,GOV,,,1,111,111,11,3,-2.0,6,1,6,-0.217706821480405,2,"New Jersey, United States",US,USNJ,40.314,-74.5089,NJ,2,"New Jersey, United States",US,USNJ,40.314,-74.5089,NJ,2,"New Jersey, United States",US,USNJ,40.314,-74.5089,NJ,20150923,http://host.madison.com/ct/news/local/roundup/morning-briefing-club-for-growth-attacks-russ-feingold/article_158ac762-61ed-11e5-bcdf-4746423dec28.html
469562875,20150923,201509,2015,2015.7205,BUS,COMPANY,,,,,,BUS,,,AFR,AFRICA,AFR,,,,,,,,1,042,042,04,1,1.9,6,3,6,3.98661824250612,4,"Kumasi, Ashanti, Ghana",GH,GH02,6.68333,-1.61667,-2075172,4,"Kumasi, Ashanti, Ghana",GH,GH02,6.68333,-1.61667,-2075172,4,"Kumasi, Ashanti, Ghana",GH,GH02,6.68333,-1.61667,-2075172,20150923,http://www.stockhouse.com/news/press-releases/2015/09/23/xtra-gold-resources-corp-announces-new-ceo-and-corporate-update
469571063,20150923,201509,2015,2015.7205,,,,,,,,,,,BFA,BURKINA FASO,BFA,,,,,,,,0,114,114,11,3,-2.0,10,1,10,1.15473441108545,0,,,,,,,4,"Ouagadougou, Kadiogo, Burkina Faso",UV,UV53,12.3703,-1.52472,-1721728,4,"Ouagadougou, Kadiogo, Burkina Faso",UV,UV53,12.3703,-1.52472,-1721728,20150923,http://seekingalpha.com/article/3526086-true-gold-mining-coup-in-burkina-faso-renews-uncertainty-about-karma
469571262,20150923,201509,2015,2015.7205,AGR,FARMER,,,,,,AGR,,,USA,UNITED STATES,USA,,,,,,,,1,051,051,05,1,3.4,4,1,4,7.64119601328903,2,"Nebraska, United States",US,USNE,41.1289,-98.2883,NE,2,"Nebraska, United States",US,USNE,41.1289,-98.2883,NE,2,"Nebraska, United States",US,USNE,41.1289,-98.2883,NE,20150923,http://www.midwestproducer.com/news/regional/rep-jeff-fortenberry-receives-golden-triangle-award-from-national-farmers/article_857c9538-61f6-11e5-bfb1-d711e48ec27a.html
469571297,20150923,201509,2015,2015.7205,BFA,BURKINABE,BFA,,,,,,,,BUS,COMPANY,,,,,,BUS,,,0,010,010,01,1,0.0,10,1,10,1.15473441108545,4,"Ouagadougou, Kadiogo, Burkina Faso",UV,UV53,12.3703,-1.52472,-1721728,4,"Ouagadougou, Kadiogo, Burkina Faso",UV,UV53,12.3703,-1.52472,-1721728,4,"Ouagadougou, Kadiogo, Burkina Faso",UV,UV53,12.3703,-1.52472,-1721728,20150923,http://seekingalpha.com/article/3526086-true-gold-mining-coup-in-burkina-faso-renews-uncertainty-about-karma
469571322,20150923,201509,2015,2015.7205,BUS,CORPORATION,,,,,,BUS,,,,,,,,,,,,,1,010,010,01,1,0.0,29,5,29,0.882294841739726,4,"Vancouver, British Columbia, Canada",CA,CA02,49.25,-123.133,-575268,0,,,,,,,4,"Vancouver, British Columbia, Canada",CA,CA02,49.25,-123.133,-575268,20150923,http://www.geologyforinvestors.com/kaminak-increases-grade-oxide-ounces-and-indicated-resources-in-updated-mineral-resource-estimate-at-coffee-gold-project-and-provides-feasibility-study-update/
469571377,20150923,201509,2015,2015.7205,BUS,CORPORATION,,,,,,BUS,,,MED,WEBSITE,,,,,,MED,,,0,084,084,08,2,7.0,20,2,20,0.8502215380952,5,"Yukon Territory, Yukon, Canada",CA,CA12,63,-136,-576336,5,"Yukon Territory, Yukon, Canada",CA,CA12,63,-136,-576336,5,"Yukon Territory, Yukon, Canada",CA,CA12,63,-136,-576336,20150923,http://www.geologyforinvestors.com/kaminak-increases-grade-oxide-ounces-and-indicated-resources-in-updated-mineral-resource-estimate-at-coffee-gold-project-and-provides-feasibility-study-update/
469573169,20150923,201509,2015,2015.7205,USA,NEBRASKA,USA,,,,,,,,AGR,FARMER,,,,,,AGR,,,1,051,051,05,1,3.4,4,1,4,7.64119601328903,2,"Nebraska, United States",US,USNE,41.1289,-98.2883,NE,2,"Nebraska, United States",US,USNE,41.1289,-98.2883,NE,2,"Nebraska, United States",US,USNE,41.1289,-98.2883,NE,20150923,http://www.midwestproducer.com/news/regional/rep-jeff-fortenberry-receives-golden-triangle-award-from-national-farmers/article_857c9538-61f6-11e5-bfb1-d711e48ec27a.html
469573356,20150923,201509,2015,2015.7205,USAAGR,NEBRASKA,USA,,,,,AGR,,,AGR,FARMER,,,,,,AGR,,,1,051,051,05,1,3.4,3,1,3,7.64119601328903,3,"Minatare, Nebraska, United States",US,USNE,41.8094,-103.504,831336,3,"Minatare, Nebraska, United States",US,USNE,41.8094,-103.504,831336,3,"Minatare, Nebraska, United States",US,USNE,41.8094,-103.504,831336,20150923,http://www.midwestproducer.com/news/regional/rep-jeff-fortenberry-receives-golden-triangle-award-from-national-farmers/article_857c9538-61f6-11e5-bfb1-d711e48ec27a.html
469575959,20150923,201509,2015,2015.7205,GOV,KING,,,,,,GOV,,,,,,,,,,,,,1,114,114,11,3,-2.0,4,1,4,-2.97766749379653,3,"Gold King Mine, Colorado, United States",US,USCO,37.8906,-107.648,187329,0,,,,,,,3,"Gold King Mine, Colorado, United States",US,USCO,37.8906,-107.648,187329,20150923,http://www.mining-technology.com/news/newsus-senators-introduce-new-gold-king-mine-spill-legislation-4677020
469575975,20150923,201509,2015,2015.7205,GOV,GOVERNMENT,,,,,,GOV,,,BUS,BUSINESS,,,,,,BUS,,,0,114,114,11,3,-2.0,8,1,8,-2.97766749379653,3,"Gold King Mine, Colorado, United States",US,USCO,37.8906,-107.648,187329,3,"Gold King Mine, Colorado, United States",US,USCO,37.8906,-107.648,187329,3,"Gold King Mine, Colorado, United States",US,USCO,37.8906,-107.648,187329,20150923,http://www.mining-technology.com/news/newsus-senators-introduce-new-gold-king-mine-spill-legislation-4677020
469575976,20150923,201509,2015,2015.7205,GOV,GOVERNMENT,,,,,,GOV,,,BUS,BUSINESS,,,,,,BUS,,,0,114,114,11,3,-2.0,2,1,2,-2.97766749379653,3,"Gold King Mine, Colorado, United States",US,USCO,37.8906,-107.648,187329,2,"Colorado, United States",US,USCO,39.0646,-105.327,CO,3,"Gold King Mine, Colorado, United States",US,USCO,37.8906,-107.648,187329,20150923,http://www.mining-technology.com/news/newsus-senators-introduce-new-gold-king-mine-spill-legislation-4677020
469576058,20150923,201509,2015,2015.7205,GOV,KING,,,,,,GOV,,,USA,UNITED STATES,USA,,,,,,,,1,114,114,11,3,-2.0,2,1,2,-2.97766749379653,3,"Gold King Mine, Colorado, United States",US,USCO,37.8906,-107.648,187329,3,"Gold King Mine, Colorado, United States",US,USCO,37.8906,-107.648,187329,3,"Gold King Mine, Colorado, United States",US,USCO,37.8906,-107.648,187329,20150923,http://www.mining-technology.com/news/newsus-senators-introduce-new-gold-king-mine-spill-legislation-4677020
469576716,20150923,201509,2015,2015.7205,THA,THAILAND,THA,,,,,,,,,,,,,,,,,,1,010,010,01,1,0.0,3,1,3,-4.82315112540193,4,"Ahmedabad, Gujarat, India",IN,IN09,23.0333,72.6167,-2088270,0,,,,,,,4,"Ahmedabad, Gujarat, India",IN,IN09,23.0333,72.6167,-2088270,20150923,http://www.customstoday.com.pk/indian-customs-seizes-1-5kg-gold-at-gandhi-airport/
469576827,20150923,201509,2015,2015.7205,USA,UNITED STATES,USA,,,,,,,,,,,,,,,,,,1,114,114,11,3,-2.0,4,1,4,-2.97766749379653,3,"Gold King Mine, Colorado, United States",US,USCO,37.8906,-107.648,187329,0,,,,,,,3,"Gold King Mine, Colorado, United States",US,USCO,37.8906,-107.648,187329,20150923,http://www.mining-technology.com/news/newsus-senators-introduce-new-gold-king-mine-spill-legislation-4677020
469579084,20150923,201509,2015,2015.7205,BUS,INVESTOR,,,,,,BUS,,,GOV,GOVERNMENT,,,,,,GOV,,,0,051,051,05,1,3.4,13,2,13,2.81913595313643,1,India,IN,IN,20,77,IN,1,India,IN,IN,20,77,IN,1,India,IN,IN,20,77,IN,20150923,http://www.wealthdaily.com/articles/indias-latest-gold-investment-scam/6275
469579966,20150923,201509,2015,2015.7205,IND,KOLKATA,IND,,,,,,,,THA,THAI,THA,,,,,,,,1,172,172,17,4,-5.0,4,1,4,4.59770114942529,4,"Bangkok, Krung Thep Mahanakhon, Thailand",TH,TH40,13.75,100.517,-3250083,4,"Bangkok, Krung Thep Mahanakhon, Thailand",TH,TH40,13.75,100.517,-3250083,4,"Bangkok, Krung Thep Mahanakhon, Thailand",TH,TH40,13.75,100.517,-3250083,20150923,http://ptinews.com/news/6535259_Gold-bars-seized-at-Kolkata-airport.html
469579967,20150923,201509,2015,2015.7205,IND,KOLKATA,IND,,,,,,,,THABUS,THAI,THA,,,,,BUS,,,1,172,172,17,4,-5.0,2,1,2,4.59770114942529,4,"Bangkok, Krung Thep Mahanakhon, Thailand",TH,TH40,13.75,100.517,-3250083,4,"Bangkok, Krung Thep Mahanakhon, Thailand",TH,TH40,13.75,100.517,-3250083,4,"Bangkok, Krung Thep Mahanakhon, Thailand",TH,TH40,13.75,100.517,-3250083,20150923,http://ptinews.com/news/6535259_Gold-bars-seized-at-Kolkata-airport.html
469587195,20150923,201509,2015,2015.7205,AUS,AUSTRALIA,AUS,,,,,,,,BUS,COMPANY,,,,,,BUS,,,0,060,060,06,2,6.0,1,1,1,1.76754151044456,4,"Daguilar, Queensland, Australia",AS,AS04,-26.9833,152.8,-1568695,4,"Daguilar, Queensland, Australia",AS,AS04,-26.9833,152.8,-1568695,4,"Daguilar, Queensland, Australia",AS,AS04,-26.9833,152.8,-1568695,20150923,http://www.proactiveinvestors.co.uk/LON:SOLG/SolGold/
469587196,20150923,201509,2015,2015.7205,AUS,AUSTRALIA,AUS,,,,,,,,BUS,COMPANY,,,,,,BUS,,,0,060,060,06,2,6.0,5,1,5,1.76754151044456,4,"Greenwich, New South Wales, Australia",AS,AS02,-33.8406,151.183,353333,4,"Greenwich, New South Wales, Australia",AS,AS02,-33.8406,151.183,353333,4,"Greenwich, New South Wales, Australia",AS,AS02,-33.8406,151.183,353333,20150923,http://www.proactiveinvestors.co.uk/LON:SOLG/SolGold/
469591068,20150923,201509,2015,2015.7205,,,,,,,,,,,FRA,FRANCE,FRA,,,,,,,,1,043,043,04,1,2.8,5,5,5,2.71493212669683,0,,,,,,,1,France,FR,FR,46,2,FR,1,United Kingdom,UK,UK,54,-2,UK,20150923,http://www.armytimes.com/story/sponsor-story/pioneer-services/2015/09/23/gold-star-mothers-day/71573018/
469591397,20150923,201509,2015,2015.7205,BUS,COMPANY,,,,,,BUS,,,ETH,ETHIOPIAN,ETH,,,,,,,,1,030,030,03,1,4.0,4,1,4,4.24028268551237,1,Ethiopia,ET,ET,8,38,ET,1,Ethiopia,ET,ET,8,38,ET,1,Ethiopia,ET,ET,8,38,ET,20150923,http://newbusinessethiopia.com/index.php/resources/33-mining/304/british-s-kefi-to-produce-29-tons-of-gold-and-silver-in-ethiopia
469591398,20150923,201509,2015,2015.7205,BUS,COMPANY,,,,,,BUS,,,ETH,ETHIOPIAN,ETH,,,,,,,,1,057,057,05,1,8.0,4,1,4,4.24028268551237,1,Ethiopia,ET,ET,8,38,ET,1,Ethiopia,ET,ET,8,38,ET,1,Ethiopia,ET,ET,8,38,ET,20150923,http://newbusinessethiopia.com/index.php/resources/33-mining/304/british-s-kefi-to-produce-29-tons-of-gold-and-silver-in-ethiopia
469591399,20150923,201509,2015,2015.7205,BUS,COMPANY,,,,,,BUS,,,ETHGOV,ETHIOPIAN,ETH,,,,,GOV,,,1,030,030,03,1,4.0,6,1,6,4.24028268551237,1,Ethiopia,ET,ET,8,38,ET,1,Ethiopia,ET,ET,8,38,ET,1,Ethiopia,ET,ET,8,38,ET,20150923,http://newbusinessethiopia.com/index.php/resources/33-mining/304/british-s-kefi-to-produce-29-tons-of-gold-and-silver-in-ethiopia
469591400,20150923,201509,2015,2015.7205,BUS,COMPANY,,,,,,BUS,,,ETHGOV,ETHIOPIAN,ETH,,,,,GOV,,,1,057,057,05,1,8.0,6,1,6,4.24028268551237,1,Ethiopia,ET,ET,8,38,ET,1,Ethiopia,ET,ET,8,38,ET,1,Ethiopia,ET,ET,8,38,ET,20150923,http://newbusinessethiopia.com/index.php/resources/33-mining/304/british-s-kefi-to-produce-29-tons-of-gold-and-silver-in-ethiopia
469592005,20150923,201509,2015,2015.7205,ETH,ETHIOPIAN,ETH,,,,,,,,BUS,COMPANY,,,,,,BUS,,,1,030,030,03,1,4.0,4,1,4,4.24028268551237,1,Ethiopia,ET,ET,8,38,ET,1,Ethiopia,ET,ET,8,38,ET,1,Ethiopia,ET,ET,8,38,ET,20150923,http://newbusinessethiopia.com/index.php/resources/33-mining/304/british-s-kefi-to-produce-29-tons-of-gold-and-silver-in-ethiopia
469592006,20150923,201509,2015,2015.7205,ETH,ETHIOPIAN,ETH,,,,,,,,BUS,COMPANY,,,,,,BUS,,,1,057,057,05,1,8.0,4,1,4,4.24028268551237,1,Ethiopia,ET,ET,8,38,ET,1,Ethiopia,ET,ET,8,38,ET,1,Ethiopia,ET,ET,8,38,ET,20150923,http://newbusinessethiopia.com/index.php/resources/33-mining/304/british-s-kefi-to-produce-29-tons-of-gold-and-silver-in-ethiopia
469592007,20150923,201509,2015,2015.7205,ETH,ETHIOPIA,ETH,,,,,,,,BUS,COMPANIES,,,,,,BUS,,,1,110,110,11,3,-2.0,2,1,2,4.24028268551237,1,Ethiopia,ET,ET,8,38,ET,1,Ethiopia,ET,ET,8,38,ET,1,Ethiopia,ET,ET,8,38,ET,20150923,http://newbusinessethiopia.com/index.php/resources/33-mining/304/british-s-kefi-to-produce-29-tons-of-gold-and-silver-in-ethiopia
469592008,20150923,201509,2015,2015.7205,ETHGOV,ETHIOPIAN,ETH,,,,,GOV,,,BUS,COMPANY,,,,,,BUS,,,1,030,030,03,1,4.0,6,1,6,4.24028268551237,1,Ethiopia,ET,ET,8,38,ET,1,Ethiopia,ET,ET,8,38,ET,1,Ethiopia,ET,ET,8,38,ET,20150923,http://newbusinessethiopia.com/index.php/resources/33-mining/304/british-s-kefi-to-produce-29-tons-of-gold-and-silver-in-ethiopia
469592009,20150923,201509,2015,2015.7205,ETHGOV,ETHIOPIAN,ETH,,,,,GOV,,,BUS,COMPANY,,,,,,BUS,,,1,057,057,05,1,8.0,6,1,6,4.24028268551237,1,Ethiopia,ET,ET,8,38,ET,1,Ethiopia,ET,ET,8,38,ET,1,Ethiopia,ET,ET,8,38,ET,20150923,http://newbusinessethiopia.com/index.php/resources/33-mining/304/british-s-kefi-to-produce-29-tons-of-gold-and-silver-in-ethiopia
469592027,20150923,201509,2015,2015.7205,FRA,FRANCE,FRA,,,,,,,,,,,,,,,,,,1,042,042,04,1,1.9,40,5,40,2.71493212669683,3,"Washington, District of Columbia, United States",US,USDC,38.8951,-77.0364,531871,0,,,,,,,3,"Washington, District of Columbia, United States",US,USDC,38.8951,-77.0364,531871,20150923,http://www.armytimes.com/story/sponsor-story/pioneer-services/2015/09/23/gold-star-mothers-day/71573018/
469592075,20150923,201509,2015,2015.7205,GBR,UNITED KINGDOM,GBR,,,,,,,,,,,,,,,,,,1,071,071,07,2,7.4,10,1,10,-0.39370078740158,3,"Greenhaven, New York, United States",US,USNY,41.5873,-73.7179,951680,0,,,,,,,3,"Greenhaven, New York, United States",US,USNY,41.5873,-73.7179,951680,20150923,http://www.octafinance.com/new-york-goldman-sachs-nysegs-rating-outlook-downgraded-to-hold-at-zacks-lost-its-buy-rating/
469592143,20150923,201509,2015,2015.7205,GOV,MINIST,,,,,,GOV,,,,,,,,,,,,,0,051,051,05,1,3.4,30,2,30,0.774705006947237,1,Ethiopia,ET,ET,8,38,ET,0,,,,,,,1,Ethiopia,ET,ET,8,38,ET,20150923,http://newbusinessethiopia.com/index.php/resources/33-mining/304/british-s-kefi-to-produce-29-tons-of-gold-and-silver-in-ethiopia
469592702,20150923,201509,2015,2015.7205,MEX,MEXICO,MEX,,,,,,,,,,,,,,,,,,1,084,084,08,2,7.0,4,1,4,4.41426146010187,2,"Missouri, United States",US,USMO,38.4623,-92.302,MO,0,,,,,,,2,"Missouri, United States",US,USMO,38.4623,-92.302,MO,20150923,http://www.streetwisereport.com/newmont-mining-corporation-nysenem-turns-green-on-barrick-gold-assets-with-agnico-eagle-mines-limited-nyseaem-wellcare-health-plans-inc-nysewcg/129943/
469592780,20150923,201509,2015,2015.7205,MNCUSA,GOLDMAN SACHS,USA,,,,,MNC,,,,,,,,,,,,,1,010,010,01,1,0.0,10,1,10,-0.39370078740158,3,"Greenhaven, New York, United States",US,USNY,41.5873,-73.7179,951680,0,,,,,,,3,"Greenhaven, New York, United States",US,USNY,41.5873,-73.7179,951680,20150923,http://www.octafinance.com/new-york-goldman-sachs-nysegs-rating-outlook-downgraded-to-hold-at-zacks-lost-its-buy-rating/
469595313,20140923,201409,2014,2014.7205,LEG,SENATE,,,,,,LEG,,,BUS,BANK,,,,,,BUS,,,1,112,112,11,3,-2.0,8,1,8,-2.48447204968944,1,Canada,CA,CA,60,-95,CA,1,Canada,CA,CA,60,-95,CA,1,Canada,CA,CA,60,-95,CA,20150923,http://www.4-traders.com/GOLDMAN-SACHS-GROUP-INC-12831/news/Goldman-Sachs--Court-rejects-ex-NY-Fed-employees-lawsuit-claiming-her-probe-of-Goldman-Sachs-got-h-21085117/
469595314,20140923,201409,2014,2014.7205,LEG,SENATE,,,,,,LEG,,,BUS,BANK,,,,,,BUS,,,1,112,112,11,3,-2.0,2,1,2,-2.48447204968944,2,"New York, United States",US,USNY,42.1497,-74.9384,NY,1,Canada,CA,CA,60,-95,CA,2,"New York, United States",US,USNY,42.1497,-74.9384,NY,20150923,http://www.4-traders.com/GOLDMAN-SACHS-GROUP-INC-12831/news/Goldman-Sachs--Court-rejects-ex-NY-Fed-employees-lawsuit-claiming-her-probe-of-Goldman-Sachs-got-h-21085117/
469595345,20150916,201509,2015,2015.7014,BHR,BAHRAIN,BHR,,,,,,,,GOV,MINIST OF JUSTICE,,,,,,GOV,,,0,057,057,05,1,8.0,10,1,10,-1.02494021182098,1,Bahrain,BA,BA,26,50.55,BA,1,Bahrain,BA,BA,26,50.55,BA,1,Bahrain,BA,BA,26,50.55,BA,20150923,http://www.cdr-news.com/categories/arbitration-and-adr/featured/5848-extending-the-golden-thread-ciarb-looks-east-as-it-publishes-new-guidelines
469595350,20150916,201509,2015,2015.7014,GOV,MINIST OF JUSTICE,,,,,,GOV,,,BHR,BAHRAIN,BHR,,,,,,,,0,057,057,05,1,8.0,10,1,10,-1.02494021182098,4,"London, London, City of, United Kingdom",UK,UKH9,51.5,-0.116667,-2601889,4,"London, London, City of, United Kingdom",UK,UKH9,51.5,-0.116667,-2601889,4,"London, London, City of, United Kingdom",UK,UKH9,51.5,-0.116667,-2601889,20150923,http://www.cdr-news.com/categories/arbitration-and-adr/featured/5848-extending-the-golden-thread-ciarb-looks-east-as-it-publishes-new-guidelines
469596456,20150923,201509,2015,2015.7205,GOV,KING,,,,,,GOV,,,,,,,,,,,,,0,013,013,01,1,0.4,4,1,4,-3.00884955752213,3,"Gold King Mine, Colorado, United States",US,USCO,37.8906,-107.648,187329,0,,,,,,,3,"Gold King Mine, Colorado, United States",US,USCO,37.8906,-107.648,187329,20150923,http://www.alamogordonews.com/alamogordo-news/ci_28863507/lawmakers-introduce-bill-help-gold-king-mine-spill
469596475,20150923,201509,2015,2015.7205,GOV,KING,,,,,,GOV,,,,,,,,,,,,,0,051,051,05,1,3.4,2,1,2,-3.00884955752213,3,"Gold King Mine, Colorado, United States",US,USCO,37.8906,-107.648,187329,0,,,,,,,3,"Gold King Mine, Colorado, United States",US,USCO,37.8906,-107.648,187329,20150923,http://www.alamogordonews.com/alamogordo-news/ci_28863507/lawmakers-introduce-bill-help-gold-king-mine-spill
469596476,20150923,201509,2015,2015.7205,GOV,KING,,,,,,GOV,,,,,,,,,,,,,0,051,051,05,1,3.4,2,1,2,-3.00884955752213,2,"New Mexico, United States",US,USNM,34.8375,-106.237,NM,0,,,,,,,2,"New Mexico, United States",US,USNM,34.8375,-106.237,NM,20150923,http://www.alamogordonews.com/alamogordo-news/ci_28863507/lawmakers-introduce-bill-help-gold-king-mine-spill
469596600,20150923,201509,2015,2015.7205,GOV,KING,,,,,,GOV,,,USA,UNITED STATES,USA,,,,,,,,0,013,013,01,1,0.4,2,1,2,-3.00884955752213,3,"Gold King Mine, Colorado, United States",US,USCO,37.8906,-107.648,187329,3,"Gold King Mine, Colorado, United States",US,USCO,37.8906,-107.648,187329,3,"Gold King Mine, Colorado, United States",US,USCO,37.8906,-107.648,187329,20150923,http://www.alamogordonews.com/alamogordo-news/ci_28863507/lawmakers-introduce-bill-help-gold-king-mine-spill
469596605,20150923,201509,2015,2015.7205,GOV,KING,,,,,,GOV,,,USA,UNITED STATES,USA,,,,,,,,0,051,051,05,1,3.4,2,1,2,-3.00884955752213,3,"Gold King Mine, Colorado, United States",US,USCO,37.8906,-107.648,187329,3,"Gold King Mine, Colorado, United States",US,USCO,37.8906,-107.648,187329,3,"Gold King Mine, Colorado, United States",US,USCO,37.8906,-107.648,187329,20150923,http://www.alamogordonews.com/alamogordo-news/ci_28863507/lawmakers-introduce-bill-help-gold-king-mine-spill
469596884,20150923,201509,2015,2015.7205,JUD,CIRCUIT COURT OF APPEALS,,,,,,JUD,,,,,,,,,,,,,1,1241,124,12,3,-4.0,6,1,6,-2.48447204968944,1,Canada,CA,CA,60,-95,CA,0,,,,,,,1,Canada,CA,CA,60,-95,CA,20150923,http://www.4-traders.com/GOLDMAN-SACHS-GROUP-INC-12831/news/Goldman-Sachs--Court-rejects-ex-NY-Fed-employees-lawsuit-claiming-her-probe-of-Goldman-Sachs-got-h-21085117/
469596918,20150923,201509,2015,2015.7205,JUD,CIRCUIT COURT OF APPEALS,,,,,,JUD,,,USA,UNITED STATES,USA,,,,,,,,1,1241,124,12,3,-4.0,2,1,2,-2.48447204968944,1,Canada,CA,CA,60,-95,CA,1,Canada,CA,CA,60,-95,CA,1,Canada,CA,CA,60,-95,CA,20150923,http://www.4-traders.com/GOLDMAN-SACHS-GROUP-INC-12831/news/Goldman-Sachs--Court-rejects-ex-NY-Fed-employees-lawsuit-claiming-her-probe-of-Goldman-Sachs-got-h-21085117/
469596919,20150923,201509,2015,2015.7205,JUD,CIRCUIT COURT OF APPEALS,,,,,,JUD,,,USA,UNITED STATES,USA,,,,,,,,1,1241,124,12,3,-4.0,2,1,2,-2.48447204968944,2,"New York, United States",US,USNY,42.1497,-74.9384,NY,1,Canada,CA,CA,60,-95,CA,1,Canada,CA,CA,60,-95,CA,20150923,http://www.4-traders.com/GOLDMAN-SACHS-GROUP-INC-12831/news/Goldman-Sachs--Court-rejects-ex-NY-Fed-employees-lawsuit-claiming-her-probe-of-Goldman-Sachs-got-h-21085117/
469596982,20150923,201509,2015,2015.7205,LEG,LAWMAKER,,,,,,LEG,,,GOV,KING,,,,,,GOV,,,1,071,071,07,2,7.4,2,1,2,-3.00884955752213,2,"New Mexico, United States",US,USNM,34.8375,-106.237,NM,2,"New Mexico, United States",US,USNM,34.8375,-106.237,NM,2,"New Mexico, United States",US,USNM,34.8375,-106.237,NM,20150923,http://www.alamogordonews.com/alamogordo-news/ci_28863507/lawmakers-introduce-bill-help-gold-king-mine-spill
469597050,20150923,201509,2015,2015.7205,MED,WEBSITE,,,,,,MED,,,,,,,,,,,,,0,128,128,12,3,-5.0,10,1,10,-1.02494021182098,4,"London, London, City of, United Kingdom",UK,UKH9,51.5,-0.116667,-2601889,0,,,,,,,4,"London, London, City of, United Kingdom",UK,UKH9,51.5,-0.116667,-2601889,20150923,http://www.cdr-news.com/categories/arbitration-and-adr/featured/5848-extending-the-golden-thread-ciarb-looks-east-as-it-publishes-new-guidelines
469597171,20150923,201509,2015,2015.7205,MNCCAN,YAMANA GOLD,CAN,,,,,MNC,,,,,,,,,,,,,1,010,010,01,1,0.0,10,1,10,3.63288718929255,4,"Santa Luz, Tocantins, Brazil",BR,BR31,-10.1833,-48.8667,-668496,0,,,,,,,4,"Santa Luz, Tocantins, Brazil",BR,BR31,-10.1833,-48.8667,-668496,20150923,http://www.financialwisdomworks.com/yamana-gold-inc-to-go-ex-dividend-on-september-28th-auy/43237/
469597400,20150923,201509,2015,2015.7205,QAT,QATAR,QAT,,,,,,,,ARE,DUBAI,ARE,,,,,,,,0,020,020,02,1,3.0,6,1,6,-1.02494021182098,1,Qatar,QA,QA,25.5,51.25,QA,4,"Dubai, Dubayy, United Arab Emirates",AE,AE03,25.2522,55.28,-782831,4,"Dubai, Dubayy, United Arab Emirates",AE,AE03,25.2522,55.28,-782831,20150923,http://www.cdr-news.com/categories/arbitration-and-adr/featured/5848-extending-the-golden-thread-ciarb-looks-east-as-it-publishes-new-guidelines
469597401,20150923,201509,2015,2015.7205,QAT,QATAR,QAT,,,,,,,,ARE,DUBAI,ARE,,,,,,,,0,020,020,02,1,3.0,1,1,1,-1.02494021182098,1,United States,US,US,38,-97,US,1,Qatar,QA,QA,25.5,51.25,QA,1,Qatar,QA,QA,25.5,51.25,QA,20150923,http://www.cdr-news.com/categories/arbitration-and-adr/featured/5848-extending-the-golden-thread-ciarb-looks-east-as-it-publishes-new-guidelines
469597632,20150923,201509,2015,2015.7205,USA,UNITED STATES,USA,,,,,,,,,,,,,,,,,,0,013,013,01,1,0.4,4,1,4,-3.00884955752213,3,"Gold King Mine, Colorado, United States",US,USCO,37.8906,-107.648,187329,0,,,,,,,3,"Gold King Mine, Colorado, United States",US,USCO,37.8906,-107.648,187329,20150923,http://www.alamogordonews.com/alamogordo-news/ci_28863507/lawmakers-introduce-bill-help-gold-king-mine-spill
469597669,20150923,201509,2015,2015.7205,USA,UNITED STATES,USA,,,,,,,,,,,,,,,,,,0,051,051,05,1,3.4,4,1,4,-3.00884955752213,3,"Gold King Mine, Colorado, United States",US,USCO,37.8906,-107.648,187329,0,,,,,,,3,"Gold King Mine, Colorado, United States",US,USCO,37.8906,-107.648,187329,20150923,http://www.alamogordonews.com/alamogordo-news/ci_28863507/lawmakers-introduce-bill-help-gold-king-mine-spill
469597695,20150923,201509,2015,2015.7205,USA,NEW MEXICO,USA,,,,,,,,,,,,,,,,,,0,112,112,11,3,-2.0,10,1,10,-3.00884955752213,2,"New Mexico, United States",US,USNM,34.8375,-106.237,NM,0,,,,,,,2,"New Mexico, United States",US,USNM,34.8375,-106.237,NM,20150923,http://www.alamogordonews.com/alamogordo-news/ci_28863507/lawmakers-introduce-bill-help-gold-king-mine-spill
469598032,20150923,201509,2015,2015.7205,USALEG,UNITED STATES,USA,,,,,LEG,,,USA,UNITED STATES,USA,,,,,,,,1,071,071,07,2,7.4,6,1,6,-3.00884955752213,2,"New Mexico, United States",US,USNM,34.8375,-106.237,NM,2,"New Mexico, United States",US,USNM,34.8375,-106.237,NM,2,"New Mexico, United States",US,USNM,34.8375,-106.237,NM,20150923,http://www.alamogordonews.com/alamogordo-news/ci_28863507/lawmakers-introduce-bill-help-gold-king-mine-spill
469599669,20150922,201509,2015,2015.7178,JUD,MAGISTRATE,,,,,,JUD,,,,,,,,,,,,,1,015,015,01,1,0.0,54,2,54,-4.57317882005923,1,Ghana,GH,GH,8,-2,GH,0,,,,,,,1,Ghana,GH,GH,8,-2,GH,20150923,http://www.goldcoastbulletin.com.au/wheelchair-bound-amputee-pleads-guilty-to-breaking-into-three-homes-on-the-gold-coast/story-fnj90t7b-1227541054929
469599730,20150923,201509,2015,2015.7205,,,,,,,,,,,CHN,CHINESE,CHN,,,,,,,,1,060,060,06,2,6.0,10,1,10,2.62390670553935,0,,,,,,,1,Ghana,GH,GH,8,-2,GH,1,Ghana,GH,GH,8,-2,GH,20150923,http://www.goldcoastbulletin.com.au/realestate/the-price-of-a-supersized-luxury-broadbeach-penthouse-has-been-slashed-by-2m/story-fnjdgobq-1227540928133
469599854,20150923,201509,2015,2015.7205,,,,,,,,,,,REB,REBEL,,,,,,REB,,,1,043,043,04,1,2.8,6,1,6,-1.11731843575419,0,,,,,,,1,Ghana,GH,GH,8,-2,GH,4,"Moscow, Moskva, Russia",RS,RS48,55.7522,37.6156,-2960561,20150923,https://www.radioinfo.com.au/news/rebel-fms-ash-dave-support-mcdonalds-staff-helensvale-gold-coast
469599914,20150923,201509,2015,2015.7205,,,,,,,,,,,USA,CALIFORNIA,USA,,,,,,,,1,173,173,17,4,-5.0,3,1,3,14.5748987854251,0,,,,,,,2,"California, United States",US,USCA,36.17,-119.746,CA,3,"Santa Clara Convention Center, California, United States",US,USCA,37.4041,-121.977,1828567,20150923,http://pcb.iconnect007.com/index.php/article/92879/gold-circuit-electronics-receives-2015-excellence-in-technology-alignment-by-cisco/92882/
469600025,20150923,201509,2015,2015.7205,AUS,AUSTRALIA,AUS,,,,,,,,GHA,GHANA,GHA,,,,,,,,0,010,010,01,1,0.0,2,1,2,6.58174097664544,1,Australia,AS,AS,-27,133,AS,1,Ghana,GH,GH,8,-2,GH,1,Australia,AS,AS,-27,133,AS,20150923,http://www.goldcoastbulletin.com.au/new-tourism-minister-richard-colbeck-says-he-wants-to-enhance-the-gold-coasts-lucrative-market/story-fnj90t7b-1227541046442
469600026,20150923,201509,2015,2015.7205,AUS,AUSTRALIA,AUS,,,,,,,,GHA,GHANA,GHA,,,,,,,,0,010,010,01,1,0.0,6,1,6,6.58174097664544,1,Australia,AS,AS,-27,133,AS,1,Ghana,GH,GH,8,-2,GH,1,Ghana,GH,GH,8,-2,GH,20150923,http://www.goldcoastbulletin.com.au/new-tourism-minister-richard-colbeck-says-he-wants-to-enhance-the-gold-coasts-lucrative-market/story-fnj90t7b-1227541046442
469600157,20150923,201509,2015,2015.7205,BUS,BOSS,,,,,,BUS,,,GOV,GOVERNMENT,,,,,,GOV,,,1,120,120,12,3,-4.0,2,1,2,6.58174097664544,1,Ghana,GH,GH,8,-2,GH,1,Ghana,GH,GH,8,-2,GH,1,Ghana,GH,GH,8,-2,GH,20150923,http://www.goldcoastbulletin.com.au/new-tourism-minister-richard-colbeck-says-he-wants-to-enhance-the-gold-coasts-lucrative-market/story-fnj90t7b-1227541046442
469600394,20150923,201509,2015,2015.7205,COP,POLICE,,,,,,COP,,,,,,,,,,,,,1,010,010,01,1,0.0,20,1,20,-1.73913043478261,1,Ghana,GH,GH,8,-2,GH,0,,,,,,,1,Ghana,GH,GH,8,-2,GH,20150923,http://www.goldcoastbulletin.com.au/news/gold-coast/on-the-beat-help-police-solve-a-crime-on-the-gold-coast/story-fnj94idh-1227540871975
469600496,20150923,201509,2015,2015.7205,CVL,COMMUNITY,,,,,,CVL,,,,,,,,,,,,,1,030,030,03,1,4.0,1,1,1,-1.11731843575419,1,Ghana,GH,GH,8,-2,GH,0,,,,,,,1,Ghana,GH,GH,8,-2,GH,20150923,https://www.radioinfo.com.au/news/rebel-fms-ash-dave-support-mcdonalds-staff-helensvale-gold-coast
469600528,20150923,201509,2015,2015.7205,CVL,COMMUNITY,,,,,,CVL,,,REB,REBEL,,,,,,REB,,,1,051,051,05,1,3.4,1,1,1,-1.11731843575419,4,"Moscow, Moskva, Russia",RS,RS48,55.7522,37.6156,-2960561,4,"Moscow, Moskva, Russia",RS,RS48,55.7522,37.6156,-2960561,4,"Moscow, Moskva, Russia",RS,RS48,55.7522,37.6156,-2960561,20150923,https://www.radioinfo.com.au/news/rebel-fms-ash-dave-support-mcdonalds-staff-helensvale-gold-coast
469600529,20150923,201509,2015,2015.7205,CVL,COMMUNITY,,,,,,CVL,,,REB,REBEL,,,,,,REB,,,1,051,051,05,1,3.4,1,1,1,-1.11731843575419,1,Ghana,GH,GH,8,-2,GH,4,"Moscow, Moskva, Russia",RS,RS48,55.7522,37.6156,-2960561,4,"Moscow, Moskva, Russia",RS,RS48,55.7522,37.6156,-2960561,20150923,https://www.radioinfo.com.au/news/rebel-fms-ash-dave-support-mcdonalds-staff-helensvale-gold-coast
469600829,20150923,201509,2015,2015.7205,GBR,UNITED KINGDOM,GBR,,,,,,,,,,,,,,,,,,1,050,050,05,1,3.5,5,1,5,4,4,"Tonbridge, Kent, United Kingdom",UK,UKG5,51.1833,0.283333,-2609954,0,,,,,,,4,"Tonbridge, Kent, United Kingdom",UK,UKG5,51.1833,0.283333,-2609954,20150923,http://www.24dash.com/news/care_and_support/2015-09-23-Centra-Pulse-to-provide-telecare-monitoring-service-for-Golding-Homes
469600909,20150923,201509,2015,2015.7205,GHA,GHANA,GHA,,,,,,,,,,,,,,,,,,1,015,015,01,1,0.0,56,2,56,-4.57317882005923,1,Ghana,GH,GH,8,-2,GH,0,,,,,,,1,Ghana,GH,GH,8,-2,GH,20150923,http://www.goldcoastbulletin.com.au/wheelchair-bound-amputee-pleads-guilty-to-breaking-into-three-homes-on-the-gold-coast/story-fnj90t7b-1227541054929
469600911,20150923,201509,2015,2015.7205,GHA,GHANA,GHA,,,,,,,,GOV,GOVERNMENT,,,,,,GOV,,,1,020,020,02,1,3.0,6,1,6,6.58174097664544,1,Australia,AS,AS,-27,133,AS,1,Australia,AS,AS,-27,133,AS,1,Australia,AS,AS,-27,133,AS,20150923,http://www.goldcoastbulletin.com.au/new-tourism-minister-richard-colbeck-says-he-wants-to-enhance-the-gold-coasts-lucrative-market/story-fnj90t7b-1227541046442
469600912,20150923,201509,2015,2015.7205,GHA,GHANA,GHA,,,,,,,,GOV,GOVERNMENT,,,,,,GOV,,,1,020,020,02,1,3.0,10,2,10,3.56377667258044,1,Ghana,GH,GH,8,-2,GH,1,Ghana,GH,GH,8,-2,GH,1,Ghana,GH,GH,8,-2,GH,20150923,http://www.goldcoastbulletin.com.au/new-tourism-minister-richard-colbeck-says-he-wants-to-enhance-the-gold-coasts-lucrative-market/story-fnj90t7b-1227541046442
469600913,20150923,201509,2015,2015.7205,GHA,GHANA,GHA,,,,,,,,GOV,GOVERNMENT,,,,,,GOV,,,1,120,120,12,3,-4.0,8,1,8,6.58174097664544,1,Ghana,GH,GH,8,-2,GH,1,Ghana,GH,GH,8,-2,GH,1,Ghana,GH,GH,8,-2,GH,20150923,http://www.goldcoastbulletin.com.au/new-tourism-minister-richard-colbeck-says-he-wants-to-enhance-the-gold-coasts-lucrative-market/story-fnj90t7b-1227541046442
469600914,20150923,201509,2015,2015.7205,GHA,GHANA,GHA,,,,,,,,REB,REBEL,,,,,,REB,,,1,042,042,04,1,1.9,2,1,2,-1.11731843575419,1,Ghana,GH,GH,8,-2,GH,1,Ghana,GH,GH,8,-2,GH,1,Ghana,GH,GH,8,-2,GH,20150923,https://www.radioinfo.com.au/news/rebel-fms-ash-dave-support-mcdonalds-staff-helensvale-gold-coast
469600915,20150923,201509,2015,2015.7205,GHA,GHANA,GHA,,,,,,,,REB,REBEL,,,,,,REB,,,1,043,043,04,1,2.8,4,1,4,-1.11731843575419,1,Ghana,GH,GH,8,-2,GH,1,Ghana,GH,GH,8,-2,GH,1,Ghana,GH,GH,8,-2,GH,20150923,https://www.radioinfo.com.au/news/rebel-fms-ash-dave-support-mcdonalds-staff-helensvale-gold-coast
469600924,20150923,201509,2015,2015.7205,GOV,PREMIER,,,,,,GOV,,,,,,,,,,,,,0,020,020,02,1,3.0,2,1,2,6.58174097664544,1,Ghana,GH,GH,8,-2,GH,0,,,,,,,1,Australia,AS,AS,-27,133,AS,20150923,http://www.goldcoastbulletin.com.au/new-tourism-minister-richard-colbeck-says-he-wants-to-enhance-the-gold-coasts-lucrative-market/story-fnj90t7b-1227541046442
469601523,20150923,201509,2015,2015.7205,MED,MEDIA,,,,,,MED,,,,,,,,,,,,,1,172,172,17,4,-5.0,5,1,5,2.62390670553935,1,Ghana,GH,GH,8,-2,GH,0,,,,,,,1,Ghana,GH,GH,8,-2,GH,20150923,http://www.goldcoastbulletin.com.au/realestate/the-price-of-a-supersized-luxury-broadbeach-penthouse-has-been-slashed-by-2m/story-fnjdgobq-1227540928133
469601630,20150923,201509,2015,2015.7205,MNCUSA,GOLDMAN SACHS,USA,,,,,MNC,,,,,,,,,,,,,1,010,010,01,1,0.0,18,2,18,0.08949076519995,1,Australia,AS,AS,-27,133,AS,0,,,,,,,1,Australia,AS,AS,-27,133,AS,20150923,http://news.forexlive.com/!/why-goldman-sachs-expects-the-australian-dollar-to-fall-further-20150922
469601830,20150923,201509,2015,2015.7205,REB,REBEL,,,,,,REB,,,,,,,,,,,,,1,042,042,04,1,1.9,6,1,6,-1.11731843575419,4,"Moscow, Moskva, Russia",RS,RS48,55.7522,37.6156,-2960561,0,,,,,,,4,"Moscow, Moskva, Russia",RS,RS48,55.7522,37.6156,-2960561,20150923,https://www.radioinfo.com.au/news/rebel-fms-ash-dave-support-mcdonalds-staff-helensvale-gold-coast
469601833,20150923,201509,2015,2015.7205,REB,REBEL,,,,,,REB,,,GHA,GHANA,GHA,,,,,,,,1,042,042,04,1,1.9,2,1,2,-1.11731843575419,1,Ghana,GH,GH,8,-2,GH,4,"Moscow, Moskva, Russia",RS,RS48,55.7522,37.6156,-2960561,4,"Moscow, Moskva, Russia",RS,RS48,55.7522,37.6156,-2960561,20150923,https://www.radioinfo.com.au/news/rebel-fms-ash-dave-support-mcdonalds-staff-helensvale-gold-coast
469601834,20150923,201509,2015,2015.7205,REB,REBEL,,,,,,REB,,,GHA,GHANA,GHA,,,,,,,,1,042,042,04,1,1.9,2,1,2,-1.11731843575419,1,Ghana,GH,GH,8,-2,GH,1,Ghana,GH,GH,8,-2,GH,1,Ghana,GH,GH,8,-2,GH,20150923,https://www.radioinfo.com.au/news/rebel-fms-ash-dave-support-mcdonalds-staff-helensvale-gold-coast
469601835,20150923,201509,2015,2015.7205,REB,REBEL,,,,,,REB,,,GHA,GHANA,GHA,,,,,,,,1,043,043,04,1,2.8,2,1,2,-1.11731843575419,1,Ghana,GH,GH,8,-2,GH,1,Ghana,GH,GH,8,-2,GH,1,Ghana,GH,GH,8,-2,GH,20150923,https://www.radioinfo.com.au/news/rebel-fms-ash-dave-support-mcdonalds-staff-helensvale-gold-coast
469601836,20150923,201509,2015,2015.7205,REB,REBEL,,,,,,REB,,,GHA,GHANA,GHA,,,,,,,,1,051,051,05,1,3.4,2,1,2,-1.11731843575419,4,"Moscow, Moskva, Russia",RS,RS48,55.7522,37.6156,-2960561,4,"Moscow, Moskva, Russia",RS,RS48,55.7522,37.6156,-2960561,4,"Moscow, Moskva, Russia",RS,RS48,55.7522,37.6156,-2960561,20150923,https://www.radioinfo.com.au/news/rebel-fms-ash-dave-support-mcdonalds-staff-helensvale-gold-coast
469602525,20150923,201509,2015,2015.7205,UZB,UZBEK,UZB,,,,,,,,UAF,MILITANT,,,,,,UAF,,,1,051,051,05,1,3.4,35,3,35,-10.8666518131173,1,Uzbekistan,UZ,UZ,41,64,UZ,1,Uzbekistan,UZ,UZ,41,64,UZ,4,"Tayyar, Al ?asakah, Syria",SY,SY01,36.0854,40.7912,6028337,20150923,http://www.goldcoastbulletin.com.au/news/world/harrowing-footage-shows-young-suicide-bomber-weeping-before-final-mission-in-syria/story-fnj94lfw-1227541244197
469606039,20150923,201509,2015,2015.7205,MNCUSA,GOLDMAN SACHS,USA,,,,,MNC,,,,,,,,,,,,,1,0311,031,03,1,5.2,5,1,5,0.20242914979757,1,United States,US,US,38,-97,US,0,,,,,,,1,United States,US,US,38,-97,US,20150923,http://rapidnewsnetwork.com/dividend-watch-goldman-sachs-group-inc-nyse-gs/189638/
469606459,20150923,201509,2015,2015.7205,USA,NEVADA,USA,,,,,,,,,,,,,,,,,,1,010,010,01,1,0.0,2,1,2,2.17391304347826,2,"Nevada, United States",US,USNV,38.4199,-117.122,NV,0,,,,,,,3,"Denver, Colorado, United States",US,USCO,39.7392,-104.985,201738,20150923,http://www.thestreet.com/story/13298573/1/one-factor-bringing-barrick-gold-abx-stock-up-today.html
469608461,20150923,201509,2015,2015.7205,,,,,,,,,,,CHN,CHINA,CHN,,,,,,,,0,042,042,04,1,1.9,8,1,8,1.98675496688741,0,,,,,,,5,"Gansu, Gansu, China",CH,CH15,38,102,-1906131,5,"Gansu, Gansu, China",CH,CH15,38,102,-1906131,20150923,http://en.yibada.com/articles/66470/20150923/24-gold-ornaments-handed-over-china-french-collectors.htm
469608463,20150923,201509,2015,2015.7205,,,,,,,,,,,CHR,CHRISTIAN,,,,CHR,,,,,1,043,043,04,1,2.8,6,1,6,1.98675496688741,0,,,,,,,5,"Gansu, Gansu, China",CH,CH15,38,102,-1906131,5,"Gansu, Gansu, China",CH,CH15,38,102,-1906131,20150923,http://en.yibada.com/articles/66470/20150923/24-gold-ornaments-handed-over-china-french-collectors.htm
469608499,20150923,201509,2015,2015.7205,,,,,,,,,,,FRA,FRANCE,FRA,,,,,,,,1,043,043,04,1,2.8,1,1,1,1.98675496688741,0,,,,,,,1,France,FR,FR,46,2,FR,5,"Gansu, Gansu, China",CH,CH15,38,102,-1906131,20150923,http://en.yibada.com/articles/66470/20150923/24-gold-ornaments-handed-over-china-french-collectors.htm
469608822,20150923,201509,2015,2015.7205,CHN,SHANGHAI,CHN,,,,,,,,,,,,,,,,,,0,020,020,02,1,3.0,5,1,5,4.89913544668588,1,Hong Kong,HK,HK,22.25,114.167,HK,0,,,,,,,1,Singapore,SN,SN,1.3667,103.8,SN,20150923,http://www.bulliondesk.com/gold-news/physicals-smaller-gold-bars-becoming-more-popular-asia-refiners-101481/
469608823,20150923,201509,2015,2015.7205,CHN,CHINA,CHN,,,,,,,,,,,,,,,,,,0,043,043,04,1,2.8,8,1,8,1.98675496688741,5,"Gansu, Gansu, China",CH,CH15,38,102,-1906131,0,,,,,,,5,"Gansu, Gansu, China",CH,CH15,38,102,-1906131,20150923,http://en.yibada.com/articles/66470/20150923/24-gold-ornaments-handed-over-china-french-collectors.htm
469608830,20150923,201509,2015,2015.7205,CHN,CHINA,CHN,,,,,,,,CHR,CHRISTIAN,,,,CHR,,,,,1,043,043,04,1,2.8,1,1,1,1.98675496688741,5,"Gansu, Gansu, China",CH,CH15,38,102,-1906131,1,France,FR,FR,46,2,FR,5,"Gansu, Gansu, China",CH,CH15,38,102,-1906131,20150923,http://en.yibada.com/articles/66470/20150923/24-gold-ornaments-handed-over-china-french-collectors.htm
469608853,20150923,201509,2015,2015.7205,CHNGOV,CHINA,CHN,,,,,GOV,,,FRA,FRENCH,FRA,,,,,,,,1,043,043,04,1,2.8,2,1,2,1.98675496688741,5,"Gansu, Gansu, China",CH,CH15,38,102,-1906131,1,France,FR,FR,46,2,FR,1,France,FR,FR,46,2,FR,20150923,http://en.yibada.com/articles/66470/20150923/24-gold-ornaments-handed-over-china-french-collectors.htm
469608858,20150923,201509,2015,2015.7205,CHR,CHRISTIAN,,,,CHR,,,,,,,,,,,,,,,1,042,042,04,1,1.9,6,1,6,1.98675496688741,5,"Gansu, Gansu, China",CH,CH15,38,102,-1906131,0,,,,,,,5,"Gansu, Gansu, China",CH,CH15,38,102,-1906131,20150923,http://en.yibada.com/articles/66470/20150923/24-gold-ornaments-handed-over-china-french-collectors.htm
469608860,20150923,201509,2015,2015.7205,CHR,CHRISTIAN,,,,CHR,,,,,CHN,CHINA,CHN,,,,,,,,1,042,042,04,1,1.9,1,1,1,1.98675496688741,1,France,FR,FR,46,2,FR,5,"Gansu, Gansu, China",CH,CH15,38,102,-1906131,5,"Gansu, Gansu, China",CH,CH15,38,102,-1906131,20150923,http://en.yibada.com/articles/66470/20150923/24-gold-ornaments-handed-over-china-french-collectors.htm
469608861,20150923,201509,2015,2015.7205,CHR,CHRISTIAN,,,,CHR,,,,,FRA,FRANCE,FRA,,,,,,,,1,042,042,04,1,1.9,1,1,1,1.98675496688741,1,France,FR,FR,46,2,FR,1,France,FR,FR,46,2,FR,5,"Gansu, Gansu, China",CH,CH15,38,102,-1906131,20150923,http://en.yibada.com/articles/66470/20150923/24-gold-ornaments-handed-over-china-french-collectors.htm
469609180,20150923,201509,2015,2015.7205,EGY,EGYPT,EGY,,,,,,,,,,,,,,,,,,1,090,090,09,2,-2.0,4,1,4,-0.49019607843137,4,"Bahariya Oasis, Al Jizah, Egypt",EG,EG08,28.25,28.95,-291968,0,,,,,,,4,"Bahariya Oasis, Al Jizah, Egypt",EG,EG08,28.25,28.95,-291968,20150923,http://www.ancient-origins.net/ancient-places-africa/valley-golden-mummies-and-wealth-knowledge-about-our-ancient-past-002172
469609284,20150923,201509,2015,2015.7205,FRA,FRANCE,FRA,,,,,,,,,,,,,,,,,,1,042,042,04,1,1.9,1,1,1,1.98675496688741,1,France,FR,FR,46,2,FR,0,,,,,,,5,"Gansu, Gansu, China",CH,CH15,38,102,-1906131,20150923,http://en.yibada.com/articles/66470/20150923/24-gold-ornaments-handed-over-china-french-collectors.htm
469609288,20150923,201509,2015,2015.7205,FRA,FRENCH,FRA,,,,,,,,CHNGOV,CHINA,CHN,,,,,GOV,,,1,017,017,01,1,0.0,2,1,2,1.98675496688741,5,"Gansu, Gansu, China",CH,CH15,38,102,-1906131,1,France,FR,FR,46,2,FR,1,France,FR,FR,46,2,FR,20150923,http://en.yibada.com/articles/66470/20150923/24-gold-ornaments-handed-over-china-french-collectors.htm
469609289,20150923,201509,2015,2015.7205,FRA,FRENCH,FRA,,,,,,,,CHNGOV,CHINA,CHN,,,,,GOV,,,1,042,042,04,1,1.9,2,1,2,1.98675496688741,1,France,FR,FR,46,2,FR,5,"Gansu, Gansu, China",CH,CH15,38,102,-1906131,1,France,FR,FR,46,2,FR,20150923,http://en.yibada.com/articles/66470/20150923/24-gold-ornaments-handed-over-china-french-collectors.htm
469609290,20150923,201509,2015,2015.7205,FRA,FRANCE,FRA,,,,,,,,CHR,CHRISTIAN,,,,CHR,,,,,1,043,043,04,1,2.8,1,1,1,1.98675496688741,1,France,FR,FR,46,2,FR,1,France,FR,FR,46,2,FR,5,"Gansu, Gansu, China",CH,CH15,38,102,-1906131,20150923,http://en.yibada.com/articles/66470/20150923/24-gold-ornaments-handed-over-china-french-collectors.htm
469609301,20150923,201509,2015,2015.7205,FRA,FRENCH,FRA,,,,,,,,GOV,GOVERNOR,,,,,,GOV,,,1,017,017,01,1,0.0,8,1,8,1.98675496688741,5,"Gansu, Gansu, China",CH,CH15,38,102,-1906131,5,"Gansu, Gansu, China",CH,CH15,38,102,-1906131,5,"Gansu, Gansu, China",CH,CH15,38,102,-1906131,20150923,http://en.yibada.com/articles/66470/20150923/24-gold-ornaments-handed-over-china-french-collectors.htm
469609302,20150923,201509,2015,2015.7205,FRA,FRENCH,FRA,,,,,,,,GOV,GOVERNOR,,,,,,GOV,,,1,042,042,04,1,1.9,8,1,8,1.98675496688741,1,France,FR,FR,46,2,FR,5,"Gansu, Gansu, China",CH,CH15,38,102,-1906131,1,France,FR,FR,46,2,FR,20150923,http://en.yibada.com/articles/66470/20150923/24-gold-ornaments-handed-over-china-french-collectors.htm
469609350,20150923,201509,2015,2015.7205,GBR,UNITED KINGDOM,GBR,,,,,,,,CHN,CHINESE,CHN,,,,,,,,1,120,120,12,3,-4.0,6,3,6,-0.841909797626913,1,China,CH,CH,35,105,CH,1,China,CH,CH,35,105,CH,1,China,CH,CH,35,105,CH,20150923,http://www.digitallook.com/news/commodities/commodities-oil-gold-recover-but-base-metals-market-remains-mixed--872531.html
469609357,20150923,201509,2015,2015.7205,GBR,UNITED KINGDOM,GBR,,,,,,,,RUS,RUSSIA,RUS,,,,,,,,1,013,013,01,1,0.4,6,3,6,-4.12602853279303,1,United Kingdom,UK,UK,54,-2,UK,4,"Moscow, Moskva, Russia",RS,RS48,55.7522,37.6156,-2960561,1,United Kingdom,UK,UK,54,-2,UK,20150923,http://www.ilghirlandaio.com/dal-mondo/132645/gold-leaf-masks-anti-semitic-graffiti-on-kapoor-sculpture/
469609358,20150923,201509,2015,2015.7205,GBR,UNITED KINGDOM,GBR,,,,,,,,RUS,RUSSIA,RUS,,,,,,,,1,013,013,01,1,0.4,6,3,6,-4.12602853279303,1,United Kingdom,UK,UK,54,-2,UK,1,United Kingdom,UK,UK,54,-2,UK,1,United Kingdom,UK,UK,54,-2,UK,20150923,http://www.ilghirlandaio.com/dal-mondo/132645/gold-leaf-masks-anti-semitic-graffiti-on-kapoor-sculpture/
469609441,20150923,201509,2015,2015.7205,GOV,GOVERNOR,,,,,,GOV,,,FRA,FRENCH,FRA,,,,,,,,1,043,043,04,1,2.8,8,1,8,1.98675496688741,5,"Gansu, Gansu, China",CH,CH15,38,102,-1906131,1,France,FR,FR,46,2,FR,1,France,FR,FR,46,2,FR,20150923,http://en.yibada.com/articles/66470/20150923/24-gold-ornaments-handed-over-china-french-collectors.htm
469610283,20150923,201509,2015,2015.7205,SGP,SINGAPORE,SGP,,,,,,,,BUS,INVESTOR,,,,,,BUS,,,1,172,172,17,4,-5.0,1,1,1,4.89913544668588,1,Hong Kong,HK,HK,22.25,114.167,HK,1,Singapore,SN,SN,1.3667,103.8,SN,1,Hong Kong,HK,HK,22.25,114.167,HK,20150923,http://www.bulliondesk.com/gold-news/physicals-smaller-gold-bars-becoming-more-popular-asia-refiners-101481/
469610284,20150923,201509,2015,2015.7205,SGP,SINGAPORE,SGP,,,,,,,,BUS,INVESTOR,,,,,,BUS,,,1,172,172,17,4,-5.0,1,1,1,4.89913544668588,1,Hong Kong,HK,HK,22.25,114.167,HK,1,Singapore,SN,SN,1.3667,103.8,SN,1,Singapore,SN,SN,1.3667,103.8,SN,20150923,http://www.bulliondesk.com/gold-news/physicals-smaller-gold-bars-becoming-more-popular-asia-refiners-101481/
469612540,20150923,201509,2015,2015.7205,BUS,BUSINESS,,,,,,BUS,,,,,,,,,,,,,1,010,010,01,1,0.0,10,1,10,4.7945205479452,1,Papua New Guinea,PP,PP,-6,147,PP,0,,,,,,,1,Papua New Guinea,PP,PP,-6,147,PP,20150923,http://www.tickerreport.com/banking-finance/808351/barrick-gold-given-consensus-recommendation-of-hold-by-analysts-nyseabx/
469614673,20140923,201409,2014,2014.7205,BUS,BANK,,,,,,BUS,,,,,,,,,,,,,1,016,016,01,1,-2.0,20,1,20,-2.08666765737851,2,"New York, United States",US,USNY,42.1497,-74.9384,NY,0,,,,,,,2,"New York, United States",US,USNY,42.1497,-74.9384,NY,20150923,http://www.4-traders.com/GOLDMAN-SACHS-GROUP-INC-12831/news/Dismissal-of-Bank-Examiner-Case-Against-New-York-Fed-Is-Upheld-21085429/
469614674,20140923,201409,2014,2014.7205,BUS,BANK,,,,,,BUS,,,,,,,,,,,,,1,120,120,12,3,-4.0,20,1,20,-2.08666765737851,2,"New York, United States",US,USNY,42.1497,-74.9384,NY,0,,,,,,,2,"New York, United States",US,USNY,42.1497,-74.9384,NY,20150923,http://www.4-traders.com/GOLDMAN-SACHS-GROUP-INC-12831/news/Dismissal-of-Bank-Examiner-Case-Against-New-York-Fed-Is-Upheld-21085429/
469614683,20140923,201409,2014,2014.7205,JUD,DISTRICT COURT,,,,,,JUD,,,,,,,,,,,,,1,110,110,11,3,-2.0,50,6,50,-0.865640371424217,2,"New York, United States",US,USNY,42.1497,-74.9384,NY,0,,,,,,,2,"New York, United States",US,USNY,42.1497,-74.9384,NY,20150923,http://www.4-traders.com/GOLDMAN-SACHS-GROUP-INC-12831/news/Dismissal-of-Bank-Examiner-Case-Against-New-York-Fed-Is-Upheld-21085429/
469615011,20150923,201509,2015,2015.7205,,,,,,,,,,,USA,ATLANTA,USA,,,,,,,,1,154,154,15,4,-7.2,10,1,10,6.17977528089887,0,,,,,,,1,Sweden,SW,SW,62,15,SW,1,Sweden,SW,SW,62,15,SW,20150923,http://www.projectq.us/atlanta/these_golden_age_looks_bring_out_your_yallywood_diva?gid=17231
469616069,20150923,201509,2015,2015.7205,JUD,APPEALS COURT,,,,,,JUD,,,USAGOVBUS,NEW YORK,USA,,,,,GOV,BUS,,1,016,016,01,1,-2.0,4,1,4,-1.2396694214876,2,"New York, United States",US,USNY,42.1497,-74.9384,NY,2,"New York, United States",US,USNY,42.1497,-74.9384,NY,2,"New York, United States",US,USNY,42.1497,-74.9384,NY,20150923,http://www.4-traders.com/GOLDMAN-SACHS-GROUP-INC-12831/news/Dismissal-of-Bank-Examiner-Case-Against-New-York-Fed-Is-Upheld-21085566/
469616070,20150923,201509,2015,2015.7205,JUD,APPEALS COURT,,,,,,JUD,,,USAGOVBUS,NEW YORK,USA,,,,,GOV,BUS,,1,051,051,05,1,3.4,4,1,4,-1.2396694214876,2,"New York, United States",US,USNY,42.1497,-74.9384,NY,2,"New York, United States",US,USNY,42.1497,-74.9384,NY,2,"New York, United States",US,USNY,42.1497,-74.9384,NY,20150923,http://www.4-traders.com/GOLDMAN-SACHS-GROUP-INC-12831/news/Dismissal-of-Bank-Examiner-Case-Against-New-York-Fed-Is-Upheld-21085566/
469616071,20150923,201509,2015,2015.7205,JUD,APPEALS COURT,,,,,,JUD,,,USALAB,NEW YORK,USA,,,,,LAB,,,1,016,016,01,1,-2.0,12,1,12,-1.23207960870299,2,"New York, United States",US,USNY,42.1497,-74.9384,NY,2,"New York, United States",US,USNY,42.1497,-74.9384,NY,2,"New York, United States",US,USNY,42.1497,-74.9384,NY,20150923,http://www.4-traders.com/GOLDMAN-SACHS-GROUP-INC-12831/news/Dismissal-of-Bank-Examiner-Case-Against-New-York-Fed-Is-Upheld-21085429/
469616072,20150923,201509,2015,2015.7205,JUD,APPEALS COURT,,,,,,JUD,,,USALAB,NEW YORK,USA,,,,,LAB,,,1,051,051,05,1,3.4,12,1,12,-1.23207960870299,2,"New York, United States",US,USNY,42.1497,-74.9384,NY,2,"New York, United States",US,USNY,42.1497,-74.9384,NY,2,"New York, United States",US,USNY,42.1497,-74.9384,NY,20150923,http://www.4-traders.com/GOLDMAN-SACHS-GROUP-INC-12831/news/Dismissal-of-Bank-Examiner-Case-Against-New-York-Fed-Is-Upheld-21085429/
469616922,20150923,201509,2015,2015.7205,USA,UNITED STATES,USA,,,,,,,,USAGOVBUS,NEW YORK,USA,,,,,GOV,BUS,,1,016,016,01,1,-2.0,12,1,12,-2.36900040267548,2,"New York, United States",US,USNY,42.1497,-74.9384,NY,2,"New York, United States",US,USNY,42.1497,-74.9384,NY,2,"New York, United States",US,USNY,42.1497,-74.9384,NY,20150923,http://www.4-traders.com/GOLDMAN-SACHS-GROUP-INC-12831/news/Dismissal-of-Bank-Examiner-Case-Against-New-York-Fed-Is-Upheld-21085429/
469621341,20150923,201509,2015,2015.7205,LAB,EMPLOYEE,,,,,,LAB,,,,,,,,,,,,,0,192,192,19,4,-9.5,10,1,10,3.38058887677209,1,Mexico,MX,MX,23,-102,MX,0,,,,,,,1,Mexico,MX,MX,23,-102,MX,20150923,http://www.franchising.com/articles/area_developer_brings_smokes_poutinerie_to_golden_state.html
469622396,20150923,201509,2015,2015.7205,,,,,,,,,,,BGDBUS,BANGLADESH,BGD,,,,,BUS,,,0,060,060,06,2,6.0,1,1,1,4.62893081761006,0,,,,,,,4,"Central De Venezuela, Zulia, Venezuela",VE,VE23,9.18333,-71.1833,-939147,4,"Central De Venezuela, Zulia, Venezuela",VE,VE23,9.18333,-71.1833,-939147,20150923,http://news.goldseek.com/GoldSeek/1443013322.php
469622397,20150923,201509,2015,2015.7205,,,,,,,,,,,BGDBUS,BANGLADESH,BGD,,,,,BUS,,,0,060,060,06,2,6.0,4,1,4,4.62893081761006,0,,,,,,,1,Bangladesh,BG,BG,24,90,BG,1,Bangladesh,BG,BG,24,90,BG,20150923,http://news.goldseek.com/GoldSeek/1443013322.php
469622405,20150923,201509,2015,2015.7205,,,,,,,,,,,BUS,COMPANIES,,,,,,BUS,,,1,060,060,06,2,6.0,10,2,10,4.94452585983296,0,,,,,,,1,Papua New Guinea,PP,PP,-6,147,PP,1,Papua New Guinea,PP,PP,-6,147,PP,20150923,http://www.tickerreport.com/banking-finance/808411/barrick-gold-corp-given-average-recommendation-of-hold-by-brokerages-tseabx-2/
469622500,20150923,201509,2015,2015.7205,,,,,,,,,,,LKA,SRI LANKA,LKA,,,,,,,,0,060,060,06,2,6.0,1,1,1,4.62893081761006,0,,,,,,,4,"Paris, RhôAlpes, France",FR,FRB9,45.6333,5.73333,-1445327,4,"Paris, RhôAlpes, France",FR,FRB9,45.6333,5.73333,-1445327,20150923,http://news.goldseek.com/GoldSeek/1443013322.php
469622501,20150923,201509,2015,2015.7205,,,,,,,,,,,LKA,SRI LANKA,LKA,,,,,,,,0,060,060,06,2,6.0,4,1,4,4.62893081761006,0,,,,,,,1,Sri Lanka,CE,CE,7,81,CE,4,"Nagpur, Maharashtra, India",IN,IN16,21.15,79.1,-2105396,20150923,http://news.goldseek.com/GoldSeek/1443013322.php
469622593,20150923,201509,2015,2015.7205,AFR,AFRICA,AFR,,,,,,,,GBR,UNITED KINGDOM,GBR,,,,,,,,0,046,046,04,1,7.0,1,1,1,4.62893081761006,4,"Nova Scotia, North-West, South Africa",SF,SF10,-26.3333,26.3167,-1267482,4,"London, London, City of, United Kingdom",UK,UKH9,51.5,-0.116667,-2601889,4,"Nova Scotia, North-West, South Africa",SF,SF10,-26.3333,26.3167,-1267482,20150923,http://news.goldseek.com/GoldSeek/1443013322.php
469622595,20150923,201509,2015,2015.7205,AFR,AFRICA,AFR,,,,,,,,GOVBUS,CENTRAL BANK,,,,,,GOV,BUS,,0,046,046,04,1,7.0,1,1,1,4.62893081761006,4,"Nova Scotia, North-West, South Africa",SF,SF10,-26.3333,26.3167,-1267482,4,"London, London, City of, United Kingdom",UK,UKH9,51.5,-0.116667,-2601889,4,"Nova Scotia, North-West, South Africa",SF,SF10,-26.3333,26.3167,-1267482,20150923,http://news.goldseek.com/GoldSeek/1443013322.php
469622664,20150923,201509,2015,2015.7205,BEL,BELGIUM,BEL,,,,,,,,BELGOV,BELGIUM,BEL,,,,,GOV,,,0,090,090,09,2,-2.0,2,1,2,4.62893081761006,4,"Bruxelles, Bruxelles-Capitale, Belgium",BE,BE11,50.8333,4.33333,-1955538,4,"Bruxelles, Bruxelles-Capitale, Belgium",BE,BE11,50.8333,4.33333,-1955538,4,"Bruxelles, Bruxelles-Capitale, Belgium",BE,BE11,50.8333,4.33333,-1955538,20150923,http://news.goldseek.com/GoldSeek/1443013322.php
469622669,20150923,201509,2015,2015.7205,BEL,BELGIUM,BEL,,,,,,,,GOV,GOVERNOR,,,,,,GOV,,,0,090,090,09,2,-2.0,8,1,8,4.62893081761006,4,"Bruxelles, Bruxelles-Capitale, Belgium",BE,BE11,50.8333,4.33333,-1955538,4,"Bruxelles, Bruxelles-Capitale, Belgium",BE,BE11,50.8333,4.33333,-1955538,4,"Bruxelles, Bruxelles-Capitale, Belgium",BE,BE11,50.8333,4.33333,-1955538,20150923,http://news.goldseek.com/GoldSeek/1443013322.php
469622689,20150923,201509,2015,2015.7205,BOL,BOLIVIAN,BOL,,,,,,,,BUS,BANK,,,,,,BUS,,,0,010,010,01,1,0.0,1,1,1,4.62893081761006,1,Bolivia,BL,BL,-17,-65,BL,4,"Banco Central, Bahia, Brazil",BR,BR05,-14.45,-39.4167,-627539,1,Bolivia,BL,BL,-17,-65,BL,20150923,http://news.goldseek.com/GoldSeek/1443013322.php
469622690,20150923,201509,2015,2015.7205,BOL,BOLIVIAN,BOL,,,,,,,,BUS,BANK,,,,,,BUS,,,0,010,010,01,1,0.0,1,1,1,4.62893081761006,1,Ecuador,EC,EC,-2,-77.5,EC,4,"Central De Venezuela, Zulia, Venezuela",VE,VE23,9.18333,-71.1833,-939147,1,Ecuador,EC,EC,-2,-77.5,EC,20150923,http://news.goldseek.com/GoldSeek/1443013322.php
469622691,20150923,201509,2015,2015.7205,BOL,BOLIVIAN,BOL,,,,,,,,BUS,BANK,,,,,,BUS,,,0,071,071,07,2,7.4,1,1,1,4.62893081761006,1,Bolivia,BL,BL,-17,-65,BL,4,"Banco Central, Bahia, Brazil",BR,BR05,-14.45,-39.4167,-627539,1,Bolivia,BL,BL,-17,-65,BL,20150923,http://news.goldseek.com/GoldSeek/1443013322.php
469622692,20150923,201509,2015,2015.7205,BOL,BOLIVIAN,BOL,,,,,,,,BUS,BANK,,,,,,BUS,,,0,071,071,07,2,7.4,1,1,1,4.62893081761006,1,Ecuador,EC,EC,-2,-77.5,EC,4,"Central De Venezuela, Zulia, Venezuela",VE,VE23,9.18333,-71.1833,-939147,1,Ecuador,EC,EC,-2,-77.5,EC,20150923,http://news.goldseek.com/GoldSeek/1443013322.php
469622693,20150923,201509,2015,2015.7205,BOLGOVBUS,BOLIVIAN,BOL,,,,,GOV,BUS,,BUS,BANK,,,,,,BUS,,,0,010,010,01,1,0.0,3,1,3,4.62893081761006,1,Bolivia,BL,BL,-17,-65,BL,4,"Banco Central, Bahia, Brazil",BR,BR05,-14.45,-39.4167,-627539,1,Bolivia,BL,BL,-17,-65,BL,20150923,http://news.goldseek.com/GoldSeek/1443013322.php
469622736,20150923,201509,2015,2015.7205,BUS,BANK,,,,,,BUS,,,,,,,,,,,,,0,172,172,17,4,-5.0,2,1,2,4.62893081761006,4,"Paris, RhôAlpes, France",FR,FRB9,45.6333,5.73333,-1445327,0,,,,,,,4,"Paris, RhôAlpes, France",FR,FRB9,45.6333,5.73333,-1445327,20150923,http://news.goldseek.com/GoldSeek/1443013322.php
469622737,20150923,201509,2015,2015.7205,BUS,BANK,,,,,,BUS,,,,,,,,,,,,,0,172,172,17,4,-5.0,2,1,2,4.62893081761006,4,"London, London, City of, United Kingdom",UK,UKH9,51.5,-0.116667,-2601889,0,,,,,,,4,"London, London, City of, United Kingdom",UK,UKH9,51.5,-0.116667,-2601889,20150923,http://news.goldseek.com/GoldSeek/1443013322.php
469622738,20150923,201509,2015,2015.7205,BUS,BANK,,,,,,BUS,,,,,,,,,,,,,0,172,172,17,4,-5.0,8,1,8,4.62893081761006,4,"Reserva, Rio Grande do Sul, Brazil",BR,BR23,-31.3,-52.2,-665771,0,,,,,,,4,"Reserva, Rio Grande do Sul, Brazil",BR,BR23,-31.3,-52.2,-665771,20150923,http://news.goldseek.com/GoldSeek/1443013322.php
469622739,20150923,201509,2015,2015.7205,BUS,BANK,,,,,,BUS,,,,,,,,,,,,,0,172,172,17,4,-5.0,8,1,8,4.62893081761006,1,Ireland,EI,EI,53,-8,EI,0,,,,,,,1,Ireland,EI,EI,53,-8,EI,20150923,http://news.goldseek.com/GoldSeek/1443013322.php
469622744,20150923,201509,2015,2015.7205,BUS,BANK,,,,,,BUS,,,AUS,AUSTRALIA,AUS,,,,,,,,0,173,173,17,4,-5.0,1,1,1,4.62893081761006,4,"Bruxelles, Bruxelles-Capitale, Belgium",BE,BE11,50.8333,4.33333,-1955538,4,"Bruxelles, Bruxelles-Capitale, Belgium",BE,BE11,50.8333,4.33333,-1955538,4,"Bruxelles, Bruxelles-Capitale, Belgium",BE,BE11,50.8333,4.33333,-1955538,20150923,http://news.goldseek.com/GoldSeek/1443013322.php
469622761,20150923,201509,2015,2015.7205,BUS,BANK,,,,,,BUS,,,GBR,LONDON,GBR,,,,,,,,0,173,173,17,4,-5.0,8,1,8,4.62893081761006,4,"London, London, City of, United Kingdom",UK,UKH9,51.5,-0.116667,-2601889,4,"London, London, City of, United Kingdom",UK,UKH9,51.5,-0.116667,-2601889,4,"London, London, City of, United Kingdom",UK,UKH9,51.5,-0.116667,-2601889,20150923,http://news.goldseek.com/GoldSeek/1443013322.php
469622762,20150923,201509,2015,2015.7205,BUS,BANK,,,,,,BUS,,,GBR,LONDON,GBR,,,,,,,,0,173,173,17,4,-5.0,2,1,2,4.62893081761006,1,South Korea,KS,KS,37,127.5,KS,1,South Korea,KS,KS,37,127.5,KS,1,South Korea,KS,KS,37,127.5,KS,20150923,http://news.goldseek.com/GoldSeek/1443013322.php
469622768,20150923,201509,2015,2015.7205,BUS,BANK,,,,,,BUS,,,ITA,ITALIA,ITA,,,,,,,,0,172,172,17,4,-5.0,4,1,4,4.62893081761006,4,"London, London, City of, United Kingdom",UK,UKH9,51.5,-0.116667,-2601889,4,"Rome, Lazio, Italy",IT,IT07,41.9,12.4833,-126693,4,"Rome, Lazio, Italy",IT,IT07,41.9,12.4833,-126693,20150923,http://news.goldseek.com/GoldSeek/1443013322.php
469622769,20150923,201509,2015,2015.7205,BUS,BANK,,,,,,BUS,,,ITA,ITALIA,ITA,,,,,,,,0,172,172,17,4,-5.0,1,1,1,4.62893081761006,1,Greece,GR,GR,39,22,GR,4,"Rome, Lazio, Italy",IT,IT07,41.9,12.4833,-126693,4,"Rome, Lazio, Italy",IT,IT07,41.9,12.4833,-126693,20150923,http://news.goldseek.com/GoldSeek/1443013322.php
469622789,20150923,201509,2015,2015.7205,BUS,BANK,,,,,,BUS,,,VEN,VENEZUELA,VEN,,,,,,,,0,173,173,17,4,-5.0,1,1,1,4.62893081761006,4,"London, London, City of, United Kingdom",UK,UKH9,51.5,-0.116667,-2601889,4,"London, London, City of, United Kingdom",UK,UKH9,51.5,-0.116667,-2601889,4,"London, London, City of, United Kingdom",UK,UKH9,51.5,-0.116667,-2601889,20150923,http://news.goldseek.com/GoldSeek/1443013322.php
469622790,20150923,201509,2015,2015.7205,BUS,BANK,,,,,,BUS,,,VEN,VENEZUELA,VEN,,,,,,,,0,173,173,17,4,-5.0,7,1,7,4.62893081761006,4,"Central De Venezuela, Zulia, Venezuela",VE,VE23,9.18333,-71.1833,-939147,4,"Caracas, Distrito Federal, Venezuela",VE,VE25,10.5,-66.9167,-938457,4,"Caracas, Distrito Federal, Venezuela",VE,VE25,10.5,-66.9167,-938457,20150923,http://news.goldseek.com/GoldSeek/1443013322.php
469623112,20150923,201509,2015,2015.7205,DEU,DEUTSCHE,DEU,,,,,,,,GBR,LONDON,GBR,,,,,,,,0,040,040,04,1,1.0,3,1,3,4.62893081761006,4,"London, London, City of, United Kingdom",UK,UKH9,51.5,-0.116667,-2601889,4,"London, London, City of, United Kingdom",UK,UKH9,51.5,-0.116667,-2601889,4,"London, London, City of, United Kingdom",UK,UKH9,51.5,-0.116667,-2601889,20150923,http://news.goldseek.com/GoldSeek/1443013322.php
469623113,20150923,201509,2015,2015.7205,DEU,DEUTSCHE,DEU,,,,,,,,GBR,UNITED KINGDOM,GBR,,,,,,,,0,046,046,04,1,7.0,2,1,2,4.62893081761006,4,"Nova Scotia, North-West, South Africa",SF,SF10,-26.3333,26.3167,-1267482,4,"London, London, City of, United Kingdom",UK,UKH9,51.5,-0.116667,-2601889,4,"London, London, City of, United Kingdom",UK,UKH9,51.5,-0.116667,-2601889,20150923,http://news.goldseek.com/GoldSeek/1443013322.php
469623129,20150923,201509,2015,2015.7205,DNK,DANMARK,DNK,,,,,,,,BUS,BANK,,,,,,BUS,,,0,090,090,09,2,-2.0,10,1,10,4.62893081761006,1,Denmark,DA,DA,56,10,DA,1,Denmark,DA,DA,56,10,DA,1,Denmark,DA,DA,56,10,DA,20150923,http://news.goldseek.com/GoldSeek/1443013322.php
469623130,20150923,201509,2015,2015.7205,DNK,DANMARK,DNK,,,,,,,,GBR,LONDON,GBR,,,,,,,,0,010,010,01,1,0.0,1,1,1,4.62893081761006,1,Denmark,DA,DA,56,10,DA,4,"London, London, City of, United Kingdom",UK,UKH9,51.5,-0.116667,-2601889,4,"London, London, City of, United Kingdom",UK,UKH9,51.5,-0.116667,-2601889,20150923,http://news.goldseek.com/GoldSeek/1443013322.php
469623131,20150923,201509,2015,2015.7205,DNK,DANMARK,DNK,,,,,,,,GBR,LONDON,GBR,,,,,,,,0,010,010,01,1,0.0,1,1,1,4.62893081761006,1,Denmark,DA,DA,56,10,DA,4,"London, London, City of, United Kingdom",UK,UKH9,51.5,-0.116667,-2601889,1,Denmark,DA,DA,56,10,DA,20150923,http://news.goldseek.com/GoldSeek/1443013322.php
469623132,20150923,201509,2015,2015.7205,DNK,DENMARK,DNK,,,,,,,,GBR,LONDON,GBR,,,,,,,,0,010,010,01,1,0.0,1,1,1,4.62893081761006,1,Denmark,DA,DA,56,10,DA,1,Denmark,DA,DA,56,10,DA,1,Denmark,DA,DA,56,10,DA,20150923,http://news.goldseek.com/GoldSeek/1443013322.php
469623178,20150923,201509,2015,2015.7205,EDU,STUDENT,,,,,,EDU,,,JUD,BARRISTER,,,,,,JUD,,,1,051,051,05,1,3.4,10,1,10,4.21686746987952,3,"Baltimore, Maryland, United States",US,USMD,39.2904,-76.6122,597040,3,"Baltimore, Maryland, United States",US,USMD,39.2904,-76.6122,597040,3,"Baltimore, Maryland, United States",US,USMD,39.2904,-76.6122,597040,20150923,http://thedailyrecord.com/2015/09/23/chelsea-crawford-brown-goldstein-levy/
469623268,20150923,201509,2015,2015.7205,FRA,FRANCE,FRA,,,,,,,,BUS,BANK,,,,,,BUS,,,0,060,060,06,2,6.0,10,2,10,2.31446540880503,4,"Paris, RhôAlpes, France",FR,FRB9,45.6333,5.73333,-1445327,4,"Paris, RhôAlpes, France",FR,FRB9,45.6333,5.73333,-1445327,4,"Paris, RhôAlpes, France",FR,FRB9,45.6333,5.73333,-1445327,20150923,http://news.goldseek.com/GoldSeek/1443013322.php
469623269,20150923,201509,2015,2015.7205,FRA,FRANCE,FRA,,,,,,,,BUS,BANK,,,,,,BUS,,,0,060,060,06,2,6.0,2,1,2,4.62893081761006,4,"London, London, City of, United Kingdom",UK,UKH9,51.5,-0.116667,-2601889,4,"London, London, City of, United Kingdom",UK,UKH9,51.5,-0.116667,-2601889,4,"London, London, City of, United Kingdom",UK,UKH9,51.5,-0.116667,-2601889,20150923,http://news.goldseek.com/GoldSeek/1443013322.php
469623324,20150923,201509,2015,2015.7205,GBR,UNITED KINGDOM,GBR,,,,,,,,AFR,AFRICA,AFR,,,,,,,,0,046,046,04,1,7.0,1,1,1,4.62893081761006,4,"London, London, City of, United Kingdom",UK,UKH9,51.5,-0.116667,-2601889,4,"Nova Scotia, North-West, South Africa",SF,SF10,-26.3333,26.3167,-1267482,4,"Nova Scotia, North-West, South Africa",SF,SF10,-26.3333,26.3167,-1267482,20150923,http://news.goldseek.com/GoldSeek/1443013322.php
469623325,20150923,201509,2015,2015.7205,GBR,LONDON,GBR,,,,,,,,AFR,AFRICA,AFR,,,,,,,,0,172,172,17,4,-5.0,2,1,2,4.62893081761006,4,"London, London, City of, United Kingdom",UK,UKH9,51.5,-0.116667,-2601889,4,"Nova Scotia, North-West, South Africa",SF,SF10,-26.3333,26.3167,-1267482,4,"London, London, City of, United Kingdom",UK,UKH9,51.5,-0.116667,-2601889,20150923,http://news.goldseek.com/GoldSeek/1443013322.php
469623327,20150923,201509,2015,2015.7205,GBR,LONDON,GBR,,,,,,,,BUS,BANK,,,,,,BUS,,,1,172,172,17,4,-5.0,17,1,10,4.62893081761006,4,"London, London, City of, United Kingdom",UK,UKH9,51.5,-0.116667,-2601889,4,"London, London, City of, United Kingdom",UK,UKH9,51.5,-0.116667,-2601889,4,"London, London, City of, United Kingdom",UK,UKH9,51.5,-0.116667,-2601889,20150923,http://news.goldseek.com/GoldSeek/1443013322.php
469623330,20150923,201509,2015,2015.7205,GBR,LONDON,GBR,,,,,,,,DEU,DEUTSCHE,DEU,,,,,,,,0,040,040,04,1,1.0,3,1,3,4.62893081761006,4,"London, London, City of, United Kingdom",UK,UKH9,51.5,-0.116667,-2601889,4,"London, London, City of, United Kingdom",UK,UKH9,51.5,-0.116667,-2601889,4,"London, London, City of, United Kingdom",UK,UKH9,51.5,-0.116667,-2601889,20150923,http://news.goldseek.com/GoldSeek/1443013322.php
469623331,20150923,201509,2015,2015.7205,GBR,UNITED KINGDOM,GBR,,,,,,,,DEU,DEUTSCHE,DEU,,,,,,,,0,046,046,04,1,7.0,2,1,2,4.62893081761006,4,"London, London, City of, United Kingdom",UK,UKH9,51.5,-0.116667,-2601889,4,"Nova Scotia, North-West, South Africa",SF,SF10,-26.3333,26.3167,-1267482,4,"London, London, City of, United Kingdom",UK,UKH9,51.5,-0.116667,-2601889,20150923,http://news.goldseek.com/GoldSeek/1443013322.php
469623332,20150923,201509,2015,2015.7205,GBR,LONDON,GBR,,,,,,,,DEU,DEUTSCHE,DEU,,,,,,,,0,172,172,17,4,-5.0,2,1,2,4.62893081761006,4,"London, London, City of, United Kingdom",UK,UKH9,51.5,-0.116667,-2601889,4,"Nova Scotia, North-West, South Africa",SF,SF10,-26.3333,26.3167,-1267482,4,"London, London, City of, United Kingdom",UK,UKH9,51.5,-0.116667,-2601889,20150923,http://news.goldseek.com/GoldSeek/1443013322.php
469623333,20150923,201509,2015,2015.7205,GBR,LONDON,GBR,,,,,,,,DEU,DEUTSCHE,DEU,,,,,,,,0,172,172,17,4,-5.0,6,1,6,4.62893081761006,4,"London, London, City of, United Kingdom",UK,UKH9,51.5,-0.116667,-2601889,4,"London, London, City of, United Kingdom",UK,UKH9,51.5,-0.116667,-2601889,4,"London, London, City of, United Kingdom",UK,UKH9,51.5,-0.116667,-2601889,20150923,http://news.goldseek.com/GoldSeek/1443013322.php
469623354,20150923,201509,2015,2015.7205,GBR,LONDON,GBR,,,,,,,,MED,WEB SITE,,,,,,MED,,,1,172,172,17,4,-5.0,10,1,10,4.62893081761006,4,"National Bank, Al Qahirah, Egypt",EG,EG11,30.102,31.2998,11180335,4,"National Bank, Al Qahirah, Egypt",EG,EG11,30.102,31.2998,11180335,4,"National Bank, Al Qahirah, Egypt",EG,EG11,30.102,31.2998,11180335,20150923,http://news.goldseek.com/GoldSeek/1443013322.php
469623487,20150923,201509,2015,2015.7205,GOVBUS,CENTRAL BANK,,,,,,GOV,BUS,,,,,,,,,,,,0,011,011,01,1,-0.1,2,1,2,4.62893081761006,2,"New York, United States",US,USNY,42.1497,-74.9384,NY,0,,,,,,,2,"New York, United States",US,USNY,42.1497,-74.9384,NY,20150923,http://news.goldseek.com/GoldSeek/1443013322.php
469623488,20150923,201509,2015,2015.7205,GOVBUS,CENTRAL BANK,,,,,,GOV,BUS,,,,,,,,,,,,0,011,011,01,1,-0.1,8,1,8,4.62893081761006,1,Spain,SP,SP,40,-4,SP,0,,,,,,,1,Spain,SP,SP,40,-4,SP,20150923,http://news.goldseek.com/GoldSeek/1443013322.php
469623489,20150923,201509,2015,2015.7205,GOVBUS,CENTRAL BANK,,,,,,GOV,BUS,,,,,,,,,,,,0,173,173,17,4,-5.0,10,1,10,4.62893081761006,4,"Berne, Bern, Switzerland",SZ,SZ05,46.9167,7.46667,-2551235,0,,,,,,,4,"Berne, Bern, Switzerland",SZ,SZ05,46.9167,7.46667,-2551235,20150923,http://news.goldseek.com/GoldSeek/1443013322.php
469623490,20150923,201509,2015,2015.7205,GOVBUS,CENTRAL BANK,,,,,,GOV,BUS,,AFR,AFRICA,AFR,,,,,,,,0,046,046,04,1,7.0,1,1,1,4.62893081761006,4,"London, London, City of, United Kingdom",UK,UKH9,51.5,-0.116667,-2601889,4,"Nova Scotia, North-West, South Africa",SF,SF10,-26.3333,26.3167,-1267482,4,"Nova Scotia, North-West, South Africa",SF,SF10,-26.3333,26.3167,-1267482,20150923,http://news.goldseek.com/GoldSeek/1443013322.php
469623607,20150923,201509,2015,2015.7205,IRLGOVBUS,IRELAND,IRL,,,,,GOV,BUS,,BUS,BANK,,,,,,BUS,,,0,172,172,17,4,-5.0,15,1,10,4.62893081761006,1,Ireland,EI,EI,53,-8,EI,1,Ireland,EI,EI,53,-8,EI,1,Ireland,EI,EI,53,-8,EI,20150923,http://news.goldseek.com/GoldSeek/1443013322.php
469623663,20150923,201509,2015,2015.7205,ITA,ITALY,ITA,,,,,,,,USA,NEW YORK,USA,,,,,,,,0,020,020,02,1,3.0,3,1,3,4.62893081761006,4,"Milan, Lombardia, Italy",IT,IT09,45.4667,9.2,-121726,2,"New York, United States",US,USNY,42.1497,-74.9384,NY,2,"New York, United States",US,USNY,42.1497,-74.9384,NY,20150923,http://news.goldseek.com/GoldSeek/1443013322.php
469623791,20150923,201509,2015,2015.7205,LKA,SRI LANKA,LKA,,,,,,,,MUS,MAURITIUS,MUS,,,,,,,,0,060,060,06,2,6.0,1,1,1,4.62893081761006,4,"Paris, RhôAlpes, France",FR,FRB9,45.6333,5.73333,-1445327,4,"Paris, RhôAlpes, France",FR,FRB9,45.6333,5.73333,-1445327,4,"Paris, RhôAlpes, France",FR,FRB9,45.6333,5.73333,-1445327,20150923,http://news.goldseek.com/GoldSeek/1443013322.php
469623792,20150923,201509,2015,2015.7205,LKA,SRI LANKA,LKA,,,,,,,,MUS,MAURITIUS,MUS,,,,,,,,0,060,060,06,2,6.0,4,1,4,4.62893081761006,1,Sri Lanka,CE,CE,7,81,CE,1,Mauritius,MP,MP,-20.2833,57.55,MP,4,"Nagpur, Maharashtra, India",IN,IN16,21.15,79.1,-2105396,20150923,http://news.goldseek.com/GoldSeek/1443013322.php
469623796,20150923,201509,2015,2015.7205,LVA,LATVIAN,LVA,,,,,,,,BUS,BANK,,,,,,BUS,,,0,015,015,01,1,0.0,2,1,2,4.62893081761006,4,"Paris, RhôAlpes, France",FR,FRB9,45.6333,5.73333,-1445327,4,"Paris, RhôAlpes, France",FR,FRB9,45.6333,5.73333,-1445327,4,"Paris, RhôAlpes, France",FR,FRB9,45.6333,5.73333,-1445327,20150923,http://news.goldseek.com/GoldSeek/1443013322.php
469623797,20150923,201509,2015,2015.7205,LVA,LATVIAN,LVA,,,,,,,,BUS,BANK,,,,,,BUS,,,0,015,015,01,1,0.0,8,1,8,4.62893081761006,1,Latvia,LG,LG,57,25,LG,1,Latvia,LG,LG,57,25,LG,1,Latvia,LG,LG,57,25,LG,20150923,http://news.goldseek.com/GoldSeek/1443013322.php
469623829,20150923,201509,2015,2015.7205,MED,WEB SITE,,,,,,MED,,,,,,,,,,,,,1,172,172,17,4,-5.0,5,1,5,4.62893081761006,4,"London, London, City of, United Kingdom",UK,UKH9,51.5,-0.116667,-2601889,0,,,,,,,4,"London, London, City of, United Kingdom",UK,UKH9,51.5,-0.116667,-2601889,20150923,http://news.goldseek.com/GoldSeek/1443013322.php
469623837,20150923,201509,2015,2015.7205,MED,WEB SITE,,,,,,MED,,,GBR,LONDON,GBR,,,,,,,,1,172,172,17,4,-5.0,5,1,5,4.62893081761006,4,"London, London, City of, United Kingdom",UK,UKH9,51.5,-0.116667,-2601889,4,"London, London, City of, United Kingdom",UK,UKH9,51.5,-0.116667,-2601889,4,"London, London, City of, United Kingdom",UK,UKH9,51.5,-0.116667,-2601889,20150923,http://news.goldseek.com/GoldSeek/1443013322.php
469624106,20150923,201509,2015,2015.7205,ROU,ROMANIA,,,,,,,,,,,,,,,,,,,0,172,172,17,4,-5.0,2,1,2,4.62893081761006,1,Poland,PL,PL,52,20,PL,0,,,,,,,1,Poland,PL,PL,52,20,PL,20150923,http://news.goldseek.com/GoldSeek/1443013322.php
469631486,20150923,201509,2015,2015.7205,CAN,CANADA,CAN,,,,,,,,CANEDU,ALBERTA,CAN,,,,,EDU,,,1,141,141,14,3,-6.5,4,1,4,2.71966527196653,1,Canada,CA,CA,60,-95,CA,1,Canada,CA,CA,60,-95,CA,1,Canada,CA,CA,60,-95,CA,20150923,https://www.newscientist.com/article/mg22730404-300-clump-of-gold-nanoparticles-can-evolve-to-carry-out-computing/
469631506,20150923,201509,2015,2015.7205,CANEDU,ALBERTA,CAN,,,,,EDU,,,CAN,EDMONTON,CAN,,,,,,,,1,141,141,14,3,-6.5,6,1,6,2.71966527196653,1,Canada,CA,CA,60,-95,CA,1,Canada,CA,CA,60,-95,CA,1,Canada,CA,CA,60,-95,CA,20150923,https://www.newscientist.com/article/mg22730404-300-clump-of-gold-nanoparticles-can-evolve-to-carry-out-computing/
469633504,20150923,201509,2015,2015.7205,USA,NEW YORK,USA,,,,,,,,MNCUSA,GOLDMAN SACHS,USA,,,,,MNC,,,1,100,100,10,3,-5.0,20,1,20,-2.51281662752228,0,,,,,,,0,,,,,,,0,,,,,,,20150923,http://www.thestreet.com/story/13298744/1/goldman-sachs-selling-wave-continues.html
469635233,20150923,201509,2015,2015.7205,ARG,ARGENTINA,ARG,,,,,,,,,,,,,,,,,,0,090,090,09,2,-2.0,4,1,4,-3.92857142857143,4,"Veladero, La Rioja, Argentina",AR,AR12,-28.2167,-68.8333,-1018501,0,,,,,,,4,"Veladero, La Rioja, Argentina",AR,AR12,-28.2167,-68.8333,-1018501,20150923,http://www.miningweekly.com/article/barrick-gold-says-veladero-output-not-impacted-by-suspension-ruling-2015-09-23
469635281,20150923,201509,2015,2015.7205,BUS,COMPANY,,,,,,BUS,,,,,,,,,,,,,1,020,020,02,1,3.0,10,1,10,-3.92857142857143,4,"Veladero, La Rioja, Argentina",AR,AR12,-28.2167,-68.8333,-1018501,0,,,,,,,4,"Veladero, La Rioja, Argentina",AR,AR12,-28.2167,-68.8333,-1018501,20150923,http://www.miningweekly.com/article/barrick-gold-says-veladero-output-not-impacted-by-suspension-ruling-2015-09-23
469635379,20150923,201509,2015,2015.7205,CHN,CHINA,CHN,,,,,,,,,,,,,,,,,,1,061,061,06,2,6.4,5,1,5,2.05761316872428,1,United Kingdom,UK,UK,54,-2,UK,0,,,,,,,1,United Kingdom,UK,UK,54,-2,UK,20150923,http://www.proactiveinvestors.com/companies/news/63709/gold-edges-higher-as-vw-fall-out-reaches-platinum-63709.html
469635785,20150923,201509,2015,2015.7205,EDU,SCHOOL,,,,,,EDU,,,MED,MEDIA,,,,,,MED,,,1,046,046,04,1,7.0,3,1,3,2.28571428571429,2,"California, United States",US,USCA,36.17,-119.746,CA,1,Netherlands,NL,NL,52.5,5.75,NL,1,Netherlands,NL,NL,52.5,5.75,NL,20150923,http://vator.tv/person/adam-goldenberg
469636534,20150923,201509,2015,2015.7205,MED,MEDIA,,,,,,MED,,,EDU,SCHOOL,,,,,,EDU,,,1,046,046,04,1,7.0,3,1,3,2.28571428571429,2,"California, United States",US,USCA,36.17,-119.746,CA,2,"California, United States",US,USCA,36.17,-119.746,CA,2,"California, United States",US,USCA,36.17,-119.746,CA,20150923,http://vator.tv/person/adam-goldenberg
469637155,20150923,201509,2015,2015.7205,USA,UNITED STATES,USA,,,,,,,,CVL,COMMUNITY,,,,,,CVL,,,1,071,071,07,2,7.4,2,1,2,2.28571428571429,2,"California, United States",US,USCA,36.17,-119.746,CA,2,"California, United States",US,USCA,36.17,-119.746,CA,2,"California, United States",US,USCA,36.17,-119.746,CA,20150923,http://vator.tv/person/adam-goldenberg
469637156,20150923,201509,2015,2015.7205,USA,UNITED STATES,USA,,,,,,,,CVL,COMMUNITY,,,,,,CVL,,,1,071,071,07,2,7.4,2,1,2,2.28571428571429,2,"California, United States",US,USCA,36.17,-119.746,CA,1,Netherlands,NL,NL,52.5,5.75,NL,1,Netherlands,NL,NL,52.5,5.75,NL,20150923,http://vator.tv/person/adam-goldenberg
469637267,20150923,201509,2015,2015.7205,USA,UNITED STATES,USA,,,,,,,,MED,MEDIA,,,,,,MED,,,1,046,046,04,1,7.0,1,1,1,2.28571428571429,2,"California, United States",US,USCA,36.17,-119.746,CA,1,Spain,SP,SP,40,-4,SP,1,France,FR,FR,46,2,FR,20150923,http://vator.tv/person/adam-goldenberg
469639729,20150923,201509,2015,2015.7205,CYP,CYPRUS,CYP,,,,,,,,,,,,,,,,,,0,084,084,08,2,7.0,4,1,4,-0.71779372874953,1,Cyprus,CY,CY,35,33,CY,0,,,,,,,1,Cyprus,CY,CY,35,33,CY,20150923,http://www.tinymixtapes.com/cerberus/peter-j-woods-impure-gold-pt-2
469640700,20150923,201509,2015,2015.7205,NZL,NEW ZEALAND,NZL,,,,,,,,,,,,,,,,,,0,020,020,02,1,3.0,4,1,4,-0.71779372874953,1,Cyprus,CY,CY,35,33,CY,0,,,,,,,1,Cyprus,CY,CY,35,33,CY,20150923,http://www.tinymixtapes.com/cerberus/peter-j-woods-impure-gold-pt-2
469640701,20150923,201509,2015,2015.7205,NZL,NEW ZEALAND,NZL,,,,,,,,,,,,,,,,,,0,160,160,16,4,-4.0,2,1,2,-0.71779372874953,1,New Zealand,NZ,NZ,-41,174,NZ,0,,,,,,,1,New Zealand,NZ,NZ,-41,174,NZ,20150923,http://www.tinymixtapes.com/cerberus/peter-j-woods-impure-gold-pt-2
469642567,20150923,201509,2015,2015.7205,,,,,,,,,,,BUS,INVESTOR,,,,,,BUS,,,1,030,030,03,1,4.0,10,1,10,0,0,,,,,,,3,"Lake Isabella, California, United States",US,USCA,35.618,-118.473,1652739,3,"Lake Isabella, California, United States",US,USCA,35.618,-118.473,1652739,20150923,http://www.kerngoldenempire.com/entertainment/leonardo-dicaprio-breaks-up-with-big-oil
469644032,20150923,201509,2015,2015.7205,MED,MEDIA,,,,,,MED,,,,,,,,,,,,,0,084,084,08,2,7.0,5,1,5,0.87412587412587,4,"Petersburg, Sankt-Peterburg, Russia",RS,RS66,59.8944,30.2642,-2996338,0,,,,,,,4,"Petersburg, Sankt-Peterburg, Russia",RS,RS66,59.8944,30.2642,-2996338,20150923,http://investorintel.com/gold-precious-metals-intel/russian-gold-producers-plan-to-resume-their-domestic-projects/
469644315,20150923,201509,2015,2015.7205,RUS,RUSSIAN,RUS,,,,,,,,BUS,COMPANIES,,,,,,BUS,,,0,014,014,01,1,0.0,2,1,2,0.87412587412587,4,"Petersburg, Sankt-Peterburg, Russia",RS,RS66,59.8944,30.2642,-2996338,4,"Petersburg, Sankt-Peterburg, Russia",RS,RS66,59.8944,30.2642,-2996338,4,"Petersburg, Sankt-Peterburg, Russia",RS,RS66,59.8944,30.2642,-2996338,20150923,http://investorintel.com/gold-precious-metals-intel/russian-gold-producers-plan-to-resume-their-domestic-projects/
469644331,20150923,201509,2015,2015.7205,RUSGOV,RUSSIAN,RUS,,,,,GOV,,,BUS,COMPANIES,,,,,,BUS,,,0,014,014,01,1,0.0,8,1,8,0.87412587412587,4,"Petersburg, Sankt-Peterburg, Russia",RS,RS66,59.8944,30.2642,-2996338,4,"Petersburg, Sankt-Peterburg, Russia",RS,RS66,59.8944,30.2642,-2996338,4,"Petersburg, Sankt-Peterburg, Russia",RS,RS66,59.8944,30.2642,-2996338,20150923,http://investorintel.com/gold-precious-metals-intel/russian-gold-producers-plan-to-resume-their-domestic-projects/
469646395,20150923,201509,2015,2015.7205,BUS,COMPANY,,,,,,BUS,,,,,,,,,,,,,0,020,020,02,1,3.0,4,2,4,-0.2051282051282,3,"Red Mountain, Alaska, United States",US,USAK,58.9517,-161.744,1408593,0,,,,,,,4,"Vancouver, British Columbia, Canada",CA,CA02,49.25,-123.133,-575268,20150923,http://www.vancouversun.com/business/stewart+looks+upside+with+port+potential+gold+mine/11383719/story.html
469646396,20150923,201509,2015,2015.7205,BUS,COMPANY,,,,,,BUS,,,,,,,,,,,,,0,020,020,02,1,3.0,12,2,12,-0.2051282051282,3,"Red Mountain, Alaska, United States",US,USAK,58.9517,-161.744,1408593,0,,,,,,,3,"Red Mountain, Alaska, United States",US,USAK,58.9517,-161.744,1408593,20150923,http://www.vancouversun.com/business/stewart+looks+upside+with+port+potential+gold+mine/11383719/story.html
469646424,20150923,201509,2015,2015.7205,BUS,BANK,,,,,,BUS,,,EDU,SCHOOL,,,,,,EDU,,,0,1721,172,17,4,-5.0,8,2,8,-0.2051282051282,4,"Squamish, British Columbia, Canada",CA,CA02,49.7,-123.15,-574069,4,"Squamish, British Columbia, Canada",CA,CA02,49.7,-123.15,-574069,4,"Squamish, British Columbia, Canada",CA,CA02,49.7,-123.15,-574069,20150923,http://www.vancouversun.com/business/stewart+looks+upside+with+port+potential+gold+mine/11383719/story.html
469646425,20150923,201509,2015,2015.7205,BUS,BANK,,,,,,BUS,,,EDU,SCHOOL,,,,,,EDU,,,0,1721,172,17,4,-5.0,12,2,12,-0.2051282051282,4,"Vancouver, British Columbia, Canada",CA,CA02,49.25,-123.133,-575268,4,"Vancouver, British Columbia, Canada",CA,CA02,49.25,-123.133,-575268,4,"Vancouver, British Columbia, Canada",CA,CA02,49.25,-123.133,-575268,20150923,http://www.vancouversun.com/business/stewart+looks+upside+with+port+potential+gold+mine/11383719/story.html
469646466,20150923,201509,2015,2015.7205,CAN,CANADA,CAN,,,,,,,,,,,,,,,,,,0,013,013,01,1,0.4,8,2,8,-0.2051282051282,4,"Squamish, British Columbia, Canada",CA,CA02,49.7,-123.15,-574069,0,,,,,,,4,"Squamish, British Columbia, Canada",CA,CA02,49.7,-123.15,-574069,20150923,http://www.vancouversun.com/business/stewart+looks+upside+with+port+potential+gold+mine/11383719/story.html
469646479,20150923,201509,2015,2015.7205,CAN,CANADA,CAN,,,,,,,,USA,UNITED STATES,USA,,,,,,,,0,020,020,02,1,3.0,2,2,2,-0.2051282051282,4,"Vancouver, British Columbia, Canada",CA,CA02,49.25,-123.133,-575268,4,"Vancouver, British Columbia, Canada",CA,CA02,49.25,-123.133,-575268,4,"Vancouver, British Columbia, Canada",CA,CA02,49.25,-123.133,-575268,20150923,http://www.vancouversun.com/business/stewart+looks+upside+with+port+potential+gold+mine/11383719/story.html
469646480,20150923,201509,2015,2015.7205,CAN,CANADA,CAN,,,,,,,,USA,UNITED STATES,USA,,,,,,,,0,020,020,02,1,3.0,2,2,2,-0.2051282051282,4,"Vancouver, British Columbia, Canada",CA,CA02,49.25,-123.133,-575268,3,"Red Mountain, Alaska, United States",US,USAK,58.9517,-161.744,1408593,3,"Red Mountain, Alaska, United States",US,USAK,58.9517,-161.744,1408593,20150923,http://www.vancouversun.com/business/stewart+looks+upside+with+port+potential+gold+mine/11383719/story.html
469647906,20150923,201509,2015,2015.7205,USA,UNITED STATES,USA,,,,,,,,CAN,CANADA,CAN,,,,,,,,0,014,014,01,1,0.0,4,2,4,-0.2051282051282,3,"Red Mountain, Alaska, United States",US,USAK,58.9517,-161.744,1408593,4,"Vancouver, British Columbia, Canada",CA,CA02,49.25,-123.133,-575268,4,"Vancouver, British Columbia, Canada",CA,CA02,49.25,-123.133,-575268,20150923,http://www.vancouversun.com/business/stewart+looks+upside+with+port+potential+gold+mine/11383719/story.html
469649964,20150923,201509,2015,2015.7205,BUS,COMPANY,,,,,,BUS,,,GUY,GUYANA,GUY,,,,,,,,1,010,010,01,1,0.0,20,2,20,1.6597510373444,1,Guyana,GY,GY,5,-59,GY,1,Guyana,GY,GY,5,-59,GY,1,Guyana,GY,GY,5,-59,GY,20150923,http://www.dakotafinancialnews.com/td-securities-lowers-guyana-goldfields-to-hold-guy/455448/
469657003,20150923,201509,2015,2015.7205,CAN,CANADA,CAN,,,,,,,,USA,UNITED STATES,USA,,,,,,,,1,042,042,04,1,1.9,2,1,2,4.15800415800416,3,"Beverly Hills, California, United States",US,USCA,34.0736,-118.4,1652672,3,"Beverly Hills, California, United States",US,USCA,34.0736,-118.4,1652672,3,"Beverly Hills, California, United States",US,USCA,34.0736,-118.4,1652672,20150923,http://www.lasvegasnvblog.com/2015/09/goldie-hawn-and-kurt-russell-make-a-very-big-new-puppy-pal-on-a-date-night-in-beverly-hills/
469657315,20150923,201509,2015,2015.7205,ELI,ACTOR,,,,,,ELI,,,MED,MAGAZINE,,,,,,MED,,,1,013,013,01,1,0.4,2,1,2,4.15800415800416,3,"Beverly Hills, California, United States",US,USCA,34.0736,-118.4,1652672,3,"Beverly Hills, California, United States",US,USCA,34.0736,-118.4,1652672,3,"Beverly Hills, California, United States",US,USCA,34.0736,-118.4,1652672,20150923,http://www.lasvegasnvblog.com/2015/09/goldie-hawn-and-kurt-russell-make-a-very-big-new-puppy-pal-on-a-date-night-in-beverly-hills/
469657779,20150923,201509,2015,2015.7205,MED,MEDIA,,,,,,MED,,,,,,,,,,,,,0,010,010,01,1,0.0,10,1,10,4.31848852901484,3,"Lagunitas, California, United States",US,USCA,38.0113,-122.702,1658927,0,,,,,,,3,"Lagunitas, California, United States",US,USCA,38.0113,-122.702,1658927,20150923,http://laist.com/2015/09/23/anheuser-busch_golden_road.php
469658056,20150923,201509,2015,2015.7205,USA,CALIFORNIA,USA,,,,,,,,,,,,,,,,,,0,010,010,01,1,0.0,4,1,4,4.31848852901484,3,"Lagunitas, California, United States",US,USCA,38.0113,-122.702,1658927,0,,,,,,,3,"Lagunitas, California, United States",US,USCA,38.0113,-122.702,1658927,20150923,http://laist.com/2015/09/23/anheuser-busch_golden_road.php
469658057,20150923,201509,2015,2015.7205,USA,CALIFORNIA,USA,,,,,,,,,,,,,,,,,,0,010,010,01,1,0.0,1,1,1,4.31848852901484,3,"Lagunitas, California, United States",US,USCA,38.0113,-122.702,1658927,0,,,,,,,2,"California, United States",US,USCA,36.17,-119.746,CA,20150923,http://laist.com/2015/09/23/anheuser-busch_golden_road.php
469658102,20150923,201509,2015,2015.7205,USA,CALIFORNIA,USA,,,,,,,,,,,,,,,,,,1,043,043,04,1,2.8,2,1,2,4.15800415800416,2,"California, United States",US,USCA,36.17,-119.746,CA,0,,,,,,,3,"Beverly Hills, California, United States",US,USCA,34.0736,-118.4,1652672,20150923,http://www.lasvegasnvblog.com/2015/09/goldie-hawn-and-kurt-russell-make-a-very-big-new-puppy-pal-on-a-date-night-in-beverly-hills/
469658122,20150923,201509,2015,2015.7205,USA,UNITED STATES,USA,,,,,,,,,,,,,,,,,,1,071,071,07,2,7.4,2,2,2,2.84377932631831,3,"Azusa, California, United States",US,USCA,34.1336,-117.908,1652667,0,,,,,,,3,"Azusa, California, United States",US,USCA,34.1336,-117.908,1652667,20150923,http://www.marketwatch.com/story/foothill-gold-line-from-pasadena-to-azusa-reaches-substantial-completion-2015-09-23
469658123,20150923,201509,2015,2015.7205,USA,UNITED STATES,USA,,,,,,,,,,,,,,,,,,1,071,071,07,2,7.4,2,2,2,2.84377932631831,3,"Los Angeles County, California, United States",US,USCA,34.3667,-118.201,277283,0,,,,,,,3,"Azusa, California, United States",US,USCA,34.1336,-117.908,1652667,20150923,http://www.marketwatch.com/story/foothill-gold-line-from-pasadena-to-azusa-reaches-substantial-completion-2015-09-23
469658142,20150923,201509,2015,2015.7205,USA,UNITED STATES,USA,,,,,,,,,,,,,,,,,,0,172,172,17,4,-5.0,6,1,6,4.31848852901484,3,"Lagunitas, California, United States",US,USCA,38.0113,-122.702,1658927,0,,,,,,,3,"Lagunitas, California, United States",US,USCA,38.0113,-122.702,1658927,20150923,http://laist.com/2015/09/23/anheuser-busch_golden_road.php
469658166,20150923,201509,2015,2015.7205,USA,UNITED STATES,USA,,,,,,,,CAN,CANADA,CAN,,,,,,,,1,043,043,04,1,2.8,2,1,2,4.15800415800416,3,"Beverly Hills, California, United States",US,USCA,34.0736,-118.4,1652672,1,Canada,CA,CA,60,-95,CA,3,"Beverly Hills, California, United States",US,USCA,34.0736,-118.4,1652672,20150923,http://www.lasvegasnvblog.com/2015/09/goldie-hawn-and-kurt-russell-make-a-very-big-new-puppy-pal-on-a-date-night-in-beverly-hills/
469660721,20150923,201509,2015,2015.7205,JUD,APPEALS COURT,,,,,,JUD,,,GOV,REGULATOR,,,,,,GOV,,,1,090,090,09,2,-2.0,12,1,12,-2.94125570605403,2,"New York, United States",US,USNY,42.1497,-74.9384,NY,2,"New York, United States",US,USNY,42.1497,-74.9384,NY,2,"New York, United States",US,USNY,42.1497,-74.9384,NY,20150923,http://www.4-traders.com/GOLDMAN-SACHS-GROUP-INC-12831/news/Dismissal-of-Bank-Examiner-Case-Against-New-York-Fed-Is-Upheld-2nd-Update-21086142/
469660739,20150923,201509,2015,2015.7205,JUD,APPEALS COURT,,,,,,JUD,,,USABUS,NEW YORK,USA,,,,,BUS,,,1,016,016,01,1,-2.0,12,1,12,-2.94125570605403,2,"New York, United States",US,USNY,42.1497,-74.9384,NY,2,"New York, United States",US,USNY,42.1497,-74.9384,NY,2,"New York, United States",US,USNY,42.1497,-74.9384,NY,20150923,http://www.4-traders.com/GOLDMAN-SACHS-GROUP-INC-12831/news/Dismissal-of-Bank-Examiner-Case-Against-New-York-Fed-Is-Upheld-2nd-Update-21086142/
469660740,20150923,201509,2015,2015.7205,JUD,APPEALS COURT,,,,,,JUD,,,USABUS,NEW YORK,USA,,,,,BUS,,,1,051,051,05,1,3.4,12,1,12,-2.94125570605403,2,"New York, United States",US,USNY,42.1497,-74.9384,NY,2,"New York, United States",US,USNY,42.1497,-74.9384,NY,2,"New York, United States",US,USNY,42.1497,-74.9384,NY,20150923,http://www.4-traders.com/GOLDMAN-SACHS-GROUP-INC-12831/news/Dismissal-of-Bank-Examiner-Case-Against-New-York-Fed-Is-Upheld-2nd-Update-21086142/
469662865,20150824,201508,2015,2015.6411,USA,UNITED STATES,USA,,,,,,,,USAGOV,THE WHITE HOUSE,USA,,,,,GOV,,,0,042,042,04,1,1.9,1,1,1,1.70454545454546,4,"Iwo Jima, Japan (general), Japan",JA,JA00,30.8,130.3,-230589,4,"Iwo Jima, Japan (general), Japan",JA,JA00,30.8,130.3,-230589,4,"Iwo Jima, Japan (general), Japan",JA,JA00,30.8,130.3,-230589,20150923,http://www.foxnews.com/us/2015/09/23/medal-honor-recipient-1-works-to-expand-monuments-for-gold-star-families/
469662871,20150824,201508,2015,2015.6411,USAGOV,THE WHITE HOUSE,USA,,,,,GOV,,,USA,UNITED STATES,USA,,,,,,,,0,043,043,04,1,2.8,1,1,1,1.70454545454546,4,"Iwo Jima, Japan (general), Japan",JA,JA00,30.8,130.3,-230589,4,"Iwo Jima, Japan (general), Japan",JA,JA00,30.8,130.3,-230589,4,"Iwo Jima, Japan (general), Japan",JA,JA00,30.8,130.3,-230589,20150923,http://www.foxnews.com/us/2015/09/23/medal-honor-recipient-1-works-to-expand-monuments-for-gold-star-families/
469663072,20150923,201509,2015,2015.7205,,,,,,,,,,,USA,UNITED STATES,USA,,,,,,,,0,042,042,04,1,1.9,1,1,1,1.70454545454546,0,,,,,,,4,"Iwo Jima, Japan (general), Japan",JA,JA00,30.8,130.3,-230589,4,"Iwo Jima, Japan (general), Japan",JA,JA00,30.8,130.3,-230589,20150923,http://www.foxnews.com/us/2015/09/23/medal-honor-recipient-1-works-to-expand-monuments-for-gold-star-families/
469663086,20150923,201509,2015,2015.7205,,,,,,,,,,,USA,UNITED STATES,USA,,,,,,,,0,042,042,04,1,1.9,1,1,1,1.70454545454546,0,,,,,,,3,"White House, District of Columbia, United States",US,USDC,38.8951,-77.0364,531871,4,"Iwo Jima, Japan (general), Japan",JA,JA00,30.8,130.3,-230589,20150923,http://www.foxnews.com/us/2015/09/23/medal-honor-recipient-1-works-to-expand-monuments-for-gold-star-families/
469663226,20150923,201509,2015,2015.7205,BUS,PRODUCER,,,,,,BUS,,,EDU,SCHOOL,,,,,,EDU,,,1,111,111,11,3,-2.0,10,1,10,5.88235294117647,3,"Blue Point, California, United States",US,USCA,34.5269,-118.763,269932,3,"Blue Point, California, United States",US,USCA,34.5269,-118.763,269932,3,"Blue Point, California, United States",US,USCA,34.5269,-118.763,269932,20150923,http://la.eater.com/2015/9/23/9384413/golden-road-brewing-anheuser-busch-acquistion-los-angeles-craft-beer
469663227,20150923,201509,2015,2015.7205,BUS,PRODUCER,,,,,,BUS,,,EDU,SCHOOL,,,,,,EDU,,,1,192,192,19,4,-9.5,10,1,10,5.88235294117647,3,"Blue Point, California, United States",US,USCA,34.5269,-118.763,269932,3,"Blue Point, California, United States",US,USCA,34.5269,-118.763,269932,3,"Blue Point, California, United States",US,USCA,34.5269,-118.763,269932,20150923,http://la.eater.com/2015/9/23/9384413/golden-road-brewing-anheuser-busch-acquistion-los-angeles-craft-beer
469663246,20150923,201509,2015,2015.7205,BUS,CHAMBER OF COMMERCE,,,,,,BUS,,,USA,MIAMI,USA,,,,,,,,1,051,051,05,1,3.4,3,1,3,5.35714285714286,3,"City Of Doral, Florida, United States",US,USFL,25.815,-80.3565,2404236,3,"Miami, Florida, United States",US,USFL,25.7743,-80.1937,295004,3,"Miami, Florida, United States",US,USFL,25.7743,-80.1937,295004,20150923,http://www.prlog.org/12489276-doral-chamber-of-commerce-welcomes-the-miami-agency-as-gold-member.html
469663247,20150923,201509,2015,2015.7205,BUS,CHAMBER OF COMMERCE,,,,,,BUS,,,USA,MIAMI,USA,,,,,,,,1,051,051,05,1,3.4,12,1,10,5.35714285714286,3,"Miami, Florida, United States",US,USFL,25.7743,-80.1937,295004,3,"Miami, Florida, United States",US,USFL,25.7743,-80.1937,295004,3,"Miami, Florida, United States",US,USFL,25.7743,-80.1937,295004,20150923,http://www.prlog.org/12489276-doral-chamber-of-commerce-welcomes-the-miami-agency-as-gold-member.html
469664655,20150923,201509,2015,2015.7205,USA,UNITED STATES,USA,,,,,,,,,,,,,,,,,,0,043,043,04,1,2.8,2,1,2,1.70454545454546,3,"Fairmont, Texas, United States",US,USTX,34.2531,-101.06,1379746,0,,,,,,,3,"Fairmont, Texas, United States",US,USTX,34.2531,-101.06,1379746,20150923,http://www.foxnews.com/us/2015/09/23/medal-honor-recipient-1-works-to-expand-monuments-for-gold-star-families/
469664985,20150923,201509,2015,2015.7205,USA,UNITED STATES,USA,,,,,,,,USAGOV,THE WHITE HOUSE,USA,,,,,GOV,,,0,042,042,04,1,1.9,1,1,1,1.70454545454546,4,"Iwo Jima, Japan (general), Japan",JA,JA00,30.8,130.3,-230589,4,"Iwo Jima, Japan (general), Japan",JA,JA00,30.8,130.3,-230589,4,"Iwo Jima, Japan (general), Japan",JA,JA00,30.8,130.3,-230589,20150923,http://www.foxnews.com/us/2015/09/23/medal-honor-recipient-1-works-to-expand-monuments-for-gold-star-families/
469665097,20150923,201509,2015,2015.7205,USAGOV,THE WHITE HOUSE,USA,,,,,GOV,,,USA,UNITED STATES,USA,,,,,,,,0,043,043,04,1,2.8,1,1,1,1.70454545454546,4,"Iwo Jima, Japan (general), Japan",JA,JA00,30.8,130.3,-230589,4,"Iwo Jima, Japan (general), Japan",JA,JA00,30.8,130.3,-230589,4,"Iwo Jima, Japan (general), Japan",JA,JA00,30.8,130.3,-230589,20150923,http://www.foxnews.com/us/2015/09/23/medal-honor-recipient-1-works-to-expand-monuments-for-gold-star-families/
469666397,20140923,201409,2014,2014.7205,,,,,,,,,,,USA,UNITED STATES,USA,,,,,,,,1,046,046,04,1,7.0,6,1,6,3.6697247706422,0,,,,,,,3,"Blue Point, California, United States",US,USCA,34.5269,-118.763,269932,3,"Blue Point, California, United States",US,USCA,34.5269,-118.763,269932,20150923,http://www.just-drinks.com/news/ab-inbev-adds-to-craft-beer-stable-with-golden-road-brewing-buy_id118217.aspx
469666428,20140923,201409,2014,2014.7205,USA,UNITED STATES,USA,,,,,,,,,,,,,,,,,,1,046,046,04,1,7.0,6,1,6,3.6697247706422,3,"Blue Point, California, United States",US,USCA,34.5269,-118.763,269932,0,,,,,,,3,"Blue Point, California, United States",US,USCA,34.5269,-118.763,269932,20150923,http://www.just-drinks.com/news/ab-inbev-adds-to-craft-beer-stable-with-golden-road-brewing-buy_id118217.aspx
469666618,20150923,201509,2015,2015.7205,,,,,,,,,,,SWEEDU,SWEDEN,SWE,,,,,EDU,,,1,043,043,04,1,2.8,5,1,5,3.72670807453416,0,,,,,,,1,Sweden,SW,SW,62,15,SW,1,Sweden,SW,SW,62,15,SW,20150923,http://www.sunstar.com.ph/cebu/lifestyle/2015/09/23/utzurrum-bravo-gold-mandaue-childrens-choir-431948
469666638,20150923,201509,2015,2015.7205,,,,,,,,,,,USA,WASHINGTON,USA,,,,,,,,1,042,042,04,1,1.9,2,1,2,0.52219321148825,0,,,,,,,2,"Tennessee, United States",US,USTN,35.7449,-86.7489,TN,3,"Washington, District of Columbia, United States",US,USDC,38.8951,-77.0364,531871,20150923,http://www.myfoxmemphis.com/story/30098015/memphis-family-wins-golden-ticket-to-visit-pope-francis
469666829,20150923,201509,2015,2015.7205,BUS,COMPANY,,,,,,BUS,,,ESP,SPAIN,ESP,,,,,,,,1,020,020,02,1,3.0,1,1,1,-3.18021201413428,1,Spain,SP,SP,40,-4,SP,1,Argentina,AR,AR,-34,-64,AR,1,Spain,SP,SP,40,-4,SP,20150923,http://www.mining.com/argentina-extends-barricks-veladero-gold-mine-halt-until-end-of-october/
469667697,20150923,201509,2015,2015.7205,JPN,JAPAN,JPN,,,,,,,,MNC,TRINA SOLAR LIMITED,,,,,,MNC,,,1,010,010,01,1,0.0,4,1,4,1.38648180242635,1,Japan,JA,JA,36,138,JA,1,Japan,JA,JA,36,138,JA,1,Japan,JA,JA,36,138,JA,20150923,http://www.wkrb13.com/markets/801795/goldman-sachs-upgrades-trina-solar-limited-to-buy-tsl/
469667701,20150923,201509,2015,2015.7205,JUD,JUDGE,,,,,,JUD,,,,,,,,,,,,,1,010,010,01,1,0.0,10,2,10,-2.85971579234026,2,"Delaware, United States",US,USDE,39.3498,-75.5148,DE,0,,,,,,,2,"Delaware, United States",US,USDE,39.3498,-75.5148,DE,20150923,http://www.delawareiplaw.com/2015/09/judge-goldberg-finds-glaukos-corporations-patent-claims-invalid-as-indefinite.html
469667735,20150923,201509,2015,2015.7205,JUD,ADVOCATE,,,,,,JUD,,,LEG,LEGISLATOR,,,,,,LEG,,,1,081,081,08,2,5.0,6,1,6,0.52219321148825,3,"Washington, District of Columbia, United States",US,USDC,38.8951,-77.0364,531871,3,"Washington, District of Columbia, United States",US,USDC,38.8951,-77.0364,531871,3,"Washington, District of Columbia, United States",US,USDC,38.8951,-77.0364,531871,20150923,http://www.myfoxmemphis.com/story/30098015/memphis-family-wins-golden-ticket-to-visit-pope-francis
469668156,20150923,201509,2015,2015.7205,SWEEDU,SWEDEN,SWE,,,,,EDU,,,,,,,,,,,,,1,042,042,04,1,1.9,5,1,5,3.72670807453416,4,"Mandaue, Mandaue, Philippines",RP,RPD8,10.3236,123.922,-2437612,0,,,,,,,4,"Mandaue, Mandaue, Philippines",RP,RPD8,10.3236,123.922,-2437612,20150923,http://www.sunstar.com.ph/cebu/lifestyle/2015/09/23/utzurrum-bravo-gold-mandaue-childrens-choir-431948
469668234,20150923,201509,2015,2015.7205,USA,DELAWARE,USA,,,,,,,,,,,,,,,,,,1,0331,033,03,1,5.2,5,1,5,-2.41935483870968,2,"Delaware, United States",US,USDE,39.3498,-75.5148,DE,0,,,,,,,2,"Delaware, United States",US,USDE,39.3498,-75.5148,DE,20150923,http://www.delawareiplaw.com/2015/09/judge-goldberg-finds-glaukos-corporations-patent-claims-invalid-as-indefinite.html
469668237,20150923,201509,2015,2015.7205,USA,LOS ANGELES,USA,,,,,,,,,,,,,,,,,,1,036,036,03,1,4.0,5,1,5,3.6697247706422,3,"Blue Point, California, United States",US,USCA,34.5269,-118.763,269932,0,,,,,,,3,"Blue Point, California, United States",US,USCA,34.5269,-118.763,269932,20150923,http://www.just-drinks.com/news/ab-inbev-adds-to-craft-beer-stable-with-golden-road-brewing-buy_id118217.aspx
469668254,20150923,201509,2015,2015.7205,USA,WASHINGTON,USA,,,,,,,,,,,,,,,,,,1,043,043,04,1,2.8,6,1,6,0.52219321148825,3,"Washington, District of Columbia, United States",US,USDC,38.8951,-77.0364,531871,0,,,,,,,3,"Memphis, Tennessee, United States",US,USTN,35.1495,-90.049,1326388,20150923,http://www.myfoxmemphis.com/story/30098015/memphis-family-wins-golden-ticket-to-visit-pope-francis
469668281,20150923,201509,2015,2015.7205,USA,TENNESSEE,USA,,,,,,,,,,,,,,,,,,0,070,070,07,2,7.0,2,1,2,0.52219321148825,2,"Tennessee, United States",US,USTN,35.7449,-86.7489,TN,0,,,,,,,3,"Washington, District of Columbia, United States",US,USDC,38.8951,-77.0364,531871,20150923,http://www.myfoxmemphis.com/story/30098015/memphis-family-wins-golden-ticket-to-visit-pope-francis
469668494,20150923,201509,2015,2015.7205,USA,UNITED STATES,USA,,,,,,,,LEG,CONGRESS,,,,,,LEG,,,0,010,010,01,1,0.0,2,1,2,0.52219321148825,3,"Washington, District of Columbia, United States",US,USDC,38.8951,-77.0364,531871,3,"Memphis, Tennessee, United States",US,USTN,35.1495,-90.049,1326388,3,"Memphis, Tennessee, United States",US,USTN,35.1495,-90.049,1326388,20150923,http://www.myfoxmemphis.com/story/30098015/memphis-family-wins-golden-ticket-to-visit-pope-francis
469668495,20150923,201509,2015,2015.7205,USA,UNITED STATES,USA,,,,,,,,LEG,CONGRESS,,,,,,LEG,,,0,010,010,01,1,0.0,2,1,2,0.52219321148825,2,"Tennessee, United States",US,USTN,35.7449,-86.7489,TN,3,"Memphis, Tennessee, United States",US,USTN,35.1495,-90.049,1326388,3,"Memphis, Tennessee, United States",US,USTN,35.1495,-90.049,1326388,20150923,http://www.myfoxmemphis.com/story/30098015/memphis-family-wins-golden-ticket-to-visit-pope-francis
469668498,20150923,201509,2015,2015.7205,USA,UNITED STATES,USA,,,,,,,,LEG,LEGISLATOR,,,,,,LEG,,,1,081,081,08,2,5.0,4,1,4,0.52219321148825,3,"Washington, District of Columbia, United States",US,USDC,38.8951,-77.0364,531871,3,"Washington, District of Columbia, United States",US,USDC,38.8951,-77.0364,531871,3,"Washington, District of Columbia, United States",US,USDC,38.8951,-77.0364,531871,20150923,http://www.myfoxmemphis.com/story/30098015/memphis-family-wins-golden-ticket-to-visit-pope-francis
469669829,20150922,201509,2015,2015.7178,JUD,MAGISTRATE,,,,,,JUD,,,GHA,GHANA,GHA,,,,,,,,0,015,015,01,1,0.0,16,1,16,-4.87185021144559,1,Ghana,GH,GH,8,-2,GH,1,Ghana,GH,GH,8,-2,GH,1,Ghana,GH,GH,8,-2,GH,20150923,http://www.couriermail.com.au/news/queensland/wheelchair-bound-amputee-pleads-guilty-to-breaking-into-three-homes-on-the-gold-coast/story-fnihsrf2-1227541377455?nk=8a7844ef9b42959a30b1589f02310479-1443039474
469669857,20150923,201509,2015,2015.7205,,,,,,,,,,,COP,POLICE,,,,,,COP,,,1,112,112,11,3,-2.0,40,1,40,-4.87185021144559,0,,,,,,,1,Ghana,GH,GH,8,-2,GH,1,Ghana,GH,GH,8,-2,GH,20150923,http://www.couriermail.com.au/news/queensland/wheelchair-bound-amputee-pleads-guilty-to-breaking-into-three-homes-on-the-gold-coast/story-fnihsrf2-1227541377455?nk=8a7844ef9b42959a30b1589f02310479-1443039474
469670054,20150923,201509,2015,2015.7205,BUD,BUDDHIST,,,,BUD,,,,,MED,WEBSITE,,,,,,MED,,,0,043,043,04,1,2.8,5,1,5,0,0,,,,,,,0,,,,,,,0,,,,,,,20150923,https://www.psychologytoday.com/blog/turning-straw-gold/201509/20-tips-living-well-chronic-pain-and-illness
469670286,20150923,201509,2015,2015.7205,CRM,ROBBER,,,,,,CRM,,,GHA,GHANA,GHA,,,,,,,,0,043,043,04,1,2.8,16,1,16,-4.87185021144559,1,Ghana,GH,GH,8,-2,GH,1,Ghana,GH,GH,8,-2,GH,1,Ghana,GH,GH,8,-2,GH,20150923,http://www.couriermail.com.au/news/queensland/wheelchair-bound-amputee-pleads-guilty-to-breaking-into-three-homes-on-the-gold-coast/story-fnihsrf2-1227541377455?nk=8a7844ef9b42959a30b1589f02310479-1443039474
469670449,20150923,201509,2015,2015.7205,EDU,COLLEGE,,,,,,EDU,,,CVL,POPULATION,,,,,,CVL,,,1,180,180,18,4,-9.0,5,1,5,-3.43007915567282,1,United States,US,US,38,-97,US,1,United States,US,US,38,-97,US,1,United States,US,US,38,-97,US,20150923,http://www.huffingtonpost.com/suzanne-b-goldberg/preventing-campus-sexual_b_8185578.html
469670606,20150923,201509,2015,2015.7205,GHA,GHANA,GHA,,,,,,,,CRM,ROBBER,,,,,,CRM,,,0,042,042,04,1,1.9,16,1,16,-4.87185021144559,1,Ghana,GH,GH,8,-2,GH,1,Ghana,GH,GH,8,-2,GH,1,Ghana,GH,GH,8,-2,GH,20150923,http://www.couriermail.com.au/news/queensland/wheelchair-bound-amputee-pleads-guilty-to-breaking-into-three-homes-on-the-gold-coast/story-fnihsrf2-1227541377455?nk=8a7844ef9b42959a30b1589f02310479-1443039474
469670951,20150923,201509,2015,2015.7205,MED,WEBSITE,,,,,,MED,,,BUD,BUDDHIST,,,,BUD,,,,,0,042,042,04,1,1.9,5,1,5,0,0,,,,,,,0,,,,,,,0,,,,,,,20150923,https://www.psychologytoday.com/blog/turning-straw-gold/201509/20-tips-living-well-chronic-pain-and-illness
469671675,20150923,201509,2015,2015.7205,USAGOV,THE WHITE HOUSE,USA,,,,,GOV,,,EDU,STUDENT,,,,,,EDU,,,0,051,051,05,1,3.4,10,1,10,-3.43007915567282,1,United States,US,US,38,-97,US,1,United States,US,US,38,-97,US,1,United States,US,US,38,-97,US,20150923,http://www.huffingtonpost.com/suzanne-b-goldberg/preventing-campus-sexual_b_8185578.html
469671678,20150923,201509,2015,2015.7205,USAGOV,THE WHITE HOUSE,USA,,,,,GOV,,,EDU,COLLEGE,,,,,,EDU,,,0,180,180,18,4,-9.0,10,1,10,-3.43007915567282,1,United States,US,US,38,-97,US,1,United States,US,US,38,-97,US,1,United States,US,US,38,-97,US,20150923,http://www.huffingtonpost.com/suzanne-b-goldberg/preventing-campus-sexual_b_8185578.html
469673728,20150923,201509,2015,2015.7205,GOV,GOVERNMENT,,,,,,GOV,,,JAM,JAMAICA,JAM,,,,,,,,1,042,042,04,1,1.9,10,2,10,1.99621304885406,4,"New Kingston, Saint Andrew, Jamaica",JM,JM08,18.0068,-76.7853,-3752995,4,"New Kingston, Saint Andrew, Jamaica",JM,JM08,18.0068,-76.7853,-3752995,4,"New Kingston, Saint Andrew, Jamaica",JM,JM08,18.0068,-76.7853,-3752995,20150923,http://mundinews.com/golding-wants-persons-occupying-lands-for-several-years-to-get-titles/
469673950,20150923,201509,2015,2015.7205,JAM,JAMAICA,JAM,,,,,,,,GOV,GOVERNMENT,,,,,,GOV,,,1,043,043,04,1,2.8,10,2,10,1.99621304885406,4,"New Kingston, Saint Andrew, Jamaica",JM,JM08,18.0068,-76.7853,-3752995,4,"New Kingston, Saint Andrew, Jamaica",JM,JM08,18.0068,-76.7853,-3752995,4,"New Kingston, Saint Andrew, Jamaica",JM,JM08,18.0068,-76.7853,-3752995,20150923,http://mundinews.com/golding-wants-persons-occupying-lands-for-several-years-to-get-titles/
469673951,20150923,201509,2015,2015.7205,JAM,JAMAICA,JAM,,,,,,,,JAMBUS,JAMAICA,JAM,,,,,BUS,,,1,010,010,01,1,0.0,4,1,4,2.39880059970015,4,"Knutsford, Saint Ann, Jamaica",JM,JM09,18.35,-77.3667,-3752459,4,"Knutsford, Saint Ann, Jamaica",JM,JM09,18.35,-77.3667,-3752459,4,"Knutsford, Saint Ann, Jamaica",JM,JM09,18.35,-77.3667,-3752459,20150923,http://mundinews.com/golding-wants-persons-occupying-lands-for-several-years-to-get-titles/
469673952,20150923,201509,2015,2015.7205,JAM,JAMAICA,JAM,,,,,,,,JAMBUS,JAMAICA,JAM,,,,,BUS,,,1,010,010,01,1,0.0,4,1,4,2.39880059970015,4,"New Kingston, Saint Andrew, Jamaica",JM,JM08,18.0068,-76.7853,-3752995,4,"New Kingston, Saint Andrew, Jamaica",JM,JM08,18.0068,-76.7853,-3752995,4,"New Kingston, Saint Andrew, Jamaica",JM,JM08,18.0068,-76.7853,-3752995,20150923,http://mundinews.com/golding-wants-persons-occupying-lands-for-several-years-to-get-titles/
469673953,20150923,201509,2015,2015.7205,JAMLEG,JAMAICA,JAM,,,,,LEG,,,,,,,,,,,,,0,013,013,01,1,0.4,4,2,4,1.99621304885406,4,"New Kingston, Saint Andrew, Jamaica",JM,JM08,18.0068,-76.7853,-3752995,0,,,,,,,4,"New Kingston, Saint Andrew, Jamaica",JM,JM08,18.0068,-76.7853,-3752995,20150923,http://mundinews.com/golding-wants-persons-occupying-lands-for-several-years-to-get-titles/
469673954,20150923,201509,2015,2015.7205,JAMLEG,JAMAICA,JAM,,,,,LEG,,,JAMBUS,JAMAICA,JAM,,,,,BUS,,,1,010,010,01,1,0.0,4,1,2,2.39880059970015,4,"Knutsford, Saint Ann, Jamaica",JM,JM09,18.35,-77.3667,-3752459,4,"Knutsford, Saint Ann, Jamaica",JM,JM09,18.35,-77.3667,-3752459,4,"Knutsford, Saint Ann, Jamaica",JM,JM09,18.35,-77.3667,-3752459,20150923,http://mundinews.com/golding-wants-persons-occupying-lands-for-several-years-to-get-titles/
469673955,20150923,201509,2015,2015.7205,JAMLEG,JAMAICA,JAM,,,,,LEG,,,JAMBUS,JAMAICA,JAM,,,,,BUS,,,1,010,010,01,1,0.0,2,1,2,1.59362549800797,4,"New Kingston, Saint Andrew, Jamaica",JM,JM08,18.0068,-76.7853,-3752995,4,"New Kingston, Saint Andrew, Jamaica",JM,JM08,18.0068,-76.7853,-3752995,4,"New Kingston, Saint Andrew, Jamaica",JM,JM08,18.0068,-76.7853,-3752995,20150923,http://jis.gov.jm/golding-wants-persons-occupying-lands-for-several-years-to-get-titles/
469674065,20150923,201509,2015,2015.7205,LEG,SENATOR,,,,,,LEG,,,,,,,,,,,,,0,013,013,01,1,0.4,16,2,16,1.99621304885406,4,"New Kingston, Saint Andrew, Jamaica",JM,JM08,18.0068,-76.7853,-3752995,0,,,,,,,4,"New Kingston, Saint Andrew, Jamaica",JM,JM08,18.0068,-76.7853,-3752995,20150923,http://mundinews.com/golding-wants-persons-occupying-lands-for-several-years-to-get-titles/
469674090,20150923,201509,2015,2015.7205,LEG,SENATOR,,,,,,LEG,,,JAMBUS,JAMAICA,JAM,,,,,BUS,,,1,010,010,01,1,0.0,10,1,8,2.39880059970015,4,"Knutsford, Saint Ann, Jamaica",JM,JM09,18.35,-77.3667,-3752459,4,"Knutsford, Saint Ann, Jamaica",JM,JM09,18.35,-77.3667,-3752459,4,"Knutsford, Saint Ann, Jamaica",JM,JM09,18.35,-77.3667,-3752459,20150923,http://mundinews.com/golding-wants-persons-occupying-lands-for-several-years-to-get-titles/
469674091,20150923,201509,2015,2015.7205,LEG,SENATOR,,,,,,LEG,,,JAMBUS,JAMAICA,JAM,,,,,BUS,,,1,010,010,01,1,0.0,14,2,14,1.99621304885406,4,"New Kingston, Saint Andrew, Jamaica",JM,JM08,18.0068,-76.7853,-3752995,4,"New Kingston, Saint Andrew, Jamaica",JM,JM08,18.0068,-76.7853,-3752995,4,"New Kingston, Saint Andrew, Jamaica",JM,JM08,18.0068,-76.7853,-3752995,20150923,http://mundinews.com/golding-wants-persons-occupying-lands-for-several-years-to-get-titles/
469677279,20150923,201509,2015,2015.7205,MNCUSA,CITIGROUP,USA,,,,,MNC,,,,,,,,,,,,,1,010,010,01,1,0.0,10,1,10,2.5,1,Indonesia,ID,ID,-5,120,ID,0,,,,,,,1,Indonesia,ID,ID,-5,120,ID,20150923,http://rapidnewsnetwork.com/the-hype-surrounding-barrick-gold-corporation-usa-nyse-abx-s-assets/189886/
469677281,20150923,201509,2015,2015.7205,MNCUSA,NEWMONT MINING,USA,,,,,MNC,,,,,,,,,,,,,0,172,172,17,4,-5.0,10,1,10,2.5,1,Indonesia,ID,ID,-5,120,ID,0,,,,,,,1,Indonesia,ID,ID,-5,120,ID,20150923,http://rapidnewsnetwork.com/the-hype-surrounding-barrick-gold-corporation-usa-nyse-abx-s-assets/189886/
469685227,20150923,201509,2015,2015.7205,,,,,,,,,,,MNCZAF,ANGLOGOLD ASHANTI,ZAF,,,,,MNC,,,0,030,030,03,1,4.0,6,1,6,3.77155172413793,0,,,,,,,4,"Randgold, Gauteng, South Africa",SF,SF06,-25.944,27.4974,-1274768,4,"Randgold, Gauteng, South Africa",SF,SF06,-25.944,27.4974,-1274768,20150923,http://www.4-traders.com/RANDGOLD-RESOURCES-LIMITE-9590182/news/Randgold-Resources--Groundbreaking-Partnership-to-Revive-Obuasi-Gold-Mine-21086645/
469685970,20150923,201509,2015,2015.7205,GHA,GHANA,GHA,,,,,,,,MNCZAF,ANGLOGOLD ASHANTI,ZAF,,,,,MNC,,,0,030,030,03,1,4.0,2,1,2,3.77155172413793,4,"Randgold, Gauteng, South Africa",SF,SF06,-25.944,27.4974,-1274768,4,"Randgold, Gauteng, South Africa",SF,SF06,-25.944,27.4974,-1274768,4,"Randgold, Gauteng, South Africa",SF,SF06,-25.944,27.4974,-1274768,20150923,http://www.4-traders.com/RANDGOLD-RESOURCES-LIMITE-9590182/news/Randgold-Resources--Groundbreaking-Partnership-to-Revive-Obuasi-Gold-Mine-21086645/
469685971,20150923,201509,2015,2015.7205,GHA,GHANA,GHA,,,,,,,,MNCZAF,ANGLOGOLD ASHANTI,ZAF,,,,,MNC,,,0,030,030,03,1,4.0,2,1,2,3.77155172413793,4,"Accra, Greater Accra, Ghana",GH,GH01,5.55,-0.216667,-2067935,4,"Accra, Greater Accra, Ghana",GH,GH01,5.55,-0.216667,-2067935,4,"Accra, Greater Accra, Ghana",GH,GH01,5.55,-0.216667,-2067935,20150923,http://www.4-traders.com/RANDGOLD-RESOURCES-LIMITE-9590182/news/Randgold-Resources--Groundbreaking-Partnership-to-Revive-Obuasi-Gold-Mine-21086645/
469686096,20150923,201509,2015,2015.7205,HLH,DOCTOR,,,,,,HLH,,,,,,,,,,,,,1,073,073,07,2,7.4,10,1,10,2.2140221402214,4,"Kyoto, Kyoto, Japan",JA,JA22,35,135.75,-235402,0,,,,,,,4,"Kyoto, Kyoto, Japan",JA,JA22,35,135.75,-235402,20150923,http://www.asianage.com/newsmakers/japan-s-golden-bolt-105-sets-world-record-011
469686492,20150923,201509,2015,2015.7205,MNCDEUHLH,FRESENIUS MEDICAL,DEU,,,,,MNC,HLH,,,,,,,,,,,,1,010,010,01,1,0.0,10,1,10,0.920810313075505,0,,,,,,,0,,,,,,,0,,,,,,,20150923,http://sleekmoney.com/fresenius-medical-care-ag-co-s-buy-rating-reaffirmed-at-goldman-sachs-fms/503749/
469686506,20150923,201509,2015,2015.7205,MNCUSA,GOLDMAN SACHS,USA,,,,,MNC,,,MNCDEU,DEUTSCHE BANK,DEU,,,,,MNC,,,1,010,010,01,1,0.0,10,1,10,1.15207373271889,0,,,,,,,0,,,,,,,0,,,,,,,20150923,http://sleekmoney.com/deutsche-bank-receives-neutral-rating-from-goldman-sachs-db/503746/
469686768,20150923,201509,2015,2015.7205,UAF,TERRORIST,,,,,,UAF,,,,,,,,,,,,,1,010,010,01,1,0.0,6,1,6,-4.07055630936228,1,Iraq,IZ,IZ,33,44,IZ,0,,,,,,,1,Iraq,IZ,IZ,33,44,IZ,20150923,http://www.catholictranscript.org/4042-more-precious-than-gold-is-faith-which-stands-the-test-1-pt-1-7.html
469686769,20150923,201509,2015,2015.7205,UAF,TERRORIST,,,,,,UAF,,,,,,,,,,,,,1,010,010,01,1,0.0,4,1,4,-4.07055630936228,1,United States,US,US,38,-97,US,0,,,,,,,1,United States,US,US,38,-97,US,20150923,http://www.catholictranscript.org/4042-more-precious-than-gold-is-faith-which-stands-the-test-1-pt-1-7.html
469691612,20150923,201509,2015,2015.7205,,,,,,,,,,,GTM,GUATEMALA,GTM,,,,,,,,1,042,042,04,1,1.9,8,2,8,5.60315805477726,0,,,,,,,3,"San Francisco, California, United States",US,USCA,37.7749,-122.419,277593,3,"San Francisco, California, United States",US,USCA,37.7749,-122.419,277593,20150923,http://www.ssuchronicle.com/2015/09/23/union-street-goldsmiths-creator-passed-away-last-month/
469691613,20150923,201509,2015,2015.7205,,,,,,,,,,,GTM,GUATEMALA,GTM,,,,,,,,1,042,042,04,1,1.9,12,2,12,5.60315805477726,0,,,,,,,3,"Sausalito, California, United States",US,USCA,37.8591,-122.485,277597,3,"Sausalito, California, United States",US,USCA,37.8591,-122.485,277597,20150923,http://www.ssuchronicle.com/2015/09/23/union-street-goldsmiths-creator-passed-away-last-month/
469691791,20150923,201509,2015,2015.7205,BUS,PRODUCER,,,,,,BUS,,,,,,,,,,,,,0,141,141,14,3,-6.5,10,1,10,2.728285077951,2,"Nevada, United States",US,USNV,38.4199,-117.122,NV,0,,,,,,,2,"Nevada, United States",US,USNV,38.4199,-117.122,NV,20150923,http://www.wallstreetscope.com/re-introducing-nevada-gold-silver-producer-comstock-mining/25437270/
469692394,20150923,201509,2015,2015.7205,GTM,GUATEMALA,GTM,,,,,,,,,,,,,,,,,,1,043,043,04,1,2.8,2,1,2,5.50161812297734,3,"Stinson Beach, California, United States",US,USCA,37.9005,-122.644,235489,0,,,,,,,3,"Stinson Beach, California, United States",US,USCA,37.9005,-122.644,235489,20150923,http://www.ssuchronicle.com/2015/09/23/union-street-goldsmiths-creator-passed-away-last-month/
469692512,20150923,201509,2015,2015.7205,JUD,FEDERAL COURT,,,,,,JUD,,,USA,MIAMI,USA,,,,,,,,1,172,172,17,4,-5.0,3,1,3,-2.66075388026608,1,Spain,SP,SP,40,-4,SP,1,Spain,SP,SP,40,-4,SP,1,Spain,SP,SP,40,-4,SP,20150923,http://abc11.com/news/man-gets-jail-in-attempt-to-sell-gold-stolen-in-heist/998654/
469692902,20150923,201509,2015,2015.7205,USA,NEVADA,USA,,,,,,,,,,,,,,,,,,1,141,141,14,3,-6.5,7,1,7,2.728285077951,2,"Nevada, United States",US,USNV,38.4199,-117.122,NV,0,,,,,,,2,"Nevada, United States",US,USNV,38.4199,-117.122,NV,20150923,http://www.wallstreetscope.com/re-introducing-nevada-gold-silver-producer-comstock-mining/25437270/
469693240,20150923,201509,2015,2015.7205,ZWE,HARARE,ZWE,,,,,,,,BUS,CORPORATION,,,,,,BUS,,,1,0311,031,03,1,5.2,20,2,20,3.09231830970961,4,"Mazowe, Mashonaland Central, Zimbabwe",ZI,ZI03,-17.504,30.9739,-2316235,4,"Mazowe, Mashonaland Central, Zimbabwe",ZI,ZI03,-17.504,30.9739,-2316235,4,"Mazowe, Mashonaland Central, Zimbabwe",ZI,ZI03,-17.504,30.9739,-2316235,20150923,http://thezimbabwemail.com/metallon-plans-294mln-capex-on-zimbabwe-gold-mines-targets-550000oz-output-by-2019/
469694407,20150923,201509,2015,2015.7205,CHN,CHINA,CHN,,,,,,,,,,,,,,,,,,1,061,061,06,2,6.4,5,1,5,7.20720720720721,1,China,CH,CH,35,105,CH,0,,,,,,,1,India,IN,IN,20,77,IN,20150923,http://www.proactiveinvestors.com.au/companies/news/64717/gold-in-demand-ahead-of-festival-season-64717.html
469694741,20150923,201509,2015,2015.7205,ESP,CATALONIA,ESP,,,,,,,,,,,,,,,,,,1,130,130,13,3,-4.4,10,1,10,-0.92936802973978,4,"Albiol, Comunidad Autonoma de Cataluna, Spain",SP,SP56,41.2539,1.0935,-369700,0,,,,,,,4,"Albiol, Comunidad Autonoma de Cataluna, Spain",SP,SP56,41.2539,1.0935,-369700,20150923,http://www.zerohedge.com/news/2015-09-23/bank-spain-quietly-pulling-its-gold-catalonia-ahead-weekends-vote
469695230,20150923,201509,2015,2015.7205,MNCUSA,ANHEUSER BUSCH,USA,,,,,MNC,,,USA,SAN DIEGO,USA,,,,,,,,1,0311,031,03,1,5.2,4,2,4,2.548415849607,3,"San Diego, California, United States",US,USCA,32.7153,-117.157,1661377,3,"San Diego, California, United States",US,USCA,32.7153,-117.157,1661377,3,"San Diego, California, United States",US,USCA,32.7153,-117.157,1661377,20150923,http://www.labusinessjournal.com/news/2015/sep/23/bud-buy-ls-golden-road/
469695235,20150923,201509,2015,2015.7205,MNCUSA,ANHEUSER BUSCH,USA,,,,,MNC,,,USAREL,SAN DIEGO,USA,,,,,,,,1,0311,031,03,1,5.2,12,2,12,2.548415849607,3,"San Diego, California, United States",US,USCA,32.7153,-117.157,1661377,3,"San Diego, California, United States",US,USCA,32.7153,-117.157,1661377,3,"San Diego, California, United States",US,USCA,32.7153,-117.157,1661377,20150923,http://www.labusinessjournal.com/news/2015/sep/23/bud-buy-ls-golden-road/
469696815,20150824,201508,2015,2015.6411,USA,UNITED STATES,USA,,,,,,,,,,,,,,,,,,1,110,110,11,3,-2.0,4,1,4,-5.24017467248909,3,"Lake Isabella, California, United States",US,USCA,35.618,-118.473,1652739,0,,,,,,,3,"Lake Isabella, California, United States",US,USCA,35.618,-118.473,1652739,20150923,http://www.kerngoldenempire.com/news/former-kuzz-reporter-is-sentenced-for-trying-to-meet-a-young-girl-for-sex
469697114,20150923,201509,2015,2015.7205,BUS,COMPANY,,,,,,BUS,,,,,,,,,,,,,0,114,114,11,3,-2.0,10,1,10,1.75131348511384,1,Hong Kong,HK,HK,22.25,114.167,HK,0,,,,,,,1,Hong Kong,HK,HK,22.25,114.167,HK,20150923,http://www.tnp.sg/news/singapore-news/mas-close-loopholes-gold-buyback-schemes-collective-investments
469697152,20150923,201509,2015,2015.7205,BUS,INDUSTRY,,,,,,BUS,,,USA,DENVER,USA,,,,,,,,1,042,042,04,1,1.9,5,1,5,1.94805194805195,3,"Los Angeles, California, United States",US,USCA,34.0522,-118.244,1662328,3,"Los Angeles, California, United States",US,USCA,34.0522,-118.244,1662328,3,"Los Angeles, California, United States",US,USCA,34.0522,-118.244,1662328,20150923,http://blouinnews.com/84136/story/ab-inbev-buy-la-brewer-golden-road
469697263,20150923,201509,2015,2015.7205,CHRCTH,THE POPE,,,,CHR,CTH,,,,USA,CALIF,USA,,,,,,,,1,042,042,04,1,1.9,6,1,6,0.9478672985782,3,"White House, District of Columbia, United States",US,USDC,38.8951,-77.0364,531871,3,"Lake Isabella, California, United States",US,USCA,35.618,-118.473,1652739,3,"White House, District of Columbia, United States",US,USDC,38.8951,-77.0364,531871,20150923,http://www.kerngoldenempire.com/news/congressman-david-valadao-watches-pope-deliver-speech-from-white-house
469697329,20150923,201509,2015,2015.7205,COP,DEPUTY,,,,,,COP,,,MEDMED,MEDIA,,,,,,MED,MED,,0,020,020,02,1,3.0,10,1,10,-5.24017467248909,3,"Kern County, California, United States",US,USCA,35.2961,-118.668,2054176,3,"Kern County, California, United States",US,USCA,35.2961,-118.668,2054176,3,"Kern County, California, United States",US,USCA,35.2961,-118.668,2054176,20150923,http://www.kerngoldenempire.com/news/former-kuzz-reporter-is-sentenced-for-trying-to-meet-a-young-girl-for-sex
469697558,20150923,201509,2015,2015.7205,FRA,FRANCE,FRA,,,,,,,,MED,WEBSITE,,,,,,MED,,,1,042,042,04,1,1.9,4,1,4,5.61797752808988,4,"Reims, Champagne-Ardenne, France",FR,FRA4,48.7186,4.66847,-1461343,4,"Reims, Champagne-Ardenne, France",FR,FRA4,48.7186,4.66847,-1461343,4,"Reims, Champagne-Ardenne, France",FR,FRA4,48.7186,4.66847,-1461343,20150923,http://hauteliving.com/2015/09/how-to-get-a-golden-ticket-to-the-house-of-krug-with-sothebys/586915/
469697643,20150923,201509,2015,2015.7205,GOV,AUTHORITIES,,,,,,GOV,,,,,,,,,,,,,0,090,090,09,2,-2.0,10,1,10,1.75131348511384,1,Malaysia,MY,MY,2.5,112.5,MY,0,,,,,,,1,Malaysia,MY,MY,2.5,112.5,MY,20150923,http://www.tnp.sg/news/singapore-news/mas-close-loopholes-gold-buyback-schemes-collective-investments
469698003,20150923,201509,2015,2015.7205,MED,WEBSITE,,,,,,MED,,,FRA,FRANCE,FRA,,,,,,,,1,043,043,04,1,2.8,4,1,4,5.61797752808988,4,"Reims, Champagne-Ardenne, France",FR,FRA4,48.7186,4.66847,-1461343,4,"Reims, Champagne-Ardenne, France",FR,FRA4,48.7186,4.66847,-1461343,4,"Reims, Champagne-Ardenne, France",FR,FRA4,48.7186,4.66847,-1461343,20150923,http://hauteliving.com/2015/09/how-to-get-a-golden-ticket-to-the-house-of-krug-with-sothebys/586915/
469698096,20150923,201509,2015,2015.7205,MYS,MALAYSIA,MYS,,,,,,,,BUS,COMPANY,,,,,,BUS,,,0,112,112,11,3,-2.0,10,1,10,1.75131348511384,1,Malaysia,MY,MY,2.5,112.5,MY,1,Malaysia,MY,MY,2.5,112.5,MY,1,Malaysia,MY,MY,2.5,112.5,MY,20150923,http://www.tnp.sg/news/singapore-news/mas-close-loopholes-gold-buyback-schemes-collective-investments
469698279,20150923,201509,2015,2015.7205,USA,CALIFORNIA,USA,,,,,,,,,,,,,,,,,,1,036,036,03,1,4.0,10,1,10,-5.24017467248909,3,"Kern County, California, United States",US,USCA,35.2961,-118.668,2054176,0,,,,,,,3,"Kern County, California, United States",US,USCA,35.2961,-118.668,2054176,20150923,http://www.kerngoldenempire.com/news/former-kuzz-reporter-is-sentenced-for-trying-to-meet-a-young-girl-for-sex
469700299,20150923,201509,2015,2015.7205,GOV,ATTORNEY GENERAL,,,,,,GOV,,,,,,,,,,,,,1,020,020,02,1,3.0,2,1,2,-2.61194029850746,3,"Jefferson City, Missouri, United States",US,USMO,38.5767,-92.1735,758233,0,,,,,,,2,"Missouri, United States",US,USMO,38.4623,-92.302,MO,20150923,http://themissouritimes.com/22768/attorney-general-koster-sues-st-louis-gold-buyer-for-receiving-stolen-jewelry-and-selling-it-to-smelters-without-waiting-required-time/
469701258,20150923,201509,2015,2015.7205,USA,UNITED STATES,USA,,,,,,,,USAGOV,UNITED STATES,USA,,,,,GOV,,,1,020,020,02,1,3.0,2,1,2,-2.61194029850746,3,"Jefferson City, Missouri, United States",US,USMO,38.5767,-92.1735,758233,3,"Jefferson City, Missouri, United States",US,USMO,38.5767,-92.1735,758233,3,"Jefferson City, Missouri, United States",US,USMO,38.5767,-92.1735,758233,20150923,http://themissouritimes.com/22768/attorney-general-koster-sues-st-louis-gold-buyer-for-receiving-stolen-jewelry-and-selling-it-to-smelters-without-waiting-required-time/
469702967,20150923,201509,2015,2015.7205,GBR,UNITED KINGDOM,GBR,,,,,,,,FRA,FRANCE,FRA,,,,,,,,1,014,014,01,1,0.0,2,1,2,-3.94366197183098,4,"Moscow, Moskva, Russia",RS,RS48,55.7522,37.6156,-2960561,1,United Kingdom,UK,UK,54,-2,UK,4,"Moscow, Moskva, Russia",RS,RS48,55.7522,37.6156,-2960561,20150923,http://www.i24news.tv/en/news/international/europe/86684-150923-gold-leaf-masks-anti-semitic-graffiti-on-kapoor-sculpture
469702968,20150923,201509,2015,2015.7205,GBR,UNITED KINGDOM,GBR,,,,,,,,FRA,FRANCE,FRA,,,,,,,,1,014,014,01,1,0.0,2,1,2,-3.94366197183098,1,United Kingdom,UK,UK,54,-2,UK,1,United Kingdom,UK,UK,54,-2,UK,1,United Kingdom,UK,UK,54,-2,UK,20150923,http://www.i24news.tv/en/news/international/europe/86684-150923-gold-leaf-masks-anti-semitic-graffiti-on-kapoor-sculpture
469702969,20150923,201509,2015,2015.7205,GBR,UNITED KINGDOM,GBR,,,,,,,,FRA,FRANCE,FRA,,,,,,,,1,1712,171,17,4,-9.2,4,1,4,-3.94366197183098,1,United Kingdom,UK,UK,54,-2,UK,4,"Versailles, Îe-de-France, France",FR,FRA8,48.8036,2.13424,-1475811,4,"Versailles, Îe-de-France, France",FR,FRA8,48.8036,2.13424,-1475811,20150923,http://www.i24news.tv/en/news/international/europe/86684-150923-gold-leaf-masks-anti-semitic-graffiti-on-kapoor-sculpture
469702974,20150923,201509,2015,2015.7205,GBR,UNITED KINGDOM,GBR,,,,,,,,LKA,SRI LANKA,LKA,,,,,,,,1,051,051,05,1,3.4,5,1,5,2.77777777777777,1,Sri Lanka,CE,CE,7,81,CE,1,Sri Lanka,CE,CE,7,81,CE,1,Sri Lanka,CE,CE,7,81,CE,20150923,http://www.ft.lk/article/474857/Ranil-to-attend-CIMA-Sri-Lanka-s-Golden-Jubilee-today
