GLOBALEVENTID,SQLDATE,MonthYear,Year,FractionDate,Actor1Code,Actor1Name,Actor1CountryCode,Actor1KnownGroupCode,Actor1EthnicCode,Actor1Religion1Code,Actor1Religion2Code,Actor1Type1Code,Actor1Type2Code,Actor1Type3Code,Actor2Code,Actor2Name,Actor2CountryCode,Actor2KnownGroupCode,Actor2EthnicCode,Actor2Religion1Code,Actor2Religion2Code,Actor2Type1Code,Actor2Type2Code,Actor2Type3Code,IsRootEvent,EventCode,EventBaseCode,EventRootCode,QuadClass,GoldsteinScale,NumMentions,NumSources,NumArticles,AvgTone,Actor1Geo_Type,Actor1Geo_FullName,Actor1Geo_CountryCode,Actor1Geo_ADM1Code,Actor1Geo_Lat,Actor1Geo_Long,Actor1Geo_FeatureID,Actor2Geo_Type,Actor2Geo_FullName,Actor2Geo_CountryCode,Actor2Geo_ADM1Code,Actor2Geo_Lat,Actor2Geo_Long,Actor2Geo_FeatureID,ActionGeo_Type,ActionGeo_FullName,ActionGeo_CountryCode,ActionGeo_ADM1Code,ActionGeo_Lat,ActionGeo_Long,ActionGeo_FeatureID,DATEADDED,SOURCEURL
539412749,20160512,201605,2016,2016.3616,,,,,,,,,,,AFG,KANDAHAR,AFG,,,,,,,,1,190,190,19,4,-10.0,150,23,150,3.05867001518544,0,,,,,,,2,"Florida, United States",US,USFL,27.8333,-81.717,FL,2,"Florida, United States",US,USFL,27.8333,-81.717,FL,20160512,http://blogs.abcnews.com/US/service-dogs-wounded-warriors-earn-gold-invictus-games/story?id=39051616
539414085,20160512,201605,2016,2016.3616,COP,POLICE,,,,,,COP,,,,,,,,,,,,,1,012,012,01,1,-0.4,985,83,935,-4.67394090395836,0,,,,,,,0,,,,,,,0,,,,,,,20160512,http://golden.myezrock.com/News/Story.aspx?ID=2195937
539414105,20160512,201605,2016,2016.3616,COP,POLICE,,,,,,COP,,,,,,,,,,,,,1,051,051,05,1,3.4,730,60,565,-2.38413983758375,0,,,,,,,0,,,,,,,0,,,,,,,20160512,http://golden.myezrock.com/News/Story.aspx?ID=2195937
539422937,20160512,201605,2016,2016.3616,GOV,PRESIDENT,,,,,,GOV,,,nav,NAVAJO,,,nav,,,,,,1,114,114,11,3,-2.0,2,1,2,-5.50098231827112,3,"Gold King Mine, Arizona, United States",US,USAZ,35.0272,-113.837,5114,3,"Animas River, New Mexico, United States",US,USNM,31.9998,-108.826,900283,3,"Gold King Mine, Arizona, United States",US,USAZ,35.0272,-113.837,5114,20160512,http://www.jdsupra.com/legalnews/recent-developments-in-the-gold-king-89127/
539422938,20160512,201605,2016,2016.3616,GOV,PRESIDENT,,,,,,GOV,,,nav,NAVAJO,,,nav,,,,,,1,114,114,11,3,-2.0,6,1,6,-5.50098231827112,3,"Gold King Mine, Arizona, United States",US,USAZ,35.0272,-113.837,5114,3,"Animas River, New Mexico, United States",US,USNM,31.9998,-108.826,900283,3,"Animas River, New Mexico, United States",US,USNM,31.9998,-108.826,900283,20160512,http://www.jdsupra.com/legalnews/recent-developments-in-the-gold-king-89127/
539424493,20160512,201605,2016,2016.3616,USA,UNITED STATES,USA,,,,,,,,,,,,,,,,,,0,114,114,11,3,-2.0,4,1,4,-5.50098231827112,2,"Arizona, United States",US,USAZ,33.7712,-111.388,AZ,0,,,,,,,2,"Colorado, United States",US,USCO,39.0646,-105.327,CO,20160512,http://www.jdsupra.com/legalnews/recent-developments-in-the-gold-king-89127/
539424695,20160512,201605,2016,2016.3616,USA,ARIZONA,USA,,,,,,,,GOV,KING,,,,,,GOV,,,0,114,114,11,3,-2.0,4,1,4,-5.50098231827112,2,"Arizona, United States",US,USAZ,33.7712,-111.388,AZ,3,"Gold King Mine, Arizona, United States",US,USAZ,35.0272,-113.837,5114,2,"Colorado, United States",US,USCO,39.0646,-105.327,CO,20160512,http://www.jdsupra.com/legalnews/recent-developments-in-the-gold-king-89127/
539424696,20160512,201605,2016,2016.3616,USA,ARIZONA,USA,,,,,,,,GOV,KING,,,,,,GOV,,,0,114,114,11,3,-2.0,2,1,2,-5.50098231827112,2,"Arizona, United States",US,USAZ,33.7712,-111.388,AZ,2,"Colorado, United States",US,USCO,39.0646,-105.327,CO,2,"Arizona, United States",US,USAZ,33.7712,-111.388,AZ,20160512,http://www.jdsupra.com/legalnews/recent-developments-in-the-gold-king-89127/
539425006,20160512,201605,2016,2016.3616,USAGOV,UNITED STATES,USA,,,,,GOV,,,nav,NAVAJO,,,nav,,,,,,1,114,114,11,3,-2.0,2,1,2,-5.50098231827112,3,"Gold King Mine, Arizona, United States",US,USAZ,35.0272,-113.837,5114,3,"Gold King Mine, Arizona, United States",US,USAZ,35.0272,-113.837,5114,3,"Gold King Mine, Arizona, United States",US,USAZ,35.0272,-113.837,5114,20160512,http://www.jdsupra.com/legalnews/recent-developments-in-the-gold-king-89127/
539427269,20160512,201605,2016,2016.3616,,,,,,,,,,,MRT,MAURITANIA,MRT,,,,,,,,1,036,036,03,1,4.0,8,1,8,0.89020771513353,0,,,,,,,4,"Tasiast, Inchiri, Mauritania",MR,MR12,20.9734,-15.5888,-1403956,4,"Tasiast, Inchiri, Mauritania",MR,MR12,20.9734,-15.5888,-1403956,20160512,http://www.canadianminingjournal.com/news/gold-q1-revenue-up-costs-down-for-kinross/
539429286,20160512,201605,2016,2016.3616,MRT,MAURITANIA,MRT,,,,,,,,,,,,,,,,,,1,036,036,03,1,4.0,8,1,8,0.89020771513353,4,"Tasiast, Inchiri, Mauritania",MR,MR12,20.9734,-15.5888,-1403956,0,,,,,,,4,"Tasiast, Inchiri, Mauritania",MR,MR12,20.9734,-15.5888,-1403956,20160512,http://www.canadianminingjournal.com/news/gold-q1-revenue-up-costs-down-for-kinross/
539432477,20160512,201605,2016,2016.3616,,,,,,,,,,,ROU,ROMANIA,,,,,,,,,1,173,173,17,4,-5.0,4,1,4,-1.24239806436736,0,,,,,,,4,"Toronto, Ontario, Canada",CA,CA08,43.6667,-79.4167,-574890,4,"Toronto, Ontario, Canada",CA,CA08,43.6667,-79.4167,-574890,20160512,http://www.goldseiten.de/artikel/285326--Closing-of-Private-Placement.html
539432481,20160512,201605,2016,2016.3616,,,,,,,,,,,SWE,SWEDEN,SWE,,,,,,,,1,051,051,05,1,3.4,55,9,53,4.80482861889586,0,,,,,,,1,Sweden,SW,SW,62,15,SW,1,Sweden,SW,SW,62,15,SW,20160512,"http://www.goldentranscript.net/stories/A-home-away-from-home,213395"
539434892,20160512,201605,2016,2016.3616,MNCUSA,GOLDMAN SACHS,USA,,,,,MNC,,,,,,,,,,,,,1,020,020,02,1,3.0,10,1,10,0.22988505747126,4,"Detour Lake, Northwest Territories, Canada",CA,CA13,62.65,-112.917,-563554,0,,,,,,,4,"Detour Lake, Northwest Territories, Canada",CA,CA13,62.65,-112.917,-563554,20160512,http://www.webbreakingnews.com/2016/05/11/detour-gold-co-dgc-price-target-raised-to-c28-00/
539439393,20160512,201605,2016,2016.3616,MIL,NAVAL,,,,,,MIL,,,,,,,,,,,,,1,051,051,05,1,3.4,5,1,5,2.34604105571847,4,"Andhra, Andhra Pradesh, India",IN,IN02,18,79.5,-2112824,0,,,,,,,4,"Andhra, Andhra Pradesh, India",IN,IN02,18,79.5,-2112824,20160512,http://www.thehindu.com/news/cities/Visakhapatnam/seminar-expo-to-mark-dgnp-golden-jubilee/article8588456.ece
539445939,20160512,201605,2016,2016.3616,,,,,,,,,,,NGO,ROTARY CLUB,,,,,,NGO,,,1,043,043,04,1,2.8,10,1,10,6.10687022900764,0,,,,,,,4,"Nassau, New Providence, Bahamas, The",BF,BF23,25.0833,-77.35,-1543832,4,"Nassau, New Providence, Bahamas, The",BF,BF23,25.0833,-77.35,-1543832,20160512,http://www.smn-news.com/st-maarten-st-martin-news/22207-mid-isle-receives-seven-awards-including-governor-s-gold-excellence.html
539446185,20160512,201605,2016,2016.3616,BHS,NASSAU,BHS,,,,,,,,NGO,ROTARY CLUB,,,,,,NGO,,,1,043,043,04,1,2.8,10,1,10,6.10687022900764,4,"Nassau, New Providence, Bahamas, The",BF,BF23,25.0833,-77.35,-1543832,4,"Nassau, New Providence, Bahamas, The",BF,BF23,25.0833,-77.35,-1543832,4,"Nassau, New Providence, Bahamas, The",BF,BF23,25.0833,-77.35,-1543832,20160512,http://www.smn-news.com/st-maarten-st-martin-news/22207-mid-isle-receives-seven-awards-including-governor-s-gold-excellence.html
539446189,20160512,201605,2016,2016.3616,BRA,BRAZIL,BRA,,,,,,,,BUS,CORPORATION,,,,,,BUS,,,1,010,010,01,1,0.0,2,1,2,5.03144654088051,4,"Eldorado, ParanáR, Brazil",BR,BR18,-23.7667,-51.25,-640673,1,Turkey,TU,TU,39,35,TU,1,Turkey,TU,TU,39,35,TU,20160512,http://bilbaoya.com/2016/05/12/eldorado-says-reviewing-greek-decision-on-skouries-gold-mine.html
539446190,20160512,201605,2016,2016.3616,BRA,BRAZIL,BRA,,,,,,,,BUS,CORPORATION,,,,,,BUS,,,1,010,010,01,1,0.0,8,1,8,3.85852090032154,1,Greece,GR,GR,39,22,GR,1,Greece,GR,GR,39,22,GR,1,Greece,GR,GR,39,22,GR,20160512,http://abruzzo.tv/news/2016/05/12/canadas-eldorado-says-to-resume-work-at-greek-gold-mine/
539446191,20160512,201605,2016,2016.3616,BRA,BRAZIL,BRA,,,,,,,,BUS,CORPORATION,,,,,,BUS,,,1,010,010,01,1,0.0,6,1,6,5.03144654088051,1,Turkey,TU,TU,39,35,TU,1,Turkey,TU,TU,39,35,TU,1,Turkey,TU,TU,39,35,TU,20160512,http://bilbaoya.com/2016/05/12/eldorado-says-reviewing-greek-decision-on-skouries-gold-mine.html
539446201,20160512,201605,2016,2016.3616,BUS,CORPORATION,,,,,,BUS,,,,,,,,,,,,,1,010,010,01,1,0.0,2,1,2,3.85852090032154,1,Greece,GR,GR,39,22,GR,0,,,,,,,1,Greece,GR,GR,39,22,GR,20160512,http://abruzzo.tv/news/2016/05/12/canadas-eldorado-says-to-resume-work-at-greek-gold-mine/
539446204,20160512,201605,2016,2016.3616,BUS,CORPORATION,,,,,,BUS,,,,,,,,,,,,,1,010,010,01,1,0.0,13,3,13,-1.79561334891766,1,Turkey,TU,TU,39,35,TU,0,,,,,,,1,Turkey,TU,TU,39,35,TU,20160512,http://bilbaoya.com/2016/05/12/eldorado-says-reviewing-greek-decision-on-skouries-gold-mine.html
539446755,20160512,201605,2016,2016.3616,COPMIL,POLICE,,,,,,COP,MIL,,,,,,,,,,,,1,0874,087,08,2,10.0,5,1,5,-5.14705882352941,0,,,,,,,0,,,,,,,0,,,,,,,20160512,http://www.kerngoldenempire.com/news/officer-crashes-cruiser-at-garces-circle-tuesday
539447411,20160512,201605,2016,2016.3616,GRC,HELLAS,GRC,,,,,,,,,,,,,,,,,,1,051,051,05,1,3.4,33,4,25,1.84821821203146,1,Greece,GR,GR,39,22,GR,0,,,,,,,1,Greece,GR,GR,39,22,GR,20160512,http://abruzzo.tv/news/2016/05/12/canadas-eldorado-says-to-resume-work-at-greek-gold-mine/
539447957,20160512,201605,2016,2016.3616,NGO,ROTARY CLUB,,,,,,NGO,,,,,,,,,,,,,1,042,042,04,1,1.9,10,1,10,6.10687022900764,4,"Nassau, New Providence, Bahamas, The",BF,BF23,25.0833,-77.35,-1543832,0,,,,,,,4,"Nassau, New Providence, Bahamas, The",BF,BF23,25.0833,-77.35,-1543832,20160512,http://www.smn-news.com/st-maarten-st-martin-news/22207-mid-isle-receives-seven-awards-including-governor-s-gold-excellence.html
539447959,20160512,201605,2016,2016.3616,NGO,ROTARY CLUB,,,,,,NGO,,,BHS,NASSAU,BHS,,,,,,,,1,042,042,04,1,1.9,10,1,10,6.10687022900764,4,"Nassau, New Providence, Bahamas, The",BF,BF23,25.0833,-77.35,-1543832,4,"Nassau, New Providence, Bahamas, The",BF,BF23,25.0833,-77.35,-1543832,4,"Nassau, New Providence, Bahamas, The",BF,BF23,25.0833,-77.35,-1543832,20160512,http://www.smn-news.com/st-maarten-st-martin-news/22207-mid-isle-receives-seven-awards-including-governor-s-gold-excellence.html
539450745,20160512,201605,2016,2016.3616,BUS,COMPANY,,,,,,BUS,,,,,,,,,,,,,1,045,045,04,1,5.0,10,1,10,3.36448598130841,4,"Halls Creek, Western Australia, Australia",AS,AS08,-18.2248,127.666,-1577313,0,,,,,,,4,"Halls Creek, Western Australia, Australia",AS,AS08,-18.2248,127.666,-1577313,20160512,http://www.proactiveinvestors.com.au/companies/news/68570/pantoro-ltd-to-expand-low-cost-gold-production-at-nicolsons-68570.html
539461696,20160512,201605,2016,2016.3616,,,,,,,,,,,DNK,DENMARK,DNK,,,,,,,,1,036,036,03,1,4.0,16,3,16,3.11773796739791,0,,,,,,,4,"Copenhagen, Køavn*, Denmark",DA,DA05,55.6667,12.5833,-2745636,4,"Copenhagen, Køavn*, Denmark",DA,DA05,55.6667,12.5833,-2745636,20160512,http://www.architecturaldigest.com/story/mvrdv-cobe-complete-gold-studded-rock-roll-museum-denmark
539461987,20160512,201605,2016,2016.3616,AUSGOV,AUSTRALIA,AUS,,,,,GOV,,,,,,,,,,,,,1,010,010,01,1,0.0,14,5,14,-0.631368264716399,4,"Sydney, New South Wales, Australia",AS,AS02,-33.8833,151.217,-1603135,0,,,,,,,4,"Sydney, New South Wales, Australia",AS,AS02,-33.8833,151.217,-1603135,20160512,http://www.agriculture.com/content/update-1-thai-gold-mine-to-run-until-government-orders-shutdown-kingsgate
539462031,20160512,201605,2016,2016.3616,BUS,COMPANY,,,,,,BUS,,,,,,,,,,,,,1,010,010,01,1,0.0,5,3,5,-0.409638125548606,4,"Sydney, New South Wales, Australia",AS,AS02,-33.8833,151.217,-1603135,0,,,,,,,4,"Bangkok, Krung Thep Mahanakhon, Thailand",TH,TH40,13.75,100.517,-3250083,20160512,http://www.agriculture.com/content/update-1-thai-gold-mine-to-run-until-government-orders-shutdown-kingsgate
539462032,20160512,201605,2016,2016.3616,BUS,COMPANY,,,,,,BUS,,,,,,,,,,,,,1,010,010,01,1,0.0,34,5,34,-0.289651582833656,4,"Bangkok, Krung Thep Mahanakhon, Thailand",TH,TH40,13.75,100.517,-3250083,0,,,,,,,4,"Bangkok, Krung Thep Mahanakhon, Thailand",TH,TH40,13.75,100.517,-3250083,20160512,http://www.agriculture.com/content/update-1-thai-gold-mine-to-run-until-government-orders-shutdown-kingsgate
539462051,20160512,201605,2016,2016.3616,BUS,COMPANY,,,,,,BUS,,,,,,,,,,,,,1,080,080,08,2,5.0,70,5,70,-0.172885941794079,4,"Bangkok, Krung Thep Mahanakhon, Thailand",TH,TH40,13.75,100.517,-3250083,0,,,,,,,4,"Bangkok, Krung Thep Mahanakhon, Thailand",TH,TH40,13.75,100.517,-3250083,20160512,http://www.agriculture.com/content/update-1-thai-gold-mine-to-run-until-government-orders-shutdown-kingsgate
539462053,20160512,201605,2016,2016.3616,BUS,INVESTOR,,,,,,BUS,,,,,,,,,,,,,1,084,084,08,2,7.0,5,1,5,3.003003003003,1,Russia,RS,RS,60,100,RS,0,,,,,,,1,Russia,RS,RS,60,100,RS,20160512,http://www.mineweb.com/articles-by-type/analysis/central-banks-still-net-buyers-gold/
539462058,20160512,201605,2016,2016.3616,BUS,COMPANY,,,,,,BUS,,,,,,,,,,,,,1,120,120,12,3,-4.0,70,5,70,-0.172885941794079,4,"Bangkok, Krung Thep Mahanakhon, Thailand",TH,TH40,13.75,100.517,-3250083,0,,,,,,,4,"Bangkok, Krung Thep Mahanakhon, Thailand",TH,TH40,13.75,100.517,-3250083,20160512,http://www.agriculture.com/content/update-1-thai-gold-mine-to-run-until-government-orders-shutdown-kingsgate
539462097,20160512,201605,2016,2016.3616,BUS,COMPANY,,,,,,BUS,,,MED,SPOKESMAN,,,,,,MED,,,1,010,010,01,1,0.0,5,3,5,-0.409638125548606,4,"Sydney, New South Wales, Australia",AS,AS02,-33.8833,151.217,-1603135,4,"Bangkok, Krung Thep Mahanakhon, Thailand",TH,TH40,13.75,100.517,-3250083,4,"Bangkok, Krung Thep Mahanakhon, Thailand",TH,TH40,13.75,100.517,-3250083,20160512,http://www.agriculture.com/content/update-1-thai-gold-mine-to-run-until-government-orders-shutdown-kingsgate
539462098,20160512,201605,2016,2016.3616,BUS,COMPANY,,,,,,BUS,,,MED,SPOKESMAN,,,,,,MED,,,1,010,010,01,1,0.0,34,5,34,-0.289651582833656,4,"Bangkok, Krung Thep Mahanakhon, Thailand",TH,TH40,13.75,100.517,-3250083,4,"Bangkok, Krung Thep Mahanakhon, Thailand",TH,TH40,13.75,100.517,-3250083,4,"Bangkok, Krung Thep Mahanakhon, Thailand",TH,TH40,13.75,100.517,-3250083,20160512,http://www.agriculture.com/content/update-1-thai-gold-mine-to-run-until-government-orders-shutdown-kingsgate
539462384,20160512,201605,2016,2016.3616,CVL,VILLAGER,,,,,,CVL,,,AGR,FARMER,,,,,,AGR,,,1,110,110,11,3,-2.0,20,2,20,-0.984728596296885,4,"Sydney, New South Wales, Australia",AS,AS02,-33.8833,151.217,-1603135,4,"Sydney, New South Wales, Australia",AS,AS02,-33.8833,151.217,-1603135,4,"Sydney, New South Wales, Australia",AS,AS02,-33.8833,151.217,-1603135,20160512,http://www.agriculture.com/content/update-1-thai-gold-mine-to-run-until-government-orders-shutdown-kingsgate
539462438,20160512,201605,2016,2016.3616,DNK,DENMARK,DNK,,,,,,,,,,,,,,,,,,1,036,036,03,1,4.0,4,1,4,3.64145658263305,4,"Roskilde, Sjæand, Denmark",DA,DA20,55.6401,12.0805,-2749584,0,,,,,,,4,"Roskilde, Sjæand, Denmark",DA,DA20,55.6401,12.0805,-2749584,20160512,http://www.architecturaldigest.com/story/mvrdv-cobe-complete-gold-studded-rock-roll-museum-denmark
539462620,20160512,201605,2016,2016.3616,GOV,PRIME MINISTER,,,,,,GOV,,,,,,,,,,,,,1,010,010,01,1,0.0,156,24,156,-1.17562958746254,4,"Sydney, New South Wales, Australia",AS,AS02,-33.8833,151.217,-1603135,0,,,,,,,4,"Sydney, New South Wales, Australia",AS,AS02,-33.8833,151.217,-1603135,20160512,http://www.agriculture.com/content/update-1-thai-gold-mine-to-run-until-government-orders-shutdown-kingsgate
539462670,20160512,201605,2016,2016.3616,GOV,GOVERNMENT,,,,,,GOV,,,,,,,,,,,,,1,090,090,09,2,-2.0,35,5,35,-0.172885941794079,4,"Bangkok, Krung Thep Mahanakhon, Thailand",TH,TH40,13.75,100.517,-3250083,0,,,,,,,4,"Bangkok, Krung Thep Mahanakhon, Thailand",TH,TH40,13.75,100.517,-3250083,20160512,http://www.agriculture.com/content/update-1-thai-gold-mine-to-run-until-government-orders-shutdown-kingsgate
539462680,20160512,201605,2016,2016.3616,GOV,PRIME MINISTER,,,,,,GOV,,,AUS,AUSTRALIA,AUS,,,,,,,,1,010,010,01,1,0.0,22,6,22,-1.12764756494347,4,"Sydney, New South Wales, Australia",AS,AS02,-33.8833,151.217,-1603135,4,"Sydney, New South Wales, Australia",AS,AS02,-33.8833,151.217,-1603135,4,"Sydney, New South Wales, Australia",AS,AS02,-33.8833,151.217,-1603135,20160512,http://www.agriculture.com/content/update-1-thai-gold-mine-to-run-until-government-orders-shutdown-kingsgate
539462791,20160512,201605,2016,2016.3616,GOVBUS,CENTRAL BANK,,,,,,GOV,BUS,,,,,,,,,,,,1,084,084,08,2,7.0,5,1,5,3.003003003003,1,Russia,RS,RS,60,100,RS,0,,,,,,,1,Russia,RS,RS,60,100,RS,20160512,http://www.mineweb.com/articles-by-type/analysis/central-banks-still-net-buyers-gold/
539462800,20160512,201605,2016,2016.3616,GOVMIL,MILITARY GOVERNMENT,,,,,,GOV,MIL,,,,,,,,,,,,1,013,013,01,1,0.4,80,5,80,-0.289651582833656,4,"Bangkok, Krung Thep Mahanakhon, Thailand",TH,TH40,13.75,100.517,-3250083,0,,,,,,,4,"Bangkok, Krung Thep Mahanakhon, Thailand",TH,TH40,13.75,100.517,-3250083,20160512,http://www.agriculture.com/content/update-1-thai-gold-mine-to-run-until-government-orders-shutdown-kingsgate
539464976,20160505,201605,2016,2016.3425,GHAGOV,GHANA,GHA,,,,,GOV,,,GOV,GOVERNMENT,,,,,,GOV,,,1,042,042,04,1,1.9,2,1,2,2.04081632653061,4,"Broadbeach, Queensland, Australia",AS,AS04,-28.0167,153.433,-1561762,4,"Broadbeach, Queensland, Australia",AS,AS04,-28.0167,153.433,-1561762,4,"Broadbeach, Queensland, Australia",AS,AS04,-28.0167,153.433,-1561762,20160512,http://www.adelaidenow.com.au/messenger/west-beaches/port-adelaide-enfield-councillors-spend-25k-for-gold-coast-local-government-conference/news-story/c55efa13e28894fe942647ea533ac916?nk=c3f42104345da8aca37471dce8a41d32-1463020425
539464977,20160505,201605,2016,2016.3425,GOV,GOVERNMENT,,,,,,GOV,,,GHAGOV,GHANA,GHA,,,,,GOV,,,1,043,043,04,1,2.8,2,1,2,2.04081632653061,1,Ghana,GH,GH,8,-2,GH,1,Ghana,GH,GH,8,-2,GH,1,Ghana,GH,GH,8,-2,GH,20160512,http://www.adelaidenow.com.au/messenger/west-beaches/port-adelaide-enfield-councillors-spend-25k-for-gold-coast-local-government-conference/news-story/c55efa13e28894fe942647ea533ac916?nk=c3f42104345da8aca37471dce8a41d32-1463020425
539464978,20160505,201605,2016,2016.3425,GOV,CHIEF EXECUTIVE,,,,,,GOV,,,LEG,CONGRESS,,,,,,LEG,,,1,042,042,04,1,1.9,8,1,8,2.04081632653061,4,"Broadbeach, Queensland, Australia",AS,AS04,-28.0167,153.433,-1561762,4,"Broadbeach, Queensland, Australia",AS,AS04,-28.0167,153.433,-1561762,4,"Broadbeach, Queensland, Australia",AS,AS04,-28.0167,153.433,-1561762,20160512,http://www.adelaidenow.com.au/messenger/west-beaches/port-adelaide-enfield-councillors-spend-25k-for-gold-coast-local-government-conference/news-story/c55efa13e28894fe942647ea533ac916?nk=c3f42104345da8aca37471dce8a41d32-1463020425
539464979,20160505,201605,2016,2016.3425,LEG,CONGRESS,,,,,,LEG,,,GOV,CHIEF EXECUTIVE,,,,,,GOV,,,1,043,043,04,1,2.8,8,1,8,2.04081632653061,1,Ghana,GH,GH,8,-2,GH,1,Ghana,GH,GH,8,-2,GH,1,Ghana,GH,GH,8,-2,GH,20160512,http://www.adelaidenow.com.au/messenger/west-beaches/port-adelaide-enfield-councillors-spend-25k-for-gold-coast-local-government-conference/news-story/c55efa13e28894fe942647ea533ac916?nk=c3f42104345da8aca37471dce8a41d32-1463020425
539465096,20160512,201605,2016,2016.3616,,,,,,,,,,,GHA,GHANA,GHA,,,,,,,,1,042,042,04,1,1.9,27,7,27,1.20316474620031,0,,,,,,,1,Ghana,GH,GH,8,-2,GH,1,Ghana,GH,GH,8,-2,GH,20160512,http://www.adelaidenow.com.au/messenger/west-beaches/port-adelaide-enfield-councillors-spend-25k-for-gold-coast-local-government-conference/news-story/c55efa13e28894fe942647ea533ac916?nk=c3f42104345da8aca37471dce8a41d32-1463020425
539465315,20160512,201605,2016,2016.3616,AUS,AUSTRALIA,AUS,,,,,,,,LEG,CONGRESS,,,,,,LEG,,,0,042,042,04,1,1.9,2,1,2,2.04081632653061,4,"Broadbeach, Queensland, Australia",AS,AS04,-28.0167,153.433,-1561762,4,"Broadbeach, Queensland, Australia",AS,AS04,-28.0167,153.433,-1561762,4,"Broadbeach, Queensland, Australia",AS,AS04,-28.0167,153.433,-1561762,20160512,http://www.adelaidenow.com.au/messenger/west-beaches/port-adelaide-enfield-councillors-spend-25k-for-gold-coast-local-government-conference/news-story/c55efa13e28894fe942647ea533ac916?nk=c3f42104345da8aca37471dce8a41d32-1463020425
539465958,20160512,201605,2016,2016.3616,GHA,GHANA,GHA,,,,,,,,,,,,,,,,,,1,043,043,04,1,2.8,47,7,47,0.930534150989066,1,Ghana,GH,GH,8,-2,GH,0,,,,,,,1,Ghana,GH,GH,8,-2,GH,20160512,http://www.adelaidenow.com.au/messenger/west-beaches/port-adelaide-enfield-councillors-spend-25k-for-gold-coast-local-government-conference/news-story/c55efa13e28894fe942647ea533ac916?nk=c3f42104345da8aca37471dce8a41d32-1463020425
539466431,20160512,201605,2016,2016.3616,LEG,CONGRESS,,,,,,LEG,,,AUS,AUSTRALIA,AUS,,,,,,,,0,043,043,04,1,2.8,2,1,2,2.04081632653061,4,"Broadbeach, Queensland, Australia",AS,AS04,-28.0167,153.433,-1561762,4,"Broadbeach, Queensland, Australia",AS,AS04,-28.0167,153.433,-1561762,4,"Broadbeach, Queensland, Australia",AS,AS04,-28.0167,153.433,-1561762,20160512,http://www.adelaidenow.com.au/messenger/west-beaches/port-adelaide-enfield-councillors-spend-25k-for-gold-coast-local-government-conference/news-story/c55efa13e28894fe942647ea533ac916?nk=c3f42104345da8aca37471dce8a41d32-1463020425
539466992,20160512,201605,2016,2016.3616,USA,UNITED STATES,USA,,,,,,,,,,,,,,,,,,1,036,036,03,1,4.0,16,1,16,2.06719726510336,3,"Waikoloa Beach, Hawaii, United States",US,USHI,20.7647,-155.989,1924920,0,,,,,,,3,"Waikoloa Beach, Hawaii, United States",US,USHI,20.7647,-155.989,1924920,20160512,http://www.realgeni.com/detail/timeshares-for-sale/2BR-7000-Hilton-Points-HAWAII-Platinum-GOLD-CROWN_381632407429.html
539466996,20160512,201605,2016,2016.3616,USA,HAWAII,USA,,,,,,,,,,,,,,,,,,1,036,036,03,1,4.0,2,1,2,2.0618556701031,2,"Hawaii, United States",US,USHI,21.1098,-157.531,HI,0,,,,,,,3,"Waikoloa Beach, Hawaii, United States",US,USHI,20.7647,-155.989,1924920,20160512,http://www.realgeni.com/detail/timeshares-for-sale/2BR-7000-Hilton-Points-HAWAII-Platinum-GOLD-CROWN_381632407429.html
539469081,20160512,201605,2016,2016.3616,GOV,PRESIDENT,,,,,,GOV,,,,,,,,,,,,,1,138,138,13,3,-7.0,45,5,45,-4.7701590961549,0,,,,,,,0,,,,,,,0,,,,,,,20160512,http://ringtv.craveonline.com/news/421901-both-golden-boy-and-loeffler-vow-not-to-negotiate-through-the-media
539471247,20160512,201605,2016,2016.3616,,,,,,,,,,,AUS,AUSTRALIA,AUS,,,,,,,,0,051,051,05,1,3.4,2,1,2,0.97020097020097,0,,,,,,,4,"Mudgeeraba, Queensland, Australia",AS,AS04,-28.0833,153.367,-1589685,4,"Mudgeeraba, Queensland, Australia",AS,AS04,-28.0833,153.367,-1589685,20160512,http://www.goldcoastbulletin.com.au/news/council/how-the-gold-coast-council-poll-played-out-behind-the-public-stage-in-each-division/news-story/ca6e61badfe6e5a81d6a9b29fa82364a?nk=3b1cd0c5381a63be7dd3ef39af870a92-1463022167
539471248,20160512,201605,2016,2016.3616,,,,,,,,,,,AUS,AUSTRALIA,AUS,,,,,,,,0,051,051,05,1,3.4,4,1,4,0.97020097020097,0,,,,,,,4,"Surfers Paradise, Queensland, Australia",AS,AS04,-28,153.433,-1602940,4,"Surfers Paradise, Queensland, Australia",AS,AS04,-28,153.433,-1602940,20160512,http://www.goldcoastbulletin.com.au/news/council/how-the-gold-coast-council-poll-played-out-behind-the-public-stage-in-each-division/news-story/ca6e61badfe6e5a81d6a9b29fa82364a?nk=3b1cd0c5381a63be7dd3ef39af870a92-1463022167
539471249,20160512,201605,2016,2016.3616,,,,,,,,,,,AUS,AUSTRALIA,AUS,,,,,,,,1,051,051,05,1,3.4,4,1,4,0.97020097020097,0,,,,,,,4,"Currumbin Creek, Queensland, Australia",AS,AS04,-28.1333,153.483,259165,4,"Currumbin Creek, Queensland, Australia",AS,AS04,-28.1333,153.483,259165,20160512,http://www.goldcoastbulletin.com.au/news/council/how-the-gold-coast-council-poll-played-out-behind-the-public-stage-in-each-division/news-story/ca6e61badfe6e5a81d6a9b29fa82364a?nk=3b1cd0c5381a63be7dd3ef39af870a92-1463022167
539471250,20160512,201605,2016,2016.3616,,,,,,,,,,,AUS,AUSTRALIA,AUS,,,,,,,,1,112,112,11,3,-2.0,40,1,20,-2.48287671232877,0,,,,,,,4,"Brisbane, Queensland, Australia",AS,AS04,-27.5,153.017,-1561728,4,"Brisbane, Queensland, Australia",AS,AS04,-27.5,153.017,-1561728,20160512,http://www.goldcoastbulletin.com.au/news/gold-coast/australia-post-accused-of-almost-ruining-wedding-day-after-marriage-documents-went-missing/news-story/86917286b0b79b2e2f98f083ebf6b43a?nk=7bdaea35a8aa91af297223e569e7d677-1463022174
539471252,20160512,201605,2016,2016.3616,,,,,,,,,,,AUSCVL,AUSTRALIA,AUS,,,,,CVL,,,0,051,051,05,1,3.4,8,1,8,0.97020097020097,0,,,,,,,4,"Surfers Paradise, Queensland, Australia",AS,AS04,-28,153.433,-1602940,4,"Surfers Paradise, Queensland, Australia",AS,AS04,-28,153.433,-1602940,20160512,http://www.goldcoastbulletin.com.au/news/council/how-the-gold-coast-council-poll-played-out-behind-the-public-stage-in-each-division/news-story/ca6e61badfe6e5a81d6a9b29fa82364a?nk=3b1cd0c5381a63be7dd3ef39af870a92-1463022167
539471262,20160512,201605,2016,2016.3616,,,,,,,,,,,BUS,EMPLOYER,,,,,,BUS,,,0,110,110,11,3,-2.0,10,1,10,0,0,,,,,,,1,Ghana,GH,GH,8,-2,GH,1,Ghana,GH,GH,8,-2,GH,20160512,http://www.goldcoastbulletin.com.au/news/opinion/pollies-we-elect-you-on-a-needtoknow-basis/news-story/12ec9f2ad22f380000cc84e587fe1354?nk=ce7474135c791b881eee20a15b1331e7-1463022176
539471282,20160512,201605,2016,2016.3616,,,,,,,,,,,CVL,RESIDENTS,,,,,,CVL,,,0,051,051,05,1,3.4,4,1,4,0.97020097020097,0,,,,,,,4,"Surfers Paradise, Queensland, Australia",AS,AS04,-28,153.433,-1602940,4,"Surfers Paradise, Queensland, Australia",AS,AS04,-28,153.433,-1602940,20160512,http://www.goldcoastbulletin.com.au/news/council/how-the-gold-coast-council-poll-played-out-behind-the-public-stage-in-each-division/news-story/ca6e61badfe6e5a81d6a9b29fa82364a?nk=3b1cd0c5381a63be7dd3ef39af870a92-1463022167
539471402,20160512,201605,2016,2016.3616,,,,,,,,,,,USA,UNITED STATES,USA,,,,,,,,1,042,042,04,1,1.9,236,27,222,-2.08591065144542,0,,,,,,,2,"Nevada, United States",US,USNV,38.4199,-117.122,NV,2,"Nevada, United States",US,USNV,38.4199,-117.122,NV,20160512,http://finance.yahoo.com/news/entree-gold-announces-first-quarter-234138285.html
539471469,20160512,201605,2016,2016.3616,AFR,AFRICA,AFR,,,,,,,,USAGOV,OBAMA,USA,,,,,GOV,,,0,051,051,05,1,3.4,24,3,24,0.525954658603602,3,"Central Valley, New York, United States",US,USNY,41.3318,-74.121,946324,3,"Central Valley, New York, United States",US,USNY,41.3318,-74.121,946324,3,"Central Valley, New York, United States",US,USNY,41.3318,-74.121,946324,20160512,http://www.msnbc.com/msnbc/bernie-sanders-hobbled-heading-golden-state
539471470,20160512,201605,2016,2016.3616,AFR,AFRICA,AFR,,,,,,,,USAGOV,OBAMA,USA,,,,,GOV,,,0,051,051,05,1,3.4,16,3,16,0.525954658603602,2,"California, United States",US,USCA,36.17,-119.746,CA,2,"California, United States",US,USCA,36.17,-119.746,CA,2,"California, United States",US,USCA,36.17,-119.746,CA,20160512,http://www.msnbc.com/msnbc/bernie-sanders-hobbled-heading-golden-state
539471483,20160512,201605,2016,2016.3616,AUS,AUSTRALIA,AUS,,,,,,,,,,,,,,,,,,0,071,071,07,2,7.4,8,1,8,0.97020097020097,4,"Surfers Paradise, Queensland, Australia",AS,AS04,-28,153.433,-1602940,0,,,,,,,4,"Surfers Paradise, Queensland, Australia",AS,AS04,-28,153.433,-1602940,20160512,http://www.goldcoastbulletin.com.au/news/council/how-the-gold-coast-council-poll-played-out-behind-the-public-stage-in-each-division/news-story/ca6e61badfe6e5a81d6a9b29fa82364a?nk=3b1cd0c5381a63be7dd3ef39af870a92-1463022167
539471484,20160512,201605,2016,2016.3616,AUS,AUSTRALIA,AUS,,,,,,,,,,,,,,,,,,0,071,071,07,2,7.4,2,1,2,0.97020097020097,4,"Sydney, New South Wales, Australia",AS,AS02,-33.8833,151.217,-1603135,0,,,,,,,4,"Brisbane, Queensland, Australia",AS,AS04,-27.5,153.017,-1561728,20160512,http://www.goldcoastbulletin.com.au/news/council/how-the-gold-coast-council-poll-played-out-behind-the-public-stage-in-each-division/news-story/ca6e61badfe6e5a81d6a9b29fa82364a?nk=3b1cd0c5381a63be7dd3ef39af870a92-1463022167
539471485,20160512,201605,2016,2016.3616,AUS,AUSTRALIA,AUS,,,,,,,,,,,,,,,,,,0,071,071,07,2,7.4,8,1,8,0.97020097020097,4,"Currumbin Creek, Queensland, Australia",AS,AS04,-28.1333,153.483,259165,0,,,,,,,4,"Currumbin Creek, Queensland, Australia",AS,AS04,-28.1333,153.483,259165,20160512,http://www.goldcoastbulletin.com.au/news/council/how-the-gold-coast-council-poll-played-out-behind-the-public-stage-in-each-division/news-story/ca6e61badfe6e5a81d6a9b29fa82364a?nk=3b1cd0c5381a63be7dd3ef39af870a92-1463022167
539471487,20160512,201605,2016,2016.3616,AUS,AUSTRALIA,AUS,,,,,,,,,,,,,,,,,,0,110,110,11,3,-2.0,10,1,10,0.97020097020097,4,"Mudgeeraba, Queensland, Australia",AS,AS04,-28.0833,153.367,-1589685,0,,,,,,,4,"Mudgeeraba, Queensland, Australia",AS,AS04,-28.0833,153.367,-1589685,20160512,http://www.goldcoastbulletin.com.au/news/council/how-the-gold-coast-council-poll-played-out-behind-the-public-stage-in-each-division/news-story/ca6e61badfe6e5a81d6a9b29fa82364a?nk=3b1cd0c5381a63be7dd3ef39af870a92-1463022167
539471490,20160512,201605,2016,2016.3616,AUS,AUSTRALIA,AUS,,,,,,,,AUSCVL,AUSTRALIA,AUS,,,,,CVL,,,0,051,051,05,1,3.4,2,1,2,0.97020097020097,4,"Brisbane, Queensland, Australia",AS,AS04,-27.5,153.017,-1561728,4,"Surfers Paradise, Queensland, Australia",AS,AS04,-28,153.433,-1602940,4,"Surfers Paradise, Queensland, Australia",AS,AS04,-28,153.433,-1602940,20160512,http://www.goldcoastbulletin.com.au/news/council/how-the-gold-coast-council-poll-played-out-behind-the-public-stage-in-each-division/news-story/ca6e61badfe6e5a81d6a9b29fa82364a?nk=3b1cd0c5381a63be7dd3ef39af870a92-1463022167
539471525,20160512,201605,2016,2016.3616,AUSELI,AUSTRALIA,AUS,,,,,ELI,,,AUSCVL,AUSTRALIA,AUS,,,,,CVL,,,0,051,051,05,1,3.4,2,1,2,0.97020097020097,4,"Brisbane, Queensland, Australia",AS,AS04,-27.5,153.017,-1561728,4,"Brisbane, Queensland, Australia",AS,AS04,-27.5,153.017,-1561728,4,"Brisbane, Queensland, Australia",AS,AS04,-27.5,153.017,-1561728,20160512,http://www.goldcoastbulletin.com.au/news/council/how-the-gold-coast-council-poll-played-out-behind-the-public-stage-in-each-division/news-story/ca6e61badfe6e5a81d6a9b29fa82364a?nk=3b1cd0c5381a63be7dd3ef39af870a92-1463022167
539471619,20160512,201605,2016,2016.3616,CAN,CANADA,CAN,,,,,,,,MNG,MONGOLIA,MNG,,,,,,,,0,042,042,04,1,1.9,10,1,10,0.68699012451696,4,"Vancouver, British Columbia, Canada",CA,CA02,49.25,-123.133,-575268,4,"Vancouver, British Columbia, Canada",CA,CA02,49.25,-123.133,-575268,4,"Vancouver, British Columbia, Canada",CA,CA02,49.25,-123.133,-575268,20160512,http://finance.yahoo.com/news/entree-gold-announces-first-quarter-234138285.html
539471782,20160512,201605,2016,2016.3616,CVL,COMMUNITY,,,,,,CVL,,,,,,,,,,,,,0,071,071,07,2,7.4,20,1,20,0,1,Ghana,GH,GH,8,-2,GH,0,,,,,,,1,Ghana,GH,GH,8,-2,GH,20160512,http://www.goldcoastbulletin.com.au/news/opinion/pollies-we-elect-you-on-a-needtoknow-basis/news-story/12ec9f2ad22f380000cc84e587fe1354?nk=ce7474135c791b881eee20a15b1331e7-1463022176
539471784,20160512,201605,2016,2016.3616,CVL,COMMUNITY,,,,,,CVL,,,,,,,,,,,,,0,110,110,11,3,-2.0,20,1,20,0,1,Ghana,GH,GH,8,-2,GH,0,,,,,,,1,Ghana,GH,GH,8,-2,GH,20160512,http://www.goldcoastbulletin.com.au/news/opinion/pollies-we-elect-you-on-a-needtoknow-basis/news-story/12ec9f2ad22f380000cc84e587fe1354?nk=ce7474135c791b881eee20a15b1331e7-1463022176
539471897,20160512,201605,2016,2016.3616,EDU,UNIVERSITY,,,,,,EDU,,,PTY,POLITICAL PARTIES,,,,,,,,,0,100,100,10,3,-5.0,4,1,4,0.97020097020097,4,"Brisbane, Queensland, Australia",AS,AS04,-27.5,153.017,-1561728,4,"Brisbane, Queensland, Australia",AS,AS04,-27.5,153.017,-1561728,4,"Brisbane, Queensland, Australia",AS,AS04,-27.5,153.017,-1561728,20160512,http://www.goldcoastbulletin.com.au/news/council/how-the-gold-coast-council-poll-played-out-behind-the-public-stage-in-each-division/news-story/ca6e61badfe6e5a81d6a9b29fa82364a?nk=3b1cd0c5381a63be7dd3ef39af870a92-1463022167
539471898,20160512,201605,2016,2016.3616,EDU,UNIVERSITY,,,,,,EDU,,,PTY,POLITICAL PARTIES,,,,,,,,,0,100,100,10,3,-5.0,16,1,16,0.97020097020097,4,"Currumbin Creek, Queensland, Australia",AS,AS04,-28.1333,153.483,259165,4,"Currumbin Creek, Queensland, Australia",AS,AS04,-28.1333,153.483,259165,4,"Currumbin Creek, Queensland, Australia",AS,AS04,-28.1333,153.483,259165,20160512,http://www.goldcoastbulletin.com.au/news/council/how-the-gold-coast-council-poll-played-out-behind-the-public-stage-in-each-division/news-story/ca6e61badfe6e5a81d6a9b29fa82364a?nk=3b1cd0c5381a63be7dd3ef39af870a92-1463022167
539472030,20160512,201605,2016,2016.3616,GOV,MAYOR,,,,,,GOV,,,,,,,,,,,,,0,084,084,08,2,7.0,12,1,12,0.97020097020097,4,"Southport, Queensland, Australia",AS,AS04,-27.9667,153.4,-1601419,0,,,,,,,4,"Southport, Queensland, Australia",AS,AS04,-27.9667,153.4,-1601419,20160512,http://www.goldcoastbulletin.com.au/news/council/how-the-gold-coast-council-poll-played-out-behind-the-public-stage-in-each-division/news-story/ca6e61badfe6e5a81d6a9b29fa82364a?nk=3b1cd0c5381a63be7dd3ef39af870a92-1463022167
539472031,20160512,201605,2016,2016.3616,GOV,MAYOR,,,,,,GOV,,,,,,,,,,,,,0,084,084,08,2,7.0,8,1,8,0.97020097020097,4,"Sydney, New South Wales, Australia",AS,AS02,-33.8833,151.217,-1603135,0,,,,,,,4,"Sydney, New South Wales, Australia",AS,AS02,-33.8833,151.217,-1603135,20160512,http://www.goldcoastbulletin.com.au/news/council/how-the-gold-coast-council-poll-played-out-behind-the-public-stage-in-each-division/news-story/ca6e61badfe6e5a81d6a9b29fa82364a?nk=3b1cd0c5381a63be7dd3ef39af870a92-1463022167
539472376,20160512,201605,2016,2016.3616,LEG,DELEGATE,,,,,,LEG,,,USA,CALIFORNIA,USA,,,,,,,,1,043,043,04,1,2.8,31,3,31,0.525954658603602,2,"California, United States",US,USCA,36.17,-119.746,CA,2,"California, United States",US,USCA,36.17,-119.746,CA,2,"California, United States",US,USCA,36.17,-119.746,CA,20160512,http://www.msnbc.com/msnbc/bernie-sanders-hobbled-heading-golden-state
539472474,20160512,201605,2016,2016.3616,MNG,MONGOLIA,MNG,,,,,,,,,,,,,,,,,,0,020,020,02,1,3.0,2,1,2,0.68699012451696,1,Mongolia,MG,MG,46,105,MG,0,,,,,,,1,Mongolia,MG,MG,46,105,MG,20160512,http://finance.yahoo.com/news/entree-gold-announces-first-quarter-234138285.html
539472475,20160512,201605,2016,2016.3616,MNG,MONGOLIA,MNG,,,,,,,,CAN,CANADA,CAN,,,,,,,,0,043,043,04,1,2.8,6,1,6,0.68699012451696,1,Mongolia,MG,MG,46,105,MG,4,"Vancouver, British Columbia, Canada",CA,CA02,49.25,-123.133,-575268,1,Mongolia,MG,MG,46,105,MG,20160512,http://finance.yahoo.com/news/entree-gold-announces-first-quarter-234138285.html
539472476,20160512,201605,2016,2016.3616,MNG,MONGOLIA,MNG,,,,,,,,CAN,CANADA,CAN,,,,,,,,0,043,043,04,1,2.8,4,1,4,0.68699012451696,1,Mongolia,MG,MG,46,105,MG,1,Mongolia,MG,MG,46,105,MG,1,Mongolia,MG,MG,46,105,MG,20160512,http://finance.yahoo.com/news/entree-gold-announces-first-quarter-234138285.html
539472764,20160512,201605,2016,2016.3616,USA,CALIFORNIA,USA,,,,,,,,,,,,,,,,,,1,010,010,01,1,0.0,4,3,4,0.525954658603602,2,"California, United States",US,USCA,36.17,-119.746,CA,0,,,,,,,3,"Los Angeles, California, United States",US,USCA,34.0522,-118.244,1662328,20160512,http://www.msnbc.com/msnbc/bernie-sanders-hobbled-heading-golden-state
539472820,20160512,201605,2016,2016.3616,USA,UNITED STATES,USA,,,,,,,,,,,,,,,,,,1,043,043,04,1,2.8,104,14,100,-1.04180145256849,2,"Nevada, United States",US,USNV,38.4199,-117.122,NV,0,,,,,,,2,"Nevada, United States",US,USNV,38.4199,-117.122,NV,20160512,http://finance.yahoo.com/news/entree-gold-announces-first-quarter-234138285.html
539473003,20160512,201605,2016,2016.3616,USA,CALIFORNIA,USA,,,,,,,,LEG,DELEGATE,,,,,,LEG,,,1,042,042,04,1,1.9,8,3,8,0.525954658603602,2,"California, United States",US,USCA,36.17,-119.746,CA,3,"Central Valley, New York, United States",US,USNY,41.3318,-74.121,946324,3,"Central Valley, New York, United States",US,USNY,41.3318,-74.121,946324,20160512,http://www.msnbc.com/msnbc/bernie-sanders-hobbled-heading-golden-state
539473004,20160512,201605,2016,2016.3616,USA,CALIFORNIA,USA,,,,,,,,LEG,DELEGATE,,,,,,LEG,,,1,042,042,04,1,1.9,19,3,19,0.525954658603602,2,"California, United States",US,USCA,36.17,-119.746,CA,2,"California, United States",US,USCA,36.17,-119.746,CA,2,"California, United States",US,USCA,36.17,-119.746,CA,20160512,http://www.msnbc.com/msnbc/bernie-sanders-hobbled-heading-golden-state
539474308,20160512,201605,2016,2016.3616,,,,,,,,,,,AUS,AUSTRALIA,AUS,,,,,,,,0,050,050,05,1,3.5,4,2,4,-4.65379467800346,0,,,,,,,1,Australia,AS,AS,-27,133,AS,1,Australia,AS,AS,-27,133,AS,20160512,http://www.goldcoastbulletin.com.au/news/breaking-news/police-feared-monis-had-help-in-lindt-cafe/news-story/d5fad450ddc7b4ff9bd1d0be32281d40
539474312,20160512,201605,2016,2016.3616,,,,,,,,,,,AUSJUD,AUSTRALIA,AUS,,,,,JUD,,,1,190,190,19,4,-10.0,24,11,24,-6.13466631863415,0,,,,,,,1,Australia,AS,AS,-27,133,AS,1,Australia,AS,AS,-27,133,AS,20160512,http://www.goldcoastbulletin.com.au/news/breaking-news/police-feared-monis-had-help-in-lindt-cafe/news-story/d5fad450ddc7b4ff9bd1d0be32281d40
539474551,20160512,201605,2016,2016.3616,AUS,AUSTRALIA,AUS,,,,,,,,,,,,,,,,,,1,050,050,05,1,3.5,42,7,42,-3.1041215734428,1,Australia,AS,AS,-27,133,AS,0,,,,,,,1,Australia,AS,AS,-27,133,AS,20160512,http://www.goldcoastbulletin.com.au/news/breaking-news/police-feared-monis-had-help-in-lindt-cafe/news-story/d5fad450ddc7b4ff9bd1d0be32281d40
539474560,20160512,201605,2016,2016.3616,AUS,AUSTRALIA,AUS,,,,,,,,,,,,,,,,,,1,193,193,19,4,-10.0,171,24,111,-3.0067456092425,1,Australia,AS,AS,-27,133,AS,0,,,,,,,1,Australia,AS,AS,-27,133,AS,20160512,http://www.goldcoastbulletin.com.au/news/breaking-news/police-feared-monis-had-help-in-lindt-cafe/news-story/d5fad450ddc7b4ff9bd1d0be32281d40
539474561,20160512,201605,2016,2016.3616,AUS,AUSTRALIA,AUS,,,,,,,,AUSCOP,SOUTH AUSTRALIA,AUS,,,,,COP,,,1,043,043,04,1,2.8,16,4,16,-11.0689902982393,4,"Hallett Cove Primary School, South Australia, Australia",AS,AS05,-35.077,138.51,11372493,4,"Hallett Cove Primary School, South Australia, Australia",AS,AS05,-35.077,138.51,11372493,4,"Hallett Cove Primary School, South Australia, Australia",AS,AS05,-35.077,138.51,11372493,20160512,http://www.goldcoastbulletin.com.au/news/national/adelaide-school-in-lockdown-after-bomb-threat/news-story/a49e45e03037545b846328e133d107a0?nk=9119e8d50eaf1f5e9ff0f6d81497b9dc-1463023075
539474562,20160512,201605,2016,2016.3616,AUS,ADELAIDE,AUS,,,,,,,,AUSEDU,AUSTRALIA,AUS,,,,,EDU,,,1,1383,138,13,3,-7.0,12,3,6,-11.5702479338843,4,"Adelaide, South Australia, Australia",AS,AS05,-34.9333,138.6,-1555188,4,"Adelaide, South Australia, Australia",AS,AS05,-34.9333,138.6,-1555188,4,"Adelaide, South Australia, Australia",AS,AS05,-34.9333,138.6,-1555188,20160512,http://www.goldcoastbulletin.com.au/news/national/adelaide-school-in-lockdown-after-bomb-threat/news-story/a49e45e03037545b846328e133d107a0?nk=9119e8d50eaf1f5e9ff0f6d81497b9dc-1463023075
539474606,20160512,201605,2016,2016.3616,AUSCOP,SOUTH AUSTRALIA,AUS,,,,,COP,,,AUS,AUSTRALIA,AUS,,,,,,,,1,042,042,04,1,1.9,12,3,12,-11.5702479338843,4,"Hallett Cove Primary School, South Australia, Australia",AS,AS05,-35.077,138.51,11372493,4,"Hallett Cove Primary School, South Australia, Australia",AS,AS05,-35.077,138.51,11372493,4,"Hallett Cove Primary School, South Australia, Australia",AS,AS05,-35.077,138.51,11372493,20160512,http://www.goldcoastbulletin.com.au/news/national/adelaide-school-in-lockdown-after-bomb-threat/news-story/a49e45e03037545b846328e133d107a0?nk=9119e8d50eaf1f5e9ff0f6d81497b9dc-1463023075
539474607,20160512,201605,2016,2016.3616,AUSCOP,SOUTH AUSTRALIA,AUS,,,,,COP,,,EDU,SCHOOL,,,,,,EDU,,,1,042,042,04,1,1.9,12,4,12,-11.0689902982393,4,"Adelaide, South Australia, Australia",AS,AS05,-34.9333,138.6,-1555188,4,"Adelaide, South Australia, Australia",AS,AS05,-34.9333,138.6,-1555188,4,"Adelaide, South Australia, Australia",AS,AS05,-34.9333,138.6,-1555188,20160512,http://www.goldcoastbulletin.com.au/news/national/adelaide-school-in-lockdown-after-bomb-threat/news-story/a49e45e03037545b846328e133d107a0?nk=9119e8d50eaf1f5e9ff0f6d81497b9dc-1463023075
539474608,20160512,201605,2016,2016.3616,AUSCOP,SOUTH AUSTRALIA,AUS,,,,,COP,,,EDU,SCHOOL,,,,,,EDU,,,1,042,042,04,1,1.9,12,3,12,-11.5702479338843,4,"Hallett Cove Primary School, South Australia, Australia",AS,AS05,-35.077,138.51,11372493,4,"Hallett Cove Primary School, South Australia, Australia",AS,AS05,-35.077,138.51,11372493,4,"Hallett Cove Primary School, South Australia, Australia",AS,AS05,-35.077,138.51,11372493,20160512,http://www.goldcoastbulletin.com.au/news/national/adelaide-school-in-lockdown-after-bomb-threat/news-story/a49e45e03037545b846328e133d107a0?nk=9119e8d50eaf1f5e9ff0f6d81497b9dc-1463023075
539474612,20160512,201605,2016,2016.3616,AUSEDU,ADELAIDE,AUS,,,,,EDU,,,,,,,,,,,,,1,1383,138,13,3,-7.0,36,3,18,-11.5702479338843,4,"Adelaide, South Australia, Australia",AS,AS05,-34.9333,138.6,-1555188,0,,,,,,,4,"Adelaide, South Australia, Australia",AS,AS05,-34.9333,138.6,-1555188,20160512,http://www.goldcoastbulletin.com.au/news/national/adelaide-school-in-lockdown-after-bomb-threat/news-story/a49e45e03037545b846328e133d107a0?nk=9119e8d50eaf1f5e9ff0f6d81497b9dc-1463023075
539474791,20160512,201605,2016,2016.3616,COP,POLICE,,,,,,COP,,,,,,,,,,,,,1,071,071,07,2,7.4,10,1,10,-3.44827586206896,1,Ghana,GH,GH,8,-2,GH,0,,,,,,,1,Ghana,GH,GH,8,-2,GH,20160512,http://www.goldcoastbulletin.com.au/news/crime-court/on-the-beat-do-you-know-any-of-these-people/news-story/eb2cc042eb2a20cdae3826442eff48b4?nk=3fb7be8ad9412009d99371f702807c9f-1463023118
539474977,20160512,201605,2016,2016.3616,EDU,SCHOOL,,,,,,EDU,,,AUSCOP,SOUTH AUSTRALIA,AUS,,,,,COP,,,1,043,043,04,1,2.8,24,4,24,-11.0689902982393,4,"Hallett Cove Primary School, South Australia, Australia",AS,AS05,-35.077,138.51,11372493,4,"Hallett Cove Primary School, South Australia, Australia",AS,AS05,-35.077,138.51,11372493,4,"Hallett Cove Primary School, South Australia, Australia",AS,AS05,-35.077,138.51,11372493,20160512,http://www.goldcoastbulletin.com.au/news/national/adelaide-school-in-lockdown-after-bomb-threat/news-story/a49e45e03037545b846328e133d107a0?nk=9119e8d50eaf1f5e9ff0f6d81497b9dc-1463023075
539477300,20160512,201605,2016,2016.3616,,,,,,,,,,,BUS,COMPANY,,,,,,BUS,,,1,050,050,05,1,3.5,10,1,10,1.41242937853108,0,,,,,,,4,"Chucara, Ayacucho, Peru",PE,PE05,-13.5703,-74.6689,6356794,4,"Chucara, Ayacucho, Peru",PE,PE05,-13.5703,-74.6689,6356794,20160512,http://www.einnews.com/pr_news/325623330/duran-acquires-by-assignment-the-chucara-gold-silver-lead-zinc-project
539477543,20160512,201605,2016,2016.3616,BUS,COMPANY,,,,,,BUS,,,,,,,,,,,,,1,050,050,05,1,3.5,18,2,18,3.55657098380235,4,"Toronto, Ontario, Canada",CA,CA08,43.6667,-79.4167,-574890,0,,,,,,,4,"Toronto, Ontario, Canada",CA,CA08,43.6667,-79.4167,-574890,20160512,http://www.einnews.com/pr_news/325623330/duran-acquires-by-assignment-the-chucara-gold-silver-lead-zinc-project
539477544,20160512,201605,2016,2016.3616,BUS,COMPANY,,,,,,BUS,,,,,,,,,,,,,1,050,050,05,1,3.5,32,3,32,2.23278627077833,4,"Chucara, Ayacucho, Peru",PE,PE05,-13.5703,-74.6689,6356794,0,,,,,,,4,"Chucara, Ayacucho, Peru",PE,PE05,-13.5703,-74.6689,6356794,20160512,http://www.einnews.com/pr_news/325623330/duran-acquires-by-assignment-the-chucara-gold-silver-lead-zinc-project
539478471,20160512,201605,2016,2016.3616,RUS,RUSSIA,RUS,,,,,,,,USA,UNITED STATES,USA,,,,,,,,1,010,010,01,1,0.0,5,1,5,-1.25786163522013,1,Russia,RS,RS,60,100,RS,3,"Washington, District of Columbia, United States",US,USDC,38.8951,-77.0364,531871,1,Russia,RS,RS,60,100,RS,20160512,http://www.nytimes.com/2016/05/11/arts/television/the-americans-season-4-episode-9-cold-war-insecurity-meets-tvs-golden-age.html
539478472,20160512,201605,2016,2016.3616,RUS,RUSSIA,RUS,,,,,,,,USA,UNITED STATES,USA,,,,,,,,1,010,010,01,1,0.0,1,1,1,-1.25786163522013,1,Russia,RS,RS,60,100,RS,1,Russia,RS,RS,60,100,RS,1,Russia,RS,RS,60,100,RS,20160512,http://www.nytimes.com/2016/05/11/arts/television/the-americans-season-4-episode-9-cold-war-insecurity-meets-tvs-golden-age.html
539480119,20160512,201605,2016,2016.3616,AUSGOV,AUSTRALIA,AUS,,,,,GOV,,,,,,,,,,,,,1,010,010,01,1,0.0,2,1,2,-0.93457943925234,1,Australia,AS,AS,-27,133,AS,0,,,,,,,1,Australia,AS,AS,-27,133,AS,20160512,http://www.businesstimes.com.sg/energy-commodities/thai-gold-mine-to-run-until-government-orders-shutdown-kingsgate
539480142,20160512,201605,2016,2016.3616,BUS,COMPANY,,,,,,BUS,,,,,,,,,,,,,1,010,010,01,1,0.0,1,1,1,-0.93457943925234,1,Australia,AS,AS,-27,133,AS,0,,,,,,,4,"Bangkok, Krung Thep Mahanakhon, Thailand",TH,TH40,13.75,100.517,-3250083,20160512,http://www.businesstimes.com.sg/energy-commodities/thai-gold-mine-to-run-until-government-orders-shutdown-kingsgate
539480188,20160512,201605,2016,2016.3616,BUS,INVESTOR,,,,,,BUS,,,CHN,CHINA,CHN,,,,,,,,0,043,043,04,1,2.8,5,2,5,-0.384944537704483,2,"New York, United States",US,USNY,42.1497,-74.9384,NY,1,China,CH,CH,35,105,CH,1,China,CH,CH,35,105,CH,20160512,http://www.businesstimes.com.sg/banking-finance/beaten-up-hedge-fund-billionaires-reminisce-about-golden-age
539480189,20160512,201605,2016,2016.3616,BUS,INVESTOR,,,,,,BUS,,,CHN,CHINA,CHN,,,,,,,,0,043,043,04,1,2.8,5,2,5,-0.384944537704483,2,"New York, United States",US,USNY,42.1497,-74.9384,NY,1,China,CH,CH,35,105,CH,2,"New York, United States",US,USNY,42.1497,-74.9384,NY,20160512,http://www.businesstimes.com.sg/banking-finance/beaten-up-hedge-fund-billionaires-reminisce-about-golden-age
539480201,20160512,201605,2016,2016.3616,BUS,COMPANY,,,,,,BUS,,,MED,SPOKESMAN,,,,,,MED,,,1,010,010,01,1,0.0,1,1,1,-0.93457943925234,1,Australia,AS,AS,-27,133,AS,4,"Bangkok, Krung Thep Mahanakhon, Thailand",TH,TH40,13.75,100.517,-3250083,4,"Bangkok, Krung Thep Mahanakhon, Thailand",TH,TH40,13.75,100.517,-3250083,20160512,http://www.businesstimes.com.sg/energy-commodities/thai-gold-mine-to-run-until-government-orders-shutdown-kingsgate
539480216,20160512,201605,2016,2016.3616,BUS,INDUSTRY,,,,,,BUS,,,USA,THE US,USA,,,,,,,,1,111,111,11,3,-2.0,33,5,33,0.0141551385264149,2,"New York, United States",US,USNY,42.1497,-74.9384,NY,2,"New York, United States",US,USNY,42.1497,-74.9384,NY,2,"New York, United States",US,USNY,42.1497,-74.9384,NY,20160512,http://www.businesstimes.com.sg/banking-finance/beaten-up-hedge-fund-billionaires-reminisce-about-golden-age
539480251,20160512,201605,2016,2016.3616,CHN,CHINA,CHN,,,,,,,,BUS,INVESTOR,,,,,,BUS,,,0,042,042,04,1,1.9,5,2,5,-0.384944537704483,1,China,CH,CH,35,105,CH,2,"New York, United States",US,USNY,42.1497,-74.9384,NY,1,China,CH,CH,35,105,CH,20160512,http://www.businesstimes.com.sg/banking-finance/beaten-up-hedge-fund-billionaires-reminisce-about-golden-age
539480252,20160512,201605,2016,2016.3616,CHN,CHINA,CHN,,,,,,,,BUS,INVESTOR,,,,,,BUS,,,0,042,042,04,1,1.9,5,2,5,-0.384944537704483,1,China,CH,CH,35,105,CH,2,"New York, United States",US,USNY,42.1497,-74.9384,NY,2,"New York, United States",US,USNY,42.1497,-74.9384,NY,20160512,http://www.businesstimes.com.sg/banking-finance/beaten-up-hedge-fund-billionaires-reminisce-about-golden-age
539480265,20160512,201605,2016,2016.3616,CHN,CHINA,CHN,,,,,,,,GOV,SOVEREIGN,,,,,,GOV,,,1,071,071,07,2,7.4,14,4,14,-1.94059439391593,1,China,CH,CH,35,105,CH,1,China,CH,CH,35,105,CH,1,China,CH,CH,35,105,CH,20160512,http://www.businesstimes.com.sg/banking-finance/beaten-up-hedge-fund-billionaires-reminisce-about-golden-age
539480429,20160512,201605,2016,2016.3616,CVL,VILLAGER,,,,,,CVL,,,AGR,FARMER,,,,,,AGR,,,1,110,110,11,3,-2.0,10,1,10,-0.93457943925234,1,Australia,AS,AS,-27,133,AS,1,Australia,AS,AS,-27,133,AS,1,Australia,AS,AS,-27,133,AS,20160512,http://www.businesstimes.com.sg/energy-commodities/thai-gold-mine-to-run-until-government-orders-shutdown-kingsgate
539480555,20160512,201605,2016,2016.3616,EDUEDU,SCHOOL,,,,,,EDU,EDU,,,,,,,,,,,,1,017,017,01,1,0.0,10,1,10,1.38888888888889,1,United Kingdom,UK,UK,54,-2,UK,0,,,,,,,1,United Kingdom,UK,UK,54,-2,UK,20160512,http://www.berwickshirenews.co.uk/news/local-news/all-local-news/gold-poppy-brooch-for-kirsten-1-3623886
539480556,20160512,201605,2016,2016.3616,EDUEDU,SCHOOL,,,,,,EDU,EDU,,,,,,,,,,,,1,070,070,07,2,7.0,10,1,10,1.38888888888889,1,France,FR,FR,46,2,FR,0,,,,,,,1,France,FR,FR,46,2,FR,20160512,http://www.berwickshirenews.co.uk/news/local-news/all-local-news/gold-poppy-brooch-for-kirsten-1-3623886
539480679,20160512,201605,2016,2016.3616,GOV,SOVEREIGN,,,,,,GOV,,,,,,,,,,,,,1,071,071,07,2,7.4,19,3,19,0.0964996090482925,1,China,CH,CH,35,105,CH,0,,,,,,,1,China,CH,CH,35,105,CH,20160512,http://www.businesstimes.com.sg/banking-finance/beaten-up-hedge-fund-billionaires-reminisce-about-golden-age
539480694,20160512,201605,2016,2016.3616,GOV,PRIME MINISTER,,,,,,GOV,,,AUS,AUSTRALIA,AUS,,,,,,,,1,010,010,01,1,0.0,24,5,24,-1.01779058839123,1,Australia,AS,AS,-27,133,AS,1,Australia,AS,AS,-27,133,AS,1,Australia,AS,AS,-27,133,AS,20160512,http://www.businesstimes.com.sg/energy-commodities/thai-gold-mine-to-run-until-government-orders-shutdown-kingsgate
539480705,20160512,201605,2016,2016.3616,GOV,SOVEREIGN,,,,,,GOV,,,BUS,INVESTOR,,,,,,BUS,,,0,071,071,07,2,7.4,12,3,12,-0.802247152111228,1,China,CH,CH,35,105,CH,1,China,CH,CH,35,105,CH,1,China,CH,CH,35,105,CH,20160512,http://www.businesstimes.com.sg/banking-finance/beaten-up-hedge-fund-billionaires-reminisce-about-golden-age
539481369,20160512,201605,2016,2016.3616,USA,UNITED STATES,USA,,,,,,,,,,,,,,,,,,1,010,010,01,1,0.0,6,1,6,-1.52060737985992,3,"Wright-Patterson Air Force Base, Ohio, United States",US,USOH,39.8375,-84.0411,2442571,0,,,,,,,3,"Wright-Patterson Air Force Base, Ohio, United States",US,USOH,39.8375,-84.0411,2442571,20160512,http://www.ufosightingsdaily.com/2016/05/senator-barry-goldwater-admits-there-is.html
539481404,20160512,201605,2016,2016.3616,USA,UNITED STATES,USA,,,,,,,,,,,,,,,,,,1,044,044,04,1,2.5,6,2,6,-0.384944537704483,1,China,CH,CH,35,105,CH,0,,,,,,,1,China,CH,CH,35,105,CH,20160512,http://www.businesstimes.com.sg/banking-finance/beaten-up-hedge-fund-billionaires-reminisce-about-golden-age
539481459,20160512,201605,2016,2016.3616,USA,NEW YORK,USA,,,,,,,,BUS,INVESTOR,,,,,,BUS,,,1,042,042,04,1,1.9,58,16,58,-0.505024935839862,2,"New York, United States",US,USNY,42.1497,-74.9384,NY,2,"New York, United States",US,USNY,42.1497,-74.9384,NY,2,"New York, United States",US,USNY,42.1497,-74.9384,NY,20160512,http://www.businesstimes.com.sg/banking-finance/beaten-up-hedge-fund-billionaires-reminisce-about-golden-age
539481466,20160512,201605,2016,2016.3616,USA,THE US,USA,,,,,,,,BUS,INDUSTRY,,,,,,BUS,,,1,071,071,07,2,7.4,31,3,31,-1.29369400770696,1,China,CH,CH,35,105,CH,1,China,CH,CH,35,105,CH,1,China,CH,CH,35,105,CH,20160512,http://www.businesstimes.com.sg/banking-finance/beaten-up-hedge-fund-billionaires-reminisce-about-golden-age
539482690,20160412,201604,2016,2016.2795,USA,NEW YORK,USA,,,,,,,,BUS,BANK,,,,,,BUS,,,1,010,010,01,1,0.0,10,1,10,-0.806451612903226,1,Panama,PM,PM,9,-80,PM,1,Panama,PM,PM,9,-80,PM,1,Panama,PM,PM,9,-80,PM,20160512,http://www.lankabusinessonline.com/regulator-asks-goldman-three-other-banks-for-information-on-shell-companies/
539483433,20160512,201605,2016,2016.3616,GOV,REGULATOR,,,,,,GOV,,,BUS,COMPANIES,,,,,,BUS,,,1,010,010,01,1,0.0,5,1,5,-0.806451612903226,1,Panama,PM,PM,9,-80,PM,1,Panama,PM,PM,9,-80,PM,1,Panama,PM,PM,9,-80,PM,20160512,http://www.lankabusinessonline.com/regulator-asks-goldman-three-other-banks-for-information-on-shell-companies/
539483436,20160512,201605,2016,2016.3616,GOV,REGULATOR,,,,,,GOV,,,BUS,BUSINESS,,,,,,BUS,,,1,0214,021,02,1,3.4,10,1,10,-0.806451612903226,1,Panama,PM,PM,9,-80,PM,1,Panama,PM,PM,9,-80,PM,1,Panama,PM,PM,9,-80,PM,20160512,http://www.lankabusinessonline.com/regulator-asks-goldman-three-other-banks-for-information-on-shell-companies/
539491484,20160512,201605,2016,2016.3616,AUS,AUSTRALIA,AUS,,,,,,,,,,,,,,,,,,1,010,010,01,1,0.0,2,1,2,3.38028169014085,4,"Berlin, Berlin, Germany",GM,GM16,52.5167,13.4,-1746443,0,,,,,,,4,"Berlin, Berlin, Germany",GM,GM16,52.5167,13.4,-1746443,20160512,http://www.tonedeaf.com.au/479257/rufus-go-gold-platinum-in-one-day.htm
539491507,20160512,201605,2016,2016.3616,AUS,AUSTRALIA,AUS,,,,,,,,DEU,BERLIN,DEU,,,,,,,,1,040,040,04,1,1.0,2,1,2,3.38028169014085,4,"Sydney, New South Wales, Australia",AS,AS02,-33.8833,151.217,-1603135,4,"Berlin, Berlin, Germany",GM,GM16,52.5167,13.4,-1746443,4,"Sydney, New South Wales, Australia",AS,AS02,-33.8833,151.217,-1603135,20160512,http://www.tonedeaf.com.au/479257/rufus-go-gold-platinum-in-one-day.htm
539491810,20160512,201605,2016,2016.3616,DEU,BERLIN,DEU,,,,,,,,AUS,AUSTRALIA,AUS,,,,,,,,1,040,040,04,1,1.0,1,1,1,3.38028169014085,4,"Berlin, Berlin, Germany",GM,GM16,52.5167,13.4,-1746443,4,"Berlin, Berlin, Germany",GM,GM16,52.5167,13.4,-1746443,4,"Sydney, New South Wales, Australia",AS,AS02,-33.8833,151.217,-1603135,20160512,http://www.tonedeaf.com.au/479257/rufus-go-gold-platinum-in-one-day.htm
539491811,20160512,201605,2016,2016.3616,DEU,BERLIN,DEU,,,,,,,,AUS,AUSTRALIA,AUS,,,,,,,,1,040,040,04,1,1.0,1,1,1,3.38028169014085,4,"Berlin, Berlin, Germany",GM,GM16,52.5167,13.4,-1746443,4,"Berlin, Berlin, Germany",GM,GM16,52.5167,13.4,-1746443,4,"Berlin, Berlin, Germany",GM,GM16,52.5167,13.4,-1746443,20160512,http://www.tonedeaf.com.au/479257/rufus-go-gold-platinum-in-one-day.htm
539492886,20160512,201605,2016,2016.3616,USA,CALIFORNIA,USA,,,,,,,,LEG,DELEGATE,,,,,,LEG,,,1,042,042,04,1,1.9,4,1,4,0.526041333125965,2,"California, United States",US,USCA,36.17,-119.746,CA,2,"New Hampshire, United States",US,USNH,43.4108,-71.5653,NH,2,"California, United States",US,USCA,36.17,-119.746,CA,20160512,http://www.nbcnews.com/politics/2016-election/bernie-sanders-weakened-heading-golden-state-n572541
539493885,20160511,201605,2016,2016.3589,GOV,MINIST,,,,,,GOV,,,USAGOV,THE US,USA,,,,,GOV,,,1,057,057,05,1,8.0,12,1,12,-0.19047619047619,1,"Vietnam, Republic Of",VM,VM,16,106,VM,4,"Phnom Penh, (CB11), Cambodia",CB,CB11,11.55,104.917,-1033783,1,"Vietnam, Republic Of",VM,VM,16,106,VM,20160512,http://www.khmertimeskh.com/news/24883/liquid-gold/
539493891,20160511,201605,2016,2016.3589,KHM,CAMBODIA,KHM,,,,,,,,VNM,VIETNAM,VNM,,,,,,,,1,030,030,03,1,4.0,4,1,4,-0.19047619047619,4,"Phnom Penh, (CB11), Cambodia",CB,CB11,11.55,104.917,-1033783,4,"Phnom Penh, (CB11), Cambodia",CB,CB11,11.55,104.917,-1033783,1,"Vietnam, Republic Of",VM,VM,16,106,VM,20160512,http://www.khmertimeskh.com/news/24883/liquid-gold/
539493892,20160511,201605,2016,2016.3589,KHM,CAMBODIA,KHM,,,,,,,,VNM,VIETNAM,VNM,,,,,,,,1,030,030,03,1,4.0,8,1,8,-0.19047619047619,4,"Phnom Penh, (CB11), Cambodia",CB,CB11,11.55,104.917,-1033783,1,"Vietnam, Republic Of",VM,VM,16,106,VM,1,"Vietnam, Republic Of",VM,VM,16,106,VM,20160512,http://www.khmertimeskh.com/news/24883/liquid-gold/
539493906,20160511,201605,2016,2016.3589,USAGOV,THE US,USA,,,,,GOV,,,GOV,MINIST,,,,,,GOV,,,1,057,057,05,1,8.0,12,1,12,-0.19047619047619,4,"Phnom Penh, (CB11), Cambodia",CB,CB11,11.55,104.917,-1033783,1,"Vietnam, Republic Of",VM,VM,16,106,VM,1,"Vietnam, Republic Of",VM,VM,16,106,VM,20160512,http://www.khmertimeskh.com/news/24883/liquid-gold/
539493908,20160511,201605,2016,2016.3589,USAGOV,THE US,USA,,,,,GOV,,,USA,AMERICAN,USA,,,,,,,,1,016,016,01,1,-2.0,10,1,10,0,4,"Kampot, KâôB, Cambodia",CB,CB21,10.6104,104.181,-1023825,4,"Kampot, KâôB, Cambodia",CB,CB21,10.6104,104.181,-1023825,4,"Kampot, KâôB, Cambodia",CB,CB21,10.6104,104.181,-1023825,20160512,http://www.khmertimeskh.com/news/24883/liquid-gold/
539493914,20160511,201605,2016,2016.3589,VNM,VIETNAM,VNM,,,,,,,,KHM,CAMBODIA,KHM,,,,,,,,1,030,030,03,1,4.0,4,1,4,-0.19047619047619,4,"Phnom Penh, (CB11), Cambodia",CB,CB11,11.55,104.917,-1033783,4,"Phnom Penh, (CB11), Cambodia",CB,CB11,11.55,104.917,-1033783,1,"Vietnam, Republic Of",VM,VM,16,106,VM,20160512,http://www.khmertimeskh.com/news/24883/liquid-gold/
539493917,20160511,201605,2016,2016.3589,VNM,VIETNAM,VNM,,,,,,,,KHM,CAMBODIA,KHM,,,,,,,,1,030,030,03,1,4.0,8,1,8,-0.19047619047619,1,"Vietnam, Republic Of",VM,VM,16,106,VM,4,"Phnom Penh, (CB11), Cambodia",CB,CB11,11.55,104.917,-1033783,1,"Vietnam, Republic Of",VM,VM,16,106,VM,20160512,http://www.khmertimeskh.com/news/24883/liquid-gold/
539496755,20160512,201605,2016,2016.3616,,,,,,,,,,,GOV,GOVERNMENT,,,,,,GOV,,,0,020,020,02,1,3.0,4,1,4,-0.32679738562092,0,,,,,,,1,China,CH,CH,35,105,CH,1,India,IN,IN,20,77,IN,20160512,http://m.gulfnews.com/business/gold-rate/global-gold-demand-soars-in-q1-16-to-1-290-tonnes-1.1826056
539496989,20160512,201605,2016,2016.3616,BUS,COMPANY,,,,,,BUS,,,,,,,,,,,,,1,084,084,08,2,7.0,10,1,10,2.99145299145299,4,"Otjikoto, Otjozondjupa, Namibia",WA,WA39,-22.0333,17.2,-2585555,0,,,,,,,4,"Otjikoto, Otjozondjupa, Namibia",WA,WA39,-22.0333,17.2,-2585555,20160512,http://www.virtual-strategy.com/2016/05/11/b2gold-corp-reports-first-quarter-results-2016
539497317,20160512,201605,2016,2016.3616,GBR,LONDON,GBR,,,,,,,,,,,,,,,,,,1,010,010,01,1,0.0,1,1,1,-0.32679738562092,1,China,CH,CH,35,105,CH,0,,,,,,,1,China,CH,CH,35,105,CH,20160512,http://m.gulfnews.com/business/gold-rate/global-gold-demand-soars-in-q1-16-to-1-290-tonnes-1.1826056
539497328,20160512,201605,2016,2016.3616,GBR,LONDON,GBR,,,,,,,,ARE,UNITED ARAB EMIRATES,ARE,,,,,,,,1,010,010,01,1,0.0,4,1,4,-0.32679738562092,1,China,CH,CH,35,105,CH,1,China,CH,CH,35,105,CH,1,China,CH,CH,35,105,CH,20160512,http://m.gulfnews.com/business/gold-rate/global-gold-demand-soars-in-q1-16-to-1-290-tonnes-1.1826056
539497501,20160512,201605,2016,2016.3616,GOV,CUSTOMS OFFICIAL,,,,,,GOV,,,QATBUS,QATAR,QAT,,,,,BUS,,,1,043,043,04,1,2.8,10,1,10,0,4,"Doha, Ad Daw?ah, Qatar",QA,QA01,25.2867,51.5333,-785169,4,"Doha, Ad Daw?ah, Qatar",QA,QA01,25.2867,51.5333,-785169,4,"Doha, Ad Daw?ah, Qatar",QA,QA01,25.2867,51.5333,-785169,20160512,http://www.thehindu.com/todays-paper/tp-national/tp-otherstates/gold-seized-from-qatar-airways-flight/article8587253.ece
539498067,20160512,201605,2016,2016.3616,QATBUS,QATAR,QAT,,,,,BUS,,,,,,,,,,,,,1,192,192,19,4,-9.5,10,1,10,0,4,"Doha, Ad Daw?ah, Qatar",QA,QA01,25.2867,51.5333,-785169,0,,,,,,,4,"Doha, Ad Daw?ah, Qatar",QA,QA01,25.2867,51.5333,-785169,20160512,http://www.thehindu.com/todays-paper/tp-national/tp-otherstates/gold-seized-from-qatar-airways-flight/article8587253.ece
539498068,20160512,201605,2016,2016.3616,QATBUS,QATAR,QAT,,,,,BUS,,,GOV,CUSTOMS OFFICIAL,,,,,,GOV,,,1,042,042,04,1,1.9,10,1,10,0,4,"Doha, Ad Daw?ah, Qatar",QA,QA01,25.2867,51.5333,-785169,4,"Doha, Ad Daw?ah, Qatar",QA,QA01,25.2867,51.5333,-785169,4,"Doha, Ad Daw?ah, Qatar",QA,QA01,25.2867,51.5333,-785169,20160512,http://www.thehindu.com/todays-paper/tp-national/tp-otherstates/gold-seized-from-qatar-airways-flight/article8587253.ece
539499763,20160511,201605,2016,2016.3589,don,DONG,,,don,,,,,,GOV,STATE OWNED,,,,,,GOV,,,0,060,060,06,2,6.0,10,1,10,0,4,"Copenhagen, Køavn*, Denmark",DA,DA05,55.6667,12.5833,-2745636,4,"Copenhagen, Køavn*, Denmark",DA,DA05,55.6667,12.5833,-2745636,4,"Copenhagen, Køavn*, Denmark",DA,DA05,55.6667,12.5833,-2745636,20160512,http://www.4-traders.com/GOLDMAN-SACHS-GROUP-INC-12831/news/Ding-Dong-float-is-planned-for-Danish-company-22343003/
539500380,20160512,201605,2016,2016.3616,DNK,DANISH,DNK,,,,,,,,BUS,INVESTOR,,,,,,BUS,,,1,060,060,06,2,6.0,4,1,4,0,4,"Copenhagen, Køavn*, Denmark",DA,DA05,55.6667,12.5833,-2745636,4,"Copenhagen, Køavn*, Denmark",DA,DA05,55.6667,12.5833,-2745636,4,"Copenhagen, Køavn*, Denmark",DA,DA05,55.6667,12.5833,-2745636,20160512,http://www.4-traders.com/GOLDMAN-SACHS-GROUP-INC-12831/news/Ding-Dong-float-is-planned-for-Danish-company-22343003/
539500383,20160512,201605,2016,2016.3616,DNKGOV,DANISH,DNK,,,,,GOV,,,BUS,INVESTOR,,,,,,BUS,,,1,060,060,06,2,6.0,6,1,6,0,4,"Copenhagen, Køavn*, Denmark",DA,DA05,55.6667,12.5833,-2745636,4,"Copenhagen, Køavn*, Denmark",DA,DA05,55.6667,12.5833,-2745636,4,"Copenhagen, Køavn*, Denmark",DA,DA05,55.6667,12.5833,-2745636,20160512,http://www.4-traders.com/GOLDMAN-SACHS-GROUP-INC-12831/news/Ding-Dong-float-is-planned-for-Danish-company-22343003/
539500570,20160512,201605,2016,2016.3616,GBR,BRITAIN,GBR,,,,,,,,EUR,EUROPE,EUR,,,,,,,,1,070,070,07,2,7.0,7,1,7,-0.33444816053512,1,United Kingdom,UK,UK,54,-2,UK,1,United Kingdom,UK,UK,54,-2,UK,1,United Kingdom,UK,UK,54,-2,UK,20160512,http://www.4-traders.com/GOLDMAN-SACHS-GROUP-INC-12831/news/Goldman-Sachs-Remain-pulls-in-less-than-Leave-so-far-in-EU-fight-22343005/
539500591,20160512,201605,2016,2016.3616,GBR,BRITAIN,GBR,,,,,,,,MNCUSA,MORGAN STANLEY,USA,,,,,MNC,,,1,070,070,07,2,7.0,5,1,5,-0.33444816053512,1,United Kingdom,UK,UK,54,-2,UK,1,United Kingdom,UK,UK,54,-2,UK,1,United Kingdom,UK,UK,54,-2,UK,20160512,http://www.4-traders.com/GOLDMAN-SACHS-GROUP-INC-12831/news/Goldman-Sachs-Remain-pulls-in-less-than-Leave-so-far-in-EU-fight-22343005/
539501185,20160512,201605,2016,2016.3616,MNCUSA,MORGAN STANLEY,USA,,,,,MNC,,,,,,,,,,,,,1,070,070,07,2,7.0,3,1,3,-0.33444816053512,1,United Kingdom,UK,UK,54,-2,UK,0,,,,,,,1,United Kingdom,UK,UK,54,-2,UK,20160512,http://www.4-traders.com/GOLDMAN-SACHS-GROUP-INC-12831/news/Goldman-Sachs-Remain-pulls-in-less-than-Leave-so-far-in-EU-fight-22343005/
539502980,20160512,201605,2016,2016.3616,,,,,,,,,,,CVL,COMMUNITY,,,,,,CVL,,,1,042,042,04,1,1.9,2,1,2,4.79233226837061,0,,,,,,,4,"Chatsworth, Derbyshire, United Kingdom",UK,UKD3,53.2167,-1.6,-2592305,4,"London, London, City of, United Kingdom",UK,UKH9,51.5,-0.116667,-2601889,20160512,http://www.nottinghampost.com/Nottingham-Contemporary-New-man-green-gold-Tardis/story-29260794-detail/story.html
539503011,20160512,201605,2016,2016.3616,,,,,,,,,,,GBR,UNITED KINGDOM,GBR,,,,,,,,1,043,043,04,1,2.8,20,6,20,4.38246315741193,0,,,,,,,4,"Nottingham, Nottingham, United Kingdom",UK,UKJ8,52.9667,-1.16667,-2604469,4,"Nottingham, Nottingham, United Kingdom",UK,UKJ8,52.9667,-1.16667,-2604469,20160512,http://www.nottinghampost.com/Nottingham-Contemporary-New-man-green-gold-Tardis/story-29260794-detail/story.html
539503109,20160512,201605,2016,2016.3616,,,,,,,,,,,USA,FLORIDA,USA,,,,,,,,1,036,036,03,1,4.0,7,1,7,2.10526315789474,0,,,,,,,2,"Florida, United States",US,USFL,27.8333,-81.717,FL,2,"Missouri, United States",US,USMO,38.4623,-92.302,MO,20160512,http://www.realgeni.com/detail/timeshares-for-sale/2BR-LOCKOFF-Reed-Spring-MISSOURI-Gold-Crown_201581190101.html
539503132,20160512,201605,2016,2016.3616,,,,,,,,,,,USA,FLORIDA,USA,,,,,,,,1,080,080,08,2,5.0,7,1,7,2.10526315789474,0,,,,,,,2,"Florida, United States",US,USFL,27.8333,-81.717,FL,2,"Missouri, United States",US,USMO,38.4623,-92.302,MO,20160512,http://www.realgeni.com/detail/timeshares-for-sale/2BR-LOCKOFF-Reed-Spring-MISSOURI-Gold-Crown_201581190101.html
539503352,20160512,201605,2016,2016.3616,BUS,INVESTOR,,,,,,BUS,,,,,,,,,,,,,1,120,120,12,3,-4.0,35,2,20,0.504337340024115,1,India,IN,IN,20,77,IN,0,,,,,,,1,India,IN,IN,20,77,IN,20160512,http://www.bdlive.co.za/markets/2016/05/12/Gold-index-helps-lift-JSE-after-nearing-year%E2%80%99s-high
539503602,20160512,201605,2016,2016.3616,CVL,COMMUNITY,,,,,,CVL,,,,,,,,,,,,,1,043,043,04,1,2.8,2,1,2,4.79233226837061,4,"Nottingham, Nottingham, United Kingdom",UK,UKJ8,52.9667,-1.16667,-2604469,0,,,,,,,4,"Nottingham, Nottingham, United Kingdom",UK,UKJ8,52.9667,-1.16667,-2604469,20160512,http://www.nottinghampost.com/Nottingham-Contemporary-New-man-green-gold-Tardis/story-29260794-detail/story.html
539503619,20160512,201605,2016,2016.3616,CVL,COMMUNITY,,,,,,CVL,,,GBR,UNITED KINGDOM,GBR,,,,,,,,1,042,042,04,1,1.9,5,1,5,4.79233226837061,4,"Chatsworth, Derbyshire, United Kingdom",UK,UKD3,53.2167,-1.6,-2592305,4,"Chatsworth, Derbyshire, United Kingdom",UK,UKD3,53.2167,-1.6,-2592305,4,"London, London, City of, United Kingdom",UK,UKH9,51.5,-0.116667,-2601889,20160512,http://www.nottinghampost.com/Nottingham-Contemporary-New-man-green-gold-Tardis/story-29260794-detail/story.html
539503620,20160512,201605,2016,2016.3616,CVL,COMMUNITY,,,,,,CVL,,,GBR,UNITED KINGDOM,GBR,,,,,,,,1,042,042,04,1,1.9,1,1,1,4.79233226837061,4,"Chatsworth, Derbyshire, United Kingdom",UK,UKD3,53.2167,-1.6,-2592305,4,"London, London, City of, United Kingdom",UK,UKH9,51.5,-0.116667,-2601889,4,"London, London, City of, United Kingdom",UK,UKH9,51.5,-0.116667,-2601889,20160512,http://www.nottinghampost.com/Nottingham-Contemporary-New-man-green-gold-Tardis/story-29260794-detail/story.html
539503621,20160512,201605,2016,2016.3616,CVL,COMMUNITY,,,,,,CVL,,,GBR,UNITED KINGDOM,GBR,,,,,,,,1,042,042,04,1,1.9,2,1,2,4.79233226837061,4,"Nottingham, Nottingham, United Kingdom",UK,UKJ8,52.9667,-1.16667,-2604469,4,"Nottingham, Nottingham, United Kingdom",UK,UKJ8,52.9667,-1.16667,-2604469,4,"Nottingham, Nottingham, United Kingdom",UK,UKJ8,52.9667,-1.16667,-2604469,20160512,http://www.nottinghampost.com/Nottingham-Contemporary-New-man-green-gold-Tardis/story-29260794-detail/story.html
539503713,20160512,201605,2016,2016.3616,EDU,SCHOOL,,,,,,EDU,,,GBR,LONDON,GBR,,,,,,,,0,042,042,04,1,1.9,2,1,2,4.79233226837061,4,"Nottingham, Nottingham, United Kingdom",UK,UKJ8,52.9667,-1.16667,-2604469,4,"London, London, City of, United Kingdom",UK,UKH9,51.5,-0.116667,-2601889,4,"Nottingham, Nottingham, United Kingdom",UK,UKJ8,52.9667,-1.16667,-2604469,20160512,http://www.nottinghampost.com/Nottingham-Contemporary-New-man-green-gold-Tardis/story-29260794-detail/story.html
539503714,20160512,201605,2016,2016.3616,EDU,SCHOOL,,,,,,EDU,,,GBR,UNITED KINGDOM,GBR,,,,,,,,0,0841,084,08,2,7.0,2,1,2,4.79233226837061,4,"London, London, City of, United Kingdom",UK,UKH9,51.5,-0.116667,-2601889,4,"Nottingham, Nottingham, United Kingdom",UK,UKJ8,52.9667,-1.16667,-2604469,4,"London, London, City of, United Kingdom",UK,UKH9,51.5,-0.116667,-2601889,20160512,http://www.nottinghampost.com/Nottingham-Contemporary-New-man-green-gold-Tardis/story-29260794-detail/story.html
539503715,20160512,201605,2016,2016.3616,EDU,SCHOOL,,,,,,EDU,,,GBR,UNITED KINGDOM,GBR,,,,,,,,0,0841,084,08,2,7.0,2,1,2,4.79233226837061,4,"Nottingham, Nottingham, United Kingdom",UK,UKJ8,52.9667,-1.16667,-2604469,4,"Nottingham, Nottingham, United Kingdom",UK,UKJ8,52.9667,-1.16667,-2604469,4,"Nottingham, Nottingham, United Kingdom",UK,UKJ8,52.9667,-1.16667,-2604469,20160512,http://www.nottinghampost.com/Nottingham-Contemporary-New-man-green-gold-Tardis/story-29260794-detail/story.html
539503845,20160512,201605,2016,2016.3616,GBR,UNITED KINGDOM,GBR,,,,,,,,CVL,COMMUNITY,,,,,,CVL,,,1,043,043,04,1,2.8,8,1,8,4.79233226837061,4,"Nottingham, Nottingham, United Kingdom",UK,UKJ8,52.9667,-1.16667,-2604469,4,"Nottingham, Nottingham, United Kingdom",UK,UKJ8,52.9667,-1.16667,-2604469,4,"Nottingham, Nottingham, United Kingdom",UK,UKJ8,52.9667,-1.16667,-2604469,20160512,http://www.nottinghampost.com/Nottingham-Contemporary-New-man-green-gold-Tardis/story-29260794-detail/story.html
539503846,20160512,201605,2016,2016.3616,GBR,LONDON,GBR,,,,,,,,EDU,SCHOOL,,,,,,EDU,,,0,043,043,04,1,2.8,2,1,2,4.79233226837061,4,"London, London, City of, United Kingdom",UK,UKH9,51.5,-0.116667,-2601889,4,"Nottingham, Nottingham, United Kingdom",UK,UKJ8,52.9667,-1.16667,-2604469,4,"Nottingham, Nottingham, United Kingdom",UK,UKJ8,52.9667,-1.16667,-2604469,20160512,http://www.nottinghampost.com/Nottingham-Contemporary-New-man-green-gold-Tardis/story-29260794-detail/story.html
539504970,20160512,201605,2016,2016.3616,USA,FLORIDA,USA,,,,,,,,,,,,,,,,,,1,036,036,03,1,4.0,7,1,7,2.10526315789474,2,"Florida, United States",US,USFL,27.8333,-81.717,FL,0,,,,,,,2,"Missouri, United States",US,USMO,38.4623,-92.302,MO,20160512,http://www.realgeni.com/detail/timeshares-for-sale/2BR-LOCKOFF-Reed-Spring-MISSOURI-Gold-Crown_201581190101.html
539506709,20160512,201605,2016,2016.3616,,,,,,,,,,,BUS,AUTOMAKER,,,,,,BUS,,,1,043,043,04,1,2.8,10,1,10,1.84615384615384,0,,,,,,,4,"Dhaka, Dhaka, Bangladesh",BG,BG81,23.7231,90.4086,-2737683,4,"Dhaka, Dhaka, Bangladesh",BG,BG81,23.7231,90.4086,-2737683,20160512,http://www.newshour.com.bd/2016/05/12/subaru-celebrate-golden-jubilee-boxer-engine/
539506719,20160512,201605,2016,2016.3616,,,,,,,,,,,COP,POLICE,,,,,,COP,,,0,100,100,10,3,-5.0,6,1,6,-7.83847980997625,0,,,,,,,1,Iraq,IZ,IZ,33,44,IZ,1,Iraq,IZ,IZ,33,44,IZ,20160512,http://www.kerngoldenempire.com/news/man-accused-of-killing-his-mother-and-stepfather-pleads-not-guilty-attorney-says-ptsd-is-to-blame
539506984,20160512,201605,2016,2016.3616,BUS,AUTOMAKER,,,,,,BUS,,,,,,,,,,,,,1,042,042,04,1,1.9,10,1,10,1.84615384615384,4,"Dhaka, Dhaka, Bangladesh",BG,BG81,23.7231,90.4086,-2737683,0,,,,,,,4,"Dhaka, Dhaka, Bangladesh",BG,BG81,23.7231,90.4086,-2737683,20160512,http://www.newshour.com.bd/2016/05/12/subaru-celebrate-golden-jubilee-boxer-engine/
539506987,20160512,201605,2016,2016.3616,BUS,AUTOMAKER,,,,,,BUS,,,,,,,,,,,,,1,051,051,05,1,3.4,10,1,10,1.84615384615384,4,"Dhaka, Dhaka, Bangladesh",BG,BG81,23.7231,90.4086,-2737683,0,,,,,,,4,"Dhaka, Dhaka, Bangladesh",BG,BG81,23.7231,90.4086,-2737683,20160512,http://www.newshour.com.bd/2016/05/12/subaru-celebrate-golden-jubilee-boxer-engine/
539507653,20160512,201605,2016,2016.3616,IRQ,IRAQ,IRQ,,,,,,,,COP,POLICE,,,,,,COP,,,0,100,100,10,3,-5.0,4,1,4,-7.83847980997625,1,Iraq,IZ,IZ,33,44,IZ,1,Iraq,IZ,IZ,33,44,IZ,1,Iraq,IZ,IZ,33,44,IZ,20160512,http://www.kerngoldenempire.com/news/man-accused-of-killing-his-mother-and-stepfather-pleads-not-guilty-attorney-says-ptsd-is-to-blame
539507687,20160512,201605,2016,2016.3616,JUD,ATTORNEY,,,,,,JUD,,,,,,,,,,,,,1,025,025,02,1,-0.3,6,1,6,-7.96019900497513,1,Mexico,MX,MX,23,-102,MX,0,,,,,,,1,Mexico,MX,MX,23,-102,MX,20160512,http://www.kerngoldenempire.com/news/foster-parents-sentenced-for-2010-murder-of-a-3-year-old-girl
539507718,20160512,201605,2016,2016.3616,JUD,JUDGE,,,,,,JUD,,,MCOELI,ALBERT,MCO,,,,,ELI,,,1,173,173,17,4,-5.0,8,1,8,-7.96019900497513,1,Mexico,MX,MX,23,-102,MX,1,Mexico,MX,MX,23,-102,MX,1,Mexico,MX,MX,23,-102,MX,20160512,http://www.kerngoldenempire.com/news/foster-parents-sentenced-for-2010-murder-of-a-3-year-old-girl
539507849,20160512,201605,2016,2016.3616,MED,JOURNALIST,,,,,,MED,,,,,,,,,,,,,1,0874,087,08,2,10.0,160,1,160,-1.18527190349271,4,"Dhaka, Dhaka, Bangladesh",BG,BG81,23.7231,90.4086,-2737683,0,,,,,,,4,"Dhaka, Dhaka, Bangladesh",BG,BG81,23.7231,90.4086,-2737683,20160512,http://www.newshour.com.bd/2016/05/12/subaru-celebrate-golden-jubilee-boxer-engine/
539507867,20160512,201605,2016,2016.3616,MEX,MEXICO,MEX,,,,,,,,MEXJUD,MEXICO,MEX,,,,,JUD,,,1,025,025,02,1,-0.3,4,1,4,-7.96019900497513,1,Mexico,MX,MX,23,-102,MX,1,Mexico,MX,MX,23,-102,MX,1,Mexico,MX,MX,23,-102,MX,20160512,http://www.kerngoldenempire.com/news/foster-parents-sentenced-for-2010-murder-of-a-3-year-old-girl
539507868,20160512,201605,2016,2016.3616,MEXJUD,MEXICO,MEX,,,,,JUD,,,MEX,MEXICO,MEX,,,,,,,,1,173,173,17,4,-5.0,2,1,2,-7.96019900497513,1,Mexico,MX,MX,23,-102,MX,1,Mexico,MX,MX,23,-102,MX,1,Mexico,MX,MX,23,-102,MX,20160512,http://www.kerngoldenempire.com/news/foster-parents-sentenced-for-2010-murder-of-a-3-year-old-girl
539513973,20160512,201605,2016,2016.3616,BUS,COMPANY,,,,,,BUS,,,IGOEUREEC,THE EU,EUR,EEC,,,,IGO,,,1,036,036,03,1,4.0,5,1,5,3.125,1,China,CH,CH,35,105,CH,1,China,CH,CH,35,105,CH,1,China,CH,CH,35,105,CH,20160512,http://www.proactiveinvestors.com.au/companies/news/68579/paynes-find-gold-ltd-acquires-advanced-major-lithium-project-in-austria-68579.html
539514567,20160512,201605,2016,2016.3616,IGOEUREEC,THE EU,EUR,EEC,,,,IGO,,,BUS,COMPANY,,,,,,BUS,,,1,036,036,03,1,4.0,5,1,5,3.125,1,China,CH,CH,35,105,CH,1,China,CH,CH,35,105,CH,1,China,CH,CH,35,105,CH,20160512,http://www.proactiveinvestors.com.au/companies/news/68579/paynes-find-gold-ltd-acquires-advanced-major-lithium-project-in-austria-68579.html
539514756,20160512,201605,2016,2016.3616,LEG,CHAMBER,,,,,,LEG,,,BUS,BUSINESS,,,,,,BUS,,,1,013,013,01,1,0.4,21,1,21,12.5,4,"Sydney, New South Wales, Australia",AS,AS02,-33.8833,151.217,-1603135,4,"Sydney, New South Wales, Australia",AS,AS02,-33.8833,151.217,-1603135,4,"Sydney, New South Wales, Australia",AS,AS02,-33.8833,151.217,-1603135,20160512,http://www.dailyadvertiser.com.au/story/3902998/golden-reward-for-businesses/?cs=148
539517395,20160512,201605,2016,2016.3616,BUS,INVESTOR,,,,,,BUS,,,,,,,,,,,,,1,012,012,01,1,-0.4,35,4,35,-3.43930424054954,1,India,IN,IN,20,77,IN,0,,,,,,,1,India,IN,IN,20,77,IN,20160512,http://www.hindustantimes.com/business/jewellers-strike-high-price-keep-indians-away-from-gold/story-CT6XzUTnfHmydXuzMqV9yJ.html
539517494,20160512,201605,2016,2016.3616,CHN,CHINA,CHN,,,,,,,,BUS,COMPANIES,,,,,,BUS,,,1,061,061,06,2,6.4,4,1,4,2.62172284644195,4,"Chennai, Tamil Nadu, India",IN,IN25,13.0833,80.2833,-2103041,4,"Chennai, Tamil Nadu, India",IN,IN25,13.0833,80.2833,-2103041,4,"Chennai, Tamil Nadu, India",IN,IN25,13.0833,80.2833,-2103041,20160512,http://thehimalayantimes.com/business/smuggling-avoid-taxes-boost-gold-imports/
539517729,20160512,201605,2016,2016.3616,EDU,COLLEGE,,,,,,EDU,,,,,,,,,,,,,1,043,043,04,1,2.8,10,1,10,4.22535211267606,3,"Bay City, Texas, United States",US,USTX,28.9828,-95.9694,1351611,0,,,,,,,3,"Bay City, Texas, United States",US,USTX,28.9828,-95.9694,1351611,20160512,http://www.tylerpaper.com/TP-News+Local/235700/smith-county-medical-alliance-recognizes-sylvia-orten-as-the-organizations-2016-heart-of-gold-recipient
539517997,20160512,201605,2016,2016.3616,GOV,GOVERNMENT,,,,,,GOV,,,BUS,COMPANIES,,,,,,BUS,,,1,061,061,06,2,6.4,6,1,6,2.62172284644195,4,"Chennai, Tamil Nadu, India",IN,IN25,13.0833,80.2833,-2103041,4,"Chennai, Tamil Nadu, India",IN,IN25,13.0833,80.2833,-2103041,4,"Chennai, Tamil Nadu, India",IN,IN25,13.0833,80.2833,-2103041,20160512,http://thehimalayantimes.com/business/smuggling-avoid-taxes-boost-gold-imports/
539518188,20160512,201605,2016,2016.3616,IND,MUMBAI,IND,,,,,,,,,,,,,,,,,,1,011,011,01,1,-0.1,2,1,2,1.61725067385445,4,"Mumbai, Maharashtra, India",IN,IN16,18.975,72.8258,-2092174,0,,,,,,,4,"Mumbai, Maharashtra, India",IN,IN16,18.975,72.8258,-2092174,20160512,http://www.freepressjournal.in/indias-gold-demand-falls-39-in-q1-2016-to-116-5-tonnes/846354
539518912,20160512,201605,2016,2016.3616,USA,NEW YORK,USA,,,,,,,,,,,,,,,,,,1,015,015,01,1,0.0,6,1,6,1.58730158730159,4,"Vancouver, British Columbia, Canada",CA,CA02,49.25,-123.133,-575268,0,,,,,,,4,"Vancouver, British Columbia, Canada",CA,CA02,49.25,-123.133,-575268,20160512,http://www.stockhouse.com/news/press-releases/2016/05/11/timmins-gold-to-sell-caballo-blanco-gold-project
539518913,20160512,201605,2016,2016.3616,USA,NEW YORK,USA,,,,,,,,,,,,,,,,,,1,015,015,01,1,0.0,5,2,5,1.0064167510976,3,"San Francisco, California, United States",US,USCA,37.7749,-122.419,277593,0,,,,,,,3,"San Francisco, California, United States",US,USCA,37.7749,-122.419,277593,20160512,http://www.stockhouse.com/news/press-releases/2016/05/11/timmins-gold-to-sell-caballo-blanco-gold-project
539521179,20160512,201605,2016,2016.3616,BUS,COMPANY,,,,,,BUS,,,,,,,,,,,,,1,071,071,07,2,7.4,10,1,10,6.31578947368422,4,"Dandoko, Kayes, Mali",ML,ML03,12.6819,-11.0944,-1065924,0,,,,,,,4,"Dandoko, Kayes, Mali",ML,ML03,12.6819,-11.0944,-1065924,20160512,http://www.proactiveinvestors.com.hk/stock_news/10846-oklo-resources-ltd-raises-10m-investors-ratchet-up-mali-gold-demand.html
539521326,20160512,201605,2016,2016.3616,COP,POLICE,,,,,,COP,,,,,,,,,,,,,1,090,090,09,2,-2.0,12,1,4,1.73913043478261,1,Ghana,GH,GH,8,-2,GH,0,,,,,,,1,Ghana,GH,GH,8,-2,GH,20160512,http://www.goldcoastbulletin.com.au/news/gold-coast/gold-coast-police-are-searching-for-a-missing-southport-teenage-girl/news-story/bb768f9fdeeabd1dcda16785670864fa?nk=60c9d15649c7b6578463306bc2326417-1463036713
539521666,20160512,201605,2016,2016.3616,GHA,GHANA,GHA,,,,,,,,GHACOP,GHANA,GHA,,,,,COP,,,1,090,090,09,2,-2.0,24,1,12,1.73913043478261,1,Ghana,GH,GH,8,-2,GH,1,Ghana,GH,GH,8,-2,GH,1,Ghana,GH,GH,8,-2,GH,20160512,http://www.goldcoastbulletin.com.au/news/gold-coast/gold-coast-police-are-searching-for-a-missing-southport-teenage-girl/news-story/bb768f9fdeeabd1dcda16785670864fa?nk=60c9d15649c7b6578463306bc2326417-1463036713
539521669,20160512,201605,2016,2016.3616,GHACOP,GHANA,GHA,,,,,COP,,,,,,,,,,,,,1,090,090,09,2,-2.0,20,1,16,1.73913043478261,1,Ghana,GH,GH,8,-2,GH,0,,,,,,,1,Ghana,GH,GH,8,-2,GH,20160512,http://www.goldcoastbulletin.com.au/news/gold-coast/gold-coast-police-are-searching-for-a-missing-southport-teenage-girl/news-story/bb768f9fdeeabd1dcda16785670864fa?nk=60c9d15649c7b6578463306bc2326417-1463036713
539521677,20160512,201605,2016,2016.3616,GMW,WEST GERMANY,,,,,,,,,,,,,,,,,,,1,173,173,17,4,-5.0,30,3,30,-8.71881369035067,1,Germany,GM,GM,51,9,GM,0,,,,,,,1,Germany,GM,GM,51,9,GM,20160512,http://www.goldcoastbulletin.com.au/news/breaking-news/germany-to-quash-convictions-of-gay-men/news-story/dedd9254f6ef9f45d58545b60f5d0e10?nk=b3c527283a1ce3917809ee56b262e3aa-1463036683
539521727,20160512,201605,2016,2016.3616,GOV,GOVERNMENT,,,,,,GOV,,,,,,,,,,,,,1,060,060,06,2,6.0,7,1,7,1.06132075471698,5,"Odisha, Orissa, India",IN,IN21,20.5,84.4167,-2106554,0,,,,,,,5,"Odisha, Orissa, India",IN,IN21,20.5,84.4167,-2106554,20160512,http://www.newsnow.in/news/gold-price-rally-in-q1-best-in-30-years-wgc-business-standard
539521728,20160512,201605,2016,2016.3616,GOV,GOVERNMENT,,,,,,GOV,,,,,,,,,,,,,1,060,060,06,2,6.0,1,1,1,1.06132075471698,5,"Odisha, Orissa, India",IN,IN21,20.5,84.4167,-2106554,0,,,,,,,4,"Mahatma, Rajasthan, India",IN,IN24,28.6293,75.071,10446865,20160512,http://www.newsnow.in/news/gold-price-rally-in-q1-best-in-30-years-wgc-business-standard
539521733,20160512,201605,2016,2016.3616,GOV,GOVERNMENT,,,,,,GOV,,,,,,,,,,,,,1,071,071,07,2,7.4,124,10,124,-4.32917954109142,4,"Mumbai, Maharashtra, India",IN,IN16,18.975,72.8258,-2092174,0,,,,,,,4,"Mumbai, Maharashtra, India",IN,IN16,18.975,72.8258,-2092174,20160512,http://www.newsnow.in/news/gold-price-rally-in-q1-best-in-30-years-wgc-business-standard
539521913,20160512,201605,2016,2016.3616,GUY,GUYANESE,GUY,,,,,,,,BUS,BANK,,,,,,BUS,,,1,051,051,05,1,3.4,8,1,8,9.80392156862741,1,Guyana,GY,GY,5,-59,GY,1,Guyana,GY,GY,5,-59,GY,1,Guyana,GY,GY,5,-59,GY,20160512,http://guyanachronicle.com/banks-launches-xm-golden-jubilee-rum/
539522175,20160512,201605,2016,2016.3616,LAB,WORKER,,,,,,LAB,,,,,,,,,,,,,1,114,114,11,3,-2.0,40,3,40,-2.08303268373779,1,Ghana,GH,GH,8,-2,GH,0,,,,,,,1,Ghana,GH,GH,8,-2,GH,20160512,http://www.goldcoastbulletin.com.au/news/gold-coast/gold-coast-tradie-crushed-by-plasterboards-at-marine-pde-southport/news-story/440f3a6b175f58e7803b00e2764af9b9?nk=6b86f6d171efe9f754dc1895e34b1e0f-1463036701
539523057,20160512,201605,2016,2016.3616,,,,,,,,,,,GOV,PRESIDENT,,,,,,GOV,,,1,043,043,04,1,2.8,3,1,3,2.7972027972028,0,,,,,,,3,"Villa Rica, Georgia, United States",US,USGA,33.7321,-84.9191,333333,3,"Villa Rica, Georgia, United States",US,USGA,33.7321,-84.9191,333333,20160512,http://www.times-georgian.com/villa-rican/vr-lions-club-celebrates-golden-anniversary/article_dd0406b9-e5cd-56ef-b12b-317e51a68cf2.html
539523119,20160512,201605,2016,2016.3616,,,,,,,,,,,USA,UNITED STATES,USA,,,,,,,,0,036,036,03,1,4.0,6,1,6,2.7972027972028,0,,,,,,,3,"Douglas County, Georgia, United States",US,USGA,33.7001,-84.7499,1686467,3,"Douglas County, Georgia, United States",US,USGA,33.7001,-84.7499,1686467,20160512,http://www.times-georgian.com/villa-rican/vr-lions-club-celebrates-golden-anniversary/article_dd0406b9-e5cd-56ef-b12b-317e51a68cf2.html
539523120,20160512,201605,2016,2016.3616,,,,,,,,,,,USA,UNITED STATES,USA,,,,,,,,0,036,036,03,1,4.0,2,1,2,2.7972027972028,0,,,,,,,3,"Douglas County, Georgia, United States",US,USGA,33.7001,-84.7499,1686467,2,"Georgia, United States",US,USGA,0,0,GA,20160512,http://www.times-georgian.com/villa-rican/vr-lions-club-celebrates-golden-anniversary/article_dd0406b9-e5cd-56ef-b12b-317e51a68cf2.html
539523121,20160512,201605,2016,2016.3616,,,,,,,,,,,USA,UNITED STATES,USA,,,,,,,,1,036,036,03,1,4.0,8,1,8,2.7972027972028,0,,,,,,,3,"Villa Rica, Georgia, United States",US,USGA,33.7321,-84.9191,333333,3,"Villa Rica, Georgia, United States",US,USGA,33.7321,-84.9191,333333,20160512,http://www.times-georgian.com/villa-rican/vr-lions-club-celebrates-golden-anniversary/article_dd0406b9-e5cd-56ef-b12b-317e51a68cf2.html
539523130,20160512,201605,2016,2016.3616,,,,,,,,,,,USA,UNITED STATES,USA,,,,,,,,0,046,046,04,1,7.0,2,1,2,2.7972027972028,0,,,,,,,2,"Georgia, United States",US,USGA,0,0,GA,3,"Villa Rica, Georgia, United States",US,USGA,33.7321,-84.9191,333333,20160512,http://www.times-georgian.com/villa-rican/vr-lions-club-celebrates-golden-anniversary/article_dd0406b9-e5cd-56ef-b12b-317e51a68cf2.html
539523131,20160512,201605,2016,2016.3616,,,,,,,,,,,USA,UNITED STATES,USA,,,,,,,,0,046,046,04,1,7.0,2,1,2,2.7972027972028,0,,,,,,,2,"Georgia, United States",US,USGA,0,0,GA,2,"Georgia, United States",US,USGA,0,0,GA,20160512,http://www.times-georgian.com/villa-rican/vr-lions-club-celebrates-golden-anniversary/article_dd0406b9-e5cd-56ef-b12b-317e51a68cf2.html
539523757,20160512,201605,2016,2016.3616,GOV,PRESIDENT,,,,,,GOV,,,,,,,,,,,,,1,042,042,04,1,1.9,3,1,3,2.7972027972028,3,"Villa Rica, Georgia, United States",US,USGA,33.7321,-84.9191,333333,0,,,,,,,3,"Villa Rica, Georgia, United States",US,USGA,33.7321,-84.9191,333333,20160512,http://www.times-georgian.com/villa-rican/vr-lions-club-celebrates-golden-anniversary/article_dd0406b9-e5cd-56ef-b12b-317e51a68cf2.html
539523886,20160512,201605,2016,2016.3616,GOV,PRESIDENT,,,,,,GOV,,,USA,UNITED STATES,USA,,,,,,,,1,042,042,04,1,1.9,2,1,2,2.7972027972028,3,"Villa Rica, Georgia, United States",US,USGA,33.7321,-84.9191,333333,3,"Villa Rica, Georgia, United States",US,USGA,33.7321,-84.9191,333333,3,"Villa Rica, Georgia, United States",US,USGA,33.7321,-84.9191,333333,20160512,http://www.times-georgian.com/villa-rican/vr-lions-club-celebrates-golden-anniversary/article_dd0406b9-e5cd-56ef-b12b-317e51a68cf2.html
539524569,20160512,201605,2016,2016.3616,USA,UNITED STATES,USA,,,,,,,,,,,,,,,,,,1,017,017,01,1,0.0,8,1,8,2.7972027972028,3,"Villa Rica, Georgia, United States",US,USGA,33.7321,-84.9191,333333,0,,,,,,,3,"Villa Rica, Georgia, United States",US,USGA,33.7321,-84.9191,333333,20160512,http://www.times-georgian.com/villa-rican/vr-lions-club-celebrates-golden-anniversary/article_dd0406b9-e5cd-56ef-b12b-317e51a68cf2.html
539524578,20160512,201605,2016,2016.3616,USA,UNITED STATES,USA,,,,,,,,,,,,,,,,,,0,036,036,03,1,4.0,6,1,6,2.7972027972028,3,"Douglas County, Georgia, United States",US,USGA,33.7001,-84.7499,1686467,0,,,,,,,3,"Douglas County, Georgia, United States",US,USGA,33.7001,-84.7499,1686467,20160512,http://www.times-georgian.com/villa-rican/vr-lions-club-celebrates-golden-anniversary/article_dd0406b9-e5cd-56ef-b12b-317e51a68cf2.html
539524579,20160512,201605,2016,2016.3616,USA,UNITED STATES,USA,,,,,,,,,,,,,,,,,,0,036,036,03,1,4.0,2,1,2,2.7972027972028,3,"Douglas County, Georgia, United States",US,USGA,33.7001,-84.7499,1686467,0,,,,,,,2,"Georgia, United States",US,USGA,0,0,GA,20160512,http://www.times-georgian.com/villa-rican/vr-lions-club-celebrates-golden-anniversary/article_dd0406b9-e5cd-56ef-b12b-317e51a68cf2.html
539524580,20160512,201605,2016,2016.3616,USA,UNITED STATES,USA,,,,,,,,,,,,,,,,,,1,036,036,03,1,4.0,8,1,8,2.7972027972028,3,"Villa Rica, Georgia, United States",US,USGA,33.7321,-84.9191,333333,0,,,,,,,3,"Villa Rica, Georgia, United States",US,USGA,33.7321,-84.9191,333333,20160512,http://www.times-georgian.com/villa-rican/vr-lions-club-celebrates-golden-anniversary/article_dd0406b9-e5cd-56ef-b12b-317e51a68cf2.html
539524588,20160512,201605,2016,2016.3616,USA,UNITED STATES,USA,,,,,,,,,,,,,,,,,,0,046,046,04,1,7.0,2,1,2,2.7972027972028,2,"Georgia, United States",US,USGA,0,0,GA,0,,,,,,,3,"Villa Rica, Georgia, United States",US,USGA,33.7321,-84.9191,333333,20160512,http://www.times-georgian.com/villa-rican/vr-lions-club-celebrates-golden-anniversary/article_dd0406b9-e5cd-56ef-b12b-317e51a68cf2.html
539524589,20160512,201605,2016,2016.3616,USA,UNITED STATES,USA,,,,,,,,,,,,,,,,,,1,046,046,04,1,7.0,14,3,14,-0.246751601949268,2,"Georgia, United States",US,USGA,0,0,GA,0,,,,,,,2,"Georgia, United States",US,USGA,0,0,GA,20160512,http://www.times-georgian.com/villa-rican/vr-lions-club-celebrates-golden-anniversary/article_dd0406b9-e5cd-56ef-b12b-317e51a68cf2.html
539524671,20160512,201605,2016,2016.3616,USA,UNITED STATES,USA,,,,,,,,GOV,PRESIDENT,,,,,,GOV,,,1,043,043,04,1,2.8,2,1,2,2.7972027972028,3,"Villa Rica, Georgia, United States",US,USGA,33.7321,-84.9191,333333,3,"Villa Rica, Georgia, United States",US,USGA,33.7321,-84.9191,333333,3,"Villa Rica, Georgia, United States",US,USGA,33.7321,-84.9191,333333,20160512,http://www.times-georgian.com/villa-rican/vr-lions-club-celebrates-golden-anniversary/article_dd0406b9-e5cd-56ef-b12b-317e51a68cf2.html
539530621,20160512,201605,2016,2016.3616,CRM,RUNNER,,,,,,CRM,,,,,,,,,,,,,1,071,071,07,2,7.4,20,3,20,-0.56761082586047,0,,,,,,,0,,,,,,,0,,,,,,,20160512,http://www.chroniclelive.co.uk/news/north-east-news/gold-medal-winner-stephen-miller-11320800
539534877,20160512,201605,2016,2016.3616,GBR,LONDON,GBR,,,,,,,,USA,ARIZONA,USA,,,,,,,,1,182,182,18,4,-9.5,5,1,5,5.07614213197969,4,"London, London, City of, United Kingdom",UK,UKH9,51.5,-0.116667,-2601889,4,"London, London, City of, United Kingdom",UK,UKH9,51.5,-0.116667,-2601889,4,"London, London, City of, United Kingdom",UK,UKH9,51.5,-0.116667,-2601889,20160512,http://www.msn.com/en-gb/news/uknews/give-my-gold-to-nhs-medics-us-swimmer-tells-prince-harry/ar-BBsWRom
539538693,20160512,201605,2016,2016.3616,GBR,UNITED KINGDOM,GBR,,,,,,,,GOV,THE PM,,,,,,GOV,,,1,051,051,05,1,3.4,45,11,43,-2.60304340297994,4,"London, London, City of, United Kingdom",UK,UKH9,51.5,-0.116667,-2601889,4,"London, London, City of, United Kingdom",UK,UKH9,51.5,-0.116667,-2601889,4,"London, London, City of, United Kingdom",UK,UKH9,51.5,-0.116667,-2601889,20160512,http://www.independent.co.uk/news/uk/politics/tories-islamophobia-inquiry-mcb-muslim-council-of-britain-zac-goldsmith-racist-islam-sadiq-khan-a7025331.html
539538708,20160512,201605,2016,2016.3616,GBRGOV,DOWNING STREET,GBR,,,,,GOV,,,,,,,,,,,,,1,055,055,05,1,7.0,329,30,329,-4.09726451674511,4,"London, London, City of, United Kingdom",UK,UKH9,51.5,-0.116667,-2601889,0,,,,,,,4,"London, London, City of, United Kingdom",UK,UKH9,51.5,-0.116667,-2601889,20160512,http://www.independent.co.uk/news/uk/politics/tories-islamophobia-inquiry-mcb-muslim-council-of-britain-zac-goldsmith-racist-islam-sadiq-khan-a7025331.html
539539106,20160512,201605,2016,2016.3616,MOS,MUSLIM,,,,MOS,,,,,GBRGOV,LONDON,GBR,,,,,GOV,,,1,110,110,11,3,-2.0,10,1,10,-5.09337860780985,4,"London, London, City of, United Kingdom",UK,UKH9,51.5,-0.116667,-2601889,4,"London, London, City of, United Kingdom",UK,UKH9,51.5,-0.116667,-2601889,4,"London, London, City of, United Kingdom",UK,UKH9,51.5,-0.116667,-2601889,20160512,http://www.independent.co.uk/news/uk/politics/tories-islamophobia-inquiry-mcb-muslim-council-of-britain-zac-goldsmith-racist-islam-sadiq-khan-a7025331.html
539543365,20160512,201605,2016,2016.3616,EGY,EGYPT,EGY,,,,,,,,GOV,GOVERNMENT,,,,,,GOV,,,1,1056,105,10,3,-5.0,10,1,10,-4.0014863958526,1,Turkey,TU,TU,39,35,TU,1,Turkey,TU,TU,39,35,TU,1,Turkey,TU,TU,39,35,TU,20160512,http://economictimes.indiatimes.com/industry/cons-products/fashion-/-cosmetics-/-jewellery/Iran-the-only-bright-spot-in-Middle-Eastern-region-for-gold-jewellery-in-Q1/articleshow/52235411.cms
539545585,20160512,201605,2016,2016.3616,GBR,UNITED KINGDOM,GBR,,,,,,,,,,,,,,,,,,1,090,090,09,2,-2.0,1,1,1,0.27359781121751,4,"Danebury, Hampshire, United Kingdom",UK,UKF2,51.1333,-1.53333,-2594081,0,,,,,,,4,"Danebury, Hampshire, United Kingdom",UK,UKF2,51.1333,-1.53333,-2594081,20160512,http://www.readingeagle.com/life/article/game-of-thrones-actor-crook-finds-gold-with-the-detectorists
539545586,20160512,201605,2016,2016.3616,GBR,UNITED KINGDOM,GBR,,,,,,,,,,,,,,,,,,1,090,090,09,2,-2.0,1,1,1,0.27359781121751,4,"Framlingham, Suffolk, United Kingdom",UK,UKN5,52.2167,1.33333,-2596513,0,,,,,,,4,"Framlingham, Suffolk, United Kingdom",UK,UKN5,52.2167,1.33333,-2596513,20160512,http://www.readingeagle.com/life/article/game-of-thrones-actor-crook-finds-gold-with-the-detectorists
539545956,20160512,201605,2016,2016.3616,IND,NEW DELHI,IND,,,,,,,,,,,,,,,,,,1,071,071,07,2,7.4,2,1,2,3.91644908616188,4,"New Delhi, Delhi, India",IN,IN07,28.6,77.2,-2106102,0,,,,,,,4,"New Delhi, Delhi, India",IN,IN07,28.6,77.2,-2106102,20160512,http://www.ptinews.com/news/7436140_Gold-ETFs-see-outflow-in-April-on-profit-booking-.html
539545957,20160512,201605,2016,2016.3616,IND,NEW DELHI,IND,,,,,,,,,,,,,,,,,,1,0874,087,08,2,10.0,4,1,4,3.91644908616188,4,"New Delhi, Delhi, India",IN,IN07,28.6,77.2,-2106102,0,,,,,,,4,"New Delhi, Delhi, India",IN,IN07,28.6,77.2,-2106102,20160512,http://www.ptinews.com/news/7436140_Gold-ETFs-see-outflow-in-April-on-profit-booking-.html
539549145,20160512,201605,2016,2016.3616,AUS,NEW SOUTH WALES,AUS,,,,,,,,GOV,SOVEREIGN,,,,,,GOV,,,1,071,071,07,2,7.4,7,1,7,5.75342465753425,4,"Perth, Western Australia, Australia",AS,AS08,-31.9333,115.833,-1594675,4,"Perth, Western Australia, Australia",AS,AS08,-31.9333,115.833,-1594675,4,"Perth, Western Australia, Australia",AS,AS08,-31.9333,115.833,-1594675,20160512,http://www.miningweekly.com/article/soveign-gold-expands-its-strategy-to-include-lithium-2016-05-12
539549315,20160512,201605,2016,2016.3616,BUS,COMPANY,,,,,,BUS,,,GOV,SOVEREIGN,,,,,,GOV,,,1,071,071,07,2,7.4,3,1,3,5.75342465753425,4,"Perth, Western Australia, Australia",AS,AS08,-31.9333,115.833,-1594675,4,"Perth, Western Australia, Australia",AS,AS08,-31.9333,115.833,-1594675,4,"Perth, Western Australia, Australia",AS,AS08,-31.9333,115.833,-1594675,20160512,http://www.miningweekly.com/article/soveign-gold-expands-its-strategy-to-include-lithium-2016-05-12
539549806,20160512,201605,2016,2016.3616,GBR,UNITED KINGDOM,GBR,,,,,,,,USAMED,REUTERS,USA,,,,,MED,,,1,070,070,07,2,7.0,3,1,3,0,4,"London, London, City of, United Kingdom",UK,UKH9,51.5,-0.116667,-2601889,4,"London, London, City of, United Kingdom",UK,UKH9,51.5,-0.116667,-2601889,4,"London, London, City of, United Kingdom",UK,UKH9,51.5,-0.116667,-2601889,20160512,https://au.finance.yahoo.com/news/ny-regulator-asks-goldman-3-211418642.html
539550496,20160512,201605,2016,2016.3616,MED,WEBSITE,,,,,,MED,,,,,,,,,,,,,1,090,090,09,2,-2.0,553,50,553,-4.14525257387725,2,"New York, United States",US,USNY,42.1497,-74.9384,NY,0,,,,,,,2,"New York, United States",US,USNY,42.1497,-74.9384,NY,20160512,http://www.businesstimes.com.sg/banking-finance/goldman-sachs-gets-panama-request-from-new-york-bank-regulator
539550785,20160512,201605,2016,2016.3616,PAN,PANAMA,PAN,,,,,,,,,,,,,,,,,,1,010,010,01,1,0.0,5,1,5,0,4,"London, London, City of, United Kingdom",UK,UKH9,51.5,-0.116667,-2601889,0,,,,,,,4,"London, London, City of, United Kingdom",UK,UKH9,51.5,-0.116667,-2601889,20160512,https://au.finance.yahoo.com/news/ny-regulator-asks-goldman-3-211418642.html
539551274,20160512,201605,2016,2016.3616,USAMED,REUTERS,USA,,,,,MED,,,,,,,,,,,,,1,070,070,07,2,7.0,3,1,3,0,4,"London, London, City of, United Kingdom",UK,UKH9,51.5,-0.116667,-2601889,0,,,,,,,4,"London, London, City of, United Kingdom",UK,UKH9,51.5,-0.116667,-2601889,20160512,https://au.finance.yahoo.com/news/ny-regulator-asks-goldman-3-211418642.html
539553285,20160512,201605,2016,2016.3616,,,,,,,,,,,GBR,UNITED KINGDOM,GBR,,,,,,,,1,042,042,04,1,1.9,2,1,2,4.97737556561086,0,,,,,,,4,"Bridport, Tasmania, Australia",AS,AS06,-41.0005,147.392,-1561643,4,"Bridport, Tasmania, Australia",AS,AS06,-41.0005,147.392,-1561643,20160512,http://www.bridportnews.co.uk/leisure/stage/14487819.Jason_and_the_Golden_Hit/
539554044,20160512,201605,2016,2016.3616,GBR,UNITED KINGDOM,GBR,,,,,,,,,,,,,,,,,,1,043,043,04,1,2.8,2,1,2,4.97737556561086,4,"Bridport, Tasmania, Australia",AS,AS06,-41.0005,147.392,-1561643,0,,,,,,,4,"Bridport, Tasmania, Australia",AS,AS06,-41.0005,147.392,-1561643,20160512,http://www.bridportnews.co.uk/leisure/stage/14487819.Jason_and_the_Golden_Hit/
539557270,20160512,201605,2016,2016.3616,,,,,,,,,,,GBRMIL,BRITISH,GBR,,,,,MIL,,,0,051,051,05,1,3.4,6,1,6,1.59857904085257,0,,,,,,,4,"London, London, City of, United Kingdom",UK,UKH9,51.5,-0.116667,-2601889,4,"London, London, City of, United Kingdom",UK,UKH9,51.5,-0.116667,-2601889,20160512,http://www.militarymodelling.com/news/article/somme-100-golden-storyteller/23481
539557952,20160512,201605,2016,2016.3616,GBRMIL,UNITED KINGDOM,GBR,,,,,MIL,,,GBR,BRITISH,GBR,,,,,,,,0,051,051,05,1,3.4,2,1,2,1.59857904085257,4,"London, London, City of, United Kingdom",UK,UKH9,51.5,-0.116667,-2601889,4,"London, London, City of, United Kingdom",UK,UKH9,51.5,-0.116667,-2601889,4,"London, London, City of, United Kingdom",UK,UKH9,51.5,-0.116667,-2601889,20160512,http://www.militarymodelling.com/news/article/somme-100-golden-storyteller/23481
539561804,20160512,201605,2016,2016.3616,EGY,EGYPTIAN,EGY,,,,,,,,BUS,PRODUCER,,,,,,BUS,,,0,020,020,02,1,3.0,5,1,5,1.2448132780083,1,Egypt,EG,EG,27,30,EG,1,Egypt,EG,EG,27,30,EG,1,Egypt,EG,EG,27,30,EG,20160512,http://www.miningmx.com/top-story/27236-gold-miners-net-cash-by-2018-as-goldmans-ups-price-deck/
539562112,20160512,201605,2016,2016.3616,GUY,GUYANA,GUY,,,,,,,,,,,,,,,,,,1,010,010,01,1,0.0,20,2,20,0.915289161016344,1,Guyana,GY,GY,5,-59,GY,0,,,,,,,1,Guyana,GY,GY,5,-59,GY,20160512,http://www.mideasttime.com/clarus-securities-downgrades-guyana-goldfields-inc-guy-to-hold/951115/
539562504,20160512,201605,2016,2016.3616,MNCUSA,GOLDMAN SACHS,USA,,,,,MNC,,,,,,,,,,,,,1,060,060,06,2,6.0,10,1,10,1.2448132780083,1,India,IN,IN,20,77,IN,0,,,,,,,1,India,IN,IN,20,77,IN,20160512,http://www.miningmx.com/top-story/27236-gold-miners-net-cash-by-2018-as-goldmans-ups-price-deck/
539562505,20160512,201605,2016,2016.3616,MNCUSA,GOLDMAN SACHS,USA,,,,,MNC,,,,,,,,,,,,,1,080,080,08,2,5.0,10,1,10,1.2448132780083,1,Egypt,EG,EG,27,30,EG,0,,,,,,,1,Egypt,EG,EG,27,30,EG,20160512,http://www.miningmx.com/top-story/27236-gold-miners-net-cash-by-2018-as-goldmans-ups-price-deck/
539569787,20160512,201605,2016,2016.3616,AFR,AFRICA,AFR,,,,,,,,,,,,,,,,,,1,020,020,02,1,3.0,10,1,10,2.45183887915937,1,India,IN,IN,20,77,IN,0,,,,,,,1,India,IN,IN,20,77,IN,20160512,http://www.miningreview.com/news/record-gold-demand-in-q1-2016-world-gold-council-reports/
539570376,20160512,201605,2016,2016.3616,ESP,SPAIN,ESP,,,,,,,,ISL,ICELAND,ISL,,,,,,,,0,0831,083,08,2,5.0,60,11,60,-0.770184068471612,1,Spain,SP,SP,40,-4,SP,1,Iceland,IC,IC,65,-18,IC,1,Spain,SP,SP,40,-4,SP,20160512,https://www.yahoo.com/news/us-queries-goldman-sachs-others-panama-papers-100622357.html
539570459,20160512,201605,2016,2016.3616,GBR,LONDON,GBR,,,,,,,,,,,,,,,,,,1,010,010,01,1,0.0,10,1,10,3.13111545988258,1,Mali,ML,ML,17,-4,ML,0,,,,,,,1,Mali,ML,ML,17,-4,ML,20160512,http://www.morningstar.co.uk/uk/news/AN_1463044290170169300/alecto-introduces-cora-gold-to-karan-project-to-minimise-costs.aspx
539570661,20160512,201605,2016,2016.3616,GOVENV,ENVIRONMENT MINIST,,,,,,GOV,ENV,,,,,,,,,,,,0,112,112,11,3,-2.0,6,1,6,-1.26811594202898,1,Mexico,MX,MX,23,-102,MX,0,,,,,,,1,Mexico,MX,MX,23,-102,MX,20160512,http://www.terradaily.com/reports/Thai_villagers_hail_gold_mine_closure_in_rare_environmental_win_999.html
539570663,20160512,201605,2016,2016.3616,GOVENV,ENVIRONMENT MINIST,,,,,,GOV,ENV,,MEX,MEXICO,MEX,,,,,,,,0,112,112,11,3,-2.0,2,1,2,-1.26811594202898,1,Mexico,MX,MX,23,-102,MX,1,Mexico,MX,MX,23,-102,MX,1,Mexico,MX,MX,23,-102,MX,20160512,http://www.terradaily.com/reports/Thai_villagers_hail_gold_mine_closure_in_rare_environmental_win_999.html
539570775,20160512,201605,2016,2016.3616,ISLGOV,ICELAND,ISL,,,,,GOV,,,ESP,SPAIN,ESP,,,,,,,,0,0831,083,08,2,5.0,24,7,24,-0.630086694470086,1,Iceland,IC,IC,65,-18,IC,1,Spain,SP,SP,40,-4,SP,1,Spain,SP,SP,40,-4,SP,20160512,https://www.yahoo.com/news/us-queries-goldman-sachs-others-panama-papers-100622357.html
539570776,20160512,201605,2016,2016.3616,ISLGOV,ICELAND,ISL,,,,,GOV,,,ESPGOV,SPAIN,ESP,,,,,GOV,,,0,0831,083,08,2,5.0,22,6,22,-0.60220656215983,1,Russia,RS,RS,60,100,RS,1,Spain,SP,SP,40,-4,SP,1,Iceland,IC,IC,65,-18,IC,20160512,https://www.yahoo.com/news/us-queries-goldman-sachs-others-panama-papers-100622357.html
539570777,20160512,201605,2016,2016.3616,ISLGOV,ICELAND,ISL,,,,,GOV,,,ESPGOV,SPAIN,ESP,,,,,GOV,,,0,0831,083,08,2,5.0,2,1,2,-0.9367681498829,1,Spain,SP,SP,40,-4,SP,1,Spain,SP,SP,40,-4,SP,1,United Kingdom,UK,UK,54,-2,UK,20160512,http://www.dailymail.co.uk/wires/afp/article-3586592/US-queries-Goldman-Sachs-Panama-Papers.html
539570778,20160512,201605,2016,2016.3616,ISLGOV,ICELAND,ISL,,,,,GOV,,,ESPGOVBUS,SPAIN,ESP,,,,,GOV,BUS,,0,0831,083,08,2,5.0,24,7,24,-0.630086694470086,1,Iceland,IC,IC,65,-18,IC,1,Spain,SP,SP,40,-4,SP,1,Spain,SP,SP,40,-4,SP,20160512,https://www.yahoo.com/news/us-queries-goldman-sachs-others-panama-papers-100622357.html
539570779,20160512,201605,2016,2016.3616,ISLGOV,ICELAND,ISL,,,,,GOV,,,ESPGOVBUS,SPAIN,ESP,,,,,GOV,BUS,,0,0831,083,08,2,5.0,22,6,22,-0.60220656215983,1,Russia,RS,RS,60,100,RS,1,United Kingdom,UK,UK,54,-2,UK,1,Iceland,IC,IC,65,-18,IC,20160512,https://www.yahoo.com/news/us-queries-goldman-sachs-others-panama-papers-100622357.html
539570780,20160512,201605,2016,2016.3616,ISLGOV,ICELAND,ISL,,,,,GOV,,,ESPGOVBUS,SPAIN,ESP,,,,,GOV,BUS,,0,0831,083,08,2,5.0,2,1,2,-0.9367681498829,1,Spain,SP,SP,40,-4,SP,1,Russia,RS,RS,60,100,RS,1,United Kingdom,UK,UK,54,-2,UK,20160512,http://www.dailymail.co.uk/wires/afp/article-3586592/US-queries-Goldman-Sachs-Panama-Papers.html
539570782,20160512,201605,2016,2016.3616,ISLGOV,ICELAND,ISL,,,,,GOV,,,ISL,ICELAND,ISL,,,,,,,,0,0831,083,08,2,5.0,36,7,36,-0.630086694470086,1,Iceland,IC,IC,65,-18,IC,1,Iceland,IC,IC,65,-18,IC,1,Spain,SP,SP,40,-4,SP,20160512,https://www.yahoo.com/news/us-queries-goldman-sachs-others-panama-papers-100622357.html
539571101,20160512,201605,2016,2016.3616,MEXGOVENV,MEXICO,MEX,,,,,GOV,ENV,,,,,,,,,,,,0,112,112,11,3,-2.0,2,1,2,-1.26811594202898,1,Mexico,MX,MX,23,-102,MX,0,,,,,,,1,Mexico,MX,MX,23,-102,MX,20160512,http://www.terradaily.com/reports/Thai_villagers_hail_gold_mine_closure_in_rare_environmental_win_999.html
539571151,20160512,201605,2016,2016.3616,MNCUSA,GOLDMAN SACHS,USA,,,,,MNC,,,BUS,BANK,,,,,,BUS,,,1,020,020,02,1,3.0,1,1,1,-0.9367681498829,1,Iceland,IC,IC,65,-18,IC,1,Panama,PM,PM,9,-80,PM,1,Panama,PM,PM,9,-80,PM,20160512,http://www.dailymail.co.uk/wires/afp/article-3586592/US-queries-Goldman-Sachs-Panama-Papers.html
539571152,20160512,201605,2016,2016.3616,MNCUSA,GOLDMAN SACHS,USA,,,,,MNC,,,BUS,BANK,,,,,,BUS,,,1,020,020,02,1,3.0,1,1,1,-0.9367681498829,1,Panama,PM,PM,9,-80,PM,1,Panama,PM,PM,9,-80,PM,1,Panama,PM,PM,9,-80,PM,20160512,http://www.dailymail.co.uk/wires/afp/article-3586592/US-queries-Goldman-Sachs-Panama-Papers.html
539571317,20160512,201605,2016,2016.3616,PAN,PANAMA,PAN,,,,,,,,,,,,,,,,,,0,120,120,12,3,-4.0,2,1,2,-0.9367681498829,1,Iceland,IC,IC,65,-18,IC,0,,,,,,,1,Spain,SP,SP,40,-4,SP,20160512,http://www.dailymail.co.uk/wires/afp/article-3586592/US-queries-Goldman-Sachs-Panama-Papers.html
539571472,20160512,201605,2016,2016.3616,THA,THAI,THA,,,,,,,,THACVL,THAILAND,THA,,,,,CVL,,,1,051,051,05,1,3.4,2,1,2,-1.26811594202898,1,Mexico,MX,MX,23,-102,MX,1,Mexico,MX,MX,23,-102,MX,1,Mexico,MX,MX,23,-102,MX,20160512,http://www.terradaily.com/reports/Thai_villagers_hail_gold_mine_closure_in_rare_environmental_win_999.html
539571473,20160512,201605,2016,2016.3616,THACVL,THAI,THA,,,,,CVL,,,,,,,,,,,,,1,051,051,05,1,3.4,6,1,6,-1.26811594202898,1,Mexico,MX,MX,23,-102,MX,0,,,,,,,1,Mexico,MX,MX,23,-102,MX,20160512,http://www.terradaily.com/reports/Thai_villagers_hail_gold_mine_closure_in_rare_environmental_win_999.html
539571474,20160512,201605,2016,2016.3616,THAGOVBUS,THAILAND,THA,,,,,GOV,BUS,,CVL,VILLAGER,,,,,,CVL,,,0,114,114,11,3,-2.0,3,1,3,-1.26811594202898,4,"Phitsanulok, Phitsanulok, Thailand",TH,TH12,16.8248,100.259,-3252933,4,"Phitsanulok, Phitsanulok, Thailand",TH,TH12,16.8248,100.259,-3252933,4,"Phitsanulok, Phitsanulok, Thailand",TH,TH12,16.8248,100.259,-3252933,20160512,http://www.terradaily.com/reports/Thai_villagers_hail_gold_mine_closure_in_rare_environmental_win_999.html
539571475,20160512,201605,2016,2016.3616,THAGOVBUS,THAILAND,THA,,,,,GOV,BUS,,CVL,VILLAGER,,,,,,CVL,,,0,114,114,11,3,-2.0,2,1,2,-1.26811594202898,1,Mexico,MX,MX,23,-102,MX,1,Mexico,MX,MX,23,-102,MX,1,Mexico,MX,MX,23,-102,MX,20160512,http://www.terradaily.com/reports/Thai_villagers_hail_gold_mine_closure_in_rare_environmental_win_999.html
539571644,20160512,201605,2016,2016.3616,USA,UNITED STATES,USA,,,,,,,,BUS,BANK,,,,,,BUS,,,1,020,020,02,1,3.0,5,4,5,-0.523707648697648,1,Iceland,IC,IC,65,-18,IC,1,Spain,SP,SP,40,-4,SP,1,Iceland,IC,IC,65,-18,IC,20160512,http://www.timeslive.co.za/world/2016/05/12/US-queries-Goldman-Sachs-others-on-Panama-Papers
539571645,20160512,201605,2016,2016.3616,USA,NEW YORK,USA,,,,,,,,BUS,BANK,,,,,,BUS,,,1,020,020,02,1,3.0,22,5,22,-0.523150470992176,1,Iceland,IC,IC,65,-18,IC,1,Spain,SP,SP,40,-4,SP,1,Spain,SP,SP,40,-4,SP,20160512,https://www.yahoo.com/news/us-queries-goldman-sachs-others-panama-papers-100622357.html
539571646,20160512,201605,2016,2016.3616,USA,NEW YORK,USA,,,,,,,,BUS,BANK,,,,,,BUS,,,1,020,020,02,1,3.0,3,2,3,-0.522221841483057,1,Russia,RS,RS,60,100,RS,1,Iceland,IC,IC,65,-18,IC,1,Iceland,IC,IC,65,-18,IC,20160512,https://www.yahoo.com/news/us-queries-goldman-sachs-others-panama-papers-100622357.html
539571661,20160512,201605,2016,2016.3616,USA,THE US,USA,,,,,,,,CRM,CRIMINAL,,,,,,CRM,,,0,090,090,09,2,-2.0,9,5,9,-1.13973458235753,1,Iceland,IC,IC,65,-18,IC,1,Iceland,IC,IC,65,-18,IC,1,Iceland,IC,IC,65,-18,IC,20160512,http://www.dailymail.co.uk/wires/afp/article-3586592/US-queries-Goldman-Sachs-Panama-Papers.html
539571662,20160512,201605,2016,2016.3616,USA,THE US,USA,,,,,,,,CRM,CRIMINAL,,,,,,CRM,,,0,090,090,09,2,-2.0,58,10,58,-0.759078463044193,1,Iceland,IC,IC,65,-18,IC,1,Spain,SP,SP,40,-4,SP,1,Iceland,IC,IC,65,-18,IC,20160512,https://www.yahoo.com/news/us-queries-goldman-sachs-others-panama-papers-100622357.html
539571663,20160512,201605,2016,2016.3616,USA,THE US,USA,,,,,,,,CRM,CRIMINAL,,,,,,CRM,,,0,090,090,09,2,-2.0,22,10,22,-0.759078463044193,1,Iceland,IC,IC,65,-18,IC,1,Spain,SP,SP,40,-4,SP,1,Spain,SP,SP,40,-4,SP,20160512,http://www.timeslive.co.za/world/2016/05/12/US-queries-Goldman-Sachs-others-on-Panama-Papers
539571664,20160512,201605,2016,2016.3616,USA,THE US,USA,,,,,,,,CRM,CRIMINAL,,,,,,CRM,,,0,090,090,09,2,-2.0,37,10,37,-0.760298206132698,1,Israel,IS,IS,31.5,34.75,IS,1,Israel,IS,IS,31.5,34.75,IS,1,Israel,IS,IS,31.5,34.75,IS,20160512,https://www.yahoo.com/news/us-queries-goldman-sachs-others-panama-papers-100622357.html
539571665,20160512,201605,2016,2016.3616,USA,THE US,USA,,,,,,,,CRM,CRIMINAL,,,,,,CRM,,,0,090,090,09,2,-2.0,7,1,7,-0.9367681498829,1,Panama,PM,PM,9,-80,PM,1,Panama,PM,PM,9,-80,PM,1,Panama,PM,PM,9,-80,PM,20160512,http://www.dailymail.co.uk/wires/afp/article-3586592/US-queries-Goldman-Sachs-Panama-Papers.html
539571666,20160512,201605,2016,2016.3616,USA,THE US,USA,,,,,,,,CRM,CRIMINAL,,,,,,CRM,,,0,090,090,09,2,-2.0,18,6,18,-0.60220656215983,1,Russia,RS,RS,60,100,RS,1,United Kingdom,UK,UK,54,-2,UK,1,Spain,SP,SP,40,-4,SP,20160512,http://www.timeslive.co.za/world/2016/05/12/US-queries-Goldman-Sachs-others-on-Panama-Papers
539571667,20160512,201605,2016,2016.3616,USA,THE US,USA,,,,,,,,CRM,CRIMINAL,,,,,,CRM,,,0,090,090,09,2,-2.0,5,5,5,-1.13973458235753,1,Switzerland,SZ,SZ,47,8,SZ,1,Switzerland,SZ,SZ,47,8,SZ,1,Switzerland,SZ,SZ,47,8,SZ,20160512,http://www.dailymail.co.uk/wires/afp/article-3586592/US-queries-Goldman-Sachs-Panama-Papers.html
539574062,20160512,201605,2016,2016.3616,ARG,ARGENTINA,ARG,,,,,,,,BOL,SANTA CRUZ,BOL,,,,,,,,1,043,043,04,1,2.8,1,1,1,-0.10427528675704,4,"Paramaribo, Paramaribo, Suriname",NS,NS16,5.83333,-55.1667,-914899,4,"Ergama, Balikesir, Turkey",TU,TU10,39.6266,27.6387,-750105,4,"Nassau, New Providence, Bahamas, The",BF,BF23,25.0833,-77.35,-1543832,20160512,http://www.goldseiten.de/artikel/285365--Mariana-Resources-Ltd-~-Issue-of-Equity---Warrant-Exercise.html
539578168,20160512,201605,2016,2016.3616,ARE,DUBAI,ARE,,,,,,,,BUS,BANK,,,,,,BUS,,,1,043,043,04,1,2.8,5,1,5,1.95121951219512,4,"Dubai, Dubayy, United Arab Emirates",AE,AE03,25.2522,55.28,-782831,4,"Dubai, Dubayy, United Arab Emirates",AE,AE03,25.2522,55.28,-782831,4,"Dubai, Dubayy, United Arab Emirates",AE,AE03,25.2522,55.28,-782831,20160512,http://www.bulliondesk.com/gold-news/newsbreak-scotiamocatta-to-close-dubai-trading-desk-sources-112981/
539578274,20160512,201605,2016,2016.3616,BUS,BANK,,,,,,BUS,,,ARE,DUBAI,ARE,,,,,,,,1,010,010,01,1,0.0,5,1,5,1.95121951219512,4,"Dubai, Dubayy, United Arab Emirates",AE,AE03,25.2522,55.28,-782831,4,"Dubai, Dubayy, United Arab Emirates",AE,AE03,25.2522,55.28,-782831,4,"Dubai, Dubayy, United Arab Emirates",AE,AE03,25.2522,55.28,-782831,20160512,http://www.bulliondesk.com/gold-news/newsbreak-scotiamocatta-to-close-dubai-trading-desk-sources-112981/
539578275,20160512,201605,2016,2016.3616,BUS,BANK,,,,,,BUS,,,ARE,DUBAI,ARE,,,,,,,,1,042,042,04,1,1.9,5,1,5,1.95121951219512,4,"Dubai, Dubayy, United Arab Emirates",AE,AE03,25.2522,55.28,-782831,4,"Dubai, Dubayy, United Arab Emirates",AE,AE03,25.2522,55.28,-782831,4,"Dubai, Dubayy, United Arab Emirates",AE,AE03,25.2522,55.28,-782831,20160512,http://www.bulliondesk.com/gold-news/newsbreak-scotiamocatta-to-close-dubai-trading-desk-sources-112981/
539578883,20160512,201605,2016,2016.3616,GOVBUS,CENTRAL BANK,,,,,,GOV,BUS,,GOV,SOVEREIGN,,,,,,GOV,,,0,080,080,08,2,5.0,10,1,10,1.82481751824817,1,China,CH,CH,35,105,CH,1,China,CH,CH,35,105,CH,1,China,CH,CH,35,105,CH,20160512,http://www.kitco.com/news/2016-05-12/Gold-Demand-Jumps-21-In-Q1-on-Record-Investor-Interst-WGC.html
539582100,20160512,201605,2016,2016.3616,,,,,,,,,,,CVL,POPULATION,,,,,,CVL,,,1,043,043,04,1,2.8,5,1,5,-0.79610791685095,0,,,,,,,1,Algeria,AG,AG,28,3,AG,1,Algeria,AG,AG,28,3,AG,20160512,http://www.economist.com/news/special-report/21698438-rentier-system-trouble-big-oil-producing-states-and-beyond-black-gold
539582925,20160512,201605,2016,2016.3616,EGY,EGYPT,EGY,,,,,,,,,,,,,,,,,,0,051,051,05,1,3.4,5,1,5,-0.79610791685095,4,"Casablanca, Grand Casablanca, Morocco",MO,MO45,33.59,-7.61,-28159,0,,,,,,,4,"Casablanca, Grand Casablanca, Morocco",MO,MO45,33.59,-7.61,-28159,20160512,http://www.economist.com/news/special-report/21698438-rentier-system-trouble-big-oil-producing-states-and-beyond-black-gold
539583145,20160512,201605,2016,2016.3616,GOV,GOVERNMENT,,,,,,GOV,,,EDU,SCHOOL,,,,,,EDU,,,0,071,071,07,2,7.4,2,1,2,-0.79610791685095,4,"Casablanca, Grand Casablanca, Morocco",MO,MO45,33.59,-7.61,-28159,4,"Casablanca, Grand Casablanca, Morocco",MO,MO45,33.59,-7.61,-28159,4,"Casablanca, Grand Casablanca, Morocco",MO,MO45,33.59,-7.61,-28159,20160512,http://www.economist.com/news/special-report/21698438-rentier-system-trouble-big-oil-producing-states-and-beyond-black-gold
539583146,20160512,201605,2016,2016.3616,GOV,GOVERNMENT,,,,,,GOV,,,EDU,SCHOOL,,,,,,EDU,,,0,071,071,07,2,7.4,6,1,6,-0.79610791685095,1,Canada,CA,CA,60,-95,CA,4,"Casablanca, Grand Casablanca, Morocco",MO,MO45,33.59,-7.61,-28159,1,Canada,CA,CA,60,-95,CA,20160512,http://www.economist.com/news/special-report/21698438-rentier-system-trouble-big-oil-producing-states-and-beyond-black-gold
539583147,20160512,201605,2016,2016.3616,GOV,GOVERNMENT,,,,,,GOV,,,EDU,SCHOOL,,,,,,EDU,,,0,071,071,07,2,7.4,2,1,2,-0.79610791685095,1,Canada,CA,CA,60,-95,CA,1,Canada,CA,CA,60,-95,CA,1,Canada,CA,CA,60,-95,CA,20160512,http://www.economist.com/news/special-report/21698438-rentier-system-trouble-big-oil-producing-states-and-beyond-black-gold
539583424,20160512,201605,2016,2016.3616,ISL,ICELAND,ISL,,,,,,,,BUS,COMPANIES,,,,,,BUS,,,0,0831,083,08,2,5.0,4,4,4,-1.19047619047619,1,Russia,RS,RS,60,100,RS,1,Iceland,IC,IC,65,-18,IC,1,Iceland,IC,IC,65,-18,IC,20160512,http://zululandobserver.co.za/afp/179191/us-queries-goldman-sachs-others-on-panama-papers
539583425,20160512,201605,2016,2016.3616,ISL,ICELAND,ISL,,,,,,,,ESP,SPAIN,ESP,,,,,,,,0,0831,083,08,2,5.0,8,4,8,-1.19047619047619,1,Iceland,IC,IC,65,-18,IC,1,Spain,SP,SP,40,-4,SP,1,Spain,SP,SP,40,-4,SP,20160512,http://zululandobserver.co.za/afp/179191/us-queries-goldman-sachs-others-on-panama-papers
539583426,20160512,201605,2016,2016.3616,ISL,ICELAND,ISL,,,,,,,,ESP,SPAIN,ESP,,,,,,,,0,0831,083,08,2,5.0,4,4,4,-1.19047619047619,1,Russia,RS,RS,60,100,RS,1,United Kingdom,UK,UK,54,-2,UK,1,Iceland,IC,IC,65,-18,IC,20160512,http://zululandobserver.co.za/afp/179191/us-queries-goldman-sachs-others-on-panama-papers
539583427,20160512,201605,2016,2016.3616,ISL,ICELAND,ISL,,,,,,,,ESPGOV,SPAIN,ESP,,,,,GOV,,,0,0831,083,08,2,5.0,4,4,4,-1.19047619047619,1,Russia,RS,RS,60,100,RS,1,Spain,SP,SP,40,-4,SP,1,Iceland,IC,IC,65,-18,IC,20160512,http://zululandobserver.co.za/afp/179191/us-queries-goldman-sachs-others-on-panama-papers
539583778,20160512,201605,2016,2016.3616,MNCUSA,GOLDMAN SACHS,USA,,,,,MNC,,,BUS,BANK,,,,,,BUS,,,1,020,020,02,1,3.0,4,4,4,-1.19047619047619,1,Spain,SP,SP,40,-4,SP,1,Iceland,IC,IC,65,-18,IC,1,Iceland,IC,IC,65,-18,IC,20160512,http://zululandobserver.co.za/afp/179191/us-queries-goldman-sachs-others-on-panama-papers
539583779,20160512,201605,2016,2016.3616,MNCUSA,GOLDMAN SACHS,USA,,,,,MNC,,,BUS,BANK,,,,,,BUS,,,1,020,020,02,1,3.0,4,4,4,-1.19047619047619,1,Spain,SP,SP,40,-4,SP,1,Spain,SP,SP,40,-4,SP,1,Spain,SP,SP,40,-4,SP,20160512,http://zululandobserver.co.za/afp/179191/us-queries-goldman-sachs-others-on-panama-papers
539583817,20160512,201605,2016,2016.3616,MOSSUN,SUNNI,,,,MOS,SUN,,,,GOV,GOVERNMENT,,,,,,GOV,,,0,051,051,05,1,3.4,5,1,5,-0.79610791685095,4,"Tahrir Square, ?ajjah, Yemen",YM,YM22,16.9394,43.764,11039737,4,"Tahrir Square, ?ajjah, Yemen",YM,YM22,16.9394,43.764,11039737,4,"Tahrir Square, ?ajjah, Yemen",YM,YM22,16.9394,43.764,11039737,20160512,http://www.economist.com/news/special-report/21698438-rentier-system-trouble-big-oil-producing-states-and-beyond-black-gold
539584443,20160512,201605,2016,2016.3616,USA,THE US,USA,,,,,,,,CRM,CRIMINAL,,,,,,CRM,,,0,090,090,09,2,-2.0,4,4,4,-1.19047619047619,1,Russia,RS,RS,60,100,RS,1,Spain,SP,SP,40,-4,SP,1,Russia,RS,RS,60,100,RS,20160512,http://zululandobserver.co.za/afp/179191/us-queries-goldman-sachs-others-on-panama-papers
539588769,20160512,201605,2016,2016.3616,,,,,,,,,,,BUS,COMPANY,,,,,,BUS,,,1,042,042,04,1,1.9,24,3,24,6.27895204924944,0,,,,,,,4,"Asanko, Western, Ghana",GH,GH09,4.92224,-2.31557,-2069826,4,"Asanko, Western, Ghana",GH,GH09,4.92224,-2.31557,-2069826,20160512,http://www.marketwatch.com/story/asanko-gold-q1-2016-results-and-site-visit-presentations-2016-05-12
539588779,20160512,201605,2016,2016.3616,,,,,,,,,,,CAN,VANCOUVER,CAN,,,,,,,,1,042,042,04,1,1.9,2,2,2,6.30838022698422,0,,,,,,,4,"Vancouver, British Columbia, Canada",CA,CA02,49.25,-123.133,-575268,4,"Asanko, Western, Ghana",GH,GH09,4.92224,-2.31557,-2069826,20160512,http://www.marketwatch.com/story/asanko-gold-q1-2016-results-and-site-visit-presentations-2016-05-12
539588787,20160512,201605,2016,2016.3616,,,,,,,,,,,CVL,COMMUNITY,,,,,,CVL,,,1,010,010,01,1,0.0,2,1,2,1.23456790123457,0,,,,,,,3,"Ridgecrest Village, Iowa, United States",US,USIA,41.5639,-90.5849,2046291,3,"Ridgecrest Village, Iowa, United States",US,USIA,41.5639,-90.5849,2046291,20160512,http://qctimes.com/business/ridgecrest-village-celebrates-golden-anniversary/article_bc48a6c2-9788-5acc-b501-35024f5d46f8.html
539588791,20160512,201605,2016,2016.3616,,,,,,,,,,,CVL,RESIDENTS,,,,,,CVL,,,1,043,043,04,1,2.8,4,1,4,1.23456790123457,0,,,,,,,3,"Ridgecrest Village, Iowa, United States",US,USIA,41.5639,-90.5849,2046291,3,"Ridgecrest Village, Iowa, United States",US,USIA,41.5639,-90.5849,2046291,20160512,http://qctimes.com/business/ridgecrest-village-celebrates-golden-anniversary/article_bc48a6c2-9788-5acc-b501-35024f5d46f8.html
539589004,20160512,201605,2016,2016.3616,AFR,AFRICA,AFR,,,,,,,,BUS,INVESTOR,,,,,,BUS,,,1,043,043,04,1,2.8,7,2,7,6.22208104191069,4,"Asanko, Western, Ghana",GH,GH09,4.92224,-2.31557,-2069826,4,"Asanko, Western, Ghana",GH,GH09,4.92224,-2.31557,-2069826,4,"Asanko, Western, Ghana",GH,GH09,4.92224,-2.31557,-2069826,20160512,http://www.marketwatch.com/story/asanko-gold-q1-2016-results-and-site-visit-presentations-2016-05-12
539589151,20160512,201605,2016,2016.3616,BUS,COMPANY,,,,,,BUS,,,,,,,,,,,,,1,043,043,04,1,2.8,24,3,24,6.27895204924944,4,"Asanko, Western, Ghana",GH,GH09,4.92224,-2.31557,-2069826,0,,,,,,,4,"Asanko, Western, Ghana",GH,GH09,4.92224,-2.31557,-2069826,20160512,http://www.marketwatch.com/story/asanko-gold-q1-2016-results-and-site-visit-presentations-2016-05-12
539589177,20160512,201605,2016,2016.3616,BUS,INVESTOR,,,,,,BUS,,,AFR,AFRICA,AFR,,,,,,,,1,042,042,04,1,1.9,7,2,7,6.22208104191069,4,"Asanko, Western, Ghana",GH,GH09,4.92224,-2.31557,-2069826,4,"Asanko, Western, Ghana",GH,GH09,4.92224,-2.31557,-2069826,4,"Asanko, Western, Ghana",GH,GH09,4.92224,-2.31557,-2069826,20160512,http://www.marketwatch.com/story/asanko-gold-q1-2016-results-and-site-visit-presentations-2016-05-12
539589186,20160512,201605,2016,2016.3616,BUS,INVESTOR,,,,,,BUS,,,GHA,GHANA,GHA,,,,,,,,1,042,042,04,1,1.9,23,3,23,6.27895204924944,4,"Asanko, Western, Ghana",GH,GH09,4.92224,-2.31557,-2069826,4,"Asanko, Western, Ghana",GH,GH09,4.92224,-2.31557,-2069826,4,"Asanko, Western, Ghana",GH,GH09,4.92224,-2.31557,-2069826,20160512,http://www.marketwatch.com/story/asanko-gold-q1-2016-results-and-site-visit-presentations-2016-05-12
539589243,20160512,201605,2016,2016.3616,CAN,VANCOUVER,CAN,,,,,,,,,,,,,,,,,,1,043,043,04,1,2.8,2,2,2,6.30838022698422,4,"Asanko, Western, Ghana",GH,GH09,4.92224,-2.31557,-2069826,0,,,,,,,4,"Asanko, Western, Ghana",GH,GH09,4.92224,-2.31557,-2069826,20160512,http://www.marketwatch.com/story/asanko-gold-q1-2016-results-and-site-visit-presentations-2016-05-12
539589250,20160512,201605,2016,2016.3616,CAN,CANADA,CAN,,,,,,,,GBR,UNITED KINGDOM,GBR,,,,,,,,1,043,043,04,1,2.8,2,1,2,6.22406639004149,4,"Asanko, Western, Ghana",GH,GH09,4.92224,-2.31557,-2069826,4,"Asanko, Western, Ghana",GH,GH09,4.92224,-2.31557,-2069826,4,"Asanko, Western, Ghana",GH,GH09,4.92224,-2.31557,-2069826,20160512,http://www.marketwatch.com/story/asanko-gold-q1-2016-results-and-site-visit-presentations-2016-05-12
539589305,20160512,201605,2016,2016.3616,CHRPRO300,PRESBYTERIAN,,,,CHR,PRO,,,,CVL,COMMUNITY,,,,,,CVL,,,0,043,043,04,1,2.8,10,1,10,1.23456790123457,3,"Ridgecrest Village, Iowa, United States",US,USIA,41.5639,-90.5849,2046291,3,"Ridgecrest Village, Iowa, United States",US,USIA,41.5639,-90.5849,2046291,3,"Ridgecrest Village, Iowa, United States",US,USIA,41.5639,-90.5849,2046291,20160512,http://qctimes.com/business/ridgecrest-village-celebrates-golden-anniversary/article_bc48a6c2-9788-5acc-b501-35024f5d46f8.html
539589306,20160512,201605,2016,2016.3616,CHRPRO300GOV,PRESBYTERIAN,,,,CHR,PRO,GOV,,,USA,MISSOURI,USA,,,,,,,,0,010,010,01,1,0.0,1,1,1,1.23456790123457,3,"Valley View, Missouri, United States",US,USMO,38.2061,-93.4283,728105,2,"Missouri, United States",US,USMO,38.4623,-92.302,MO,3,"Valley View, Missouri, United States",US,USMO,38.2061,-93.4283,728105,20160512,http://qctimes.com/business/ridgecrest-village-celebrates-golden-anniversary/article_bc48a6c2-9788-5acc-b501-35024f5d46f8.html
539589307,20160512,201605,2016,2016.3616,CHRPRO300GOV,PRESBYTERIAN,,,,CHR,PRO,GOV,,,USA,UNITED STATES,USA,,,,,,,,0,010,010,01,1,0.0,3,1,3,1.23456790123457,2,"Missouri, United States",US,USMO,38.4623,-92.302,MO,2,"Missouri, United States",US,USMO,38.4623,-92.302,MO,3,"Valley View, Missouri, United States",US,USMO,38.2061,-93.4283,728105,20160512,http://qctimes.com/business/ridgecrest-village-celebrates-golden-anniversary/article_bc48a6c2-9788-5acc-b501-35024f5d46f8.html
539589401,20160512,201605,2016,2016.3616,CVL,VILLAGE,,,,,,CVL,,,,,,,,,,,,,1,017,017,01,1,0.0,2,1,2,1.23456790123457,3,"Ridgecrest Village, Iowa, United States",US,USIA,41.5639,-90.5849,2046291,0,,,,,,,3,"Ridgecrest Village, Iowa, United States",US,USIA,41.5639,-90.5849,2046291,20160512,http://qctimes.com/business/ridgecrest-village-celebrates-golden-anniversary/article_bc48a6c2-9788-5acc-b501-35024f5d46f8.html
539589405,20160512,201605,2016,2016.3616,CVL,RESIDENTS,,,,,,CVL,,,,,,,,,,,,,1,042,042,04,1,1.9,4,1,4,1.23456790123457,3,"Ridgecrest Village, Iowa, United States",US,USIA,41.5639,-90.5849,2046291,0,,,,,,,3,"Ridgecrest Village, Iowa, United States",US,USIA,41.5639,-90.5849,2046291,20160512,http://qctimes.com/business/ridgecrest-village-celebrates-golden-anniversary/article_bc48a6c2-9788-5acc-b501-35024f5d46f8.html
539589409,20160512,201605,2016,2016.3616,CVL,COMMUNITY,,,,,,CVL,,,,,,,,,,,,,1,051,051,05,1,3.4,10,1,10,1.23456790123457,3,"Ridgecrest Village, Iowa, United States",US,USIA,41.5639,-90.5849,2046291,0,,,,,,,3,"Ridgecrest Village, Iowa, United States",US,USIA,41.5639,-90.5849,2046291,20160512,http://qctimes.com/business/ridgecrest-village-celebrates-golden-anniversary/article_bc48a6c2-9788-5acc-b501-35024f5d46f8.html
539589420,20160512,201605,2016,2016.3616,CVL,COMMUNITY,,,,,,CVL,,,,,,,,,,,,,1,192,192,19,4,-9.5,10,1,10,1.23456790123457,3,"Ridgecrest Village, Iowa, United States",US,USIA,41.5639,-90.5849,2046291,0,,,,,,,3,"Ridgecrest Village, Iowa, United States",US,USIA,41.5639,-90.5849,2046291,20160512,http://qctimes.com/business/ridgecrest-village-celebrates-golden-anniversary/article_bc48a6c2-9788-5acc-b501-35024f5d46f8.html
539589426,20160512,201605,2016,2016.3616,CVL,COMMUNITY,,,,,,CVL,,,CHRPRO300,PRESBYTERIAN,,,,CHR,PRO,,,,0,042,042,04,1,1.9,10,1,10,1.23456790123457,3,"Ridgecrest Village, Iowa, United States",US,USIA,41.5639,-90.5849,2046291,3,"Ridgecrest Village, Iowa, United States",US,USIA,41.5639,-90.5849,2046291,3,"Ridgecrest Village, Iowa, United States",US,USIA,41.5639,-90.5849,2046291,20160512,http://qctimes.com/business/ridgecrest-village-celebrates-golden-anniversary/article_bc48a6c2-9788-5acc-b501-35024f5d46f8.html
539589456,20160512,201605,2016,2016.3616,CVL,VILLAGE,,,,,,CVL,,,USA,UNITED STATES,USA,,,,,,,,1,017,017,01,1,0.0,2,1,2,1.23456790123457,3,"Ridgecrest Village, Iowa, United States",US,USIA,41.5639,-90.5849,2046291,3,"Ridgecrest Village, Iowa, United States",US,USIA,41.5639,-90.5849,2046291,3,"Ridgecrest Village, Iowa, United States",US,USIA,41.5639,-90.5849,2046291,20160512,http://qctimes.com/business/ridgecrest-village-celebrates-golden-anniversary/article_bc48a6c2-9788-5acc-b501-35024f5d46f8.html
539589459,20160512,201605,2016,2016.3616,CVL,RESIDENTS,,,,,,CVL,,,USA,UNITED STATES,USA,,,,,,,,1,042,042,04,1,1.9,6,1,6,1.23456790123457,3,"Ridgecrest Village, Iowa, United States",US,USIA,41.5639,-90.5849,2046291,3,"Ridgecrest Village, Iowa, United States",US,USIA,41.5639,-90.5849,2046291,3,"Ridgecrest Village, Iowa, United States",US,USIA,41.5639,-90.5849,2046291,20160512,http://qctimes.com/business/ridgecrest-village-celebrates-golden-anniversary/article_bc48a6c2-9788-5acc-b501-35024f5d46f8.html
539589607,20160512,201605,2016,2016.3616,GBR,UNITED KINGDOM,GBR,,,,,,,,CAN,CANADA,CAN,,,,,,,,1,042,042,04,1,1.9,1,1,1,6.22406639004149,4,"Vancouver, British Columbia, Canada",CA,CA02,49.25,-123.133,-575268,4,"Vancouver, British Columbia, Canada",CA,CA02,49.25,-123.133,-575268,4,"Asanko, Western, Ghana",GH,GH09,4.92224,-2.31557,-2069826,20160512,http://www.marketwatch.com/story/asanko-gold-q1-2016-results-and-site-visit-presentations-2016-05-12
539589608,20160512,201605,2016,2016.3616,GBR,UNITED KINGDOM,GBR,,,,,,,,CAN,CANADA,CAN,,,,,,,,1,042,042,04,1,1.9,1,1,1,6.22406639004149,1,United Kingdom,UK,UK,54,-2,UK,4,"Vancouver, British Columbia, Canada",CA,CA02,49.25,-123.133,-575268,4,"Asanko, Western, Ghana",GH,GH09,4.92224,-2.31557,-2069826,20160512,http://www.marketwatch.com/story/asanko-gold-q1-2016-results-and-site-visit-presentations-2016-05-12
539589678,20160512,201605,2016,2016.3616,GHA,GHANA,GHA,,,,,,,,BUS,INVESTOR,,,,,,BUS,,,1,043,043,04,1,2.8,23,3,23,6.27895204924944,4,"Asanko, Western, Ghana",GH,GH09,4.92224,-2.31557,-2069826,4,"Asanko, Western, Ghana",GH,GH09,4.92224,-2.31557,-2069826,4,"Asanko, Western, Ghana",GH,GH09,4.92224,-2.31557,-2069826,20160512,http://www.marketwatch.com/story/asanko-gold-q1-2016-results-and-site-visit-presentations-2016-05-12
539590962,20160512,201605,2016,2016.3616,USA,UNITED STATES,USA,,,,,,,,,,,,,,,,,,0,010,010,01,1,0.0,2,1,2,1.23456790123457,3,"Valley View, Missouri, United States",US,USMO,38.2061,-93.4283,728105,0,,,,,,,3,"Valley View, Missouri, United States",US,USMO,38.2061,-93.4283,728105,20160512,http://qctimes.com/business/ridgecrest-village-celebrates-golden-anniversary/article_bc48a6c2-9788-5acc-b501-35024f5d46f8.html
539590968,20160512,201605,2016,2016.3616,USA,UNITED STATES,USA,,,,,,,,,,,,,,,,,,1,017,017,01,1,0.0,4,1,4,1.23456790123457,3,"Ridgecrest Village, Iowa, United States",US,USIA,41.5639,-90.5849,2046291,0,,,,,,,3,"Ridgecrest Village, Iowa, United States",US,USIA,41.5639,-90.5849,2046291,20160512,http://qctimes.com/business/ridgecrest-village-celebrates-golden-anniversary/article_bc48a6c2-9788-5acc-b501-35024f5d46f8.html
539591063,20160512,201605,2016,2016.3616,USA,UNITED STATES,USA,,,,,,,,CVL,COMMUNITY,,,,,,CVL,,,1,010,010,01,1,0.0,8,1,8,1.23456790123457,3,"Ridgecrest Village, Iowa, United States",US,USIA,41.5639,-90.5849,2046291,3,"Ridgecrest Village, Iowa, United States",US,USIA,41.5639,-90.5849,2046291,3,"Ridgecrest Village, Iowa, United States",US,USIA,41.5639,-90.5849,2046291,20160512,http://qctimes.com/business/ridgecrest-village-celebrates-golden-anniversary/article_bc48a6c2-9788-5acc-b501-35024f5d46f8.html
539591069,20160512,201605,2016,2016.3616,USA,UNITED STATES,USA,,,,,,,,CVL,RESIDENTS,,,,,,CVL,,,1,043,043,04,1,2.8,6,1,6,1.23456790123457,3,"Ridgecrest Village, Iowa, United States",US,USIA,41.5639,-90.5849,2046291,3,"Ridgecrest Village, Iowa, United States",US,USIA,41.5639,-90.5849,2046291,3,"Ridgecrest Village, Iowa, United States",US,USIA,41.5639,-90.5849,2046291,20160512,http://qctimes.com/business/ridgecrest-village-celebrates-golden-anniversary/article_bc48a6c2-9788-5acc-b501-35024f5d46f8.html
539591444,20160512,201605,2016,2016.3616,,,,,,,,,,,BUS,INVESTOR,,,,,,BUS,,,0,060,060,06,2,6.0,10,1,10,3.57142857142857,0,,,,,,,4,"Hanoi, Ha N?i, Vietnam, Republic Of",VM,VM44,21.0333,105.85,-3714993,4,"Hanoi, Ha N?i, Vietnam, Republic Of",VM,VM44,21.0333,105.85,-3714993,20160512,http://english.vietnamnet.vn/fms/business/156124/soes-holding--golden-land--sell-at-high-prices.html
539591447,20160512,201605,2016,2016.3616,,,,,,,,,,,BUS,BANK,,,,,,BUS,,,1,112,112,11,3,-2.0,10,1,10,-0.70175438596491,0,,,,,,,1,Canada,CA,CA,60,-95,CA,1,Canada,CA,CA,60,-95,CA,20160512,http://www.zerohedge.com/news/2016-05-12/regulators-want-know-what-goldman-was-doing-panama-papers-database
539591562,20160512,201605,2016,2016.3616,,,,,,,,,,,MNCJPN,SONY,JPN,,,,,MNC,,,1,036,036,03,1,4.0,10,1,10,3.1055900621118,0,,,,,,,4,"Barcelona, Comunidad Autonoma de Cataluna, Spain",SP,SP56,41.3833,2.18333,-372490,4,"Barcelona, Comunidad Autonoma de Cataluna, Spain",SP,SP56,41.3833,2.18333,-372490,20160512,http://www.mobilenewscwp.co.uk/2016/05/12/carphone-opens-pre-orders-for-exclusive-gold-sony-xperia-x/
539593103,20160512,201605,2016,2016.3616,MNCJPN,SONY,JPN,,,,,MNC,,,,,,,,,,,,,1,036,036,03,1,4.0,10,1,10,3.1055900621118,4,"Barcelona, Comunidad Autonoma de Cataluna, Spain",SP,SP56,41.3833,2.18333,-372490,0,,,,,,,4,"Barcelona, Comunidad Autonoma de Cataluna, Spain",SP,SP56,41.3833,2.18333,-372490,20160512,http://www.mobilenewscwp.co.uk/2016/05/12/carphone-opens-pre-orders-for-exclusive-gold-sony-xperia-x/
539593523,20160512,201605,2016,2016.3616,USA,NEW YORK,USA,,,,,,,,,,,,,,,,,,1,090,090,09,2,-2.0,22,11,22,-1.77745114120067,1,Canada,CA,CA,60,-95,CA,0,,,,,,,1,Canada,CA,CA,60,-95,CA,20160512,http://www.zerohedge.com/news/2016-05-12/regulators-want-know-what-goldman-was-doing-panama-papers-database
539593609,20160512,201605,2016,2016.3616,USA,NEW YORK STATE,USA,,,,,,,,GOV,REGULATOR,,,,,,GOV,,,1,090,090,09,2,-2.0,8,1,8,-0.70175438596491,1,Canada,CA,CA,60,-95,CA,1,Canada,CA,CA,60,-95,CA,1,Canada,CA,CA,60,-95,CA,20160512,http://www.zerohedge.com/news/2016-05-12/regulators-want-know-what-goldman-was-doing-panama-papers-database
539595933,20160512,201605,2016,2016.3616,,,,,,,,,,,GBR,BRITISH,GBR,,,,,,,,1,042,042,04,1,1.9,1,1,1,2.46020260492041,0,,,,,,,1,India,IN,IN,20,77,IN,1,India,IN,IN,20,77,IN,20160512,http://www.odditycentral.com/news/worlds-most-expensive-tea-is-worth-over-30-times-its-weight-in-gold.html
539596250,20160512,201605,2016,2016.3616,CAN,BRITISH COLUMBIA,CAN,,,,,,,,GHA,GHANA,GHA,,,,,,,,1,042,042,04,1,1.9,2,1,2,6.39269406392694,4,"Vancouver, British Columbia, Canada",CA,CA02,49.25,-123.133,-575268,4,"Asanko, Western, Ghana",GH,GH09,4.92224,-2.31557,-2069826,4,"Asanko, Western, Ghana",GH,GH09,4.92224,-2.31557,-2069826,20160512,http://www.marketwired.com/press-release/asanko-gold-q1-2016-results-and-site-visit-presentations-tsx-akg-2124235.htm
539596256,20160512,201605,2016,2016.3616,CHN,CHINA,CHN,,,,,,,,,,,,,,,,,,1,045,045,04,1,5.0,2,1,2,2.46020260492041,4,"Wuyishan, Jiangxi, China",CH,CH03,28.0047,117.811,10551912,0,,,,,,,4,"Wuyishan, Jiangxi, China",CH,CH03,28.0047,117.811,10551912,20160512,http://www.odditycentral.com/news/worlds-most-expensive-tea-is-worth-over-30-times-its-weight-in-gold.html
539596271,20160512,201605,2016,2016.3616,CHN,CHINA,CHN,,,,,,,,BUS,PRODUCER,,,,,,BUS,,,1,045,045,04,1,5.0,1,1,1,2.46020260492041,4,"Wuyishan, Jiangxi, China",CH,CH03,28.0047,117.811,10551912,4,"Wuyishan, Jiangxi, China",CH,CH03,28.0047,117.811,10551912,4,"Wuyishan, Jiangxi, China",CH,CH03,28.0047,117.811,10551912,20160512,http://www.odditycentral.com/news/worlds-most-expensive-tea-is-worth-over-30-times-its-weight-in-gold.html
539596272,20160512,201605,2016,2016.3616,CHN,CHINA,CHN,,,,,,,,BUS,PRODUCER,,,,,,BUS,,,1,045,045,04,1,5.0,1,1,1,2.46020260492041,1,India,IN,IN,20,77,IN,4,"Wuyishan, Jiangxi, China",CH,CH03,28.0047,117.811,10551912,1,India,IN,IN,20,77,IN,20160512,http://www.odditycentral.com/news/worlds-most-expensive-tea-is-worth-over-30-times-its-weight-in-gold.html
539596279,20160512,201605,2016,2016.3616,CHN,CHINA,CHN,,,,,,,,CHNMED,CHINA,CHN,,,,,MED,,,1,043,043,04,1,2.8,1,1,1,2.46020260492041,4,"Wuyishan, Jiangxi, China",CH,CH03,28.0047,117.811,10551912,4,"Wuyishan, Jiangxi, China",CH,CH03,28.0047,117.811,10551912,4,"Wuyishan, Jiangxi, China",CH,CH03,28.0047,117.811,10551912,20160512,http://www.odditycentral.com/news/worlds-most-expensive-tea-is-worth-over-30-times-its-weight-in-gold.html
539596280,20160512,201605,2016,2016.3616,CHN,CHINA,CHN,,,,,,,,GBR,BRITISH,GBR,,,,,,,,1,042,042,04,1,1.9,1,1,1,2.46020260492041,4,"Wuyishan, Jiangxi, China",CH,CH03,28.0047,117.811,10551912,4,"London, London, City of, United Kingdom",UK,UKH9,51.5,-0.116667,-2601889,4,"Wuyishan, Jiangxi, China",CH,CH03,28.0047,117.811,10551912,20160512,http://www.odditycentral.com/news/worlds-most-expensive-tea-is-worth-over-30-times-its-weight-in-gold.html
539596281,20160512,201605,2016,2016.3616,CHN,CHINA,CHN,,,,,,,,GBR,UNITED KINGDOM,GBR,,,,,,,,1,042,042,04,1,1.9,2,1,2,2.46020260492041,1,India,IN,IN,20,77,IN,1,India,IN,IN,20,77,IN,1,India,IN,IN,20,77,IN,20160512,http://www.odditycentral.com/news/worlds-most-expensive-tea-is-worth-over-30-times-its-weight-in-gold.html
539596282,20160512,201605,2016,2016.3616,CHN,CHINA,CHN,,,,,,,,GBR,BRITISH,GBR,,,,,,,,1,043,043,04,1,2.8,1,1,1,2.46020260492041,4,"Wuyishan, Jiangxi, China",CH,CH03,28.0047,117.811,10551912,4,"Wuyishan, Jiangxi, China",CH,CH03,28.0047,117.811,10551912,4,"Wuyishan, Jiangxi, China",CH,CH03,28.0047,117.811,10551912,20160512,http://www.odditycentral.com/news/worlds-most-expensive-tea-is-worth-over-30-times-its-weight-in-gold.html
539596286,20160512,201605,2016,2016.3616,CHN,CHINA,CHN,,,,,,,,MED,WRITER,,,,,,MED,,,1,043,043,04,1,2.8,1,1,1,2.46020260492041,4,"Wuyishan, Jiangxi, China",CH,CH03,28.0047,117.811,10551912,4,"Wuyishan, Jiangxi, China",CH,CH03,28.0047,117.811,10551912,4,"Wuyishan, Jiangxi, China",CH,CH03,28.0047,117.811,10551912,20160512,http://www.odditycentral.com/news/worlds-most-expensive-tea-is-worth-over-30-times-its-weight-in-gold.html
539596307,20160512,201605,2016,2016.3616,CHNMED,CHINA,CHN,,,,,MED,,,CHN,CHINA,CHN,,,,,,,,1,010,010,01,1,0.0,1,1,1,2.46020260492041,4,"Wuyishan, Jiangxi, China",CH,CH03,28.0047,117.811,10551912,4,"Wuyishan, Jiangxi, China",CH,CH03,28.0047,117.811,10551912,4,"Wuyi, Zhejiang, China",CH,CH02,28.9006,119.806,-1911230,20160512,http://www.odditycentral.com/news/worlds-most-expensive-tea-is-worth-over-30-times-its-weight-in-gold.html
539596308,20160512,201605,2016,2016.3616,CHNMED,CHINA,CHN,,,,,MED,,,CHN,CHINA,CHN,,,,,,,,1,042,042,04,1,1.9,1,1,1,2.46020260492041,1,India,IN,IN,20,77,IN,4,"Wuyishan, Jiangxi, China",CH,CH03,28.0047,117.811,10551912,1,India,IN,IN,20,77,IN,20160512,http://www.odditycentral.com/news/worlds-most-expensive-tea-is-worth-over-30-times-its-weight-in-gold.html
539596631,20160512,201605,2016,2016.3616,GBR,BRITISH,GBR,,,,,,,,,,,,,,,,,,1,043,043,04,1,2.8,1,1,1,2.46020260492041,4,"London, London, City of, United Kingdom",UK,UKH9,51.5,-0.116667,-2601889,0,,,,,,,4,"Wuyishan, Jiangxi, China",CH,CH03,28.0047,117.811,10551912,20160512,http://www.odditycentral.com/news/worlds-most-expensive-tea-is-worth-over-30-times-its-weight-in-gold.html
539596638,20160512,201605,2016,2016.3616,GBR,UNITED KINGDOM,GBR,,,,,,,,,,,,,,,,,,1,120,120,12,3,-4.0,15,2,15,1.79522497704315,1,China,CH,CH,35,105,CH,0,,,,,,,1,China,CH,CH,35,105,CH,20160512,http://www.professionaljeweller.com/uk-gold-jewellery-demand-up-1-amidst-overall-worldwide-decline/
539596649,20160512,201605,2016,2016.3616,GBR,BRITISH,GBR,,,,,,,,CHN,CHINA,CHN,,,,,,,,1,042,042,04,1,1.9,1,1,1,2.46020260492041,4,"Wuyishan, Jiangxi, China",CH,CH03,28.0047,117.811,10551912,4,"Wuyishan, Jiangxi, China",CH,CH03,28.0047,117.811,10551912,4,"Wuyishan, Jiangxi, China",CH,CH03,28.0047,117.811,10551912,20160512,http://www.odditycentral.com/news/worlds-most-expensive-tea-is-worth-over-30-times-its-weight-in-gold.html
539596650,20160512,201605,2016,2016.3616,GBR,UNITED KINGDOM,GBR,,,,,,,,CHN,CHINA,CHN,,,,,,,,1,043,043,04,1,2.8,3,1,3,2.46020260492041,4,"London, London, City of, United Kingdom",UK,UKH9,51.5,-0.116667,-2601889,4,"Wuyishan, Jiangxi, China",CH,CH03,28.0047,117.811,10551912,4,"Wuyishan, Jiangxi, China",CH,CH03,28.0047,117.811,10551912,20160512,http://www.odditycentral.com/news/worlds-most-expensive-tea-is-worth-over-30-times-its-weight-in-gold.html
539596741,20160512,201605,2016,2016.3616,GHA,GHANA,GHA,,,,,,,,CAN,BRITISH COLUMBIA,CAN,,,,,,,,1,043,043,04,1,2.8,2,1,2,6.39269406392694,4,"Asanko, Western, Ghana",GH,GH09,4.92224,-2.31557,-2069826,4,"Asanko, Western, Ghana",GH,GH09,4.92224,-2.31557,-2069826,4,"Asanko, Western, Ghana",GH,GH09,4.92224,-2.31557,-2069826,20160512,http://www.marketwired.com/press-release/asanko-gold-q1-2016-results-and-site-visit-presentations-tsx-akg-2124235.htm
539597184,20160512,201605,2016,2016.3616,MED,WRITER,,,,,,MED,,,CHN,CHINA,CHN,,,,,,,,1,010,010,01,1,0.0,1,1,1,2.46020260492041,4,"Wuyishan, Jiangxi, China",CH,CH03,28.0047,117.811,10551912,4,"Wuyishan, Jiangxi, China",CH,CH03,28.0047,117.811,10551912,4,"Wuyishan, Jiangxi, China",CH,CH03,28.0047,117.811,10551912,20160512,http://www.odditycentral.com/news/worlds-most-expensive-tea-is-worth-over-30-times-its-weight-in-gold.html
539597185,20160512,201605,2016,2016.3616,MED,WRITER,,,,,,MED,,,CHN,CHINA,CHN,,,,,,,,1,042,042,04,1,1.9,1,1,1,2.46020260492041,4,"Wuyishan, Jiangxi, China",CH,CH03,28.0047,117.811,10551912,4,"Wuyishan, Jiangxi, China",CH,CH03,28.0047,117.811,10551912,4,"Wuyishan, Jiangxi, China",CH,CH03,28.0047,117.811,10551912,20160512,http://www.odditycentral.com/news/worlds-most-expensive-tea-is-worth-over-30-times-its-weight-in-gold.html
539597981,20160512,201605,2016,2016.3616,idg,INDIGENOUS,,,idg,,,,,,BUS,INDUSTRY,,,,,,BUS,,,0,010,010,01,1,0.0,2,1,2,2.46020260492041,4,"Wuyishan, Jiangxi, China",CH,CH03,28.0047,117.811,10551912,4,"Wuyishan, Jiangxi, China",CH,CH03,28.0047,117.811,10551912,4,"Wuyishan, Jiangxi, China",CH,CH03,28.0047,117.811,10551912,20160512,http://www.odditycentral.com/news/worlds-most-expensive-tea-is-worth-over-30-times-its-weight-in-gold.html
539597982,20160512,201605,2016,2016.3616,idg,INDIGENOUS,,,idg,,,,,,BUS,INDUSTRY,,,,,,BUS,,,0,010,010,01,1,0.0,2,1,2,2.46020260492041,1,India,IN,IN,20,77,IN,4,"Wuyishan, Jiangxi, China",CH,CH03,28.0047,117.811,10551912,4,"Wuyishan, Jiangxi, China",CH,CH03,28.0047,117.811,10551912,20160512,http://www.odditycentral.com/news/worlds-most-expensive-tea-is-worth-over-30-times-its-weight-in-gold.html
539597983,20160512,201605,2016,2016.3616,idg,INDIGENOUS,,,idg,,,,,,BUS,INDUSTRY,,,,,,BUS,,,0,010,010,01,1,0.0,6,1,6,2.46020260492041,1,India,IN,IN,20,77,IN,1,India,IN,IN,20,77,IN,1,India,IN,IN,20,77,IN,20160512,http://www.odditycentral.com/news/worlds-most-expensive-tea-is-worth-over-30-times-its-weight-in-gold.html
539599863,20160412,201604,2016,2016.2795,BUS,BANK,,,,,,BUS,,,MNCCHE,CREDIT SUISSE,CHE,,,,,MNC,,,1,040,040,04,1,1.0,5,1,5,0,2,"New York, United States",US,USNY,42.1497,-74.9384,NY,2,"New York, United States",US,USNY,42.1497,-74.9384,NY,2,"New York, United States",US,USNY,42.1497,-74.9384,NY,20160512,http://www.zacks.com/stock/news/217167/goldman-faces-regulatory-probe-linked-to-panama-papers
539599864,20160412,201604,2016,2016.2795,BUS,BANK,,,,,,BUS,,,MNCDEU,DEUTSCHE BANK,DEU,,,,,MNC,,,1,040,040,04,1,1.0,5,1,5,0,2,"New York, United States",US,USNY,42.1497,-74.9384,NY,2,"New York, United States",US,USNY,42.1497,-74.9384,NY,1,Panama,PM,PM,9,-80,PM,20160512,http://www.zacks.com/stock/news/217167/goldman-faces-regulatory-probe-linked-to-panama-papers
539600339,20160512,201605,2016,2016.3616,BUS,INVESTOR,,,,,,BUS,,,,,,,,,,,,,0,130,130,13,3,-4.4,10,1,10,-1.31233595800525,1,Canada,CA,CA,60,-95,CA,0,,,,,,,1,Canada,CA,CA,60,-95,CA,20160512,http://www.finanznachrichten.de/nachrichten-2016-05/37368032-dynaresource-inc-reports-april-2016-gold-production-and-results-of-operations-at-san-jose-de-gracia-256.htm
539602268,20160512,201605,2016,2016.3616,USABUS,UNITED STATES,USA,,,,,BUS,,,,,,,,,,,,,0,130,130,13,3,-4.4,10,1,10,-1.31233595800525,4,"Sinaloa, Tabasco, Mexico",MX,MX27,18.4917,-93.75,6226960,0,,,,,,,4,"Sinaloa, Tabasco, Mexico",MX,MX27,18.4917,-93.75,6226960,20160512,http://www.finanznachrichten.de/nachrichten-2016-05/37368032-dynaresource-inc-reports-april-2016-gold-production-and-results-of-operations-at-san-jose-de-gracia-256.htm
539606138,20160512,201605,2016,2016.3616,LEG,REPRESENTATIVES,,,,,,LEG,,,BUS,BUSINESS,,,,,,BUS,,,1,020,020,02,1,3.0,20,2,20,-0.30409356725146,4,"London, London, City of, United Kingdom",UK,UKH9,51.5,-0.116667,-2601889,4,"London, London, City of, United Kingdom",UK,UKH9,51.5,-0.116667,-2601889,4,"London, London, City of, United Kingdom",UK,UKH9,51.5,-0.116667,-2601889,20160512,http://www.standard.co.uk/business/brexit-risks-killing-the-golden-goose-of-london-s-tech-sector-entrepreneurs-warn-a3246481.html
539606814,20160512,201605,2016,2016.3616,USA,UNITED STATES,USA,,,,,,,,,,,,,,,,,,1,013,013,01,1,0.4,2,1,2,2.44648318042813,3,"Wapakoneta, Ohio, United States",US,USOH,40.5678,-84.1936,1070980,0,,,,,,,3,"Wapakoneta, Ohio, United States",US,USOH,40.5678,-84.1936,1070980,20160512,http://sidneydailynews.com/news/25821/golden-fresh-farms-breaks-ground-on-high-tech-greenhouse-in-wapakoneta
539612094,20160512,201605,2016,2016.3616,BUS,BUSINESS,,,,,,BUS,,,,,,,,,,,,,1,051,051,05,1,3.4,9,2,9,1.65323806628154,4,"Chennai, Tamil Nadu, India",IN,IN25,13.0833,80.2833,-2103041,0,,,,,,,4,"Chennai, Tamil Nadu, India",IN,IN25,13.0833,80.2833,-2103041,20160512,https://www.yahoo.com/news/chennai-bizbook-golden-book-businesses-122200989.html
539612284,20160512,201605,2016,2016.3616,COL,COLOMBIA,COL,,,,,,,,,,,,,,,,,,0,020,020,02,1,3.0,10,1,10,1.8699910952805,4,"Antioquia, Cundinamarca, Colombia",CO,CO33,4.6,-74.4,-577326,0,,,,,,,4,"Antioquia, Cundinamarca, Colombia",CO,CO33,4.6,-74.4,-577326,20160512,http://seekingalpha.com/article/3974425-gran-colombia-golds-28-month-yankee-bonds-sparkle-25-percent-yield-maturity-august-2018
539612285,20160512,201605,2016,2016.3616,COL,COLOMBIA,COL,,,,,,,,,,,,,,,,,,0,173,173,17,4,-5.0,10,1,10,1.8699910952805,4,"Marmato, Departamento del Cauca, Colombia",CO,CO09,1.89828,-76.7514,-592034,0,,,,,,,4,"Marmato, Departamento del Cauca, Colombia",CO,CO09,1.89828,-76.7514,-592034,20160512,http://seekingalpha.com/article/3974425-gran-colombia-golds-28-month-yankee-bonds-sparkle-25-percent-yield-maturity-august-2018
539613082,20160512,201605,2016,2016.3616,IND,CHENNAI,IND,,,,,,,,BUS,BUSINESS,,,,,,BUS,,,1,051,051,05,1,3.4,2,1,2,2.97202797202797,4,"Chennai, Tamil Nadu, India",IN,IN25,13.0833,80.2833,-2103041,4,"Chennai, Tamil Nadu, India",IN,IN25,13.0833,80.2833,-2103041,4,"Chennai, Tamil Nadu, India",IN,IN25,13.0833,80.2833,-2103041,20160512,https://www.yahoo.com/news/chennai-bizbook-golden-book-businesses-122200989.html
539613109,20160512,201605,2016,2016.3616,INDBUS,CHENNAI,IND,,,,,BUS,,,,,,,,,,,,,0,051,051,05,1,3.4,6,1,6,2.97202797202797,4,"Chennai, Tamil Nadu, India",IN,IN25,13.0833,80.2833,-2103041,0,,,,,,,4,"Chennai, Tamil Nadu, India",IN,IN25,13.0833,80.2833,-2103041,20160512,https://www.yahoo.com/news/chennai-bizbook-golden-book-businesses-122200989.html
539619117,20160412,201604,2016,2016.2795,BUS,BANK,,,,,,BUS,,,MNCDEU,DEUTSCHE BANK,DEU,,,,,MNC,,,1,040,040,04,1,1.0,10,1,10,1.91387559808612,2,"New York, United States",US,USNY,42.1497,-74.9384,NY,2,"New York, United States",US,USNY,42.1497,-74.9384,NY,2,"New York, United States",US,USNY,42.1497,-74.9384,NY,20160512,https://www.yahoo.com/news/goldman-faces-regulatory-probe-linked-121812796.html
539619512,20160512,201605,2016,2016.3616,BUS,BOSS,,,,,,BUS,,,,,,,,,,,,,1,010,010,01,1,0.0,29,7,27,0.606477203109327,1,Ghana,GH,GH,8,-2,GH,0,,,,,,,1,Ghana,GH,GH,8,-2,GH,20160512,http://www.goldcoastbulletin.com.au/business/gold-coast-mp-steve-ciobo-pressed-on-nbn-rollout-ahead-of-2018-commonwealth-games/news-story/e3ada803a14394398340f044c67a4a65?nk=590d3427afe3c214f8957e1559fe45b1-1463058514
539619574,20160512,201605,2016,2016.3616,BUS,BOSS,,,,,,BUS,,,GHA,GHANA,GHA,,,,,,,,1,010,010,01,1,0.0,18,1,10,-0.642318988634915,1,Ghana,GH,GH,8,-2,GH,1,Ghana,GH,GH,8,-2,GH,1,Ghana,GH,GH,8,-2,GH,20160512,http://www.goldcoastbulletin.com.au/business/gold-coast-mp-steve-ciobo-pressed-on-nbn-rollout-ahead-of-2018-commonwealth-games/news-story/e3ada803a14394398340f044c67a4a65?nk=590d3427afe3c214f8957e1559fe45b1-1463058514
539619575,20160512,201605,2016,2016.3616,BUS,BUSINESS,,,,,,BUS,,,GHA,GHANA,GHA,,,,,,,,1,100,100,10,3,-5.0,3,1,3,2.61780104712042,1,Ghana,GH,GH,8,-2,GH,1,Ghana,GH,GH,8,-2,GH,1,Ghana,GH,GH,8,-2,GH,20160512,http://www.goldcoastbulletin.com.au/business/gold-coast-mp-steve-ciobo-pressed-on-nbn-rollout-ahead-of-2018-commonwealth-games/news-story/e3ada803a14394398340f044c67a4a65?nk=590d3427afe3c214f8957e1559fe45b1-1463058514
539620112,20160512,201605,2016,2016.3616,GBR,UNITED KINGDOM,GBR,,,,,,,,MNCUSA,GOLDMAN SACHS,USA,,,,,MNC,,,1,042,042,04,1,1.9,2,1,2,0.57736720554273,4,"London, London, City of, United Kingdom",UK,UKH9,51.5,-0.116667,-2601889,4,"London, London, City of, United Kingdom",UK,UKH9,51.5,-0.116667,-2601889,4,"London, London, City of, United Kingdom",UK,UKH9,51.5,-0.116667,-2601889,20160512,http://www.intellinews.com/goldman-sachs-senior-banker-joins-russian-grocery-chain-97258/
539620141,20160512,201605,2016,2016.3616,GBRHLH,UNITED KINGDOM,GBR,,,,,HLH,,,,,,,,,,,,,1,084,084,08,2,7.0,1285,10,1285,5.06149516236393,4,"London, London, City of, United Kingdom",UK,UKH9,51.5,-0.116667,-2601889,0,,,,,,,4,"London, London, City of, United Kingdom",UK,UKH9,51.5,-0.116667,-2601889,20160512,http://powertalk967.iheart.com/articles/national-news-104668/swimmer-gives-prince-harry-gold-medal-14705647/
539620144,20160512,201605,2016,2016.3616,GHA,GHANA,GHA,,,,,,,,GHABUS,GHANA,GHA,,,,,BUS,,,1,020,020,02,1,3.0,2,1,2,2.61780104712042,1,Ghana,GH,GH,8,-2,GH,1,Ghana,GH,GH,8,-2,GH,1,Ghana,GH,GH,8,-2,GH,20160512,http://www.goldcoastbulletin.com.au/business/gold-coast-mp-steve-ciobo-pressed-on-nbn-rollout-ahead-of-2018-commonwealth-games/news-story/e3ada803a14394398340f044c67a4a65?nk=590d3427afe3c214f8957e1559fe45b1-1463058514
539620354,20160512,201605,2016,2016.3616,IGOEURDEVEBR,EUROPEAN BANK FOR RECONSTRUCTION AND DEVELOPMENT,EUR,EBR,,,,IGO,DEV,,RUS,RUSSIA,RUS,,,,,,,,0,010,010,01,1,0.0,2,1,2,-0.08138218670232,4,"Kremlin, Moskva, Russia",RS,RS48,55.7522,37.6156,-2960561,4,"Kremlin, Moskva, Russia",RS,RS48,55.7522,37.6156,-2960561,4,"Kremlin, Moskva, Russia",RS,RS48,55.7522,37.6156,-2960561,20160512,http://www.intellinews.com/goldman-sachs-senior-banker-joins-russian-grocery-chain-97258/
539620800,20160512,201605,2016,2016.3616,MNCUSA,GOLDMAN SACHS,USA,,,,,MNC,,,,,,,,,,,,,1,110,110,11,3,-2.0,10,1,10,0.57736720554273,1,Netherlands,NL,NL,52.5,5.75,NL,0,,,,,,,1,Netherlands,NL,NL,52.5,5.75,NL,20160512,http://www.intellinews.com/goldman-sachs-senior-banker-joins-russian-grocery-chain-97258/
539620802,20160512,201605,2016,2016.3616,MNCUSA,GOLDMAN SACHS,USA,,,,,MNC,,,GBR,UNITED KINGDOM,GBR,,,,,,,,1,043,043,04,1,2.8,2,1,2,0.57736720554273,4,"London, London, City of, United Kingdom",UK,UKH9,51.5,-0.116667,-2601889,4,"London, London, City of, United Kingdom",UK,UKH9,51.5,-0.116667,-2601889,4,"London, London, City of, United Kingdom",UK,UKH9,51.5,-0.116667,-2601889,20160512,http://www.intellinews.com/goldman-sachs-senior-banker-joins-russian-grocery-chain-97258/
539620803,20160512,201605,2016,2016.3616,MNCUSA,GOLDMAN SACHS,USA,,,,,MNC,,,RUS,RUSSIAN,RUS,,,,,,,,1,046,046,04,1,7.0,10,1,10,0.57736720554273,1,Azerbaijan,AJ,AJ,40.5,47.5,AJ,1,Azerbaijan,AJ,AJ,40.5,47.5,AJ,1,Azerbaijan,AJ,AJ,40.5,47.5,AJ,20160512,http://www.intellinews.com/goldman-sachs-senior-banker-joins-russian-grocery-chain-97258/
539621012,20160512,201605,2016,2016.3616,RUS,RUSSIA,RUS,,,,,,,,IGOEURDEVEBR,EUROPEAN BANK FOR RECONSTRUCTION AND DEVELOPMENT,EUR,EBR,,,,IGO,DEV,,0,010,010,01,1,0.0,10,1,10,-0.08138218670232,4,"Kremlin, Moskva, Russia",RS,RS48,55.7522,37.6156,-2960561,4,"Kremlin, Moskva, Russia",RS,RS48,55.7522,37.6156,-2960561,4,"Kremlin, Moskva, Russia",RS,RS48,55.7522,37.6156,-2960561,20160512,http://www.intellinews.com/goldman-sachs-senior-banker-joins-russian-grocery-chain-97258/
539621021,20160512,201605,2016,2016.3616,RUS,RUSSIAN,RUS,,,,,,,,MNCUSA,GOLDMAN SACHS,USA,,,,,MNC,,,1,046,046,04,1,7.0,10,1,10,0.57736720554273,4,"Moscow, Moskva, Russia",RS,RS48,55.7522,37.6156,-2960561,4,"Moscow, Moskva, Russia",RS,RS48,55.7522,37.6156,-2960561,4,"Moscow, Moskva, Russia",RS,RS48,55.7522,37.6156,-2960561,20160512,http://www.intellinews.com/goldman-sachs-senior-banker-joins-russian-grocery-chain-97258/
539625185,20160412,201604,2016,2016.2795,GBR,UNITED KINGDOM,GBR,,,,,,,,PAN,PANAMA,PAN,,,,,,,,0,010,010,01,1,0.0,10,1,10,-3.08441558441559,1,United Kingdom,UK,UK,54,-2,UK,1,Panama,PM,PM,9,-80,PM,1,Panama,PM,PM,9,-80,PM,20160512,http://www.bidnessetc.com/68874-goldman-sachs-others-regulatory-spotlight-panama-dealings/
539625226,20160512,201605,2016,2016.3616,,,,,,,,,,,AFG,KANDAHAR,AFG,,,,,,,,1,190,190,19,4,-10.0,24,4,24,2.64900662251656,0,,,,,,,2,"Nebraska, United States",US,USNE,41.1289,-98.2883,NE,2,"Nebraska, United States",US,USNE,41.1289,-98.2883,NE,20160512,http://krvn.com/abc_health/service-dogs-help-wounded-warriors-win-gold-at-invictus-games-abcid35684224/
539625771,20160512,201605,2016,2016.3616,BUS,INVESTOR,,,,,,BUS,,,,,,,,,,,,,1,012,012,01,1,-0.4,5,1,5,2.4822695035461,4,"Hyderabad, Andhra Pradesh, India",IN,IN02,17.3753,78.4744,-2097701,0,,,,,,,4,"Hyderabad, Andhra Pradesh, India",IN,IN02,17.3753,78.4744,-2097701,20160512,http://www.hindustantimes.com/business/gold-demand-down-39-in-january-march-quarter/story-S00zywQHw2oH7hzUKYSeHK.html
539625785,20160512,201605,2016,2016.3616,BUS,BANK,,,,,,BUS,,,,,,,,,,,,,1,040,040,04,1,1.0,2,1,2,-3.08441558441559,1,Panama,PM,PM,9,-80,PM,0,,,,,,,1,Panama,PM,PM,9,-80,PM,20160512,http://www.bidnessetc.com/68874-goldman-sachs-others-regulatory-spotlight-panama-dealings/
539625818,20160512,201605,2016,2016.3616,BUS,BANK,,,,,,BUS,,,GOV,REGULATOR,,,,,,GOV,,,0,012,012,01,1,-0.4,10,1,10,-3.08441558441559,1,Panama,PM,PM,9,-80,PM,1,Panama,PM,PM,9,-80,PM,1,Panama,PM,PM,9,-80,PM,20160512,http://www.bidnessetc.com/68874-goldman-sachs-others-regulatory-spotlight-panama-dealings/
539626450,20160512,201605,2016,2016.3616,GBR,BRITISH,GBR,,,,,,,,GBRGOV,DAVID CAMERON,GBR,,,,,GOV,,,0,043,043,04,1,2.8,1,1,1,-3.08441558441559,1,Panama,PM,PM,9,-80,PM,1,United Kingdom,UK,UK,54,-2,UK,1,United Kingdom,UK,UK,54,-2,UK,20160512,http://www.bidnessetc.com/68874-goldman-sachs-others-regulatory-spotlight-panama-dealings/
539626502,20160512,201605,2016,2016.3616,GBRGOV,DAVID CAMERON,GBR,,,,,GOV,,,GBR,BRITISH,GBR,,,,,,,,0,042,042,04,1,1.9,1,1,1,-3.08441558441559,1,United Kingdom,UK,UK,54,-2,UK,1,Panama,PM,PM,9,-80,PM,1,United Kingdom,UK,UK,54,-2,UK,20160512,http://www.bidnessetc.com/68874-goldman-sachs-others-regulatory-spotlight-panama-dealings/
539626616,20160512,201605,2016,2016.3616,GOV,REGULATOR,,,,,,GOV,,,BUS,BANK,,,,,,BUS,,,0,112,112,11,3,-2.0,10,1,10,-3.08441558441559,1,Panama,PM,PM,9,-80,PM,1,Panama,PM,PM,9,-80,PM,1,Panama,PM,PM,9,-80,PM,20160512,http://www.bidnessetc.com/68874-goldman-sachs-others-regulatory-spotlight-panama-dealings/
539627112,20160512,201605,2016,2016.3616,LAB,EMPLOYEE,,,,,,LAB,,,COP,POLICE,,,,,,COP,,,1,013,013,01,1,0.4,5,1,5,0,3,"Mount Healthy, Ohio, United States",US,USOH,39.2337,-84.5458,1056439,3,"Mount Healthy, Ohio, United States",US,USOH,39.2337,-84.5458,1056439,3,"Mount Healthy, Ohio, United States",US,USOH,39.2337,-84.5458,1056439,20160512,http://local12.com/news/local/woman-calls-in-false-armed-robbery-to-avoid-paying-bill-at-gold-star-chili
539627910,20160512,201605,2016,2016.3616,USA,UNITED STATES,USA,,,,,,,,,,,,,,,,,,1,020,020,02,1,3.0,6,1,6,0,3,"Mount Healthy, Ohio, United States",US,USOH,39.2337,-84.5458,1056439,0,,,,,,,3,"Mount Healthy, Ohio, United States",US,USOH,39.2337,-84.5458,1056439,20160512,http://local12.com/news/local/woman-calls-in-false-armed-robbery-to-avoid-paying-bill-at-gold-star-chili
539628031,20160512,201605,2016,2016.3616,USA,UNITED STATES,USA,,,,,,,,AFG,KANDAHAR,AFG,,,,,,,,1,190,190,19,4,-10.0,34,16,34,2.94181161107959,1,Afghanistan,AF,AF,33,65,AF,3,"Orlando, Florida, United States",US,USFL,28.5383,-81.3792,288240,1,Afghanistan,AF,AF,33,65,AF,20160512,http://krvn.com/abc_health/service-dogs-help-wounded-warriors-win-gold-at-invictus-games-abcid35684224/
539628040,20160512,201605,2016,2016.3616,USA,NEW YORK,USA,,,,,,,,BUS,COMPANIES,,,,,,BUS,,,0,060,060,06,2,6.0,10,1,10,-3.08441558441559,2,"New York, United States",US,USNY,42.1497,-74.9384,NY,2,"New York, United States",US,USNY,42.1497,-74.9384,NY,2,"New York, United States",US,USNY,42.1497,-74.9384,NY,20160512,http://www.bidnessetc.com/68874-goldman-sachs-others-regulatory-spotlight-panama-dealings/
539628349,20160512,201605,2016,2016.3616,USAMED,REUTERS,USA,,,,,MED,,,,,,,,,,,,,1,120,120,12,3,-4.0,5,1,5,2.4822695035461,4,"Hyderabad, Andhra Pradesh, India",IN,IN02,17.3753,78.4744,-2097701,0,,,,,,,4,"Hyderabad, Andhra Pradesh, India",IN,IN02,17.3753,78.4744,-2097701,20160512,http://www.hindustantimes.com/business/gold-demand-down-39-in-january-march-quarter/story-S00zywQHw2oH7hzUKYSeHK.html
539629561,20160512,201605,2016,2016.3616,GBRGOV,DAVID CAMERON,GBR,,,,,GOV,,,GBR,LONDON,GBR,,,,,,,,1,112,112,11,3,-2.0,1,1,1,-4.1994750656168,4,"London, London, City of, United Kingdom",UK,UKH9,51.5,-0.116667,-2601889,4,"London, London, City of, United Kingdom",UK,UKH9,51.5,-0.116667,-2601889,4,"London, London, City of, United Kingdom",UK,UKH9,51.5,-0.116667,-2601889,20160512,http://www.presstv.ir/Detail/2016/05/12/465209/UK-Cameron-Fallon-Islamophobia-Sadiq-Khan-London-Goldsmith-Gani-Imam
539634813,20160512,201605,2016,2016.3616,,,,,,,,,,,GBR,UNITED KINGDOM,GBR,,,,,,,,1,042,042,04,1,1.9,9,6,9,2.2646432327436,0,,,,,,,4,"Southwark, Southwark, United Kingdom",UK,UKM8,51.5,-0.083333,-2608353,4,"Southwark, Southwark, United Kingdom",UK,UKM8,51.5,-0.083333,-2608353,20160512,http://www.independent.co.uk/voices/i-worked-on-sadiq-khan-s-campaign-so-i-know-racial-stereotyping-wasn-t-confined-to-zac-goldsmith-s-a7025901.html
539634816,20160512,201605,2016,2016.3616,,,,,,,,,,,GBR,UNITED KINGDOM,GBR,,,,,,,,0,111,111,11,3,-2.0,3,2,3,-1.85004959667608,0,,,,,,,4,"Southwark, Southwark, United Kingdom",UK,UKM8,51.5,-0.083333,-2608353,4,"Southwark, Southwark, United Kingdom",UK,UKM8,51.5,-0.083333,-2608353,20160512,http://www.independent.co.uk/voices/i-worked-on-sadiq-khan-s-campaign-so-i-know-racial-stereotyping-wasn-t-confined-to-zac-goldsmith-s-a7025901.html
539635153,20160512,201605,2016,2016.3616,BUS,COMPANY,,,,,,BUS,,,,,,,,,,,,,1,013,013,01,1,0.4,4,2,4,3.94791450508404,4,"Vancouver, British Columbia, Canada",CA,CA02,49.25,-123.133,-575268,0,,,,,,,4,"Vancouver, British Columbia, Canada",CA,CA02,49.25,-123.133,-575268,20160512,http://www.bloomberg.com/news/articles/2016-05-12/goldcorp-to-buy-canada-explorer-for-406-million-as-gold-rallies
539635154,20160512,201605,2016,2016.3616,BUS,COMPANY,,,,,,BUS,,,,,,,,,,,,,1,013,013,01,1,0.4,16,3,16,1.41982179126815,2,"New York, United States",US,USNY,42.1497,-74.9384,NY,0,,,,,,,2,"New York, United States",US,USNY,42.1497,-74.9384,NY,20160512,http://www.bloomberg.com/news/articles/2016-05-12/goldcorp-to-buy-canada-explorer-for-406-million-as-gold-rallies
539635701,20160512,201605,2016,2016.3616,GBR,UNITED KINGDOM,GBR,,,,,,,,,,,,,,,,,,1,043,043,04,1,2.8,9,6,9,2.2646432327436,4,"Southwark, Southwark, United Kingdom",UK,UKM8,51.5,-0.083333,-2608353,0,,,,,,,4,"Southwark, Southwark, United Kingdom",UK,UKM8,51.5,-0.083333,-2608353,20160512,http://www.independent.co.uk/voices/i-worked-on-sadiq-khan-s-campaign-so-i-know-racial-stereotyping-wasn-t-confined-to-zac-goldsmith-s-a7025901.html
539635741,20160512,201605,2016,2016.3616,GBR,LONDON,GBR,,,,,,,,HIN,HINDU,,,,HIN,,,,,0,042,042,04,1,1.9,10,1,10,0.4201680672269,4,"London, London, City of, United Kingdom",UK,UKH9,51.5,-0.116667,-2601889,4,"London, London, City of, United Kingdom",UK,UKH9,51.5,-0.116667,-2601889,4,"London, London, City of, United Kingdom",UK,UKH9,51.5,-0.116667,-2601889,20160512,http://www.independent.co.uk/voices/i-worked-on-sadiq-khan-s-campaign-so-i-know-racial-stereotyping-wasn-t-confined-to-zac-goldsmith-s-a7025901.html
539636063,20160512,201605,2016,2016.3616,HIN,HINDU,,,,HIN,,,,,GBR,LONDON,GBR,,,,,,,,0,043,043,04,1,2.8,10,1,10,0.4201680672269,4,"London, London, City of, United Kingdom",UK,UKH9,51.5,-0.116667,-2601889,4,"London, London, City of, United Kingdom",UK,UKH9,51.5,-0.116667,-2601889,4,"London, London, City of, United Kingdom",UK,UKH9,51.5,-0.116667,-2601889,20160512,http://www.independent.co.uk/voices/i-worked-on-sadiq-khan-s-campaign-so-i-know-racial-stereotyping-wasn-t-confined-to-zac-goldsmith-s-a7025901.html
539636368,20160512,201605,2016,2016.3616,KOR,INCHON,KOR,,,,,,,,,,,,,,,,,,1,010,010,01,1,0.0,10,1,10,-1.44927536231884,1,Spain,SP,SP,40,-4,SP,0,,,,,,,1,Spain,SP,SP,40,-4,SP,20160512,http://illinoistimes.com/article-17204-a-gold-medal-guy.html
539636414,20160512,201605,2016,2016.3616,LEG,CONGRESS,,,,,,LEG,,,ESP,SPANISH,ESP,,,,,,,,1,051,051,05,1,3.4,10,1,10,-1.44927536231884,1,Spain,SP,SP,40,-4,SP,1,Spain,SP,SP,40,-4,SP,1,Spain,SP,SP,40,-4,SP,20160512,http://illinoistimes.com/article-17204-a-gold-medal-guy.html
539636550,20160512,201605,2016,2016.3616,MNCCAN,YAMANA GOLD,CAN,,,,,MNC,,,,,,,,,,,,,1,020,020,02,1,3.0,5,1,5,7.88530465949821,0,,,,,,,0,,,,,,,0,,,,,,,20160512,https://www.yahoo.com/news/why-yamana-gold-auy-could-125412451.html
539636786,20160512,201605,2016,2016.3616,RAD,EXTREMIST,,,,,,RAD,,,,,,,,,,,,,0,111,111,11,3,-2.0,10,1,10,0.4201680672269,4,"London, London, City of, United Kingdom",UK,UKH9,51.5,-0.116667,-2601889,0,,,,,,,4,"London, London, City of, United Kingdom",UK,UKH9,51.5,-0.116667,-2601889,20160512,http://www.independent.co.uk/voices/i-worked-on-sadiq-khan-s-campaign-so-i-know-racial-stereotyping-wasn-t-confined-to-zac-goldsmith-s-a7025901.html
539637323,20160512,201605,2016,2016.3616,USABUS,UNITED STATES,USA,,,,,BUS,,,,,,,,,,,,,0,130,130,13,3,-4.4,10,1,10,-1.00727476217123,1,Brazil,BR,BR,-10,-55,BR,0,,,,,,,1,Brazil,BR,BR,-10,-55,BR,20160512,http://brazilbusiness.einnews.com/pr_news/325803425/dynaresource-inc-reports-april-2016-gold-production-and-results-of-operations-at-san-jose-de-gracia
539637534,20160512,201605,2016,2016.3616,,,,,,,,,,,BUS,BANK,,,,,,BUS,,,1,041,041,04,1,1.0,20,1,20,-1.21580547112463,0,,,,,,,2,"New York, United States",US,USNY,42.1497,-74.9384,NY,2,"New York, United States",US,USNY,42.1497,-74.9384,NY,20160512,http://m.wealthmanagement.com/legal/ny-regulator-wants-info-goldman-banks-panama-firm-dealings-source
539637540,20160512,201605,2016,2016.3616,,,,,,,,,,,CAN,CANADA,CAN,,,,,,,,1,042,042,04,1,1.9,4,2,4,3.08786154712568,0,,,,,,,4,"Quebec, Quebec, Canada",CA,CA10,47.5,-72,-571850,4,"Abitibi, Canada (general), Canada",CA,CA00,48,-76,-576358,20160512,http://www.4-traders.com/SECOVA-METALS-CORP-1411068/news/Secova-Metals-Consolidates-Significant-Land-Package-in-Quebec-s-Abitibi-Gold-Belt-Region-22346901/
539637541,20160512,201605,2016,2016.3616,,,,,,,,,,,CAN,CANADA,CAN,,,,,,,,1,042,042,04,1,1.9,12,2,12,3.08786154712568,0,,,,,,,4,"Abitibi, Canada (general), Canada",CA,CA00,48,-76,-576358,4,"Abitibi, Canada (general), Canada",CA,CA00,48,-76,-576358,20160512,http://www.4-traders.com/SECOVA-METALS-CORP-1411068/news/Secova-Metals-Consolidates-Significant-Land-Package-in-Quebec-s-Abitibi-Gold-Belt-Region-22346901/
539637920,20160512,201605,2016,2016.3616,BUS,BANK,,,,,,BUS,,,,,,,,,,,,,1,041,041,04,1,1.0,46,3,46,-0.967335422410849,2,"New York, United States",US,USNY,42.1497,-74.9384,NY,0,,,,,,,2,"New York, United States",US,USNY,42.1497,-74.9384,NY,20160512,http://m.wealthmanagement.com/legal/ny-regulator-wants-info-goldman-banks-panama-firm-dealings-source
539637940,20160512,201605,2016,2016.3616,BUS,COMPANY,,,,,,BUS,,,CAN,VANCOUVER,CAN,,,,,,,,1,030,030,03,1,4.0,13,2,13,3.08786154712568,4,"Quebec, Quebec, Canada",CA,CA10,47.5,-72,-571850,4,"Quebec, Quebec, Canada",CA,CA10,47.5,-72,-571850,4,"Quebec, Quebec, Canada",CA,CA10,47.5,-72,-571850,20160512,http://www.4-traders.com/SECOVA-METALS-CORP-1411068/news/Secova-Metals-Consolidates-Significant-Land-Package-in-Quebec-s-Abitibi-Gold-Belt-Region-22346901/
539637941,20160512,201605,2016,2016.3616,BUS,COMPANY,,,,,,BUS,,,CAN,CANADA,CAN,,,,,,,,1,030,030,03,1,4.0,2,1,2,3.15374507227333,4,"Abitibi, Canada (general), Canada",CA,CA00,48,-76,-576358,4,"Quebec, Quebec, Canada",CA,CA10,47.5,-72,-571850,4,"Abitibi, Canada (general), Canada",CA,CA00,48,-76,-576358,20160512,http://www.4-traders.com/SECOVA-METALS-CORP-1411068/news/Secova-Metals-Consolidates-Significant-Land-Package-in-Quebec-s-Abitibi-Gold-Belt-Region-22346901/
539637942,20160512,201605,2016,2016.3616,BUS,COMPANY,,,,,,BUS,,,CAN,VANCOUVER,CAN,,,,,,,,1,030,030,03,1,4.0,3,1,3,3.15374507227333,4,"Abitibi, Canada (general), Canada",CA,CA00,48,-76,-576358,4,"Abitibi, Canada (general), Canada",CA,CA00,48,-76,-576358,4,"Abitibi, Canada (general), Canada",CA,CA00,48,-76,-576358,20160512,http://www.4-traders.com/SECOVA-METALS-CORP-1411068/news/Secova-Metals-Consolidates-Significant-Land-Package-in-Quebec-s-Abitibi-Gold-Belt-Region-22346901/
539637945,20160512,201605,2016,2016.3616,BUS,COMPANY,,,,,,BUS,,,DEU,FRANKFURT,DEU,,,,,,,,1,0311,031,03,1,5.2,5,1,5,3.15374507227333,4,"Abitibi, Canada (general), Canada",CA,CA00,48,-76,-576358,4,"Abitibi, Canada (general), Canada",CA,CA00,48,-76,-576358,4,"Abitibi, Canada (general), Canada",CA,CA00,48,-76,-576358,20160512,http://www.4-traders.com/SECOVA-METALS-CORP-1411068/news/Secova-Metals-Consolidates-Significant-Land-Package-in-Quebec-s-Abitibi-Gold-Belt-Region-22346901/
539637962,20160512,201605,2016,2016.3616,BUS,COMPANIES,,,,,,BUS,,,GOV,PREMIER,,,,,,GOV,,,1,080,080,08,2,5.0,10,2,10,3.08786154712568,4,"Abitibi, Canada (general), Canada",CA,CA00,48,-76,-576358,4,"Abitibi, Canada (general), Canada",CA,CA00,48,-76,-576358,4,"Abitibi, Canada (general), Canada",CA,CA00,48,-76,-576358,20160512,http://www.4-traders.com/SECOVA-METALS-CORP-1411068/news/Secova-Metals-Consolidates-Significant-Land-Package-in-Quebec-s-Abitibi-Gold-Belt-Region-22346901/
539637963,20160512,201605,2016,2016.3616,BUS,COMPANIES,,,,,,BUS,,,GOV,PREMIER,,,,,,GOV,,,1,141,141,14,3,-6.5,10,2,10,3.08786154712568,4,"Abitibi, Canada (general), Canada",CA,CA00,48,-76,-576358,4,"Abitibi, Canada (general), Canada",CA,CA00,48,-76,-576358,4,"Abitibi, Canada (general), Canada",CA,CA00,48,-76,-576358,20160512,http://www.4-traders.com/SECOVA-METALS-CORP-1411068/news/Secova-Metals-Consolidates-Significant-Land-Package-in-Quebec-s-Abitibi-Gold-Belt-Region-22346901/
539637998,20160512,201605,2016,2016.3616,CAN,CANADA,CAN,,,,,,,,,,,,,,,,,,1,043,043,04,1,2.8,4,2,4,3.08786154712568,4,"Quebec, Quebec, Canada",CA,CA10,47.5,-72,-571850,0,,,,,,,4,"Abitibi, Canada (general), Canada",CA,CA00,48,-76,-576358,20160512,http://www.4-traders.com/SECOVA-METALS-CORP-1411068/news/Secova-Metals-Consolidates-Significant-Land-Package-in-Quebec-s-Abitibi-Gold-Belt-Region-22346901/
539637999,20160512,201605,2016,2016.3616,CAN,CANADA,CAN,,,,,,,,,,,,,,,,,,1,043,043,04,1,2.8,12,2,12,3.08786154712568,4,"Abitibi, Canada (general), Canada",CA,CA00,48,-76,-576358,0,,,,,,,4,"Abitibi, Canada (general), Canada",CA,CA00,48,-76,-576358,20160512,http://www.4-traders.com/SECOVA-METALS-CORP-1411068/news/Secova-Metals-Consolidates-Significant-Land-Package-in-Quebec-s-Abitibi-Gold-Belt-Region-22346901/
539638004,20160512,201605,2016,2016.3616,CAN,VANCOUVER,CAN,,,,,,,,BUS,COMPANY,,,,,,BUS,,,1,030,030,03,1,4.0,5,1,5,3.15374507227333,4,"Quebec, Quebec, Canada",CA,CA10,47.5,-72,-571850,4,"Quebec, Quebec, Canada",CA,CA10,47.5,-72,-571850,4,"Quebec, Quebec, Canada",CA,CA10,47.5,-72,-571850,20160512,http://www.4-traders.com/SECOVA-METALS-CORP-1411068/news/Secova-Metals-Consolidates-Significant-Land-Package-in-Quebec-s-Abitibi-Gold-Belt-Region-22346901/
539638242,20160512,201605,2016,2016.3616,DEU,FRANKFURT,DEU,,,,,,,,BUS,COMPANY,,,,,,BUS,,,1,0311,031,03,1,5.2,5,1,5,3.15374507227333,4,"Abitibi, Canada (general), Canada",CA,CA00,48,-76,-576358,4,"Abitibi, Canada (general), Canada",CA,CA00,48,-76,-576358,4,"Abitibi, Canada (general), Canada",CA,CA00,48,-76,-576358,20160512,http://www.4-traders.com/SECOVA-METALS-CORP-1411068/news/Secova-Metals-Consolidates-Significant-Land-Package-in-Quebec-s-Abitibi-Gold-Belt-Region-22346901/
539638603,20160512,201605,2016,2016.3616,GOV,GOVERNMENT,,,,,,GOV,,,EUR,EUROPE,EUR,,,,,,,,0,080,080,08,2,5.0,20,2,20,-2.03396766932679,1,Japan,JA,JA,36,138,JA,1,Japan,JA,JA,36,138,JA,1,Japan,JA,JA,36,138,JA,20160512,http://blogs.barrons.com/focusonfunds/2016/05/12/goldman-big-insurers-shouldnt-ditch-hedge-funds/
539638625,20160512,201605,2016,2016.3616,GOV,GOVERNMENT,,,,,,GOV,,,JPN,JAPAN,JPN,,,,,,,,0,080,080,08,2,5.0,20,2,20,-2.03396766932679,1,Japan,JA,JA,36,138,JA,1,Japan,JA,JA,36,138,JA,1,Japan,JA,JA,36,138,JA,20160512,http://blogs.barrons.com/focusonfunds/2016/05/12/goldman-big-insurers-shouldnt-ditch-hedge-funds/
539648550,20160512,201605,2016,2016.3616,,,,,,,,,,,CAN,CANADA,CAN,,,,,,,,0,036,036,03,1,4.0,2,1,2,0.46296296296296,0,,,,,,,4,"Toronto, Ontario, Canada",CA,CA08,43.6667,-79.4167,-574890,4,"New Gold, Victoria, Australia",AS,AS07,-37.7271,146.398,11455777,20160512,http://streetregister.com/2016/05/12/pre-market-stocks-roundup-infoblox-inc-nyseblox-new-gold-inc-tsengd/
539648790,20160512,201605,2016,2016.3616,AUS,AUSTRALIA,AUS,,,,,,,,CAN,TORONTO,CAN,,,,,,,,0,036,036,03,1,4.0,6,1,6,0.46296296296296,4,"New Gold, Victoria, Australia",AS,AS07,-37.7271,146.398,11455777,4,"New Gold, Victoria, Australia",AS,AS07,-37.7271,146.398,11455777,4,"New Gold, Victoria, Australia",AS,AS07,-37.7271,146.398,11455777,20160512,http://streetregister.com/2016/05/12/pre-market-stocks-roundup-infoblox-inc-nyseblox-new-gold-inc-tsengd/
539648791,20160512,201605,2016,2016.3616,AUS,AUSTRALIA,AUS,,,,,,,,CAN,TORONTO,CAN,,,,,,,,0,046,046,04,1,7.0,6,1,6,0.46296296296296,4,"New Gold, Victoria, Australia",AS,AS07,-37.7271,146.398,11455777,4,"Toronto, Ontario, Canada",CA,CA08,43.6667,-79.4167,-574890,4,"Toronto, Ontario, Canada",CA,CA08,43.6667,-79.4167,-574890,20160512,http://streetregister.com/2016/05/12/pre-market-stocks-roundup-infoblox-inc-nyseblox-new-gold-inc-tsengd/
539648873,20160512,201605,2016,2016.3616,BUS,COMPANY,,,,,,BUS,,,,,,,,,,,,,1,050,050,05,1,3.5,4,1,4,2.60770975056689,4,"La Libertad, Lima, Peru",PE,PE15,-11.9656,-77.0536,-351632,0,,,,,,,4,"La Libertad, Lima, Peru",PE,PE15,-11.9656,-77.0536,-351632,20160512,http://mineralsandmaterials.energy-business-review.com/news/duran-acquires-by-assignment-the-chucara-gold-silver-lead-zinc-project-120516-4891519
539648912,20160512,201605,2016,2016.3616,BUS,COMPANY,,,,,,BUS,,,GOV,PREMIER,,,,,,GOV,,,1,043,043,04,1,2.8,10,1,10,1.81268882175226,1,United Kingdom,UK,UK,54,-2,UK,1,United Kingdom,UK,UK,54,-2,UK,1,United Kingdom,UK,UK,54,-2,UK,20160512,http://mineralsandmaterials.energy-business-review.com/news/aben-acquires-iskut-river-property-between-snip-and-eskay-creek-gold-mines-120516-4891386
539648949,20160512,201605,2016,2016.3616,CAN,CANADA,CAN,,,,,,,,,,,,,,,,,,0,036,036,03,1,4.0,2,1,2,0.46296296296296,4,"New Gold, Victoria, Australia",AS,AS07,-37.7271,146.398,11455777,0,,,,,,,4,"New Gold, Victoria, Australia",AS,AS07,-37.7271,146.398,11455777,20160512,http://streetregister.com/2016/05/12/pre-market-stocks-roundup-infoblox-inc-nyseblox-new-gold-inc-tsengd/
539648955,20160512,201605,2016,2016.3616,CAN,TORONTO,CAN,,,,,,,,AUS,AUSTRALIA,AUS,,,,,,,,0,036,036,03,1,4.0,6,1,6,0.46296296296296,4,"Toronto, Ontario, Canada",CA,CA08,43.6667,-79.4167,-574890,4,"New Gold, Victoria, Australia",AS,AS07,-37.7271,146.398,11455777,4,"New Gold, Victoria, Australia",AS,AS07,-37.7271,146.398,11455777,20160512,http://streetregister.com/2016/05/12/pre-market-stocks-roundup-infoblox-inc-nyseblox-new-gold-inc-tsengd/
539648956,20160512,201605,2016,2016.3616,CAN,TORONTO,CAN,,,,,,,,AUS,AUSTRALIA,AUS,,,,,,,,0,046,046,04,1,7.0,6,1,6,0.46296296296296,4,"Toronto, Ontario, Canada",CA,CA08,43.6667,-79.4167,-574890,4,"New Gold, Victoria, Australia",AS,AS07,-37.7271,146.398,11455777,4,"Toronto, Ontario, Canada",CA,CA08,43.6667,-79.4167,-574890,20160512,http://streetregister.com/2016/05/12/pre-market-stocks-roundup-infoblox-inc-nyseblox-new-gold-inc-tsengd/
539648978,20160512,201605,2016,2016.3616,CAN,ONTARIO,CAN,,,,,,,,MNC,NEW GOLD INC,,,,,,MNC,,,0,036,036,03,1,4.0,2,1,2,0.46296296296296,4,"Toronto, Ontario, Canada",CA,CA08,43.6667,-79.4167,-574890,4,"New Gold, Victoria, Australia",AS,AS07,-37.7271,146.398,11455777,4,"New Gold, Victoria, Australia",AS,AS07,-37.7271,146.398,11455777,20160512,http://streetregister.com/2016/05/12/pre-market-stocks-roundup-infoblox-inc-nyseblox-new-gold-inc-tsengd/
539648979,20160512,201605,2016,2016.3616,CAN,ONTARIO,CAN,,,,,,,,MNC,NEW GOLD INC,,,,,,MNC,,,0,046,046,04,1,7.0,2,1,2,0.46296296296296,4,"Toronto, Ontario, Canada",CA,CA08,43.6667,-79.4167,-574890,4,"New Gold, Victoria, Australia",AS,AS07,-37.7271,146.398,11455777,4,"Toronto, Ontario, Canada",CA,CA08,43.6667,-79.4167,-574890,20160512,http://streetregister.com/2016/05/12/pre-market-stocks-roundup-infoblox-inc-nyseblox-new-gold-inc-tsengd/
539649647,20160512,201605,2016,2016.3616,GOV,PREMIER,,,,,,GOV,,,BUS,COMPANY,,,,,,BUS,,,1,042,042,04,1,1.9,2,1,2,1.81268882175226,4,"Iskut River, British Columbia, Canada",CA,CA02,56.75,-131.8,-566680,4,"Iskut River, British Columbia, Canada",CA,CA02,56.75,-131.8,-566680,1,United Kingdom,UK,UK,54,-2,UK,20160512,http://mineralsandmaterials.energy-business-review.com/news/aben-acquires-iskut-river-property-between-snip-and-eskay-creek-gold-mines-120516-4891386
539649648,20160512,201605,2016,2016.3616,GOV,PREMIER,,,,,,GOV,,,BUS,COMPANY,,,,,,BUS,,,1,042,042,04,1,1.9,8,1,8,1.81268882175226,1,United Kingdom,UK,UK,54,-2,UK,4,"Iskut River, British Columbia, Canada",CA,CA02,56.75,-131.8,-566680,1,United Kingdom,UK,UK,54,-2,UK,20160512,http://mineralsandmaterials.energy-business-review.com/news/aben-acquires-iskut-river-property-between-snip-and-eskay-creek-gold-mines-120516-4891386
539649973,20160512,201605,2016,2016.3616,JPN,JAPAN,JPN,,,,,,,,,,,,,,,,,,1,017,017,01,1,0.0,1,1,1,0.39011703511053,2,"California, United States",US,USCA,36.17,-119.746,CA,0,,,,,,,2,"California, United States",US,USCA,36.17,-119.746,CA,20160512,http://blog.hemmings.com/index.php/2016/05/12/subarus-boxer-engine-celebrates-its-golden-anniversary/
539650235,20160512,201605,2016,2016.3616,MNC,NEW GOLD INC,,,,,,MNC,,,CAN,ONTARIO,CAN,,,,,,,,0,036,036,03,1,4.0,2,1,2,0.46296296296296,4,"New Gold, Victoria, Australia",AS,AS07,-37.7271,146.398,11455777,4,"New Gold, Victoria, Australia",AS,AS07,-37.7271,146.398,11455777,4,"New Gold, Victoria, Australia",AS,AS07,-37.7271,146.398,11455777,20160512,http://streetregister.com/2016/05/12/pre-market-stocks-roundup-infoblox-inc-nyseblox-new-gold-inc-tsengd/
539650236,20160512,201605,2016,2016.3616,MNC,NEW GOLD INC,,,,,,MNC,,,CAN,ONTARIO,CAN,,,,,,,,0,046,046,04,1,7.0,2,1,2,0.46296296296296,4,"New Gold, Victoria, Australia",AS,AS07,-37.7271,146.398,11455777,4,"Toronto, Ontario, Canada",CA,CA08,43.6667,-79.4167,-574890,4,"Toronto, Ontario, Canada",CA,CA08,43.6667,-79.4167,-574890,20160512,http://streetregister.com/2016/05/12/pre-market-stocks-roundup-infoblox-inc-nyseblox-new-gold-inc-tsengd/
539652962,20150513,201505,2015,2015.3644,USA,UNITED STATES,USA,,,,,,,,,,,,,,,,,,0,071,071,07,2,7.4,77,8,77,-0.0855314396306905,3,"Silver Lake, New York, United States",US,USNY,42.6015,-75.3324,965263,0,,,,,,,3,"Silver Lake, New York, United States",US,USNY,42.6015,-75.3324,965263,20160512,http://www.4-traders.com/BARCLAYS-PLC-9583556/news/Goldman-tries-to-drum-up-leveraged-finance-business-as-trading-stock-sales-slow-22347242/
539652963,20150513,201505,2015,2015.3644,USA,UNITED STATES,USA,,,,,,,,,,,,,,,,,,0,071,071,07,2,7.4,12,3,12,-0.149014250996439,2,"New York, United States",US,USNY,42.1497,-74.9384,NY,0,,,,,,,3,"Silver Lake, New York, United States",US,USNY,42.6015,-75.3324,965263,20160512,https://www.yahoo.com/news/goldman-tries-drum-leveraged-finance-143929155.html
539652966,20150513,201505,2015,2015.3644,USA,UNITED STATES,USA,,,,,,,,MNCUSABUS,SOLARWINDS INC,USA,,,,,MNC,BUS,,0,071,071,07,2,7.4,5,3,5,-0.157806949345976,3,"Silver Lake, New York, United States",US,USNY,42.6015,-75.3324,965263,3,"Silver Lake, New York, United States",US,USNY,42.6015,-75.3324,965263,3,"Silver Lake, New York, United States",US,USNY,42.6015,-75.3324,965263,20160512,http://www.4-traders.com/BARCLAYS-PLC-9583556/news/Goldman-tries-to-drum-up-leveraged-finance-business-as-trading-stock-sales-slow-22347242/
539652967,20150513,201505,2015,2015.3644,USA,UNITED STATES,USA,,,,,,,,MNCUSABUS,SOLARWINDS INC,USA,,,,,MNC,BUS,,0,071,071,07,2,7.4,4,2,4,-0.103096728113732,3,"Silver Lake, New York, United States",US,USNY,42.6015,-75.3324,965263,2,"New York, United States",US,USNY,42.1497,-74.9384,NY,3,"Silver Lake, New York, United States",US,USNY,42.6015,-75.3324,965263,20160512,https://www.yahoo.com/news/goldman-tries-drum-leveraged-finance-143929155.html
539652968,20150513,201505,2015,2015.3644,USA,UNITED STATES,USA,,,,,,,,MNCUSABUS,SOLARWINDS INC,USA,,,,,MNC,BUS,,0,071,071,07,2,7.4,19,6,19,-0.034745190538092,2,"New York, United States",US,USNY,42.1497,-74.9384,NY,2,"New York, United States",US,USNY,42.1497,-74.9384,NY,3,"Silver Lake, New York, United States",US,USNY,42.6015,-75.3324,965263,20160512,http://www.4-traders.com/BARCLAYS-PLC-9583556/news/Goldman-tries-to-drum-up-leveraged-finance-business-as-trading-stock-sales-slow-22347242/
539653434,20160512,201605,2016,2016.3616,BUS,BANK,,,,,,BUS,,,,,,,,,,,,,0,020,020,02,1,3.0,180,8,180,-0.0855314396306905,3,"Silver Lake, New York, United States",US,USNY,42.6015,-75.3324,965263,0,,,,,,,3,"Silver Lake, New York, United States",US,USNY,42.6015,-75.3324,965263,20160512,http://www.4-traders.com/BARCLAYS-PLC-9583556/news/Goldman-tries-to-drum-up-leveraged-finance-business-as-trading-stock-sales-slow-22347242/
539653444,20160512,201605,2016,2016.3616,BUS,COMPANIES,,,,,,BUS,,,,,,,,,,,,,1,060,060,06,2,6.0,24,3,24,-0.157806949345976,2,"New York, United States",US,USNY,42.1497,-74.9384,NY,0,,,,,,,3,"Silver Lake, New York, United States",US,USNY,42.6015,-75.3324,965263,20160512,http://www.4-traders.com/BARCLAYS-PLC-9583556/news/Goldman-tries-to-drum-up-leveraged-finance-business-as-trading-stock-sales-slow-22347242/
539653445,20160512,201605,2016,2016.3616,BUS,COMPANIES,,,,,,BUS,,,,,,,,,,,,,1,060,060,06,2,6.0,4,2,4,-0.188323917137475,2,"New York, United States",US,USNY,42.1497,-74.9384,NY,0,,,,,,,2,"New York, United States",US,USNY,42.1497,-74.9384,NY,20160512,http://www.4-traders.com/BARCLAYS-PLC-9583556/news/Goldman-tries-to-drum-up-leveraged-finance-business-as-trading-stock-sales-slow-22347242/
539653471,20160512,201605,2016,2016.3616,BUS,BANK,,,,,,BUS,,,,,,,,,,,,,0,120,120,12,3,-4.0,90,8,90,-0.0855314396306905,3,"Silver Lake, New York, United States",US,USNY,42.6015,-75.3324,965263,0,,,,,,,3,"Silver Lake, New York, United States",US,USNY,42.6015,-75.3324,965263,20160512,http://www.4-traders.com/BARCLAYS-PLC-9583556/news/Goldman-tries-to-drum-up-leveraged-finance-business-as-trading-stock-sales-slow-22347242/
539653780,20160512,201605,2016,2016.3616,CVL,CONSTITUENT,,,,,,CVL,,,LEG,SENATOR,,,,,,LEG,,,1,042,042,04,1,1.9,10,1,10,-2.23004694835681,2,"Wisconsin, United States",US,USWI,44.2563,-89.6385,WI,2,"Wisconsin, United States",US,USWI,44.2563,-89.6385,WI,2,"Wisconsin, United States",US,USWI,44.2563,-89.6385,WI,20160512,http://www.dailykos.com/story/2016/05/12/1525526/-WI-Senate-Russ-Feingold-needs-a-push
539654642,20160512,201605,2016,2016.3616,LEG,SENATOR,,,,,,LEG,,,CVL,CONSTITUENT,,,,,,CVL,,,1,043,043,04,1,2.8,10,1,10,-2.23004694835681,1,Iraq,IZ,IZ,33,44,IZ,1,Iraq,IZ,IZ,33,44,IZ,1,Iraq,IZ,IZ,33,44,IZ,20160512,http://www.dailykos.com/story/2016/05/12/1525526/-WI-Senate-Russ-Feingold-needs-a-push
539657654,20160512,201605,2016,2016.3616,,,,,,,,,,,CAN,NEW BRUNSWICK,CAN,,,,,,,,1,042,042,04,1,1.9,2,1,2,-1.82440136830102,0,,,,,,,4,"Bathurst, Banjul, Gambia",GA,GA01,13.4531,-16.5775,-1199434,1,Canada,CA,CA,60,-95,CA,20160512,http://www.goldseiten.de/artikel/285450--Wolfden-announces-increase-to-non-brokered-flow-through-private-placement-of-up-to-357500.html
539657793,20160512,201605,2016,2016.3616,,,,,,,,,,,MNCAUS,BHP BILLITON,AUS,,,,,MNC,,,1,061,061,06,2,6.4,6,1,6,-0.28506271379703,0,,,,,,,2,"Utah, United States",US,USUT,40.1135,-111.854,UT,2,"Utah, United States",US,USUT,40.1135,-111.854,UT,20160512,http://www.goldseiten.de/artikel/285462--Anfield-Resources-Inc.-Provides-Update-Regarding-its-Uranium-Assets-.html
539657865,20160512,201605,2016,2016.3616,,,,,,,,,,,USA,UNITED STATES,USA,,,,,,,,1,061,061,06,2,6.4,2,1,2,-0.28506271379703,0,,,,,,,2,"Utah, United States",US,USUT,40.1135,-111.854,UT,2,"Utah, United States",US,USUT,40.1135,-111.854,UT,20160512,http://www.goldseiten.de/artikel/285462--Anfield-Resources-Inc.-Provides-Update-Regarding-its-Uranium-Assets-.html
539658024,20160512,201605,2016,2016.3616,BUS,COMPANY,,,,,,BUS,,,,,,,,,,,,,1,020,020,02,1,3.0,10,1,10,0.8130081300813,5,"Yukon Territory, Yukon, Canada",CA,CA12,63,-136,-576336,0,,,,,,,5,"Yukon Territory, Yukon, Canada",CA,CA12,63,-136,-576336,20160512,http://www.goldseiten.de/artikel/285448--IDM-Mining-Announces-Grant-of-Stock-Options-Under-New-Stock-Option-Plan.html
539658052,20160512,201605,2016,2016.3616,BUS,COMPANY,,,,,,BUS,,,CAN,VANCOUVER,CAN,,,,,,,,1,030,030,03,1,4.0,10,1,10,2.23214285714286,4,"Vancouver, British Columbia, Canada",CA,CA02,49.25,-123.133,-575268,4,"Vancouver, British Columbia, Canada",CA,CA02,49.25,-123.133,-575268,4,"Vancouver, British Columbia, Canada",CA,CA02,49.25,-123.133,-575268,20160512,http://www.goldseiten.de/artikel/285463--Secova-Metals-Consolidates-Significant-Land-Package-in-Quebecund039s-Abitibi-Gold-Belt-Region.html
539658061,20160512,201605,2016,2016.3616,BUS,COMPANY,,,,,,BUS,,,DEU,FRANKFURT,DEU,,,,,,,,1,0311,031,03,1,5.2,16,2,16,2.62706043956045,4,"Vancouver, British Columbia, Canada",CA,CA02,49.25,-123.133,-575268,4,"Vancouver, British Columbia, Canada",CA,CA02,49.25,-123.133,-575268,4,"Vancouver, British Columbia, Canada",CA,CA02,49.25,-123.133,-575268,20160512,http://www.goldseiten.de/artikel/285463--Secova-Metals-Consolidates-Significant-Land-Package-in-Quebecund039s-Abitibi-Gold-Belt-Region.html
539658066,20160512,201605,2016,2016.3616,BUS,COMPANIES,,,,,,BUS,,,GOV,PREMIER,,,,,,GOV,,,1,080,080,08,2,5.0,5,1,5,2.23214285714286,4,"Vancouver, British Columbia, Canada",CA,CA02,49.25,-123.133,-575268,4,"Vancouver, British Columbia, Canada",CA,CA02,49.25,-123.133,-575268,4,"Vancouver, British Columbia, Canada",CA,CA02,49.25,-123.133,-575268,20160512,http://www.goldseiten.de/artikel/285463--Secova-Metals-Consolidates-Significant-Land-Package-in-Quebecund039s-Abitibi-Gold-Belt-Region.html
539658068,20160512,201605,2016,2016.3616,BUS,COMPANIES,,,,,,BUS,,,GOV,PREMIER,,,,,,GOV,,,1,141,141,14,3,-6.5,5,1,5,2.23214285714286,4,"Vancouver, British Columbia, Canada",CA,CA02,49.25,-123.133,-575268,4,"Vancouver, British Columbia, Canada",CA,CA02,49.25,-123.133,-575268,4,"Vancouver, British Columbia, Canada",CA,CA02,49.25,-123.133,-575268,20160512,http://www.goldseiten.de/artikel/285463--Secova-Metals-Consolidates-Significant-Land-Package-in-Quebecund039s-Abitibi-Gold-Belt-Region.html
539658098,20160512,201605,2016,2016.3616,BUSBUS,COMPANY,,,,,,BUS,BUS,,CANGOV,CANADA,CAN,,,,,GOV,,,0,010,010,01,1,0.0,10,1,10,-1.82440136830102,1,Canada,CA,CA,60,-95,CA,1,Canada,CA,CA,60,-95,CA,1,Canada,CA,CA,60,-95,CA,20160512,http://www.goldseiten.de/artikel/285450--Wolfden-announces-increase-to-non-brokered-flow-through-private-placement-of-up-to-357500.html
539658099,20160512,201605,2016,2016.3616,BUSBUS,COMPANY,,,,,,BUS,BUS,,CANGOV,CANADA,CAN,,,,,GOV,,,0,046,046,04,1,7.0,10,1,10,-1.82440136830102,1,Canada,CA,CA,60,-95,CA,1,Canada,CA,CA,60,-95,CA,1,Canada,CA,CA,60,-95,CA,20160512,http://www.goldseiten.de/artikel/285450--Wolfden-announces-increase-to-non-brokered-flow-through-private-placement-of-up-to-357500.html
539658105,20160512,201605,2016,2016.3616,CAN,VANCOUVER,CAN,,,,,,,,BUS,COMPANY,,,,,,BUS,,,1,030,030,03,1,4.0,2,1,2,2.23214285714286,4,"Vancouver, British Columbia, Canada",CA,CA02,49.25,-123.133,-575268,4,"Vancouver, British Columbia, Canada",CA,CA02,49.25,-123.133,-575268,4,"Vancouver, British Columbia, Canada",CA,CA02,49.25,-123.133,-575268,20160512,http://www.goldseiten.de/artikel/285463--Secova-Metals-Consolidates-Significant-Land-Package-in-Quebecund039s-Abitibi-Gold-Belt-Region.html
539658109,20160512,201605,2016,2016.3616,CANGOV,CANADA,CAN,,,,,GOV,,,BUSBUS,COMPANY,,,,,,BUS,BUS,,0,046,046,04,1,7.0,10,1,10,-1.82440136830102,1,Canada,CA,CA,60,-95,CA,1,Canada,CA,CA,60,-95,CA,1,Canada,CA,CA,60,-95,CA,20160512,http://www.goldseiten.de/artikel/285450--Wolfden-announces-increase-to-non-brokered-flow-through-private-placement-of-up-to-357500.html
539658336,20160512,201605,2016,2016.3616,DEU,FRANKFURT,DEU,,,,,,,,BUS,COMPANY,,,,,,BUS,,,1,0311,031,03,1,5.2,16,2,16,2.62706043956045,4,"Vancouver, British Columbia, Canada",CA,CA02,49.25,-123.133,-575268,4,"Vancouver, British Columbia, Canada",CA,CA02,49.25,-123.133,-575268,4,"Vancouver, British Columbia, Canada",CA,CA02,49.25,-123.133,-575268,20160512,http://www.goldseiten.de/artikel/285463--Secova-Metals-Consolidates-Significant-Land-Package-in-Quebecund039s-Abitibi-Gold-Belt-Region.html
539659053,20160512,201605,2016,2016.3616,LBR,LIBERIA,LBR,,,,,,,,NGOENVHRI,GLOBAL WITNESS,,,,,,NGO,ENV,HRI,1,016,016,01,1,-2.0,10,1,10,0.17421602787457,1,Liberia,LI,LI,6.5,-9.5,LI,1,Liberia,LI,LI,6.5,-9.5,LI,1,Liberia,LI,LI,6.5,-9.5,LI,20160512,http://gnnliberia.com/2016/05/12/golden-veroleum-liberia-responds-global-witness-report/
539659914,20160512,201605,2016,2016.3616,USA,UNITED STATES,USA,,,,,,,,MNCAUS,BHP BILLITON,AUS,,,,,MNC,,,1,061,061,06,2,6.4,2,1,2,-0.28506271379703,2,"Utah, United States",US,USUT,40.1135,-111.854,UT,2,"Utah, United States",US,USUT,40.1135,-111.854,UT,2,"Utah, United States",US,USUT,40.1135,-111.854,UT,20160512,http://www.goldseiten.de/artikel/285462--Anfield-Resources-Inc.-Provides-Update-Regarding-its-Uranium-Assets-.html
539668883,20160512,201605,2016,2016.3616,USA,SEATTLE,USA,,,,,,,,CVL,TOURIST,,,,,,CVL,,,1,051,051,05,1,3.4,10,1,10,2.07253886010363,3,"Portland, Oregon, United States",US,USOR,45.5235,-122.676,1136645,3,"Portland, Oregon, United States",US,USOR,45.5235,-122.676,1136645,3,"Portland, Oregon, United States",US,USOR,45.5235,-122.676,1136645,20160512,http://brewpublic.com/beer-releases/pike-space-needle-golden-ipa-now-available-in-12-oz-cans/
539670788,20150513,201505,2015,2015.3644,COP,POLICE,,,,,,COP,,,,,,,,,,,,,1,090,090,09,2,-2.0,16,1,16,-5.30785562632696,3,"Southport, Florida, United States",US,USFL,30.2894,-85.6405,291442,0,,,,,,,3,"Southport, Florida, United States",US,USFL,30.2894,-85.6405,291442,20160512,http://www.goldcoastbulletin.com.au/news/crime-court/gold-coast-schools-cleaner-found-with-child-porn-and-undies-sentenced-at-southport-court/news-story/f753840dbc68ac4982553e8e953c2d69?nk=3eb354feaac71ff31b2ab75def1efc4c-1463068201
539670789,20150513,201505,2015,2015.3644,COP,POLICE,,,,,,COP,,,,,,,,,,,,,1,090,090,09,2,-2.0,16,1,16,-5.30785562632696,3,"Arundel, Florida, United States",US,USFL,27.0881,-80.2984,294658,0,,,,,,,3,"Arundel, Florida, United States",US,USFL,27.0881,-80.2984,294658,20160512,http://www.goldcoastbulletin.com.au/news/crime-court/gold-coast-schools-cleaner-found-with-child-porn-and-undies-sentenced-at-southport-court/news-story/f753840dbc68ac4982553e8e953c2d69?nk=3eb354feaac71ff31b2ab75def1efc4c-1463068201
539670790,20150513,201505,2015,2015.3644,COP,POLICE,,,,,,COP,,,,,,,,,,,,,1,090,090,09,2,-2.0,8,1,8,-5.30785562632696,1,Ghana,GH,GH,8,-2,GH,0,,,,,,,1,Ghana,GH,GH,8,-2,GH,20160512,http://www.goldcoastbulletin.com.au/news/crime-court/gold-coast-schools-cleaner-found-with-child-porn-and-undies-sentenced-at-southport-court/news-story/f753840dbc68ac4982553e8e953c2d69?nk=3eb354feaac71ff31b2ab75def1efc4c-1463068201
539670866,20160511,201605,2016,2016.3589,EDU,SCHOOL,,,,,,EDU,,,USA,MIAMI,USA,,,,,,,,1,015,015,01,1,0.0,8,1,8,-5.30785562632696,3,"Arundel, Florida, United States",US,USFL,27.0881,-80.2984,294658,3,"Miami, Florida, United States",US,USFL,25.7743,-80.1937,295004,3,"Miami, Florida, United States",US,USFL,25.7743,-80.1937,295004,20160512,http://www.goldcoastbulletin.com.au/news/crime-court/gold-coast-schools-cleaner-found-with-child-porn-and-undies-sentenced-at-southport-court/news-story/f753840dbc68ac4982553e8e953c2d69?nk=3eb354feaac71ff31b2ab75def1efc4c-1463068201
539670871,20160511,201605,2016,2016.3589,USA,UNITED STATES,USA,,,,,,,,EDU,SCHOOL,,,,,,EDU,,,1,015,015,01,1,0.0,24,1,24,-5.30785562632696,3,"Arundel, Florida, United States",US,USFL,27.0881,-80.2984,294658,3,"Miami, Florida, United States",US,USFL,25.7743,-80.1937,295004,3,"Miami, Florida, United States",US,USFL,25.7743,-80.1937,295004,20160512,http://www.goldcoastbulletin.com.au/news/crime-court/gold-coast-schools-cleaner-found-with-child-porn-and-undies-sentenced-at-southport-court/news-story/f753840dbc68ac4982553e8e953c2d69?nk=3eb354feaac71ff31b2ab75def1efc4c-1463068201
539670872,20160511,201605,2016,2016.3589,USA,UNITED STATES,USA,,,,,,,,EDU,SCHOOL,,,,,,EDU,,,1,015,015,01,1,0.0,8,1,8,-5.30785562632696,3,"Miami, Florida, United States",US,USFL,25.7743,-80.1937,295004,3,"Miami, Florida, United States",US,USFL,25.7743,-80.1937,295004,3,"Miami, Florida, United States",US,USFL,25.7743,-80.1937,295004,20160512,http://www.goldcoastbulletin.com.au/news/crime-court/gold-coast-schools-cleaner-found-with-child-porn-and-undies-sentenced-at-southport-court/news-story/f753840dbc68ac4982553e8e953c2d69?nk=3eb354feaac71ff31b2ab75def1efc4c-1463068201
539670932,20160512,201605,2016,2016.3616,,,,,,,,,,,EDU,SCHOOL,,,,,,EDU,,,1,043,043,04,1,2.8,8,1,8,-2.13903743315508,0,,,,,,,4,"Nerang, Queensland, Australia",AS,AS04,-27.9894,153.336,-1591215,4,"Nerang, Queensland, Australia",AS,AS04,-27.9894,153.336,-1591215,20160512,http://www.goldcoastbulletin.com.au/lifestyle/gold-coast-school-sausage-sizzle-ban-labelled-segregationist-by-parents-and-experts/news-story/5fd9ad56925d4474fb58de6e68dd11ac?nk=4984bc484f27406178102714dd85acc5-1463068273
539670935,20160512,201605,2016,2016.3616,,,,,,,,,,,EDU,SCHOOL,,,,,,EDU,,,0,043,043,04,1,2.8,40,1,40,-2.13903743315508,0,,,,,,,1,Ghana,GH,GH,8,-2,GH,1,Ghana,GH,GH,8,-2,GH,20160512,http://www.goldcoastbulletin.com.au/lifestyle/gold-coast-school-sausage-sizzle-ban-labelled-segregationist-by-parents-and-experts/news-story/5fd9ad56925d4474fb58de6e68dd11ac?nk=4984bc484f27406178102714dd85acc5-1463068273
539670949,20160512,201605,2016,2016.3616,,,,,,,,,,,GHA,GHANA,GHA,,,,,,,,0,081,081,08,2,5.0,16,1,16,-5.30785562632696,0,,,,,,,1,Ghana,GH,GH,8,-2,GH,1,Ghana,GH,GH,8,-2,GH,20160512,http://www.goldcoastbulletin.com.au/news/crime-court/gold-coast-schools-cleaner-found-with-child-porn-and-undies-sentenced-at-southport-court/news-story/f753840dbc68ac4982553e8e953c2d69?nk=3eb354feaac71ff31b2ab75def1efc4c-1463068201
539671117,20160512,201605,2016,2016.3616,,,,,,,,,,,USA,UNITED STATES,USA,,,,,,,,1,173,173,17,4,-5.0,24,1,16,-5.30785562632696,0,,,,,,,3,"Southport, Florida, United States",US,USFL,30.2894,-85.6405,291442,3,"Southport, Florida, United States",US,USFL,30.2894,-85.6405,291442,20160512,http://www.goldcoastbulletin.com.au/news/crime-court/gold-coast-schools-cleaner-found-with-child-porn-and-undies-sentenced-at-southport-court/news-story/f753840dbc68ac4982553e8e953c2d69?nk=3eb354feaac71ff31b2ab75def1efc4c-1463068201
539671119,20160512,201605,2016,2016.3616,,,,,,,,,,,USA,UNITED STATES,USA,,,,,,,,1,173,173,17,4,-5.0,8,1,8,-5.30785562632696,0,,,,,,,1,Ghana,GH,GH,8,-2,GH,1,Ghana,GH,GH,8,-2,GH,20160512,http://www.goldcoastbulletin.com.au/news/crime-court/gold-coast-schools-cleaner-found-with-child-porn-and-undies-sentenced-at-southport-court/news-story/f753840dbc68ac4982553e8e953c2d69?nk=3eb354feaac71ff31b2ab75def1efc4c-1463068201
539671226,20160512,201605,2016,2016.3616,AUSEDU,AUSTRALIA,AUS,,,,,EDU,,,EDU,STUDENT,,,,,,EDU,,,1,042,042,04,1,1.9,32,1,32,-2.13903743315508,4,"Nerang, Queensland, Australia",AS,AS04,-27.9894,153.336,-1591215,4,"Nerang, Queensland, Australia",AS,AS04,-27.9894,153.336,-1591215,4,"Nerang, Queensland, Australia",AS,AS04,-27.9894,153.336,-1591215,20160512,http://www.goldcoastbulletin.com.au/lifestyle/gold-coast-school-sausage-sizzle-ban-labelled-segregationist-by-parents-and-experts/news-story/5fd9ad56925d4474fb58de6e68dd11ac?nk=4984bc484f27406178102714dd85acc5-1463068273
539671227,20160512,201605,2016,2016.3616,AUSEDU,AUSTRALIA,AUS,,,,,EDU,,,EDU,STUDENT,,,,,,EDU,,,1,112,112,11,3,-2.0,32,1,32,-2.13903743315508,4,"Nerang, Queensland, Australia",AS,AS04,-27.9894,153.336,-1591215,4,"Nerang, Queensland, Australia",AS,AS04,-27.9894,153.336,-1591215,4,"Nerang, Queensland, Australia",AS,AS04,-27.9894,153.336,-1591215,20160512,http://www.goldcoastbulletin.com.au/lifestyle/gold-coast-school-sausage-sizzle-ban-labelled-segregationist-by-parents-and-experts/news-story/5fd9ad56925d4474fb58de6e68dd11ac?nk=4984bc484f27406178102714dd85acc5-1463068273
539671666,20160512,201605,2016,2016.3616,CVL,HUNTER,,,,,,CVL,,,AUS,AUSTRALIA,AUS,,,,,,,,1,090,090,09,2,-2.0,10,1,10,2.12121212121213,1,Australia,AS,AS,-27,133,AS,1,Australia,AS,AS,-27,133,AS,1,Australia,AS,AS,-27,133,AS,20160512,http://www.divernet.com/home-diving-news/p305994-scuba-diver-finds-britain-s-biggest-ever-gold-nugget.html
539671673,20160512,201605,2016,2016.3616,CVL,HUNTER,,,,,,CVL,,,CAN,CANADA,CAN,,,,,,,,1,090,090,09,2,-2.0,2,1,2,2.12121212121213,1,Australia,AS,AS,-27,133,AS,1,Australia,AS,AS,-27,133,AS,1,Australia,AS,AS,-27,133,AS,20160512,http://www.divernet.com/home-diving-news/p305994-scuba-diver-finds-britain-s-biggest-ever-gold-nugget.html
539671674,20160512,201605,2016,2016.3616,CVL,HUNTER,,,,,,CVL,,,CAN,CANADA,CAN,,,,,,,,1,090,090,09,2,-2.0,6,1,6,2.12121212121213,1,Australia,AS,AS,-27,133,AS,1,Canada,CA,CA,60,-95,CA,1,Australia,AS,AS,-27,133,AS,20160512,http://www.divernet.com/home-diving-news/p305994-scuba-diver-finds-britain-s-biggest-ever-gold-nugget.html
539671675,20160512,201605,2016,2016.3616,CVL,HUNTER,,,,,,CVL,,,CAN,CANADA,CAN,,,,,,,,1,090,090,09,2,-2.0,2,1,2,2.12121212121213,1,Australia,AS,AS,-27,133,AS,1,New Zealand,NZ,NZ,-41,174,NZ,1,Australia,AS,AS,-27,133,AS,20160512,http://www.divernet.com/home-diving-news/p305994-scuba-diver-finds-britain-s-biggest-ever-gold-nugget.html
539671680,20160512,201605,2016,2016.3616,CVL,HUNTER,,,,,,CVL,,,EUR,EUROPE,EUR,,,,,,,,1,090,090,09,2,-2.0,10,1,10,2.12121212121213,4,"Moelfre, Isle of Anglesey, United Kingdom",UK,UKX1,53.35,-4.23333,-2603245,4,"Moelfre, Isle of Anglesey, United Kingdom",UK,UKX1,53.35,-4.23333,-2603245,4,"Moelfre, Isle of Anglesey, United Kingdom",UK,UKX1,53.35,-4.23333,-2603245,20160512,http://www.divernet.com/home-diving-news/p305994-scuba-diver-finds-britain-s-biggest-ever-gold-nugget.html
539671690,20160512,201605,2016,2016.3616,CVL,HUNTER,,,,,,CVL,,,NZL,NEW ZEALAND,NZL,,,,,,,,1,090,090,09,2,-2.0,4,1,4,2.12121212121213,1,Australia,AS,AS,-27,133,AS,1,Australia,AS,AS,-27,133,AS,1,Australia,AS,AS,-27,133,AS,20160512,http://www.divernet.com/home-diving-news/p305994-scuba-diver-finds-britain-s-biggest-ever-gold-nugget.html
539671691,20160512,201605,2016,2016.3616,CVL,HUNTER,,,,,,CVL,,,NZL,NEW ZEALAND,NZL,,,,,,,,1,090,090,09,2,-2.0,6,1,6,2.12121212121213,1,Australia,AS,AS,-27,133,AS,1,New Zealand,NZ,NZ,-41,174,NZ,1,Australia,AS,AS,-27,133,AS,20160512,http://www.divernet.com/home-diving-news/p305994-scuba-diver-finds-britain-s-biggest-ever-gold-nugget.html
539671759,20160512,201605,2016,2016.3616,EDU,SCHOOL,,,,,,EDU,,,,,,,,,,,,,1,042,042,04,1,1.9,8,1,8,-2.13903743315508,4,"Nerang, Queensland, Australia",AS,AS04,-27.9894,153.336,-1591215,0,,,,,,,4,"Nerang, Queensland, Australia",AS,AS04,-27.9894,153.336,-1591215,20160512,http://www.goldcoastbulletin.com.au/lifestyle/gold-coast-school-sausage-sizzle-ban-labelled-segregationist-by-parents-and-experts/news-story/5fd9ad56925d4474fb58de6e68dd11ac?nk=4984bc484f27406178102714dd85acc5-1463068273
539671762,20160512,201605,2016,2016.3616,EDU,SCHOOL,,,,,,EDU,,,,,,,,,,,,,0,042,042,04,1,1.9,40,1,40,-2.13903743315508,1,Ghana,GH,GH,8,-2,GH,0,,,,,,,1,Ghana,GH,GH,8,-2,GH,20160512,http://www.goldcoastbulletin.com.au/lifestyle/gold-coast-school-sausage-sizzle-ban-labelled-segregationist-by-parents-and-experts/news-story/5fd9ad56925d4474fb58de6e68dd11ac?nk=4984bc484f27406178102714dd85acc5-1463068273
539671774,20160512,201605,2016,2016.3616,EDU,SCHOOL,,,,,,EDU,,,,,,,,,,,,,1,130,130,13,3,-4.4,20,1,20,-1.0204081632653,1,Ghana,GH,GH,8,-2,GH,0,,,,,,,1,Ghana,GH,GH,8,-2,GH,20160512,http://www.goldcoastbulletin.com.au/news/council/used-syringes-found-in-elanora-skate-park-on-the-gold-coast-by-parent/news-story/75691867c19c5d475c1f24cc24f693e7?nk=647cd2942ace40b558dbf5af90f1f239-1463068409
539671777,20160512,201605,2016,2016.3616,EDU,STUDENT,,,,,,EDU,,,,,,,,,,,,,1,172,172,17,4,-5.0,20,1,20,-2.13903743315508,4,"Nerang, Queensland, Australia",AS,AS04,-27.9894,153.336,-1591215,0,,,,,,,4,"Nerang, Queensland, Australia",AS,AS04,-27.9894,153.336,-1591215,20160512,http://www.goldcoastbulletin.com.au/lifestyle/gold-coast-school-sausage-sizzle-ban-labelled-segregationist-by-parents-and-experts/news-story/5fd9ad56925d4474fb58de6e68dd11ac?nk=4984bc484f27406178102714dd85acc5-1463068273
539671778,20160512,201605,2016,2016.3616,EDU,SCHOOL,,,,,,EDU,,,,,,,,,,,,,1,172,172,17,4,-5.0,24,1,8,-2.13903743315508,1,Ghana,GH,GH,8,-2,GH,0,,,,,,,1,Ghana,GH,GH,8,-2,GH,20160512,http://www.goldcoastbulletin.com.au/lifestyle/gold-coast-school-sausage-sizzle-ban-labelled-segregationist-by-parents-and-experts/news-story/5fd9ad56925d4474fb58de6e68dd11ac?nk=4984bc484f27406178102714dd85acc5-1463068273
539671783,20160512,201605,2016,2016.3616,EDU,STUDENT,,,,,,EDU,,,AUSEDU,AUSTRALIA,AUS,,,,,EDU,,,1,043,043,04,1,2.8,32,1,32,-2.13903743315508,4,"Nerang, Queensland, Australia",AS,AS04,-27.9894,153.336,-1591215,4,"Nerang, Queensland, Australia",AS,AS04,-27.9894,153.336,-1591215,4,"Nerang, Queensland, Australia",AS,AS04,-27.9894,153.336,-1591215,20160512,http://www.goldcoastbulletin.com.au/lifestyle/gold-coast-school-sausage-sizzle-ban-labelled-segregationist-by-parents-and-experts/news-story/5fd9ad56925d4474fb58de6e68dd11ac?nk=4984bc484f27406178102714dd85acc5-1463068273
539672050,20160512,201605,2016,2016.3616,GHA,GHANA,GHA,,,,,,,,CVL,COMMUNITY,,,,,,CVL,,,0,020,020,02,1,3.0,12,1,12,-1.05932203389831,1,Ghana,GH,GH,8,-2,GH,1,Ghana,GH,GH,8,-2,GH,1,Ghana,GH,GH,8,-2,GH,20160512,http://www.goldcoastbulletin.com.au/news/traffic-reports/gold-coast-mps-michael-hart-and-jann-stuckey-slam-council-over-light-rail-stage-3-plan/news-story/e76eba2f62a177ec0a10a644de912b84?nk=db1d4a5acec1c796ecffd9fd93656543-1463068214
539672051,20160512,201605,2016,2016.3616,GHA,GHANA,GHA,,,,,,,,USAJUD,UNITED STATES,USA,,,,,JUD,,,1,010,010,01,1,0.0,8,1,8,-5.30785562632696,1,Ghana,GH,GH,8,-2,GH,3,"Southport, Florida, United States",US,USFL,30.2894,-85.6405,291442,1,Ghana,GH,GH,8,-2,GH,20160512,http://www.goldcoastbulletin.com.au/news/crime-court/gold-coast-schools-cleaner-found-with-child-porn-and-undies-sentenced-at-southport-court/news-story/f753840dbc68ac4982553e8e953c2d69?nk=3eb354feaac71ff31b2ab75def1efc4c-1463068201
539672052,20160512,201605,2016,2016.3616,GHA,GHANA,GHA,,,,,,,,USAJUD,UNITED STATES,USA,,,,,JUD,,,1,010,010,01,1,0.0,8,1,8,-5.30785562632696,1,Ghana,GH,GH,8,-2,GH,1,Ghana,GH,GH,8,-2,GH,1,Ghana,GH,GH,8,-2,GH,20160512,http://www.goldcoastbulletin.com.au/news/crime-court/gold-coast-schools-cleaner-found-with-child-porn-and-undies-sentenced-at-southport-court/news-story/f753840dbc68ac4982553e8e953c2d69?nk=3eb354feaac71ff31b2ab75def1efc4c-1463068201
539672053,20160512,201605,2016,2016.3616,GHAEDU,GHANA,GHA,,,,,EDU,,,,,,,,,,,,,1,172,172,17,4,-5.0,96,1,32,-2.13903743315508,1,Ghana,GH,GH,8,-2,GH,0,,,,,,,1,Ghana,GH,GH,8,-2,GH,20160512,http://www.goldcoastbulletin.com.au/lifestyle/gold-coast-school-sausage-sizzle-ban-labelled-segregationist-by-parents-and-experts/news-story/5fd9ad56925d4474fb58de6e68dd11ac?nk=4984bc484f27406178102714dd85acc5-1463068273
539672759,20160512,201605,2016,2016.3616,MDV,MALE,MDV,,,,,,,,JUD,DISTRICT COURT,,,,,,JUD,,,1,010,010,01,1,0.0,8,1,8,-5.30785562632696,3,"Southport, Florida, United States",US,USFL,30.2894,-85.6405,291442,3,"Southport, Florida, United States",US,USFL,30.2894,-85.6405,291442,3,"Southport, Florida, United States",US,USFL,30.2894,-85.6405,291442,20160512,http://www.goldcoastbulletin.com.au/news/crime-court/gold-coast-schools-cleaner-found-with-child-porn-and-undies-sentenced-at-southport-court/news-story/f753840dbc68ac4982553e8e953c2d69?nk=3eb354feaac71ff31b2ab75def1efc4c-1463068201
539672775,20160512,201605,2016,2016.3616,MED,SPOKESMAN,,,,,,MED,,,,,,,,,,,,,0,112,112,11,3,-2.0,40,1,40,-2.41635687732342,1,Ghana,GH,GH,8,-2,GH,0,,,,,,,1,Ghana,GH,GH,8,-2,GH,20160512,http://www.goldcoastbulletin.com.au/lifestyle/pets-and-wildlife/man-accused-of-being-cruel-on-the-gold-coast-to-his-three-large-dogs-has-hit-back-at-critics/news-story/a9dad4eccb39f4f255a7c7a4bc1a2f8b?nk=e251ffa80b911e5e9310bb20490079c5-1463068215
539673766,20160512,201605,2016,2016.3616,USA,UNITED STATES,USA,,,,,,,,USAJUD,UNITED STATES,USA,,,,,JUD,,,1,010,010,01,1,0.0,16,1,16,-5.30785562632696,3,"Southport, Florida, United States",US,USFL,30.2894,-85.6405,291442,3,"Southport, Florida, United States",US,USFL,30.2894,-85.6405,291442,3,"Southport, Florida, United States",US,USFL,30.2894,-85.6405,291442,20160512,http://www.goldcoastbulletin.com.au/news/crime-court/gold-coast-schools-cleaner-found-with-child-porn-and-undies-sentenced-at-southport-court/news-story/f753840dbc68ac4982553e8e953c2d69?nk=3eb354feaac71ff31b2ab75def1efc4c-1463068201
539676037,20160512,201605,2016,2016.3616,,,,,,,,,,,USA,IDAHO,USA,,,,,,,,1,042,042,04,1,1.9,7,1,7,0.88495575221239,0,,,,,,,4,"Thunder Mountain, British Columbia, Canada",CA,CA02,52.6,-124.25,-574791,4,"Thunder Mountain, British Columbia, Canada",CA,CA02,52.6,-124.25,-574791,20160512,http://www.4-traders.com/news/Thunder-Mountain-Gold-Extends-Terms-of-Outstanding-Warrants--22347915/
539676248,20160512,201605,2016,2016.3616,BUS,INVESTOR,,,,,,BUS,,,,,,,,,,,,,0,010,010,01,1,0.0,5,1,5,0.88495575221239,4,"Thunder Mountain, British Columbia, Canada",CA,CA02,52.6,-124.25,-574791,0,,,,,,,4,"Thunder Mountain, British Columbia, Canada",CA,CA02,52.6,-124.25,-574791,20160512,http://www.4-traders.com/news/Thunder-Mountain-Gold-Extends-Terms-of-Outstanding-Warrants--22347915/
539676335,20160512,201605,2016,2016.3616,CAN,CANADA,CAN,,,,,,,,BUS,BUSINESS,,,,,,BUS,,,1,084,084,08,2,7.0,8,1,8,3.56037151702786,1,United Kingdom,UK,UK,54,-2,UK,1,United Kingdom,UK,UK,54,-2,UK,1,United Kingdom,UK,UK,54,-2,UK,20160512,http://reports.pr-inside.com/thunder-mountain-gold-extends-terms-of-outstanding-r4431236.htm
539676629,20160512,201605,2016,2016.3616,DEU,GERMAN,DEU,,,,,,,,CAN,VANCOUVER,CAN,,,,,,,,1,084,084,08,2,7.0,2,1,2,3.56037151702786,1,United Kingdom,UK,UK,54,-2,UK,1,United Kingdom,UK,UK,54,-2,UK,1,United Kingdom,UK,UK,54,-2,UK,20160512,http://reports.pr-inside.com/thunder-mountain-gold-extends-terms-of-outstanding-r4431236.htm
539680486,20160512,201605,2016,2016.3616,,,,,,,,,,,MED,WRITER,,,,,,MED,,,1,040,040,04,1,1.0,10,1,10,7.50670241286864,0,,,,,,,2,"Vermont, United States",US,USVT,44.0407,-72.7093,VT,2,"Vermont, United States",US,USVT,44.0407,-72.7093,VT,20160512,http://www.vermontbiz.com/news/may/kids-vt-wins-seven-parenting-media-association-awards-gold-general-excellence
539680927,20160512,201605,2016,2016.3616,CAN,CANADA,CAN,,,,,,,,MYS,MALAYSIA,MYS,,,,,,,,1,060,060,06,2,6.0,5,1,5,2.95566502463054,1,United States,US,US,38,-97,US,1,Italy,IT,IT,42.8333,12.8333,IT,1,United States,US,US,38,-97,US,20160512,http://247wallst.com/commodities-metals/2016/05/12/us-holds-8134-tonnes-of-gold/
539682154,20160512,201605,2016,2016.3616,MED,WRITER,,,,,,MED,,,,,,,,,,,,,1,040,040,04,1,1.0,10,1,10,7.50670241286864,2,"Vermont, United States",US,USVT,44.0407,-72.7093,VT,0,,,,,,,2,"Vermont, United States",US,USVT,44.0407,-72.7093,VT,20160512,http://www.vermontbiz.com/news/may/kids-vt-wins-seven-parenting-media-association-awards-gold-general-excellence
539682853,20160512,201605,2016,2016.3616,USA,NEVADA,USA,,,,,,,,CAN,CANADIAN,CAN,,,,,,,,1,071,071,07,2,7.4,30,3,30,0.424520979705333,2,"Nevada, United States",US,USNV,38.4199,-117.122,NV,2,"Nevada, United States",US,USNV,38.4199,-117.122,NV,2,"Nevada, United States",US,USNV,38.4199,-117.122,NV,20160512,http://www.goldseiten.de/artikel/285474--Nevada-Energy-Metals-Announces-Submission-of-OTCQB-Market-Application.html
539684826,20150513,201505,2015,2015.3644,USA,UNITED STATES,USA,,,,,,,,,,,,,,,,,,0,071,071,07,2,7.4,28,3,28,-0.101518318074045,3,"Silver Lake, California, United States",US,USCA,35.338,-116.109,249474,0,,,,,,,3,"Silver Lake, California, United States",US,USCA,35.338,-116.109,249474,20160512,http://www.businesstimes.com.sg/banking-finance/goldman-tries-to-drum-up-leveraged-finance-business-as-trading-stock-sales-slow
539685271,20160512,201605,2016,2016.3616,BUS,BANK,,,,,,BUS,,,,,,,,,,,,,0,020,020,02,1,3.0,40,3,40,-0.101518318074045,3,"Silver Lake, California, United States",US,USCA,35.338,-116.109,249474,0,,,,,,,3,"Silver Lake, California, United States",US,USCA,35.338,-116.109,249474,20160512,http://www.businesstimes.com.sg/banking-finance/goldman-tries-to-drum-up-leveraged-finance-business-as-trading-stock-sales-slow
539685294,20160512,201605,2016,2016.3616,BUS,BANK,,,,,,BUS,,,,,,,,,,,,,0,120,120,12,3,-4.0,20,3,20,-0.101518318074045,3,"Silver Lake, California, United States",US,USCA,35.338,-116.109,249474,0,,,,,,,3,"Silver Lake, California, United States",US,USCA,35.338,-116.109,249474,20160512,http://www.businesstimes.com.sg/banking-finance/goldman-tries-to-drum-up-leveraged-finance-business-as-trading-stock-sales-slow
539690208,20160512,201605,2016,2016.3616,CVL,TRAVELER,,,,,,CVL,,,,,,,,,,,,,1,173,173,17,4,-5.0,10,1,10,6.26223091976516,3,"Hollywood, California, United States",US,USCA,34.0983,-118.327,1660757,0,,,,,,,3,"Hollywood, California, United States",US,USCA,34.0983,-118.327,1660757,20160512,http://www.denofgeek.com/us/movies/booster-gold/249174/booster-gold-movie-confirmed-by-greg-berlanti
539694359,20160512,201605,2016,2016.3616,,,,,,,,,,,MNCUSA,GOLDMAN SACHS,USA,,,,,MNC,,,1,042,042,04,1,1.9,9,2,9,1.05218890617772,0,,,,,,,2,"New York, United States",US,USNY,42.1497,-74.9384,NY,2,"New York, United States",US,USNY,42.1497,-74.9384,NY,20160512,http://news.efinancialcareers.com/uk-en/244417/transition-from-trader-at-goldman-and-jpmorgan-to-fashion-entrepreneur/
539694601,20160512,201605,2016,2016.3616,BGD,DHAKA,BGD,,,,,,,,,,,,,,,,,,1,192,192,19,4,-9.5,10,1,10,3.6697247706422,4,"Dhaka, Dhaka, Bangladesh",BG,BG81,23.7231,90.4086,-2737683,0,,,,,,,4,"Dhaka, Dhaka, Bangladesh",BG,BG81,23.7231,90.4086,-2737683,20160512,http://www.thedailystar.net/city/10kg-gold-seized-plane-toilet-dhaka-airport-1222795
539694602,20160512,201605,2016,2016.3616,BGD,DHAKA,BGD,,,,,,,,,,,,,,,,,,1,192,192,19,4,-9.5,10,1,10,3.6697247706422,1,Thailand,TH,TH,15,100,TH,0,,,,,,,1,Thailand,TH,TH,15,100,TH,20160512,http://www.thedailystar.net/city/10kg-gold-seized-plane-toilet-dhaka-airport-1222795
539696292,20160512,201605,2016,2016.3616,MNCUSA,GOLDMAN SACHS,USA,,,,,MNC,,,,,,,,,,,,,1,012,012,01,1,-0.4,3,1,3,-1.42045454545454,4,"London, London, City of, United Kingdom",UK,UKH9,51.5,-0.116667,-2601889,0,,,,,,,4,"London, London, City of, United Kingdom",UK,UKH9,51.5,-0.116667,-2601889,20160512,http://news.efinancialcareers.com/uk-en/244368/pimco-just-made-these-hires-from-goldman-sachs-and-morgan-stanley/
539696293,20160512,201605,2016,2016.3616,MNCUSA,PIMCO,USA,,,,,MNC,,,,,,,,,,,,,1,012,012,01,1,-0.4,3,1,3,-1.42045454545454,3,"Bayside, New York, United States",US,USNY,40.7684,-73.7771,943210,0,,,,,,,4,"London, London, City of, United Kingdom",UK,UKH9,51.5,-0.116667,-2601889,20160512,http://news.efinancialcareers.com/uk-en/244368/pimco-just-made-these-hires-from-goldman-sachs-and-morgan-stanley/
539696296,20160512,201605,2016,2016.3616,MNCUSA,GOLDMAN SACHS,USA,,,,,MNC,,,,,,,,,,,,,1,043,043,04,1,2.8,9,2,9,1.05218890617772,2,"New York, United States",US,USNY,42.1497,-74.9384,NY,0,,,,,,,2,"New York, United States",US,USNY,42.1497,-74.9384,NY,20160512,http://news.efinancialcareers.com/uk-en/244417/transition-from-trader-at-goldman-and-jpmorgan-to-fashion-entrepreneur/
539696301,20160512,201605,2016,2016.3616,MNCUSA,PIMCO,USA,,,,,MNC,,,USA,UNITED STATES,USA,,,,,,,,1,012,012,01,1,-0.4,1,1,1,-1.42045454545454,3,"Bayside, New York, United States",US,USNY,40.7684,-73.7771,943210,4,"London, London, City of, United Kingdom",UK,UKH9,51.5,-0.116667,-2601889,4,"London, London, City of, United Kingdom",UK,UKH9,51.5,-0.116667,-2601889,20160512,http://news.efinancialcareers.com/uk-en/244368/pimco-just-made-these-hires-from-goldman-sachs-and-morgan-stanley/
539696302,20160512,201605,2016,2016.3616,MNCUSA,PIMCO,USA,,,,,MNC,,,USA,UNITED STATES,USA,,,,,,,,1,012,012,01,1,-0.4,1,1,1,-1.42045454545454,3,"Bayside, New York, United States",US,USNY,40.7684,-73.7771,943210,3,"Bayside, New York, United States",US,USNY,40.7684,-73.7771,943210,3,"Bayside, New York, United States",US,USNY,40.7684,-73.7771,943210,20160512,http://news.efinancialcareers.com/uk-en/244368/pimco-just-made-these-hires-from-goldman-sachs-and-morgan-stanley/
539697040,20160512,201605,2016,2016.3616,USA,UNITED STATES,USA,,,,,,,,MNCUSA,GOLDMAN SACHS,USA,,,,,MNC,,,1,012,012,01,1,-0.4,1,1,1,-1.42045454545454,4,"London, London, City of, United Kingdom",UK,UKH9,51.5,-0.116667,-2601889,4,"London, London, City of, United Kingdom",UK,UKH9,51.5,-0.116667,-2601889,4,"London, London, City of, United Kingdom",UK,UKH9,51.5,-0.116667,-2601889,20160512,http://news.efinancialcareers.com/uk-en/244368/pimco-just-made-these-hires-from-goldman-sachs-and-morgan-stanley/
539697041,20160512,201605,2016,2016.3616,USA,UNITED STATES,USA,,,,,,,,MNCUSA,GOLDMAN SACHS,USA,,,,,MNC,,,1,012,012,01,1,-0.4,1,1,1,-1.42045454545454,3,"Bayside, New York, United States",US,USNY,40.7684,-73.7771,943210,3,"Bayside, New York, United States",US,USNY,40.7684,-73.7771,943210,3,"Bayside, New York, United States",US,USNY,40.7684,-73.7771,943210,20160512,http://news.efinancialcareers.com/uk-en/244368/pimco-just-made-these-hires-from-goldman-sachs-and-morgan-stanley/
539697068,20160512,201605,2016,2016.3616,USA,WASHINGTON,USA,,,,,,,,UAF,TERRORIST ORGANIZATION,,,,,,UAF,,,1,010,010,01,1,0.0,10,1,10,-3.6764705882353,1,Colombia,CO,CO,4,-72,CO,1,Colombia,CO,CO,4,-72,CO,1,Colombia,CO,CO,4,-72,CO,20160512,http://sputniknews.com/latam/20160512/1039521397/terrorist-groups-gold.html
539697079,20160512,201605,2016,2016.3616,USA,UNITED STATES,USA,,,,,,,,USAEDU,NEW YORK,USA,,,,,EDU,,,1,042,042,04,1,1.9,1,1,1,0.33222591362126,2,"New York, United States",US,USNY,42.1497,-74.9384,NY,3,"New York University, New York, United States",US,USNY,40.7287,-73.996,958483,3,"New York University, New York, United States",US,USNY,40.7287,-73.996,958483,20160512,http://news.efinancialcareers.com/uk-en/244417/transition-from-trader-at-goldman-and-jpmorgan-to-fashion-entrepreneur/
539697152,20160512,201605,2016,2016.3616,USAEDU,NEW YORK,USA,,,,,EDU,,,USA,UNITED STATES,USA,,,,,,,,1,043,043,04,1,2.8,2,1,2,0.33222591362126,3,"New York University, New York, United States",US,USNY,40.7287,-73.996,958483,2,"New York, United States",US,USNY,42.1497,-74.9384,NY,3,"New York University, New York, United States",US,USNY,40.7287,-73.996,958483,20160512,http://news.efinancialcareers.com/uk-en/244417/transition-from-trader-at-goldman-and-jpmorgan-to-fashion-entrepreneur/
539699374,20160512,201605,2016,2016.3616,BUS,EMPLOYER,,,,,,BUS,,,JUD,CONSTITUTIONAL COURT,,,,,,JUD,,,1,173,173,17,4,-5.0,6,2,6,-0.654928245750425,1,United States,US,US,38,-97,US,1,United States,US,US,38,-97,US,1,United States,US,US,38,-97,US,20160512,http://www.sharenet.co.za/news/South_Africa_court_to_decide_Friday_on_class_action_suit_against_gold_sector/dfa0208e3c5f9ee7d83d9e15590204f7
539699752,20160512,201605,2016,2016.3616,DEU,MUNICH,DEU,,,,,,,,,,,,,,,,,,1,173,173,17,4,-5.0,6,1,6,2.35773948609337,4,"Hofgarten, Bayern, Germany",GM,GM02,48.4333,11.0667,-1794193,0,,,,,,,4,"Hofgarten, Bayern, Germany",GM,GM02,48.4333,11.0667,-1794193,20160512,http://classic.iol.co.za/travel/world/europe/raise-a-glass-to-bavaria-s-liquid-gold-1.2020923
539700364,20160512,201605,2016,2016.3616,IRL,IRELAND,IRL,,,,,,,,COP,PRISON,,,,,,COP,,,1,0841,084,08,2,7.0,2,1,2,-3.76569037656904,4,"Dublin, Dublin, Ireland",EI,EI07,53.3331,-6.24889,-1502554,4,"Dublin, Dublin, Ireland",EI,EI07,53.3331,-6.24889,-1502554,4,"Dublin, Dublin, Ireland",EI,EI07,53.3331,-6.24889,-1502554,20160512,http://www.dublinpeople.com/news/southside/articles/2016/05/12/4119689-southside-gold-and-cash-thief-appears-in-court/
539700365,20160512,201605,2016,2016.3616,IRL,IRELAND,IRL,,,,,,,,COP,PRISON,,,,,,COP,,,1,173,173,17,4,-5.0,2,1,2,-3.76569037656904,4,"Dublin, Dublin, Ireland",EI,EI07,53.3331,-6.24889,-1502554,4,"Dublin, Dublin, Ireland",EI,EI07,53.3331,-6.24889,-1502554,4,"Dublin, Dublin, Ireland",EI,EI07,53.3331,-6.24889,-1502554,20160512,http://www.dublinpeople.com/news/southside/articles/2016/05/12/4119689-southside-gold-and-cash-thief-appears-in-court/
539700511,20160512,201605,2016,2016.3616,JUD,CONSTITUTIONAL COURT,,,,,,JUD,,,AFR,AFRICA,AFR,,,,,,,,1,173,173,17,4,-5.0,4,2,4,-0.654928245750425,1,United States,US,US,38,-97,US,1,United States,US,US,38,-97,US,1,United States,US,US,38,-97,US,20160512,http://www.sharenet.co.za/news/South_Africa_court_to_decide_Friday_on_class_action_suit_against_gold_sector/dfa0208e3c5f9ee7d83d9e15590204f7
539703708,20160512,201605,2016,2016.3616,CAN,CANADA,CAN,,,,,,,,,,,,,,,,,,1,080,080,08,2,5.0,2,1,2,3.49462365591397,4,"Dawson City, Yukon, Canada",CA,CA12,64.0667,-139.417,-563371,0,,,,,,,4,"Dawson City, Yukon, Canada",CA,CA12,64.0667,-139.417,-563371,20160512,http://www.canadianmanufacturing.com/operations/goldcorp-to-buy-kaminak-gold-for-520m-picking-up-yukon-mine-168038/
539703709,20160512,201605,2016,2016.3616,CAN,YUKON,CAN,,,,,,,,,,,,,,,,,,1,080,080,08,2,5.0,7,1,7,3.49462365591397,4,"Quebec, Quebec, Canada",CA,CA10,47.5,-72,-571850,0,,,,,,,4,"Quebec, Quebec, Canada",CA,CA10,47.5,-72,-571850,20160512,http://www.canadianmanufacturing.com/operations/goldcorp-to-buy-kaminak-gold-for-520m-picking-up-yukon-mine-168038/
539708945,20160512,201605,2016,2016.3616,GBR,LONDON,GBR,,,,,,,,IRQ,IRAQ,IRQ,,,,,,,,1,043,043,04,1,2.8,5,1,5,3.6144578313253,4,"London, London, City of, United Kingdom",UK,UKH9,51.5,-0.116667,-2601889,1,Iraq,IZ,IZ,33,44,IZ,4,"London, London, City of, United Kingdom",UK,UKH9,51.5,-0.116667,-2601889,20160512,http://royalcentral.co.uk/uk/princeharry/us-gold-medalist-returns-medal-to-prince-harry-60109
539709345,20160512,201605,2016,2016.3616,IRQ,IRAQ,IRQ,,,,,,,,GBR,LONDON,GBR,,,,,,,,1,042,042,04,1,1.9,5,1,5,3.6144578313253,1,Iraq,IZ,IZ,33,44,IZ,4,"London, London, City of, United Kingdom",UK,UKH9,51.5,-0.116667,-2601889,4,"London, London, City of, United Kingdom",UK,UKH9,51.5,-0.116667,-2601889,20160512,http://royalcentral.co.uk/uk/princeharry/us-gold-medalist-returns-medal-to-prince-harry-60109
539709346,20160512,201605,2016,2016.3616,IRQ,IRAQ,IRQ,,,,,,,,GBR,LONDON,GBR,,,,,,,,1,193,193,19,4,-10.0,5,1,5,3.6144578313253,4,"London, London, City of, United Kingdom",UK,UKH9,51.5,-0.116667,-2601889,4,"London, London, City of, United Kingdom",UK,UKH9,51.5,-0.116667,-2601889,4,"London, London, City of, United Kingdom",UK,UKH9,51.5,-0.116667,-2601889,20160512,http://royalcentral.co.uk/uk/princeharry/us-gold-medalist-returns-medal-to-prince-harry-60109
539710588,20160512,201605,2016,2016.3616,USAGOV,OBAMA,USA,,,,,GOV,,,USA,AMERICAN,USA,,,,,,,,1,111,111,11,3,-2.0,10,1,10,-1.86335403726708,2,"New York, United States",US,USNY,42.1497,-74.9384,NY,2,"New York, United States",US,USNY,42.1497,-74.9384,NY,2,"New York, United States",US,USNY,42.1497,-74.9384,NY,20160512,http://bernardgoldberg.com/ignoring-racial-realities/
539710590,20160512,201605,2016,2016.3616,USAGOV,OBAMA,USA,,,,,GOV,,,USA,AMERICAN,USA,,,,,,,,1,172,172,17,4,-5.0,10,1,10,-1.86335403726708,2,"New York, United States",US,USNY,42.1497,-74.9384,NY,2,"New York, United States",US,USNY,42.1497,-74.9384,NY,2,"New York, United States",US,USNY,42.1497,-74.9384,NY,20160512,http://bernardgoldberg.com/ignoring-racial-realities/
539710592,20160512,201605,2016,2016.3616,USAGOV,OBAMA,USA,,,,,GOV,,,USAGOV,OBAMA,USA,,,,,GOV,,,1,051,051,05,1,3.4,10,1,10,-1.86335403726708,2,"New York, United States",US,USNY,42.1497,-74.9384,NY,2,"New York, United States",US,USNY,42.1497,-74.9384,NY,2,"New York, United States",US,USNY,42.1497,-74.9384,NY,20160512,http://bernardgoldberg.com/ignoring-racial-realities/
539716142,20160512,201605,2016,2016.3616,,,,,,,,,,,CHN,CHINA,CHN,,,,,,,,0,030,030,03,1,4.0,8,1,8,2.38546005301022,0,,,,,,,4,"Jinfeng, Anhui, China",CH,CH01,31.1411,118.883,10541855,4,"Jinfeng, Anhui, China",CH,CH01,31.1411,118.883,10541855,20160512,http://seekingalpha.com/article/3974570-eldorado-golds-ego-ceo-paul-wright-q1-2016-results-earnings-call-transcript
539716143,20160512,201605,2016,2016.3616,,,,,,,,,,,CHN,CHINA,CHN,,,,,,,,0,030,030,03,1,4.0,2,1,2,2.38546005301022,0,,,,,,,1,Hong Kong,HK,HK,22.25,114.167,HK,1,Hong Kong,HK,HK,22.25,114.167,HK,20160512,http://seekingalpha.com/article/3974570-eldorado-golds-ego-ceo-paul-wright-q1-2016-results-earnings-call-transcript
539716515,20160512,201605,2016,2016.3616,BUS,INVESTOR,,,,,,BUS,,,,,,,,,,,,,0,012,012,01,1,-0.4,10,1,10,4.19161676646706,5,"Northwest Territories, Northwest Territories, Canada",CA,CA13,65,-118,-570392,0,,,,,,,5,"Northwest Territories, Northwest Territories, Canada",CA,CA13,65,-118,-570392,20160512,http://investingnews.com/daily/resource-investing/precious-metals-investing/gold-investing/goldcorp-acquires-kaminak-gold/
539716636,20160512,201605,2016,2016.3616,CAN,VANCOUVER,CAN,,,,,,,,DEU,FRANKFURT,DEU,,,,,,,,1,030,030,03,1,4.0,2,1,2,3.02197802197803,4,"Quebec, Quebec, Canada",CA,CA10,47.5,-72,-571850,4,"Quebec, Quebec, Canada",CA,CA10,47.5,-72,-571850,4,"Quebec, Quebec, Canada",CA,CA10,47.5,-72,-571850,20160512,http://www.juniorminingnetwork.com/junior-miner-news/press-releases/1025-tsx-venture/sek/19711-secova-metals-consolidates-significant-land-package-in-quebec-s-abitibi-gold-belt-region.html
539716637,20160512,201605,2016,2016.3616,CAN,VANCOUVER,CAN,,,,,,,,DEU,FRANKFURT,DEU,,,,,,,,1,0311,031,03,1,5.2,2,1,2,3.02197802197803,4,"Vancouver, British Columbia, Canada",CA,CA02,49.25,-123.133,-575268,4,"Vancouver, British Columbia, Canada",CA,CA02,49.25,-123.133,-575268,4,"Vancouver, British Columbia, Canada",CA,CA02,49.25,-123.133,-575268,20160512,http://www.juniorminingnetwork.com/junior-miner-news/press-releases/1025-tsx-venture/sek/19711-secova-metals-consolidates-significant-land-package-in-quebec-s-abitibi-gold-belt-region.html
539716646,20160512,201605,2016,2016.3616,CAN,CANADA,CAN,,,,,,,,GRC,GREECE,GRC,,,,,,,,0,050,050,05,1,3.5,2,1,2,2.38546005301022,4,"Eldorado, Saskatchewan, Canada",CA,CA11,59.55,-108.5,-564133,4,"Eldorado, Saskatchewan, Canada",CA,CA11,59.55,-108.5,-564133,4,"Skouries, Perifereia Peloponnisou, Greece",GR,GR62,37.3,22.3333,-828503,20160512,http://seekingalpha.com/article/3974570-eldorado-golds-ego-ceo-paul-wright-q1-2016-results-earnings-call-transcript
539716647,20160512,201605,2016,2016.3616,CAN,CANADA,CAN,,,,,,,,GRC,GREECE,GRC,,,,,,,,0,050,050,05,1,3.5,6,1,6,2.38546005301022,4,"Eldorado, Saskatchewan, Canada",CA,CA11,59.55,-108.5,-564133,4,"Skouries, Perifereia Peloponnisou, Greece",GR,GR62,37.3,22.3333,-828503,4,"Skouries, Perifereia Peloponnisou, Greece",GR,GR62,37.3,22.3333,-828503,20160512,http://seekingalpha.com/article/3974570-eldorado-golds-ego-ceo-paul-wright-q1-2016-results-earnings-call-transcript
539716648,20160512,201605,2016,2016.3616,CAN,CANADA,CAN,,,,,,,,GRC,GREECE,GRC,,,,,,,,0,050,050,05,1,3.5,2,1,2,2.38546005301022,4,"Skouries, Perifereia Peloponnisou, Greece",GR,GR62,37.3,22.3333,-828503,4,"Skouries, Perifereia Peloponnisou, Greece",GR,GR62,37.3,22.3333,-828503,4,"Skouries, Perifereia Peloponnisou, Greece",GR,GR62,37.3,22.3333,-828503,20160512,http://seekingalpha.com/article/3974570-eldorado-golds-ego-ceo-paul-wright-q1-2016-results-earnings-call-transcript
539716714,20160512,201605,2016,2016.3616,CHN,CHINA,CHN,,,,,,,,,,,,,,,,,,0,030,030,03,1,4.0,7,1,7,2.38546005301022,4,"Perama, Perifereia Voreiou Aigaiou, Greece",GR,GR65,39.0483,26.4972,-825892,0,,,,,,,4,"Perama, Perifereia Voreiou Aigaiou, Greece",GR,GR65,39.0483,26.4972,-825892,20160512,http://seekingalpha.com/article/3974570-eldorado-golds-ego-ceo-paul-wright-q1-2016-results-earnings-call-transcript
539716715,20160512,201605,2016,2016.3616,CHN,CHINA,CHN,,,,,,,,,,,,,,,,,,0,030,030,03,1,4.0,3,1,3,2.38546005301022,4,"Jinfeng, Anhui, China",CH,CH01,31.1411,118.883,10541855,0,,,,,,,4,"Jinfeng, Anhui, China",CH,CH01,31.1411,118.883,10541855,20160512,http://seekingalpha.com/article/3974570-eldorado-golds-ego-ceo-paul-wright-q1-2016-results-earnings-call-transcript
539716950,20160512,201605,2016,2016.3616,DEU,FRANKFURT,DEU,,,,,,,,CAN,VANCOUVER,CAN,,,,,,,,1,0311,031,03,1,5.2,2,1,2,3.02197802197803,4,"Vancouver, British Columbia, Canada",CA,CA02,49.25,-123.133,-575268,4,"Vancouver, British Columbia, Canada",CA,CA02,49.25,-123.133,-575268,4,"Vancouver, British Columbia, Canada",CA,CA02,49.25,-123.133,-575268,20160512,http://www.juniorminingnetwork.com/junior-miner-news/press-releases/1025-tsx-venture/sek/19711-secova-metals-consolidates-significant-land-package-in-quebec-s-abitibi-gold-belt-region.html
539717190,20160512,201605,2016,2016.3616,GBR,LONDON,GBR,,,,,,,,GOV,PRESIDENT,,,,,,GOV,,,1,046,046,04,1,7.0,3,1,3,2.38546005301022,4,"London, London, City of, United Kingdom",UK,UKH9,51.5,-0.116667,-2601889,4,"Vancouver, British Columbia, Canada",CA,CA02,49.25,-123.133,-575268,4,"London, London, City of, United Kingdom",UK,UKH9,51.5,-0.116667,-2601889,20160512,http://seekingalpha.com/article/3974570-eldorado-golds-ego-ceo-paul-wright-q1-2016-results-earnings-call-transcript
539717329,20160512,201605,2016,2016.3616,GOV,PRESIDENT,,,,,,GOV,,,GBR,LONDON,GBR,,,,,,,,1,046,046,04,1,7.0,3,1,3,2.38546005301022,4,"Perama, Perifereia Voreiou Aigaiou, Greece",GR,GR65,39.0483,26.4972,-825892,4,"Perama, Perifereia Voreiou Aigaiou, Greece",GR,GR65,39.0483,26.4972,-825892,4,"Perama, Perifereia Voreiou Aigaiou, Greece",GR,GR65,39.0483,26.4972,-825892,20160512,http://seekingalpha.com/article/3974570-eldorado-golds-ego-ceo-paul-wright-q1-2016-results-earnings-call-transcript
539717439,20160512,201605,2016,2016.3616,GRC,GREECE,GRC,,,,,,,,CAN,CANADA,CAN,,,,,,,,0,050,050,05,1,3.5,2,1,2,2.38546005301022,4,"Eldorado, Saskatchewan, Canada",CA,CA11,59.55,-108.5,-564133,4,"Eldorado, Saskatchewan, Canada",CA,CA11,59.55,-108.5,-564133,4,"Skouries, Perifereia Peloponnisou, Greece",GR,GR62,37.3,22.3333,-828503,20160512,http://seekingalpha.com/article/3974570-eldorado-golds-ego-ceo-paul-wright-q1-2016-results-earnings-call-transcript
539717440,20160512,201605,2016,2016.3616,GRC,GREECE,GRC,,,,,,,,CAN,CANADA,CAN,,,,,,,,0,050,050,05,1,3.5,6,1,6,2.38546005301022,4,"Skouries, Perifereia Peloponnisou, Greece",GR,GR62,37.3,22.3333,-828503,4,"Eldorado, Saskatchewan, Canada",CA,CA11,59.55,-108.5,-564133,4,"Skouries, Perifereia Peloponnisou, Greece",GR,GR62,37.3,22.3333,-828503,20160512,http://seekingalpha.com/article/3974570-eldorado-golds-ego-ceo-paul-wright-q1-2016-results-earnings-call-transcript
539717441,20160512,201605,2016,2016.3616,GRC,GREECE,GRC,,,,,,,,CAN,CANADA,CAN,,,,,,,,0,050,050,05,1,3.5,2,1,2,2.38546005301022,4,"Skouries, Perifereia Peloponnisou, Greece",GR,GR62,37.3,22.3333,-828503,4,"Skouries, Perifereia Peloponnisou, Greece",GR,GR62,37.3,22.3333,-828503,4,"Skouries, Perifereia Peloponnisou, Greece",GR,GR62,37.3,22.3333,-828503,20160512,http://seekingalpha.com/article/3974570-eldorado-golds-ego-ceo-paul-wright-q1-2016-results-earnings-call-transcript
539718416,20160512,201605,2016,2016.3616,THA,PHICHIT,THA,,,,,,,,,,,,,,,,,,1,012,012,01,1,-0.4,10,1,10,-0.15015015015015,0,,,,,,,0,,,,,,,0,,,,,,,20160512,http://www.nationmultimedia.com/national/Chatree-workers-plead-against-gold-mine-closure-30285832.html
539721571,20160512,201605,2016,2016.3616,IND,MUMBAI,IND,,,,,,,,,,,,,,,,,,1,090,090,09,2,-2.0,4,1,4,-0.81799591002045,4,"Chennai, Tamil Nadu, India",IN,IN25,13.0833,80.2833,-2103041,0,,,,,,,4,"Chennai, Tamil Nadu, India",IN,IN25,13.0833,80.2833,-2103041,20160512,http://www.thehindu.com/business/Industry/gold-searches-for-buyers-in-india-as-global-demand-surges/article8591289.ece
539724677,20160512,201605,2016,2016.3616,BUS,COMPANY,,,,,,BUS,,,CAN,CANADA,CAN,,,,,,,,1,020,020,02,1,3.0,8,1,8,4.60122699386503,1,United States,US,US,38,-97,US,1,United States,US,US,38,-97,US,1,United States,US,US,38,-97,US,20160512,http://www.cbc.ca/news/canada/north/goldcorp-buy-kaminak-coffee-gold-dawson-city-1.3579131
539724699,20160512,201605,2016,2016.3616,BUS,COMPANY,,,,,,BUS,,,MNCUSA,GOLDMAN SACHS,USA,,,,,MNC,,,1,040,040,04,1,1.0,6,2,6,0.538023198634694,4,"London, London, City of, United Kingdom",UK,UKH9,51.5,-0.116667,-2601889,4,"London, London, City of, United Kingdom",UK,UKH9,51.5,-0.116667,-2601889,4,"London, London, City of, United Kingdom",UK,UKH9,51.5,-0.116667,-2601889,20160512,https://www.yahoo.com/news/moves-jp-morgan-hires-goldmans-183341433.html
539724700,20160512,201605,2016,2016.3616,BUS,COMPANY,,,,,,BUS,,,MNCUSA,GOLDMAN SACHS,USA,,,,,MNC,,,1,040,040,04,1,1.0,1,1,1,0.552486187845304,1,United States,US,US,38,-97,US,4,"London, London, City of, United Kingdom",UK,UKH9,51.5,-0.116667,-2601889,1,United States,US,US,38,-97,US,20160512,https://www.yahoo.com/news/moves-jp-morgan-hires-goldmans-183341433.html
539724701,20160512,201605,2016,2016.3616,BUS,COMPANY,,,,,,BUS,,,MNCUSA,GOLDMAN SACHS,USA,,,,,MNC,,,1,040,040,04,1,1.0,2,1,2,0.552486187845304,1,United States,US,US,38,-97,US,1,United States,US,US,38,-97,US,1,United States,US,US,38,-97,US,20160512,https://www.yahoo.com/news/moves-jp-morgan-hires-goldmans-183341433.html
539724933,20160512,201605,2016,2016.3616,CVLBUS,COMMUNITY,,,,,,CVL,BUS,,USA,MISSOURI,USA,,,,,,,,1,071,071,07,2,7.4,7,1,7,4.30839002267574,4,"Quebradona, CaquetáO, Colombia",CO,CO08,1.25646,-75.9376,10875698,4,"Quebradona, CaquetáO, Colombia",CO,CO08,1.25646,-75.9376,10875698,4,"Quebradona, CaquetáO, Colombia",CO,CO08,1.25646,-75.9376,10875698,20160512,http://www.franklinindependent.com/b2gold-corp-tsebto-had-its-price-target-upgraded-by-researchers-at-national-bank-financial-to-3-05/
539725805,20160512,201605,2016,2016.3616,MNCUSA,GOLDMAN SACHS,USA,,,,,MNC,,,BUS,COMPANY,,,,,,BUS,,,1,040,040,04,1,1.0,6,2,6,0.538023198634694,4,"London, London, City of, United Kingdom",UK,UKH9,51.5,-0.116667,-2601889,4,"London, London, City of, United Kingdom",UK,UKH9,51.5,-0.116667,-2601889,4,"London, London, City of, United Kingdom",UK,UKH9,51.5,-0.116667,-2601889,20160512,https://www.yahoo.com/news/moves-jp-morgan-hires-goldmans-183341433.html
539725806,20160512,201605,2016,2016.3616,MNCUSA,GOLDMAN SACHS,USA,,,,,MNC,,,BUS,COMPANY,,,,,,BUS,,,1,040,040,04,1,1.0,1,1,1,0.552486187845304,4,"London, London, City of, United Kingdom",UK,UKH9,51.5,-0.116667,-2601889,1,United States,US,US,38,-97,US,1,United States,US,US,38,-97,US,20160512,https://www.yahoo.com/news/moves-jp-morgan-hires-goldmans-183341433.html
539725807,20160512,201605,2016,2016.3616,MNCUSA,GOLDMAN SACHS,USA,,,,,MNC,,,BUS,COMPANY,,,,,,BUS,,,1,040,040,04,1,1.0,2,1,2,0.552486187845304,1,United States,US,US,38,-97,US,1,United States,US,US,38,-97,US,1,United States,US,US,38,-97,US,20160512,https://www.yahoo.com/news/moves-jp-morgan-hires-goldmans-183341433.html
539725911,20160512,201605,2016,2016.3616,NMR,NORTH AMERICA,NMR,,,,,,,,,,,,,,,,,,1,036,036,03,1,4.0,4,2,4,0.538023198634694,4,"London, London, City of, United Kingdom",UK,UKH9,51.5,-0.116667,-2601889,0,,,,,,,4,"London, London, City of, United Kingdom",UK,UKH9,51.5,-0.116667,-2601889,20160512,https://www.yahoo.com/news/moves-jp-morgan-hires-goldmans-183341433.html
539728689,20160512,201605,2016,2016.3616,BUS,INVESTOR,,,,,,BUS,,,,,,,,,,,,,0,130,130,13,3,-4.4,10,1,10,-1.1265164644714,4,"La Encantada, Coahuila de Zaragoza, Mexico",MX,MX07,26.7,-101.3,-3810342,0,,,,,,,4,"La Encantada, Coahuila de Zaragoza, Mexico",MX,MX07,26.7,-101.3,-3810342,20160512,http://www.goldseiten.de/artikel/285490--UPDATE~-First-Majestic-Silver-Corp.-Announces-Closing-of-C50-Million-Bought-Deal-Financing-Over-Allotment-Option-Fully-Exercised.html
539728693,20160512,201605,2016,2016.3616,BUS,COMPANY,,,,,,BUS,,,CAN,VANCOUVER,CAN,,,,,,,,1,045,045,04,1,5.0,20,2,20,0.741584234337855,4,"Vancouver, British Columbia, Canada",CA,CA02,49.25,-123.133,-575268,4,"Vancouver, British Columbia, Canada",CA,CA02,49.25,-123.133,-575268,4,"Vancouver, British Columbia, Canada",CA,CA02,49.25,-123.133,-575268,20160512,http://www.goldseiten.de/artikel/285498--American-CuMo-Mining-Announces-CDN-1-Million-Non-Brokered-Private-Placement-and-Initiative-to-Pursue-the-Sale-of-up-to-a-2Prozent-Net-Smelter-Returns-Ro~.html
539728717,20160512,201605,2016,2016.3616,BUS,COMPANY,,,,,,BUS,,,MNCUSA,GOLDMAN SACHS,USA,,,,,MNC,,,1,040,040,04,1,1.0,1,1,1,0.523560209424084,4,"London, London, City of, United Kingdom",UK,UKH9,51.5,-0.116667,-2601889,4,"London, London, City of, United Kingdom",UK,UKH9,51.5,-0.116667,-2601889,1,United States,US,US,38,-97,US,20160512,http://www.reuters.com/article/goldman-sachs-moves-andreavittorelli-idUSL2N1891TM
539728718,20160512,201605,2016,2016.3616,BUS,COMPANY,,,,,,BUS,,,MNCUSA,GOLDMAN SACHS,USA,,,,,MNC,,,1,040,040,04,1,1.0,2,1,2,0.523560209424084,4,"London, London, City of, United Kingdom",UK,UKH9,51.5,-0.116667,-2601889,1,United States,US,US,38,-97,US,1,United States,US,US,38,-97,US,20160512,http://www.reuters.com/article/goldman-sachs-moves-andreavittorelli-idUSL2N1891TM
539729324,20160512,201605,2016,2016.3616,GOVEDU,PRESIDENT,,,,,,GOV,EDU,,,,,,,,,,,,1,010,010,01,1,0.0,10,1,10,3.94557823129252,1,Indonesia,ID,ID,-5,120,ID,0,,,,,,,1,Indonesia,ID,ID,-5,120,ID,20160512,http://www.smu.edu.sg/news/2016/05/12/indonesias-golden-decade
539729325,20160512,201605,2016,2016.3616,GOVEDU,PRESIDENT,,,,,,GOV,EDU,,,,,,,,,,,,1,051,051,05,1,3.4,10,1,10,3.94557823129252,1,Indonesia,ID,ID,-5,120,ID,0,,,,,,,1,Indonesia,ID,ID,-5,120,ID,20160512,http://www.smu.edu.sg/news/2016/05/12/indonesias-golden-decade
539729628,20160512,201605,2016,2016.3616,MED,NEWSPAPER,,,,,,MED,,,GBR,LONDON,GBR,,,,,,,,1,042,042,04,1,1.9,2,1,2,4.48717948717949,3,"Orlando, Florida, United States",US,USFL,28.5383,-81.3792,288240,3,"Orlando, Florida, United States",US,USFL,28.5383,-81.3792,288240,3,"Orlando, Florida, United States",US,USFL,28.5383,-81.3792,288240,20160512,http://www.femalefirst.co.uk/royal_family/prince-harry-given-gold-medal-swimmer-invictus-games-946813.html
539729713,20160512,201605,2016,2016.3616,MNCUSA,GOLDMAN SACHS,USA,,,,,MNC,,,BUS,COMPANY,,,,,,BUS,,,1,040,040,04,1,1.0,1,1,1,0.523560209424084,4,"London, London, City of, United Kingdom",UK,UKH9,51.5,-0.116667,-2601889,4,"London, London, City of, United Kingdom",UK,UKH9,51.5,-0.116667,-2601889,1,United States,US,US,38,-97,US,20160512,http://www.reuters.com/article/goldman-sachs-moves-andreavittorelli-idUSL2N1891TM
539729714,20160512,201605,2016,2016.3616,MNCUSA,GOLDMAN SACHS,USA,,,,,MNC,,,BUS,COMPANY,,,,,,BUS,,,1,040,040,04,1,1.0,2,1,2,0.523560209424084,1,United States,US,US,38,-97,US,4,"London, London, City of, United Kingdom",UK,UKH9,51.5,-0.116667,-2601889,1,United States,US,US,38,-97,US,20160512,http://www.reuters.com/article/goldman-sachs-moves-andreavittorelli-idUSL2N1891TM
539730242,20160512,201605,2016,2016.3616,USA,NEW YORK,USA,,,,,,,,BUS,BANK,,,,,,BUS,,,1,020,020,02,1,3.0,3,1,3,0,1,Canada,CA,CA,60,-95,CA,1,Canada,CA,CA,60,-95,CA,1,Canada,CA,CA,60,-95,CA,20160512,http://www.thedailystar.net/business/us-queries-goldman-sachs-others-panama-papers-1223140
539730395,20160512,201605,2016,2016.3616,USA,UNITED STATES,USA,,,,,,,,NMR,NORTH AMERICA,NMR,,,,,,,,1,036,036,03,1,4.0,4,1,4,0.523560209424084,1,United States,US,US,38,-97,US,4,"London, London, City of, United Kingdom",UK,UKH9,51.5,-0.116667,-2601889,4,"London, London, City of, United Kingdom",UK,UKH9,51.5,-0.116667,-2601889,20160512,http://www.reuters.com/article/goldman-sachs-moves-andreavittorelli-idUSL2N1891TM
539732361,20160512,201605,2016,2016.3616,BUS,PRODUCER,,,,,,BUS,,,CAN,CANADA,CAN,,,,,,,,1,010,010,01,1,0.0,3,2,3,0.166090804388677,4,"Toronto, Ontario, Canada",CA,CA08,43.6667,-79.4167,-574890,4,"Toronto, Ontario, Canada",CA,CA08,43.6667,-79.4167,-574890,1,United Kingdom,UK,UK,54,-2,UK,20160512,http://golden.myezrock.com/EntertainmentCP/Article.aspx?id=512615
539732421,20160512,201605,2016,2016.3616,CAN,ONTARIO,CAN,,,,,,,,,,,,,,,,,,1,192,192,19,4,-9.5,18,2,18,0.166090804388677,1,United Kingdom,UK,UK,54,-2,UK,0,,,,,,,1,United Kingdom,UK,UK,54,-2,UK,20160512,http://golden.myezrock.com/EntertainmentCP/Article.aspx?id=512615
539734040,20160512,201605,2016,2016.3616,USA,COLORADO,USA,,,,,,,,MEX,OAXACA,MEX,,,,,,,,1,010,010,01,1,0.0,8,1,8,6,2,"Colorado, United States",US,USCO,39.0646,-105.327,CO,2,"Colorado, United States",US,USCO,39.0646,-105.327,CO,2,"Colorado, United States",US,USCO,39.0646,-105.327,CO,20160512,http://www.bnamericas.com/en/news/mining/junior-exploration-development-roundup-gold-resource-inv-starcore/
539734041,20160512,201605,2016,2016.3616,USA,UNITED STATES,USA,,,,,,,,MEX,OAXACA,MEX,,,,,,,,1,010,010,01,1,0.0,2,1,2,6,1,Mexico,MX,MX,23,-102,MX,2,"Colorado, United States",US,USCO,39.0646,-105.327,CO,2,"Colorado, United States",US,USCO,39.0646,-105.327,CO,20160512,http://www.bnamericas.com/en/news/mining/junior-exploration-development-roundup-gold-resource-inv-starcore/
539740349,20160512,201605,2016,2016.3616,MNCUSABUS,GOLDMAN SACHS,USA,,,,,MNC,BUS,,USA,NEW YORK,USA,,,,,,,,1,010,010,01,1,0.0,2,1,2,-0.23696682464455,1,Spain,SP,SP,40,-4,SP,1,Spain,SP,SP,40,-4,SP,1,Spain,SP,SP,40,-4,SP,20160512,https://uk.news.yahoo.com/us-queries-goldman-sachs-others-100632192.html
539745759,20150513,201505,2015,2015.3644,USA,UNITED STATES,USA,,,,,,,,MNCUSABUS,SOLARWINDS INC,USA,,,,,MNC,BUS,,0,071,071,07,2,7.4,4,2,4,0.01722768103252,3,"Silver Lake, California, United States",US,USCA,35.338,-116.109,249474,3,"Silver Lake, California, United States",US,USCA,35.338,-116.109,249474,3,"Silver Lake, California, United States",US,USCA,35.338,-116.109,249474,20160512,http://www.bankerandtradesman.com/2016/05/goldman-tries-drum-leveraged-finance-business-trading-stock-sales-slow/
539746419,20160512,201605,2016,2016.3616,CVL,VOTER,,,,,,CVL,,,,,,,,,,,,,1,020,020,02,1,3.0,6,1,6,3.17848410757947,3,"Beacon Theater, New York, United States",US,USNY,40.7803,-73.9808,2083395,0,,,,,,,3,"Beacon Theater, New York, United States",US,USNY,40.7803,-73.9808,2083395,20160512,http://www.goldderby.com/article/2016/tony-awards-nominations-2016-predictions-hamilton-1357924680/
539747808,20160512,201605,2016,2016.3616,USA,UNITED STATES,USA,,,,,,,,,,,,,,,,,,1,110,110,11,3,-2.0,4,1,4,3.17848410757947,3,"Beacon Theater, New York, United States",US,USNY,40.7803,-73.9808,2083395,0,,,,,,,3,"Beacon Theater, New York, United States",US,USNY,40.7803,-73.9808,2083395,20160512,http://www.goldderby.com/article/2016/tony-awards-nominations-2016-predictions-hamilton-1357924680/
539753021,20160512,201605,2016,2016.3616,,,,,,,,,,,MIL,ARMY,,,,,,MIL,,,0,046,046,04,1,7.0,10,1,10,3.16205533596838,0,,,,,,,3,"Prescott Valley, Arizona, United States",US,USAZ,34.61,-112.316,33193,3,"Prescott Valley, Arizona, United States",US,USAZ,34.61,-112.316,33193,20160512,http://ktar.com/story/1071443/arizona-swimmer-asks-prince-harry-to-give-gold-medal-to-uk-hospital/
539754192,20160512,201605,2016,2016.3616,MIL,ARMY,,,,,,MIL,,,,,,,,,,,,,0,046,046,04,1,7.0,10,1,10,3.16205533596838,3,"Prescott Valley, Arizona, United States",US,USAZ,34.61,-112.316,33193,0,,,,,,,3,"Prescott Valley, Arizona, United States",US,USAZ,34.61,-112.316,33193,20160512,http://ktar.com/story/1071443/arizona-swimmer-asks-prince-harry-to-give-gold-medal-to-uk-hospital/
539757919,20160512,201605,2016,2016.3616,NLD,DUTCH,NLD,,,,,,,,ESP,SPANISH,ESP,,,,,,,,1,1044,104,10,3,-5.0,1,1,1,3.47624565469294,4,"Ankara, Ankara, Turkey",TU,TU68,39.9272,32.8644,-735338,4,"Ankara, Ankara, Turkey",TU,TU68,39.9272,32.8644,-735338,4,"Ankara, Ankara, Turkey",TU,TU68,39.9272,32.8644,-735338,20160512,http://www.dailysabah.com/music/2016/05/13/the-dutch-golden-age-of-baroque-music-in-turkey
539757920,20160512,201605,2016,2016.3616,NLD,DUTCH,NLD,,,,,,,,ESP,SPANISH,ESP,,,,,,,,1,1044,104,10,3,-5.0,3,1,3,3.47624565469294,4,"Ankara, Ankara, Turkey",TU,TU68,39.9272,32.8644,-735338,4,"Istanbul, Istanbul, Turkey",TU,TU34,41.0186,28.9647,-755070,4,"Istanbul, Istanbul, Turkey",TU,TU34,41.0186,28.9647,-755070,20160512,http://www.dailysabah.com/music/2016/05/13/the-dutch-golden-age-of-baroque-music-in-turkey
539757921,20160512,201605,2016,2016.3616,NLD,DUTCH,NLD,,,,,,,,ESP,SPANISH,ESP,,,,,,,,1,1044,104,10,3,-5.0,1,1,1,3.47624565469294,4,"Ankara, Ankara, Turkey",TU,TU68,39.9272,32.8644,-735338,1,Netherlands,NL,NL,52.5,5.75,NL,4,"Istanbul, Istanbul, Turkey",TU,TU34,41.0186,28.9647,-755070,20160512,http://www.dailysabah.com/music/2016/05/13/the-dutch-golden-age-of-baroque-music-in-turkey
539757922,20160512,201605,2016,2016.3616,NLD,DUTCH,NLD,,,,,,,,ESP,SPANISH,ESP,,,,,,,,1,1044,104,10,3,-5.0,3,1,3,3.47624565469294,1,Netherlands,NL,NL,52.5,5.75,NL,1,Spain,SP,SP,40,-4,SP,1,Netherlands,NL,NL,52.5,5.75,NL,20160512,http://www.dailysabah.com/music/2016/05/13/the-dutch-golden-age-of-baroque-music-in-turkey
539757923,20160512,201605,2016,2016.3616,NLD,AMSTERDAM,NLD,,,,,,,,GOV,AUTHORITIES,,,,,,GOV,,,1,051,051,05,1,3.4,13,1,9,3.47624565469294,4,"Ankara, Ankara, Turkey",TU,TU68,39.9272,32.8644,-735338,4,"Ankara, Ankara, Turkey",TU,TU68,39.9272,32.8644,-735338,4,"Ankara, Ankara, Turkey",TU,TU68,39.9272,32.8644,-735338,20160512,http://www.dailysabah.com/music/2016/05/13/the-dutch-golden-age-of-baroque-music-in-turkey
539757924,20160512,201605,2016,2016.3616,NLD,AMSTERDAM,NLD,,,,,,,,GOV,AUTHORITIES,,,,,,GOV,,,1,051,051,05,1,3.4,2,1,2,3.47624565469294,1,Netherlands,NL,NL,52.5,5.75,NL,4,"Ankara, Ankara, Turkey",TU,TU68,39.9272,32.8644,-735338,4,"Istanbul, Istanbul, Turkey",TU,TU34,41.0186,28.9647,-755070,20160512,http://www.dailysabah.com/music/2016/05/13/the-dutch-golden-age-of-baroque-music-in-turkey
539760321,20160512,201605,2016,2016.3616,,,,,,,,,,,LAB,EMPLOYEE,,,,,,LAB,,,1,043,043,04,1,2.8,5,1,5,4.09276944065485,0,,,,,,,2,"Idaho, United States",US,USID,44.2394,-114.51,ID,2,"Idaho, United States",US,USID,44.2394,-114.51,ID,20160512,https://ca.finance.yahoo.com/news/midas-gold-reports-results-annual-204827021.html
539760436,20160512,201605,2016,2016.3616,,,,,,,,,,,USAGOV,THE WHITE HOUSE,USA,,,,,GOV,,,1,050,050,05,1,3.5,4,1,4,-2.10355987055016,0,,,,,,,3,"White House, District of Columbia, United States",US,USDC,38.8951,-77.0364,531871,3,"White House, District of Columbia, United States",US,USDC,38.8951,-77.0364,531871,20160512,http://www.huffingtonpost.com/michael-golden/ryan-offers-civics-lesson_b_9937216.html
539760563,20160512,201605,2016,2016.3616,BUS,BUSINESS,,,,,,BUS,,,,,,,,,,,,,0,070,070,07,2,7.0,20,2,20,1.31109060268037,2,"Idaho, United States",US,USID,44.2394,-114.51,ID,0,,,,,,,2,"Idaho, United States",US,USID,44.2394,-114.51,ID,20160512,https://ca.finance.yahoo.com/news/midas-gold-reports-results-annual-204827021.html
539760886,20160512,201605,2016,2016.3616,CVL,COMMUNITY,,,,,,CVL,,,LAB,EMPLOYEE,,,,,,LAB,,,1,043,043,04,1,2.8,5,1,5,4.09276944065485,2,"Idaho, United States",US,USID,44.2394,-114.51,ID,2,"Idaho, United States",US,USID,44.2394,-114.51,ID,2,"Idaho, United States",US,USID,44.2394,-114.51,ID,20160512,https://ca.finance.yahoo.com/news/midas-gold-reports-results-annual-204827021.html
539761507,20160512,201605,2016,2016.3616,JUD,LAWYER,,,,,,JUD,,,,,,,,,,,,,1,040,040,04,1,1.0,12,1,12,-1.38580931263858,2,"Wisconsin, United States",US,USWI,44.2563,-89.6385,WI,0,,,,,,,2,"Wisconsin, United States",US,USWI,44.2563,-89.6385,WI,20160512,http://host.madison.com/ct/news/local/govt-and-politics/election-matters/a-guide-to-the-back-and-forth-between-russ-feingold/article_5e5be26f-d87e-5b6a-aaf4-91fb4c5718bc.html
539761548,20160512,201605,2016,2016.3616,JUD,LAWYER,,,,,,JUD,,,USA,UNITED STATES,USA,,,,,,,,1,040,040,04,1,1.0,8,1,8,-1.38580931263858,2,"Wisconsin, United States",US,USWI,44.2563,-89.6385,WI,3,"Milwaukee, Wisconsin, United States",US,USWI,43.0389,-87.9065,1577901,3,"Milwaukee, Wisconsin, United States",US,USWI,43.0389,-87.9065,1577901,20160512,http://host.madison.com/ct/news/local/govt-and-politics/election-matters/a-guide-to-the-back-and-forth-between-russ-feingold/article_5e5be26f-d87e-5b6a-aaf4-91fb4c5718bc.html
539761601,20160512,201605,2016,2016.3616,LAB,EMPLOYEE,,,,,,LAB,,,,,,,,,,,,,1,042,042,04,1,1.9,5,1,5,4.09276944065485,2,"Idaho, United States",US,USID,44.2394,-114.51,ID,0,,,,,,,2,"Idaho, United States",US,USID,44.2394,-114.51,ID,20160512,https://ca.finance.yahoo.com/news/midas-gold-reports-results-annual-204827021.html
539761607,20160512,201605,2016,2016.3616,LAB,EMPLOYEE,,,,,,LAB,,,CVL,COMMUNITY,,,,,,CVL,,,1,042,042,04,1,1.9,5,1,5,4.09276944065485,2,"Idaho, United States",US,USID,44.2394,-114.51,ID,2,"Idaho, United States",US,USID,44.2394,-114.51,ID,2,"Idaho, United States",US,USID,44.2394,-114.51,ID,20160512,https://ca.finance.yahoo.com/news/midas-gold-reports-results-annual-204827021.html
539761608,20160512,201605,2016,2016.3616,LAB,EMPLOYEE,,,,,,LAB,,,CVL,COMMUNITY,,,,,,CVL,,,0,070,070,07,2,7.0,5,1,5,4.09276944065485,2,"Idaho, United States",US,USID,44.2394,-114.51,ID,2,"Idaho, United States",US,USID,44.2394,-114.51,ID,2,"Idaho, United States",US,USID,44.2394,-114.51,ID,20160512,https://ca.finance.yahoo.com/news/midas-gold-reports-results-annual-204827021.html
539761793,20160512,201605,2016,2016.3616,MNCCHE,CREDIT SUISSE,CHE,,,,,MNC,,,BUS,COMPANY,,,,,,BUS,,,1,010,010,01,1,0.0,10,1,10,1.44508670520231,4,"Eldorado, Saskatchewan, Canada",CA,CA11,59.55,-108.5,-564133,4,"Eldorado, Saskatchewan, Canada",CA,CA11,59.55,-108.5,-564133,4,"Eldorado, Saskatchewan, Canada",CA,CA11,59.55,-108.5,-564133,20160512,https://www.yahoo.com/news/analysts-recommend-iamgold-1q16-results-210706792.html
539762604,20160512,201605,2016,2016.3616,USA,UNITED STATES,USA,,,,,,,,USAGOV,THE WHITE HOUSE,USA,,,,,GOV,,,1,050,050,05,1,3.5,2,1,2,-2.10355987055016,3,"White House, District of Columbia, United States",US,USDC,38.8951,-77.0364,531871,3,"White House, District of Columbia, United States",US,USDC,38.8951,-77.0364,531871,3,"White House, District of Columbia, United States",US,USDC,38.8951,-77.0364,531871,20160512,http://www.huffingtonpost.com/michael-golden/ryan-offers-civics-lesson_b_9937216.html
539762660,20160512,201605,2016,2016.3616,USAGOV,THE WHITE HOUSE,USA,,,,,GOV,,,,,,,,,,,,,1,050,050,05,1,3.5,4,1,4,-2.10355987055016,3,"White House, District of Columbia, United States",US,USDC,38.8951,-77.0364,531871,0,,,,,,,3,"White House, District of Columbia, United States",US,USDC,38.8951,-77.0364,531871,20160512,http://www.huffingtonpost.com/michael-golden/ryan-offers-civics-lesson_b_9937216.html
539764016,20160512,201605,2016,2016.3616,,,,,,,,,,,LEG,SENATE,,,,,,LEG,,,0,043,043,04,1,2.8,20,2,20,-0.51020408163266,0,,,,,,,3,"Fremont, California, United States",US,USCA,35.1916,-117.577,252893,3,"Fremont, California, United States",US,USCA,35.1916,-117.577,252893,20160512,http://www.eastbaytimes.com/business/ci_29884812/tesla-tourism-next-golden-state-vacation-tax-break
539764255,20160512,201605,2016,2016.3616,BUS,TRADER,,,,,,BUS,,,EDU,STUDENT,,,,,,EDU,,,0,071,071,07,2,7.4,10,1,10,4.06189555125725,2,"Florida, United States",US,USFL,27.8333,-81.717,FL,2,"Florida, United States",US,USFL,27.8333,-81.717,FL,2,"Florida, United States",US,USFL,27.8333,-81.717,FL,20160512,http://dailyreckoning.com/time-get-back-gold-stocks/
539764587,20160512,201605,2016,2016.3616,EDU,COLLEGE,,,,,,EDU,,,,,,,,,,,,,1,010,010,01,1,0.0,1,1,1,6.66666666666667,1,Jordan,JO,JO,31,36,JO,0,,,,,,,1,Jordan,JO,JO,31,36,JO,20160512,http://yourdailyjournal.com/news/local-news-5/32974/8-rcc-students-awarded-golden-leaf-scholarships
539764588,20160512,201605,2016,2016.3616,EDU,COLLEGE,,,,,,EDU,,,,,,,,,,,,,1,010,010,01,1,0.0,1,1,1,6.66666666666667,1,Jordan,JO,JO,31,36,JO,0,,,,,,,2,"North Carolina, United States",US,USNC,35.6411,-79.8431,NC,20160512,http://yourdailyjournal.com/news/local-news-5/32974/8-rcc-students-awarded-golden-leaf-scholarships
539764603,20160512,201605,2016,2016.3616,EDU,COLLEGE,,,,,,EDU,,,,,,,,,,,,,1,070,070,07,2,7.0,2,1,2,6.66666666666667,2,"North Carolina, United States",US,USNC,35.6411,-79.8431,NC,0,,,,,,,2,"North Carolina, United States",US,USNC,35.6411,-79.8431,NC,20160512,http://yourdailyjournal.com/news/local-news-5/32974/8-rcc-students-awarded-golden-leaf-scholarships
539764704,20160512,201605,2016,2016.3616,EUR,EUROPE,EUR,,,,,,,,MED,CORRESPONDENT,,,,,,MED,,,1,040,040,04,1,1.0,10,1,10,-7.84313725490196,0,,,,,,,0,,,,,,,0,,,,,,,20160512,https://www.yahoo.com/news/charles-collingwood-goldwater-agitating-politics-212531808.html
539765247,20160512,201605,2016,2016.3616,LEG,SENATE,,,,,,LEG,,,,,,,,,,,,,1,013,013,01,1,0.4,6,2,6,-0.51020408163266,2,"California, United States",US,USCA,36.17,-119.746,CA,0,,,,,,,2,"California, United States",US,USCA,36.17,-119.746,CA,20160512,http://www.eastbaytimes.com/business/ci_29884812/tesla-tourism-next-golden-state-vacation-tax-break
539765251,20160512,201605,2016,2016.3616,LEG,SENATE,,,,,,LEG,,,,,,,,,,,,,0,042,042,04,1,1.9,20,2,20,-0.51020408163266,3,"Fremont, California, United States",US,USCA,35.1916,-117.577,252893,0,,,,,,,3,"Fremont, California, United States",US,USCA,35.1916,-117.577,252893,20160512,http://www.eastbaytimes.com/business/ci_29884812/tesla-tourism-next-golden-state-vacation-tax-break
539765253,20160512,201605,2016,2016.3616,LEG,SENATE,,,,,,LEG,,,,,,,,,,,,,1,051,051,05,1,3.4,6,2,6,-0.51020408163266,3,"Fremont, California, United States",US,USCA,35.1916,-117.577,252893,0,,,,,,,3,"Fremont, California, United States",US,USCA,35.1916,-117.577,252893,20160512,http://www.eastbaytimes.com/business/ci_29884812/tesla-tourism-next-golden-state-vacation-tax-break
539765330,20160512,201605,2016,2016.3616,MED,CORRESPONDENT,,,,,,MED,,,EUR,EUROPE,EUR,,,,,,,,1,040,040,04,1,1.0,10,1,10,-7.84313725490196,0,,,,,,,0,,,,,,,0,,,,,,,20160512,https://www.yahoo.com/news/charles-collingwood-goldwater-agitating-politics-212531808.html
539765929,20160512,201605,2016,2016.3616,USA,UNITED STATES,USA,,,,,,,,CVL,SETTLEMENT,,,,,,CVL,,,0,071,071,07,2,7.4,2,1,2,6.66666666666667,2,"North Carolina, United States",US,USNC,35.6411,-79.8431,NC,2,"North Carolina, United States",US,USNC,35.6411,-79.8431,NC,2,"North Carolina, United States",US,USNC,35.6411,-79.8431,NC,20160512,http://yourdailyjournal.com/news/local-news-5/32974/8-rcc-students-awarded-golden-leaf-scholarships
539766019,20160512,201605,2016,2016.3616,USA,UNITED STATES,USA,,,,,,,,LEG,SENATE,,,,,,LEG,,,1,013,013,01,1,0.4,4,2,4,-0.51020408163266,2,"California, United States",US,USCA,36.17,-119.746,CA,2,"California, United States",US,USCA,36.17,-119.746,CA,2,"California, United States",US,USCA,36.17,-119.746,CA,20160512,http://www.eastbaytimes.com/business/ci_29884812/tesla-tourism-next-golden-state-vacation-tax-break
539766021,20160512,201605,2016,2016.3616,USA,UNITED STATES,USA,,,,,,,,LEG,SENATE,,,,,,LEG,,,1,051,051,05,1,3.4,4,2,4,-0.51020408163266,3,"Fremont, California, United States",US,USCA,35.1916,-117.577,252893,3,"Fremont, California, United States",US,USCA,35.1916,-117.577,252893,3,"Fremont, California, United States",US,USCA,35.1916,-117.577,252893,20160512,http://www.eastbaytimes.com/business/ci_29884812/tesla-tourism-next-golden-state-vacation-tax-break
539769106,20160512,201605,2016,2016.3616,USA,SAN FRANCISCO,USA,,,,,,,,CVLBUS,COMMUNITY,,,,,,CVL,BUS,,1,045,045,04,1,5.0,4,1,4,0,3,"San Francisco, California, United States",US,USCA,37.7749,-122.419,277593,3,"San Francisco, California, United States",US,USCA,37.7749,-122.419,277593,3,"San Francisco, California, United States",US,USCA,37.7749,-122.419,277593,20160512,http://www.4-traders.com/GOLDMAN-SACHS-GROUP-INC-12831/news/Community-Bank-Group-Suspends-LendingClub-Purchases-22350121/
539769303,20160512,201605,2016,2016.3616,USABUS,SAN FRANCISCO,USA,,,,,BUS,,,CVLBUS,COMMUNITY,,,,,,CVL,BUS,,1,045,045,04,1,5.0,6,1,6,0,3,"San Francisco, California, United States",US,USCA,37.7749,-122.419,277593,3,"San Francisco, California, United States",US,USCA,37.7749,-122.419,277593,3,"San Francisco, California, United States",US,USCA,37.7749,-122.419,277593,20160512,http://www.4-traders.com/GOLDMAN-SACHS-GROUP-INC-12831/news/Community-Bank-Group-Suspends-LendingClub-Purchases-22350121/
539771270,20160512,201605,2016,2016.3616,GBR,UNITED KINGDOM,GBR,,,,,,,,,,,,,,,,,,1,111,111,11,3,-2.0,1,1,1,3.76237623762376,4,"Lefdal, Sogn og Fjordane, Norway",NO,NO15,61.9333,6.1,-268723,0,,,,,,,4,"London, London, City of, United Kingdom",UK,UKH9,51.5,-0.116667,-2601889,20160512,http://hexus.net/ce/items/mobile-phones/92804-gold-sony-xperia-x-now-available-pre-order-exclusively-carphone-warehouse/
539771271,20160512,201605,2016,2016.3616,GBR,UNITED KINGDOM,GBR,,,,,,,,,,,,,,,,,,1,111,111,11,3,-2.0,1,1,1,3.76237623762376,4,"Lefdal, Sogn og Fjordane, Norway",NO,NO15,61.9333,6.1,-268723,0,,,,,,,4,"Lefdal, Sogn og Fjordane, Norway",NO,NO15,61.9333,6.1,-268723,20160512,http://hexus.net/ce/items/mobile-phones/92804-gold-sony-xperia-x-now-available-pre-order-exclusively-carphone-warehouse/
539771304,20160512,201605,2016,2016.3616,GBR,UNITED KINGDOM,GBR,,,,,,,,NOR,NORWAY,NOR,,,,,,,,1,111,111,11,3,-2.0,1,1,1,3.76237623762376,4,"Lefdal, Sogn og Fjordane, Norway",NO,NO15,61.9333,6.1,-268723,4,"London, London, City of, United Kingdom",UK,UKH9,51.5,-0.116667,-2601889,4,"London, London, City of, United Kingdom",UK,UKH9,51.5,-0.116667,-2601889,20160512,http://hexus.net/ce/items/mobile-phones/92804-gold-sony-xperia-x-now-available-pre-order-exclusively-carphone-warehouse/
539771305,20160512,201605,2016,2016.3616,GBR,UNITED KINGDOM,GBR,,,,,,,,NOR,NORWAY,NOR,,,,,,,,1,111,111,11,3,-2.0,1,1,1,3.76237623762376,4,"Lefdal, Sogn og Fjordane, Norway",NO,NO15,61.9333,6.1,-268723,4,"Lefdal, Sogn og Fjordane, Norway",NO,NO15,61.9333,6.1,-268723,4,"Lefdal, Sogn og Fjordane, Norway",NO,NO15,61.9333,6.1,-268723,20160512,http://hexus.net/ce/items/mobile-phones/92804-gold-sony-xperia-x-now-available-pre-order-exclusively-carphone-warehouse/
539774447,20160512,201605,2016,2016.3616,GOV,PRESIDENT,,,,,,GOV,,,,,,,,,,,,,0,160,160,16,4,-4.0,6,1,6,-2.36779794790844,3,"Milwaukee, Wisconsin, United States",US,USWI,43.0389,-87.9065,1577901,0,,,,,,,3,"Milwaukee, Wisconsin, United States",US,USWI,43.0389,-87.9065,1577901,20160512,http://watchdog.org/265206/politifact-russ-feingold-ad/
539774448,20160512,201605,2016,2016.3616,GOV,PRESIDENT,,,,,,GOV,,,,,,,,,,,,,0,160,160,16,4,-4.0,4,1,4,-2.36779794790844,2,"Wisconsin, United States",US,USWI,44.2563,-89.6385,WI,0,,,,,,,2,"Wisconsin, United States",US,USWI,44.2563,-89.6385,WI,20160512,http://watchdog.org/265206/politifact-russ-feingold-ad/
539776594,20160512,201605,2016,2016.3616,,,,,,,,,,,CRM,MAFIOSO,,,,,,CRM,,,1,042,042,04,1,1.9,10,1,10,1.05263157894737,0,,,,,,,1,Italy,IT,IT,42.8333,12.8333,IT,1,Italy,IT,IT,42.8333,12.8333,IT,20160512,http://www.subcity.org/shows/goldstandard/3758e/
539776595,20160512,201605,2016,2016.3616,,,,,,,,,,,CRM,MAFIOSO,,,,,,CRM,,,1,042,042,04,1,1.9,10,1,10,3.88349514563106,0,,,,,,,1,United Kingdom,UK,UK,54,-2,UK,1,United Kingdom,UK,UK,54,-2,UK,20160512,http://www.subcity.org/shows/goldstandard/
539776833,20160512,201605,2016,2016.3616,AUS,AUSTRALIA,AUS,,,,,,,,UAF,TERRORIST,,,,,,UAF,,,1,173,173,17,4,-5.0,8,4,8,-5.89887640449438,4,"Sydney, New South Wales, Australia",AS,AS02,-33.8833,151.217,-1603135,4,"Sydney, New South Wales, Australia",AS,AS02,-33.8833,151.217,-1603135,4,"Sydney, New South Wales, Australia",AS,AS02,-33.8833,151.217,-1603135,20160512,http://www.goldcoastbulletin.com.au/news/world/terrorist-khaled-sharrouf-imprisoned-by-islamic-state-according-to-reports/news-story/c7719b835b73927490f54ce645749198?nk=6a961679c9ce642eceb66efaf90a5813-1463092399
539776900,20160512,201605,2016,2016.3616,BUS,BUSINESS,,,,,,BUS,,,,,,,,,,,,,1,084,084,08,2,7.0,4,1,2,-3.90243902439025,1,Ghana,GH,GH,8,-2,GH,0,,,,,,,1,Ghana,GH,GH,8,-2,GH,20160512,http://www.goldcoastbulletin.com.au/business/asic-probe-into-failed-gold-coast-firepower-could-be-reignited-by-release-of-new-information/news-story/8d555caa449e4195faf06ff734f2d952?nk=7ff8f59b975cbbdf096674e3f4249a9f-1463092432
539776901,20160512,201605,2016,2016.3616,BUS,BUSINESS,,,,,,BUS,,,,,,,,,,,,,1,090,090,09,2,-2.0,2,1,2,-3.90243902439025,4,"Sydney, New South Wales, Australia",AS,AS02,-33.8833,151.217,-1603135,0,,,,,,,4,"Sydney, New South Wales, Australia",AS,AS02,-33.8833,151.217,-1603135,20160512,http://www.goldcoastbulletin.com.au/business/asic-probe-into-failed-gold-coast-firepower-could-be-reignited-by-release-of-new-information/news-story/8d555caa449e4195faf06ff734f2d952?nk=7ff8f59b975cbbdf096674e3f4249a9f-1463092432
539776902,20160512,201605,2016,2016.3616,BUS,BUSINESS,,,,,,BUS,,,,,,,,,,,,,1,090,090,09,2,-2.0,2,1,2,-3.90243902439025,1,Ghana,GH,GH,8,-2,GH,0,,,,,,,1,Ghana,GH,GH,8,-2,GH,20160512,http://www.goldcoastbulletin.com.au/business/asic-probe-into-failed-gold-coast-firepower-could-be-reignited-by-release-of-new-information/news-story/8d555caa449e4195faf06ff734f2d952?nk=7ff8f59b975cbbdf096674e3f4249a9f-1463092432
539776931,20160512,201605,2016,2016.3616,BUS,BUSINESS,,,,,,BUS,,,GHA,GHANA,GHA,,,,,,,,1,084,084,08,2,7.0,16,1,8,-3.90243902439025,1,Ghana,GH,GH,8,-2,GH,1,Ghana,GH,GH,8,-2,GH,1,Ghana,GH,GH,8,-2,GH,20160512,http://www.goldcoastbulletin.com.au/business/asic-probe-into-failed-gold-coast-firepower-could-be-reignited-by-release-of-new-information/news-story/8d555caa449e4195faf06ff734f2d952?nk=7ff8f59b975cbbdf096674e3f4249a9f-1463092432
539776932,20160512,201605,2016,2016.3616,BUS,BUSINESS,,,,,,BUS,,,GHA,GHANA,GHA,,,,,,,,1,090,090,09,2,-2.0,2,1,2,-3.90243902439025,4,"Sydney, New South Wales, Australia",AS,AS02,-33.8833,151.217,-1603135,4,"Sydney, New South Wales, Australia",AS,AS02,-33.8833,151.217,-1603135,4,"Sydney, New South Wales, Australia",AS,AS02,-33.8833,151.217,-1603135,20160512,http://www.goldcoastbulletin.com.au/business/asic-probe-into-failed-gold-coast-firepower-could-be-reignited-by-release-of-new-information/news-story/8d555caa449e4195faf06ff734f2d952?nk=7ff8f59b975cbbdf096674e3f4249a9f-1463092432
539776933,20160512,201605,2016,2016.3616,BUS,BUSINESS,,,,,,BUS,,,GHA,GHANA,GHA,,,,,,,,1,090,090,09,2,-2.0,14,1,8,-3.90243902439025,1,Ghana,GH,GH,8,-2,GH,1,Ghana,GH,GH,8,-2,GH,1,Ghana,GH,GH,8,-2,GH,20160512,http://www.goldcoastbulletin.com.au/business/asic-probe-into-failed-gold-coast-firepower-could-be-reignited-by-release-of-new-information/news-story/8d555caa449e4195faf06ff734f2d952?nk=7ff8f59b975cbbdf096674e3f4249a9f-1463092432
539777164,20160512,201605,2016,2016.3616,CRM,MAFIOSO,,,,,,CRM,,,,,,,,,,,,,1,043,043,04,1,2.8,10,1,10,1.05263157894737,1,Italy,IT,IT,42.8333,12.8333,IT,0,,,,,,,1,Italy,IT,IT,42.8333,12.8333,IT,20160512,http://www.subcity.org/shows/goldstandard/3758e/
539777165,20160512,201605,2016,2016.3616,CRM,MAFIOSO,,,,,,CRM,,,,,,,,,,,,,1,043,043,04,1,2.8,10,1,10,3.88349514563106,1,United Kingdom,UK,UK,54,-2,UK,0,,,,,,,1,United Kingdom,UK,UK,54,-2,UK,20160512,http://www.subcity.org/shows/goldstandard/
539777460,20160512,201605,2016,2016.3616,GHA,GHANA,GHA,,,,,,,,,,,,,,,,,,1,090,090,09,2,-2.0,6,1,6,-3.90243902439025,4,"Sydney, New South Wales, Australia",AS,AS02,-33.8833,151.217,-1603135,0,,,,,,,4,"Sydney, New South Wales, Australia",AS,AS02,-33.8833,151.217,-1603135,20160512,http://www.goldcoastbulletin.com.au/business/asic-probe-into-failed-gold-coast-firepower-could-be-reignited-by-release-of-new-information/news-story/8d555caa449e4195faf06ff734f2d952?nk=7ff8f59b975cbbdf096674e3f4249a9f-1463092432
539777481,20160512,201605,2016,2016.3616,GOV,PRESIDENT,,,,,,GOV,,,,,,,,,,,,,0,020,020,02,1,3.0,2,1,2,2.78884462151394,3,"Indian Head, California, United States",US,USCA,36.2683,-118.283,243818,0,,,,,,,3,"Indian Head, California, United States",US,USCA,36.2683,-118.283,243818,20160512,http://news.coinupdate.com/notable-gold-pattern-coins/
539777482,20160512,201605,2016,2016.3616,GOV,PRESIDENT,,,,,,GOV,,,,,,,,,,,,,0,020,020,02,1,3.0,6,1,6,2.78884462151394,3,"Smithsonian Institution, District of Columbia, United States",US,USDC,38.8887,-77.0258,531840,0,,,,,,,3,"Smithsonian Institution, District of Columbia, United States",US,USDC,38.8887,-77.0258,531840,20160512,http://news.coinupdate.com/notable-gold-pattern-coins/
539777595,20160512,201605,2016,2016.3616,GOV,PRESIDENT,,,,,,GOV,,,USA,UNITED STATES,USA,,,,,,,,0,020,020,02,1,3.0,2,1,2,2.78884462151394,3,"Smithsonian Institution, District of Columbia, United States",US,USDC,38.8887,-77.0258,531840,3,"Smithsonian Institution, District of Columbia, United States",US,USDC,38.8887,-77.0258,531840,3,"Smithsonian Institution, District of Columbia, United States",US,USDC,38.8887,-77.0258,531840,20160512,http://news.coinupdate.com/notable-gold-pattern-coins/
539778342,20160512,201605,2016,2016.3616,UAF,TERRORIST,,,,,,UAF,,,,,,,,,,,,,1,173,173,17,4,-5.0,12,4,12,-5.89887640449438,4,"Sydney, New South Wales, Australia",AS,AS02,-33.8833,151.217,-1603135,0,,,,,,,4,"Sydney, New South Wales, Australia",AS,AS02,-33.8833,151.217,-1603135,20160512,http://www.goldcoastbulletin.com.au/news/world/terrorist-khaled-sharrouf-imprisoned-by-islamic-state-according-to-reports/news-story/c7719b835b73927490f54ce645749198?nk=6a961679c9ce642eceb66efaf90a5813-1463092399
539778745,20160512,201605,2016,2016.3616,USA,UNITED STATES,USA,,,,,,,,USAGOV,UNITED STATES,USA,,,,,GOV,,,0,020,020,02,1,3.0,2,1,2,2.78884462151394,3,"Indian Head, California, United States",US,USCA,36.2683,-118.283,243818,3,"Indian Head, California, United States",US,USCA,36.2683,-118.283,243818,3,"Indian Head, California, United States",US,USCA,36.2683,-118.283,243818,20160512,http://news.coinupdate.com/notable-gold-pattern-coins/
539778802,20160512,201605,2016,2016.3616,USAGOV,UNITED STATES,USA,,,,,GOV,,,,,,,,,,,,,0,020,020,02,1,3.0,2,1,2,2.78884462151394,3,"Smithsonian Institution, District of Columbia, United States",US,USDC,38.8887,-77.0258,531840,0,,,,,,,3,"Smithsonian Institution, District of Columbia, United States",US,USDC,38.8887,-77.0258,531840,20160512,http://news.coinupdate.com/notable-gold-pattern-coins/
539783735,20160512,201605,2016,2016.3616,GOV,PRINCE,,,,,,GOV,,,MIL,MILITARY,,,,,,MIL,,,0,040,040,04,1,1.0,10,1,10,2.75590551181102,4,"London, London, City of, United Kingdom",UK,UKH9,51.5,-0.116667,-2601889,4,"London, London, City of, United Kingdom",UK,UKH9,51.5,-0.116667,-2601889,4,"London, London, City of, United Kingdom",UK,UKH9,51.5,-0.116667,-2601889,20160512,http://www.swimmingworldmagazine.com/news/american-swimmer-gives-prince-harry-invictus-gold-medal/
539783869,20160512,201605,2016,2016.3616,ISR,ISRAEL,ISR,,,,,,,,MCOELI,ALBERT,MCO,,,,,ELI,,,1,020,020,02,1,3.0,3,1,2,1.73053152039555,1,Israel,IS,IS,31.5,34.75,IS,1,Israel,IS,IS,31.5,34.75,IS,1,Israel,IS,IS,31.5,34.75,IS,20160512,http://www.jweekly.com/article/full/77578/two-long-and-winding-roads-lead-to-one-golden-pairing/
539783870,20160512,201605,2016,2016.3616,ISR,ISRAEL,ISR,,,,,,,,MCOELI,ALBERT,MCO,,,,,ELI,,,1,042,042,04,1,1.9,2,1,2,1.73053152039555,1,Israel,IS,IS,31.5,34.75,IS,1,Israel,IS,IS,31.5,34.75,IS,1,Israel,IS,IS,31.5,34.75,IS,20160512,http://www.jweekly.com/article/full/77578/two-long-and-winding-roads-lead-to-one-golden-pairing/
539783872,20160512,201605,2016,2016.3616,ISR,ISRAEL,ISR,,,,,,,,USA,UNITED STATES,USA,,,,,,,,1,010,010,01,1,0.0,1,1,1,1.73053152039555,1,Israel,IS,IS,31.5,34.75,IS,1,Israel,IS,IS,31.5,34.75,IS,1,Israel,IS,IS,31.5,34.75,IS,20160512,http://www.jweekly.com/article/full/77578/two-long-and-winding-roads-lead-to-one-golden-pairing/
539784031,20160512,201605,2016,2016.3616,LEG,SENATE,,,,,,LEG,,,,,,,,,,,,,1,120,120,12,3,-4.0,3,1,3,-1.90615835777126,2,"Wisconsin, United States",US,USWI,44.2563,-89.6385,WI,0,,,,,,,2,"Wisconsin, United States",US,USWI,44.2563,-89.6385,WI,20160512,http://www.huffingtonpost.com/entry/ron-johnson-russ-feingold-lego-movie_us_5734ce9ae4b077d4d6f2667b
539784052,20160512,201605,2016,2016.3616,LEG,SENATE,,,,,,LEG,,,USA,WISCONSIN,USA,,,,,,,,1,120,120,12,3,-4.0,3,1,3,-1.90615835777126,2,"Wisconsin, United States",US,USWI,44.2563,-89.6385,WI,2,"Wisconsin, United States",US,USWI,44.2563,-89.6385,WI,2,"Wisconsin, United States",US,USWI,44.2563,-89.6385,WI,20160512,http://www.huffingtonpost.com/entry/ron-johnson-russ-feingold-lego-movie_us_5734ce9ae4b077d4d6f2667b
539784054,20160512,201605,2016,2016.3616,LEG,SENATE,,,,,,LEG,,,USA,UNITED STATES,USA,,,,,,,,1,160,160,16,4,-4.0,2,1,2,-1.90615835777126,3,"Washington, District of Columbia, United States",US,USDC,38.8951,-77.0364,531871,3,"Washington, District of Columbia, United States",US,USDC,38.8951,-77.0364,531871,3,"Washington, District of Columbia, United States",US,USDC,38.8951,-77.0364,531871,20160512,http://www.huffingtonpost.com/entry/ron-johnson-russ-feingold-lego-movie_us_5734ce9ae4b077d4d6f2667b
539784055,20160512,201605,2016,2016.3616,LEG,SENATE,,,,,,LEG,,,USA,UNITED STATES,USA,,,,,,,,1,160,160,16,4,-4.0,2,1,2,-1.90615835777126,2,"Wisconsin, United States",US,USWI,44.2563,-89.6385,WI,3,"Washington, District of Columbia, United States",US,USDC,38.8951,-77.0364,531871,3,"Washington, District of Columbia, United States",US,USDC,38.8951,-77.0364,531871,20160512,http://www.huffingtonpost.com/entry/ron-johnson-russ-feingold-lego-movie_us_5734ce9ae4b077d4d6f2667b
539784078,20160512,201605,2016,2016.3616,MCOELI,ALBERT,MCO,,,,,ELI,,,,,,,,,,,,,1,020,020,02,1,3.0,6,1,3,1.73053152039555,3,"Berkeley, California, United States",US,USCA,37.8716,-122.273,1658037,0,,,,,,,3,"Berkeley, California, United States",US,USCA,37.8716,-122.273,1658037,20160512,http://www.jweekly.com/article/full/77578/two-long-and-winding-roads-lead-to-one-golden-pairing/
539784079,20160512,201605,2016,2016.3616,MCOELI,ALBERT,MCO,,,,,ELI,,,,,,,,,,,,,0,020,020,02,1,3.0,3,1,3,1.73053152039555,1,Israel,IS,IS,31.5,34.75,IS,0,,,,,,,1,Israel,IS,IS,31.5,34.75,IS,20160512,http://www.jweekly.com/article/full/77578/two-long-and-winding-roads-lead-to-one-golden-pairing/
539784080,20160512,201605,2016,2016.3616,MCOELI,ALBERT,MCO,,,,,ELI,,,ISR,ISRAEL,ISR,,,,,,,,1,010,010,01,1,0.0,1,1,1,1.73053152039555,1,Israel,IS,IS,31.5,34.75,IS,1,Israel,IS,IS,31.5,34.75,IS,1,Israel,IS,IS,31.5,34.75,IS,20160512,http://www.jweekly.com/article/full/77578/two-long-and-winding-roads-lead-to-one-golden-pairing/
539784081,20160512,201605,2016,2016.3616,MCOELI,ALBERT,MCO,,,,,ELI,,,ISR,ISRAEL,ISR,,,,,,,,1,020,020,02,1,3.0,2,1,2,1.73053152039555,1,Israel,IS,IS,31.5,34.75,IS,1,Israel,IS,IS,31.5,34.75,IS,1,Israel,IS,IS,31.5,34.75,IS,20160512,http://www.jweekly.com/article/full/77578/two-long-and-winding-roads-lead-to-one-golden-pairing/
539784082,20160512,201605,2016,2016.3616,MCOELI,ALBERT,MCO,,,,,ELI,,,ISR,ISRAEL,ISR,,,,,,,,1,043,043,04,1,2.8,2,1,2,1.73053152039555,1,Israel,IS,IS,31.5,34.75,IS,1,Israel,IS,IS,31.5,34.75,IS,1,Israel,IS,IS,31.5,34.75,IS,20160512,http://www.jweekly.com/article/full/77578/two-long-and-winding-roads-lead-to-one-golden-pairing/
539784083,20160512,201605,2016,2016.3616,MCOELI,ALBERT,MCO,,,,,ELI,,,USA,UNITED STATES,USA,,,,,,,,1,010,010,01,1,0.0,3,1,3,1.73053152039555,1,Israel,IS,IS,31.5,34.75,IS,1,Israel,IS,IS,31.5,34.75,IS,1,Israel,IS,IS,31.5,34.75,IS,20160512,http://www.jweekly.com/article/full/77578/two-long-and-winding-roads-lead-to-one-golden-pairing/
539784142,20160512,201605,2016,2016.3616,MIL,MILITARY,,,,,,MIL,,,GOV,PRINCE,,,,,,GOV,,,0,040,040,04,1,1.0,10,1,10,2.75590551181102,4,"London, London, City of, United Kingdom",UK,UKH9,51.5,-0.116667,-2601889,4,"London, London, City of, United Kingdom",UK,UKH9,51.5,-0.116667,-2601889,4,"London, London, City of, United Kingdom",UK,UKH9,51.5,-0.116667,-2601889,20160512,http://www.swimmingworldmagazine.com/news/american-swimmer-gives-prince-harry-invictus-gold-medal/
539784576,20160512,201605,2016,2016.3616,USA,UNITED STATES,USA,,,,,,,,,,,,,,,,,,1,192,192,19,4,-9.5,3,1,3,1.73053152039555,3,"Berkeley, California, United States",US,USCA,37.8716,-122.273,1658037,0,,,,,,,3,"Berkeley, California, United States",US,USCA,37.8716,-122.273,1658037,20160512,http://www.jweekly.com/article/full/77578/two-long-and-winding-roads-lead-to-one-golden-pairing/
539784590,20160512,201605,2016,2016.3616,USA,WASHINGTON,USA,,,,,,,,BUS,BUSINESS,,,,,,BUS,,,1,190,190,19,4,-10.0,6,1,6,-1.90615835777126,2,"Wisconsin, United States",US,USWI,44.2563,-89.6385,WI,2,"Wisconsin, United States",US,USWI,44.2563,-89.6385,WI,2,"Wisconsin, United States",US,USWI,44.2563,-89.6385,WI,20160512,http://www.huffingtonpost.com/entry/ron-johnson-russ-feingold-lego-movie_us_5734ce9ae4b077d4d6f2667b
539784623,20160512,201605,2016,2016.3616,USA,WISCONSIN,USA,,,,,,,,CVL,VOTER,,,,,,CVL,,,1,012,012,01,1,-0.4,2,1,2,-1.90615835777126,2,"Wisconsin, United States",US,USWI,44.2563,-89.6385,WI,2,"Wisconsin, United States",US,USWI,44.2563,-89.6385,WI,2,"Wisconsin, United States",US,USWI,44.2563,-89.6385,WI,20160512,http://www.huffingtonpost.com/entry/ron-johnson-russ-feingold-lego-movie_us_5734ce9ae4b077d4d6f2667b
539784742,20160512,201605,2016,2016.3616,USA,UNITED STATES,USA,,,,,,,,LEG,SENATE,,,,,,LEG,,,1,120,120,12,3,-4.0,2,1,2,-1.90615835777126,3,"Washington, District of Columbia, United States",US,USDC,38.8951,-77.0364,531871,2,"Wisconsin, United States",US,USWI,44.2563,-89.6385,WI,2,"Wisconsin, United States",US,USWI,44.2563,-89.6385,WI,20160512,http://www.huffingtonpost.com/entry/ron-johnson-russ-feingold-lego-movie_us_5734ce9ae4b077d4d6f2667b
539784915,20160512,201605,2016,2016.3616,USALEG,WISCONSIN,USA,,,,,LEG,,,CVL,VOTER,,,,,,CVL,,,1,012,012,01,1,-0.4,6,1,6,-1.90615835777126,2,"Wisconsin, United States",US,USWI,44.2563,-89.6385,WI,2,"Wisconsin, United States",US,USWI,44.2563,-89.6385,WI,2,"Wisconsin, United States",US,USWI,44.2563,-89.6385,WI,20160512,http://www.huffingtonpost.com/entry/ron-johnson-russ-feingold-lego-movie_us_5734ce9ae4b077d4d6f2667b
539786128,20160512,201605,2016,2016.3616,BUS,COMPANY,,,,,,BUS,,,,,,,,,,,,,0,071,071,07,2,7.4,1,1,1,0.77783179387457,4,"Kirkland Lake, Ontario, Canada",CA,CA08,48.15,-80.0333,-567330,0,,,,,,,4,"Kirkland Lake, Ontario, Canada",CA,CA08,48.15,-80.0333,-567330,20160512,http://www.juniorminingnetwork.com/junior-miner-news/press-releases/709-tsx/kgi/19738-kirkland-lake-gold-reports-strong-earnings-during-the-first-quarter-of-2016-generating-23-6-million-in-free-cash.html
539786142,20160512,201605,2016,2016.3616,BUS,COMPANY,,,,,,BUS,,,CAN,CANADIAN,CAN,,,,,,,,0,071,071,07,2,7.4,9,1,9,0.77783179387457,4,"Kirkland Lake, Ontario, Canada",CA,CA08,48.15,-80.0333,-567330,4,"Kirkland Lake, Ontario, Canada",CA,CA08,48.15,-80.0333,-567330,4,"Kirkland Lake, Ontario, Canada",CA,CA08,48.15,-80.0333,-567330,20160512,http://www.juniorminingnetwork.com/junior-miner-news/press-releases/709-tsx/kgi/19738-kirkland-lake-gold-reports-strong-earnings-during-the-first-quarter-of-2016-generating-23-6-million-in-free-cash.html
539786684,20160512,201605,2016,2016.3616,GOV,CHIEF EXECUTIVE,,,,,,GOV,,,HLH,HOSPITAL,,,,,,HLH,,,0,036,036,03,1,4.0,3,1,3,4.6875,1,Canada,CA,CA,60,-95,CA,1,Canada,CA,CA,60,-95,CA,1,Canada,CA,CA,60,-95,CA,20160512,http://ca.hellomagazine.com/royalty/02016051226374/prince-harry-swimmer-donate-gold-medal/
539787625,20160512,201605,2016,2016.3616,USA,UNITED STATES,USA,,,,,,,,GOV,CHIEF EXECUTIVE,,,,,,GOV,,,0,036,036,03,1,4.0,2,1,2,4.6875,1,Canada,CA,CA,60,-95,CA,1,Canada,CA,CA,60,-95,CA,1,Canada,CA,CA,60,-95,CA,20160512,http://ca.hellomagazine.com/royalty/02016051226374/prince-harry-swimmer-donate-gold-medal/
539788981,20160512,201605,2016,2016.3616,BUS,INVESTOR,,,,,,BUS,,,,,,,,,,,,,0,014,014,01,1,0.0,10,1,10,4.35835351089588,4,"Karachi, Sindh, Pakistan",PK,PK05,24.8667,67.05,-2764584,0,,,,,,,4,"Karachi, Sindh, Pakistan",PK,PK05,24.8667,67.05,-2764584,20160512,http://dailytimes.com.pk/business/13-May-16/gold-demand-grows-amid-improved-security-condition
