GLOBALEVENTID,SQLDATE,MonthYear,Year,FractionDate,Actor1Code,Actor1Name,Actor1CountryCode,Actor1KnownGroupCode,Actor1EthnicCode,Actor1Religion1Code,Actor1Religion2Code,Actor1Type1Code,Actor1Type2Code,Actor1Type3Code,Actor2Code,Actor2Name,Actor2CountryCode,Actor2KnownGroupCode,Actor2EthnicCode,Actor2Religion1Code,Actor2Religion2Code,Actor2Type1Code,Actor2Type2Code,Actor2Type3Code,IsRootEvent,EventCode,EventBaseCode,EventRootCode,QuadClass,GoldsteinScale,NumMentions,NumSources,NumArticles,AvgTone,Actor1Geo_Type,Actor1Geo_FullName,Actor1Geo_CountryCode,Actor1Geo_ADM1Code,Actor1Geo_Lat,Actor1Geo_Long,Actor1Geo_FeatureID,Actor2Geo_Type,Actor2Geo_FullName,Actor2Geo_CountryCode,Actor2Geo_ADM1Code,Actor2Geo_Lat,Actor2Geo_Long,Actor2Geo_FeatureID,ActionGeo_Type,ActionGeo_FullName,ActionGeo_CountryCode,ActionGeo_ADM1Code,ActionGeo_Lat,ActionGeo_Long,ActionGeo_FeatureID,DATEADDED,SOURCEURL
599756174,20161117,201611,2016,2016.8685,,,,,,,,,,,AUS,AUSTRALIA,AUS,,,,,,,,1,057,057,05,1,8.0,24,2,24,1.75278216284243,0,,,,,,,4,"Collerina, New South Wales, Australia",AS,AS02,-29.6833,146.633,-1566385,4,"Collerina, New South Wales, Australia",AS,AS02,-29.6833,146.633,-1566385,20161117,http://www.4-traders.com/HELIX-RESOURCES-LTD-10353046/news/Helix-Resources-Limited-Excellent-High-Grade-Gold-Results-Cobar-Gold-Project-NSW-23414876/
599756833,20161117,201611,2016,2016.8685,,,,,,,,,,,USA,UNITED STATES,USA,,,,,,,,0,057,057,05,1,8.0,4,2,4,0.389484303062025,0,,,,,,,2,"New York, United States",US,USNY,42.1497,-74.9384,NY,2,"New York, United States",US,USNY,42.1497,-74.9384,NY,20161117,http://www.kvia.com/news/us-world/giant-gold-letters-that-spell-trump-come-down-from-3-nyc-luxury-buildings/165347402
599757109,20161117,201611,2016,2016.8685,AUS,AUSTRALIA,AUS,,,,,,,,,,,,,,,,,,1,057,057,05,1,8.0,56,3,56,1.48076787505511,4,"Good Friday, New South Wales, Australia",AS,AS02,-30.8152,152.751,11363699,0,,,,,,,4,"Good Friday, New South Wales, Australia",AS,AS02,-30.8152,152.751,11363699,20161117,http://www.4-traders.com/HELIX-RESOURCES-LTD-10353046/news/Helix-Resources-Limited-Excellent-High-Grade-Gold-Results-Cobar-Gold-Project-NSW-23414876/
599757173,20161117,201611,2016,2016.8685,BUS,COMPANY,,,,,,BUS,,,,,,,,,,,,,1,010,010,01,1,0.0,69,21,69,0.208636932283424,3,"Chicago, Illinois, United States",US,USIL,41.85,-87.6501,423587,0,,,,,,,3,"Chicago, Illinois, United States",US,USIL,41.85,-87.6501,423587,20161117,http://www.kvia.com/news/us-world/giant-gold-letters-that-spell-trump-come-down-from-3-nyc-luxury-buildings/165347402
599758041,20161117,201611,2016,2016.8685,CVL,RESIDENTS,,,,,,CVL,,,,,,,,,,,,,1,051,051,05,1,3.4,105,21,105,0.274022377912602,3,"Chicago, Illinois, United States",US,USIL,41.85,-87.6501,423587,0,,,,,,,3,"Chicago, Illinois, United States",US,USIL,41.85,-87.6501,423587,20161117,http://www.kvia.com/news/us-world/giant-gold-letters-that-spell-trump-come-down-from-3-nyc-luxury-buildings/165347402
599758042,20161117,201611,2016,2016.8685,CVL,RESIDENTS,,,,,,CVL,,,,,,,,,,,,,1,051,051,05,1,3.4,36,18,36,0.269608401191594,3,"Riverside Park, New York, United States",US,USNY,41.9154,-74.0765,962603,0,,,,,,,3,"Riverside Park, New York, United States",US,USNY,41.9154,-74.0765,962603,20161117,http://www.kvia.com/news/us-world/giant-gold-letters-that-spell-trump-come-down-from-3-nyc-luxury-buildings/165347402
599761317,20161117,201611,2016,2016.8685,USA,UNITED STATES,USA,,,,,,,,,,,,,,,,,,1,010,010,01,1,0.0,117,18,117,0.269608401191594,3,"Riverside Park, New York, United States",US,USNY,41.9154,-74.0765,962603,0,,,,,,,3,"Riverside Park, New York, United States",US,USNY,41.9154,-74.0765,962603,20161117,http://www.kvia.com/news/us-world/giant-gold-letters-that-spell-trump-come-down-from-3-nyc-luxury-buildings/165347402
599761319,20161117,201611,2016,2016.8685,USA,UNITED STATES,USA,,,,,,,,,,,,,,,,,,1,010,010,01,1,0.0,27,15,27,0.311637806238234,3,"Hudson River, New York, United States",US,USNY,40.6968,-74.0282,970226,0,,,,,,,3,"Riverside Park, New York, United States",US,USNY,41.9154,-74.0765,962603,20161117,http://www.kvia.com/news/us-world/giant-gold-letters-that-spell-trump-come-down-from-3-nyc-luxury-buildings/165347402
599761670,20161117,201611,2016,2016.8685,USA,UNITED STATES,USA,,,,,,,,,,,,,,,,,,1,057,057,05,1,8.0,102,22,102,0.0846213262734724,2,"New York, United States",US,USNY,42.1497,-74.9384,NY,0,,,,,,,2,"New York, United States",US,USNY,42.1497,-74.9384,NY,20161117,http://www.kvia.com/news/us-world/giant-gold-letters-that-spell-trump-come-down-from-3-nyc-luxury-buildings/165347402
599761796,20161117,201611,2016,2016.8685,USA,UNITED STATES,USA,,,,,,,,,,,,,,,,,,0,111,111,11,3,-2.0,18,18,18,0.269608401191594,3,"Trump Place, New York, United States",US,USNY,40.7781,-73.9886,2083356,0,,,,,,,3,"Trump Place, New York, United States",US,USNY,40.7781,-73.9886,2083356,20161117,http://www.kvia.com/news/us-world/giant-gold-letters-that-spell-trump-come-down-from-3-nyc-luxury-buildings/165347402
599761800,20161117,201611,2016,2016.8685,USA,UNITED STATES,USA,,,,,,,,,,,,,,,,,,0,111,111,11,3,-2.0,18,18,18,0.269608401191594,3,"Riverside Park, New York, United States",US,USNY,41.9154,-74.0765,962603,0,,,,,,,3,"Riverside Park, New York, United States",US,USNY,41.9154,-74.0765,962603,20161117,http://www.kvia.com/news/us-world/giant-gold-letters-that-spell-trump-come-down-from-3-nyc-luxury-buildings/165347402
599761986,20161117,201611,2016,2016.8685,USA,UNITED STATES,USA,,,,,,,,BUS,COMPANY,,,,,,BUS,,,1,010,010,01,1,0.0,56,20,56,0.471703764677949,3,"Chicago, Illinois, United States",US,USIL,41.85,-87.6501,423587,3,"Chicago, Illinois, United States",US,USIL,41.85,-87.6501,423587,3,"Chicago, Illinois, United States",US,USIL,41.85,-87.6501,423587,20161117,http://www.kvia.com/news/us-world/giant-gold-letters-that-spell-trump-come-down-from-3-nyc-luxury-buildings/165347402
599762118,20161117,201611,2016,2016.8685,USA,UNITED STATES,USA,,,,,,,,CVL,RESIDENTS,,,,,,CVL,,,1,051,051,05,1,3.4,36,18,36,0.269608401191594,3,"Trump Place, New York, United States",US,USNY,40.7781,-73.9886,2083356,3,"Trump Place, New York, United States",US,USNY,40.7781,-73.9886,2083356,3,"Trump Place, New York, United States",US,USNY,40.7781,-73.9886,2083356,20161117,http://www.kvia.com/news/us-world/giant-gold-letters-that-spell-trump-come-down-from-3-nyc-luxury-buildings/165347402
599762119,20161117,201611,2016,2016.8685,USA,UNITED STATES,USA,,,,,,,,CVL,RESIDENTS,,,,,,CVL,,,1,051,051,05,1,3.4,36,18,36,0.269608401191594,3,"Trump Place, New York, United States",US,USNY,40.7781,-73.9886,2083356,3,"Chicago, Illinois, United States",US,USIL,41.85,-87.6501,423587,3,"Trump Place, New York, United States",US,USNY,40.7781,-73.9886,2083356,20161117,http://www.kvia.com/news/us-world/giant-gold-letters-that-spell-trump-come-down-from-3-nyc-luxury-buildings/165347402
599766349,20161117,201611,2016,2016.8685,BGD,SYLHET,BGD,,,,,,,,GOV,CUSTOMS OFFICIAL,,,,,,GOV,,,1,060,060,06,2,6.0,10,1,10,-0.64516129032258,4,"Sylhet, Sylhet, Bangladesh",BG,BG86,24.8967,91.8717,-2737987,4,"Sylhet, Sylhet, Bangladesh",BG,BG86,24.8967,91.8717,-2737987,4,"Sylhet, Sylhet, Bangladesh",BG,BG86,24.8967,91.8717,-2737987,20161117,http://www.banglamirrornews.com/2016/11/a-big-haul-of-gold-weighs-9-3-kg-at-sylhet-m-a-g-osmani-intl-airport/
599766350,20161117,201611,2016,2016.8685,BGD,SYLHET,BGD,,,,,,,,GOV,CUSTOMS OFFICIAL,,,,,,GOV,,,1,172,172,17,4,-5.0,10,1,10,-0.64516129032258,4,"Sylhet, Sylhet, Bangladesh",BG,BG86,24.8967,91.8717,-2737987,4,"Sylhet, Sylhet, Bangladesh",BG,BG86,24.8967,91.8717,-2737987,4,"Sylhet, Sylhet, Bangladesh",BG,BG86,24.8967,91.8717,-2737987,20161117,http://www.banglamirrornews.com/2016/11/a-big-haul-of-gold-weighs-9-3-kg-at-sylhet-m-a-g-osmani-intl-airport/
599767162,20161117,201611,2016,2016.8685,EURGOVBUS,EUROPEAN,EUR,,,,,GOV,BUS,,,,,,,,,,,,1,090,090,09,2,-2.0,18,3,18,3.87312547490799,2,"New York, United States",US,USNY,42.1497,-74.9384,NY,0,,,,,,,2,"New York, United States",US,USNY,42.1497,-74.9384,NY,20161117,https://sentinelblog.com/2016/11/16/european-central-bank-gold-reserves-held-across-5-locations-ecb-will-not-disclose-gold-bar-list/
599767339,20161117,201611,2016,2016.8685,GOV,CUSTOMS OFFICIAL,,,,,,GOV,,,BGD,SYLHET,BGD,,,,,,,,1,192,192,19,4,-9.5,10,1,10,-0.64516129032258,4,"Sylhet, Sylhet, Bangladesh",BG,BG86,24.8967,91.8717,-2737987,4,"Sylhet, Sylhet, Bangladesh",BG,BG86,24.8967,91.8717,-2737987,4,"Sylhet, Sylhet, Bangladesh",BG,BG86,24.8967,91.8717,-2737987,20161117,http://www.banglamirrornews.com/2016/11/a-big-haul-of-gold-weighs-9-3-kg-at-sylhet-m-a-g-osmani-intl-airport/
599768117,20161117,201611,2016,2016.8685,NLD,NETHERLANDS,NLD,,,,,,,,EURGOVBUS,EUROPEAN,EUR,,,,,GOV,BUS,,1,090,090,09,2,-2.0,12,3,12,3.87312547490799,2,"New York, United States",US,USNY,42.1497,-74.9384,NY,2,"New York, United States",US,USNY,42.1497,-74.9384,NY,2,"New York, United States",US,USNY,42.1497,-74.9384,NY,20161117,https://sentinelblog.com/2016/11/16/european-central-bank-gold-reserves-held-across-5-locations-ecb-will-not-disclose-gold-bar-list/
599771743,20161117,201611,2016,2016.8685,,,,,,,,,,,KAZ,KAZAKHSTAN,KAZ,,,,,,,,1,043,043,04,1,2.8,78,16,78,-0.391594074682071,0,,,,,,,1,Kazakhstan,KZ,KZ,48,68,KZ,1,Kazakhstan,KZ,KZ,48,68,KZ,20161117,http://www.cortezjournal.com/article/20161116/AP/311169829/NASAastronautonvergeofbecomingoldestwomaninspace
599771826,20161117,201611,2016,2016.8685,,,,,,,,,,,USA,UNITED STATES,USA,,,,,,,,1,020,020,02,1,3.0,2,1,2,-0.63291139240507,0,,,,,,,3,"Jesup, Georgia, United States",US,USGA,31.6074,-81.8854,316104,3,"Jesup, Georgia, United States",US,USGA,31.6074,-81.8854,316104,20161117,http://goldenisles.news/news/local_news/environmental-group-s-dirty-dozen-targets-area-projects/article_7f722ed0-fcdf-5d00-9319-c595a5e057c0.html
599771843,20161117,201611,2016,2016.8685,,,,,,,,,,,USA,UNITED STATES,USA,,,,,,,,1,040,040,04,1,1.0,4,1,4,-0.63291139240507,0,,,,,,,3,"Jesup, Georgia, United States",US,USGA,31.6074,-81.8854,316104,3,"Jesup, Georgia, United States",US,USGA,31.6074,-81.8854,316104,20161117,http://goldenisles.news/news/local_news/environmental-group-s-dirty-dozen-targets-area-projects/article_7f722ed0-fcdf-5d00-9319-c595a5e057c0.html
599773050,20161117,201611,2016,2016.8685,GBR,UNITED KINGDOM,GBR,,,,,,,,BUS,BUSINESS,,,,,,BUS,,,1,010,010,01,1,0.0,8,4,8,2.15692371475954,4,"Manchester, Manchester, United Kingdom",UK,UKI2,53.5,-2.21667,-2602512,4,"Manchester, Manchester, United Kingdom",UK,UKI2,53.5,-2.21667,-2602512,4,"Manchester, Manchester, United Kingdom",UK,UKI2,53.5,-2.21667,-2602512,20161117,http://www.goldcoastbulletin.com.au/entertainment/television/british-presenter-goes-into-labour-on-live-tv-with-a-fellow-newsreader-as-her-birthing-partner/news-story/2699762c494047129af9b4b8185dca19?nk=1cc44deb3adfbfc737c982b173fedc2c-1479341835
599773078,20161117,201611,2016,2016.8685,GBR,BRITAIN,GBR,,,,,,,,GBRHLH,MANCHESTER,GBR,,,,,HLH,,,1,042,042,04,1,1.9,49,3,49,2.42537313432836,4,"Manchester, Manchester, United Kingdom",UK,UKI2,53.5,-2.21667,-2602512,4,"Manchester, Manchester, United Kingdom",UK,UKI2,53.5,-2.21667,-2602512,4,"Manchester, Manchester, United Kingdom",UK,UKI2,53.5,-2.21667,-2602512,20161117,http://www.goldcoastbulletin.com.au/entertainment/television/british-presenter-goes-into-labour-on-live-tv-with-a-fellow-newsreader-as-her-birthing-partner/news-story/2699762c494047129af9b4b8185dca19?nk=1cc44deb3adfbfc737c982b173fedc2c-1479341835
599773153,20161117,201611,2016,2016.8685,GBRHLH,MANCHESTER,GBR,,,,,HLH,,,GBR,BRITAIN,GBR,,,,,,,,1,043,043,04,1,2.8,49,3,49,2.42537313432836,4,"Manchester, Manchester, United Kingdom",UK,UKI2,53.5,-2.21667,-2602512,4,"Manchester, Manchester, United Kingdom",UK,UKI2,53.5,-2.21667,-2602512,4,"Manchester, Manchester, United Kingdom",UK,UKI2,53.5,-2.21667,-2602512,20161117,http://www.goldcoastbulletin.com.au/entertainment/television/british-presenter-goes-into-labour-on-live-tv-with-a-fellow-newsreader-as-her-birthing-partner/news-story/2699762c494047129af9b4b8185dca19?nk=1cc44deb3adfbfc737c982b173fedc2c-1479341835
599773279,20161117,201611,2016,2016.8685,GOV,PREMIER,,,,,,GOV,,,CAN,CANADIAN,CAN,,,,,,,,1,080,080,08,2,5.0,8,1,8,1.26903553299492,1,Canada,CA,CA,60,-95,CA,1,Canada,CA,CA,60,-95,CA,1,Canada,CA,CA,60,-95,CA,20161117,http://www.canadianminingjournal.com/news/gold-premier-drilling-yields-114-gt-over-1-26-metres-for-ascot/
599773852,20161117,201611,2016,2016.8685,KAZ,KAZAKHSTAN,KAZ,,,,,,,,,,,,,,,,,,1,042,042,04,1,1.9,22,7,22,-0.164539827045562,1,Kazakhstan,KZ,KZ,48,68,KZ,0,,,,,,,1,France,FR,FR,46,2,FR,20161117,http://www.cortezjournal.com/article/20161116/AP/311169829/NASAastronautonvergeofbecomingoldestwomaninspace
599773853,20161117,201611,2016,2016.8685,KAZ,KAZAKHSTAN,KAZ,,,,,,,,,,,,,,,,,,1,042,042,04,1,1.9,37,12,37,-0.40516919671298,1,Kazakhstan,KZ,KZ,48,68,KZ,0,,,,,,,1,Kazakhstan,KZ,KZ,48,68,KZ,20161117,http://www.cortezjournal.com/article/20161116/AP/311169829/NASAastronautonvergeofbecomingoldestwomaninspace
599774052,20161117,201611,2016,2016.8685,MED,MEDIA,,,,,,MED,,,HLH,HEALTH FACILITY,,,,,,HLH,,,1,190,190,19,4,-10.0,20,1,20,-5.07568540277337,3,"Cobb County, Georgia, United States",US,USGA,33.9334,-84.5666,1686112,3,"Cobb County, Georgia, United States",US,USGA,33.9334,-84.5666,1686112,3,"Cobb County, Georgia, United States",US,USGA,33.9334,-84.5666,1686112,20161117,http://goldenisles.news/news/state_news/man-arrested-after-shooting-at-mental-facility-in-georgia/article_81bcec5e-c0d2-59e3-a830-d2d341f76941.html
599774053,20161117,201611,2016,2016.8685,MED,MEDIA,,,,,,MED,,,HLH,HEALTH FACILITY,,,,,,HLH,,,1,193,193,19,4,-10.0,4,1,4,-5.07568540277337,3,"Cobb County, Georgia, United States",US,USGA,33.9334,-84.5666,1686112,2,"Georgia, United States",US,USGA,32.9866,-83.6487,GA,2,"Georgia, United States",US,USGA,32.9866,-83.6487,GA,20161117,http://goldenisles.news/news/state_news/man-arrested-after-shooting-at-mental-facility-in-georgia/article_81bcec5e-c0d2-59e3-a830-d2d341f76941.html
599774054,20161117,201611,2016,2016.8685,MED,MEDIA,,,,,,MED,,,HLH,HEALTH FACILITY,,,,,,HLH,,,1,193,193,19,4,-10.0,16,1,16,-5.07568540277337,2,"Georgia, United States",US,USGA,32.9866,-83.6487,GA,2,"Georgia, United States",US,USGA,32.9866,-83.6487,GA,2,"Georgia, United States",US,USGA,32.9866,-83.6487,GA,20161117,http://goldenisles.news/news/state_news/man-arrested-after-shooting-at-mental-facility-in-georgia/article_81bcec5e-c0d2-59e3-a830-d2d341f76941.html
599774668,20161117,201611,2016,2016.8685,USA,ATLANTA,USA,,,,,,,,,,,,,,,,,,1,010,010,01,1,0.0,72,16,72,-5.39886816798857,3,"Atlanta, Georgia, United States",US,USGA,33.749,-84.388,351615,0,,,,,,,3,"Atlanta, Georgia, United States",US,USGA,33.749,-84.388,351615,20161117,http://goldenisles.news/news/state_news/cherokee-county-authorities-find-body-of-missing-woman/article_e0c62f20-062d-5289-bee9-de0a15146ebe.html
599774678,20161117,201611,2016,2016.8685,USA,ATLANTA,USA,,,,,,,,,,,,,,,,,,1,010,010,01,1,0.0,30,5,30,-5.97897996912575,2,"Georgia, United States",US,USGA,32.9866,-83.6487,GA,0,,,,,,,3,"Atlanta, Georgia, United States",US,USGA,33.749,-84.388,351615,20161117,http://goldenisles.news/news/state_news/cherokee-county-authorities-find-body-of-missing-woman/article_e0c62f20-062d-5289-bee9-de0a15146ebe.html
599774741,20161117,201611,2016,2016.8685,USA,UNITED STATES,USA,,,,,,,,,,,,,,,,,,1,040,040,04,1,1.0,4,1,4,-0.63291139240507,3,"Camden County, Georgia, United States",US,USGA,30.9502,-81.6665,1671316,0,,,,,,,3,"Camden County, Georgia, United States",US,USGA,30.9502,-81.6665,1671316,20161117,http://goldenisles.news/news/local_news/environmental-group-s-dirty-dozen-targets-area-projects/article_7f722ed0-fcdf-5d00-9319-c595a5e057c0.html
599775760,20161117,201611,2016,2016.8685,nag,NAGA,,,nag,,,,,,BUS,BUSINESS,,,,,,BUS,,,1,010,010,01,1,0.0,24,4,24,2.15692371475954,4,"Manchester, Manchester, United Kingdom",UK,UKI2,53.5,-2.21667,-2602512,4,"Manchester, Manchester, United Kingdom",UK,UKI2,53.5,-2.21667,-2602512,4,"Manchester, Manchester, United Kingdom",UK,UKI2,53.5,-2.21667,-2602512,20161117,http://www.goldcoastbulletin.com.au/entertainment/television/british-presenter-goes-into-labour-on-live-tv-with-a-fellow-newsreader-as-her-birthing-partner/news-story/2699762c494047129af9b4b8185dca19?nk=1cc44deb3adfbfc737c982b173fedc2c-1479341835
599775761,20161117,201611,2016,2016.8685,nag,NAGA,,,nag,,,,,,GBR,UNITED KINGDOM,GBR,,,,,,,,1,010,010,01,1,0.0,8,4,8,2.15692371475954,4,"Manchester, Manchester, United Kingdom",UK,UKI2,53.5,-2.21667,-2602512,4,"Manchester, Manchester, United Kingdom",UK,UKI2,53.5,-2.21667,-2602512,4,"Manchester, Manchester, United Kingdom",UK,UKI2,53.5,-2.21667,-2602512,20161117,http://www.goldcoastbulletin.com.au/entertainment/television/british-presenter-goes-into-labour-on-live-tv-with-a-fellow-newsreader-as-her-birthing-partner/news-story/2699762c494047129af9b4b8185dca19?nk=1cc44deb3adfbfc737c982b173fedc2c-1479341835
599778753,20161117,201611,2016,2016.8685,COP,POLICE,,,,,,COP,,,CVL,VILLAGE,,,,,,CVL,,,1,173,173,17,4,-5.0,100,9,100,-7.75035756365573,0,,,,,,,0,,,,,,,0,,,,,,,20161117,http://www.thehindu.com/news/national/andhra-pradesh/auto-driver-arrested-gold-chain-recovered/article9354752.ece
599783910,20161116,201611,2016,2016.8658,COP,POLICE,,,,,,COP,,,,,,,,,,,,,1,172,172,17,4,-5.0,10,2,10,0.340136054421765,4,"Sylhet, Sylhet, Bangladesh",BG,BG86,24.8967,91.8717,-2737987,0,,,,,,,4,"Sylhet, Sylhet, Bangladesh",BG,BG86,24.8967,91.8717,-2737987,20161117,http://www.thedailystar.net/city/9kg-gold-seized-sylhet-airport-1315933
599783911,20161116,201611,2016,2016.8658,COP,POLICE,,,,,,COP,,,BGDBUS,BANGLADESH,BGD,,,,,BUS,,,1,172,172,17,4,-5.0,3,1,3,0.68027210884353,4,"Sylhet, Sylhet, Bangladesh",BG,BG86,24.8967,91.8717,-2737987,4,"Sylhet, Sylhet, Bangladesh",BG,BG86,24.8967,91.8717,-2737987,4,"Sylhet, Sylhet, Bangladesh",BG,BG86,24.8967,91.8717,-2737987,20161117,http://www.thedailystar.net/city/9kg-gold-seized-sylhet-airport-1315933
599784820,20161117,201611,2016,2016.8685,CVL,RESIDENTS,,,,,,CVL,,,,,,,,,,,,,1,120,120,12,3,-4.0,18,3,18,0.557171981761553,3,"Trump Plaza, New York, United States",US,USNY,40.9125,-73.7817,2703494,0,,,,,,,3,"Trump Plaza, New York, United States",US,USNY,40.9125,-73.7817,2703494,20161117,http://www.wandtv.com/story/33727522/workers-pry-gold-trump-place-name-off-apartment-buildings
599784859,20161117,201611,2016,2016.8685,CVL,RESIDENTS,,,,,,CVL,,,USA,UNITED STATES,USA,,,,,,,,1,120,120,12,3,-4.0,12,3,12,0.557171981761553,3,"Trump Plaza, New York, United States",US,USNY,40.9125,-73.7817,2703494,3,"Trump Plaza, New York, United States",US,USNY,40.9125,-73.7817,2703494,3,"Trump Plaza, New York, United States",US,USNY,40.9125,-73.7817,2703494,20161117,http://www.wandtv.com/story/33727522/workers-pry-gold-trump-place-name-off-apartment-buildings
599786407,20161117,201611,2016,2016.8685,USA,UNITED STATES,USA,,,,,,,,,,,,,,,,,,1,040,040,04,1,1.0,86,17,82,-1.09307914831045,3,"Hollywood, California, United States",US,USCA,34.0983,-118.327,1660757,0,,,,,,,3,"Hollywood, California, United States",US,USCA,34.0983,-118.327,1660757,20161117,http://www.goldderby.com/article/2016/tom-hanks-saturday-night-live-guest-host-emmy-snl/
599787414,20161117,201611,2016,2016.8685,,,,,,,,,,,USA,UNITED STATES,USA,,,,,,,,1,040,040,04,1,1.0,4,1,4,-3.487358326068,0,,,,,,,1,Cuba,CU,CU,21.5,-80,CU,1,Cuba,CU,CU,21.5,-80,CU,20161117,http://www.goldcoastbulletin.com.au/news/world/trump-obama-differ-on-plans-for-guantanamo-bay-cuba/news-story/6cf7eaed15943058b6beb207111b01b7?nk=2c2bfe58b0b0a3ed668eae44f9fe6c80-1479344567
599787549,20161117,201611,2016,2016.8685,AUS,PERTH,AUS,,,,,,,,,,,,,,,,,,1,010,010,01,1,0.0,57,12,53,-1.11059815819111,4,"Perth, Western Australia, Australia",AS,AS08,-31.9333,115.833,-1594675,0,,,,,,,4,"Perth, Western Australia, Australia",AS,AS08,-31.9333,115.833,-1594675,20161117,http://www.perthnow.com.au/realestate/news/perth-wa/gold-skyscraper-planned-for-site-at-perths-historic-st-andrews-church/news-story/069bc315b74a5af7baf17794b56f5e2e
599787552,20161117,201611,2016,2016.8685,AUS,PERTH,AUS,,,,,,,,,,,,,,,,,,1,014,014,01,1,0.0,30,7,30,-1.03570229408619,4,"Perth, Western Australia, Australia",AS,AS08,-31.9333,115.833,-1594675,0,,,,,,,4,"Perth, Western Australia, Australia",AS,AS08,-31.9333,115.833,-1594675,20161117,http://www.perthnow.com.au/realestate/news/perth-wa/gold-skyscraper-planned-for-site-at-perths-historic-st-andrews-church/news-story/069bc315b74a5af7baf17794b56f5e2e
599787592,20161117,201611,2016,2016.8685,AUSGOV,AUSTRALIA,AUS,,,,,GOV,,,,,,,,,,,,,1,030,030,03,1,4.0,1,1,1,1.29032258064516,4,"Perth, Western Australia, Australia",AS,AS08,-31.9333,115.833,-1594675,0,,,,,,,4,"Perth, Western Australia, Australia",AS,AS08,-31.9333,115.833,-1594675,20161117,http://www.perthnow.com.au/realestate/news/perth-wa/gold-skyscraper-planned-for-site-at-perths-historic-st-andrews-church/news-story/069bc315b74a5af7baf17794b56f5e2e
599788509,20161117,201611,2016,2016.8685,GOV,GOVERNOR,,,,,,GOV,,,,,,,,,,,,,1,030,030,03,1,4.0,3,1,3,1.29032258064516,4,"Perth, Western Australia, Australia",AS,AS08,-31.9333,115.833,-1594675,0,,,,,,,4,"Perth, Western Australia, Australia",AS,AS08,-31.9333,115.833,-1594675,20161117,http://www.perthnow.com.au/realestate/news/perth-wa/gold-skyscraper-planned-for-site-at-perths-historic-st-andrews-church/news-story/069bc315b74a5af7baf17794b56f5e2e
599788547,20161117,201611,2016,2016.8685,GOV,GOVERNOR,,,,,,GOV,,,AUS,AUSTRALIA,AUS,,,,,,,,1,030,030,03,1,4.0,1,1,1,1.29032258064516,4,"Perth, Western Australia, Australia",AS,AS08,-31.9333,115.833,-1594675,4,"Perth, Western Australia, Australia",AS,AS08,-31.9333,115.833,-1594675,4,"Perth, Western Australia, Australia",AS,AS08,-31.9333,115.833,-1594675,20161117,http://www.perthnow.com.au/realestate/news/perth-wa/gold-skyscraper-planned-for-site-at-perths-historic-st-andrews-church/news-story/069bc315b74a5af7baf17794b56f5e2e
599789160,20161117,201611,2016,2016.8685,MIL,MILITARY,,,,,,MIL,,,CVL,POPULATION,,,,,,CVL,,,0,154,154,15,4,-7.2,24,3,24,-3.60615688195544,1,Cuba,CU,CU,21.5,-80,CU,1,Cuba,CU,CU,21.5,-80,CU,1,Cuba,CU,CU,21.5,-80,CU,20161117,http://www.goldcoastbulletin.com.au/news/world/trump-obama-differ-on-plans-for-guantanamo-bay-cuba/news-story/6cf7eaed15943058b6beb207111b01b7?nk=2c2bfe58b0b0a3ed668eae44f9fe6c80-1479344567
599789299,20161117,201611,2016,2016.8685,OPP,DETAINEE,,,,,,OPP,,,,,,,,,,,,,0,010,010,01,1,0.0,6,2,6,-3.5212078889393,3,"Miami, Florida, United States",US,USFL,25.7743,-80.1937,295004,0,,,,,,,3,"Miami, Florida, United States",US,USFL,25.7743,-80.1937,295004,20161117,http://www.goldcoastbulletin.com.au/news/world/trump-obama-differ-on-plans-for-guantanamo-bay-cuba/news-story/6cf7eaed15943058b6beb207111b01b7?nk=2c2bfe58b0b0a3ed668eae44f9fe6c80-1479344567
599789300,20161117,201611,2016,2016.8685,OPP,DETAINEE,,,,,,OPP,,,,,,,,,,,,,0,010,010,01,1,0.0,12,3,12,-3.60615688195544,1,Iraq,IZ,IZ,33,44,IZ,0,,,,,,,1,Iraq,IZ,IZ,33,44,IZ,20161117,http://www.goldcoastbulletin.com.au/news/world/trump-obama-differ-on-plans-for-guantanamo-bay-cuba/news-story/6cf7eaed15943058b6beb207111b01b7?nk=2c2bfe58b0b0a3ed668eae44f9fe6c80-1479344567
599789314,20161117,201611,2016,2016.8685,OPP,DETAINEE,,,,,,OPP,,,CUB,CUBA,CUB,,,,,,,,0,172,172,17,4,-5.0,40,3,40,-3.60615688195544,1,Cuba,CU,CU,21.5,-80,CU,1,Cuba,CU,CU,21.5,-80,CU,1,Cuba,CU,CU,21.5,-80,CU,20161117,http://www.goldcoastbulletin.com.au/news/world/trump-obama-differ-on-plans-for-guantanamo-bay-cuba/news-story/6cf7eaed15943058b6beb207111b01b7?nk=2c2bfe58b0b0a3ed668eae44f9fe6c80-1479344567
599789328,20161117,201611,2016,2016.8685,OPP,DETAINEE,,,,,,OPP,,,MOS,ISLAMIC,,,,MOS,,,,,0,173,173,17,4,-5.0,40,3,40,-3.60615688195544,1,Iraq,IZ,IZ,33,44,IZ,1,Iraq,IZ,IZ,33,44,IZ,1,Iraq,IZ,IZ,33,44,IZ,20161117,http://www.goldcoastbulletin.com.au/news/world/trump-obama-differ-on-plans-for-guantanamo-bay-cuba/news-story/6cf7eaed15943058b6beb207111b01b7?nk=2c2bfe58b0b0a3ed668eae44f9fe6c80-1479344567
599789910,20161117,201611,2016,2016.8685,USA,UNITED STATES,USA,,,,,,,,CVL,POPULATION,,,,,,CVL,,,0,154,154,15,4,-7.2,12,2,12,-3.5212078889393,3,"Miami, Florida, United States",US,USFL,25.7743,-80.1937,295004,3,"Miami, Florida, United States",US,USFL,25.7743,-80.1937,295004,3,"Miami, Florida, United States",US,USFL,25.7743,-80.1937,295004,20161117,http://www.goldcoastbulletin.com.au/news/world/trump-obama-differ-on-plans-for-guantanamo-bay-cuba/news-story/6cf7eaed15943058b6beb207111b01b7?nk=2c2bfe58b0b0a3ed668eae44f9fe6c80-1479344567
599790242,20161117,201611,2016,2016.8685,USAGOV,OBAMA,USA,,,,,GOV,,,USA,AMERICAN,USA,,,,,,,,1,051,051,05,1,3.4,27,4,27,-2.03126696897898,3,"Miami, Florida, United States",US,USFL,25.7743,-80.1937,295004,3,"Miami, Florida, United States",US,USFL,25.7743,-80.1937,295004,3,"Miami, Florida, United States",US,USFL,25.7743,-80.1937,295004,20161117,http://www.goldcoastbulletin.com.au/news/world/trump-obama-differ-on-plans-for-guantanamo-bay-cuba/news-story/6cf7eaed15943058b6beb207111b01b7?nk=2c2bfe58b0b0a3ed668eae44f9fe6c80-1479344567
599790243,20161117,201611,2016,2016.8685,USAGOV,OBAMA,USA,,,,,GOV,,,USA,AMERICAN,USA,,,,,,,,1,051,051,05,1,3.4,13,2,13,-3.61190683771329,1,Cuba,CU,CU,21.5,-80,CU,1,Cuba,CU,CU,21.5,-80,CU,1,Cuba,CU,CU,21.5,-80,CU,20161117,http://www.goldcoastbulletin.com.au/news/world/trump-obama-differ-on-plans-for-guantanamo-bay-cuba/news-story/6cf7eaed15943058b6beb207111b01b7?nk=2c2bfe58b0b0a3ed668eae44f9fe6c80-1479344567
599791832,20161117,201611,2016,2016.8685,,,,,,,,,,,AUS,AUSTRALIA,AUS,,,,,,,,0,040,040,04,1,1.0,4,1,4,-2.11382113821138,0,,,,,,,4,"Adelaide, South Australia, Australia",AS,AS05,-34.9333,138.6,-1555188,4,"Adelaide, South Australia, Australia",AS,AS05,-34.9333,138.6,-1555188,20161117,http://www.goldcoastbulletin.com.au/news/national/the-old-adelaide-church-thats-keeping-up-with-the-peregrines-owners-of-on-the-run-petrol-chain/news-story/eafdfcac27fb2d8ad5c11679cf0fcb43?nk=ea4f18ab2c34fef60ec6d31884aa4caa-1479345464
599791960,20161117,201611,2016,2016.8685,,,,,,,,,,,GOV,ADMINISTRATION,,,,,,GOV,,,1,030,030,03,1,4.0,6,1,6,-3.37601862630966,0,,,,,,,1,New Zealand,NZ,NZ,-41,174,NZ,1,New Zealand,NZ,NZ,-41,174,NZ,20161117,http://www.goldcoastbulletin.com.au/donald-trump-slams-new-york-times-in-new-tweets/news-story/6e9cf8d1f74769c2940e1cb5ae61cca5?nk=07c21d916b7fc7b50ae8f1c3f3c10185-1479345423
599791974,20161117,201611,2016,2016.8685,,,,,,,,,,,GOV,GOVERNOR,,,,,,GOV,,,0,173,173,17,4,-5.0,30,5,30,-3.21479077211902,0,,,,,,,1,Jersey,JE,JE,49.1961,-2.12585,JE,2,"New York, United States",US,USNY,42.1497,-74.9384,NY,20161117,http://www.goldcoastbulletin.com.au/donald-trump-slams-new-york-times-in-new-tweets/news-story/6e9cf8d1f74769c2940e1cb5ae61cca5?nk=07c21d916b7fc7b50ae8f1c3f3c10185-1479345423
599792022,20161117,201611,2016,2016.8685,,,,,,,,,,,MED,WEBSITE,,,,,,MED,,,0,036,036,03,1,4.0,6,1,6,-3.37601862630966,0,,,,,,,1,New Zealand,NZ,NZ,-41,174,NZ,1,New Zealand,NZ,NZ,-41,174,NZ,20161117,http://www.goldcoastbulletin.com.au/donald-trump-slams-new-york-times-in-new-tweets/news-story/6e9cf8d1f74769c2940e1cb5ae61cca5?nk=07c21d916b7fc7b50ae8f1c3f3c10185-1479345423
599792124,20161117,201611,2016,2016.8685,,,,,,,,,,,USA,JERSEY,USA,,,,,,,,1,173,173,17,4,-5.0,62,14,55,-5.41677012882648,0,,,,,,,1,Jersey,JE,JE,49.1961,-2.12585,JE,1,Jersey,JE,JE,49.1961,-2.12585,JE,20161117,http://www.goldcoastbulletin.com.au/donald-trump-slams-new-york-times-in-new-tweets/news-story/6e9cf8d1f74769c2940e1cb5ae61cca5?nk=07c21d916b7fc7b50ae8f1c3f3c10185-1479345423
599792142,20161117,201611,2016,2016.8685,,,,,,,,,,,USAGOV,UNITED STATES,USA,,,,,GOV,,,1,030,030,03,1,4.0,4,1,4,-3.37601862630966,0,,,,,,,1,New Zealand,NZ,NZ,-41,174,NZ,1,New Zealand,NZ,NZ,-41,174,NZ,20161117,http://www.goldcoastbulletin.com.au/donald-trump-slams-new-york-times-in-new-tweets/news-story/6e9cf8d1f74769c2940e1cb5ae61cca5?nk=07c21d916b7fc7b50ae8f1c3f3c10185-1479345423
599792146,20161117,201611,2016,2016.8685,,,,,,,,,,,USAGOV,HILLARY CLINTON,USA,,,,,GOV,,,0,100,100,10,3,-5.0,21,5,21,-3.21479077211902,0,,,,,,,1,New Zealand,NZ,NZ,-41,174,NZ,1,New Zealand,NZ,NZ,-41,174,NZ,20161117,http://www.goldcoastbulletin.com.au/donald-trump-slams-new-york-times-in-new-tweets/news-story/6e9cf8d1f74769c2940e1cb5ae61cca5?nk=07c21d916b7fc7b50ae8f1c3f3c10185-1479345423
599792183,20161117,201611,2016,2016.8685,AUS,AUSTRALIA,AUS,,,,,,,,,,,,,,,,,,1,010,010,01,1,0.0,16,3,12,-1.12482175199945,4,"Adelaide, South Australia, Australia",AS,AS05,-34.9333,138.6,-1555188,0,,,,,,,4,"Adelaide, South Australia, Australia",AS,AS05,-34.9333,138.6,-1555188,20161117,http://www.goldcoastbulletin.com.au/news/national/the-old-adelaide-church-thats-keeping-up-with-the-peregrines-owners-of-on-the-run-petrol-chain/news-story/eafdfcac27fb2d8ad5c11679cf0fcb43?nk=ea4f18ab2c34fef60ec6d31884aa4caa-1479345464
599792187,20161117,201611,2016,2016.8685,AUS,AUSTRALIA,AUS,,,,,,,,,,,,,,,,,,1,020,020,02,1,3.0,4,1,4,1.26262626262626,4,"Townsville, Queensland, Australia",AS,AS04,-19.2664,146.806,-1605526,0,,,,,,,4,"Townsville, Queensland, Australia",AS,AS04,-19.2664,146.806,-1605526,20161117,http://www.goldcoastbulletin.com.au/news/gold-coast/gold-coast-lawyer-and-developer-tony-hickey-claims-city-dealmakers-are-doing-it-tough/news-story/b12a013f91fa2383c5258c82d2fd830f?nk=5795a3ab378bcd7add8aa7e91500fc78-1479345417
599792189,20161117,201611,2016,2016.8685,AUS,AUSTRALIA,AUS,,,,,,,,,,,,,,,,,,0,040,040,04,1,1.0,12,2,12,-1.85583676872875,4,"Adelaide, South Australia, Australia",AS,AS05,-34.9333,138.6,-1555188,0,,,,,,,4,"Adelaide, South Australia, Australia",AS,AS05,-34.9333,138.6,-1555188,20161117,http://www.goldcoastbulletin.com.au/news/national/the-old-adelaide-church-thats-keeping-up-with-the-peregrines-owners-of-on-the-run-petrol-chain/news-story/eafdfcac27fb2d8ad5c11679cf0fcb43?nk=ea4f18ab2c34fef60ec6d31884aa4caa-1479345464
599792219,20161117,201611,2016,2016.8685,AUSCOP,QUEENSLAND,AUS,,,,,COP,,,,,,,,,,,,,1,051,051,05,1,3.4,55,4,55,-2.22121712975371,0,,,,,,,0,,,,,,,0,,,,,,,20161117,http://www.goldcoastbulletin.com.au/news/national/cop-praised-over-drivers-nineminute-rant/news-story/5d307b29c2e1979c64b9f1f36e6b6be4?nk=f97b13a9971d5b7ad74a5d745df31ae0-1479345456
599792220,20161117,201611,2016,2016.8685,AUSCOP,QUEENSLAND,AUS,,,,,COP,,,,,,,,,,,,,1,120,120,12,3,-4.0,20,1,20,-1.21951219512195,0,,,,,,,0,,,,,,,0,,,,,,,20161117,http://www.goldcoastbulletin.com.au/news/national/cop-praised-over-drivers-nineminute-rant/news-story/5d307b29c2e1979c64b9f1f36e6b6be4?nk=f97b13a9971d5b7ad74a5d745df31ae0-1479345456
599792222,20161117,201611,2016,2016.8685,AUSCOP,QUEENSLAND,AUS,,,,,COP,,,AUS,QUEENSLAND,AUS,,,,,,,,1,051,051,05,1,3.4,20,1,20,-1.21951219512195,0,,,,,,,0,,,,,,,0,,,,,,,20161117,http://www.goldcoastbulletin.com.au/news/national/cop-praised-over-drivers-nineminute-rant/news-story/5d307b29c2e1979c64b9f1f36e6b6be4?nk=f97b13a9971d5b7ad74a5d745df31ae0-1479345456
599792334,20161117,201611,2016,2016.8685,BUS,BANK,,,,,,BUS,,,,,,,,,,,,,1,071,071,07,2,7.4,5,1,5,1.26262626262626,4,"Chevron Island, Queensland, Australia",AS,AS04,-27.9969,153.42,11381877,0,,,,,,,4,"Chevron Island, Queensland, Australia",AS,AS04,-27.9969,153.42,11381877,20161117,http://www.goldcoastbulletin.com.au/news/gold-coast/gold-coast-lawyer-and-developer-tony-hickey-claims-city-dealmakers-are-doing-it-tough/news-story/b12a013f91fa2383c5258c82d2fd830f?nk=5795a3ab378bcd7add8aa7e91500fc78-1479345417
599792817,20161117,201611,2016,2016.8685,CVL,COMMUNITY,,,,,,CVL,,,TUR,TURKEY,TUR,,,,,,,,1,042,042,04,1,1.9,18,2,18,-2.02547770700637,1,Turkey,TU,TU,39,35,TU,1,Turkey,TU,TU,39,35,TU,1,Turkey,TU,TU,39,35,TU,20161117,http://www.kerngoldenempire.com/news/the-mission-asking-for-thanksgiving-turkey-donations-this-saturday
599792818,20161117,201611,2016,2016.8685,CVL,RESIDENTS,,,,,,CVL,,,TUR,TURKEY,TUR,,,,,,,,1,070,070,07,2,7.0,14,2,14,2.03591160220995,1,Turkey,TU,TU,39,35,TU,1,Turkey,TU,TU,39,35,TU,1,Turkey,TU,TU,39,35,TU,20161117,http://www.kerngoldenempire.com/news/the-mission-asking-for-thanksgiving-turkey-donations-this-saturday
599793680,20161117,201611,2016,2016.8685,IRL,WATERFORD,IRL,,,,,,,,,,,,,,,,,,1,1723,172,17,4,-5.0,60,3,60,-9.62962962962966,4,"Brisbane, Queensland, Australia",AS,AS04,-27.5,153.017,-1561728,0,,,,,,,4,"Brisbane, Queensland, Australia",AS,AS04,-27.5,153.017,-1561728,20161117,http://www.goldcoastbulletin.com.au/news/national/brisbane-traffic-crash-causing-delays-near-airport/news-story/f30e115dd495e2719887c22d608e1e7e?nk=8a61ff3c01e98522fb3097a7a9585b08-1479345425
599793986,20161117,201611,2016,2016.8685,LEG,SENATOR,,,,,,LEG,,,NZL,NEW ZEALAND,NZL,,,,,,,,0,111,111,11,3,-2.0,7,5,7,-3.21479077211902,1,New Zealand,NZ,NZ,-41,174,NZ,1,New Zealand,NZ,NZ,-41,174,NZ,1,New Zealand,NZ,NZ,-41,174,NZ,20161117,http://www.goldcoastbulletin.com.au/donald-trump-slams-new-york-times-in-new-tweets/news-story/6e9cf8d1f74769c2940e1cb5ae61cca5?nk=07c21d916b7fc7b50ae8f1c3f3c10185-1479345423
599793998,20161117,201611,2016,2016.8685,LEG,SENATOR,,,,,,LEG,,,USAGOV,HILLARY CLINTON,USA,,,,,GOV,,,0,100,100,10,3,-5.0,28,5,28,-3.21479077211902,1,New Zealand,NZ,NZ,-41,174,NZ,1,New Zealand,NZ,NZ,-41,174,NZ,1,New Zealand,NZ,NZ,-41,174,NZ,20161117,http://www.goldcoastbulletin.com.au/donald-trump-slams-new-york-times-in-new-tweets/news-story/6e9cf8d1f74769c2940e1cb5ae61cca5?nk=07c21d916b7fc7b50ae8f1c3f3c10185-1479345423
599793999,20161117,201611,2016,2016.8685,LEG,SENATOR,,,,,,LEG,,,USAGOV,HILLARY CLINTON,USA,,,,,GOV,,,0,111,111,11,3,-2.0,21,5,21,-3.21479077211902,1,New Zealand,NZ,NZ,-41,174,NZ,1,New Zealand,NZ,NZ,-41,174,NZ,1,New Zealand,NZ,NZ,-41,174,NZ,20161117,http://www.goldcoastbulletin.com.au/donald-trump-slams-new-york-times-in-new-tweets/news-story/6e9cf8d1f74769c2940e1cb5ae61cca5?nk=07c21d916b7fc7b50ae8f1c3f3c10185-1479345423
599794026,20161117,201611,2016,2016.8685,MED,WEBSITE,,,,,,MED,,,,,,,,,,,,,0,036,036,03,1,4.0,78,5,78,-3.20238862948897,1,New Zealand,NZ,NZ,-41,174,NZ,0,,,,,,,1,New Zealand,NZ,NZ,-41,174,NZ,20161117,http://www.goldcoastbulletin.com.au/donald-trump-slams-new-york-times-in-new-tweets/news-story/6e9cf8d1f74769c2940e1cb5ae61cca5?nk=07c21d916b7fc7b50ae8f1c3f3c10185-1479345423
599794057,20161117,201611,2016,2016.8685,MED,WEBSITE,,,,,,MED,,,NZL,NEW ZEALAND,NZL,,,,,,,,0,036,036,03,1,4.0,28,5,28,-3.21479077211902,2,"New York, United States",US,USNY,42.1497,-74.9384,NY,1,New Zealand,NZ,NZ,-41,174,NZ,2,"New York, United States",US,USNY,42.1497,-74.9384,NY,20161117,http://www.goldcoastbulletin.com.au/donald-trump-slams-new-york-times-in-new-tweets/news-story/6e9cf8d1f74769c2940e1cb5ae61cca5?nk=07c21d916b7fc7b50ae8f1c3f3c10185-1479345423
599794158,20161117,201611,2016,2016.8685,MNC,CHEVRON,,,,,,MNC,,,,,,,,,,,,,1,020,020,02,1,3.0,2,1,2,1.26262626262626,4,"Townsville, Queensland, Australia",AS,AS04,-19.2664,146.806,-1605526,0,,,,,,,4,"Townsville, Queensland, Australia",AS,AS04,-19.2664,146.806,-1605526,20161117,http://www.goldcoastbulletin.com.au/news/gold-coast/gold-coast-lawyer-and-developer-tony-hickey-claims-city-dealmakers-are-doing-it-tough/news-story/b12a013f91fa2383c5258c82d2fd830f?nk=5795a3ab378bcd7add8aa7e91500fc78-1479345417
599794159,20161117,201611,2016,2016.8685,MNC,CHEVRON,,,,,,MNC,,,AUS,AUSTRALIA,AUS,,,,,,,,1,020,020,02,1,3.0,4,1,4,1.26262626262626,4,"Townsville, Queensland, Australia",AS,AS04,-19.2664,146.806,-1605526,4,"Townsville, Queensland, Australia",AS,AS04,-19.2664,146.806,-1605526,4,"Townsville, Queensland, Australia",AS,AS04,-19.2664,146.806,-1605526,20161117,http://www.goldcoastbulletin.com.au/news/gold-coast/gold-coast-lawyer-and-developer-tony-hickey-claims-city-dealmakers-are-doing-it-tough/news-story/b12a013f91fa2383c5258c82d2fd830f?nk=5795a3ab378bcd7add8aa7e91500fc78-1479345417
599794283,20161117,201611,2016,2016.8685,NZL,NEW ZEALAND,NZL,,,,,,,,MED,WEBSITE,,,,,,MED,,,0,036,036,03,1,4.0,28,5,28,-3.21479077211902,1,New Zealand,NZ,NZ,-41,174,NZ,2,"New York, United States",US,USNY,42.1497,-74.9384,NY,2,"New York, United States",US,USNY,42.1497,-74.9384,NY,20161117,http://www.goldcoastbulletin.com.au/donald-trump-slams-new-york-times-in-new-tweets/news-story/6e9cf8d1f74769c2940e1cb5ae61cca5?nk=07c21d916b7fc7b50ae8f1c3f3c10185-1479345423
599794289,20161117,201611,2016,2016.8685,NZL,NEW ZEALAND,NZL,,,,,,,,USAGOV,HILLARY CLINTON,USA,,,,,GOV,,,0,100,100,10,3,-5.0,14,5,14,-3.21479077211902,1,New Zealand,NZ,NZ,-41,174,NZ,1,New Zealand,NZ,NZ,-41,174,NZ,1,New Zealand,NZ,NZ,-41,174,NZ,20161117,http://www.goldcoastbulletin.com.au/donald-trump-slams-new-york-times-in-new-tweets/news-story/6e9cf8d1f74769c2940e1cb5ae61cca5?nk=07c21d916b7fc7b50ae8f1c3f3c10185-1479345423
599794299,20161117,201611,2016,2016.8685,NZLLEG,NEW ZEALAND,NZL,,,,,LEG,,,NZL,NEW ZEALAND,NZL,,,,,,,,0,111,111,11,3,-2.0,7,5,7,-3.21479077211902,1,New Zealand,NZ,NZ,-41,174,NZ,1,New Zealand,NZ,NZ,-41,174,NZ,1,New Zealand,NZ,NZ,-41,174,NZ,20161117,http://www.goldcoastbulletin.com.au/donald-trump-slams-new-york-times-in-new-tweets/news-story/6e9cf8d1f74769c2940e1cb5ae61cca5?nk=07c21d916b7fc7b50ae8f1c3f3c10185-1479345423
599794300,20161117,201611,2016,2016.8685,NZLLEG,NEW ZEALAND,NZL,,,,,LEG,,,USAGOV,HILLARY CLINTON,USA,,,,,GOV,,,0,100,100,10,3,-5.0,7,5,7,-3.21479077211902,1,New Zealand,NZ,NZ,-41,174,NZ,1,New Zealand,NZ,NZ,-41,174,NZ,1,New Zealand,NZ,NZ,-41,174,NZ,20161117,http://www.goldcoastbulletin.com.au/donald-trump-slams-new-york-times-in-new-tweets/news-story/6e9cf8d1f74769c2940e1cb5ae61cca5?nk=07c21d916b7fc7b50ae8f1c3f3c10185-1479345423
599794593,20161117,201611,2016,2016.8685,TUR,TURKEY,TUR,,,,,,,,CVL,COMMUNITY,,,,,,CVL,,,1,043,043,04,1,2.8,18,2,18,-2.02547770700637,1,Turkey,TU,TU,39,35,TU,1,Turkey,TU,TU,39,35,TU,1,Turkey,TU,TU,39,35,TU,20161117,http://www.kerngoldenempire.com/news/the-mission-asking-for-thanksgiving-turkey-donations-this-saturday
599797871,20151118,201511,2015,2015.8712,USA,UNITED STATES,USA,,,,,,,,MNCUSA,PEPSICO,USA,,,,,MNC,,,1,111,111,11,3,-2.0,4,2,4,-0.418028060734185,3,"Boston, Massachusetts, United States",US,USMA,42.3584,-71.0598,617565,3,"Boston, Massachusetts, United States",US,USMA,42.3584,-71.0598,617565,3,"Boston, Massachusetts, United States",US,USMA,42.3584,-71.0598,617565,20161117,http://www.nytimes.com/2016/11/17/business/dealbook/goldman-sachs-bank-to-the-elite-makes-pitch-to-the-masses.html
599798465,20161117,201611,2016,2016.8685,BUS,BANK,,,,,,BUS,,,USA,UNITED STATES,USA,,,,,,,,1,042,042,04,1,1.9,22,4,22,1.79416005242729,3,"Boston, Massachusetts, United States",US,USMA,42.3584,-71.0598,617565,3,"Boston, Massachusetts, United States",US,USMA,42.3584,-71.0598,617565,3,"Boston, Massachusetts, United States",US,USMA,42.3584,-71.0598,617565,20161117,http://www.nytimes.com/2016/11/17/business/dealbook/goldman-sachs-bank-to-the-elite-makes-pitch-to-the-masses.html
599799856,20161117,201611,2016,2016.8685,MNCUSA,GENERAL ELECTRIC,USA,,,,,MNC,,,BUS,BUSINESS,,,,,,BUS,,,0,192,192,19,4,-9.5,20,2,20,-0.418028060734185,3,"Boston, Massachusetts, United States",US,USMA,42.3584,-71.0598,617565,3,"Boston, Massachusetts, United States",US,USMA,42.3584,-71.0598,617565,3,"Boston, Massachusetts, United States",US,USMA,42.3584,-71.0598,617565,20161117,http://www.nytimes.com/2016/11/17/business/dealbook/goldman-sachs-bank-to-the-elite-makes-pitch-to-the-masses.html
599800527,20161117,201611,2016,2016.8685,USA,UNITED STATES,USA,,,,,,,,BUS,BANK,,,,,,BUS,,,1,043,043,04,1,2.8,22,4,22,-0.469258577624197,3,"Boston, Massachusetts, United States",US,USMA,42.3584,-71.0598,617565,3,"Boston, Massachusetts, United States",US,USMA,42.3584,-71.0598,617565,3,"Boston, Massachusetts, United States",US,USMA,42.3584,-71.0598,617565,20161117,http://www.nytimes.com/2016/11/17/business/dealbook/goldman-sachs-bank-to-the-elite-makes-pitch-to-the-masses.html
599800711,20161117,201611,2016,2016.8685,USA,UNITED STATES,USA,,,,,,,,MNCUSA,PEPSICO,USA,,,,,MNC,,,1,111,111,11,3,-2.0,4,2,4,-0.418028060734185,3,"Boston, Massachusetts, United States",US,USMA,42.3584,-71.0598,617565,3,"Boston, Massachusetts, United States",US,USMA,42.3584,-71.0598,617565,3,"Boston, Massachusetts, United States",US,USMA,42.3584,-71.0598,617565,20161117,http://www.nytimes.com/2016/11/17/business/dealbook/goldman-sachs-bank-to-the-elite-makes-pitch-to-the-masses.html
599802134,20161117,201611,2016,2016.8685,,,,,,,,,,,GOV,AUTHORITIES,,,,,,GOV,,,0,046,046,04,1,7.0,4,1,4,-4.87568614788505,0,,,,,,,1,India,IN,IN,20,77,IN,1,India,IN,IN,20,77,IN,20161117,http://www.silverdoctors.com/gold/gold-news/stunning-scenes-of-panic-as-gold-price-skyrockets-to-2800oz-in-india-after-currency-ban/
599802135,20161117,201611,2016,2016.8685,,,,,,,,,,,GOV,AUTHORITIES,,,,,,GOV,,,0,046,046,04,1,7.0,6,1,6,-4.87568614788505,0,,,,,,,1,Switzerland,SZ,SZ,47,8,SZ,1,Switzerland,SZ,SZ,47,8,SZ,20161117,http://www.silverdoctors.com/gold/gold-news/stunning-scenes-of-panic-as-gold-price-skyrockets-to-2800oz-in-india-after-currency-ban/
599802694,20161117,201611,2016,2016.8685,CVL,CITIZEN,,,,,,CVL,,,,,,,,,,,,,0,013,013,01,1,0.4,20,2,20,-5.00103282118353,1,United Kingdom,UK,UK,54,-2,UK,0,,,,,,,1,United Kingdom,UK,UK,54,-2,UK,20161117,http://www.silverdoctors.com/gold/gold-news/stunning-scenes-of-panic-as-gold-price-skyrockets-to-2800oz-in-india-after-currency-ban/
599802711,20161117,201611,2016,2016.8685,CVL,VILLAGER,,,,,,CVL,,,,,,,,,,,,,0,080,080,08,2,5.0,10,1,10,-4.87568614788505,1,India,IN,IN,20,77,IN,0,,,,,,,1,India,IN,IN,20,77,IN,20161117,http://www.silverdoctors.com/gold/gold-news/stunning-scenes-of-panic-as-gold-price-skyrockets-to-2800oz-in-india-after-currency-ban/
599803051,20161117,201611,2016,2016.8685,GOV,AUTHORITIES,,,,,,GOV,,,,,,,,,,,,,0,046,046,04,1,7.0,172,3,172,0.782024580810996,1,India,IN,IN,20,77,IN,0,,,,,,,1,India,IN,IN,20,77,IN,20161117,http://www.silverdoctors.com/gold/gold-news/stunning-scenes-of-panic-as-gold-price-skyrockets-to-2800oz-in-india-after-currency-ban/
599803052,20161117,201611,2016,2016.8685,GOV,AUTHORITIES,,,,,,GOV,,,,,,,,,,,,,0,046,046,04,1,7.0,18,2,18,-5.04281504561636,1,Switzerland,SZ,SZ,47,8,SZ,0,,,,,,,1,Switzerland,SZ,SZ,47,8,SZ,20161117,http://www.silverdoctors.com/gold/gold-news/stunning-scenes-of-panic-as-gold-price-skyrockets-to-2800oz-in-india-after-currency-ban/
599803061,20161117,201611,2016,2016.8685,GOV,PRIME MINISTER,,,,,,GOV,,,,,,,,,,,,,1,080,080,08,2,5.0,62,6,52,-2.62521616405875,1,India,IN,IN,20,77,IN,0,,,,,,,1,India,IN,IN,20,77,IN,20161117,http://www.silverdoctors.com/gold/gold-news/stunning-scenes-of-panic-as-gold-price-skyrockets-to-2800oz-in-india-after-currency-ban/
599803072,20161117,201611,2016,2016.8685,GOV,PRIME MINISTER,,,,,,GOV,,,,,,,,,,,,,1,172,172,17,4,-5.0,8,1,8,-4.87568614788505,1,Zimbabwe,ZI,ZI,-20,30,ZI,0,,,,,,,1,Zimbabwe,ZI,ZI,-20,30,ZI,20161117,http://www.silverdoctors.com/gold/gold-news/stunning-scenes-of-panic-as-gold-price-skyrockets-to-2800oz-in-india-after-currency-ban/
599803877,20161117,201611,2016,2016.8685,SGP,SINGAPORE,SGP,,,,,,,,,,,,,,,,,,0,020,020,02,1,3.0,2,2,2,-5.00103282118353,1,India,IN,IN,20,77,IN,0,,,,,,,1,Switzerland,SZ,SZ,47,8,SZ,20161117,http://www.silverdoctors.com/gold/gold-news/stunning-scenes-of-panic-as-gold-price-skyrockets-to-2800oz-in-india-after-currency-ban/
599803878,20161117,201611,2016,2016.8685,SGP,SINGAPORE,SGP,,,,,,,,,,,,,,,,,,0,020,020,02,1,3.0,8,2,8,-5.00103282118353,1,Singapore,SN,SN,1.3667,103.8,SN,0,,,,,,,1,Switzerland,SZ,SZ,47,8,SZ,20161117,http://www.silverdoctors.com/gold/gold-news/stunning-scenes-of-panic-as-gold-price-skyrockets-to-2800oz-in-india-after-currency-ban/
599803879,20161117,201611,2016,2016.8685,SGP,SINGAPORE,SGP,,,,,,,,CHE,SWITZERLAND,CHE,,,,,,,,0,020,020,02,1,3.0,2,2,2,-5.00103282118353,1,India,IN,IN,20,77,IN,1,Switzerland,SZ,SZ,47,8,SZ,1,Switzerland,SZ,SZ,47,8,SZ,20161117,http://www.silverdoctors.com/gold/gold-news/stunning-scenes-of-panic-as-gold-price-skyrockets-to-2800oz-in-india-after-currency-ban/
599803880,20161117,201611,2016,2016.8685,SGP,SINGAPORE,SGP,,,,,,,,CHE,SWITZERLAND,CHE,,,,,,,,0,020,020,02,1,3.0,8,2,8,-5.00103282118353,1,Singapore,SN,SN,1.3667,103.8,SN,1,Switzerland,SZ,SZ,47,8,SZ,1,Switzerland,SZ,SZ,47,8,SZ,20161117,http://www.silverdoctors.com/gold/gold-news/stunning-scenes-of-panic-as-gold-price-skyrockets-to-2800oz-in-india-after-currency-ban/
599807402,20161117,201611,2016,2016.8685,MED,MAGAZINE,,,,,,MED,,,USA,MISSOURI,USA,,,,,,,,1,051,051,05,1,3.4,10,1,10,6.28571428571429,2,"Missouri, United States",US,USMO,38.4623,-92.302,MO,2,"Missouri, United States",US,USMO,38.4623,-92.302,MO,2,"Missouri, United States",US,USMO,38.4623,-92.302,MO,20161117,http://www.petage.com/solid-gold-pet-opens-st-louis-headquarters/
599807946,20161117,201611,2016,2016.8685,USA,UNITED STATES,USA,,,,,,,,,,,,,,,,,,1,111,111,11,3,-2.0,18,2,18,2.70899470899471,2,"Missouri, United States",US,USMO,38.4623,-92.302,MO,0,,,,,,,2,"Missouri, United States",US,USMO,38.4623,-92.302,MO,20161117,http://www.petage.com/solid-gold-pet-opens-st-louis-headquarters/
599808388,20161117,201611,2016,2016.8685,don,DONG,,,don,,,,,,VNM,VIETNAM,VNM,,,,,,,,1,120,120,12,3,-4.0,4,1,4,3.33333333333333,4,"Hanoi, Ha N?i, Vietnam, Republic Of",VM,VM44,21.0333,105.85,-3714993,4,"Hanoi, Ha N?i, Vietnam, Republic Of",VM,VM44,21.0333,105.85,-3714993,4,"Hanoi, Ha N?i, Vietnam, Republic Of",VM,VM44,21.0333,105.85,-3714993,20161117,http://www.kitco.com/news/2016-11-16/SNAPSHOT-Vietnam-dong-and-local-gold-rates-Nov-17-0053-GMT.html
599808389,20161117,201611,2016,2016.8685,don,DONG,,,don,,,,,,VNMBUS,VIETNAM,VNM,,,,,BUS,,,1,120,120,12,3,-4.0,8,1,8,2.86427145708582,4,"Hanoi, Ha N?i, Vietnam, Republic Of",VM,VM44,21.0333,105.85,-3714993,4,"Hanoi, Ha N?i, Vietnam, Republic Of",VM,VM44,21.0333,105.85,-3714993,4,"Hanoi, Ha N?i, Vietnam, Republic Of",VM,VM44,21.0333,105.85,-3714993,20161117,http://www.kitco.com/news/2016-11-16/SNAPSHOT-Vietnam-dong-and-local-gold-rates-Nov-17-0053-GMT.html
599816297,20161117,201611,2016,2016.8685,,,,,,,,,,,AUS,ADELAIDE,AUS,,,,,,,,0,042,042,04,1,1.9,2,1,2,8.69565217391304,0,,,,,,,4,"Adelaide, South Australia, Australia",AS,AS05,-34.9333,138.6,-1555188,4,"Alice Springs, Northern Territory, Australia",AS,AS03,-23.6975,133.884,-1555489,20161117,http://www.mygc.com.au/kmart-calls-gold-coast-support-wishing-tree-appeal/
599816298,20161117,201611,2016,2016.8685,,,,,,,,,,,AUS,AUSTRALIA,AUS,,,,,,,,1,042,042,04,1,1.9,10,3,10,0.150966183574877,0,,,,,,,4,"Alice Springs, Northern Territory, Australia",AS,AS03,-23.6975,133.884,-1555489,4,"Alice Springs, Northern Territory, Australia",AS,AS03,-23.6975,133.884,-1555489,20161117,http://www.mygc.com.au/kmart-calls-gold-coast-support-wishing-tree-appeal/
599816299,20161117,201611,2016,2016.8685,,,,,,,,,,,AUS,AUSTRALIA,AUS,,,,,,,,0,042,042,04,1,1.9,1,1,1,8.69565217391304,0,,,,,,,4,"Melbourne, Victoria, Australia",AS,AS07,-37.8167,144.967,-1586844,4,"Alice Springs, Northern Territory, Australia",AS,AS03,-23.6975,133.884,-1555489,20161117,http://www.mygc.com.au/kmart-calls-gold-coast-support-wishing-tree-appeal/
599816357,20161117,201611,2016,2016.8685,,,,,,,,,,,EUR,EUROPE,EUR,,,,,,,,0,061,061,06,2,6.4,8,1,8,-1.55367231638418,0,,,,,,,1,China,CH,CH,35,105,CH,1,China,CH,CH,35,105,CH,20161117,http://www.sidneyherald.com/news/agriculture/holy-grail-for-the-golden-triangle---researchers-seek/article_5faadf74-ac53-11e6-a296-6774936061c7.html
599816358,20161117,201611,2016,2016.8685,,,,,,,,,,,EUR,EUROPE,EUR,,,,,,,,0,061,061,06,2,6.4,2,1,2,-1.55367231638418,0,,,,,,,2,"Montana, United States",US,USMT,46.9048,-110.326,MT,2,"Montana, United States",US,USMT,46.9048,-110.326,MT,20161117,http://www.sidneyherald.com/news/agriculture/holy-grail-for-the-golden-triangle---researchers-seek/article_5faadf74-ac53-11e6-a296-6774936061c7.html
599816365,20161117,201611,2016,2016.8685,,,,,,,,,,,GHA,GHANA,GHA,,,,,,,,1,100,100,10,3,-5.0,6,1,6,8.69565217391304,0,,,,,,,4,"Alice Springs, Northern Territory, Australia",AS,AS03,-23.6975,133.884,-1555489,4,"Alice Springs, Northern Territory, Australia",AS,AS03,-23.6975,133.884,-1555489,20161117,http://www.mygc.com.au/kmart-calls-gold-coast-support-wishing-tree-appeal/
599816579,20161117,201611,2016,2016.8685,AUS,ADELAIDE,AUS,,,,,,,,,,,,,,,,,,0,043,043,04,1,2.8,2,1,2,8.69565217391304,4,"Adelaide, South Australia, Australia",AS,AS05,-34.9333,138.6,-1555188,0,,,,,,,4,"Alice Springs, Northern Territory, Australia",AS,AS03,-23.6975,133.884,-1555489,20161117,http://www.mygc.com.au/kmart-calls-gold-coast-support-wishing-tree-appeal/
599816580,20161117,201611,2016,2016.8685,AUS,AUSTRALIA,AUS,,,,,,,,,,,,,,,,,,1,043,043,04,1,2.8,9,3,9,0.150966183574877,4,"Alice Springs, Northern Territory, Australia",AS,AS03,-23.6975,133.884,-1555489,0,,,,,,,4,"Alice Springs, Northern Territory, Australia",AS,AS03,-23.6975,133.884,-1555489,20161117,http://www.mygc.com.au/kmart-calls-gold-coast-support-wishing-tree-appeal/
599816581,20161117,201611,2016,2016.8685,AUS,AUSTRALIA,AUS,,,,,,,,,,,,,,,,,,0,043,043,04,1,2.8,1,1,1,8.69565217391304,4,"Melbourne, Victoria, Australia",AS,AS07,-37.8167,144.967,-1586844,0,,,,,,,4,"Alice Springs, Northern Territory, Australia",AS,AS03,-23.6975,133.884,-1555489,20161117,http://www.mygc.com.au/kmart-calls-gold-coast-support-wishing-tree-appeal/
599816782,20161117,201611,2016,2016.8685,CHN,CHINESE,CHN,,,,,,,,,,,,,,,,,,1,0874,087,08,2,10.0,33,4,33,-0.996045214948604,1,China,CH,CH,35,105,CH,0,,,,,,,1,China,CH,CH,35,105,CH,20161117,http://www.sidneyherald.com/news/agriculture/holy-grail-for-the-golden-triangle---researchers-seek/article_5faadf74-ac53-11e6-a296-6774936061c7.html
599816783,20161117,201611,2016,2016.8685,CHN,CHINESE,CHN,,,,,,,,,,,,,,,,,,1,0874,087,08,2,10.0,2,1,2,-1.55367231638418,2,"Montana, United States",US,USMT,46.9048,-110.326,MT,0,,,,,,,2,"Montana, United States",US,USMT,46.9048,-110.326,MT,20161117,http://www.sidneyherald.com/news/agriculture/holy-grail-for-the-golden-triangle---researchers-seek/article_5faadf74-ac53-11e6-a296-6774936061c7.html
599817171,20161117,201611,2016,2016.8685,EUR,EUROPE,EUR,,,,,,,,,,,,,,,,,,0,061,061,06,2,6.4,8,1,8,-1.55367231638418,1,China,CH,CH,35,105,CH,0,,,,,,,1,China,CH,CH,35,105,CH,20161117,http://www.sidneyherald.com/news/agriculture/holy-grail-for-the-golden-triangle---researchers-seek/article_5faadf74-ac53-11e6-a296-6774936061c7.html
599817172,20161117,201611,2016,2016.8685,EUR,EUROPE,EUR,,,,,,,,,,,,,,,,,,0,061,061,06,2,6.4,2,1,2,-1.55367231638418,2,"Montana, United States",US,USMT,46.9048,-110.326,MT,0,,,,,,,2,"Montana, United States",US,USMT,46.9048,-110.326,MT,20161117,http://www.sidneyherald.com/news/agriculture/holy-grail-for-the-golden-triangle---researchers-seek/article_5faadf74-ac53-11e6-a296-6774936061c7.html
599819827,20161117,201611,2016,2016.8685,,,,,,,,,,,AUS,PERTH,AUS,,,,,,,,1,043,043,04,1,2.8,20,1,20,1.27675715921462,0,,,,,,,4,"Perth, Western Australia, Australia",AS,AS08,-31.9333,115.833,-1594675,4,"Good Friday, New South Wales, Australia",AS,AS02,-30.8152,152.751,11363699,20161117,http://www.goldseiten.de/artikel/309034--Helix-Resources-Limited-ASX~HLX-Excellent-High-Grade-Gold-Results---Cobar-Gold-Project-NSW.html
599819903,20161117,201611,2016,2016.8685,,,,,,,,,,,ITA,ITALY,ITA,,,,,,,,1,042,042,04,1,1.9,2,1,2,1.91387559808613,0,,,,,,,4,"Italian Riviera, Italy (general), Italy",IT,IT00,44.1667,8.33333,-125289,4,"Italian Riviera, Italy (general), Italy",IT,IT00,44.1667,8.33333,-125289,20161117,https://emagazine.com/restoring-the-local-gold/
599820064,20161117,201611,2016,2016.8685,AUS,AUSTRALIA,AUS,,,,,,,,,,,,,,,,,,1,042,042,04,1,1.9,12,1,12,1.27675715921462,4,"Collerina, New South Wales, Australia",AS,AS02,-29.6833,146.633,-1566385,0,,,,,,,4,"Collerina, New South Wales, Australia",AS,AS02,-29.6833,146.633,-1566385,20161117,http://www.goldseiten.de/artikel/309034--Helix-Resources-Limited-ASX~HLX-Excellent-High-Grade-Gold-Results---Cobar-Gold-Project-NSW.html
599820065,20161117,201611,2016,2016.8685,AUS,PERTH,AUS,,,,,,,,,,,,,,,,,,1,042,042,04,1,1.9,8,1,8,1.27531882970743,4,"Collerina, New South Wales, Australia",AS,AS02,-29.6833,146.633,-1566385,0,,,,,,,1,Chile,CI,CI,-30,-71,CI,20161117,http://www.goldseiten.de/artikel/309034--Helix-Resources-Limited-ASX~HLX-Excellent-High-Grade-Gold-Results---Cobar-Gold-Project-NSW.html
599820871,20161117,201611,2016,2016.8685,ITA,ITALY,ITA,,,,,,,,,,,,,,,,,,1,043,043,04,1,2.8,1,1,1,1.91387559808613,4,"Italian Riviera, Italy (general), Italy",IT,IT00,44.1667,8.33333,-125289,0,,,,,,,4,"Italian Riviera, Italy (general), Italy",IT,IT00,44.1667,8.33333,-125289,20161117,https://emagazine.com/restoring-the-local-gold/
599820872,20161117,201611,2016,2016.8685,ITA,ITALY,ITA,,,,,,,,,,,,,,,,,,1,043,043,04,1,2.8,1,1,1,1.91387559808613,1,Australia,AS,AS,-27,133,AS,0,,,,,,,1,Australia,AS,AS,-27,133,AS,20161117,https://emagazine.com/restoring-the-local-gold/
599823069,20161117,201611,2016,2016.8685,AUS,BRISBANE,AUS,,,,,,,,COP,POLICE,,,,,,COP,,,1,186,186,18,4,-10.0,21,3,21,-7,4,"Brisbane, Queensland, Australia",AS,AS04,-27.5,153.017,-1561728,4,"Sunshine Coast, Queensland, Australia",AS,AS04,-26.5,153,-1602923,4,"Sunshine Coast, Queensland, Australia",AS,AS04,-26.5,153,-1602923,20161117,http://www.goldcoastbulletin.com.au/news/gold-coast/police-have-seized-125-million-of-drugs-in-a-preschoolies-operation-across-the-state/news-story/de57e35d5db4bf319a901751d8c675fa?nk=504fb89e86531a0c97a095121ad3218e-1479352631
599823070,20161117,201611,2016,2016.8685,AUS,AUSTRALIA,AUS,,,,,,,,COP,POLICE,,,,,,COP,,,1,186,186,18,4,-10.0,14,3,14,-7,4,"Sunshine Coast, Queensland, Australia",AS,AS04,-26.5,153,-1602923,4,"Sunshine Coast, Queensland, Australia",AS,AS04,-26.5,153,-1602923,4,"Sunshine Coast, Queensland, Australia",AS,AS04,-26.5,153,-1602923,20161117,http://www.goldcoastbulletin.com.au/news/gold-coast/police-have-seized-125-million-of-drugs-in-a-preschoolies-operation-across-the-state/news-story/de57e35d5db4bf319a901751d8c675fa?nk=504fb89e86531a0c97a095121ad3218e-1479352631
599823326,20161117,201611,2016,2016.8685,COP,POLICE,,,,,,COP,,,AUS,BRISBANE,AUS,,,,,,,,1,090,090,09,2,-2.0,29,7,29,-6.06927175843695,4,"Sunshine Coast, Queensland, Australia",AS,AS04,-26.5,153,-1602923,4,"Brisbane, Queensland, Australia",AS,AS04,-27.5,153.017,-1561728,4,"Sunshine Coast, Queensland, Australia",AS,AS04,-26.5,153,-1602923,20161117,http://www.goldcoastbulletin.com.au/news/gold-coast/police-have-seized-125-million-of-drugs-in-a-preschoolies-operation-across-the-state/news-story/de57e35d5db4bf319a901751d8c675fa?nk=504fb89e86531a0c97a095121ad3218e-1479352631
599823327,20161117,201611,2016,2016.8685,COP,POLICE,,,,,,COP,,,AUS,AUSTRALIA,AUS,,,,,,,,1,090,090,09,2,-2.0,14,3,14,-7,4,"Sunshine Coast, Queensland, Australia",AS,AS04,-26.5,153,-1602923,4,"Sunshine Coast, Queensland, Australia",AS,AS04,-26.5,153,-1602923,4,"Sunshine Coast, Queensland, Australia",AS,AS04,-26.5,153,-1602923,20161117,http://www.goldcoastbulletin.com.au/news/gold-coast/police-have-seized-125-million-of-drugs-in-a-preschoolies-operation-across-the-state/news-story/de57e35d5db4bf319a901751d8c675fa?nk=504fb89e86531a0c97a095121ad3218e-1479352631
599823338,20161117,201611,2016,2016.8685,COP,POLICE,,,,,,COP,,,CRM,TRAFFICKER,,,,,,CRM,,,1,173,173,17,4,-5.0,70,3,70,-7,4,"Wynnum, Queensland, Australia",AS,AS04,-27.45,153.167,-1611178,4,"Wynnum, Queensland, Australia",AS,AS04,-27.45,153.167,-1611178,4,"Wynnum, Queensland, Australia",AS,AS04,-27.45,153.167,-1611178,20161117,http://www.goldcoastbulletin.com.au/news/gold-coast/police-have-seized-125-million-of-drugs-in-a-preschoolies-operation-across-the-state/news-story/de57e35d5db4bf319a901751d8c675fa?nk=504fb89e86531a0c97a095121ad3218e-1479352631
599823349,20161117,201611,2016,2016.8685,COP,POLICE,,,,,,COP,,,GHA,GHANA,GHA,,,,,,,,1,090,090,09,2,-2.0,14,3,14,-7,4,"Sunshine Coast, Queensland, Australia",AS,AS04,-26.5,153,-1602923,5,"Central Region, Central, Ghana",GH,GH04,5.5,-1,-2071697,4,"Sunshine Coast, Queensland, Australia",AS,AS04,-26.5,153,-1602923,20161117,http://www.goldcoastbulletin.com.au/news/gold-coast/police-have-seized-125-million-of-drugs-in-a-preschoolies-operation-across-the-state/news-story/de57e35d5db4bf319a901751d8c675fa?nk=504fb89e86531a0c97a095121ad3218e-1479352631
599823670,20161117,201611,2016,2016.8685,GBR,UNITED KINGDOM,GBR,,,,,,,,USA,UNITED STATES,USA,,,,,,,,0,071,071,07,2,7.4,2,1,2,0.33821871476888,4,"London, London, City of, United Kingdom",UK,UKH9,51.5,-0.116667,-2601889,2,"New York, United States",US,USNY,42.1497,-74.9384,NY,4,"London, London, City of, United Kingdom",UK,UKH9,51.5,-0.116667,-2601889,20161117,http://news.efinancialcareers.com/ca-en/265605/what-did-steve-mnuchin-do-at-goldman-sachs/
599823677,20161117,201611,2016,2016.8685,GHA,GHANA,GHA,,,,,,,,COP,POLICE,,,,,,COP,,,1,186,186,18,4,-10.0,14,3,14,-7,5,"Central Region, Central, Ghana",GH,GH04,5.5,-1,-2071697,4,"Sunshine Coast, Queensland, Australia",AS,AS04,-26.5,153,-1602923,4,"Sunshine Coast, Queensland, Australia",AS,AS04,-26.5,153,-1602923,20161117,http://www.goldcoastbulletin.com.au/news/gold-coast/police-have-seized-125-million-of-drugs-in-a-preschoolies-operation-across-the-state/news-story/de57e35d5db4bf319a901751d8c675fa?nk=504fb89e86531a0c97a095121ad3218e-1479352631
599823950,20161117,201611,2016,2016.8685,IRL,IRELAND,IRL,,,,,,,,MNCDEU,DEUTSCHE BANK,DEU,,,,,MNC,,,0,040,040,04,1,1.0,2,1,2,0.33821871476888,4,"Dublin, Dublin, Ireland",EI,EI07,53.3331,-6.24889,-1502554,4,"Dublin, Dublin, Ireland",EI,EI07,53.3331,-6.24889,-1502554,4,"Dublin, Dublin, Ireland",EI,EI07,53.3331,-6.24889,-1502554,20161117,http://news.efinancialcareers.com/ca-en/265605/what-did-steve-mnuchin-do-at-goldman-sachs/
599823951,20161117,201611,2016,2016.8685,IRL,IRELAND,IRL,,,,,,,,MNCDEU,DEUTSCHE BANK,DEU,,,,,MNC,,,0,040,040,04,1,1.0,2,1,2,0.33821871476888,4,"Dublin, Dublin, Ireland",EI,EI07,53.3331,-6.24889,-1502554,4,"London, London, City of, United Kingdom",UK,UKH9,51.5,-0.116667,-2601889,4,"Dublin, Dublin, Ireland",EI,EI07,53.3331,-6.24889,-1502554,20161117,http://news.efinancialcareers.com/ca-en/265605/what-did-steve-mnuchin-do-at-goldman-sachs/
599823986,20161117,201611,2016,2016.8685,ITA,ITALIAN,ITA,,,,,,,,,,,,,,,,,,1,1043,104,10,3,-5.0,20,2,20,-0.65226024223973,4,"Killiney, County Dun Laoghaire-Rathdown, Ireland",EI,EI34,53.2522,-6.1125,-1503807,0,,,,,,,4,"Killiney, County Dun Laoghaire-Rathdown, Ireland",EI,EI34,53.2522,-6.1125,-1503807,20161117,http://www.independent.ie/irish-news/courts/designer-with-history-of-claims-im-no-gold-digger-35222541.html
599824269,20161117,201611,2016,2016.8685,MNCDEU,DEUTSCHE BANK,DEU,,,,,MNC,,,IRL,IRELAND,IRL,,,,,,,,0,040,040,04,1,1.0,2,1,2,0.33821871476888,4,"Dublin, Dublin, Ireland",EI,EI07,53.3331,-6.24889,-1502554,4,"Dublin, Dublin, Ireland",EI,EI07,53.3331,-6.24889,-1502554,4,"Dublin, Dublin, Ireland",EI,EI07,53.3331,-6.24889,-1502554,20161117,http://news.efinancialcareers.com/ca-en/265605/what-did-steve-mnuchin-do-at-goldman-sachs/
599824270,20161117,201611,2016,2016.8685,MNCDEU,DEUTSCHE BANK,DEU,,,,,MNC,,,IRL,IRELAND,IRL,,,,,,,,0,040,040,04,1,1.0,2,1,2,0.33821871476888,4,"London, London, City of, United Kingdom",UK,UKH9,51.5,-0.116667,-2601889,4,"Dublin, Dublin, Ireland",EI,EI07,53.3331,-6.24889,-1502554,4,"Dublin, Dublin, Ireland",EI,EI07,53.3331,-6.24889,-1502554,20161117,http://news.efinancialcareers.com/ca-en/265605/what-did-steve-mnuchin-do-at-goldman-sachs/
599824969,20161117,201611,2016,2016.8685,USA,UNITED STATES,USA,,,,,,,,GOV,TREASURY SECRETARY,,,,,,GOV,,,1,020,020,02,1,3.0,2,1,2,0.33821871476888,4,"London, London, City of, United Kingdom",UK,UKH9,51.5,-0.116667,-2601889,4,"London, London, City of, United Kingdom",UK,UKH9,51.5,-0.116667,-2601889,4,"London, London, City of, United Kingdom",UK,UKH9,51.5,-0.116667,-2601889,20161117,http://news.efinancialcareers.com/ca-en/265605/what-did-steve-mnuchin-do-at-goldman-sachs/
599824970,20161117,201611,2016,2016.8685,USA,UNITED STATES,USA,,,,,,,,GOV,TREASURY SECRETARY,,,,,,GOV,,,1,020,020,02,1,3.0,2,1,2,0.33821871476888,4,"London, London, City of, United Kingdom",UK,UKH9,51.5,-0.116667,-2601889,2,"New York, United States",US,USNY,42.1497,-74.9384,NY,2,"New York, United States",US,USNY,42.1497,-74.9384,NY,20161117,http://news.efinancialcareers.com/ca-en/265605/what-did-steve-mnuchin-do-at-goldman-sachs/
599826200,20161117,201611,2016,2016.8685,GOV,FINANCE MINIST,,,,,,GOV,,,COP,POLICE,,,,,,COP,,,1,010,010,01,1,0.0,30,3,30,0,4,"Delhi, Delhi, India",IN,IN07,28.6667,77.2167,-2094230,4,"Delhi, Delhi, India",IN,IN07,28.6667,77.2167,-2094230,4,"Delhi, Delhi, India",IN,IN07,28.6667,77.2167,-2094230,20161117,http://www.catchnews.com/national-news/rs-5-crore-worth-gold-seized-from-airports-post-demonetisation-1479350478.html
599826244,20161117,201611,2016,2016.8685,GOV,FINANCE MINIST,,,,,,GOV,,,MIL,PARAMILITARY FORCE,,,,,,MIL,,,1,010,010,01,1,0.0,30,3,30,0,4,"Delhi, Delhi, India",IN,IN07,28.6667,77.2167,-2094230,4,"Delhi, Delhi, India",IN,IN07,28.6667,77.2167,-2094230,4,"Delhi, Delhi, India",IN,IN07,28.6667,77.2167,-2094230,20161117,http://www.catchnews.com/national-news/rs-5-crore-worth-gold-seized-from-airports-post-demonetisation-1479350478.html
599829165,20161117,201611,2016,2016.8685,,,,,,,,,,,GOV,GOVERNOR,,,,,,GOV,,,0,173,173,17,4,-5.0,24,4,24,-3.41920630482647,0,,,,,,,1,Jersey,JE,JE,49.1961,-2.12585,JE,1,Jersey,JE,JE,49.1961,-2.12585,JE,20161117,http://www.goldcoastbulletin.com.au/donald-trump-slams-new-york-times-in-new-tweets/news-story/6e9cf8d1f74769c2940e1cb5ae61cca5?nk=0da159c05d891b1a6a395fbc51a00d90-1479354419
599829219,20161117,201611,2016,2016.8685,,,,,,,,,,,USA,UNITED STATES,USA,,,,,,,,1,042,042,04,1,1.9,6,5,6,-3.28393647243261,0,,,,,,,1,Venezuela,VE,VE,8,-66,VE,1,Venezuela,VE,VE,8,-66,VE,20161117,http://www.goldcoastbulletin.com.au/donald-trump-slams-new-york-times-in-new-tweets/news-story/6e9cf8d1f74769c2940e1cb5ae61cca5?nk=0da159c05d891b1a6a395fbc51a00d90-1479354419
599829235,20161117,201611,2016,2016.8685,,,,,,,,,,,USA,JERSEY,USA,,,,,,,,0,173,173,17,4,-5.0,8,4,8,-3.41920630482647,0,,,,,,,1,Jersey,JE,JE,49.1961,-2.12585,JE,2,"New York, United States",US,USNY,42.1497,-74.9384,NY,20161117,http://www.goldcoastbulletin.com.au/donald-trump-slams-new-york-times-in-new-tweets/news-story/6e9cf8d1f74769c2940e1cb5ae61cca5?nk=0da159c05d891b1a6a395fbc51a00d90-1479354419
599829237,20161117,201611,2016,2016.8685,,,,,,,,,,,USAGOV,HILLARY CLINTON,USA,,,,,GOV,,,0,100,100,10,3,-5.0,12,4,12,-3.41920630482647,0,,,,,,,1,Jersey,JE,JE,49.1961,-2.12585,JE,1,Jersey,JE,JE,49.1961,-2.12585,JE,20161117,http://www.goldcoastbulletin.com.au/donald-trump-slams-new-york-times-in-new-tweets/news-story/6e9cf8d1f74769c2940e1cb5ae61cca5?nk=0da159c05d891b1a6a395fbc51a00d90-1479354419
599829526,20161117,201611,2016,2016.8685,COP,DETECTIVE,,,,,,COP,,,AGR,FARM WORKER,,,,,,AGR,,,1,010,010,01,1,0.0,10,1,10,-3.48101265822785,0,,,,,,,0,,,,,,,0,,,,,,,20161117,http://www.kerngoldenempire.com/news/body-discovered-in-almond-orchard-in-lamont
599829879,20161117,201611,2016,2016.8685,GOV,CABINET,,,,,,GOV,,,,,,,,,,,,,0,012,012,01,1,-0.4,31,4,31,-3.41920630482647,1,Turkey,TU,TU,39,35,TU,0,,,,,,,1,Turkey,TU,TU,39,35,TU,20161117,http://www.goldcoastbulletin.com.au/donald-trump-slams-new-york-times-in-new-tweets/news-story/6e9cf8d1f74769c2940e1cb5ae61cca5?nk=0da159c05d891b1a6a395fbc51a00d90-1479354419
599830306,20161117,201611,2016,2016.8685,MED,WEBSITE,,,,,,MED,,,TUR,TURKEY,TUR,,,,,,,,0,036,036,03,1,4.0,32,8,32,-3.72397110312816,2,"New York, United States",US,USNY,42.1497,-74.9384,NY,1,Turkey,TU,TU,39,35,TU,2,"New York, United States",US,USNY,42.1497,-74.9384,NY,20161117,http://www.goldcoastbulletin.com.au/donald-trump-slams-new-york-times-in-new-tweets/news-story/6e9cf8d1f74769c2940e1cb5ae61cca5?nk=0da159c05d891b1a6a395fbc51a00d90-1479354419
599830395,20161117,201611,2016,2016.8685,MOS,MUSLIM,,,,MOS,,,,,CVL,IMMIGRANT,,,,,,CVL,,,0,014,014,01,1,0.0,21,4,21,-3.41920630482647,2,"Kansas, United States",US,USKS,38.5111,-96.8005,KS,2,"Kansas, United States",US,USKS,38.5111,-96.8005,KS,2,"Kansas, United States",US,USKS,38.5111,-96.8005,KS,20161117,http://www.goldcoastbulletin.com.au/donald-trump-slams-new-york-times-in-new-tweets/news-story/6e9cf8d1f74769c2940e1cb5ae61cca5?nk=0da159c05d891b1a6a395fbc51a00d90-1479354419
599830396,20161117,201611,2016,2016.8685,MOS,MUSLIM,,,,MOS,,,,,CVL,IMMIGRANT,,,,,,CVL,,,0,020,020,02,1,3.0,20,4,20,-3.41920630482647,2,"Kansas, United States",US,USKS,38.5111,-96.8005,KS,2,"Kansas, United States",US,USKS,38.5111,-96.8005,KS,2,"Kansas, United States",US,USKS,38.5111,-96.8005,KS,20161117,http://www.goldcoastbulletin.com.au/donald-trump-slams-new-york-times-in-new-tweets/news-story/6e9cf8d1f74769c2940e1cb5ae61cca5?nk=0da159c05d891b1a6a395fbc51a00d90-1479354419
599830397,20161117,201611,2016,2016.8685,MOS,MUSLIM,,,,MOS,,,,,CVL,IMMIGRANT,,,,,,CVL,,,0,020,020,02,1,3.0,1,1,1,-3.53598014888337,1,Russia,RS,RS,60,100,RS,1,Russia,RS,RS,60,100,RS,1,Russia,RS,RS,60,100,RS,20161117,http://www.goldcoastbulletin.com.au/donald-trump-slams-new-york-times-in-new-tweets/news-story/6e9cf8d1f74769c2940e1cb5ae61cca5?nk=0da159c05d891b1a6a395fbc51a00d90-1479354419
599830612,20161117,201611,2016,2016.8685,TUR,TURKEY,TUR,,,,,,,,MED,WEBSITE,,,,,,MED,,,0,036,036,03,1,4.0,32,8,32,-3.72397110312816,1,Turkey,TU,TU,39,35,TU,2,"New York, United States",US,USNY,42.1497,-74.9384,NY,2,"New York, United States",US,USNY,42.1497,-74.9384,NY,20161117,http://www.goldcoastbulletin.com.au/donald-trump-slams-new-york-times-in-new-tweets/news-story/6e9cf8d1f74769c2940e1cb5ae61cca5?nk=0da159c05d891b1a6a395fbc51a00d90-1479354419
599830617,20161117,201611,2016,2016.8685,TUR,TURKEY,TUR,,,,,,,,USAGOV,HILLARY CLINTON,USA,,,,,GOV,,,0,100,100,10,3,-5.0,8,4,8,-3.41920630482647,1,Turkey,TU,TU,39,35,TU,1,Jersey,JE,JE,49.1961,-2.12585,JE,1,Jersey,JE,JE,49.1961,-2.12585,JE,20161117,http://www.goldcoastbulletin.com.au/donald-trump-slams-new-york-times-in-new-tweets/news-story/6e9cf8d1f74769c2940e1cb5ae61cca5?nk=0da159c05d891b1a6a395fbc51a00d90-1479354419
599830667,20161117,201611,2016,2016.8685,USA,UNITED STATES,USA,,,,,,,,,,,,,,,,,,1,020,020,02,1,3.0,4,1,4,-6.61538461538461,3,"Lerdo, California, United States",US,USCA,35.4902,-119.153,1660907,0,,,,,,,3,"Lerdo, California, United States",US,USCA,35.4902,-119.153,1660907,20161117,http://www.kerngoldenempire.com/news/17-news-special-report-how-state-is-adding-to-jail-burden
599830688,20161117,201611,2016,2016.8685,USA,UNITED STATES,USA,,,,,,,,,,,,,,,,,,0,043,043,04,1,2.8,4,4,4,-3.41920630482647,1,Venezuela,VE,VE,8,-66,VE,0,,,,,,,1,Venezuela,VE,VE,8,-66,VE,20161117,http://www.goldcoastbulletin.com.au/donald-trump-slams-new-york-times-in-new-tweets/news-story/6e9cf8d1f74769c2940e1cb5ae61cca5?nk=0da159c05d891b1a6a395fbc51a00d90-1479354419
599830754,20161117,201611,2016,2016.8685,USA,UNITED STATES,USA,,,,,,,,CVL,IMMIGRANT,,,,,,CVL,,,0,014,014,01,1,0.0,5,4,5,-3.41920630482647,2,"New York, United States",US,USNY,42.1497,-74.9384,NY,2,"Kansas, United States",US,USKS,38.5111,-96.8005,KS,2,"Kansas, United States",US,USKS,38.5111,-96.8005,KS,20161117,http://www.goldcoastbulletin.com.au/donald-trump-slams-new-york-times-in-new-tweets/news-story/6e9cf8d1f74769c2940e1cb5ae61cca5?nk=0da159c05d891b1a6a395fbc51a00d90-1479354419
599830755,20161117,201611,2016,2016.8685,USA,UNITED STATES,USA,,,,,,,,CVL,IMMIGRANT,,,,,,CVL,,,0,014,014,01,1,0.0,5,4,5,-3.41920630482647,2,"New York, United States",US,USNY,42.1497,-74.9384,NY,2,"Kansas, United States",US,USKS,38.5111,-96.8005,KS,2,"New York, United States",US,USNY,42.1497,-74.9384,NY,20161117,http://www.goldcoastbulletin.com.au/donald-trump-slams-new-york-times-in-new-tweets/news-story/6e9cf8d1f74769c2940e1cb5ae61cca5?nk=0da159c05d891b1a6a395fbc51a00d90-1479354419
599830756,20161117,201611,2016,2016.8685,USA,UNITED STATES,USA,,,,,,,,CVL,IMMIGRANT,,,,,,CVL,,,0,020,020,02,1,3.0,5,4,5,-3.41920630482647,2,"New York, United States",US,USNY,42.1497,-74.9384,NY,2,"Kansas, United States",US,USKS,38.5111,-96.8005,KS,2,"Kansas, United States",US,USKS,38.5111,-96.8005,KS,20161117,http://www.goldcoastbulletin.com.au/donald-trump-slams-new-york-times-in-new-tweets/news-story/6e9cf8d1f74769c2940e1cb5ae61cca5?nk=0da159c05d891b1a6a395fbc51a00d90-1479354419
599830757,20161117,201611,2016,2016.8685,USA,UNITED STATES,USA,,,,,,,,CVL,IMMIGRANT,,,,,,CVL,,,0,020,020,02,1,3.0,5,4,5,-3.41920630482647,2,"New York, United States",US,USNY,42.1497,-74.9384,NY,2,"Kansas, United States",US,USKS,38.5111,-96.8005,KS,2,"New York, United States",US,USNY,42.1497,-74.9384,NY,20161117,http://www.goldcoastbulletin.com.au/donald-trump-slams-new-york-times-in-new-tweets/news-story/6e9cf8d1f74769c2940e1cb5ae61cca5?nk=0da159c05d891b1a6a395fbc51a00d90-1479354419
599830957,20161117,201611,2016,2016.8685,USALEG,JERSEY,USA,,,,,LEG,,,TUR,TURKEY,TUR,,,,,,,,0,111,111,11,3,-2.0,4,4,4,-3.41920630482647,1,Jersey,JE,JE,49.1961,-2.12585,JE,1,Turkey,TU,TU,39,35,TU,1,Jersey,JE,JE,49.1961,-2.12585,JE,20161117,http://www.goldcoastbulletin.com.au/donald-trump-slams-new-york-times-in-new-tweets/news-story/6e9cf8d1f74769c2940e1cb5ae61cca5?nk=0da159c05d891b1a6a395fbc51a00d90-1479354419
599830993,20161117,201611,2016,2016.8685,kan,KANNADA,,,kan,,,,,,tel,TELUGU,,,tel,,,,,,1,042,042,04,1,1.9,14,5,14,1.95141392453652,4,"Bangalore, Karnataka, India",IN,IN19,12.9833,77.5833,-2090174,4,"Bangalore, Karnataka, India",IN,IN19,12.9833,77.5833,-2090174,4,"Bangalore, Karnataka, India",IN,IN19,12.9833,77.5833,-2090174,20161117,http://www.business-standard.com/article/current-affairs/gold-glitter-politicians-galore-reddy-daughter-s-rs-500-cr-wedding-now-under-i-t-radar-116111601809_1.html
599830994,20161117,201611,2016,2016.8685,kan,KANNADA,,,kan,,,,,,tel,TELUGU,,,tel,,,,,,1,042,042,04,1,1.9,59,7,59,1.90072629600783,4,"Ballari, Karnataka, India",IN,IN19,15.15,76.9333,-2091000,4,"Ballari, Karnataka, India",IN,IN19,15.15,76.9333,-2091000,4,"Ballari, Karnataka, India",IN,IN19,15.15,76.9333,-2091000,20161117,http://www.business-standard.com/article/current-affairs/gold-glitter-politicians-galore-reddy-daughter-s-rs-500-cr-wedding-now-under-i-t-radar-116111601809_1.html
599830995,20161117,201611,2016,2016.8685,kan,KANNADA,,,kan,,,,,,tel,TELUGU,,,tel,,,,,,1,043,043,04,1,2.8,70,6,70,2.03137386773957,5,"Karnataka, Karnataka, India",IN,IN19,13.5,76,-2099860,5,"Karnataka, Karnataka, India",IN,IN19,13.5,76,-2099860,5,"Karnataka, Karnataka, India",IN,IN19,13.5,76,-2099860,20161117,http://www.business-standard.com/article/current-affairs/gold-glitter-politicians-galore-reddy-daughter-s-rs-500-cr-wedding-now-under-i-t-radar-116111601809_1.html
599831000,20161117,201611,2016,2016.8685,tel,TELUGU,,,tel,,,,,,kan,KANNADA,,,kan,,,,,,1,042,042,04,1,1.9,70,6,70,2.03137386773957,5,"Karnataka, Karnataka, India",IN,IN19,13.5,76,-2099860,5,"Karnataka, Karnataka, India",IN,IN19,13.5,76,-2099860,5,"Karnataka, Karnataka, India",IN,IN19,13.5,76,-2099860,20161117,http://www.business-standard.com/article/current-affairs/gold-glitter-politicians-galore-reddy-daughter-s-rs-500-cr-wedding-now-under-i-t-radar-116111601809_1.html
599831001,20161117,201611,2016,2016.8685,tel,TELUGU,,,tel,,,,,,kan,KANNADA,,,kan,,,,,,1,043,043,04,1,2.8,70,6,70,2.03137386773957,5,"Karnataka, Karnataka, India",IN,IN19,13.5,76,-2099860,5,"Karnataka, Karnataka, India",IN,IN19,13.5,76,-2099860,5,"Karnataka, Karnataka, India",IN,IN19,13.5,76,-2099860,20161117,http://www.business-standard.com/article/current-affairs/gold-glitter-politicians-galore-reddy-daughter-s-rs-500-cr-wedding-now-under-i-t-radar-116111601809_1.html
599834830,20161018,201610,2016,2016.7890,CHN,CHINESE,CHN,,,,,,,,DEU,GERMANY,DEU,,,,,,,,0,036,036,03,1,4.0,2,1,2,-4.86111111111111,4,"Kremlin, Moskva, Russia",RS,RS48,55.7522,37.6156,-2960561,4,"Hamburg, Hamburg, Germany",GM,GM04,53.55,10,-1785434,4,"Kremlin, Moskva, Russia",RS,RS48,55.7522,37.6156,-2960561,20161117,http://www.express.co.uk/news/world/733212/EU-commissioner-Germany-Oettinger-Klaus-Mangold-private-jet-Russia
599834831,20161018,201610,2016,2016.7890,CHN,CHINESE,CHN,,,,,,,,DEU,GERMANY,DEU,,,,,,,,0,036,036,03,1,4.0,2,1,2,-4.86111111111111,1,China,CH,CH,35,105,CH,4,"Hamburg, Hamburg, Germany",GM,GM04,53.55,10,-1785434,1,China,CH,CH,35,105,CH,20161117,http://www.express.co.uk/news/world/733212/EU-commissioner-Germany-Oettinger-Klaus-Mangold-private-jet-Russia
599834832,20161018,201610,2016,2016.7890,CHNGOV,CHINESE,CHN,,,,,GOV,,,DEU,HAMBURG,DEU,,,,,,,,0,036,036,03,1,4.0,6,1,6,-4.86111111111111,1,China,CH,CH,35,105,CH,4,"Hamburg, Hamburg, Germany",GM,GM04,53.55,10,-1785434,1,China,CH,CH,35,105,CH,20161117,http://www.express.co.uk/news/world/733212/EU-commissioner-Germany-Oettinger-Klaus-Mangold-private-jet-Russia
599834834,20161018,201610,2016,2016.7890,DEU,GERMANY,DEU,,,,,,,,CHN,CHINESE,CHN,,,,,,,,0,036,036,03,1,4.0,2,1,2,-4.86111111111111,4,"Hamburg, Hamburg, Germany",GM,GM04,53.55,10,-1785434,4,"Kremlin, Moskva, Russia",RS,RS48,55.7522,37.6156,-2960561,4,"Kremlin, Moskva, Russia",RS,RS48,55.7522,37.6156,-2960561,20161117,http://www.express.co.uk/news/world/733212/EU-commissioner-Germany-Oettinger-Klaus-Mangold-private-jet-Russia
599834835,20161018,201610,2016,2016.7890,DEU,GERMANY,DEU,,,,,,,,CHN,CHINESE,CHN,,,,,,,,0,036,036,03,1,4.0,2,1,2,-4.86111111111111,4,"Hamburg, Hamburg, Germany",GM,GM04,53.55,10,-1785434,1,China,CH,CH,35,105,CH,1,China,CH,CH,35,105,CH,20161117,http://www.express.co.uk/news/world/733212/EU-commissioner-Germany-Oettinger-Klaus-Mangold-private-jet-Russia
599834836,20161018,201610,2016,2016.7890,DEU,GERMANY,DEU,,,,,,,,CHN,CHINESE,CHN,,,,,,,,0,111,111,11,3,-2.0,2,1,2,-4.86111111111111,4,"Hamburg, Hamburg, Germany",GM,GM04,53.55,10,-1785434,4,"Kremlin, Moskva, Russia",RS,RS48,55.7522,37.6156,-2960561,4,"Kremlin, Moskva, Russia",RS,RS48,55.7522,37.6156,-2960561,20161117,http://www.express.co.uk/news/world/733212/EU-commissioner-Germany-Oettinger-Klaus-Mangold-private-jet-Russia
599834837,20161018,201610,2016,2016.7890,DEU,GERMANY,DEU,,,,,,,,CHN,CHINESE,CHN,,,,,,,,0,111,111,11,3,-2.0,2,1,2,-4.86111111111111,4,"Hamburg, Hamburg, Germany",GM,GM04,53.55,10,-1785434,1,China,CH,CH,35,105,CH,1,China,CH,CH,35,105,CH,20161117,http://www.express.co.uk/news/world/733212/EU-commissioner-Germany-Oettinger-Klaus-Mangold-private-jet-Russia
599834838,20161018,201610,2016,2016.7890,DEU,HAMBURG,DEU,,,,,,,,CHNGOV,CHINESE,CHN,,,,,GOV,,,0,036,036,03,1,4.0,6,1,6,-4.86111111111111,4,"Hamburg, Hamburg, Germany",GM,GM04,53.55,10,-1785434,1,China,CH,CH,35,105,CH,1,China,CH,CH,35,105,CH,20161117,http://www.express.co.uk/news/world/733212/EU-commissioner-Germany-Oettinger-Klaus-Mangold-private-jet-Russia
599834839,20161018,201610,2016,2016.7890,DEU,HAMBURG,DEU,,,,,,,,CHNGOV,CHINESE,CHN,,,,,GOV,,,0,111,111,11,3,-2.0,6,1,6,-4.86111111111111,4,"Hamburg, Hamburg, Germany",GM,GM04,53.55,10,-1785434,1,China,CH,CH,35,105,CH,4,"Hamburg, Hamburg, Germany",GM,GM04,53.55,10,-1785434,20161117,http://www.express.co.uk/news/world/733212/EU-commissioner-Germany-Oettinger-Klaus-Mangold-private-jet-Russia
599834883,20161117,201611,2016,2016.8685,,,,,,,,,,,BEL,BELGIUM,BEL,,,,,,,,1,112,112,11,3,-2.0,2,1,2,-4.86111111111111,0,,,,,,,1,China,CH,CH,35,105,CH,1,China,CH,CH,35,105,CH,20161117,http://www.express.co.uk/news/world/733212/EU-commissioner-Germany-Oettinger-Klaus-Mangold-private-jet-Russia
599834884,20161117,201611,2016,2016.8685,,,,,,,,,,,BEL,BRUSSELS,BEL,,,,,,,,1,112,112,11,3,-2.0,8,1,8,-4.86111111111111,0,,,,,,,1,United Kingdom,UK,UK,54,-2,UK,1,United Kingdom,UK,UK,54,-2,UK,20161117,http://www.express.co.uk/news/world/733212/EU-commissioner-Germany-Oettinger-Klaus-Mangold-private-jet-Russia
599834919,20161117,201611,2016,2016.8685,,,,,,,,,,,CVL,ENGINEER,,,,,,CVL,,,1,111,111,11,3,-2.0,6,1,6,-2.77777777777778,0,,,,,,,4,"Kambalda, Western Australia, Australia",AS,AS08,-31.2017,121.671,-1580788,4,"Kambalda, Western Australia, Australia",AS,AS08,-31.2017,121.671,-1580788,20161117,http://www.abc.net.au/news/2016-11-17/wedge-tailed-eagles-bring-down-drones-in-goldfields/8033056
599835137,20161117,201611,2016,2016.8685,AUS,AUSTRALIA,AUS,,,,,,,,CVL,ENGINEER,,,,,,CVL,,,1,111,111,11,3,-2.0,4,1,4,-2.77777777777778,4,"Kambalda, Western Australia, Australia",AS,AS08,-31.2017,121.671,-1580788,4,"Kambalda, Western Australia, Australia",AS,AS08,-31.2017,121.671,-1580788,4,"Kambalda, Western Australia, Australia",AS,AS08,-31.2017,121.671,-1580788,20161117,http://www.abc.net.au/news/2016-11-17/wedge-tailed-eagles-bring-down-drones-in-goldfields/8033056
599837706,20161117,201611,2016,2016.8685,,,,,,,,,,,AUS,AUSTRALIA,AUS,,,,,,,,1,042,042,04,1,1.9,2,1,2,4.10094637223974,0,,,,,,,4,"Lefroy, Tasmania, Australia",AS,AS06,-41.1,146.983,-1583315,4,"Lefroy, Tasmania, Australia",AS,AS06,-41.1,146.983,-1583315,20161117,http://www.proactiveinvestors.com.au/companies/news/169109/lefroy-exploration-ltd-drilling-target-in-world-class-gold-producing-area-169109.html
599837708,20161117,201611,2016,2016.8685,,,,,,,,,,,AUS,AUSTRALIA,AUS,,,,,,,,1,138,138,13,3,-7.0,2,1,2,4.10094637223974,0,,,,,,,4,"Lefroy, Tasmania, Australia",AS,AS06,-41.1,146.983,-1583315,4,"Lefroy, Tasmania, Australia",AS,AS06,-41.1,146.983,-1583315,20161117,http://www.proactiveinvestors.com.au/companies/news/169109/lefroy-exploration-ltd-drilling-target-in-world-class-gold-producing-area-169109.html
599837921,20161117,201611,2016,2016.8685,AUS,AUSTRALIA,AUS,,,,,,,,,,,,,,,,,,1,013,013,01,1,0.4,2,1,2,6.03448275862069,4,"Tarcoola, South Australia, Australia",AS,AS05,-30.6833,134.55,-1603629,0,,,,,,,4,"Tarcoola, South Australia, Australia",AS,AS05,-30.6833,134.55,-1603629,20161117,http://www.proactiveinvestors.com.au/companies/news/169111/wpg-resources-ltd-begins-gold-mine-development-at-tarcoola-169111.html
599837925,20161117,201611,2016,2016.8685,AUS,AUSTRALIA,AUS,,,,,,,,,,,,,,,,,,1,043,043,04,1,2.8,2,1,2,4.10094637223974,4,"Lefroy, Tasmania, Australia",AS,AS06,-41.1,146.983,-1583315,0,,,,,,,4,"Lefroy, Tasmania, Australia",AS,AS06,-41.1,146.983,-1583315,20161117,http://www.proactiveinvestors.com.au/companies/news/169109/lefroy-exploration-ltd-drilling-target-in-world-class-gold-producing-area-169109.html
599845443,20151118,201511,2015,2015.8712,AUS,TASMANIA,AUS,,,,,,,,CRM,CRIMINAL,,,,,,CRM,,,1,173,173,17,4,-5.0,10,1,10,-6.35245901639345,0,,,,,,,0,,,,,,,0,,,,,,,20161117,http://www.goldcoastbulletin.com.au/news/national/guntoting-bandit-graham-john-ennis-back-behind-bars-for-another-seven-years-over-nw-crime-spree/news-story/e6c8ba84bc0d3cd35b2f39f256f14f7c?nk=50f229c8b0cd9e088500648d3478809d-1479359804
599845698,20161117,201611,2016,2016.8685,,,,,,,,,,,MNCUSA,BOEING,USA,,,,,MNC,,,0,043,043,04,1,2.8,10,1,10,-3.60721442885772,0,,,,,,,1,Australia,AS,AS,-27,133,AS,1,Australia,AS,AS,-27,133,AS,20161117,http://www.goldcoastbulletin.com.au/news/national/new-mh370-theory-possible-says-us-expert/news-story/7d52f826dce2bb6cc24c68a0210c87ec?nk=9f87665d772a30d1d33cda5b119f932d-1479359844
599845866,20161117,201611,2016,2016.8685,AGR,FARMER,,,,,,AGR,,,,,,,,,,,,,1,171,171,17,4,-9.2,5,1,5,-6.35245901639345,0,,,,,,,0,,,,,,,0,,,,,,,20161117,http://www.goldcoastbulletin.com.au/news/national/guntoting-bandit-graham-john-ennis-back-behind-bars-for-another-seven-years-over-nw-crime-spree/news-story/e6c8ba84bc0d3cd35b2f39f256f14f7c?nk=50f229c8b0cd9e088500648d3478809d-1479359804
599845868,20161117,201611,2016,2016.8685,AGR,FARMER,,,,,,AGR,,,COP,POLICE,,,,,,COP,,,1,193,193,19,4,-10.0,5,1,5,-6.35245901639345,0,,,,,,,0,,,,,,,0,,,,,,,20161117,http://www.goldcoastbulletin.com.au/news/national/guntoting-bandit-graham-john-ennis-back-behind-bars-for-another-seven-years-over-nw-crime-spree/news-story/e6c8ba84bc0d3cd35b2f39f256f14f7c?nk=50f229c8b0cd9e088500648d3478809d-1479359804
599845892,20161117,201611,2016,2016.8685,AUSMIL,AUSTRALIA,AUS,,,,,MIL,,,,,,,,,,,,,0,012,012,01,1,-0.4,2,1,2,-3.60721442885772,1,Australia,AS,AS,-27,133,AS,0,,,,,,,1,Australia,AS,AS,-27,133,AS,20161117,http://www.goldcoastbulletin.com.au/news/national/new-mh370-theory-possible-says-us-expert/news-story/7d52f826dce2bb6cc24c68a0210c87ec?nk=9f87665d772a30d1d33cda5b119f932d-1479359844
599846150,20161117,201611,2016,2016.8685,CRM,BANDIT,,,,,,CRM,,,,,,,,,,,,,1,172,172,17,4,-5.0,105,8,85,-6.32944476083996,0,,,,,,,0,,,,,,,0,,,,,,,20161117,http://www.goldcoastbulletin.com.au/news/national/guntoting-bandit-graham-john-ennis-back-behind-bars-for-another-seven-years-over-nw-crime-spree/news-story/e6c8ba84bc0d3cd35b2f39f256f14f7c?nk=50f229c8b0cd9e088500648d3478809d-1479359804
599847100,20161117,201611,2016,2016.8685,LEG,CONGRESS,,,,,,LEG,,,USA,AMERICAN,USA,,,,,,,,0,051,051,05,1,3.4,10,1,10,1.86495176848875,2,"Maryland, United States",US,USMD,39.0724,-76.7902,MD,2,"Maryland, United States",US,USMD,39.0724,-76.7902,MD,2,"Maryland, United States",US,USMD,39.0724,-76.7902,MD,20161117,http://www.somdnews.com/enquirer_gazette/news/local/new-gold-star-families-memorial-monument-unveiled-in-annapolis/article_82b460e8-36dc-58fd-ae92-fe03fc278603.html
599847174,20161117,201611,2016,2016.8685,MIL,CAPTAIN,,,,,,MIL,,,,,,,,,,,,,0,012,012,01,1,-0.4,8,1,8,-3.60721442885772,1,Australia,AS,AS,-27,133,AS,0,,,,,,,1,Australia,AS,AS,-27,133,AS,20161117,http://www.goldcoastbulletin.com.au/news/national/new-mh370-theory-possible-says-us-expert/news-story/7d52f826dce2bb6cc24c68a0210c87ec?nk=9f87665d772a30d1d33cda5b119f932d-1479359844
599847219,20161117,201611,2016,2016.8685,MNCUSA,BOEING,USA,,,,,MNC,,,,,,,,,,,,,0,042,042,04,1,1.9,10,1,10,-3.60721442885772,1,Australia,AS,AS,-27,133,AS,0,,,,,,,1,Australia,AS,AS,-27,133,AS,20161117,http://www.goldcoastbulletin.com.au/news/national/new-mh370-theory-possible-says-us-expert/news-story/7d52f826dce2bb6cc24c68a0210c87ec?nk=9f87665d772a30d1d33cda5b119f932d-1479359844
599847220,20161117,201611,2016,2016.8685,MNCUSA,BOEING,USA,,,,,MNC,,,,,,,,,,,,,1,090,090,09,2,-2.0,12,2,12,0.161458287754545,1,Australia,AS,AS,-27,133,AS,0,,,,,,,1,Australia,AS,AS,-27,133,AS,20161117,http://www.goldcoastbulletin.com.au/news/national/new-mh370-theory-possible-says-us-expert/news-story/7d52f826dce2bb6cc24c68a0210c87ec?nk=9f87665d772a30d1d33cda5b119f932d-1479359844
599847733,20161117,201611,2016,2016.8685,USA,CHARLOTTE,USA,,,,,,,,,,,,,,,,,,1,051,051,05,1,3.4,10,1,10,1.86495176848875,3,"Charlotte Hall, Maryland, United States",US,USMD,38.481,-76.778,594648,0,,,,,,,3,"Charlotte Hall, Maryland, United States",US,USMD,38.481,-76.778,594648,20161117,http://www.somdnews.com/enquirer_gazette/news/local/new-gold-star-families-memorial-monument-unveiled-in-annapolis/article_82b460e8-36dc-58fd-ae92-fe03fc278603.html
599851587,20161117,201611,2016,2016.8685,don,DONG,,,don,,,,,,VNM,VIETNAM,VNM,,,,,,,,1,120,120,12,3,-4.0,4,1,4,2.39520958083832,4,"Saigon, H? Chíinh, Vietnam, Republic Of",VM,VM20,10.75,106.667,-3730078,4,"Hanoi, Ha N?i, Vietnam, Republic Of",VM,VM44,21.0333,105.85,-3714993,4,"Hanoi, Ha N?i, Vietnam, Republic Of",VM,VM44,21.0333,105.85,-3714993,20161117,http://www.kitco.com/news/2016-11-16/SNAPSHOT-Vietnam-dong-gold-and-interbank-rates-Nov-17-0432-GMT.html
599851588,20161117,201611,2016,2016.8685,don,DONG,,,don,,,,,,VNMBUS,VIETNAM,VNM,,,,,BUS,,,1,120,120,12,3,-4.0,4,1,4,2.39520958083832,4,"Saigon, H? Chíinh, Vietnam, Republic Of",VM,VM20,10.75,106.667,-3730078,4,"Hanoi, Ha N?i, Vietnam, Republic Of",VM,VM44,21.0333,105.85,-3714993,4,"Hanoi, Ha N?i, Vietnam, Republic Of",VM,VM44,21.0333,105.85,-3714993,20161117,http://www.kitco.com/news/2016-11-16/SNAPSHOT-Vietnam-dong-gold-and-interbank-rates-Nov-17-0432-GMT.html
599859018,20161117,201611,2016,2016.8685,COPCOP,POLICE,,,,,,COP,COP,,COP,CONSTABLE,,,,,,COP,,,1,186,186,18,4,-10.0,15,1,15,-3.07692307692308,0,,,,,,,0,,,,,,,0,,,,,,,20161117,http://www.heraldsun.com.au/leader/north/paralympic-gold-medallist-carol-cookes-two-stolen-medals-returned/news-story/0ec3982b701d7ae51e8e3e0e9fe48c71?nk=2aa51f1e7926b952253258779c2ab542-1479363411
599865514,20161117,201611,2016,2016.8685,,,,,,,,,,,MED,TELEVISION,,,,,,MED,,,1,042,042,04,1,1.9,12,2,12,3.6296992481203,0,,,,,,,3,"Arvada, Colorado, United States",US,USCO,39.8028,-105.087,204709,3,"Arvada, Colorado, United States",US,USCO,39.8028,-105.087,204709,20161117,"http://www.goldentranscript.net/stories/World-premiere-holiday-musical-comes-home,239271"
599865555,20161117,201611,2016,2016.8685,,,,,,,,,,,USA,UNITED STATES,USA,,,,,,,,1,042,042,04,1,1.9,8,2,8,3.6296992481203,0,,,,,,,3,"Arvada, Colorado, United States",US,USCO,39.8028,-105.087,204709,3,"Arvada, Colorado, United States",US,USCO,39.8028,-105.087,204709,20161117,"http://www.goldentranscript.net/stories/World-premiere-holiday-musical-comes-home,239271"
599866616,20161117,201611,2016,2016.8685,MED,TELEVISION,,,,,,MED,,,,,,,,,,,,,1,043,043,04,1,2.8,12,2,12,3.6296992481203,3,"Arvada, Colorado, United States",US,USCO,39.8028,-105.087,204709,0,,,,,,,3,"Arvada, Colorado, United States",US,USCO,39.8028,-105.087,204709,20161117,"http://www.goldentranscript.net/stories/World-premiere-holiday-musical-comes-home,239271"
599866648,20161117,201611,2016,2016.8685,MED,TELEVISION,,,,,,MED,,,USA,UNITED STATES,USA,,,,,,,,1,043,043,04,1,2.8,8,2,8,3.6296992481203,3,"Arvada, Colorado, United States",US,USCO,39.8028,-105.087,204709,3,"Arvada, Colorado, United States",US,USCO,39.8028,-105.087,204709,3,"Arvada, Colorado, United States",US,USCO,39.8028,-105.087,204709,20161117,"http://www.goldentranscript.net/stories/World-premiere-holiday-musical-comes-home,239271"
599867013,20161117,201611,2016,2016.8685,USA,UNITED STATES,USA,,,,,,,,,,,,,,,,,,1,010,010,01,1,0.0,4,2,4,3.6296992481203,3,"Arvada, Colorado, United States",US,USCO,39.8028,-105.087,204709,0,,,,,,,3,"Arvada, Colorado, United States",US,USCO,39.8028,-105.087,204709,20161117,"http://www.goldentranscript.net/stories/World-premiere-holiday-musical-comes-home,239271"
599867040,20161117,201611,2016,2016.8685,USA,UNITED STATES,USA,,,,,,,,,,,,,,,,,,1,043,043,04,1,2.8,8,2,8,3.6296992481203,3,"Arvada, Colorado, United States",US,USCO,39.8028,-105.087,204709,0,,,,,,,3,"Arvada, Colorado, United States",US,USCO,39.8028,-105.087,204709,20161117,"http://www.goldentranscript.net/stories/World-premiere-holiday-musical-comes-home,239271"
599867192,20161117,201611,2016,2016.8685,USA,UNITED STATES,USA,,,,,,,,MED,TELEVISION,,,,,,MED,,,1,042,042,04,1,1.9,8,2,8,3.6296992481203,3,"Arvada, Colorado, United States",US,USCO,39.8028,-105.087,204709,3,"Arvada, Colorado, United States",US,USCO,39.8028,-105.087,204709,3,"Arvada, Colorado, United States",US,USCO,39.8028,-105.087,204709,20161117,"http://www.goldentranscript.net/stories/World-premiere-holiday-musical-comes-home,239271"
599867367,20161117,201611,2016,2016.8685,VNM,VIETNAM,VNM,,,,,,,,men,MENDE,,,men,,,,,,1,043,043,04,1,2.8,10,2,10,3.6296992481203,1,"Vietnam, Republic Of",VM,VM,16,106,VM,1,"Vietnam, Republic Of",VM,VM,16,106,VM,1,"Vietnam, Republic Of",VM,VM,16,106,VM,20161117,"http://www.goldentranscript.net/stories/World-premiere-holiday-musical-comes-home,239271"
599867382,20161117,201611,2016,2016.8685,men,MENDE,,,men,,,,,,VNM,VIETNAM,VNM,,,,,,,,1,042,042,04,1,1.9,10,2,10,3.6296992481203,1,"Vietnam, Republic Of",VM,VM,16,106,VM,1,"Vietnam, Republic Of",VM,VM,16,106,VM,1,"Vietnam, Republic Of",VM,VM,16,106,VM,20161117,"http://www.goldentranscript.net/stories/World-premiere-holiday-musical-comes-home,239271"
599872059,20161117,201611,2016,2016.8685,,,,,,,,,,,LEG,DELEGATE,,,,,,LEG,,,1,042,042,04,1,1.9,30,1,30,9.29705215419501,0,,,,,,,1,Ghana,GH,GH,8,-2,GH,1,Ghana,GH,GH,8,-2,GH,20161117,http://www.goldcoastbulletin.com.au/news/gold-coast/8000-chinese-expected-at-recordbreaking-business-event-to-be-held-on-gold-coast/news-story/7f3462c98bda13bb01df10c442e4f7c0?nk=a50f2e2b0527d7b1638675504d058fdf-1479367048
599872068,20161117,201611,2016,2016.8685,,,,,,,,,,,MED,WEBSITE,,,,,,MED,,,1,036,036,03,1,4.0,10,1,10,1.84162062615101,0,,,,,,,4,"Luika, Mbeya, Tanzania",TZ,TZ09,-8.35,32.9333,-2566986,4,"Luika, Mbeya, Tanzania",TZ,TZ09,-8.35,32.9333,-2566986,20161117,http://www.investegate.co.uk/shanta-gold-limited--shg-/rns/-5-25m-silver-streaming-advanced-payment-received/201611170700134014P/
599872071,20161117,201611,2016,2016.8685,,,,,,,,,,,MED,WEBSITE,,,,,,MED,,,1,036,036,03,1,4.0,10,1,10,2.76470588235294,0,,,,,,,4,"Los Calatos, Moquegua, Peru",PE,PE18,-16.9167,-71.0167,-353308,4,"Los Calatos, Moquegua, Peru",PE,PE18,-16.9167,-71.0167,-353308,20161117,http://www.investegate.co.uk/metminco-limited--mnc-/rns/funding-of-a-4-85m-for-colombian-gold-fs-secured/201611170709294076P/
599872240,20161117,201611,2016,2016.8685,AUS,AUSTRALIA,AUS,,,,,,,,,,,,,,,,,,0,010,010,01,1,0.0,24,6,24,-5.2506745073374,4,"Kaikoura, New Zealand (general), New Zealand",NZ,NZ00,-42.4167,173.683,-1511424,0,,,,,,,4,"Kaikoura, New Zealand (general), New Zealand",NZ,NZ00,-42.4167,173.683,-1511424,20161117,http://www.goldcoastbulletin.com.au/news/world/nz-bishop-brian-tamaki-says-earthquake-caused-by-sinners-homosexuals-murderers/news-story/021a90571625130470ac908596946793?nk=2ad6f2c14c8cd63fe18e9f9c99371d0d-1479367031
599872264,20161117,201611,2016,2016.8685,AUS,AUSTRALIA,AUS,,,,,,,,GHA,GHANA,GHA,,,,,,,,0,070,070,07,2,7.0,3,1,3,9.29705215419501,1,Australia,AS,AS,-27,133,AS,1,Australia,AS,AS,-27,133,AS,1,Ghana,GH,GH,8,-2,GH,20161117,http://www.goldcoastbulletin.com.au/news/gold-coast/8000-chinese-expected-at-recordbreaking-business-event-to-be-held-on-gold-coast/news-story/7f3462c98bda13bb01df10c442e4f7c0?nk=a50f2e2b0527d7b1638675504d058fdf-1479367048
599872265,20161117,201611,2016,2016.8685,AUS,AUSTRALIA,AUS,,,,,,,,GHA,GHANA,GHA,,,,,,,,0,070,070,07,2,7.0,3,1,3,9.29705215419501,1,Australia,AS,AS,-27,133,AS,1,Ghana,GH,GH,8,-2,GH,1,Ghana,GH,GH,8,-2,GH,20161117,http://www.goldcoastbulletin.com.au/news/gold-coast/8000-chinese-expected-at-recordbreaking-business-event-to-be-held-on-gold-coast/news-story/7f3462c98bda13bb01df10c442e4f7c0?nk=a50f2e2b0527d7b1638675504d058fdf-1479367048
599872266,20161117,201611,2016,2016.8685,AUS,AUSTRALIA,AUS,,,,,,,,GHA,GHANA,GHA,,,,,,,,0,080,080,08,2,5.0,6,1,6,9.29705215419501,1,Australia,AS,AS,-27,133,AS,1,Ghana,GH,GH,8,-2,GH,1,Australia,AS,AS,-27,133,AS,20161117,http://www.goldcoastbulletin.com.au/news/gold-coast/8000-chinese-expected-at-recordbreaking-business-event-to-be-held-on-gold-coast/news-story/7f3462c98bda13bb01df10c442e4f7c0?nk=a50f2e2b0527d7b1638675504d058fdf-1479367048
599872392,20161117,201611,2016,2016.8685,BUS,COMPANY,,,,,,BUS,,,CVL,SETTLEMENT,,,,,,CVL,,,0,036,036,03,1,4.0,20,1,10,2.76470588235294,4,"Chatswood, New South Wales, Australia",AS,AS02,-33.8,151.183,-1565262,4,"Chatswood, New South Wales, Australia",AS,AS02,-33.8,151.183,-1565262,4,"Chatswood, New South Wales, Australia",AS,AS02,-33.8,151.183,-1565262,20161117,http://www.investegate.co.uk/metminco-limited--mnc-/rns/funding-of-a-4-85m-for-colombian-gold-fs-secured/201611170709294076P/
599872397,20161117,201611,2016,2016.8685,BUS,BUSINESS,,,,,,BUS,,,GHA,GHANA,GHA,,,,,,,,1,042,042,04,1,1.9,24,1,24,9.29705215419501,1,Ghana,GH,GH,8,-2,GH,1,Ghana,GH,GH,8,-2,GH,1,Ghana,GH,GH,8,-2,GH,20161117,http://www.goldcoastbulletin.com.au/news/gold-coast/8000-chinese-expected-at-recordbreaking-business-event-to-be-held-on-gold-coast/news-story/7f3462c98bda13bb01df10c442e4f7c0?nk=a50f2e2b0527d7b1638675504d058fdf-1479367048
599872414,20161117,201611,2016,2016.8685,BUSLEG,COMPANY,,,,,,BUS,LEG,,AUS,AUSTRALIA,AUS,,,,,,,,1,030,030,03,1,4.0,6,1,6,9.29705215419501,1,Ghana,GH,GH,8,-2,GH,1,Australia,AS,AS,-27,133,AS,1,Ghana,GH,GH,8,-2,GH,20161117,http://www.goldcoastbulletin.com.au/news/gold-coast/8000-chinese-expected-at-recordbreaking-business-event-to-be-held-on-gold-coast/news-story/7f3462c98bda13bb01df10c442e4f7c0?nk=a50f2e2b0527d7b1638675504d058fdf-1479367048
599872415,20161117,201611,2016,2016.8685,BUSLEG,COMPANY,,,,,,BUS,LEG,,AUS,AUSTRALIA,AUS,,,,,,,,1,050,050,05,1,3.5,6,1,6,9.29705215419501,1,Ghana,GH,GH,8,-2,GH,1,Australia,AS,AS,-27,133,AS,1,Ghana,GH,GH,8,-2,GH,20161117,http://www.goldcoastbulletin.com.au/news/gold-coast/8000-chinese-expected-at-recordbreaking-business-event-to-be-held-on-gold-coast/news-story/7f3462c98bda13bb01df10c442e4f7c0?nk=a50f2e2b0527d7b1638675504d058fdf-1479367048
599872416,20161117,201611,2016,2016.8685,BUSLEG,COMPANY,,,,,,BUS,LEG,,GHA,GHANA,GHA,,,,,,,,1,030,030,03,1,4.0,24,1,24,9.29705215419501,1,Ghana,GH,GH,8,-2,GH,1,Ghana,GH,GH,8,-2,GH,1,Ghana,GH,GH,8,-2,GH,20161117,http://www.goldcoastbulletin.com.au/news/gold-coast/8000-chinese-expected-at-recordbreaking-business-event-to-be-held-on-gold-coast/news-story/7f3462c98bda13bb01df10c442e4f7c0?nk=a50f2e2b0527d7b1638675504d058fdf-1479367048
599872417,20161117,201611,2016,2016.8685,BUSLEG,COMPANY,,,,,,BUS,LEG,,GHA,GHANA,GHA,,,,,,,,1,050,050,05,1,3.5,24,1,24,9.29705215419501,1,Ghana,GH,GH,8,-2,GH,1,Ghana,GH,GH,8,-2,GH,1,Ghana,GH,GH,8,-2,GH,20161117,http://www.goldcoastbulletin.com.au/news/gold-coast/8000-chinese-expected-at-recordbreaking-business-event-to-be-held-on-gold-coast/news-story/7f3462c98bda13bb01df10c442e4f7c0?nk=a50f2e2b0527d7b1638675504d058fdf-1479367048
599872458,20161117,201611,2016,2016.8685,CHN,CHINA,CHN,,,,,,,,GHA,GHANA,GHA,,,,,,,,1,036,036,03,1,4.0,6,1,6,9.29705215419501,1,China,CH,CH,35,105,CH,1,Ghana,GH,GH,8,-2,GH,1,China,CH,CH,35,105,CH,20161117,http://www.goldcoastbulletin.com.au/news/gold-coast/8000-chinese-expected-at-recordbreaking-business-event-to-be-held-on-gold-coast/news-story/7f3462c98bda13bb01df10c442e4f7c0?nk=a50f2e2b0527d7b1638675504d058fdf-1479367048
599872475,20161117,201611,2016,2016.8685,CHNBUS,CHINA,CHN,,,,,BUS,,,,,,,,,,,,,0,070,070,07,2,7.0,3,1,3,9.29705215419501,1,China,CH,CH,35,105,CH,0,,,,,,,1,Ghana,GH,GH,8,-2,GH,20161117,http://www.goldcoastbulletin.com.au/news/gold-coast/8000-chinese-expected-at-recordbreaking-business-event-to-be-held-on-gold-coast/news-story/7f3462c98bda13bb01df10c442e4f7c0?nk=a50f2e2b0527d7b1638675504d058fdf-1479367048
599872476,20161117,201611,2016,2016.8685,CHNBUS,CHINA,CHN,,,,,BUS,,,AUS,AUSTRALIA,AUS,,,,,,,,0,080,080,08,2,5.0,3,1,3,9.29705215419501,1,China,CH,CH,35,105,CH,1,Australia,AS,AS,-27,133,AS,1,Australia,AS,AS,-27,133,AS,20161117,http://www.goldcoastbulletin.com.au/news/gold-coast/8000-chinese-expected-at-recordbreaking-business-event-to-be-held-on-gold-coast/news-story/7f3462c98bda13bb01df10c442e4f7c0?nk=a50f2e2b0527d7b1638675504d058fdf-1479367048
599872602,20161117,201611,2016,2016.8685,CVL,SETTLEMENT,,,,,,CVL,,,BUS,COMPANY,,,,,,BUS,,,0,036,036,03,1,4.0,20,1,10,2.76470588235294,4,"Chatswood, New South Wales, Australia",AS,AS02,-33.8,151.183,-1565262,4,"Chatswood, New South Wales, Australia",AS,AS02,-33.8,151.183,-1565262,4,"Chatswood, New South Wales, Australia",AS,AS02,-33.8,151.183,-1565262,20161117,http://www.investegate.co.uk/metminco-limited--mnc-/rns/funding-of-a-4-85m-for-colombian-gold-fs-secured/201611170709294076P/
599872904,20161117,201611,2016,2016.8685,GHA,GHANA,GHA,,,,,,,,,,,,,,,,,,0,070,070,07,2,7.0,3,1,3,9.29705215419501,1,Australia,AS,AS,-27,133,AS,0,,,,,,,1,Ghana,GH,GH,8,-2,GH,20161117,http://www.goldcoastbulletin.com.au/news/gold-coast/8000-chinese-expected-at-recordbreaking-business-event-to-be-held-on-gold-coast/news-story/7f3462c98bda13bb01df10c442e4f7c0?nk=a50f2e2b0527d7b1638675504d058fdf-1479367048
599872905,20161117,201611,2016,2016.8685,GHA,GHANA,GHA,,,,,,,,,,,,,,,,,,0,070,070,07,2,7.0,3,1,3,9.29705215419501,1,Ghana,GH,GH,8,-2,GH,0,,,,,,,1,Ghana,GH,GH,8,-2,GH,20161117,http://www.goldcoastbulletin.com.au/news/gold-coast/8000-chinese-expected-at-recordbreaking-business-event-to-be-held-on-gold-coast/news-story/7f3462c98bda13bb01df10c442e4f7c0?nk=a50f2e2b0527d7b1638675504d058fdf-1479367048
599872907,20161117,201611,2016,2016.8685,GHA,GHANA,GHA,,,,,,,,,,,,,,,,,,1,180,180,18,4,-9.0,14,2,14,-5.32237152286658,1,Ghana,GH,GH,8,-2,GH,0,,,,,,,1,Ghana,GH,GH,8,-2,GH,20161117,http://www.goldcoastbulletin.com.au/news/gold-coast/shelsea-schillings-heartbroken-mum-says-she-was-left-to-die/news-story/ff88c0c70e6683bfc3497d7c52a6af6f?nk=647ca01e3907d70a3c6f5e5e2b3b2358-1479367087
599872908,20161117,201611,2016,2016.8685,GHA,GHANA,GHA,,,,,,,,AUS,AUSTRALIA,AUS,,,,,,,,1,020,020,02,1,3.0,6,1,6,9.29705215419501,1,Australia,AS,AS,-27,133,AS,1,China,CH,CH,35,105,CH,1,Australia,AS,AS,-27,133,AS,20161117,http://www.goldcoastbulletin.com.au/news/gold-coast/8000-chinese-expected-at-recordbreaking-business-event-to-be-held-on-gold-coast/news-story/7f3462c98bda13bb01df10c442e4f7c0?nk=a50f2e2b0527d7b1638675504d058fdf-1479367048
599872909,20161117,201611,2016,2016.8685,GHA,GHANA,GHA,,,,,,,,AUS,AUSTRALIA,AUS,,,,,,,,1,020,020,02,1,3.0,6,1,6,9.29705215419501,1,Australia,AS,AS,-27,133,AS,1,China,CH,CH,35,105,CH,1,Ghana,GH,GH,8,-2,GH,20161117,http://www.goldcoastbulletin.com.au/news/gold-coast/8000-chinese-expected-at-recordbreaking-business-event-to-be-held-on-gold-coast/news-story/7f3462c98bda13bb01df10c442e4f7c0?nk=a50f2e2b0527d7b1638675504d058fdf-1479367048
599872910,20161117,201611,2016,2016.8685,GHA,GHANA,GHA,,,,,,,,AUS,AUSTRALIAN,AUS,,,,,,,,1,020,020,02,1,3.0,6,1,6,9.29705215419501,1,Australia,AS,AS,-27,133,AS,1,Ghana,GH,GH,8,-2,GH,1,Australia,AS,AS,-27,133,AS,20161117,http://www.goldcoastbulletin.com.au/news/gold-coast/8000-chinese-expected-at-recordbreaking-business-event-to-be-held-on-gold-coast/news-story/7f3462c98bda13bb01df10c442e4f7c0?nk=a50f2e2b0527d7b1638675504d058fdf-1479367048
599872911,20161117,201611,2016,2016.8685,GHA,GHANA,GHA,,,,,,,,AUS,AUSTRALIAN,AUS,,,,,,,,1,020,020,02,1,3.0,6,1,6,9.29705215419501,1,Ghana,GH,GH,8,-2,GH,1,China,CH,CH,35,105,CH,1,Ghana,GH,GH,8,-2,GH,20161117,http://www.goldcoastbulletin.com.au/news/gold-coast/8000-chinese-expected-at-recordbreaking-business-event-to-be-held-on-gold-coast/news-story/7f3462c98bda13bb01df10c442e4f7c0?nk=a50f2e2b0527d7b1638675504d058fdf-1479367048
599872912,20161117,201611,2016,2016.8685,GHA,GHANA,GHA,,,,,,,,AUS,AUSTRALIA,AUS,,,,,,,,0,070,070,07,2,7.0,3,1,3,9.29705215419501,1,Australia,AS,AS,-27,133,AS,1,Australia,AS,AS,-27,133,AS,1,Ghana,GH,GH,8,-2,GH,20161117,http://www.goldcoastbulletin.com.au/news/gold-coast/8000-chinese-expected-at-recordbreaking-business-event-to-be-held-on-gold-coast/news-story/7f3462c98bda13bb01df10c442e4f7c0?nk=a50f2e2b0527d7b1638675504d058fdf-1479367048
599872913,20161117,201611,2016,2016.8685,GHA,GHANA,GHA,,,,,,,,AUS,AUSTRALIA,AUS,,,,,,,,0,070,070,07,2,7.0,3,1,3,9.29705215419501,1,Ghana,GH,GH,8,-2,GH,1,Australia,AS,AS,-27,133,AS,1,Ghana,GH,GH,8,-2,GH,20161117,http://www.goldcoastbulletin.com.au/news/gold-coast/8000-chinese-expected-at-recordbreaking-business-event-to-be-held-on-gold-coast/news-story/7f3462c98bda13bb01df10c442e4f7c0?nk=a50f2e2b0527d7b1638675504d058fdf-1479367048
599872914,20161117,201611,2016,2016.8685,GHA,GHANA,GHA,,,,,,,,AUS,AUSTRALIA,AUS,,,,,,,,0,080,080,08,2,5.0,3,1,3,9.29705215419501,1,Australia,AS,AS,-27,133,AS,1,China,CH,CH,35,105,CH,1,China,CH,CH,35,105,CH,20161117,http://www.goldcoastbulletin.com.au/news/gold-coast/8000-chinese-expected-at-recordbreaking-business-event-to-be-held-on-gold-coast/news-story/7f3462c98bda13bb01df10c442e4f7c0?nk=a50f2e2b0527d7b1638675504d058fdf-1479367048
599872915,20161117,201611,2016,2016.8685,GHA,GHANA,GHA,,,,,,,,AUS,AUSTRALIA,AUS,,,,,,,,0,080,080,08,2,5.0,3,1,3,9.29705215419501,1,Ghana,GH,GH,8,-2,GH,1,Australia,AS,AS,-27,133,AS,1,Australia,AS,AS,-27,133,AS,20161117,http://www.goldcoastbulletin.com.au/news/gold-coast/8000-chinese-expected-at-recordbreaking-business-event-to-be-held-on-gold-coast/news-story/7f3462c98bda13bb01df10c442e4f7c0?nk=a50f2e2b0527d7b1638675504d058fdf-1479367048
599872916,20161117,201611,2016,2016.8685,GHA,GHANA,GHA,,,,,,,,BUS,BUSINESS,,,,,,BUS,,,1,043,043,04,1,2.8,24,1,24,9.29705215419501,1,Ghana,GH,GH,8,-2,GH,1,Ghana,GH,GH,8,-2,GH,1,Ghana,GH,GH,8,-2,GH,20161117,http://www.goldcoastbulletin.com.au/news/gold-coast/8000-chinese-expected-at-recordbreaking-business-event-to-be-held-on-gold-coast/news-story/7f3462c98bda13bb01df10c442e4f7c0?nk=a50f2e2b0527d7b1638675504d058fdf-1479367048
599872917,20161117,201611,2016,2016.8685,GHA,GHANA,GHA,,,,,,,,CHN,CHINA,CHN,,,,,,,,1,036,036,03,1,4.0,6,1,6,9.29705215419501,1,Ghana,GH,GH,8,-2,GH,1,China,CH,CH,35,105,CH,1,China,CH,CH,35,105,CH,20161117,http://www.goldcoastbulletin.com.au/news/gold-coast/8000-chinese-expected-at-recordbreaking-business-event-to-be-held-on-gold-coast/news-story/7f3462c98bda13bb01df10c442e4f7c0?nk=a50f2e2b0527d7b1638675504d058fdf-1479367048
599873377,20161117,201611,2016,2016.8685,LEG,DELEGATE,,,,,,LEG,,,,,,,,,,,,,1,043,043,04,1,2.8,6,1,6,9.29705215419501,1,China,CH,CH,35,105,CH,0,,,,,,,1,China,CH,CH,35,105,CH,20161117,http://www.goldcoastbulletin.com.au/news/gold-coast/8000-chinese-expected-at-recordbreaking-business-event-to-be-held-on-gold-coast/news-story/7f3462c98bda13bb01df10c442e4f7c0?nk=a50f2e2b0527d7b1638675504d058fdf-1479367048
599873378,20161117,201611,2016,2016.8685,LEG,DELEGATE,,,,,,LEG,,,,,,,,,,,,,1,043,043,04,1,2.8,24,1,24,9.29705215419501,1,Ghana,GH,GH,8,-2,GH,0,,,,,,,1,Ghana,GH,GH,8,-2,GH,20161117,http://www.goldcoastbulletin.com.au/news/gold-coast/8000-chinese-expected-at-recordbreaking-business-event-to-be-held-on-gold-coast/news-story/7f3462c98bda13bb01df10c442e4f7c0?nk=a50f2e2b0527d7b1638675504d058fdf-1479367048
599873441,20161117,201611,2016,2016.8685,MED,WEBSITE,,,,,,MED,,,,,,,,,,,,,1,036,036,03,1,4.0,10,1,10,1.84162062615101,4,"Luika, Mbeya, Tanzania",TZ,TZ09,-8.35,32.9333,-2566986,0,,,,,,,4,"Luika, Mbeya, Tanzania",TZ,TZ09,-8.35,32.9333,-2566986,20161117,http://www.investegate.co.uk/shanta-gold-limited--shg-/rns/-5-25m-silver-streaming-advanced-payment-received/201611170700134014P/
599873445,20161117,201611,2016,2016.8685,MED,WEBSITE,,,,,,MED,,,,,,,,,,,,,1,036,036,03,1,4.0,10,1,10,2.76470588235294,4,"Quinchia, Departamento de Risaralda, Colombia",CO,CO24,5.33957,-75.7302,-596231,0,,,,,,,4,"Quinchia, Departamento de Risaralda, Colombia",CO,CO24,5.33957,-75.7302,-596231,20161117,http://www.investegate.co.uk/metminco-limited--mnc-/rns/funding-of-a-4-85m-for-colombian-gold-fs-secured/201611170709294076P/
599873633,20161117,201611,2016,2016.8685,NGOBGDDEV,BRAC,BGD,,,,,NGO,DEV,,,,,,,,,,,,1,080,080,08,2,5.0,50,2,30,2.83725661104872,0,,,,,,,0,,,,,,,0,,,,,,,20161117,https://www.yahoo.com/news/golden-agri-braces-16-decline-070300399.html
599873634,20161117,201611,2016,2016.8685,NGOBGDDEV,BRAC,BGD,,,,,NGO,DEV,,,,,,,,,,,,1,120,120,12,3,-4.0,50,2,30,2.83725661104872,0,,,,,,,0,,,,,,,0,,,,,,,20161117,https://www.yahoo.com/news/golden-agri-braces-16-decline-070300399.html
599873654,20161117,201611,2016,2016.8685,NZLGOV,NEW ZEALAND,NZL,,,,,GOV,,,NZL,NEW ZEALANDER,NZL,,,,,,,,1,111,111,11,3,-2.0,120,6,120,-5.2506745073374,4,"Kaikoura, New Zealand (general), New Zealand",NZ,NZ00,-42.4167,173.683,-1511424,4,"Kaikoura, New Zealand (general), New Zealand",NZ,NZ00,-42.4167,173.683,-1511424,4,"Kaikoura, New Zealand (general), New Zealand",NZ,NZ00,-42.4167,173.683,-1511424,20161117,http://www.goldcoastbulletin.com.au/news/world/nz-bishop-brian-tamaki-says-earthquake-caused-by-sinners-homosexuals-murderers/news-story/021a90571625130470ac908596946793?nk=2ad6f2c14c8cd63fe18e9f9c99371d0d-1479367031
599873720,20161117,201611,2016,2016.8685,PTY,DEMOCRATIC PARTY,,,,,,,,,,,,,,,,,,,0,020,020,02,1,3.0,55,5,55,0.729232231146903,2,"New York, United States",US,USNY,42.1497,-74.9384,NY,0,,,,,,,2,"New York, United States",US,USNY,42.1497,-74.9384,NY,20161117,http://www.mdjonline.com/opinion/jonah-goldberg-obama-helped-pave-the-way-for-clinton-s/article_2f739da8-ac78-11e6-a7e7-0f93a71bcf10.html
599877070,20161117,201611,2016,2016.8685,MNC,MASTERCARD,,,,,,MNC,,,USA,AMERICAN,USA,,,,,,,,1,010,010,01,1,0.0,10,1,10,3.95480225988701,3,"Lake Almanor, California, United States",US,USCA,40.2527,-121.161,256197,3,"Lake Almanor, California, United States",US,USCA,40.2527,-121.161,256197,3,"Lake Almanor, California, United States",US,USCA,40.2527,-121.161,256197,20161117,http://www.realgeni.com/detail/land/Golden-Jura-Placer-40-Acre-Placer-Gold-Mining_282258215460.html
599878980,20161117,201611,2016,2016.8685,MNCZAF,HARMONY GOLD MINING,ZAF,,,,,MNC,,,,,,,,,,,,,1,010,010,01,1,0.0,10,1,10,8.34879406307977,4,"Kraaipan, North-West, South Africa",SF,SF10,-26.2833,25.3,-1247921,0,,,,,,,4,"Kraaipan, North-West, South Africa",SF,SF10,-26.2833,25.3,-1247921,20161117,http://www.webbreakingnews.com/2016/11/17/harmony-gold-mining-co-hmy-lifted-to-equal-weight-at-morgan-stanley.html
599882587,20161117,201611,2016,2016.8685,BUS,BUSINESS,,,,,,BUS,,,,,,,,,,,,,0,013,013,01,1,0.4,6,2,6,1.68274192640408,2,"Georgia, United States",US,USGA,32.9866,-83.6487,GA,0,,,,,,,2,"Georgia, United States",US,USGA,32.9866,-83.6487,GA,20161117,http://goldenisles.news/news/local_news/georgia-power-closes-camden-offices/article_f7658467-17b1-5d4f-8fe1-abd6a53f9055.html
599882608,20161117,201611,2016,2016.8685,BUS,BUSINESS,,,,,,BUS,,,,,,,,,,,,,1,160,160,16,4,-4.0,2,2,2,1.68274192640408,2,"Georgia, United States",US,USGA,32.9866,-83.6487,GA,0,,,,,,,2,"Georgia, United States",US,USGA,32.9866,-83.6487,GA,20161117,http://goldenisles.news/news/local_news/georgia-power-closes-camden-offices/article_f7658467-17b1-5d4f-8fe1-abd6a53f9055.html
599882609,20161117,201611,2016,2016.8685,BUS,BUSINESS,,,,,,BUS,,,,,,,,,,,,,0,192,192,19,4,-9.5,12,2,12,1.68274192640408,2,"Georgia, United States",US,USGA,32.9866,-83.6487,GA,0,,,,,,,2,"Georgia, United States",US,USGA,32.9866,-83.6487,GA,20161117,http://goldenisles.news/news/local_news/georgia-power-closes-camden-offices/article_f7658467-17b1-5d4f-8fe1-abd6a53f9055.html
599883185,20161117,201611,2016,2016.8685,GOV,GOVERNMENT,,,,,,GOV,,,USA,UNITED STATES,USA,,,,,,,,0,173,173,17,4,-5.0,4,1,4,-0.97560975609756,2,"Massachusetts, United States",US,USMA,42.2373,-71.5314,MA,2,"Massachusetts, United States",US,USMA,42.2373,-71.5314,MA,2,"Massachusetts, United States",US,USMA,42.2373,-71.5314,MA,20161117,http://indianexpress.com/article/business/companies/former-goldman-sachs-director-rajat-gupta-assumes-new-role-as-chairman-of-non-profit-4380114/
599883324,20161117,201611,2016,2016.8685,ITA,ITALIAN,ITA,,,,,,,,,,,,,,,,,,1,1043,104,10,3,-5.0,5,1,5,-1.40845070422535,4,"Dublin, Dublin, Ireland",EI,EI07,53.3331,-6.24889,-1502554,0,,,,,,,4,"Dublin, Dublin, Ireland",EI,EI07,53.3331,-6.24889,-1502554,20161117,http://www.independent.ie/irish-news/courts/im-no-gold-digger-designer-with-claims-history-including-75k-for-wall-repair-and-83k-for-petrol-station-slip-35222541.html
599883919,20161117,201611,2016,2016.8685,USA,UNITED STATES,USA,,,,,,,,,,,,,,,,,,1,014,014,01,1,0.0,8,2,8,-0.835027100271,2,"Massachusetts, United States",US,USMA,42.2373,-71.5314,MA,0,,,,,,,2,"Massachusetts, United States",US,USMA,42.2373,-71.5314,MA,20161117,http://indianexpress.com/article/business/companies/former-goldman-sachs-director-rajat-gupta-assumes-new-role-as-chairman-of-non-profit-4380114/
599883957,20161117,201611,2016,2016.8685,USA,UNITED STATES,USA,,,,,,,,BUS,BUSINESS,,,,,,BUS,,,0,012,012,01,1,-0.4,4,2,4,1.68274192640408,2,"Georgia, United States",US,USGA,32.9866,-83.6487,GA,2,"Georgia, United States",US,USGA,32.9866,-83.6487,GA,2,"Georgia, United States",US,USGA,32.9866,-83.6487,GA,20161117,http://goldenisles.news/news/local_news/georgia-power-closes-camden-offices/article_f7658467-17b1-5d4f-8fe1-abd6a53f9055.html
599883962,20161117,201611,2016,2016.8685,USA,UNITED STATES,USA,,,,,,,,BUS,BUSINESS,,,,,,BUS,,,1,160,160,16,4,-4.0,4,2,4,1.68274192640408,2,"Georgia, United States",US,USGA,32.9866,-83.6487,GA,2,"Georgia, United States",US,USGA,32.9866,-83.6487,GA,2,"Georgia, United States",US,USGA,32.9866,-83.6487,GA,20161117,http://goldenisles.news/news/local_news/georgia-power-closes-camden-offices/article_f7658467-17b1-5d4f-8fe1-abd6a53f9055.html
599883964,20161117,201611,2016,2016.8685,USA,UNITED STATES,USA,,,,,,,,BUS,BUSINESS,,,,,,BUS,,,0,192,192,19,4,-9.5,8,2,8,1.68274192640408,2,"Georgia, United States",US,USGA,32.9866,-83.6487,GA,2,"Georgia, United States",US,USGA,32.9866,-83.6487,GA,2,"Georgia, United States",US,USGA,32.9866,-83.6487,GA,20161117,http://goldenisles.news/news/local_news/georgia-power-closes-camden-offices/article_f7658467-17b1-5d4f-8fe1-abd6a53f9055.html
599884016,20161117,201611,2016,2016.8685,USA,UNITED STATES,USA,,,,,,,,JUD,APPEALS COURT,,,,,,JUD,,,1,173,173,17,4,-5.0,8,2,8,-0.48780487804878,2,"Massachusetts, United States",US,USMA,42.2373,-71.5314,MA,2,"Massachusetts, United States",US,USMA,42.2373,-71.5314,MA,2,"Massachusetts, United States",US,USMA,42.2373,-71.5314,MA,20161117,http://indianexpress.com/article/business/companies/former-goldman-sachs-director-rajat-gupta-assumes-new-role-as-chairman-of-non-profit-4380114/
599886004,20161117,201611,2016,2016.8685,,,,,,,,,,,RUS,RUSSIAN,RUS,,,,,,,,1,051,051,05,1,3.4,2,1,2,4.98338870431893,0,,,,,,,2,"New York, United States",US,USNY,42.1497,-74.9384,NY,2,"New York, United States",US,USNY,42.1497,-74.9384,NY,20161117,https://themoscowtimes.com/news/russian-firm-honors-trump-with-3000-gold-coated-iphone-7-56183
599887711,20161117,201611,2016,2016.8685,RUSGOV,VLADIMIR PUTIN,RUS,,,,,GOV,,,RUS,RUSSIAN,RUS,,,,,,,,1,051,051,05,1,3.4,3,1,3,4.98338870431893,4,"Kremlin, Moskva, Russia",RS,RS48,55.7522,37.6156,-2960561,2,"New York, United States",US,USNY,42.1497,-74.9384,NY,2,"New York, United States",US,USNY,42.1497,-74.9384,NY,20161117,https://themoscowtimes.com/news/russian-firm-honors-trump-with-3000-gold-coated-iphone-7-56183
599887712,20161117,201611,2016,2016.8685,RUSGOV,VLADIMIR PUTIN,RUS,,,,,GOV,,,RUS,RUSSIAN,RUS,,,,,,,,1,051,051,05,1,3.4,2,1,2,4.98338870431893,2,"New York, United States",US,USNY,42.1497,-74.9384,NY,2,"New York, United States",US,USNY,42.1497,-74.9384,NY,2,"New York, United States",US,USNY,42.1497,-74.9384,NY,20161117,https://themoscowtimes.com/news/russian-firm-honors-trump-with-3000-gold-coated-iphone-7-56183
599888122,20161117,201611,2016,2016.8685,USA,UNITED STATES,USA,,,,,,,,RUSGOV,RUSSIA,RUS,,,,,GOV,,,1,111,111,11,3,-2.0,1,1,1,4.98338870431893,4,"Kremlin, Moskva, Russia",RS,RS48,55.7522,37.6156,-2960561,4,"Kremlin, Moskva, Russia",RS,RS48,55.7522,37.6156,-2960561,4,"Kremlin, Moskva, Russia",RS,RS48,55.7522,37.6156,-2960561,20161117,https://themoscowtimes.com/news/russian-firm-honors-trump-with-3000-gold-coated-iphone-7-56183
599888123,20161117,201611,2016,2016.8685,USA,UNITED STATES,USA,,,,,,,,RUSGOV,RUSSIA,RUS,,,,,GOV,,,1,111,111,11,3,-2.0,1,1,1,4.98338870431893,2,"New York, United States",US,USNY,42.1497,-74.9384,NY,4,"Kremlin, Moskva, Russia",RS,RS48,55.7522,37.6156,-2960561,4,"Kremlin, Moskva, Russia",RS,RS48,55.7522,37.6156,-2960561,20161117,https://themoscowtimes.com/news/russian-firm-honors-trump-with-3000-gold-coated-iphone-7-56183
599894754,20161117,201611,2016,2016.8685,MNCGBRHLH,SHIRE PLC,GBR,,,,,MNC,HLH,,,,,,,,,,,,1,010,010,01,1,0.0,10,1,10,0.248756218905473,0,,,,,,,0,,,,,,,0,,,,,,,20161117,http://www.dailypolitical.com/2016/11/17/shire-plcs-shp-conviction-buy-rating-reiterated-at-goldman-sachs-group-inc.html
599898428,20161117,201611,2016,2016.8685,LEG,SENATOR,,,,,,LEG,,,BRB,BARBADIAN,BRB,,,,,,,,1,020,020,02,1,3.0,10,1,10,2.8125,1,Barbados,BB,BB,13.1667,-59.5333,BB,1,Barbados,BB,BB,13.1667,-59.5333,BB,1,Barbados,BB,BB,13.1667,-59.5333,BB,20161117,http://www.barbadostoday.bb/2016/11/17/senator-mcclean-golden-jubilee-a-time-for-reflection/
599898429,20161117,201611,2016,2016.8685,LEG,SENATOR,,,,,,LEG,,,BRB,BARBADIAN,BRB,,,,,,,,1,051,051,05,1,3.4,10,1,10,2.8125,1,Barbados,BB,BB,13.1667,-59.5333,BB,1,Barbados,BB,BB,13.1667,-59.5333,BB,1,Barbados,BB,BB,13.1667,-59.5333,BB,20161117,http://www.barbadostoday.bb/2016/11/17/senator-mcclean-golden-jubilee-a-time-for-reflection/
599898529,20161117,201611,2016,2016.8685,MNCUSA,GOLDMAN SACHS,USA,,,,,MNC,,,,,,,,,,,,,1,120,120,12,3,-4.0,10,1,10,-4.66666666666667,4,"London, London, City of, United Kingdom",UK,UKH9,51.5,-0.116667,-2601889,0,,,,,,,4,"London, London, City of, United Kingdom",UK,UKH9,51.5,-0.116667,-2601889,20161117,http://www.4-traders.com/GOLDMAN-SACHS-GROUP-INC-12831/news/Goldman-Sachs-RBS-rejected-Goldman-Deloitte-warning-over-2008-cash-call-lawsuit-alleges-23415651/
599900994,20161117,201611,2016,2016.8685,,,,,,,,,,,BUS,INDUSTRY,,,,,,BUS,,,1,040,040,04,1,1.0,10,1,10,-0.321543408360124,0,,,,,,,4,"Dongfang, Zhejiang, China",CH,CH02,29.9866,120.018,11018121,4,"Dongfang, Zhejiang, China",CH,CH02,29.9866,120.018,11018121,20161117,http://www.newsmaker.com.au/news/162481/global-hydropower-turbines-market-2016-voith-gamesa-goldwind-science-technology-siemens-wind-power-vestasdongfang-electric-corporation-ge-wind-energy
599901085,20161117,201611,2016,2016.8685,,,,,,,,,,,IRN,IRAN,IRN,,,,,,,,0,036,036,03,1,4.0,10,1,10,-0.60468631897204,0,,,,,,,4,"Bajgiran, Markazi, Iran",IR,IR34,33.6646,49.3423,-3054865,4,"Bajgiran, Markazi, Iran",IR,IR34,33.6646,49.3423,-3054865,20161117,http://ifpnews.com/news/homeland/tourism/2016/11/golden-memories-swedish-woman-ran-across-iran-alone/
599901086,20161117,201611,2016,2016.8685,,,,,,,,,,,IRN,IRAN,IRN,,,,,,,,0,042,042,04,1,1.9,10,1,10,-0.60468631897204,0,,,,,,,4,"Bajgiran, Markazi, Iran",IR,IR34,33.6646,49.3423,-3054865,4,"Bajgiran, Markazi, Iran",IR,IR34,33.6646,49.3423,-3054865,20161117,http://ifpnews.com/news/homeland/tourism/2016/11/golden-memories-swedish-woman-ran-across-iran-alone/
599901087,20161117,201611,2016,2016.8685,,,,,,,,,,,IRN,IRAN,IRN,,,,,,,,1,192,192,19,4,-9.5,2,1,2,-0.60468631897204,0,,,,,,,4,"Bajgiran, Markazi, Iran",IR,IR34,33.6646,49.3423,-3054865,4,"Bajgiran, Markazi, Iran",IR,IR34,33.6646,49.3423,-3054865,20161117,http://ifpnews.com/news/homeland/tourism/2016/11/golden-memories-swedish-woman-ran-across-iran-alone/
599901088,20161117,201611,2016,2016.8685,,,,,,,,,,,IRN,IRAN,IRN,,,,,,,,1,192,192,19,4,-9.5,8,1,8,-0.60468631897204,0,,,,,,,4,"Khabar, Kerman, Iran",IR,IR29,30.5455,54.7052,-3070321,4,"Khabar, Kerman, Iran",IR,IR29,30.5455,54.7052,-3070321,20161117,http://ifpnews.com/news/homeland/tourism/2016/11/golden-memories-swedish-woman-ran-across-iran-alone/
599901425,20161117,201611,2016,2016.8685,BUS,COMPANY,,,,,,BUS,,,,,,,,,,,,,1,020,020,02,1,3.0,32,3,32,0.951435743022651,4,"Brisbane, Queensland, Australia",AS,AS04,-27.5,153.017,-1561728,0,,,,,,,4,"Brisbane, Queensland, Australia",AS,AS04,-27.5,153.017,-1561728,20161117,http://www.investegate.co.uk/solgold-plc--solg-/rns/2016-solg-annual-report/201611170905174484P/
599901434,20161117,201611,2016,2016.8685,BUS,INDUSTRY,,,,,,BUS,,,,,,,,,,,,,1,040,040,04,1,1.0,10,1,10,-0.321543408360124,4,"Dongfang, Zhejiang, China",CH,CH02,29.9866,120.018,11018121,0,,,,,,,4,"Dongfang, Zhejiang, China",CH,CH02,29.9866,120.018,11018121,20161117,http://www.newsmaker.com.au/news/162481/global-hydropower-turbines-market-2016-voith-gamesa-goldwind-science-technology-siemens-wind-power-vestasdongfang-electric-corporation-ge-wind-energy
599901638,20161117,201611,2016,2016.8685,CRM,RUNNER,,,,,,CRM,,,IRN,IRANIAN,IRN,,,,,,,,1,042,042,04,1,1.9,2,1,2,-0.60468631897204,4,"Bajgiran, Markazi, Iran",IR,IR34,33.6646,49.3423,-3054865,4,"Bajgiran, Markazi, Iran",IR,IR34,33.6646,49.3423,-3054865,4,"Bajgiran, Markazi, Iran",IR,IR34,33.6646,49.3423,-3054865,20161117,http://ifpnews.com/news/homeland/tourism/2016/11/golden-memories-swedish-woman-ran-across-iran-alone/
599901874,20161117,201611,2016,2016.8685,GBR,SCOTLAND,GBR,,,,,,,,,,,,,,,,,,0,154,154,15,4,-7.2,10,1,10,1.47058823529412,1,United Kingdom,UK,UK,54,-2,UK,0,,,,,,,1,United Kingdom,UK,UK,54,-2,UK,20161117,https://www.pressandjournal.co.uk/fp/news/aberdeen/1086149/no-gps-sign-up-to-grampian-scheme-despite-being-offered-20k-golden-hello/
599901899,20161117,201611,2016,2016.8685,GBR,BRITISH,GBR,,,,,,,,ESP,SPAIN,ESP,,,,,,,,1,181,181,18,4,-9.0,2,1,2,1.89189189189189,4,"The Mint, Cumbria, United Kingdom",UK,UKC9,54.3333,-2.73333,-2603205,4,"The Mint, Cumbria, United Kingdom",UK,UKC9,54.3333,-2.73333,-2603205,4,"The Mint, Cumbria, United Kingdom",UK,UKC9,54.3333,-2.73333,-2603205,20161117,http://www.bobfm.co.uk/news/local-news/bishops-stortford-mans-rare-gold-coin-sells-for-225000-at-auction/
599901916,20161117,201611,2016,2016.8685,GBR,UNITED KINGDOM,GBR,,,,,,,,HLH,DOCTOR,,,,,,HLH,,,1,020,020,02,1,3.0,3,2,3,0.54685190659178,1,United Kingdom,UK,UK,54,-2,UK,1,United Kingdom,UK,UK,54,-2,UK,1,United Kingdom,UK,UK,54,-2,UK,20161117,https://www.pressandjournal.co.uk/fp/news/aberdeen/1086149/no-gps-sign-up-to-grampian-scheme-despite-being-offered-20k-golden-hello/
599902246,20161117,201611,2016,2016.8685,IRN,IRANIAN,IRN,,,,,,,,,,,,,,,,,,0,040,040,04,1,1.0,10,1,10,-0.60468631897204,4,"Bajgiran, Markazi, Iran",IR,IR34,33.6646,49.3423,-3054865,0,,,,,,,4,"Bajgiran, Markazi, Iran",IR,IR34,33.6646,49.3423,-3054865,20161117,http://ifpnews.com/news/homeland/tourism/2016/11/golden-memories-swedish-woman-ran-across-iran-alone/
599902247,20161117,201611,2016,2016.8685,IRN,IRAN,IRN,,,,,,,,,,,,,,,,,,0,043,043,04,1,2.8,10,1,10,-0.60468631897204,4,"Bajgiran, Markazi, Iran",IR,IR34,33.6646,49.3423,-3054865,0,,,,,,,4,"Bajgiran, Markazi, Iran",IR,IR34,33.6646,49.3423,-3054865,20161117,http://ifpnews.com/news/homeland/tourism/2016/11/golden-memories-swedish-woman-ran-across-iran-alone/
599902252,20161117,201611,2016,2016.8685,IRN,IRANIAN,IRN,,,,,,,,CRM,RUNNER,,,,,,CRM,,,1,043,043,04,1,2.8,2,1,2,-0.60468631897204,4,"Khabar, Kerman, Iran",IR,IR29,30.5455,54.7052,-3070321,1,Sweden,SW,SW,62,15,SW,4,"Khabar, Kerman, Iran",IR,IR29,30.5455,54.7052,-3070321,20161117,http://ifpnews.com/news/homeland/tourism/2016/11/golden-memories-swedish-woman-ran-across-iran-alone/
599902265,20161117,201611,2016,2016.8685,IRN,IRANIAN,IRN,,,,,,,,SWE,SWEDEN,SWE,,,,,,,,1,043,043,04,1,2.8,4,1,4,-0.60468631897204,4,"Khabar, Kerman, Iran",IR,IR29,30.5455,54.7052,-3070321,1,Sweden,SW,SW,62,15,SW,4,"Khabar, Kerman, Iran",IR,IR29,30.5455,54.7052,-3070321,20161117,http://ifpnews.com/news/homeland/tourism/2016/11/golden-memories-swedish-woman-ran-across-iran-alone/
599902266,20161117,201611,2016,2016.8685,IRN,IRAN,IRN,,,,,,,,SWE,SWEDEN,SWE,,,,,,,,1,043,043,04,1,2.8,2,1,2,-0.60468631897204,4,"Khabar, Kerman, Iran",IR,IR29,30.5455,54.7052,-3070321,1,Sweden,SW,SW,62,15,SW,1,Sweden,SW,SW,62,15,SW,20161117,http://ifpnews.com/news/homeland/tourism/2016/11/golden-memories-swedish-woman-ran-across-iran-alone/
599902517,20161117,201611,2016,2016.8685,MED,WEBSITE,,,,,,MED,,,,,,,,,,,,,1,036,036,03,1,4.0,40,2,40,1.50520535649376,4,"Brisbane, Queensland, Australia",AS,AS04,-27.5,153.017,-1561728,0,,,,,,,4,"Brisbane, Queensland, Australia",AS,AS04,-27.5,153.017,-1561728,20161117,http://www.investegate.co.uk/solgold-plc--solg-/rns/2016-solg-annual-report/201611170905174484P/
599902619,20161117,201611,2016,2016.8685,MNCUSA,GOLDMAN SACHS,USA,,,,,MNC,,,USA,UNITED STATES,USA,,,,,,,,0,120,120,12,3,-4.0,1,1,1,-4.51366815003179,1,United States,US,US,38,-97,US,1,United States,US,US,38,-97,US,1,United States,US,US,38,-97,US,20161117,http://www.cnbc.com/2016/11/17/rbs-rejected-goldman-deloitte-warning-over-2008-cash-call-lawsuit-alleges.html
599902906,20161117,201611,2016,2016.8685,SWE,SWEDEN,SWE,,,,,,,,IRN,IRANIAN,IRN,,,,,,,,1,042,042,04,1,1.9,6,1,6,-0.60468631897204,4,"Bajgiran, Markazi, Iran",IR,IR34,33.6646,49.3423,-3054865,4,"Bajgiran, Markazi, Iran",IR,IR34,33.6646,49.3423,-3054865,4,"Bajgiran, Markazi, Iran",IR,IR34,33.6646,49.3423,-3054865,20161117,http://ifpnews.com/news/homeland/tourism/2016/11/golden-memories-swedish-woman-ran-across-iran-alone/
599903368,20161117,201611,2016,2016.8685,sna,SHONA,,,sna,,,,,,HLH,DOCTOR,,,,,,HLH,,,1,020,020,02,1,3.0,8,1,8,1.47058823529412,1,United Kingdom,UK,UK,54,-2,UK,1,United Kingdom,UK,UK,54,-2,UK,1,United Kingdom,UK,UK,54,-2,UK,20161117,https://www.pressandjournal.co.uk/fp/news/aberdeen/1086149/no-gps-sign-up-to-grampian-scheme-despite-being-offered-20k-golden-hello/
599914185,20161117,201611,2016,2016.8685,,,,,,,,,,,DEU,BRUNSWICK,DEU,,,,,,,,1,036,036,03,1,4.0,10,1,10,0.440528634361233,0,,,,,,,0,,,,,,,0,,,,,,,20161117,http://goldenisles.news/news/local_news/jwsc-finance-committee-discusses-employee-pay-raises/article_38d6fd88-b387-556c-8602-85ab29c07083.html
599914190,20161117,201611,2016,2016.8685,,,,,,,,,,,EDU,SCHOOL,,,,,,EDU,,,1,043,043,04,1,2.8,1,1,1,-5,0,,,,,,,3,"Mount Calvary Baptist Church, New York, United States",US,USNY,40.7592,-73.5764,2106371,3,"Mount Calvary Baptist Church, New York, United States",US,USNY,40.7592,-73.5764,2106371,20161117,http://goldenisles.news/obituaries/bernice-blackwell/article_7e092e8e-f809-5a9b-97d8-f81100838af2.html
599914191,20161117,201611,2016,2016.8685,,,,,,,,,,,EDU,SCHOOL,,,,,,EDU,,,1,043,043,04,1,2.8,1,1,1,-5,0,,,,,,,3,"Mount Calvary Baptist Church, New York, United States",US,USNY,40.7592,-73.5764,2106371,2,"New York, United States",US,USNY,42.1497,-74.9384,NY,20161117,http://goldenisles.news/obituaries/bernice-blackwell/article_7e092e8e-f809-5a9b-97d8-f81100838af2.html
599914255,20161117,201611,2016,2016.8685,,,,,,,,,,,MIL,ARMY,,,,,,MIL,,,1,046,046,04,1,7.0,10,1,10,2.60303687635575,0,,,,,,,3,"Glynn County, Georgia, United States",US,USGA,31.2336,-81.5332,1671513,3,"Glynn County, Georgia, United States",US,USGA,31.2336,-81.5332,1671513,20161117,http://goldenisles.news/news/local_news/angel-tree-sets-up-shop-in-mall/article_1fb6d16e-a313-5b0a-9715-0a0332799d26.html
599914493,20161117,201611,2016,2016.8685,BUS,EMPLOYER,,,,,,BUS,,,EDU,COLLEGE,,,,,,EDU,,,1,040,040,04,1,1.0,10,1,10,1.35396518375242,2,"Georgia, United States",US,USGA,32.9866,-83.6487,GA,2,"Georgia, United States",US,USGA,32.9866,-83.6487,GA,2,"Georgia, United States",US,USGA,32.9866,-83.6487,GA,20161117,http://goldenisles.news/news/local_news/employer-summit-held-at-college/article_37f686d2-56eb-5406-9c3a-8d91f8dfe459.html
599914508,20161117,201611,2016,2016.8685,BUS,EMPLOYER,,,,,,BUS,,,USA,UNITED STATES,USA,,,,,,,,1,010,010,01,1,0.0,4,1,4,1.35396518375242,2,"Georgia, United States",US,USGA,32.9866,-83.6487,GA,2,"Georgia, United States",US,USGA,32.9866,-83.6487,GA,2,"Georgia, United States",US,USGA,32.9866,-83.6487,GA,20161117,http://goldenisles.news/news/local_news/employer-summit-held-at-college/article_37f686d2-56eb-5406-9c3a-8d91f8dfe459.html
599914639,20161117,201611,2016,2016.8685,CVL,CONSTITUENT,,,,,,CVL,,,,,,,,,,,,,1,020,020,02,1,3.0,18,2,18,0.298278549340453,2,"Georgia, United States",US,USGA,32.9866,-83.6487,GA,0,,,,,,,2,"Georgia, United States",US,USGA,32.9866,-83.6487,GA,20161117,http://goldenisles.news/news/local_news/legislator-proposes-ban-on-veils-burqas-in-license-photos/article_e112b3ff-bf38-55d3-805e-5271ca02f0ac.html
599914647,20161117,201611,2016,2016.8685,CVL,CONSTITUENT,,,,,,CVL,,,,,,,,,,,,,1,0841,084,08,2,7.0,6,1,6,-3.17848410757946,2,"Georgia, United States",US,USGA,32.9866,-83.6487,GA,0,,,,,,,2,"Georgia, United States",US,USGA,32.9866,-83.6487,GA,20161117,http://goldenisles.news/news/local_news/legislator-proposes-ban-on-veils-burqas-in-license-photos/article_e112b3ff-bf38-55d3-805e-5271ca02f0ac.html
599914689,20161117,201611,2016,2016.8685,DEU,BRUNSWICK,DEU,,,,,,,,,,,,,,,,,,1,036,036,03,1,4.0,30,2,30,1.6283243596019,0,,,,,,,0,,,,,,,0,,,,,,,20161117,http://goldenisles.news/news/local_news/jwsc-finance-committee-discusses-employee-pay-raises/article_38d6fd88-b387-556c-8602-85ab29c07083.html
599914744,20161117,201611,2016,2016.8685,EDU,SCHOOL,,,,,,EDU,,,,,,,,,,,,,1,042,042,04,1,1.9,1,1,1,-5,3,"Mount Calvary Baptist Church, New York, United States",US,USNY,40.7592,-73.5764,2106371,0,,,,,,,3,"Mount Calvary Baptist Church, New York, United States",US,USNY,40.7592,-73.5764,2106371,20161117,http://goldenisles.news/obituaries/bernice-blackwell/article_7e092e8e-f809-5a9b-97d8-f81100838af2.html
599914745,20161117,201611,2016,2016.8685,EDU,SCHOOL,,,,,,EDU,,,,,,,,,,,,,1,042,042,04,1,1.9,1,1,1,-5,3,"Mount Calvary Baptist Church, New York, United States",US,USNY,40.7592,-73.5764,2106371,0,,,,,,,2,"New York, United States",US,USNY,42.1497,-74.9384,NY,20161117,http://goldenisles.news/obituaries/bernice-blackwell/article_7e092e8e-f809-5a9b-97d8-f81100838af2.html
599914753,20161117,201611,2016,2016.8685,EDU,COLLEGE,,,,,,EDU,,,BUS,EMPLOYER,,,,,,BUS,,,1,040,040,04,1,1.0,10,1,10,1.35396518375242,2,"Georgia, United States",US,USGA,32.9866,-83.6487,GA,2,"Georgia, United States",US,USGA,32.9866,-83.6487,GA,2,"Georgia, United States",US,USGA,32.9866,-83.6487,GA,20161117,http://goldenisles.news/news/local_news/employer-summit-held-at-college/article_37f686d2-56eb-5406-9c3a-8d91f8dfe459.html
599914776,20161117,201611,2016,2016.8685,EDU,COLLEGE,,,,,,EDU,,,USA,UNITED STATES,USA,,,,,,,,1,043,043,04,1,2.8,2,1,2,-5,3,"Mount Calvary Baptist Church, New York, United States",US,USNY,40.7592,-73.5764,2106371,3,"Mount Calvary Baptist Church, New York, United States",US,USNY,40.7592,-73.5764,2106371,3,"Mount Calvary Baptist Church, New York, United States",US,USNY,40.7592,-73.5764,2106371,20161117,http://goldenisles.news/obituaries/bernice-blackwell/article_7e092e8e-f809-5a9b-97d8-f81100838af2.html
599914778,20161117,201611,2016,2016.8685,EDU,COLLEGE,,,,,,EDU,,,USA,UNITED STATES,USA,,,,,,,,1,043,043,04,1,2.8,1,1,1,-5,2,"New York, United States",US,USNY,42.1497,-74.9384,NY,3,"Mount Calvary Baptist Church, New York, United States",US,USNY,40.7592,-73.5764,2106371,3,"Mount Calvary Baptist Church, New York, United States",US,USNY,40.7592,-73.5764,2106371,20161117,http://goldenisles.news/obituaries/bernice-blackwell/article_7e092e8e-f809-5a9b-97d8-f81100838af2.html
599914779,20161117,201611,2016,2016.8685,EDU,COLLEGE,,,,,,EDU,,,USA,UNITED STATES,USA,,,,,,,,1,043,043,04,1,2.8,3,1,3,-5,2,"New York, United States",US,USNY,42.1497,-74.9384,NY,3,"Mount Calvary Baptist Church, New York, United States",US,USNY,40.7592,-73.5764,2106371,2,"New York, United States",US,USNY,42.1497,-74.9384,NY,20161117,http://goldenisles.news/obituaries/bernice-blackwell/article_7e092e8e-f809-5a9b-97d8-f81100838af2.html
599915014,20161117,201611,2016,2016.8685,GOV,GOVERNMENT,,,,,,GOV,,,MNCUSA,GOLDMAN SACHS,USA,,,,,MNC,,,1,173,173,17,4,-5.0,4,1,4,-1.5267175572519,1,India,IN,IN,20,77,IN,1,India,IN,IN,20,77,IN,1,India,IN,IN,20,77,IN,20161117,http://www.businessworld.in/article/India-Born-Ex-Goldman-Sachs-Director-Assumes-New-Role-/17-11-2016-108407/
599915015,20161117,201611,2016,2016.8685,GOV,GOVERNMENT,,,,,,GOV,,,MNCUSA,GOLDMAN SACHS,USA,,,,,MNC,,,1,173,173,17,4,-5.0,6,1,6,-1.5267175572519,2,"Massachusetts, United States",US,USMA,42.2373,-71.5314,MA,2,"Massachusetts, United States",US,USMA,42.2373,-71.5314,MA,2,"Massachusetts, United States",US,USMA,42.2373,-71.5314,MA,20161117,http://www.businessworld.in/article/India-Born-Ex-Goldman-Sachs-Director-Assumes-New-Role-/17-11-2016-108407/
599915377,20161117,201611,2016,2016.8685,MEX,MEXICO,MEX,,,,,,,,,,,,,,,,,,0,150,150,15,4,-7.2,8,1,8,-4.85611510791367,1,United States,US,US,38,-97,US,0,,,,,,,1,United States,US,US,38,-97,US,20161117,http://goldenisles.news/opinion/letters_to_editor/we-cannot-let-america-destroy-itself/article_14781cac-8a45-501a-814c-7516e39c70ca.html
599915379,20161117,201611,2016,2016.8685,MIL,ARMY,,,,,,MIL,,,,,,,,,,,,,1,046,046,04,1,7.0,10,1,10,2.60303687635575,2,"Georgia, United States",US,USGA,32.9866,-83.6487,GA,0,,,,,,,2,"Georgia, United States",US,USGA,32.9866,-83.6487,GA,20161117,http://goldenisles.news/news/local_news/angel-tree-sets-up-shop-in-mall/article_1fb6d16e-a313-5b0a-9715-0a0332799d26.html
599915393,20161117,201611,2016,2016.8685,MIL,COAST GUARD,,,,,,MIL,,,REL,ABBOT,,,,,,,,,0,046,046,04,1,7.0,6,1,6,2.29645093945721,2,"Ohio, United States",US,USOH,40.3736,-82.7755,OH,2,"Ohio, United States",US,USOH,40.3736,-82.7755,OH,2,"Ohio, United States",US,USOH,40.3736,-82.7755,OH,20161117,http://goldenisles.news/news/local_news/coasties-chart-course-to-success/article_de3cc0d5-1044-5ae0-b1c7-a5398f2971b5.html
599915396,20161117,201611,2016,2016.8685,MIL,COAST GUARD,,,,,,MIL,,,USA,UNITED STATES,USA,,,,,,,,0,046,046,04,1,7.0,2,1,2,2.29645093945721,2,"Ohio, United States",US,USOH,40.3736,-82.7755,OH,2,"Ohio, United States",US,USOH,40.3736,-82.7755,OH,2,"Ohio, United States",US,USOH,40.3736,-82.7755,OH,20161117,http://goldenisles.news/news/local_news/coasties-chart-course-to-success/article_de3cc0d5-1044-5ae0-b1c7-a5398f2971b5.html
599915397,20161117,201611,2016,2016.8685,MIL,COAST GUARD,,,,,,MIL,,,USAREL,UNITED STATES,USA,,,,,,,,0,046,046,04,1,7.0,2,1,2,2.29645093945721,2,"Ohio, United States",US,USOH,40.3736,-82.7755,OH,2,"Ohio, United States",US,USOH,40.3736,-82.7755,OH,2,"Ohio, United States",US,USOH,40.3736,-82.7755,OH,20161117,http://goldenisles.news/news/local_news/coasties-chart-course-to-success/article_de3cc0d5-1044-5ae0-b1c7-a5398f2971b5.html
599915593,20161117,201611,2016,2016.8685,REL,ABBOT,,,,,,,,,MIL,COAST GUARD,,,,,,MIL,,,0,046,046,04,1,7.0,6,1,6,2.29645093945721,2,"Ohio, United States",US,USOH,40.3736,-82.7755,OH,2,"Ohio, United States",US,USOH,40.3736,-82.7755,OH,2,"Ohio, United States",US,USOH,40.3736,-82.7755,OH,20161117,http://goldenisles.news/news/local_news/coasties-chart-course-to-success/article_de3cc0d5-1044-5ae0-b1c7-a5398f2971b5.html
599915813,20161117,201611,2016,2016.8685,USA,UNITED STATES,USA,,,,,,,,,,,,,,,,,,1,020,020,02,1,3.0,2,1,2,2.60303687635575,3,"Glynn County, Georgia, United States",US,USGA,31.2336,-81.5332,1671513,0,,,,,,,3,"Glynn County, Georgia, United States",US,USGA,31.2336,-81.5332,1671513,20161117,http://goldenisles.news/news/local_news/angel-tree-sets-up-shop-in-mall/article_1fb6d16e-a313-5b0a-9715-0a0332799d26.html
599915824,20161117,201611,2016,2016.8685,USA,UNITED STATES,USA,,,,,,,,,,,,,,,,,,1,051,051,05,1,3.4,4,1,4,2.60303687635575,3,"Glynn County, Georgia, United States",US,USGA,31.2336,-81.5332,1671513,0,,,,,,,3,"Glynn County, Georgia, United States",US,USGA,31.2336,-81.5332,1671513,20161117,http://goldenisles.news/news/local_news/angel-tree-sets-up-shop-in-mall/article_1fb6d16e-a313-5b0a-9715-0a0332799d26.html
599915830,20161117,201611,2016,2016.8685,USA,FLORIDA,USA,,,,,,,,,,,,,,,,,,1,060,060,06,2,6.0,5,1,5,2.1505376344086,2,"Florida, United States",US,USFL,27.8333,-81.717,FL,0,,,,,,,3,"Lake Worth, Florida, United States",US,USFL,26.6159,-80.057,285292,20161117,http://goldenisles.news/obituaries/death_notices/bobby-knight/article_914d2e99-6bc6-56ea-a978-e563d3a03b81.html
599915866,20161117,201611,2016,2016.8685,USA,UNITED STATES,USA,,,,,,,,CVL,CONSTITUENT,,,,,,CVL,,,1,0841,084,08,2,7.0,4,1,4,-3.17848410757946,2,"Georgia, United States",US,USGA,32.9866,-83.6487,GA,2,"Georgia, United States",US,USGA,32.9866,-83.6487,GA,2,"Georgia, United States",US,USGA,32.9866,-83.6487,GA,20161117,http://goldenisles.news/news/local_news/legislator-proposes-ban-on-veils-burqas-in-license-photos/article_e112b3ff-bf38-55d3-805e-5271ca02f0ac.html
599915874,20161117,201611,2016,2016.8685,USA,UNITED STATES,USA,,,,,,,,EDU,COLLEGE,,,,,,EDU,,,1,042,042,04,1,1.9,2,1,2,-5,3,"Mount Calvary Baptist Church, New York, United States",US,USNY,40.7592,-73.5764,2106371,3,"Mount Calvary Baptist Church, New York, United States",US,USNY,40.7592,-73.5764,2106371,3,"Mount Calvary Baptist Church, New York, United States",US,USNY,40.7592,-73.5764,2106371,20161117,http://goldenisles.news/obituaries/bernice-blackwell/article_7e092e8e-f809-5a9b-97d8-f81100838af2.html
599915875,20161117,201611,2016,2016.8685,USA,UNITED STATES,USA,,,,,,,,EDU,COLLEGE,,,,,,EDU,,,1,042,042,04,1,1.9,1,1,1,-5,3,"Mount Calvary Baptist Church, New York, United States",US,USNY,40.7592,-73.5764,2106371,2,"New York, United States",US,USNY,42.1497,-74.9384,NY,3,"Mount Calvary Baptist Church, New York, United States",US,USNY,40.7592,-73.5764,2106371,20161117,http://goldenisles.news/obituaries/bernice-blackwell/article_7e092e8e-f809-5a9b-97d8-f81100838af2.html
599915876,20161117,201611,2016,2016.8685,USA,UNITED STATES,USA,,,,,,,,EDU,COLLEGE,,,,,,EDU,,,1,042,042,04,1,1.9,3,1,3,-5,3,"Mount Calvary Baptist Church, New York, United States",US,USNY,40.7592,-73.5764,2106371,2,"New York, United States",US,USNY,42.1497,-74.9384,NY,2,"New York, United States",US,USNY,42.1497,-74.9384,NY,20161117,http://goldenisles.news/obituaries/bernice-blackwell/article_7e092e8e-f809-5a9b-97d8-f81100838af2.html
599915908,20161117,201611,2016,2016.8685,USA,UNITED STATES,USA,,,,,,,,LEG,LAWMAKER,,,,,,LEG,,,1,020,020,02,1,3.0,8,1,8,-3.17848410757946,2,"Georgia, United States",US,USGA,32.9866,-83.6487,GA,2,"Georgia, United States",US,USGA,32.9866,-83.6487,GA,2,"Georgia, United States",US,USGA,32.9866,-83.6487,GA,20161117,http://goldenisles.news/news/local_news/legislator-proposes-ban-on-veils-burqas-in-license-photos/article_e112b3ff-bf38-55d3-805e-5271ca02f0ac.html
599915914,20161117,201611,2016,2016.8685,USA,UNITED STATES,USA,,,,,,,,MIL,COAST GUARD,,,,,,MIL,,,0,046,046,04,1,7.0,2,1,2,2.29645093945721,2,"Ohio, United States",US,USOH,40.3736,-82.7755,OH,2,"Ohio, United States",US,USOH,40.3736,-82.7755,OH,2,"Ohio, United States",US,USOH,40.3736,-82.7755,OH,20161117,http://goldenisles.news/news/local_news/coasties-chart-course-to-success/article_de3cc0d5-1044-5ae0-b1c7-a5398f2971b5.html
599916004,20161117,201611,2016,2016.8685,USAREL,UNITED STATES,USA,,,,,,,,MIL,COAST GUARD,,,,,,MIL,,,0,046,046,04,1,7.0,2,1,2,2.29645093945721,2,"Ohio, United States",US,USOH,40.3736,-82.7755,OH,2,"Ohio, United States",US,USOH,40.3736,-82.7755,OH,2,"Ohio, United States",US,USOH,40.3736,-82.7755,OH,20161117,http://goldenisles.news/news/local_news/coasties-chart-course-to-success/article_de3cc0d5-1044-5ae0-b1c7-a5398f2971b5.html
599918001,20161117,201611,2016,2016.8685,AFR,AFRICA,AFR,,,,,,,,,,,,,,,,,,0,012,012,01,1,-0.4,10,1,10,-4.14201183431953,4,"Morogoro, Morogoro, Tanzania",TZ,TZ10,-6.81667,37.6667,-2569841,0,,,,,,,4,"Morogoro, Morogoro, Tanzania",TZ,TZ10,-6.81667,37.6667,-2569841,20161117,http://www.tanzaniatoday.co.tz/news/govt-evicts-small-scale-gold-miners-as-dispute-escalates
599918013,20161117,201611,2016,2016.8685,AFR,AFRICA,AFR,,,,,,,,,,,,,,,,,,0,120,120,12,3,-4.0,10,1,10,-4.14201183431953,4,"Morogoro, Morogoro, Tanzania",TZ,TZ10,-6.81667,37.6667,-2569841,0,,,,,,,4,"Morogoro, Morogoro, Tanzania",TZ,TZ10,-6.81667,37.6667,-2569841,20161117,http://www.tanzaniatoday.co.tz/news/govt-evicts-small-scale-gold-miners-as-dispute-escalates
599918246,20161117,201611,2016,2016.8685,CAN,BRITISH COLUMBIA,CAN,,,,,,,,MNCFRAHLH,VEOLIA ENVIRONNEMENT,FRA,,,,,MNC,HLH,,1,031,031,03,1,5.2,2,1,2,2.23880597014925,1,United Kingdom,UK,UK,54,-2,UK,1,Canada,CA,CA,60,-95,CA,1,Canada,CA,CA,60,-95,CA,20161117,http://www.4-traders.com/VEOLIA-ENVIRONNEMENT-4726/news/Veolia-Environnement-Pretium-chooses-Veolia-to-treat-effluents-from-the-Brucejack-gold-mine-in-Can-23416608/
599918734,20161117,201611,2016,2016.8685,GBR,BRITISH,GBR,,,,,,,,MNCFRAHLH,VEOLIA ENVIRONNEMENT,FRA,,,,,MNC,HLH,,1,031,031,03,1,5.2,8,1,8,2.23880597014925,1,United Kingdom,UK,UK,54,-2,UK,1,Canada,CA,CA,60,-95,CA,1,Canada,CA,CA,60,-95,CA,20161117,http://www.4-traders.com/VEOLIA-ENVIRONNEMENT-4726/news/Veolia-Environnement-Pretium-chooses-Veolia-to-treat-effluents-from-the-Brucejack-gold-mine-in-Can-23416608/
599919457,20161117,201611,2016,2016.8685,MNCFRAHLH,VEOLIA ENVIRONNEMENT,FRA,,,,,MNC,HLH,,CAN,BRITISH COLUMBIA,CAN,,,,,,,,1,031,031,03,1,5.2,2,1,2,2.23880597014925,1,Canada,CA,CA,60,-95,CA,1,Canada,CA,CA,60,-95,CA,1,Canada,CA,CA,60,-95,CA,20161117,http://www.4-traders.com/VEOLIA-ENVIRONNEMENT-4726/news/Veolia-Environnement-Pretium-chooses-Veolia-to-treat-effluents-from-the-Brucejack-gold-mine-in-Can-23416608/
599919458,20161117,201611,2016,2016.8685,MNCFRAHLH,VEOLIA ENVIRONNEMENT,FRA,,,,,MNC,HLH,,GBR,BRITISH,GBR,,,,,,,,1,031,031,03,1,5.2,8,1,8,2.23880597014925,1,Canada,CA,CA,60,-95,CA,1,Canada,CA,CA,60,-95,CA,1,Canada,CA,CA,60,-95,CA,20161117,http://www.4-traders.com/VEOLIA-ENVIRONNEMENT-4726/news/Veolia-Environnement-Pretium-chooses-Veolia-to-treat-effluents-from-the-Brucejack-gold-mine-in-Can-23416608/
599919850,20161117,201611,2016,2016.8685,TZA,TANZANIA,TZA,,,,,,,,,,,,,,,,,,1,010,010,01,1,0.0,6,1,6,-4.14201183431953,4,"Morogoro, Morogoro, Tanzania",TZ,TZ10,-6.81667,37.6667,-2569841,0,,,,,,,4,"Morogoro, Morogoro, Tanzania",TZ,TZ10,-6.81667,37.6667,-2569841,20161117,http://www.tanzaniatoday.co.tz/news/govt-evicts-small-scale-gold-miners-as-dispute-escalates
599922927,20161117,201611,2016,2016.8685,EDU,COLLEGE,,,,,,EDU,,,OMN,OMAN,OMN,,,,,,,,1,042,042,04,1,1.9,10,1,10,2.61044176706828,1,Oman,MU,MU,21,57,MU,1,Oman,MU,MU,21,57,MU,1,Oman,MU,MU,21,57,MU,20161117,http://www.zawya.com/story/AAOIFI_Held_the_Third_Public_Hearing_Session_for_the_Gold_Shariah_Standard_Exposure_Draft_in_Malaysia-ZAWYA20161117093844/
599923605,20161117,201611,2016,2016.8685,OMN,OMAN,OMN,,,,,,,,EDU,COLLEGE,,,,,,EDU,,,1,043,043,04,1,2.8,10,1,10,2.61044176706828,1,Bahrain,BA,BA,26,50.55,BA,1,Bahrain,BA,BA,26,50.55,BA,1,Bahrain,BA,BA,26,50.55,BA,20161117,http://www.zawya.com/story/AAOIFI_Held_the_Third_Public_Hearing_Session_for_the_Gold_Shariah_Standard_Exposure_Draft_in_Malaysia-ZAWYA20161117093844/
599923795,20161117,201611,2016,2016.8685,SDN,KHARTOUM,SDN,,,,,,,,SDNGOVBUS,SUDAN,SDN,,,,,GOV,BUS,,1,043,043,04,1,2.8,7,1,7,2.61044176706828,4,"Khartoum, Al Khartum, Sudan",SU,SU29,15.5881,32.5342,-1987,4,"Khartoum, Al Khartum, Sudan",SU,SU29,15.5881,32.5342,-1987,4,"Khartoum, Al Khartum, Sudan",SU,SU29,15.5881,32.5342,-1987,20161117,http://www.zawya.com/story/AAOIFI_Held_the_Third_Public_Hearing_Session_for_the_Gold_Shariah_Standard_Exposure_Draft_in_Malaysia-ZAWYA20161117093844/
599923796,20161117,201611,2016,2016.8685,SDN,KHARTOUM,SDN,,,,,,,,SDNGOVBUS,SUDAN,SDN,,,,,GOV,BUS,,1,043,043,04,1,2.8,1,1,1,2.61044176706828,1,Oman,MU,MU,21,57,MU,4,"Khartoum, Al Khartum, Sudan",SU,SU29,15.5881,32.5342,-1987,4,"Khartoum, Al Khartum, Sudan",SU,SU29,15.5881,32.5342,-1987,20161117,http://www.zawya.com/story/AAOIFI_Held_the_Third_Public_Hearing_Session_for_the_Gold_Shariah_Standard_Exposure_Draft_in_Malaysia-ZAWYA20161117093844/
599923797,20161117,201611,2016,2016.8685,SDN,KHARTOUM,SDN,,,,,,,,SDNGOVBUS,SUDAN,SDN,,,,,GOV,BUS,,1,173,173,17,4,-5.0,8,1,8,2.61044176706828,4,"Khartoum, Al Khartum, Sudan",SU,SU29,15.5881,32.5342,-1987,4,"Khartoum, Al Khartum, Sudan",SU,SU29,15.5881,32.5342,-1987,4,"Khartoum, Al Khartum, Sudan",SU,SU29,15.5881,32.5342,-1987,20161117,http://www.zawya.com/story/AAOIFI_Held_the_Third_Public_Hearing_Session_for_the_Gold_Shariah_Standard_Exposure_Draft_in_Malaysia-ZAWYA20161117093844/
599923798,20161117,201611,2016,2016.8685,SDN,KHARTOUM,SDN,,,,,,,,SDNGOVBUS,SUDAN,SDN,,,,,GOV,BUS,,1,173,173,17,4,-5.0,2,1,2,2.61044176706828,1,Oman,MU,MU,21,57,MU,4,"Khartoum, Al Khartum, Sudan",SU,SU29,15.5881,32.5342,-1987,1,Oman,MU,MU,21,57,MU,20161117,http://www.zawya.com/story/AAOIFI_Held_the_Third_Public_Hearing_Session_for_the_Gold_Shariah_Standard_Exposure_Draft_in_Malaysia-ZAWYA20161117093844/
599923799,20161117,201611,2016,2016.8685,SDNGOVBUS,SUDAN,SDN,,,,,GOV,BUS,,SDN,KHARTOUM,SDN,,,,,,,,1,042,042,04,1,1.9,7,1,7,2.61044176706828,4,"Khartoum, Al Khartum, Sudan",SU,SU29,15.5881,32.5342,-1987,4,"Khartoum, Al Khartum, Sudan",SU,SU29,15.5881,32.5342,-1987,4,"Khartoum, Al Khartum, Sudan",SU,SU29,15.5881,32.5342,-1987,20161117,http://www.zawya.com/story/AAOIFI_Held_the_Third_Public_Hearing_Session_for_the_Gold_Shariah_Standard_Exposure_Draft_in_Malaysia-ZAWYA20161117093844/
599923800,20161117,201611,2016,2016.8685,SDNGOVBUS,SUDAN,SDN,,,,,GOV,BUS,,SDN,KHARTOUM,SDN,,,,,,,,1,042,042,04,1,1.9,1,1,1,2.61044176706828,4,"Khartoum, Al Khartum, Sudan",SU,SU29,15.5881,32.5342,-1987,1,Oman,MU,MU,21,57,MU,4,"Khartoum, Al Khartum, Sudan",SU,SU29,15.5881,32.5342,-1987,20161117,http://www.zawya.com/story/AAOIFI_Held_the_Third_Public_Hearing_Session_for_the_Gold_Shariah_Standard_Exposure_Draft_in_Malaysia-ZAWYA20161117093844/
599927160,20161117,201611,2016,2016.8685,MAR,MOROCCO,MAR,,,,,,,,USA,AMERICAN,USA,,,,,,,,1,040,040,04,1,1.0,2,2,2,-3.30991838868808,4,"Niger Delta, Nigeria (general), Nigeria",NI,NI00,4.83333,6,-2020890,4,"Niger Delta, Nigeria (general), Nigeria",NI,NI00,4.83333,6,-2020890,4,"Niger Delta, Nigeria (general), Nigeria",NI,NI00,4.83333,6,-2020890,20161117,http://www.goldmyne.tv/2016/11/president-buhari-to-kerry-corruption-fighting-back-vigorously-but-well-win/
599927161,20161117,201611,2016,2016.8685,MAR,MOROCCO,MAR,,,,,,,,USAGOV,AMERICAN,USA,,,,,GOV,,,1,040,040,04,1,1.0,18,5,18,-4.45110231679258,4,"Niger Delta, Nigeria (general), Nigeria",NI,NI00,4.83333,6,-2020890,4,"Niger Delta, Nigeria (general), Nigeria",NI,NI00,4.83333,6,-2020890,4,"Niger Delta, Nigeria (general), Nigeria",NI,NI00,4.83333,6,-2020890,20161117,http://www.goldmyne.tv/2016/11/president-buhari-to-kerry-corruption-fighting-back-vigorously-but-well-win/
599927827,20161117,201611,2016,2016.8685,USA,AMERICAN,USA,,,,,,,,MAR,MOROCCO,MAR,,,,,,,,1,040,040,04,1,1.0,2,2,2,-3.30991838868808,1,United States,US,US,38,-97,US,1,United States,US,US,38,-97,US,1,United States,US,US,38,-97,US,20161117,http://www.goldmyne.tv/2016/11/president-buhari-to-kerry-corruption-fighting-back-vigorously-but-well-win/
599927935,20161117,201611,2016,2016.8685,USAGOV,UNITED STATES,USA,,,,,GOV,,,USA,AMERICAN,USA,,,,,,,,1,040,040,04,1,1.0,1,1,1,-3.51906158357771,4,"Niger Delta, Nigeria (general), Nigeria",NI,NI00,4.83333,6,-2020890,4,"Niger Delta, Nigeria (general), Nigeria",NI,NI00,4.83333,6,-2020890,4,"Niger Delta, Nigeria (general), Nigeria",NI,NI00,4.83333,6,-2020890,20161117,http://www.goldmyne.tv/2016/11/president-buhari-to-kerry-corruption-fighting-back-vigorously-but-well-win/
599928605,20161117,201611,2016,2016.8685,CVL,RESIDENTS,,,,,,CVL,,,,,,,,,,,,,1,120,120,12,3,-4.0,12,2,12,0.02232854864434,3,"Chicago, Illinois, United States",US,USIL,41.85,-87.6501,423587,0,,,,,,,3,"Chicago, Illinois, United States",US,USIL,41.85,-87.6501,423587,20161117,http://www.news24.com/World/News/workers-pry-gold-trump-place-name-off-apartment-buildings-20161117
599928643,20161117,201611,2016,2016.8685,CVL,RESIDENTS,,,,,,CVL,,,USA,UNITED STATES,USA,,,,,,,,1,120,120,12,3,-4.0,4,1,4,0.60606060606061,3,"Chicago, Illinois, United States",US,USIL,41.85,-87.6501,423587,3,"Chicago, Illinois, United States",US,USIL,41.85,-87.6501,423587,3,"Chicago, Illinois, United States",US,USIL,41.85,-87.6501,423587,20161117,http://www.news24.com/World/News/workers-pry-gold-trump-place-name-off-apartment-buildings-20161117
599933938,20161117,201611,2016,2016.8685,,,,,,,,,,,NMR,NORTH AMERICA,NMR,,,,,,,,1,040,040,04,1,1.0,6,3,6,-0.72580872521064,0,,,,,,,1,United States,US,US,38,-97,US,1,United States,US,US,38,-97,US,20161117,http://www.marketwatch.com/story/ice-clear-netherlands-announces-goldman-sachs-international-as-a-new-general-clearing-participant-2016-11-17
599935293,20161117,201611,2016,2016.8685,NLD,NETHERLANDS,NLD,,,,,,,,MNCUSA,GOLDMAN SACHS,USA,,,,,MNC,,,1,051,051,05,1,3.4,30,2,20,0.77366504854369,1,Netherlands,NL,NL,52.5,5.75,NL,1,Netherlands,NL,NL,52.5,5.75,NL,1,Netherlands,NL,NL,52.5,5.75,NL,20161117,http://www.finanznachrichten.de/nachrichten-2016-11/39216416-ice-clear-netherlands-announces-goldman-sachs-international-as-a-new-general-clearing-participant-004.htm
599935294,20161117,201611,2016,2016.8685,NLD,NETHERLANDS,NLD,,,,,,,,MNCUSA,GOLDMAN SACHS,USA,,,,,MNC,,,1,051,051,05,1,3.4,40,4,40,0.07697484738119,1,United States,US,US,38,-97,US,1,United States,US,US,38,-97,US,1,United States,US,US,38,-97,US,20161117,http://www.marketwatch.com/story/ice-clear-netherlands-announces-goldman-sachs-international-as-a-new-general-clearing-participant-2016-11-17
599935313,20161117,201611,2016,2016.8685,NMR,NORTH AMERICA,NMR,,,,,,,,,,,,,,,,,,1,040,040,04,1,1.0,26,6,26,0.654209460984022,1,United States,US,US,38,-97,US,0,,,,,,,1,United States,US,US,38,-97,US,20161117,http://www.marketwatch.com/story/ice-clear-netherlands-announces-goldman-sachs-international-as-a-new-general-clearing-participant-2016-11-17
599938468,20161117,201611,2016,2016.8685,,,,,,,,,,,USA,AMERICAN,USA,,,,,,,,1,043,043,04,1,2.8,100,6,100,-2.32661014931358,0,,,,,,,3,"Chilkoot River, Alaska, United States",US,USAK,59.3739,-135.625,1421037,3,"Chilkoot River, Alaska, United States",US,USAK,59.3739,-135.625,1421037,20161117,http://www.goldcoastbulletin.com.au/news/world/this-is-the-incredible-moment-an-american-bald-eagle-pounces-on-its-prey/news-story/fbf3f078f6da2b79d45e39bed1c4ef28?nk=4b77578a2843525aeb27ec7763717b0a-1479382395
599938471,20161117,201611,2016,2016.8685,,,,,,,,,,,USA,UNITED STATES,USA,,,,,,,,1,043,043,04,1,2.8,38,6,38,-2.32661014931358,0,,,,,,,2,"Alaska, United States",US,USAK,61.385,-152.268,AK,2,"Tennessee, United States",US,USTN,35.7449,-86.7489,TN,20161117,http://www.goldcoastbulletin.com.au/news/world/this-is-the-incredible-moment-an-american-bald-eagle-pounces-on-its-prey/news-story/fbf3f078f6da2b79d45e39bed1c4ef28?nk=4b77578a2843525aeb27ec7763717b0a-1479382395
599938801,20161117,201611,2016,2016.8685,COP,POLICE,,,,,,COP,,,MED,MEDIA,,,,,,MED,,,1,051,051,05,1,3.4,10,1,10,3.92156862745098,1,Ghana,GH,GH,8,-2,GH,1,Ghana,GH,GH,8,-2,GH,1,Ghana,GH,GH,8,-2,GH,20161117,http://www.goldcoastbulletin.com.au/news/crime-court/gold-coast-police-need-help-to-find-missing-paradise-point-woman/news-story/6e1711a2fa31156d7ea1f25468e0f6c6?nk=8b4a56c6830f4ce7f2cb65fdf440f368-1479382417
599938847,20161117,201611,2016,2016.8685,CVL,RESIDENTS,,,,,,CVL,,,,,,,,,,,,,1,120,120,12,3,-4.0,6,1,6,-1.61725067385445,1,Nigeria,NI,NI,10,8,NI,0,,,,,,,1,Nigeria,NI,NI,10,8,NI,20161117,http://www.news24.com.ng/World/News/workers-pry-gold-trump-place-name-off-apartment-buildings-20161117-2
599938878,20161117,201611,2016,2016.8685,CVL,RESIDENTS,,,,,,CVL,,,USA,UNITED STATES,USA,,,,,,,,1,120,120,12,3,-4.0,4,1,4,-1.61725067385445,1,Nigeria,NI,NI,10,8,NI,1,Nigeria,NI,NI,10,8,NI,1,Nigeria,NI,NI,10,8,NI,20161117,http://www.news24.com.ng/World/News/workers-pry-gold-trump-place-name-off-apartment-buildings-20161117-2
599940215,20161117,201611,2016,2016.8685,USA,AMERICAN,USA,,,,,,,,,,,,,,,,,,1,042,042,04,1,1.9,127,6,100,-2.32661014931358,3,"Chilkoot River, Alaska, United States",US,USAK,59.3739,-135.625,1421037,0,,,,,,,3,"Chilkoot River, Alaska, United States",US,USAK,59.3739,-135.625,1421037,20161117,http://www.goldcoastbulletin.com.au/news/world/this-is-the-incredible-moment-an-american-bald-eagle-pounces-on-its-prey/news-story/fbf3f078f6da2b79d45e39bed1c4ef28?nk=4b77578a2843525aeb27ec7763717b0a-1479382395
599940218,20161117,201611,2016,2016.8685,USA,UNITED STATES,USA,,,,,,,,,,,,,,,,,,1,042,042,04,1,1.9,37,6,37,-2.32661014931358,2,"Alaska, United States",US,USAK,61.385,-152.268,AK,0,,,,,,,2,"Tennessee, United States",US,USTN,35.7449,-86.7489,TN,20161117,http://www.goldcoastbulletin.com.au/news/world/this-is-the-incredible-moment-an-american-bald-eagle-pounces-on-its-prey/news-story/fbf3f078f6da2b79d45e39bed1c4ef28?nk=4b77578a2843525aeb27ec7763717b0a-1479382395
599940244,20161117,201611,2016,2016.8685,USA,AMERICAN,USA,,,,,,,,,,,,,,,,,,1,090,090,09,2,-2.0,27,5,27,-2.33463035019455,3,"Chilkoot River, Alaska, United States",US,USAK,59.3739,-135.625,1421037,0,,,,,,,3,"Chilkoot River, Alaska, United States",US,USAK,59.3739,-135.625,1421037,20161117,http://www.goldcoastbulletin.com.au/news/world/this-is-the-incredible-moment-an-american-bald-eagle-pounces-on-its-prey/news-story/fbf3f078f6da2b79d45e39bed1c4ef28?nk=4b77578a2843525aeb27ec7763717b0a-1479382395
599941314,20161117,201611,2016,2016.8685,EGY,EGYPTIAN,EGY,,,,,,,,EGYBUS,EGYPT,EGY,,,,,BUS,,,1,010,010,01,1,0.0,4,1,4,4.53460620525059,1,Egypt,EG,EG,27,30,EG,1,Egypt,EG,EG,27,30,EG,1,Egypt,EG,EG,27,30,EG,20161117,http://www.zawya.com/mena/en/story/Egyptian_company_inaugurates_Africas_2nd_largest_gold_refinery-ZAWYA20161117055351/
599941324,20161117,201611,2016,2016.8685,EGYBUS,EGYPTIAN,EGY,,,,,BUS,,,,,,,,,,,,,1,010,010,01,1,0.0,12,1,12,4.53460620525059,1,Egypt,EG,EG,27,30,EG,0,,,,,,,1,Egypt,EG,EG,27,30,EG,20161117,http://www.zawya.com/mena/en/story/Egyptian_company_inaugurates_Africas_2nd_largest_gold_refinery-ZAWYA20161117055351/
599941325,20161117,201611,2016,2016.8685,EGYGOV,EGYPTIAN,EGY,,,,,GOV,,,GOV,AMBASSADOR,,,,,,GOV,,,1,043,043,04,1,2.8,6,1,6,4.53460620525059,1,Egypt,EG,EG,27,30,EG,1,Egypt,EG,EG,27,30,EG,1,Egypt,EG,EG,27,30,EG,20161117,http://www.zawya.com/mena/en/story/Egyptian_company_inaugurates_Africas_2nd_largest_gold_refinery-ZAWYA20161117055351/
599941402,20161117,201611,2016,2016.8685,GBR,LONDON,GBR,,,,,,,,,,,,,,,,,,1,013,013,01,1,0.4,10,1,10,3.65853658536585,4,"Xiamen, Fujian, China",CH,CH07,24.4798,118.082,-1931546,0,,,,,,,4,"Xiamen, Fujian, China",CH,CH07,24.4798,118.082,-1931546,20161117,http://www.morningstar.co.uk/uk/news/AN_1479381434795455100/alecto-makes-good-progress-on-financing-for-matala-gold-project.aspx
599941548,20161117,201611,2016,2016.8685,GOV,AMBASSADOR,,,,,,GOV,,,EGYGOV,EGYPTIAN,EGY,,,,,GOV,,,1,042,042,04,1,1.9,6,1,6,4.53460620525059,1,Egypt,EG,EG,27,30,EG,1,Egypt,EG,EG,27,30,EG,1,Egypt,EG,EG,27,30,EG,20161117,http://www.zawya.com/mena/en/story/Egyptian_company_inaugurates_Africas_2nd_largest_gold_refinery-ZAWYA20161117055351/
599941576,20161117,201611,2016,2016.8685,GOV,MINIST,,,,,,GOV,,,LEG,LAWMAKER,,,,,,LEG,,,1,042,042,04,1,1.9,20,1,20,4.53460620525059,1,Egypt,EG,EG,27,30,EG,1,Egypt,EG,EG,27,30,EG,1,Egypt,EG,EG,27,30,EG,20161117,http://www.zawya.com/mena/en/story/Egyptian_company_inaugurates_Africas_2nd_largest_gold_refinery-ZAWYA20161117055351/
599941943,20161117,201611,2016,2016.8685,LEG,LAWMAKER,,,,,,LEG,,,GOV,MINIST,,,,,,GOV,,,1,042,042,04,1,1.9,20,1,20,4.53460620525059,4,"Ashanti, Ghana (general), Ghana",GH,GH00,6.91428,0.536667,-2069925,4,"Ashanti, Ghana (general), Ghana",GH,GH00,6.91428,0.536667,-2069925,4,"Ashanti, Ghana (general), Ghana",GH,GH00,6.91428,0.536667,-2069925,20161117,http://www.zawya.com/mena/en/story/Egyptian_company_inaugurates_Africas_2nd_largest_gold_refinery-ZAWYA20161117055351/
599951281,20161117,201611,2016,2016.8685,BUS,BANK,,,,,,BUS,,,MIL,MILITARY,,,,,,MIL,,,1,010,010,01,1,0.0,60,1,60,3.1551145833402,1,United States,US,US,38,-97,US,1,United States,US,US,38,-97,US,1,United States,US,US,38,-97,US,20161117,"http://www.szul.com/igi-certified-1-carat-diamond-solitaire-engagement-ring-in-14k-white-gold-(i-j-color,-i2-i3-clarity)/p_182682"
599952435,20161117,201611,2016,2016.8685,NLD,NETHERLANDS,NLD,,,,,,,,MNCUSA,GOLDMAN SACHS,USA,,,,,MNC,,,1,051,051,05,1,3.4,20,2,20,2.95573675014561,4,"Amsterdam, Noord-Holland, Netherlands",NL,NL07,52.35,4.91667,-2140479,4,"Amsterdam, Noord-Holland, Netherlands",NL,NL07,52.35,4.91667,-2140479,4,"Amsterdam, Noord-Holland, Netherlands",NL,NL07,52.35,4.91667,-2140479,20161117,http://satprnews.com/2016/11/17/ice-clear-netherlands-announces-goldman-sachs-international-as-a-new-general-clearing-participant/
599953177,20161116,201611,2016,2016.8658,BUS,BUSINESS,,,,,,BUS,,,CVL,VILLAGE,,,,,,CVL,,,1,036,036,03,1,4.0,205,8,205,-1.69746002132844,1,Ghana,GH,GH,8,-2,GH,1,Ghana,GH,GH,8,-2,GH,1,Ghana,GH,GH,8,-2,GH,20161117,http://www.couriermail.com.au/news/queensland/dreamworld-tragedy-impacts-other-gold-coast-theme-parks/news-story/aa5d6f1782b1f0c24b9dcf68df5daa58?nk=1ee9f21da2debbe68417b0d005fbbae9-1479386008
599953178,20161116,201611,2016,2016.8658,CVL,VILLAGE,,,,,,CVL,,,BUS,BUSINESS,,,,,,BUS,,,1,036,036,03,1,4.0,196,8,196,-1.69746002132844,1,Ghana,GH,GH,8,-2,GH,1,Ghana,GH,GH,8,-2,GH,1,Ghana,GH,GH,8,-2,GH,20161117,http://www.couriermail.com.au/news/queensland/dreamworld-tragedy-impacts-other-gold-coast-theme-parks/news-story/aa5d6f1782b1f0c24b9dcf68df5daa58?nk=1ee9f21da2debbe68417b0d005fbbae9-1479386008
599958793,20161117,201611,2016,2016.8685,,,,,,,,,,,CAN,CANADA,CAN,,,,,,,,1,042,042,04,1,1.9,6,1,6,0.666296501943363,0,,,,,,,4,"Rattling Brook, Newfoundland, Canada",CA,CA05,49.6167,-56.1833,-572034,4,"Rattling Brook, Newfoundland, Canada",CA,CA05,49.6167,-56.1833,-572034,20161117,https://www.juniorminingnetwork.com/junior-miner-news/press-releases/619-tsx/anx/26788-anaconda-mining-intersects-2-73-g-t-gold-over-6-0-metres-at-thor-deposit.html
599959206,20161117,201611,2016,2016.8685,CAN,CANADA,CAN,,,,,,,,,,,,,,,,,,1,043,043,04,1,2.8,6,1,6,0.666296501943363,4,"White Bay, Newfoundland, Canada",CA,CA05,50,-56.5833,-575856,0,,,,,,,4,"White Bay, Newfoundland, Canada",CA,CA05,50,-56.5833,-575856,20161117,https://www.juniorminingnetwork.com/junior-miner-news/press-releases/619-tsx/anx/26788-anaconda-mining-intersects-2-73-g-t-gold-over-6-0-metres-at-thor-deposit.html
599961136,20161117,201611,2016,2016.8685,USA,UNITED STATES,USA,,,,,,,,MED,WEBSITE,,,,,,MED,,,1,020,020,02,1,3.0,1,1,1,2.39520958083832,2,"North Carolina, United States",US,USNC,35.6411,-79.8431,NC,2,"North Carolina, United States",US,USNC,35.6411,-79.8431,NC,2,"North Carolina, United States",US,USNC,35.6411,-79.8431,NC,20161117,http://www.southernfoodways.org/gravy/beyond-the-golden-leaf-tobacco-food-culture-and-a-changing-farming-landscape-gravy-ep-50/
599965295,20161117,201611,2016,2016.8685,LEG,SENATOR,,,,,,LEG,,,CVL,POPULATION,,,,,,CVL,,,1,137,137,13,3,-7.0,4,1,4,-5.49828178694158,1,Norway,NO,NO,62,10,NO,1,Norway,NO,NO,62,10,NO,1,Norway,NO,NO,62,10,NO,20161117,http://www.historytoday.com/paul-lay/golden-age-anachronism
599968187,20161117,201611,2016,2016.8685,MNCUSA,GOLDMAN SACHS,USA,,,,,MNC,,,NLD,NETHERLANDS,NLD,,,,,,,,1,057,057,05,1,8.0,10,1,10,1.17647058823529,4,"Amsterdam, Noord-Holland, Netherlands",NL,NL07,52.35,4.91667,-2140479,4,"Amsterdam, Noord-Holland, Netherlands",NL,NL07,52.35,4.91667,-2140479,4,"Amsterdam, Noord-Holland, Netherlands",NL,NL07,52.35,4.91667,-2140479,20161117,http://www.fow.com/3602630/Goldman-Sachs-signs-with-ICE-Clear-Netherlands.html
599968245,20161117,201611,2016,2016.8685,NGA,NIGERIA,NGA,,,,,,,,LAB,WORKER,,,,,,LAB,,,0,190,190,19,4,-10.0,12,1,12,-4.28265524625267,1,Nigeria,NI,NI,10,8,NI,1,Pakistan,PK,PK,30,70,PK,1,Pakistan,PK,PK,30,70,PK,20161117,http://comminit.com/global/content/casualties-war-polio-and-golden-millimeter
599968246,20161117,201611,2016,2016.8685,NGA,NIGERIA,NGA,,,,,,,,LAB,WORKER,,,,,,LAB,,,0,190,190,19,4,-10.0,8,1,8,-4.28265524625267,1,Pakistan,PK,PK,30,70,PK,1,Pakistan,PK,PK,30,70,PK,1,Pakistan,PK,PK,30,70,PK,20161117,http://comminit.com/global/content/casualties-war-polio-and-golden-millimeter
599968279,20161117,201611,2016,2016.8685,NLD,NETHERLANDS,NLD,,,,,,,,MNCUSA,GOLDMAN SACHS,USA,,,,,MNC,,,1,057,057,05,1,8.0,10,1,10,1.17647058823529,4,"Amsterdam, Noord-Holland, Netherlands",NL,NL07,52.35,4.91667,-2140479,4,"Amsterdam, Noord-Holland, Netherlands",NL,NL07,52.35,4.91667,-2140479,4,"Amsterdam, Noord-Holland, Netherlands",NL,NL07,52.35,4.91667,-2140479,20161117,http://www.fow.com/3602630/Goldman-Sachs-signs-with-ICE-Clear-Netherlands.html
599968325,20161117,201611,2016,2016.8685,PAK,PAKISTAN,PAK,,,,,,,,LAB,WORKER,,,,,,LAB,,,0,190,190,19,4,-10.0,20,1,20,-4.28265524625267,1,Syria,SY,SY,35,38,SY,1,Syria,SY,SY,35,38,SY,1,Syria,SY,SY,35,38,SY,20161117,http://comminit.com/global/content/casualties-war-polio-and-golden-millimeter
599973725,20161117,201611,2016,2016.8685,DEU,GERMANY,DEU,,,,,,,,,,,,,,,,,,0,070,070,07,2,7.0,4,1,4,1.79153094462541,4,"Giessen, Hessen, Germany",GM,GM05,50.5833,8.65,-1776188,0,,,,,,,4,"Giessen, Hessen, Germany",GM,GM05,50.5833,8.65,-1776188,20161117,http://www.newsnow.in/article/boehringer-ingelheim-welcomes-central-role-of-lama-laba-therapy-within-2017-gold-strategy-for-copd
599974132,20161117,201611,2016,2016.8685,HLH,DOCTOR,,,,,,HLH,,,JUD,LAWYER,,,,,,JUD,,,1,020,020,02,1,3.0,10,2,10,-0.628353306924735,2,"New York, United States",US,USNY,42.1497,-74.9384,NY,2,"New York, United States",US,USNY,42.1497,-74.9384,NY,2,"New York, United States",US,USNY,42.1497,-74.9384,NY,20161117,http://finance.yahoo.com/news/employment-law-firm-outten-golden-133000462.html
599977651,20161117,201611,2016,2016.8685,,,,,,,,,,,MIL,MARINES,,,,,,MIL,,,1,043,043,04,1,2.8,1,1,1,3.14685314685315,0,,,,,,,3,"Montford Point, North Carolina, United States",US,USNC,34.7243,-77.4144,1003145,3,"Montford Point, North Carolina, United States",US,USNC,34.7243,-77.4144,1003145,20161117,http://www.marines.mil/News/News-Display/Article/1007091/montford-point-marine-receives-congressional-gold-medal/
599977720,20161117,201611,2016,2016.8685,,,,,,,,,,,USAMIL,UNITED STATES,USA,,,,,MIL,,,1,043,043,04,1,2.8,2,1,2,3.14685314685315,0,,,,,,,3,"Montford Point, North Carolina, United States",US,USNC,34.7243,-77.4144,1003145,3,"Montford Point, North Carolina, United States",US,USNC,34.7243,-77.4144,1003145,20161117,http://www.marines.mil/News/News-Display/Article/1007091/montford-point-marine-receives-congressional-gold-medal/
599978734,20161117,201611,2016,2016.8685,IND,NEW DELHI,IND,,,,,,,,,,,,,,,,,,1,192,192,19,4,-9.5,3,1,3,0.68027210884353,4,"Guwahati, Assam, India",IN,IN03,26.1833,91.7333,-2096059,0,,,,,,,4,"Guwahati, Assam, India",IN,IN03,26.1833,91.7333,-2096059,20161117,http://www.thehindu.com/todays-paper/tp-national/tp-newdelhi/rs5-crore-cash-gold-seized-at-airports/article9354970.ece
599979129,20161117,201611,2016,2016.8685,MIL,MARINES,,,,,,MIL,,,,,,,,,,,,,1,017,017,01,1,0.0,1,1,1,3.14685314685315,2,"Hawaii, United States",US,USHI,21.1098,-157.531,HI,0,,,,,,,2,"Hawaii, United States",US,USHI,21.1098,-157.531,HI,20161117,http://www.marines.mil/News/News-Display/Article/1007091/montford-point-marine-receives-congressional-gold-medal/
599979130,20161117,201611,2016,2016.8685,MIL,MARINES,,,,,,MIL,,,,,,,,,,,,,1,042,042,04,1,1.9,1,1,1,3.14685314685315,3,"Montford Point, North Carolina, United States",US,USNC,34.7243,-77.4144,1003145,0,,,,,,,3,"Montford Point, North Carolina, United States",US,USNC,34.7243,-77.4144,1003145,20161117,http://www.marines.mil/News/News-Display/Article/1007091/montford-point-marine-receives-congressional-gold-medal/
599979134,20161117,201611,2016,2016.8685,MIL,MARINES,,,,,,MIL,,,,,,,,,,,,,1,125,125,12,3,-5.0,1,1,1,3.14685314685315,3,"Montford Point, North Carolina, United States",US,USNC,34.7243,-77.4144,1003145,0,,,,,,,2,"District of Columbia, United States",US,USDC,38.8964,-77.0262,DC,20161117,http://www.marines.mil/News/News-Display/Article/1007091/montford-point-marine-receives-congressional-gold-medal/
599979161,20161117,201611,2016,2016.8685,MIL,MARINES,,,,,,MIL,,,USA,DISTRICT OF COLUMBIA,USA,,,,,,,,1,017,017,01,1,0.0,1,1,1,3.14685314685315,2,"Hawaii, United States",US,USHI,21.1098,-157.531,HI,2,"Hawaii, United States",US,USHI,21.1098,-157.531,HI,2,"Hawaii, United States",US,USHI,21.1098,-157.531,HI,20161117,http://www.marines.mil/News/News-Display/Article/1007091/montford-point-marine-receives-congressional-gold-medal/
599979162,20161117,201611,2016,2016.8685,MIL,MARINES,,,,,,MIL,,,USA,DISTRICT OF COLUMBIA,USA,,,,,,,,1,042,042,04,1,1.9,1,1,1,3.14685314685315,3,"Montford Point, North Carolina, United States",US,USNC,34.7243,-77.4144,1003145,2,"District of Columbia, United States",US,USDC,38.8964,-77.0262,DC,3,"Montford Point, North Carolina, United States",US,USNC,34.7243,-77.4144,1003145,20161117,http://www.marines.mil/News/News-Display/Article/1007091/montford-point-marine-receives-congressional-gold-medal/
599979165,20161117,201611,2016,2016.8685,MIL,MARINES,,,,,,MIL,,,USA,DISTRICT OF COLUMBIA,USA,,,,,,,,1,125,125,12,3,-5.0,1,1,1,3.14685314685315,3,"Montford Point, North Carolina, United States",US,USNC,34.7243,-77.4144,1003145,2,"District of Columbia, United States",US,USDC,38.8964,-77.0262,DC,2,"District of Columbia, United States",US,USDC,38.8964,-77.0262,DC,20161117,http://www.marines.mil/News/News-Display/Article/1007091/montford-point-marine-receives-congressional-gold-medal/
599979696,20161117,201611,2016,2016.8685,USA,UNITED STATES,USA,,,,,,,,,,,,,,,,,,0,010,010,01,1,0.0,5,1,4,3.14685314685315,3,"Montford Point, North Carolina, United States",US,USNC,34.7243,-77.4144,1003145,0,,,,,,,3,"Montford Point, North Carolina, United States",US,USNC,34.7243,-77.4144,1003145,20161117,http://www.marines.mil/News/News-Display/Article/1007091/montford-point-marine-receives-congressional-gold-medal/
599979884,20161117,201611,2016,2016.8685,USA,DISTRICT OF COLUMBIA,USA,,,,,,,,MIL,MARINES,,,,,,MIL,,,1,043,043,04,1,2.8,1,1,1,3.14685314685315,2,"District of Columbia, United States",US,USDC,38.8964,-77.0262,DC,3,"Montford Point, North Carolina, United States",US,USNC,34.7243,-77.4144,1003145,3,"Montford Point, North Carolina, United States",US,USNC,34.7243,-77.4144,1003145,20161117,http://www.marines.mil/News/News-Display/Article/1007091/montford-point-marine-receives-congressional-gold-medal/
599979885,20161117,201611,2016,2016.8685,USA,UNITED STATES,USA,,,,,,,,MIL,MARINE CORP,,,,,,MIL,,,1,070,070,07,2,7.0,8,1,8,3.14685314685315,2,"Hawaii, United States",US,USHI,21.1098,-157.531,HI,2,"Hawaii, United States",US,USHI,21.1098,-157.531,HI,2,"Hawaii, United States",US,USHI,21.1098,-157.531,HI,20161117,http://www.marines.mil/News/News-Display/Article/1007091/montford-point-marine-receives-congressional-gold-medal/
599979928,20161117,201611,2016,2016.8685,USA,UNITED STATES,USA,,,,,,,,USAMIL,UNITED STATES,USA,,,,,MIL,,,0,010,010,01,1,0.0,1,1,1,3.14685314685315,3,"Montford Point, North Carolina, United States",US,USNC,34.7243,-77.4144,1003145,3,"Montford Point, North Carolina, United States",US,USNC,34.7243,-77.4144,1003145,3,"Montford Point, North Carolina, United States",US,USNC,34.7243,-77.4144,1003145,20161117,http://www.marines.mil/News/News-Display/Article/1007091/montford-point-marine-receives-congressional-gold-medal/
599979929,20161117,201611,2016,2016.8685,USA,UNITED STATES,USA,,,,,,,,USAMIL,UNITED STATES,USA,,,,,MIL,,,0,010,010,01,1,0.0,1,1,1,3.14685314685315,2,"North Carolina, United States",US,USNC,35.6411,-79.8431,NC,3,"Montford Point, North Carolina, United States",US,USNC,34.7243,-77.4144,1003145,2,"North Carolina, United States",US,USNC,35.6411,-79.8431,NC,20161117,http://www.marines.mil/News/News-Display/Article/1007091/montford-point-marine-receives-congressional-gold-medal/
599979931,20161117,201611,2016,2016.8685,USA,DISTRICT OF COLUMBIA,USA,,,,,,,,USAMIL,UNITED STATES,USA,,,,,MIL,,,1,043,043,04,1,2.8,2,1,2,3.14685314685315,3,"Montford Point, North Carolina, United States",US,USNC,34.7243,-77.4144,1003145,3,"Montford Point, North Carolina, United States",US,USNC,34.7243,-77.4144,1003145,3,"Montford Point, North Carolina, United States",US,USNC,34.7243,-77.4144,1003145,20161117,http://www.marines.mil/News/News-Display/Article/1007091/montford-point-marine-receives-congressional-gold-medal/
599979932,20161117,201611,2016,2016.8685,USA,UNITED STATES,USA,,,,,,,,USAMIL,UNITED STATES,USA,,,,,MIL,,,1,043,043,04,1,2.8,4,1,4,3.14685314685315,2,"District of Columbia, United States",US,USDC,38.8964,-77.0262,DC,3,"Montford Point, North Carolina, United States",US,USNC,34.7243,-77.4144,1003145,3,"Montford Point, North Carolina, United States",US,USNC,34.7243,-77.4144,1003145,20161117,http://www.marines.mil/News/News-Display/Article/1007091/montford-point-marine-receives-congressional-gold-medal/
599979933,20161117,201611,2016,2016.8685,USA,UNITED STATES,USA,,,,,,,,VNM,VIETNAM,VNM,,,,,,,,0,010,010,01,1,0.0,1,1,1,3.14685314685315,2,"North Carolina, United States",US,USNC,35.6411,-79.8431,NC,1,"Vietnam, Republic Of",VM,VM,16,106,VM,2,"North Carolina, United States",US,USNC,35.6411,-79.8431,NC,20161117,http://www.marines.mil/News/News-Display/Article/1007091/montford-point-marine-receives-congressional-gold-medal/
599980044,20161117,201611,2016,2016.8685,USAMIL,UNITED STATES,USA,,,,,MIL,,,,,,,,,,,,,1,017,017,01,1,0.0,2,1,2,3.14685314685315,3,"Montford Point, North Carolina, United States",US,USNC,34.7243,-77.4144,1003145,0,,,,,,,3,"Montford Point, North Carolina, United States",US,USNC,34.7243,-77.4144,1003145,20161117,http://www.marines.mil/News/News-Display/Article/1007091/montford-point-marine-receives-congressional-gold-medal/
599980045,20161117,201611,2016,2016.8685,USAMIL,UNITED STATES,USA,,,,,MIL,,,,,,,,,,,,,1,042,042,04,1,1.9,2,1,2,3.14685314685315,3,"Montford Point, North Carolina, United States",US,USNC,34.7243,-77.4144,1003145,0,,,,,,,3,"Montford Point, North Carolina, United States",US,USNC,34.7243,-77.4144,1003145,20161117,http://www.marines.mil/News/News-Display/Article/1007091/montford-point-marine-receives-congressional-gold-medal/
599980047,20161117,201611,2016,2016.8685,USAMIL,UNITED STATES,USA,,,,,MIL,,,,,,,,,,,,,1,125,125,12,3,-5.0,2,1,2,3.14685314685315,3,"Montford Point, North Carolina, United States",US,USNC,34.7243,-77.4144,1003145,0,,,,,,,2,"District of Columbia, United States",US,USDC,38.8964,-77.0262,DC,20161117,http://www.marines.mil/News/News-Display/Article/1007091/montford-point-marine-receives-congressional-gold-medal/
599980053,20161117,201611,2016,2016.8685,USAMIL,UNITED STATES,USA,,,,,MIL,,,USA,DISTRICT OF COLUMBIA,USA,,,,,,,,1,017,017,01,1,0.0,2,1,2,3.14685314685315,3,"Montford Point, North Carolina, United States",US,USNC,34.7243,-77.4144,1003145,3,"Montford Point, North Carolina, United States",US,USNC,34.7243,-77.4144,1003145,3,"Montford Point, North Carolina, United States",US,USNC,34.7243,-77.4144,1003145,20161117,http://www.marines.mil/News/News-Display/Article/1007091/montford-point-marine-receives-congressional-gold-medal/
599980054,20161117,201611,2016,2016.8685,USAMIL,UNITED STATES,USA,,,,,MIL,,,USA,UNITED STATES,USA,,,,,,,,1,017,017,01,1,0.0,4,1,4,3.14685314685315,3,"Montford Point, North Carolina, United States",US,USNC,34.7243,-77.4144,1003145,2,"District of Columbia, United States",US,USDC,38.8964,-77.0262,DC,3,"Montford Point, North Carolina, United States",US,USNC,34.7243,-77.4144,1003145,20161117,http://www.marines.mil/News/News-Display/Article/1007091/montford-point-marine-receives-congressional-gold-medal/
599980055,20161117,201611,2016,2016.8685,USAMIL,UNITED STATES,USA,,,,,MIL,,,USA,DISTRICT OF COLUMBIA,USA,,,,,,,,1,042,042,04,1,1.9,2,1,2,3.14685314685315,3,"Montford Point, North Carolina, United States",US,USNC,34.7243,-77.4144,1003145,3,"Montford Point, North Carolina, United States",US,USNC,34.7243,-77.4144,1003145,3,"Montford Point, North Carolina, United States",US,USNC,34.7243,-77.4144,1003145,20161117,http://www.marines.mil/News/News-Display/Article/1007091/montford-point-marine-receives-congressional-gold-medal/
599980056,20161117,201611,2016,2016.8685,USAMIL,UNITED STATES,USA,,,,,MIL,,,USA,UNITED STATES,USA,,,,,,,,1,042,042,04,1,1.9,4,1,4,3.14685314685315,3,"Montford Point, North Carolina, United States",US,USNC,34.7243,-77.4144,1003145,2,"District of Columbia, United States",US,USDC,38.8964,-77.0262,DC,3,"Montford Point, North Carolina, United States",US,USNC,34.7243,-77.4144,1003145,20161117,http://www.marines.mil/News/News-Display/Article/1007091/montford-point-marine-receives-congressional-gold-medal/
599980057,20161117,201611,2016,2016.8685,USAMIL,UNITED STATES,USA,,,,,MIL,,,USA,DISTRICT OF COLUMBIA,USA,,,,,,,,1,125,125,12,3,-5.0,2,1,2,3.14685314685315,3,"Montford Point, North Carolina, United States",US,USNC,34.7243,-77.4144,1003145,3,"Montford Point, North Carolina, United States",US,USNC,34.7243,-77.4144,1003145,2,"District of Columbia, United States",US,USDC,38.8964,-77.0262,DC,20161117,http://www.marines.mil/News/News-Display/Article/1007091/montford-point-marine-receives-congressional-gold-medal/
599980058,20161117,201611,2016,2016.8685,USAMIL,UNITED STATES,USA,,,,,MIL,,,USA,UNITED STATES,USA,,,,,,,,1,125,125,12,3,-5.0,4,1,4,3.14685314685315,3,"Montford Point, North Carolina, United States",US,USNC,34.7243,-77.4144,1003145,2,"District of Columbia, United States",US,USDC,38.8964,-77.0262,DC,2,"District of Columbia, United States",US,USDC,38.8964,-77.0262,DC,20161117,http://www.marines.mil/News/News-Display/Article/1007091/montford-point-marine-receives-congressional-gold-medal/
599982445,20161117,201611,2016,2016.8685,AUS,AUSTRALIA,AUS,,,,,,,,,,,,,,,,,,1,010,010,01,1,0.0,4,1,4,-3.60360360360361,1,Netherlands,NL,NL,52.5,5.75,NL,0,,,,,,,1,Netherlands,NL,NL,52.5,5.75,NL,20161117,http://www.miragenews.com/birds-prey-on-gold-mining-companys-uavs/
599982534,20161117,201611,2016,2016.8685,BUS,COMPANY,,,,,,BUS,,,,,,,,,,,,,1,045,045,04,1,5.0,5,1,5,0.784313725490193,4,"Goldboro, Nova Scotia, Canada",CA,CA07,45.1833,-61.65,-565328,0,,,,,,,4,"Goldboro, Nova Scotia, Canada",CA,CA07,45.1833,-61.65,-565328,20161117,http://www.finanznachrichten.de/nachrichten-2016-11/39219239-orex-exploration-inc-commencement-of-work-program-on-goldboro-256.htm
599982584,20161117,201611,2016,2016.8685,BUS,BOSS,,,,,,BUS,,,GHA,GHANA,GHA,,,,,,,,1,010,010,01,1,0.0,24,1,24,3.18906605922551,2,"New York, United States",US,USNY,42.1497,-74.9384,NY,2,"New York, United States",US,USNY,42.1497,-74.9384,NY,2,"New York, United States",US,USNY,42.1497,-74.9384,NY,20161117,http://www.goldcoastbulletin.com.au/business/gold-coast-hotel-and-resorts-operator-mantra-may-say-aloha-to-hawaii-again-as-it-checks-us-buys/news-story/765ca20dd954a65cdd865d69bf67b4f3?nk=d5fe242e19d70ba44c19cd43b6c3dba9-1479392329
599982626,20161117,201611,2016,2016.8685,CAN,CANADA,CAN,,,,,,,,BUS,COMPANY,,,,,,BUS,,,1,045,045,04,1,5.0,2,1,2,0.784313725490193,4,"Goldboro, Nova Scotia, Canada",CA,CA07,45.1833,-61.65,-565328,4,"Goldboro, Nova Scotia, Canada",CA,CA07,45.1833,-61.65,-565328,4,"Goldboro, Nova Scotia, Canada",CA,CA07,45.1833,-61.65,-565328,20161117,http://www.finanznachrichten.de/nachrichten-2016-11/39219239-orex-exploration-inc-commencement-of-work-program-on-goldboro-256.htm
599983511,20161117,201611,2016,2016.8685,IRL,IRELAND,IRL,,,,,,,,BUS,COMPANY,,,,,,BUS,,,1,084,084,08,2,7.0,4,2,4,1.03175982717092,1,Ireland,EI,EI,53,-8,EI,1,Ireland,EI,EI,53,-8,EI,1,Ireland,EI,EI,53,-8,EI,20161117,http://www.finanznachrichten.de/nachrichten-2016-11/39219405-conroy-gold-natural-resources-plc-correction-holding-s-in-company-008.htm
599983514,20161117,201611,2016,2016.8685,IRLEDU,IRELAND,IRL,,,,,EDU,,,BUS,COMPANY,,,,,,BUS,,,1,084,084,08,2,7.0,1,1,1,1.2987012987013,1,Ireland,EI,EI,53,-8,EI,1,Ireland,EI,EI,53,-8,EI,1,Ireland,EI,EI,53,-8,EI,20161117,http://www.finanznachrichten.de/nachrichten-2016-11/39219405-conroy-gold-natural-resources-plc-correction-holding-s-in-company-008.htm
599987388,20161117,201611,2016,2016.8685,COL,COLOMBIA,COL,,,,,,,,,,,,,,,,,,0,010,010,01,1,0.0,4,1,4,2.41228070175438,4,"Gramalote, Bolír, Colombia",CO,CO35,7.88333,-74.2,-585256,0,,,,,,,4,"Gramalote, Bolír, Colombia",CO,CO35,7.88333,-74.2,-585256,20161117,https://www.juniorminingnetwork.com/junior-miner-news/press-releases/1851-tsx-venture/zon/26799-zonte-metals-acquires-prospective-intrusion-related-gold-target-in-tintina-gold-belt.html
599987820,20161117,201611,2016,2016.8685,GOV,PRESIDENT,,,,,,GOV,,,,,,,,,,,,,0,010,010,01,1,0.0,3,1,3,2.41228070175438,4,"Gramalote, Bolír, Colombia",CO,CO35,7.88333,-74.2,-585256,0,,,,,,,4,"Gramalote, Bolír, Colombia",CO,CO35,7.88333,-74.2,-585256,20161117,https://www.juniorminingnetwork.com/junior-miner-news/press-releases/1851-tsx-venture/zon/26799-zonte-metals-acquires-prospective-intrusion-related-gold-target-in-tintina-gold-belt.html
599991879,20161117,201611,2016,2016.8685,CAN,CANADA,CAN,,,,,,,,DEU,MUNICH,DEU,,,,,,,,1,010,010,01,1,0.0,6,1,6,2.49716231555051,4,"Quebec, Quebec, Canada",CA,CA10,47.5,-72,-571850,4,"Quebec, Quebec, Canada",CA,CA10,47.5,-72,-571850,4,"Quebec, Quebec, Canada",CA,CA10,47.5,-72,-571850,20161117,http://www.finanznachrichten.de/nachrichten-2016-11/39219953-globex-options-montalembert-high-grade-gold-property-256.htm
599991880,20161117,201611,2016,2016.8685,CAN,CANADA,CAN,,,,,,,,DEU,MUNICH,DEU,,,,,,,,1,010,010,01,1,0.0,10,2,10,1.99525292983238,4,"Waswanipi, Quebec, Canada",CA,CA10,49.65,-76.4833,-575606,4,"Waswanipi, Quebec, Canada",CA,CA10,49.65,-76.4833,-575606,4,"Waswanipi, Quebec, Canada",CA,CA10,49.65,-76.4833,-575606,20161117,http://www.marketwatch.com/story/globex-options-montalembert-high-grade-gold-property-2016-11-17
599992137,20161117,201611,2016,2016.8685,DEU,FRANKFURT,DEU,,,,,,,,,,,,,,,,,,1,010,010,01,1,0.0,2,1,2,2.49716231555051,4,"Quebec, Quebec, Canada",CA,CA10,47.5,-72,-571850,0,,,,,,,4,"Quebec, Quebec, Canada",CA,CA10,47.5,-72,-571850,20161117,http://www.finanznachrichten.de/nachrichten-2016-11/39219953-globex-options-montalembert-high-grade-gold-property-256.htm
599992138,20161117,201611,2016,2016.8685,DEU,STUTTGART,DEU,,,,,,,,,,,,,,,,,,1,010,010,01,1,0.0,6,2,6,1.99525292983238,4,"Waswanipi, Quebec, Canada",CA,CA10,49.65,-76.4833,-575606,0,,,,,,,4,"Waswanipi, Quebec, Canada",CA,CA10,49.65,-76.4833,-575606,20161117,http://www.marketwatch.com/story/globex-options-montalembert-high-grade-gold-property-2016-11-17
599992144,20161117,201611,2016,2016.8685,DEU,FRANKFURT,DEU,,,,,,,,CAN,CANADA,CAN,,,,,,,,1,010,010,01,1,0.0,2,1,2,2.49716231555051,4,"Quebec, Quebec, Canada",CA,CA10,47.5,-72,-571850,4,"Quebec, Quebec, Canada",CA,CA10,47.5,-72,-571850,4,"Quebec, Quebec, Canada",CA,CA10,47.5,-72,-571850,20161117,http://www.finanznachrichten.de/nachrichten-2016-11/39219953-globex-options-montalembert-high-grade-gold-property-256.htm
599996310,20161117,201611,2016,2016.8685,,,,,,,,,,,BUS,COMPANY,,,,,,BUS,,,0,050,050,05,1,3.5,8,1,8,-0.57430007178751,0,,,,,,,4,"Winnipeg River, Manitoba, Canada",CA,CA03,50.6167,-96.3333,-576100,4,"River Valley, Ontario, Canada",CA,CA08,46.5833,-80.1833,-572303,20161117,http://www.goldseiten.de/artikel/309131--Pacific-North-West-Capital-Corp-Reports-Up-To-304Prozent-Lithium-Oxide-On-The-Lithium-Two-Project-SE-Manitoba.html
599996311,20161117,201611,2016,2016.8685,,,,,,,,,,,BUS,COMPANY,,,,,,BUS,,,0,050,050,05,1,3.5,2,1,2,-0.57430007178751,0,,,,,,,4,"Winnipeg River, Manitoba, Canada",CA,CA03,50.6167,-96.3333,-576100,4,"Winnipeg River, Manitoba, Canada",CA,CA03,50.6167,-96.3333,-576100,20161117,http://www.goldseiten.de/artikel/309131--Pacific-North-West-Capital-Corp-Reports-Up-To-304Prozent-Lithium-Oxide-On-The-Lithium-Two-Project-SE-Manitoba.html
599996321,20161117,201611,2016,2016.8685,,,,,,,,,,,CAN,CANADA,CAN,,,,,,,,1,042,042,04,1,1.9,12,2,12,-0.40488943934744,0,,,,,,,4,"Winnipeg River, Manitoba, Canada",CA,CA03,50.6167,-96.3333,-576100,4,"Winnipeg River, Manitoba, Canada",CA,CA03,50.6167,-96.3333,-576100,20161117,http://www.goldseiten.de/artikel/309131--Pacific-North-West-Capital-Corp-Reports-Up-To-304Prozent-Lithium-Oxide-On-The-Lithium-Two-Project-SE-Manitoba.html
599996523,20161117,201611,2016,2016.8685,AFR,AFRICA,AFR,,,,,,,,,,,,,,,,,,1,112,112,11,3,-2.0,20,2,20,2.56555485630376,4,"Medellin, Antioquia, Colombia",CO,CO02,6.29139,-75.5361,-592318,0,,,,,,,4,"Medellin, Antioquia, Colombia",CO,CO02,6.29139,-75.5361,-592318,20161117,http://www.tylerpaper.com/TP-Business/257734/colombias-blood-gold-turns-up-in-the-us-in-everything-from-smartphones-to-cars-to-gold-coins
599996645,20161117,201611,2016,2016.8685,BUS,COMPANY,,,,,,BUS,,,,,,,,,,,,,0,012,012,01,1,-0.4,3,1,3,1.3215859030837,4,"Medellin, Antioquia, Colombia",CO,CO02,6.29139,-75.5361,-592318,0,,,,,,,4,"Medellin, Antioquia, Colombia",CO,CO02,6.29139,-75.5361,-592318,20161117,http://www.tylerpaper.com/TP-Business/257734/colombias-blood-gold-turns-up-in-the-us-in-everything-from-smartphones-to-cars-to-gold-coins
599996670,20161117,201611,2016,2016.8685,BUS,COMPANY,,,,,,BUS,,,,,,,,,,,,,0,050,050,05,1,3.5,8,2,8,-0.40488943934744,4,"River Valley, Ontario, Canada",CA,CA08,46.5833,-80.1833,-572303,0,,,,,,,4,"River Valley, Ontario, Canada",CA,CA08,46.5833,-80.1833,-572303,20161117,http://www.goldseiten.de/artikel/309131--Pacific-North-West-Capital-Corp-Reports-Up-To-304Prozent-Lithium-Oxide-On-The-Lithium-Two-Project-SE-Manitoba.html
599996671,20161117,201611,2016,2016.8685,BUS,COMPANY,,,,,,BUS,,,,,,,,,,,,,0,050,050,05,1,3.5,16,2,16,-0.348419228534083,4,"Winnipeg River, Manitoba, Canada",CA,CA03,50.6167,-96.3333,-576100,0,,,,,,,4,"River Valley, Ontario, Canada",CA,CA08,46.5833,-80.1833,-572303,20161117,http://www.goldseiten.de/artikel/309131--Pacific-North-West-Capital-Corp-Reports-Up-To-304Prozent-Lithium-Oxide-On-The-Lithium-Two-Project-SE-Manitoba.html
599996672,20161117,201611,2016,2016.8685,BUS,COMPANY,,,,,,BUS,,,,,,,,,,,,,0,050,050,05,1,3.5,6,2,6,-0.348419228534083,4,"Winnipeg River, Manitoba, Canada",CA,CA03,50.6167,-96.3333,-576100,0,,,,,,,4,"Winnipeg River, Manitoba, Canada",CA,CA03,50.6167,-96.3333,-576100,20161117,http://www.goldseiten.de/artikel/309131--Pacific-North-West-Capital-Corp-Reports-Up-To-304Prozent-Lithium-Oxide-On-The-Lithium-Two-Project-SE-Manitoba.html
599996702,20161117,201611,2016,2016.8685,BUS,BUSINESS,,,,,,BUS,,,GBR,LONDON,GBR,,,,,,,,0,061,061,06,2,6.4,8,1,8,1.3215859030837,4,"London, London, City of, United Kingdom",UK,UKH9,51.5,-0.116667,-2601889,4,"London, London, City of, United Kingdom",UK,UKH9,51.5,-0.116667,-2601889,4,"London, London, City of, United Kingdom",UK,UKH9,51.5,-0.116667,-2601889,20161117,http://www.tylerpaper.com/TP-Business/257734/colombias-blood-gold-turns-up-in-the-us-in-everything-from-smartphones-to-cars-to-gold-coins
599996703,20161117,201611,2016,2016.8685,BUS,BUSINESS,,,,,,BUS,,,GBR,LONDON,GBR,,,,,,,,0,061,061,06,2,6.4,2,1,2,1.3215859030837,4,"Medellin, Antioquia, Colombia",CO,CO02,6.29139,-75.5361,-592318,4,"Medellin, Antioquia, Colombia",CO,CO02,6.29139,-75.5361,-592318,4,"Medellin, Antioquia, Colombia",CO,CO02,6.29139,-75.5361,-592318,20161117,http://www.tylerpaper.com/TP-Business/257734/colombias-blood-gold-turns-up-in-the-us-in-everything-from-smartphones-to-cars-to-gold-coins
599996704,20161117,201611,2016,2016.8685,BUS,BUSINESS,,,,,,BUS,,,GBR,LONDON,GBR,,,,,,,,0,112,112,11,3,-2.0,7,1,7,1.3215859030837,4,"London, London, City of, United Kingdom",UK,UKH9,51.5,-0.116667,-2601889,4,"London, London, City of, United Kingdom",UK,UKH9,51.5,-0.116667,-2601889,4,"London, London, City of, United Kingdom",UK,UKH9,51.5,-0.116667,-2601889,20161117,http://www.tylerpaper.com/TP-Business/257734/colombias-blood-gold-turns-up-in-the-us-in-everything-from-smartphones-to-cars-to-gold-coins
599996705,20161117,201611,2016,2016.8685,BUS,BUSINESS,,,,,,BUS,,,GBR,LONDON,GBR,,,,,,,,0,112,112,11,3,-2.0,1,1,1,1.3215859030837,4,"Medellin, Antioquia, Colombia",CO,CO02,6.29139,-75.5361,-592318,4,"Medellin, Antioquia, Colombia",CO,CO02,6.29139,-75.5361,-592318,4,"Medellin, Antioquia, Colombia",CO,CO02,6.29139,-75.5361,-592318,20161117,http://www.tylerpaper.com/TP-Business/257734/colombias-blood-gold-turns-up-in-the-us-in-everything-from-smartphones-to-cars-to-gold-coins
599996762,20161117,201611,2016,2016.8685,CAN,CANADA,CAN,,,,,,,,,,,,,,,,,,1,043,043,04,1,2.8,12,2,12,-0.40488943934744,4,"River Valley, Ontario, Canada",CA,CA08,46.5833,-80.1833,-572303,0,,,,,,,4,"River Valley, Ontario, Canada",CA,CA08,46.5833,-80.1833,-572303,20161117,http://www.goldseiten.de/artikel/309131--Pacific-North-West-Capital-Corp-Reports-Up-To-304Prozent-Lithium-Oxide-On-The-Lithium-Two-Project-SE-Manitoba.html
599996884,20161117,201611,2016,2016.8685,COL,COLOMBIA,COL,,,,,,,,BUS,COMPANY,,,,,,BUS,,,0,012,012,01,1,-0.4,4,1,4,1.3215859030837,4,"Medellin, Antioquia, Colombia",CO,CO02,6.29139,-75.5361,-592318,4,"Medellin, Antioquia, Colombia",CO,CO02,6.29139,-75.5361,-592318,4,"Medellin, Antioquia, Colombia",CO,CO02,6.29139,-75.5361,-592318,20161117,http://www.tylerpaper.com/TP-Business/257734/colombias-blood-gold-turns-up-in-the-us-in-everything-from-smartphones-to-cars-to-gold-coins
599996886,20161117,201611,2016,2016.8685,COLUAF,COLOMBIA,COL,,,,,UAF,,,REF,DISPLACED PEOPLE,,,,,,REF,,,0,070,070,07,2,7.0,5,1,5,1.3215859030837,4,"Medellin, Antioquia, Colombia",CO,CO02,6.29139,-75.5361,-592318,4,"Medellin, Antioquia, Colombia",CO,CO02,6.29139,-75.5361,-592318,4,"Medellin, Antioquia, Colombia",CO,CO02,6.29139,-75.5361,-592318,20161117,http://www.tylerpaper.com/TP-Business/257734/colombias-blood-gold-turns-up-in-the-us-in-everything-from-smartphones-to-cars-to-gold-coins
599996887,20161117,201611,2016,2016.8685,COLUAF,COLOMBIA,COL,,,,,UAF,,,REF,DISPLACED PEOPLE,,,,,,REF,,,0,080,080,08,2,5.0,5,1,5,1.3215859030837,4,"Medellin, Antioquia, Colombia",CO,CO02,6.29139,-75.5361,-592318,4,"Medellin, Antioquia, Colombia",CO,CO02,6.29139,-75.5361,-592318,4,"Medellin, Antioquia, Colombia",CO,CO02,6.29139,-75.5361,-592318,20161117,http://www.tylerpaper.com/TP-Business/257734/colombias-blood-gold-turns-up-in-the-us-in-everything-from-smartphones-to-cars-to-gold-coins
599997652,20161117,201611,2016,2016.8685,JUD,COUNSEL,,,,,,JUD,,,BUS,COMPANY,,,,,,BUS,,,0,012,012,01,1,-0.4,3,1,3,1.3215859030837,4,"Medellin, Antioquia, Colombia",CO,CO02,6.29139,-75.5361,-592318,4,"Medellin, Antioquia, Colombia",CO,CO02,6.29139,-75.5361,-592318,4,"Medellin, Antioquia, Colombia",CO,CO02,6.29139,-75.5361,-592318,20161117,http://www.tylerpaper.com/TP-Business/257734/colombias-blood-gold-turns-up-in-the-us-in-everything-from-smartphones-to-cars-to-gold-coins
599998264,20161117,201611,2016,2016.8685,UAF,ARMED GROUP,,,,,,UAF,,,,,,,,,,,,,0,070,070,07,2,7.0,10,1,10,1.3215859030837,4,"Medellin, Antioquia, Colombia",CO,CO02,6.29139,-75.5361,-592318,0,,,,,,,4,"Medellin, Antioquia, Colombia",CO,CO02,6.29139,-75.5361,-592318,20161117,http://www.tylerpaper.com/TP-Business/257734/colombias-blood-gold-turns-up-in-the-us-in-everything-from-smartphones-to-cars-to-gold-coins
600000972,20161117,201611,2016,2016.8685,BUS,COMPANY,,,,,,BUS,,,,,,,,,,,,,1,190,190,19,4,-10.0,1,1,1,4.83870967741936,4,"Clontibret, Monaghan, Ireland",EI,EI22,54.2036,-6.83833,-1501788,0,,,,,,,4,"Clontibret, Monaghan, Ireland",EI,EI22,54.2036,-6.83833,-1501788,20161117,http://www.digitallook.com/news/aim-bulletin/conroy-gold-losses-narrow-as-it-pins-hopes-on-clay-lake--2294860.html
600000998,20161117,201611,2016,2016.8685,BUS,COMPANY,,,,,,BUS,,,IRL,IRELAND,IRL,,,,,,,,1,190,190,19,4,-10.0,4,1,4,4.83870967741936,4,"Clontibret, Monaghan, Ireland",EI,EI22,54.2036,-6.83833,-1501788,4,"Clontibret, Monaghan, Ireland",EI,EI22,54.2036,-6.83833,-1501788,4,"Clontibret, Monaghan, Ireland",EI,EI22,54.2036,-6.83833,-1501788,20161117,http://www.digitallook.com/news/aim-bulletin/conroy-gold-losses-narrow-as-it-pins-hopes-on-clay-lake--2294860.html
600005412,20161117,201611,2016,2016.8685,,,,,,,,,,,EDU,SCHOOL,,,,,,EDU,,,0,043,043,04,1,2.8,4,1,4,0.86794792312462,0,,,,,,,4,"Rome, Lazio, Italy",IT,IT07,41.9,12.4833,-126693,4,"Stawell, Victoria, Australia",AS,AS07,-37.0563,142.781,-1602084,20161117,http://www.begadistrictnews.com.au/story/3962431/hunt-for-dark-matter-sends-scientists-underground-in-a-victorian-goldmine/?cs=4058
600005622,20161117,201611,2016,2016.8685,AUS,AUSTRALIA,AUS,,,,,,,,USA,UNITED STATES,USA,,,,,,,,0,020,020,02,1,3.0,2,1,2,0.86794792312462,4,"Stawell, Victoria, Australia",AS,AS07,-37.0563,142.781,-1602084,4,"Stawell, Victoria, Australia",AS,AS07,-37.0563,142.781,-1602084,4,"Stawell, Victoria, Australia",AS,AS07,-37.0563,142.781,-1602084,20161117,http://www.begadistrictnews.com.au/story/3962431/hunt-for-dark-matter-sends-scientists-underground-in-a-victorian-goldmine/?cs=4058
600005623,20161117,201611,2016,2016.8685,AUS,AUSTRALIA,AUS,,,,,,,,USA,UNITED STATES,USA,,,,,,,,0,020,020,02,1,3.0,6,1,6,0.86794792312462,4,"Stawell, Victoria, Australia",AS,AS07,-37.0563,142.781,-1602084,1,United States,US,US,38,-97,US,4,"Stawell, Victoria, Australia",AS,AS07,-37.0563,142.781,-1602084,20161117,http://www.begadistrictnews.com.au/story/3962431/hunt-for-dark-matter-sends-scientists-underground-in-a-victorian-goldmine/?cs=4058
600005793,20161117,201611,2016,2016.8685,CHN,CHINA,CHN,,,,,,,,,,,,,,,,,,1,010,010,01,1,0.0,4,1,4,11.3684210526316,4,"Tong Yang, Jilin, China",CH,CH05,42.7889,128.281,10870562,0,,,,,,,4,"Tong Yang, Jilin, China",CH,CH05,42.7889,128.281,10870562,20161117,http://asiatoday.com/pressrelease/bito-unveils-stunning-key-visual-golden-pin-design-award-2016-award-ceremony
600005955,20161117,201611,2016,2016.8685,CVL,SCIENTIST,,,,,,CVL,,,,,,,,,,,,,1,173,173,17,4,-5.0,10,1,10,0.86794792312462,4,"Stawell, Victoria, Australia",AS,AS07,-37.0563,142.781,-1602084,0,,,,,,,4,"Stawell, Victoria, Australia",AS,AS07,-37.0563,142.781,-1602084,20161117,http://www.begadistrictnews.com.au/story/3962431/hunt-for-dark-matter-sends-scientists-underground-in-a-victorian-goldmine/?cs=4058
600006072,20161117,201611,2016,2016.8685,EDU,SCHOOL,,,,,,EDU,,,,,,,,,,,,,0,042,042,04,1,1.9,4,1,4,0.86794792312462,4,"Rome, Lazio, Italy",IT,IT07,41.9,12.4833,-126693,0,,,,,,,4,"Stawell, Victoria, Australia",AS,AS07,-37.0563,142.781,-1602084,20161117,http://www.begadistrictnews.com.au/story/3962431/hunt-for-dark-matter-sends-scientists-underground-in-a-victorian-goldmine/?cs=4058
600006674,20161117,201611,2016,2016.8685,ITA,ITALY,ITA,,,,,,,,,,,,,,,,,,0,173,173,17,4,-5.0,8,1,8,0.86794792312462,4,"Gran Sasso, Abruzzo, Italy",IT,IT01,42.45,13.7,-118820,0,,,,,,,4,"Gran Sasso, Abruzzo, Italy",IT,IT01,42.45,13.7,-118820,20161117,http://www.begadistrictnews.com.au/story/3962431/hunt-for-dark-matter-sends-scientists-underground-in-a-victorian-goldmine/?cs=4058
600006675,20161117,201611,2016,2016.8685,ITA,ITALIAN,ITA,,,,,,,,,,,,,,,,,,0,173,173,17,4,-5.0,2,1,2,0.86794792312462,4,"Laquila, Abruzzo, Italy",IT,IT01,42.3667,13.3667,-119724,0,,,,,,,4,"Gran Sasso, Abruzzo, Italy",IT,IT01,42.45,13.7,-118820,20161117,http://www.begadistrictnews.com.au/story/3962431/hunt-for-dark-matter-sends-scientists-underground-in-a-victorian-goldmine/?cs=4058
600007305,20161117,201611,2016,2016.8685,RUS,RUSSIAN,RUS,,,,,,,,RUSBUS,RUSSIA,RUS,,,,,BUS,,,1,051,051,05,1,3.4,4,1,4,1.96850393700787,4,"Kremlin, Moskva, Russia",RS,RS48,55.7522,37.6156,-2960561,4,"Kremlin, Moskva, Russia",RS,RS48,55.7522,37.6156,-2960561,4,"Kremlin, Moskva, Russia",RS,RS48,55.7522,37.6156,-2960561,20161117,http://www.ibtimes.co.uk/russian-company-releases-gold-plated-trump-iphone-celebrate-presidential-victory-1592070
600007306,20161117,201611,2016,2016.8685,RUS,RUSSIAN,RUS,,,,,,,,RUSBUS,RUSSIA,RUS,,,,,BUS,,,1,084,084,08,2,7.0,2,1,2,1.96850393700787,4,"Kremlin, Moskva, Russia",RS,RS48,55.7522,37.6156,-2960561,4,"Kremlin, Moskva, Russia",RS,RS48,55.7522,37.6156,-2960561,4,"Kremlin, Moskva, Russia",RS,RS48,55.7522,37.6156,-2960561,20161117,http://www.ibtimes.co.uk/russian-company-releases-gold-plated-trump-iphone-celebrate-presidential-victory-1592070
600007307,20161117,201611,2016,2016.8685,RUS,RUSSIAN,RUS,,,,,,,,RUSBUS,RUSSIA,RUS,,,,,BUS,,,1,084,084,08,2,7.0,2,1,2,1.96850393700787,1,Ukraine,UP,UP,49,32,UP,1,Ukraine,UP,UP,49,32,UP,1,Ukraine,UP,UP,49,32,UP,20161117,http://www.ibtimes.co.uk/russian-company-releases-gold-plated-trump-iphone-celebrate-presidential-victory-1592070
600007331,20161117,201611,2016,2016.8685,RUSBUS,RUSSIAN,RUS,,,,,BUS,,,,,,,,,,,,,1,084,084,08,2,7.0,6,1,6,1.96850393700787,1,Ukraine,UP,UP,49,32,UP,0,,,,,,,1,Ukraine,UP,UP,49,32,UP,20161117,http://www.ibtimes.co.uk/russian-company-releases-gold-plated-trump-iphone-celebrate-presidential-victory-1592070
600007414,20161117,201611,2016,2016.8685,TWN,TAIPEI,TWN,,,,,,,,TWNGOV,TAIWAN,TWN,,,,,GOV,,,1,051,051,05,1,3.4,2,1,2,11.3684210526316,4,"Songshan, T'ai-pei, Taiwan",TW,TW03,25.0431,121.58,-2637540,4,"Songshan, T'ai-pei, Taiwan",TW,TW03,25.0431,121.58,-2637540,4,"Songshan, T'ai-pei, Taiwan",TW,TW03,25.0431,121.58,-2637540,20161117,http://asiatoday.com/pressrelease/bito-unveils-stunning-key-visual-golden-pin-design-award-2016-award-ceremony
600007415,20161117,201611,2016,2016.8685,TWN,TAIPEI,TWN,,,,,,,,TWNGOV,TAIWAN,TWN,,,,,GOV,,,1,051,051,05,1,3.4,8,1,8,11.3684210526316,4,"Songshan, T'ai-pei, Taiwan",TW,TW03,25.0431,121.58,-2637540,4,"Tong Yang, Jilin, China",CH,CH05,42.7889,128.281,10870562,4,"Tong Yang, Jilin, China",CH,CH05,42.7889,128.281,10870562,20161117,http://asiatoday.com/pressrelease/bito-unveils-stunning-key-visual-golden-pin-design-award-2016-award-ceremony
600010358,20161117,201611,2016,2016.8685,AGR,FARMER,,,,,,AGR,,,,,,,,,,,,,1,190,190,19,4,-10.0,30,1,30,-0.33333333333334,1,Australia,AS,AS,-27,133,AS,0,,,,,,,1,Australia,AS,AS,-27,133,AS,20161117,http://www.goldcoastbulletin.com.au/business/scenic-rim-farmers-fight-the-good-fight-in-the-milk-wars/news-story/21081ace5b9f71b18b1a20441a58b9df?nk=66862361f8732268422880b5a57c1c4d-1479397705
600011002,20161117,201611,2016,2016.8685,EDUHLH,UNIVERSITY,,,,,,EDU,HLH,,,,,,,,,,,,1,020,020,02,1,3.0,3,1,3,-0.691244239631341,1,Ghana,GH,GH,8,-2,GH,0,,,,,,,4,"Brisbane, Queensland, Australia",AS,AS04,-27.5,153.017,-1561728,20161117,http://www.goldcoastbulletin.com.au/news/gold-coast/flu-being-blamed-for-gold-coast-hospital-emergency-department-treatment-time-blowouts/news-story/17d3a695941bd351c047eb916373067a?nk=790bdff6a517d7906cedb95b70123ee9-1479397725
600011193,20161117,201611,2016,2016.8685,GHAEDU,GHANA,GHA,,,,,EDU,,,HLHEDU,HOSPITAL,,,,,,HLH,EDU,,1,020,020,02,1,3.0,6,1,6,-0.691244239631341,1,Ghana,GH,GH,8,-2,GH,1,Ghana,GH,GH,8,-2,GH,4,"Brisbane, Queensland, Australia",AS,AS04,-27.5,153.017,-1561728,20161117,http://www.goldcoastbulletin.com.au/news/gold-coast/flu-being-blamed-for-gold-coast-hospital-emergency-department-treatment-time-blowouts/news-story/17d3a695941bd351c047eb916373067a?nk=790bdff6a517d7906cedb95b70123ee9-1479397725
600011194,20161117,201611,2016,2016.8685,GHAHLH,GHANA,GHA,,,,,HLH,,,AUS,AUSTRALIA,AUS,,,,,,,,0,020,020,02,1,3.0,6,1,6,-0.691244239631341,1,Ghana,GH,GH,8,-2,GH,4,"Brisbane, Queensland, Australia",AS,AS04,-27.5,153.017,-1561728,4,"Brisbane, Queensland, Australia",AS,AS04,-27.5,153.017,-1561728,20161117,http://www.goldcoastbulletin.com.au/news/gold-coast/flu-being-blamed-for-gold-coast-hospital-emergency-department-treatment-time-blowouts/news-story/17d3a695941bd351c047eb916373067a?nk=790bdff6a517d7906cedb95b70123ee9-1479397725
600011195,20161117,201611,2016,2016.8685,GHAHLH,GHANA,GHA,,,,,HLH,,,AUSHLH,AUSTRALIA,AUS,,,,,HLH,,,0,020,020,02,1,3.0,12,1,12,-0.691244239631341,1,Ghana,GH,GH,8,-2,GH,4,"Brisbane, Queensland, Australia",AS,AS04,-27.5,153.017,-1561728,4,"Brisbane, Queensland, Australia",AS,AS04,-27.5,153.017,-1561728,20161117,http://www.goldcoastbulletin.com.au/news/gold-coast/flu-being-blamed-for-gold-coast-hospital-emergency-department-treatment-time-blowouts/news-story/17d3a695941bd351c047eb916373067a?nk=790bdff6a517d7906cedb95b70123ee9-1479397725
600011385,20161117,201611,2016,2016.8685,HLH,HOSPITAL,,,,,,HLH,,,AUSHLH,BRISBANE,AUS,,,,,HLH,,,0,020,020,02,1,3.0,6,1,6,-0.691244239631341,1,Ghana,GH,GH,8,-2,GH,4,"Brisbane, Queensland, Australia",AS,AS04,-27.5,153.017,-1561728,4,"Brisbane, Queensland, Australia",AS,AS04,-27.5,153.017,-1561728,20161117,http://www.goldcoastbulletin.com.au/news/gold-coast/flu-being-blamed-for-gold-coast-hospital-emergency-department-treatment-time-blowouts/news-story/17d3a695941bd351c047eb916373067a?nk=790bdff6a517d7906cedb95b70123ee9-1479397725
600014792,20161018,201610,2016,2016.7890,MIL,NAVAL,,,,,,MIL,,,MILCVL,NAVY,,,,,,MIL,CVL,,1,010,010,01,1,0.0,10,1,10,3.33333333333333,0,,,,,,,0,,,,,,,0,,,,,,,20161117,http://www.dolphin-news.com/news/cybersecurity-a-gold-line-of-effort/article_f4392dfa-d424-540f-ba60-7b91ec389e52.html
600014793,20161018,201610,2016,2016.7890,MIL,NAVAL,,,,,,MIL,,,MILCVL,NAVY,,,,,,MIL,CVL,,1,060,060,06,2,6.0,10,1,10,3.33333333333333,0,,,,,,,0,,,,,,,0,,,,,,,20161117,http://www.dolphin-news.com/news/cybersecurity-a-gold-line-of-effort/article_f4392dfa-d424-540f-ba60-7b91ec389e52.html
600014794,20161018,201610,2016,2016.7890,MIL,NAVAL,,,,,,MIL,,,MILCVL,NAVY,,,,,,MIL,CVL,,1,084,084,08,2,7.0,10,1,10,3.33333333333333,0,,,,,,,0,,,,,,,0,,,,,,,20161117,http://www.dolphin-news.com/news/cybersecurity-a-gold-line-of-effort/article_f4392dfa-d424-540f-ba60-7b91ec389e52.html
600015068,20161117,201611,2016,2016.8685,AFR,AFRICA,AFR,,,,,,,,,,,,,,,,,,1,020,020,02,1,3.0,10,1,10,3.58126721763085,1,Egypt,EG,EG,27,30,EG,0,,,,,,,1,Egypt,EG,EG,27,30,EG,20161117,http://www.valuewalk.com/2016/11/gold-mining-egypt/
600015097,20161117,201611,2016,2016.8685,AFR,AFRICA,AFR,,,,,,,,nub,NUBIAN,,,nub,,,,,,1,042,042,04,1,1.9,30,2,30,3.51111256068516,1,Egypt,EG,EG,27,30,EG,1,Sudan,SU,SU,15,30,SU,1,Egypt,EG,EG,27,30,EG,20161117,http://www.valuewalk.com/2016/11/gold-mining-egypt/
600015240,20161117,201611,2016,2016.8685,CAN,CANADA,CAN,,,,,,,,BUS,COMPANY,,,,,,BUS,,,0,020,020,02,1,3.0,4,1,4,1.61691542288558,1,United States,US,US,38,-97,US,1,United States,US,US,38,-97,US,1,United States,US,US,38,-97,US,20161117,http://www.fool.ca/2016/11/17/billionaire-george-soros-is-buying-barrick-gold-corp-again-should-you-buy-too/
600015494,20161117,201611,2016,2016.8685,CVL,CIVILIAN,,,,,,CVL,,,MIL,MILITARY,,,,,,MIL,,,1,050,050,05,1,3.5,10,1,10,3.33333333333333,0,,,,,,,0,,,,,,,0,,,,,,,20161117,http://www.dolphin-news.com/news/cybersecurity-a-gold-line-of-effort/article_f4392dfa-d424-540f-ba60-7b91ec389e52.html
600015655,20161117,201611,2016,2016.8685,EGY,EGYPT,EGY,,,,,,,,ETH,ETHIOPIA,ETH,,,,,,,,1,043,043,04,1,2.8,22,2,22,3.51111256068516,1,Egypt,EG,EG,27,30,EG,1,Ethiopia,ET,ET,8,38,ET,1,Ethiopia,ET,ET,8,38,ET,20161117,http://www.valuewalk.com/2016/11/gold-mining-egypt/
600015686,20161117,201611,2016,2016.8685,ETH,ETHIOPIA,ETH,,,,,,,,EGY,EGYPT,EGY,,,,,,,,1,042,042,04,1,1.9,30,2,30,3.51111256068516,1,Ethiopia,ET,ET,8,38,ET,1,Egypt,EG,EG,27,30,EG,1,Ethiopia,ET,ET,8,38,ET,20161117,http://www.valuewalk.com/2016/11/gold-mining-egypt/
600016464,20161117,201611,2016,2016.8685,MIL,MILITARY,,,,,,MIL,,,CVL,CIVILIAN,,,,,,CVL,,,1,050,050,05,1,3.5,10,1,10,3.33333333333333,0,,,,,,,0,,,,,,,0,,,,,,,20161117,http://www.dolphin-news.com/news/cybersecurity-a-gold-line-of-effort/article_f4392dfa-d424-540f-ba60-7b91ec389e52.html
600017500,20161117,201611,2016,2016.8685,nub,NUBIAN,,,nub,,,,,,AFR,AFRICA,AFR,,,,,,,,1,043,043,04,1,2.8,30,2,30,3.51111256068516,1,Sudan,SU,SU,15,30,SU,1,Egypt,EG,EG,27,30,EG,1,Egypt,EG,EG,27,30,EG,20161117,http://www.valuewalk.com/2016/11/gold-mining-egypt/
600021358,20161117,201611,2016,2016.8685,USA,NEVADA,USA,,,,,,,,,,,,,,,,,,1,030,030,03,1,4.0,3,1,3,2.02702702702703,2,"Nevada, United States",US,USNV,38.4199,-117.122,NV,0,,,,,,,2,"Arizona, United States",US,USAZ,33.7712,-111.388,AZ,20161117,http://www.proactiveinvestors.com/companies/news/169141/move-over-barisan-gold-it-s-time-for-lithion-energy-169141.html
600023887,20161117,201611,2016,2016.8685,,,,,,,,,,,ITA,RIVIERA,ITA,,,,,,,,1,036,036,03,1,4.0,10,1,10,11.6883116883117,0,,,,,,,4,"Vienna, Wien, Austria",AU,AU09,48.2,16.3667,-1995499,4,"Vienna, Wien, Austria",AU,AU09,48.2,16.3667,-1995499,20161117,http://www.eglobaltravelmedia.com.au/partnership-continues-between-insight-vacations-luxury-gold-and-uniworld-boutique-river-cruises-with-new-2017-europes-finest/
600024063,20161117,201611,2016,2016.8685,AUS,AUSTRALIA,AUS,,,,,,,,FRA,FRANCE,FRA,,,,,,,,1,042,042,04,1,1.9,2,1,2,11.6883116883117,4,"Channel Island, Northern Territory, Australia",AS,AS03,-12.5534,130.867,-1565104,4,"Paris, France (general), France",FR,FR00,48.8667,2.33333,-1456928,4,"Paris, France (general), France",FR,FR00,48.8667,2.33333,-1456928,20161117,http://www.eglobaltravelmedia.com.au/partnership-continues-between-insight-vacations-luxury-gold-and-uniworld-boutique-river-cruises-with-new-2017-europes-finest/
600024553,20161117,201611,2016,2016.8685,DEU,NUREMBERG,DEU,,,,,,,,GOV,AMBASSADOR,,,,,,GOV,,,1,043,043,04,1,2.8,10,1,10,11.6883116883117,4,"Prague, Praha, Hlavníesto, Czech Republic",EZ,EZ52,50.0833,14.4667,-553173,4,"Prague, Praha, Hlavníesto, Czech Republic",EZ,EZ52,50.0833,14.4667,-553173,4,"Prague, Praha, Hlavníesto, Czech Republic",EZ,EZ52,50.0833,14.4667,-553173,20161117,http://www.eglobaltravelmedia.com.au/partnership-continues-between-insight-vacations-luxury-gold-and-uniworld-boutique-river-cruises-with-new-2017-europes-finest/
600024770,20161117,201611,2016,2016.8685,FRA,FRANCE,FRA,,,,,,,,AUS,AUSTRALIA,AUS,,,,,,,,1,043,043,04,1,2.8,2,1,2,11.6883116883117,4,"Paris, France (general), France",FR,FR00,48.8667,2.33333,-1456928,4,"Channel Island, Northern Territory, Australia",AS,AS03,-12.5534,130.867,-1565104,4,"Paris, France (general), France",FR,FR00,48.8667,2.33333,-1456928,20161117,http://www.eglobaltravelmedia.com.au/partnership-continues-between-insight-vacations-luxury-gold-and-uniworld-boutique-river-cruises-with-new-2017-europes-finest/
600024779,20161117,201611,2016,2016.8685,FRA,PARIS,FRA,,,,,,,,GGY,CHANNEL ISLAND,,,,,,,,,1,043,043,04,1,2.8,5,1,5,11.6883116883117,4,"Paris, France (general), France",FR,FR00,48.8667,2.33333,-1456928,4,"Channel Island, Northern Territory, Australia",AS,AS03,-12.5534,130.867,-1565104,4,"Paris, France (general), France",FR,FR00,48.8667,2.33333,-1456928,20161117,http://www.eglobaltravelmedia.com.au/partnership-continues-between-insight-vacations-luxury-gold-and-uniworld-boutique-river-cruises-with-new-2017-europes-finest/
600024894,20161117,201611,2016,2016.8685,GGY,CHANNEL ISLAND,,,,,,,,,FRA,PARIS,FRA,,,,,,,,1,042,042,04,1,1.9,5,1,5,11.6883116883117,4,"Channel Island, Northern Territory, Australia",AS,AS03,-12.5534,130.867,-1565104,4,"Paris, France (general), France",FR,FR00,48.8667,2.33333,-1456928,4,"Paris, France (general), France",FR,FR00,48.8667,2.33333,-1456928,20161117,http://www.eglobaltravelmedia.com.au/partnership-continues-between-insight-vacations-luxury-gold-and-uniworld-boutique-river-cruises-with-new-2017-europes-finest/
600024974,20161117,201611,2016,2016.8685,GOV,AMBASSADOR,,,,,,GOV,,,DEU,NUREMBERG,DEU,,,,,,,,1,036,036,03,1,4.0,10,1,10,11.6883116883117,4,"Prague, Praha, Hlavníesto, Czech Republic",EZ,EZ52,50.0833,14.4667,-553173,4,"Prague, Praha, Hlavníesto, Czech Republic",EZ,EZ52,50.0833,14.4667,-553173,4,"Prague, Praha, Hlavníesto, Czech Republic",EZ,EZ52,50.0833,14.4667,-553173,20161117,http://www.eglobaltravelmedia.com.au/partnership-continues-between-insight-vacations-luxury-gold-and-uniworld-boutique-river-cruises-with-new-2017-europes-finest/
600024975,20161117,201611,2016,2016.8685,GOV,AMBASSADOR,,,,,,GOV,,,DEU,NUREMBERG,DEU,,,,,,,,1,042,042,04,1,1.9,10,1,10,11.6883116883117,4,"Prague, Praha, Hlavníesto, Czech Republic",EZ,EZ52,50.0833,14.4667,-553173,4,"Prague, Praha, Hlavníesto, Czech Republic",EZ,EZ52,50.0833,14.4667,-553173,4,"Prague, Praha, Hlavníesto, Czech Republic",EZ,EZ52,50.0833,14.4667,-553173,20161117,http://www.eglobaltravelmedia.com.au/partnership-continues-between-insight-vacations-luxury-gold-and-uniworld-boutique-river-cruises-with-new-2017-europes-finest/
600025050,20161117,201611,2016,2016.8685,GOV,PRESIDENT,,,,,,GOV,,,USA,UNITED STATES,USA,,,,,,,,1,026,026,02,1,4.0,6,1,6,2.98196948682385,1,British Virgin Islands,VI,VI,18.5,-64.5,VI,1,British Virgin Islands,VI,VI,18.5,-64.5,VI,1,British Virgin Islands,VI,VI,18.5,-64.5,VI,20161117,http://news.coinupdate.com/walking-liberty-centennial-gold-half-dollar-countdown-to-noon-release/
600025074,20161117,201611,2016,2016.8685,GOV,PRESIDENT,,,,,,GOV,,,USAMIL,AMERICAN TROOPS,USA,,,,,MIL,,,1,026,026,02,1,4.0,2,1,2,2.98196948682385,1,British Virgin Islands,VI,VI,18.5,-64.5,VI,1,British Virgin Islands,VI,VI,18.5,-64.5,VI,1,British Virgin Islands,VI,VI,18.5,-64.5,VI,20161117,http://news.coinupdate.com/walking-liberty-centennial-gold-half-dollar-countdown-to-noon-release/
600025299,20161117,201611,2016,2016.8685,ITA,RIVIERA,ITA,,,,,,,,,,,,,,,,,,1,010,010,01,1,0.0,10,1,10,11.6883116883117,4,"Prague, Praha, Hlavníesto, Czech Republic",EZ,EZ52,50.0833,14.4667,-553173,0,,,,,,,4,"Prague, Praha, Hlavníesto, Czech Republic",EZ,EZ52,50.0833,14.4667,-553173,20161117,http://www.eglobaltravelmedia.com.au/partnership-continues-between-insight-vacations-luxury-gold-and-uniworld-boutique-river-cruises-with-new-2017-europes-finest/
600025300,20161117,201611,2016,2016.8685,ITA,RIVIERA,ITA,,,,,,,,,,,,,,,,,,1,036,036,03,1,4.0,10,1,10,11.6883116883117,4,"Vienna, Wien, Austria",AU,AU09,48.2,16.3667,-1995499,0,,,,,,,4,"Vienna, Wien, Austria",AU,AU09,48.2,16.3667,-1995499,20161117,http://www.eglobaltravelmedia.com.au/partnership-continues-between-insight-vacations-luxury-gold-and-uniworld-boutique-river-cruises-with-new-2017-europes-finest/
600025578,20161117,201611,2016,2016.8685,MEDMED,NEWSPAPER,,,,,,MED,MED,,,,,,,,,,,,0,010,010,01,1,0.0,10,1,10,2.98196948682385,3,"Philadelphia, Pennsylvania, United States",US,USPA,39.9523,-75.1638,1209052,0,,,,,,,3,"Philadelphia, Pennsylvania, United States",US,USPA,39.9523,-75.1638,1209052,20161117,http://news.coinupdate.com/walking-liberty-centennial-gold-half-dollar-countdown-to-noon-release/
600025644,20161117,201611,2016,2016.8685,MNCCAN,ROYAL BANK OF CANADA,CAN,,,,,MNC,,,BUS,INVESTOR,,,,,,BUS,,,1,010,010,01,1,0.0,10,1,10,3.11526479750779,1,Guyana,GY,GY,5,-59,GY,1,Guyana,GY,GY,5,-59,GY,1,Guyana,GY,GY,5,-59,GY,20161117,https://www.com-unik.info/2016/11/17/royal-bank-of-canada-reaffirms-outperform-rating-for-guyana-goldfields-inc-guy.html
600025713,20161117,201611,2016,2016.8685,NGO,LIONS CLUBS INTERNATIONAL,,,,,,NGO,,,USA,PHILADELPHIA,USA,,,,,,,,0,042,042,04,1,1.9,8,1,8,2.65377544108634,3,"Philadelphia, Pennsylvania, United States",US,USPA,39.9523,-75.1638,1209052,3,"United States Mint, Pennsylvania, United States",US,USPA,39.9623,-75.1657,1190061,3,"Philadelphia, Pennsylvania, United States",US,USPA,39.9523,-75.1638,1209052,20161117,http://news.coinupdate.com/walking-liberty-centennial-gold-half-dollar-countdown-to-noon-release/
600025714,20161117,201611,2016,2016.8685,NGO,LIONS CLUBS INTERNATIONAL,,,,,,NGO,,,USA,PHILADELPHIA,USA,,,,,,,,0,042,042,04,1,1.9,12,1,12,2.65377544108634,3,"Philadelphia, Pennsylvania, United States",US,USPA,39.9523,-75.1638,1209052,3,"Philadelphia, Pennsylvania, United States",US,USPA,39.9523,-75.1638,1209052,3,"Philadelphia, Pennsylvania, United States",US,USPA,39.9523,-75.1638,1209052,20161117,http://news.coinupdate.com/walking-liberty-centennial-gold-half-dollar-countdown-to-noon-release/
600025746,20161117,201611,2016,2016.8685,NZL,KIWI,NZL,,,,,,,,BMU,BERMUDA,BMU,,,,,,,,0,040,040,04,1,1.0,20,1,20,2.65377544108634,4,"Rakiura, New Zealand (general), New Zealand",NZ,NZ00,-47,167.833,-1518492,1,Bermuda,BD,BD,32.3333,-64.75,BD,1,Bermuda,BD,BD,32.3333,-64.75,BD,20161117,http://news.coinupdate.com/walking-liberty-centennial-gold-half-dollar-countdown-to-noon-release/
600026316,20161117,201611,2016,2016.8685,USA,PHILADELPHIA,USA,,,,,,,,NGO,LIONS CLUBS INTERNATIONAL,,,,,,NGO,,,0,043,043,04,1,2.8,8,1,8,2.65377544108634,3,"United States Mint, Pennsylvania, United States",US,USPA,39.9623,-75.1657,1190061,3,"Philadelphia, Pennsylvania, United States",US,USPA,39.9523,-75.1638,1209052,3,"Philadelphia, Pennsylvania, United States",US,USPA,39.9523,-75.1638,1209052,20161117,http://news.coinupdate.com/walking-liberty-centennial-gold-half-dollar-countdown-to-noon-release/
600026317,20161117,201611,2016,2016.8685,USA,PHILADELPHIA,USA,,,,,,,,NGO,LIONS CLUBS INTERNATIONAL,,,,,,NGO,,,0,043,043,04,1,2.8,12,1,12,2.65377544108634,3,"Philadelphia, Pennsylvania, United States",US,USPA,39.9523,-75.1638,1209052,3,"Philadelphia, Pennsylvania, United States",US,USPA,39.9523,-75.1638,1209052,3,"Philadelphia, Pennsylvania, United States",US,USPA,39.9523,-75.1638,1209052,20161117,http://news.coinupdate.com/walking-liberty-centennial-gold-half-dollar-countdown-to-noon-release/
600026467,20161117,201611,2016,2016.8685,USAGOV,UNITED STATES,USA,,,,,GOV,,,USA,UNITED STATES,USA,,,,,,,,1,026,026,02,1,4.0,2,1,2,2.98196948682385,1,British Virgin Islands,VI,VI,18.5,-64.5,VI,1,British Virgin Islands,VI,VI,18.5,-64.5,VI,1,British Virgin Islands,VI,VI,18.5,-64.5,VI,20161117,http://news.coinupdate.com/walking-liberty-centennial-gold-half-dollar-countdown-to-noon-release/
600029209,20161117,201611,2016,2016.8685,EDU,STUDENT,,,,,,EDU,,,GOV,PRESIDENT,,,,,,GOV,,,0,173,173,17,4,-5.0,10,1,10,-4.77099236641222,1,United States,US,US,38,-97,US,1,United States,US,US,38,-97,US,1,United States,US,US,38,-97,US,20161117,http://www.huffingtonpost.com/theresa-browngold/pussy-artist-here-lets-un_b_12896568.html
600029243,20161117,201611,2016,2016.8685,EGY,EGYPT,EGY,,,,,,,,ETH,ETHIOPIA,ETH,,,,,,,,1,043,043,04,1,2.8,8,1,8,3.47603523221231,1,Egypt,EG,EG,27,30,EG,1,Egypt,EG,EG,27,30,EG,1,Egypt,EG,EG,27,30,EG,20161117,https://www.yahoo.com/news/gold-pharaohs-egypt-issue-first-154500540.html
600029462,20161117,201611,2016,2016.8685,GOV,MINISTRY,,,,,,GOV,,,,,,,,,,,,,1,012,012,01,1,-0.4,10,1,10,-2,4,"Skouries, Perifereia Peloponnisou, Greece",GR,GR62,37.3,22.3333,-828503,0,,,,,,,4,"Skouries, Perifereia Peloponnisou, Greece",GR,GR62,37.3,22.3333,-828503,20161117,http://www.naftemporiki.gr/story/1172779/skouries-gold-mine-project-clears-bureaucratic-hurdle
600029651,20161117,201611,2016,2016.8685,HLH,DOCTOR,,,,,,HLH,,,,,,,,,,,,,1,046,046,04,1,7.0,8,1,8,5.79064587973274,4,"Amsterdam, Noord-Holland, Netherlands",NL,NL07,52.35,4.91667,-2140479,0,,,,,,,4,"Amsterdam, Noord-Holland, Netherlands",NL,NL07,52.35,4.91667,-2140479,20161117,http://www.adweek.com/news/advertising-branding/mccann-nys-tv-doctors-and-field-trip-mars-win-gold-epica-awards-174676
600029660,20161117,201611,2016,2016.8685,HLH,DOCTOR,,,,,,HLH,,,NLD,NETHERLANDS,NLD,,,,,,,,1,046,046,04,1,7.0,2,1,2,5.79064587973274,4,"Amsterdam, Noord-Holland, Netherlands",NL,NL07,52.35,4.91667,-2140479,4,"Amsterdam, Noord-Holland, Netherlands",NL,NL07,52.35,4.91667,-2140479,4,"Amsterdam, Noord-Holland, Netherlands",NL,NL07,52.35,4.91667,-2140479,20161117,http://www.adweek.com/news/advertising-branding/mccann-nys-tv-doctors-and-field-trip-mars-win-gold-epica-awards-174676
600029663,20161117,201611,2016,2016.8685,HLH,DOCTOR,,,,,,HLH,,,USA,UNITED STATES,USA,,,,,,,,1,051,051,05,1,3.4,6,2,6,2.10998262573024,2,"New York, United States",US,USNY,42.1497,-74.9384,NY,2,"New York, United States",US,USNY,42.1497,-74.9384,NY,2,"New York, United States",US,USNY,42.1497,-74.9384,NY,20161117,http://www.adweek.com/news/advertising-branding/mccann-nys-tv-doctors-and-field-trip-mars-win-gold-epica-awards-174676
600030281,20161117,201611,2016,2016.8685,NLD,NETHERLANDS,NLD,,,,,,,,HLH,DOCTOR,,,,,,HLH,,,1,046,046,04,1,7.0,2,1,2,5.79064587973274,2,"New York, United States",US,USNY,42.1497,-74.9384,NY,2,"New York, United States",US,USNY,42.1497,-74.9384,NY,2,"New York, United States",US,USNY,42.1497,-74.9384,NY,20161117,http://www.adweek.com/news/advertising-branding/mccann-nys-tv-doctors-and-field-trip-mars-win-gold-epica-awards-174676
600031120,20161117,201611,2016,2016.8685,USAHLH,UNITED STATES,USA,,,,,HLH,,,,,,,,,,,,,1,051,051,05,1,3.4,4,1,4,5.79064587973274,2,"New York, United States",US,USNY,42.1497,-74.9384,NY,0,,,,,,,2,"New York, United States",US,USNY,42.1497,-74.9384,NY,20161117,http://www.adweek.com/news/advertising-branding/mccann-nys-tv-doctors-and-field-trip-mars-win-gold-epica-awards-174676
600032853,20151118,201511,2015,2015.8712,CHNGOV,CHINA,CHN,,,,,GOV,,,COL,COLOMBIA,COL,,,,,,,,0,042,042,04,1,1.9,2,1,2,1.08514190317196,4,"Santiago, Regióetropolitana, Chile",CI,CI12,-33.45,-70.6667,-901202,1,China,CH,CH,35,105,CH,1,China,CH,CH,35,105,CH,20161117,http://www.economist.com/news/americas/21710307-chinas-president-ventures-donald-trumps-backyard-golden-opportunity
600032854,20151118,201511,2015,2015.8712,CHNGOV,CHINA,CHN,,,,,GOV,,,COL,COLOMBIA,COL,,,,,,,,0,042,042,04,1,1.9,8,1,8,1.08514190317196,1,China,CH,CH,35,105,CH,1,Colombia,CO,CO,4,-72,CO,1,Colombia,CO,CO,4,-72,CO,20161117,http://www.economist.com/news/americas/21710307-chinas-president-ventures-donald-trumps-backyard-golden-opportunity
600032855,20151118,201511,2015,2015.8712,COL,COLOMBIA,COL,,,,,,,,CHNGOV,CHINA,CHN,,,,,GOV,,,0,043,043,04,1,2.8,2,1,2,1.08514190317196,1,China,CH,CH,35,105,CH,4,"Santiago, Regióetropolitana, Chile",CI,CI12,-33.45,-70.6667,-901202,1,China,CH,CH,35,105,CH,20161117,http://www.economist.com/news/americas/21710307-chinas-president-ventures-donald-trumps-backyard-golden-opportunity
600032856,20151118,201511,2015,2015.8712,COL,COLOMBIA,COL,,,,,,,,CHNGOV,CHINA,CHN,,,,,GOV,,,0,043,043,04,1,2.8,8,1,8,1.08514190317196,1,Colombia,CO,CO,4,-72,CO,1,China,CH,CH,35,105,CH,1,Colombia,CO,CO,4,-72,CO,20161117,http://www.economist.com/news/americas/21710307-chinas-president-ventures-donald-trumps-backyard-golden-opportunity
600033242,20161117,201611,2016,2016.8685,ARG,ARGENTINA,ARG,,,,,,,,BRA,BRAZIL,BRA,,,,,,,,0,061,061,06,2,6.4,2,1,2,1.08514190317196,4,"Getulio Vargas, Rio Grande do Sul, Brazil",BR,BR23,-27.8333,-52.2667,-644797,4,"Getulio Vargas, Rio Grande do Sul, Brazil",BR,BR23,-27.8333,-52.2667,-644797,4,"Getulio Vargas, Rio Grande do Sul, Brazil",BR,BR23,-27.8333,-52.2667,-644797,20161117,http://www.economist.com/news/americas/21710307-chinas-president-ventures-donald-trumps-backyard-golden-opportunity
600033243,20161117,201611,2016,2016.8685,ARG,ARGENTINA,ARG,,,,,,,,BRA,BRAZIL,BRA,,,,,,,,0,061,061,06,2,6.4,2,1,2,1.08514190317196,4,"Getulio Vargas, Rio Grande do Sul, Brazil",BR,BR23,-27.8333,-52.2667,-644797,4,"Getulio Vargas, Rio Grande do Sul, Brazil",BR,BR23,-27.8333,-52.2667,-644797,1,Argentina,AR,AR,-34,-64,AR,20161117,http://www.economist.com/news/americas/21710307-chinas-president-ventures-donald-trumps-backyard-golden-opportunity
600033244,20161117,201611,2016,2016.8685,ARG,ARGENTINA,ARG,,,,,,,,BRA,BRAZIL,BRA,,,,,,,,0,061,061,06,2,6.4,6,1,6,1.08514190317196,1,Argentina,AR,AR,-34,-64,AR,4,"Getulio Vargas, Rio Grande do Sul, Brazil",BR,BR23,-27.8333,-52.2667,-644797,1,Argentina,AR,AR,-34,-64,AR,20161117,http://www.economist.com/news/americas/21710307-chinas-president-ventures-donald-trumps-backyard-golden-opportunity
600033245,20161117,201611,2016,2016.8685,ARG,ARGENTINA,ARG,,,,,,,,GOV,GOVERNMENT,,,,,,GOV,,,0,043,043,04,1,2.8,1,1,1,1.08514190317196,4,"Getulio Vargas, Rio Grande do Sul, Brazil",BR,BR23,-27.8333,-52.2667,-644797,4,"Rio Bravo, Lara, Venezuela",VE,VE13,9.56984,-69.6596,6144690,4,"Rio Bravo, Lara, Venezuela",VE,VE13,9.56984,-69.6596,6144690,20161117,http://www.economist.com/news/americas/21710307-chinas-president-ventures-donald-trumps-backyard-golden-opportunity
600033246,20161117,201611,2016,2016.8685,ARG,ARGENTINA,ARG,,,,,,,,GOV,GOVERNMENT,,,,,,GOV,,,0,043,043,04,1,2.8,1,1,1,1.08514190317196,4,"Rio Bravo, Lara, Venezuela",VE,VE13,9.56984,-69.6596,6144690,4,"Rio Bravo, Lara, Venezuela",VE,VE13,9.56984,-69.6596,6144690,1,China,CH,CH,35,105,CH,20161117,http://www.economist.com/news/americas/21710307-chinas-president-ventures-donald-trumps-backyard-golden-opportunity
600033247,20161117,201611,2016,2016.8685,ARG,ARGENTINA,ARG,,,,,,,,GOV,GOVERNMENT,,,,,,GOV,,,0,043,043,04,1,2.8,3,1,3,1.08514190317196,1,Argentina,AR,AR,-34,-64,AR,4,"Rio Bravo, Lara, Venezuela",VE,VE13,9.56984,-69.6596,6144690,4,"Rio Bravo, Lara, Venezuela",VE,VE13,9.56984,-69.6596,6144690,20161117,http://www.economist.com/news/americas/21710307-chinas-president-ventures-donald-trumps-backyard-golden-opportunity
600033292,20161117,201611,2016,2016.8685,BRA,BRAZIL,BRA,,,,,,,,ARG,ARGENTINA,ARG,,,,,,,,0,061,061,06,2,6.4,2,1,2,1.08514190317196,4,"Getulio Vargas, Rio Grande do Sul, Brazil",BR,BR23,-27.8333,-52.2667,-644797,4,"Getulio Vargas, Rio Grande do Sul, Brazil",BR,BR23,-27.8333,-52.2667,-644797,4,"Getulio Vargas, Rio Grande do Sul, Brazil",BR,BR23,-27.8333,-52.2667,-644797,20161117,http://www.economist.com/news/americas/21710307-chinas-president-ventures-donald-trumps-backyard-golden-opportunity
600033293,20161117,201611,2016,2016.8685,BRA,BRAZIL,BRA,,,,,,,,ARG,ARGENTINA,ARG,,,,,,,,0,061,061,06,2,6.4,2,1,2,1.08514190317196,4,"Getulio Vargas, Rio Grande do Sul, Brazil",BR,BR23,-27.8333,-52.2667,-644797,4,"Getulio Vargas, Rio Grande do Sul, Brazil",BR,BR23,-27.8333,-52.2667,-644797,1,Argentina,AR,AR,-34,-64,AR,20161117,http://www.economist.com/news/americas/21710307-chinas-president-ventures-donald-trumps-backyard-golden-opportunity
600033294,20161117,201611,2016,2016.8685,BRA,BRAZIL,BRA,,,,,,,,ARG,ARGENTINA,ARG,,,,,,,,0,061,061,06,2,6.4,6,1,6,1.08514190317196,4,"Getulio Vargas, Rio Grande do Sul, Brazil",BR,BR23,-27.8333,-52.2667,-644797,1,Argentina,AR,AR,-34,-64,AR,1,Argentina,AR,AR,-34,-64,AR,20161117,http://www.economist.com/news/americas/21710307-chinas-president-ventures-donald-trumps-backyard-golden-opportunity
600033295,20161117,201611,2016,2016.8685,BRA,BRAZIL,BRA,,,,,,,,CHN,CHINA,CHN,,,,,,,,0,061,061,06,2,6.4,2,1,2,1.08514190317196,4,"Getulio Vargas, Rio Grande do Sul, Brazil",BR,BR23,-27.8333,-52.2667,-644797,4,"Getulio Vargas, Rio Grande do Sul, Brazil",BR,BR23,-27.8333,-52.2667,-644797,4,"Getulio Vargas, Rio Grande do Sul, Brazil",BR,BR23,-27.8333,-52.2667,-644797,20161117,http://www.economist.com/news/americas/21710307-chinas-president-ventures-donald-trumps-backyard-golden-opportunity
600033296,20161117,201611,2016,2016.8685,BRA,BRAZILIAN,BRA,,,,,,,,CHN,CHINA,CHN,,,,,,,,0,061,061,06,2,6.4,5,1,5,1.08514190317196,4,"Getulio Vargas, Rio Grande do Sul, Brazil",BR,BR23,-27.8333,-52.2667,-644797,1,China,CH,CH,35,105,CH,4,"Getulio Vargas, Rio Grande do Sul, Brazil",BR,BR23,-27.8333,-52.2667,-644797,20161117,http://www.economist.com/news/americas/21710307-chinas-president-ventures-donald-trumps-backyard-golden-opportunity
600033297,20161117,201611,2016,2016.8685,BRA,BRAZIL,BRA,,,,,,,,GOV,GOVERNMENT,,,,,,GOV,,,0,043,043,04,1,2.8,3,1,3,1.08514190317196,4,"Getulio Vargas, Rio Grande do Sul, Brazil",BR,BR23,-27.8333,-52.2667,-644797,4,"Rio Bravo, Lara, Venezuela",VE,VE13,9.56984,-69.6596,6144690,4,"Rio Bravo, Lara, Venezuela",VE,VE13,9.56984,-69.6596,6144690,20161117,http://www.economist.com/news/americas/21710307-chinas-president-ventures-donald-trumps-backyard-golden-opportunity
600033298,20161117,201611,2016,2016.8685,BRA,BRAZIL,BRA,,,,,,,,GOV,GOVERNMENT,,,,,,GOV,,,0,043,043,04,1,2.8,1,1,1,1.08514190317196,4,"Rio Bravo, Lara, Venezuela",VE,VE13,9.56984,-69.6596,6144690,4,"Rio Bravo, Lara, Venezuela",VE,VE13,9.56984,-69.6596,6144690,4,"Rio Bravo, Lara, Venezuela",VE,VE13,9.56984,-69.6596,6144690,20161117,http://www.economist.com/news/americas/21710307-chinas-president-ventures-donald-trumps-backyard-golden-opportunity
600033299,20161117,201611,2016,2016.8685,BRA,BRAZIL,BRA,,,,,,,,GOV,GOVERNMENT,,,,,,GOV,,,0,043,043,04,1,2.8,1,1,1,1.08514190317196,4,"Rio Bravo, Lara, Venezuela",VE,VE13,9.56984,-69.6596,6144690,4,"Rio Bravo, Lara, Venezuela",VE,VE13,9.56984,-69.6596,6144690,1,China,CH,CH,35,105,CH,20161117,http://www.economist.com/news/americas/21710307-chinas-president-ventures-donald-trumps-backyard-golden-opportunity
600033362,20161117,201611,2016,2016.8685,BUS,COMPANY,,,,,,BUS,,,CHN,CHINA,CHN,,,,,,,,0,061,061,06,2,6.4,3,1,3,1.08514190317196,1,China,CH,CH,35,105,CH,1,China,CH,CH,35,105,CH,4,"Getulio Vargas, Rio Grande do Sul, Brazil",BR,BR23,-27.8333,-52.2667,-644797,20161117,http://www.economist.com/news/americas/21710307-chinas-president-ventures-donald-trumps-backyard-golden-opportunity
600033471,20161117,201611,2016,2016.8685,CHL,CHILE,CHL,,,,,,,,CHN,CHINA,CHN,,,,,,,,0,042,042,04,1,1.9,8,1,8,1.08514190317196,4,"Santiago, Regióetropolitana, Chile",CI,CI12,-33.45,-70.6667,-901202,1,China,CH,CH,35,105,CH,1,Colombia,CO,CO,4,-72,CO,20161117,http://www.economist.com/news/americas/21710307-chinas-president-ventures-donald-trumps-backyard-golden-opportunity
600033472,20161117,201611,2016,2016.8685,CHL,CHILE,CHL,,,,,,,,CHN,CHINA,CHN,,,,,,,,0,042,042,04,1,1.9,2,1,2,1.08514190317196,1,China,CH,CH,35,105,CH,1,China,CH,CH,35,105,CH,1,Colombia,CO,CO,4,-72,CO,20161117,http://www.economist.com/news/americas/21710307-chinas-president-ventures-donald-trumps-backyard-golden-opportunity
600033484,20161117,201611,2016,2016.8685,CHN,CHINESE,CHN,,,,,,,,ARG,ARGENTINA,ARG,,,,,,,,0,061,061,06,2,6.4,2,1,2,1.08514190317196,4,"Rio Bravo, Lara, Venezuela",VE,VE13,9.56984,-69.6596,6144690,4,"Rio Bravo, Lara, Venezuela",VE,VE13,9.56984,-69.6596,6144690,1,China,CH,CH,35,105,CH,20161117,http://www.economist.com/news/americas/21710307-chinas-president-ventures-donald-trumps-backyard-golden-opportunity
600033485,20161117,201611,2016,2016.8685,CHN,CHINESE,CHN,,,,,,,,ARG,ARGENTINA,ARG,,,,,,,,0,061,061,06,2,6.4,8,1,8,1.08514190317196,1,China,CH,CH,35,105,CH,1,Argentina,AR,AR,-34,-64,AR,1,China,CH,CH,35,105,CH,20161117,http://www.economist.com/news/americas/21710307-chinas-president-ventures-donald-trumps-backyard-golden-opportunity
600033486,20161117,201611,2016,2016.8685,CHN,CHINESE,CHN,,,,,,,,ARG,ARGENTINA,ARG,,,,,,,,0,0833,083,08,2,5.0,2,1,2,1.08514190317196,4,"Rio Bravo, Lara, Venezuela",VE,VE13,9.56984,-69.6596,6144690,4,"Rio Bravo, Lara, Venezuela",VE,VE13,9.56984,-69.6596,6144690,1,China,CH,CH,35,105,CH,20161117,http://www.economist.com/news/americas/21710307-chinas-president-ventures-donald-trumps-backyard-golden-opportunity
600033487,20161117,201611,2016,2016.8685,CHN,CHINESE,CHN,,,,,,,,ARG,ARGENTINA,ARG,,,,,,,,0,0833,083,08,2,5.0,8,1,8,1.08514190317196,1,China,CH,CH,35,105,CH,1,Argentina,AR,AR,-34,-64,AR,1,China,CH,CH,35,105,CH,20161117,http://www.economist.com/news/americas/21710307-chinas-president-ventures-donald-trumps-backyard-golden-opportunity
600033488,20161117,201611,2016,2016.8685,CHN,CHINA,CHN,,,,,,,,BRA,BRAZIL,BRA,,,,,,,,0,061,061,06,2,6.4,2,1,2,1.08514190317196,4,"Getulio Vargas, Rio Grande do Sul, Brazil",BR,BR23,-27.8333,-52.2667,-644797,4,"Getulio Vargas, Rio Grande do Sul, Brazil",BR,BR23,-27.8333,-52.2667,-644797,4,"Getulio Vargas, Rio Grande do Sul, Brazil",BR,BR23,-27.8333,-52.2667,-644797,20161117,http://www.economist.com/news/americas/21710307-chinas-president-ventures-donald-trumps-backyard-golden-opportunity
600033489,20161117,201611,2016,2016.8685,CHN,CHINA,CHN,,,,,,,,BRA,BRAZILIAN,BRA,,,,,,,,0,061,061,06,2,6.4,3,1,3,1.08514190317196,1,China,CH,CH,35,105,CH,4,"Getulio Vargas, Rio Grande do Sul, Brazil",BR,BR23,-27.8333,-52.2667,-644797,4,"Getulio Vargas, Rio Grande do Sul, Brazil",BR,BR23,-27.8333,-52.2667,-644797,20161117,http://www.economist.com/news/americas/21710307-chinas-president-ventures-donald-trumps-backyard-golden-opportunity
600033490,20161117,201611,2016,2016.8685,CHN,CHINA,CHN,,,,,,,,BRA,BRAZIL,BRA,,,,,,,,0,061,061,06,2,6.4,2,1,2,1.08514190317196,1,China,CH,CH,35,105,CH,4,"Getulio Vargas, Rio Grande do Sul, Brazil",BR,BR23,-27.8333,-52.2667,-644797,1,China,CH,CH,35,105,CH,20161117,http://www.economist.com/news/americas/21710307-chinas-president-ventures-donald-trumps-backyard-golden-opportunity
600033492,20161117,201611,2016,2016.8685,CHN,CHINA,CHN,,,,,,,,BUS,COMPANY,,,,,,BUS,,,0,061,061,06,2,6.4,3,1,3,1.08514190317196,1,China,CH,CH,35,105,CH,1,China,CH,CH,35,105,CH,4,"Getulio Vargas, Rio Grande do Sul, Brazil",BR,BR23,-27.8333,-52.2667,-644797,20161117,http://www.economist.com/news/americas/21710307-chinas-president-ventures-donald-trumps-backyard-golden-opportunity
600033494,20161117,201611,2016,2016.8685,CHN,CHINA,CHN,,,,,,,,CHL,CHILE,CHL,,,,,,,,0,043,043,04,1,2.8,8,1,8,1.08514190317196,1,China,CH,CH,35,105,CH,4,"Santiago, Regióetropolitana, Chile",CI,CI12,-33.45,-70.6667,-901202,1,Colombia,CO,CO,4,-72,CO,20161117,http://www.economist.com/news/americas/21710307-chinas-president-ventures-donald-trumps-backyard-golden-opportunity
600033495,20161117,201611,2016,2016.8685,CHN,CHINA,CHN,,,,,,,,CHL,CHILE,CHL,,,,,,,,0,043,043,04,1,2.8,2,1,2,1.08514190317196,1,China,CH,CH,35,105,CH,1,China,CH,CH,35,105,CH,1,Colombia,CO,CO,4,-72,CO,20161117,http://www.economist.com/news/americas/21710307-chinas-president-ventures-donald-trumps-backyard-golden-opportunity
600033536,20161117,201611,2016,2016.8685,CHN,CHINA,CHN,,,,,,,,URYGOV,URUGUAY,URY,,,,,GOV,,,0,043,043,04,1,2.8,8,1,8,1.08514190317196,1,China,CH,CH,35,105,CH,4,"Santiago, Regióetropolitana, Chile",CI,CI12,-33.45,-70.6667,-901202,1,China,CH,CH,35,105,CH,20161117,http://www.economist.com/news/americas/21710307-chinas-president-ventures-donald-trumps-backyard-golden-opportunity
600033537,20161117,201611,2016,2016.8685,CHN,CHINA,CHN,,,,,,,,URYGOV,URUGUAY,URY,,,,,GOV,,,0,043,043,04,1,2.8,2,1,2,1.08514190317196,1,China,CH,CH,35,105,CH,1,China,CH,CH,35,105,CH,1,China,CH,CH,35,105,CH,20161117,http://www.economist.com/news/americas/21710307-chinas-president-ventures-donald-trumps-backyard-golden-opportunity
600033550,20161117,201611,2016,2016.8685,CHNGOV,XI JINPING,CHN,,,,,GOV,,,GOV,PRESIDENT,,,,,,GOV,,,1,042,042,04,1,1.9,1,1,1,1.08514190317196,1,China,CH,CH,35,105,CH,1,China,CH,CH,35,105,CH,3,"Washington, District of Columbia, United States",US,USDC,38.8951,-77.0364,531871,20161117,http://www.economist.com/news/americas/21710307-chinas-president-ventures-donald-trumps-backyard-golden-opportunity
600033553,20161117,201611,2016,2016.8685,CHNGOV,XI JINPING,CHN,,,,,GOV,,,USA,UNITED STATES,USA,,,,,,,,1,042,042,04,1,1.9,2,1,2,1.08514190317196,1,China,CH,CH,35,105,CH,3,"Washington, District of Columbia, United States",US,USDC,38.8951,-77.0364,531871,3,"Washington, District of Columbia, United States",US,USDC,38.8951,-77.0364,531871,20161117,http://www.economist.com/news/americas/21710307-chinas-president-ventures-donald-trumps-backyard-golden-opportunity
600033601,20161117,201611,2016,2016.8685,COP,POLICE,,,,,,COP,,,,,,,,,,,,,1,180,180,18,4,-9.0,6,1,6,-1.28205128205128,4,"Durban, KwaZulu-Natal, South Africa",SF,SF02,-29.85,31.0167,-1224926,0,,,,,,,4,"Durban, KwaZulu-Natal, South Africa",SF,SF02,-29.85,31.0167,-1224926,20161117,http://classic.iol.co.za/news/crime-courts/give-us-the-gold-from-your-teeth-1.2091045
600033605,20161117,201611,2016,2016.8685,COP,POLICE,,,,,,COP,,,AFR,AFRICA,AFR,,,,,,,,1,180,180,18,4,-9.0,4,1,4,-1.28205128205128,4,"Durban, KwaZulu-Natal, South Africa",SF,SF02,-29.85,31.0167,-1224926,4,"Durban, KwaZulu-Natal, South Africa",SF,SF02,-29.85,31.0167,-1224926,4,"Durban, KwaZulu-Natal, South Africa",SF,SF02,-29.85,31.0167,-1224926,20161117,http://classic.iol.co.za/news/crime-courts/give-us-the-gold-from-your-teeth-1.2091045
600033801,20161117,201611,2016,2016.8685,ECU,ECUADOR,ECU,,,,,,,,GOV,GOVERNMENT,,,,,,GOV,,,0,043,043,04,1,2.8,1,1,1,1.08514190317196,4,"Rio Bravo, Lara, Venezuela",VE,VE13,9.56984,-69.6596,6144690,4,"Rio Bravo, Lara, Venezuela",VE,VE13,9.56984,-69.6596,6144690,1,China,CH,CH,35,105,CH,20161117,http://www.economist.com/news/americas/21710307-chinas-president-ventures-donald-trumps-backyard-golden-opportunity
600033802,20161117,201611,2016,2016.8685,ECU,ECUADOR,ECU,,,,,,,,GOV,GOVERNMENT,,,,,,GOV,,,0,043,043,04,1,2.8,1,1,1,1.08514190317196,1,Argentina,AR,AR,-34,-64,AR,4,"Rio Bravo, Lara, Venezuela",VE,VE13,9.56984,-69.6596,6144690,4,"Rio Bravo, Lara, Venezuela",VE,VE13,9.56984,-69.6596,6144690,20161117,http://www.economist.com/news/americas/21710307-chinas-president-ventures-donald-trumps-backyard-golden-opportunity
600033803,20161117,201611,2016,2016.8685,ECU,ECUADOR,ECU,,,,,,,,GOV,GOVERNMENT,,,,,,GOV,,,0,043,043,04,1,2.8,3,1,3,1.08514190317196,1,Ecuador,EC,EC,-2,-77.5,EC,4,"Rio Bravo, Lara, Venezuela",VE,VE13,9.56984,-69.6596,6144690,4,"Rio Bravo, Lara, Venezuela",VE,VE13,9.56984,-69.6596,6144690,20161117,http://www.economist.com/news/americas/21710307-chinas-president-ventures-donald-trumps-backyard-golden-opportunity
600033850,20161117,201611,2016,2016.8685,EDU,ECONOMIST,,,,,,EDU,,,CHN,CHINESE,CHN,,,,,,,,0,010,010,01,1,0.0,2,1,2,1.08514190317196,3,"Washington, District of Columbia, United States",US,USDC,38.8951,-77.0364,531871,1,China,CH,CH,35,105,CH,3,"Washington, District of Columbia, United States",US,USDC,38.8951,-77.0364,531871,20161117,http://www.economist.com/news/americas/21710307-chinas-president-ventures-donald-trumps-backyard-golden-opportunity
600034056,20161117,201611,2016,2016.8685,GOV,GOVERNMENT,,,,,,GOV,,,ARG,ARGENTINA,ARG,,,,,,,,0,042,042,04,1,1.9,1,1,1,1.08514190317196,4,"Rio Bravo, Lara, Venezuela",VE,VE13,9.56984,-69.6596,6144690,4,"Getulio Vargas, Rio Grande do Sul, Brazil",BR,BR23,-27.8333,-52.2667,-644797,4,"Rio Bravo, Lara, Venezuela",VE,VE13,9.56984,-69.6596,6144690,20161117,http://www.economist.com/news/americas/21710307-chinas-president-ventures-donald-trumps-backyard-golden-opportunity
600034057,20161117,201611,2016,2016.8685,GOV,GOVERNMENT,,,,,,GOV,,,ARG,ARGENTINA,ARG,,,,,,,,0,042,042,04,1,1.9,1,1,1,1.08514190317196,4,"Rio Bravo, Lara, Venezuela",VE,VE13,9.56984,-69.6596,6144690,4,"Rio Bravo, Lara, Venezuela",VE,VE13,9.56984,-69.6596,6144690,1,China,CH,CH,35,105,CH,20161117,http://www.economist.com/news/americas/21710307-chinas-president-ventures-donald-trumps-backyard-golden-opportunity
600034058,20161117,201611,2016,2016.8685,GOV,GOVERNMENT,,,,,,GOV,,,ARG,ARGENTINA,ARG,,,,,,,,0,042,042,04,1,1.9,3,1,3,1.08514190317196,4,"Rio Bravo, Lara, Venezuela",VE,VE13,9.56984,-69.6596,6144690,1,Argentina,AR,AR,-34,-64,AR,4,"Rio Bravo, Lara, Venezuela",VE,VE13,9.56984,-69.6596,6144690,20161117,http://www.economist.com/news/americas/21710307-chinas-president-ventures-donald-trumps-backyard-golden-opportunity
600034062,20161117,201611,2016,2016.8685,GOV,GOVERNMENT,,,,,,GOV,,,BRA,BRAZIL,BRA,,,,,,,,0,042,042,04,1,1.9,3,1,3,1.08514190317196,4,"Rio Bravo, Lara, Venezuela",VE,VE13,9.56984,-69.6596,6144690,4,"Getulio Vargas, Rio Grande do Sul, Brazil",BR,BR23,-27.8333,-52.2667,-644797,4,"Rio Bravo, Lara, Venezuela",VE,VE13,9.56984,-69.6596,6144690,20161117,http://www.economist.com/news/americas/21710307-chinas-president-ventures-donald-trumps-backyard-golden-opportunity
600034063,20161117,201611,2016,2016.8685,GOV,GOVERNMENT,,,,,,GOV,,,BRA,BRAZIL,BRA,,,,,,,,0,042,042,04,1,1.9,1,1,1,1.08514190317196,4,"Rio Bravo, Lara, Venezuela",VE,VE13,9.56984,-69.6596,6144690,4,"Rio Bravo, Lara, Venezuela",VE,VE13,9.56984,-69.6596,6144690,4,"Rio Bravo, Lara, Venezuela",VE,VE13,9.56984,-69.6596,6144690,20161117,http://www.economist.com/news/americas/21710307-chinas-president-ventures-donald-trumps-backyard-golden-opportunity
600034064,20161117,201611,2016,2016.8685,GOV,GOVERNMENT,,,,,,GOV,,,BRA,BRAZIL,BRA,,,,,,,,0,042,042,04,1,1.9,1,1,1,1.08514190317196,4,"Rio Bravo, Lara, Venezuela",VE,VE13,9.56984,-69.6596,6144690,4,"Rio Bravo, Lara, Venezuela",VE,VE13,9.56984,-69.6596,6144690,1,China,CH,CH,35,105,CH,20161117,http://www.economist.com/news/americas/21710307-chinas-president-ventures-donald-trumps-backyard-golden-opportunity
600034083,20161117,201611,2016,2016.8685,GOV,PRESIDENT,,,,,,GOV,,,CHNGOV,XI JINPING,CHN,,,,,GOV,,,1,043,043,04,1,2.8,1,1,1,1.08514190317196,3,"Washington, District of Columbia, United States",US,USDC,38.8951,-77.0364,531871,3,"Washington, District of Columbia, United States",US,USDC,38.8951,-77.0364,531871,3,"Washington, District of Columbia, United States",US,USDC,38.8951,-77.0364,531871,20161117,http://www.economist.com/news/americas/21710307-chinas-president-ventures-donald-trumps-backyard-golden-opportunity
600034093,20161117,201611,2016,2016.8685,GOV,GOVERNMENT,,,,,,GOV,,,ECU,ECUADOR,ECU,,,,,,,,0,042,042,04,1,1.9,1,1,1,1.08514190317196,4,"Rio Bravo, Lara, Venezuela",VE,VE13,9.56984,-69.6596,6144690,4,"Rio Bravo, Lara, Venezuela",VE,VE13,9.56984,-69.6596,6144690,1,China,CH,CH,35,105,CH,20161117,http://www.economist.com/news/americas/21710307-chinas-president-ventures-donald-trumps-backyard-golden-opportunity
600034094,20161117,201611,2016,2016.8685,GOV,GOVERNMENT,,,,,,GOV,,,ECU,ECUADOR,ECU,,,,,,,,0,042,042,04,1,1.9,1,1,1,1.08514190317196,4,"Rio Bravo, Lara, Venezuela",VE,VE13,9.56984,-69.6596,6144690,1,Argentina,AR,AR,-34,-64,AR,4,"Rio Bravo, Lara, Venezuela",VE,VE13,9.56984,-69.6596,6144690,20161117,http://www.economist.com/news/americas/21710307-chinas-president-ventures-donald-trumps-backyard-golden-opportunity
600034095,20161117,201611,2016,2016.8685,GOV,GOVERNMENT,,,,,,GOV,,,ECU,ECUADOR,ECU,,,,,,,,0,042,042,04,1,1.9,3,1,3,1.08514190317196,4,"Rio Bravo, Lara, Venezuela",VE,VE13,9.56984,-69.6596,6144690,1,Ecuador,EC,EC,-2,-77.5,EC,4,"Rio Bravo, Lara, Venezuela",VE,VE13,9.56984,-69.6596,6144690,20161117,http://www.economist.com/news/americas/21710307-chinas-president-ventures-donald-trumps-backyard-golden-opportunity
600034189,20161117,201611,2016,2016.8685,GOV,GOVERNMENT,,,,,,GOV,,,VEN,VENEZUELA,VEN,,,,,,,,0,042,042,04,1,1.9,4,1,4,1.08514190317196,4,"Rio Bravo, Lara, Venezuela",VE,VE13,9.56984,-69.6596,6144690,4,"Rio Bravo, Lara, Venezuela",VE,VE13,9.56984,-69.6596,6144690,4,"Rio Bravo, Lara, Venezuela",VE,VE13,9.56984,-69.6596,6144690,20161117,http://www.economist.com/news/americas/21710307-chinas-president-ventures-donald-trumps-backyard-golden-opportunity
600034190,20161117,201611,2016,2016.8685,GOV,GOVERNMENT,,,,,,GOV,,,VEN,VENEZUELA,VEN,,,,,,,,0,042,042,04,1,1.9,1,1,1,1.08514190317196,4,"Rio Bravo, Lara, Venezuela",VE,VE13,9.56984,-69.6596,6144690,4,"Rio Bravo, Lara, Venezuela",VE,VE13,9.56984,-69.6596,6144690,1,China,CH,CH,35,105,CH,20161117,http://www.economist.com/news/americas/21710307-chinas-president-ventures-donald-trumps-backyard-golden-opportunity
600035185,20161117,201611,2016,2016.8685,URYGOV,URUGUAY,URY,,,,,GOV,,,CHN,CHINA,CHN,,,,,,,,0,042,042,04,1,1.9,8,1,8,1.08514190317196,4,"Santiago, Regióetropolitana, Chile",CI,CI12,-33.45,-70.6667,-901202,1,China,CH,CH,35,105,CH,1,China,CH,CH,35,105,CH,20161117,http://www.economist.com/news/americas/21710307-chinas-president-ventures-donald-trumps-backyard-golden-opportunity
600035186,20161117,201611,2016,2016.8685,URYGOV,URUGUAY,URY,,,,,GOV,,,CHN,CHINA,CHN,,,,,,,,0,042,042,04,1,1.9,2,1,2,1.08514190317196,1,China,CH,CH,35,105,CH,1,China,CH,CH,35,105,CH,1,China,CH,CH,35,105,CH,20161117,http://www.economist.com/news/americas/21710307-chinas-president-ventures-donald-trumps-backyard-golden-opportunity
600035221,20161117,201611,2016,2016.8685,USA,UNITED STATES,USA,,,,,,,,,,,,,,,,,,1,020,020,02,1,3.0,2,1,2,1.63793103448276,3,"Lagunitas, California, United States",US,USCA,38.0113,-122.702,1658927,0,,,,,,,3,"Lagunitas, California, United States",US,USCA,38.0113,-122.702,1658927,20161117,http://www.mensjournal.com/food-drink/articles/in-the-golden-age-of-ipas-consumers-deserve-clear-bottle-dating-w450799
600035225,20161117,201611,2016,2016.8685,USA,UNITED STATES,USA,,,,,,,,,,,,,,,,,,1,020,020,02,1,3.0,12,2,12,3.4505444646098,1,Belgium,BE,BE,50.8333,4,BE,0,,,,,,,1,Belgium,BE,BE,50.8333,4,BE,20161117,http://www.mensjournal.com/food-drink/articles/in-the-golden-age-of-ipas-consumers-deserve-clear-bottle-dating-w450799
600035232,20161117,201611,2016,2016.8685,USA,UNITED STATES,USA,,,,,,,,,,,,,,,,,,0,0356,035,03,1,7.0,2,1,2,1.08514190317196,3,"Washington, District of Columbia, United States",US,USDC,38.8951,-77.0364,531871,0,,,,,,,1,China,CH,CH,35,105,CH,20161117,http://www.economist.com/news/americas/21710307-chinas-president-ventures-donald-trumps-backyard-golden-opportunity
600035347,20161117,201611,2016,2016.8685,USA,UNITED STATES,USA,,,,,,,,CHNGOV,XI JINPING,CHN,,,,,GOV,,,1,043,043,04,1,2.8,8,2,8,0.54257095158598,3,"Washington, District of Columbia, United States",US,USDC,38.8951,-77.0364,531871,3,"Washington, District of Columbia, United States",US,USDC,38.8951,-77.0364,531871,3,"Washington, District of Columbia, United States",US,USDC,38.8951,-77.0364,531871,20161117,http://www.economist.com/news/americas/21710307-chinas-president-ventures-donald-trumps-backyard-golden-opportunity
600035430,20161117,201611,2016,2016.8685,USA,UNITED STATES,USA,,,,,,,,GOV,PRESIDENT,,,,,,GOV,,,1,042,042,04,1,1.9,1,1,1,1.08514190317196,1,China,CH,CH,35,105,CH,3,"Washington, District of Columbia, United States",US,USDC,38.8951,-77.0364,531871,3,"Washington, District of Columbia, United States",US,USDC,38.8951,-77.0364,531871,20161117,http://www.economist.com/news/americas/21710307-chinas-president-ventures-donald-trumps-backyard-golden-opportunity
600035431,20161117,201611,2016,2016.8685,USA,UNITED STATES,USA,,,,,,,,GOV,PRESIDENT,,,,,,GOV,,,1,042,042,04,1,1.9,1,1,1,1.08514190317196,1,China,CH,CH,35,105,CH,1,China,CH,CH,35,105,CH,1,China,CH,CH,35,105,CH,20161117,http://www.economist.com/news/americas/21710307-chinas-president-ventures-donald-trumps-backyard-golden-opportunity
600035639,20161117,201611,2016,2016.8685,USAEDU,UNITED STATES,USA,,,,,EDU,,,CHN,CHINESE,CHN,,,,,,,,0,010,010,01,1,0.0,3,1,3,1.08514190317196,3,"Washington, District of Columbia, United States",US,USDC,38.8951,-77.0364,531871,1,China,CH,CH,35,105,CH,3,"Washington, District of Columbia, United States",US,USDC,38.8951,-77.0364,531871,20161117,http://www.economist.com/news/americas/21710307-chinas-president-ventures-donald-trumps-backyard-golden-opportunity
600035640,20161117,201611,2016,2016.8685,USAEDU,UNITED STATES,USA,,,,,EDU,,,CHN,CHINA,CHN,,,,,,,,0,010,010,01,1,0.0,3,1,3,1.08514190317196,3,"Washington, District of Columbia, United States",US,USDC,38.8951,-77.0364,531871,1,China,CH,CH,35,105,CH,1,China,CH,CH,35,105,CH,20161117,http://www.economist.com/news/americas/21710307-chinas-president-ventures-donald-trumps-backyard-golden-opportunity
600035743,20161117,201611,2016,2016.8685,VEN,VENEZUELA,VEN,,,,,,,,GOV,GOVERNMENT,,,,,,GOV,,,0,043,043,04,1,2.8,4,1,4,1.08514190317196,4,"Rio Bravo, Lara, Venezuela",VE,VE13,9.56984,-69.6596,6144690,4,"Rio Bravo, Lara, Venezuela",VE,VE13,9.56984,-69.6596,6144690,4,"Rio Bravo, Lara, Venezuela",VE,VE13,9.56984,-69.6596,6144690,20161117,http://www.economist.com/news/americas/21710307-chinas-president-ventures-donald-trumps-backyard-golden-opportunity
600035744,20161117,201611,2016,2016.8685,VEN,VENEZUELA,VEN,,,,,,,,GOV,GOVERNMENT,,,,,,GOV,,,0,043,043,04,1,2.8,1,1,1,1.08514190317196,4,"Rio Bravo, Lara, Venezuela",VE,VE13,9.56984,-69.6596,6144690,4,"Rio Bravo, Lara, Venezuela",VE,VE13,9.56984,-69.6596,6144690,1,China,CH,CH,35,105,CH,20161117,http://www.economist.com/news/americas/21710307-chinas-president-ventures-donald-trumps-backyard-golden-opportunity
600043089,20161117,201611,2016,2016.8685,FRA,FRANCE,FRA,,,,,,,,GRC,GREECE,GRC,,,,,,,,1,042,042,04,1,1.9,3,1,3,2.32712765957447,1,France,FR,FR,46,2,FR,1,Greece,GR,GR,39,22,GR,1,Greece,GR,GR,39,22,GR,20161117,http://www.greatnorthwestwine.com/2016/11/17/college-cellars-spins-muscat-into-gold-year-after-year/
600043321,20161117,201611,2016,2016.8685,GOV,CHIEF EXECUTIVE,,,,,,GOV,,,MNCUSA,GOLDMAN SACHS,USA,,,,,MNC,,,1,020,020,02,1,3.0,5,1,5,0.869565217391308,2,"Ohio, United States",US,USOH,40.3736,-82.7755,OH,2,"Ohio, United States",US,USOH,40.3736,-82.7755,OH,2,"Ohio, United States",US,USOH,40.3736,-82.7755,OH,20161117,http://www.prnewswire.com/news-releases/keycorp-to-present-at-the-goldman-sachs-us-financial-services-conference-300365074.html
600043417,20161117,201611,2016,2016.8685,GRC,GREECE,GRC,,,,,,,,FRA,FRANCE,FRA,,,,,,,,1,043,043,04,1,2.8,3,1,3,2.32712765957447,1,Greece,GR,GR,39,22,GR,1,France,FR,FR,46,2,FR,1,Greece,GR,GR,39,22,GR,20161117,http://www.greatnorthwestwine.com/2016/11/17/college-cellars-spins-muscat-into-gold-year-after-year/
600043421,20161117,201611,2016,2016.8685,GRC,GREECE,GRC,,,,,,,,GRCCVL,GREECE,GRC,,,,,CVL,,,1,043,043,04,1,2.8,1,1,1,2.32712765957447,1,Greece,GR,GR,39,22,GR,1,Greece,GR,GR,39,22,GR,1,Greece,GR,GR,39,22,GR,20161117,http://www.greatnorthwestwine.com/2016/11/17/college-cellars-spins-muscat-into-gold-year-after-year/
600043423,20161117,201611,2016,2016.8685,GRCCVL,GREECE,GRC,,,,,CVL,,,GRC,GREECE,GRC,,,,,,,,1,042,042,04,1,1.9,1,1,1,2.32712765957447,1,Greece,GR,GR,39,22,GR,1,Greece,GR,GR,39,22,GR,1,Greece,GR,GR,39,22,GR,20161117,http://www.greatnorthwestwine.com/2016/11/17/college-cellars-spins-muscat-into-gold-year-after-year/
600044051,20161117,201611,2016,2016.8685,OMN,MUSCAT,OMN,,,,,,,,,,,,,,,,,,1,120,120,12,3,-4.0,6,1,6,2.32712765957447,3,"San Francisco, California, United States",US,USCA,37.7749,-122.419,277593,0,,,,,,,3,"San Francisco, California, United States",US,USCA,37.7749,-122.419,277593,20161117,http://www.greatnorthwestwine.com/2016/11/17/college-cellars-spins-muscat-into-gold-year-after-year/
600044052,20161117,201611,2016,2016.8685,OMN,MUSCAT,OMN,,,,,,,,,,,,,,,,,,1,120,120,12,3,-4.0,4,1,4,2.32712765957447,1,France,FR,FR,46,2,FR,0,,,,,,,1,France,FR,FR,46,2,FR,20161117,http://www.greatnorthwestwine.com/2016/11/17/college-cellars-spins-muscat-into-gold-year-after-year/
600048408,20161117,201611,2016,2016.8685,MNG,MONGOLIA,MNG,,,,,,,,,,,,,,,,,,1,050,050,05,1,3.5,52,10,52,2.25072226952046,4,"Ulaanbaatar, Ulaanbaatar, Mongolia",MG,MG20,47.9167,106.917,-2353539,0,,,,,,,4,"Ulaanbaatar, Ulaanbaatar, Mongolia",MG,MG20,47.9167,106.917,-2353539,20161117,http://www.marketwatch.com/story/erdene-continues-to-build-confidence-at-bayan-khundii-with-56-metres-of-21-gt-gold-modifies-plans-for-further-q4-expansion-drilling-2016-11-17
600051405,20161117,201611,2016,2016.8685,,,,,,,,,,,GBR,UNITED KINGDOM,GBR,,,,,,,,1,040,040,04,1,1.0,10,1,10,3.41463414634147,0,,,,,,,4,"Inverness, Highland, United Kingdom",UK,UKV3,57.4667,-4.23333,-2599537,4,"Inverness, Highland, United Kingdom",UK,UKV3,57.4667,-4.23333,-2599537,20161117,http://www.thescottishfarmer.co.uk/news/14912407.Golden_eagle_numbers_on_the_up_/
600052523,20161117,201611,2016,2016.8685,GBR,SCOTLAND,GBR,,,,,,,,,,,,,,,,,,1,013,013,01,1,0.4,10,1,10,3.41463414634147,4,"Great Glen, Leicestershire, United Kingdom",UK,UKH5,52.5667,-1.03333,-2597524,0,,,,,,,4,"Great Glen, Leicestershire, United Kingdom",UK,UKH5,52.5667,-1.03333,-2597524,20161117,http://www.thescottishfarmer.co.uk/news/14912407.Golden_eagle_numbers_on_the_up_/
600052531,20161117,201611,2016,2016.8685,GBR,UNITED KINGDOM,GBR,,,,,,,,,,,,,,,,,,1,040,040,04,1,1.0,10,1,10,3.41463414634147,4,"Great Glen, Leicestershire, United Kingdom",UK,UKH5,52.5667,-1.03333,-2597524,0,,,,,,,4,"Great Glen, Leicestershire, United Kingdom",UK,UKH5,52.5667,-1.03333,-2597524,20161117,http://www.thescottishfarmer.co.uk/news/14912407.Golden_eagle_numbers_on_the_up_/
600052534,20161117,201611,2016,2016.8685,GBR,SCOTLAND,GBR,,,,,,,,,,,,,,,,,,1,051,051,05,1,3.4,10,1,10,3.41463414634147,4,"Great Glen, Leicestershire, United Kingdom",UK,UKH5,52.5667,-1.03333,-2597524,0,,,,,,,4,"Great Glen, Leicestershire, United Kingdom",UK,UKH5,52.5667,-1.03333,-2597524,20161117,http://www.thescottishfarmer.co.uk/news/14912407.Golden_eagle_numbers_on_the_up_/
600058351,20161117,201611,2016,2016.8685,USA,UNITED STATES,USA,,,,,,,,,,,,,,,,,,0,172,172,17,4,-5.0,2,1,2,-1.19047619047619,2,"Iowa, United States",US,USIA,42.0046,-93.214,IA,0,,,,,,,2,"Iowa, United States",US,USIA,42.0046,-93.214,IA,20161117,http://globegazette.com/mcpress/news/local/rusty-s-last-call-earns-gold-star-bar-status/article_786261af-8f15-537a-a2e7-4f8809e732e8.html
600058357,20161117,201611,2016,2016.8685,USA,UNITED STATES,USA,,,,,,,,,,,,,,,,,,0,1821,182,18,4,-9.0,4,1,4,-1.19047619047619,2,"Iowa, United States",US,USIA,42.0046,-93.214,IA,0,,,,,,,2,"Iowa, United States",US,USIA,42.0046,-93.214,IA,20161117,http://globegazette.com/mcpress/news/local/rusty-s-last-call-earns-gold-star-bar-status/article_786261af-8f15-537a-a2e7-4f8809e732e8.html
600060248,20161117,201611,2016,2016.8685,,,,,,,,,,,CAN,TORONTO,CAN,,,,,,,,1,057,057,05,1,8.0,10,1,10,0.23076923076923,0,,,,,,,4,"Toronto, Ontario, Canada",CA,CA08,43.6667,-79.4167,-574890,4,"Toronto, Ontario, Canada",CA,CA08,43.6667,-79.4167,-574890,20161117,http://www.goldseiten.de/artikel/309154--Sage-Signs-7-Year-Mill-Processing-Agreement.html
600060282,20161117,201611,2016,2016.8685,,,,,,,,,,,CVL,INDIGENOUS PEOPLE,,,,,,CVL,,,1,046,046,04,1,7.0,5,1,5,-0.89974293059126,0,,,,,,,1,Brazil,BR,BR,-10,-55,BR,1,Brazil,BR,BR,-10,-55,BR,20161117,https://inews.co.uk/essentials/news/world/extraordinary-photos-show-secluded-yanomami-tribe-risk-gold-miners/
600060394,20161117,201611,2016,2016.8685,,,,,,,,,,,NGOEURHRI,SURVIVAL INTERNATIONAL,EUR,,,,,NGO,HRI,,0,100,100,10,3,-5.0,6,1,6,-0.89974293059126,0,,,,,,,1,Brazil,BR,BR,-10,-55,BR,1,Brazil,BR,BR,-10,-55,BR,20161117,https://inews.co.uk/essentials/news/world/extraordinary-photos-show-secluded-yanomami-tribe-risk-gold-miners/
600060442,20161117,201611,2016,2016.8685,,,,,,,,,,,USA,UNITED STATES,USA,,,,,,,,0,042,042,04,1,1.9,16,1,16,2.05824530482398,0,,,,,,,3,"Gold Hill, Washington, United States",US,USWA,48.809,-119.711,1520093,3,"Gold Hill, Washington, United States",US,USWA,48.809,-119.711,1520093,20161117,http://health.einnews.com/pr_news/354376321/erdene-continues-to-build-confidence-at-bayan-khundii-with-56-metres-of-2-1-g-t-gold-modifies-plans-for-further-q4-expansion-drilling
600060638,20161117,201611,2016,2016.8685,BRA,BRAZIL,BRA,,,,,,,,NGOEURHRI,SURVIVAL INTERNATIONAL,EUR,,,,,NGO,HRI,,0,100,100,10,3,-5.0,4,1,4,-0.89974293059126,1,Brazil,BR,BR,-10,-55,BR,1,Brazil,BR,BR,-10,-55,BR,1,Brazil,BR,BR,-10,-55,BR,20161117,https://inews.co.uk/essentials/news/world/extraordinary-photos-show-secluded-yanomami-tribe-risk-gold-miners/
600060649,20161117,201611,2016,2016.8685,BUS,INVESTOR,,,,,,BUS,,,,,,,,,,,,,0,010,010,01,1,0.0,12,2,12,0.441117514407415,4,"Kirkland Lake, Ontario, Canada",CA,CA08,48.15,-80.0333,-567330,0,,,,,,,4,"Kirkland Lake, Ontario, Canada",CA,CA08,48.15,-80.0333,-567330,20161117,http://www.goldseiten.de/artikel/309154--Sage-Signs-7-Year-Mill-Processing-Agreement.html
600060716,20161117,201611,2016,2016.8685,BUS,COMPANY,,,,,,BUS,,,MNG,MONGOLIA,MNG,,,,,,,,0,030,030,03,1,4.0,8,1,8,2.05824530482398,2,"Washington, United States",US,USWA,47.3917,-121.571,WA,2,"Washington, United States",US,USWA,47.3917,-121.571,WA,4,"Ulaanbaatar, Ulaanbaatar, Mongolia",MG,MG20,47.9167,106.917,-2353539,20161117,http://health.einnews.com/pr_news/354376321/erdene-continues-to-build-confidence-at-bayan-khundii-with-56-metres-of-2-1-g-t-gold-modifies-plans-for-further-q4-expansion-drilling
600060743,20161117,201611,2016,2016.8685,CAN,TORONTO,CAN,,,,,,,,,,,,,,,,,,1,030,030,03,1,4.0,2,1,2,0.23076923076923,4,"Kirkland Lake, Ontario, Canada",CA,CA08,48.15,-80.0333,-567330,0,,,,,,,4,"Kirkland Lake, Ontario, Canada",CA,CA08,48.15,-80.0333,-567330,20161117,http://www.goldseiten.de/artikel/309154--Sage-Signs-7-Year-Mill-Processing-Agreement.html
600060746,20161117,201611,2016,2016.8685,CAN,TORONTO,CAN,,,,,,,,,,,,,,,,,,1,057,057,05,1,8.0,30,2,30,-0.774799726019237,4,"Toronto, Ontario, Canada",CA,CA08,43.6667,-79.4167,-574890,0,,,,,,,4,"Toronto, Ontario, Canada",CA,CA08,43.6667,-79.4167,-574890,20161117,http://www.goldseiten.de/artikel/309154--Sage-Signs-7-Year-Mill-Processing-Agreement.html
600060761,20161117,201611,2016,2016.8685,CAN,TORONTO,CAN,,,,,,,,BUS,CORPORATION,,,,,,BUS,,,1,030,030,03,1,4.0,8,1,8,0.23076923076923,4,"Kirkland Lake, Ontario, Canada",CA,CA08,48.15,-80.0333,-567330,4,"Kirkland Lake, Ontario, Canada",CA,CA08,48.15,-80.0333,-567330,4,"Kirkland Lake, Ontario, Canada",CA,CA08,48.15,-80.0333,-567330,20161117,http://www.goldseiten.de/artikel/309154--Sage-Signs-7-Year-Mill-Processing-Agreement.html
600061449,20161117,201611,2016,2016.8685,GOV,GOVERNMENT,,,,,,GOV,,,BRA,BRAZIL,BRA,,,,,,,,0,010,010,01,1,0.0,4,1,4,-0.89974293059126,1,Brazil,BR,BR,-10,-55,BR,1,Brazil,BR,BR,-10,-55,BR,1,Brazil,BR,BR,-10,-55,BR,20161117,https://inews.co.uk/essentials/news/world/extraordinary-photos-show-secluded-yanomami-tribe-risk-gold-miners/
600062238,20161117,201611,2016,2016.8685,MNG,MONGOLIA,MNG,,,,,,,,USA,UNITED STATES,USA,,,,,,,,0,043,043,04,1,2.8,4,1,4,2.05824530482398,4,"Ulaanbaatar, Ulaanbaatar, Mongolia",MG,MG20,47.9167,106.917,-2353539,4,"Ulaanbaatar, Ulaanbaatar, Mongolia",MG,MG20,47.9167,106.917,-2353539,4,"Ulaanbaatar, Ulaanbaatar, Mongolia",MG,MG20,47.9167,106.917,-2353539,20161117,http://health.einnews.com/pr_news/354376321/erdene-continues-to-build-confidence-at-bayan-khundii-with-56-metres-of-2-1-g-t-gold-modifies-plans-for-further-q4-expansion-drilling
600062239,20161117,201611,2016,2016.8685,MNG,MONGOLIA,MNG,,,,,,,,USA,UNITED STATES,USA,,,,,,,,0,043,043,04,1,2.8,4,1,4,2.05824530482398,4,"Ulaanbaatar, Ulaanbaatar, Mongolia",MG,MG20,47.9167,106.917,-2353539,3,"Gold Hill, Washington, United States",US,USWA,48.809,-119.711,1520093,4,"Ulaanbaatar, Ulaanbaatar, Mongolia",MG,MG20,47.9167,106.917,-2353539,20161117,http://health.einnews.com/pr_news/354376321/erdene-continues-to-build-confidence-at-bayan-khundii-with-56-metres-of-2-1-g-t-gold-modifies-plans-for-further-q4-expansion-drilling
600062323,20161117,201611,2016,2016.8685,NGOEURHRI,SURVIVAL INTERNATIONAL,EUR,,,,,NGO,HRI,,BRA,BRAZILIAN,BRA,,,,,,,,1,020,020,02,1,3.0,4,1,4,-0.89974293059126,1,Brazil,BR,BR,-10,-55,BR,1,Brazil,BR,BR,-10,-55,BR,1,Brazil,BR,BR,-10,-55,BR,20161117,https://inews.co.uk/essentials/news/world/extraordinary-photos-show-secluded-yanomami-tribe-risk-gold-miners/
600062324,20161117,201611,2016,2016.8685,NGOEURHRI,SURVIVAL INTERNATIONAL,EUR,,,,,NGO,HRI,,BRAGOV,BRAZILIAN,BRA,,,,,GOV,,,1,020,020,02,1,3.0,6,1,6,-0.89974293059126,1,Brazil,BR,BR,-10,-55,BR,1,Brazil,BR,BR,-10,-55,BR,1,Brazil,BR,BR,-10,-55,BR,20161117,https://inews.co.uk/essentials/news/world/extraordinary-photos-show-secluded-yanomami-tribe-risk-gold-miners/
600062806,20161117,201611,2016,2016.8685,USA,UNITED STATES,USA,,,,,,,,,,,,,,,,,,0,043,043,04,1,2.8,4,1,4,1.96642685851319,4,"Ulaanbaatar, Ulaanbaatar, Mongolia",MG,MG20,47.9167,106.917,-2353539,0,,,,,,,2,"Washington, United States",US,USWA,47.3917,-121.571,WA,20161117,http://world.einnews.com/pr_news/354376321/erdene-continues-to-build-confidence-at-bayan-khundii-with-56-metres-of-2-1-g-t-gold-modifies-plans-for-further-q4-expansion-drilling
600063130,20161117,201611,2016,2016.8685,USA,UNITED STATES,USA,,,,,,,,MNG,MONGOLIA,MNG,,,,,,,,0,042,042,04,1,1.9,4,1,4,2.05824530482398,4,"Ulaanbaatar, Ulaanbaatar, Mongolia",MG,MG20,47.9167,106.917,-2353539,4,"Ulaanbaatar, Ulaanbaatar, Mongolia",MG,MG20,47.9167,106.917,-2353539,4,"Ulaanbaatar, Ulaanbaatar, Mongolia",MG,MG20,47.9167,106.917,-2353539,20161117,http://health.einnews.com/pr_news/354376321/erdene-continues-to-build-confidence-at-bayan-khundii-with-56-metres-of-2-1-g-t-gold-modifies-plans-for-further-q4-expansion-drilling
600063131,20161117,201611,2016,2016.8685,USA,UNITED STATES,USA,,,,,,,,MNG,MONGOLIA,MNG,,,,,,,,0,042,042,04,1,1.9,4,1,4,2.05824530482398,3,"Gold Hill, Washington, United States",US,USWA,48.809,-119.711,1520093,4,"Ulaanbaatar, Ulaanbaatar, Mongolia",MG,MG20,47.9167,106.917,-2353539,4,"Ulaanbaatar, Ulaanbaatar, Mongolia",MG,MG20,47.9167,106.917,-2353539,20161117,http://health.einnews.com/pr_news/354376321/erdene-continues-to-build-confidence-at-bayan-khundii-with-56-metres-of-2-1-g-t-gold-modifies-plans-for-further-q4-expansion-drilling
600063428,20161117,201611,2016,2016.8685,VEN,VENEZUELA,VEN,,,,,,,,GOVCOP,GOVERNMENT,,,,,,GOV,COP,,0,020,020,02,1,3.0,4,1,4,-0.89974293059126,1,Venezuela,VE,VE,8,-66,VE,1,Venezuela,VE,VE,8,-66,VE,1,Venezuela,VE,VE,8,-66,VE,20161117,https://inews.co.uk/essentials/news/world/extraordinary-photos-show-secluded-yanomami-tribe-risk-gold-miners/
600065720,20161117,201611,2016,2016.8685,BRA,BRAZIL,BRA,,,,,,,,,,,,,,,,,,1,061,061,06,2,6.4,10,1,10,4.69798657718121,1,Mexico,MX,MX,23,-102,MX,0,,,,,,,1,Mexico,MX,MX,23,-102,MX,20161117,http://www.bnamericas.com/en/news/metals/brazil-exports-of-gold-iron-steel-products-to-us-jump1/
600069947,20161117,201611,2016,2016.8685,AFRCOP,AFRICA,AFR,,,,,COP,,,AFR,AFRICA,AFR,,,,,,,,0,020,020,02,1,3.0,2,1,2,2.53671562082778,4,"Welkom, Free State, South Africa",SF,SF03,-29.0054,25.6196,-1300215,1,Zambia,ZA,ZA,-15,30,ZA,4,"Welkom, Free State, South Africa",SF,SF03,-29.0054,25.6196,-1300215,20161117,http://www.miningweekly.com/article/alecto-falls-behind-on-zambia-gold-project-as-it-moves-to-complete-financing-plan-2016-11-17/rep_id:3650
600069948,20161117,201611,2016,2016.8685,AFRCOP,AFRICA,AFR,,,,,COP,,,MED,MEDIA,,,,,,MED,,,0,020,020,02,1,3.0,2,1,2,2.53671562082778,4,"Welkom, Free State, South Africa",SF,SF03,-29.0054,25.6196,-1300215,4,"Welkom, Free State, South Africa",SF,SF03,-29.0054,25.6196,-1300215,4,"Welkom, Free State, South Africa",SF,SF03,-29.0054,25.6196,-1300215,20161117,http://www.miningweekly.com/article/alecto-falls-behind-on-zambia-gold-project-as-it-moves-to-complete-financing-plan-2016-11-17/rep_id:3650
600070249,20161117,201611,2016,2016.8685,CHNBUS,CHINESE,CHN,,,,,BUS,,,GOV,MINIST,,,,,,GOV,,,1,020,020,02,1,3.0,3,1,3,2.53671562082778,4,"Welkom, Free State, South Africa",SF,SF03,-29.0054,25.6196,-1300215,4,"Welkom, Free State, South Africa",SF,SF03,-29.0054,25.6196,-1300215,4,"Welkom, Free State, South Africa",SF,SF03,-29.0054,25.6196,-1300215,20161117,http://www.miningweekly.com/article/alecto-falls-behind-on-zambia-gold-project-as-it-moves-to-complete-financing-plan-2016-11-17/rep_id:3650
600071436,20161117,201611,2016,2016.8685,NGA,NIGERIA,NGA,,,,,,,,NGAMED,NIGERIA,NGA,,,,,MED,,,1,100,100,10,3,-5.0,12,2,12,1.31905716277449,4,"Abuja, Abuja Federal Capital Territory, Nigeria",NI,NI11,9.08333,7.53333,-1997013,4,"Abuja, Abuja Federal Capital Territory, Nigeria",NI,NI11,9.08333,7.53333,-1997013,4,"Abuja, Abuja Federal Capital Territory, Nigeria",NI,NI11,9.08333,7.53333,-1997013,20161117,http://nigerianobservernews.com/2016/11/court-admits-badehs-visa-gold-account-documents-in-evidence/
600072272,20161117,201611,2016,2016.8685,ZAFCOP,SOUTH AFRICAN,ZAF,,,,,COP,,,AFR,AFRICA,AFR,,,,,,,,0,020,020,02,1,3.0,1,1,1,2.53671562082778,4,"Welkom, Free State, South Africa",SF,SF03,-29.0054,25.6196,-1300215,1,Zambia,ZA,ZA,-15,30,ZA,4,"Welkom, Free State, South Africa",SF,SF03,-29.0054,25.6196,-1300215,20161117,http://www.miningweekly.com/article/alecto-falls-behind-on-zambia-gold-project-as-it-moves-to-complete-financing-plan-2016-11-17/rep_id:3650
600072273,20161117,201611,2016,2016.8685,ZAFCOP,SOUTH AFRICAN,ZAF,,,,,COP,,,MED,MEDIA,,,,,,MED,,,0,020,020,02,1,3.0,1,1,1,2.53671562082778,4,"Welkom, Free State, South Africa",SF,SF03,-29.0054,25.6196,-1300215,4,"Welkom, Free State, South Africa",SF,SF03,-29.0054,25.6196,-1300215,4,"Welkom, Free State, South Africa",SF,SF03,-29.0054,25.6196,-1300215,20161117,http://www.miningweekly.com/article/alecto-falls-behind-on-zambia-gold-project-as-it-moves-to-complete-financing-plan-2016-11-17/rep_id:3650
600074138,20161117,201611,2016,2016.8685,,,,,,,,,,,CHN,GOBI,CHN,,,,,,,,1,051,051,05,1,3.4,4,2,4,3.13024916013438,0,,,,,,,1,Canada,CA,CA,60,-95,CA,4,"Bayan Tal, GovisüMG, Mongolia",MG,MG24,46.6213,108.358,10455745,20161117,http://www.4-traders.com/KINCORA-COPPER-LTD-12718355/news/Kincora-Copper-outlines-multi-target-multi-stage-strategy-for-Tier-1-porphyry-copper-gold-explora-23420608/
600074262,20161117,201611,2016,2016.8685,,,,,,,,,,,MNG,MONGOLIA,MNG,,,,,,,,1,051,051,05,1,3.4,1,1,1,3.13549832026876,0,,,,,,,4,"Bayan Tal, GovisüMG, Mongolia",MG,MG24,46.6213,108.358,10455745,4,"Bayan Tal, GovisüMG, Mongolia",MG,MG24,46.6213,108.358,10455745,20161117,http://www.4-traders.com/KINCORA-COPPER-LTD-12718355/news/Kincora-Copper-outlines-multi-target-multi-stage-strategy-for-Tier-1-porphyry-copper-gold-explora-23420608/
600074263,20161117,201611,2016,2016.8685,,,,,,,,,,,MNG,MONGOLIA,MNG,,,,,,,,1,051,051,05,1,3.4,1,1,1,3.13549832026876,0,,,,,,,1,Canada,CA,CA,60,-95,CA,1,Canada,CA,CA,60,-95,CA,20161117,http://www.4-traders.com/KINCORA-COPPER-LTD-12718355/news/Kincora-Copper-outlines-multi-target-multi-stage-strategy-for-Tier-1-porphyry-copper-gold-explora-23420608/
600074467,20161117,201611,2016,2016.8685,BUS,CONGLOMERATE,,,,,,BUS,,,,,,,,,,,,,0,051,051,05,1,3.4,14,2,14,3.13024916013438,4,"Bayan Tal, GovisüMG, Mongolia",MG,MG24,46.6213,108.358,10455745,0,,,,,,,4,"Bayan Tal, GovisüMG, Mongolia",MG,MG24,46.6213,108.358,10455745,20161117,http://www.4-traders.com/KINCORA-COPPER-LTD-12718355/news/Kincora-Copper-outlines-multi-target-multi-stage-strategy-for-Tier-1-porphyry-copper-gold-explora-23420608/
600074503,20161117,201611,2016,2016.8685,BUS,CONGLOMERATE,,,,,,BUS,,,MNG,MONGOLIA,MNG,,,,,,,,0,051,051,05,1,3.4,6,2,6,3.13024916013438,4,"Bayan Tal, GovisüMG, Mongolia",MG,MG24,46.6213,108.358,10455745,4,"Bayan Tal, GovisüMG, Mongolia",MG,MG24,46.6213,108.358,10455745,4,"Bayan Tal, GovisüMG, Mongolia",MG,MG24,46.6213,108.358,10455745,20161117,http://www.4-traders.com/KINCORA-COPPER-LTD-12718355/news/Kincora-Copper-outlines-multi-target-multi-stage-strategy-for-Tier-1-porphyry-copper-gold-explora-23420608/
600075681,20161117,201611,2016,2016.8685,MNG,MONGOLIA,MNG,,,,,,,,,,,,,,,,,,1,010,010,01,1,0.0,6,2,6,3.13024916013438,4,"Bayan Tal, GovisüMG, Mongolia",MG,MG24,46.6213,108.358,10455745,0,,,,,,,4,"Bayan Tal, GovisüMG, Mongolia",MG,MG24,46.6213,108.358,10455745,20161117,http://www.4-traders.com/KINCORA-COPPER-LTD-12718355/news/Kincora-Copper-outlines-multi-target-multi-stage-strategy-for-Tier-1-porphyry-copper-gold-explora-23420608/
600075682,20161117,201611,2016,2016.8685,MNG,MONGOLIA,MNG,,,,,,,,,,,,,,,,,,1,051,051,05,1,3.4,16,3,16,3.49016542974039,4,"Bayan Tal, GovisüMG, Mongolia",MG,MG24,46.6213,108.358,10455745,0,,,,,,,4,"Bayan Tal, GovisüMG, Mongolia",MG,MG24,46.6213,108.358,10455745,20161117,http://www.4-traders.com/KINCORA-COPPER-LTD-12718355/news/Kincora-Copper-outlines-multi-target-multi-stage-strategy-for-Tier-1-porphyry-copper-gold-explora-23420608/
600075683,20161117,201611,2016,2016.8685,MNG,MONGOLIA,MNG,,,,,,,,CHN,GOBI,CHN,,,,,,,,1,051,051,05,1,3.4,10,3,10,3.61188723965386,4,"Bayan Tal, GovisüMG, Mongolia",MG,MG24,46.6213,108.358,10455745,4,"Bayan Tal, GovisüMG, Mongolia",MG,MG24,46.6213,108.358,10455745,4,"Bayan Tal, GovisüMG, Mongolia",MG,MG24,46.6213,108.358,10455745,20161117,http://www.4-traders.com/KINCORA-COPPER-LTD-12718355/news/Kincora-Copper-outlines-multi-target-multi-stage-strategy-for-Tier-1-porphyry-copper-gold-explora-23420608/
600075684,20161117,201611,2016,2016.8685,MNG,MONGOLIA,MNG,,,,,,,,CHN,GOBI,CHN,,,,,,,,1,051,051,05,1,3.4,8,2,8,3.13024916013438,1,Canada,CA,CA,60,-95,CA,1,Canada,CA,CA,60,-95,CA,4,"Bayan Tal, GovisüMG, Mongolia",MG,MG24,46.6213,108.358,10455745,20161117,http://www.4-traders.com/KINCORA-COPPER-LTD-12718355/news/Kincora-Copper-outlines-multi-target-multi-stage-strategy-for-Tier-1-porphyry-copper-gold-explora-23420608/
600083513,20161117,201611,2016,2016.8685,ISR,ISRAEL,ISR,,,,,,,,,,,,,,,,,,1,120,120,12,3,-4.0,8,1,8,3.84615384615384,4,"Gezer, HaMerkaz, Israel",IS,IS02,31.8761,34.9225,-779881,0,,,,,,,4,"Gezer, HaMerkaz, Israel",IS,IS02,31.8761,34.9225,-779881,20161117,http://www.jckonline.com/2016/11/17/3600-year-old-gold-and-silver-jewelry-discovered-israel
600084171,20161117,201611,2016,2016.8685,USA,NEW ORLEANS,USA,,,,,,,,,,,,,,,,,,1,010,010,01,1,0.0,6,1,6,3.84615384615384,4,"Gezer, HaMerkaz, Israel",IS,IS02,31.8761,34.9225,-779881,0,,,,,,,4,"Gezer, HaMerkaz, Israel",IS,IS02,31.8761,34.9225,-779881,20161117,http://www.jckonline.com/2016/11/17/3600-year-old-gold-and-silver-jewelry-discovered-israel
600084449,20161117,201611,2016,2016.8685,USA,NEW ORLEANS,USA,,,,,,,,ISR,ISRAEL,ISR,,,,,,,,1,010,010,01,1,0.0,4,1,4,3.84615384615384,4,"Gezer, HaMerkaz, Israel",IS,IS02,31.8761,34.9225,-779881,4,"Gezer, HaMerkaz, Israel",IS,IS02,31.8761,34.9225,-779881,4,"Gezer, HaMerkaz, Israel",IS,IS02,31.8761,34.9225,-779881,20161117,http://www.jckonline.com/2016/11/17/3600-year-old-gold-and-silver-jewelry-discovered-israel
600086724,20161117,201611,2016,2016.8685,BUS,BANK,,,,,,BUS,,,DEU,GERMAN,DEU,,,,,,,,1,0331,033,03,1,5.2,9,1,9,-2.73037542662116,1,Germany,GM,GM,51,9,GM,1,Germany,GM,GM,51,9,GM,1,Germany,GM,GM,51,9,GM,20161117,http://dealbreaker.com/2016/11/goldman-sachs-ads-bore-you/
600087822,20161117,201611,2016,2016.8685,MDV,MALE,MDV,,,,,,,,USA,UNITED STATES,USA,,,,,,,,1,051,051,05,1,3.4,4,1,4,5.69476082004556,1,United States,US,US,38,-97,US,1,United States,US,US,38,-97,US,1,United States,US,US,38,-97,US,20161117,http://www.goldderby.com/article/2016/2016-amas-predictions-justin-bieber-american-music-awards/
600090275,20161117,201611,2016,2016.8685,,,,,,,,,,,BEL,BELGIUM,BEL,,,,,,,,1,061,061,06,2,6.4,2,1,2,3.49040139616055,0,,,,,,,1,Belgium,BE,BE,50.8333,4,BE,1,Belgium,BE,BE,50.8333,4,BE,20161117,http://theblacksheeponline.com/the-weekly-beer-geek/beer-review-golden-monkey
600090299,20161117,201611,2016,2016.8685,,,,,,,,,,,COP,POLICE,,,,,,COP,,,1,014,014,01,1,0.0,10,1,10,-3.19634703196347,0,,,,,,,1,Ghana,GH,GH,8,-2,GH,1,Ghana,GH,GH,8,-2,GH,20161117,http://www.9news.com.au/national/2016/11/18/07/37/woman-allegedly-drives-into-lake-and-swims-away-to-avoid-police-on-the-gold-coast
600090303,20161117,201611,2016,2016.8685,,,,,,,,,,,COP,POLICE,,,,,,COP,,,1,0874,087,08,2,10.0,10,1,10,-3.19634703196347,0,,,,,,,1,Ghana,GH,GH,8,-2,GH,1,Ghana,GH,GH,8,-2,GH,20161117,http://www.9news.com.au/national/2016/11/18/07/37/woman-allegedly-drives-into-lake-and-swims-away-to-avoid-police-on-the-gold-coast
600090306,20161117,201611,2016,2016.8685,,,,,,,,,,,COP,POLICE,,,,,,COP,,,1,173,173,17,4,-5.0,14,2,13,-2.30239886809442,0,,,,,,,1,Ghana,GH,GH,8,-2,GH,1,Ghana,GH,GH,8,-2,GH,20161117,http://www.9news.com.au/national/2016/11/18/07/37/woman-allegedly-drives-into-lake-and-swims-away-to-avoid-police-on-the-gold-coast
600094425,20161117,201611,2016,2016.8685,,,,,,,,,,,COP,POLICE,,,,,,COP,,,1,080,080,08,2,5.0,20,1,20,-3.80952380952381,0,,,,,,,1,Ghana,GH,GH,8,-2,GH,1,Ghana,GH,GH,8,-2,GH,20161117,http://www.couriermail.com.au/news/national/woman-rams-police-car-and-drives-into-river-during-a-lengthy-siege-on-the-northern-end-of-the-gold-coast/news-story/39739bd38135f47c355ad9bde1950456?nk=5a019e2919c279cbe9fe20389591ff87-1479416609
600094623,20161117,201611,2016,2016.8685,AFG,AFGHANISTAN,AFG,,,,,,,,MIL,CAPTAIN,,,,,,MIL,,,0,190,190,19,4,-10.0,8,1,8,3.09633027522936,1,Afghanistan,AF,AF,33,65,AF,1,Afghanistan,AF,AF,33,65,AF,1,Afghanistan,AF,AF,33,65,AF,20161117,http://thecarrollnews.com/news/2502/gold-star-family-honored-at-vfw-veterans-day-program
600094624,20161117,201611,2016,2016.8685,AFG,AFGHANISTAN,AFG,,,,,,,,MIL,CAPTAIN,,,,,,MIL,,,0,190,190,19,4,-10.0,2,1,2,3.09633027522936,1,United States,US,US,38,-97,US,1,United States,US,US,38,-97,US,1,United States,US,US,38,-97,US,20161117,http://thecarrollnews.com/news/2502/gold-star-family-honored-at-vfw-veterans-day-program
600094646,20161117,201611,2016,2016.8685,AUS,QUEENSLAND,AUS,,,,,,,,COP,POLICE,,,,,,COP,,,1,010,010,01,1,0.0,20,1,20,-3.80952380952381,1,Ghana,GH,GH,8,-2,GH,1,Ghana,GH,GH,8,-2,GH,1,Ghana,GH,GH,8,-2,GH,20161117,http://www.couriermail.com.au/news/national/woman-rams-police-car-and-drives-into-river-during-a-lengthy-siege-on-the-northern-end-of-the-gold-coast/news-story/39739bd38135f47c355ad9bde1950456?nk=5a019e2919c279cbe9fe20389591ff87-1479416609
600094647,20161117,201611,2016,2016.8685,AUS,QUEENSLAND,AUS,,,,,,,,COP,POLICE,,,,,,COP,,,1,020,020,02,1,3.0,20,1,20,-3.80952380952381,1,Ghana,GH,GH,8,-2,GH,1,Ghana,GH,GH,8,-2,GH,1,Ghana,GH,GH,8,-2,GH,20161117,http://www.couriermail.com.au/news/national/woman-rams-police-car-and-drives-into-river-during-a-lengthy-siege-on-the-northern-end-of-the-gold-coast/news-story/39739bd38135f47c355ad9bde1950456?nk=5a019e2919c279cbe9fe20389591ff87-1479416609
600094658,20161117,201611,2016,2016.8685,AUS,AUSTRALIA,AUS,,,,,,,,MNCUSA,NEWMONT MINING,USA,,,,,MNC,,,1,071,071,07,2,7.4,5,1,5,2.31023102310231,4,"Lumwana, Eastern, Zambia",ZA,ZA06,-11.8235,25.1326,-2291645,4,"Lumwana, Eastern, Zambia",ZA,ZA06,-11.8235,25.1326,-2291645,4,"Lumwana, Eastern, Zambia",ZA,ZA06,-11.8235,25.1326,-2291645,20161117,http://www.gurufocus.com/news/459100/barrick-gold-announces-early-tender-offer-results-
600094857,20161117,201611,2016,2016.8685,COP,POLICE,,,,,,COP,,,,,,,,,,,,,1,191,191,19,4,-9.5,20,1,20,-3.80952380952381,1,Ghana,GH,GH,8,-2,GH,0,,,,,,,1,Ghana,GH,GH,8,-2,GH,20161117,http://www.couriermail.com.au/news/national/woman-rams-police-car-and-drives-into-river-during-a-lengthy-siege-on-the-northern-end-of-the-gold-coast/news-story/39739bd38135f47c355ad9bde1950456?nk=5a019e2919c279cbe9fe20389591ff87-1479416609
600095340,20161117,201611,2016,2016.8685,GOV,GOVERNMENT,,,,,,GOV,,,,,,,,,,,,,1,163,163,16,4,-8.0,10,1,10,-2.15982721382289,1,China,CH,CH,35,105,CH,0,,,,,,,1,China,CH,CH,35,105,CH,20161117,http://www.deccanchronicle.com/opinion/dc-comment/181116/curbs-on-gold-is-a-bad-idea-avoid-it.html
600096346,20161117,201611,2016,2016.8685,USA,UNITED STATES,USA,,,,,,,,,,,,,,,,,,1,017,017,01,1,0.0,6,1,6,3.09633027522936,1,Afghanistan,AF,AF,33,65,AF,0,,,,,,,1,Afghanistan,AF,AF,33,65,AF,20161117,http://thecarrollnews.com/news/2502/gold-star-family-honored-at-vfw-veterans-day-program
600096793,20161117,201611,2016,2016.8685,USAGOV,MURKOWSKI,USA,,,,,GOV,,,USA,ALASKA,USA,,,,,,,,1,051,051,05,1,3.4,4,1,4,6.2111801242236,2,"Alaska, United States",US,USAK,61.385,-152.268,AK,2,"Alaska, United States",US,USAK,61.385,-152.268,AK,2,"Alaska, United States",US,USAK,61.385,-152.268,AK,20161117,http://www.thecordovatimes.com/2016/11/17/gold-star-families-voices-act-passes-senate/
600098321,20161117,201611,2016,2016.8685,,,,,,,,,,,GOV,MINISTRY,,,,,,GOV,,,0,036,036,03,1,4.0,8,1,8,-0.88691796008869,0,,,,,,,4,"Demerara, Demerara-Mahaica, Guyana",GY,GY12,6.8,-58.1667,-919880,4,"Demerara, Demerara-Mahaica, Guyana",GY,GY12,6.8,-58.1667,-919880,20161117,http://demerarawaves.com/2016/11/17/govt-may-reduce-purchasing-price-for-gold/
600098336,20161117,201611,2016,2016.8685,,,,,,,,,,,GUY,GUYANA,GUY,,,,,,,,0,100,100,10,3,-5.0,10,1,10,-0.88691796008869,0,,,,,,,4,"Demerara, Demerara-Mahaica, Guyana",GY,GY12,6.8,-58.1667,-919880,4,"Demerara, Demerara-Mahaica, Guyana",GY,GY12,6.8,-58.1667,-919880,20161117,http://demerarawaves.com/2016/11/17/govt-may-reduce-purchasing-price-for-gold/
600098647,20161117,201611,2016,2016.8685,CAN,CANADA,CAN,,,,,,,,CANBUS,CANADA,CAN,,,,,BUS,,,1,010,010,01,1,0.0,3,1,3,2.6431718061674,1,Canada,CA,CA,60,-95,CA,1,Canada,CA,CA,60,-95,CA,1,Canada,CA,CA,60,-95,CA,20161117,http://www.republicofmining.com/2016/11/17/from-gold-rush-star-to-trump-administration-prospect-by-matthew-wisner-fox-business-november-16-2016/
600098833,20161117,201611,2016,2016.8685,CRM,DRUG TRAFFICKER,,,,,,CRM,,,,,,,,,,,,,1,0874,087,08,2,10.0,1,1,1,3.80952380952381,4,"Santiago, Regióetropolitana, Chile",CI,CI12,-33.45,-70.6667,-901202,0,,,,,,,4,"Medellin, Antioquia, Colombia",CO,CO02,6.29139,-75.5361,-592318,20161117,http://www.republicofmining.com/2016/11/17/colombias-blood-gold-turns-up-in-everything-from-smartphones-to-cars-by-andrew-willis-bloomberg-news-novmeber-16-2016/
600099198,20161117,201611,2016,2016.8685,GOV,MINISTRY,,,,,,GOV,,,,,,,,,,,,,0,036,036,03,1,4.0,8,1,8,-0.88691796008869,4,"Demerara, Demerara-Mahaica, Guyana",GY,GY12,6.8,-58.1667,-919880,0,,,,,,,4,"Demerara, Demerara-Mahaica, Guyana",GY,GY12,6.8,-58.1667,-919880,20161117,http://demerarawaves.com/2016/11/17/govt-may-reduce-purchasing-price-for-gold/
600099264,20161117,201611,2016,2016.8685,GOV,CABINET,,,,,,GOV,,,GUY,DEMERARA,GUY,,,,,,,,1,013,013,01,1,0.4,5,1,5,-0.88691796008869,4,"Demerara, Demerara-Mahaica, Guyana",GY,GY12,6.8,-58.1667,-919880,4,"Demerara, Demerara-Mahaica, Guyana",GY,GY12,6.8,-58.1667,-919880,4,"Demerara, Demerara-Mahaica, Guyana",GY,GY12,6.8,-58.1667,-919880,20161117,http://demerarawaves.com/2016/11/17/govt-may-reduce-purchasing-price-for-gold/
600099265,20161117,201611,2016,2016.8685,GOV,MINISTRY,,,,,,GOV,,,GUY,GUYANA,GUY,,,,,,,,0,040,040,04,1,1.0,2,1,2,-0.88691796008869,4,"Demerara, Demerara-Mahaica, Guyana",GY,GY12,6.8,-58.1667,-919880,4,"Demerara, Demerara-Mahaica, Guyana",GY,GY12,6.8,-58.1667,-919880,4,"Demerara, Demerara-Mahaica, Guyana",GY,GY12,6.8,-58.1667,-919880,20161117,http://demerarawaves.com/2016/11/17/govt-may-reduce-purchasing-price-for-gold/
600099363,20161117,201611,2016,2016.8685,GUY,GUYANA,GUY,,,,,,,,GOV,MINISTRY,,,,,,GOV,,,0,040,040,04,1,1.0,2,1,2,-0.88691796008869,4,"Demerara, Demerara-Mahaica, Guyana",GY,GY12,6.8,-58.1667,-919880,4,"Demerara, Demerara-Mahaica, Guyana",GY,GY12,6.8,-58.1667,-919880,4,"Demerara, Demerara-Mahaica, Guyana",GY,GY12,6.8,-58.1667,-919880,20161117,http://demerarawaves.com/2016/11/17/govt-may-reduce-purchasing-price-for-gold/
600102055,20161117,201611,2016,2016.8685,,,,,,,,,,,MIL,COAST GUARD,,,,,,MIL,,,1,046,046,04,1,7.0,6,1,6,0.37313432835821,0,,,,,,,2,"Alaska, United States",US,USAK,61.385,-152.268,AK,2,"Alaska, United States",US,USAK,61.385,-152.268,AK,20161117,http://www.knom.org/wp/blog/2016/11/17/offshore-gold-mining-barge-runs-aground-in-nomes-harbor/
600102305,20161117,201611,2016,2016.8685,CAN,TORONTO,CAN,,,,,,,,,,,,,,,,,,1,043,043,04,1,2.8,1,1,1,5.44871794871795,4,"Toronto, Ontario, Canada",CA,CA08,43.6667,-79.4167,-574890,0,,,,,,,1,Trinidad And Tobago,TD,TD,11,-61,TD,20161117,http://www.thecaribbeancamera.com/news/music/sugar-aloes-and-baron-to-sing-at-soca-gold-christmas-extravaganza/
600104109,20161117,201611,2016,2016.8685,USA,UNITED STATES,USA,,,,,,,,MIL,COAST GUARD,,,,,,MIL,,,1,046,046,04,1,7.0,4,1,4,0.37313432835821,2,"Alaska, United States",US,USAK,61.385,-152.268,AK,2,"Alaska, United States",US,USAK,61.385,-152.268,AK,2,"Alaska, United States",US,USAK,61.385,-152.268,AK,20161117,http://www.knom.org/wp/blog/2016/11/17/offshore-gold-mining-barge-runs-aground-in-nomes-harbor/
600104308,20161117,201611,2016,2016.8685,ZWE,ZIMBABWEAN,ZWE,,,,,,,,,,,,,,,,,,1,090,090,09,2,-2.0,8,1,8,-4.13223140495867,4,"Wellington, New Zealand (general), New Zealand",NZ,NZ00,-41.3,174.783,-1521348,0,,,,,,,4,"Wellington, New Zealand (general), New Zealand",NZ,NZ00,-41.3,174.783,-1521348,20161117,http://stv.tv/news/international/1373215-men-risking-lives-in-south-africa-s-crumbling-gold-mines/
600105390,20161018,201610,2016,2016.7890,,,,,,,,,,,GHA,GHANA,GHA,,,,,,,,1,190,190,19,4,-10.0,6,2,6,0.06455408392031,0,,,,,,,1,Australia,AS,AS,-27,133,AS,1,Australia,AS,AS,-27,133,AS,20161117,http://www.news.com.au/national/queensland/dreamworld-tragedy-impacts-other-gold-coast-theme-parks/news-story/aa5d6f1782b1f0c24b9dcf68df5daa58
600105392,20161018,201610,2016,2016.7890,GHA,GHANA,GHA,,,,,,,,,,,,,,,,,,1,190,190,19,4,-10.0,2,1,2,-0.17331022530329,1,Australia,AS,AS,-27,133,AS,0,,,,,,,1,Australia,AS,AS,-27,133,AS,20161117,http://www.news.com.au/national/queensland/dreamworld-tragedy-impacts-other-gold-coast-theme-parks/news-story/aa5d6f1782b1f0c24b9dcf68df5daa58
600105414,20161116,201611,2016,2016.8658,CVL,VILLAGE,,,,,,CVL,,,BUS,BUSINESS,,,,,,BUS,,,1,036,036,03,1,4.0,9,2,9,0.00508800661441,1,Australia,AS,AS,-27,133,AS,1,Australia,AS,AS,-27,133,AS,1,Australia,AS,AS,-27,133,AS,20161117,http://www.news.com.au/national/queensland/dreamworld-tragedy-impacts-other-gold-coast-theme-parks/news-story/aa5d6f1782b1f0c24b9dcf68df5daa58
600105536,20161117,201611,2016,2016.8685,,,,,,,,,,,MED,WEBSITE,,,,,,MED,,,1,042,042,04,1,1.9,10,1,10,0.96237970253719,0,,,,,,,4,"Deloro, Quebec, Canada",CA,CA10,44.5167,-77.6167,-563476,4,"Deloro, Quebec, Canada",CA,CA10,44.5167,-77.6167,-563476,20161117,http://world.einnews.com/pr_news/354400603/claim-post-has-acquired-a-property-in-godfrey-township-that-covers-the-western-extension-of-a-trend-of-mmi-gold-anomalies-in-mountjoy-township
600106127,20161117,201611,2016,2016.8685,EDU,STUDENT,,,,,,EDU,,,ISR,ISRAEL,ISR,,,,,,,,0,042,042,04,1,1.9,10,1,10,-3.59042553191489,1,United States,US,US,38,-97,US,1,United States,US,US,38,-97,US,1,United States,US,US,38,-97,US,20161117,http://observer.com/2016/11/students-for-justice-in-palestine-fail-kent-state-bigots-target-golda-meir/
600106414,20161117,201611,2016,2016.8685,GOV,GOVERNOR,,,,,,GOV,,,USAMED,UNITED STATES,USA,,,,,MED,,,1,046,046,04,1,7.0,2,1,2,0.85106382978723,3,"Hollywood, California, United States",US,USCA,34.0983,-118.327,1660757,3,"Hollywood, California, United States",US,USCA,34.0983,-118.327,1660757,3,"Hollywood, California, United States",US,USCA,34.0983,-118.327,1660757,20161117,http://www.vanityfair.com/hollywood/2016/11/little-gold-men-trump-oscars
600106564,20161117,201611,2016,2016.8685,ISR,ISRAEL,ISR,,,,,,,,,,,,,,,,,,1,120,120,12,3,-4.0,3,1,3,2.97029702970298,1,Egypt,EG,EG,27,30,EG,0,,,,,,,1,Egypt,EG,EG,27,30,EG,20161117,http://www.ifcj.org/news/fellowship-blog/Rare-Canaanite-Era-Trove-of-Gold-and-Silver-Unearthed-in-Central-Israel.html
600106581,20161117,201611,2016,2016.8685,ISR,ISRAEL,ISR,,,,,,,,EGY,EGYPTIAN,EGY,,,,,,,,1,120,120,12,3,-4.0,7,1,7,2.97029702970298,1,Egypt,EG,EG,27,30,EG,1,Egypt,EG,EG,27,30,EG,1,Egypt,EG,EG,27,30,EG,20161117,http://www.ifcj.org/news/fellowship-blog/Rare-Canaanite-Era-Trove-of-Gold-and-Silver-Unearthed-in-Central-Israel.html
600106892,20161117,201611,2016,2016.8685,MED,WEBSITE,,,,,,MED,,,,,,,,,,,,,1,010,010,01,1,0.0,10,1,10,0.96237970253719,4,"Deloro, Quebec, Canada",CA,CA10,44.5167,-77.6167,-563476,0,,,,,,,4,"Deloro, Quebec, Canada",CA,CA10,44.5167,-77.6167,-563476,20161117,http://world.einnews.com/pr_news/354400603/claim-post-has-acquired-a-property-in-godfrey-township-that-covers-the-western-extension-of-a-trend-of-mmi-gold-anomalies-in-mountjoy-township
600106898,20161117,201611,2016,2016.8685,MED,WEBSITE,,,,,,MED,,,,,,,,,,,,,1,043,043,04,1,2.8,10,1,10,0.96237970253719,4,"Deloro, Quebec, Canada",CA,CA10,44.5167,-77.6167,-563476,0,,,,,,,4,"Deloro, Quebec, Canada",CA,CA10,44.5167,-77.6167,-563476,20161117,http://world.einnews.com/pr_news/354400603/claim-post-has-acquired-a-property-in-godfrey-township-that-covers-the-western-extension-of-a-trend-of-mmi-gold-anomalies-in-mountjoy-township
600107270,20161117,201611,2016,2016.8685,RUSGOV,RUSSIAN,RUS,,,,,GOV,,,RUSGOV,VLADIMIR PUTIN,RUS,,,,,GOV,,,1,051,051,05,1,3.4,3,1,3,2.83018867924528,4,"Damascus, Dimashq, Syria",SY,SY13,33.5,36.3,-2541260,4,"Damascus, Dimashq, Syria",SY,SY13,33.5,36.3,-2541260,4,"Damascus, Dimashq, Syria",SY,SY13,33.5,36.3,-2541260,20161117,http://www.gossipextra.com/2016/11/17/russian-donald-trump-gold-iphone-6506/
600107318,20161117,201611,2016,2016.8685,SYR,SYRIA,SYR,,,,,,,,USAGOV,OBAMA,USA,,,,,GOV,,,0,020,020,02,1,3.0,2,1,2,-3.60696517412936,3,"Washington, District of Columbia, United States",US,USDC,38.8951,-77.0364,531871,3,"Washington, District of Columbia, United States",US,USDC,38.8951,-77.0364,531871,3,"Washington, District of Columbia, United States",US,USDC,38.8951,-77.0364,531871,20161117,http://bernardgoldberg.com/staff-column-heckuva-job-barack/
600107319,20161117,201611,2016,2016.8685,SYR,SYRIA,SYR,,,,,,,,USAGOV,OBAMA,USA,,,,,GOV,,,0,100,100,10,3,-5.0,2,1,2,-3.60696517412936,1,Syria,SY,SY,35,38,SY,3,"Washington, District of Columbia, United States",US,USDC,38.8951,-77.0364,531871,1,Syria,SY,SY,35,38,SY,20161117,http://bernardgoldberg.com/staff-column-heckuva-job-barack/
600107767,20161117,201611,2016,2016.8685,USA,UNITED STATES,USA,,,,,,,,USAMED,UNITED STATES,USA,,,,,MED,,,1,046,046,04,1,7.0,2,1,2,0.85106382978723,3,"Hollywood, California, United States",US,USCA,34.0983,-118.327,1660757,3,"Hollywood, California, United States",US,USCA,34.0983,-118.327,1660757,3,"Hollywood, California, United States",US,USCA,34.0983,-118.327,1660757,20161117,http://www.vanityfair.com/hollywood/2016/11/little-gold-men-trump-oscars
600107899,20161117,201611,2016,2016.8685,USAMED,UNITED STATES,USA,,,,,MED,,,GOV,GOVERNOR,,,,,,GOV,,,1,046,046,04,1,7.0,2,1,2,0.85106382978723,3,"Hollywood, California, United States",US,USCA,34.0983,-118.327,1660757,3,"Hollywood, California, United States",US,USCA,34.0983,-118.327,1660757,3,"Hollywood, California, United States",US,USCA,34.0983,-118.327,1660757,20161117,http://www.vanityfair.com/hollywood/2016/11/little-gold-men-trump-oscars
600107900,20161117,201611,2016,2016.8685,USAMED,UNITED STATES,USA,,,,,MED,,,USA,UNITED STATES,USA,,,,,,,,1,046,046,04,1,7.0,2,1,2,0.85106382978723,3,"Hollywood, California, United States",US,USCA,34.0983,-118.327,1660757,3,"Hollywood, California, United States",US,USCA,34.0983,-118.327,1660757,3,"Hollywood, California, United States",US,USCA,34.0983,-118.327,1660757,20161117,http://www.vanityfair.com/hollywood/2016/11/little-gold-men-trump-oscars
600108957,20161117,201611,2016,2016.8685,,,,,,,,,,,BUS,COMPANY,,,,,,BUS,,,1,036,036,03,1,4.0,4,2,4,6.4306784660767,0,,,,,,,4,"Asanko, Western, Ghana",GH,GH09,4.92224,-2.31557,-2069826,4,"Asanko, Western, Ghana",GH,GH09,4.92224,-2.31557,-2069826,20161117,http://finance.yahoo.com/news/asanko-gold-2017-guidance-visit-214500522.html
600109229,20161117,201611,2016,2016.8685,BUS,COMPANY,,,,,,BUS,,,,,,,,,,,,,1,036,036,03,1,4.0,12,3,12,5.72856041882591,4,"Asanko, Western, Ghana",GH,GH09,4.92224,-2.31557,-2069826,0,,,,,,,4,"Asanko, Western, Ghana",GH,GH09,4.92224,-2.31557,-2069826,20161117,http://finance.yahoo.com/news/asanko-gold-2017-guidance-visit-214500522.html
600109242,20161117,201611,2016,2016.8685,BUS,COMPANY,,,,,,BUS,,,AFR,AFRICA,AFR,,,,,,,,1,036,036,03,1,4.0,5,2,5,5.25950729490553,4,"Asanko, Western, Ghana",GH,GH09,4.92224,-2.31557,-2069826,4,"Asanko, Western, Ghana",GH,GH09,4.92224,-2.31557,-2069826,4,"Asanko, Western, Ghana",GH,GH09,4.92224,-2.31557,-2069826,20161117,http://finance.yahoo.com/news/asanko-gold-2017-guidance-visit-214500522.html
600109252,20161117,201611,2016,2016.8685,BUS,COMPANY,,,,,,BUS,,,GHA,GHANA,GHA,,,,,,,,1,036,036,03,1,4.0,7,2,7,5.4954954954955,4,"Asanko, Western, Ghana",GH,GH09,4.92224,-2.31557,-2069826,4,"Asanko, Western, Ghana",GH,GH09,4.92224,-2.31557,-2069826,4,"Asanko, Western, Ghana",GH,GH09,4.92224,-2.31557,-2069826,20161117,http://www.benzinga.com/pressreleases/16/11/m8716033/asanko-gold-2017-guidance-and-site-visit-presentations
600112550,20161117,201611,2016,2016.8685,BUS,COMPANY,,,,,,BUS,,,,,,,,,,,,,1,045,045,04,1,5.0,5,1,5,3.03867403314918,4,"Halilaga, Çnakkale, Turkey",TU,TU17,39.9328,26.8603,-752315,0,,,,,,,4,"Halilaga, Çnakkale, Turkey",TU,TU17,39.9328,26.8603,-752315,20161117,http://breakingfinancenews.com/investing/national-bank-financial-covered-pilot-gold-tseplg-bumping-its-target-to-0-90-earlier-today/103064/
600117812,20161117,201611,2016,2016.8685,,,,,,,,,,,LAB,EMPLOYEE,,,,,,LAB,,,1,016,016,01,1,-2.0,4,1,4,-4.34782608695652,0,,,,,,,3,"Costa Mesa, California, United States",US,USCA,33.6411,-117.919,1652692,3,"Orange County, California, United States",US,USCA,33.7,-117.768,277294,20161117,http://www.latimes.com/socal/daily-pilot/news/tn-dpt-me-golden-sentencing-20161117-story.html
600117813,20161117,201611,2016,2016.8685,,,,,,,,,,,LAB,EMPLOYEE,,,,,,LAB,,,1,016,016,01,1,-2.0,1,1,1,-4.34782608695652,0,,,,,,,3,"Orange County, California, United States",US,USCA,33.7,-117.768,277294,3,"Orange County, California, United States",US,USCA,33.7,-117.768,277294,20161117,http://www.latimes.com/socal/daily-pilot/news/tn-dpt-me-golden-sentencing-20161117-story.html
600117814,20161117,201611,2016,2016.8685,,,,,,,,,,,LAB,EMPLOYEE,,,,,,LAB,,,1,020,020,02,1,3.0,4,1,4,-4.34782608695652,0,,,,,,,3,"Costa Mesa, California, United States",US,USCA,33.6411,-117.919,1652692,3,"Orange County, California, United States",US,USCA,33.7,-117.768,277294,20161117,http://www.latimes.com/socal/daily-pilot/news/tn-dpt-me-golden-sentencing-20161117-story.html
600117815,20161117,201611,2016,2016.8685,,,,,,,,,,,LAB,EMPLOYEE,,,,,,LAB,,,1,020,020,02,1,3.0,1,1,1,-4.34782608695652,0,,,,,,,3,"Orange County, California, United States",US,USCA,33.7,-117.768,277294,3,"Orange County, California, United States",US,USCA,33.7,-117.768,277294,20161117,http://www.latimes.com/socal/daily-pilot/news/tn-dpt-me-golden-sentencing-20161117-story.html
600117866,20161117,201611,2016,2016.8685,,,,,,,,,,,USA,UNITED STATES,USA,,,,,,,,0,020,020,02,1,3.0,4,1,4,-4.34782608695652,0,,,,,,,3,"Costa Mesa, California, United States",US,USCA,33.6411,-117.919,1652692,3,"Costa Mesa, California, United States",US,USCA,33.6411,-117.919,1652692,20161117,http://www.latimes.com/socal/daily-pilot/news/tn-dpt-me-golden-sentencing-20161117-story.html
600118053,20161117,201611,2016,2016.8685,BUS,COMPANY,,,,,,BUS,,,,,,,,,,,,,1,100,100,10,3,-5.0,6,1,6,0.87912087912088,4,"Frankfurt, Brandenburg, Germany",GM,GM11,52.35,14.55,-1771146,0,,,,,,,4,"Frankfurt, Brandenburg, Germany",GM,GM11,52.35,14.55,-1771146,20161117,http://www.goldseiten.de/artikel/309177--Aurvista-Gold-Closes-Previously-Announced-C-6-Million-Financing.html
600118054,20161117,201611,2016,2016.8685,BUS,COMPANY,,,,,,BUS,,,,,,,,,,,,,1,100,100,10,3,-5.0,4,1,4,0.87912087912088,4,"Abitibi, Canada (general), Canada",CA,CA00,48,-76,-576358,0,,,,,,,4,"Abitibi, Canada (general), Canada",CA,CA00,48,-76,-576358,20161117,http://www.goldseiten.de/artikel/309177--Aurvista-Gold-Closes-Previously-Announced-C-6-Million-Financing.html
600118059,20161117,201611,2016,2016.8685,BUS,INVESTOR,,,,,,BUS,,,,,,,,,,,,,0,130,130,13,3,-4.4,10,1,10,0.87912087912088,4,"Quebec, Quebec, Canada",CA,CA10,47.5,-72,-571850,0,,,,,,,4,"Quebec, Quebec, Canada",CA,CA10,47.5,-72,-571850,20161117,http://www.goldseiten.de/artikel/309177--Aurvista-Gold-Closes-Previously-Announced-C-6-Million-Financing.html
600118060,20161117,201611,2016,2016.8685,BUS,COMPANY,,,,,,BUS,,,,,,,,,,,,,1,141,141,14,3,-6.5,10,1,10,0.87912087912088,4,"Quebec, Quebec, Canada",CA,CA10,47.5,-72,-571850,0,,,,,,,4,"Quebec, Quebec, Canada",CA,CA10,47.5,-72,-571850,20161117,http://www.goldseiten.de/artikel/309177--Aurvista-Gold-Closes-Previously-Announced-C-6-Million-Financing.html
600118967,20161117,201611,2016,2016.8685,JUD,SUPERIOR COURT,,,,,,JUD,,,,,,,,,,,,,1,015,015,01,1,0.0,2,1,2,-4.34782608695652,3,"Los Angeles, California, United States",US,USCA,34.0522,-118.244,1662328,0,,,,,,,3,"Los Angeles, California, United States",US,USCA,34.0522,-118.244,1662328,20161117,http://www.latimes.com/socal/daily-pilot/news/tn-dpt-me-golden-sentencing-20161117-story.html
600118977,20161117,201611,2016,2016.8685,JUD,PROSECUTOR,,,,,,JUD,,,,,,,,,,,,,1,173,173,17,4,-5.0,10,1,10,-4.34782608695652,3,"Costa Mesa, California, United States",US,USCA,33.6411,-117.919,1652692,0,,,,,,,3,"Costa Mesa, California, United States",US,USCA,33.6411,-117.919,1652692,20161117,http://www.latimes.com/socal/daily-pilot/news/tn-dpt-me-golden-sentencing-20161117-story.html
600120042,20161117,201611,2016,2016.8685,USAJUD,UNITED STATES,USA,,,,,JUD,,,,,,,,,,,,,1,015,015,01,1,0.0,8,1,8,-4.34782608695652,3,"Los Angeles, California, United States",US,USCA,34.0522,-118.244,1662328,0,,,,,,,3,"Los Angeles, California, United States",US,USCA,34.0522,-118.244,1662328,20161117,http://www.latimes.com/socal/daily-pilot/news/tn-dpt-me-golden-sentencing-20161117-story.html
600121553,20161117,201611,2016,2016.8685,AUS,AUSTRALIAN,AUS,,,,,,,,AUSGOVBUS,AUSTRALIA,AUS,,,,,GOV,BUS,,0,043,043,04,1,2.8,1,1,1,0.55865921787709,1,Australia,AS,AS,-27,133,AS,1,Australia,AS,AS,-27,133,AS,1,Australia,AS,AS,-27,133,AS,20161117,http://www.goldcoastbulletin.com.au/business/work/christopher-pyne-defends-changes-to-the-457-visa-program-for-skilled-foreign-workers-in-australia/news-story/a62b2c5f4f00daa12be97edff7db803d?nk=ffc3561a0969c4cc7c56822f02216e36-1479423741
600121563,20161117,201611,2016,2016.8685,AUS,AUSTRALIAN,AUS,,,,,,,,GOVBUS,INDUSTRY MINIST,,,,,,GOV,BUS,,0,043,043,04,1,2.8,1,1,1,0.55865921787709,1,Australia,AS,AS,-27,133,AS,1,Australia,AS,AS,-27,133,AS,1,Australia,AS,AS,-27,133,AS,20161117,http://www.goldcoastbulletin.com.au/business/work/christopher-pyne-defends-changes-to-the-457-visa-program-for-skilled-foreign-workers-in-australia/news-story/a62b2c5f4f00daa12be97edff7db803d?nk=ffc3561a0969c4cc7c56822f02216e36-1479423741
600121572,20161117,201611,2016,2016.8685,AUSGOVBUS,AUSTRALIA,AUS,,,,,GOV,BUS,,AUS,AUSTRALIAN,AUS,,,,,,,,0,042,042,04,1,1.9,1,1,1,0.55865921787709,1,Australia,AS,AS,-27,133,AS,1,Australia,AS,AS,-27,133,AS,1,Australia,AS,AS,-27,133,AS,20161117,http://www.goldcoastbulletin.com.au/business/work/christopher-pyne-defends-changes-to-the-457-visa-program-for-skilled-foreign-workers-in-australia/news-story/a62b2c5f4f00daa12be97edff7db803d?nk=ffc3561a0969c4cc7c56822f02216e36-1479423741
600121988,20161117,201611,2016,2016.8685,EDU,STUDENT,,,,,,EDU,,,EDULAB,SCHOOL,,,,,,EDU,LAB,,1,112,112,11,3,-2.0,10,1,10,-10.3260869565217,0,,,,,,,0,,,,,,,0,,,,,,,20161117,http://www.kerngoldenempire.com/news/delano-high-employee-accused-of-having-sexual-relationship-with-student-rejects-plea-deal
600121991,20161117,201611,2016,2016.8685,EDU,STUDENT,,,,,,EDU,,,LAB,EMPLOYEE,,,,,,LAB,,,1,112,112,11,3,-2.0,5,1,5,-10.3260869565217,0,,,,,,,0,,,,,,,0,,,,,,,20161117,http://www.kerngoldenempire.com/news/delano-high-employee-accused-of-having-sexual-relationship-with-student-rejects-plea-deal
600121992,20161117,201611,2016,2016.8685,EDU,STUDENT,,,,,,EDU,,,LAB,EMPLOYEE,,,,,,LAB,,,1,120,120,12,3,-4.0,5,1,5,-10.3260869565217,0,,,,,,,0,,,,,,,0,,,,,,,20161117,http://www.kerngoldenempire.com/news/delano-high-employee-accused-of-having-sexual-relationship-with-student-rejects-plea-deal
600122148,20161117,201611,2016,2016.8685,GOV,PREMIER,,,,,,GOV,,,CAN,CANADIAN,CAN,,,,,,,,1,084,084,08,2,7.0,10,1,10,0.99009900990099,4,"Thunder Bay, Ontario, Canada",CA,CA08,48.4,-89.2333,-574784,4,"Thunder Bay, Ontario, Canada",CA,CA08,48.4,-89.2333,-574784,4,"Thunder Bay, Ontario, Canada",CA,CA08,48.4,-89.2333,-574784,20161117,http://www.canadianminingjournal.com/news/gold-centerra-premier-gold-release-hardrock-feasibility-study/
600122232,20161117,201611,2016,2016.8685,GOVBUS,INDUSTRY MINIST,,,,,,GOV,BUS,,AUS,AUSTRALIAN,AUS,,,,,,,,0,042,042,04,1,1.9,1,1,1,0.55865921787709,1,Australia,AS,AS,-27,133,AS,1,Australia,AS,AS,-27,133,AS,1,Australia,AS,AS,-27,133,AS,20161117,http://www.goldcoastbulletin.com.au/business/work/christopher-pyne-defends-changes-to-the-457-visa-program-for-skilled-foreign-workers-in-australia/news-story/a62b2c5f4f00daa12be97edff7db803d?nk=ffc3561a0969c4cc7c56822f02216e36-1479423741
600124779,20161117,201611,2016,2016.8685,BUS,COMPANY,,,,,,BUS,,,,,,,,,,,,,1,036,036,03,1,4.0,8,1,8,4.32432432432433,3,"Washington, District of Columbia, United States",US,USDC,38.8951,-77.0364,531871,0,,,,,,,4,"Asanko, Western, Ghana",GH,GH09,4.92224,-2.31557,-2069826,20161117,http://uspolitics.einnews.com/pr_news/354411100/asanko-gold-2017-guidance-and-site-visit-presentations
600124797,20161117,201611,2016,2016.8685,BUS,INDUSTRY,,,,,,BUS,,,GHA,GHANA,GHA,,,,,,,,1,036,036,03,1,4.0,2,1,2,4.32432432432433,4,"Asanko, Western, Ghana",GH,GH09,4.92224,-2.31557,-2069826,3,"Washington, District of Columbia, United States",US,USDC,38.8951,-77.0364,531871,4,"Asanko, Western, Ghana",GH,GH09,4.92224,-2.31557,-2069826,20161117,http://uspolitics.einnews.com/pr_news/354411100/asanko-gold-2017-guidance-and-site-visit-presentations
600125243,20161117,201611,2016,2016.8685,GHA,GHANA,GHA,,,,,,,,AFR,AFRICA,AFR,,,,,,,,1,036,036,03,1,4.0,2,1,2,4.32432432432433,4,"Asanko, Western, Ghana",GH,GH09,4.92224,-2.31557,-2069826,4,"Asanko, Western, Ghana",GH,GH09,4.92224,-2.31557,-2069826,4,"Asanko, Western, Ghana",GH,GH09,4.92224,-2.31557,-2069826,20161117,http://uspolitics.einnews.com/pr_news/354411100/asanko-gold-2017-guidance-and-site-visit-presentations
600125245,20161117,201611,2016,2016.8685,GHA,GHANA,GHA,,,,,,,,BUS,INDUSTRY,,,,,,BUS,,,1,036,036,03,1,4.0,2,1,2,4.32432432432433,4,"Asanko, Western, Ghana",GH,GH09,4.92224,-2.31557,-2069826,4,"Vancouver, British Columbia, Canada",CA,CA02,49.25,-123.133,-575268,4,"Asanko, Western, Ghana",GH,GH09,4.92224,-2.31557,-2069826,20161117,http://uspolitics.einnews.com/pr_news/354411100/asanko-gold-2017-guidance-and-site-visit-presentations
600125575,20161117,201611,2016,2016.8685,LAB,EMPLOYEE,,,,,,LAB,,,,,,,,,,,,,1,013,013,01,1,0.4,10,1,10,-6,4,"Southport, Queensland, Australia",AS,AS04,-27.9667,153.4,-1601419,0,,,,,,,4,"Southport, Queensland, Australia",AS,AS04,-27.9667,153.4,-1601419,20161117,http://www.dailymail.co.uk/news/article-3947648/Man-jailed-nine-months-drug-fuelled-rampage-attacked-innocent-customers-chairs-tables-Gold-Coast-Starbucks.html
600127408,20161117,201611,2016,2016.8685,,,,,,,,,,,COL,COLOMBIA,COL,,,,,,,,1,042,042,04,1,1.9,8,1,8,1.63551401869159,0,,,,,,,4,"San Matias, Departamento del Huila, Colombia",CO,CO16,2.39642,-75.683,-598041,4,"San Matias, Departamento del Huila, Colombia",CO,CO16,2.39642,-75.683,-598041,20161117,http://www.4-traders.com/CORDOBA-MINERALS-CORP-21040138/news/Cordoba-Minerals-and-HPX-initiate-Phase-Three-of-their-Joint-Venture-at-the-San-Matias-Copper-Gold-23422140/
600127647,20161117,201611,2016,2016.8685,BUS,INDUSTRY,,,,,,BUS,,,,,,,,,,,,,1,084,084,08,2,7.0,8,1,8,1.63551401869159,4,"Toronto, Ontario, Canada",CA,CA08,43.6667,-79.4167,-574890,0,,,,,,,4,"Toronto, Ontario, Canada",CA,CA08,43.6667,-79.4167,-574890,20161117,http://www.4-traders.com/CORDOBA-MINERALS-CORP-21040138/news/Cordoba-Minerals-and-HPX-initiate-Phase-Three-of-their-Joint-Venture-at-the-San-Matias-Copper-Gold-23422140/
600127648,20161117,201611,2016,2016.8685,BUS,INDUSTRY,,,,,,BUS,,,,,,,,,,,,,1,084,084,08,2,7.0,2,1,2,1.63551401869159,4,"Cordoba, Cóba, Argentina",AR,AR05,-31.4,-64.1833,-983417,0,,,,,,,4,"Toronto, Ontario, Canada",CA,CA08,43.6667,-79.4167,-574890,20161117,http://www.4-traders.com/CORDOBA-MINERALS-CORP-21040138/news/Cordoba-Minerals-and-HPX-initiate-Phase-Three-of-their-Joint-Venture-at-the-San-Matias-Copper-Gold-23422140/
600127656,20161117,201611,2016,2016.8685,BUS,INDUSTRY,,,,,,BUS,,,CAN,CANADA,CAN,,,,,,,,1,015,015,01,1,0.0,8,1,8,1.63551401869159,4,"Toronto, Ontario, Canada",CA,CA08,43.6667,-79.4167,-574890,4,"Toronto, Ontario, Canada",CA,CA08,43.6667,-79.4167,-574890,4,"Toronto, Ontario, Canada",CA,CA08,43.6667,-79.4167,-574890,20161117,http://www.4-traders.com/CORDOBA-MINERALS-CORP-21040138/news/Cordoba-Minerals-and-HPX-initiate-Phase-Three-of-their-Joint-Venture-at-the-San-Matias-Copper-Gold-23422140/
600127657,20161117,201611,2016,2016.8685,BUS,INDUSTRY,,,,,,BUS,,,CAN,CANADA,CAN,,,,,,,,1,015,015,01,1,0.0,2,1,2,1.63551401869159,4,"Cordoba, Cóba, Argentina",AR,AR05,-31.4,-64.1833,-983417,4,"Cordoba, Cóba, Argentina",AR,AR05,-31.4,-64.1833,-983417,4,"Cordoba, Cóba, Argentina",AR,AR05,-31.4,-64.1833,-983417,20161117,http://www.4-traders.com/CORDOBA-MINERALS-CORP-21040138/news/Cordoba-Minerals-and-HPX-initiate-Phase-Three-of-their-Joint-Venture-at-the-San-Matias-Copper-Gold-23422140/
600127693,20161117,201611,2016,2016.8685,CAN,CANADA,CAN,,,,,,,,,,,,,,,,,,1,051,051,05,1,3.4,2,1,2,4.15512465373961,4,"Gold Creek, Yukon, Canada",CA,CA12,63.0333,-131.717,-565344,0,,,,,,,4,"Gold Creek, Yukon, Canada",CA,CA12,63.0333,-131.717,-565344,20161117,http://www.mining-technology.com/news/newseureka-resources-to-acquire-gold-creek-project-in-british-columbia-5670506
600127760,20161117,201611,2016,2016.8685,COL,COLOMBIA,COL,,,,,,,,,,,,,,,,,,1,043,043,04,1,2.8,8,1,8,1.63551401869159,4,"Toronto, Ontario, Canada",CA,CA08,43.6667,-79.4167,-574890,0,,,,,,,4,"Toronto, Ontario, Canada",CA,CA08,43.6667,-79.4167,-574890,20161117,http://www.4-traders.com/CORDOBA-MINERALS-CORP-21040138/news/Cordoba-Minerals-and-HPX-initiate-Phase-Three-of-their-Joint-Venture-at-the-San-Matias-Copper-Gold-23422140/
600128090,20161117,201611,2016,2016.8685,GOV,CHIEF EXECUTIVE,,,,,,GOV,,,CAN,CANADA,CAN,,,,,,,,1,010,010,01,1,0.0,2,1,2,1.63551401869159,4,"Gold Fields, Saskatchewan, Canada",CA,CA11,59.45,-108.483,-565338,4,"Gold Fields, Saskatchewan, Canada",CA,CA11,59.45,-108.483,-565338,4,"Gold Fields, Saskatchewan, Canada",CA,CA11,59.45,-108.483,-565338,20161117,http://www.4-traders.com/CORDOBA-MINERALS-CORP-21040138/news/Cordoba-Minerals-and-HPX-initiate-Phase-Three-of-their-Joint-Venture-at-the-San-Matias-Copper-Gold-23422140/
600128124,20161117,201611,2016,2016.8685,GOV,CHIEF EXECUTIVE,,,,,,GOV,,,MNCGBR,RIO TINTO,GBR,,,,,MNC,,,1,042,042,04,1,1.9,2,1,2,1.63551401869159,4,"Gold Fields, Saskatchewan, Canada",CA,CA11,59.45,-108.483,-565338,4,"Gold Fields, Saskatchewan, Canada",CA,CA11,59.45,-108.483,-565338,4,"Gold Fields, Saskatchewan, Canada",CA,CA11,59.45,-108.483,-565338,20161117,http://www.4-traders.com/CORDOBA-MINERALS-CORP-21040138/news/Cordoba-Minerals-and-HPX-initiate-Phase-Three-of-their-Joint-Venture-at-the-San-Matias-Copper-Gold-23422140/
600128125,20161117,201611,2016,2016.8685,GOV,CHIEF EXECUTIVE,,,,,,GOV,,,MNCGBR,RIO TINTO,GBR,,,,,MNC,,,1,042,042,04,1,1.9,1,1,1,1.63551401869159,4,"Toronto, Ontario, Canada",CA,CA08,43.6667,-79.4167,-574890,4,"Toronto, Ontario, Canada",CA,CA08,43.6667,-79.4167,-574890,4,"Toronto, Ontario, Canada",CA,CA08,43.6667,-79.4167,-574890,20161117,http://www.4-traders.com/CORDOBA-MINERALS-CORP-21040138/news/Cordoba-Minerals-and-HPX-initiate-Phase-Three-of-their-Joint-Venture-at-the-San-Matias-Copper-Gold-23422140/
600128126,20161117,201611,2016,2016.8685,GOV,CHIEF EXECUTIVE,,,,,,GOV,,,MNCGBR,RIO TINTO,GBR,,,,,MNC,,,1,042,042,04,1,1.9,2,1,2,1.63551401869159,4,"San Matias, Departamento del Huila, Colombia",CO,CO16,2.39642,-75.683,-598041,4,"Gold Fields, Saskatchewan, Canada",CA,CA11,59.45,-108.483,-565338,4,"Gold Fields, Saskatchewan, Canada",CA,CA11,59.45,-108.483,-565338,20161117,http://www.4-traders.com/CORDOBA-MINERALS-CORP-21040138/news/Cordoba-Minerals-and-HPX-initiate-Phase-Three-of-their-Joint-Venture-at-the-San-Matias-Copper-Gold-23422140/
600128129,20161117,201611,2016,2016.8685,GOV,CHIEF EXECUTIVE,,,,,,GOV,,,MNCZAF,GOLD FIELDS LTD,ZAF,,,,,MNC,,,1,010,010,01,1,0.0,1,1,1,1.63551401869159,4,"Gold Fields, Saskatchewan, Canada",CA,CA11,59.45,-108.483,-565338,4,"Gold Fields, Saskatchewan, Canada",CA,CA11,59.45,-108.483,-565338,4,"Gold Fields, Saskatchewan, Canada",CA,CA11,59.45,-108.483,-565338,20161117,http://www.4-traders.com/CORDOBA-MINERALS-CORP-21040138/news/Cordoba-Minerals-and-HPX-initiate-Phase-Three-of-their-Joint-Venture-at-the-San-Matias-Copper-Gold-23422140/
600128513,20161117,201611,2016,2016.8685,MNCGBR,RIO TINTO,GBR,,,,,MNC,,,GOV,CHIEF EXECUTIVE,,,,,,GOV,,,1,043,043,04,1,2.8,3,1,3,1.63551401869159,4,"Gold Fields, Saskatchewan, Canada",CA,CA11,59.45,-108.483,-565338,4,"Gold Fields, Saskatchewan, Canada",CA,CA11,59.45,-108.483,-565338,4,"Gold Fields, Saskatchewan, Canada",CA,CA11,59.45,-108.483,-565338,20161117,http://www.4-traders.com/CORDOBA-MINERALS-CORP-21040138/news/Cordoba-Minerals-and-HPX-initiate-Phase-Three-of-their-Joint-Venture-at-the-San-Matias-Copper-Gold-23422140/
600128514,20161117,201611,2016,2016.8685,MNCGBR,RIO TINTO,GBR,,,,,MNC,,,GOV,CHIEF EXECUTIVE,,,,,,GOV,,,1,043,043,04,1,2.8,2,1,2,1.63551401869159,4,"Gold Fields, Saskatchewan, Canada",CA,CA11,59.45,-108.483,-565338,4,"San Matias, Departamento del Huila, Colombia",CO,CO16,2.39642,-75.683,-598041,4,"Gold Fields, Saskatchewan, Canada",CA,CA11,59.45,-108.483,-565338,20161117,http://www.4-traders.com/CORDOBA-MINERALS-CORP-21040138/news/Cordoba-Minerals-and-HPX-initiate-Phase-Three-of-their-Joint-Venture-at-the-San-Matias-Copper-Gold-23422140/
