GLOBALEVENTID,SQLDATE,MonthYear,Year,FractionDate,Actor1Code,Actor1Name,Actor1CountryCode,Actor1KnownGroupCode,Actor1EthnicCode,Actor1Religion1Code,Actor1Religion2Code,Actor1Type1Code,Actor1Type2Code,Actor1Type3Code,Actor2Code,Actor2Name,Actor2CountryCode,Actor2KnownGroupCode,Actor2EthnicCode,Actor2Religion1Code,Actor2Religion2Code,Actor2Type1Code,Actor2Type2Code,Actor2Type3Code,IsRootEvent,EventCode,EventBaseCode,EventRootCode,QuadClass,GoldsteinScale,NumMentions,NumSources,NumArticles,AvgTone,Actor1Geo_Type,Actor1Geo_FullName,Actor1Geo_CountryCode,Actor1Geo_ADM1Code,Actor1Geo_Lat,Actor1Geo_Long,Actor1Geo_FeatureID,Actor2Geo_Type,Actor2Geo_FullName,Actor2Geo_CountryCode,Actor2Geo_ADM1Code,Actor2Geo_Lat,Actor2Geo_Long,Actor2Geo_FeatureID,ActionGeo_Type,ActionGeo_FullName,ActionGeo_CountryCode,ActionGeo_ADM1Code,ActionGeo_Lat,ActionGeo_Long,ActionGeo_FeatureID,DATEADDED,SOURCEURL
548176401,20150609,201506,2015,2015.4356,IGOUNODEVWBK,WORLD BANK,,UNO,,,,IGO,DEV,,,,,,,,,,,,1,020,020,02,1,3.0,1090,100,1090,-2.38070946941981,4,"Bangkok, Krung Thep Mahanakhon, Thailand",TH,TH40,13.75,100.517,-3250083,0,,,,,,,4,"Bangkok, Krung Thep Mahanakhon, Thailand",TH,TH40,13.75,100.517,-3250083,20160608,http://www.goldcoastbulletin.com.au/news/breaking-news/thailand-beats-motherchild-hiv-spread/news-story/b7495f167f20cbca90e91d8769ec622a?nk=16d93bf1236aa6eb0ed95df45606213b-1465343296
548177041,20160608,201606,2016,2016.4329,,,,,,,,,,,USA,UNITED STATES,USA,,,,,,,,1,036,036,03,1,4.0,8,1,8,1.71149144254279,0,,,,,,,3,"Silverton Town Hall, Colorado, United States",US,USCO,39.6361,-106.074,2043360,3,"Silverton Town Hall, Colorado, United States",US,USCO,39.6361,-106.074,2043360,20160608,http://www.durangoherald.com/article/20160606/NEWS01/160609741/0/NEWS04/Silverton-aims-for-a-little-fun-on-Gold-King-Mine-spill-anniversary
548177055,20160608,201606,2016,2016.4329,,,,,,,,,,,USA,UNITED STATES,USA,,,,,,,,1,040,040,04,1,1.0,4,1,4,1.71149144254279,0,,,,,,,3,"Gold King Mine, Colorado, United States",US,USCO,37.8906,-107.648,187329,3,"Gold King Mine, Colorado, United States",US,USCO,37.8906,-107.648,187329,20160608,http://www.durangoherald.com/article/20160606/NEWS01/160609741/0/NEWS04/Silverton-aims-for-a-little-fun-on-Gold-King-Mine-spill-anniversary
548177538,20160608,201606,2016,2016.4329,BUS,BANK,,,,,,BUS,,,,,,,,,,,,,1,010,010,01,1,0.0,145,21,140,1.62248237712413,1,United Kingdom,UK,UK,54,-2,UK,0,,,,,,,1,United Kingdom,UK,UK,54,-2,UK,20160608,http://www.thetimes.co.uk/edition/business/brexit-weighs-on-trade-but-goldman-seeks-bargains-9n70fjls5
548180997,20160608,201606,2016,2016.4329,THA,THAILAND,THA,,,,,,,,CVL,POPULATION,,,,,,CVL,,,1,020,020,02,1,3.0,120,9,120,-1.9316775009936,4,"Bangkok, Krung Thep Mahanakhon, Thailand",TH,TH40,13.75,100.517,-3250083,4,"Bangkok, Krung Thep Mahanakhon, Thailand",TH,TH40,13.75,100.517,-3250083,4,"Bangkok, Krung Thep Mahanakhon, Thailand",TH,TH40,13.75,100.517,-3250083,20160608,http://www.goldcoastbulletin.com.au/news/breaking-news/thailand-beats-motherchild-hiv-spread/news-story/b7495f167f20cbca90e91d8769ec622a?nk=16d93bf1236aa6eb0ed95df45606213b-1465343296
548181201,20160608,201606,2016,2016.4329,USA,UNITED STATES,USA,,,,,,,,,,,,,,,,,,1,013,013,01,1,0.4,18,1,18,1.71149144254279,3,"Gold King Mine, Colorado, United States",US,USCO,37.8906,-107.648,187329,0,,,,,,,3,"Gold King Mine, Colorado, United States",US,USCO,37.8906,-107.648,187329,20160608,http://www.durangoherald.com/article/20160606/NEWS01/160609741/0/NEWS04/Silverton-aims-for-a-little-fun-on-Gold-King-Mine-spill-anniversary
548181202,20160608,201606,2016,2016.4329,USA,UNITED STATES,USA,,,,,,,,,,,,,,,,,,1,013,013,01,1,0.4,6,1,6,1.71149144254279,3,"Gold King Mine, Colorado, United States",US,USCO,37.8906,-107.648,187329,0,,,,,,,3,"Silverton Town Hall, Colorado, United States",US,USCO,39.6361,-106.074,2043360,20160608,http://www.durangoherald.com/article/20160606/NEWS01/160609741/0/NEWS04/Silverton-aims-for-a-little-fun-on-Gold-King-Mine-spill-anniversary
548181290,20160608,201606,2016,2016.4329,USA,UNITED STATES,USA,,,,,,,,,,,,,,,,,,1,036,036,03,1,4.0,64,1,64,1.71149144254279,3,"Silverton Town Hall, Colorado, United States",US,USCO,39.6361,-106.074,2043360,0,,,,,,,3,"Silverton Town Hall, Colorado, United States",US,USCO,39.6361,-106.074,2043360,20160608,http://www.durangoherald.com/article/20160606/NEWS01/160609741/0/NEWS04/Silverton-aims-for-a-little-fun-on-Gold-King-Mine-spill-anniversary
548181293,20160608,201606,2016,2016.4329,USA,UNITED STATES,USA,,,,,,,,,,,,,,,,,,1,036,036,03,1,4.0,73,9,73,1.75989725015582,2,"Colorado, United States",US,USCO,39.0646,-105.327,CO,0,,,,,,,2,"Colorado, United States",US,USCO,39.0646,-105.327,CO,20160608,http://www.durangoherald.com/article/20160606/NEWS01/160609741/0/NEWS04/Silverton-aims-for-a-little-fun-on-Gold-King-Mine-spill-anniversary
548181308,20160608,201606,2016,2016.4329,USA,UNITED STATES,USA,,,,,,,,,,,,,,,,,,1,040,040,04,1,1.0,32,1,32,1.71149144254279,3,"Gold King Mine, Colorado, United States",US,USCO,37.8906,-107.648,187329,0,,,,,,,3,"Gold King Mine, Colorado, United States",US,USCO,37.8906,-107.648,187329,20160608,http://www.durangoherald.com/article/20160606/NEWS01/160609741/0/NEWS04/Silverton-aims-for-a-little-fun-on-Gold-King-Mine-spill-anniversary
548181309,20160608,201606,2016,2016.4329,USA,UNITED STATES,USA,,,,,,,,,,,,,,,,,,1,040,040,04,1,1.0,12,1,12,1.71149144254279,3,"Gold King Mine, Colorado, United States",US,USCO,37.8906,-107.648,187329,0,,,,,,,2,"Colorado, United States",US,USCO,39.0646,-105.327,CO,20160608,http://www.durangoherald.com/article/20160606/NEWS01/160609741/0/NEWS04/Silverton-aims-for-a-little-fun-on-Gold-King-Mine-spill-anniversary
548183576,20160608,201606,2016,2016.4329,BUS,COMPANY,,,,,,BUS,,,,,,,,,,,,,1,020,020,02,1,3.0,538,51,523,0.866953313560919,1,United States,US,US,38,-97,US,0,,,,,,,1,United States,US,US,38,-97,US,20160608,http://www.4-traders.com/ECUADOR-GOLD-AND-COPPER-C-27113262/news/Ecuador-Gold-and-Copper-Corp-Ecuador-Gold-Announces-Additional-Proposed-Shares-for-Debt-Agreements-22488333/
548185463,20160608,201606,2016,2016.4329,PER,PERU,PER,,,,,,,,,,,,,,,,,,0,010,010,01,1,0.0,6,1,6,2.58925068654374,4,"Lindero, Lambayeque, Peru",PE,PE14,-6.15222,-79.68,-352709,0,,,,,,,4,"Lindero, Lambayeque, Peru",PE,PE14,-6.15222,-79.68,-352709,20160608,http://www.benzinga.com/pressreleases/16/06/m8085794/fortuna-silver-mines-to-acquire-goldrock-mines
548185464,20160608,201606,2016,2016.4329,PER,PERU,PER,,,,,,,,,,,,,,,,,,0,010,010,01,1,0.0,2,1,2,2.58925068654374,4,"Lindero, Lambayeque, Peru",PE,PE14,-6.15222,-79.68,-352709,0,,,,,,,4,"Toronto, Ontario, Canada",CA,CA08,43.6667,-79.4167,-574890,20160608,http://www.benzinga.com/pressreleases/16/06/m8085794/fortuna-silver-mines-to-acquire-goldrock-mines
548185797,20160608,201606,2016,2016.4329,USA,UNITED STATES,USA,,,,,,,,,,,,,,,,,,1,020,020,02,1,3.0,1038,170,994,-0.433898835388919,1,United States,US,US,38,-97,US,0,,,,,,,1,United States,US,US,38,-97,US,20160608,http://www.thewrap.com/whoopi-goldberg-close-to-clinching-the-view-extension/
548191759,20160608,201606,2016,2016.4329,CRM,SMUGGLER,,,,,,CRM,,,ARE,DUBAI,ARE,,,,,,,,0,061,061,06,2,6.4,2,1,2,-4.22535211267606,4,"Mangaluru, Karnataka, India",IN,IN19,12.8639,74.8353,-2103790,4,"Dubai, Dubayy, United Arab Emirates",AE,AE03,25.2522,55.28,-782831,4,"Dubai, Dubayy, United Arab Emirates",AE,AE03,25.2522,55.28,-782831,20160608,http://www.newindianexpress.com/states/kerala/Gold-seizure-by-Customs-just-tip-of-the-iceberg/2016/06/08/article3471482.ece
548191761,20160608,201606,2016,2016.4329,CRM,SMUGGLER,,,,,,CRM,,,GOV,CUSTOMS OFFICIAL,,,,,,GOV,,,1,090,090,09,2,-2.0,5,1,5,-4.22535211267606,4,"Dubai, Dubayy, United Arab Emirates",AE,AE03,25.2522,55.28,-782831,4,"Chennai, Tamil Nadu, India",IN,IN25,13.0833,80.2833,-2103041,4,"Chennai, Tamil Nadu, India",IN,IN25,13.0833,80.2833,-2103041,20160608,http://www.newindianexpress.com/states/kerala/Gold-seizure-by-Customs-just-tip-of-the-iceberg/2016/06/08/article3471482.ece
548193624,20160608,201606,2016,2016.4329,SPY,INTELLIGENCE,,,,,,SPY,,,CRM,SMUGGLER,,,,,,CRM,,,1,130,130,13,3,-4.4,2,1,2,-4.22535211267606,4,"Chennai, Tamil Nadu, India",IN,IN25,13.0833,80.2833,-2103041,4,"Chennai, Tamil Nadu, India",IN,IN25,13.0833,80.2833,-2103041,4,"Chennai, Tamil Nadu, India",IN,IN25,13.0833,80.2833,-2103041,20160608,http://www.newindianexpress.com/states/kerala/Gold-seizure-by-Customs-just-tip-of-the-iceberg/2016/06/08/article3471482.ece
548193625,20160608,201606,2016,2016.4329,SPY,INTELLIGENCE,,,,,,SPY,,,CRM,SMUGGLER,,,,,,CRM,,,1,130,130,13,3,-4.4,2,1,2,-4.22535211267606,4,"Dubai, Dubayy, United Arab Emirates",AE,AE03,25.2522,55.28,-782831,4,"Chennai, Tamil Nadu, India",IN,IN25,13.0833,80.2833,-2103041,4,"Chennai, Tamil Nadu, India",IN,IN25,13.0833,80.2833,-2103041,20160608,http://www.newindianexpress.com/states/kerala/Gold-seizure-by-Customs-just-tip-of-the-iceberg/2016/06/08/article3471482.ece
548193626,20160608,201606,2016,2016.4329,SPY,INTELLIGENCE,,,,,,SPY,,,CRM,SMUGGLER,,,,,,CRM,,,1,130,130,13,3,-4.4,1,1,1,-4.22535211267606,4,"Dubai, Dubayy, United Arab Emirates",AE,AE03,25.2522,55.28,-782831,4,"Dubai, Dubayy, United Arab Emirates",AE,AE03,25.2522,55.28,-782831,4,"Chennai, Tamil Nadu, India",IN,IN25,13.0833,80.2833,-2103041,20160608,http://www.newindianexpress.com/states/kerala/Gold-seizure-by-Customs-just-tip-of-the-iceberg/2016/06/08/article3471482.ece
548197338,20160608,201606,2016,2016.4329,EDU,STUDENT,,,,,,EDU,,,GOV,GOVERNMENT,,,,,,GOV,,,1,013,013,01,1,0.4,10,1,10,7.61904761904761,4,"Peshawar, North-West Frontier, Pakistan",PK,PK03,34.0078,71.5733,-2771364,4,"Peshawar, North-West Frontier, Pakistan",PK,PK03,34.0078,71.5733,-2771364,4,"Peshawar, North-West Frontier, Pakistan",PK,PK03,34.0078,71.5733,-2771364,20160608,http://www.thenews.com.pk/print/126162-26-students-awarded-gold-silver-medals
548197342,20160608,201606,2016,2016.4329,EDU,STUDENT,,,,,,EDU,,,GOV,GOVERNMENT,,,,,,GOV,,,1,051,051,05,1,3.4,10,1,10,7.61904761904761,4,"Peshawar, North-West Frontier, Pakistan",PK,PK03,34.0078,71.5733,-2771364,4,"Peshawar, North-West Frontier, Pakistan",PK,PK03,34.0078,71.5733,-2771364,4,"Peshawar, North-West Frontier, Pakistan",PK,PK03,34.0078,71.5733,-2771364,20160608,http://www.thenews.com.pk/print/126162-26-students-awarded-gold-silver-medals
548197562,20160608,201606,2016,2016.4329,GOV,GOVERNMENT,,,,,,GOV,,,EDU,STUDENT,,,,,,EDU,,,1,013,013,01,1,0.4,10,1,10,7.61904761904761,4,"Peshawar, North-West Frontier, Pakistan",PK,PK03,34.0078,71.5733,-2771364,4,"Peshawar, North-West Frontier, Pakistan",PK,PK03,34.0078,71.5733,-2771364,4,"Peshawar, North-West Frontier, Pakistan",PK,PK03,34.0078,71.5733,-2771364,20160608,http://www.thenews.com.pk/print/126162-26-students-awarded-gold-silver-medals
548205693,20160509,201605,2016,2016.3534,,,,,,,,,,,GHACRM,GHANA,GHA,,,,,CRM,,,1,173,173,17,4,-5.0,6,1,6,-3.04952540421989,0,,,,,,,1,Ghana,GH,GH,8,-2,GH,1,Ghana,GH,GH,8,-2,GH,20160608,http://www.goldcoastbulletin.com.au/news/gold-coast/investigators-arrest-person-over-involvement-in-injury-of-andrew-mavridis/news-story/bb2372e9865446bef4b79d74aa6e85aa?nk=0190bb644b975a1f470a03809e3ae284-1465347772
548205695,20160509,201605,2016,2016.3534,COP,DETECTIVE,,,,,,COP,,,GHA,GHANA,GHA,,,,,,,,1,173,173,17,4,-5.0,18,1,18,-3.04952540421989,1,Ghana,GH,GH,8,-2,GH,1,Ghana,GH,GH,8,-2,GH,1,Ghana,GH,GH,8,-2,GH,20160608,http://www.goldcoastbulletin.com.au/news/gold-coast/investigators-arrest-person-over-involvement-in-injury-of-andrew-mavridis/news-story/bb2372e9865446bef4b79d74aa6e85aa?nk=0190bb644b975a1f470a03809e3ae284-1465347772
548205696,20160509,201605,2016,2016.3534,CRM,CRIMINAL,,,,,,CRM,,,COP,DETECTIVE,,,,,,COP,,,1,173,173,17,4,-5.0,6,1,6,-3.04952540421989,1,Ghana,GH,GH,8,-2,GH,1,Ghana,GH,GH,8,-2,GH,1,Ghana,GH,GH,8,-2,GH,20160608,http://www.goldcoastbulletin.com.au/news/gold-coast/investigators-arrest-person-over-involvement-in-injury-of-andrew-mavridis/news-story/bb2372e9865446bef4b79d74aa6e85aa?nk=0190bb644b975a1f470a03809e3ae284-1465347772
548206272,20160608,201606,2016,2016.4329,BUS,COMPANY,,,,,,BUS,,,,,,,,,,,,,1,071,071,07,2,7.4,2,1,2,0.12698412698412,4,"Bisha, Eritrea (general), Eritrea",ER,ER00,15.4839,37.5447,-606095,0,,,,,,,4,"Bisha, Eritrea (general), Eritrea",ER,ER00,15.4839,37.5447,-606095,20160608,http://www.goldseiten.de/artikel/288751--Reservoir-Minerals-Reminds-Shareholders-to-Vote-in-Favour-of-Strategic-Combination-With-Nevsun-Resources.html
548206275,20160608,201606,2016,2016.4329,BUS,INDUSTRY,,,,,,BUS,,,,,,,,,,,,,0,084,084,08,2,7.0,16,2,16,-0.3787062940569,4,"Vancouver, British Columbia, Canada",CA,CA02,49.25,-123.133,-575268,0,,,,,,,4,"Vancouver, British Columbia, Canada",CA,CA02,49.25,-123.133,-575268,20160608,http://www.goldseiten.de/artikel/288751--Reservoir-Minerals-Reminds-Shareholders-to-Vote-in-Favour-of-Strategic-Combination-With-Nevsun-Resources.html
548206302,20160608,201606,2016,2016.4329,BUS,PRODUCER,,,,,,BUS,,,BUSMED,COMPANY,,,,,,BUS,MED,,0,046,046,04,1,7.0,2,1,2,2.14224507283634,4,"Toronto, Ontario, Canada",CA,CA08,43.6667,-79.4167,-574890,4,"Toronto, Ontario, Canada",CA,CA08,43.6667,-79.4167,-574890,4,"Toronto, Ontario, Canada",CA,CA08,43.6667,-79.4167,-574890,20160608,http://www.goldseiten.de/artikel/288757--Fortuna-Silver-Mines-to-Acquire-Goldrock-Mines.html
548206303,20160608,201606,2016,2016.4329,BUS,PRODUCER,,,,,,BUS,,,BUSMED,COMPANY,,,,,,BUS,MED,,0,046,046,04,1,7.0,10,2,10,2.2923206931002,1,United States,US,US,38,-97,US,1,United States,US,US,38,-97,US,1,United States,US,US,38,-97,US,20160608,http://www.goldseiten.de/artikel/288757--Fortuna-Silver-Mines-to-Acquire-Goldrock-Mines.html
548206304,20160608,201606,2016,2016.4329,BUS,COMPANY,,,,,,BUS,,,CAN,VANCOUVER,CAN,,,,,,,,1,010,010,01,1,0.0,10,1,10,0.12698412698412,4,"Vancouver, British Columbia, Canada",CA,CA02,49.25,-123.133,-575268,1,United Kingdom,UK,UK,54,-2,UK,4,"Vancouver, British Columbia, Canada",CA,CA02,49.25,-123.133,-575268,20160608,http://www.goldseiten.de/artikel/288751--Reservoir-Minerals-Reminds-Shareholders-to-Vote-in-Favour-of-Strategic-Combination-With-Nevsun-Resources.html
548206305,20160608,201606,2016,2016.4329,BUS,INDUSTRY,,,,,,BUS,,,CAN,CANADA,CAN,,,,,,,,0,015,015,01,1,0.0,20,2,20,-0.3787062940569,4,"Vancouver, British Columbia, Canada",CA,CA02,49.25,-123.133,-575268,4,"Vancouver, British Columbia, Canada",CA,CA02,49.25,-123.133,-575268,4,"Vancouver, British Columbia, Canada",CA,CA02,49.25,-123.133,-575268,20160608,http://www.goldseiten.de/artikel/288751--Reservoir-Minerals-Reminds-Shareholders-to-Vote-in-Favour-of-Strategic-Combination-With-Nevsun-Resources.html
548206325,20160608,201606,2016,2016.4329,BUS,COMPANY,,,,,,BUS,,,ERI,ERITREA,ERI,,,,,,,,1,071,071,07,2,7.4,8,1,8,0.12698412698412,4,"Bisha, Eritrea (general), Eritrea",ER,ER00,15.4839,37.5447,-606095,4,"Bisha, Eritrea (general), Eritrea",ER,ER00,15.4839,37.5447,-606095,4,"Bisha, Eritrea (general), Eritrea",ER,ER00,15.4839,37.5447,-606095,20160608,http://www.goldseiten.de/artikel/288751--Reservoir-Minerals-Reminds-Shareholders-to-Vote-in-Favour-of-Strategic-Combination-With-Nevsun-Resources.html
548206371,20160608,201606,2016,2016.4329,BUSMED,COMPANY,,,,,,BUS,MED,,BUS,PRODUCER,,,,,,BUS,,,0,046,046,04,1,7.0,12,2,12,2.2923206931002,4,"Lindero, Lambayeque, Peru",PE,PE14,-6.15222,-79.68,-352709,4,"Lindero, Lambayeque, Peru",PE,PE14,-6.15222,-79.68,-352709,4,"Lindero, Lambayeque, Peru",PE,PE14,-6.15222,-79.68,-352709,20160608,http://www.goldseiten.de/artikel/288757--Fortuna-Silver-Mines-to-Acquire-Goldrock-Mines.html
548206440,20160608,201606,2016,2016.4329,CHN,CHINA,CHN,,,,,,,,,,,,,,,,,,0,014,014,01,1,0.0,2,1,2,0.12698412698412,4,"Jing Bao, Guizhou, China",CH,CH18,26.9203,108.448,-1912354,0,,,,,,,4,"Jing Bao, Guizhou, China",CH,CH18,26.9203,108.448,-1912354,20160608,http://www.goldseiten.de/artikel/288751--Reservoir-Minerals-Reminds-Shareholders-to-Vote-in-Favour-of-Strategic-Combination-With-Nevsun-Resources.html
548206814,20160608,201606,2016,2016.4329,ERI,ERITREA,ERI,,,,,,,,ERIGOV,ERITREA,ERI,,,,,GOV,,,0,040,040,04,1,1.0,24,5,24,-1.15585981314329,4,"Bisha, Eritrea (general), Eritrea",ER,ER00,15.4839,37.5447,-606095,4,"Bisha, Eritrea (general), Eritrea",ER,ER00,15.4839,37.5447,-606095,4,"Bisha, Eritrea (general), Eritrea",ER,ER00,15.4839,37.5447,-606095,20160608,http://www.goldseiten.de/artikel/288751--Reservoir-Minerals-Reminds-Shareholders-to-Vote-in-Favour-of-Strategic-Combination-With-Nevsun-Resources.html
548206815,20160608,201606,2016,2016.4329,ERIGOV,ERITREA,ERI,,,,,GOV,,,ERI,ERITREA,ERI,,,,,,,,0,040,040,04,1,1.0,24,5,24,-1.15585981314329,4,"Bisha, Eritrea (general), Eritrea",ER,ER00,15.4839,37.5447,-606095,4,"Bisha, Eritrea (general), Eritrea",ER,ER00,15.4839,37.5447,-606095,4,"Bisha, Eritrea (general), Eritrea",ER,ER00,15.4839,37.5447,-606095,20160608,http://www.goldseiten.de/artikel/288751--Reservoir-Minerals-Reminds-Shareholders-to-Vote-in-Favour-of-Strategic-Combination-With-Nevsun-Resources.html
548206941,20160608,201606,2016,2016.4329,GHA,GHANA,GHA,,,,,,,,,,,,,,,,,,0,013,013,01,1,0.4,8,1,8,-1.61290322580645,1,Ghana,GH,GH,8,-2,GH,0,,,,,,,1,Ghana,GH,GH,8,-2,GH,20160608,http://www.goldcoastbulletin.com.au/lifestyle/fresh-turbulence-as-oneman-appeal-puts-brakes-on-ils-at-gold-coast-airport/news-story/4b9ff36941b7aef813bb3077b48ba4ba?nk=c0cf19f6357b95dec33a6f97476ec84a-1465347751
548206942,20160608,201606,2016,2016.4329,GHA,GHANA,GHA,,,,,,,,JUD,TRIBUNAL,,,,,,JUD,,,0,020,020,02,1,3.0,8,1,8,-1.61290322580645,1,Ghana,GH,GH,8,-2,GH,1,Ghana,GH,GH,8,-2,GH,1,Ghana,GH,GH,8,-2,GH,20160608,http://www.goldcoastbulletin.com.au/lifestyle/fresh-turbulence-as-oneman-appeal-puts-brakes-on-ils-at-gold-coast-airport/news-story/4b9ff36941b7aef813bb3077b48ba4ba?nk=c0cf19f6357b95dec33a6f97476ec84a-1465347751
548207412,20160608,201606,2016,2016.4329,JUD,TRIBUNAL,,,,,,JUD,,,,,,,,,,,,,0,020,020,02,1,3.0,6,1,6,-1.61290322580645,1,Ghana,GH,GH,8,-2,GH,0,,,,,,,1,Ghana,GH,GH,8,-2,GH,20160608,http://www.goldcoastbulletin.com.au/lifestyle/fresh-turbulence-as-oneman-appeal-puts-brakes-on-ils-at-gold-coast-airport/news-story/4b9ff36941b7aef813bb3077b48ba4ba?nk=c0cf19f6357b95dec33a6f97476ec84a-1465347751
548207621,20160608,201606,2016,2016.4329,MED,WRITER,,,,,,MED,,,AUS,GREAT BARRIER REEF,AUS,,,,,,,,1,130,130,13,3,-4.4,10,1,10,3.83275261324042,1,Ghana,GH,GH,8,-2,GH,1,Ghana,GH,GH,8,-2,GH,1,Ghana,GH,GH,8,-2,GH,20160608,http://www.goldcoastbulletin.com.au/news/opinion/sue-lappeman-dont-roast-the-coast/news-story/0ee37e6aee45ef7985d05bd92b8ace49?nk=9c7cffd6e7b4bd389340cf16d1688d34-1465347781
548208289,20160608,201606,2016,2016.4329,USA,UNITED STATES,USA,,,,,,,,,,,,,,,,,,1,111,111,11,3,-2.0,28,2,28,0.25839793281654,2,"Utah, United States",US,USUT,40.1135,-111.854,UT,0,,,,,,,2,"Utah, United States",US,USUT,40.1135,-111.854,UT,20160608,http://magicvalley.com/news/local/meadow-gold-dairy-in-boise-recalls-products-because-of-possible/article_c028a99d-04ab-504e-8523-8a1cfab4989a.html
548210432,20160608,201606,2016,2016.4329,BUS,PRODUCER,,,,,,BUS,,,,,,,,,,,,,1,071,071,07,2,7.4,30,2,30,-0.43730490974325,1,Zimbabwe,ZI,ZI,-20,30,ZI,0,,,,,,,1,Zimbabwe,ZI,ZI,-20,30,ZI,20160608,http://www.herald.co.zw/gold-diamond-miners-risks-4-months-of-production-loss/
548211515,20160608,201606,2016,2016.4329,LEG,CHAMBER,,,,,,LEG,,,BUS,INDUSTRY,,,,,,BUS,,,0,020,020,02,1,3.0,20,2,20,-1.08551062921969,1,Zimbabwe,ZI,ZI,-20,30,ZI,1,Zimbabwe,ZI,ZI,-20,30,ZI,1,Zimbabwe,ZI,ZI,-20,30,ZI,20160608,http://www.herald.co.zw/gold-diamond-miners-risks-4-months-of-production-loss/
548218165,20160608,201606,2016,2016.4329,,,,,,,,,,,MAR,MOROCCAN,MAR,,,,,,,,1,042,042,04,1,1.9,2,1,2,2.88288288288288,0,,,,,,,3,"Palm Springs, California, United States",US,USCA,33.8303,-116.545,1652768,3,"Palm Springs, California, United States",US,USCA,33.8303,-116.545,1652768,20160608,http://www.metv.com/lists/9-golden-age-celebrity-homes-you-can-rent-right-now
548218166,20160608,201606,2016,2016.4329,,,,,,,,,,,MAR,MOROCCAN,MAR,,,,,,,,1,042,042,04,1,1.9,8,1,8,2.88288288288288,0,,,,,,,3,"La Quinta, California, United States",US,USCA,33.6634,-116.31,1660870,3,"La Quinta, California, United States",US,USCA,33.6634,-116.31,1660870,20160608,http://www.metv.com/lists/9-golden-age-celebrity-homes-you-can-rent-right-now
548218231,20160608,201606,2016,2016.4329,,,,,,,,,,,USA,UNITED STATES,USA,,,,,,,,1,042,042,04,1,1.9,4,1,4,2.88288288288288,0,,,,,,,3,"Palm Springs, California, United States",US,USCA,33.8303,-116.545,1652768,3,"Palm Springs, California, United States",US,USCA,33.8303,-116.545,1652768,20160608,http://www.metv.com/lists/9-golden-age-celebrity-homes-you-can-rent-right-now
548219351,20160608,201606,2016,2016.4329,MAR,MOROCCAN,MAR,,,,,,,,,,,,,,,,,,1,043,043,04,1,2.8,1,1,1,2.88288288288288,3,"Palm Springs, California, United States",US,USCA,33.8303,-116.545,1652768,0,,,,,,,3,"Palm Springs, California, United States",US,USCA,33.8303,-116.545,1652768,20160608,http://www.metv.com/lists/9-golden-age-celebrity-homes-you-can-rent-right-now
548219352,20160608,201606,2016,2016.4329,MAR,MOROCCAN,MAR,,,,,,,,,,,,,,,,,,1,043,043,04,1,2.8,3,1,3,2.88288288288288,3,"La Quinta, California, United States",US,USCA,33.6634,-116.31,1660870,0,,,,,,,3,"La Quinta, California, United States",US,USCA,33.6634,-116.31,1660870,20160608,http://www.metv.com/lists/9-golden-age-celebrity-homes-you-can-rent-right-now
548219353,20160608,201606,2016,2016.4329,MAR,MOROCCAN,MAR,,,,,,,,,,,,,,,,,,1,043,043,04,1,2.8,1,1,1,2.88288288288288,3,"Topanga Canyon, California, United States",US,USCA,34.0389,-118.583,255763,0,,,,,,,3,"Topanga Canyon, California, United States",US,USCA,34.0389,-118.583,255763,20160608,http://www.metv.com/lists/9-golden-age-celebrity-homes-you-can-rent-right-now
548219354,20160608,201606,2016,2016.4329,MAR,MOROCCAN,MAR,,,,,,,,,,,,,,,,,,1,043,043,04,1,2.8,5,1,5,2.88288288288288,2,"California, United States",US,USCA,36.17,-119.746,CA,0,,,,,,,2,"California, United States",US,USCA,36.17,-119.746,CA,20160608,http://www.metv.com/lists/9-golden-age-celebrity-homes-you-can-rent-right-now
548219905,20160608,201606,2016,2016.4329,USA,UNITED STATES,USA,,,,,,,,,,,,,,,,,,1,190,190,19,4,-10.0,4,1,4,-0.30674846625767,1,Russia,RS,RS,60,100,RS,0,,,,,,,1,Russia,RS,RS,60,100,RS,20160608,http://senegal-actu.com/2016/06/gold-levels-off-after-recent-gains/
548224566,20160608,201606,2016,2016.4329,,,,,,,,,,,MEX,MEXICO,MEX,,,,,,,,1,014,014,01,1,0.0,4,3,4,2.2002794005588,0,,,,,,,4,"Southport, Queensland, Australia",AS,AS04,-27.9667,153.4,-1601419,1,Ghana,GH,GH,8,-2,GH,20160608,http://www.brisbanetimes.com.au/queensland/gold-coast-looks-to-mexico-for-cruise-ship-inspiration-20160608-gpe557.html
548224767,20160608,201606,2016,2016.4329,AUSGOV,AUSTRALIA,AUS,,,,,GOV,,,GOV,GOVERNMENT,,,,,,GOV,,,0,120,120,12,3,-4.0,6,3,6,2.2002794005588,4,"Southport, Queensland, Australia",AS,AS04,-27.9667,153.4,-1601419,4,"Southport, Queensland, Australia",AS,AS04,-27.9667,153.4,-1601419,4,"Southport, Queensland, Australia",AS,AS04,-27.9667,153.4,-1601419,20160608,http://www.brisbanetimes.com.au/queensland/gold-coast-looks-to-mexico-for-cruise-ship-inspiration-20160608-gpe557.html
548225131,20160608,201606,2016,2016.4329,CVL,COMMUNITY,,,,,,CVL,,,GOV,MAYOR,,,,,,GOV,,,0,040,040,04,1,1.0,6,3,6,2.2002794005588,4,"Southport, Queensland, Australia",AS,AS04,-27.9667,153.4,-1601419,4,"Southport, Queensland, Australia",AS,AS04,-27.9667,153.4,-1601419,4,"Southport, Queensland, Australia",AS,AS04,-27.9667,153.4,-1601419,20160608,http://www.brisbanetimes.com.au/queensland/gold-coast-looks-to-mexico-for-cruise-ship-inspiration-20160608-gpe557.html
548225132,20160608,201606,2016,2016.4329,CVL,COMMUNITY,,,,,,CVL,,,GOV,MAYOR,,,,,,GOV,,,0,040,040,04,1,1.0,24,3,24,2.2002794005588,1,Ghana,GH,GH,8,-2,GH,1,Ghana,GH,GH,8,-2,GH,1,Ghana,GH,GH,8,-2,GH,20160608,http://www.brisbanetimes.com.au/queensland/gold-coast-looks-to-mexico-for-cruise-ship-inspiration-20160608-gpe557.html
548225348,20160608,201606,2016,2016.4329,GHA,GHANA,GHA,,,,,,,,MEX,MEXICO,MEX,,,,,,,,1,020,020,02,1,3.0,10,3,10,2.2002794005588,4,"Southport, Queensland, Australia",AS,AS04,-27.9667,153.4,-1601419,4,"Southport, Queensland, Australia",AS,AS04,-27.9667,153.4,-1601419,4,"Southport, Queensland, Australia",AS,AS04,-27.9667,153.4,-1601419,20160608,http://www.brisbanetimes.com.au/queensland/gold-coast-looks-to-mexico-for-cruise-ship-inspiration-20160608-gpe557.html
548225349,20160608,201606,2016,2016.4329,GHA,GHANA,GHA,,,,,,,,MEX,MEXICO,MEX,,,,,,,,1,020,020,02,1,3.0,6,3,6,2.2002794005588,1,Ghana,GH,GH,8,-2,GH,4,"Southport, Queensland, Australia",AS,AS04,-27.9667,153.4,-1601419,4,"Southport, Queensland, Australia",AS,AS04,-27.9667,153.4,-1601419,20160608,http://www.brisbanetimes.com.au/queensland/gold-coast-looks-to-mexico-for-cruise-ship-inspiration-20160608-gpe557.html
548225350,20160608,201606,2016,2016.4329,GHA,GHANA,GHA,,,,,,,,MEX,MEXICO,MEX,,,,,,,,1,020,020,02,1,3.0,6,3,6,2.2002794005588,1,Ghana,GH,GH,8,-2,GH,4,"Southport, Queensland, Australia",AS,AS04,-27.9667,153.4,-1601419,1,Ghana,GH,GH,8,-2,GH,20160608,http://www.brisbanetimes.com.au/queensland/gold-coast-looks-to-mexico-for-cruise-ship-inspiration-20160608-gpe557.html
548225351,20160608,201606,2016,2016.4329,GHA,GHANA,GHA,,,,,,,,MEX,MEXICO,MEX,,,,,,,,1,020,020,02,1,3.0,16,3,12,2.2002794005588,1,Ghana,GH,GH,8,-2,GH,1,Mexico,MX,MX,23,-102,MX,1,Ghana,GH,GH,8,-2,GH,20160608,http://www.brisbanetimes.com.au/queensland/gold-coast-looks-to-mexico-for-cruise-ship-inspiration-20160608-gpe557.html
548225352,20160608,201606,2016,2016.4329,GHA,GHANA,GHA,,,,,,,,MEX,MEXICO,MEX,,,,,,,,1,020,020,02,1,3.0,14,3,10,2.2002794005588,1,Ghana,GH,GH,8,-2,GH,1,Mexico,MX,MX,23,-102,MX,1,Mexico,MX,MX,23,-102,MX,20160608,http://www.brisbanetimes.com.au/queensland/gold-coast-looks-to-mexico-for-cruise-ship-inspiration-20160608-gpe557.html
548225389,20160608,201606,2016,2016.4329,GOV,MINIST,,,,,,GOV,,,,,,,,,,,,,0,120,120,12,3,-4.0,6,3,6,2.2002794005588,4,"Southport, Queensland, Australia",AS,AS04,-27.9667,153.4,-1601419,0,,,,,,,4,"Southport, Queensland, Australia",AS,AS04,-27.9667,153.4,-1601419,20160608,http://www.brisbanetimes.com.au/queensland/gold-coast-looks-to-mexico-for-cruise-ship-inspiration-20160608-gpe557.html
548225403,20160608,201606,2016,2016.4329,GOV,MINIST,,,,,,GOV,,,AUS,AUSTRALIA,AUS,,,,,,,,0,120,120,12,3,-4.0,18,3,18,2.2002794005588,4,"Southport, Queensland, Australia",AS,AS04,-27.9667,153.4,-1601419,4,"Southport, Queensland, Australia",AS,AS04,-27.9667,153.4,-1601419,4,"Southport, Queensland, Australia",AS,AS04,-27.9667,153.4,-1601419,20160608,http://www.brisbanetimes.com.au/queensland/gold-coast-looks-to-mexico-for-cruise-ship-inspiration-20160608-gpe557.html
548225429,20160608,201606,2016,2016.4329,GOV,MAYOR,,,,,,GOV,,,CVL,COMMUNITY,,,,,,CVL,,,0,040,040,04,1,1.0,6,3,6,2.2002794005588,4,"Southport, Queensland, Australia",AS,AS04,-27.9667,153.4,-1601419,4,"Southport, Queensland, Australia",AS,AS04,-27.9667,153.4,-1601419,4,"Southport, Queensland, Australia",AS,AS04,-27.9667,153.4,-1601419,20160608,http://www.brisbanetimes.com.au/queensland/gold-coast-looks-to-mexico-for-cruise-ship-inspiration-20160608-gpe557.html
548225430,20160608,201606,2016,2016.4329,GOV,MAYOR,,,,,,GOV,,,CVL,COMMUNITY,,,,,,CVL,,,0,040,040,04,1,1.0,24,3,24,2.2002794005588,1,Ghana,GH,GH,8,-2,GH,1,Ghana,GH,GH,8,-2,GH,1,Ghana,GH,GH,8,-2,GH,20160608,http://www.brisbanetimes.com.au/queensland/gold-coast-looks-to-mexico-for-cruise-ship-inspiration-20160608-gpe557.html
548225975,20160608,201606,2016,2016.4329,MEX,MEXICO,MEX,,,,,,,,,,,,,,,,,,1,020,020,02,1,3.0,2,1,2,2.21774193548387,4,"Southport, Queensland, Australia",AS,AS04,-27.9667,153.4,-1601419,0,,,,,,,4,"Southport, Queensland, Australia",AS,AS04,-27.9667,153.4,-1601419,20160608,http://www.brisbanetimes.com.au/queensland/gold-coast-looks-to-mexico-for-cruise-ship-inspiration-20160608-gpe557.html
548226383,20160608,201606,2016,2016.4329,USA,UNITED STATES,USA,,,,,,,,,,,,,,,,,,1,013,013,01,1,0.4,55,12,55,-0.856880529448182,2,"Alabama, United States",US,USAL,32.799,-86.8073,AL,0,,,,,,,2,"Alabama, United States",US,USAL,32.799,-86.8073,AL,20160608,http://www.houstonchronicle.com/opinion/outlook/article/Goldberg-Ryan-endorsing-Trump-is-a-bitter-pill-7969028.php
548226632,20160608,201606,2016,2016.4329,USA,UNITED STATES,USA,,,,,,,,GOV,GOVERNMENT,,,,,,GOV,,,1,010,010,01,1,0.0,35,9,35,-2.08981209470089,2,"Alabama, United States",US,USAL,32.799,-86.8073,AL,2,"Alabama, United States",US,USAL,32.799,-86.8073,AL,2,"Alabama, United States",US,USAL,32.799,-86.8073,AL,20160608,http://www.houstonchronicle.com/opinion/outlook/article/Goldberg-Ryan-endorsing-Trump-is-a-bitter-pill-7969028.php
548226648,20160608,201606,2016,2016.4329,USA,UNITED STATES,USA,,,,,,,,GOV,GOVERNMENT,,,,,,GOV,,,0,080,080,08,2,5.0,16,7,16,-0.696467536986889,2,"Alabama, United States",US,USAL,32.799,-86.8073,AL,2,"Alabama, United States",US,USAL,32.799,-86.8073,AL,2,"Alabama, United States",US,USAL,32.799,-86.8073,AL,20160608,http://www.houstonchronicle.com/opinion/outlook/article/Goldberg-Ryan-endorsing-Trump-is-a-bitter-pill-7969028.php
548226649,20160608,201606,2016,2016.4329,USA,NEW MEXICO,USA,,,,,,,,GOV,GOVERNOR,,,,,,GOV,,,1,110,110,11,3,-2.0,90,44,90,0.472061363191349,3,"Washington, District of Columbia, United States",US,USDC,38.8951,-77.0364,531871,3,"Washington, District of Columbia, United States",US,USDC,38.8951,-77.0364,531871,3,"Washington, District of Columbia, United States",US,USDC,38.8951,-77.0364,531871,20160608,http://www.houstonchronicle.com/opinion/outlook/article/Goldberg-Ryan-endorsing-Trump-is-a-bitter-pill-7969028.php
548226650,20160608,201606,2016,2016.4329,USA,NEW MEXICO,USA,,,,,,,,GOV,GOVERNOR,,,,,,GOV,,,1,110,110,11,3,-2.0,5,4,5,-0.8506593818098,2,"Alabama, United States",US,USAL,32.799,-86.8073,AL,2,"New Mexico, United States",US,USNM,34.8375,-106.237,NM,2,"Alabama, United States",US,USAL,32.799,-86.8073,AL,20160608,http://www.houstonchronicle.com/opinion/outlook/article/Goldberg-Ryan-endorsing-Trump-is-a-bitter-pill-7969028.php
548226652,20160608,201606,2016,2016.4329,USA,NEW MEXICO,USA,,,,,,,,GOV,GOVERNOR,,,,,,GOV,,,1,110,110,11,3,-2.0,16,9,16,-0.690254984743851,2,"New Mexico, United States",US,USNM,34.8375,-106.237,NM,2,"New Mexico, United States",US,USNM,34.8375,-106.237,NM,2,"Indiana, United States",US,USIN,39.8647,-86.2604,IN,20160608,http://www.houstonchronicle.com/opinion/outlook/article/Goldberg-Ryan-endorsing-Trump-is-a-bitter-pill-7969028.php
548228215,20160608,201606,2016,2016.4329,,,,,,,,,,,CAN,CANADA,CAN,,,,,,,,1,020,020,02,1,3.0,2,1,2,-3.50877192982456,0,,,,,,,4,"Calgary, Alberta, Canada",CA,CA01,51.0833,-114.083,-561990,4,"Calgary, Alberta, Canada",CA,CA01,51.0833,-114.083,-561990,20160608,http://www.calgarysun.com/2016/06/07/golden-rafting-dispute-with-cp--hurting-town
548228287,20160608,201606,2016,2016.4329,,,,,,,,,,,GOVMED,MINIST OF TRANSPORT,,,,,,GOV,MED,,1,020,020,02,1,3.0,3,1,3,-3.50877192982456,0,,,,,,,4,"Calgary, Alberta, Canada",CA,CA01,51.0833,-114.083,-561990,4,"Calgary, Alberta, Canada",CA,CA01,51.0833,-114.083,-561990,20160608,http://www.calgarysun.com/2016/06/07/golden-rafting-dispute-with-cp--hurting-town
548229157,20160608,201606,2016,2016.4329,GOVMED,MINIST OF TRANSPORT,,,,,,GOV,MED,,CAN,CANADA,CAN,,,,,,,,1,020,020,02,1,3.0,2,1,2,-3.50877192982456,4,"Calgary, Alberta, Canada",CA,CA01,51.0833,-114.083,-561990,4,"Calgary, Alberta, Canada",CA,CA01,51.0833,-114.083,-561990,4,"Calgary, Alberta, Canada",CA,CA01,51.0833,-114.083,-561990,20160608,http://www.calgarysun.com/2016/06/07/golden-rafting-dispute-with-cp--hurting-town
548231170,20160509,201605,2016,2016.3534,JUD,MAGISTRATE,,,,,,JUD,,,,,,,,,,,,,1,173,173,17,4,-5.0,12,1,12,-5.45759043594765,1,Ghana,GH,GH,8,-2,GH,0,,,,,,,1,Ghana,GH,GH,8,-2,GH,20160608,http://www.goldcoastbulletin.com.au/news/crime-court/gold-coast-court-to-be-asked-to-order-pit-bull-dog-be-put-down-as-owner-sentenced-over-animal-cruelty/news-story/259d421f453a209683dc82f66a936a0d?nk=a239b9681c694737d2aff098e868a233-1465354047
548231171,20160509,201605,2016,2016.3534,JUD,MAGISTRATE,,,,,,JUD,,,GHA,GHANA,GHA,,,,,,,,1,112,112,11,3,-2.0,8,1,8,-5.45759043594765,1,Ghana,GH,GH,8,-2,GH,1,Ghana,GH,GH,8,-2,GH,1,Ghana,GH,GH,8,-2,GH,20160608,http://www.goldcoastbulletin.com.au/news/crime-court/gold-coast-court-to-be-asked-to-order-pit-bull-dog-be-put-down-as-owner-sentenced-over-animal-cruelty/news-story/259d421f453a209683dc82f66a936a0d?nk=a239b9681c694737d2aff098e868a233-1465354047
548231402,20160608,201606,2016,2016.4329,,,,,,,,,,,MEX,MEXICO,MEX,,,,,,,,1,014,014,01,1,0.0,6,2,6,2.19154813309627,0,,,,,,,4,"Southport, Queensland, Australia",AS,AS04,-27.9667,153.4,-1601419,4,"Southport, Queensland, Australia",AS,AS04,-27.9667,153.4,-1601419,20160608,http://www.smh.com.au/queensland/gold-coast-looks-to-mexico-for-cruise-ship-inspiration-20160608-gpe557.html
548231797,20160608,201606,2016,2016.4329,COP,POLICE,,,,,,COP,,,,,,,,,,,,,0,100,100,10,3,-5.0,18,2,18,-3.11115285067863,1,Ghana,GH,GH,8,-2,GH,0,,,,,,,1,Ghana,GH,GH,8,-2,GH,20160608,http://www.goldcoastbulletin.com.au/news/crime-court/gold-coast-court-to-be-asked-to-order-pit-bull-dog-be-put-down-as-owner-sentenced-over-animal-cruelty/news-story/259d421f453a209683dc82f66a936a0d?nk=a239b9681c694737d2aff098e868a233-1465354047
548231830,20160608,201606,2016,2016.4329,COP,POLICE,,,,,,COP,,,GHA,GHANA,GHA,,,,,,,,0,100,100,10,3,-5.0,8,1,8,-5.45759043594765,1,Ghana,GH,GH,8,-2,GH,1,Ghana,GH,GH,8,-2,GH,1,Ghana,GH,GH,8,-2,GH,20160608,http://www.goldcoastbulletin.com.au/news/crime-court/gold-coast-court-to-be-asked-to-order-pit-bull-dog-be-put-down-as-owner-sentenced-over-animal-cruelty/news-story/259d421f453a209683dc82f66a936a0d?nk=a239b9681c694737d2aff098e868a233-1465354047
548232140,20160608,201606,2016,2016.4329,GHA,GHANA,GHA,,,,,,,,,,,,,,,,,,1,015,015,01,1,0.0,16,1,16,-5.45759043594765,1,Ghana,GH,GH,8,-2,GH,0,,,,,,,1,Ghana,GH,GH,8,-2,GH,20160608,http://www.goldcoastbulletin.com.au/news/crime-court/gold-coast-court-to-be-asked-to-order-pit-bull-dog-be-put-down-as-owner-sentenced-over-animal-cruelty/news-story/259d421f453a209683dc82f66a936a0d?nk=a239b9681c694737d2aff098e868a233-1465354047
548232141,20160608,201606,2016,2016.4329,GHA,GHANA,GHA,,,,,,,,,,,,,,,,,,0,138,138,13,3,-7.0,8,1,8,-5.45759043594765,1,Ghana,GH,GH,8,-2,GH,0,,,,,,,1,Ghana,GH,GH,8,-2,GH,20160608,http://www.goldcoastbulletin.com.au/news/crime-court/gold-coast-court-to-be-asked-to-order-pit-bull-dog-be-put-down-as-owner-sentenced-over-animal-cruelty/news-story/259d421f453a209683dc82f66a936a0d?nk=a239b9681c694737d2aff098e868a233-1465354047
548232288,20160608,201606,2016,2016.4329,GOV,KING,,,,,,GOV,,,MIL,ARMY,,,,,,MIL,,,0,090,090,09,2,-2.0,3,1,3,-2.23166843783209,3,"Gold King Mine, Colorado, United States",US,USCO,37.8906,-107.648,187329,3,"Gold King Mine, Colorado, United States",US,USCO,37.8906,-107.648,187329,3,"Gold King Mine, Colorado, United States",US,USCO,37.8906,-107.648,187329,20160608,http://dailycaller.com/2016/06/07/federal-agency-collusion-polluted-independent-gold-king-mine-review/
548232602,20160608,201606,2016,2016.4329,JUD,LAWYER,,,,,,JUD,,,,,,,,,,,,,0,138,138,13,3,-7.0,12,1,12,-5.45759043594765,1,Ghana,GH,GH,8,-2,GH,0,,,,,,,1,Ghana,GH,GH,8,-2,GH,20160608,http://www.goldcoastbulletin.com.au/news/crime-court/gold-coast-court-to-be-asked-to-order-pit-bull-dog-be-put-down-as-owner-sentenced-over-animal-cruelty/news-story/259d421f453a209683dc82f66a936a0d?nk=a239b9681c694737d2aff098e868a233-1465354047
548232903,20160608,201606,2016,2016.4329,MIL,ARMY,,,,,,MIL,,,USA,UNITED STATES,USA,,,,,,,,1,051,051,05,1,3.4,2,1,2,-2.23166843783209,3,"Gold King Mine, Colorado, United States",US,USCO,37.8906,-107.648,187329,3,"Gold King Mine, Colorado, United States",US,USCO,37.8906,-107.648,187329,3,"Gold King Mine, Colorado, United States",US,USCO,37.8906,-107.648,187329,20160608,http://dailycaller.com/2016/06/07/federal-agency-collusion-polluted-independent-gold-king-mine-review/
548233334,20160608,201606,2016,2016.4329,USA,UNITED STATES,USA,,,,,,,,,,,,,,,,,,0,010,010,01,1,0.0,2,1,2,-2.23166843783209,3,"Gold King Mine, Colorado, United States",US,USCO,37.8906,-107.648,187329,0,,,,,,,3,"Gold King Mine, Colorado, United States",US,USCO,37.8906,-107.648,187329,20160608,http://dailycaller.com/2016/06/07/federal-agency-collusion-polluted-independent-gold-king-mine-review/
548233631,20160608,201606,2016,2016.4329,USA,UNITED STATES,USA,,,,,,,,MIL,ARMY,,,,,,MIL,,,0,090,090,09,2,-2.0,4,1,4,-2.23166843783209,3,"Gold King Mine, Colorado, United States",US,USCO,37.8906,-107.648,187329,3,"Gold King Mine, Colorado, United States",US,USCO,37.8906,-107.648,187329,3,"Gold King Mine, Colorado, United States",US,USCO,37.8906,-107.648,187329,20160608,http://dailycaller.com/2016/06/07/federal-agency-collusion-polluted-independent-gold-king-mine-review/
548236386,20160608,201606,2016,2016.4329,MIL,ARMY,,,,,,MIL,,,USAMIL,THE US,USA,,,,,MIL,,,1,046,046,04,1,7.0,10,1,10,9.22330097087379,3,"Fort Knox, Kentucky, United States",US,USKY,37.901,-85.902,2512204,3,"Fort Knox, Kentucky, United States",US,USKY,37.901,-85.902,2512204,3,"Fort Knox, Kentucky, United States",US,USKY,37.901,-85.902,2512204,20160608,http://nashvillegab.com/2016/06/kellie-pickler-army-golden-knights.html
548237264,20160608,201606,2016,2016.4329,USAMIL,THE US,USA,,,,,MIL,,,MIL,ARMY,,,,,,MIL,,,1,046,046,04,1,7.0,10,1,10,9.22330097087379,2,"Kentucky, United States",US,USKY,37.669,-84.6514,KY,2,"Kentucky, United States",US,USKY,37.669,-84.6514,KY,2,"Kentucky, United States",US,USKY,37.669,-84.6514,KY,20160608,http://nashvillegab.com/2016/06/kellie-pickler-army-golden-knights.html
548238240,20160608,201606,2016,2016.4329,,,,,,,,,,,USA,UNITED STATES,USA,,,,,,,,1,036,036,03,1,4.0,6,1,6,4.66321243523316,0,,,,,,,3,"Douglas County, Colorado, United States",US,USCO,39.3333,-104.951,198133,3,"Douglas County, Colorado, United States",US,USCO,39.3333,-104.951,198133,20160608,"http://www.goldentranscript.net/stories/4-H-youths-kick-off-show-season,216211"
548239625,20160608,201606,2016,2016.4329,USA,UNITED STATES,USA,,,,,,,,,,,,,,,,,,1,051,051,05,1,3.4,4,1,4,4.66321243523316,3,"Douglas County, Colorado, United States",US,USCO,39.3333,-104.951,198133,0,,,,,,,3,"Douglas County, Colorado, United States",US,USCO,39.3333,-104.951,198133,20160608,"http://www.goldentranscript.net/stories/4-H-youths-kick-off-show-season,216211"
548242204,20160608,201606,2016,2016.4329,MIL,MILITARY,,,,,,MIL,,,,,,,,,,,,,1,051,051,05,1,3.4,11,2,11,-0.296436430414615,4,"Tokyo, Tokyo, Japan",JA,JA40,35.685,139.751,-246227,0,,,,,,,4,"Tokyo, Tokyo, Japan",JA,JA40,35.685,139.751,-246227,20160608,http://www.startribune.com/obituary-robert-reardon-gave-new-meaning-to-the-golden-age-of-flying/382171501/
548242792,20160608,201606,2016,2016.4329,USAGOV,OBAMA,USA,,,,,GOV,,,USAGOV,OBAMA,USA,,,,,GOV,,,1,010,010,01,1,0.0,10,1,10,2.17983651226158,0,,,,,,,0,,,,,,,0,,,,,,,20160608,http://www.scpr.org/news/2016/06/07/61417/duarte-shuttle-service-connects-gold-line-to-popul/
548249955,20160608,201606,2016,2016.4329,,,,,,,,,,,FRA,FRANCE,FRA,,,,,,,,1,042,042,04,1,1.9,12,2,12,-1.11658628643321,0,,,,,,,2,"New York, United States",US,USNY,42.1497,-74.9384,NY,2,"New York, United States",US,USNY,42.1497,-74.9384,NY,20160608,http://www.theyeshivaworld.com/news/headlines-breaking-stories/428023/photos-end-of-an-era---goldfeder-announces-he-will-not-run-for-re-election-to-assembly-in-november.html
548250147,20160608,201606,2016,2016.4329,BUS,COMPANY,,,,,,BUS,,,,,,,,,,,,,1,071,071,07,2,7.4,14,3,14,1.3948236994423,3,"San Diego, California, United States",US,USCA,32.7153,-117.157,1661377,0,,,,,,,3,"San Diego, California, United States",US,USCA,32.7153,-117.157,1661377,20160608,http://sdbj.com/news/2016/jun/07/nasa-veteran-dan-goldin-introduces-knuedge/
548250148,20160608,201606,2016,2016.4329,BUS,COMPANY,,,,,,BUS,,,,,,,,,,,,,1,071,071,07,2,7.4,6,1,6,1.3953488372093,3,"University Of California San Diego, California, United States",US,USCA,32.877,-117.241,250816,0,,,,,,,3,"University Of California San Diego, California, United States",US,USCA,32.877,-117.241,250816,20160608,http://sdbj.com/news/2016/jun/07/nasa-veteran-dan-goldin-introduces-knuedge/
548250536,20160608,201606,2016,2016.4329,FRA,FRANCE,FRA,,,,,,,,USA,UNITED STATES,USA,,,,,,,,0,042,042,04,1,1.9,4,1,4,0.398406374502,4,"Paris, France (general), France",FR,FR00,48.8667,2.33333,-1456928,2,"New York, United States",US,USNY,42.1497,-74.9384,NY,4,"Paris, France (general), France",FR,FR00,48.8667,2.33333,-1456928,20160608,http://www.theyeshivaworld.com/news/headlines-breaking-stories/428023/photos-end-of-an-era---goldfeder-announces-he-will-not-run-for-re-election-to-assembly-in-november.html
548250537,20160608,201606,2016,2016.4329,FRA,FRANCE,FRA,,,,,,,,USA,UNITED STATES,USA,,,,,,,,0,043,043,04,1,2.8,2,1,2,0.398406374502,4,"Paris, France (general), France",FR,FR00,48.8667,2.33333,-1456928,2,"New York, United States",US,USNY,42.1497,-74.9384,NY,4,"Paris, France (general), France",FR,FR00,48.8667,2.33333,-1456928,20160608,http://www.theyeshivaworld.com/news/headlines-breaking-stories/428023/photos-end-of-an-era---goldfeder-announces-he-will-not-run-for-re-election-to-assembly-in-november.html
548251073,20160608,201606,2016,2016.4329,MOS,ISLAMIC,,,,MOS,,,,,JEWCVL,JEWISH,,,,JEW,,CVL,,,0,051,051,05,1,3.4,2,1,2,0.398406374502,4,"Paris, France (general), France",FR,FR00,48.8667,2.33333,-1456928,4,"Paris, France (general), France",FR,FR00,48.8667,2.33333,-1456928,4,"Paris, France (general), France",FR,FR00,48.8667,2.33333,-1456928,20160608,http://www.theyeshivaworld.com/news/headlines-breaking-stories/428023/photos-end-of-an-era---goldfeder-announces-he-will-not-run-for-re-election-to-assembly-in-november.html
548251074,20160608,201606,2016,2016.4329,MOS,ISLAMIC,,,,MOS,,,,,JEWCVL,JEWISH,,,,JEW,,CVL,,,0,051,051,05,1,3.4,2,1,2,0.398406374502,2,"New York, United States",US,USNY,42.1497,-74.9384,NY,4,"Paris, France (general), France",FR,FR00,48.8667,2.33333,-1456928,4,"Paris, France (general), France",FR,FR00,48.8667,2.33333,-1456928,20160608,http://www.theyeshivaworld.com/news/headlines-breaking-stories/428023/photos-end-of-an-era---goldfeder-announces-he-will-not-run-for-re-election-to-assembly-in-november.html
548251302,20160608,201606,2016,2016.4329,USA,UNITED STATES,USA,,,,,,,,,,,,,,,,,,0,013,013,01,1,0.4,3,3,3,-0.560102328124463,2,"Alabama, United States",US,USAL,32.799,-86.8073,AL,0,,,,,,,1,Iraq,IZ,IZ,33,44,IZ,20160608,http://townhall.com/columnists/jonahgoldberg/2016/06/08/ryans-endorsement-of-trump-a-bitter-pill-to-swallow-n2174882
548251445,20160608,201606,2016,2016.4329,USA,UNITED STATES,USA,,,,,,,,EDU,SCHOOL,,,,,,EDU,,,1,071,071,07,2,7.4,9,2,9,0.04285546992767,2,"New York, United States",US,USNY,42.1497,-74.9384,NY,2,"New York, United States",US,USNY,42.1497,-74.9384,NY,2,"New York, United States",US,USNY,42.1497,-74.9384,NY,20160608,http://www.theyeshivaworld.com/news/headlines-breaking-stories/428023/photos-end-of-an-era---goldfeder-announces-he-will-not-run-for-re-election-to-assembly-in-november.html
548251449,20160608,201606,2016,2016.4329,USA,UNITED STATES,USA,,,,,,,,FRA,FRANCE,FRA,,,,,,,,0,010,010,01,1,0.0,2,1,2,0.398406374502,2,"New York, United States",US,USNY,42.1497,-74.9384,NY,4,"Paris, France (general), France",FR,FR00,48.8667,2.33333,-1456928,4,"Paris, France (general), France",FR,FR00,48.8667,2.33333,-1456928,20160608,http://www.theyeshivaworld.com/news/headlines-breaking-stories/428023/photos-end-of-an-era---goldfeder-announces-he-will-not-run-for-re-election-to-assembly-in-november.html
548251450,20160608,201606,2016,2016.4329,USA,UNITED STATES,USA,,,,,,,,FRA,FRANCE,FRA,,,,,,,,0,010,010,01,1,0.0,2,1,2,0.398406374502,2,"New York, United States",US,USNY,42.1497,-74.9384,NY,4,"Paris, France (general), France",FR,FR00,48.8667,2.33333,-1456928,2,"New York, United States",US,USNY,42.1497,-74.9384,NY,20160608,http://www.theyeshivaworld.com/news/headlines-breaking-stories/428023/photos-end-of-an-era---goldfeder-announces-he-will-not-run-for-re-election-to-assembly-in-november.html
548251451,20160608,201606,2016,2016.4329,USA,UNITED STATES,USA,,,,,,,,FRA,FRANCE,FRA,,,,,,,,0,042,042,04,1,1.9,2,1,2,0.398406374502,2,"New York, United States",US,USNY,42.1497,-74.9384,NY,4,"Paris, France (general), France",FR,FR00,48.8667,2.33333,-1456928,4,"Paris, France (general), France",FR,FR00,48.8667,2.33333,-1456928,20160608,http://www.theyeshivaworld.com/news/headlines-breaking-stories/428023/photos-end-of-an-era---goldfeder-announces-he-will-not-run-for-re-election-to-assembly-in-november.html
548251452,20160608,201606,2016,2016.4329,USA,UNITED STATES,USA,,,,,,,,FRA,FRANCE,FRA,,,,,,,,1,042,042,04,1,1.9,4,2,4,-1.11658628643321,2,"New York, United States",US,USNY,42.1497,-74.9384,NY,2,"New York, United States",US,USNY,42.1497,-74.9384,NY,2,"New York, United States",US,USNY,42.1497,-74.9384,NY,20160608,http://www.theyeshivaworld.com/news/headlines-breaking-stories/428023/photos-end-of-an-era---goldfeder-announces-he-will-not-run-for-re-election-to-assembly-in-november.html
548251453,20160608,201606,2016,2016.4329,USA,UNITED STATES,USA,,,,,,,,FRA,FRANCE,FRA,,,,,,,,0,043,043,04,1,2.8,4,1,4,0.398406374502,2,"New York, United States",US,USNY,42.1497,-74.9384,NY,4,"Paris, France (general), France",FR,FR00,48.8667,2.33333,-1456928,4,"Paris, France (general), France",FR,FR00,48.8667,2.33333,-1456928,20160608,http://www.theyeshivaworld.com/news/headlines-breaking-stories/428023/photos-end-of-an-era---goldfeder-announces-he-will-not-run-for-re-election-to-assembly-in-november.html
548251470,20160608,201606,2016,2016.4329,USA,NEW MEXICO,USA,,,,,,,,GOV,GOVERNOR,,,,,,GOV,,,1,110,110,11,3,-2.0,4,4,4,-0.515254411067965,2,"Alabama, United States",US,USAL,32.799,-86.8073,AL,2,"New Mexico, United States",US,USNM,34.8375,-106.237,NM,2,"New Mexico, United States",US,USNM,34.8375,-106.237,NM,20160608,http://townhall.com/columnists/jonahgoldberg/2016/06/08/ryans-endorsement-of-trump-a-bitter-pill-to-swallow-n2174882
548255747,20160608,201606,2016,2016.4329,AUS,AUSTRALIA,AUS,,,,,,,,,,,,,,,,,,1,010,010,01,1,0.0,8,2,8,-1.11940298507462,4,"North Melbourne, Victoria, Australia",AS,AS07,-37.8,144.967,-1592180,0,,,,,,,4,"North Melbourne, Victoria, Australia",AS,AS07,-37.8,144.967,-1592180,20160608,http://www.nmfc.com.au/news/2016-06-08/goldstein-no-certainty
548255750,20160608,201606,2016,2016.4329,AUS,AUSTRALIA,AUS,,,,,,,,,,,,,,,,,,1,012,012,01,1,-0.4,4,1,4,-2.23880597014925,4,"North Melbourne, Victoria, Australia",AS,AS07,-37.8,144.967,-1592180,0,,,,,,,4,"North Melbourne, Victoria, Australia",AS,AS07,-37.8,144.967,-1592180,20160608,http://www.nmfc.com.au/news/2016-06-08/goldstein-no-certainty
548255961,20160608,201606,2016,2016.4329,COP,POLICE,,,,,,COP,,,,,,,,,,,,,0,1712,171,17,4,-9.2,4,1,4,-5.30503978779841,4,"Mumbai, Maharashtra, India",IN,IN16,18.975,72.8258,-2092174,0,,,,,,,4,"Mumbai, Maharashtra, India",IN,IN16,18.975,72.8258,-2092174,20160608,http://www.asianage.com/mumbai/two-accused-gold-snatchers-held-chembur-both-minors-576
548255982,20160608,201606,2016,2016.4329,COP,POLICE,,,,,,COP,,,IND,MUMBAI,IND,,,,,,,,0,1712,171,17,4,-9.2,6,1,6,-5.30503978779841,4,"Mumbai, Maharashtra, India",IN,IN16,18.975,72.8258,-2092174,4,"Mumbai, Maharashtra, India",IN,IN16,18.975,72.8258,-2092174,4,"Mumbai, Maharashtra, India",IN,IN16,18.975,72.8258,-2092174,20160608,http://www.asianage.com/mumbai/two-accused-gold-snatchers-held-chembur-both-minors-576
548256430,20160608,201606,2016,2016.4329,HLH,HOSPITAL,,,,,,HLH,,,,,,,,,,,,,1,0871,087,08,2,9.0,10,1,10,-5.30503978779841,4,"Mumbai, Maharashtra, India",IN,IN16,18.975,72.8258,-2092174,0,,,,,,,4,"Mumbai, Maharashtra, India",IN,IN16,18.975,72.8258,-2092174,20160608,http://www.asianage.com/mumbai/two-accused-gold-snatchers-held-chembur-both-minors-576
548258335,20160608,201606,2016,2016.4329,,,,,,,,,,,BUS,COMPANY,,,,,,BUS,,,0,040,040,04,1,1.0,6,2,6,3.62087826222847,0,,,,,,,4,"Roodepoort, Free State, South Africa",SF,SF03,-27.1667,28.1667,-1278009,4,"Roodepoort, Free State, South Africa",SF,SF03,-27.1667,28.1667,-1278009,20160608,http://www.bdlive.co.za/business/mining/2016/06/08/central-rand-gold-pursues-opportunities-in-rest-of-africa
548258552,20160608,201606,2016,2016.4329,AFR,AFRICA,AFR,,,,,,,,,,,,,,,,,,1,020,020,02,1,3.0,16,2,16,2.07304417313104,4,"Roodepoort, Free State, South Africa",SF,SF03,-27.1667,28.1667,-1278009,0,,,,,,,4,"Roodepoort, Free State, South Africa",SF,SF03,-27.1667,28.1667,-1278009,20160608,http://www.bdlive.co.za/business/mining/2016/06/08/central-rand-gold-pursues-opportunities-in-rest-of-africa
548258561,20160608,201606,2016,2016.4329,AFR,AFRICA,AFR,,,,,,,,BUS,COMPANY,,,,,,BUS,,,0,040,040,04,1,1.0,4,2,4,3.62087826222847,4,"Roodepoort, Free State, South Africa",SF,SF03,-27.1667,28.1667,-1278009,4,"Roodepoort, Free State, South Africa",SF,SF03,-27.1667,28.1667,-1278009,4,"Roodepoort, Free State, South Africa",SF,SF03,-27.1667,28.1667,-1278009,20160608,http://www.bdlive.co.za/business/mining/2016/06/08/central-rand-gold-pursues-opportunities-in-rest-of-africa
548258564,20160608,201606,2016,2016.4329,AFR,AFRICA,AFR,,,,,,,,ZAF,SOUTH AFRICAN,ZAF,,,,,,,,1,020,020,02,1,3.0,4,2,4,3.62087826222847,4,"Roodepoort, Free State, South Africa",SF,SF03,-27.1667,28.1667,-1278009,4,"Roodepoort, Free State, South Africa",SF,SF03,-27.1667,28.1667,-1278009,4,"Roodepoort, Free State, South Africa",SF,SF03,-27.1667,28.1667,-1278009,20160608,http://www.bdlive.co.za/business/mining/2016/06/08/central-rand-gold-pursues-opportunities-in-rest-of-africa
548258672,20160608,201606,2016,2016.4329,BUS,BANK,,,,,,BUS,,,,,,,,,,,,,0,071,071,07,2,7.4,6,1,6,-3.14465408805031,1,Malaysia,MY,MY,2.5,112.5,MY,0,,,,,,,1,Malaysia,MY,MY,2.5,112.5,MY,20160608,http://www.fxnewscall.com/goldman-sachs-faces-probe-over-malaysian-scandal-involving-pm/1941282/
548258698,20160608,201606,2016,2016.4329,BUS,BANK,,,,,,BUS,,,MYS,MALAYSIA,MYS,,,,,,,,0,071,071,07,2,7.4,4,1,4,-3.14465408805031,1,Malaysia,MY,MY,2.5,112.5,MY,1,Malaysia,MY,MY,2.5,112.5,MY,1,Malaysia,MY,MY,2.5,112.5,MY,20160608,http://www.fxnewscall.com/goldman-sachs-faces-probe-over-malaysian-scandal-involving-pm/1941282/
548258741,20160608,201606,2016,2016.4329,CHE,DAVOS,CHE,,,,,,,,MNCUSA,GOLDMAN SACHS,USA,,,,,MNC,,,0,043,043,04,1,2.8,3,1,3,-3.14465408805031,4,"Davos, Switzerland (general), Switzerland",SZ,SZ00,46.8167,9.83333,-2551751,4,"Davos, Switzerland (general), Switzerland",SZ,SZ00,46.8167,9.83333,-2551751,4,"Davos, Switzerland (general), Switzerland",SZ,SZ00,46.8167,9.83333,-2551751,20160608,http://www.fxnewscall.com/goldman-sachs-faces-probe-over-malaysian-scandal-involving-pm/1941282/
548258742,20160608,201606,2016,2016.4329,CHE,DAVOS,CHE,,,,,,,,MNCUSA,GOLDMAN SACHS,USA,,,,,MNC,,,0,043,043,04,1,2.8,1,1,1,-3.14465408805031,1,Singapore,SN,SN,1.3667,103.8,SN,1,Singapore,SN,SN,1.3667,103.8,SN,1,Singapore,SN,SN,1.3667,103.8,SN,20160608,http://www.fxnewscall.com/goldman-sachs-faces-probe-over-malaysian-scandal-involving-pm/1941282/
548259110,20160608,201606,2016,2016.4329,GOV,REGULATOR,,,,,,GOV,,,,,,,,,,,,,1,010,010,01,1,0.0,10,1,10,-3.14465408805031,4,"Davos, Switzerland (general), Switzerland",SZ,SZ00,46.8167,9.83333,-2551751,0,,,,,,,4,"Davos, Switzerland (general), Switzerland",SZ,SZ00,46.8167,9.83333,-2551751,20160608,http://www.fxnewscall.com/goldman-sachs-faces-probe-over-malaysian-scandal-involving-pm/1941282/
548259192,20160608,201606,2016,2016.4329,GOV,PRIME MINISTER,,,,,,GOV,,,MNCUSA,GOLDMAN SACHS,USA,,,,,MNC,,,0,046,046,04,1,7.0,3,1,3,-3.14465408805031,4,"Davos, Switzerland (general), Switzerland",SZ,SZ00,46.8167,9.83333,-2551751,4,"Davos, Switzerland (general), Switzerland",SZ,SZ00,46.8167,9.83333,-2551751,4,"Davos, Switzerland (general), Switzerland",SZ,SZ00,46.8167,9.83333,-2551751,20160608,http://www.fxnewscall.com/goldman-sachs-faces-probe-over-malaysian-scandal-involving-pm/1941282/
548259696,20160608,201606,2016,2016.4329,MNCUSA,GOLDMAN SACHS,USA,,,,,MNC,,,,,,,,,,,,,1,010,010,01,1,0.0,6,1,6,-3.14465408805031,4,"Davos, Switzerland (general), Switzerland",SZ,SZ00,46.8167,9.83333,-2551751,0,,,,,,,4,"Davos, Switzerland (general), Switzerland",SZ,SZ00,46.8167,9.83333,-2551751,20160608,http://www.fxnewscall.com/goldman-sachs-faces-probe-over-malaysian-scandal-involving-pm/1941282/
548259697,20160608,201606,2016,2016.4329,MNCUSA,GOLDMAN SACHS,USA,,,,,MNC,,,,,,,,,,,,,1,010,010,01,1,0.0,2,1,2,-3.14465408805031,4,"Davos, Switzerland (general), Switzerland",SZ,SZ00,46.8167,9.83333,-2551751,0,,,,,,,1,Malaysia,MY,MY,2.5,112.5,MY,20160608,http://www.fxnewscall.com/goldman-sachs-faces-probe-over-malaysian-scandal-involving-pm/1941282/
548259698,20160608,201606,2016,2016.4329,MNCUSA,GOLDMAN SACHS,USA,,,,,MNC,,,,,,,,,,,,,1,010,010,01,1,0.0,2,1,2,-3.14465408805031,1,Malaysia,MY,MY,2.5,112.5,MY,0,,,,,,,1,Malaysia,MY,MY,2.5,112.5,MY,20160608,http://www.fxnewscall.com/goldman-sachs-faces-probe-over-malaysian-scandal-involving-pm/1941282/
548259699,20160608,201606,2016,2016.4329,MNCUSA,GOLDMAN SACHS,USA,,,,,MNC,,,,,,,,,,,,,1,071,071,07,2,7.4,8,1,8,-3.14465408805031,4,"Davos, Switzerland (general), Switzerland",SZ,SZ00,46.8167,9.83333,-2551751,0,,,,,,,1,Malaysia,MY,MY,2.5,112.5,MY,20160608,http://www.fxnewscall.com/goldman-sachs-faces-probe-over-malaysian-scandal-involving-pm/1941282/
548259700,20160608,201606,2016,2016.4329,MNCUSA,GOLDMAN SACHS,USA,,,,,MNC,,,,,,,,,,,,,1,071,071,07,2,7.4,2,1,2,-3.14465408805031,1,Malaysia,MY,MY,2.5,112.5,MY,0,,,,,,,1,Malaysia,MY,MY,2.5,112.5,MY,20160608,http://www.fxnewscall.com/goldman-sachs-faces-probe-over-malaysian-scandal-involving-pm/1941282/
548259705,20160608,201606,2016,2016.4329,MNCUSA,GOLDMAN SACHS,USA,,,,,MNC,,,CHE,DAVOS,CHE,,,,,,,,0,042,042,04,1,1.9,3,1,3,-3.14465408805031,4,"Davos, Switzerland (general), Switzerland",SZ,SZ00,46.8167,9.83333,-2551751,4,"Davos, Switzerland (general), Switzerland",SZ,SZ00,46.8167,9.83333,-2551751,4,"Davos, Switzerland (general), Switzerland",SZ,SZ00,46.8167,9.83333,-2551751,20160608,http://www.fxnewscall.com/goldman-sachs-faces-probe-over-malaysian-scandal-involving-pm/1941282/
548259706,20160608,201606,2016,2016.4329,MNCUSA,GOLDMAN SACHS,USA,,,,,MNC,,,CHE,DAVOS,CHE,,,,,,,,0,042,042,04,1,1.9,1,1,1,-3.14465408805031,1,Singapore,SN,SN,1.3667,103.8,SN,1,Singapore,SN,SN,1.3667,103.8,SN,1,Singapore,SN,SN,1.3667,103.8,SN,20160608,http://www.fxnewscall.com/goldman-sachs-faces-probe-over-malaysian-scandal-involving-pm/1941282/
548259707,20160608,201606,2016,2016.4329,MNCUSA,GOLDMAN SACHS,USA,,,,,MNC,,,GOV,PRIME MINISTER,,,,,,GOV,,,0,046,046,04,1,7.0,3,1,3,-3.14465408805031,4,"Davos, Switzerland (general), Switzerland",SZ,SZ00,46.8167,9.83333,-2551751,4,"Davos, Switzerland (general), Switzerland",SZ,SZ00,46.8167,9.83333,-2551751,4,"Davos, Switzerland (general), Switzerland",SZ,SZ00,46.8167,9.83333,-2551751,20160608,http://www.fxnewscall.com/goldman-sachs-faces-probe-over-malaysian-scandal-involving-pm/1941282/
548259708,20160608,201606,2016,2016.4329,MNCUSA,GOLDMAN SACHS,USA,,,,,MNC,,,GOV,PRIME MINISTER,,,,,,GOV,,,1,128,128,12,3,-5.0,6,1,6,-3.14465408805031,4,"Davos, Switzerland (general), Switzerland",SZ,SZ00,46.8167,9.83333,-2551751,1,Saudi Arabia,SA,SA,25,45,SA,1,Malaysia,MY,MY,2.5,112.5,MY,20160608,http://www.fxnewscall.com/goldman-sachs-faces-probe-over-malaysian-scandal-involving-pm/1941282/
548259709,20160608,201606,2016,2016.4329,MNCUSA,GOLDMAN SACHS,USA,,,,,MNC,,,MYS,MALAYSIA,MYS,,,,,,,,1,128,128,12,3,-5.0,2,1,2,-3.14465408805031,1,Malaysia,MY,MY,2.5,112.5,MY,4,"Davos, Switzerland (general), Switzerland",SZ,SZ00,46.8167,9.83333,-2551751,4,"Davos, Switzerland (general), Switzerland",SZ,SZ00,46.8167,9.83333,-2551751,20160608,http://www.fxnewscall.com/goldman-sachs-faces-probe-over-malaysian-scandal-involving-pm/1941282/
548259710,20160608,201606,2016,2016.4329,MNCUSA,GOLDMAN SACHS,USA,,,,,MNC,,,MYSGOV,MALAYSIA,MYS,,,,,GOV,,,1,128,128,12,3,-5.0,2,1,2,-3.14465408805031,1,Malaysia,MY,MY,2.5,112.5,MY,1,Malaysia,MY,MY,2.5,112.5,MY,1,Malaysia,MY,MY,2.5,112.5,MY,20160608,http://www.fxnewscall.com/goldman-sachs-faces-probe-over-malaysian-scandal-involving-pm/1941282/
548259711,20160608,201606,2016,2016.4329,MNCUSA,GOLDMAN SACHS,USA,,,,,MNC,,,SGP,SINGAPORE,SGP,,,,,,,,0,046,046,04,1,7.0,3,1,3,-3.14465408805031,1,Singapore,SN,SN,1.3667,103.8,SN,1,Singapore,SN,SN,1.3667,103.8,SN,1,Singapore,SN,SN,1.3667,103.8,SN,20160608,http://www.fxnewscall.com/goldman-sachs-faces-probe-over-malaysian-scandal-involving-pm/1941282/
548259771,20160608,201606,2016,2016.4329,NOR,BERGEN,NOR,,,,,,,,,,,,,,,,,,0,071,071,07,2,7.4,5,1,5,3.29113924050633,4,"Roodepoort, Free State, South Africa",SF,SF03,-27.1667,28.1667,-1278009,0,,,,,,,4,"Roodepoort, Free State, South Africa",SF,SF03,-27.1667,28.1667,-1278009,20160608,http://www.bdlive.co.za/business/mining/2016/06/08/central-rand-gold-pursues-opportunities-in-rest-of-africa
548259956,20160608,201606,2016,2016.4329,SGP,SINGAPORE,SGP,,,,,,,,MNCUSA,GOLDMAN SACHS,USA,,,,,MNC,,,0,046,046,04,1,7.0,3,1,3,-3.14465408805031,1,Singapore,SN,SN,1.3667,103.8,SN,1,Singapore,SN,SN,1.3667,103.8,SN,1,Singapore,SN,SN,1.3667,103.8,SN,20160608,http://www.fxnewscall.com/goldman-sachs-faces-probe-over-malaysian-scandal-involving-pm/1941282/
548260532,20160608,201606,2016,2016.4329,ZAF,SOUTH AFRICAN,ZAF,,,,,,,,,,,,,,,,,,1,020,020,02,1,3.0,4,2,4,3.62087826222847,4,"Roodepoort, Free State, South Africa",SF,SF03,-27.1667,28.1667,-1278009,0,,,,,,,4,"Roodepoort, Free State, South Africa",SF,SF03,-27.1667,28.1667,-1278009,20160608,http://www.bdlive.co.za/business/mining/2016/06/08/central-rand-gold-pursues-opportunities-in-rest-of-africa
548260534,20160608,201606,2016,2016.4329,ZAF,SOUTH AFRICAN,ZAF,,,,,,,,AFR,AFRICA,AFR,,,,,,,,1,020,020,02,1,3.0,4,2,4,3.62087826222847,4,"Roodepoort, Free State, South Africa",SF,SF03,-27.1667,28.1667,-1278009,4,"Roodepoort, Free State, South Africa",SF,SF03,-27.1667,28.1667,-1278009,4,"Roodepoort, Free State, South Africa",SF,SF03,-27.1667,28.1667,-1278009,20160608,http://www.bdlive.co.za/business/mining/2016/06/08/central-rand-gold-pursues-opportunities-in-rest-of-africa
548260569,20160509,201605,2016,2016.3534,BUS,TRADER,,,,,,BUS,,,,,,,,,,,,,1,125,125,12,3,-5.0,10,1,10,1.26182965299684,4,"London, London, City of, United Kingdom",UK,UKH9,51.5,-0.116667,-2601889,0,,,,,,,4,"London, London, City of, United Kingdom",UK,UKH9,51.5,-0.116667,-2601889,20160608,http://www.businesstimes.com.sg:80/energy-commodities/gold-climbs-as-investors-weigh-fed-rates-pause-in-china-buying
548260570,20160509,201605,2016,2016.3534,BUS,TRADER,,,,,,BUS,,,,,,,,,,,,,1,125,125,12,3,-5.0,10,1,10,1.26182965299684,1,Singapore,SN,SN,1.3667,103.8,SN,0,,,,,,,1,China,CH,CH,35,105,CH,20160608,http://www.businesstimes.com.sg:80/energy-commodities/gold-climbs-as-investors-weigh-fed-rates-pause-in-china-buying
548260942,20160608,201606,2016,2016.4329,BUS,INVESTOR,,,,,,BUS,,,CHN,CHINA,CHN,,,,,,,,1,060,060,06,2,6.0,10,1,10,1.26182965299684,4,"London, London, City of, United Kingdom",UK,UKH9,51.5,-0.116667,-2601889,4,"London, London, City of, United Kingdom",UK,UKH9,51.5,-0.116667,-2601889,4,"London, London, City of, United Kingdom",UK,UKH9,51.5,-0.116667,-2601889,20160608,http://www.businesstimes.com.sg:80/energy-commodities/gold-climbs-as-investors-weigh-fed-rates-pause-in-china-buying
548268444,20160608,201606,2016,2016.4329,,,,,,,,,,,COP,POLICE,,,,,,COP,,,1,020,020,02,1,3.0,5,1,5,-5.43130990415335,0,,,,,,,1,Ghana,GH,GH,8,-2,GH,1,Ghana,GH,GH,8,-2,GH,20160608,http://www.goldcoastbulletin.com.au/news/crime-court/gold-coast-court-to-be-asked-to-order-pit-bull-dog-be-put-down-as-owner-sentenced-over-animal-cruelty/news-story/259d421f453a209683dc82f66a936a0d?nk=49bf6f49f42c6188b8aa98d9abcd5bef-1465364869
548268822,20160608,201606,2016,2016.4329,BUS,COMPANY,,,,,,BUS,,,,,,,,,,,,,1,071,071,07,2,7.4,2,1,2,3.17460317460318,4,"Washihi, Al Mintaqah ash Sharqiyah, Oman",MU,MU04,22.5728,58.1928,-789315,0,,,,,,,4,"Washihi, Al Mintaqah ash Sharqiyah, Oman",MU,MU04,22.5728,58.1928,-789315,20160608,http://www.proactiveinvestors.com.au/companies/news/69114/alara-resources-ltd-to-add-to-al-hadeetha-copper-gold-resource-oman--69114.html
548268823,20160608,201606,2016,2016.4329,BUS,COMPANY,,,,,,BUS,,,,,,,,,,,,,1,071,071,07,2,7.4,2,1,2,3.17460317460318,4,"Washihi, Al Mintaqah ash Sharqiyah, Oman",MU,MU04,22.5728,58.1928,-789315,0,,,,,,,1,Australia,AS,AS,-27,133,AS,20160608,http://www.proactiveinvestors.com.au/companies/news/69114/alara-resources-ltd-to-add-to-al-hadeetha-copper-gold-resource-oman--69114.html
548269082,20160608,201606,2016,2016.4329,CVL,VOTER,,,,,,CVL,,,LEG,SENATE,,,,,,LEG,,,1,051,051,05,1,3.4,15,2,15,1.588644865005,0,,,,,,,0,,,,,,,0,,,,,,,20160608,http://www.postandcourier.com/20160608/160609447/goldfinch-for-senate-district-34
548269570,20160608,201606,2016,2016.4329,JUD,LAWYER,,,,,,JUD,,,,,,,,,,,,,0,080,080,08,2,5.0,6,1,6,-5.43130990415335,1,Ghana,GH,GH,8,-2,GH,0,,,,,,,1,Ghana,GH,GH,8,-2,GH,20160608,http://www.goldcoastbulletin.com.au/news/crime-court/gold-coast-court-to-be-asked-to-order-pit-bull-dog-be-put-down-as-owner-sentenced-over-animal-cruelty/news-story/259d421f453a209683dc82f66a936a0d?nk=49bf6f49f42c6188b8aa98d9abcd5bef-1465364869
548269838,20160608,201606,2016,2016.4329,OPP,OPPOSITION LEADER,,,,,,OPP,,,AUS,BRISBANE,AUS,,,,,,,,1,111,111,11,3,-2.0,40,4,40,-2.85714285714286,4,"Brisbane, Queensland, Australia",AS,AS04,-27.5,153.017,-1561728,4,"Brisbane, Queensland, Australia",AS,AS04,-27.5,153.017,-1561728,4,"Brisbane, Queensland, Australia",AS,AS04,-27.5,153.017,-1561728,20160608,http://www.goldcoastbulletin.com.au/news/national/federal-election/2016-federal-election-rolling-coverage-of-the-campaign-day-31/news-story/9d3ffa7c2da7fd448f366384eef889c9?nk=1f97084e6f30a3a3b471f40ef79b0e42-1465364831
548269839,20160608,201606,2016,2016.4329,OPP,OPPOSITION LEADER,,,,,,OPP,,,AUS,BRISBANE,AUS,,,,,,,,1,125,125,12,3,-5.0,40,4,40,-2.85714285714286,4,"Brisbane, Queensland, Australia",AS,AS04,-27.5,153.017,-1561728,4,"Brisbane, Queensland, Australia",AS,AS04,-27.5,153.017,-1561728,4,"Brisbane, Queensland, Australia",AS,AS04,-27.5,153.017,-1561728,20160608,http://www.goldcoastbulletin.com.au/news/national/federal-election/2016-federal-election-rolling-coverage-of-the-campaign-day-31/news-story/9d3ffa7c2da7fd448f366384eef889c9?nk=1f97084e6f30a3a3b471f40ef79b0e42-1465364831
548272047,20160608,201606,2016,2016.4329,BUS,PRODUCER,,,,,,BUS,,,USA,UNITED STATES,USA,,,,,,,,0,046,046,04,1,7.0,2,1,2,2.44239631336406,4,"Toronto, Ontario, Canada",CA,CA08,43.6667,-79.4167,-574890,1,United States,US,US,38,-97,US,4,"Toronto, Ontario, Canada",CA,CA08,43.6667,-79.4167,-574890,20160608,https://www.twst.com/update/fortuna-silver-mines-inc-fortuna-to-acquire-goldrock-mines-corp-sourcing-continued-low-cost-precious-metals-production-growth/
548272048,20160608,201606,2016,2016.4329,BUS,PRODUCER,,,,,,BUS,,,USA,UNITED STATES,USA,,,,,,,,1,046,046,04,1,7.0,33,7,29,1.55912279010192,1,United States,US,US,38,-97,US,1,United States,US,US,38,-97,US,1,United States,US,US,38,-97,US,20160608,https://www.twst.com/update/fortuna-silver-mines-inc-fortuna-to-acquire-goldrock-mines-corp-sourcing-continued-low-cost-precious-metals-production-growth/
548273067,20160608,201606,2016,2016.4329,USA,UNITED STATES,USA,,,,,,,,BUS,PRODUCER,,,,,,BUS,,,0,046,046,04,1,7.0,4,1,4,2.44239631336406,4,"Lindero, Lambayeque, Peru",PE,PE14,-6.15222,-79.68,-352709,4,"Toronto, Ontario, Canada",CA,CA08,43.6667,-79.4167,-574890,4,"Toronto, Ontario, Canada",CA,CA08,43.6667,-79.4167,-574890,20160608,https://www.twst.com/update/fortuna-silver-mines-inc-fortuna-to-acquire-goldrock-mines-corp-sourcing-continued-low-cost-precious-metals-production-growth/
548274779,20160608,201606,2016,2016.4329,,,,,,,,,,,JAM,JAMAICA,JAM,,,,,,,,0,100,100,10,3,-5.0,4,1,4,1.09649122807017,0,,,,,,,4,"August Town, Saint Catherine, Jamaica",JM,JM10,17.991,-76.7399,-3750773,4,"August Town, Saint Catherine, Jamaica",JM,JM10,17.991,-76.7399,-3750773,20160608,http://www.jamaicaobserver.com/news/Golding--Campbell-lock-horns-over-St-Andrew-Southern-seat_63164
548274794,20160608,201606,2016,2016.4329,,,,,,,,,,,LEG,DELEGATE,,,,,,LEG,,,0,041,041,04,1,1.0,5,1,5,1.09649122807017,0,,,,,,,4,"August Town, Saint Catherine, Jamaica",JM,JM10,17.991,-76.7399,-3750773,4,"August Town, Saint Catherine, Jamaica",JM,JM10,17.991,-76.7399,-3750773,20160608,http://www.jamaicaobserver.com/news/Golding--Campbell-lock-horns-over-St-Andrew-Southern-seat_63164
548275883,20160608,201606,2016,2016.4329,LEG,DELEGATE,,,,,,LEG,,,,,,,,,,,,,0,041,041,04,1,1.0,5,1,5,1.09649122807017,4,"August Town, Saint Catherine, Jamaica",JM,JM10,17.991,-76.7399,-3750773,0,,,,,,,4,"August Town, Saint Catherine, Jamaica",JM,JM10,17.991,-76.7399,-3750773,20160608,http://www.jamaicaobserver.com/news/Golding--Campbell-lock-horns-over-St-Andrew-Southern-seat_63164
548277922,20160608,201606,2016,2016.4329,,,,,,,,,,,MED,WEBSITE,,,,,,MED,,,1,036,036,03,1,4.0,10,1,10,2.33074361820199,0,,,,,,,5,"East Kazakhstan, Shyghys Qazaqstan, Kazakhstan",KZ,KZ15,48.5,82,-2346070,5,"East Kazakhstan, Shyghys Qazaqstan, Kazakhstan",KZ,KZ15,48.5,82,-2346070,20160608,http://www.investegate.co.uk/goldbridges-gbl-res--gbgr-/bus/company-update/20160608072900Z0445/
548277923,20160608,201606,2016,2016.4329,,,,,,,,,,,MED,WEBSITE,,,,,,MED,,,1,036,036,03,1,4.0,10,1,10,2.02247191011236,0,,,,,,,4,"Luika, Mbeya, Tanzania",TZ,TZ09,-8.35,32.9333,-2566986,4,"Luika, Mbeya, Tanzania",TZ,TZ09,-8.35,32.9333,-2566986,20160608,http://www.investegate.co.uk/shanta-gold-limited--shg-/rns/completion-of-convertible-loan-note-restructuring/201606080700095631A/
548278952,20160608,201606,2016,2016.4329,MED,WEBSITE,,,,,,MED,,,,,,,,,,,,,1,036,036,03,1,4.0,10,1,10,2.33074361820199,5,"East Kazakhstan, Shyghys Qazaqstan, Kazakhstan",KZ,KZ15,48.5,82,-2346070,0,,,,,,,5,"East Kazakhstan, Shyghys Qazaqstan, Kazakhstan",KZ,KZ15,48.5,82,-2346070,20160608,http://www.investegate.co.uk/goldbridges-gbl-res--gbgr-/bus/company-update/20160608072900Z0445/
548278953,20160608,201606,2016,2016.4329,MED,WEBSITE,,,,,,MED,,,,,,,,,,,,,1,036,036,03,1,4.0,10,1,10,2.02247191011236,4,"Luika, Mbeya, Tanzania",TZ,TZ09,-8.35,32.9333,-2566986,0,,,,,,,4,"Luika, Mbeya, Tanzania",TZ,TZ09,-8.35,32.9333,-2566986,20160608,http://www.investegate.co.uk/shanta-gold-limited--shg-/rns/completion-of-convertible-loan-note-restructuring/201606080700095631A/
548280960,20160608,201606,2016,2016.4329,,,,,,,,,,,BUS,COMPANY,,,,,,BUS,,,0,190,190,19,4,-10.0,18,3,18,-9.18056543679061,0,,,,,,,1,Ghana,GH,GH,8,-2,GH,1,Ghana,GH,GH,8,-2,GH,20160608,http://www.ghanaweb.com/GhanaHomePage/business/AngloGold-suit-against-gov-t-unnecessary-Ayikoi-Otoo-445717
548281229,20160608,201606,2016,2016.4329,BUS,COMPANY,,,,,,BUS,,,GHA,GHANA,GHA,,,,,,,,0,190,190,19,4,-10.0,12,3,12,-9.18056543679061,1,Ghana,GH,GH,8,-2,GH,1,Ghana,GH,GH,8,-2,GH,1,Ghana,GH,GH,8,-2,GH,20160608,http://www.ghanaweb.com/GhanaHomePage/business/AngloGold-suit-against-gov-t-unnecessary-Ayikoi-Otoo-445717
548281233,20160608,201606,2016,2016.4329,BUS,COMPANY,,,,,,BUS,,,GOV,GOVERNMENT,,,,,,GOV,,,1,042,042,04,1,1.9,25,3,25,-9.18056543679061,1,Ghana,GH,GH,8,-2,GH,1,Ghana,GH,GH,8,-2,GH,1,Ghana,GH,GH,8,-2,GH,20160608,http://www.ghanaweb.com/GhanaHomePage/business/AngloGold-suit-against-gov-t-unnecessary-Ayikoi-Otoo-445717
548281635,20160608,201606,2016,2016.4329,GHA,GHANA,GHA,,,,,,,,CVL,SETTLEMENT,,,,,,CVL,,,1,010,010,01,1,0.0,8,2,8,-2.32415337189873,1,Ghana,GH,GH,8,-2,GH,1,Ghana,GH,GH,8,-2,GH,1,Ghana,GH,GH,8,-2,GH,20160608,http://www.ghanaweb.com/GhanaHomePage/business/AngloGold-suit-against-gov-t-unnecessary-Ayikoi-Otoo-445717
548281636,20160608,201606,2016,2016.4329,GHA,GHANA,GHA,,,,,,,,GOV,GOVERNMENT,,,,,,GOV,,,1,173,173,17,4,-5.0,4,1,4,-9.6551724137931,1,Ghana,GH,GH,8,-2,GH,1,Ghana,GH,GH,8,-2,GH,1,Ghana,GH,GH,8,-2,GH,20160608,http://www.ghanaweb.com/GhanaHomePage/business/AngloGold-suit-against-gov-t-unnecessary-Ayikoi-Otoo-445717
548281693,20160608,201606,2016,2016.4329,GOV,GOVERNMENT,,,,,,GOV,,,BUS,COMPANY,,,,,,BUS,,,1,043,043,04,1,2.8,25,3,25,-9.18056543679061,1,Ghana,GH,GH,8,-2,GH,1,Ghana,GH,GH,8,-2,GH,1,Ghana,GH,GH,8,-2,GH,20160608,http://www.ghanaweb.com/GhanaHomePage/business/AngloGold-suit-against-gov-t-unnecessary-Ayikoi-Otoo-445717
548282172,20160608,201606,2016,2016.4329,MNCUSA,GOLDMAN SACHS,USA,,,,,MNC,,,,,,,,,,,,,1,071,071,07,2,7.4,15,2,15,-2.7172488765081,4,"Kuala Lumpur, Kuala Lumpur, Malaysia",MY,MY14,3.16667,101.7,-2403010,0,,,,,,,4,"Kuala Lumpur, Kuala Lumpur, Malaysia",MY,MY14,3.16667,101.7,-2403010,20160608,http://www.bignewsnetwork.com/news/244754791/goldman-sachs-under-investigator-eye-for-1mdb-fund-scandal
548282182,20160608,201606,2016,2016.4329,MNCZAF,ANGLOGOLD ASHANTI,ZAF,,,,,MNC,,,CVL,SETTLEMENT,,,,,,CVL,,,1,010,010,01,1,0.0,26,3,26,-9.18056543679061,1,Ghana,GH,GH,8,-2,GH,1,Ghana,GH,GH,8,-2,GH,1,Ghana,GH,GH,8,-2,GH,20160608,http://www.ghanaweb.com/GhanaHomePage/business/AngloGold-suit-against-gov-t-unnecessary-Ayikoi-Otoo-445717
548282183,20160608,201606,2016,2016.4329,MNCZAF,ANGLOGOLD ASHANTI,ZAF,,,,,MNC,,,GOV,GOVERNMENT,,,,,,GOV,,,1,173,173,17,4,-5.0,26,3,26,-9.18056543679061,1,Ghana,GH,GH,8,-2,GH,1,Ghana,GH,GH,8,-2,GH,1,Ghana,GH,GH,8,-2,GH,20160608,http://www.ghanaweb.com/GhanaHomePage/business/AngloGold-suit-against-gov-t-unnecessary-Ayikoi-Otoo-445717
548285724,20160608,201606,2016,2016.4329,MLI,MALI,MLI,,,,,,,,,,,,,,,,,,1,010,010,01,1,0.0,4,1,4,0.485436893203883,4,"Morila, Koulikoro, Mali",ML,ML07,12.2027,-6.6399,-1071994,0,,,,,,,4,"Morila, Koulikoro, Mali",ML,ML07,12.2027,-6.6399,-1071994,20160608,http://www.tickerreport.com/banking-finance/1841295/randgold-resources-limited-rrs-stock-rating-reaffirmed-by-deutsche-bank/
548285737,20160608,201606,2016,2016.4329,MNCCAN,YAMANA GOLD,CAN,,,,,MNC,,,,,,,,,,,,,1,010,010,01,1,0.0,10,1,10,4.85714285714286,1,Chile,CI,CI,-30,-71,CI,0,,,,,,,1,Chile,CI,CI,-30,-71,CI,20160608,http://www.tickerreport.com/banking-finance/1841276/yamana-gold-inc-tseyri-given-consensus-recommendation-of-hold-by-brokerages/
548285745,20160608,201606,2016,2016.4329,MNCGBR,RANDGOLD RESOURCES,GBR,,,,,MNC,,,,,,,,,,,,,0,010,010,01,1,0.0,10,1,10,0.485436893203883,4,"Loulo, Kayes, Mali",ML,ML03,13.0672,-11.3722,-1071268,0,,,,,,,4,"Loulo, Kayes, Mali",ML,ML03,13.0672,-11.3722,-1071268,20160608,http://www.tickerreport.com/banking-finance/1841295/randgold-resources-limited-rrs-stock-rating-reaffirmed-by-deutsche-bank/
548285746,20160608,201606,2016,2016.4329,MNCGBR,RANDGOLD RESOURCES,GBR,,,,,MNC,,,MNCDEU,DEUTSCHE BANK,DEU,,,,,MNC,,,1,010,010,01,1,0.0,10,1,10,0.485436893203883,4,"Loulo, Kayes, Mali",ML,ML03,13.0672,-11.3722,-1071268,4,"Loulo, Kayes, Mali",ML,ML03,13.0672,-11.3722,-1071268,4,"Loulo, Kayes, Mali",ML,ML03,13.0672,-11.3722,-1071268,20160608,http://www.tickerreport.com/banking-finance/1841295/randgold-resources-limited-rrs-stock-rating-reaffirmed-by-deutsche-bank/
548288256,20160608,201606,2016,2016.4329,AUS,NEW SOUTH WALES,AUS,,,,,,,,BUS,COMPANY,,,,,,BUS,,,1,020,020,02,1,3.0,10,1,10,3.92156862745098,3,"Clayton Valley, Nevada, United States",US,USNV,37.7435,-117.591,856212,3,"Clayton Valley, Nevada, United States",US,USNV,37.7435,-117.591,856212,3,"Clayton Valley, Nevada, United States",US,USNV,37.7435,-117.591,856212,20160608,http://www.proactiveinvestors.com.au/companies/news/69109/sovereign-gold-company-ltd-to-provide-update-on-clayton-valley-lithium-project--69109.html
548293090,20160608,201606,2016,2016.4329,MNCSEA,AIRASIA,SEA,,,,,MNC,,,NRMRAC020,CREATIVITY,,,,NRM,,,,,1,051,051,05,1,3.4,30,3,30,9.83726732985344,4,"Kuala Lumpur, Kuala Lumpur, Malaysia",MY,MY14,3.16667,101.7,-2403010,4,"Kuala Lumpur, Kuala Lumpur, Malaysia",MY,MY14,3.16667,101.7,-2403010,4,"Kuala Lumpur, Kuala Lumpur, Malaysia",MY,MY14,3.16667,101.7,-2403010,20160608,http://english.astroawani.com/business-news/airasia-bags-gold-astrid-award-event-107550
548293091,20160608,201606,2016,2016.4329,MNCSEA,AIRASIA,SEA,,,,,MNC,,,USA,NEW YORK,USA,,,,,,,,1,014,014,01,1,0.0,30,3,30,9.83726732985344,4,"Kuala Lumpur, Kuala Lumpur, Malaysia",MY,MY14,3.16667,101.7,-2403010,4,"Kuala Lumpur, Kuala Lumpur, Malaysia",MY,MY14,3.16667,101.7,-2403010,4,"Kuala Lumpur, Kuala Lumpur, Malaysia",MY,MY14,3.16667,101.7,-2403010,20160608,http://english.astroawani.com/business-news/airasia-bags-gold-astrid-award-event-107550
548295542,20160608,201606,2016,2016.4329,AUS,AUSTRALIAN,AUS,,,,,,,,BUS,INDUSTRY,,,,,,BUS,,,0,071,071,07,2,7.4,3,1,3,-2.8023598820059,4,"Melbourne, Victoria, Australia",AS,AS07,-37.8167,144.967,-1586844,4,"Melbourne, Victoria, Australia",AS,AS07,-37.8167,144.967,-1586844,1,China,CH,CH,35,105,CH,20160608,http://www.goldcoastbulletin.com.au/business/australias-richest-man-gold-coast-developer-harry-triguboff-says-unions-exploit-weak-bosses/news-story/781bb0d598a4e879ed5a29410a3636fc?nk=cbb9d04e315ea2054bdf502028d4b940-1465372138
548295543,20160608,201606,2016,2016.4329,AUS,AUSTRALIAN,AUS,,,,,,,,CHN,CHINESE,CHN,,,,,,,,0,130,130,13,3,-4.4,3,1,3,-2.8023598820059,4,"Melbourne, Victoria, Australia",AS,AS07,-37.8167,144.967,-1586844,1,China,CH,CH,35,105,CH,1,China,CH,CH,35,105,CH,20160608,http://www.goldcoastbulletin.com.au/business/australias-richest-man-gold-coast-developer-harry-triguboff-says-unions-exploit-weak-bosses/news-story/781bb0d598a4e879ed5a29410a3636fc?nk=cbb9d04e315ea2054bdf502028d4b940-1465372138
548295667,20160608,201606,2016,2016.4329,BUS,BOSS,,,,,,BUS,,,,,,,,,,,,,1,112,112,11,3,-2.0,4,1,4,-2.8023598820059,1,Ghana,GH,GH,8,-2,GH,0,,,,,,,1,Ghana,GH,GH,8,-2,GH,20160608,http://www.goldcoastbulletin.com.au/business/australias-richest-man-gold-coast-developer-harry-triguboff-says-unions-exploit-weak-bosses/news-story/781bb0d598a4e879ed5a29410a3636fc?nk=cbb9d04e315ea2054bdf502028d4b940-1465372138
548296192,20160608,201606,2016,2016.4329,GHA,GHANA,GHA,,,,,,,,CHN,CHINESE,CHN,,,,,,,,0,130,130,13,3,-4.4,1,1,1,-2.8023598820059,1,Ghana,GH,GH,8,-2,GH,1,China,CH,CH,35,105,CH,1,China,CH,CH,35,105,CH,20160608,http://www.goldcoastbulletin.com.au/business/australias-richest-man-gold-coast-developer-harry-triguboff-says-unions-exploit-weak-bosses/news-story/781bb0d598a4e879ed5a29410a3636fc?nk=cbb9d04e315ea2054bdf502028d4b940-1465372138
548296193,20160608,201606,2016,2016.4329,GHA,GHANA,GHA,,,,,,,,CHN,CHINESE,CHN,,,,,,,,0,130,130,13,3,-4.4,1,1,1,-2.8023598820059,1,Ghana,GH,GH,8,-2,GH,1,Ghana,GH,GH,8,-2,GH,1,Ghana,GH,GH,8,-2,GH,20160608,http://www.goldcoastbulletin.com.au/business/australias-richest-man-gold-coast-developer-harry-triguboff-says-unions-exploit-weak-bosses/news-story/781bb0d598a4e879ed5a29410a3636fc?nk=cbb9d04e315ea2054bdf502028d4b940-1465372138
548300729,20160608,201606,2016,2016.4329,MNCSEA,AIRASIA,SEA,,,,,MNC,,,NRMRAC020,CREATIVITY,,,,NRM,,,,,1,051,051,05,1,3.4,10,1,10,10.7142857142857,0,,,,,,,0,,,,,,,0,,,,,,,20160608,http://malaysiandigest.com/business/615529-airasia-bags-gold-at-astrid-award-event.html
548300730,20160608,201606,2016,2016.4329,MNCSEA,AIRASIA,SEA,,,,,MNC,,,USA,NEW YORK,USA,,,,,,,,1,014,014,01,1,0.0,10,1,10,10.7142857142857,0,,,,,,,0,,,,,,,0,,,,,,,20160608,http://malaysiandigest.com/business/615529-airasia-bags-gold-at-astrid-award-event.html
548303299,20160608,201606,2016,2016.4329,,,,,,,,,,,USA,UNITED STATES,USA,,,,,,,,1,040,040,04,1,1.0,6,1,6,1.96078431372549,0,,,,,,,3,"Kern County, California, United States",US,USCA,35.2961,-118.668,2054176,3,"Kern County, California, United States",US,USCA,35.2961,-118.668,2054176,20160608,http://www.kerngoldenempire.com/news/presidential-primary-in-california
548303313,20160608,201606,2016,2016.4329,,,,,,,,,,,USA,UNITED STATES,USA,,,,,,,,1,046,046,04,1,7.0,4,1,4,1.7286084701815,0,,,,,,,2,"Illinois, United States",US,USIL,40.3363,-89.0022,IL,2,"Illinois, United States",US,USIL,40.3363,-89.0022,IL,20160608,http://www.rollcall.com/news/politics/sanders-state-not-golden
548304636,20160608,201606,2016,2016.4329,MNCGBRHLH,GLAXOSMITHKLINE,GBR,,,,,MNC,HLH,,BUS,BUSINESS,,,,,,BUS,,,1,010,010,01,1,0.0,5,1,5,0.811359026369168,0,,,,,,,0,,,,,,,0,,,,,,,20160608,http://www.dailypolitical.com/2016/06/08/goldman-sachs-reiterates-gbx-1800-price-target-for-glaxosmithkline-plc-gsk/
548305030,20160608,201606,2016,2016.4329,USA,UNITED STATES,USA,,,,,,,,,,,,,,,,,,1,046,046,04,1,7.0,92,2,66,-0.66100776533902,2,"Illinois, United States",US,USIL,40.3363,-89.0022,IL,0,,,,,,,2,"Illinois, United States",US,USIL,40.3363,-89.0022,IL,20160608,http://www.rollcall.com/news/politics/sanders-state-not-golden
548305171,20160608,201606,2016,2016.4329,USA,UNITED STATES,USA,,,,,,,,MNCJPN,HONDA,JPN,,,,,MNC,,,0,110,110,11,3,-2.0,4,1,4,1.73010510089162,2,"California, United States",US,USCA,36.17,-119.746,CA,2,"California, United States",US,USCA,36.17,-119.746,CA,2,"California, United States",US,USCA,36.17,-119.746,CA,20160608,http://www.rollcall.com/news/politics/sanders-state-not-golden
548305176,20160608,201606,2016,2016.4329,USA,CALIFORNIA,USA,,,,,,,,PTY,DEMOCRATIC PARTY,,,,,,,,,1,030,030,03,1,4.0,9,1,9,1.73010510089162,2,"California, United States",US,USCA,36.17,-119.746,CA,2,"California, United States",US,USCA,36.17,-119.746,CA,2,"California, United States",US,USCA,36.17,-119.746,CA,20160608,http://www.rollcall.com/news/politics/sanders-state-not-golden
548305340,20160509,201605,2016,2016.3534,,,,,,,,,,,BUS,BOSS,,,,,,BUS,,,1,173,173,17,4,-5.0,10,1,10,-2.17391304347826,0,,,,,,,2,"Texas, United States",US,USTX,31.106,-97.6475,TX,2,"Texas, United States",US,USTX,31.106,-97.6475,TX,20160608,http://www.dailymail.co.uk/news/article-3630795/Frito-Lay-recalling-Rold-Gold-snacks-danger-peanut-contamination.html
548305478,20160608,201606,2016,2016.4329,,,,,,,,,,,GHAJUD,GHANA,GHA,,,,,JUD,,,0,040,040,04,1,1.0,2,1,2,-4.06976744186047,0,,,,,,,1,Ghana,GH,GH,8,-2,GH,1,Ghana,GH,GH,8,-2,GH,20160608,http://www.abc.net.au/news/2016-06-08/gold-coast-mother-accused-of-killing-newborn-son-denied-bail/7494126
548305499,20160608,201606,2016,2016.4329,,,,,,,,,,,JUD,PROSECUTOR,,,,,,JUD,,,0,040,040,04,1,1.0,8,1,8,-4.06976744186047,0,,,,,,,1,Ghana,GH,GH,8,-2,GH,1,Ghana,GH,GH,8,-2,GH,20160608,http://www.abc.net.au/news/2016-06-08/gold-coast-mother-accused-of-killing-newborn-son-denied-bail/7494126
548305664,20160608,201606,2016,2016.4329,AUS,AUSTRALIA,AUS,,,,,,,,,,,,,,,,,,1,014,014,01,1,0.0,2,1,2,-4.06976744186047,1,Ghana,GH,GH,8,-2,GH,0,,,,,,,1,Ghana,GH,GH,8,-2,GH,20160608,http://www.abc.net.au/news/2016-06-08/gold-coast-mother-accused-of-killing-newborn-son-denied-bail/7494126
548306088,20160608,201606,2016,2016.4329,GHAJUD,GHANA,GHA,,,,,JUD,,,,,,,,,,,,,0,040,040,04,1,1.0,2,1,2,-4.06976744186047,1,Ghana,GH,GH,8,-2,GH,0,,,,,,,1,Ghana,GH,GH,8,-2,GH,20160608,http://www.abc.net.au/news/2016-06-08/gold-coast-mother-accused-of-killing-newborn-son-denied-bail/7494126
548306350,20160608,201606,2016,2016.4329,JUD,LAWYER,,,,,,JUD,,,,,,,,,,,,,1,010,010,01,1,0.0,4,1,4,-4.06976744186047,4,"Brisbane, Queensland, Australia",AS,AS04,-27.5,153.017,-1561728,0,,,,,,,4,"Brisbane, Queensland, Australia",AS,AS04,-27.5,153.017,-1561728,20160608,http://www.abc.net.au/news/2016-06-08/gold-coast-mother-accused-of-killing-newborn-son-denied-bail/7494126
548306351,20160608,201606,2016,2016.4329,JUD,LAWYER,,,,,,JUD,,,,,,,,,,,,,1,010,010,01,1,0.0,16,2,16,-2.59458521346754,1,Ghana,GH,GH,8,-2,GH,0,,,,,,,1,Ghana,GH,GH,8,-2,GH,20160608,http://www.abc.net.au/news/2016-06-08/gold-coast-mother-accused-of-killing-newborn-son-denied-bail/7494126
548306356,20160608,201606,2016,2016.4329,JUD,PROSECUTOR,,,,,,JUD,,,,,,,,,,,,,0,040,040,04,1,1.0,8,1,8,-4.06976744186047,1,Ghana,GH,GH,8,-2,GH,0,,,,,,,1,Ghana,GH,GH,8,-2,GH,20160608,http://www.abc.net.au/news/2016-06-08/gold-coast-mother-accused-of-killing-newborn-son-denied-bail/7494126
548306548,20160608,201606,2016,2016.4329,MNCUSA,PEPSICO,USA,,,,,MNC,,,BUS,COMPANY,,,,,,BUS,,,1,010,010,01,1,0.0,5,1,5,-2.17391304347826,2,"Texas, United States",US,USTX,31.106,-97.6475,TX,2,"Texas, United States",US,USTX,31.106,-97.6475,TX,2,"Texas, United States",US,USTX,31.106,-97.6475,TX,20160608,http://www.dailymail.co.uk/news/article-3630795/Frito-Lay-recalling-Rold-Gold-snacks-danger-peanut-contamination.html
548310622,20160608,201606,2016,2016.4329,,,,,,,,,,,CVL,RESIDENTS,,,,,,CVL,,,0,031,031,03,1,5.2,5,1,5,-1.16239316239316,0,,,,,,,3,"Pine Grove, Pennsylvania, United States",US,USPA,40.3823,-77.4442,1183793,3,"Pine Grove, Pennsylvania, United States",US,USPA,40.3823,-77.4442,1183793,20160608,http://republicanherald.com/news/golden-years-tarnished-residents-of-pine-grove-elderly-housing-want-changes-transparency-1.2052528
548310625,20160608,201606,2016,2016.4329,,,,,,,,,,,CVL,TENANTS,,,,,,CVL,,,0,040,040,04,1,1.0,8,1,8,-1.16239316239316,0,,,,,,,3,"Pine Grove, Pennsylvania, United States",US,USPA,40.3823,-77.4442,1183793,3,"Pine Grove, Pennsylvania, United States",US,USPA,40.3823,-77.4442,1183793,20160608,http://republicanherald.com/news/golden-years-tarnished-residents-of-pine-grove-elderly-housing-want-changes-transparency-1.2052528
548310629,20160608,201606,2016,2016.4329,,,,,,,,,,,CVL,RESIDENTS,,,,,,CVL,,,0,100,100,10,3,-5.0,3,1,3,-1.16239316239316,0,,,,,,,3,"Pine Grove, Pennsylvania, United States",US,USPA,40.3823,-77.4442,1183793,3,"Pine Grove, Pennsylvania, United States",US,USPA,40.3823,-77.4442,1183793,20160608,http://republicanherald.com/news/golden-years-tarnished-residents-of-pine-grove-elderly-housing-want-changes-transparency-1.2052528
548310722,20160608,201606,2016,2016.4329,,,,,,,,,,,USA,UNITED STATES,USA,,,,,,,,0,042,042,04,1,1.9,4,1,4,-1.16239316239316,0,,,,,,,3,"Pine Grove, Pennsylvania, United States",US,USPA,40.3823,-77.4442,1183793,3,"Pine Grove, Pennsylvania, United States",US,USPA,40.3823,-77.4442,1183793,20160608,http://republicanherald.com/news/golden-years-tarnished-residents-of-pine-grove-elderly-housing-want-changes-transparency-1.2052528
548310882,20160608,201606,2016,2016.4329,BUS,BUSINESS,,,,,,BUS,,,,,,,,,,,,,0,010,010,01,1,0.0,3,1,3,-1.16239316239316,3,"Pine Grove, Pennsylvania, United States",US,USPA,40.3823,-77.4442,1183793,0,,,,,,,3,"Pine Grove, Pennsylvania, United States",US,USPA,40.3823,-77.4442,1183793,20160608,http://republicanherald.com/news/golden-years-tarnished-residents-of-pine-grove-elderly-housing-want-changes-transparency-1.2052528
548310926,20160608,201606,2016,2016.4329,BUS,BUSINESS,,,,,,BUS,,,USA,UNITED STATES,USA,,,,,,,,0,010,010,01,1,0.0,1,1,1,-1.16239316239316,3,"Pine Grove, Pennsylvania, United States",US,USPA,40.3823,-77.4442,1183793,3,"Pine Grove, Pennsylvania, United States",US,USPA,40.3823,-77.4442,1183793,3,"Pine Grove, Pennsylvania, United States",US,USPA,40.3823,-77.4442,1183793,20160608,http://republicanherald.com/news/golden-years-tarnished-residents-of-pine-grove-elderly-housing-want-changes-transparency-1.2052528
548310933,20160608,201606,2016,2016.4329,BUS,BUSINESS,,,,,,BUS,,,USA,UNITED STATES,USA,,,,,,,,0,046,046,04,1,7.0,1,1,1,-1.16239316239316,3,"Pine Grove, Pennsylvania, United States",US,USPA,40.3823,-77.4442,1183793,3,"Pine Grove, Pennsylvania, United States",US,USPA,40.3823,-77.4442,1183793,3,"Pine Grove, Pennsylvania, United States",US,USPA,40.3823,-77.4442,1183793,20160608,http://republicanherald.com/news/golden-years-tarnished-residents-of-pine-grove-elderly-housing-want-changes-transparency-1.2052528
548311094,20160608,201606,2016,2016.4329,CVL,RESIDENTS,,,,,,CVL,,,,,,,,,,,,,1,030,030,03,1,4.0,6,1,6,-1.16239316239316,3,"Pine Grove, Pennsylvania, United States",US,USPA,40.3823,-77.4442,1183793,0,,,,,,,3,"Pine Grove, Pennsylvania, United States",US,USPA,40.3823,-77.4442,1183793,20160608,http://republicanherald.com/news/golden-years-tarnished-residents-of-pine-grove-elderly-housing-want-changes-transparency-1.2052528
548311096,20160608,201606,2016,2016.4329,CVL,TENANTS,,,,,,CVL,,,,,,,,,,,,,0,040,040,04,1,1.0,8,1,8,-1.16239316239316,3,"Pine Grove, Pennsylvania, United States",US,USPA,40.3823,-77.4442,1183793,0,,,,,,,3,"Pine Grove, Pennsylvania, United States",US,USPA,40.3823,-77.4442,1183793,20160608,http://republicanherald.com/news/golden-years-tarnished-residents-of-pine-grove-elderly-housing-want-changes-transparency-1.2052528
548311123,20160608,201606,2016,2016.4329,CVL,TENANTS,,,,,,CVL,,,USA,UNITED STATES,USA,,,,,,,,0,040,040,04,1,1.0,2,1,2,-1.16239316239316,3,"Pine Grove, Pennsylvania, United States",US,USPA,40.3823,-77.4442,1183793,3,"Pine Grove, Pennsylvania, United States",US,USPA,40.3823,-77.4442,1183793,3,"Pine Grove, Pennsylvania, United States",US,USPA,40.3823,-77.4442,1183793,20160608,http://republicanherald.com/news/golden-years-tarnished-residents-of-pine-grove-elderly-housing-want-changes-transparency-1.2052528
548311126,20160608,201606,2016,2016.4329,CVL,RESIDENTS,,,,,,CVL,,,USA,UNITED STATES,USA,,,,,,,,0,100,100,10,3,-5.0,2,1,2,-1.16239316239316,3,"Pine Grove, Pennsylvania, United States",US,USPA,40.3823,-77.4442,1183793,3,"Pine Grove, Pennsylvania, United States",US,USPA,40.3823,-77.4442,1183793,3,"Pine Grove, Pennsylvania, United States",US,USPA,40.3823,-77.4442,1183793,20160608,http://republicanherald.com/news/golden-years-tarnished-residents-of-pine-grove-elderly-housing-want-changes-transparency-1.2052528
548311325,20160608,201606,2016,2016.4329,GOV,AUTHORITIES,,,,,,GOV,,,,,,,,,,,,,1,090,090,09,2,-2.0,2,1,2,-0.97087378640776,4,"Thanh Hoa, Thanh HóM, Vietnam, Republic Of",VM,VM34,19.8,105.767,-3729995,0,,,,,,,4,"Thanh Hoa, Thanh HóM, Vietnam, Republic Of",VM,VM34,19.8,105.767,-3729995,20160608,http://www.thanhniennews.com/society/3-miners-missing-in-illegal-gold-mine-in-northern-vietnam-62969.html
548311445,20160608,201606,2016,2016.4329,GOVMIL,MINIST OF DEFENCE,,,,,,GOV,MIL,,GOV,AUTHORITIES,,,,,,GOV,,,1,070,070,07,2,7.0,2,1,2,-0.97087378640776,4,"Thanh Hoa, Thanh HóM, Vietnam, Republic Of",VM,VM34,19.8,105.767,-3729995,4,"Thanh Hoa, Thanh HóM, Vietnam, Republic Of",VM,VM34,19.8,105.767,-3729995,4,"Thanh Hoa, Thanh HóM, Vietnam, Republic Of",VM,VM34,19.8,105.767,-3729995,20160608,http://www.thanhniennews.com/society/3-miners-missing-in-illegal-gold-mine-in-northern-vietnam-62969.html
548311449,20160608,201606,2016,2016.4329,GOVMIL,MINIST OF DEFENCE,,,,,,GOV,MIL,,VNM,THANH HOA,VNM,,,,,,,,1,070,070,07,2,7.0,8,1,8,-0.97087378640776,4,"Thanh Hoa, Thanh HóM, Vietnam, Republic Of",VM,VM34,19.8,105.767,-3729995,4,"Thanh Hoa, Thanh HóM, Vietnam, Republic Of",VM,VM34,19.8,105.767,-3729995,4,"Thanh Hoa, Thanh HóM, Vietnam, Republic Of",VM,VM34,19.8,105.767,-3729995,20160608,http://www.thanhniennews.com/society/3-miners-missing-in-illegal-gold-mine-in-northern-vietnam-62969.html
548311847,20160608,201606,2016,2016.4329,MNCUSA,GOLDMAN SACHS,USA,,,,,MNC,,,NGA,NIGERIA,NGA,,,,,,,,1,020,020,02,1,3.0,5,1,5,-2.26130653266332,1,Nigeria,NI,NI,10,8,NI,1,Nigeria,NI,NI,10,8,NI,1,Nigeria,NI,NI,10,8,NI,20160608,http://www.proactiveinvestors.com/companies/news/126850/oil-price-gains-on-goldman-report-but-expect-it-to-be-short-lived-126850.html
548312148,20160608,201606,2016,2016.4329,USA,UNITED STATES,USA,,,,,,,,,,,,,,,,,,0,010,010,01,1,0.0,2,1,2,-1.16239316239316,3,"Pine Grove, Pennsylvania, United States",US,USPA,40.3823,-77.4442,1183793,0,,,,,,,3,"Pine Grove, Pennsylvania, United States",US,USPA,40.3823,-77.4442,1183793,20160608,http://republicanherald.com/news/golden-years-tarnished-residents-of-pine-grove-elderly-housing-want-changes-transparency-1.2052528
548312169,20160608,201606,2016,2016.4329,USA,UNITED STATES,USA,,,,,,,,,,,,,,,,,,1,030,030,03,1,4.0,4,1,4,-1.16239316239316,3,"Pine Grove, Pennsylvania, United States",US,USPA,40.3823,-77.4442,1183793,0,,,,,,,3,"Pine Grove, Pennsylvania, United States",US,USPA,40.3823,-77.4442,1183793,20160608,http://republicanherald.com/news/golden-years-tarnished-residents-of-pine-grove-elderly-housing-want-changes-transparency-1.2052528
548312170,20160608,201606,2016,2016.4329,USA,UNITED STATES,USA,,,,,,,,,,,,,,,,,,0,030,030,03,1,4.0,2,1,2,-1.16239316239316,3,"Millersburg, Missouri, United States",US,USMO,38.8987,-92.1235,751100,0,,,,,,,3,"Millersburg, Missouri, United States",US,USMO,38.8987,-92.1235,751100,20160608,http://republicanherald.com/news/golden-years-tarnished-residents-of-pine-grove-elderly-housing-want-changes-transparency-1.2052528
548312172,20160608,201606,2016,2016.4329,USA,UNITED STATES,USA,,,,,,,,,,,,,,,,,,0,031,031,03,1,5.2,2,1,2,-1.16239316239316,3,"Pine Grove, Pennsylvania, United States",US,USPA,40.3823,-77.4442,1183793,0,,,,,,,3,"Pine Grove, Pennsylvania, United States",US,USPA,40.3823,-77.4442,1183793,20160608,http://republicanherald.com/news/golden-years-tarnished-residents-of-pine-grove-elderly-housing-want-changes-transparency-1.2052528
548312175,20160608,201606,2016,2016.4329,USA,UNITED STATES,USA,,,,,,,,,,,,,,,,,,0,043,043,04,1,2.8,4,1,4,-1.16239316239316,3,"Pine Grove, Pennsylvania, United States",US,USPA,40.3823,-77.4442,1183793,0,,,,,,,3,"Pine Grove, Pennsylvania, United States",US,USPA,40.3823,-77.4442,1183793,20160608,http://republicanherald.com/news/golden-years-tarnished-residents-of-pine-grove-elderly-housing-want-changes-transparency-1.2052528
548312198,20160608,201606,2016,2016.4329,USA,UNITED STATES,USA,,,,,,,,,,,,,,,,,,0,090,090,09,2,-2.0,4,1,4,-1.16239316239316,3,"Pine Grove, Pennsylvania, United States",US,USPA,40.3823,-77.4442,1183793,0,,,,,,,3,"Pine Grove, Pennsylvania, United States",US,USPA,40.3823,-77.4442,1183793,20160608,http://republicanherald.com/news/golden-years-tarnished-residents-of-pine-grove-elderly-housing-want-changes-transparency-1.2052528
548312232,20160608,201606,2016,2016.4329,USA,UNITED STATES,USA,,,,,,,,CVL,TENANTS,,,,,,CVL,,,0,040,040,04,1,1.0,2,1,2,-1.16239316239316,3,"Pine Grove, Pennsylvania, United States",US,USPA,40.3823,-77.4442,1183793,3,"Pine Grove, Pennsylvania, United States",US,USPA,40.3823,-77.4442,1183793,3,"Pine Grove, Pennsylvania, United States",US,USPA,40.3823,-77.4442,1183793,20160608,http://republicanherald.com/news/golden-years-tarnished-residents-of-pine-grove-elderly-housing-want-changes-transparency-1.2052528
548312463,20160608,201606,2016,2016.4329,VNM,VIETNAM,VNM,,,,,,,,,,,,,,,,,,0,014,014,01,1,0.0,4,1,4,-0.97087378640776,4,"Ba Thuoc, Thanh HóM, Vietnam, Republic Of",VM,VM34,20.2969,105.163,-3707923,0,,,,,,,4,"Ba Thuoc, Thanh HóM, Vietnam, Republic Of",VM,VM34,20.2969,105.163,-3707923,20160608,http://www.thanhniennews.com/society/3-miners-missing-in-illegal-gold-mine-in-northern-vietnam-62969.html
548312464,20160608,201606,2016,2016.4329,VNM,VIETNAM,VNM,,,,,,,,,,,,,,,,,,0,073,073,07,2,7.4,4,1,4,-0.97087378640776,4,"Ba Thuoc, Thanh HóM, Vietnam, Republic Of",VM,VM34,20.2969,105.163,-3707923,0,,,,,,,4,"Ba Thuoc, Thanh HóM, Vietnam, Republic Of",VM,VM34,20.2969,105.163,-3707923,20160608,http://www.thanhniennews.com/society/3-miners-missing-in-illegal-gold-mine-in-northern-vietnam-62969.html
548312465,20160608,201606,2016,2016.4329,VNM,VIETNAM,VNM,,,,,,,,,,,,,,,,,,1,090,090,09,2,-2.0,14,1,10,-0.97087378640776,4,"Ba Thuoc, Thanh HóM, Vietnam, Republic Of",VM,VM34,20.2969,105.163,-3707923,0,,,,,,,4,"Ba Thuoc, Thanh HóM, Vietnam, Republic Of",VM,VM34,20.2969,105.163,-3707923,20160608,http://www.thanhniennews.com/society/3-miners-missing-in-illegal-gold-mine-in-northern-vietnam-62969.html
548312466,20160608,201606,2016,2016.4329,VNM,VIETNAM,VNM,,,,,,,,,,,,,,,,,,1,090,090,09,2,-2.0,6,1,6,-0.97087378640776,4,"Thanh Hoa, Thanh HóM, Vietnam, Republic Of",VM,VM34,19.8,105.767,-3729995,0,,,,,,,4,"Thanh Hoa, Thanh HóM, Vietnam, Republic Of",VM,VM34,19.8,105.767,-3729995,20160608,http://www.thanhniennews.com/society/3-miners-missing-in-illegal-gold-mine-in-northern-vietnam-62969.html
548312468,20160608,201606,2016,2016.4329,VNMGOV,THANH HOA,VNM,,,,,GOV,,,,,,,,,,,,,1,090,090,09,2,-2.0,2,1,2,-0.97087378640776,4,"Thanh Hoa, Thanh HóM, Vietnam, Republic Of",VM,VM34,19.8,105.767,-3729995,0,,,,,,,4,"Thanh Hoa, Thanh HóM, Vietnam, Republic Of",VM,VM34,19.8,105.767,-3729995,20160608,http://www.thanhniennews.com/society/3-miners-missing-in-illegal-gold-mine-in-northern-vietnam-62969.html
548314339,20160608,201606,2016,2016.4329,,,,,,,,,,,ELI,ACTOR,,,,,,ELI,,,1,010,010,01,1,0.0,6,1,6,0.24752475247525,0,,,,,,,4,"Brisbane, Queensland, Australia",AS,AS04,-27.5,153.017,-1561728,4,"Brisbane, Queensland, Australia",AS,AS04,-27.5,153.017,-1561728,20160608,http://www.fashionnstyle.com/articles/86398/20160608/thor-ragnarok-spoilers-jeff-goldblum-describes-the-grandmaster-as-a-hedonist.htm
548314340,20160608,201606,2016,2016.4329,,,,,,,,,,,ELI,ACTOR,,,,,,ELI,,,1,020,020,02,1,3.0,6,1,6,0.24752475247525,0,,,,,,,4,"Brisbane, Queensland, Australia",AS,AS04,-27.5,153.017,-1561728,4,"Brisbane, Queensland, Australia",AS,AS04,-27.5,153.017,-1561728,20160608,http://www.fashionnstyle.com/articles/86398/20160608/thor-ragnarok-spoilers-jeff-goldblum-describes-the-grandmaster-as-a-hedonist.htm
548314517,20160608,201606,2016,2016.4329,AUS,AUSTRALIA,AUS,,,,,,,,AUSELI,AUSTRALIA,AUS,,,,,ELI,,,1,010,010,01,1,0.0,2,1,2,0.24752475247525,4,"Brisbane, Queensland, Australia",AS,AS04,-27.5,153.017,-1561728,4,"Brisbane, Queensland, Australia",AS,AS04,-27.5,153.017,-1561728,4,"Brisbane, Queensland, Australia",AS,AS04,-27.5,153.017,-1561728,20160608,http://www.fashionnstyle.com/articles/86398/20160608/thor-ragnarok-spoilers-jeff-goldblum-describes-the-grandmaster-as-a-hedonist.htm
548314518,20160608,201606,2016,2016.4329,AUS,AUSTRALIA,AUS,,,,,,,,AUSELI,AUSTRALIA,AUS,,,,,ELI,,,1,020,020,02,1,3.0,2,1,2,0.24752475247525,4,"Brisbane, Queensland, Australia",AS,AS04,-27.5,153.017,-1561728,4,"Brisbane, Queensland, Australia",AS,AS04,-27.5,153.017,-1561728,4,"Brisbane, Queensland, Australia",AS,AS04,-27.5,153.017,-1561728,20160608,http://www.fashionnstyle.com/articles/86398/20160608/thor-ragnarok-spoilers-jeff-goldblum-describes-the-grandmaster-as-a-hedonist.htm
548314523,20160608,201606,2016,2016.4329,AUS,AUSTRALIA,AUS,,,,,,,,ELI,ACTOR,,,,,,ELI,,,1,010,010,01,1,0.0,2,1,2,0.24752475247525,4,"Brisbane, Queensland, Australia",AS,AS04,-27.5,153.017,-1561728,4,"Brisbane, Queensland, Australia",AS,AS04,-27.5,153.017,-1561728,4,"Brisbane, Queensland, Australia",AS,AS04,-27.5,153.017,-1561728,20160608,http://www.fashionnstyle.com/articles/86398/20160608/thor-ragnarok-spoilers-jeff-goldblum-describes-the-grandmaster-as-a-hedonist.htm
548314524,20160608,201606,2016,2016.4329,AUS,AUSTRALIA,AUS,,,,,,,,ELI,ACTOR,,,,,,ELI,,,1,020,020,02,1,3.0,2,1,2,0.24752475247525,4,"Brisbane, Queensland, Australia",AS,AS04,-27.5,153.017,-1561728,4,"Brisbane, Queensland, Australia",AS,AS04,-27.5,153.017,-1561728,4,"Brisbane, Queensland, Australia",AS,AS04,-27.5,153.017,-1561728,20160608,http://www.fashionnstyle.com/articles/86398/20160608/thor-ragnarok-spoilers-jeff-goldblum-describes-the-grandmaster-as-a-hedonist.htm
548319553,20160608,201606,2016,2016.4329,MNCJPN,HONDA,JPN,,,,,MNC,,,,,,,,,,,,,0,110,110,11,3,-2.0,3,1,3,1.73160173160173,3,"Sacramento County, California, United States",US,USCA,38.4666,-121.318,277298,0,,,,,,,3,"Sacramento County, California, United States",US,USCA,38.4666,-121.318,277298,20160608,http://www.rollcall.com/news/sanders-state-not-golden
548320045,20160608,201606,2016,2016.4329,USA,UNITED STATES,USA,,,,,,,,,,,,,,,,,,0,051,051,05,1,3.4,4,1,4,1.73160173160173,3,"Sacramento County, California, United States",US,USCA,38.4666,-121.318,277298,0,,,,,,,3,"Sacramento County, California, United States",US,USCA,38.4666,-121.318,277298,20160608,http://www.rollcall.com/news/sanders-state-not-golden
548320185,20160608,201606,2016,2016.4329,USA,CALIFORNIA,USA,,,,,,,,PTY,DEMOCRATIC PARTY,,,,,,,,,1,030,030,03,1,4.0,3,1,3,1.73160173160173,3,"Sacramento County, California, United States",US,USCA,38.4666,-121.318,277298,3,"Sacramento County, California, United States",US,USCA,38.4666,-121.318,277298,3,"Sacramento County, California, United States",US,USCA,38.4666,-121.318,277298,20160608,http://www.rollcall.com/news/sanders-state-not-golden
548320186,20160608,201606,2016,2016.4329,USA,UNITED STATES,USA,,,,,,,,PTY,DEMOCRATIC PARTY,,,,,,,,,1,030,030,03,1,4.0,2,1,2,1.73160173160173,2,"California, United States",US,USCA,36.17,-119.746,CA,3,"Sacramento, California, United States",US,USCA,38.5816,-121.494,1659564,3,"Sacramento, California, United States",US,USCA,38.5816,-121.494,1659564,20160608,http://www.rollcall.com/news/sanders-state-not-golden
548322234,20160608,201606,2016,2016.4329,PTY,POLITICIAN,,,,,,,,,,,,,,,,,,,0,020,020,02,1,3.0,10,1,10,0.37037037037037,4,"Berlin, Berlin, Germany",GM,GM16,52.5167,13.4,-1746443,0,,,,,,,4,"Berlin, Berlin, Germany",GM,GM16,52.5167,13.4,-1746443,20160608,http://www.miningmx.com/news/gold/27398-randgold-came-close-major-gold-deal-bristow/
548327066,20160608,201606,2016,2016.4329,COP,PRISON,,,,,,COP,,,JUD,PROSECUTOR,,,,,,JUD,,,1,120,120,12,3,-4.0,10,1,10,-8.63636363636366,0,,,,,,,0,,,,,,,0,,,,,,,20160608,http://www.stabroeknews.com/2016/news/stories/06/08/mahdia-cook-embezzled-2-7m-gold-court-told/
548331351,20160608,201606,2016,2016.4329,,,,,,,,,,,BTN,BHUTAN,BTN,,,,,,,,1,036,036,03,1,4.0,2,1,2,0.42674253200569,0,,,,,,,4,"Punatsangchhu, Bhutan (general), Bhutan",BT,BT00,26.3833,89.8,-2211370,4,"Punatsangchhu, Bhutan (general), Bhutan",BT,BT00,26.3833,89.8,-2211370,20160608,http://www.newsgram.com/bhutan-is-fighting-hard-to-conserve-the-threatened-iconic-fish-golden-mahseer/
548331352,20160608,201606,2016,2016.4329,,,,,,,,,,,BTN,BHUTAN,BTN,,,,,,,,1,036,036,03,1,4.0,8,1,8,0.42674253200569,0,,,,,,,4,"Punatsangchhu, Bhutan (general), Bhutan",BT,BT00,26.3833,89.8,-2211370,1,India,IN,IN,20,77,IN,20160608,http://www.newsgram.com/bhutan-is-fighting-hard-to-conserve-the-threatened-iconic-fish-golden-mahseer/
548331723,20160608,201606,2016,2016.4329,BTN,BHUTAN,BTN,,,,,,,,,,,,,,,,,,1,036,036,03,1,4.0,2,1,2,0.42674253200569,4,"Punatsangchhu, Bhutan (general), Bhutan",BT,BT00,26.3833,89.8,-2211370,0,,,,,,,4,"Punatsangchhu, Bhutan (general), Bhutan",BT,BT00,26.3833,89.8,-2211370,20160608,http://www.newsgram.com/bhutan-is-fighting-hard-to-conserve-the-threatened-iconic-fish-golden-mahseer/
548331724,20160608,201606,2016,2016.4329,BTN,BHUTAN,BTN,,,,,,,,,,,,,,,,,,1,036,036,03,1,4.0,8,1,8,0.42674253200569,4,"Punatsangchhu, Bhutan (general), Bhutan",BT,BT00,26.3833,89.8,-2211370,0,,,,,,,1,India,IN,IN,20,77,IN,20160608,http://www.newsgram.com/bhutan-is-fighting-hard-to-conserve-the-threatened-iconic-fish-golden-mahseer/
548331725,20160608,201606,2016,2016.4329,BTN,BHUTAN,BTN,,,,,,,,BUD,BUDDHISM,,,,BUD,,,,,1,057,057,05,1,8.0,10,1,10,0.42674253200569,4,"Mangdechhu, Bhutan (general), Bhutan",BT,BT00,26.8667,90.95,-2211426,4,"Mangdechhu, Bhutan (general), Bhutan",BT,BT00,26.8667,90.95,-2211426,4,"Mangdechhu, Bhutan (general), Bhutan",BT,BT00,26.8667,90.95,-2211426,20160608,http://www.newsgram.com/bhutan-is-fighting-hard-to-conserve-the-threatened-iconic-fish-golden-mahseer/
548331726,20160608,201606,2016,2016.4329,BUD,BUDDHISM,,,,BUD,,,,,BTN,BHUTAN,BTN,,,,,,,,1,057,057,05,1,8.0,10,1,10,0.42674253200569,4,"Punatsangchhu, Bhutan (general), Bhutan",BT,BT00,26.3833,89.8,-2211370,4,"Punatsangchhu, Bhutan (general), Bhutan",BT,BT00,26.3833,89.8,-2211370,4,"Punatsangchhu, Bhutan (general), Bhutan",BT,BT00,26.3833,89.8,-2211370,20160608,http://www.newsgram.com/bhutan-is-fighting-hard-to-conserve-the-threatened-iconic-fish-golden-mahseer/
548333059,20160608,201606,2016,2016.4329,NGOENV,WORLD WILDLIFE FUND,,,,,,NGO,ENV,,GOV,MINISTRY,,,,,,GOV,,,0,071,071,07,2,7.4,8,1,8,0.42674253200569,4,"Manas River, Bhutan (general), Bhutan",BT,BT00,26.2167,90.6333,-2211224,4,"Manas River, Bhutan (general), Bhutan",BT,BT00,26.2167,90.6333,-2211224,4,"Manas River, Bhutan (general), Bhutan",BT,BT00,26.2167,90.6333,-2211224,20160608,http://www.newsgram.com/bhutan-is-fighting-hard-to-conserve-the-threatened-iconic-fish-golden-mahseer/
548333060,20160608,201606,2016,2016.4329,NGOENV,WORLD WILDLIFE FUND,,,,,,NGO,ENV,,GOV,MINISTRY,,,,,,GOV,,,0,071,071,07,2,7.4,2,1,2,0.42674253200569,4,"Punatsangchhu, Bhutan (general), Bhutan",BT,BT00,26.3833,89.8,-2211370,4,"Manas River, Bhutan (general), Bhutan",BT,BT00,26.2167,90.6333,-2211224,4,"Manas River, Bhutan (general), Bhutan",BT,BT00,26.2167,90.6333,-2211224,20160608,http://www.newsgram.com/bhutan-is-fighting-hard-to-conserve-the-threatened-iconic-fish-golden-mahseer/
548333496,20160608,201606,2016,2016.4329,USA,NEVADA,USA,,,,,,,,,,,,,,,,,,1,043,043,04,1,2.8,7,1,7,4.6583850931677,3,"Elko County, Nevada, United States",US,USNV,41.0002,-115.501,857664,0,,,,,,,3,"Elko County, Nevada, United States",US,USNV,41.0002,-115.501,857664,20160608,http://www.dailypolitical.com/2016/06/08/gold-standard-ventures-corp-gsv-stock-rating-upgraded-by-zacks-investment-research/
548333498,20160608,201606,2016,2016.4329,USA,NEVADA,USA,,,,,,,,,,,,,,,,,,1,043,043,04,1,2.8,3,1,3,4.6583850931677,2,"Nevada, United States",US,USNV,38.4199,-117.122,NV,0,,,,,,,3,"Elko County, Nevada, United States",US,USNV,41.0002,-115.501,857664,20160608,http://www.dailypolitical.com/2016/06/08/gold-standard-ventures-corp-gsv-stock-rating-upgraded-by-zacks-investment-research/
548340115,20160608,201606,2016,2016.4329,,,,,,,,,,,ISR,ISRAEL,ISR,,,,,,,,1,020,020,02,1,3.0,4,1,4,2.125,0,,,,,,,4,"University Of Haifa, H_efa, Israel",IS,IS04,32.7618,35.0195,11470486,4,"University Of Haifa, H_efa, Israel",IS,IS04,32.7618,35.0195,11470486,20160608,http://gnnliberia.com/2016/06/08/africas-golda-meir-visits-israel/
548340116,20160608,201606,2016,2016.4329,,,,,,,,,,,ISR,ISRAEL,ISR,,,,,,,,0,042,042,04,1,1.9,10,1,10,2.125,0,,,,,,,4,"Ramle, HaMerkaz, Israel",IS,IS02,31.9253,34.8669,-781167,4,"Ramle, HaMerkaz, Israel",IS,IS02,31.9253,34.8669,-781167,20160608,http://gnnliberia.com/2016/06/08/africas-golda-meir-visits-israel/
548340477,20160608,201606,2016,2016.4329,BUS,COMPANY,,,,,,BUS,,,GOV,STATE OWNED,,,,,,GOV,,,1,042,042,04,1,1.9,4,1,4,-2.02952029520295,4,"Hindustan, India (general), India",IN,IN00,28,76,-3414754,4,"Hindustan, India (general), India",IN,IN00,28,76,-3414754,4,"Hindustan, India (general), India",IN,IN00,28,76,-3414754,20160608,http://idrw.org/how-dassault-aviation-killed-the-golden-goose-mmrca/
548340479,20160608,201606,2016,2016.4329,BUS,COMPANY,,,,,,BUS,,,GOV,STATE OWNED,,,,,,GOV,,,1,080,080,08,2,5.0,4,1,4,-2.02952029520295,4,"Hindustan, India (general), India",IN,IN00,28,76,-3414754,4,"Hindustan, India (general), India",IN,IN00,28,76,-3414754,4,"Hindustan, India (general), India",IN,IN00,28,76,-3414754,20160608,http://idrw.org/how-dassault-aviation-killed-the-golden-goose-mmrca/
548340485,20160608,201606,2016,2016.4329,BUS,COMPANY,,,,,,BUS,,,INDGOV,HINDUSTAN,IND,,,,,GOV,,,1,042,042,04,1,1.9,6,1,6,-2.02952029520295,4,"Hindustan, India (general), India",IN,IN00,28,76,-3414754,4,"Hindustan, India (general), India",IN,IN00,28,76,-3414754,4,"Hindustan, India (general), India",IN,IN00,28,76,-3414754,20160608,http://idrw.org/how-dassault-aviation-killed-the-golden-goose-mmrca/
548340486,20160608,201606,2016,2016.4329,BUS,COMPANY,,,,,,BUS,,,INDGOV,HINDUSTAN,IND,,,,,GOV,,,1,080,080,08,2,5.0,6,1,6,-2.02952029520295,4,"Hindustan, India (general), India",IN,IN00,28,76,-3414754,4,"Hindustan, India (general), India",IN,IN00,28,76,-3414754,4,"Hindustan, India (general), India",IN,IN00,28,76,-3414754,20160608,http://idrw.org/how-dassault-aviation-killed-the-golden-goose-mmrca/
548340981,20160608,201606,2016,2016.4329,GOV,STATE OWNED,,,,,,GOV,,,BUS,COMPANY,,,,,,BUS,,,1,043,043,04,1,2.8,4,1,4,-2.02952029520295,4,"Hindustan, India (general), India",IN,IN00,28,76,-3414754,4,"Hindustan, India (general), India",IN,IN00,28,76,-3414754,4,"Hindustan, India (general), India",IN,IN00,28,76,-3414754,20160608,http://idrw.org/how-dassault-aviation-killed-the-golden-goose-mmrca/
548341195,20160608,201606,2016,2016.4329,INDGOV,HINDUSTAN,IND,,,,,GOV,,,BUS,COMPANY,,,,,,BUS,,,1,043,043,04,1,2.8,6,1,6,-2.02952029520295,4,"Hindustan, India (general), India",IN,IN00,28,76,-3414754,4,"Hindustan, India (general), India",IN,IN00,28,76,-3414754,4,"Hindustan, India (general), India",IN,IN00,28,76,-3414754,20160608,http://idrw.org/how-dassault-aviation-killed-the-golden-goose-mmrca/
548341320,20160608,201606,2016,2016.4329,ISR,ISRAEL,ISR,,,,,,,,,,,,,,,,,,0,043,043,04,1,2.8,10,1,10,2.125,4,"Ramle, HaMerkaz, Israel",IS,IS02,31.9253,34.8669,-781167,0,,,,,,,4,"Ramle, HaMerkaz, Israel",IS,IS02,31.9253,34.8669,-781167,20160608,http://gnnliberia.com/2016/06/08/africas-golda-meir-visits-israel/
548341338,20160608,201606,2016,2016.4329,ISR,ISRAEL,ISR,,,,,,,,LBR,LIBERIAN,LBR,,,,,,,,1,043,043,04,1,2.8,1,1,1,2.125,1,Liberia,LI,LI,6.5,-9.5,LI,1,Liberia,LI,LI,6.5,-9.5,LI,1,Liberia,LI,LI,6.5,-9.5,LI,20160608,http://gnnliberia.com/2016/06/08/africas-golda-meir-visits-israel/
548341480,20160608,201606,2016,2016.4329,LBR,LIBERIAN,LBR,,,,,,,,ISR,ISRAEL,ISR,,,,,,,,1,042,042,04,1,1.9,1,1,1,2.125,4,"Ramle, HaMerkaz, Israel",IS,IS02,31.9253,34.8669,-781167,1,Liberia,LI,LI,6.5,-9.5,LI,1,Liberia,LI,LI,6.5,-9.5,LI,20160608,http://gnnliberia.com/2016/06/08/africas-golda-meir-visits-israel/
548341481,20160608,201606,2016,2016.4329,LBR,LIBERIAN,LBR,,,,,,,,ISR,ISRAEL,ISR,,,,,,,,1,042,042,04,1,1.9,1,1,1,2.125,1,Liberia,LI,LI,6.5,-9.5,LI,1,Liberia,LI,LI,6.5,-9.5,LI,1,Liberia,LI,LI,6.5,-9.5,LI,20160608,http://gnnliberia.com/2016/06/08/africas-golda-meir-visits-israel/
548341482,20160608,201606,2016,2016.4329,LBRGOV,LIBERIAN,LBR,,,,,GOV,,,ISR,ISRAEL,ISR,,,,,,,,1,042,042,04,1,1.9,6,1,6,2.125,1,Liberia,LI,LI,6.5,-9.5,LI,1,Liberia,LI,LI,6.5,-9.5,LI,1,Liberia,LI,LI,6.5,-9.5,LI,20160608,http://gnnliberia.com/2016/06/08/africas-golda-meir-visits-israel/
548341620,20160608,201606,2016,2016.4329,MIL,FIGHTER JET,,,,,,MIL,,,,,,,,,,,,,0,143,143,14,3,-6.5,10,1,10,-2.02952029520295,4,"Hindustan, India (general), India",IN,IN00,28,76,-3414754,0,,,,,,,4,"Hindustan, India (general), India",IN,IN00,28,76,-3414754,20160608,http://idrw.org/how-dassault-aviation-killed-the-golden-goose-mmrca/
548341848,20160608,201606,2016,2016.4329,PSE,PALESTINIAN,PSE,,,,,,,,ISR,ISRAEL,ISR,,,,,,,,1,020,020,02,1,3.0,1,1,1,2.125,4,"Ramle, HaMerkaz, Israel",IS,IS02,31.9253,34.8669,-781167,4,"Ramle, HaMerkaz, Israel",IS,IS02,31.9253,34.8669,-781167,4,"Ramle, HaMerkaz, Israel",IS,IS02,31.9253,34.8669,-781167,20160608,http://gnnliberia.com/2016/06/08/africas-golda-meir-visits-israel/
548341849,20160608,201606,2016,2016.4329,PSE,PALESTINIAN,PSE,,,,,,,,ISR,ISRAEL,ISR,,,,,,,,1,020,020,02,1,3.0,1,1,1,2.125,4,"Ramle, HaMerkaz, Israel",IS,IS02,31.9253,34.8669,-781167,4,"Ramle, HaMerkaz, Israel",IS,IS02,31.9253,34.8669,-781167,1,Liberia,LI,LI,6.5,-9.5,LI,20160608,http://gnnliberia.com/2016/06/08/africas-golda-meir-visits-israel/
548341850,20160608,201606,2016,2016.4329,PSE,PALESTINIAN,PSE,,,,,,,,ISR,ISRAEL,ISR,,,,,,,,1,020,020,02,1,3.0,3,1,3,2.125,4,"University Of Haifa, H_efa, Israel",IS,IS04,32.7618,35.0195,11470486,4,"University Of Haifa, H_efa, Israel",IS,IS04,32.7618,35.0195,11470486,4,"University Of Haifa, H_efa, Israel",IS,IS04,32.7618,35.0195,11470486,20160608,http://gnnliberia.com/2016/06/08/africas-golda-meir-visits-israel/
548341851,20160608,201606,2016,2016.4329,PSE,PALESTINIAN,PSE,,,,,,,,ISR,ISRAEL,ISR,,,,,,,,1,020,020,02,1,3.0,1,1,1,2.125,4,"University Of Haifa, H_efa, Israel",IS,IS04,32.7618,35.0195,11470486,4,"University Of Haifa, H_efa, Israel",IS,IS04,32.7618,35.0195,11470486,1,Liberia,LI,LI,6.5,-9.5,LI,20160608,http://gnnliberia.com/2016/06/08/africas-golda-meir-visits-israel/
548341852,20160608,201606,2016,2016.4329,PSE,PALESTINIAN,PSE,,,,,,,,JEW,JEWISH,,,,JEW,,,,,0,100,100,10,3,-5.0,2,1,2,2.125,4,"University Of Haifa, H_efa, Israel",IS,IS04,32.7618,35.0195,11470486,4,"University Of Haifa, H_efa, Israel",IS,IS04,32.7618,35.0195,11470486,4,"Ramle, HaMerkaz, Israel",IS,IS02,31.9253,34.8669,-781167,20160608,http://gnnliberia.com/2016/06/08/africas-golda-meir-visits-israel/
548342687,20160608,201606,2016,2016.4329,,,,,,,,,,,BUS,BANK,,,,,,BUS,,,1,060,060,06,2,6.0,23,3,23,1.37536250703372,0,,,,,,,4,"Johannesburg, Gauteng, South Africa",SF,SF06,-26.2,28.0833,-1240261,4,"London, London, City of, United Kingdom",UK,UKH9,51.5,-0.116667,-2601889,20160608,http://www.goldseiten.de/artikel/288810--NexGen-Announces-Appointment-of-Charles-Scorer-as-Special-Advisor-Uranium-Marketing.html
548342861,20160608,201606,2016,2016.4329,AFR,AFRICA,AFR,,,,,,,,GOV,CHIEF EXECUTIVE,,,,,,GOV,,,1,030,030,03,1,4.0,4,2,4,1.40079210492144,4,"Johannesburg, Gauteng, South Africa",SF,SF06,-26.2,28.0833,-1240261,4,"Johannesburg, Gauteng, South Africa",SF,SF06,-26.2,28.0833,-1240261,4,"Johannesburg, Gauteng, South Africa",SF,SF06,-26.2,28.0833,-1240261,20160608,http://www.goldseiten.de/artikel/288810--NexGen-Announces-Appointment-of-Charles-Scorer-as-Special-Advisor-Uranium-Marketing.html
548343223,20160608,201606,2016,2016.4329,COP,POLICE,,,,,,COP,,,LEG,PARLIAMENT,,,,,,LEG,,,1,141,141,14,3,-6.5,40,4,40,-5.33617929562434,4,"Port Moresby, National Capital, Papua New Guinea",PP,PP20,-9.46472,147.193,-2198538,4,"Port Moresby, National Capital, Papua New Guinea",PP,PP20,-9.46472,147.193,-2198538,4,"Port Moresby, National Capital, Papua New Guinea",PP,PP20,-9.46472,147.193,-2198538,20160608,http://www.goldcoastbulletin.com.au/news/world/png-police-shoot-uni-students/news-story/7a808555912a58b8a8f13e3bde3b9287?nk=b57188ca7d4ddfc273b03141a94ae21e-1465382911
548343237,20160608,201606,2016,2016.4329,COPGOV,POLICE,,,,,,COP,GOV,,,,,,,,,,,,0,111,111,11,3,-2.0,24,4,24,-5.33617929562434,4,"Port Moresby, National Capital, Papua New Guinea",PP,PP20,-9.46472,147.193,-2198538,0,,,,,,,4,"Port Moresby, National Capital, Papua New Guinea",PP,PP20,-9.46472,147.193,-2198538,20160608,http://www.goldcoastbulletin.com.au/news/world/png-police-shoot-uni-students/news-story/7a808555912a58b8a8f13e3bde3b9287?nk=b57188ca7d4ddfc273b03141a94ae21e-1465382911
548343239,20160608,201606,2016,2016.4329,COPGOV,POLICE,,,,,,COP,GOV,,PNG,PAPUA NEW GUINEA,PNG,,,,,,,,0,111,111,11,3,-2.0,8,4,8,-5.33617929562434,4,"Port Moresby, National Capital, Papua New Guinea",PP,PP20,-9.46472,147.193,-2198538,4,"Port Moresby, National Capital, Papua New Guinea",PP,PP20,-9.46472,147.193,-2198538,4,"Port Moresby, National Capital, Papua New Guinea",PP,PP20,-9.46472,147.193,-2198538,20160608,http://www.goldcoastbulletin.com.au/news/world/png-police-shoot-uni-students/news-story/7a808555912a58b8a8f13e3bde3b9287?nk=b57188ca7d4ddfc273b03141a94ae21e-1465382911
548343240,20160608,201606,2016,2016.4329,COPGOV,POLICE,,,,,,COP,GOV,,PNGGOV,PAPUA NEW GUINEA,PNG,,,,,GOV,,,0,111,111,11,3,-2.0,8,4,8,-5.33617929562434,4,"Port Moresby, National Capital, Papua New Guinea",PP,PP20,-9.46472,147.193,-2198538,4,"Port Moresby, National Capital, Papua New Guinea",PP,PP20,-9.46472,147.193,-2198538,4,"Port Moresby, National Capital, Papua New Guinea",PP,PP20,-9.46472,147.193,-2198538,20160608,http://www.goldcoastbulletin.com.au/news/world/png-police-shoot-uni-students/news-story/7a808555912a58b8a8f13e3bde3b9287?nk=b57188ca7d4ddfc273b03141a94ae21e-1465382911
548343501,20160608,201606,2016,2016.4329,GOV,CHIEF EXECUTIVE,,,,,,GOV,,,,,,,,,,,,,1,030,030,03,1,4.0,6,2,6,1.40079210492144,4,"Johannesburg, Gauteng, South Africa",SF,SF06,-26.2,28.0833,-1240261,0,,,,,,,4,"Johannesburg, Gauteng, South Africa",SF,SF06,-26.2,28.0833,-1240261,20160608,http://www.goldseiten.de/artikel/288810--NexGen-Announces-Appointment-of-Charles-Scorer-as-Special-Advisor-Uranium-Marketing.html
548343535,20160608,201606,2016,2016.4329,GOV,CHIEF EXECUTIVE,,,,,,GOV,,,BUS,CORPORATION,,,,,,BUS,,,1,010,010,01,1,0.0,14,2,14,1.15244773406051,4,"Johannesburg, Gauteng, South Africa",SF,SF06,-26.2,28.0833,-1240261,4,"Johannesburg, Gauteng, South Africa",SF,SF06,-26.2,28.0833,-1240261,4,"Johannesburg, Gauteng, South Africa",SF,SF06,-26.2,28.0833,-1240261,20160608,http://www.goldseiten.de/artikel/288810--NexGen-Announces-Appointment-of-Charles-Scorer-as-Special-Advisor-Uranium-Marketing.html
548343536,20160608,201606,2016,2016.4329,GOV,CHIEF EXECUTIVE,,,,,,GOV,,,BUS,CORPORATION,,,,,,BUS,,,1,010,010,01,1,0.0,6,1,6,0.980392156862742,4,"Vancouver, British Columbia, Canada",CA,CA02,49.25,-123.133,-575268,4,"Vancouver, British Columbia, Canada",CA,CA02,49.25,-123.133,-575268,4,"Vancouver, British Columbia, Canada",CA,CA02,49.25,-123.133,-575268,20160608,http://www.goldseiten.de/artikel/288810--NexGen-Announces-Appointment-of-Charles-Scorer-as-Special-Advisor-Uranium-Marketing.html
548344022,20160608,201606,2016,2016.4329,MED,NEWS ORGANISATION,,,,,,MED,,,,,,,,,,,,,0,110,110,11,3,-2.0,40,4,40,-5.33617929562434,4,"Port Moresby, National Capital, Papua New Guinea",PP,PP20,-9.46472,147.193,-2198538,0,,,,,,,4,"Port Moresby, National Capital, Papua New Guinea",PP,PP20,-9.46472,147.193,-2198538,20160608,http://www.goldcoastbulletin.com.au/news/world/png-police-shoot-uni-students/news-story/7a808555912a58b8a8f13e3bde3b9287?nk=b57188ca7d4ddfc273b03141a94ae21e-1465382911
548344062,20160608,201606,2016,2016.4329,MEX,MEXICO,MEX,,,,,,,,,,,,,,,,,,0,033,033,03,1,5.2,2,1,2,0.72944297082229,4,"Guajes, San Luis PotosíX, Mexico",MX,MX24,23.3667,-100.617,-1669916,0,,,,,,,4,"Guajes, San Luis PotosíX, Mexico",MX,MX24,23.3667,-100.617,-1669916,20160608,http://www.goldseiten.de/artikel/288800--Torex-Pours-29995-Gold-Ounces-in-May-and-92460-Ounces-YTD-Aided-by-a-Positive-Reconciliation-Against-the-Geological-Model.html
548344063,20160608,201606,2016,2016.4329,MEX,MEXICO,MEX,,,,,,,,,,,,,,,,,,0,033,033,03,1,5.2,4,1,4,0.72944297082229,4,"Toronto, Ontario, Canada",CA,CA08,43.6667,-79.4167,-574890,0,,,,,,,4,"Toronto, Ontario, Canada",CA,CA08,43.6667,-79.4167,-574890,20160608,http://www.goldseiten.de/artikel/288800--Torex-Pours-29995-Gold-Ounces-in-May-and-92460-Ounces-YTD-Aided-by-a-Positive-Reconciliation-Against-the-Geological-Model.html
548344250,20160608,201606,2016,2016.4329,PNGGOV,PAPUA NEW GUINEA,PNG,,,,,GOV,,,EDUEDU,UNIVERSITY,,,,,,EDU,EDU,,1,111,111,11,3,-2.0,40,4,40,-5.33617929562434,4,"Port Moresby, National Capital, Papua New Guinea",PP,PP20,-9.46472,147.193,-2198538,4,"Port Moresby, National Capital, Papua New Guinea",PP,PP20,-9.46472,147.193,-2198538,4,"Port Moresby, National Capital, Papua New Guinea",PP,PP20,-9.46472,147.193,-2198538,20160608,http://www.goldcoastbulletin.com.au/news/world/png-police-shoot-uni-students/news-story/7a808555912a58b8a8f13e3bde3b9287?nk=b57188ca7d4ddfc273b03141a94ae21e-1465382911
548353260,20160608,201606,2016,2016.4329,BUS,COMPANY,,,,,,BUS,,,,,,,,,,,,,1,010,010,01,1,0.0,6,1,6,1.41342756183745,4,"Copenhagen, Køavn*, Denmark",DA,DA05,55.6667,12.5833,-2745636,0,,,,,,,4,"Copenhagen, Køavn*, Denmark",DA,DA05,55.6667,12.5833,-2745636,20160608,http://www.broadwayworld.com/bwwdance/article/BWW-Review-ABTs-The-Golden-Cockerel-Is-More-of-a-Grandiose-Theatrical-Production-Than-a-Ballet-20160608
548353661,20160608,201606,2016,2016.4329,DNK,DENMARK,DNK,,,,,,,,BUS,COMPANY,,,,,,BUS,,,1,010,010,01,1,0.0,4,1,4,1.41342756183745,4,"Copenhagen, Køavn*, Denmark",DA,DA05,55.6667,12.5833,-2745636,4,"Copenhagen, Køavn*, Denmark",DA,DA05,55.6667,12.5833,-2745636,4,"Copenhagen, Køavn*, Denmark",DA,DA05,55.6667,12.5833,-2745636,20160608,http://www.broadwayworld.com/bwwdance/article/BWW-Review-ABTs-The-Golden-Cockerel-Is-More-of-a-Grandiose-Theatrical-Production-Than-a-Ballet-20160608
548353759,20160608,201606,2016,2016.4329,EUR,EUROPEAN,EUR,,,,,,,,GOV,ADMINISTRATION,,,,,,GOV,,,1,045,045,04,1,5.0,30,1,30,1.23020949046801,0,,,,,,,0,,,,,,,0,,,,,,,20160608,http://www.csmonitor.com/Science/2016/0607/Free-falling-gold-platinum-cubes-aid-in-gravitational-wave-search
548357256,20160509,201605,2016,2016.3534,GBR,UNITED KINGDOM,GBR,,,,,,,,LEG,REPRESENTATIVES,,,,,,LEG,,,1,042,042,04,1,1.9,4,1,4,0.900900900900909,4,"Yeovil, Somerset, United Kingdom",UK,UKM3,50.95,-2.63333,-2612300,4,"Yeovil, Somerset, United Kingdom",UK,UKM3,50.95,-2.63333,-2612300,4,"Yeovil, Somerset, United Kingdom",UK,UKM3,50.95,-2.63333,-2612300,20160608,http://www.yeovilexpress.co.uk/news/14540831.Chard_couple_raise___1_000_for_cancer_charities_with_golden_anniversary_gifts/
548357257,20160509,201605,2016,2016.3534,GBR,UNITED KINGDOM,GBR,,,,,,,,LEG,REPRESENTATIVES,,,,,,LEG,,,1,043,043,04,1,2.8,18,3,18,0.897320545524143,4,"Ilminster, Somerset, United Kingdom",UK,UKM3,50.9333,-2.91667,-2599360,4,"Ilminster, Somerset, United Kingdom",UK,UKM3,50.9333,-2.91667,-2599360,4,"Ilminster, Somerset, United Kingdom",UK,UKM3,50.9333,-2.91667,-2599360,20160608,http://www.yeovilexpress.co.uk/news/14540831.Chard_couple_raise___1_000_for_cancer_charities_with_golden_anniversary_gifts/
548357258,20160509,201605,2016,2016.3534,GBR,UNITED KINGDOM,GBR,,,,,,,,LEG,REPRESENTATIVES,,,,,,LEG,,,1,071,071,07,2,7.4,4,1,4,0.900900900900909,4,"Yeovil, Somerset, United Kingdom",UK,UKM3,50.95,-2.63333,-2612300,4,"Yeovil, Somerset, United Kingdom",UK,UKM3,50.95,-2.63333,-2612300,4,"Yeovil, Somerset, United Kingdom",UK,UKM3,50.95,-2.63333,-2612300,20160608,http://www.yeovilexpress.co.uk/news/14540831.Chard_couple_raise___1_000_for_cancer_charities_with_golden_anniversary_gifts/
548357261,20160509,201605,2016,2016.3534,LEG,REPRESENTATIVES,,,,,,LEG,,,GBR,UNITED KINGDOM,GBR,,,,,,,,1,042,042,04,1,1.9,18,3,18,0.897320545524143,4,"Ilminster, Somerset, United Kingdom",UK,UKM3,50.9333,-2.91667,-2599360,4,"Ilminster, Somerset, United Kingdom",UK,UKM3,50.9333,-2.91667,-2599360,4,"Ilminster, Somerset, United Kingdom",UK,UKM3,50.9333,-2.91667,-2599360,20160608,http://www.yeovilexpress.co.uk/news/14540831.Chard_couple_raise___1_000_for_cancer_charities_with_golden_anniversary_gifts/
548357262,20160509,201605,2016,2016.3534,LEG,REPRESENTATIVES,,,,,,LEG,,,GBR,UNITED KINGDOM,GBR,,,,,,,,1,043,043,04,1,2.8,4,1,4,0.900900900900909,4,"Yeovil, Somerset, United Kingdom",UK,UKM3,50.95,-2.63333,-2612300,4,"Yeovil, Somerset, United Kingdom",UK,UKM3,50.95,-2.63333,-2612300,4,"Yeovil, Somerset, United Kingdom",UK,UKM3,50.95,-2.63333,-2612300,20160608,http://www.yeovilexpress.co.uk/news/14540831.Chard_couple_raise___1_000_for_cancer_charities_with_golden_anniversary_gifts/
548357263,20160509,201605,2016,2016.3534,LEG,REPRESENTATIVES,,,,,,LEG,,,GBR,UNITED KINGDOM,GBR,,,,,,,,1,071,071,07,2,7.4,18,3,18,0.897320545524143,4,"Ilminster, Somerset, United Kingdom",UK,UKM3,50.9333,-2.91667,-2599360,4,"Ilminster, Somerset, United Kingdom",UK,UKM3,50.9333,-2.91667,-2599360,4,"Ilminster, Somerset, United Kingdom",UK,UKM3,50.9333,-2.91667,-2599360,20160608,http://www.yeovilexpress.co.uk/news/14540831.Chard_couple_raise___1_000_for_cancer_charities_with_golden_anniversary_gifts/
548357341,20160608,201606,2016,2016.4329,,,,,,,,,,,CAN,CANADA,CAN,,,,,,,,1,043,043,04,1,2.8,24,3,24,-0.15379265200745,0,,,,,,,4,"Bug Lake, Ontario, Canada",CA,CA08,53.6167,-90.1667,-561815,4,"Bug Lake, Ontario, Canada",CA,CA08,53.6167,-90.1667,-561815,20160608,http://www.finanznachrichten.de/nachrichten-2016-06/37627863-balmoral-intersects-gold-mineralization-over-25-to-48-metre-widths-in-near-surface-southern-bug-lake-gold-trend-quebec-256.htm
548357558,20160608,201606,2016,2016.4329,AUS,AUSTRALIA,AUS,,,,,,,,FRA,PARIS,FRA,,,,,,,,1,042,042,04,1,1.9,6,3,6,0.897320545524143,4,"Sydney, New South Wales, Australia",AS,AS02,-33.8833,151.217,-1603135,4,"Paris, France (general), France",FR,FR00,48.8667,2.33333,-1456928,4,"Paris, France (general), France",FR,FR00,48.8667,2.33333,-1456928,20160608,http://www.yeovilexpress.co.uk/news/14540831.Chard_couple_raise___1_000_for_cancer_charities_with_golden_anniversary_gifts/
548357559,20160608,201606,2016,2016.4329,AUS,AUSTRALIA,AUS,,,,,,,,FRA,PARIS,FRA,,,,,,,,1,042,042,04,1,1.9,18,3,18,0.897320545524143,4,"Ilminster, Somerset, United Kingdom",UK,UKM3,50.9333,-2.91667,-2599360,4,"Ilminster, Somerset, United Kingdom",UK,UKM3,50.9333,-2.91667,-2599360,4,"Ilminster, Somerset, United Kingdom",UK,UKM3,50.9333,-2.91667,-2599360,20160608,http://www.yeovilexpress.co.uk/news/14540831.Chard_couple_raise___1_000_for_cancer_charities_with_golden_anniversary_gifts/
548357560,20160608,201606,2016,2016.4329,AUS,AUSTRALIA,AUS,,,,,,,,FRA,PARIS,FRA,,,,,,,,1,042,042,04,1,1.9,2,1,2,0.900900900900909,4,"Yeovil, Somerset, United Kingdom",UK,UKM3,50.95,-2.63333,-2612300,4,"Sydney, New South Wales, Australia",AS,AS02,-33.8833,151.217,-1603135,4,"Sydney, New South Wales, Australia",AS,AS02,-33.8833,151.217,-1603135,20160608,http://www.yeovilexpress.co.uk/news/14540831.Chard_couple_raise___1_000_for_cancer_charities_with_golden_anniversary_gifts/
548357669,20160608,201606,2016,2016.4329,CAN,CANADA,CAN,,,,,,,,,,,,,,,,,,1,020,020,02,1,3.0,32,4,32,-0.516720635794578,4,"Bug Lake, Ontario, Canada",CA,CA08,53.6167,-90.1667,-561815,0,,,,,,,4,"Bug Lake, Ontario, Canada",CA,CA08,53.6167,-90.1667,-561815,20160608,http://www.finanznachrichten.de/nachrichten-2016-06/37627863-balmoral-intersects-gold-mineralization-over-25-to-48-metre-widths-in-near-surface-southern-bug-lake-gold-trend-quebec-256.htm
548357862,20160608,201606,2016,2016.4329,CVL,COMMUNITY,,,,,,CVL,,,,,,,,,,,,,1,193,193,19,4,-10.0,3,1,3,-6.19307832422586,4,"Anbar, Al Anbar, Iraq",IZ,IZ01,33.3667,43.7167,-3102114,0,,,,,,,4,"Anbar, Al Anbar, Iraq",IZ,IZ01,33.3667,43.7167,-3102114,20160608,http://sacredheartspectrum.com/2016/06/fighting-the-islamic-state-with-iraqs-golden-division-the/
548358031,20160608,201606,2016,2016.4329,FRA,PARIS,FRA,,,,,,,,AUS,AUSTRALIA,AUS,,,,,,,,1,043,043,04,1,2.8,24,3,24,0.897320545524143,4,"Paris, France (general), France",FR,FR00,48.8667,2.33333,-1456928,4,"Sydney, New South Wales, Australia",AS,AS02,-33.8833,151.217,-1603135,4,"Paris, France (general), France",FR,FR00,48.8667,2.33333,-1456928,20160608,http://www.yeovilexpress.co.uk/news/14540831.Chard_couple_raise___1_000_for_cancer_charities_with_golden_anniversary_gifts/
548358032,20160608,201606,2016,2016.4329,FRA,PARIS,FRA,,,,,,,,AUS,AUSTRALIA,AUS,,,,,,,,1,043,043,04,1,2.8,2,1,2,0.900900900900909,4,"Sydney, New South Wales, Australia",AS,AS02,-33.8833,151.217,-1603135,4,"Yeovil, Somerset, United Kingdom",UK,UKM3,50.95,-2.63333,-2612300,4,"Sydney, New South Wales, Australia",AS,AS02,-33.8833,151.217,-1603135,20160608,http://www.yeovilexpress.co.uk/news/14540831.Chard_couple_raise___1_000_for_cancer_charities_with_golden_anniversary_gifts/
548358053,20160608,201606,2016,2016.4329,GBR,UNITED KINGDOM,GBR,,,,,,,,,,,,,,,,,,1,017,017,01,1,0.0,4,1,4,0.900900900900909,4,"Yeovil, Somerset, United Kingdom",UK,UKM3,50.95,-2.63333,-2612300,0,,,,,,,4,"Yeovil, Somerset, United Kingdom",UK,UKM3,50.95,-2.63333,-2612300,20160608,http://www.yeovilexpress.co.uk/news/14540831.Chard_couple_raise___1_000_for_cancer_charities_with_golden_anniversary_gifts/
548358234,20160608,201606,2016,2016.4329,GOV,GOVERNMENT,,,,,,GOV,,,CVL,COMMUNITY,,,,,,CVL,,,1,110,110,11,3,-2.0,5,1,5,-6.19307832422586,4,"Anbar, Al Anbar, Iraq",IZ,IZ01,33.3667,43.7167,-3102114,4,"Anbar, Al Anbar, Iraq",IZ,IZ01,33.3667,43.7167,-3102114,4,"Anbar, Al Anbar, Iraq",IZ,IZ01,33.3667,43.7167,-3102114,20160608,http://sacredheartspectrum.com/2016/06/fighting-the-islamic-state-with-iraqs-golden-division-the/
548358470,20160608,201606,2016,2016.4329,IRQ,IRAQ,IRQ,,,,,,,,CVL,COMMUNITY,,,,,,CVL,,,1,193,193,19,4,-10.0,2,1,2,-6.19307832422586,4,"Anbar, Al Anbar, Iraq",IZ,IZ01,33.3667,43.7167,-3102114,4,"Anbar, Al Anbar, Iraq",IZ,IZ01,33.3667,43.7167,-3102114,4,"Anbar, Al Anbar, Iraq",IZ,IZ01,33.3667,43.7167,-3102114,20160608,http://sacredheartspectrum.com/2016/06/fighting-the-islamic-state-with-iraqs-golden-division-the/
548361143,20150609,201506,2015,2015.4356,EGY,EGYPT,EGY,,,,,,,,,,,,,,,,,,0,080,080,08,2,5.0,104,17,104,0.475776072571583,4,"Eastern Desert, Al Ba?r al A?mar, Egypt",EG,EG02,28,32,-302060,0,,,,,,,4,"Eastern Desert, Al Ba?r al A?mar, Egypt",EG,EG02,28,32,-302060,20160608,http://www.reuters.com/article/egypt-gold-idUSL3N18N2QB
548361144,20150609,201506,2015,2015.4356,EGYGOV,EGYPT,EGY,,,,,GOV,,,,,,,,,,,,,1,070,070,07,2,7.0,270,16,270,0.441165270019663,4,"Eastern Desert, Al Ba?r al A?mar, Egypt",EG,EG02,28,32,-302060,0,,,,,,,4,"Eastern Desert, Al Ba?r al A?mar, Egypt",EG,EG02,28,32,-302060,20160608,http://www.reuters.com/article/egypt-gold-idUSL3N18N2QB
548361519,20160608,201606,2016,2016.4329,BUS,INVESTOR,,,,,,BUS,,,EGY,EGYPT,EGY,,,,,,,,1,043,043,04,1,2.8,139,18,139,0.499027527847653,4,"Eastern Desert, Al Ba?r al A?mar, Egypt",EG,EG02,28,32,-302060,4,"Eastern Desert, Al Ba?r al A?mar, Egypt",EG,EG02,28,32,-302060,4,"Eastern Desert, Al Ba?r al A?mar, Egypt",EG,EG02,28,32,-302060,20160608,http://www.reuters.com/article/egypt-gold-idUSL3N18N2QB
548361871,20160608,201606,2016,2016.4329,EGY,EGYPT,EGY,,,,,,,,,,,,,,,,,,0,031,031,03,1,5.2,270,18,270,0.499027527847653,4,"Eastern Desert, Al Ba?r al A?mar, Egypt",EG,EG02,28,32,-302060,0,,,,,,,4,"Eastern Desert, Al Ba?r al A?mar, Egypt",EG,EG02,28,32,-302060,20160608,http://www.reuters.com/article/egypt-gold-idUSL3N18N2QB
548361876,20160608,201606,2016,2016.4329,EGY,EGYPT,EGY,,,,,,,,BUS,INVESTOR,,,,,,BUS,,,1,042,042,04,1,1.9,139,18,139,0.499027527847653,4,"Eastern Desert, Al Ba?r al A?mar, Egypt",EG,EG02,28,32,-302060,4,"Eastern Desert, Al Ba?r al A?mar, Egypt",EG,EG02,28,32,-302060,4,"Eastern Desert, Al Ba?r al A?mar, Egypt",EG,EG02,28,32,-302060,20160608,http://www.reuters.com/article/egypt-gold-idUSL3N18N2QB
548365030,20160608,201606,2016,2016.4329,TUR,TURKEY,TUR,,,,,,,,USA,UNITED STATES,USA,,,,,,,,1,042,042,04,1,1.9,6,1,6,4.86486486486487,1,Turkey,TU,TU,39,35,TU,2,"Colorado, United States",US,USCO,39.0646,-105.327,CO,2,"Colorado, United States",US,USCO,39.0646,-105.327,CO,20160608,http://abc13.com/pets/golden-retrievers-get-new-chance-at-life-in-the-us-/1376559/
548365233,20160608,201606,2016,2016.4329,USA,UNITED STATES,USA,,,,,,,,TUR,TURKEY,TUR,,,,,,,,1,043,043,04,1,2.8,6,1,6,4.86486486486487,3,"Denver International Airport, Colorado, United States",US,USCO,39.8589,-104.673,204356,1,Turkey,TU,TU,39,35,TU,3,"Denver International Airport, Colorado, United States",US,USCO,39.8589,-104.673,204356,20160608,http://abc13.com/pets/golden-retrievers-get-new-chance-at-life-in-the-us-/1376559/
548371423,20160608,201606,2016,2016.4329,,,,,,,,,,,CVL,VOTER,,,,,,CVL,,,1,051,051,05,1,3.4,114,6,114,-5.21491502944425,0,,,,,,,4,"Brisbane, Queensland, Australia",AS,AS04,-27.5,153.017,-1561728,4,"Brisbane, Queensland, Australia",AS,AS04,-27.5,153.017,-1561728,20160608,http://www.goldcoastbulletin.com.au/news/national/federal-election/shorten-in-a-leagues-club-of-his-own-as-he-wins-over-voters/news-story/7e856e15c2f8109795a09f0404e60bdf?nk=69dce6b495c37c25a9685329b8299c67-1465389232
548371649,20160608,201606,2016,2016.4329,AUS,AUSTRALIA,AUS,,,,,,,,,,,,,,,,,,1,080,080,08,2,5.0,76,6,76,-5.21491502944425,4,"Brisbane, Queensland, Australia",AS,AS04,-27.5,153.017,-1561728,0,,,,,,,4,"Brisbane, Queensland, Australia",AS,AS04,-27.5,153.017,-1561728,20160608,http://www.goldcoastbulletin.com.au/news/national/federal-election/shorten-in-a-leagues-club-of-his-own-as-he-wins-over-voters/news-story/7e856e15c2f8109795a09f0404e60bdf?nk=69dce6b495c37c25a9685329b8299c67-1465389232
548371656,20160608,201606,2016,2016.4329,AUS,AUSTRALIA,AUS,,,,,,,,GOV,GOVERNMENT,,,,,,GOV,,,0,012,012,01,1,-0.4,38,6,38,-5.21491502944425,4,"Brisbane, Queensland, Australia",AS,AS04,-27.5,153.017,-1561728,4,"Brisbane, Queensland, Australia",AS,AS04,-27.5,153.017,-1561728,4,"Brisbane, Queensland, Australia",AS,AS04,-27.5,153.017,-1561728,20160608,http://www.goldcoastbulletin.com.au/news/national/federal-election/shorten-in-a-leagues-club-of-his-own-as-he-wins-over-voters/news-story/7e856e15c2f8109795a09f0404e60bdf?nk=69dce6b495c37c25a9685329b8299c67-1465389232
548371658,20160608,201606,2016,2016.4329,AUS,AUSTRALIA,AUS,,,,,,,,GOV,PRIME MINISTER,,,,,,GOV,,,0,193,193,19,4,-10.0,76,6,76,-5.21491502944425,4,"Brisbane, Queensland, Australia",AS,AS04,-27.5,153.017,-1561728,4,"Brisbane, Queensland, Australia",AS,AS04,-27.5,153.017,-1561728,4,"Brisbane, Queensland, Australia",AS,AS04,-27.5,153.017,-1561728,20160608,http://www.goldcoastbulletin.com.au/news/national/federal-election/shorten-in-a-leagues-club-of-his-own-as-he-wins-over-voters/news-story/7e856e15c2f8109795a09f0404e60bdf?nk=69dce6b495c37c25a9685329b8299c67-1465389232
548372071,20160608,201606,2016,2016.4329,CVL,VOTER,,,,,,CVL,,,AUS,AUSTRALIA,AUS,,,,,,,,1,051,051,05,1,3.4,76,6,76,-5.21491502944425,4,"Brisbane, Queensland, Australia",AS,AS04,-27.5,153.017,-1561728,4,"Brisbane, Queensland, Australia",AS,AS04,-27.5,153.017,-1561728,4,"Brisbane, Queensland, Australia",AS,AS04,-27.5,153.017,-1561728,20160608,http://www.goldcoastbulletin.com.au/news/national/federal-election/shorten-in-a-leagues-club-of-his-own-as-he-wins-over-voters/news-story/7e856e15c2f8109795a09f0404e60bdf?nk=69dce6b495c37c25a9685329b8299c67-1465389232
548372451,20160608,201606,2016,2016.4329,GOV,GOVERNMENT,,,,,,GOV,,,,,,,,,,,,,0,012,012,01,1,-0.4,57,6,57,-5.21491502944425,4,"Brisbane, Queensland, Australia",AS,AS04,-27.5,153.017,-1561728,0,,,,,,,4,"Brisbane, Queensland, Australia",AS,AS04,-27.5,153.017,-1561728,20160608,http://www.goldcoastbulletin.com.au/news/national/federal-election/shorten-in-a-leagues-club-of-his-own-as-he-wins-over-voters/news-story/7e856e15c2f8109795a09f0404e60bdf?nk=69dce6b495c37c25a9685329b8299c67-1465389232
548377728,20160608,201606,2016,2016.4329,,,,,,,,,,,EDU,UNIVERSITY,,,,,,EDU,,,1,014,014,01,1,0.0,4,1,4,0.53050397877984,0,,,,,,,4,"Newport, Newport, United Kingdom",UK,UKY6,51.5833,-2.98333,-2604041,4,"Newport, Newport, United Kingdom",UK,UKY6,51.5833,-2.98333,-2604041,20160608,http://www.scienceworldreport.com/articles/41674/20160608/goldfish-recognized-never-knew.htm
548377744,20160608,201606,2016,2016.4329,,,,,,,,,,,GBR,UNITED KINGDOM,GBR,,,,,,,,1,014,014,01,1,0.0,6,1,6,0.53050397877984,0,,,,,,,4,"Newport, Newport, United Kingdom",UK,UKY6,51.5833,-2.98333,-2604041,4,"Newport, Newport, United Kingdom",UK,UKY6,51.5833,-2.98333,-2604041,20160608,http://www.scienceworldreport.com/articles/41674/20160608/goldfish-recognized-never-knew.htm
548378024,20160608,201606,2016,2016.4329,AUS,AUSTRALIA,AUS,,,,,,,,LAB,WORKER,,,,,,LAB,,,0,173,173,17,4,-5.0,4,1,4,-1.80790960451977,1,China,CH,CH,35,105,CH,1,China,CH,CH,35,105,CH,1,China,CH,CH,35,105,CH,20160608,http://www.screendaily.com/reviews/goldstone-review/5104638.article?blocktitle=REVIEWS&contentID=40296
548378124,20160608,201606,2016,2016.4329,BUS,COMPANY,,,,,,BUS,,,,,,,,,,,,,1,030,030,03,1,4.0,10,1,10,1.89982728842832,4,"Handeni, Tanga, Tanzania",TZ,TZ18,-5.43333,38.0167,-2562766,0,,,,,,,4,"Handeni, Tanga, Tanzania",TZ,TZ18,-5.43333,38.0167,-2562766,20160608,http://www.finanznachrichten.de/nachrichten-2016-06/37628947-handeni-gold-inc-announces-reverse-stock-split-256.htm
548378381,20160608,201606,2016,2016.4329,COP,DETECTIVE,,,,,,COP,,,idg,INDIGENOUS,,,idg,,,,,,0,043,043,04,1,2.8,2,1,2,-2.64817150063052,4,"Sydney, New South Wales, Australia",AS,AS02,-33.8833,151.217,-1603135,1,Laos,LA,LA,18,105,LA,4,"Sydney, New South Wales, Australia",AS,AS02,-33.8833,151.217,-1603135,20160608,http://variety.com/2016/film/festivals/goldstone-review-1201790997/
548378382,20160608,201606,2016,2016.4329,COP,DETECTIVE,,,,,,COP,,,idg,INDIGENOUS,,,idg,,,,,,0,043,043,04,1,2.8,2,1,2,-2.64817150063052,1,Laos,LA,LA,18,105,LA,1,Laos,LA,LA,18,105,LA,4,"Sydney, New South Wales, Australia",AS,AS02,-33.8833,151.217,-1603135,20160608,http://variety.com/2016/film/festivals/goldstone-review-1201790997/
548378383,20160608,201606,2016,2016.4329,COP,DETECTIVE,,,,,,COP,,,idg,INDIGENOUS,,,idg,,,,,,0,043,043,04,1,2.8,6,1,6,-2.64817150063052,1,Laos,LA,LA,18,105,LA,1,Laos,LA,LA,18,105,LA,1,Laos,LA,LA,18,105,LA,20160608,http://variety.com/2016/film/festivals/goldstone-review-1201790997/
548378661,20160608,201606,2016,2016.4329,GBR,UNITED KINGDOM,GBR,,,,,,,,,,,,,,,,,,1,120,120,12,3,-4.0,6,1,6,0.53050397877984,4,"Newport, Newport, United Kingdom",UK,UKY6,51.5833,-2.98333,-2604041,0,,,,,,,4,"Newport, Newport, United Kingdom",UK,UKY6,51.5833,-2.98333,-2604041,20160608,http://www.scienceworldreport.com/articles/41674/20160608/goldfish-recognized-never-knew.htm
548379223,20160608,201606,2016,2016.4329,LAO,LAOS,LAO,,,,,,,,,,,,,,,,,,0,036,036,03,1,4.0,2,1,2,-2.64817150063052,1,Laos,LA,LA,18,105,LA,0,,,,,,,1,Laos,LA,LA,18,105,LA,20160608,http://variety.com/2016/film/festivals/goldstone-review-1201790997/
548380290,20160608,201606,2016,2016.4329,idg,INDIGENOUS,,,idg,,,,,,AUS,AUSTRALIA,AUS,,,,,,,,1,080,080,08,2,5.0,4,1,4,-2.64817150063052,4,"Sydney, New South Wales, Australia",AS,AS02,-33.8833,151.217,-1603135,4,"Sydney, New South Wales, Australia",AS,AS02,-33.8833,151.217,-1603135,4,"Sydney, New South Wales, Australia",AS,AS02,-33.8833,151.217,-1603135,20160608,http://variety.com/2016/film/festivals/goldstone-review-1201790997/
548380291,20160608,201606,2016,2016.4329,idg,INDIGENOUS,,,idg,,,,,,COP,DETECTIVE,,,,,,COP,,,0,042,042,04,1,1.9,2,1,2,-2.64817150063052,1,Laos,LA,LA,18,105,LA,4,"Sydney, New South Wales, Australia",AS,AS02,-33.8833,151.217,-1603135,4,"Sydney, New South Wales, Australia",AS,AS02,-33.8833,151.217,-1603135,20160608,http://variety.com/2016/film/festivals/goldstone-review-1201790997/
548380292,20160608,201606,2016,2016.4329,idg,INDIGENOUS,,,idg,,,,,,COP,DETECTIVE,,,,,,COP,,,0,042,042,04,1,1.9,2,1,2,-2.64817150063052,1,Laos,LA,LA,18,105,LA,1,Laos,LA,LA,18,105,LA,4,"Sydney, New South Wales, Australia",AS,AS02,-33.8833,151.217,-1603135,20160608,http://variety.com/2016/film/festivals/goldstone-review-1201790997/
548380293,20160608,201606,2016,2016.4329,idg,INDIGENOUS,,,idg,,,,,,COP,DETECTIVE,,,,,,COP,,,0,042,042,04,1,1.9,6,1,6,-2.64817150063052,1,Laos,LA,LA,18,105,LA,1,Laos,LA,LA,18,105,LA,1,Laos,LA,LA,18,105,LA,20160608,http://variety.com/2016/film/festivals/goldstone-review-1201790997/
548383089,20160608,201606,2016,2016.4329,GBR,UNITED KINGDOM,GBR,,,,,,,,DEU,HANOVER,DEU,,,,,,,,1,111,111,11,3,-2.0,30,2,30,3.31491712707182,1,United Kingdom,UK,UK,54,-2,UK,1,United Kingdom,UK,UK,54,-2,UK,1,United Kingdom,UK,UK,54,-2,UK,20160608,http://www.bakeryandsnacks.com/Regulation-Safety/Frito-Lay-recalls-Rold-Gold-pretzels-over-risk-of-peanut-in-flour
548383241,20160608,201606,2016,2016.4329,GOV,GOVERNMENT,,,,,,GOV,,,DEU,GERMANY,DEU,,,,,,,,1,080,080,08,2,5.0,40,2,40,0.65767095966324,1,Germany,GM,GM,51,9,GM,1,Germany,GM,GM,51,9,GM,1,Germany,GM,GM,51,9,GM,20160608,http://www.forbes.com/sites/kitconews/2016/06/08/gold-hits-2-week-high-amid-bullish-outside-markets/
548386745,20160509,201605,2016,2016.3534,GBR,UNITED KINGDOM,GBR,,,,,,,,LEG,REPRESENTATIVES,,,,,,LEG,,,1,042,042,04,1,1.9,8,2,8,0.89553036783576,4,"Ilminster, Somerset, United Kingdom",UK,UKM3,50.9333,-2.91667,-2599360,4,"Ilminster, Somerset, United Kingdom",UK,UKM3,50.9333,-2.91667,-2599360,4,"Ilminster, Somerset, United Kingdom",UK,UKM3,50.9333,-2.91667,-2599360,20160608,http://www.thisisthewestcountry.co.uk/news/14540831.Chard_couple_raise___1_000_for_cancer_charities_with_golden_anniversary_gifts/
548386746,20160509,201605,2016,2016.3534,GBR,UNITED KINGDOM,GBR,,,,,,,,LEG,REPRESENTATIVES,,,,,,LEG,,,1,071,071,07,2,7.4,8,2,8,0.89553036783576,4,"Ilminster, Somerset, United Kingdom",UK,UKM3,50.9333,-2.91667,-2599360,4,"Ilminster, Somerset, United Kingdom",UK,UKM3,50.9333,-2.91667,-2599360,4,"Ilminster, Somerset, United Kingdom",UK,UKM3,50.9333,-2.91667,-2599360,20160608,http://www.thisisthewestcountry.co.uk/news/14540831.Chard_couple_raise___1_000_for_cancer_charities_with_golden_anniversary_gifts/
548386749,20160509,201605,2016,2016.3534,LEG,REPRESENTATIVES,,,,,,LEG,,,GBR,UNITED KINGDOM,GBR,,,,,,,,1,043,043,04,1,2.8,8,2,8,0.89553036783576,4,"Ilminster, Somerset, United Kingdom",UK,UKM3,50.9333,-2.91667,-2599360,4,"Ilminster, Somerset, United Kingdom",UK,UKM3,50.9333,-2.91667,-2599360,4,"Ilminster, Somerset, United Kingdom",UK,UKM3,50.9333,-2.91667,-2599360,20160608,http://www.thisisthewestcountry.co.uk/news/14540831.Chard_couple_raise___1_000_for_cancer_charities_with_golden_anniversary_gifts/
548387003,20160608,201606,2016,2016.4329,,,,,,,,,,,USA,UNITED STATES,USA,,,,,,,,0,111,111,11,3,-2.0,2,1,2,-6.56013456686291,0,,,,,,,3,"Alvord Lake, Oregon, United States",US,USOR,42.3788,-118.605,1116903,3,"Alvord Lake, Oregon, United States",US,USOR,42.3788,-118.605,1116903,20160608,https://www.washingtonpost.com/news/morning-mix/wp/2016/06/08/brutal-slaying-in-golden-gate-park-stirs-san-franciscos-raging-debate-over-homelessness/
548387136,20160608,201606,2016,2016.4329,AUS,AUSTRALIA,AUS,,,,,,,,FRA,PARIS,FRA,,,,,,,,1,042,042,04,1,1.9,4,2,4,0.89553036783576,4,"Ilminster, Somerset, United Kingdom",UK,UKM3,50.9333,-2.91667,-2599360,4,"Sydney, New South Wales, Australia",AS,AS02,-33.8833,151.217,-1603135,4,"Sydney, New South Wales, Australia",AS,AS02,-33.8833,151.217,-1603135,20160608,http://www.thisisthewestcountry.co.uk/news/14540831.Chard_couple_raise___1_000_for_cancer_charities_with_golden_anniversary_gifts/
548387284,20160608,201606,2016,2016.4329,BUS,CORPORATION,,,,,,BUS,,,AUS,AUSTRALIA,AUS,,,,,,,,1,061,061,06,2,6.4,5,1,5,2.47349823321555,1,France,FR,FR,46,2,FR,1,France,FR,FR,46,2,FR,1,France,FR,FR,46,2,FR,20160608,http://www.pv-tech.org/news/large-scale-hybrid-project-completed-at-australian-copper-and-gold-mine
548387491,20160608,201606,2016,2016.4329,CHRCTH441,FRANCISCANS,,,,CHR,CTH,,,,CVL,POPULATION,,,,,,CVL,,,0,010,010,01,1,0.0,8,1,8,-6.56013456686291,3,"Marin County, California, United States",US,USCA,38.0666,-122.734,277285,3,"Marin County, California, United States",US,USCA,38.0666,-122.734,277285,3,"Marin County, California, United States",US,USCA,38.0666,-122.734,277285,20160608,https://www.washingtonpost.com/news/morning-mix/wp/2016/06/08/brutal-slaying-in-golden-gate-park-stirs-san-franciscos-raging-debate-over-homelessness/
548387492,20160608,201606,2016,2016.4329,CHRCTH441,FRANCISCANS,,,,CHR,CTH,,,,CVL,POPULATION,,,,,,CVL,,,0,010,010,01,1,0.0,2,1,2,-6.56013456686291,3,"San Francisco, California, United States",US,USCA,37.7749,-122.419,277593,3,"San Francisco, California, United States",US,USCA,37.7749,-122.419,277593,3,"San Francisco, California, United States",US,USCA,37.7749,-122.419,277593,20160608,https://www.washingtonpost.com/news/morning-mix/wp/2016/06/08/brutal-slaying-in-golden-gate-park-stirs-san-franciscos-raging-debate-over-homelessness/
548387493,20160608,201606,2016,2016.4329,CHRCTH441,FRANCISCANS,,,,CHR,CTH,,,,CVL,POPULATION,,,,,,CVL,,,0,182,182,18,4,-9.5,8,1,8,-6.56013456686291,3,"Marin County, California, United States",US,USCA,38.0666,-122.734,277285,3,"Marin County, California, United States",US,USCA,38.0666,-122.734,277285,3,"Marin County, California, United States",US,USCA,38.0666,-122.734,277285,20160608,https://www.washingtonpost.com/news/morning-mix/wp/2016/06/08/brutal-slaying-in-golden-gate-park-stirs-san-franciscos-raging-debate-over-homelessness/
548387494,20160608,201606,2016,2016.4329,CHRCTH441,FRANCISCANS,,,,CHR,CTH,,,,CVL,POPULATION,,,,,,CVL,,,0,182,182,18,4,-9.5,2,1,2,-6.56013456686291,3,"San Francisco, California, United States",US,USCA,37.7749,-122.419,277593,3,"San Francisco, California, United States",US,USCA,37.7749,-122.419,277593,3,"San Francisco, California, United States",US,USCA,37.7749,-122.419,277593,20160608,https://www.washingtonpost.com/news/morning-mix/wp/2016/06/08/brutal-slaying-in-golden-gate-park-stirs-san-franciscos-raging-debate-over-homelessness/
548387862,20160608,201606,2016,2016.4329,FRA,PARIS,FRA,,,,,,,,AUS,AUSTRALIA,AUS,,,,,,,,1,043,043,04,1,2.8,4,2,4,0.89553036783576,4,"Sydney, New South Wales, Australia",AS,AS02,-33.8833,151.217,-1603135,4,"Ilminster, Somerset, United Kingdom",UK,UKM3,50.9333,-2.91667,-2599360,4,"Sydney, New South Wales, Australia",AS,AS02,-33.8833,151.217,-1603135,20160608,http://www.thisisthewestcountry.co.uk/news/14540831.Chard_couple_raise___1_000_for_cancer_charities_with_golden_anniversary_gifts/
548387890,20160608,201606,2016,2016.4329,GBR,UNITED KINGDOM,GBR,,,,,,,,,,,,,,,,,,1,017,017,01,1,0.0,8,2,8,0.89553036783576,4,"Ilminster, Somerset, United Kingdom",UK,UKM3,50.9333,-2.91667,-2599360,0,,,,,,,4,"Ilminster, Somerset, United Kingdom",UK,UKM3,50.9333,-2.91667,-2599360,20160608,http://www.thisisthewestcountry.co.uk/news/14540831.Chard_couple_raise___1_000_for_cancer_charities_with_golden_anniversary_gifts/
548388468,20160608,201606,2016,2016.4329,JUD,PROSECUTOR,,,,,,JUD,,,USA,UNITED STATES,USA,,,,,,,,0,111,111,11,3,-2.0,1,1,1,-6.56013456686291,3,"Alvord Lake, Oregon, United States",US,USOR,42.3788,-118.605,1116903,3,"Alvord Lake, Oregon, United States",US,USOR,42.3788,-118.605,1116903,3,"Alvord Lake, Oregon, United States",US,USOR,42.3788,-118.605,1116903,20160608,https://www.washingtonpost.com/news/morning-mix/wp/2016/06/08/brutal-slaying-in-golden-gate-park-stirs-san-franciscos-raging-debate-over-homelessness/
548388679,20160608,201606,2016,2016.4329,MED,SPOKESMAN,,,,,,MED,,,JUD,ATTORNEY,,,,,,JUD,,,0,010,010,01,1,0.0,3,1,3,-6.56013456686291,3,"San Francisco, California, United States",US,USCA,37.7749,-122.419,277593,3,"San Francisco, California, United States",US,USCA,37.7749,-122.419,277593,3,"San Francisco, California, United States",US,USCA,37.7749,-122.419,277593,20160608,https://www.washingtonpost.com/news/morning-mix/wp/2016/06/08/brutal-slaying-in-golden-gate-park-stirs-san-franciscos-raging-debate-over-homelessness/
548388690,20160608,201606,2016,2016.4329,MED,SPOKESMAN,,,,,,MED,,,USA,SAN FRANCISCO,USA,,,,,,,,0,010,010,01,1,0.0,2,1,2,-6.56013456686291,3,"San Francisco, California, United States",US,USCA,37.7749,-122.419,277593,3,"San Francisco, California, United States",US,USCA,37.7749,-122.419,277593,3,"San Francisco, California, United States",US,USCA,37.7749,-122.419,277593,20160608,https://www.washingtonpost.com/news/morning-mix/wp/2016/06/08/brutal-slaying-in-golden-gate-park-stirs-san-franciscos-raging-debate-over-homelessness/
548389266,20160608,201606,2016,2016.4329,USA,UNITED STATES,USA,,,,,,,,,,,,,,,,,,0,010,010,01,1,0.0,7,1,6,-6.56013456686291,3,"Marin County, California, United States",US,USCA,38.0666,-122.734,277285,0,,,,,,,3,"Marin County, California, United States",US,USCA,38.0666,-122.734,277285,20160608,https://www.washingtonpost.com/news/morning-mix/wp/2016/06/08/brutal-slaying-in-golden-gate-park-stirs-san-franciscos-raging-debate-over-homelessness/
548389280,20160608,201606,2016,2016.4329,USA,UNITED STATES,USA,,,,,,,,,,,,,,,,,,0,015,015,01,1,0.0,2,1,2,-6.56013456686291,3,"San Francisco, California, United States",US,USCA,37.7749,-122.419,277593,0,,,,,,,3,"Marin County, California, United States",US,USCA,38.0666,-122.734,277285,20160608,https://www.washingtonpost.com/news/morning-mix/wp/2016/06/08/brutal-slaying-in-golden-gate-park-stirs-san-franciscos-raging-debate-over-homelessness/
548389302,20160608,201606,2016,2016.4329,USA,UNITED STATES,USA,,,,,,,,,,,,,,,,,,1,040,040,04,1,1.0,1,1,1,-6.56013456686291,3,"Golden Gate Park, California, United States",US,USCA,37.7691,-122.48,224295,0,,,,,,,3,"San Francisco, California, United States",US,USCA,37.7749,-122.419,277593,20160608,https://www.washingtonpost.com/news/morning-mix/wp/2016/06/08/brutal-slaying-in-golden-gate-park-stirs-san-franciscos-raging-debate-over-homelessness/
548389361,20160608,201606,2016,2016.4329,USA,UNITED STATES,USA,,,,,,,,,,,,,,,,,,0,190,190,19,4,-10.0,4,1,4,-6.56013456686291,3,"San Francisco, California, United States",US,USCA,37.7749,-122.419,277593,0,,,,,,,3,"Marin County, California, United States",US,USCA,38.0666,-122.734,277285,20160608,https://www.washingtonpost.com/news/morning-mix/wp/2016/06/08/brutal-slaying-in-golden-gate-park-stirs-san-franciscos-raging-debate-over-homelessness/
548389448,20160608,201606,2016,2016.4329,USA,UNITED STATES,USA,,,,,,,,GOV,AUTHORITIES,,,,,,GOV,,,0,180,180,18,4,-9.0,1,1,1,-6.56013456686291,3,"Marin County, California, United States",US,USCA,38.0666,-122.734,277285,3,"Marin County, California, United States",US,USCA,38.0666,-122.734,277285,3,"Marin County, California, United States",US,USCA,38.0666,-122.734,277285,20160608,https://www.washingtonpost.com/news/morning-mix/wp/2016/06/08/brutal-slaying-in-golden-gate-park-stirs-san-franciscos-raging-debate-over-homelessness/
548389449,20160608,201606,2016,2016.4329,USA,UNITED STATES,USA,,,,,,,,GOV,AUTHORITIES,,,,,,GOV,,,0,180,180,18,4,-9.0,1,1,1,-6.56013456686291,3,"San Francisco, California, United States",US,USCA,37.7749,-122.419,277593,3,"Marin County, California, United States",US,USCA,38.0666,-122.734,277285,3,"Marin County, California, United States",US,USCA,38.0666,-122.734,277285,20160608,https://www.washingtonpost.com/news/morning-mix/wp/2016/06/08/brutal-slaying-in-golden-gate-park-stirs-san-franciscos-raging-debate-over-homelessness/
548389451,20160608,201606,2016,2016.4329,USA,UNITED STATES,USA,,,,,,,,HINAST700,YOGA,,,,HIN,,,,,0,180,180,18,4,-9.0,1,1,1,-6.56013456686291,3,"Marin County, California, United States",US,USCA,38.0666,-122.734,277285,3,"Marin County, California, United States",US,USCA,38.0666,-122.734,277285,3,"Marin County, California, United States",US,USCA,38.0666,-122.734,277285,20160608,https://www.washingtonpost.com/news/morning-mix/wp/2016/06/08/brutal-slaying-in-golden-gate-park-stirs-san-franciscos-raging-debate-over-homelessness/
548389452,20160608,201606,2016,2016.4329,USA,UNITED STATES,USA,,,,,,,,HINAST700,YOGA,,,,HIN,,,,,0,180,180,18,4,-9.0,1,1,1,-6.56013456686291,3,"San Francisco, California, United States",US,USCA,37.7749,-122.419,277593,3,"Golden Gate Park, California, United States",US,USCA,37.7691,-122.48,224295,3,"Marin County, California, United States",US,USCA,38.0666,-122.734,277285,20160608,https://www.washingtonpost.com/news/morning-mix/wp/2016/06/08/brutal-slaying-in-golden-gate-park-stirs-san-franciscos-raging-debate-over-homelessness/
548389722,20160608,201606,2016,2016.4329,USAMED,SAN FRANCISCO,USA,,,,,MED,,,USA,NEW YORK,USA,,,,,,,,0,013,013,01,1,0.4,2,1,2,-6.56013456686291,3,"San Francisco, California, United States",US,USCA,37.7749,-122.419,277593,3,"San Francisco, California, United States",US,USCA,37.7749,-122.419,277593,3,"San Francisco, California, United States",US,USCA,37.7749,-122.419,277593,20160608,https://www.washingtonpost.com/news/morning-mix/wp/2016/06/08/brutal-slaying-in-golden-gate-park-stirs-san-franciscos-raging-debate-over-homelessness/
548389723,20160608,201606,2016,2016.4329,USAMED,UNITED STATES,USA,,,,,MED,,,USA,UNITED STATES,USA,,,,,,,,0,013,013,01,1,0.4,1,1,1,-6.56013456686291,3,"San Francisco, California, United States",US,USCA,37.7749,-122.419,277593,2,"New York, United States",US,USNY,42.1497,-74.9384,NY,3,"San Francisco, California, United States",US,USCA,37.7749,-122.419,277593,20160608,https://www.washingtonpost.com/news/morning-mix/wp/2016/06/08/brutal-slaying-in-golden-gate-park-stirs-san-franciscos-raging-debate-over-homelessness/
548389724,20160608,201606,2016,2016.4329,USAMED,SAN FRANCISCO,USA,,,,,MED,,,USA,NEW YORK,USA,,,,,,,,0,013,013,01,1,0.4,4,1,4,-6.56013456686291,3,"San Francisco, California, United States",US,USCA,37.7749,-122.419,277593,2,"New York, United States",US,USNY,42.1497,-74.9384,NY,2,"New York, United States",US,USNY,42.1497,-74.9384,NY,20160608,https://www.washingtonpost.com/news/morning-mix/wp/2016/06/08/brutal-slaying-in-golden-gate-park-stirs-san-franciscos-raging-debate-over-homelessness/
548391500,20160608,201606,2016,2016.4329,NIC,NICARAGUA,NIC,,,,,,,,BUS,CORPORATION,,,,,,BUS,,,1,071,071,07,2,7.4,6,1,6,2.32412060301508,4,"Monte Carmelo, Carazo, Nicaragua",NU,NU02,11.7309,-86.3462,11238979,4,"Vancouver, British Columbia, Canada",CA,CA02,49.25,-123.133,-575268,4,"Monte Carmelo, Carazo, Nicaragua",NU,NU02,11.7309,-86.3462,11238979,20160608,http://www.finanznachrichten.de/nachrichten-2016-06/37629598-calibre-mining-drilling-continues-to-expand-gold-silver-vein-systems-at-eastern-borosi-project-northeast-nicaragua-256.htm
548391501,20160608,201606,2016,2016.4329,NIC,NICARAGUA,NIC,,,,,,,,BUS,CORPORATION,,,,,,BUS,,,1,071,071,07,2,7.4,2,1,2,2.32412060301508,4,"Monte Carmelo, Carazo, Nicaragua",NU,NU02,11.7309,-86.3462,11238979,4,"Monte Carmelo, Carazo, Nicaragua",NU,NU02,11.7309,-86.3462,11238979,4,"Monte Carmelo, Carazo, Nicaragua",NU,NU02,11.7309,-86.3462,11238979,20160608,http://www.finanznachrichten.de/nachrichten-2016-06/37629598-calibre-mining-drilling-continues-to-expand-gold-silver-vein-systems-at-eastern-borosi-project-northeast-nicaragua-256.htm
548391502,20160608,201606,2016,2016.4329,NIC,NICARAGUA,NIC,,,,,,,,BUS,CORPORATION,,,,,,BUS,,,1,071,071,07,2,7.4,2,1,2,2.32412060301508,4,"Monte Carmelo, Carazo, Nicaragua",NU,NU02,11.7309,-86.3462,11238979,1,United Kingdom,UK,UK,54,-2,UK,4,"Monte Carmelo, Carazo, Nicaragua",NU,NU02,11.7309,-86.3462,11238979,20160608,http://www.finanznachrichten.de/nachrichten-2016-06/37629598-calibre-mining-drilling-continues-to-expand-gold-silver-vein-systems-at-eastern-borosi-project-northeast-nicaragua-256.htm
548391503,20160608,201606,2016,2016.4329,NIC,NICARAGUA,NIC,,,,,,,,BUS,CORPORATION,,,,,,BUS,,,1,071,071,07,2,7.4,55,5,55,2.18566101001194,1,United States,US,US,38,-97,US,1,United States,US,US,38,-97,US,1,United States,US,US,38,-97,US,20160608,http://www.marketwatch.com/story/calibre-mining-drilling-continues-to-expand-gold-silver-vein-systems-at-eastern-borosi-project-northeast-nicaragua-2016-06-08
548395686,20150609,201506,2015,2015.4356,CAN,CANADA,CAN,,,,,,,,,,,,,,,,,,0,080,080,08,2,5.0,2,1,2,1.10356536502547,4,"Quebec, Quebec, Canada",CA,CA10,47.5,-72,-571850,0,,,,,,,4,"Eastern Desert, Al Ba?r al A?mar, Egypt",EG,EG02,28,32,-302060,20160608,http://www.miningweekly.com/article/pharaohs-shadow-an-omen-in-egypt-gold-search-2016-06-08
548395692,20150609,201506,2015,2015.4356,EGYGOV,EGYPT,EGY,,,,,GOV,,,,,,,,,,,,,1,070,070,07,2,7.0,10,1,10,1.10356536502547,1,Australia,AS,AS,-27,133,AS,0,,,,,,,1,Australia,AS,AS,-27,133,AS,20160608,http://www.miningweekly.com/article/pharaohs-shadow-an-omen-in-egypt-gold-search-2016-06-08
548396162,20160608,201606,2016,2016.4329,BUS,INVESTOR,,,,,,BUS,,,EGY,EGYPT,EGY,,,,,,,,1,043,043,04,1,2.8,1,1,1,1.10356536502547,4,"Quebec, Quebec, Canada",CA,CA10,47.5,-72,-571850,4,"Quebec, Quebec, Canada",CA,CA10,47.5,-72,-571850,4,"Quebec, Quebec, Canada",CA,CA10,47.5,-72,-571850,20160608,http://www.miningweekly.com/article/pharaohs-shadow-an-omen-in-egypt-gold-search-2016-06-08
548396673,20160608,201606,2016,2016.4329,EGY,EGYPT,EGY,,,,,,,,BUS,INVESTOR,,,,,,BUS,,,1,042,042,04,1,1.9,1,1,1,1.10356536502547,4,"Quebec, Quebec, Canada",CA,CA10,47.5,-72,-571850,4,"Quebec, Quebec, Canada",CA,CA10,47.5,-72,-571850,4,"Quebec, Quebec, Canada",CA,CA10,47.5,-72,-571850,20160608,http://www.miningweekly.com/article/pharaohs-shadow-an-omen-in-egypt-gold-search-2016-06-08
548400545,20160608,201606,2016,2016.4329,AUS,AUSTRALIA,AUS,,,,,,,,,,,,,,,,,,1,051,051,05,1,3.4,4,1,4,1.57819225251076,4,"Bulong, Western Australia, Australia",AS,AS08,-30.75,121.8,-1562707,0,,,,,,,4,"Bulong, Western Australia, Australia",AS,AS08,-30.75,121.8,-1562707,20160608,http://www.4-traders.com/news/Southern-Gold-RC-Drilling-Intersects-Mineralized-Alteration-Zones-at-Tooting-Bec--22492103/
548401122,20160608,201606,2016,2016.4329,ELI,ACTOR,,,,,,ELI,,,USA,AMERICAN,USA,,,,,,,,1,042,042,04,1,1.9,6,1,6,0.68027210884353,3,"Las Vegas, Nevada, United States",US,USNV,36.175,-115.137,847388,3,"Las Vegas, Nevada, United States",US,USNV,36.175,-115.137,847388,3,"Las Vegas, Nevada, United States",US,USNV,36.175,-115.137,847388,20160608,http://www.lasvegasnvblog.com/2016/06/drama-actor-roundtable-rami-malek-cuba-gooding-jr-tvs-top-talent-on-arrogant-career-mistakes-and-that-golden-shower-scene/
548401123,20160608,201606,2016,2016.4329,ELI,ACTOR,,,,,,ELI,,,USA,UNITED STATES,USA,,,,,,,,1,042,042,04,1,1.9,4,1,4,0.68027210884353,3,"Las Vegas, Nevada, United States",US,USNV,36.175,-115.137,847388,1,Cuba,CU,CU,21.5,-80,CU,3,"Las Vegas, Nevada, United States",US,USNV,36.175,-115.137,847388,20160608,http://www.lasvegasnvblog.com/2016/06/drama-actor-roundtable-rami-malek-cuba-gooding-jr-tvs-top-talent-on-arrogant-career-mistakes-and-that-golden-shower-scene/
548402440,20160608,201606,2016,2016.4329,USA,AMERICAN,USA,,,,,,,,ELI,ACTOR,,,,,,ELI,,,1,043,043,04,1,2.8,10,1,10,0.68027210884353,3,"Las Vegas, Nevada, United States",US,USNV,36.175,-115.137,847388,1,Cuba,CU,CU,21.5,-80,CU,1,Cuba,CU,CU,21.5,-80,CU,20160608,http://www.lasvegasnvblog.com/2016/06/drama-actor-roundtable-rami-malek-cuba-gooding-jr-tvs-top-talent-on-arrogant-career-mistakes-and-that-golden-shower-scene/
548402815,20160608,201606,2016,2016.4329,,,,,,,,,,,AUS,AUSTRALIA,AUS,,,,,,,,0,1243,124,12,3,-4.0,6,1,6,-7.27272727272727,0,,,,,,,4,"Mount Evelyn, Victoria, Australia",AS,AS07,-37.7833,145.383,-1589299,4,"Mount Evelyn, Victoria, Australia",AS,AS07,-37.7833,145.383,-1589299,20160608,http://www.smh.com.au/victoria/geelong-sex-attack-man-flown-from-gold-coast-over-alleged-rape-abduction-20151107-gkthvh
548402857,20160608,201606,2016,2016.4329,,,,,,,,,,,COP,DETECTIVE,,,,,,COP,,,0,180,180,18,4,-9.0,3,1,3,-5.32915360501568,0,,,,,,,4,"Pimpama, Queensland, Australia",AS,AS04,-27.8167,153.3,-1595053,4,"Pimpama, Queensland, Australia",AS,AS04,-27.8167,153.3,-1595053,20160608,http://www.smh.com.au/victoria/gold-coast-man-brodie-wild-in-court-over-alleged-rape-of-girl-14-in-geelong-20151109-gku28n
548403158,20160608,201606,2016,2016.4329,AUS,MELBOURNE,AUS,,,,,,,,AUSJUD,MELBOURNE,AUS,,,,,JUD,,,1,174,174,17,4,-5.0,3,1,3,-5.32915360501568,1,Ghana,GH,GH,8,-2,GH,1,Ghana,GH,GH,8,-2,GH,1,Ghana,GH,GH,8,-2,GH,20160608,http://www.smh.com.au/victoria/gold-coast-man-brodie-wild-in-court-over-alleged-rape-of-girl-14-in-geelong-20151109-gku28n
548403176,20160608,201606,2016,2016.4329,AUS,AUSTRALIA,AUS,,,,,,,,JUD,COUNSEL,,,,,,JUD,,,0,013,013,01,1,0.4,1,1,1,-5.32915360501568,4,"Perth, Western Australia, Australia",AS,AS08,-31.9333,115.833,-1594675,4,"Perth, Western Australia, Australia",AS,AS08,-31.9333,115.833,-1594675,4,"Perth, Western Australia, Australia",AS,AS08,-31.9333,115.833,-1594675,20160608,http://www.smh.com.au/victoria/gold-coast-man-brodie-wild-in-court-over-alleged-rape-of-girl-14-in-geelong-20151109-gku28n
548403201,20160608,201606,2016,2016.4329,AUSJUD,AUSTRALIA,AUS,,,,,JUD,,,AUS,AUSTRALIA,AUS,,,,,,,,0,014,014,01,1,0.0,2,1,2,-5.32915360501568,4,"Perth, Western Australia, Australia",AS,AS08,-31.9333,115.833,-1594675,4,"Perth, Western Australia, Australia",AS,AS08,-31.9333,115.833,-1594675,4,"Perth, Western Australia, Australia",AS,AS08,-31.9333,115.833,-1594675,20160608,http://www.smh.com.au/victoria/gold-coast-man-brodie-wild-in-court-over-alleged-rape-of-girl-14-in-geelong-20151109-gku28n
548403204,20160608,201606,2016,2016.4329,AUSJUD,AUSTRALIA,AUS,,,,,JUD,,,AUS,MELBOURNE,AUS,,,,,,,,1,174,174,17,4,-5.0,2,1,2,-5.32915360501568,4,"Perth, Western Australia, Australia",AS,AS08,-31.9333,115.833,-1594675,4,"Perth, Western Australia, Australia",AS,AS08,-31.9333,115.833,-1594675,4,"Perth, Western Australia, Australia",AS,AS08,-31.9333,115.833,-1594675,20160608,http://www.smh.com.au/victoria/gold-coast-man-brodie-wild-in-court-over-alleged-rape-of-girl-14-in-geelong-20151109-gku28n
548403289,20160608,201606,2016,2016.4329,BUS,COMPANY,,,,,,BUS,,,,,,,,,,,,,0,020,020,02,1,3.0,7,1,6,1.91256830601093,4,"Eagle Mountain, Potaro-Siparuni, Guyana",GY,GY17,5.21667,-59.1,-919657,0,,,,,,,4,"Eagle Mountain, Potaro-Siparuni, Guyana",GY,GY17,5.21667,-59.1,-919657,20160608,http://news.goldseek.com/PeterSpina/1465431753.php
548403301,20160608,201606,2016,2016.4329,BUS,COMPANY,,,,,,BUS,,,,,,,,,,,,,1,051,051,05,1,3.4,10,1,10,1.91256830601093,4,"Eagle Mountain, Potaro-Siparuni, Guyana",GY,GY17,5.21667,-59.1,-919657,0,,,,,,,4,"Eagle Mountain, Potaro-Siparuni, Guyana",GY,GY17,5.21667,-59.1,-919657,20160608,http://news.goldseek.com/PeterSpina/1465431753.php
548403335,20160608,201606,2016,2016.4329,BUS,COMPANY,,,,,,BUS,,,GUY,GUYANA,GUY,,,,,,,,0,020,020,02,1,3.0,8,1,8,1.91256830601093,4,"Eagle Mountain, Potaro-Siparuni, Guyana",GY,GY17,5.21667,-59.1,-919657,4,"Eagle Mountain, Potaro-Siparuni, Guyana",GY,GY17,5.21667,-59.1,-919657,4,"Eagle Mountain, Potaro-Siparuni, Guyana",GY,GY17,5.21667,-59.1,-919657,20160608,http://news.goldseek.com/PeterSpina/1465431753.php
548403363,20160608,201606,2016,2016.4329,BUSEDU,BANK,,,,,,BUS,EDU,,,,,,,,,,,,1,020,020,02,1,3.0,24,1,12,-3.10190092572963,3,"Washington, District of Columbia, United States",US,USDC,38.8951,-77.0364,531871,0,,,,,,,3,"Washington, District of Columbia, United States",US,USDC,38.8951,-77.0364,531871,20160608,http://www.washingtonexaminer.com/goldman-sachs-ocare-forcing-thousands-into-part-time-work/article/2593315
548403364,20160608,201606,2016,2016.4329,BUSEDU,BANK,,,,,,BUS,EDU,,USA,UNITED STATES,USA,,,,,,,,1,020,020,02,1,3.0,8,1,4,-3.10190092572963,3,"Washington, District of Columbia, United States",US,USDC,38.8951,-77.0364,531871,3,"Washington, District of Columbia, United States",US,USDC,38.8951,-77.0364,531871,3,"Washington, District of Columbia, United States",US,USDC,38.8951,-77.0364,531871,20160608,http://www.washingtonexaminer.com/goldman-sachs-ocare-forcing-thousands-into-part-time-work/article/2593315
548403365,20160608,201606,2016,2016.4329,BUSEDU,BANK,,,,,,BUS,EDU,,USAEDU,UNITED STATES,USA,,,,,EDU,,,1,020,020,02,1,3.0,8,1,4,-3.10190092572963,3,"Washington, District of Columbia, United States",US,USDC,38.8951,-77.0364,531871,3,"Washington, District of Columbia, United States",US,USDC,38.8951,-77.0364,531871,3,"Washington, District of Columbia, United States",US,USDC,38.8951,-77.0364,531871,20160608,http://www.washingtonexaminer.com/goldman-sachs-ocare-forcing-thousands-into-part-time-work/article/2593315
548403517,20160608,201606,2016,2016.4329,COP,POLICE,,,,,,COP,,,,,,,,,,,,,0,020,020,02,1,3.0,5,1,5,-5.32915360501568,4,"Pimpama, Queensland, Australia",AS,AS04,-27.8167,153.3,-1595053,0,,,,,,,4,"Pimpama, Queensland, Australia",AS,AS04,-27.8167,153.3,-1595053,20160608,http://www.smh.com.au/victoria/gold-coast-man-brodie-wild-in-court-over-alleged-rape-of-girl-14-in-geelong-20151109-gku28n
548403571,20160608,201606,2016,2016.4329,COP,POLICE,,,,,,COP,,,JUD,LAWYER,,,,,,JUD,,,0,043,043,04,1,2.8,10,1,10,-5.32915360501568,4,"Pimpama, Queensland, Australia",AS,AS04,-27.8167,153.3,-1595053,4,"Pimpama, Queensland, Australia",AS,AS04,-27.8167,153.3,-1595053,4,"Pimpama, Queensland, Australia",AS,AS04,-27.8167,153.3,-1595053,20160608,http://www.smh.com.au/victoria/gold-coast-man-brodie-wild-in-court-over-alleged-rape-of-girl-14-in-geelong-20151109-gku28n
548403648,20160608,201606,2016,2016.4329,CVL,COMMUNITY,,,,,,CVL,,,,,,,,,,,,,0,010,010,01,1,0.0,2,1,2,-5.32915360501568,4,"Perth, Western Australia, Australia",AS,AS08,-31.9333,115.833,-1594675,0,,,,,,,4,"Perth, Western Australia, Australia",AS,AS08,-31.9333,115.833,-1594675,20160608,http://www.smh.com.au/victoria/gold-coast-man-brodie-wild-in-court-over-alleged-rape-of-girl-14-in-geelong-20151109-gku28n
548404031,20160608,201606,2016,2016.4329,GHA,GHANA,GHA,,,,,,,,,,,,,,,,,,1,181,181,18,4,-9.0,2,1,2,-7.27272727272727,1,Ghana,GH,GH,8,-2,GH,0,,,,,,,1,Ghana,GH,GH,8,-2,GH,20160608,http://www.smh.com.au/victoria/geelong-sex-attack-man-flown-from-gold-coast-over-alleged-rape-abduction-20151107-gkthvh
548404032,20160608,201606,2016,2016.4329,GHA,GHANA,GHA,,,,,,,,,,,,,,,,,,1,1821,182,18,4,-9.0,2,1,2,-7.27272727272727,4,"Perth, Western Australia, Australia",AS,AS08,-31.9333,115.833,-1594675,0,,,,,,,4,"Perth, Western Australia, Australia",AS,AS08,-31.9333,115.833,-1594675,20160608,http://www.smh.com.au/victoria/geelong-sex-attack-man-flown-from-gold-coast-over-alleged-rape-abduction-20151107-gkthvh
548404546,20160608,201606,2016,2016.4329,JUD,MAGISTRATE,,,,,,JUD,,,AUS,AUSTRALIA,AUS,,,,,,,,0,014,014,01,1,0.0,2,1,2,-5.32915360501568,4,"Perth, Western Australia, Australia",AS,AS08,-31.9333,115.833,-1594675,4,"Perth, Western Australia, Australia",AS,AS08,-31.9333,115.833,-1594675,4,"Perth, Western Australia, Australia",AS,AS08,-31.9333,115.833,-1594675,20160608,http://www.smh.com.au/victoria/gold-coast-man-brodie-wild-in-court-over-alleged-rape-of-girl-14-in-geelong-20151109-gku28n
548404548,20160608,201606,2016,2016.4329,JUD,COUNSEL,,,,,,JUD,,,COP,POLICE,,,,,,COP,,,0,010,010,01,1,0.0,3,1,3,-5.32915360501568,1,Ghana,GH,GH,8,-2,GH,1,Ghana,GH,GH,8,-2,GH,1,Ghana,GH,GH,8,-2,GH,20160608,http://www.smh.com.au/victoria/gold-coast-man-brodie-wild-in-court-over-alleged-rape-of-girl-14-in-geelong-20151109-gku28n
548404549,20160608,201606,2016,2016.4329,JUD,LAWYER,,,,,,JUD,,,COP,POLICE,,,,,,COP,,,0,042,042,04,1,1.9,10,1,10,-5.32915360501568,4,"Pimpama, Queensland, Australia",AS,AS04,-27.8167,153.3,-1595053,4,"Pimpama, Queensland, Australia",AS,AS04,-27.8167,153.3,-1595053,4,"Pimpama, Queensland, Australia",AS,AS04,-27.8167,153.3,-1595053,20160608,http://www.smh.com.au/victoria/gold-coast-man-brodie-wild-in-court-over-alleged-rape-of-girl-14-in-geelong-20151109-gku28n
548404550,20160608,201606,2016,2016.4329,JUD,LAWYER,,,,,,JUD,,,COP,POLICE,,,,,,COP,,,0,0841,084,08,2,7.0,10,1,10,-5.32915360501568,4,"Pimpama, Queensland, Australia",AS,AS04,-27.8167,153.3,-1595053,4,"Pimpama, Queensland, Australia",AS,AS04,-27.8167,153.3,-1595053,4,"Pimpama, Queensland, Australia",AS,AS04,-27.8167,153.3,-1595053,20160608,http://www.smh.com.au/victoria/gold-coast-man-brodie-wild-in-court-over-alleged-rape-of-girl-14-in-geelong-20151109-gku28n
548404915,20160608,201606,2016,2016.4329,MNCUSA,GOLDMAN SACHS,USA,,,,,MNC,,,LAB,EMPLOYEE,,,,,,LAB,,,1,172,172,17,4,-5.0,10,1,10,-3.10190092572963,3,"Washington, District of Columbia, United States",US,USDC,38.8951,-77.0364,531871,3,"Washington, District of Columbia, United States",US,USDC,38.8951,-77.0364,531871,3,"Washington, District of Columbia, United States",US,USDC,38.8951,-77.0364,531871,20160608,http://www.washingtonexaminer.com/goldman-sachs-ocare-forcing-thousands-into-part-time-work/article/2593315
548414398,20160608,201606,2016,2016.4329,EDU,UNIVERSITY,,,,,,EDU,,,,,,,,,,,,,1,051,051,05,1,3.4,10,1,10,-0.71599045346062,2,"Illinois, United States",US,USIL,40.3363,-89.0022,IL,0,,,,,,,2,"Illinois, United States",US,USIL,40.3363,-89.0022,IL,20160608,http://www.chicagotribune.com/suburbs/deerfield/community/chi-ugc-article-deerfield-resident-named-goldwater-scholar-2016-06-08-story.html
548414400,20160608,201606,2016,2016.4329,EDU,PROFESSOR,,,,,,EDU,,,,,,,,,,,,,1,060,060,06,2,6.0,3,1,3,-0.71599045346062,2,"Illinois, United States",US,USIL,40.3363,-89.0022,IL,0,,,,,,,2,"Illinois, United States",US,USIL,40.3363,-89.0022,IL,20160608,http://www.chicagotribune.com/suburbs/deerfield/community/chi-ugc-article-deerfield-resident-named-goldwater-scholar-2016-06-08-story.html
548414479,20160608,201606,2016,2016.4329,ESP,SPAIN,ESP,,,,,,,,,,,,,,,,,,1,171,171,17,4,-9.2,2,1,2,0,4,"Barcelona, Comunidad Autonoma de Cataluna, Spain",SP,SP56,41.3833,2.18333,-372490,0,,,,,,,4,"Barcelona, Comunidad Autonoma de Cataluna, Spain",SP,SP56,41.3833,2.18333,-372490,20160608,http://www.dailymail.co.uk/news/article-3631164/Gold-medal-stolen-US-Olympic-champions-car.html
548414480,20160608,201606,2016,2016.4329,ESP,SPAIN,ESP,,,,,,,,,,,,,,,,,,1,171,171,17,4,-9.2,2,1,2,0,1,United States,US,US,38,-97,US,0,,,,,,,1,United States,US,US,38,-97,US,20160608,http://www.dailymail.co.uk/news/article-3631164/Gold-medal-stolen-US-Olympic-champions-car.html
548415239,20160608,201606,2016,2016.4329,MNCUSA,ISHARES,USA,,,,,MNC,,,,,,,,,,,,,1,071,071,07,2,7.4,10,1,10,0.84033613445378,1,China,CH,CH,35,105,CH,0,,,,,,,1,China,CH,CH,35,105,CH,20160608,http://blogs.barrons.com/emergingmarketsdaily/2016/06/08/goldmans-emerging-market-outlook-bonds-over-stocks/
548416020,20160608,201606,2016,2016.4329,USAGOV,HILLARY CLINTON,USA,,,,,GOV,,,,,,,,,,,,,1,080,080,08,2,5.0,5,1,5,-1.11111111111112,0,,,,,,,0,,,,,,,0,,,,,,,20160608,http://www.hot1035.com/2016/06/08/justin-bieber-selena-gomez-and-more-have-ushered-in-a-golden-age-of-tour-merch/
548417967,20160608,201606,2016,2016.4329,,,,,,,,,,,ARE,DUBAI,ARE,,,,,,,,1,042,042,04,1,1.9,12,1,12,-3.11750599520383,0,,,,,,,1,Australia,AS,AS,-27,133,AS,1,Australia,AS,AS,-27,133,AS,20160608,http://www.goldcoastbulletin.com.au/business/marcus-lee-pursues-developer-sunland-group-over-10-million-damages-claim/news-story/57047cb5ee301868d3f80d5b1fb61ddb?nk=b29bab526841f970582e00af1e1c30b5-1465398226
548417971,20160608,201606,2016,2016.4329,,,,,,,,,,,AUS,QUEENSLAND,AUS,,,,,,,,0,043,043,04,1,2.8,40,1,40,-5.87002096436058,0,,,,,,,1,Ghana,GH,GH,8,-2,GH,1,Ghana,GH,GH,8,-2,GH,20160608,http://www.goldcoastbulletin.com.au/news/crime-court/gold-coast-businessman-swam-naked-with-children-court-hears/news-story/19b9d6acafaa2bd5cca7712573eef609?nk=9b13fbbd038d47534e667b733a6f5ca8-1465398282
548418052,20160608,201606,2016,2016.4329,,,,,,,,,,,GHA,GHANA,GHA,,,,,,,,0,041,041,04,1,1.0,4,1,4,-1.56657963446475,0,,,,,,,1,Ghana,GH,GH,8,-2,GH,1,Ghana,GH,GH,8,-2,GH,20160608,http://www.goldcoastbulletin.com.au/lifestyle/gold-coast-tradies-battle-storm-of-work-after-big-wet/news-story/658b88b7fbabf33cf6071558dc0cbcae?nk=fa1f99ba38ae8ba80a756450ba24d4c9-1465398226
548418109,20160608,201606,2016,2016.4329,,,,,,,,,,,MDV,MALE,MDV,,,,,,,,1,043,043,04,1,2.8,40,1,40,-2.87539936102236,0,,,,,,,1,Ghana,GH,GH,8,-2,GH,1,Ghana,GH,GH,8,-2,GH,20160608,http://www.goldcoastbulletin.com.au/news/crime-court/on-the-beat-do-you-know-these-people-help-gold-coast-police-solve-a-crime/news-story/f1eae23e3a7f36eae0d2acc79e8e6fb3?nk=f19d95a0557698bab2059f6b484cdd6f-1465398281
548418292,20160608,201606,2016,2016.4329,ARE,UNITED ARAB EMIRATES,ARE,,,,,,,,,,,,,,,,,,1,112,112,11,3,-2.0,4,1,4,-3.11750599520383,1,Australia,AS,AS,-27,133,AS,0,,,,,,,1,Australia,AS,AS,-27,133,AS,20160608,http://www.goldcoastbulletin.com.au/business/marcus-lee-pursues-developer-sunland-group-over-10-million-damages-claim/news-story/57047cb5ee301868d3f80d5b1fb61ddb?nk=b29bab526841f970582e00af1e1c30b5-1465398226
548418325,20160608,201606,2016,2016.4329,AUS,QUEENSLAND,AUS,,,,,,,,,,,,,,,,,,0,042,042,04,1,1.9,40,1,40,-5.87002096436058,1,Ghana,GH,GH,8,-2,GH,0,,,,,,,1,Ghana,GH,GH,8,-2,GH,20160608,http://www.goldcoastbulletin.com.au/news/crime-court/gold-coast-businessman-swam-naked-with-children-court-hears/news-story/19b9d6acafaa2bd5cca7712573eef609?nk=9b13fbbd038d47534e667b733a6f5ca8-1465398282
548418489,20160608,201606,2016,2016.4329,CAN,VANCOUVER,CAN,,,,,,,,,,,,,,,,,,1,100,100,10,3,-5.0,3,1,3,-0.701754385964908,4,"Toronto, Ontario, Canada",CA,CA08,43.6667,-79.4167,-574890,0,,,,,,,4,"Toronto, Ontario, Canada",CA,CA08,43.6667,-79.4167,-574890,20160608,http://www.goldseiten.de/artikel/288855--Rockhaven-Closes-First-Tranche-of-Private-Placement.html
548418507,20160608,201606,2016,2016.4329,CAN,VANCOUVER,CAN,,,,,,,,GBR,BRITISH,GBR,,,,,,,,1,100,100,10,3,-5.0,2,1,2,-0.701754385964908,4,"Toronto, Ontario, Canada",CA,CA08,43.6667,-79.4167,-574890,4,"Toronto, Ontario, Canada",CA,CA08,43.6667,-79.4167,-574890,4,"Toronto, Ontario, Canada",CA,CA08,43.6667,-79.4167,-574890,20160608,http://www.goldseiten.de/artikel/288855--Rockhaven-Closes-First-Tranche-of-Private-Placement.html
548418601,20160608,201606,2016,2016.4329,COP,POLICE,,,,,,COP,,,,,,,,,,,,,1,060,060,06,2,6.0,160,1,40,-2.87539936102236,1,Ghana,GH,GH,8,-2,GH,0,,,,,,,1,Ghana,GH,GH,8,-2,GH,20160608,http://www.goldcoastbulletin.com.au/news/crime-court/on-the-beat-do-you-know-these-people-help-gold-coast-police-solve-a-crime/news-story/f1eae23e3a7f36eae0d2acc79e8e6fb3?nk=f19d95a0557698bab2059f6b484cdd6f-1465398281
548418701,20160608,201606,2016,2016.4329,CVL,COMMUNITY,,,,,,CVL,,,,,,,,,,,,,1,080,080,08,2,5.0,10,1,10,3.68421052631579,1,Ghana,GH,GH,8,-2,GH,0,,,,,,,1,Ghana,GH,GH,8,-2,GH,20160608,http://www.goldcoastbulletin.com.au/business/gold-coast-developer-villa-world-plans-to-develop-395lot-arundel-springs-project/news-story/790b425eb9dbe7ebc78a35b153f40709?nk=b9f5bf3de47813fbbc9a8dd0ee3dc612-1465398222
548419003,20160608,201606,2016,2016.4329,GHA,GHANA,GHA,,,,,,,,,,,,,,,,,,1,030,030,03,1,4.0,10,2,10,-2.2943864229765,1,Ghana,GH,GH,8,-2,GH,0,,,,,,,1,Ghana,GH,GH,8,-2,GH,20160608,http://www.goldcoastbulletin.com.au/lifestyle/gold-coast-tradies-battle-storm-of-work-after-big-wet/news-story/658b88b7fbabf33cf6071558dc0cbcae?nk=fa1f99ba38ae8ba80a756450ba24d4c9-1465398226
548419004,20160608,201606,2016,2016.4329,GHA,GHANA,GHA,,,,,,,,,,,,,,,,,,0,041,041,04,1,1.0,12,1,12,-1.56657963446475,1,Ghana,GH,GH,8,-2,GH,0,,,,,,,1,Ghana,GH,GH,8,-2,GH,20160608,http://www.goldcoastbulletin.com.au/lifestyle/gold-coast-tradies-battle-storm-of-work-after-big-wet/news-story/658b88b7fbabf33cf6071558dc0cbcae?nk=fa1f99ba38ae8ba80a756450ba24d4c9-1465398226
548419005,20160608,201606,2016,2016.4329,GHA,GHANA,GHA,,,,,,,,,,,,,,,,,,1,100,100,10,3,-5.0,14,3,14,1.52089382315154,1,Ghana,GH,GH,8,-2,GH,0,,,,,,,1,Ghana,GH,GH,8,-2,GH,20160608,http://www.goldcoastbulletin.com.au/lifestyle/gold-coast-tradies-battle-storm-of-work-after-big-wet/news-story/658b88b7fbabf33cf6071558dc0cbcae?nk=fa1f99ba38ae8ba80a756450ba24d4c9-1465398226
548419006,20160608,201606,2016,2016.4329,GHA,GHANA,GHA,,,,,,,,AUS,QUEENSLAND,AUS,,,,,,,,1,073,073,07,2,7.4,12,1,12,1.75438596491228,1,Ghana,GH,GH,8,-2,GH,1,Ghana,GH,GH,8,-2,GH,1,Ghana,GH,GH,8,-2,GH,20160608,http://www.goldcoastbulletin.com.au/lifestyle/surf-life-saving-qld-to-roll-out-night-vision-at-dangerous-gold-coast-beaches/news-story/e503af6c8195446802c7c668f92b73de?nk=40aea58baa4341b77a04bc2b72093f0f-1465398241
548419619,20160608,201606,2016,2016.4329,MDV,MALE,MDV,,,,,,,,,,,,,,,,,,1,042,042,04,1,1.9,40,1,40,-2.87539936102236,1,Ghana,GH,GH,8,-2,GH,0,,,,,,,1,Ghana,GH,GH,8,-2,GH,20160608,http://www.goldcoastbulletin.com.au/news/crime-court/on-the-beat-do-you-know-these-people-help-gold-coast-police-solve-a-crime/news-story/f1eae23e3a7f36eae0d2acc79e8e6fb3?nk=f19d95a0557698bab2059f6b484cdd6f-1465398281
548423040,20160608,201606,2016,2016.4329,BUS,COMPANY,,,,,,BUS,,,,,,,,,,,,,1,071,071,07,2,7.4,5,1,5,5.07726269315673,1,Chile,CI,CI,-30,-71,CI,0,,,,,,,1,Chile,CI,CI,-30,-71,CI,20160608,http://www.investorguide.com/article/19517/barrick-golds-rally-come-end/
548423318,20160608,201606,2016,2016.4329,COP,POLICE,,,,,,COP,,,NPL,NEPAL,NPL,,,,,,,,1,043,043,04,1,2.8,1,1,1,1.01010101010101,4,"Malangawa, Nepal (general), Nepal",NP,NP00,26.8568,85.5581,-1022299,4,"Malangawa, Nepal (general), Nepal",NP,NP00,26.8568,85.5581,-1022299,4,"Malangawa, Nepal (general), Nepal",NP,NP00,26.8568,85.5581,-1022299,20160608,http://thehimalayantimes.com/kathmandu/man-held-gold-worth-rs-1-42-million-tia/
548423319,20160608,201606,2016,2016.4329,COP,POLICE,,,,,,COP,,,NPL,NEPAL,NPL,,,,,,,,1,173,173,17,4,-5.0,2,1,2,1.01010101010101,4,"Malangawa, Nepal (general), Nepal",NP,NP00,26.8568,85.5581,-1022299,4,"Malangawa, Nepal (general), Nepal",NP,NP00,26.8568,85.5581,-1022299,4,"Malangawa, Nepal (general), Nepal",NP,NP00,26.8568,85.5581,-1022299,20160608,http://thehimalayantimes.com/kathmandu/man-held-gold-worth-rs-1-42-million-tia/
548423320,20160608,201606,2016,2016.4329,COP,POLICE,,,,,,COP,,,NPL,NEPAL,NPL,,,,,,,,1,173,173,17,4,-5.0,4,1,4,1.01010101010101,4,"Sarlahi, Nepal (general), Nepal",NP,NP00,27,85.5833,-1022584,4,"Sarlahi, Nepal (general), Nepal",NP,NP00,27,85.5833,-1022584,4,"Sarlahi, Nepal (general), Nepal",NP,NP00,27,85.5833,-1022584,20160608,http://thehimalayantimes.com/kathmandu/man-held-gold-worth-rs-1-42-million-tia/
548424582,20160608,201606,2016,2016.4329,NPL,NEPAL,NPL,,,,,,,,COP,POLICE,,,,,,COP,,,1,010,010,01,1,0.0,2,1,2,1.01010101010101,4,"Malangawa, Nepal (general), Nepal",NP,NP00,26.8568,85.5581,-1022299,4,"Malangawa, Nepal (general), Nepal",NP,NP00,26.8568,85.5581,-1022299,4,"Malangawa, Nepal (general), Nepal",NP,NP00,26.8568,85.5581,-1022299,20160608,http://thehimalayantimes.com/kathmandu/man-held-gold-worth-rs-1-42-million-tia/
548424583,20160608,201606,2016,2016.4329,NPL,NEPAL,NPL,,,,,,,,COP,POLICE,,,,,,COP,,,1,042,042,04,1,1.9,1,1,1,1.01010101010101,4,"Malangawa, Nepal (general), Nepal",NP,NP00,26.8568,85.5581,-1022299,4,"Malangawa, Nepal (general), Nepal",NP,NP00,26.8568,85.5581,-1022299,4,"Malangawa, Nepal (general), Nepal",NP,NP00,26.8568,85.5581,-1022299,20160608,http://thehimalayantimes.com/kathmandu/man-held-gold-worth-rs-1-42-million-tia/
548427916,20160608,201606,2016,2016.4329,GBR,UNITED KINGDOM,GBR,,,,,,,,MNCGBR,RIO TINTO,GBR,,,,,MNC,,,0,020,020,02,1,3.0,20,2,20,2.1215919586417,1,United Kingdom,UK,UK,54,-2,UK,1,United Kingdom,UK,UK,54,-2,UK,1,United Kingdom,UK,UK,54,-2,UK,20160608,http://www.fool.co.uk/investing/2016/06/08/should-you-buy-sell-or-hold-rio-tinto-plc-randgold-resources-limited-national-grid-plc/
548428582,20160608,201606,2016,2016.4329,MNCGBR,RANDGOLD RESOURCES,GBR,,,,,MNC,,,BUS,BUSINESS,,,,,,BUS,,,1,012,012,01,1,-0.4,10,2,10,2.1215919586417,1,United Kingdom,UK,UK,54,-2,UK,1,United Kingdom,UK,UK,54,-2,UK,1,United Kingdom,UK,UK,54,-2,UK,20160608,http://www.fool.co.uk/investing/2016/06/08/should-you-buy-sell-or-hold-rio-tinto-plc-randgold-resources-limited-national-grid-plc/
548431752,20160608,201606,2016,2016.4329,BUS,BUSINESS,,,,,,BUS,,,,,,,,,,,,,0,090,090,09,2,-2.0,9,3,9,2.23611523656335,4,"Wymondham, Norfolk, United Kingdom",UK,UKI9,52.5667,1.11667,-2612227,0,,,,,,,4,"Wymondham, Norfolk, United Kingdom",UK,UKI9,52.5667,1.11667,-2612227,20160608,http://www.ssuchronicle.com/2016/06/08/integrated-pathology-partnerships-delivers-gold-standard-pathology-service-with-checkit-automated-monitoring/
548432234,20160608,201606,2016,2016.4329,EDU,SCHOOL,,,,,,EDU,,,GBR,UNITED KINGDOM,GBR,,,,,,,,0,090,090,09,2,-2.0,3,3,3,2.23611523656335,4,"Wymondham, Norfolk, United Kingdom",UK,UKI9,52.5667,1.11667,-2612227,4,"Wymondham, Norfolk, United Kingdom",UK,UKI9,52.5667,1.11667,-2612227,4,"Wymondham, Norfolk, United Kingdom",UK,UKI9,52.5667,1.11667,-2612227,20160608,http://www.ssuchronicle.com/2016/06/08/integrated-pathology-partnerships-delivers-gold-standard-pathology-service-with-checkit-automated-monitoring/
548432252,20160608,201606,2016,2016.4329,EDU,SCHOOL,,,,,,EDU,,,USA,FLORIDA,USA,,,,,,,,1,042,042,04,1,1.9,3,1,3,4.97237569060773,3,"Hollywood, California, United States",US,USCA,34.0983,-118.327,1660757,2,"Florida, United States",US,USFL,27.8333,-81.717,FL,3,"Hollywood, California, United States",US,USCA,34.0983,-118.327,1660757,20160608,"http://www.thejewishstar.com/stories/HAFTR-mines-Gold-for-its-MS-principal,7208"
548432354,20160608,201606,2016,2016.4329,GBR,UNITED KINGDOM,GBR,,,,,,,,,,,,,,,,,,0,090,090,09,2,-2.0,6,3,6,2.23611523656335,4,"Wymondham, Norfolk, United Kingdom",UK,UKI9,52.5667,1.11667,-2612227,0,,,,,,,4,"Wymondham, Norfolk, United Kingdom",UK,UKI9,52.5667,1.11667,-2612227,20160608,http://www.ssuchronicle.com/2016/06/08/integrated-pathology-partnerships-delivers-gold-standard-pathology-service-with-checkit-automated-monitoring/
548432449,20160608,201606,2016,2016.4329,GOV,GOVERNMENT,,,,,,GOV,,,,,,,,,,,,,0,164,164,16,4,-7.0,30,3,30,2.23611523656335,4,"Wymondham, Norfolk, United Kingdom",UK,UKI9,52.5667,1.11667,-2612227,0,,,,,,,4,"Wymondham, Norfolk, United Kingdom",UK,UKI9,52.5667,1.11667,-2612227,20160608,http://www.ssuchronicle.com/2016/06/08/integrated-pathology-partnerships-delivers-gold-standard-pathology-service-with-checkit-automated-monitoring/
548433892,20160608,201606,2016,2016.4329,USA,FLORIDA,USA,,,,,,,,EDU,SCHOOL,,,,,,EDU,,,1,043,043,04,1,2.8,3,1,3,4.97237569060773,2,"Florida, United States",US,USFL,27.8333,-81.717,FL,3,"Hollywood, California, United States",US,USCA,34.0983,-118.327,1660757,3,"Hollywood, California, United States",US,USCA,34.0983,-118.327,1660757,20160608,"http://www.thejewishstar.com/stories/HAFTR-mines-Gold-for-its-MS-principal,7208"
548433930,20160608,201606,2016,2016.4329,USA,UNITED STATES,USA,,,,,,,,GOV,PRESIDENT,,,,,,GOV,,,1,051,051,05,1,3.4,3,2,3,3.37639556043739,3,"Hollywood, California, United States",US,USCA,34.0983,-118.327,1660757,3,"Hollywood, California, United States",US,USCA,34.0983,-118.327,1660757,3,"Hollywood, California, United States",US,USCA,34.0983,-118.327,1660757,20160608,"http://www.thejewishstar.com/stories/HAFTR-mines-Gold-for-its-MS-principal,7208"
548434204,20160608,201606,2016,2016.4329,USAGOV,UNITED STATES,USA,,,,,GOV,,,USA,UNITED STATES,USA,,,,,,,,1,051,051,05,1,3.4,6,2,6,3.46658000216661,3,"Hollywood, California, United States",US,USCA,34.0983,-118.327,1660757,3,"Hollywood, California, United States",US,USCA,34.0983,-118.327,1660757,3,"Hollywood, California, United States",US,USCA,34.0983,-118.327,1660757,20160608,"http://www.thejewishstar.com/stories/HAFTR-mines-Gold-for-its-MS-principal,7208"
548434941,20160608,201606,2016,2016.4329,CHN,CHINA,CHN,,,,,,,,,,,,,,,,,,1,010,010,01,1,0.0,8,2,8,-1.53899106225923,4,"Shenzhen, Guangdong, China",CH,CH30,22.2,111.117,-1925267,0,,,,,,,4,"Shenzhen, Guangdong, China",CH,CH30,22.2,111.117,-1925267,20160608,http://www.4-traders.com/GOLD-4947/news/China-rsquo-s-Market-News-PBOC-Lowers-Exports-Outlook-Raises-CPI-Forecast-for-2016-22492910/
548440145,20160509,201605,2016,2016.3534,,,,,,,,,,,BUS,BOSS,,,,,,BUS,,,0,173,173,17,4,-5.0,10,1,10,-1.72626387176325,0,,,,,,,2,"Georgia, United States",US,USGA,32.9866,-83.6487,GA,2,"Georgia, United States",US,USGA,32.9866,-83.6487,GA,20160608,http://nhv.us/content/56856-frito-lay-voluntarily-recalls-some-rold-gold-pretzels-due-possible
548440516,20160608,201606,2016,2016.4329,AUT,AUSTRIA,AUT,,,,,,,,LEG,LAWMAKER,,,,,,LEG,,,1,010,010,01,1,0.0,10,3,10,-3.19570049633081,1,Austria,AU,AU,47.3333,13.3333,AU,1,Austria,AU,AU,47.3333,13.3333,AU,1,Austria,AU,AU,47.3333,13.3333,AU,20160608,http://www.csmonitor.com/USA/2016/0608/Can-Woman-in-Gold-bill-liberate-final-prisoners-of-World-War-II
548440517,20160608,201606,2016,2016.4329,AUT,AUSTRIA,AUT,,,,,,,,LEG,SENATE,,,,,,LEG,,,0,013,013,01,1,0.4,2,1,2,-2.84552845528455,1,Austria,AU,AU,47.3333,13.3333,AU,1,Austria,AU,AU,47.3333,13.3333,AU,1,Austria,AU,AU,47.3333,13.3333,AU,20160608,http://www.csmonitor.com/USA/2016/0608/Can-Woman-in-Gold-bill-liberate-final-prisoners-of-World-War-II
548440520,20160608,201606,2016,2016.4329,AUTGOV,AUSTRIA,AUT,,,,,GOV,,,LEG,SENATE,,,,,,LEG,,,0,013,013,01,1,0.4,1,1,1,-2.84552845528455,1,Austria,AU,AU,47.3333,13.3333,AU,1,Austria,AU,AU,47.3333,13.3333,AU,1,Austria,AU,AU,47.3333,13.3333,AU,20160608,http://www.csmonitor.com/USA/2016/0608/Can-Woman-in-Gold-bill-liberate-final-prisoners-of-World-War-II
548441786,20160608,201606,2016,2016.4329,JUD,HIGH COURT,,,,,,JUD,,,IND,MUMBAI,IND,,,,,,,,0,020,020,02,1,3.0,8,1,8,-6.73076923076923,4,"Mumbai, Maharashtra, India",IN,IN16,18.975,72.8258,-2092174,4,"Mumbai, Maharashtra, India",IN,IN16,18.975,72.8258,-2092174,4,"Mumbai, Maharashtra, India",IN,IN16,18.975,72.8258,-2092174,20160608,http://golden.myezrock.com/EntertainmentCP/Article.aspx?id=516846
548442134,20160608,201606,2016,2016.4329,MNCUSA,PEPSICO,USA,,,,,MNC,,,BUS,COMPANY,,,,,,BUS,,,1,010,010,01,1,0.0,5,1,5,-1.72626387176325,2,"Georgia, United States",US,USGA,32.9866,-83.6487,GA,2,"Georgia, United States",US,USGA,32.9866,-83.6487,GA,2,"Georgia, United States",US,USGA,32.9866,-83.6487,GA,20160608,http://nhv.us/content/56856-frito-lay-voluntarily-recalls-some-rold-gold-pretzels-due-possible
548442192,20160608,201606,2016,2016.4329,NGOJEWGOV,WORLD JEWISH CONGRESS,,,,JEW,,NGO,GOV,,LEG,SENATE,,,,,,LEG,,,0,013,013,01,1,0.4,6,1,6,-2.84552845528455,1,Austria,AU,AU,47.3333,13.3333,AU,1,Austria,AU,AU,47.3333,13.3333,AU,1,Austria,AU,AU,47.3333,13.3333,AU,20160608,http://www.csmonitor.com/USA/2016/0608/Can-Woman-in-Gold-bill-liberate-final-prisoners-of-World-War-II
548446422,20160608,201606,2016,2016.4329,LCA,SAINT LUCIA,LCA,,,,,,,,,,,,,,,,,,1,020,020,02,1,3.0,10,1,10,1.99004975124379,4,"Castries, Castries, Saint Lucia",ST,ST03,14,-61,-1313781,0,,,,,,,4,"Castries, Castries, Saint Lucia",ST,ST03,14,-61,-1313781,20160608,http://www.stlucianewsonline.com/lucelec-helps-team-st-lucia-go-for-cooking-gold/
548446710,20160608,201606,2016,2016.4329,MNCUSABUS,GOLDMAN SACHS,USA,,,,,MNC,BUS,,USAMED,REUTERS,USA,,,,,MED,,,1,010,010,01,1,0.0,37,3,37,-5.66878881750866,4,"Moscow, Moskva, Russia",RS,RS48,55.7522,37.6156,-2960561,4,"Moscow, Moskva, Russia",RS,RS48,55.7522,37.6156,-2960561,4,"Moscow, Moskva, Russia",RS,RS48,55.7522,37.6156,-2960561,20160608,https://www.yahoo.com/news/goldman-sachs-cut-staff-russia-past-few-months-162600828--sector.html
548447148,20160608,201606,2016,2016.4329,TUR,TURKEY,TUR,,,,,,,,USA,UNITED STATES,USA,,,,,,,,1,042,042,04,1,1.9,24,4,24,8.64197530864197,3,"Arvada, Colorado, United States",US,USCO,39.8028,-105.087,204709,3,"Arvada, Colorado, United States",US,USCO,39.8028,-105.087,204709,3,"Arvada, Colorado, United States",US,USCO,39.8028,-105.087,204709,20160608,http://999thepoint.com/golden-retrievers-rescued-from-turkey-look-for-colorado-homes/
548447149,20160608,201606,2016,2016.4329,TUR,TURKEY,TUR,,,,,,,,USA,COLORADO,USA,,,,,,,,1,043,043,04,1,2.8,8,4,8,8.64197530864197,4,"Istanbul, Istanbul, Turkey",TU,TU34,41.0186,28.9647,-755070,2,"Colorado, United States",US,USCO,39.0646,-105.327,CO,3,"Denver International Airport, Colorado, United States",US,USCO,39.8589,-104.673,204356,20160608,http://999thepoint.com/golden-retrievers-rescued-from-turkey-look-for-colorado-homes/
548447200,20160608,201606,2016,2016.4329,USA,UNITED STATES,USA,,,,,,,,,,,,,,,,,,1,010,010,01,1,0.0,1,1,1,1.83098591549296,1,United Kingdom,UK,UK,54,-2,UK,0,,,,,,,3,"Los Angeles, California, United States",US,USCA,34.0522,-118.244,1662328,20160608,http://www.dailymail.co.uk/tvshowbiz/article-3631556/J-K-Simmons-61-gets-jacked-Gold-s-Gym-Justice-League.html
548447519,20160608,201606,2016,2016.4329,USA,COLORADO,USA,,,,,,,,TUR,TURKEY,TUR,,,,,,,,1,042,042,04,1,1.9,8,4,8,8.64197530864197,3,"Arvada, Colorado, United States",US,USCO,39.8028,-105.087,204709,3,"Arvada, Colorado, United States",US,USCO,39.8028,-105.087,204709,3,"Arvada, Colorado, United States",US,USCO,39.8028,-105.087,204709,20160608,http://999thepoint.com/golden-retrievers-rescued-from-turkey-look-for-colorado-homes/
548447520,20160608,201606,2016,2016.4329,USA,UNITED STATES,USA,,,,,,,,TUR,TURKEY,TUR,,,,,,,,1,043,043,04,1,2.8,32,8,32,8.74801009996043,3,"Denver International Airport, Colorado, United States",US,USCO,39.8589,-104.673,204356,4,"Istanbul, Istanbul, Turkey",TU,TU34,41.0186,28.9647,-755070,3,"Denver International Airport, Colorado, United States",US,USCO,39.8589,-104.673,204356,20160608,http://999thepoint.com/golden-retrievers-rescued-from-turkey-look-for-colorado-homes/
548450422,20160608,201606,2016,2016.4329,GHA,GHANA,GHA,,,,,,,,BUS,INDUSTRY,,,,,,BUS,,,1,070,070,07,2,7.0,10,1,10,-0.76923076923077,1,Ghana,GH,GH,8,-2,GH,1,Ghana,GH,GH,8,-2,GH,1,Ghana,GH,GH,8,-2,GH,20160608,https://yen.com.gh/55681-find-ghanas-gold-revenue-dropped-2015.html
548456425,20160608,201606,2016,2016.4329,TUR,TURKEY,TUR,,,,,,,,USA,UNITED STATES,USA,,,,,,,,1,042,042,04,1,1.9,16,4,16,8.8540448912789,4,"Istanbul, Istanbul, Turkey",TU,TU34,41.0186,28.9647,-755070,2,"Colorado, United States",US,USCO,39.0646,-105.327,CO,4,"Istanbul, Istanbul, Turkey",TU,TU34,41.0186,28.9647,-755070,20160608,http://kekbfm.com/golden-retrievers-rescued-turkey-colorado/
548456426,20160608,201606,2016,2016.4329,TUR,ISTANBUL,TUR,,,,,,,,USA,UNITED STATES,USA,,,,,,,,1,042,042,04,1,1.9,8,4,8,8.8540448912789,2,"Colorado, United States",US,USCO,39.0646,-105.327,CO,4,"Istanbul, Istanbul, Turkey",TU,TU34,41.0186,28.9647,-755070,4,"Istanbul, Istanbul, Turkey",TU,TU34,41.0186,28.9647,-755070,20160608,http://kekbfm.com/golden-retrievers-rescued-turkey-colorado/
548456428,20160608,201606,2016,2016.4329,TUR,ISTANBUL,TUR,,,,,,,,USA,DENVER,USA,,,,,,,,1,043,043,04,1,2.8,16,4,16,8.8540448912789,4,"Istanbul, Istanbul, Turkey",TU,TU34,41.0186,28.9647,-755070,3,"Denver International Airport, Colorado, United States",US,USCO,39.8589,-104.673,204356,3,"Denver International Airport, Colorado, United States",US,USCO,39.8589,-104.673,204356,20160608,http://kekbfm.com/golden-retrievers-rescued-turkey-colorado/
548456431,20160608,201606,2016,2016.4329,TUR,ISTANBUL,TUR,,,,,,,,USA,UNITED STATES,USA,,,,,,,,1,073,073,07,2,7.4,8,4,8,8.8540448912789,4,"Istanbul, Istanbul, Turkey",TU,TU34,41.0186,28.9647,-755070,3,"Arvada, Colorado, United States",US,USCO,39.8028,-105.087,204709,4,"Istanbul, Istanbul, Turkey",TU,TU34,41.0186,28.9647,-755070,20160608,http://kekbfm.com/golden-retrievers-rescued-turkey-colorado/
548456432,20160608,201606,2016,2016.4329,TUR,TURKEY,TUR,,,,,,,,USA,UNITED STATES,USA,,,,,,,,1,073,073,07,2,7.4,8,4,8,8.8540448912789,4,"Istanbul, Istanbul, Turkey",TU,TU34,41.0186,28.9647,-755070,3,"Arvada, Colorado, United States",US,USCO,39.8028,-105.087,204709,3,"Arvada, Colorado, United States",US,USCO,39.8028,-105.087,204709,20160608,http://kekbfm.com/golden-retrievers-rescued-turkey-colorado/
548456775,20160608,201606,2016,2016.4329,USA,NEW MEXICO,USA,,,,,,,,GOV,GOVERNOR,,,,,,GOV,,,1,110,110,11,3,-2.0,6,1,6,-0.98039215686275,2,"Wisconsin, United States",US,USWI,44.2563,-89.6385,WI,2,"Wisconsin, United States",US,USWI,44.2563,-89.6385,WI,2,"Wisconsin, United States",US,USWI,44.2563,-89.6385,WI,20160608,http://www.mcall.com/opinion/sc-nw-0608-debate-room-conservative-goldberg-20160608-story.html
548456881,20160608,201606,2016,2016.4329,USA,DENVER,USA,,,,,,,,TUR,TURKEY,TUR,,,,,,,,1,042,042,04,1,1.9,8,4,8,8.8540448912789,4,"Istanbul, Istanbul, Turkey",TU,TU34,41.0186,28.9647,-755070,2,"Colorado, United States",US,USCO,39.0646,-105.327,CO,4,"Istanbul, Istanbul, Turkey",TU,TU34,41.0186,28.9647,-755070,20160608,http://kekbfm.com/golden-retrievers-rescued-turkey-colorado/
548456885,20160608,201606,2016,2016.4329,USA,UNITED STATES,USA,,,,,,,,TUR,TURKEY,TUR,,,,,,,,1,043,043,04,1,2.8,8,4,8,8.8540448912789,3,"Arvada, Colorado, United States",US,USCO,39.8028,-105.087,204709,4,"Istanbul, Istanbul, Turkey",TU,TU34,41.0186,28.9647,-755070,3,"Denver International Airport, Colorado, United States",US,USCO,39.8589,-104.673,204356,20160608,http://kekbfm.com/golden-retrievers-rescued-turkey-colorado/
548456886,20160608,201606,2016,2016.4329,USA,UNITED STATES,USA,,,,,,,,TUR,TURKEY,TUR,,,,,,,,1,043,043,04,1,2.8,8,4,8,8.8540448912789,3,"Arvada, Colorado, United States",US,USCO,39.8028,-105.087,204709,4,"Istanbul, Istanbul, Turkey",TU,TU34,41.0186,28.9647,-755070,2,"Colorado, United States",US,USCO,39.0646,-105.327,CO,20160608,http://kekbfm.com/golden-retrievers-rescued-turkey-colorado/
548456887,20160608,201606,2016,2016.4329,USA,DENVER,USA,,,,,,,,TUR,ISTANBUL,TUR,,,,,,,,1,073,073,07,2,7.4,8,4,8,8.8540448912789,3,"Denver International Airport, Colorado, United States",US,USCO,39.8589,-104.673,204356,4,"Istanbul, Istanbul, Turkey",TU,TU34,41.0186,28.9647,-755070,4,"Istanbul, Istanbul, Turkey",TU,TU34,41.0186,28.9647,-755070,20160608,http://kekbfm.com/golden-retrievers-rescued-turkey-colorado/
548456888,20160608,201606,2016,2016.4329,USA,DENVER,USA,,,,,,,,TUR,ISTANBUL,TUR,,,,,,,,1,073,073,07,2,7.4,4,4,4,8.8540448912789,3,"Denver International Airport, Colorado, United States",US,USCO,39.8589,-104.673,204356,4,"Istanbul, Istanbul, Turkey",TU,TU34,41.0186,28.9647,-755070,3,"Arvada, Colorado, United States",US,USCO,39.8028,-105.087,204709,20160608,http://kekbfm.com/golden-retrievers-rescued-turkey-colorado/
548458689,20160607,201606,2016,2016.4301,COP,POLICE,,,,,,COP,,,,,,,,,,,,,1,173,173,17,4,-5.0,4,1,4,-3.18181818181818,4,"Chandni, Uttar Pradesh, India",IN,IN36,24.5167,83.4,-2092786,0,,,,,,,4,"Chandni, Uttar Pradesh, India",IN,IN36,24.5167,83.4,-2092786,20160608,http://www.siasat.com/news/6-women-held-theft-diamond-gold-jewellery-969040/
548458690,20160607,201606,2016,2016.4301,COP,POLICE,,,,,,COP,,,,,,,,,,,,,1,173,173,17,4,-5.0,6,1,6,-3.18181818181818,4,"New Delhi, Delhi, India",IN,IN07,28.6,77.2,-2106102,0,,,,,,,4,"New Delhi, Delhi, India",IN,IN07,28.6,77.2,-2106102,20160608,http://www.siasat.com/news/6-women-held-theft-diamond-gold-jewellery-969040/
548458786,20160608,201606,2016,2016.4329,,,,,,,,,,,COP,POLICE,,,,,,COP,,,1,112,112,11,3,-2.0,10,1,10,-3.18181818181818,0,,,,,,,4,"Gurgaon, Haryana, India",IN,IN10,28.4667,77.0333,-2096897,4,"Gurgaon, Haryana, India",IN,IN10,28.4667,77.0333,-2096897,20160608,http://www.siasat.com/news/6-women-held-theft-diamond-gold-jewellery-969040/
548459954,20160608,201606,2016,2016.4329,IND,NEW DELHI,IND,,,,,,,,,,,,,,,,,,1,173,173,17,4,-5.0,4,1,4,-3.18181818181818,4,"Chandni, Uttar Pradesh, India",IN,IN36,24.5167,83.4,-2092786,0,,,,,,,4,"Chandni, Uttar Pradesh, India",IN,IN36,24.5167,83.4,-2092786,20160608,http://www.siasat.com/news/6-women-held-theft-diamond-gold-jewellery-969040/
548459955,20160608,201606,2016,2016.4329,IND,NEW DELHI,IND,,,,,,,,,,,,,,,,,,1,173,173,17,4,-5.0,2,1,2,-3.18181818181818,4,"Gurgaon, Haryana, India",IN,IN10,28.4667,77.0333,-2096897,0,,,,,,,4,"Gurgaon, Haryana, India",IN,IN10,28.4667,77.0333,-2096897,20160608,http://www.siasat.com/news/6-women-held-theft-diamond-gold-jewellery-969040/
548459956,20160608,201606,2016,2016.4329,IND,RAJASTHAN,IND,,,,,,,,COP,POLICE,,,,,,COP,,,1,090,090,09,2,-2.0,10,1,10,-3.18181818181818,4,"Gurgaon, Haryana, India",IN,IN10,28.4667,77.0333,-2096897,4,"Gurgaon, Haryana, India",IN,IN10,28.4667,77.0333,-2096897,4,"Gurgaon, Haryana, India",IN,IN10,28.4667,77.0333,-2096897,20160608,http://www.siasat.com/news/6-women-held-theft-diamond-gold-jewellery-969040/
548461110,20160608,201606,2016,2016.4329,USAGOV,HILLARY CLINTON,USA,,,,,GOV,,,,,,,,,,,,,1,130,130,13,3,-4.4,10,1,10,4.03587443946188,1,United States,US,US,38,-97,US,0,,,,,,,1,United States,US,US,38,-97,US,20160608,http://www.newsbusters.org/blogs/nb/matthew-balan/2016/06/08/cnn-depicts-history-making-hillary-clinton-glowing-golden-god
548462822,20160608,201606,2016,2016.4329,,,,,,,,,,,JPN,KUMAMOTO,JPN,,,,,,,,0,036,036,03,1,4.0,10,1,10,1.47420147420148,0,,,,,,,4,"Nobu, Okinawa, Japan",JA,JA47,26.9967,127.926,-239245,4,"Nobu, Okinawa, Japan",JA,JA47,26.9967,127.926,-239245,20160608,http://www.laweekly.com/restaurants/sushi-tanaka-is-an-underrated-gold-mine-of-fresh-octopus-jellyfish-and-oysters-7001846
548463875,20160608,201606,2016,2016.4329,JPN,KUMAMOTO,JPN,,,,,,,,,,,,,,,,,,0,036,036,03,1,4.0,10,1,10,1.47420147420148,4,"Jiro, Leningradskaya Oblast', Russia",RS,RS42,60.6833,28.7167,-2916173,0,,,,,,,4,"Jiro, Leningradskaya Oblast', Russia",RS,RS42,60.6833,28.7167,-2916173,20160608,http://www.laweekly.com/restaurants/sushi-tanaka-is-an-underrated-gold-mine-of-fresh-octopus-jellyfish-and-oysters-7001846
548466142,20060611,200606,2006,2006.4411,CVL,INDIGENOUS PEOPLE,,,,,,CVL,,,IGOUNO,THE UN,,UNO,,,,IGO,,,0,010,010,01,1,0.0,10,1,10,1.11731843575419,4,"Paris, France (general), France",FR,FR00,48.8667,2.33333,-1456928,4,"Paris, France (general), France",FR,FR00,48.8667,2.33333,-1456928,4,"Paris, France (general), France",FR,FR00,48.8667,2.33333,-1456928,20160608,https://intercontinentalcry.org/mobilizing-for-cop21-interview-with-tom-goldtooth-part-i/
548466201,20160607,201606,2016,2016.4301,OPP,DEMONSTRATOR,,,,,,OPP,,,BUS,BANK,,,,,,BUS,,,0,180,180,18,4,-9.0,5,1,5,-0.53619302949061,1,Greece,GR,GR,39,22,GR,1,Greece,GR,GR,39,22,GR,1,Greece,GR,GR,39,22,GR,20160608,http://wallstreetpit.com/26452-gold-shortage-rumors-abound/
548466250,20160608,201606,2016,2016.4329,,,,,,,,,,,FRA,PARIS,FRA,,,,,,,,0,042,042,04,1,1.9,1,1,1,1.11731843575419,0,,,,,,,4,"Bonn, Nordrhein-Westfalen, Germany",GM,GM07,50.7333,7.1,-1750167,4,"Bonn, Nordrhein-Westfalen, Germany",GM,GM07,50.7333,7.1,-1750167,20160608,https://intercontinentalcry.org/mobilizing-for-cop21-interview-with-tom-goldtooth-part-i/
548467098,20160608,201606,2016,2016.4329,FRA,PARIS,FRA,,,,,,,,,,,,,,,,,,0,043,043,04,1,2.8,1,1,1,1.11731843575419,4,"Bonn, Nordrhein-Westfalen, Germany",GM,GM07,50.7333,7.1,-1750167,0,,,,,,,4,"Bonn, Nordrhein-Westfalen, Germany",GM,GM07,50.7333,7.1,-1750167,20160608,https://intercontinentalcry.org/mobilizing-for-cop21-interview-with-tom-goldtooth-part-i/
548467995,20160608,201606,2016,2016.4329,MNCUSA,GOLDMAN SACHS,USA,,,,,MNC,,,,,,,,,,,,,1,050,050,05,1,3.5,5,1,5,-0.29069767441861,1,United States,US,US,38,-97,US,0,,,,,,,1,United States,US,US,38,-97,US,20160608,http://www.benzinga.com/analyst-ratings/analyst-color/16/06/8088348/goldman-reinstates-terex-at-buy-sees-27-upside
548468003,20160608,201606,2016,2016.4329,MNCUSABUS,OSHKOSH TRUCK,USA,,,,,MNC,BUS,,MNCUSA,TEREX CORPORATION,USA,,,,,MNC,,,1,050,050,05,1,3.5,5,1,5,-0.29069767441861,1,United States,US,US,38,-97,US,1,United States,US,US,38,-97,US,1,United States,US,US,38,-97,US,20160608,http://www.benzinga.com/analyst-ratings/analyst-color/16/06/8088348/goldman-reinstates-terex-at-buy-sees-27-upside
548468601,20160608,201606,2016,2016.4329,USA,UNITED STATES,USA,,,,,,,,ELI,ACTOR,,,,,,ELI,,,1,090,090,09,2,-2.0,2,1,2,1.11731843575419,4,"Stockholm, Stockholm, Sweden",SW,SW26,59.3333,18.05,-2524279,2,"Minnesota, United States",US,USMN,45.7326,-93.9196,MN,2,"Minnesota, United States",US,USMN,45.7326,-93.9196,MN,20160608,https://intercontinentalcry.org/mobilizing-for-cop21-interview-with-tom-goldtooth-part-i/
548468602,20160608,201606,2016,2016.4329,USA,UNITED STATES,USA,,,,,,,,ELI,ACTOR,,,,,,ELI,,,1,090,090,09,2,-2.0,2,1,2,1.11731843575419,2,"Minnesota, United States",US,USMN,45.7326,-93.9196,MN,2,"Minnesota, United States",US,USMN,45.7326,-93.9196,MN,2,"Minnesota, United States",US,USMN,45.7326,-93.9196,MN,20160608,https://intercontinentalcry.org/mobilizing-for-cop21-interview-with-tom-goldtooth-part-i/
548468927,20160608,201606,2016,2016.4329,idg,INDIGENOUS,,,idg,,,,,,CVL,CIVIL SOCIETY,,,,,,CVL,,,0,051,051,05,1,3.4,2,1,2,1.11731843575419,4,"Paris, France (general), France",FR,FR00,48.8667,2.33333,-1456928,4,"Paris, France (general), France",FR,FR00,48.8667,2.33333,-1456928,4,"Paris, France (general), France",FR,FR00,48.8667,2.33333,-1456928,20160608,https://intercontinentalcry.org/mobilizing-for-cop21-interview-with-tom-goldtooth-part-i/
548468928,20160608,201606,2016,2016.4329,idg,INDIGENOUS,,,idg,,,,,,CVL,CIVIL SOCIETY,,,,,,CVL,,,0,051,051,05,1,3.4,8,1,8,1.11731843575419,4,"Lapland, Sweden (general), Sweden",SW,SW00,68,25,-2498914,4,"Lapland, Sweden (general), Sweden",SW,SW00,68,25,-2498914,4,"Lapland, Sweden (general), Sweden",SW,SW00,68,25,-2498914,20160608,https://intercontinentalcry.org/mobilizing-for-cop21-interview-with-tom-goldtooth-part-i/
548468929,20160608,201606,2016,2016.4329,idg,INDIGENOUS,,,idg,,,,,,CVL,MIGRANT,,,,,,CVL,,,0,1043,104,10,3,-5.0,3,1,3,1.11731843575419,4,"Stockholm, Stockholm, Sweden",SW,SW26,59.3333,18.05,-2524279,4,"Stockholm, Stockholm, Sweden",SW,SW26,59.3333,18.05,-2524279,4,"Stockholm, Stockholm, Sweden",SW,SW26,59.3333,18.05,-2524279,20160608,https://intercontinentalcry.org/mobilizing-for-cop21-interview-with-tom-goldtooth-part-i/
548468930,20160608,201606,2016,2016.4329,idg,INDIGENOUS,,,idg,,,,,,CVL,MIGRANT,,,,,,CVL,,,0,1043,104,10,3,-5.0,2,1,2,1.11731843575419,4,"Lima, Lima, Peru",PE,PE15,-12.05,-77.05,-352647,4,"Lima, Lima, Peru",PE,PE15,-12.05,-77.05,-352647,4,"Lima, Lima, Peru",PE,PE15,-12.05,-77.05,-352647,20160608,https://intercontinentalcry.org/mobilizing-for-cop21-interview-with-tom-goldtooth-part-i/
548468932,20160608,201606,2016,2016.4329,idg,INDIGENOUS,,,idg,,,,,,SPY,OPERATIVE,,,,,,SPY,,,0,1043,104,10,3,-5.0,3,1,3,1.11731843575419,4,"Stockholm, Stockholm, Sweden",SW,SW26,59.3333,18.05,-2524279,4,"Stockholm, Stockholm, Sweden",SW,SW26,59.3333,18.05,-2524279,4,"Stockholm, Stockholm, Sweden",SW,SW26,59.3333,18.05,-2524279,20160608,https://intercontinentalcry.org/mobilizing-for-cop21-interview-with-tom-goldtooth-part-i/
548468933,20160608,201606,2016,2016.4329,idg,INDIGENOUS,,,idg,,,,,,SPY,OPERATIVE,,,,,,SPY,,,0,1043,104,10,3,-5.0,2,1,2,1.11731843575419,4,"Lima, Lima, Peru",PE,PE15,-12.05,-77.05,-352647,4,"Lima, Lima, Peru",PE,PE15,-12.05,-77.05,-352647,4,"Lima, Lima, Peru",PE,PE15,-12.05,-77.05,-352647,20160608,https://intercontinentalcry.org/mobilizing-for-cop21-interview-with-tom-goldtooth-part-i/
548470114,20150609,201506,2015,2015.4356,EGY,EGYPT,EGY,,,,,,,,,,,,,,,,,,1,070,070,07,2,7.0,5,1,5,0.45871559633027,4,"Eastern Desert, Al Ba?r al A?mar, Egypt",EG,EG02,28,32,-302060,0,,,,,,,4,"Eastern Desert, Al Ba?r al A?mar, Egypt",EG,EG02,28,32,-302060,20160608,http://www.euronews.com/business-newswires/3204622-pharaohs-shadow-an-omen-in-egypt-gold-search/
548470115,20150609,201506,2015,2015.4356,GOV,GOVERNMENT,,,,,,GOV,,,,,,,,,,,,,1,070,070,07,2,7.0,5,1,5,0.45871559633027,4,"Eastern Desert, Al Ba?r al A?mar, Egypt",EG,EG02,28,32,-302060,0,,,,,,,4,"Eastern Desert, Al Ba?r al A?mar, Egypt",EG,EG02,28,32,-302060,20160608,http://www.euronews.com/business-newswires/3204622-pharaohs-shadow-an-omen-in-egypt-gold-search/
548470806,20160608,201606,2016,2016.4329,CRM,FELON,,,,,,CRM,,,JAMGOVBUS,MICHAEL HENRY,JAM,,,,,GOV,BUS,,1,173,173,17,4,-5.0,5,1,5,-8.01526717557252,0,,,,,,,0,,,,,,,0,,,,,,,20160608,http://www.northwestgeorgianews.com/catwalkchatt/news/police_fire/ringgold-man-arrested-on-drug-weapons-charges-after-falling-asleep/article_72feb110-2d9e-11e6-a83e-c3e87110d406.html
548472036,20160608,201606,2016,2016.4329,NZL,NEW ZEALAND,NZL,,,,,,,,,,,,,,,,,,1,010,010,01,1,0.0,2,1,2,2.81124497991968,4,"Waihi, New Zealand (general), New Zealand",NZ,NZ00,-37.3833,175.833,401896,0,,,,,,,4,"Waihi, New Zealand (general), New Zealand",NZ,NZ00,-37.3833,175.833,401896,20160608,http://www.odt.co.nz/news/business/386129/oceana-gold-presses-ahead-exploration
548472041,20160608,201606,2016,2016.4329,NZL,NEW ZEALAND,NZL,,,,,,,,PHL,PHILIPPINE,PHL,,,,,,,,1,010,010,01,1,0.0,4,1,4,2.81124497991968,5,"Otago, Otago, New Zealand",NZ,NZF7,-45.25,169.5,11483306,5,"Otago, Otago, New Zealand",NZ,NZF7,-45.25,169.5,11483306,4,"Waihi, New Zealand (general), New Zealand",NZ,NZ00,-37.3833,175.833,401896,20160608,http://www.odt.co.nz/news/business/386129/oceana-gold-presses-ahead-exploration
548472103,20160608,201606,2016,2016.4329,PHL,PHILIPPINE,PHL,,,,,,,,NZL,NEW ZEALAND,NZL,,,,,,,,1,010,010,01,1,0.0,2,1,2,2.81124497991968,4,"Waihi, New Zealand (general), New Zealand",NZ,NZ00,-37.3833,175.833,401896,5,"Otago, Otago, New Zealand",NZ,NZF7,-45.25,169.5,11483306,4,"Waihi, New Zealand (general), New Zealand",NZ,NZ00,-37.3833,175.833,401896,20160608,http://www.odt.co.nz/news/business/386129/oceana-gold-presses-ahead-exploration
548478126,20160608,201606,2016,2016.4329,BHR,BAHRAIN,BHR,,,,,,,,LAB,WORKER,,,,,,LAB,,,1,110,110,11,3,-2.0,10,1,10,2.64705882352942,5,"Federal Territory Of Kuala Lumpur, Kuala Lumpur, Malaysia",MY,MY14,3.11667,101.683,-2405154,5,"Federal Territory Of Kuala Lumpur, Kuala Lumpur, Malaysia",MY,MY14,3.11667,101.683,-2405154,5,"Federal Territory Of Kuala Lumpur, Kuala Lumpur, Malaysia",MY,MY14,3.11667,101.683,-2405154,20160608,http://www.muscatdaily.com/Archive/Oman/Malabar-Gold-starts-CSR-initiatives-this-Ramadan-4qbe
548478581,20160608,201606,2016,2016.4329,GBR,UNITED KINGDOM,GBR,,,,,,,,,,,,,,,,,,1,030,030,03,1,4.0,10,1,10,6.48854961832061,4,"Glasgow, Glasgow City, United Kingdom",UK,UKV2,55.8333,-4.25,-2597039,0,,,,,,,4,"Glasgow, Glasgow City, United Kingdom",UK,UKV2,55.8333,-4.25,-2597039,20160608,http://www.dumbartonreporter.co.uk/news/14544389.European_gold_would_be_career_highlight_for_Old_Kilpatrick_beautician/
548479001,20160608,201606,2016,2016.4329,KWT,KUWAIT,KWT,,,,,,,,,,,,,,,,,,1,110,110,11,3,-2.0,2,1,2,2.64705882352942,1,Bahrain,BA,BA,26,50.55,BA,0,,,,,,,5,"Al Khor, Al Khawr, Qatar",QA,QA04,25.7667,51.3167,116262,20160608,http://www.muscatdaily.com/Archive/Oman/Malabar-Gold-starts-CSR-initiatives-this-Ramadan-4qbe
548479002,20160608,201606,2016,2016.4329,KWT,KUWAIT,KWT,,,,,,,,,,,,,,,,,,1,110,110,11,3,-2.0,8,1,8,2.64705882352942,1,Kuwait,KU,KU,29.3375,47.6581,KU,0,,,,,,,5,"Al Khor, Al Khawr, Qatar",QA,QA04,25.7667,51.3167,116262,20160608,http://www.muscatdaily.com/Archive/Oman/Malabar-Gold-starts-CSR-initiatives-this-Ramadan-4qbe
548479218,20160608,201606,2016,2016.4329,MYS,MALAYSIA,MYS,,,,,,,,,,,,,,,,,,1,073,073,07,2,7.4,5,1,5,2.64705882352942,5,"Federal Territory Of Kuala Lumpur, Kuala Lumpur, Malaysia",MY,MY14,3.11667,101.683,-2405154,0,,,,,,,5,"Federal Territory Of Kuala Lumpur, Kuala Lumpur, Malaysia",MY,MY14,3.11667,101.683,-2405154,20160608,http://www.muscatdaily.com/Archive/Oman/Malabar-Gold-starts-CSR-initiatives-this-Ramadan-4qbe
548482938,20160608,201606,2016,2016.4329,PRT,PORTUGAL,PRT,,,,,,,,BUS,BUSINESS,,,,,,BUS,,,1,010,010,01,1,0.0,10,1,10,2.05570291777189,1,Namibia,WA,WA,-22,17,WA,1,Namibia,WA,WA,-22,17,WA,1,Namibia,WA,WA,-22,17,WA,20160608,http://www.fark.com/comments/9173142/News-Portuguese-shipwreck-full-of-gold-coins-found-in-Namibia-Not-news-Its-a-ship-of-state-so-belongs-to-Portugal-Fark-Portugal-says-Were-good-You-can-have-it
548485048,20160608,201606,2016,2016.4329,AUS,AUSTRALIA,AUS,,,,,,,,,,,,,,,,,,1,013,013,01,1,0.4,2,1,2,1.68067226890756,4,"Whyalla, South Australia, Australia",AS,AS05,-33.0327,137.565,-1609460,0,,,,,,,4,"Whyalla, South Australia, Australia",AS,AS05,-33.0327,137.565,-1609460,20160608,http://www.mining.com/web/this-is-the-next-major-copper-gold-project-in-south-australia/
548485713,20160608,201606,2016,2016.4329,GOV,CHIEF MINISTER,,,,,,GOV,,,,,,,,,,,,,1,013,013,01,1,0.4,10,1,10,1.03492884864166,4,"Telangana, Andhra Pradesh, India",IN,IN02,18,79.5,-2112824,0,,,,,,,4,"Telangana, Andhra Pradesh, India",IN,IN02,18,79.5,-2112824,20160608,http://www.newsnow.in/news/coining-a-golden-telangana
548487156,20160509,201605,2016,2016.3534,RUS,NORTH OSSETIA ALANIA,RUS,,,,,,,,,,,,,,,,,,1,0874,087,08,2,10.0,4,1,4,-3.45454545454545,4,"Vladikavkaz, Severnaya Osetiya-Alaniya, Russia",RS,RS68,43.0367,44.6678,-3033718,0,,,,,,,4,"Vladikavkaz, Severnaya Osetiya-Alaniya, Russia",RS,RS68,43.0367,44.6678,-3033718,20160608,http://www.rferl.org/content/russia-golden-youth-cases-revisited-amid-outrage/27787066.html
548487231,20160608,201606,2016,2016.4329,,,,,,,,,,,CAN,CANADA,CAN,,,,,,,,0,042,042,04,1,1.9,20,4,20,3.03290260251495,0,,,,,,,4,"Indin Lake, Northwest Territories, Canada",CA,CA13,64.25,-115.25,-566581,4,"Indin Lake, Northwest Territories, Canada",CA,CA13,64.25,-115.25,-566581,20160608,http://www.4-traders.com/NIGHTHAWK-GOLD-CORP-11482277/news/Nighthawk-Gold-Announces-Changes-to-the-Board-of-Directors-Amends-Stock-Option-Plan-and-Grant-of-22493980/
548487232,20160608,201606,2016,2016.4329,,,,,,,,,,,CAN,CANADA,CAN,,,,,,,,0,042,042,04,1,1.9,2,1,2,3.38680926916221,0,,,,,,,4,"Indin Lake, Northwest Territories, Canada",CA,CA13,64.25,-115.25,-566581,5,"Northwest Territories, Northwest Territories, Canada",CA,CA13,65,-118,-570392,20160608,http://www.4-traders.com/NIGHTHAWK-GOLD-CORP-11482277/news/Nighthawk-Gold-Announces-Changes-to-the-Board-of-Directors-Amends-Stock-Option-Plan-and-Grant-of-22493980/
548487233,20160608,201606,2016,2016.4329,,,,,,,,,,,CAN,NORTHWEST TERRITORIES,CAN,,,,,,,,0,042,042,04,1,1.9,5,4,5,3.03290260251495,0,,,,,,,5,"Northwest Territories, Northwest Territories, Canada",CA,CA13,65,-118,-570392,4,"Indin Lake, Northwest Territories, Canada",CA,CA13,64.25,-115.25,-566581,20160608,http://www.4-traders.com/NIGHTHAWK-GOLD-CORP-11482277/news/Nighthawk-Gold-Announces-Changes-to-the-Board-of-Directors-Amends-Stock-Option-Plan-and-Grant-of-22493980/
548487234,20160608,201606,2016,2016.4329,,,,,,,,,,,CAN,NORTHWEST TERRITORIES,CAN,,,,,,,,0,042,042,04,1,1.9,12,4,12,3.03290260251495,0,,,,,,,5,"Northwest Territories, Northwest Territories, Canada",CA,CA13,65,-118,-570392,5,"Northwest Territories, Northwest Territories, Canada",CA,CA13,65,-118,-570392,20160608,http://www.4-traders.com/NIGHTHAWK-GOLD-CORP-11482277/news/Nighthawk-Gold-Announces-Changes-to-the-Board-of-Directors-Amends-Stock-Option-Plan-and-Grant-of-22493980/
548487534,20160608,201606,2016,2016.4329,BUS,BUSINESS,,,,,,BUS,,,CAN,CANADA,CAN,,,,,,,,1,186,186,18,4,-10.0,20,4,20,3.03290260251495,4,"Toronto, Ontario, Canada",CA,CA08,43.6667,-79.4167,-574890,4,"Toronto, Ontario, Canada",CA,CA08,43.6667,-79.4167,-574890,4,"Toronto, Ontario, Canada",CA,CA08,43.6667,-79.4167,-574890,20160608,http://www.4-traders.com/NIGHTHAWK-GOLD-CORP-11482277/news/Nighthawk-Gold-Announces-Changes-to-the-Board-of-Directors-Amends-Stock-Option-Plan-and-Grant-of-22493980/
548487585,20160608,201606,2016,2016.4329,CAN,CANADA,CAN,,,,,,,,,,,,,,,,,,0,043,043,04,1,2.8,20,4,20,3.03290260251495,4,"Indin Lake, Northwest Territories, Canada",CA,CA13,64.25,-115.25,-566581,0,,,,,,,4,"Indin Lake, Northwest Territories, Canada",CA,CA13,64.25,-115.25,-566581,20160608,http://www.4-traders.com/NIGHTHAWK-GOLD-CORP-11482277/news/Nighthawk-Gold-Announces-Changes-to-the-Board-of-Directors-Amends-Stock-Option-Plan-and-Grant-of-22493980/
548487586,20160608,201606,2016,2016.4329,CAN,CANADA,CAN,,,,,,,,,,,,,,,,,,0,043,043,04,1,2.8,2,1,2,3.38680926916221,4,"Indin Lake, Northwest Territories, Canada",CA,CA13,64.25,-115.25,-566581,0,,,,,,,5,"Northwest Territories, Northwest Territories, Canada",CA,CA13,65,-118,-570392,20160608,http://www.4-traders.com/NIGHTHAWK-GOLD-CORP-11482277/news/Nighthawk-Gold-Announces-Changes-to-the-Board-of-Directors-Amends-Stock-Option-Plan-and-Grant-of-22493980/
548487587,20160608,201606,2016,2016.4329,CAN,NORTHWEST TERRITORIES,CAN,,,,,,,,,,,,,,,,,,0,043,043,04,1,2.8,10,4,10,3.03290260251495,5,"Northwest Territories, Northwest Territories, Canada",CA,CA13,65,-118,-570392,0,,,,,,,4,"Indin Lake, Northwest Territories, Canada",CA,CA13,64.25,-115.25,-566581,20160608,http://www.4-traders.com/NIGHTHAWK-GOLD-CORP-11482277/news/Nighthawk-Gold-Announces-Changes-to-the-Board-of-Directors-Amends-Stock-Option-Plan-and-Grant-of-22493980/
548487591,20160608,201606,2016,2016.4329,CAN,CANADA,CAN,,,,,,,,,,,,,,,,,,1,051,051,05,1,3.4,3,3,3,2.66115953950303,5,"Northwest Territories, Northwest Territories, Canada",CA,CA13,65,-118,-570392,0,,,,,,,4,"Indin Lake, Northwest Territories, Canada",CA,CA13,64.25,-115.25,-566581,20160608,http://www.4-traders.com/NIGHTHAWK-GOLD-CORP-11482277/news/Nighthawk-Gold-Announces-Changes-to-the-Board-of-Directors-Amends-Stock-Option-Plan-and-Grant-of-22493980/
548487592,20160608,201606,2016,2016.4329,CAN,CANADA,CAN,,,,,,,,,,,,,,,,,,1,051,051,05,1,3.4,2,1,2,3.25878216680946,5,"Northwest Territories, Northwest Territories, Canada",CA,CA13,65,-118,-570392,0,,,,,,,5,"Northwest Territories, Northwest Territories, Canada",CA,CA13,65,-118,-570392,20160608,http://www.4-traders.com/NIGHTHAWK-GOLD-CORP-11482277/news/Nighthawk-Gold-Announces-Changes-to-the-Board-of-Directors-Amends-Stock-Option-Plan-and-Grant-of-22493980/
548487593,20160608,201606,2016,2016.4329,CAN,CANADA,CAN,,,,,,,,,,,,,,,,,,1,070,070,07,2,7.0,10,4,10,3.03290260251495,4,"Indin Lake, Northwest Territories, Canada",CA,CA13,64.25,-115.25,-566581,0,,,,,,,4,"Toronto, Ontario, Canada",CA,CA08,43.6667,-79.4167,-574890,20160608,http://www.4-traders.com/NIGHTHAWK-GOLD-CORP-11482277/news/Nighthawk-Gold-Announces-Changes-to-the-Board-of-Directors-Amends-Stock-Option-Plan-and-Grant-of-22493980/
548488027,20160608,201606,2016,2016.4329,GOV,CHIEF EXECUTIVE,,,,,,GOV,,,,,,,,,,,,,1,051,051,05,1,3.4,12,3,12,2.77855842074145,5,"Northwest Territories, Northwest Territories, Canada",CA,CA13,65,-118,-570392,0,,,,,,,5,"Northwest Territories, Northwest Territories, Canada",CA,CA13,65,-118,-570392,20160608,http://www.4-traders.com/NIGHTHAWK-GOLD-CORP-11482277/news/Nighthawk-Gold-Announces-Changes-to-the-Board-of-Directors-Amends-Stock-Option-Plan-and-Grant-of-22493980/
548488029,20160608,201606,2016,2016.4329,GOV,CHIEF EXECUTIVE,,,,,,GOV,,,,,,,,,,,,,1,070,070,07,2,7.0,15,4,15,3.03290260251495,4,"Indin Lake, Northwest Territories, Canada",CA,CA13,64.25,-115.25,-566581,0,,,,,,,4,"Indin Lake, Northwest Territories, Canada",CA,CA13,64.25,-115.25,-566581,20160608,http://www.4-traders.com/NIGHTHAWK-GOLD-CORP-11482277/news/Nighthawk-Gold-Announces-Changes-to-the-Board-of-Directors-Amends-Stock-Option-Plan-and-Grant-of-22493980/
548488047,20160608,201606,2016,2016.4329,GOV,CHIEF EXECUTIVE,,,,,,GOV,,,CAN,CANADA,CAN,,,,,,,,1,051,051,05,1,3.4,3,3,3,2.66115953950303,4,"Indin Lake, Northwest Territories, Canada",CA,CA13,64.25,-115.25,-566581,4,"Indin Lake, Northwest Territories, Canada",CA,CA13,64.25,-115.25,-566581,4,"Indin Lake, Northwest Territories, Canada",CA,CA13,64.25,-115.25,-566581,20160608,http://www.4-traders.com/NIGHTHAWK-GOLD-CORP-11482277/news/Nighthawk-Gold-Announces-Changes-to-the-Board-of-Directors-Amends-Stock-Option-Plan-and-Grant-of-22493980/
548488049,20160608,201606,2016,2016.4329,GOV,CHIEF EXECUTIVE,,,,,,GOV,,,CAN,CANADA,CAN,,,,,,,,1,051,051,05,1,3.4,1,1,1,3.38680926916221,5,"Northwest Territories, Northwest Territories, Canada",CA,CA13,65,-118,-570392,4,"Indin Lake, Northwest Territories, Canada",CA,CA13,64.25,-115.25,-566581,5,"Northwest Territories, Northwest Territories, Canada",CA,CA13,65,-118,-570392,20160608,http://www.4-traders.com/NIGHTHAWK-GOLD-CORP-11482277/news/Nighthawk-Gold-Announces-Changes-to-the-Board-of-Directors-Amends-Stock-Option-Plan-and-Grant-of-22493980/
548488051,20160608,201606,2016,2016.4329,GOV,CHIEF EXECUTIVE,,,,,,GOV,,,CAN,CANADA,CAN,,,,,,,,1,070,070,07,2,7.0,10,4,10,3.03290260251495,4,"Indin Lake, Northwest Territories, Canada",CA,CA13,64.25,-115.25,-566581,4,"Toronto, Ontario, Canada",CA,CA08,43.6667,-79.4167,-574890,4,"Toronto, Ontario, Canada",CA,CA08,43.6667,-79.4167,-574890,20160608,http://www.4-traders.com/NIGHTHAWK-GOLD-CORP-11482277/news/Nighthawk-Gold-Announces-Changes-to-the-Board-of-Directors-Amends-Stock-Option-Plan-and-Grant-of-22493980/
548488793,20160608,201606,2016,2016.4329,RUS,RUSSIA,RUS,,,,,,,,,,,,,,,,,,1,110,110,11,3,-2.0,2,1,2,-3.45454545454545,4,"Moscow, Moskva, Russia",RS,RS48,55.7522,37.6156,-2960561,0,,,,,,,4,"Vladikavkaz, Severnaya Osetiya-Alaniya, Russia",RS,RS68,43.0367,44.6678,-3033718,20160608,http://www.rferl.org/content/russia-golden-youth-cases-revisited-amid-outrage/27787066.html
548492465,20160608,201606,2016,2016.4329,FRA,FRANCE,FRA,,,,,,,,MIL,BATTLESHIP,,,,,,MIL,,,1,071,071,07,2,7.4,8,1,8,-0.34762456546929,4,"Monnaie, Centre, France",FR,FRA3,47.5016,0.788721,-1452162,4,"Monnaie, Centre, France",FR,FRA3,47.5016,0.788721,-1452162,4,"Monnaie, Centre, France",FR,FRA3,47.5016,0.788721,-1452162,20160608,http://news.coinupdate.com/women-of-france-series-continues-with-gold-and-silver-coins-featuring-queen-matilda/
548493649,20160608,201606,2016,2016.4329,USABUS,LOS ANGELES,USA,,,,,BUS,,,USA,LOS ANGELES,USA,,,,,,,,1,090,090,09,2,-2.0,20,1,20,-3.72942386831276,0,,,,,,,0,,,,,,,0,,,,,,,20160608,http://www.businesswire.com/news/home/20160608006391/en/IMPORTANT-INVESTOR-ALERT-Goldberg-Law-PC-Announces
548494945,20160608,201606,2016,2016.4329,,,,,,,,,,,DNKGRL,GREENLAND,DNK,,,,,,,,1,042,042,04,1,1.9,2,1,2,6.95652173913043,0,,,,,,,4,"Samana Peninsula, SamanáR, Dominican Republic",DR,DR20,19.25,-69.4167,-3365917,4,"Samana Peninsula, SamanáR, Dominican Republic",DR,DR20,19.25,-69.4167,-3365917,20160608,http://news.caribseek.com/26190-samana-peninsula-drs-north-coast-included-conde-nast-gold-list-dominican-republic
548495501,20160608,201606,2016,2016.4329,DNKGRL,GREENLAND,DNK,,,,,,,,DOM,DOMINICAN REPUBLIC,DOM,,,,,,,,1,043,043,04,1,2.8,8,1,8,6.95652173913043,1,Greenland,GL,GL,72,-40,GL,4,"Samana Peninsula, SamanáR, Dominican Republic",DR,DR20,19.25,-69.4167,-3365917,1,Greenland,GL,GL,72,-40,GL,20160608,http://news.caribseek.com/26190-samana-peninsula-drs-north-coast-included-conde-nast-gold-list-dominican-republic
548495502,20160608,201606,2016,2016.4329,DOM,DOMINICAN REPUBLIC,DOM,,,,,,,,DNKGRL,GREENLAND,DNK,,,,,,,,1,042,042,04,1,1.9,8,1,8,6.95652173913043,1,Greenland,GL,GL,72,-40,GL,4,"Samana Peninsula, SamanáR, Dominican Republic",DR,DR20,19.25,-69.4167,-3365917,4,"Samana Peninsula, SamanáR, Dominican Republic",DR,DR20,19.25,-69.4167,-3365917,20160608,http://news.caribseek.com/26190-samana-peninsula-drs-north-coast-included-conde-nast-gold-list-dominican-republic
548495815,20160608,201606,2016,2016.4329,HLH,PHYSICIAN,,,,,,HLH,,,SWE,LUND,SWE,,,,,,,,1,010,010,01,1,0.0,8,1,8,3.29670329670329,2,"Alaska, United States",US,USAK,61.385,-152.268,AK,2,"Alaska, United States",US,USAK,61.385,-152.268,AK,2,"Alaska, United States",US,USAK,61.385,-152.268,AK,20160608,https://www.thelundreport.org/content/goldberg-has-new-role-improving-access-oregon%E2%80%99s-native-americans
548495816,20160608,201606,2016,2016.4329,HLH,PHYSICIAN,,,,,,HLH,,,SWE,LUND,SWE,,,,,,,,1,010,010,01,1,0.0,2,1,2,3.29670329670329,2,"Oregon, United States",US,USOR,44.5672,-122.127,OR,2,"Alaska, United States",US,USAK,61.385,-152.268,AK,2,"Alaska, United States",US,USAK,61.385,-152.268,AK,20160608,https://www.thelundreport.org/content/goldberg-has-new-role-improving-access-oregon%E2%80%99s-native-americans
548495863,20160608,201606,2016,2016.4329,IRL,IRELAND,IRL,,,,,,,,,,,,,,,,,,1,010,010,01,1,0.0,11,2,11,3.56134878193702,4,"Longford, Longford, Ireland",EI,EI18,53.7333,-7.8,-1504292,0,,,,,,,4,"Longford, Longford, Ireland",EI,EI18,53.7333,-7.8,-1504292,20160608,http://www.longfordleader.ie/news/home/208980/Gold-for-St-Mel-s-at.html
548498175,20160607,201606,2016,2016.4301,AFR,AFRICA,AFR,,,,,,,,ISR,ISRAELI,ISR,,,,,,,,1,042,042,04,1,1.9,1,1,1,-1.33079847908745,1,Israel,IS,IS,31.5,34.75,IS,1,Israel,IS,IS,31.5,34.75,IS,1,Israel,IS,IS,31.5,34.75,IS,20160608,http://www.palestinechronicle.com/golda-meir-africa-ellen-johnson-sirleaf-liberia-visits-israel-angers-palestinians/
548498176,20160607,201606,2016,2016.4301,AFR,AFRICA,AFR,,,,,,,,ISRGOV,ISRAELI,ISR,,,,,GOV,,,1,042,042,04,1,1.9,3,1,3,-1.33079847908745,1,Liberia,LI,LI,6.5,-9.5,LI,1,Israel,IS,IS,31.5,34.75,IS,1,Israel,IS,IS,31.5,34.75,IS,20160608,http://www.palestinechronicle.com/golda-meir-africa-ellen-johnson-sirleaf-liberia-visits-israel-angers-palestinians/
548498178,20160607,201606,2016,2016.4301,ISR,ISRAELI,ISR,,,,,,,,AFR,AFRICA,AFR,,,,,,,,1,043,043,04,1,2.8,1,1,1,-1.33079847908745,1,Israel,IS,IS,31.5,34.75,IS,1,Israel,IS,IS,31.5,34.75,IS,1,Israel,IS,IS,31.5,34.75,IS,20160608,http://www.palestinechronicle.com/golda-meir-africa-ellen-johnson-sirleaf-liberia-visits-israel-angers-palestinians/
548498179,20160607,201606,2016,2016.4301,ISR,ISRAEL,ISR,,,,,,,,ISRGOV,ISRAEL,ISR,,,,,GOV,,,1,042,042,04,1,1.9,1,1,1,-1.33079847908745,1,Israel,IS,IS,31.5,34.75,IS,1,Liberia,LI,LI,6.5,-9.5,LI,1,Liberia,LI,LI,6.5,-9.5,LI,20160608,http://www.palestinechronicle.com/golda-meir-africa-ellen-johnson-sirleaf-liberia-visits-israel-angers-palestinians/
548498180,20160607,201606,2016,2016.4301,ISR,ISRAEL,ISR,,,,,,,,ISRGOVMED,REUVEN RIVLIN,ISR,,,,,GOV,MED,,1,042,042,04,1,1.9,1,1,1,-1.33079847908745,1,Israel,IS,IS,31.5,34.75,IS,1,Israel,IS,IS,31.5,34.75,IS,1,Israel,IS,IS,31.5,34.75,IS,20160608,http://www.palestinechronicle.com/golda-meir-africa-ellen-johnson-sirleaf-liberia-visits-israel-angers-palestinians/
548498181,20160607,201606,2016,2016.4301,ISR,ISRAEL,ISR,,,,,,,,ISRGOVMED,REUVEN RIVLIN,ISR,,,,,GOV,MED,,1,042,042,04,1,1.9,1,1,1,-1.33079847908745,1,Liberia,LI,LI,6.5,-9.5,LI,1,Liberia,LI,LI,6.5,-9.5,LI,1,Liberia,LI,LI,6.5,-9.5,LI,20160608,http://www.palestinechronicle.com/golda-meir-africa-ellen-johnson-sirleaf-liberia-visits-israel-angers-palestinians/
548498182,20160607,201606,2016,2016.4301,ISRGOV,ISRAELI,ISR,,,,,GOV,,,AFR,AFRICA,AFR,,,,,,,,1,043,043,04,1,2.8,3,1,3,-1.33079847908745,1,Israel,IS,IS,31.5,34.75,IS,1,Israel,IS,IS,31.5,34.75,IS,1,Israel,IS,IS,31.5,34.75,IS,20160608,http://www.palestinechronicle.com/golda-meir-africa-ellen-johnson-sirleaf-liberia-visits-israel-angers-palestinians/
548498183,20160607,201606,2016,2016.4301,ISRGOVMED,REUVEN RIVLIN,ISR,,,,,GOV,MED,,ISR,ISRAEL,ISR,,,,,,,,1,043,043,04,1,2.8,2,1,2,-1.33079847908745,1,Israel,IS,IS,31.5,34.75,IS,1,Israel,IS,IS,31.5,34.75,IS,1,Israel,IS,IS,31.5,34.75,IS,20160608,http://www.palestinechronicle.com/golda-meir-africa-ellen-johnson-sirleaf-liberia-visits-israel-angers-palestinians/
548498206,20160608,201606,2016,2016.4329,,,,,,,,,,,COP,POLICE,,,,,,COP,,,1,042,042,04,1,1.9,6,1,6,-4.54545454545454,0,,,,,,,2,"New Hampshire, United States",US,USNH,43.4108,-71.5653,NH,2,"New Hampshire, United States",US,USNH,43.4108,-71.5653,NH,20160608,http://www.101gold.com/woman-reunited-with-purse-allegedly-stolen-14-years-ago/
548498397,20160608,201606,2016,2016.4329,AFR,AFRICA,AFR,,,,,,,,,,,,,,,,,,1,051,051,05,1,3.4,10,1,10,-1.33079847908745,1,Israel,IS,IS,31.5,34.75,IS,0,,,,,,,1,Israel,IS,IS,31.5,34.75,IS,20160608,http://www.palestinechronicle.com/golda-meir-africa-ellen-johnson-sirleaf-liberia-visits-israel-angers-palestinians/
548498408,20160608,201606,2016,2016.4329,AFR,AFRICA,AFR,,,,,,,,ISR,ISRAEL,ISR,,,,,,,,1,040,040,04,1,1.0,8,1,8,-1.33079847908745,1,Israel,IS,IS,31.5,34.75,IS,1,Israel,IS,IS,31.5,34.75,IS,1,Liberia,LI,LI,6.5,-9.5,LI,20160608,http://www.palestinechronicle.com/golda-meir-africa-ellen-johnson-sirleaf-liberia-visits-israel-angers-palestinians/
548498409,20160608,201606,2016,2016.4329,AFR,AFRICA,AFR,,,,,,,,ISR,ISRAEL,ISR,,,,,,,,1,042,042,04,1,1.9,5,1,5,-1.33079847908745,1,Israel,IS,IS,31.5,34.75,IS,1,Israel,IS,IS,31.5,34.75,IS,1,Israel,IS,IS,31.5,34.75,IS,20160608,http://www.palestinechronicle.com/golda-meir-africa-ellen-johnson-sirleaf-liberia-visits-israel-angers-palestinians/
548498410,20160608,201606,2016,2016.4329,AFR,AFRICA,AFR,,,,,,,,ISR,ISRAEL,ISR,,,,,,,,1,042,042,04,1,1.9,3,1,3,-1.33079847908745,1,Israel,IS,IS,31.5,34.75,IS,1,Israel,IS,IS,31.5,34.75,IS,1,Liberia,LI,LI,6.5,-9.5,LI,20160608,http://www.palestinechronicle.com/golda-meir-africa-ellen-johnson-sirleaf-liberia-visits-israel-angers-palestinians/
548498411,20160608,201606,2016,2016.4329,AFR,AFRICA,AFR,,,,,,,,ISR,ISRAEL,ISR,,,,,,,,1,043,043,04,1,2.8,2,1,2,-1.33079847908745,1,Israel,IS,IS,31.5,34.75,IS,1,Israel,IS,IS,31.5,34.75,IS,1,Israel,IS,IS,31.5,34.75,IS,20160608,http://www.palestinechronicle.com/golda-meir-africa-ellen-johnson-sirleaf-liberia-visits-israel-angers-palestinians/
548498592,20160608,201606,2016,2016.4329,COP,POLICE,,,,,,COP,,,,,,,,,,,,,1,043,043,04,1,2.8,6,1,6,-4.54545454545454,2,"New Hampshire, United States",US,USNH,43.4108,-71.5653,NH,0,,,,,,,2,"New Hampshire, United States",US,USNH,43.4108,-71.5653,NH,20160608,http://www.101gold.com/woman-reunited-with-purse-allegedly-stolen-14-years-ago/
548498631,20160608,201606,2016,2016.4329,COP,DEPUTY,,,,,,COP,,,LAB,EMPLOYEE,,,,,,LAB,,,1,010,010,01,1,0.0,6,1,6,-4.54545454545454,2,"New Hampshire, United States",US,USNH,43.4108,-71.5653,NH,2,"New Hampshire, United States",US,USNH,43.4108,-71.5653,NH,2,"New Hampshire, United States",US,USNH,43.4108,-71.5653,NH,20160608,http://www.101gold.com/woman-reunited-with-purse-allegedly-stolen-14-years-ago/
548498762,20160608,201606,2016,2016.4329,EDU,STUDENT,,,,,,EDU,,,,,,,,,,,,,1,012,012,01,1,-0.4,3,1,3,-4.11764705882353,3,"Desert Ridge High School, Arizona, United States",US,USAZ,33.3702,-111.617,2517742,0,,,,,,,3,"Desert Ridge High School, Arizona, United States",US,USAZ,33.3702,-111.617,2517742,20160608,http://www.101gold.com/arizona-school-yanks-poster-some-students-find-offensive/
548498763,20160608,201606,2016,2016.4329,EDU,STUDENT,,,,,,EDU,,,,,,,,,,,,,1,012,012,01,1,-0.4,3,1,3,-4.11764705882353,2,"Arizona, United States",US,USAZ,33.7712,-111.388,AZ,0,,,,,,,2,"Arizona, United States",US,USAZ,33.7712,-111.388,AZ,20160608,http://www.101gold.com/arizona-school-yanks-poster-some-students-find-offensive/
548499007,20160608,201606,2016,2016.4329,GOV,KING,,,,,,GOV,,,MED,WEBSITE,,,,,,MED,,,0,042,042,04,1,1.9,3,1,3,2.04204204204204,2,"Washington, United States",US,USWA,47.3917,-121.571,WA,2,"Washington, United States",US,USWA,47.3917,-121.571,WA,2,"Washington, United States",US,USWA,47.3917,-121.571,WA,20160608,http://www.einnews.com/pr_news/329960574/calibre-mining-drilling-continues-to-expand-gold-silver-vein-systems-at-eastern-borosi-project-northeast-nicaragua
548499125,20160608,201606,2016,2016.4329,ISR,ISRAEL,ISR,,,,,,,,,,,,,,,,,,1,120,120,12,3,-4.0,4,1,4,3.32225913621262,1,West Bank,WE,WE,31.6667,35.25,WE,0,,,,,,,4,"Gaza, Israel (general), Israel",IS,IS00,31.4167,34.3333,-797156,20160608,http://www.palestinechronicle.com/gold-imports-exports-west-bank-gaza-allowed-israeli-authorities/
548499134,20160608,201606,2016,2016.4329,ISR,ISRAEL,ISR,,,,,,,,AFR,AFRICA,AFR,,,,,,,,1,040,040,04,1,1.0,2,1,2,-1.33079847908745,1,Israel,IS,IS,31.5,34.75,IS,1,Israel,IS,IS,31.5,34.75,IS,1,Israel,IS,IS,31.5,34.75,IS,20160608,http://www.palestinechronicle.com/golda-meir-africa-ellen-johnson-sirleaf-liberia-visits-israel-angers-palestinians/
548499135,20160608,201606,2016,2016.4329,ISR,ISRAEL,ISR,,,,,,,,AFR,AFRICA,AFR,,,,,,,,1,042,042,04,1,1.9,2,1,2,-1.33079847908745,1,Israel,IS,IS,31.5,34.75,IS,1,Israel,IS,IS,31.5,34.75,IS,1,Israel,IS,IS,31.5,34.75,IS,20160608,http://www.palestinechronicle.com/golda-meir-africa-ellen-johnson-sirleaf-liberia-visits-israel-angers-palestinians/
548499136,20160608,201606,2016,2016.4329,ISR,ISRAEL,ISR,,,,,,,,AFR,AFRICA,AFR,,,,,,,,1,043,043,04,1,2.8,5,1,5,-1.33079847908745,1,Israel,IS,IS,31.5,34.75,IS,1,Israel,IS,IS,31.5,34.75,IS,1,Israel,IS,IS,31.5,34.75,IS,20160608,http://www.palestinechronicle.com/golda-meir-africa-ellen-johnson-sirleaf-liberia-visits-israel-angers-palestinians/
548499137,20160608,201606,2016,2016.4329,ISR,ISRAEL,ISR,,,,,,,,AFR,AFRICA,AFR,,,,,,,,1,043,043,04,1,2.8,3,1,3,-1.33079847908745,1,Israel,IS,IS,31.5,34.75,IS,1,Israel,IS,IS,31.5,34.75,IS,1,Liberia,LI,LI,6.5,-9.5,LI,20160608,http://www.palestinechronicle.com/golda-meir-africa-ellen-johnson-sirleaf-liberia-visits-israel-angers-palestinians/
548499295,20160608,201606,2016,2016.4329,LBR,LIBERIA,LBR,,,,,,,,ISR,ISRAELI,ISR,,,,,,,,0,161,161,16,4,-4.0,7,1,7,-1.33079847908745,1,Liberia,LI,LI,6.5,-9.5,LI,1,Israel,IS,IS,31.5,34.75,IS,1,Israel,IS,IS,31.5,34.75,IS,20160608,http://www.palestinechronicle.com/golda-meir-africa-ellen-johnson-sirleaf-liberia-visits-israel-angers-palestinians/
548499296,20160608,201606,2016,2016.4329,LBR,LIBERIA,LBR,,,,,,,,ISR,ISRAELI,ISR,,,,,,,,0,161,161,16,4,-4.0,1,1,1,-1.33079847908745,1,Liberia,LI,LI,6.5,-9.5,LI,1,Liberia,LI,LI,6.5,-9.5,LI,1,Liberia,LI,LI,6.5,-9.5,LI,20160608,http://www.palestinechronicle.com/golda-meir-africa-ellen-johnson-sirleaf-liberia-visits-israel-angers-palestinians/
548499374,20160608,201606,2016,2016.4329,MED,WEBSITE,,,,,,MED,,,GOV,KING,,,,,,GOV,,,0,043,043,04,1,2.8,3,1,3,2.04204204204204,2,"Washington, United States",US,USWA,47.3917,-121.571,WA,2,"Washington, United States",US,USWA,47.3917,-121.571,WA,2,"Washington, United States",US,USWA,47.3917,-121.571,WA,20160608,http://www.einnews.com/pr_news/329960574/calibre-mining-drilling-continues-to-expand-gold-silver-vein-systems-at-eastern-borosi-project-northeast-nicaragua
548499384,20160608,201606,2016,2016.4329,MED,WEBSITE,,,,,,MED,,,USA,UNITED STATES,USA,,,,,,,,0,043,043,04,1,2.8,1,1,1,2.04204204204204,2,"Washington, United States",US,USWA,47.3917,-121.571,WA,2,"Washington, United States",US,USWA,47.3917,-121.571,WA,2,"Washington, United States",US,USWA,47.3917,-121.571,WA,20160608,http://www.einnews.com/pr_news/329960574/calibre-mining-drilling-continues-to-expand-gold-silver-vein-systems-at-eastern-borosi-project-northeast-nicaragua
548499387,20160608,201606,2016,2016.4329,MED,WEBSITE,,,,,,MED,,,USAGOV,UNITED STATES,USA,,,,,GOV,,,0,043,043,04,1,2.8,1,1,1,2.04204204204204,2,"Washington, United States",US,USWA,47.3917,-121.571,WA,2,"Washington, United States",US,USWA,47.3917,-121.571,WA,2,"Washington, United States",US,USWA,47.3917,-121.571,WA,20160608,http://www.einnews.com/pr_news/329960574/calibre-mining-drilling-continues-to-expand-gold-silver-vein-systems-at-eastern-borosi-project-northeast-nicaragua
548499528,20160608,201606,2016,2016.4329,NIC,NICARAGUA,NIC,,,,,,,,,,,,,,,,,,1,071,071,07,2,7.4,5,1,5,2.00429491768074,1,United States,US,US,38,-97,US,0,,,,,,,1,United States,US,US,38,-97,US,20160608,http://www.geologyforinvestors.com/calibre-mining-drilling-continues-to-expand-gold-silver-vein-systems-at-eastern-borosi-project-northeast-nicaragua/
548499575,20160608,201606,2016,2016.4329,PSE,PALESTINIAN,PSE,,,,,,,,,,,,,,,,,,1,120,120,12,3,-4.0,2,1,2,3.32225913621262,1,West Bank,WE,WE,31.6667,35.25,WE,0,,,,,,,4,"Gaza, Israel (general), Israel",IS,IS00,31.4167,34.3333,-797156,20160608,http://www.palestinechronicle.com/gold-imports-exports-west-bank-gaza-allowed-israeli-authorities/
548499578,20160608,201606,2016,2016.4329,PSE,PALESTINIAN,PSE,,,,,,,,ISR,ISRAEL,ISR,,,,,,,,1,120,120,12,3,-4.0,2,1,2,3.32225913621262,4,"Gaza, Israel (general), Israel",IS,IS00,31.4167,34.3333,-797156,1,West Bank,WE,WE,31.6667,35.25,WE,4,"Gaza, Israel (general), Israel",IS,IS00,31.4167,34.3333,-797156,20160608,http://www.palestinechronicle.com/gold-imports-exports-west-bank-gaza-allowed-israeli-authorities/
548499579,20160608,201606,2016,2016.4329,PSE,PALESTINIAN,PSE,,,,,,,,ISR,ISRAEL,ISR,,,,,,,,1,120,120,12,3,-4.0,2,1,2,3.32225913621262,1,West Bank,WE,WE,31.6667,35.25,WE,1,West Bank,WE,WE,31.6667,35.25,WE,4,"Gaza, Israel (general), Israel",IS,IS00,31.4167,34.3333,-797156,20160608,http://www.palestinechronicle.com/gold-imports-exports-west-bank-gaza-allowed-israeli-authorities/
548499981,20160608,201606,2016,2016.4329,USA,UNITED STATES,USA,,,,,,,,MED,WEBSITE,,,,,,MED,,,0,042,042,04,1,1.9,1,1,1,2.04204204204204,2,"Washington, United States",US,USWA,47.3917,-121.571,WA,2,"Washington, United States",US,USWA,47.3917,-121.571,WA,2,"Washington, United States",US,USWA,47.3917,-121.571,WA,20160608,http://www.einnews.com/pr_news/329960574/calibre-mining-drilling-continues-to-expand-gold-silver-vein-systems-at-eastern-borosi-project-northeast-nicaragua
548500016,20160608,201606,2016,2016.4329,USA,DENVER,USA,,,,,,,,TUR,ISTANBUL,TUR,,,,,,,,1,042,042,04,1,1.9,10,1,10,1.2987012987013,2,"Illinois, United States",US,USIL,40.3363,-89.0022,IL,2,"Illinois, United States",US,USIL,40.3363,-89.0022,IL,2,"Illinois, United States",US,USIL,40.3363,-89.0022,IL,20160608,http://95rockfm.com/tags/golden-retrievers/
548500018,20160608,201606,2016,2016.4329,USA,UNITED STATES,USA,,,,,,,,USACOP,UNITED STATES,USA,,,,,COP,,,1,013,013,01,1,0.4,2,1,2,-4.54545454545454,2,"New Hampshire, United States",US,USNH,43.4108,-71.5653,NH,2,"New Hampshire, United States",US,USNH,43.4108,-71.5653,NH,2,"New Hampshire, United States",US,USNH,43.4108,-71.5653,NH,20160608,http://www.101gold.com/woman-reunited-with-purse-allegedly-stolen-14-years-ago/
548500086,20160608,201606,2016,2016.4329,USAGOV,UNITED STATES,USA,,,,,GOV,,,MED,WEBSITE,,,,,,MED,,,0,042,042,04,1,1.9,1,1,1,2.04204204204204,2,"Washington, United States",US,USWA,47.3917,-121.571,WA,2,"Washington, United States",US,USWA,47.3917,-121.571,WA,2,"Washington, United States",US,USWA,47.3917,-121.571,WA,20160608,http://www.einnews.com/pr_news/329960574/calibre-mining-drilling-continues-to-expand-gold-silver-vein-systems-at-eastern-borosi-project-northeast-nicaragua
548502932,20160608,201606,2016,2016.4329,MNCUSAMED,GOOGLE,USA,,,,,MNC,MED,,MNCUSA,MICROSOFT,USA,,,,,MNC,,,1,120,120,12,3,-4.0,5,1,5,-0.70224719101124,4,"Sydney, New South Wales, Australia",AS,AS02,-33.8833,151.217,-1603135,4,"Sydney, New South Wales, Australia",AS,AS02,-33.8833,151.217,-1603135,4,"Sydney, New South Wales, Australia",AS,AS02,-33.8833,151.217,-1603135,20160608,http://seekingalpha.com/article/3972862-rackspace-services-will-golden-parachute
548504947,20160608,201606,2016,2016.4329,,,,,,,,,,,EGY,EGYPT,EGY,,,,,,,,0,042,042,04,1,1.9,2,1,2,-1.13821138211383,0,,,,,,,4,"Beacon Hill, Al Wadi al Jadid, Egypt",EG,EG13,24.55,30.3,-292437,4,"Beacon Hill, Al Wadi al Jadid, Egypt",EG,EG13,24.55,30.3,-292437,20160608,http://www.edmontonexaminer.com/2016/06/08/fort-mcmurray-family-hopes-to-find-gold-amid-ruins-of-their-burned-beacon-hill-home
548504948,20160608,201606,2016,2016.4329,,,,,,,,,,,EGY,EGYPT,EGY,,,,,,,,1,043,043,04,1,2.8,2,1,2,-1.13821138211383,0,,,,,,,4,"Beacon Hill, Al Wadi al Jadid, Egypt",EG,EG13,24.55,30.3,-292437,4,"Beacon Hill, Al Wadi al Jadid, Egypt",EG,EG13,24.55,30.3,-292437,20160608,http://www.edmontonexaminer.com/2016/06/08/fort-mcmurray-family-hopes-to-find-gold-amid-ruins-of-their-burned-beacon-hill-home
548505231,20160608,201606,2016,2016.4329,CAN,EDMONTON,CAN,,,,,,,,EDU,SCHOOL,,,,,,EDU,,,1,080,080,08,2,5.0,5,1,5,-1.13821138211383,4,"Beacon Hill, Al Wadi al Jadid, Egypt",EG,EG13,24.55,30.3,-292437,4,"Beacon Hill, Al Wadi al Jadid, Egypt",EG,EG13,24.55,30.3,-292437,4,"Beacon Hill, Al Wadi al Jadid, Egypt",EG,EG13,24.55,30.3,-292437,20160608,http://www.edmontonexaminer.com/2016/06/08/fort-mcmurray-family-hopes-to-find-gold-amid-ruins-of-their-burned-beacon-hill-home
548505638,20160608,201606,2016,2016.4329,EGY,EGYPT,EGY,,,,,,,,,,,,,,,,,,1,010,010,01,1,0.0,2,1,2,-1.13821138211383,4,"Beacon Hill, Al Wadi al Jadid, Egypt",EG,EG13,24.55,30.3,-292437,0,,,,,,,4,"Beacon Hill, Al Wadi al Jadid, Egypt",EG,EG13,24.55,30.3,-292437,20160608,http://www.edmontonexaminer.com/2016/06/08/fort-mcmurray-family-hopes-to-find-gold-amid-ruins-of-their-burned-beacon-hill-home
548505640,20160608,201606,2016,2016.4329,EGY,EGYPT,EGY,,,,,,,,,,,,,,,,,,1,042,042,04,1,1.9,2,1,2,-1.13821138211383,4,"Beacon Hill, Al Wadi al Jadid, Egypt",EG,EG13,24.55,30.3,-292437,0,,,,,,,4,"Beacon Hill, Al Wadi al Jadid, Egypt",EG,EG13,24.55,30.3,-292437,20160608,http://www.edmontonexaminer.com/2016/06/08/fort-mcmurray-family-hopes-to-find-gold-amid-ruins-of-their-burned-beacon-hill-home
548505641,20160608,201606,2016,2016.4329,EGY,EGYPT,EGY,,,,,,,,,,,,,,,,,,0,043,043,04,1,2.8,2,1,2,-1.13821138211383,4,"Beacon Hill, Al Wadi al Jadid, Egypt",EG,EG13,24.55,30.3,-292437,0,,,,,,,4,"Beacon Hill, Al Wadi al Jadid, Egypt",EG,EG13,24.55,30.3,-292437,20160608,http://www.edmontonexaminer.com/2016/06/08/fort-mcmurray-family-hopes-to-find-gold-amid-ruins-of-their-burned-beacon-hill-home
548506285,20160608,201606,2016,2016.4329,MIL,RESERVIST,,,,,,MIL,,,,,,,,,,,,,0,090,090,09,2,-2.0,10,1,10,-1.13821138211383,4,"Beacon Hill, Al Wadi al Jadid, Egypt",EG,EG13,24.55,30.3,-292437,0,,,,,,,4,"Beacon Hill, Al Wadi al Jadid, Egypt",EG,EG13,24.55,30.3,-292437,20160608,http://www.edmontonexaminer.com/2016/06/08/fort-mcmurray-family-hopes-to-find-gold-amid-ruins-of-their-burned-beacon-hill-home
548506964,20160608,201606,2016,2016.4329,USA,UNITED STATES,USA,,,,,,,,USAGOV,HILLARY CLINTON,USA,,,,,GOV,,,0,112,112,11,3,-2.0,2,1,2,-2.46189917936694,2,"Texas, United States",US,USTX,31.106,-97.6475,TX,2,"Texas, United States",US,USTX,31.106,-97.6475,TX,2,"Texas, United States",US,USTX,31.106,-97.6475,TX,20160608,http://www.huffingtonpost.com/laura-goldman/scotus-decision-could-lea_b_10340008.html
548506973,20160608,201606,2016,2016.4329,USA,TEXAS,USA,,,,,,,,USALEG,UNITED STATES,USA,,,,,LEG,,,1,052,052,05,1,3.5,1,1,1,-2.46189917936694,2,"Texas, United States",US,USTX,31.106,-97.6475,TX,2,"Texas, United States",US,USTX,31.106,-97.6475,TX,2,"Texas, United States",US,USTX,31.106,-97.6475,TX,20160608,http://www.huffingtonpost.com/laura-goldman/scotus-decision-could-lea_b_10340008.html
548507005,20160608,201606,2016,2016.4329,USAGOV,HILLARY CLINTON,USA,,,,,GOV,,,,,,,,,,,,,0,112,112,11,3,-2.0,3,1,3,-2.46189917936694,2,"Texas, United States",US,USTX,31.106,-97.6475,TX,0,,,,,,,2,"Texas, United States",US,USTX,31.106,-97.6475,TX,20160608,http://www.huffingtonpost.com/laura-goldman/scotus-decision-could-lea_b_10340008.html
548508307,20160608,201606,2016,2016.4329,,,,,,,,,,,CAN,CANADA,CAN,,,,,,,,1,042,042,04,1,1.9,4,1,4,-1.92307692307692,0,,,,,,,4,"Fort Mcmurray, Alberta, Canada",CA,CA01,56.7333,-111.383,-564818,4,"Salmon Arm, British Columbia, Canada",CA,CA02,50.7,-119.283,-573088,20160608,http://golden.myezrock.com/News/Story.aspx?ID=2197054
548508579,20160608,201606,2016,2016.4329,AUS,AUSTRALIAN,AUS,,,,,,,,AUSGOV,AUSTRALIA,AUS,,,,,GOV,,,0,090,090,09,2,-2.0,2,1,2,-4.40771349862259,4,"Melbourne, Victoria, Australia",AS,AS07,-37.8167,144.967,-1586844,4,"Melbourne, Victoria, Australia",AS,AS07,-37.8167,144.967,-1586844,4,"Melbourne, Victoria, Australia",AS,AS07,-37.8167,144.967,-1586844,20160608,http://www.gold1043.com.au/newsroom/melbourne-health-service-at-the-centre-of-child-death-scandal
548508585,20160608,201606,2016,2016.4329,AUS,AUSTRALIAN,AUS,,,,,,,,GOV,CHIEF EXECUTIVE,,,,,,GOV,,,0,090,090,09,2,-2.0,8,1,8,-4.40771349862259,4,"Melbourne, Victoria, Australia",AS,AS07,-37.8167,144.967,-1586844,4,"Melbourne, Victoria, Australia",AS,AS07,-37.8167,144.967,-1586844,4,"Melbourne, Victoria, Australia",AS,AS07,-37.8167,144.967,-1586844,20160608,http://www.gold1043.com.au/newsroom/melbourne-health-service-at-the-centre-of-child-death-scandal
548508590,20160608,201606,2016,2016.4329,AUS,SYDNEY,AUS,,,,,,,,USA,NEW YORK,USA,,,,,,,,1,042,042,04,1,1.9,8,8,8,1.645444647436,4,"London, London, City of, United Kingdom",UK,UKH9,51.5,-0.116667,-2601889,4,"Sydney, New South Wales, Australia",AS,AS02,-33.8833,151.217,-1603135,4,"Sydney, New South Wales, Australia",AS,AS02,-33.8833,151.217,-1603135,20160608,http://www.businessinsider.com.au/goldman-sachs-james-del-favero-is-retiring-2016-6
548508591,20160608,201606,2016,2016.4329,AUS,AUSTRALIA,AUS,,,,,,,,USA,UNITED STATES,USA,,,,,,,,1,042,042,04,1,1.9,16,8,16,1.645444647436,4,"London, London, City of, United Kingdom",UK,UKH9,51.5,-0.116667,-2601889,2,"New York, United States",US,USNY,42.1497,-74.9384,NY,4,"Sydney, New South Wales, Australia",AS,AS02,-33.8833,151.217,-1603135,20160608,http://www.businessinsider.com.au/goldman-sachs-james-del-favero-is-retiring-2016-6
548508677,20160608,201606,2016,2016.4329,BUS,BUSINESS,,,,,,BUS,,,MNCUSA,GOLDMAN SACHS,USA,,,,,MNC,,,1,046,046,04,1,7.0,3,1,3,1.27118644067797,2,"New York, United States",US,USNY,42.1497,-74.9384,NY,2,"New York, United States",US,USNY,42.1497,-74.9384,NY,2,"New York, United States",US,USNY,42.1497,-74.9384,NY,20160608,http://www.businessinsider.com.au/goldman-sachs-james-del-favero-is-retiring-2016-6
548509123,20160608,201606,2016,2016.4329,GBR,UNITED KINGDOM,GBR,,,,,,,,USA,UNITED STATES,USA,,,,,,,,1,042,042,04,1,1.9,1,1,1,1.27118644067797,4,"London, London, City of, United Kingdom",UK,UKH9,51.5,-0.116667,-2601889,2,"New York, United States",US,USNY,42.1497,-74.9384,NY,4,"Sydney, New South Wales, Australia",AS,AS02,-33.8833,151.217,-1603135,20160608,http://www.businessinsider.com.au/goldman-sachs-james-del-favero-is-retiring-2016-6
548509124,20160608,201606,2016,2016.4329,GBR,LONDON,GBR,,,,,,,,USA,NEW YORK,USA,,,,,,,,1,042,042,04,1,1.9,2,1,2,1.27118644067797,4,"London, London, City of, United Kingdom",UK,UKH9,51.5,-0.116667,-2601889,2,"New York, United States",US,USNY,42.1497,-74.9384,NY,2,"New York, United States",US,USNY,42.1497,-74.9384,NY,20160608,http://www.businessinsider.com.au/goldman-sachs-james-del-favero-is-retiring-2016-6
548509125,20160608,201606,2016,2016.4329,GBR,LONDON,GBR,,,,,,,,USA,NEW YORK,USA,,,,,,,,1,042,042,04,1,1.9,61,8,61,1.645444647436,2,"New York, United States",US,USNY,42.1497,-74.9384,NY,2,"New York, United States",US,USNY,42.1497,-74.9384,NY,2,"New York, United States",US,USNY,42.1497,-74.9384,NY,20160608,http://www.businessinsider.com.au/goldman-sachs-james-del-favero-is-retiring-2016-6
548509274,20160608,201606,2016,2016.4329,GOVMED,TRANSPORTATION MINIST,,,,,,GOV,MED,,,,,,,,,,,,1,090,090,09,2,-2.0,10,1,10,0.943396226415094,4,"Revelstoke, British Columbia, Canada",CA,CA02,51,-118.183,-572192,0,,,,,,,4,"Revelstoke, British Columbia, Canada",CA,CA02,51,-118.183,-572192,20160608,http://golden.myezrock.com/News/Story.aspx?ID=2197053
548509763,20160608,201606,2016,2016.4329,MNCUSA,GOLDMAN SACHS,USA,,,,,MNC,,,BUS,BUSINESS,,,,,,BUS,,,1,046,046,04,1,7.0,3,1,3,1.27118644067797,2,"New York, United States",US,USNY,42.1497,-74.9384,NY,2,"New York, United States",US,USNY,42.1497,-74.9384,NY,2,"New York, United States",US,USNY,42.1497,-74.9384,NY,20160608,http://www.businessinsider.com.au/goldman-sachs-james-del-favero-is-retiring-2016-6
548509769,20160608,201606,2016,2016.4329,MNCUSA,GOLDMAN SACHS,USA,,,,,MNC,,,USA,UNITED STATES,USA,,,,,,,,1,046,046,04,1,7.0,2,1,2,1.27118644067797,2,"New York, United States",US,USNY,42.1497,-74.9384,NY,2,"New York, United States",US,USNY,42.1497,-74.9384,NY,2,"New York, United States",US,USNY,42.1497,-74.9384,NY,20160608,http://www.businessinsider.com.au/goldman-sachs-james-del-favero-is-retiring-2016-6
548510218,20160608,201606,2016,2016.4329,USA,NEW YORK,USA,,,,,,,,AUS,AUSTRALIA,AUS,,,,,,,,1,043,043,04,1,2.8,1,1,1,1.27118644067797,4,"Sydney, New South Wales, Australia",AS,AS02,-33.8833,151.217,-1603135,4,"Sydney, New South Wales, Australia",AS,AS02,-33.8833,151.217,-1603135,4,"Sydney, New South Wales, Australia",AS,AS02,-33.8833,151.217,-1603135,20160608,http://www.businessinsider.com.au/goldman-sachs-james-del-favero-is-retiring-2016-6
548510219,20160608,201606,2016,2016.4329,USA,NEW YORK,USA,,,,,,,,AUS,SYDNEY,AUS,,,,,,,,1,043,043,04,1,2.8,8,8,8,1.645444647436,4,"Sydney, New South Wales, Australia",AS,AS02,-33.8833,151.217,-1603135,4,"London, London, City of, United Kingdom",UK,UKH9,51.5,-0.116667,-2601889,4,"Sydney, New South Wales, Australia",AS,AS02,-33.8833,151.217,-1603135,20160608,http://www.businessinsider.com.au/goldman-sachs-james-del-favero-is-retiring-2016-6
548510220,20160608,201606,2016,2016.4329,USA,UNITED STATES,USA,,,,,,,,AUS,AUSTRALIA,AUS,,,,,,,,1,043,043,04,1,2.8,16,8,16,1.645444647436,2,"New York, United States",US,USNY,42.1497,-74.9384,NY,4,"London, London, City of, United Kingdom",UK,UKH9,51.5,-0.116667,-2601889,4,"Sydney, New South Wales, Australia",AS,AS02,-33.8833,151.217,-1603135,20160608,http://www.businessinsider.com.au/goldman-sachs-james-del-favero-is-retiring-2016-6
548510323,20160608,201606,2016,2016.4329,USA,NEW YORK,USA,,,,,,,,GBR,LONDON,GBR,,,,,,,,1,043,043,04,1,2.8,8,8,8,1.645444647436,4,"Sydney, New South Wales, Australia",AS,AS02,-33.8833,151.217,-1603135,4,"London, London, City of, United Kingdom",UK,UKH9,51.5,-0.116667,-2601889,4,"Sydney, New South Wales, Australia",AS,AS02,-33.8833,151.217,-1603135,20160608,http://www.businessinsider.com.au/goldman-sachs-james-del-favero-is-retiring-2016-6
548510324,20160608,201606,2016,2016.4329,USA,UNITED STATES,USA,,,,,,,,GBR,UNITED KINGDOM,GBR,,,,,,,,1,043,043,04,1,2.8,16,8,16,1.645444647436,2,"New York, United States",US,USNY,42.1497,-74.9384,NY,4,"London, London, City of, United Kingdom",UK,UKH9,51.5,-0.116667,-2601889,4,"Sydney, New South Wales, Australia",AS,AS02,-33.8833,151.217,-1603135,20160608,http://www.businessinsider.com.au/goldman-sachs-james-del-favero-is-retiring-2016-6
548510325,20160608,201606,2016,2016.4329,USA,NEW YORK,USA,,,,,,,,GBR,LONDON,GBR,,,,,,,,1,043,043,04,1,2.8,40,8,40,1.645444647436,2,"New York, United States",US,USNY,42.1497,-74.9384,NY,4,"London, London, City of, United Kingdom",UK,UKH9,51.5,-0.116667,-2601889,2,"New York, United States",US,USNY,42.1497,-74.9384,NY,20160608,http://www.businessinsider.com.au/goldman-sachs-james-del-favero-is-retiring-2016-6
548510423,20160608,201606,2016,2016.4329,USA,UNITED STATES,USA,,,,,,,,MNCUSA,GOLDMAN SACHS,USA,,,,,MNC,,,1,046,046,04,1,7.0,2,1,2,1.27118644067797,2,"New York, United States",US,USNY,42.1497,-74.9384,NY,2,"New York, United States",US,USNY,42.1497,-74.9384,NY,2,"New York, United States",US,USNY,42.1497,-74.9384,NY,20160608,http://www.businessinsider.com.au/goldman-sachs-james-del-favero-is-retiring-2016-6
548515187,20160509,201605,2016,2016.3534,MOS,ISLAMIC,,,,MOS,,,,,MOSSUN,SUNNI,,,,MOS,SUN,,,,1,190,190,19,4,-10.0,2,1,2,-4.3859649122807,4,"Fallujah, Al Anbar, Iraq",IZ,IZ01,33.3558,43.7861,-3102259,4,"Fallujah, Al Anbar, Iraq",IZ,IZ01,33.3558,43.7861,-3102259,3,"Washington, District of Columbia, United States",US,USDC,38.8951,-77.0364,531871,20160608,http://thevillagessuntimes.com/2016/06/08/fighting-the-islamic-state-with-iraqs-golden-division-the/
548515877,20160608,201606,2016,2016.4329,GBR,LONDON,GBR,,,,,,,,LTU,LITHUANIA,LTU,,,,,,,,1,043,043,04,1,2.8,10,1,10,1.49413020277481,4,"London, London, City of, United Kingdom",UK,UKH9,51.5,-0.116667,-2601889,4,"Kaunas, Kauno Apskritis, Lithuania",LH,LH57,54.9,23.9,-2615427,4,"Kaunas, Kauno Apskritis, Lithuania",LH,LH57,54.9,23.9,-2615427,20160608,https://www.olympic.org/news/meilutyte-gearing-up-for-a-golden-defence
548516344,20160608,201606,2016,2016.4329,LTU,LITHUANIAN,LTU,,,,,,,,,,,,,,,,,,0,036,036,03,1,4.0,10,1,10,1.49413020277481,4,"Kaunas, Kauno Apskritis, Lithuania",LH,LH57,54.9,23.9,-2615427,0,,,,,,,4,"Kaunas, Kauno Apskritis, Lithuania",LH,LH57,54.9,23.9,-2615427,20160608,https://www.olympic.org/news/meilutyte-gearing-up-for-a-golden-defence
548516345,20160608,201606,2016,2016.4329,LTU,LITHUANIA,LTU,,,,,,,,GBR,LONDON,GBR,,,,,,,,1,042,042,04,1,1.9,10,1,10,1.49413020277481,4,"Kaunas, Kauno Apskritis, Lithuania",LH,LH57,54.9,23.9,-2615427,4,"Kaunas, Kauno Apskritis, Lithuania",LH,LH57,54.9,23.9,-2615427,4,"Kaunas, Kauno Apskritis, Lithuania",LH,LH57,54.9,23.9,-2615427,20160608,https://www.olympic.org/news/meilutyte-gearing-up-for-a-golden-defence
548516472,20160608,201606,2016,2016.4329,MOSSUNPTY,SUNNI,,,,MOS,SUN,,,,UAF,MILITIA,,,,,,UAF,,,1,112,112,11,3,-2.0,5,1,5,-4.3859649122807,3,"Washington, District of Columbia, United States",US,USDC,38.8951,-77.0364,531871,4,"Fallujah, Al Anbar, Iraq",IZ,IZ01,33.3558,43.7861,-3102259,4,"Fallujah, Al Anbar, Iraq",IZ,IZ01,33.3558,43.7861,-3102259,20160608,http://thevillagessuntimes.com/2016/06/08/fighting-the-islamic-state-with-iraqs-golden-division-the/
548519970,20160608,201606,2016,2016.4329,MNCUSA,GOLDMAN SACHS,USA,,,,,MNC,,,BUS,COMPANY,,,,,,BUS,,,1,084,084,08,2,7.0,5,1,5,-1.09890109890109,3,"Washington, District of Columbia, United States",US,USDC,38.8951,-77.0364,531871,3,"Washington, District of Columbia, United States",US,USDC,38.8951,-77.0364,531871,3,"Washington, District of Columbia, United States",US,USDC,38.8951,-77.0364,531871,20160608,http://dailycaller.com/2016/06/08/goldman-sachs-obamacare-is-leading-to-a-rise-in-involuntary-part-time-jobs/
548525356,20160608,201606,2016,2016.4329,,,,,,,,,,,BUS,BUSINESS,,,,,,BUS,,,0,036,036,03,1,4.0,3,1,3,3.02743614001893,0,,,,,,,3,"Long Island City, New York, United States",US,USNY,40.7448,-73.9487,955863,2,"New York, United States",US,USNY,42.1497,-74.9384,NY,20160608,http://www.hispanicoutlook.com/latest-news/2016/6/8/plans-unveiled-for-new-goldman-sachs-10000-small-businesses-education-center-at-laguardia-community-college
548525621,20160608,201606,2016,2016.4329,BUS,BUSINESS,,,,,,BUS,,,,,,,,,,,,,0,020,020,02,1,3.0,1,1,1,3.02743614001893,3,"Queens, New York, United States",US,USNY,40.7498,-73.7976,971983,0,,,,,,,3,"Queens, New York, United States",US,USNY,40.7498,-73.7976,971983,20160608,http://www.hispanicoutlook.com/latest-news/2016/6/8/plans-unveiled-for-new-goldman-sachs-10000-small-businesses-education-center-at-laguardia-community-college
548526478,20160608,201606,2016,2016.4329,JPN,JAPAN,JPN,,,,,,,,,,,,,,,,,,0,120,120,12,3,-4.0,10,1,10,-2.0979020979021,1,United States,US,US,38,-97,US,0,,,,,,,1,United States,US,US,38,-97,US,20160608,http://www.macrobusiness.com.au/2016/06/iea-abandons-golden-age-of-gas/
548527140,20160608,201606,2016,2016.4329,USA,UNITED STATES,USA,,,,,,,,BUS,ENTREPRENEUR,,,,,,BUS,,,0,020,020,02,1,3.0,2,1,2,3.02743614001893,3,"Queens, New York, United States",US,USNY,40.7498,-73.7976,971983,3,"Queens, New York, United States",US,USNY,40.7498,-73.7976,971983,3,"Queens, New York, United States",US,USNY,40.7498,-73.7976,971983,20160608,http://www.hispanicoutlook.com/latest-news/2016/6/8/plans-unveiled-for-new-goldman-sachs-10000-small-businesses-education-center-at-laguardia-community-college
548527141,20160608,201606,2016,2016.4329,USA,UNITED STATES,USA,,,,,,,,BUS,ENTREPRENEUR,,,,,,BUS,,,0,020,020,02,1,3.0,1,1,1,3.02743614001893,3,"Queens, New York, United States",US,USNY,40.7498,-73.7976,971983,1,Morocco,MO,MO,32,-5,MO,3,"Queens, New York, United States",US,USNY,40.7498,-73.7976,971983,20160608,http://www.hispanicoutlook.com/latest-news/2016/6/8/plans-unveiled-for-new-goldman-sachs-10000-small-businesses-education-center-at-laguardia-community-college
548527142,20160608,201606,2016,2016.4329,USA,UNITED STATES,USA,,,,,,,,BUS,ENTREPRENEUR,,,,,,BUS,,,0,020,020,02,1,3.0,1,1,1,3.02743614001893,1,Morocco,MO,MO,32,-5,MO,1,Morocco,MO,MO,32,-5,MO,1,Morocco,MO,MO,32,-5,MO,20160608,http://www.hispanicoutlook.com/latest-news/2016/6/8/plans-unveiled-for-new-goldman-sachs-10000-small-businesses-education-center-at-laguardia-community-college
548529131,20160608,201606,2016,2016.4329,COP,POLICE,,,,,,COP,,,,,,,,,,,,,1,090,090,09,2,-2.0,20,1,10,1.61290322580646,2,"Nevada, United States",US,USNV,38.4199,-117.122,NV,0,,,,,,,2,"Nevada, United States",US,USNV,38.4199,-117.122,NV,20160608,http://www.actionnewsnow.com/news/paradise-police-searching-for-missing-man-who-went-gold-mining-and-disappeared/
548530039,20160608,201606,2016,2016.4329,MNCCAN,BARRICK GOLD CORPORATION,CAN,,,,,MNC,,,MNCUSA,GOLDMAN SACHS,USA,,,,,MNC,,,1,043,043,04,1,2.8,10,1,10,4.46096654275093,0,,,,,,,0,,,,,,,0,,,,,,,20160608,http://www.benzinga.com/analyst-ratings/analyst-color/16/06/8090751/goldman-sachs-remains-bullish-on-barrick-gold-ups-target
548530048,20160608,201606,2016,2016.4329,MNCUSA,GOLDMAN SACHS,USA,,,,,MNC,,,MNCCAN,BARRICK GOLD CORPORATION,CAN,,,,,MNC,,,1,042,042,04,1,1.9,10,1,10,4.46096654275093,0,,,,,,,0,,,,,,,0,,,,,,,20160608,http://www.benzinga.com/analyst-ratings/analyst-color/16/06/8090751/goldman-sachs-remains-bullish-on-barrick-gold-ups-target
548535047,20160608,201606,2016,2016.4329,BUS,COMPANY,,,,,,BUS,,,SPY,INTELLIGENCE INFORMATION,,,,,,SPY,,,1,042,042,04,1,1.9,20,1,20,3.76411543287328,3,"Washington, District of Columbia, United States",US,USDC,38.8951,-77.0364,531871,3,"Washington, District of Columbia, United States",US,USDC,38.8951,-77.0364,531871,3,"Washington, District of Columbia, United States",US,USDC,38.8951,-77.0364,531871,20160608,http://energy.einnews.com/pr_news/330039251/synglyphx-tm-receives-4-gold-stars-at-di2e-plugfest-2016
548535975,20160608,201606,2016,2016.4329,MEX,MEXICO,MEX,,,,,,,,CVL,LANDOWNER,,,,,,CVL,,,1,051,051,05,1,3.4,6,1,6,4.78468899521531,2,"Arizona, United States",US,USAZ,33.7712,-111.388,AZ,2,"Arizona, United States",US,USAZ,33.7712,-111.388,AZ,2,"Arizona, United States",US,USAZ,33.7712,-111.388,AZ,20160608,http://www.sonorannews.com/archives/2016/160608/news-barry-goldwater-range.html
548536208,20160608,201606,2016,2016.4329,SPY,INTELLIGENCE INFORMATION,,,,,,SPY,,,BUS,COMPANY,,,,,,BUS,,,1,043,043,04,1,2.8,20,1,20,3.76411543287328,3,"Washington, District of Columbia, United States",US,USDC,38.8951,-77.0364,531871,3,"Washington, District of Columbia, United States",US,USDC,38.8951,-77.0364,531871,3,"Washington, District of Columbia, United States",US,USDC,38.8951,-77.0364,531871,20160608,http://energy.einnews.com/pr_news/330039251/synglyphx-tm-receives-4-gold-stars-at-di2e-plugfest-2016
548536447,20160608,201606,2016,2016.4329,USA,UNITED STATES,USA,,,,,,,,CVL,LANDOWNER,,,,,,CVL,,,1,051,051,05,1,3.4,4,2,4,3.09656984972033,2,"Arizona, United States",US,USAZ,33.7712,-111.388,AZ,2,"Arizona, United States",US,USAZ,33.7712,-111.388,AZ,2,"Arizona, United States",US,USAZ,33.7712,-111.388,AZ,20160608,http://www.sonorannews.com/archives/2016/160608/news-barry-goldwater-range.html
548540618,20160608,201606,2016,2016.4329,,,,,,,,,,,BUS,BANK,,,,,,BUS,,,1,112,112,11,3,-2.0,5,1,5,-1.37328339575531,0,,,,,,,4,"Kuala Lumpur, Kuala Lumpur, Malaysia",MY,MY14,3.16667,101.7,-2403010,4,"Kuala Lumpur, Kuala Lumpur, Malaysia",MY,MY14,3.16667,101.7,-2403010,20160608,http://www.businessfinancenews.com/29235-what-is-the-role-of-goldman-sachs-group-inc-in-the-1mdb-case/
548540846,20160608,201606,2016,2016.4329,BUS,BANK,,,,,,BUS,,,CHE,SWISS,CHE,,,,,,,,1,071,071,07,2,7.4,8,1,8,-1.37328339575531,3,"Hollywood, California, United States",US,USCA,34.0983,-118.327,1660757,3,"Hollywood, California, United States",US,USCA,34.0983,-118.327,1660757,3,"Hollywood, California, United States",US,USCA,34.0983,-118.327,1660757,20160608,http://www.businessfinancenews.com/29235-what-is-the-role-of-goldman-sachs-group-inc-in-the-1mdb-case/
548540856,20160608,201606,2016,2016.4329,BUS,BUSINESS,,,,,,BUS,,,MED,WRITER,,,,,,MED,,,1,043,043,04,1,2.8,2,1,2,3.2,3,"Talkeetna, Alaska, United States",US,USAK,62.3239,-150.109,1410591,3,"Talkeetna, Alaska, United States",US,USAK,62.3239,-150.109,1410591,3,"Talkeetna, Alaska, United States",US,USAK,62.3239,-150.109,1410591,20160608,http://ktna.org/2016/06/08/new-summer-business-channels-talkeetnas-golden-history/
548540857,20160608,201606,2016,2016.4329,BUS,INVESTOR,,,,,,BUS,,,MNCUSA,GOLDMAN SACHS,USA,,,,,MNC,,,0,061,061,06,2,6.4,2,1,2,-1.37328339575531,4,"Kuala Lumpur, Kuala Lumpur, Malaysia",MY,MY14,3.16667,101.7,-2403010,4,"Kuala Lumpur, Kuala Lumpur, Malaysia",MY,MY14,3.16667,101.7,-2403010,4,"Kuala Lumpur, Kuala Lumpur, Malaysia",MY,MY14,3.16667,101.7,-2403010,20160608,http://www.businessfinancenews.com/29235-what-is-the-role-of-goldman-sachs-group-inc-in-the-1mdb-case/
548540858,20160608,201606,2016,2016.4329,BUS,INVESTOR,,,,,,BUS,,,MNCUSA,GOLDMAN SACHS,USA,,,,,MNC,,,0,061,061,06,2,6.4,3,1,3,-1.37328339575531,3,"Hollywood, California, United States",US,USCA,34.0983,-118.327,1660757,3,"Hollywood, California, United States",US,USCA,34.0983,-118.327,1660757,3,"Hollywood, California, United States",US,USCA,34.0983,-118.327,1660757,20160608,http://www.businessfinancenews.com/29235-what-is-the-role-of-goldman-sachs-group-inc-in-the-1mdb-case/
548541658,20160608,201606,2016,2016.4329,MED,WRITER,,,,,,MED,,,BUS,BUSINESS,,,,,,BUS,,,1,042,042,04,1,1.9,2,1,2,3.2,3,"Talkeetna, Alaska, United States",US,USAK,62.3239,-150.109,1410591,3,"Talkeetna, Alaska, United States",US,USAK,62.3239,-150.109,1410591,3,"Talkeetna, Alaska, United States",US,USAK,62.3239,-150.109,1410591,20160608,http://ktna.org/2016/06/08/new-summer-business-channels-talkeetnas-golden-history/
548541683,20160608,201606,2016,2016.4329,MED,WRITER,,,,,,MED,,,USA,UNITED STATES,USA,,,,,,,,1,042,042,04,1,1.9,6,1,6,3.2,3,"Talkeetna, Alaska, United States",US,USAK,62.3239,-150.109,1410591,3,"Talkeetna, Alaska, United States",US,USAK,62.3239,-150.109,1410591,3,"Talkeetna, Alaska, United States",US,USAK,62.3239,-150.109,1410591,20160608,http://ktna.org/2016/06/08/new-summer-business-channels-talkeetnas-golden-history/
548541740,20160608,201606,2016,2016.4329,MNCUSA,GOLDMAN SACHS,USA,,,,,MNC,,,BUS,INVESTOR,,,,,,BUS,,,0,061,061,06,2,6.4,2,1,2,-1.37328339575531,4,"Kuala Lumpur, Kuala Lumpur, Malaysia",MY,MY14,3.16667,101.7,-2403010,4,"Kuala Lumpur, Kuala Lumpur, Malaysia",MY,MY14,3.16667,101.7,-2403010,4,"Kuala Lumpur, Kuala Lumpur, Malaysia",MY,MY14,3.16667,101.7,-2403010,20160608,http://www.businessfinancenews.com/29235-what-is-the-role-of-goldman-sachs-group-inc-in-the-1mdb-case/
548541741,20160608,201606,2016,2016.4329,MNCUSA,GOLDMAN SACHS,USA,,,,,MNC,,,BUS,INVESTOR,,,,,,BUS,,,0,061,061,06,2,6.4,3,1,3,-1.37328339575531,3,"Hollywood, California, United States",US,USCA,34.0983,-118.327,1660757,3,"Hollywood, California, United States",US,USCA,34.0983,-118.327,1660757,3,"Hollywood, California, United States",US,USCA,34.0983,-118.327,1660757,20160608,http://www.businessfinancenews.com/29235-what-is-the-role-of-goldman-sachs-group-inc-in-the-1mdb-case/
548542159,20160608,201606,2016,2016.4329,USA,UNITED STATES,USA,,,,,,,,MED,WRITER,,,,,,MED,,,1,043,043,04,1,2.8,6,1,6,3.2,3,"Talkeetna, Alaska, United States",US,USAK,62.3239,-150.109,1410591,3,"Talkeetna, Alaska, United States",US,USAK,62.3239,-150.109,1410591,3,"Talkeetna, Alaska, United States",US,USAK,62.3239,-150.109,1410591,20160608,http://ktna.org/2016/06/08/new-summer-business-channels-talkeetnas-golden-history/
