GLOBALEVENTID,SQLDATE,MonthYear,Year,FractionDate,Actor1Code,Actor1Name,Actor1CountryCode,Actor1KnownGroupCode,Actor1EthnicCode,Actor1Religion1Code,Actor1Religion2Code,Actor1Type1Code,Actor1Type2Code,Actor1Type3Code,Actor2Code,Actor2Name,Actor2CountryCode,Actor2KnownGroupCode,Actor2EthnicCode,Actor2Religion1Code,Actor2Religion2Code,Actor2Type1Code,Actor2Type2Code,Actor2Type3Code,IsRootEvent,EventCode,EventBaseCode,EventRootCode,QuadClass,GoldsteinScale,NumMentions,NumSources,NumArticles,AvgTone,Actor1Geo_Type,Actor1Geo_FullName,Actor1Geo_CountryCode,Actor1Geo_ADM1Code,Actor1Geo_Lat,Actor1Geo_Long,Actor1Geo_FeatureID,Actor2Geo_Type,Actor2Geo_FullName,Actor2Geo_CountryCode,Actor2Geo_ADM1Code,Actor2Geo_Lat,Actor2Geo_Long,Actor2Geo_FeatureID,ActionGeo_Type,ActionGeo_FullName,ActionGeo_CountryCode,ActionGeo_ADM1Code,ActionGeo_Lat,ActionGeo_Long,ActionGeo_FeatureID,DATEADDED,SOURCEURL
571390934,20160822,201608,2016,2016.6356,,,,,,,,,,,COP,POLICE,,,,,,COP,,,0,174,174,17,4,-5.0,22,11,22,-7.28123545133811,0,,,,,,,4,"Lima, Lima, Peru",PE,PE15,-12.05,-77.05,-352647,4,"Lima, Lima, Peru",PE,PE15,-12.05,-77.05,-352647,20160822,http://www.kerngoldenempire.com/news/philippines-president-threatens-to-leave-un
571391039,20160822,201608,2016,2016.6356,,,,,,,,,,,IDNCOP,BALI,IDN,,,,,COP,,,1,110,110,11,3,-2.0,36,3,36,-3.64037292829862,0,,,,,,,4,"Bali, Jawa Timur, Indonesia",ID,ID08,-7.1046,112.337,10205777,4,"Bali, Jawa Timur, Indonesia",ID,ID08,-7.1046,112.337,10205777,20160822,http://www.goldcoastbulletin.com.au/news/world/murdered-bali-cop-cremated-while-aussie-and-brit-remain-behind-bars-as-suspects/news-story/216f3767ab73c4ec61140c613bd7d7af?nk=ce2a1beac97385e15e1f3a8a220bee73-1471823204
571391042,20160822,201608,2016,2016.6356,,,,,,,,,,,IDNCOP,BALI,IDN,,,,,COP,,,1,190,190,19,4,-10.0,846,131,846,-5.4164943222934,0,,,,,,,4,"Bali, Jawa Timur, Indonesia",ID,ID08,-7.1046,112.337,10205777,4,"Bali, Jawa Timur, Indonesia",ID,ID08,-7.1046,112.337,10205777,20160822,http://www.goldcoastbulletin.com.au/news/world/murdered-bali-cop-cremated-while-aussie-and-brit-remain-behind-bars-as-suspects/news-story/216f3767ab73c4ec61140c613bd7d7af?nk=ce2a1beac97385e15e1f3a8a220bee73-1471823204
571391079,20160822,201608,2016,2016.6356,,,,,,,,,,,MED,MEDIA,,,,,,MED,,,0,010,010,01,1,0.0,6,3,6,-3.64037292829862,0,,,,,,,4,"Denpasar, Bali, Indonesia",ID,ID02,-8.65,115.217,-2676772,4,"Denpasar, Bali, Indonesia",ID,ID02,-8.65,115.217,-2676772,20160822,http://www.goldcoastbulletin.com.au/news/world/murdered-bali-cop-cremated-while-aussie-and-brit-remain-behind-bars-as-suspects/news-story/216f3767ab73c4ec61140c613bd7d7af?nk=ce2a1beac97385e15e1f3a8a220bee73-1471823204
571391080,20160822,201608,2016,2016.6356,,,,,,,,,,,MED,MEDIA,,,,,,MED,,,0,010,010,01,1,0.0,5,2,5,-3.61990950226244,0,,,,,,,4,"Bali, Jawa Timur, Indonesia",ID,ID08,-7.1046,112.337,10205777,4,"Bali, Jawa Timur, Indonesia",ID,ID08,-7.1046,112.337,10205777,20160822,http://www.goldcoastbulletin.com.au/news/world/murdered-bali-cop-cremated-while-aussie-and-brit-remain-behind-bars-as-suspects/news-story/216f3767ab73c4ec61140c613bd7d7af?nk=ce2a1beac97385e15e1f3a8a220bee73-1471823204
571391082,20160822,201608,2016,2016.6356,,,,,,,,,,,MED,MEDIA,,,,,,MED,,,0,040,040,04,1,1.0,1,1,1,-3.61990950226244,0,,,,,,,4,"Denpasar, Bali, Indonesia",ID,ID02,-8.65,115.217,-2676772,4,"Denpasar, Bali, Indonesia",ID,ID02,-8.65,115.217,-2676772,20160822,http://www.goldcoastbulletin.com.au/news/world/murdered-bali-cop-cremated-while-aussie-and-brit-remain-behind-bars-as-suspects/news-story/216f3767ab73c4ec61140c613bd7d7af?nk=ce2a1beac97385e15e1f3a8a220bee73-1471823204
571391083,20160822,201608,2016,2016.6356,,,,,,,,,,,MED,MEDIA,,,,,,MED,,,0,040,040,04,1,1.0,1,1,1,-3.61990950226244,0,,,,,,,4,"Bali, Jawa Timur, Indonesia",ID,ID08,-7.1046,112.337,10205777,4,"Bali, Jawa Timur, Indonesia",ID,ID08,-7.1046,112.337,10205777,20160822,http://www.goldcoastbulletin.com.au/news/world/murdered-bali-cop-cremated-while-aussie-and-brit-remain-behind-bars-as-suspects/news-story/216f3767ab73c4ec61140c613bd7d7af?nk=ce2a1beac97385e15e1f3a8a220bee73-1471823204
571391393,20160822,201608,2016,2016.6356,AUS,AUSTRALIA,AUS,,,,,,,,PTY,POLITICIAN,,,,,,,,,1,020,020,02,1,3.0,20,4,20,-4.71698113207547,1,Australia,AS,AS,-27,133,AS,1,Australia,AS,AS,-27,133,AS,1,Australia,AS,AS,-27,133,AS,20160822,http://www.goldcoastbulletin.com.au/news/national/michael-kirby-warns-against-samesex-marriage-plebiscite/news-story/886a30ecf8bfe01387b5c834042b7ebe?nk=6bb658727521c234c0950d975e8a844c-1471823209
571391716,20160822,201608,2016,2016.6356,COP,POLICE OFFICER,,,,,,COP,,,,,,,,,,,,,1,090,090,09,2,-2.0,63,5,63,-4.22316215004682,4,"Byron Bay, New South Wales, Australia",AS,AS02,-28.642,153.612,-1563414,0,,,,,,,4,"Byron Bay, New South Wales, Australia",AS,AS02,-28.642,153.612,-1563414,20160822,http://www.goldcoastbulletin.com.au/news/world/murdered-bali-cop-cremated-while-aussie-and-brit-remain-behind-bars-as-suspects/news-story/216f3767ab73c4ec61140c613bd7d7af?nk=ce2a1beac97385e15e1f3a8a220bee73-1471823204
571391717,20160822,201608,2016,2016.6356,COP,POLICE OFFICER,,,,,,COP,,,,,,,,,,,,,1,090,090,09,2,-2.0,518,128,518,-6.23452519264612,4,"Bali, Jawa Timur, Indonesia",ID,ID08,-7.1046,112.337,10205777,0,,,,,,,4,"Bali, Jawa Timur, Indonesia",ID,ID08,-7.1046,112.337,10205777,20160822,http://www.goldcoastbulletin.com.au/news/world/murdered-bali-cop-cremated-while-aussie-and-brit-remain-behind-bars-as-suspects/news-story/216f3767ab73c4ec61140c613bd7d7af?nk=ce2a1beac97385e15e1f3a8a220bee73-1471823204
571391761,20160822,201608,2016,2016.6356,COP,POLICE,,,,,,COP,,,MED,MEDIA,,,,,,MED,,,0,010,010,01,1,0.0,6,3,6,-3.64037292829862,4,"Denpasar, Bali, Indonesia",ID,ID02,-8.65,115.217,-2676772,4,"Denpasar, Bali, Indonesia",ID,ID02,-8.65,115.217,-2676772,4,"Denpasar, Bali, Indonesia",ID,ID02,-8.65,115.217,-2676772,20160822,http://www.goldcoastbulletin.com.au/news/world/murdered-bali-cop-cremated-while-aussie-and-brit-remain-behind-bars-as-suspects/news-story/216f3767ab73c4ec61140c613bd7d7af?nk=ce2a1beac97385e15e1f3a8a220bee73-1471823204
571391762,20160822,201608,2016,2016.6356,COP,POLICE,,,,,,COP,,,MED,MEDIA,,,,,,MED,,,0,040,040,04,1,1.0,12,3,12,-3.64037292829862,4,"Denpasar, Bali, Indonesia",ID,ID02,-8.65,115.217,-2676772,4,"Denpasar, Bali, Indonesia",ID,ID02,-8.65,115.217,-2676772,4,"Denpasar, Bali, Indonesia",ID,ID02,-8.65,115.217,-2676772,20160822,http://www.goldcoastbulletin.com.au/news/world/murdered-bali-cop-cremated-while-aussie-and-brit-remain-behind-bars-as-suspects/news-story/216f3767ab73c4ec61140c613bd7d7af?nk=ce2a1beac97385e15e1f3a8a220bee73-1471823204
571392136,20160822,201608,2016,2016.6356,GBR,UNITED KINGDOM,GBR,,,,,,,,COP,POLICE,,,,,,COP,,,0,010,010,01,1,0.0,5,2,5,-3.61990950226244,4,"Bali, Jawa Timur, Indonesia",ID,ID08,-7.1046,112.337,10205777,4,"Byron Bay, New South Wales, Australia",AS,AS02,-28.642,153.612,-1563414,4,"Byron Bay, New South Wales, Australia",AS,AS02,-28.642,153.612,-1563414,20160822,http://www.goldcoastbulletin.com.au/news/world/murdered-bali-cop-cremated-while-aussie-and-brit-remain-behind-bars-as-suspects/news-story/216f3767ab73c4ec61140c613bd7d7af?nk=ce2a1beac97385e15e1f3a8a220bee73-1471823204
571392377,20160822,201608,2016,2016.6356,HIN,HINDU,,,,HIN,,,,,COP,POLICE,,,,,,COP,,,1,051,051,05,1,3.4,6,3,6,-3.64037292829862,4,"Byron Bay, New South Wales, Australia",AS,AS02,-28.642,153.612,-1563414,4,"Byron Bay, New South Wales, Australia",AS,AS02,-28.642,153.612,-1563414,4,"Byron Bay, New South Wales, Australia",AS,AS02,-28.642,153.612,-1563414,20160822,http://www.goldcoastbulletin.com.au/news/world/murdered-bali-cop-cremated-while-aussie-and-brit-remain-behind-bars-as-suspects/news-story/216f3767ab73c4ec61140c613bd7d7af?nk=ce2a1beac97385e15e1f3a8a220bee73-1471823204
571392378,20160822,201608,2016,2016.6356,HIN,HINDU,,,,HIN,,,,,COP,POLICE,,,,,,COP,,,1,051,051,05,1,3.4,36,3,36,-3.64037292829862,4,"Bali, Jawa Timur, Indonesia",ID,ID08,-7.1046,112.337,10205777,4,"Denpasar, Bali, Indonesia",ID,ID02,-8.65,115.217,-2676772,4,"Denpasar, Bali, Indonesia",ID,ID02,-8.65,115.217,-2676772,20160822,http://www.goldcoastbulletin.com.au/news/world/murdered-bali-cop-cremated-while-aussie-and-brit-remain-behind-bars-as-suspects/news-story/216f3767ab73c4ec61140c613bd7d7af?nk=ce2a1beac97385e15e1f3a8a220bee73-1471823204
571392410,20160822,201608,2016,2016.6356,IDN,INDONESIA,IDN,,,,,,,,COP,POLICE OFFICER,,,,,,COP,,,0,020,020,02,1,3.0,20,2,20,-3.61990950226244,4,"Bali, Jawa Timur, Indonesia",ID,ID08,-7.1046,112.337,10205777,4,"Bali, Jawa Timur, Indonesia",ID,ID08,-7.1046,112.337,10205777,4,"Bali, Jawa Timur, Indonesia",ID,ID08,-7.1046,112.337,10205777,20160822,http://www.goldcoastbulletin.com.au/news/world/murdered-bali-cop-cremated-while-aussie-and-brit-remain-behind-bars-as-suspects/news-story/216f3767ab73c4ec61140c613bd7d7af?nk=ce2a1beac97385e15e1f3a8a220bee73-1471823204
571392411,20160822,201608,2016,2016.6356,IDN,INDONESIA,IDN,,,,,,,,COP,POLICE,,,,,,COP,,,1,051,051,05,1,3.4,15,2,15,-3.61990950226244,4,"Bali, Jawa Timur, Indonesia",ID,ID08,-7.1046,112.337,10205777,4,"Bali, Jawa Timur, Indonesia",ID,ID08,-7.1046,112.337,10205777,4,"Bali, Jawa Timur, Indonesia",ID,ID08,-7.1046,112.337,10205777,20160822,http://www.goldcoastbulletin.com.au/news/world/murdered-bali-cop-cremated-while-aussie-and-brit-remain-behind-bars-as-suspects/news-story/216f3767ab73c4ec61140c613bd7d7af?nk=ce2a1beac97385e15e1f3a8a220bee73-1471823204
571392412,20160822,201608,2016,2016.6356,IDN,INDONESIA,IDN,,,,,,,,COP,POLICE OFFICER,,,,,,COP,,,0,180,180,18,4,-9.0,20,2,20,-3.61990950226244,4,"Bali, Jawa Timur, Indonesia",ID,ID08,-7.1046,112.337,10205777,4,"Bali, Jawa Timur, Indonesia",ID,ID08,-7.1046,112.337,10205777,4,"Bali, Jawa Timur, Indonesia",ID,ID08,-7.1046,112.337,10205777,20160822,http://www.goldcoastbulletin.com.au/news/world/murdered-bali-cop-cremated-while-aussie-and-brit-remain-behind-bars-as-suspects/news-story/216f3767ab73c4ec61140c613bd7d7af?nk=ce2a1beac97385e15e1f3a8a220bee73-1471823204
571392415,20160822,201608,2016,2016.6356,IDN,BALI,IDN,,,,,,,,IDNCOP,INDONESIA,IDN,,,,,COP,,,1,110,110,11,3,-2.0,12,3,12,-3.64037292829862,4,"Bali, Jawa Timur, Indonesia",ID,ID08,-7.1046,112.337,10205777,4,"Bali, Jawa Timur, Indonesia",ID,ID08,-7.1046,112.337,10205777,4,"Bali, Jawa Timur, Indonesia",ID,ID08,-7.1046,112.337,10205777,20160822,http://www.goldcoastbulletin.com.au/news/world/murdered-bali-cop-cremated-while-aussie-and-brit-remain-behind-bars-as-suspects/news-story/216f3767ab73c4ec61140c613bd7d7af?nk=ce2a1beac97385e15e1f3a8a220bee73-1471823204
571392416,20160822,201608,2016,2016.6356,IDN,BALI,IDN,,,,,,,,IDNCOP,INDONESIA,IDN,,,,,COP,,,1,190,190,19,4,-10.0,283,127,273,-5.36954927621509,4,"Bali, Jawa Timur, Indonesia",ID,ID08,-7.1046,112.337,10205777,4,"Bali, Jawa Timur, Indonesia",ID,ID08,-7.1046,112.337,10205777,4,"Bali, Jawa Timur, Indonesia",ID,ID08,-7.1046,112.337,10205777,20160822,http://www.goldcoastbulletin.com.au/news/world/murdered-bali-cop-cremated-while-aussie-and-brit-remain-behind-bars-as-suspects/news-story/216f3767ab73c4ec61140c613bd7d7af?nk=ce2a1beac97385e15e1f3a8a220bee73-1471823204
571392422,20160822,201608,2016,2016.6356,IDNCOP,BALI,IDN,,,,,COP,,,,,,,,,,,,,1,190,190,19,4,-10.0,374,12,374,-2.82446480916379,4,"Byron Bay, New South Wales, Australia",AS,AS02,-28.642,153.612,-1563414,0,,,,,,,4,"Byron Bay, New South Wales, Australia",AS,AS02,-28.642,153.612,-1563414,20160822,http://www.goldcoastbulletin.com.au/news/world/murdered-bali-cop-cremated-while-aussie-and-brit-remain-behind-bars-as-suspects/news-story/216f3767ab73c4ec61140c613bd7d7af?nk=ce2a1beac97385e15e1f3a8a220bee73-1471823204
571392423,20160822,201608,2016,2016.6356,IDNCOP,INDONESIA,IDN,,,,,COP,,,MED,MEDIA,,,,,,MED,,,0,010,010,01,1,0.0,18,3,18,-3.64037292829862,4,"Denpasar, Bali, Indonesia",ID,ID02,-8.65,115.217,-2676772,4,"Denpasar, Bali, Indonesia",ID,ID02,-8.65,115.217,-2676772,4,"Denpasar, Bali, Indonesia",ID,ID02,-8.65,115.217,-2676772,20160822,http://www.goldcoastbulletin.com.au/news/world/murdered-bali-cop-cremated-while-aussie-and-brit-remain-behind-bars-as-suspects/news-story/216f3767ab73c4ec61140c613bd7d7af?nk=ce2a1beac97385e15e1f3a8a220bee73-1471823204
571392424,20160822,201608,2016,2016.6356,IDNCOP,INDONESIA,IDN,,,,,COP,,,MED,MEDIA,,,,,,MED,,,0,010,010,01,1,0.0,5,2,5,-3.61990950226244,4,"Bali, Jawa Timur, Indonesia",ID,ID08,-7.1046,112.337,10205777,4,"Bali, Jawa Timur, Indonesia",ID,ID08,-7.1046,112.337,10205777,4,"Bali, Jawa Timur, Indonesia",ID,ID08,-7.1046,112.337,10205777,20160822,http://www.goldcoastbulletin.com.au/news/world/murdered-bali-cop-cremated-while-aussie-and-brit-remain-behind-bars-as-suspects/news-story/216f3767ab73c4ec61140c613bd7d7af?nk=ce2a1beac97385e15e1f3a8a220bee73-1471823204
571392425,20160822,201608,2016,2016.6356,IDNCOP,INDONESIA,IDN,,,,,COP,,,MED,MEDIA,,,,,,MED,,,0,040,040,04,1,1.0,30,3,30,-3.64037292829862,4,"Denpasar, Bali, Indonesia",ID,ID02,-8.65,115.217,-2676772,4,"Denpasar, Bali, Indonesia",ID,ID02,-8.65,115.217,-2676772,4,"Denpasar, Bali, Indonesia",ID,ID02,-8.65,115.217,-2676772,20160822,http://www.goldcoastbulletin.com.au/news/world/murdered-bali-cop-cremated-while-aussie-and-brit-remain-behind-bars-as-suspects/news-story/216f3767ab73c4ec61140c613bd7d7af?nk=ce2a1beac97385e15e1f3a8a220bee73-1471823204
571392426,20160822,201608,2016,2016.6356,IDNCOP,INDONESIA,IDN,,,,,COP,,,MED,MEDIA,,,,,,MED,,,0,040,040,04,1,1.0,5,2,5,-3.61990950226244,4,"Bali, Jawa Timur, Indonesia",ID,ID08,-7.1046,112.337,10205777,4,"Bali, Jawa Timur, Indonesia",ID,ID08,-7.1046,112.337,10205777,4,"Bali, Jawa Timur, Indonesia",ID,ID08,-7.1046,112.337,10205777,20160822,http://www.goldcoastbulletin.com.au/news/world/murdered-bali-cop-cremated-while-aussie-and-brit-remain-behind-bars-as-suspects/news-story/216f3767ab73c4ec61140c613bd7d7af?nk=ce2a1beac97385e15e1f3a8a220bee73-1471823204
571392830,20160822,201608,2016,2016.6356,MED,MEDIA,,,,,,MED,,,,,,,,,,,,,0,040,040,04,1,1.0,11,3,11,-3.64223323975646,4,"Denpasar, Bali, Indonesia",ID,ID02,-8.65,115.217,-2676772,0,,,,,,,4,"Denpasar, Bali, Indonesia",ID,ID02,-8.65,115.217,-2676772,20160822,http://www.goldcoastbulletin.com.au/news/world/murdered-bali-cop-cremated-while-aussie-and-brit-remain-behind-bars-as-suspects/news-story/216f3767ab73c4ec61140c613bd7d7af?nk=ce2a1beac97385e15e1f3a8a220bee73-1471823204
571392831,20160822,201608,2016,2016.6356,MED,MEDIA,,,,,,MED,,,,,,,,,,,,,0,040,040,04,1,1.0,9,2,9,-3.61990950226244,4,"Bali, Jawa Timur, Indonesia",ID,ID08,-7.1046,112.337,10205777,0,,,,,,,4,"Bali, Jawa Timur, Indonesia",ID,ID08,-7.1046,112.337,10205777,20160822,http://www.goldcoastbulletin.com.au/news/world/murdered-bali-cop-cremated-while-aussie-and-brit-remain-behind-bars-as-suspects/news-story/216f3767ab73c4ec61140c613bd7d7af?nk=ce2a1beac97385e15e1f3a8a220bee73-1471823204
571392859,20160822,201608,2016,2016.6356,MED,MEDIA,,,,,,MED,,,COP,POLICE,,,,,,COP,,,0,040,040,04,1,1.0,12,3,12,-3.64037292829862,4,"Denpasar, Bali, Indonesia",ID,ID02,-8.65,115.217,-2676772,4,"Denpasar, Bali, Indonesia",ID,ID02,-8.65,115.217,-2676772,4,"Denpasar, Bali, Indonesia",ID,ID02,-8.65,115.217,-2676772,20160822,http://www.goldcoastbulletin.com.au/news/world/murdered-bali-cop-cremated-while-aussie-and-brit-remain-behind-bars-as-suspects/news-story/216f3767ab73c4ec61140c613bd7d7af?nk=ce2a1beac97385e15e1f3a8a220bee73-1471823204
571392871,20160822,201608,2016,2016.6356,MED,MEDIA,,,,,,MED,,,IDNCOP,INDONESIA,IDN,,,,,COP,,,0,040,040,04,1,1.0,30,3,30,-3.64037292829862,4,"Denpasar, Bali, Indonesia",ID,ID02,-8.65,115.217,-2676772,4,"Denpasar, Bali, Indonesia",ID,ID02,-8.65,115.217,-2676772,4,"Denpasar, Bali, Indonesia",ID,ID02,-8.65,115.217,-2676772,20160822,http://www.goldcoastbulletin.com.au/news/world/murdered-bali-cop-cremated-while-aussie-and-brit-remain-behind-bars-as-suspects/news-story/216f3767ab73c4ec61140c613bd7d7af?nk=ce2a1beac97385e15e1f3a8a220bee73-1471823204
571392872,20160822,201608,2016,2016.6356,MED,MEDIA,,,,,,MED,,,IDNCOP,INDONESIA,IDN,,,,,COP,,,0,040,040,04,1,1.0,5,2,5,-3.61990950226244,4,"Bali, Jawa Timur, Indonesia",ID,ID08,-7.1046,112.337,10205777,4,"Bali, Jawa Timur, Indonesia",ID,ID08,-7.1046,112.337,10205777,4,"Bali, Jawa Timur, Indonesia",ID,ID08,-7.1046,112.337,10205777,20160822,http://www.goldcoastbulletin.com.au/news/world/murdered-bali-cop-cremated-while-aussie-and-brit-remain-behind-bars-as-suspects/news-story/216f3767ab73c4ec61140c613bd7d7af?nk=ce2a1beac97385e15e1f3a8a220bee73-1471823204
571393247,20160822,201608,2016,2016.6356,PHL,PHILIPPINE,PHL,,,,,,,,,,,,,,,,,,1,112,112,11,3,-2.0,50,14,50,-7.41946451347451,4,"Davao City, Davao City, Philippines",RP,RPC3,7.07306,125.613,-2424066,0,,,,,,,4,"Davao City, Davao City, Philippines",RP,RPC3,7.07306,125.613,-2424066,20160822,http://www.kerngoldenempire.com/news/philippines-president-threatens-to-leave-un
571394803,20160822,201608,2016,2016.6356,COP,POLICE,,,,,,COP,,,,,,,,,,,,,1,090,090,09,2,-2.0,2,1,2,-5.69620253164557,4,"Bali, Ghana (general), Ghana",GH,GH00,9.24231,0.509289,-2070592,0,,,,,,,4,"Bali, Ghana (general), Ghana",GH,GH00,9.24231,0.509289,-2070592,20160822,http://www.mix1049.com.au/news/national-news/53737-shot-fired-at-unit-block-on-gold-coast
571394813,20160822,201608,2016,2016.6356,COP,POLICE,,,,,,COP,,,AUS,AUSTRALIA,AUS,,,,,,,,1,090,090,09,2,-2.0,2,1,2,-5.69620253164557,4,"Bali, Ghana (general), Ghana",GH,GH00,9.24231,0.509289,-2070592,4,"Broadbeach, Queensland, Australia",AS,AS04,-28.0167,153.433,-1561762,4,"Bali, Ghana (general), Ghana",GH,GH00,9.24231,0.509289,-2070592,20160822,http://www.mix1049.com.au/news/national-news/53737-shot-fired-at-unit-block-on-gold-coast
571394814,20160822,201608,2016,2016.6356,COP,POLICE,,,,,,COP,,,AUS,AUSTRALIA,AUS,,,,,,,,1,190,190,19,4,-10.0,2,1,2,-5.69620253164557,4,"Bali, Ghana (general), Ghana",GH,GH00,9.24231,0.509289,-2070592,4,"Broadbeach, Queensland, Australia",AS,AS04,-28.0167,153.433,-1561762,4,"Bali, Ghana (general), Ghana",GH,GH00,9.24231,0.509289,-2070592,20160822,http://www.mix1049.com.au/news/national-news/53737-shot-fired-at-unit-block-on-gold-coast
571394827,20160822,201608,2016,2016.6356,COP,POLICE,,,,,,COP,,,GHA,GHANA,GHA,,,,,,,,1,090,090,09,2,-2.0,6,1,6,-5.69620253164557,4,"Bali, Ghana (general), Ghana",GH,GH00,9.24231,0.509289,-2070592,4,"Bali, Ghana (general), Ghana",GH,GH00,9.24231,0.509289,-2070592,4,"Bali, Ghana (general), Ghana",GH,GH00,9.24231,0.509289,-2070592,20160822,http://www.mix1049.com.au/news/national-news/53737-shot-fired-at-unit-block-on-gold-coast
571394828,20160822,201608,2016,2016.6356,COP,POLICE,,,,,,COP,,,GHA,GHANA,GHA,,,,,,,,1,190,190,19,4,-10.0,6,1,6,-5.69620253164557,4,"Bali, Ghana (general), Ghana",GH,GH00,9.24231,0.509289,-2070592,4,"Bali, Ghana (general), Ghana",GH,GH00,9.24231,0.509289,-2070592,4,"Bali, Ghana (general), Ghana",GH,GH00,9.24231,0.509289,-2070592,20160822,http://www.mix1049.com.au/news/national-news/53737-shot-fired-at-unit-block-on-gold-coast
571395210,20160822,201608,2016,2016.6356,HLH,HOSPITAL,,,,,,HLH,,,CRM,GANG,,,,,,CRM,,,1,182,182,18,4,-9.5,10,1,10,-7.10659898477158,4,"Sydney, New South Wales, Australia",AS,AS02,-33.8833,151.217,-1603135,4,"Sydney, New South Wales, Australia",AS,AS02,-33.8833,151.217,-1603135,4,"Sydney, New South Wales, Australia",AS,AS02,-33.8833,151.217,-1603135,20160822,http://www.mix1049.com.au/news/national-news/53738-four-wounded-in-gold-coast-stabbing
571398626,20160822,201608,2016,2016.6356,GOV,PRIME MINISTER,,,,,,GOV,,,IGOUNOLEG,UNITED NATIONS,,UNO,,,,IGO,LEG,,1,042,042,04,1,1.9,3,1,3,-0.32679738562092,4,"Sderot, HaDarom, Israel",IS,IS01,31.525,34.5969,-781317,4,"Gaza, Israel (general), Israel",IS,IS00,31.4167,34.3333,-797156,4,"Gaza, Israel (general), Israel",IS,IS00,31.4167,34.3333,-797156,20160822,http://jpupdates.com/2016/08/21/parents-brother-of-fallen-lieutenant-hadar-goldin-to-visit-un-general-assembly-with-pm-benjamin-netanyahu/
571398627,20160822,201608,2016,2016.6356,GOV,PRIME MINISTER,,,,,,GOV,,,IGOUNOLEG,UNITED NATIONS,,UNO,,,,IGO,LEG,,1,042,042,04,1,1.9,3,1,3,-0.32679738562092,2,"New York, United States",US,USNY,42.1497,-74.9384,NY,2,"New York, United States",US,USNY,42.1497,-74.9384,NY,2,"New York, United States",US,USNY,42.1497,-74.9384,NY,20160822,http://jpupdates.com/2016/08/21/parents-brother-of-fallen-lieutenant-hadar-goldin-to-visit-un-general-assembly-with-pm-benjamin-netanyahu/
571398713,20160822,201608,2016,2016.6356,IGOUNOLEG,UNITED NATIONS,,UNO,,,,IGO,LEG,,GOV,PRIME MINISTER,,,,,,GOV,,,1,043,043,04,1,2.8,6,1,6,-0.32679738562092,2,"New York, United States",US,USNY,42.1497,-74.9384,NY,2,"New York, United States",US,USNY,42.1497,-74.9384,NY,2,"New York, United States",US,USNY,42.1497,-74.9384,NY,20160822,http://jpupdates.com/2016/08/21/parents-brother-of-fallen-lieutenant-hadar-goldin-to-visit-un-general-assembly-with-pm-benjamin-netanyahu/
571398714,20160822,201608,2016,2016.6356,IGOUNOLEG,UNITED NATIONS,,UNO,,,,IGO,LEG,,ISR,ISRAEL,ISR,,,,,,,,1,043,043,04,1,2.8,2,1,2,-0.32679738562092,4,"Gaza, Israel (general), Israel",IS,IS00,31.4167,34.3333,-797156,4,"Gaza, Israel (general), Israel",IS,IS00,31.4167,34.3333,-797156,4,"Gaza, Israel (general), Israel",IS,IS00,31.4167,34.3333,-797156,20160822,http://jpupdates.com/2016/08/21/parents-brother-of-fallen-lieutenant-hadar-goldin-to-visit-un-general-assembly-with-pm-benjamin-netanyahu/
571398715,20160822,201608,2016,2016.6356,IGOUNOLEG,UNITED NATIONS,,UNO,,,,IGO,LEG,,ISR,ISRAEL,ISR,,,,,,,,1,043,043,04,1,2.8,2,1,2,-0.32679738562092,2,"New York, United States",US,USNY,42.1497,-74.9384,NY,4,"Gaza, Israel (general), Israel",IS,IS00,31.4167,34.3333,-797156,4,"Gaza, Israel (general), Israel",IS,IS00,31.4167,34.3333,-797156,20160822,http://jpupdates.com/2016/08/21/parents-brother-of-fallen-lieutenant-hadar-goldin-to-visit-un-general-assembly-with-pm-benjamin-netanyahu/
571398743,20160822,201608,2016,2016.6356,ISR,ISRAEL,ISR,,,,,,,,IGOUNOLEG,UNITED NATIONS,,UNO,,,,IGO,LEG,,1,042,042,04,1,1.9,1,1,1,-0.32679738562092,4,"Sderot, HaDarom, Israel",IS,IS01,31.525,34.5969,-781317,4,"Gaza, Israel (general), Israel",IS,IS00,31.4167,34.3333,-797156,4,"Gaza, Israel (general), Israel",IS,IS00,31.4167,34.3333,-797156,20160822,http://jpupdates.com/2016/08/21/parents-brother-of-fallen-lieutenant-hadar-goldin-to-visit-un-general-assembly-with-pm-benjamin-netanyahu/
571398744,20160822,201608,2016,2016.6356,ISR,ISRAEL,ISR,,,,,,,,IGOUNOLEG,UNITED NATIONS,,UNO,,,,IGO,LEG,,1,042,042,04,1,1.9,2,1,2,-0.32679738562092,4,"Gaza, Israel (general), Israel",IS,IS00,31.4167,34.3333,-797156,4,"Gaza, Israel (general), Israel",IS,IS00,31.4167,34.3333,-797156,4,"Gaza, Israel (general), Israel",IS,IS00,31.4167,34.3333,-797156,20160822,http://jpupdates.com/2016/08/21/parents-brother-of-fallen-lieutenant-hadar-goldin-to-visit-un-general-assembly-with-pm-benjamin-netanyahu/
571398745,20160822,201608,2016,2016.6356,ISR,ISRAEL,ISR,,,,,,,,IGOUNOLEG,UNITED NATIONS,,UNO,,,,IGO,LEG,,1,042,042,04,1,1.9,1,1,1,-0.32679738562092,4,"Gaza, Israel (general), Israel",IS,IS00,31.4167,34.3333,-797156,2,"New York, United States",US,USNY,42.1497,-74.9384,NY,4,"Gaza, Israel (general), Israel",IS,IS00,31.4167,34.3333,-797156,20160822,http://jpupdates.com/2016/08/21/parents-brother-of-fallen-lieutenant-hadar-goldin-to-visit-un-general-assembly-with-pm-benjamin-netanyahu/
571399096,20160822,201608,2016,2016.6356,PSEREB,HAMAS,PSE,,,,,REB,,,ISR,ISRAEL,ISR,,,,,,,,1,173,173,17,4,-5.0,4,1,4,-0.32679738562092,4,"Sderot, HaDarom, Israel",IS,IS01,31.525,34.5969,-781317,4,"Sderot, HaDarom, Israel",IS,IS01,31.525,34.5969,-781317,4,"Sderot, HaDarom, Israel",IS,IS01,31.525,34.5969,-781317,20160822,http://jpupdates.com/2016/08/21/parents-brother-of-fallen-lieutenant-hadar-goldin-to-visit-un-general-assembly-with-pm-benjamin-netanyahu/
571399097,20160822,201608,2016,2016.6356,PSEREB,HAMAS,PSE,,,,,REB,,,ISR,ISRAEL,ISR,,,,,,,,1,173,173,17,4,-5.0,28,6,27,-2.79475719116054,4,"Gaza, Israel (general), Israel",IS,IS00,31.4167,34.3333,-797156,4,"Gaza, Israel (general), Israel",IS,IS00,31.4167,34.3333,-797156,4,"Gaza, Israel (general), Israel",IS,IS00,31.4167,34.3333,-797156,20160822,http://jpupdates.com/2016/08/21/parents-brother-of-fallen-lieutenant-hadar-goldin-to-visit-un-general-assembly-with-pm-benjamin-netanyahu/
571400578,20150823,201508,2015,2015.6384,NGOJEW,WORLD JEWISH CONGRESS,,,,JEW,,NGO,,,POLGOV,POLAND,POL,,,,,GOV,,,0,100,100,10,3,-5.0,3,1,3,-0.43290043290043,4,"Berlin, Berlin, Germany",GM,GM16,52.5167,13.4,-1746443,4,"Berlin, Berlin, Germany",GM,GM16,52.5167,13.4,-1746443,4,"Waldenburg, Baden-Wüberg, Germany",GM,GM01,49.1875,9.64222,-1881987,20160822,http://www.columbiatribune.com/ap/search-resumes-for-nazi-gold-train-that-might-not-even/article_55542035-25f7-5a5e-af56-ab0908d584c2.html
571400579,20150823,201508,2015,2015.6384,NGOJEW,WORLD JEWISH CONGRESS,,,,JEW,,NGO,,,POLGOV,POLAND,POL,,,,,GOV,,,0,100,100,10,3,-5.0,1,1,1,-0.43290043290043,4,"Walbrzych, Dolnoslaskie, Poland",PL,PL72,50.7714,16.2843,-534239,4,"Walbrzych, Dolnoslaskie, Poland",PL,PL72,50.7714,16.2843,-534239,4,"Berlin, Berlin, Germany",GM,GM16,52.5167,13.4,-1746443,20160822,http://www.columbiatribune.com/ap/search-resumes-for-nazi-gold-train-that-might-not-even/article_55542035-25f7-5a5e-af56-ab0908d584c2.html
571400580,20150823,201508,2015,2015.6384,NGOJEW,WORLD JEWISH CONGRESS,,,,JEW,,NGO,,,POLGOV,POLAND,POL,,,,,GOV,,,0,100,100,10,3,-5.0,1,1,1,-0.43290043290043,4,"Walbrzych, Dolnoslaskie, Poland",PL,PL72,50.7714,16.2843,-534239,4,"Walbrzych, Dolnoslaskie, Poland",PL,PL72,50.7714,16.2843,-534239,4,"Waldenburg, Baden-Wüberg, Germany",GM,GM01,49.1875,9.64222,-1881987,20160822,http://www.columbiatribune.com/ap/search-resumes-for-nazi-gold-train-that-might-not-even/article_55542035-25f7-5a5e-af56-ab0908d584c2.html
571400945,20160822,201608,2016,2016.6356,BUS,COMPANY,,,,,,BUS,,,,,,,,,,,,,0,084,084,08,2,7.0,10,1,10,1.85714285714286,4,"Johannesburg, Gauteng, South Africa",SF,SF06,-26.2,28.0833,-1240261,0,,,,,,,4,"Johannesburg, Gauteng, South Africa",SF,SF06,-26.2,28.0833,-1240261,20160822,http://www.4-traders.com/ORION-GOLD-NL-10356898/news/Orion-Gold-NL-More-outstanding-drill-results-from-PC-Project-South-Africa-22-08-16-22934467/
571401037,20160822,201608,2016,2016.6356,COP,POLICE,,,,,,COP,,,,,,,,,,,,,1,180,180,18,4,-9.0,46,4,46,-6.86911926377567,1,Ghana,GH,GH,8,-2,GH,0,,,,,,,1,Ghana,GH,GH,8,-2,GH,20160822,http://mypolice.qld.gov.au/goldcoast/2016/08/22/burglary-violence-pacific-pines/
571401042,20160822,201608,2016,2016.6356,COP,PRISON,,,,,,COP,,,CRM,CONVICTS,,,,,,CRM,,,1,186,186,18,4,-10.0,2,1,2,-3.54609929078015,4,"Dhiqar, Al MuthannáZ, Iraq",IZ,IZ03,31.428,45.11,10203758,4,"Dhiqar, Al MuthannáZ, Iraq",IZ,IZ03,31.428,45.11,10203758,4,"Dhiqar, Al MuthannáZ, Iraq",IZ,IZ03,31.428,45.11,10203758,20160822,http://www.kerngoldenempire.com/news/iraq-executes-36-for-camp-speicher-massacre
571401525,20160822,201608,2016,2016.6356,IRQ,IRAQ,IRQ,,,,,,,,CRM,CONVICTS,,,,,,CRM,,,1,202,202,20,4,-10.0,4,1,4,-3.54609929078015,1,Syria,SY,SY,35,38,SY,1,Syria,SY,SY,35,38,SY,1,Syria,SY,SY,35,38,SY,20160822,http://www.kerngoldenempire.com/news/iraq-executes-36-for-camp-speicher-massacre
571403253,20160821,201608,2016,2016.6329,COP,POLICE,,,,,,COP,,,,,,,,,,,,,1,026,026,02,1,4.0,12,1,12,-9.34579439252332,1,Ghana,GH,GH,8,-2,GH,0,,,,,,,1,Ghana,GH,GH,8,-2,GH,20160822,http://www.9news.com.au/sitecore/content/news/news/national/2016/08/22/10/00/nrl-star-anthony-watts-denies-accusations-of-bashing-at-gold-coast-wedding
571403254,20160821,201608,2016,2016.6329,COP,POLICE,,,,,,COP,,,,,,,,,,,,,1,036,036,03,1,4.0,12,1,12,-9.34579439252332,1,Ghana,GH,GH,8,-2,GH,0,,,,,,,1,Ghana,GH,GH,8,-2,GH,20160822,http://www.9news.com.au/sitecore/content/news/news/national/2016/08/22/10/00/nrl-star-anthony-watts-denies-accusations-of-bashing-at-gold-coast-wedding
571403255,20160821,201608,2016,2016.6329,COP,POLICE,,,,,,COP,,,GHA,GHANA,GHA,,,,,,,,1,040,040,04,1,1.0,8,1,8,-9.34579439252332,1,Ghana,GH,GH,8,-2,GH,1,Ghana,GH,GH,8,-2,GH,1,Ghana,GH,GH,8,-2,GH,20160822,http://www.9news.com.au/sitecore/content/news/news/national/2016/08/22/10/00/nrl-star-anthony-watts-denies-accusations-of-bashing-at-gold-coast-wedding
571403256,20160821,201608,2016,2016.6329,GHA,GHANA,GHA,,,,,,,,COP,POLICE,,,,,,COP,,,1,026,026,02,1,4.0,8,1,8,-9.34579439252332,1,Ghana,GH,GH,8,-2,GH,1,Ghana,GH,GH,8,-2,GH,1,Ghana,GH,GH,8,-2,GH,20160822,http://www.9news.com.au/sitecore/content/news/news/national/2016/08/22/10/00/nrl-star-anthony-watts-denies-accusations-of-bashing-at-gold-coast-wedding
571403257,20160821,201608,2016,2016.6329,GHA,GHANA,GHA,,,,,,,,COP,POLICE,,,,,,COP,,,1,036,036,03,1,4.0,8,1,8,-9.34579439252332,1,Ghana,GH,GH,8,-2,GH,1,Ghana,GH,GH,8,-2,GH,1,Ghana,GH,GH,8,-2,GH,20160822,http://www.9news.com.au/sitecore/content/news/news/national/2016/08/22/10/00/nrl-star-anthony-watts-denies-accusations-of-bashing-at-gold-coast-wedding
571403258,20160821,201608,2016,2016.6329,GHA,GHANA,GHA,,,,,,,,COP,POLICE,,,,,,COP,,,1,040,040,04,1,1.0,8,1,8,-9.34579439252332,1,Ghana,GH,GH,8,-2,GH,1,Ghana,GH,GH,8,-2,GH,1,Ghana,GH,GH,8,-2,GH,20160822,http://www.9news.com.au/sitecore/content/news/news/national/2016/08/22/10/00/nrl-star-anthony-watts-denies-accusations-of-bashing-at-gold-coast-wedding
571403271,20160822,201608,2016,2016.6356,,,,,,,,,,,COP,POLICE,,,,,,COP,,,1,040,040,04,1,1.0,10,1,10,-9.34579439252332,0,,,,,,,1,Ghana,GH,GH,8,-2,GH,1,Ghana,GH,GH,8,-2,GH,20160822,http://www.9news.com.au/sitecore/content/news/news/national/2016/08/22/10/00/nrl-star-anthony-watts-denies-accusations-of-bashing-at-gold-coast-wedding
571403292,20160822,201608,2016,2016.6356,,,,,,,,,,,GHA,GHANA,GHA,,,,,,,,1,016,016,01,1,-2.0,2,1,2,-9.34579439252332,0,,,,,,,1,Ghana,GH,GH,8,-2,GH,1,Ghana,GH,GH,8,-2,GH,20160822,http://www.9news.com.au/sitecore/content/news/news/national/2016/08/22/10/00/nrl-star-anthony-watts-denies-accusations-of-bashing-at-gold-coast-wedding
571403293,20160822,201608,2016,2016.6356,,,,,,,,,,,GHA,GHANA,GHA,,,,,,,,1,112,112,11,3,-2.0,4,1,4,-9.34579439252332,0,,,,,,,1,Ghana,GH,GH,8,-2,GH,1,Ghana,GH,GH,8,-2,GH,20160822,http://www.9news.com.au/sitecore/content/news/news/national/2016/08/22/10/00/nrl-star-anthony-watts-denies-accusations-of-bashing-at-gold-coast-wedding
571403307,20160822,201608,2016,2016.6356,,,,,,,,,,,HLH,HOSPITAL,,,,,,HLH,,,1,042,042,04,1,1.9,52,7,52,-5.30983329732166,0,,,,,,,1,United Kingdom,UK,UK,54,-2,UK,1,United Kingdom,UK,UK,54,-2,UK,20160822,http://www.gold1043.com.au/entertainment/the-feed/this-four-year-old-has-been-left-severely-disabled-after-a-hospital-made-a-huge-error
571403414,20160822,201608,2016,2016.6356,AUS,QUEENSLAND,AUS,,,,,,,,,,,,,,,,,,1,016,016,01,1,-2.0,4,1,4,-9.34579439252332,1,Ghana,GH,GH,8,-2,GH,0,,,,,,,1,Ghana,GH,GH,8,-2,GH,20160822,http://www.9news.com.au/sitecore/content/news/news/national/2016/08/22/10/00/nrl-star-anthony-watts-denies-accusations-of-bashing-at-gold-coast-wedding
571403415,20160822,201608,2016,2016.6356,AUS,AUSTRALIA,AUS,,,,,,,,,,,,,,,,,,1,042,042,04,1,1.9,8,4,8,-4.4,4,"Wacol, Queensland, Australia",AS,AS04,-27.5833,152.933,-1607071,0,,,,,,,4,"Wacol, Queensland, Australia",AS,AS04,-27.5833,152.933,-1607071,20160822,http://www.gold1043.com.au/entertainment/the-feed/rspca-qld-slammed-for-selling-this-chew-toy
571403420,20160822,201608,2016,2016.6356,AUS,QUEENSLAND,AUS,,,,,,,,COP,POLICE,,,,,,COP,,,1,042,042,04,1,1.9,20,1,20,-9.34579439252332,1,Ghana,GH,GH,8,-2,GH,1,Ghana,GH,GH,8,-2,GH,1,Ghana,GH,GH,8,-2,GH,20160822,http://www.9news.com.au/sitecore/content/news/news/national/2016/08/22/10/00/nrl-star-anthony-watts-denies-accusations-of-bashing-at-gold-coast-wedding
571403424,20160822,201608,2016,2016.6356,AUS,QUEENSLAND,AUS,,,,,,,,GHA,GHANA,GHA,,,,,,,,1,016,016,01,1,-2.0,16,1,16,-9.34579439252332,1,Ghana,GH,GH,8,-2,GH,1,Ghana,GH,GH,8,-2,GH,1,Ghana,GH,GH,8,-2,GH,20160822,http://www.9news.com.au/sitecore/content/news/news/national/2016/08/22/10/00/nrl-star-anthony-watts-denies-accusations-of-bashing-at-gold-coast-wedding
571403425,20160822,201608,2016,2016.6356,AUS,QUEENSLAND,AUS,,,,,,,,GHA,GHANA,GHA,,,,,,,,1,112,112,11,3,-2.0,20,4,20,-8.55437126871501,1,Ghana,GH,GH,8,-2,GH,1,Ghana,GH,GH,8,-2,GH,1,Ghana,GH,GH,8,-2,GH,20160822,http://www.9news.com.au/sitecore/content/news/news/national/2016/08/22/10/00/nrl-star-anthony-watts-denies-accusations-of-bashing-at-gold-coast-wedding
571403430,20160822,201608,2016,2016.6356,AUSEDU,PERTH,AUS,,,,,EDU,,,,,,,,,,,,,1,010,010,01,1,0.0,40,4,40,0.94339622641509,1,Australia,AS,AS,-27,133,AS,0,,,,,,,1,Australia,AS,AS,-27,133,AS,20160822,http://www.gold1043.com.au/newsroom/australian-university-forces-102-year-old-to-pack-up-office-but-will-allow-him-to-work-remotely
571403431,20160822,201608,2016,2016.6356,AUSGOV,AUSTRALIA,AUS,,,,,GOV,,,EDU,UNIVERSITY,,,,,,EDU,,,1,010,010,01,1,0.0,8,4,8,0.94339622641509,1,Australia,AS,AS,-27,133,AS,1,Australia,AS,AS,-27,133,AS,1,Australia,AS,AS,-27,133,AS,20160822,http://www.gold1043.com.au/newsroom/australian-university-forces-102-year-old-to-pack-up-office-but-will-allow-him-to-work-remotely
571403535,20160822,201608,2016,2016.6356,COP,DETECTIVE,,,,,,COP,,,,,,,,,,,,,1,010,010,01,1,0.0,84,10,84,-6.08066138562014,2,"Wisconsin, United States",US,USWI,44.2563,-89.6385,WI,0,,,,,,,2,"Wisconsin, United States",US,USWI,44.2563,-89.6385,WI,20160822,http://www.gold1043.com.au/entertainment/entertainment-news/heartbreaking-news-for-family-of-3-doors-down-star
571403539,20160822,201608,2016,2016.6356,COP,POLICE,,,,,,COP,,,,,,,,,,,,,1,040,040,04,1,1.0,30,1,30,-9.34579439252332,1,Ghana,GH,GH,8,-2,GH,0,,,,,,,1,Ghana,GH,GH,8,-2,GH,20160822,http://www.9news.com.au/sitecore/content/news/news/national/2016/08/22/10/00/nrl-star-anthony-watts-denies-accusations-of-bashing-at-gold-coast-wedding
571403549,20160822,201608,2016,2016.6356,COP,POLICE,,,,,,COP,,,AUS,QUEENSLAND,AUS,,,,,,,,1,043,043,04,1,2.8,20,1,20,-9.34579439252332,1,Ghana,GH,GH,8,-2,GH,1,Ghana,GH,GH,8,-2,GH,1,Ghana,GH,GH,8,-2,GH,20160822,http://www.9news.com.au/sitecore/content/news/news/national/2016/08/22/10/00/nrl-star-anthony-watts-denies-accusations-of-bashing-at-gold-coast-wedding
571403665,20160822,201608,2016,2016.6356,EDU,UNIVERSITY,,,,,,EDU,,,AUS,AUSTRALIA,AUS,,,,,,,,1,051,051,05,1,3.4,40,4,40,0.94339622641509,1,Australia,AS,AS,-27,133,AS,1,Australia,AS,AS,-27,133,AS,1,Australia,AS,AS,-27,133,AS,20160822,http://www.gold1043.com.au/newsroom/australian-university-forces-102-year-old-to-pack-up-office-but-will-allow-him-to-work-remotely
571403757,20160822,201608,2016,2016.6356,GHA,GHANA,GHA,,,,,,,,,,,,,,,,,,1,016,016,01,1,-2.0,6,1,6,-9.34579439252332,1,Ghana,GH,GH,8,-2,GH,0,,,,,,,1,Ghana,GH,GH,8,-2,GH,20160822,http://www.9news.com.au/sitecore/content/news/news/national/2016/08/22/10/00/nrl-star-anthony-watts-denies-accusations-of-bashing-at-gold-coast-wedding
571403805,20160822,201608,2016,2016.6356,GOV,CHANCELLOR,,,,,,GOV,,,AUS,AUSTRALIA,AUS,,,,,,,,1,036,036,03,1,4.0,8,4,8,0.94339622641509,1,Australia,AS,AS,-27,133,AS,1,Australia,AS,AS,-27,133,AS,1,Australia,AS,AS,-27,133,AS,20160822,http://www.gold1043.com.au/newsroom/australian-university-forces-102-year-old-to-pack-up-office-but-will-allow-him-to-work-remotely
571403824,20160822,201608,2016,2016.6356,GOV,CHANCELLOR,,,,,,GOV,,,EDU,UNIVERSITY,,,,,,EDU,,,1,010,010,01,1,0.0,32,4,32,0.94339622641509,1,Australia,AS,AS,-27,133,AS,1,Australia,AS,AS,-27,133,AS,1,Australia,AS,AS,-27,133,AS,20160822,http://www.gold1043.com.au/newsroom/australian-university-forces-102-year-old-to-pack-up-office-but-will-allow-him-to-work-remotely
571403825,20160822,201608,2016,2016.6356,GOV,CHANCELLOR,,,,,,GOV,,,EDU,UNIVERSITY,,,,,,EDU,,,1,036,036,03,1,4.0,24,4,24,0.94339622641509,1,Australia,AS,AS,-27,133,AS,1,Australia,AS,AS,-27,133,AS,1,Australia,AS,AS,-27,133,AS,20160822,http://www.gold1043.com.au/newsroom/australian-university-forces-102-year-old-to-pack-up-office-but-will-allow-him-to-work-remotely
571403897,20160822,201608,2016,2016.6356,HLH,HOSPITAL,,,,,,HLH,,,,,,,,,,,,,1,043,043,04,1,2.8,53,8,50,-5.56100975310705,1,United Kingdom,UK,UK,54,-2,UK,0,,,,,,,1,United Kingdom,UK,UK,54,-2,UK,20160822,http://www.gold1043.com.au/entertainment/the-feed/this-four-year-old-has-been-left-severely-disabled-after-a-hospital-made-a-huge-error
571403901,20160822,201608,2016,2016.6356,HLH,HOSPITAL,,,,,,HLH,,,,,,,,,,,,,1,090,090,09,2,-2.0,40,4,40,-3.2967032967033,1,South Africa,SF,SF,-29,24,SF,0,,,,,,,1,South Africa,SF,SF,-29,24,SF,20160822,http://www.gold1043.com.au/entertainment/the-feed/meet-the-same-sex-couple-who-are-record-breakers-after-surrogate-gave-birth
571404264,20160822,201608,2016,2016.6356,SYR,ALEPPO,SYR,,,,,,,,CVL,CIVILIAN,,,,,,CVL,,,1,195,195,19,4,-10.0,18,6,18,-7.05018200094672,1,Russia,RS,RS,60,100,RS,1,Russia,RS,RS,60,100,RS,1,Russia,RS,RS,60,100,RS,20160822,http://www.gold1043.com.au/newsroom/devastating-news-for-the-family-of-omran-daqneesh
571404404,20160822,201608,2016,2016.6356,USA,UNITED STATES,USA,,,,,,,,COP,DETECTIVE,,,,,,COP,,,1,010,010,01,1,0.0,8,2,8,-0.80321285140562,2,"Wisconsin, United States",US,USWI,44.2563,-89.6385,WI,2,"Wisconsin, United States",US,USWI,44.2563,-89.6385,WI,2,"Wisconsin, United States",US,USWI,44.2563,-89.6385,WI,20160822,http://www.gold1043.com.au/entertainment/entertainment-news/heartbreaking-news-for-family-of-3-doors-down-star
571408257,20160822,201608,2016,2016.6356,,,,,,,,,,,FJI,FIJI,FJI,,,,,,,,1,043,043,04,1,2.8,2,1,2,6.52173913043478,0,,,,,,,4,"Nausori, Western, Fiji",FJ,FJ05,-17.55,178.233,-1192349,4,"Suva, Central, Fiji",FJ,FJ01,-18.1333,178.417,-1195133,20160822,http://fijivillage.com/news/Gold-medal-winning-Fiji-7s-team-reaches-GPH-259ksr/
571408414,20160822,201608,2016,2016.6356,BUS,BANK,,,,,,BUS,,,,,,,,,,,,,1,010,010,01,1,0.0,15,2,15,-1.34253528582884,1,Thailand,TH,TH,15,100,TH,0,,,,,,,1,Thailand,TH,TH,15,100,TH,20160822,http://pattayaone.net/pattaya-news/230597/doubling-visa-fee-kill-golden-goose/
571408421,20160822,201608,2016,2016.6356,BUS,BANK,,,,,,BUS,,,,,,,,,,,,,1,0234,023,02,1,3.4,5,1,5,-0.70921985815603,1,Thailand,TH,TH,15,100,TH,0,,,,,,,1,Thailand,TH,TH,15,100,TH,20160822,http://pattayaone.net/pattaya-news/230597/doubling-visa-fee-kill-golden-goose/
571408619,20160822,201608,2016,2016.6356,CRM,CRIMINAL,,,,,,CRM,,,,,,,,,,,,,1,010,010,01,1,0.0,5,1,5,-0.70921985815603,1,Thailand,TH,TH,15,100,TH,0,,,,,,,1,Thailand,TH,TH,15,100,TH,20160822,http://pattayaone.net/pattaya-news/230597/doubling-visa-fee-kill-golden-goose/
571408773,20160822,201608,2016,2016.6356,FJI,FIJI,FJI,,,,,,,,,,,,,,,,,,1,042,042,04,1,1.9,2,1,2,6.52173913043478,4,"Nabua, Western, Fiji",FJ,FJ05,-17.3333,178.25,-1190800,0,,,,,,,4,"Nabua, Western, Fiji",FJ,FJ05,-17.3333,178.25,-1190800,20160822,http://fijivillage.com/news/Gold-medal-winning-Fiji-7s-team-reaches-GPH-259ksr/
571408774,20160822,201608,2016,2016.6356,FJI,FIJI,FJI,,,,,,,,GOV,KING,,,,,,GOV,,,1,042,042,04,1,1.9,8,1,8,6.52173913043478,4,"Nabua, Western, Fiji",FJ,FJ05,-17.3333,178.25,-1190800,4,"Nabua, Western, Fiji",FJ,FJ05,-17.3333,178.25,-1190800,4,"Nabua, Western, Fiji",FJ,FJ05,-17.3333,178.25,-1190800,20160822,http://fijivillage.com/news/Gold-medal-winning-Fiji-7s-team-reaches-GPH-259ksr/
571408880,20160822,201608,2016,2016.6356,GOV,MINIST,,,,,,GOV,,,CVL,TOURIST,,,,,,CVL,,,1,020,020,02,1,3.0,10,1,10,-0.70921985815603,1,Thailand,TH,TH,15,100,TH,1,Thailand,TH,TH,15,100,TH,1,Thailand,TH,TH,15,100,TH,20160822,http://pattayaone.net/pattaya-news/230597/doubling-visa-fee-kill-golden-goose/
571408882,20160822,201608,2016,2016.6356,GOV,MINIST,,,,,,GOV,,,CVL,TOURIST,,,,,,CVL,,,1,100,100,10,3,-5.0,10,1,10,-0.70921985815603,1,Thailand,TH,TH,15,100,TH,1,Thailand,TH,TH,15,100,TH,1,Thailand,TH,TH,15,100,TH,20160822,http://pattayaone.net/pattaya-news/230597/doubling-visa-fee-kill-golden-goose/
571408890,20160822,201608,2016,2016.6356,GOV,KING,,,,,,GOV,,,FJI,FIJI,FJI,,,,,,,,1,043,043,04,1,2.8,8,1,8,6.52173913043478,4,"Suva, Central, Fiji",FJ,FJ01,-18.1333,178.417,-1195133,4,"Nausori, Western, Fiji",FJ,FJ05,-17.55,178.233,-1192349,4,"Suva, Central, Fiji",FJ,FJ01,-18.1333,178.417,-1195133,20160822,http://fijivillage.com/news/Gold-medal-winning-Fiji-7s-team-reaches-GPH-259ksr/
571408926,20160822,201608,2016,2016.6356,GOV,TOURISM MINIST,,,,,,GOV,,,THA,THAILAND,THA,,,,,,,,1,036,036,03,1,4.0,10,1,10,-0.70921985815603,1,Thailand,TH,TH,15,100,TH,1,Thailand,TH,TH,15,100,TH,1,Thailand,TH,TH,15,100,TH,20160822,http://pattayaone.net/pattaya-news/230597/doubling-visa-fee-kill-golden-goose/
571410487,20160821,201608,2016,2016.6329,COP,POLICE,,,,,,COP,,,JUD,LAWYER,,,,,,JUD,,,1,040,040,04,1,1.0,12,1,12,-6.55737704918033,1,Ghana,GH,GH,8,-2,GH,1,Ghana,GH,GH,8,-2,GH,1,Ghana,GH,GH,8,-2,GH,20160822,http://www.goldcoastbulletin.com.au/news/crime-court/anthony-watts-hands-himself-into-gold-coast-police-after-alleged-assault-at-wedding/news-story/245e411ef8d2e81cdf1c4c30bfeeb31d?nk=8c4805fda08e58dca8e1d2556df382c4-1471829531
571410489,20160821,201608,2016,2016.6329,GHA,GHANA,GHA,,,,,,,,GHAJUD,GHANA,GHA,,,,,JUD,,,1,040,040,04,1,1.0,4,1,4,-6.55737704918033,1,Ghana,GH,GH,8,-2,GH,1,Ghana,GH,GH,8,-2,GH,1,Ghana,GH,GH,8,-2,GH,20160822,http://www.goldcoastbulletin.com.au/news/crime-court/anthony-watts-hands-himself-into-gold-coast-police-after-alleged-assault-at-wedding/news-story/245e411ef8d2e81cdf1c4c30bfeeb31d?nk=8c4805fda08e58dca8e1d2556df382c4-1471829531
571410490,20160821,201608,2016,2016.6329,GHA,GHANA,GHA,,,,,,,,JUD,LAWYER,,,,,,JUD,,,1,040,040,04,1,1.0,4,1,4,-6.55737704918033,1,Ghana,GH,GH,8,-2,GH,1,Ghana,GH,GH,8,-2,GH,1,Ghana,GH,GH,8,-2,GH,20160822,http://www.goldcoastbulletin.com.au/news/crime-court/anthony-watts-hands-himself-into-gold-coast-police-after-alleged-assault-at-wedding/news-story/245e411ef8d2e81cdf1c4c30bfeeb31d?nk=8c4805fda08e58dca8e1d2556df382c4-1471829531
571410491,20160821,201608,2016,2016.6329,GHAJUD,GHANA,GHA,,,,,JUD,,,GHA,GHANA,GHA,,,,,,,,1,040,040,04,1,1.0,4,1,4,-6.55737704918033,1,Ghana,GH,GH,8,-2,GH,1,Ghana,GH,GH,8,-2,GH,1,Ghana,GH,GH,8,-2,GH,20160822,http://www.goldcoastbulletin.com.au/news/crime-court/anthony-watts-hands-himself-into-gold-coast-police-after-alleged-assault-at-wedding/news-story/245e411ef8d2e81cdf1c4c30bfeeb31d?nk=8c4805fda08e58dca8e1d2556df382c4-1471829531
571410494,20160821,201608,2016,2016.6329,JUD,LAWYER,,,,,,JUD,,,COP,POLICE,,,,,,COP,,,1,040,040,04,1,1.0,12,1,12,-6.55737704918033,1,Ghana,GH,GH,8,-2,GH,1,Ghana,GH,GH,8,-2,GH,1,Ghana,GH,GH,8,-2,GH,20160822,http://www.goldcoastbulletin.com.au/news/crime-court/anthony-watts-hands-himself-into-gold-coast-police-after-alleged-assault-at-wedding/news-story/245e411ef8d2e81cdf1c4c30bfeeb31d?nk=8c4805fda08e58dca8e1d2556df382c4-1471829531
571410495,20160821,201608,2016,2016.6329,JUD,LAWYER,,,,,,JUD,,,GHA,GHANA,GHA,,,,,,,,1,040,040,04,1,1.0,4,1,4,-6.55737704918033,1,Ghana,GH,GH,8,-2,GH,1,Ghana,GH,GH,8,-2,GH,1,Ghana,GH,GH,8,-2,GH,20160822,http://www.goldcoastbulletin.com.au/news/crime-court/anthony-watts-hands-himself-into-gold-coast-police-after-alleged-assault-at-wedding/news-story/245e411ef8d2e81cdf1c4c30bfeeb31d?nk=8c4805fda08e58dca8e1d2556df382c4-1471829531
571410560,20160822,201608,2016,2016.6356,,,,,,,,,,,EDU,UNIVERSITY,,,,,,EDU,,,1,040,040,04,1,1.0,8,1,8,11.5440115440115,0,,,,,,,4,"Kelburn, New Zealand (general), New Zealand",NZ,NZ00,-41.2833,174.767,-1511783,4,"Kelburn, New Zealand (general), New Zealand",NZ,NZ00,-41.2833,174.767,-1511783,20160822,http://www.scoop.co.nz/stories/ED1608/S00059/nominations-open-for-inaugural-gold-supreme-club-awards.htm
571410573,20160822,201608,2016,2016.6356,,,,,,,,,,,GHA,GHANA,GHA,,,,,,,,1,051,051,05,1,3.4,4,1,4,-2.96296296296297,0,,,,,,,4,"Canberra, Australian Capital Territory, Australia",AS,AS01,-35.2833,149.217,-1563952,1,Ghana,GH,GH,8,-2,GH,20160822,http://www.goldcoastbulletin.com.au/lifestyle/remember-when-future-mp-christine-smiths-evidence-against-senator-mal-colston-comes-out/news-story/4dec0abdc1a71395feac9884aaf929f7?nk=75b540f634e4e9fb217fde9c268194f6-1471829512
571410574,20160822,201608,2016,2016.6356,,,,,,,,,,,GHA,GHANA,GHA,,,,,,,,1,051,051,05,1,3.4,104,10,104,0.711062700072441,0,,,,,,,1,Ghana,GH,GH,8,-2,GH,1,Ghana,GH,GH,8,-2,GH,20160822,http://www.goldcoastbulletin.com.au/lifestyle/remember-when-future-mp-christine-smiths-evidence-against-senator-mal-colston-comes-out/news-story/4dec0abdc1a71395feac9884aaf929f7?nk=75b540f634e4e9fb217fde9c268194f6-1471829512
571410706,20160822,201608,2016,2016.6356,AUS,VICTORIA,AUS,,,,,,,,,,,,,,,,,,1,051,051,05,1,3.4,2,1,2,11.5440115440115,4,"Kelburn, New Zealand (general), New Zealand",NZ,NZ00,-41.2833,174.767,-1511783,0,,,,,,,4,"Kelburn, New Zealand (general), New Zealand",NZ,NZ00,-41.2833,174.767,-1511783,20160822,http://www.scoop.co.nz/stories/ED1608/S00059/nominations-open-for-inaugural-gold-supreme-club-awards.htm
571410707,20160822,201608,2016,2016.6356,AUS,VICTORIA,AUS,,,,,,,,,,,,,,,,,,1,051,051,05,1,3.4,8,1,8,11.5440115440115,4,"Kelburn, New Zealand (general), New Zealand",NZ,NZ00,-41.2833,174.767,-1511783,0,,,,,,,4,"Hanoi, Ha N?i, Vietnam, Republic Of",VM,VM44,21.0333,105.85,-3714993,20160822,http://www.scoop.co.nz/stories/ED1608/S00059/nominations-open-for-inaugural-gold-supreme-club-awards.htm
571410736,20160822,201608,2016,2016.6356,AUS,VICTORIA,AUS,,,,,,,,NZL,NEW ZEALAND,NZL,,,,,,,,1,051,051,05,1,3.4,2,1,2,11.5440115440115,4,"Kelburn, New Zealand (general), New Zealand",NZ,NZ00,-41.2833,174.767,-1511783,4,"Kelburn, New Zealand (general), New Zealand",NZ,NZ00,-41.2833,174.767,-1511783,4,"Kelburn, New Zealand (general), New Zealand",NZ,NZ00,-41.2833,174.767,-1511783,20160822,http://www.scoop.co.nz/stories/ED1608/S00059/nominations-open-for-inaugural-gold-supreme-club-awards.htm
571410842,20160822,201608,2016,2016.6356,CAN,ALBERTA,CAN,,,,,,,,CHNEDU,CHINA,CHN,,,,,EDU,,,1,050,050,05,1,3.5,6,1,6,2.48138957816377,4,"Shanghai, Shanghai, China",CH,CH23,31.2222,121.458,-1924465,4,"Shanghai, Shanghai, China",CH,CH23,31.2222,121.458,-1924465,4,"Shanghai, Shanghai, China",CH,CH23,31.2222,121.458,-1924465,20160822,http://calgaryherald.com/news/local-news/calgary-students-win-gold-at-china-robotics-challenge
571410856,20160822,201608,2016,2016.6356,CHN,CHINA,CHN,,,,,,,,,,,,,,,,,,1,013,013,01,1,0.4,6,2,6,1.00259955098665,4,"Shanghai, Shanghai, China",CH,CH23,31.2222,121.458,-1924465,0,,,,,,,4,"Shanghai, Shanghai, China",CH,CH23,31.2222,121.458,-1924465,20160822,http://calgaryherald.com/news/local-news/calgary-students-win-gold-at-china-robotics-challenge
571410871,20160822,201608,2016,2016.6356,CHN,CHINA,CHN,,,,,,,,CHNEDU,CHINA,CHN,,,,,EDU,,,1,050,050,05,1,3.5,4,1,4,2.48138957816377,4,"Shanghai, Shanghai, China",CH,CH23,31.2222,121.458,-1924465,4,"Shanghai, Shanghai, China",CH,CH23,31.2222,121.458,-1924465,4,"Shanghai, Shanghai, China",CH,CH23,31.2222,121.458,-1924465,20160822,http://calgaryherald.com/news/local-news/calgary-students-win-gold-at-china-robotics-challenge
571410909,20160822,201608,2016,2016.6356,COP,DETECTIVE,,,,,,COP,,,,,,,,,,,,,1,090,090,09,2,-2.0,50,4,50,-1.71937923950878,1,Ghana,GH,GH,8,-2,GH,0,,,,,,,1,Ghana,GH,GH,8,-2,GH,20160822,http://www.goldcoastbulletin.com.au/news/crime-court/detectives-investigate-shooting-incident-at-broadbeach-unit/news-story/ff9ce4ba7fa00c444111e70e10d8f7e3?nk=d242e3a51f44abf53ff91fd522872557-1471829508
571410915,20160822,201608,2016,2016.6356,COP,POLICE,,,,,,COP,,,,,,,,,,,,,1,173,173,17,4,-5.0,20,1,20,-6.55737704918033,1,Ghana,GH,GH,8,-2,GH,0,,,,,,,1,Ghana,GH,GH,8,-2,GH,20160822,http://www.goldcoastbulletin.com.au/news/crime-court/anthony-watts-hands-himself-into-gold-coast-police-after-alleged-assault-at-wedding/news-story/245e411ef8d2e81cdf1c4c30bfeeb31d?nk=8c4805fda08e58dca8e1d2556df382c4-1471829531
571410918,20160822,201608,2016,2016.6356,COP,DETECTIVE,,,,,,COP,,,,,,,,,,,,,1,193,193,19,4,-10.0,40,2,40,-1.13636363636364,1,Ghana,GH,GH,8,-2,GH,0,,,,,,,1,Ghana,GH,GH,8,-2,GH,20160822,http://www.goldcoastbulletin.com.au/news/crime-court/detectives-investigate-shooting-incident-at-broadbeach-unit/news-story/ff9ce4ba7fa00c444111e70e10d8f7e3?nk=d242e3a51f44abf53ff91fd522872557-1471829508
571411027,20160822,201608,2016,2016.6356,DEUGOV,GERMANY,DEU,,,,,GOV,,,,,,,,,,,,,1,010,010,01,1,0.0,2,1,2,0.56818181818182,4,"Rio De Janeiro, Estado do Rio, Brazil",BR,BR21,-22.9,-43.2333,-666610,0,,,,,,,4,"Rio De Janeiro, Estado do Rio, Brazil",BR,BR21,-22.9,-43.2333,-666610,20160822,http://www.herald.co.zw/semenya-scoops-800m-olympic-gold/
571411036,20160822,201608,2016,2016.6356,EDU,UNIVERSITY,,,,,,EDU,,,,,,,,,,,,,1,040,040,04,1,1.0,8,1,8,11.5440115440115,4,"Kelburn, New Zealand (general), New Zealand",NZ,NZ00,-41.2833,174.767,-1511783,0,,,,,,,4,"Kelburn, New Zealand (general), New Zealand",NZ,NZ00,-41.2833,174.767,-1511783,20160822,http://www.scoop.co.nz/stories/ED1608/S00059/nominations-open-for-inaugural-gold-supreme-club-awards.htm
571411041,20160822,201608,2016,2016.6356,EDU,STUDENT,,,,,,EDU,,,AUS,VICTORIA,AUS,,,,,,,,1,110,110,11,3,-2.0,3,1,3,11.5440115440115,4,"Kelburn, New Zealand (general), New Zealand",NZ,NZ00,-41.2833,174.767,-1511783,4,"Kelburn, New Zealand (general), New Zealand",NZ,NZ00,-41.2833,174.767,-1511783,4,"Kelburn, New Zealand (general), New Zealand",NZ,NZ00,-41.2833,174.767,-1511783,20160822,http://www.scoop.co.nz/stories/ED1608/S00059/nominations-open-for-inaugural-gold-supreme-club-awards.htm
571411057,20160822,201608,2016,2016.6356,EDU,UNIVERSITY,,,,,,EDU,,,NZL,NEW ZEALAND,NZL,,,,,,,,1,040,040,04,1,1.0,2,1,2,11.5440115440115,4,"Kelburn, New Zealand (general), New Zealand",NZ,NZ00,-41.2833,174.767,-1511783,4,"Kelburn, New Zealand (general), New Zealand",NZ,NZ00,-41.2833,174.767,-1511783,4,"Kelburn, New Zealand (general), New Zealand",NZ,NZ00,-41.2833,174.767,-1511783,20160822,http://www.scoop.co.nz/stories/ED1608/S00059/nominations-open-for-inaugural-gold-supreme-club-awards.htm
571411058,20160822,201608,2016,2016.6356,EDU,STUDENT,,,,,,EDU,,,NZL,NEW ZEALAND,NZL,,,,,,,,1,110,110,11,3,-2.0,2,1,2,11.5440115440115,4,"Kelburn, New Zealand (general), New Zealand",NZ,NZ00,-41.2833,174.767,-1511783,4,"Kelburn, New Zealand (general), New Zealand",NZ,NZ00,-41.2833,174.767,-1511783,4,"Kelburn, New Zealand (general), New Zealand",NZ,NZ00,-41.2833,174.767,-1511783,20160822,http://www.scoop.co.nz/stories/ED1608/S00059/nominations-open-for-inaugural-gold-supreme-club-awards.htm
571411161,20160822,201608,2016,2016.6356,GHA,GHANA,GHA,,,,,,,,GHACOP,GHANA,GHA,,,,,COP,,,1,180,180,18,4,-9.0,6,1,6,-6.02447726143702,1,Ghana,GH,GH,8,-2,GH,1,Ghana,GH,GH,8,-2,GH,1,Ghana,GH,GH,8,-2,GH,20160822,http://www.goldcoastbulletin.com.au/news/crime-court/anthony-watts-hands-himself-into-gold-coast-police-after-alleged-assault-at-wedding/news-story/245e411ef8d2e81cdf1c4c30bfeeb31d?nk=8c4805fda08e58dca8e1d2556df382c4-1471829531
571411162,20160822,201608,2016,2016.6356,GHACOP,GHANA,GHA,,,,,COP,,,,,,,,,,,,,1,180,180,18,4,-9.0,12,1,12,-6.02447726143702,1,Ghana,GH,GH,8,-2,GH,0,,,,,,,1,Ghana,GH,GH,8,-2,GH,20160822,http://www.goldcoastbulletin.com.au/news/crime-court/anthony-watts-hands-himself-into-gold-coast-police-after-alleged-assault-at-wedding/news-story/245e411ef8d2e81cdf1c4c30bfeeb31d?nk=8c4805fda08e58dca8e1d2556df382c4-1471829531
571411163,20160822,201608,2016,2016.6356,GHALEG,GHANA,GHA,,,,,LEG,,,MED,JOURNALIST,,,,,,MED,,,1,190,190,19,4,-10.0,4,1,4,-2.96296296296297,1,Ghana,GH,GH,8,-2,GH,1,Ghana,GH,GH,8,-2,GH,1,Ghana,GH,GH,8,-2,GH,20160822,http://www.goldcoastbulletin.com.au/lifestyle/remember-when-future-mp-christine-smiths-evidence-against-senator-mal-colston-comes-out/news-story/4dec0abdc1a71395feac9884aaf929f7?nk=75b540f634e4e9fb217fde9c268194f6-1471829512
571411164,20160822,201608,2016,2016.6356,GOV,PRESIDENT,,,,,,GOV,,,,,,,,,,,,,1,010,010,01,1,0.0,6,1,6,0.56818181818182,4,"Berlin, Berlin, Germany",GM,GM16,52.5167,13.4,-1746443,0,,,,,,,4,"Berlin, Berlin, Germany",GM,GM16,52.5167,13.4,-1746443,20160822,http://www.herald.co.zw/semenya-scoops-800m-olympic-gold/
571411208,20160822,201608,2016,2016.6356,GOV,PRESIDENT,,,,,,GOV,,,DEU,GERMANY,DEU,,,,,,,,1,010,010,01,1,0.0,2,1,2,0.56818181818182,4,"Rio De Janeiro, Estado do Rio, Brazil",BR,BR21,-22.9,-43.2333,-666610,4,"Rio De Janeiro, Estado do Rio, Brazil",BR,BR21,-22.9,-43.2333,-666610,4,"Rio De Janeiro, Estado do Rio, Brazil",BR,BR21,-22.9,-43.2333,-666610,20160822,http://www.herald.co.zw/semenya-scoops-800m-olympic-gold/
571411435,20160822,201608,2016,2016.6356,LEG,SENATOR,,,,,,LEG,,,MED,JOURNALIST,,,,,,MED,,,1,190,190,19,4,-10.0,12,1,12,-2.96296296296297,4,"Chapel Hill, South Australia, Australia",AS,AS05,-35.0833,138.783,-1565123,4,"Chapel Hill, South Australia, Australia",AS,AS05,-35.0833,138.783,-1565123,4,"Canberra, Australian Capital Territory, Australia",AS,AS01,-35.2833,149.217,-1563952,20160822,http://www.goldcoastbulletin.com.au/lifestyle/remember-when-future-mp-christine-smiths-evidence-against-senator-mal-colston-comes-out/news-story/4dec0abdc1a71395feac9884aaf929f7?nk=75b540f634e4e9fb217fde9c268194f6-1471829512
571411436,20160822,201608,2016,2016.6356,LEG,SENATOR,,,,,,LEG,,,MED,JOURNALIST,,,,,,MED,,,1,190,190,19,4,-10.0,4,1,4,-2.96296296296297,1,Ghana,GH,GH,8,-2,GH,1,Ghana,GH,GH,8,-2,GH,1,Ghana,GH,GH,8,-2,GH,20160822,http://www.goldcoastbulletin.com.au/lifestyle/remember-when-future-mp-christine-smiths-evidence-against-senator-mal-colston-comes-out/news-story/4dec0abdc1a71395feac9884aaf929f7?nk=75b540f634e4e9fb217fde9c268194f6-1471829512
571411462,20160822,201608,2016,2016.6356,MED,JOURNALIST,,,,,,MED,,,GHALEG,GHANA,GHA,,,,,LEG,,,1,190,190,19,4,-10.0,4,1,4,-2.96296296296297,1,Ghana,GH,GH,8,-2,GH,1,Ghana,GH,GH,8,-2,GH,1,Ghana,GH,GH,8,-2,GH,20160822,http://www.goldcoastbulletin.com.au/lifestyle/remember-when-future-mp-christine-smiths-evidence-against-senator-mal-colston-comes-out/news-story/4dec0abdc1a71395feac9884aaf929f7?nk=75b540f634e4e9fb217fde9c268194f6-1471829512
571411466,20160822,201608,2016,2016.6356,MED,JOURNALIST,,,,,,MED,,,LEG,SENATOR,,,,,,LEG,,,1,190,190,19,4,-10.0,6,1,6,-2.96296296296297,4,"Canberra, Australian Capital Territory, Australia",AS,AS01,-35.2833,149.217,-1563952,4,"Canberra, Australian Capital Territory, Australia",AS,AS01,-35.2833,149.217,-1563952,4,"Canberra, Australian Capital Territory, Australia",AS,AS01,-35.2833,149.217,-1563952,20160822,http://www.goldcoastbulletin.com.au/lifestyle/remember-when-future-mp-christine-smiths-evidence-against-senator-mal-colston-comes-out/news-story/4dec0abdc1a71395feac9884aaf929f7?nk=75b540f634e4e9fb217fde9c268194f6-1471829512
571411467,20160822,201608,2016,2016.6356,MED,JOURNALIST,,,,,,MED,,,LEG,SENATOR,,,,,,LEG,,,1,190,190,19,4,-10.0,6,1,6,-2.96296296296297,4,"Chapel Hill, South Australia, Australia",AS,AS05,-35.0833,138.783,-1565123,4,"Chapel Hill, South Australia, Australia",AS,AS05,-35.0833,138.783,-1565123,4,"Canberra, Australian Capital Territory, Australia",AS,AS01,-35.2833,149.217,-1563952,20160822,http://www.goldcoastbulletin.com.au/lifestyle/remember-when-future-mp-christine-smiths-evidence-against-senator-mal-colston-comes-out/news-story/4dec0abdc1a71395feac9884aaf929f7?nk=75b540f634e4e9fb217fde9c268194f6-1471829512
571411468,20160822,201608,2016,2016.6356,MED,JOURNALIST,,,,,,MED,,,LEG,SENATOR,,,,,,LEG,,,1,190,190,19,4,-10.0,4,1,4,-2.96296296296297,1,Ghana,GH,GH,8,-2,GH,1,Ghana,GH,GH,8,-2,GH,1,Ghana,GH,GH,8,-2,GH,20160822,http://www.goldcoastbulletin.com.au/lifestyle/remember-when-future-mp-christine-smiths-evidence-against-senator-mal-colston-comes-out/news-story/4dec0abdc1a71395feac9884aaf929f7?nk=75b540f634e4e9fb217fde9c268194f6-1471829512
571411472,20160822,201608,2016,2016.6356,MEDLEG,MEDIA,,,,,,MED,LEG,,GHALEG,GHANA,GHA,,,,,LEG,,,1,091,091,09,2,-2.0,2,1,2,-2.96296296296297,1,Ghana,GH,GH,8,-2,GH,1,Ghana,GH,GH,8,-2,GH,1,Ghana,GH,GH,8,-2,GH,20160822,http://www.goldcoastbulletin.com.au/lifestyle/remember-when-future-mp-christine-smiths-evidence-against-senator-mal-colston-comes-out/news-story/4dec0abdc1a71395feac9884aaf929f7?nk=75b540f634e4e9fb217fde9c268194f6-1471829512
571411473,20160822,201608,2016,2016.6356,MEDLEG,MEDIA,,,,,,MED,LEG,,LEG,SENATOR,,,,,,LEG,,,1,091,091,09,2,-2.0,6,1,6,-2.96296296296297,4,"Canberra, Australian Capital Territory, Australia",AS,AS01,-35.2833,149.217,-1563952,4,"Canberra, Australian Capital Territory, Australia",AS,AS01,-35.2833,149.217,-1563952,4,"Canberra, Australian Capital Territory, Australia",AS,AS01,-35.2833,149.217,-1563952,20160822,http://www.goldcoastbulletin.com.au/lifestyle/remember-when-future-mp-christine-smiths-evidence-against-senator-mal-colston-comes-out/news-story/4dec0abdc1a71395feac9884aaf929f7?nk=75b540f634e4e9fb217fde9c268194f6-1471829512
571411474,20160822,201608,2016,2016.6356,MEDLEG,MEDIA,,,,,,MED,LEG,,LEG,SENATOR,,,,,,LEG,,,1,091,091,09,2,-2.0,2,1,2,-2.96296296296297,1,Ghana,GH,GH,8,-2,GH,1,Ghana,GH,GH,8,-2,GH,1,Ghana,GH,GH,8,-2,GH,20160822,http://www.goldcoastbulletin.com.au/lifestyle/remember-when-future-mp-christine-smiths-evidence-against-senator-mal-colston-comes-out/news-story/4dec0abdc1a71395feac9884aaf929f7?nk=75b540f634e4e9fb217fde9c268194f6-1471829512
571411573,20160822,201608,2016,2016.6356,NZL,NEW ZEALAND,NZL,,,,,,,,EDU,UNIVERSITY,,,,,,EDU,,,1,040,040,04,1,1.0,2,1,2,11.5440115440115,4,"Kelburn, New Zealand (general), New Zealand",NZ,NZ00,-41.2833,174.767,-1511783,4,"Kelburn, New Zealand (general), New Zealand",NZ,NZ00,-41.2833,174.767,-1511783,4,"Kelburn, New Zealand (general), New Zealand",NZ,NZ00,-41.2833,174.767,-1511783,20160822,http://www.scoop.co.nz/stories/ED1608/S00059/nominations-open-for-inaugural-gold-supreme-club-awards.htm
571413002,20160822,201608,2016,2016.6356,,,,,,,,,,,USA,UNITED STATES,USA,,,,,,,,1,112,112,11,3,-2.0,10,2,10,-3.00168581418581,0,,,,,,,2,"Nevada, United States",US,USNV,38.4199,-117.122,NV,2,"Nevada, United States",US,USNV,38.4199,-117.122,NV,20160822,http://www.realgeni.com/detail/land/Historic-Bannock-Mine-Gold-Mining-Claims-Mining_252508361107.html
571415186,20160822,201608,2016,2016.6356,,,,,,,,,,,USA,ATLANTA,USA,,,,,,,,1,042,042,04,1,1.9,10,1,10,3.57142857142857,0,,,,,,,1,Turkey,TU,TU,39,35,TU,1,Turkey,TU,TU,39,35,TU,20160822,http://www.local8now.com/content/news/Golden-retrievers-from-Turkey-brought-to-Knoxville--390868002.html
571415315,20160822,201608,2016,2016.6356,BRA,BRAZIL,BRA,,,,,,,,,,,,,,,,,,1,141,141,14,3,-6.5,12,2,12,5.82856675927439,4,"Passinho, Rio Grande do Sul, Brazil",BR,BR23,-30.0333,-50.3833,-659824,0,,,,,,,4,"Passinho, Rio Grande do Sul, Brazil",BR,BR23,-30.0333,-50.3833,-659824,20160822,http://www.41nbc.com/2016/08/21/favela-dancers-compete-for-their-own-gold/
571416425,20160822,201608,2016,2016.6356,USA,ATLANTA,USA,,,,,,,,,,,,,,,,,,1,043,043,04,1,2.8,10,1,10,3.57142857142857,1,Turkey,TU,TU,39,35,TU,0,,,,,,,1,Turkey,TU,TU,39,35,TU,20160822,http://www.local8now.com/content/news/Golden-retrievers-from-Turkey-brought-to-Knoxville--390868002.html
571418059,20160822,201608,2016,2016.6356,GBR,ENGLISHMAN,GBR,,,,,,,,,,,,,,,,,,1,051,051,05,1,3.4,16,1,10,5.83941605839416,4,"West Ham, Newham, United Kingdom",UK,UKI8,51.5333,0.016667,-2611266,0,,,,,,,4,"West Ham, Newham, United Kingdom",UK,UKI8,51.5333,0.016667,-2611266,20160822,http://www.hitc.com/en-gb/2016/08/21/david-gold-reacts-on-twitter-to-west-ham-win-praises-sam-byram/
571418282,20160822,201608,2016,2016.6356,ITA,ITALY,ITA,,,,,,,,USA,UNITED STATES,USA,,,,,,,,1,110,110,11,3,-2.0,3,2,3,1.78602974949652,1,United States,US,US,38,-97,US,1,Russia,RS,RS,60,100,RS,1,United States,US,US,38,-97,US,20160822,https://www.yahoo.com/news/olympics-archery-koreans-enjoy-unprecedented-gold-medal-sweep-020002192--spt.html
571418283,20160822,201608,2016,2016.6356,ITA,ITALY,ITA,,,,,,,,USA,UNITED STATES,USA,,,,,,,,1,110,110,11,3,-2.0,3,2,3,1.78602974949652,1,United States,US,US,38,-97,US,1,United States,US,US,38,-97,US,1,United States,US,US,38,-97,US,20160822,https://www.yahoo.com/news/olympics-archery-koreans-enjoy-unprecedented-gold-medal-sweep-020002192--spt.html
571418815,20160822,201608,2016,2016.6356,USA,UNITED STATES,USA,,,,,,,,ITA,ITALY,ITA,,,,,,,,1,111,111,11,3,-2.0,3,2,3,1.78602974949652,1,Russia,RS,RS,60,100,RS,1,United States,US,US,38,-97,US,1,Russia,RS,RS,60,100,RS,20160822,https://www.yahoo.com/news/olympics-archery-koreans-enjoy-unprecedented-gold-medal-sweep-020002192--spt.html
571418816,20160822,201608,2016,2016.6356,USA,UNITED STATES,USA,,,,,,,,ITA,ITALY,ITA,,,,,,,,1,111,111,11,3,-2.0,6,2,6,1.78602974949652,1,Russia,RS,RS,60,100,RS,1,United States,US,US,38,-97,US,1,United States,US,US,38,-97,US,20160822,https://www.yahoo.com/news/olympics-archery-koreans-enjoy-unprecedented-gold-medal-sweep-020002192--spt.html
571418817,20160822,201608,2016,2016.6356,USA,UNITED STATES,USA,,,,,,,,ITA,ITALY,ITA,,,,,,,,1,111,111,11,3,-2.0,15,2,15,1.78602974949652,1,United States,US,US,38,-97,US,1,United States,US,US,38,-97,US,1,United States,US,US,38,-97,US,20160822,https://www.yahoo.com/news/olympics-archery-koreans-enjoy-unprecedented-gold-medal-sweep-020002192--spt.html
571419680,20160822,201608,2016,2016.6356,,,,,,,,,,,AUS,QUEENSLAND,AUS,,,,,,,,1,112,112,11,3,-2.0,2,1,2,-5.21739130434782,0,,,,,,,4,"Mudgeeraba, Queensland, Australia",AS,AS04,-28.0833,153.367,-1589685,4,"Mudgeeraba, Queensland, Australia",AS,AS04,-28.0833,153.367,-1589685,20160822,https://au.news.yahoo.com/qld/a/32405224/ex-nrl-player-anthony-watts-hands-himself-into-police-after-gold-coast-wedding-fight/
571419681,20160822,201608,2016,2016.6356,,,,,,,,,,,AUS,QUEENSLAND,AUS,,,,,,,,1,180,180,18,4,-9.0,2,1,2,-5.21739130434782,0,,,,,,,4,"Mudgeeraba, Queensland, Australia",AS,AS04,-28.0833,153.367,-1589685,4,"Mudgeeraba, Queensland, Australia",AS,AS04,-28.0833,153.367,-1589685,20160822,https://au.news.yahoo.com/qld/a/32405224/ex-nrl-player-anthony-watts-hands-himself-into-police-after-gold-coast-wedding-fight/
571419879,20160822,201608,2016,2016.6356,AUS,QUEENSLAND,AUS,,,,,,,,,,,,,,,,,,1,180,180,18,4,-9.0,6,1,6,-5.21739130434782,4,"Mudgeeraba, Queensland, Australia",AS,AS04,-28.0833,153.367,-1589685,0,,,,,,,4,"Mudgeeraba, Queensland, Australia",AS,AS04,-28.0833,153.367,-1589685,20160822,https://au.news.yahoo.com/qld/a/32405224/ex-nrl-player-anthony-watts-hands-himself-into-police-after-gold-coast-wedding-fight/
571419880,20160822,201608,2016,2016.6356,AUS,QUEENSLAND,AUS,,,,,,,,,,,,,,,,,,1,180,180,18,4,-9.0,2,1,2,-5.21739130434782,4,"Bali, Ghana (general), Ghana",GH,GH00,9.24231,0.509289,-2070592,0,,,,,,,4,"Mudgeeraba, Queensland, Australia",AS,AS04,-28.0833,153.367,-1589685,20160822,https://au.news.yahoo.com/qld/a/32405224/ex-nrl-player-anthony-watts-hands-himself-into-police-after-gold-coast-wedding-fight/
571419944,20160822,201608,2016,2016.6356,BUS,COMPANY,,,,,,BUS,,,,,,,,,,,,,1,051,051,05,1,3.4,6,1,6,6.36215334420881,4,"Ballarat, Victoria, Australia",AS,AS07,-37.5627,143.863,-1557125,0,,,,,,,4,"Ballarat, Victoria, Australia",AS,AS07,-37.5627,143.863,-1557125,20160822,http://www.4-traders.com/MANTLE-MINING-CORPORATION-10354737/news/Mantle-Mining-to-Focus-on-Morning-Star-Gold-Mine-22934615/
571419945,20160822,201608,2016,2016.6356,BUS,COMPANY,,,,,,BUS,,,,,,,,,,,,,1,070,070,07,2,7.0,6,1,6,6.36215334420881,4,"Ballarat, Victoria, Australia",AS,AS07,-37.5627,143.863,-1557125,0,,,,,,,4,"Ballarat, Victoria, Australia",AS,AS07,-37.5627,143.863,-1557125,20160822,http://www.4-traders.com/MANTLE-MINING-CORPORATION-10354737/news/Mantle-Mining-to-Focus-on-Morning-Star-Gold-Mine-22934615/
571419958,20160822,201608,2016,2016.6356,BUS,COMPANY,,,,,,BUS,,,AUS,AUSTRALIA,AUS,,,,,,,,1,051,051,05,1,3.4,4,1,4,6.36215334420881,4,"Ballarat, Victoria, Australia",AS,AS07,-37.5627,143.863,-1557125,4,"Ballarat, Victoria, Australia",AS,AS07,-37.5627,143.863,-1557125,4,"Ballarat, Victoria, Australia",AS,AS07,-37.5627,143.863,-1557125,20160822,http://www.4-traders.com/MANTLE-MINING-CORPORATION-10354737/news/Mantle-Mining-to-Focus-on-Morning-Star-Gold-Mine-22934615/
571419959,20160822,201608,2016,2016.6356,BUS,COMPANY,,,,,,BUS,,,AUS,AUSTRALIA,AUS,,,,,,,,1,070,070,07,2,7.0,4,1,4,6.36215334420881,4,"Ballarat, Victoria, Australia",AS,AS07,-37.5627,143.863,-1557125,4,"Ballarat, Victoria, Australia",AS,AS07,-37.5627,143.863,-1557125,4,"Ballarat, Victoria, Australia",AS,AS07,-37.5627,143.863,-1557125,20160822,http://www.4-traders.com/MANTLE-MINING-CORPORATION-10354737/news/Mantle-Mining-to-Focus-on-Morning-Star-Gold-Mine-22934615/
571420037,20160822,201608,2016,2016.6356,COP,POLICE,,,,,,COP,,,,,,,,,,,,,1,011,011,01,1,-0.1,2,1,2,-5.21739130434782,4,"Mudgeeraba, Queensland, Australia",AS,AS04,-28.0833,153.367,-1589685,0,,,,,,,4,"Bali, Ghana (general), Ghana",GH,GH00,9.24231,0.509289,-2070592,20160822,https://au.news.yahoo.com/qld/a/32405224/ex-nrl-player-anthony-watts-hands-himself-into-police-after-gold-coast-wedding-fight/
571420038,20160822,201608,2016,2016.6356,COP,POLICE,,,,,,COP,,,,,,,,,,,,,1,011,011,01,1,-0.1,4,1,4,-5.21739130434782,4,"Bali, Ghana (general), Ghana",GH,GH00,9.24231,0.509289,-2070592,0,,,,,,,4,"Bali, Ghana (general), Ghana",GH,GH00,9.24231,0.509289,-2070592,20160822,https://au.news.yahoo.com/qld/a/32405224/ex-nrl-player-anthony-watts-hands-himself-into-police-after-gold-coast-wedding-fight/
571420076,20160822,201608,2016,2016.6356,COP,POLICE,,,,,,COP,,,JUD,LAWYER,,,,,,JUD,,,1,026,026,02,1,4.0,6,1,6,-5.21739130434782,1,United Kingdom,UK,UK,54,-2,UK,1,United Kingdom,UK,UK,54,-2,UK,1,United Kingdom,UK,UK,54,-2,UK,20160822,https://au.news.yahoo.com/qld/a/32405224/ex-nrl-player-anthony-watts-hands-himself-into-police-after-gold-coast-wedding-fight/
571420272,20160822,201608,2016,2016.6356,GHA,GHANA,GHA,,,,,,,,AUS,QUEENSLAND,AUS,,,,,,,,1,173,173,17,4,-5.0,4,1,4,-5.21739130434782,1,United Kingdom,UK,UK,54,-2,UK,1,United Kingdom,UK,UK,54,-2,UK,1,United Kingdom,UK,UK,54,-2,UK,20160822,https://au.news.yahoo.com/qld/a/32405224/ex-nrl-player-anthony-watts-hands-himself-into-police-after-gold-coast-wedding-fight/
571420273,20160822,201608,2016,2016.6356,GHA,GHANA,GHA,,,,,,,,JUD,LAWYER,,,,,,JUD,,,1,026,026,02,1,4.0,4,1,4,-5.21739130434782,4,"Bali, Ghana (general), Ghana",GH,GH00,9.24231,0.509289,-2070592,4,"Bali, Ghana (general), Ghana",GH,GH00,9.24231,0.509289,-2070592,4,"Bali, Ghana (general), Ghana",GH,GH00,9.24231,0.509289,-2070592,20160822,https://au.news.yahoo.com/qld/a/32405224/ex-nrl-player-anthony-watts-hands-himself-into-police-after-gold-coast-wedding-fight/
571420434,20160822,201608,2016,2016.6356,GUYEDU,GEORGETOWN,GUY,,,,,EDU,,,EDU,STUDENT,,,,,,EDU,,,1,070,070,07,2,7.0,10,1,10,4.49438202247191,4,"Cape Town, Western Cape, South Africa",SF,SF11,-33.9167,18.4167,-1217214,4,"Cape Town, Western Cape, South Africa",SF,SF11,-33.9167,18.4167,-1217214,4,"Cape Town, Western Cape, South Africa",SF,SF11,-33.9167,18.4167,-1217214,20160822,http://www.briefingwire.com/pr/mthente-research-consulting-services-wins-gold-with-georgetown-university-graduate-students
571423613,20160822,201608,2016,2016.6356,,,,,,,,,,,USA,UNITED STATES,USA,,,,,,,,1,043,043,04,1,2.8,6,1,6,-0.15384615384615,0,,,,,,,3,"Cathedral Gorge, Nevada, United States",US,USNV,37.8027,-114.413,845123,3,"Cathedral Gorge, Nevada, United States",US,USNV,37.8027,-114.413,845123,20160822,http://thisisreno.com/2016/08/discover-nevada-goldwell-open-air-museum-cathedral-gorge-state-park/
571428280,20160822,201608,2016,2016.6356,AUS,AUSTRALIA,AUS,,,,,,,,,,,,,,,,,,0,173,173,17,4,-5.0,2,2,2,-4.2713567839196,4,"Sydney, New South Wales, Australia",AS,AS02,-33.8833,151.217,-1603135,0,,,,,,,1,New Zealand,NZ,NZ,-41,174,NZ,20160822,http://www.goldcoastbulletin.com.au/news/world/australians-youre-being-ds-our-closest-neighbours-are-turning-on-us/news-story/62977faa268506998e3121c9ce4fb328?nk=f90ee304bb43feda553ae2a1b8a4528a-1471836705
571428281,20160822,201608,2016,2016.6356,AUS,AUSTRALIA,AUS,,,,,,,,,,,,,,,,,,0,173,173,17,4,-5.0,19,7,19,-4.29065850250723,1,New Zealand,NZ,NZ,-41,174,NZ,0,,,,,,,1,New Zealand,NZ,NZ,-41,174,NZ,20160822,http://www.goldcoastbulletin.com.au/news/world/australians-youre-being-ds-our-closest-neighbours-are-turning-on-us/news-story/62977faa268506998e3121c9ce4fb328?nk=f90ee304bb43feda553ae2a1b8a4528a-1471836705
571428305,20160822,201608,2016,2016.6356,AUS,AUSTRALIA,AUS,,,,,,,,NZL,NEW ZEALANDER,NZL,,,,,,,,1,010,010,01,1,0.0,20,8,20,-4.30882247475657,4,"Sydney, New South Wales, Australia",AS,AS02,-33.8833,151.217,-1603135,4,"Sydney, New South Wales, Australia",AS,AS02,-33.8833,151.217,-1603135,4,"Sydney, New South Wales, Australia",AS,AS02,-33.8833,151.217,-1603135,20160822,http://www.goldcoastbulletin.com.au/news/world/australians-youre-being-ds-our-closest-neighbours-are-turning-on-us/news-story/62977faa268506998e3121c9ce4fb328?nk=f90ee304bb43feda553ae2a1b8a4528a-1471836705
571428306,20160822,201608,2016,2016.6356,AUS,AUSTRALIA,AUS,,,,,,,,NZL,NEW ZEALANDER,NZL,,,,,,,,1,010,010,01,1,0.0,21,9,21,-4.32717225462828,4,"Sydney, New South Wales, Australia",AS,AS02,-33.8833,151.217,-1603135,1,New Zealand,NZ,NZ,-41,174,NZ,1,New Zealand,NZ,NZ,-41,174,NZ,20160822,http://www.goldcoastbulletin.com.au/news/world/australians-youre-being-ds-our-closest-neighbours-are-turning-on-us/news-story/62977faa268506998e3121c9ce4fb328?nk=f90ee304bb43feda553ae2a1b8a4528a-1471836705
571428475,20160822,201608,2016,2016.6356,COP,POLICE,,,,,,COP,,,,,,,,,,,,,1,090,090,09,2,-2.0,2,1,2,-1.75438596491228,4,"Sunshine Coast, Queensland, Australia",AS,AS04,-26.5,153,-1602923,0,,,,,,,4,"Sunshine Coast, Queensland, Australia",AS,AS04,-26.5,153,-1602923,20160822,http://sunshine.radiozinc.com.au/news/national-news/60016-shot-fired-at-unit-block-on-gold-coast
571428497,20160822,201608,2016,2016.6356,COP,POLICE,,,,,,COP,,,AUS,AUSTRALIA,AUS,,,,,,,,1,090,090,09,2,-2.0,2,1,2,-1.75438596491228,4,"Sunshine Coast, Queensland, Australia",AS,AS04,-26.5,153,-1602923,4,"Sunshine Coast, Queensland, Australia",AS,AS04,-26.5,153,-1602923,4,"Sunshine Coast, Queensland, Australia",AS,AS04,-26.5,153,-1602923,20160822,http://sunshine.radiozinc.com.au/news/national-news/60016-shot-fired-at-unit-block-on-gold-coast
571428498,20160822,201608,2016,2016.6356,COP,POLICE,,,,,,COP,,,AUS,NEW SOUTH WALES,AUS,,,,,,,,1,180,180,18,4,-9.0,30,1,30,-12.962962962963,0,,,,,,,0,,,,,,,0,,,,,,,20160822,http://www.goldcoastbulletin.com.au/news/crime-court/nsw-man-charged-for-alleged-assault-in-mudgeeraba/news-story/aadf9daef5fca85aa02dd394c851379d?nk=7d325616b4ddd79c66b16eff1e2c9c87-1471836687
571428499,20160822,201608,2016,2016.6356,COP,POLICE,,,,,,COP,,,AUS,AUSTRALIA,AUS,,,,,,,,1,190,190,19,4,-10.0,2,1,2,-1.75438596491228,1,Ghana,GH,GH,8,-2,GH,4,"Broadbeach, Queensland, Australia",AS,AS04,-28.0167,153.433,-1561762,1,Ghana,GH,GH,8,-2,GH,20160822,http://sunshine.radiozinc.com.au/news/national-news/60016-shot-fired-at-unit-block-on-gold-coast
571428506,20160822,201608,2016,2016.6356,COP,POLICE,,,,,,COP,,,GHA,GHANA,GHA,,,,,,,,1,090,090,09,2,-2.0,6,1,6,-1.75438596491228,4,"Sunshine Coast, Queensland, Australia",AS,AS04,-26.5,153,-1602923,4,"Sunshine Coast, Queensland, Australia",AS,AS04,-26.5,153,-1602923,4,"Sunshine Coast, Queensland, Australia",AS,AS04,-26.5,153,-1602923,20160822,http://sunshine.radiozinc.com.au/news/national-news/60016-shot-fired-at-unit-block-on-gold-coast
571428507,20160822,201608,2016,2016.6356,COP,POLICE,,,,,,COP,,,GHA,GHANA,GHA,,,,,,,,1,190,190,19,4,-10.0,6,1,6,-1.75438596491228,1,Ghana,GH,GH,8,-2,GH,1,Ghana,GH,GH,8,-2,GH,1,Ghana,GH,GH,8,-2,GH,20160822,http://sunshine.radiozinc.com.au/news/national-news/60016-shot-fired-at-unit-block-on-gold-coast
571428691,20160822,201608,2016,2016.6356,ELI,ACTOR,,,,,,ELI,,,REF,REFUGEE,,,,,,REF,,,1,010,010,01,1,0.0,20,8,20,-4.30882247475657,4,"Sydney, New South Wales, Australia",AS,AS02,-33.8833,151.217,-1603135,1,New Zealand,NZ,NZ,-41,174,NZ,1,New Zealand,NZ,NZ,-41,174,NZ,20160822,http://www.goldcoastbulletin.com.au/news/world/australians-youre-being-ds-our-closest-neighbours-are-turning-on-us/news-story/62977faa268506998e3121c9ce4fb328?nk=f90ee304bb43feda553ae2a1b8a4528a-1471836705
571428692,20160822,201608,2016,2016.6356,ELI,ACTOR,,,,,,ELI,,,REF,REFUGEE,,,,,,REF,,,1,010,010,01,1,0.0,80,8,80,-4.30882247475657,1,New Zealand,NZ,NZ,-41,174,NZ,1,New Zealand,NZ,NZ,-41,174,NZ,1,New Zealand,NZ,NZ,-41,174,NZ,20160822,http://www.goldcoastbulletin.com.au/news/world/australians-youre-being-ds-our-closest-neighbours-are-turning-on-us/news-story/62977faa268506998e3121c9ce4fb328?nk=f90ee304bb43feda553ae2a1b8a4528a-1471836705
571428750,20160822,201608,2016,2016.6356,GHA,GHANA,GHA,,,,,,,,,,,,,,,,,,1,0831,083,08,2,5.0,6,1,6,1.89873417721519,1,Ghana,GH,GH,8,-2,GH,0,,,,,,,1,Ghana,GH,GH,8,-2,GH,20160822,http://www.goldcoastbulletin.com.au/news/council/council-takes-steps-to-crack-down-on-gold-coast-speeders-with-new-electronic-signs/news-story/c00127d40ea08f63c7defe03e4d2358b?nk=e42d62f515d7463c462617520f332709-1471836706
571428751,20160822,201608,2016,2016.6356,GHAGOV,GHANA,GHA,,,,,GOV,,,,,,,,,,,,,1,030,030,03,1,4.0,2,1,2,1.89873417721519,1,Ghana,GH,GH,8,-2,GH,0,,,,,,,1,Ghana,GH,GH,8,-2,GH,20160822,http://www.goldcoastbulletin.com.au/news/council/council-takes-steps-to-crack-down-on-gold-coast-speeders-with-new-electronic-signs/news-story/c00127d40ea08f63c7defe03e4d2358b?nk=e42d62f515d7463c462617520f332709-1471836706
571428758,20160822,201608,2016,2016.6356,GOV,MAYOR,,,,,,GOV,,,,,,,,,,,,,1,030,030,03,1,4.0,6,1,6,1.89873417721519,1,Ghana,GH,GH,8,-2,GH,0,,,,,,,1,Ghana,GH,GH,8,-2,GH,20160822,http://www.goldcoastbulletin.com.au/news/council/council-takes-steps-to-crack-down-on-gold-coast-speeders-with-new-electronic-signs/news-story/c00127d40ea08f63c7defe03e4d2358b?nk=e42d62f515d7463c462617520f332709-1471836706
571428818,20160822,201608,2016,2016.6356,GOV,MAYOR,,,,,,GOV,,,GHA,GHANA,GHA,,,,,,,,1,030,030,03,1,4.0,2,1,2,1.89873417721519,1,Ghana,GH,GH,8,-2,GH,1,Ghana,GH,GH,8,-2,GH,1,Ghana,GH,GH,8,-2,GH,20160822,http://www.goldcoastbulletin.com.au/news/council/council-takes-steps-to-crack-down-on-gold-coast-speeders-with-new-electronic-signs/news-story/c00127d40ea08f63c7defe03e4d2358b?nk=e42d62f515d7463c462617520f332709-1471836706
571428877,20160822,201608,2016,2016.6356,HLH,HOSPITAL,,,,,,HLH,,,CRM,GANG,,,,,,CRM,,,1,182,182,18,4,-9.5,10,1,10,-3.3175355450237,4,"Sunshine Coast, Queensland, Australia",AS,AS04,-26.5,153,-1602923,4,"Sunshine Coast, Queensland, Australia",AS,AS04,-26.5,153,-1602923,4,"Sunshine Coast, Queensland, Australia",AS,AS04,-26.5,153,-1602923,20160822,http://sunshine.radiozinc.com.au/news/national-news/60015-four-wounded-in-gold-coast-stabbing
571429133,20160822,201608,2016,2016.6356,NZL,KIWI,NZL,,,,,,,,,,,,,,,,,,1,010,010,01,1,0.0,84,16,81,-3.20592450762287,1,New Zealand,NZ,NZ,-41,174,NZ,0,,,,,,,1,New Zealand,NZ,NZ,-41,174,NZ,20160822,http://www.goldcoastbulletin.com.au/news/world/australians-youre-being-ds-our-closest-neighbours-are-turning-on-us/news-story/62977faa268506998e3121c9ce4fb328?nk=f90ee304bb43feda553ae2a1b8a4528a-1471836705
571430690,20160822,201608,2016,2016.6356,CAN,CANADA,CAN,,,,,,,,,,,,,,,,,,1,010,010,01,1,0.0,2,1,2,1.31979695431472,4,"Carmacks, Yukon, Canada",CA,CA12,62.1,-136.317,-562237,0,,,,,,,4,"Carmacks, Yukon, Canada",CA,CA12,62.1,-136.317,-562237,20160822,http://investingnews.com/daily/resource-investing/precious-metals-investing/gold-investing/rockhaven-resources-klaza-project/
571430691,20160822,201608,2016,2016.6356,CAN,CANADA,CAN,,,,,,,,,,,,,,,,,,1,020,020,02,1,3.0,4,1,4,1.31979695431472,4,"Carmacks, Yukon, Canada",CA,CA12,62.1,-136.317,-562237,0,,,,,,,4,"Carmacks, Yukon, Canada",CA,CA12,62.1,-136.317,-562237,20160822,http://investingnews.com/daily/resource-investing/precious-metals-investing/gold-investing/rockhaven-resources-klaza-project/
571431013,20160822,201608,2016,2016.6356,GOV,PRESIDENT,,,,,,GOV,,,,,,,,,,,,,1,020,020,02,1,3.0,6,1,6,1.31979695431472,4,"Carmacks, Yukon, Canada",CA,CA12,62.1,-136.317,-562237,0,,,,,,,4,"Carmacks, Yukon, Canada",CA,CA12,62.1,-136.317,-562237,20160822,http://investingnews.com/daily/resource-investing/precious-metals-investing/gold-investing/rockhaven-resources-klaza-project/
571431385,20160822,201608,2016,2016.6356,MNC,CHEVRON,,,,,,MNC,,,,,,,,,,,,,1,010,010,01,1,0.0,3,1,3,1.31979695431472,4,"Carmacks, Yukon, Canada",CA,CA12,62.1,-136.317,-562237,0,,,,,,,4,"Carmacks, Yukon, Canada",CA,CA12,62.1,-136.317,-562237,20160822,http://investingnews.com/daily/resource-investing/precious-metals-investing/gold-investing/rockhaven-resources-klaza-project/
571431386,20160822,201608,2016,2016.6356,MNC,CHEVRON,,,,,,MNC,,,CAN,CANADA,CAN,,,,,,,,1,010,010,01,1,0.0,2,1,2,1.31979695431472,4,"Carmacks, Yukon, Canada",CA,CA12,62.1,-136.317,-562237,4,"Carmacks, Yukon, Canada",CA,CA12,62.1,-136.317,-562237,4,"Carmacks, Yukon, Canada",CA,CA12,62.1,-136.317,-562237,20160822,http://investingnews.com/daily/resource-investing/precious-metals-investing/gold-investing/rockhaven-resources-klaza-project/
571434479,20160822,201608,2016,2016.6356,,,,,,,,,,,GHA,GHANA,GHA,,,,,,,,1,0841,084,08,2,7.0,4,1,4,-4.95867768595041,0,,,,,,,1,Ghana,GH,GH,8,-2,GH,1,Ghana,GH,GH,8,-2,GH,20160822,http://www.goldcoastbulletin.com.au/news/crime-court/anthony-watts-hands-himself-into-gold-coast-police-after-alleged-assault-at-wedding/news-story/245e411ef8d2e81cdf1c4c30bfeeb31d?nk=b99bc7567d92727ffcecb87b3252411e-1471839428
571435014,20160822,201608,2016,2016.6356,GHAJUD,GHANA,GHA,,,,,JUD,,,GHA,GHANA,GHA,,,,,,,,1,030,030,03,1,4.0,1,1,1,-4.95867768595041,1,Ghana,GH,GH,8,-2,GH,1,Ghana,GH,GH,8,-2,GH,1,Ghana,GH,GH,8,-2,GH,20160822,http://www.goldcoastbulletin.com.au/news/crime-court/anthony-watts-hands-himself-into-gold-coast-police-after-alleged-assault-at-wedding/news-story/245e411ef8d2e81cdf1c4c30bfeeb31d?nk=b99bc7567d92727ffcecb87b3252411e-1471839428
571435231,20160822,201608,2016,2016.6356,JPN,JAPAN,JPN,,,,,,,,,,,,,,,,,,1,013,013,01,1,0.4,20,3,20,-3.82059048998105,1,Australia,AS,AS,-27,133,AS,0,,,,,,,1,Australia,AS,AS,-27,133,AS,20160822,http://www.goldcoastbulletin.com.au/news/national/economic-equality-could-cost-each-australian-500-a-year/news-story/77f9b1986bffbd12a3e194c3ded8b0fd?nk=a236e9b6f3221ae97b72cc319ed5458d-1471839414
571435255,20160822,201608,2016,2016.6356,JUD,LAWYER,,,,,,JUD,,,,,,,,,,,,,1,030,030,03,1,4.0,3,1,3,-4.95867768595041,1,Ghana,GH,GH,8,-2,GH,0,,,,,,,1,Ghana,GH,GH,8,-2,GH,20160822,http://www.goldcoastbulletin.com.au/news/crime-court/anthony-watts-hands-himself-into-gold-coast-police-after-alleged-assault-at-wedding/news-story/245e411ef8d2e81cdf1c4c30bfeeb31d?nk=b99bc7567d92727ffcecb87b3252411e-1471839428
571435258,20160822,201608,2016,2016.6356,JUD,LAWYER,,,,,,JUD,,,GHA,GHANA,GHA,,,,,,,,1,030,030,03,1,4.0,1,1,1,-4.95867768595041,1,Ghana,GH,GH,8,-2,GH,1,Ghana,GH,GH,8,-2,GH,1,Ghana,GH,GH,8,-2,GH,20160822,http://www.goldcoastbulletin.com.au/news/crime-court/anthony-watts-hands-himself-into-gold-coast-police-after-alleged-assault-at-wedding/news-story/245e411ef8d2e81cdf1c4c30bfeeb31d?nk=b99bc7567d92727ffcecb87b3252411e-1471839428
571436883,20160821,201608,2016,2016.6329,EDU,STUDENT,,,,,,EDU,,,GUY,GUYANA,GUY,,,,,,,,1,046,046,04,1,7.0,10,1,10,-3.05810397553517,4,"Georgetown, Demerara-Mahaica, Guyana",GY,GY12,6.8,-58.15,-919880,4,"Georgetown, Demerara-Mahaica, Guyana",GY,GY12,6.8,-58.15,-919880,4,"Georgetown, Demerara-Mahaica, Guyana",GY,GY12,6.8,-58.15,-919880,20160822,http://www.kaieteurnewsonline.com/2016/08/22/boy-11-electrocuted-in-golden-grove/
571437598,20160822,201608,2016,2016.6356,GUY,GEORGETOWN,GUY,,,,,,,,HLHBUS,HOSPITAL,,,,,,HLH,BUS,,1,043,043,04,1,2.8,10,1,10,-3.05810397553517,4,"Georgetown, Demerara-Mahaica, Guyana",GY,GY12,6.8,-58.15,-919880,4,"Georgetown, Demerara-Mahaica, Guyana",GY,GY12,6.8,-58.15,-919880,4,"Georgetown, Demerara-Mahaica, Guyana",GY,GY12,6.8,-58.15,-919880,20160822,http://www.kaieteurnewsonline.com/2016/08/22/boy-11-electrocuted-in-golden-grove/
571437620,20160822,201608,2016,2016.6356,HLHBUS,HOSPITAL,,,,,,HLH,BUS,,GUY,GEORGETOWN,GUY,,,,,,,,1,042,042,04,1,1.9,10,1,10,-3.05810397553517,4,"Georgetown, Demerara-Mahaica, Guyana",GY,GY12,6.8,-58.15,-919880,4,"Georgetown, Demerara-Mahaica, Guyana",GY,GY12,6.8,-58.15,-919880,4,"Georgetown, Demerara-Mahaica, Guyana",GY,GY12,6.8,-58.15,-919880,20160822,http://www.kaieteurnewsonline.com/2016/08/22/boy-11-electrocuted-in-golden-grove/
571441943,20160822,201608,2016,2016.6356,CAN,CANADA,CAN,,,,,,,,,,,,,,,,,,1,020,020,02,1,3.0,2,1,2,9.86068637444786,4,"Stittsville, Ontario, Canada",CA,CA08,45.25,-75.9167,-574194,0,,,,,,,4,"Stittsville, Ontario, Canada",CA,CA08,45.25,-75.9167,-574194,20160822,http://www.cfra.com/news/2016/08/22/stittsville-councillor-urges-fans-to-welcome-gold-medalist-erica-wiebe
571441944,20160822,201608,2016,2016.6356,CAN,CANADA,CAN,,,,,,,,,,,,,,,,,,1,051,051,05,1,3.4,2,1,2,9.86068637444786,4,"Stittsville, Ontario, Canada",CA,CA08,45.25,-75.9167,-574194,0,,,,,,,4,"Ottawa, Ontario, Canada",CA,CA08,45.4167,-75.7,-570760,20160822,http://www.cfra.com/news/2016/08/22/stittsville-councillor-urges-fans-to-welcome-gold-medalist-erica-wiebe
571444305,20160822,201608,2016,2016.6356,AUS,QUEENSLAND,AUS,,,,,,,,EDU,SCHOOL,,,,,,EDU,,,1,193,193,19,4,-10.0,10,4,10,-2.11826433897039,1,Ghana,GH,GH,8,-2,GH,1,Ghana,GH,GH,8,-2,GH,1,Ghana,GH,GH,8,-2,GH,20160822,http://www.smh.com.au/queensland/man-shot-at-gold-coast-home-near-primary-school-20160822-gqy9he.html
571444306,20160822,201608,2016,2016.6356,AUS,QUEENSLAND,AUS,,,,,,,,GHA,GHANA,GHA,,,,,,,,1,193,193,19,4,-10.0,32,3,32,-1.30454684162344,1,Ghana,GH,GH,8,-2,GH,1,Ghana,GH,GH,8,-2,GH,1,Ghana,GH,GH,8,-2,GH,20160822,http://www.smh.com.au/queensland/man-shot-at-gold-coast-home-near-primary-school-20160822-gqy9he.html
571449360,20160821,201608,2016,2016.6329,,,,,,,,,,,EDU,SCHOOL,,,,,,EDU,,,1,042,042,04,1,1.9,15,1,15,1.50996255679636,0,,,,,,,4,"Perth, Western Australia, Australia",AS,AS08,-31.9333,115.833,-1594675,4,"Perth, Western Australia, Australia",AS,AS08,-31.9333,115.833,-1594675,20160822,http://barfblog.com/tags/duke-of-edinburgh-gold-award-trip/
571449362,20160821,201608,2016,2016.6329,EDU,SCHOOL,,,,,,EDU,,,,,,,,,,,,,1,043,043,04,1,2.8,10,1,10,1.82246595908835,4,"Perth, Western Australia, Australia",AS,AS08,-31.9333,115.833,-1594675,0,,,,,,,4,"Perth, Western Australia, Australia",AS,AS08,-31.9333,115.833,-1594675,20160822,http://barfblog.com/tags/duke-of-edinburgh-gold-award-trip/
571449772,20160822,201608,2016,2016.6356,COPMED,POLICE,,,,,,COP,MED,,,,,,,,,,,,1,011,011,01,1,-0.1,60,5,60,-3.52954971857411,1,Ghana,GH,GH,8,-2,GH,0,,,,,,,1,Ghana,GH,GH,8,-2,GH,20160822,http://www.theaustralian.com.au/news/latest-news/man-shot-near-gold-coast-school/news-story/a858e48e2647e97ad1a91bed8710fcc2?nk=34bffd045d40e33fb1371e8409b253fa-1471844817
571453166,20160822,201608,2016,2016.6356,AUSCOP,QUEENSLAND,AUS,,,,,COP,,,AUS,QUEENSLAND,AUS,,,,,,,,1,060,060,06,2,6.0,10,1,10,-2.15827338129497,1,Ghana,GH,GH,8,-2,GH,1,Ghana,GH,GH,8,-2,GH,1,Ghana,GH,GH,8,-2,GH,20160822,http://www.9news.com.au/National/2016/08/22/14/54/Man-seriously-injured-in-shooting-on-the-Gold-Coast
571454927,20160822,201608,2016,2016.6356,AUS,QUEENSLAND,AUS,,,,,,,,COP,POLICE,,,,,,COP,,,1,190,190,19,4,-10.0,40,1,40,-3.93382352941176,0,,,,,,,0,,,,,,,0,,,,,,,20160822,http://www.goldcoastbulletin.com.au/news/crime-court/police-release-cctv-stills-of-murdered-logan-mum-sabrina-bremer-as-hunt-for-killer-continues/news-story/6c278f93cefb24e3baac71c120d470e2?nk=36c4334cd5ad58083b2095d21f4463bf-1471846589
571455106,20160822,201608,2016,2016.6356,COP,POLICE,,,,,,COP,,,AUS,QUEENSLAND,AUS,,,,,,,,1,190,190,19,4,-10.0,30,1,30,-4.41176470588235,0,,,,,,,0,,,,,,,0,,,,,,,20160822,http://www.goldcoastbulletin.com.au/news/crime-court/police-release-cctv-stills-of-murdered-logan-mum-sabrina-bremer-as-hunt-for-killer-continues/news-story/6c278f93cefb24e3baac71c120d470e2?nk=36c4334cd5ad58083b2095d21f4463bf-1471846589
571455116,20160822,201608,2016,2016.6356,COP,POLICE,,,,,,COP,,,EDU,SCHOOL,,,,,,EDU,,,1,100,100,10,3,-5.0,30,1,30,-1.44434712842751,0,,,,,,,0,,,,,,,0,,,,,,,20160822,http://www.goldcoastbulletin.com.au/news/crime-court/police-and-paramedics-respond-to-reports-man-shot-with-gun-at-labrador/news-story/dd38f66a6d2effb5c85d5fb3f7ac8759?nk=afa661d3a073e0816c26bb07b8d6e3d2-1471846610
571455248,20160822,201608,2016,2016.6356,EDU,SCHOOL,,,,,,EDU,,,COP,POLICE,,,,,,COP,,,1,193,193,19,4,-10.0,10,1,10,0.91743119266055,1,Ghana,GH,GH,8,-2,GH,1,Ghana,GH,GH,8,-2,GH,1,Ghana,GH,GH,8,-2,GH,20160822,http://www.ibtimes.com.au/breaking-man-shot-outside-gold-coast-school-1526114
571460640,20160822,201608,2016,2016.6356,AFR,AFRICA,AFR,,,,,,,,,,,,,,,,,,1,010,010,01,1,0.0,2,1,2,5.1063829787234,4,"Myburgh, Mpumalanga, South Africa",SF,SF07,-25.7667,29.5667,-1264295,0,,,,,,,4,"Myburgh, Mpumalanga, South Africa",SF,SF07,-25.7667,29.5667,-1264295,20160822,http://www.observer.co.za/caster-takes-gold-in-800-m-final/
571460651,20160822,201608,2016,2016.6356,AFR,AFRICA,AFR,,,,,,,,BRA,BRAZIL,BRA,,,,,,,,1,010,010,01,1,0.0,1,1,1,5.1063829787234,4,"Myburgh, Mpumalanga, South Africa",SF,SF07,-25.7667,29.5667,-1264295,4,"Myburgh, Mpumalanga, South Africa",SF,SF07,-25.7667,29.5667,-1264295,4,"Myburgh, Mpumalanga, South Africa",SF,SF07,-25.7667,29.5667,-1264295,20160822,http://www.observer.co.za/caster-takes-gold-in-800-m-final/
571462172,20160822,201608,2016,2016.6356,ZAF,SOUTH AFRICAN,ZAF,,,,,,,,,,,,,,,,,,1,010,010,01,1,0.0,1,1,1,5.1063829787234,4,"Myburgh, Mpumalanga, South Africa",SF,SF07,-25.7667,29.5667,-1264295,0,,,,,,,4,"Myburgh, Mpumalanga, South Africa",SF,SF07,-25.7667,29.5667,-1264295,20160822,http://www.observer.co.za/caster-takes-gold-in-800-m-final/
571462181,20160822,201608,2016,2016.6356,ZAF,SOUTH AFRICAN,ZAF,,,,,,,,BRA,BRAZIL,BRA,,,,,,,,1,010,010,01,1,0.0,1,1,1,5.1063829787234,4,"Myburgh, Mpumalanga, South Africa",SF,SF07,-25.7667,29.5667,-1264295,4,"Myburgh, Mpumalanga, South Africa",SF,SF07,-25.7667,29.5667,-1264295,4,"Myburgh, Mpumalanga, South Africa",SF,SF07,-25.7667,29.5667,-1264295,20160822,http://www.observer.co.za/caster-takes-gold-in-800-m-final/
571462182,20160822,201608,2016,2016.6356,ZAF,SOUTH AFRICAN,ZAF,,,,,,,,BRA,BRAZIL,BRA,,,,,,,,1,010,010,01,1,0.0,1,1,1,5.1063829787234,4,"Rio De Janeiro, Estado do Rio, Brazil",BR,BR21,-22.9,-43.2333,-666610,4,"Myburgh, Mpumalanga, South Africa",SF,SF07,-25.7667,29.5667,-1264295,4,"Myburgh, Mpumalanga, South Africa",SF,SF07,-25.7667,29.5667,-1264295,20160822,http://www.observer.co.za/caster-takes-gold-in-800-m-final/
571463962,20160822,201608,2016,2016.6356,COP,DETECTIVE,,,,,,COP,,,GHA,GHANA,GHA,,,,,,,,1,010,010,01,1,0.0,4,1,4,-2.4390243902439,1,Ghana,GH,GH,8,-2,GH,1,Ghana,GH,GH,8,-2,GH,1,Ghana,GH,GH,8,-2,GH,20160822,http://www.9news.com.au/sitecore/content/news/news/national/2016/08/22/14/54/man-seriously-injured-in-shooting-on-the-gold-coast
571467507,20160822,201608,2016,2016.6356,IGOUNO,UNITED NATIONS,,UNO,,,,IGO,,,USA,NEW YORK,USA,,,,,,,,0,040,040,04,1,1.0,8,1,8,0.822214419475655,2,"New York, United States",US,USNY,42.1497,-74.9384,NY,2,"New York, United States",US,USNY,42.1497,-74.9384,NY,2,"New York, United States",US,USNY,42.1497,-74.9384,NY,20160822,http://www.vosizneias.com/247452/2016/08/22/jerusalem-hadar-goldins-parents-to-join-israeli-pm-in-new-york-for-un-general-assembly/
571467508,20160822,201608,2016,2016.6356,IGOUNO,UNITED NATIONS,,UNO,,,,IGO,,,USA,NEW YORK,USA,,,,,,,,0,042,042,04,1,1.9,2,1,2,0.822214419475655,4,"Jerusalem, Israel (general), Israel",IS,IS00,31.7667,35.2333,-797092,2,"New York, United States",US,USNY,42.1497,-74.9384,NY,2,"New York, United States",US,USNY,42.1497,-74.9384,NY,20160822,http://www.vosizneias.com/247452/2016/08/22/jerusalem-hadar-goldins-parents-to-join-israeli-pm-in-new-york-for-un-general-assembly/
571467509,20160822,201608,2016,2016.6356,IGOUNO,UNITED NATIONS,,UNO,,,,IGO,,,USA,NEW YORK,USA,,,,,,,,0,060,060,06,2,6.0,2,1,2,0.822214419475655,4,"Jerusalem, Israel (general), Israel",IS,IS00,31.7667,35.2333,-797092,2,"New York, United States",US,USNY,42.1497,-74.9384,NY,2,"New York, United States",US,USNY,42.1497,-74.9384,NY,20160822,http://www.vosizneias.com/247452/2016/08/22/jerusalem-hadar-goldins-parents-to-join-israeli-pm-in-new-york-for-un-general-assembly/
571467572,20160822,201608,2016,2016.6356,ISR,ISRAEL,ISR,,,,,,,,,,,,,,,,,,1,073,073,07,2,7.4,4,1,4,0.822214419475655,4,"Gaza, Israel (general), Israel",IS,IS00,31.4167,34.3333,-797156,0,,,,,,,4,"Gaza, Israel (general), Israel",IS,IS00,31.4167,34.3333,-797156,20160822,http://www.vosizneias.com/247452/2016/08/22/jerusalem-hadar-goldins-parents-to-join-israeli-pm-in-new-york-for-un-general-assembly/
571467576,20160822,201608,2016,2016.6356,ISR,ISRAEL,ISR,,,,,,,,ISRGOV,ISRAEL,ISR,,,,,GOV,,,1,036,036,03,1,4.0,1,1,1,1.12359550561797,2,"New York, United States",US,USNY,42.1497,-74.9384,NY,4,"Jerusalem, Israel (general), Israel",IS,IS00,31.7667,35.2333,-797092,2,"New York, United States",US,USNY,42.1497,-74.9384,NY,20160822,http://www.vosizneias.com/247452/2016/08/22/jerusalem-hadar-goldins-parents-to-join-israeli-pm-in-new-york-for-un-general-assembly/
571467577,20160822,201608,2016,2016.6356,ISR,ISRAEL,ISR,,,,,,,,ISRGOV,ISRAEL,ISR,,,,,GOV,,,1,036,036,03,1,4.0,1,1,1,1.12359550561797,2,"New York, United States",US,USNY,42.1497,-74.9384,NY,2,"New York, United States",US,USNY,42.1497,-74.9384,NY,2,"New York, United States",US,USNY,42.1497,-74.9384,NY,20160822,http://www.vosizneias.com/247452/2016/08/22/jerusalem-hadar-goldins-parents-to-join-israeli-pm-in-new-york-for-un-general-assembly/
571467582,20160822,201608,2016,2016.6356,ISR,ISRAEL,ISR,,,,,,,,USA,UNITED STATES,USA,,,,,,,,1,042,042,04,1,1.9,1,1,1,1.12359550561797,2,"New York, United States",US,USNY,42.1497,-74.9384,NY,2,"New York, United States",US,USNY,42.1497,-74.9384,NY,4,"Jerusalem, Israel (general), Israel",IS,IS00,31.7667,35.2333,-797092,20160822,http://www.vosizneias.com/247452/2016/08/22/jerusalem-hadar-goldins-parents-to-join-israeli-pm-in-new-york-for-un-general-assembly/
571467583,20160822,201608,2016,2016.6356,ISR,ISRAEL,ISR,,,,,,,,USA,UNITED STATES,USA,,,,,,,,1,043,043,04,1,2.8,2,1,2,0.822214419475655,4,"Jerusalem, Israel (general), Israel",IS,IS00,31.7667,35.2333,-797092,4,"Jerusalem, Israel (general), Israel",IS,IS00,31.7667,35.2333,-797092,4,"Jerusalem, Israel (general), Israel",IS,IS00,31.7667,35.2333,-797092,20160822,http://www.vosizneias.com/247452/2016/08/22/jerusalem-hadar-goldins-parents-to-join-israeli-pm-in-new-york-for-un-general-assembly/
571467726,20160822,201608,2016,2016.6356,LEG,DELEGATE,,,,,,LEG,,,PER,PERU,PER,,,,,,,,1,042,042,04,1,1.9,46,7,46,-6.05883442456209,4,"Lima, Lima, Peru",PE,PE15,-12.05,-77.05,-352647,4,"Lima, Lima, Peru",PE,PE15,-12.05,-77.05,-352647,4,"Lima, Lima, Peru",PE,PE15,-12.05,-77.05,-352647,20160822,http://www.zawya.com/story/Peruvian_gold_exports_to_UAE_increases_155_fold_in_H1_2016-ZAWYA20160822055049/
571467736,20160822,201608,2016,2016.6356,MED,TELEVISION,,,,,,MED,,,,,,,,,,,,,1,010,010,01,1,0.0,10,1,10,2.53807106598985,4,"Tuen Mun, Hong Kong (general), Hong Kong",HK,HK00,22.4052,113.993,-1354436,0,,,,,,,4,"Tuen Mun, Hong Kong (general), Hong Kong",HK,HK00,22.4052,113.993,-1354436,20160822,http://7thspace.com/headlines/529843/tickets_for_mainland_olympic_gold_medallists_demonstrations_and_variety_show_sold_out.html
571468018,20160822,201608,2016,2016.6356,PER,PERUVIAN,PER,,,,,,,,,,,,,,,,,,1,061,061,06,2,6.4,6,2,6,4.10968511115786,4,"Lima, Lima, Peru",PE,PE15,-12.05,-77.05,-352647,0,,,,,,,4,"Lima, Lima, Peru",PE,PE15,-12.05,-77.05,-352647,20160822,http://www.zawya.com/story/Peruvian_gold_exports_to_UAE_increases_155_fold_in_H1_2016-ZAWYA20160822055049/
571468019,20160822,201608,2016,2016.6356,PER,PERU,PER,,,,,,,,BUS,INDUSTRY,,,,,,BUS,,,1,061,061,06,2,6.4,6,2,6,4.10968511115786,4,"Lima, Lima, Peru",PE,PE15,-12.05,-77.05,-352647,4,"Lima, Lima, Peru",PE,PE15,-12.05,-77.05,-352647,4,"Lima, Lima, Peru",PE,PE15,-12.05,-77.05,-352647,20160822,http://www.zawya.com/story/Peruvian_gold_exports_to_UAE_increases_155_fold_in_H1_2016-ZAWYA20160822055049/
571468021,20160822,201608,2016,2016.6356,PER,PERU,PER,,,,,,,,LEG,DELEGATE,,,,,,LEG,,,1,043,043,04,1,2.8,46,7,46,-6.05883442456209,4,"Lima, Lima, Peru",PE,PE15,-12.05,-77.05,-352647,4,"Lima, Lima, Peru",PE,PE15,-12.05,-77.05,-352647,4,"Lima, Lima, Peru",PE,PE15,-12.05,-77.05,-352647,20160822,http://www.zawya.com/story/Peruvian_gold_exports_to_UAE_increases_155_fold_in_H1_2016-ZAWYA20160822055049/
571468091,20160822,201608,2016,2016.6356,PSE,GAZA,PSE,,,,,,,,,,,,,,,,,,1,073,073,07,2,7.4,2,1,2,0.822214419475655,4,"Gaza, Israel (general), Israel",IS,IS00,31.4167,34.3333,-797156,0,,,,,,,4,"Gaza, Israel (general), Israel",IS,IS00,31.4167,34.3333,-797156,20160822,http://www.vosizneias.com/247452/2016/08/22/jerusalem-hadar-goldins-parents-to-join-israeli-pm-in-new-york-for-un-general-assembly/
571468094,20160822,201608,2016,2016.6356,PSE,GAZA,PSE,,,,,,,,ISR,ISRAEL,ISR,,,,,,,,1,073,073,07,2,7.4,2,1,2,0.822214419475655,4,"Jerusalem, Israel (general), Israel",IS,IS00,31.7667,35.2333,-797092,4,"Jerusalem, Israel (general), Israel",IS,IS00,31.7667,35.2333,-797092,4,"Jerusalem, Israel (general), Israel",IS,IS00,31.7667,35.2333,-797092,20160822,http://www.vosizneias.com/247452/2016/08/22/jerusalem-hadar-goldins-parents-to-join-israeli-pm-in-new-york-for-un-general-assembly/
571468095,20160822,201608,2016,2016.6356,PSE,GAZA,PSE,,,,,,,,ISR,ISRAEL,ISR,,,,,,,,1,073,073,07,2,7.4,2,1,2,0.822214419475655,4,"Gaza, Israel (general), Israel",IS,IS00,31.4167,34.3333,-797156,4,"Gaza, Israel (general), Israel",IS,IS00,31.4167,34.3333,-797156,4,"Gaza, Israel (general), Israel",IS,IS00,31.4167,34.3333,-797156,20160822,http://www.vosizneias.com/247452/2016/08/22/jerusalem-hadar-goldins-parents-to-join-israeli-pm-in-new-york-for-un-general-assembly/
571468458,20160822,201608,2016,2016.6356,USA,NEW YORK,USA,,,,,,,,IGOUNO,UNITED NATIONS,,UNO,,,,IGO,,,0,040,040,04,1,1.0,8,1,8,0.822214419475655,2,"New York, United States",US,USNY,42.1497,-74.9384,NY,2,"New York, United States",US,USNY,42.1497,-74.9384,NY,2,"New York, United States",US,USNY,42.1497,-74.9384,NY,20160822,http://www.vosizneias.com/247452/2016/08/22/jerusalem-hadar-goldins-parents-to-join-israeli-pm-in-new-york-for-un-general-assembly/
571468459,20160822,201608,2016,2016.6356,USA,NEW YORK,USA,,,,,,,,IGOUNO,UNITED NATIONS,,UNO,,,,IGO,,,0,043,043,04,1,2.8,2,1,2,0.822214419475655,2,"New York, United States",US,USNY,42.1497,-74.9384,NY,4,"Jerusalem, Israel (general), Israel",IS,IS00,31.7667,35.2333,-797092,2,"New York, United States",US,USNY,42.1497,-74.9384,NY,20160822,http://www.vosizneias.com/247452/2016/08/22/jerusalem-hadar-goldins-parents-to-join-israeli-pm-in-new-york-for-un-general-assembly/
571468460,20160822,201608,2016,2016.6356,USA,UNITED STATES,USA,,,,,,,,IGOUNO,UNITED NATIONS,,UNO,,,,IGO,,,0,060,060,06,2,6.0,2,1,2,0.822214419475655,2,"New York, United States",US,USNY,42.1497,-74.9384,NY,4,"Jerusalem, Israel (general), Israel",IS,IS00,31.7667,35.2333,-797092,2,"New York, United States",US,USNY,42.1497,-74.9384,NY,20160822,http://www.vosizneias.com/247452/2016/08/22/jerusalem-hadar-goldins-parents-to-join-israeli-pm-in-new-york-for-un-general-assembly/
571468461,20160822,201608,2016,2016.6356,USA,NEW YORK,USA,,,,,,,,IGOUNO,UNITED NATIONS,,UNO,,,,IGO,,,0,060,060,06,2,6.0,12,1,12,0.822214419475655,2,"New York, United States",US,USNY,42.1497,-74.9384,NY,2,"New York, United States",US,USNY,42.1497,-74.9384,NY,2,"New York, United States",US,USNY,42.1497,-74.9384,NY,20160822,http://www.vosizneias.com/247452/2016/08/22/jerusalem-hadar-goldins-parents-to-join-israeli-pm-in-new-york-for-un-general-assembly/
571468464,20160822,201608,2016,2016.6356,USA,UNITED STATES,USA,,,,,,,,ISR,ISRAEL,ISR,,,,,,,,1,042,042,04,1,1.9,1,1,1,1.12359550561797,4,"Jerusalem, Israel (general), Israel",IS,IS00,31.7667,35.2333,-797092,2,"New York, United States",US,USNY,42.1497,-74.9384,NY,2,"New York, United States",US,USNY,42.1497,-74.9384,NY,20160822,http://www.vosizneias.com/247452/2016/08/22/jerusalem-hadar-goldins-parents-to-join-israeli-pm-in-new-york-for-un-general-assembly/
571468465,20160822,201608,2016,2016.6356,USA,UNITED STATES,USA,,,,,,,,ISR,ISRAEL,ISR,,,,,,,,1,043,043,04,1,2.8,2,1,2,0.822214419475655,2,"New York, United States",US,USNY,42.1497,-74.9384,NY,4,"Jerusalem, Israel (general), Israel",IS,IS00,31.7667,35.2333,-797092,4,"Jerusalem, Israel (general), Israel",IS,IS00,31.7667,35.2333,-797092,20160822,http://www.vosizneias.com/247452/2016/08/22/jerusalem-hadar-goldins-parents-to-join-israeli-pm-in-new-york-for-un-general-assembly/
571468536,20160822,201608,2016,2016.6356,USAGOV,UNITED STATES,USA,,,,,GOV,,,ISR,ISRAEL,ISR,,,,,,,,1,013,013,01,1,0.4,2,1,2,1.12359550561797,2,"New York, United States",US,USNY,42.1497,-74.9384,NY,2,"New York, United States",US,USNY,42.1497,-74.9384,NY,2,"New York, United States",US,USNY,42.1497,-74.9384,NY,20160822,http://www.vosizneias.com/247452/2016/08/22/jerusalem-hadar-goldins-parents-to-join-israeli-pm-in-new-york-for-un-general-assembly/
571468537,20160822,201608,2016,2016.6356,USAGOV,UNITED STATES,USA,,,,,GOV,,,ISRMED,JERUSALEM POST,ISR,,,,,MED,,,1,013,013,01,1,0.4,1,1,1,1.12359550561797,2,"New York, United States",US,USNY,42.1497,-74.9384,NY,2,"New York, United States",US,USNY,42.1497,-74.9384,NY,2,"New York, United States",US,USNY,42.1497,-74.9384,NY,20160822,http://www.vosizneias.com/247452/2016/08/22/jerusalem-hadar-goldins-parents-to-join-israeli-pm-in-new-york-for-un-general-assembly/
571470069,20160822,201608,2016,2016.6356,,,,,,,,,,,NGO,ROTARY CLUB,,,,,,NGO,,,1,036,036,03,1,4.0,10,1,10,6.03448275862069,0,,,,,,,0,,,,,,,0,,,,,,,20160822,http://www.lillienews.com/community-calendar/lake-elmo-rotary-gold-plate-dinner
571470197,20160822,201608,2016,2016.6356,BUS,COMPANY,,,,,,BUS,,,,,,,,,,,,,1,040,040,04,1,1.0,12,2,12,2.35069503425627,1,Russia,RS,RS,60,100,RS,0,,,,,,,1,Russia,RS,RS,60,100,RS,20160822,http://www.4-traders.com/NORD-GOLD-SE-9824797/news/Nord-Gold-Notice-of-Q2-and-H1-2016-Financial-Results-22935329/
571471188,20160822,201608,2016,2016.6356,MYS,MALAYSIA,MYS,,,,,,,,,,,,,,,,,,1,012,012,01,1,-0.4,7,1,7,-0.4562822337063,4,"Tokyo, Tokyo, Japan",JA,JA40,35.685,139.751,-246227,0,,,,,,,4,"Tokyo, Tokyo, Japan",JA,JA40,35.685,139.751,-246227,20160822,http://www.themalaymailonline.com/what-you-think/article/silver-sorrow-but-heart-of-gold-bernard-goh-teck-yang
571471190,20160822,201608,2016,2016.6356,MYS,MALAYSIA,MYS,,,,,,,,,,,,,,,,,,1,012,012,01,1,-0.4,3,1,3,-0.60652009097802,2,"Texas, United States",US,USTX,31.106,-97.6475,TX,0,,,,,,,2,"Texas, United States",US,USTX,31.106,-97.6475,TX,20160822,http://www.themalaymailonline.com/what-you-think/article/silver-sorrow-but-heart-of-gold-bernard-goh-teck-yang
571471192,20160822,201608,2016,2016.6356,MYS,MALAYSIA,MYS,,,,,,,,,,,,,,,,,,0,051,051,05,1,3.4,7,1,7,-0.4562822337063,4,"Tokyo, Tokyo, Japan",JA,JA40,35.685,139.751,-246227,0,,,,,,,4,"Tokyo, Tokyo, Japan",JA,JA40,35.685,139.751,-246227,20160822,http://www.themalaymailonline.com/what-you-think/article/silver-sorrow-but-heart-of-gold-bernard-goh-teck-yang
571471193,20160822,201608,2016,2016.6356,MYS,MALAYSIA,MYS,,,,,,,,,,,,,,,,,,0,051,051,05,1,3.4,3,1,3,-0.60652009097802,2,"Texas, United States",US,USTX,31.106,-97.6475,TX,0,,,,,,,2,"Texas, United States",US,USTX,31.106,-97.6475,TX,20160822,http://www.themalaymailonline.com/what-you-think/article/silver-sorrow-but-heart-of-gold-bernard-goh-teck-yang
571471198,20160822,201608,2016,2016.6356,MYS,MALAYSIA,MYS,,,,,,,,GOV,GOVERNMENT,,,,,,GOV,,,0,051,051,05,1,3.4,4,1,4,-0.4562822337063,4,"Chong Wei, Guangdong, China",CH,CH30,22.0714,111.553,10310225,4,"Chong Wei, Guangdong, China",CH,CH30,22.0714,111.553,10310225,1,Malaysia,MY,MY,2.5,112.5,MY,20160822,http://www.themalaymailonline.com/what-you-think/article/silver-sorrow-but-heart-of-gold-bernard-goh-teck-yang
571471199,20160822,201608,2016,2016.6356,MYS,MALAYSIAN,MYS,,,,,,,,GOV,GOVERNMENT,,,,,,GOV,,,0,051,051,05,1,3.4,16,1,16,-0.4562822337063,1,Malaysia,MY,MY,2.5,112.5,MY,1,Malaysia,MY,MY,2.5,112.5,MY,1,Malaysia,MY,MY,2.5,112.5,MY,20160822,http://www.themalaymailonline.com/what-you-think/article/silver-sorrow-but-heart-of-gold-bernard-goh-teck-yang
571471221,20160822,201608,2016,2016.6356,NGO,ROTARY CLUB,,,,,,NGO,,,,,,,,,,,,,1,036,036,03,1,4.0,30,2,30,6.03448275862069,0,,,,,,,0,,,,,,,0,,,,,,,20160822,http://www.lillienews.com/community-calendar/lake-elmo-rotary-gold-plate-dinner
571476209,20160822,201608,2016,2016.6356,USA,SAN FRANCISCO,USA,,,,,,,,USAJUD,CALIFORNIA,USA,,,,,JUD,,,1,172,172,17,4,-5.0,475,45,393,-1.93980187450263,2,"California, United States",US,USCA,36.17,-119.746,CA,2,"California, United States",US,USCA,36.17,-119.746,CA,2,"California, United States",US,USCA,36.17,-119.746,CA,20160822,http://www.sfgate.com/news/us/article/California-court-to-decide-fight-over-gold-mining-9176668.php
571476252,20160822,201608,2016,2016.6356,USAMED,ASSOCIATED PRESS,USA,,,,,MED,,,USAJUD,CALIFORNIA,USA,,,,,JUD,,,1,172,172,17,4,-5.0,35,3,35,-0.791987647052332,2,"California, United States",US,USCA,36.17,-119.746,CA,2,"California, United States",US,USCA,36.17,-119.746,CA,2,"California, United States",US,USCA,36.17,-119.746,CA,20160822,http://www.sandiegouniontribune.com/news/2016/aug/22/california-court-to-decide-fight-over-gold-mining/
571477981,20160822,201608,2016,2016.6356,,,,,,,,,,,USA,UNITED STATES,USA,,,,,,,,0,042,042,04,1,1.9,8,4,8,-2.09834916789539,0,,,,,,,3,"Plumas National Forest, California, United States",US,USCA,39.9279,-120.819,255937,3,"Plumas National Forest, California, United States",US,USCA,39.9279,-120.819,255937,20160822,http://wwlp.com/ap/california-court-to-decide-fight-over-gold-mining-technique/
571477982,20160822,201608,2016,2016.6356,,,,,,,,,,,USA,UNITED STATES,USA,,,,,,,,0,042,042,04,1,1.9,16,4,16,-2.09834916789539,0,,,,,,,3,"Plumas National Forest, California, United States",US,USCA,39.9279,-120.819,255937,2,"California, United States",US,USCA,36.17,-119.746,CA,20160822,http://wwlp.com/ap/california-court-to-decide-fight-over-gold-mining-technique/
571478011,20160822,201608,2016,2016.6356,,,,,,,,,,,ZAF,SOUTH AFRICAN,ZAF,,,,,,,,1,051,051,05,1,3.4,8,2,8,11.3156920799408,0,,,,,,,1,South Africa,SF,SF,-29,24,SF,1,South Africa,SF,SF,-29,24,SF,20160822,http://www.gcis.gov.za/newsroom/media-releases/caster-takes-gold-rio-olympic-games
571478051,20160822,201608,2016,2016.6356,AFR,AFRICA,AFR,,,,,,,,ZAF,SOUTH AFRICAN,ZAF,,,,,,,,1,051,051,05,1,3.4,4,2,4,11.3156920799408,1,South Africa,SF,SF,-29,24,SF,1,South Africa,SF,SF,-29,24,SF,1,South Africa,SF,SF,-29,24,SF,20160822,http://www.gcis.gov.za/newsroom/media-releases/caster-takes-gold-rio-olympic-games
571478053,20160822,201608,2016,2016.6356,AFRCVL,AFRICA,AFR,,,,,CVL,,,AFR,AFRICA,AFR,,,,,,,,1,051,051,05,1,3.4,8,2,8,11.3156920799408,1,South Africa,SF,SF,-29,24,SF,1,South Africa,SF,SF,-29,24,SF,1,South Africa,SF,SF,-29,24,SF,20160822,http://www.gcis.gov.za/newsroom/media-releases/caster-takes-gold-rio-olympic-games
571478054,20160822,201608,2016,2016.6356,AFRCVL,AFRICA,AFR,,,,,CVL,,,ZAF,SOUTH AFRICAN,ZAF,,,,,,,,1,051,051,05,1,3.4,8,2,8,11.3156920799408,1,South Africa,SF,SF,-29,24,SF,1,South Africa,SF,SF,-29,24,SF,1,South Africa,SF,SF,-29,24,SF,20160822,http://www.gcis.gov.za/newsroom/media-releases/caster-takes-gold-rio-olympic-games
571478514,20160822,201608,2016,2016.6356,GOV,STATE OFFICIAL,,,,,,GOV,,,,,,,,,,,,,0,020,020,02,1,3.0,220,40,220,-2.93801958262308,3,"Plumas National Forest, California, United States",US,USCA,39.9279,-120.819,255937,0,,,,,,,3,"Plumas National Forest, California, United States",US,USCA,39.9279,-120.819,255937,20160822,http://www.sfgate.com/news/crime/article/California-court-to-decide-fight-over-gold-mining-9176668.php
571478559,20160822,201608,2016,2016.6356,GOV,GOVERNMENT,,,,,,GOV,,,AFR,AFRICA,AFR,,,,,,,,1,051,051,05,1,3.4,12,2,12,11.3156920799408,1,South Africa,SF,SF,-29,24,SF,1,South Africa,SF,SF,-29,24,SF,1,South Africa,SF,SF,-29,24,SF,20160822,http://www.gcis.gov.za/newsroom/media-releases/caster-takes-gold-rio-olympic-games
571478644,20160822,201608,2016,2016.6356,GOV,STATE OFFICIAL,,,,,,GOV,,,USA,CALIFORNIA,USA,,,,,,,,1,042,042,04,1,1.9,12,4,12,-2.09834916789539,3,"Plumas National Forest, California, United States",US,USCA,39.9279,-120.819,255937,3,"Plumas National Forest, California, United States",US,USCA,39.9279,-120.819,255937,3,"Plumas National Forest, California, United States",US,USCA,39.9279,-120.819,255937,20160822,http://wwlp.com/ap/california-court-to-decide-fight-over-gold-mining-technique/
571478645,20160822,201608,2016,2016.6356,GOV,STATE OFFICIAL,,,,,,GOV,,,USA,CALIFORNIA,USA,,,,,,,,1,042,042,04,1,1.9,229,45,229,-2.75673574307031,2,"California, United States",US,USCA,36.17,-119.746,CA,2,"California, United States",US,USCA,36.17,-119.746,CA,2,"California, United States",US,USCA,36.17,-119.746,CA,20160822,http://www.sfgate.com/news/crime/article/California-court-to-decide-fight-over-gold-mining-9176668.php
571478657,20160822,201608,2016,2016.6356,GOV,GOVERNMENT,,,,,,GOV,,,ZAF,SOUTH AFRICAN,ZAF,,,,,,,,1,051,051,05,1,3.4,2,1,2,10.7142857142857,1,South Africa,SF,SF,-29,24,SF,1,South Africa,SF,SF,-29,24,SF,1,South Africa,SF,SF,-29,24,SF,20160822,http://www.gcis.gov.za/newsroom/media-releases/caster-takes-gold-rio-olympic-games
571478876,20160822,201608,2016,2016.6356,JUD,PROSECUTOR,,,,,,JUD,,,,,,,,,,,,,0,173,173,17,4,-5.0,470,43,470,-2.89436471530678,3,"Plumas National Forest, California, United States",US,USCA,39.9279,-120.819,255937,0,,,,,,,3,"Plumas National Forest, California, United States",US,USCA,39.9279,-120.819,255937,20160822,http://www.sfgate.com/news/crime/article/California-court-to-decide-fight-over-gold-mining-9176668.php
571479496,20160822,201608,2016,2016.6356,USA,UNITED STATES,USA,,,,,,,,,,,,,,,,,,0,043,043,04,1,2.8,8,4,8,-2.09834916789539,3,"Plumas National Forest, California, United States",US,USCA,39.9279,-120.819,255937,0,,,,,,,3,"Plumas National Forest, California, United States",US,USCA,39.9279,-120.819,255937,20160822,http://wwlp.com/ap/california-court-to-decide-fight-over-gold-mining-technique/
571479497,20160822,201608,2016,2016.6356,USA,UNITED STATES,USA,,,,,,,,,,,,,,,,,,0,043,043,04,1,2.8,16,4,16,-2.09834916789539,3,"Plumas National Forest, California, United States",US,USCA,39.9279,-120.819,255937,0,,,,,,,2,"California, United States",US,USCA,36.17,-119.746,CA,20160822,http://wwlp.com/ap/california-court-to-decide-fight-over-gold-mining-technique/
571479511,20160822,201608,2016,2016.6356,USA,UNITED STATES,USA,,,,,,,,,,,,,,,,,,1,110,110,11,3,-2.0,104,44,104,-2.86804704806244,3,"Plumas National Forest, California, United States",US,USCA,39.9279,-120.819,255937,0,,,,,,,3,"Plumas National Forest, California, United States",US,USCA,39.9279,-120.819,255937,20160822,http://www.sfgate.com/news/crime/article/California-court-to-decide-fight-over-gold-mining-9176668.php
571479572,20160822,201608,2016,2016.6356,USA,CALIFORNIA,USA,,,,,,,,GOV,STATE OFFICIAL,,,,,,GOV,,,1,043,043,04,1,2.8,240,44,240,-2.86804704806244,2,"California, United States",US,USCA,36.17,-119.746,CA,2,"California, United States",US,USCA,36.17,-119.746,CA,2,"California, United States",US,USCA,36.17,-119.746,CA,20160822,http://www.sfgate.com/news/crime/article/California-court-to-decide-fight-over-gold-mining-9176668.php
571479678,20160822,201608,2016,2016.6356,ZAF,JOHANNESBURG,ZAF,,,,,,,,AFR,AFRICA,AFR,,,,,,,,1,071,071,07,2,7.4,5,2,5,2.39384860342542,1,India,IN,IN,20,77,IN,1,India,IN,IN,20,77,IN,1,India,IN,IN,20,77,IN,20160822,http://www.iol.co.za/business/news/golds-revival-gives-life-to-sa-fund-2059594
571479679,20160822,201608,2016,2016.6356,ZAFCVL,SOUTH AFRICAN,ZAF,,,,,CVL,,,ZAF,SOUTH AFRICAN,ZAF,,,,,,,,1,051,051,05,1,3.4,4,2,4,11.3156920799408,1,South Africa,SF,SF,-29,24,SF,1,South Africa,SF,SF,-29,24,SF,1,South Africa,SF,SF,-29,24,SF,20160822,http://www.gcis.gov.za/newsroom/media-releases/caster-takes-gold-rio-olympic-games
571481382,20160822,201608,2016,2016.6356,BUS,AIRLINE,,,,,,BUS,,,AUS,AUSTRALIA,AUS,,,,,,,,1,040,040,04,1,1.0,10,2,10,3.44858156028369,1,Australia,AS,AS,-27,133,AS,1,Australia,AS,AS,-27,133,AS,1,Australia,AS,AS,-27,133,AS,20160822,http://www.ausbt.com.au/virgin-australia-drops-seat-selection-fee-for-velocity-platinum-gold-frequent-flyers
571481707,20160822,201608,2016,2016.6356,ESP,MAJORCA,ESP,,,,,,,,,,,,,,,,,,1,012,012,01,1,-0.4,1,1,1,7.7757685352622,2,"California, United States",US,USCA,36.17,-119.746,CA,0,,,,,,,2,"California, United States",US,USCA,36.17,-119.746,CA,20160822,http://pressreleases.responsesource.com/news/91326/go-for-gold-for-a-winning-white-smile/
571481709,20160822,201608,2016,2016.6356,ESP,MAJORCA,ESP,,,,,,,,USA,UNITED STATES,USA,,,,,,,,1,012,012,01,1,-0.4,3,1,3,7.7757685352622,2,"California, United States",US,USCA,36.17,-119.746,CA,1,Ireland,EI,EI,53,-8,EI,2,"California, United States",US,USCA,36.17,-119.746,CA,20160822,http://pressreleases.responsesource.com/news/91326/go-for-gold-for-a-winning-white-smile/
571481710,20160822,201608,2016,2016.6356,ESP,MAJORCA,ESP,,,,,,,,USA,UNITED STATES,USA,,,,,,,,1,012,012,01,1,-0.4,3,1,3,7.7757685352622,2,"California, United States",US,USCA,36.17,-119.746,CA,1,Ireland,EI,EI,53,-8,EI,1,Ireland,EI,EI,53,-8,EI,20160822,http://pressreleases.responsesource.com/news/91326/go-for-gold-for-a-winning-white-smile/
571481763,20160822,201608,2016,2016.6356,GBR,LONDON,GBR,,,,,,,,,,,,,,,,,,1,012,012,01,1,-0.4,1,1,1,7.7757685352622,2,"California, United States",US,USCA,36.17,-119.746,CA,0,,,,,,,2,"California, United States",US,USCA,36.17,-119.746,CA,20160822,http://pressreleases.responsesource.com/news/91326/go-for-gold-for-a-winning-white-smile/
571481806,20160822,201608,2016,2016.6356,GBR,UNITED KINGDOM,GBR,,,,,,,,USA,UNITED STATES,USA,,,,,,,,1,012,012,01,1,-0.4,1,1,1,7.7757685352622,2,"California, United States",US,USCA,36.17,-119.746,CA,1,Ireland,EI,EI,53,-8,EI,2,"California, United States",US,USCA,36.17,-119.746,CA,20160822,http://pressreleases.responsesource.com/news/91326/go-for-gold-for-a-winning-white-smile/
571481807,20160822,201608,2016,2016.6356,GBR,UNITED KINGDOM,GBR,,,,,,,,USA,UNITED STATES,USA,,,,,,,,1,012,012,01,1,-0.4,1,1,1,7.7757685352622,2,"California, United States",US,USCA,36.17,-119.746,CA,1,Ireland,EI,EI,53,-8,EI,1,Ireland,EI,EI,53,-8,EI,20160822,http://pressreleases.responsesource.com/news/91326/go-for-gold-for-a-winning-white-smile/
571481957,20160822,201608,2016,2016.6356,HLH,DOCTOR,,,,,,HLH,,,,,,,,,,,,,1,020,020,02,1,3.0,4,1,4,7.7757685352622,3,"Beverly Hills, California, United States",US,USCA,34.0736,-118.4,1652672,0,,,,,,,3,"Beverly Hills, California, United States",US,USCA,34.0736,-118.4,1652672,20160822,http://pressreleases.responsesource.com/news/91326/go-for-gold-for-a-winning-white-smile/
571481970,20160822,201608,2016,2016.6356,HLH,DOCTOR,,,,,,HLH,,,USA,UNITED STATES,USA,,,,,,,,1,020,020,02,1,3.0,6,1,6,7.7757685352622,3,"Beverly Hills, California, United States",US,USCA,34.0736,-118.4,1652672,3,"Beverly Hills, California, United States",US,USCA,34.0736,-118.4,1652672,3,"Beverly Hills, California, United States",US,USCA,34.0736,-118.4,1652672,20160822,http://pressreleases.responsesource.com/news/91326/go-for-gold-for-a-winning-white-smile/
571482197,20160822,201608,2016,2016.6356,JUD,PROSECUTOR,,,,,,JUD,,,USAMED,THE ASSOCIATED PRESS,USA,,,,,MED,,,0,173,173,17,4,-5.0,10,1,10,-2.70270270270271,3,"Plumas National Forest, California, United States",US,USCA,39.9279,-120.819,255937,3,"Plumas National Forest, California, United States",US,USCA,39.9279,-120.819,255937,3,"Plumas National Forest, California, United States",US,USCA,39.9279,-120.819,255937,20160822,http://www.usnews.com/news/business/articles/2016-08-22/california-court-to-decide-fight-over-gold-mining-technique
571482380,20160822,201608,2016,2016.6356,MOS,ISLAMIC,,,,MOS,,,,,IRQREB,KIRKUK,IRQ,,,,,REB,,,1,1831,183,18,4,-10.0,240,10,240,-9.2833876221498,4,"Gaziantep, Gaziantep, Turkey",TU,TU83,37.0594,37.3825,-749276,4,"Gaziantep, Gaziantep, Turkey",TU,TU83,37.0594,37.3825,-749276,4,"Gaziantep, Gaziantep, Turkey",TU,TU83,37.0594,37.3825,-749276,20160822,http://www.goldcoastbulletin.com.au/news/world/islamic-states-alarming-trend-of-using-child-suicide-bombers/news-story/fbd71dd2c0dbcf47e0d270e6550376ae?nk=6f7475c2f475dc28e93891a4e88f883c-1471853857
571482873,20160822,201608,2016,2016.6356,USA,CALIFORNIA,USA,,,,,,,,,,,,,,,,,,0,111,111,11,3,-2.0,4,1,4,7.7757685352622,2,"California, United States",US,USCA,36.17,-119.746,CA,0,,,,,,,3,"Beverly Hills, California, United States",US,USCA,34.0736,-118.4,1652672,20160822,http://pressreleases.responsesource.com/news/91326/go-for-gold-for-a-winning-white-smile/
571484086,20160822,201608,2016,2016.6356,JOR,JORDAN,JOR,,,,,,,,,,,,,,,,,,1,051,051,05,1,3.4,10,1,10,9.28270042194093,2,"California, United States",US,USCA,36.17,-119.746,CA,0,,,,,,,2,"California, United States",US,USCA,36.17,-119.746,CA,20160822,http://www.kerngoldenempire.com/news/young-local-dancers-prepare-to-hit-center-stage-with-professional-dance-company
571491575,20160822,201608,2016,2016.6356,BRA,BRAZILIAN,BRA,,,,,,,,,,,,,,,,,,0,020,020,02,1,3.0,3,1,3,-2.44604316546762,4,"Amazon River, Brazil (general), Brazil",BR,BR00,-0.166667,-49,-624599,0,,,,,,,4,"Amazon River, Brazil (general), Brazil",BR,BR00,-0.166667,-49,-624599,20160822,https://www.sciencerecorder.com/news/2015/02/05/golden-mussel-invasion-threatens-amazon-river-brazil-scientists-say/
571491576,20160822,201608,2016,2016.6356,BRA,BRAZIL,BRA,,,,,,,,CVL,SCIENTIST,,,,,,CVL,,,1,012,012,01,1,-0.4,8,1,8,-2.44604316546762,4,"Pantanal, Estado de Mato Grosso, Brazil",BR,BR14,-16.35,-56.6667,-659091,4,"Amazon River, Brazil (general), Brazil",BR,BR00,-0.166667,-49,-624599,4,"Amazon River, Brazil (general), Brazil",BR,BR00,-0.166667,-49,-624599,20160822,https://www.sciencerecorder.com/news/2015/02/05/golden-mussel-invasion-threatens-amazon-river-brazil-scientists-say/
571491577,20160822,201608,2016,2016.6356,BRACVL,BRAZIL,BRA,,,,,CVL,,,,,,,,,,,,,1,012,012,01,1,-0.4,8,1,8,-2.44604316546762,4,"Amazon River, Brazil (general), Brazil",BR,BR00,-0.166667,-49,-624599,0,,,,,,,4,"Amazon River, Brazil (general), Brazil",BR,BR00,-0.166667,-49,-624599,20160822,https://www.sciencerecorder.com/news/2015/02/05/golden-mussel-invasion-threatens-amazon-river-brazil-scientists-say/
571491578,20160822,201608,2016,2016.6356,BRACVL,BRAZIL,BRA,,,,,CVL,,,,,,,,,,,,,1,012,012,01,1,-0.4,2,1,2,-2.44604316546762,4,"Rio De Janeiro, Estado do Rio, Brazil",BR,BR21,-22.9,-43.2333,-666610,0,,,,,,,4,"Rio De Janeiro, Estado do Rio, Brazil",BR,BR21,-22.9,-43.2333,-666610,20160822,https://www.sciencerecorder.com/news/2015/02/05/golden-mussel-invasion-threatens-amazon-river-brazil-scientists-say/
571491731,20160822,201608,2016,2016.6356,COP,POLICE,,,,,,COP,,,,,,,,,,,,,1,012,012,01,1,-0.4,10,1,10,-0.980392156862745,2,"Delaware, United States",US,USDE,39.3498,-75.5148,DE,0,,,,,,,2,"Delaware, United States",US,USDE,39.3498,-75.5148,DE,20160822,http://www.delaware1059.com/story/17229-gold-alert-issued-for-missing-seaford-woman
571491800,20160822,201608,2016,2016.6356,CVL,SCIENTIST,,,,,,CVL,,,,,,,,,,,,,1,012,012,01,1,-0.4,2,1,2,-2.44604316546762,4,"Amazon River, Brazil (general), Brazil",BR,BR00,-0.166667,-49,-624599,0,,,,,,,4,"Amazon River, Brazil (general), Brazil",BR,BR00,-0.166667,-49,-624599,20160822,https://www.sciencerecorder.com/news/2015/02/05/golden-mussel-invasion-threatens-amazon-river-brazil-scientists-say/
571493160,20160822,201608,2016,2016.6356,USA,UNITED STATES,USA,,,,,,,,,,,,,,,,,,1,091,091,09,2,-2.0,8,1,8,-2.44604316546762,4,"Rio De Janeiro, Estado do Rio, Brazil",BR,BR21,-22.9,-43.2333,-666610,0,,,,,,,4,"Rio De Janeiro, Estado do Rio, Brazil",BR,BR21,-22.9,-43.2333,-666610,20160822,https://www.sciencerecorder.com/news/2015/02/05/golden-mussel-invasion-threatens-amazon-river-brazil-scientists-say/
571494857,20160822,201608,2016,2016.6356,MIL,COMMANDER,,,,,,MIL,,,RUS,RUSSIA,RUS,,,,,,,,1,138,138,13,3,-7.0,20,2,20,-2.57936507936508,4,"Raqqa, Ar Raqqah, Syria",SY,SY04,35.95,39.0167,-2538949,4,"Raqqa, Ar Raqqah, Syria",SY,SY04,35.95,39.0167,-2538949,4,"Raqqa, Ar Raqqah, Syria",SY,SY04,35.95,39.0167,-2538949,20160822,http://www.kerngoldenempire.com/news/top-us-commander-warns-russia-syria
571494858,20160822,201608,2016,2016.6356,MIL,COMMANDER,,,,,,MIL,,,RUS,RUSSIA,RUS,,,,,,,,1,194,194,19,4,-10.0,2,2,2,-2.57936507936508,4,"Damascus, Dimashq, Syria",SY,SY13,33.5,36.3,-2541260,4,"Moscow, Moskva, Russia",RS,RS48,55.7522,37.6156,-2960561,4,"Damascus, Dimashq, Syria",SY,SY13,33.5,36.3,-2541260,20160822,http://www.kerngoldenempire.com/news/top-us-commander-warns-russia-syria
571494859,20160822,201608,2016,2016.6356,MIL,COMMANDER,,,,,,MIL,,,RUS,RUSSIA,RUS,,,,,,,,1,194,194,19,4,-10.0,8,2,8,-2.57936507936508,4,"Moscow, Moskva, Russia",RS,RS48,55.7522,37.6156,-2960561,4,"Moscow, Moskva, Russia",RS,RS48,55.7522,37.6156,-2960561,4,"Damascus, Dimashq, Syria",SY,SY13,33.5,36.3,-2541260,20160822,http://www.kerngoldenempire.com/news/top-us-commander-warns-russia-syria
571494861,20160822,201608,2016,2016.6356,MIL,COMMANDER,,,,,,MIL,,,SYR,SYRIA,SYR,,,,,,,,1,194,194,19,4,-10.0,2,2,2,-2.57936507936508,4,"Damascus, Dimashq, Syria",SY,SY13,33.5,36.3,-2541260,4,"Moscow, Moskva, Russia",RS,RS48,55.7522,37.6156,-2960561,4,"Damascus, Dimashq, Syria",SY,SY13,33.5,36.3,-2541260,20160822,http://www.kerngoldenempire.com/news/top-us-commander-warns-russia-syria
571494862,20160822,201608,2016,2016.6356,MIL,COMMANDER,,,,,,MIL,,,SYR,SYRIA,SYR,,,,,,,,1,194,194,19,4,-10.0,8,2,8,-2.57936507936508,4,"Moscow, Moskva, Russia",RS,RS48,55.7522,37.6156,-2960561,4,"Damascus, Dimashq, Syria",SY,SY13,33.5,36.3,-2541260,4,"Damascus, Dimashq, Syria",SY,SY13,33.5,36.3,-2541260,20160822,http://www.kerngoldenempire.com/news/top-us-commander-warns-russia-syria
571495275,20160822,201608,2016,2016.6356,SPY,INTELLIGENCE,,,,,,SPY,,,,,,,,,,,,,1,172,172,17,4,-5.0,114,4,64,0.580198107136441,4,"New Delhi, Delhi, India",IN,IN07,28.6,77.2,-2106102,0,,,,,,,4,"New Delhi, Delhi, India",IN,IN07,28.6,77.2,-2106102,20160822,http://aninews.in/newsdetail-MlJMdU1H/Mjc2ODY5Ukx1TUc/air-intelligence-unit-recovers-gold-bars-worth-over-rs-64-lakhs-from-woman-passenger.html
571499592,20160822,201608,2016,2016.6356,GOV,PRESIDENT,,,,,,GOV,,,,,,,,,,,,,1,020,020,02,1,3.0,26,3,26,0.497203592727167,1,Hong Kong,HK,HK,22.25,114.167,HK,0,,,,,,,1,Hong Kong,HK,HK,22.25,114.167,HK,20160822,http://www.afr.com/real-estate/gold-coast-airport-to-get-its-first-hotel-timed-for-commonwealth-games-20160822-gqyb4g
571499668,20160822,201608,2016,2016.6356,GOV,PRESIDENT,,,,,,GOV,,,GHA,GHANA,GHA,,,,,,,,1,020,020,02,1,3.0,4,1,4,3.38461538461538,1,Hong Kong,HK,HK,22.25,114.167,HK,1,Hong Kong,HK,HK,22.25,114.167,HK,1,Hong Kong,HK,HK,22.25,114.167,HK,20160822,http://www.afr.com/real-estate/gold-coast-airport-to-get-its-first-hotel-timed-for-commonwealth-games-20160822-gqyb4g
571500580,20160822,201608,2016,2016.6356,PER,PERU,PER,,,,,,,,,,,,,,,,,,1,061,061,06,2,6.4,20,1,10,3.77358490566038,1,Peru,PE,PE,-10,-76,PE,0,,,,,,,1,Peru,PE,PE,-10,-76,PE,20160822,http://www.arabianbusiness.com/gold-exports-from-peru-uae-top-233m-643113.html
571500750,20160822,201608,2016,2016.6356,SPY,INTELLIGENCE,,,,,,SPY,,,,,,,,,,,,,1,172,172,17,4,-5.0,16,4,16,4.30019219771005,4,"Hyderabad, Andhra Pradesh, India",IN,IN02,17.3753,78.4744,-2097701,0,,,,,,,4,"Hyderabad, Andhra Pradesh, India",IN,IN02,17.3753,78.4744,-2097701,20160822,https://in.news.yahoo.com/air-intelligence-unit-recovers-gold-bars-worth-over-085944909.html
571500751,20160822,201608,2016,2016.6356,SPY,INTELLIGENCE,,,,,,SPY,,,,,,,,,,,,,1,172,172,17,4,-5.0,44,4,32,4.30019219771005,4,"Dubai, Dubayy, United Arab Emirates",AE,AE03,25.2522,55.28,-782831,0,,,,,,,4,"Dubai, Dubayy, United Arab Emirates",AE,AE03,25.2522,55.28,-782831,20160822,https://in.news.yahoo.com/air-intelligence-unit-recovers-gold-bars-worth-over-085944909.html
571501189,20160822,201608,2016,2016.6356,UZB,UZBEKISTAN,UZB,,,,,,,,,,,,,,,,,,1,090,090,09,2,-2.0,10,2,10,3.75435318100739,1,Uzbekistan,UZ,UZ,41,64,UZ,0,,,,,,,1,Uzbekistan,UZ,UZ,41,64,UZ,20160822,http://www.businesswire.com/news/home/20160822005359/en/Gold-Market-Uzbekistan-2016-2020-Review---Research
571501190,20160822,201608,2016,2016.6356,UZB,UZBEKISTAN,UZB,,,,,,,,IRL,DUBLIN,IRL,,,,,,,,1,090,090,09,2,-2.0,5,1,5,4.91803278688525,1,Uzbekistan,UZ,UZ,41,64,UZ,1,Uzbekistan,UZ,UZ,41,64,UZ,1,Uzbekistan,UZ,UZ,41,64,UZ,20160822,http://www.businesswire.com/news/home/20160822005359/en/Gold-Market-Uzbekistan-2016-2020-Review---Research
571503069,20160822,201608,2016,2016.6356,AUS,AUSTRALIA,AUS,,,,,,,,BUS,COMPANY,,,,,,BUS,,,1,071,071,07,2,7.4,2,1,2,3.3003300330033,4,"Melbourne, Victoria, Australia",AS,AS07,-37.8167,144.967,-1586844,4,"London, London, City of, United Kingdom",UK,UKH9,51.5,-0.116667,-2601889,4,"London, London, City of, United Kingdom",UK,UKH9,51.5,-0.116667,-2601889,20160822,http://www.dealstreetasia.com/stories/people-digest-goldman-sachs-names-two-coos-head-innovation-lab-ubs-resigns-51170/
571503449,20160822,201608,2016,2016.6356,ELI,ACTOR,,,,,,ELI,,,,,,,,,,,,,1,110,110,11,3,-2.0,20,1,20,0.41436464088398,4,"Pretoria, Gauteng, South Africa",SF,SF06,-25.7069,28.2294,-1273769,0,,,,,,,4,"Pretoria, Gauteng, South Africa",SF,SF06,-25.7069,28.2294,-1273769,20160822,http://www.iol.co.za/tonight/tv-radio/daniel-strikes-gold-with-titus-role-2059631
571507294,20160822,201608,2016,2016.6356,GBR,UNITED KINGDOM,GBR,,,,,,,,MED,NEWSPAPER,,,,,,MED,,,1,017,017,01,1,0.0,6,1,6,6.55737704918033,4,"Penzance, Cornwall, United Kingdom",UK,UKC6,50.1136,-5.54778,-2605264,4,"Penzance, Cornwall, United Kingdom",UK,UKC6,50.1136,-5.54778,-2605264,4,"Penzance, Cornwall, United Kingdom",UK,UKC6,50.1136,-5.54778,-2605264,20160822,http://www.holdthefrontpage.co.uk/2016/news/weekly-marks-olympic-triumph-with-gold-masthead-and-front-page-wrap/
571507768,20160822,201608,2016,2016.6356,MED,NEWSPAPER,,,,,,MED,,,,,,,,,,,,,1,017,017,01,1,0.0,1,1,1,6.55737704918033,4,"Penzance, Cornwall, United Kingdom",UK,UKC6,50.1136,-5.54778,-2605264,0,,,,,,,4,"Penzance, Cornwall, United Kingdom",UK,UKC6,50.1136,-5.54778,-2605264,20160822,http://www.holdthefrontpage.co.uk/2016/news/weekly-marks-olympic-triumph-with-gold-masthead-and-front-page-wrap/
571510320,20160822,201608,2016,2016.6356,,,,,,,,,,,BFA,BURKINA FASO,BFA,,,,,,,,0,0841,084,08,2,7.0,4,1,4,2.08768267223382,0,,,,,,,4,"Yamana, Region du Plateau-Central, Burkina Faso",UV,UV89,12.8103,-1.31806,-1725130,4,"Yamana, Region du Plateau-Central, Burkina Faso",UV,UV89,12.8103,-1.31806,-1725130,20160822,http://seekingalpha.com/article/4001192-resource-sector-digest-gold-price-peaking
571510693,20160822,201608,2016,2016.6356,CAN,CANADIAN,CAN,,,,,,,,MNCCAN,AGNICO EAGLE MINES,CAN,,,,,MNC,,,0,060,060,06,2,6.0,10,1,10,2.08768267223382,4,"Yamana, Region du Plateau-Central, Burkina Faso",UV,UV89,12.8103,-1.31806,-1725130,4,"Yamana, Region du Plateau-Central, Burkina Faso",UV,UV89,12.8103,-1.31806,-1725130,4,"Yamana, Region du Plateau-Central, Burkina Faso",UV,UV89,12.8103,-1.31806,-1725130,20160822,http://seekingalpha.com/article/4001192-resource-sector-digest-gold-price-peaking
571511352,20160822,201608,2016,2016.6356,IGOBUSIMF,INTERNATIONAL MONETARY FUND,,IMF,,,,IGO,BUS,,,,,,,,,,,,1,084,084,08,2,7.0,10,1,10,2.08768267223382,2,"Nevada, United States",US,USNV,38.4199,-117.122,NV,0,,,,,,,2,"Nevada, United States",US,USNV,38.4199,-117.122,NV,20160822,http://seekingalpha.com/article/4001192-resource-sector-digest-gold-price-peaking
571518817,20160822,201608,2016,2016.6356,EUR,EUROPEAN,EUR,,,,,,,,,,,,,,,,,,1,010,010,01,1,0.0,5,1,5,4.19847328244275,4,"Luika, Mbeya, Tanzania",TZ,TZ09,-8.35,32.9333,-2566986,0,,,,,,,4,"Luika, Mbeya, Tanzania",TZ,TZ09,-8.35,32.9333,-2566986,20160822,http://www.fiscalstandard.com/2016/08/22/peel-hunt-indicates-potential-84-62-increase-in-shares-of-shanta-gold-ltd/
571518818,20160822,201608,2016,2016.6356,EUR,EUROPEAN,EUR,,,,,,,,,,,,,,,,,,1,045,045,04,1,5.0,5,1,5,4.19847328244275,4,"Luika, Mbeya, Tanzania",TZ,TZ09,-8.35,32.9333,-2566986,0,,,,,,,4,"Luika, Mbeya, Tanzania",TZ,TZ09,-8.35,32.9333,-2566986,20160822,http://www.fiscalstandard.com/2016/08/22/peel-hunt-indicates-potential-84-62-increase-in-shares-of-shanta-gold-ltd/
571518819,20160822,201608,2016,2016.6356,EUR,EUROPEAN,EUR,,,,,,,,BUS,COMPANY,,,,,,BUS,,,1,010,010,01,1,0.0,5,1,5,4.19847328244275,4,"Luika, Mbeya, Tanzania",TZ,TZ09,-8.35,32.9333,-2566986,4,"Luika, Mbeya, Tanzania",TZ,TZ09,-8.35,32.9333,-2566986,4,"Luika, Mbeya, Tanzania",TZ,TZ09,-8.35,32.9333,-2566986,20160822,http://www.fiscalstandard.com/2016/08/22/peel-hunt-indicates-potential-84-62-increase-in-shares-of-shanta-gold-ltd/
571518820,20160822,201608,2016,2016.6356,EUR,EUROPEAN,EUR,,,,,,,,BUS,COMPANY,,,,,,BUS,,,1,045,045,04,1,5.0,5,1,5,4.19847328244275,4,"Luika, Mbeya, Tanzania",TZ,TZ09,-8.35,32.9333,-2566986,4,"Luika, Mbeya, Tanzania",TZ,TZ09,-8.35,32.9333,-2566986,4,"Luika, Mbeya, Tanzania",TZ,TZ09,-8.35,32.9333,-2566986,20160822,http://www.fiscalstandard.com/2016/08/22/peel-hunt-indicates-potential-84-62-increase-in-shares-of-shanta-gold-ltd/
571520109,20160822,201608,2016,2016.6356,USAEDU,THE US,USA,,,,,EDU,,,,,,,,,,,,,1,110,110,11,3,-2.0,60,5,50,-0.466170890407158,0,,,,,,,0,,,,,,,0,,,,,,,20160822,http://www.business-standard.com/article/pti-stories/new-goldilocks-for-habitable-planets-found-116082200531_1.html
571522064,20160822,201608,2016,2016.6356,AUS,QUEENSLAND,AUS,,,,,,,,EDUCOP,SCHOOL,,,,,,EDU,COP,,1,193,193,19,4,-10.0,2,1,2,-5.37313432835821,1,Ghana,GH,GH,8,-2,GH,1,Ghana,GH,GH,8,-2,GH,1,Ghana,GH,GH,8,-2,GH,20160822,http://thenewdaily.com.au/news/state/qld/2016/08/22/man-shot-dead-gold-coast-school/
571522065,20160822,201608,2016,2016.6356,AUS,QUEENSLAND,AUS,,,,,,,,GHAEDU,GHANA,GHA,,,,,EDU,,,1,193,193,19,4,-10.0,6,1,6,-5.37313432835821,1,Ghana,GH,GH,8,-2,GH,1,Ghana,GH,GH,8,-2,GH,1,Ghana,GH,GH,8,-2,GH,20160822,http://thenewdaily.com.au/news/state/qld/2016/08/22/man-shot-dead-gold-coast-school/
571522072,20160822,201608,2016,2016.6356,BEL,BELGIAN,BEL,,,,,,,,PRY,ASUNCION,PRY,,,,,,,,1,042,042,04,1,1.9,3,1,3,-5.64102564102564,4,"Brussels, Bruxelles-Capitale, Belgium",BE,BE11,50.8333,4.33333,-1955538,4,"Asuncion, Villeta, Paraguay",PA,PA06,-25.2667,-57.6667,-910015,4,"Brussels, Bruxelles-Capitale, Belgium",BE,BE11,50.8333,4.33333,-1955538,20160822,http://www.brusselstimes.com/rss-feed/6238/a-belgian-arrested-in-paraguay-for-gold-smuggling
571522073,20160822,201608,2016,2016.6356,BEL,BELGIAN,BEL,,,,,,,,USA,UNITED STATES,USA,,,,,,,,1,042,042,04,1,1.9,7,1,7,-5.64102564102564,4,"Brussels, Bruxelles-Capitale, Belgium",BE,BE11,50.8333,4.33333,-1955538,1,United States,US,US,38,-97,US,4,"Brussels, Bruxelles-Capitale, Belgium",BE,BE11,50.8333,4.33333,-1955538,20160822,http://www.brusselstimes.com/rss-feed/6238/a-belgian-arrested-in-paraguay-for-gold-smuggling
571522076,20160822,201608,2016,2016.6356,BELGOV,BELGIUM,BEL,,,,,GOV,,,ARG,BUENOS AIRES,ARG,,,,,,,,1,173,173,17,4,-5.0,2,1,2,-5.64102564102564,4,"Brussels, Bruxelles-Capitale, Belgium",BE,BE11,50.8333,4.33333,-1955538,4,"Brussels, Bruxelles-Capitale, Belgium",BE,BE11,50.8333,4.33333,-1955538,4,"Brussels, Bruxelles-Capitale, Belgium",BE,BE11,50.8333,4.33333,-1955538,20160822,http://www.brusselstimes.com/rss-feed/6238/a-belgian-arrested-in-paraguay-for-gold-smuggling
571522099,20160822,201608,2016,2016.6356,BUS,COMPANIES,,,,,,BUS,,,,,,,,,,,,,1,042,042,04,1,1.9,4,1,4,3.58796296296296,4,"Brisbane, Queensland, Australia",AS,AS04,-27.5,153.017,-1561728,0,,,,,,,4,"Brisbane, Queensland, Australia",AS,AS04,-27.5,153.017,-1561728,20160822,http://www.miningweekly.com/article/gold-mining-not-spending-enough-to-sustain-industry-into-future-holland-2016-08-22
571522100,20160822,201608,2016,2016.6356,BUS,COMPANIES,,,,,,BUS,,,,,,,,,,,,,1,042,042,04,1,1.9,6,1,6,3.58796296296296,4,"Melbourne, Victoria, Australia",AS,AS07,-37.8167,144.967,-1586844,0,,,,,,,4,"Melbourne, Victoria, Australia",AS,AS07,-37.8167,144.967,-1586844,20160822,http://www.miningweekly.com/article/gold-mining-not-spending-enough-to-sustain-industry-into-future-holland-2016-08-22
571522167,20160822,201608,2016,2016.6356,BUS,INVESTOR,,,,,,BUS,,,VNM,VIETNAM,VNM,,,,,,,,1,042,042,04,1,1.9,2,1,2,3.21469575200919,1,Singapore,SN,SN,1.3667,103.8,SN,4,"Hanoi, Ha N?i, Vietnam, Republic Of",VM,VM44,21.0333,105.85,-3714993,4,"Hanoi, Ha N?i, Vietnam, Republic Of",VM,VM44,21.0333,105.85,-3714993,20160822,http://sbr.com.sg/residential-property/commentary/untapped-gold-saigon-property-investment-opportunities-singapore-inv
571522168,20160822,201608,2016,2016.6356,BUS,INVESTOR,,,,,,BUS,,,VNM,VIETNAM,VNM,,,,,,,,1,043,043,04,1,2.8,8,1,8,3.21469575200919,4,"Ho Chi Minh City, H? Chíinh, Vietnam, Republic Of",VM,VM20,10.75,106.667,-3730078,4,"Ho Chi Minh City, H? Chíinh, Vietnam, Republic Of",VM,VM20,10.75,106.667,-3730078,4,"Ho Chi Minh City, H? Chíinh, Vietnam, Republic Of",VM,VM20,10.75,106.667,-3730078,20160822,http://sbr.com.sg/residential-property/commentary/untapped-gold-saigon-property-investment-opportunities-singapore-inv
571522284,20160822,201608,2016,2016.6356,COP,DETECTIVE,,,,,,COP,,,GHA,GHANA,GHA,,,,,,,,1,112,112,11,3,-2.0,2,1,2,-5.37313432835821,1,Ghana,GH,GH,8,-2,GH,1,Ghana,GH,GH,8,-2,GH,1,Ghana,GH,GH,8,-2,GH,20160822,http://thenewdaily.com.au/news/state/qld/2016/08/22/man-shot-dead-gold-coast-school/
571522285,20160822,201608,2016,2016.6356,COP,POLICE,,,,,,COP,,,GHA,GHANA,GHA,,,,,,,,1,193,193,19,4,-10.0,8,1,8,-5.37313432835821,1,Ghana,GH,GH,8,-2,GH,1,Ghana,GH,GH,8,-2,GH,1,Ghana,GH,GH,8,-2,GH,20160822,http://thenewdaily.com.au/news/state/qld/2016/08/22/man-shot-dead-gold-coast-school/
571522335,20160822,201608,2016,2016.6356,CVL,COMMUNITY,,,,,,CVL,,,,,,,,,,,,,0,012,012,01,1,-0.4,6,1,6,-5.37313432835821,1,Ghana,GH,GH,8,-2,GH,0,,,,,,,1,Ghana,GH,GH,8,-2,GH,20160822,http://thenewdaily.com.au/news/state/qld/2016/08/22/man-shot-dead-gold-coast-school/
571522381,20160822,201608,2016,2016.6356,EDU,SCHOOL,,,,,,EDU,,,,,,,,,,,,,0,012,012,01,1,-0.4,10,1,10,-5.37313432835821,1,Ghana,GH,GH,8,-2,GH,0,,,,,,,1,Ghana,GH,GH,8,-2,GH,20160822,http://thenewdaily.com.au/news/state/qld/2016/08/22/man-shot-dead-gold-coast-school/
571522512,20160822,201608,2016,2016.6356,GHA,GHANA,GHA,,,,,,,,CVL,COMMUNITY,,,,,,CVL,,,0,012,012,01,1,-0.4,4,1,4,-5.37313432835821,1,Ghana,GH,GH,8,-2,GH,1,Ghana,GH,GH,8,-2,GH,1,Ghana,GH,GH,8,-2,GH,20160822,http://thenewdaily.com.au/news/state/qld/2016/08/22/man-shot-dead-gold-coast-school/
571523001,20160822,201608,2016,2016.6356,MED,LOCAL MEDIA,,,,,,MED,,,BEL,BELGIAN,BEL,,,,,,,,1,016,016,01,1,-2.0,3,1,3,-5.64102564102564,4,"Brussels, Bruxelles-Capitale, Belgium",BE,BE11,50.8333,4.33333,-1955538,4,"Brussels, Bruxelles-Capitale, Belgium",BE,BE11,50.8333,4.33333,-1955538,4,"Brussels, Bruxelles-Capitale, Belgium",BE,BE11,50.8333,4.33333,-1955538,20160822,http://www.brusselstimes.com/rss-feed/6238/a-belgian-arrested-in-paraguay-for-gold-smuggling
571523265,20160822,201608,2016,2016.6356,PRY,ASUNCION,PRY,,,,,,,,BEL,BELGIAN,BEL,,,,,,,,1,043,043,04,1,2.8,3,1,3,-5.64102564102564,4,"Asuncion, Villeta, Paraguay",PA,PA06,-25.2667,-57.6667,-910015,4,"Brussels, Bruxelles-Capitale, Belgium",BE,BE11,50.8333,4.33333,-1955538,4,"Brussels, Bruxelles-Capitale, Belgium",BE,BE11,50.8333,4.33333,-1955538,20160822,http://www.brusselstimes.com/rss-feed/6238/a-belgian-arrested-in-paraguay-for-gold-smuggling
571523266,20160822,201608,2016,2016.6356,PRY,PARAGUAY,PRY,,,,,,,,BEL,BELGIAN,BEL,,,,,,,,1,173,173,17,4,-5.0,8,1,8,-5.64102564102564,4,"Brussels, Bruxelles-Capitale, Belgium",BE,BE11,50.8333,4.33333,-1955538,4,"Brussels, Bruxelles-Capitale, Belgium",BE,BE11,50.8333,4.33333,-1955538,4,"Brussels, Bruxelles-Capitale, Belgium",BE,BE11,50.8333,4.33333,-1955538,20160822,http://www.brusselstimes.com/rss-feed/6238/a-belgian-arrested-in-paraguay-for-gold-smuggling
571523267,20160822,201608,2016,2016.6356,PRY,PARAGUAY,PRY,,,,,,,,BEL,BELGIAN,BEL,,,,,,,,1,173,173,17,4,-5.0,8,1,8,-5.64102564102564,4,"Asuncion, Villeta, Paraguay",PA,PA06,-25.2667,-57.6667,-910015,4,"Brussels, Bruxelles-Capitale, Belgium",BE,BE11,50.8333,4.33333,-1955538,4,"Asuncion, Villeta, Paraguay",PA,PA06,-25.2667,-57.6667,-910015,20160822,http://www.brusselstimes.com/rss-feed/6238/a-belgian-arrested-in-paraguay-for-gold-smuggling
571523570,20160822,201608,2016,2016.6356,USA,UNITED STATES,USA,,,,,,,,BEL,BELGIAN,BEL,,,,,,,,1,043,043,04,1,2.8,7,1,7,-5.64102564102564,1,United States,US,US,38,-97,US,4,"Brussels, Bruxelles-Capitale, Belgium",BE,BE11,50.8333,4.33333,-1955538,4,"Brussels, Bruxelles-Capitale, Belgium",BE,BE11,50.8333,4.33333,-1955538,20160822,http://www.brusselstimes.com/rss-feed/6238/a-belgian-arrested-in-paraguay-for-gold-smuggling
571523576,20160822,201608,2016,2016.6356,USA,UNITED STATES,USA,,,,,,,,CHN,CHINA,CHN,,,,,,,,0,128,128,12,3,-5.0,4,1,4,0.79365079365079,4,"London, London, City of, United Kingdom",UK,UKH9,51.5,-0.116667,-2601889,4,"London, London, City of, United Kingdom",UK,UKH9,51.5,-0.116667,-2601889,4,"London, London, City of, United Kingdom",UK,UKH9,51.5,-0.116667,-2601889,20160822,http://www.dailymail.co.uk/news/article-3752802/And-gold-sore-losers-China-insists-came-second-Rio-got-medals-overall-Team-GB.html
571523708,20160822,201608,2016,2016.6356,VNM,VIETNAM,VNM,,,,,,,,BUS,INVESTOR,,,,,,BUS,,,1,042,042,04,1,1.9,6,1,6,3.21469575200919,1,Singapore,SN,SN,1.3667,103.8,SN,1,Singapore,SN,SN,1.3667,103.8,SN,4,"Hanoi, Ha N?i, Vietnam, Republic Of",VM,VM44,21.0333,105.85,-3714993,20160822,http://sbr.com.sg/residential-property/commentary/untapped-gold-saigon-property-investment-opportunities-singapore-inv
571523709,20160822,201608,2016,2016.6356,VNM,VIETNAM,VNM,,,,,,,,BUS,INVESTOR,,,,,,BUS,,,1,042,042,04,1,1.9,2,1,2,3.21469575200919,1,Singapore,SN,SN,1.3667,103.8,SN,1,Singapore,SN,SN,1.3667,103.8,SN,1,Singapore,SN,SN,1.3667,103.8,SN,20160822,http://sbr.com.sg/residential-property/commentary/untapped-gold-saigon-property-investment-opportunities-singapore-inv
571523710,20160822,201608,2016,2016.6356,VNM,VIETNAM,VNM,,,,,,,,BUS,INVESTOR,,,,,,BUS,,,1,043,043,04,1,2.8,2,1,2,3.21469575200919,4,"Ho Chi Minh City, H? Chíinh, Vietnam, Republic Of",VM,VM20,10.75,106.667,-3730078,4,"Ho Chi Minh City, H? Chíinh, Vietnam, Republic Of",VM,VM20,10.75,106.667,-3730078,4,"Ho Chi Minh City, H? Chíinh, Vietnam, Republic Of",VM,VM20,10.75,106.667,-3730078,20160822,http://sbr.com.sg/residential-property/commentary/untapped-gold-saigon-property-investment-opportunities-singapore-inv
571525752,20160822,201608,2016,2016.6356,BUS,INDUSTRY,,,,,,BUS,,,MED,MEDIA,,,,,,MED,,,1,010,010,01,1,0.0,5,1,5,11.1320754716981,4,"Bern, Bern, Switzerland",SZ,SZ05,46.9167,7.46667,-2551235,4,"Bern, Bern, Switzerland",SZ,SZ05,46.9167,7.46667,-2551235,4,"Bern, Bern, Switzerland",SZ,SZ05,46.9167,7.46667,-2551235,20160822,http://www.pressreleaserocket.net/swiss-post-solutions-wins-gold-in-the-rospa-awards-2016-2/483865/
571526858,20160822,201608,2016,2016.6356,MNCUSA,CITIGROUP,USA,,,,,MNC,,,MNCZAF,HARMONY GOLD MINING,ZAF,,,,,MNC,,,1,010,010,01,1,0.0,10,1,10,7.30337078651686,4,"Kraaipan, North-West, South Africa",SF,SF10,-26.2833,25.3,-1247921,4,"Kraaipan, North-West, South Africa",SF,SF10,-26.2833,25.3,-1247921,4,"Kraaipan, North-West, South Africa",SF,SF10,-26.2833,25.3,-1247921,20160822,http://www.dailypolitical.com/2016/08/22/analysts-set-harmony-gold-mining-co-nysehmy-price-target-at-5-00/
571526872,20160822,201608,2016,2016.6356,MNCZAF,HARMONY GOLD MINING,ZAF,,,,,MNC,,,,,,,,,,,,,1,010,010,01,1,0.0,10,1,10,7.30337078651686,4,"Kraaipan, North-West, South Africa",SF,SF10,-26.2833,25.3,-1247921,0,,,,,,,4,"Kraaipan, North-West, South Africa",SF,SF10,-26.2833,25.3,-1247921,20160822,http://www.dailypolitical.com/2016/08/22/analysts-set-harmony-gold-mining-co-nysehmy-price-target-at-5-00/
571527365,20160822,201608,2016,2016.6356,USA,MICHIGAN,USA,,,,,,,,BUS,BUSINESS,,,,,,BUS,,,1,051,051,05,1,3.4,1,1,1,4.40340909090909,2,"Michigan, United States",US,USMI,43.3504,-84.5603,MI,3,"Farmington Hills, Michigan, United States",US,USMI,42.4853,-83.3772,1616988,2,"Michigan, United States",US,USMI,43.3504,-84.5603,MI,20160822,http://www.franchising.com/news/20160822_goldfish_swim_school_franchising_llc_recognized_as.html
571527366,20160822,201608,2016,2016.6356,USA,MICHIGAN,USA,,,,,,,,BUS,BUSINESS,,,,,,BUS,,,1,051,051,05,1,3.4,9,2,5,-0.404473060723065,2,"Michigan, United States",US,USMI,43.3504,-84.5603,MI,2,"Michigan, United States",US,USMI,43.3504,-84.5603,MI,2,"Michigan, United States",US,USMI,43.3504,-84.5603,MI,20160822,http://www.franchising.com/news/20160822_goldfish_swim_school_franchising_llc_recognized_as.html
571529796,20160822,201608,2016,2016.6356,BUS,INDUSTRY,,,,,,BUS,,,MED,MEDIA,,,,,,MED,,,1,010,010,01,1,0.0,5,1,5,9.4462540716612,4,"Richmond Upon Thames, Richmond upon Thames, United Kingdom",UK,UKL1,51.4333,-0.3,-2606258,4,"Richmond Upon Thames, Richmond upon Thames, United Kingdom",UK,UKL1,51.4333,-0.3,-2606258,4,"Richmond Upon Thames, Richmond upon Thames, United Kingdom",UK,UKL1,51.4333,-0.3,-2606258,20160822,http://www.dailymailtimes.com/swiss-post-solutions-wins-gold-in-the-rospa-awards-2016-2/96404/
571530327,20160822,201608,2016,2016.6356,GOV,GOVERNMENT,,,,,,GOV,,,EUR,EUROPE,EUR,,,,,,,,0,080,080,08,2,5.0,10,1,10,-1.45348837209302,1,Japan,JA,JA,36,138,JA,1,Japan,JA,JA,36,138,JA,1,Japan,JA,JA,36,138,JA,20160822,http://integrated.processmyquote.com/goldman-sachs-says-insurers-need-hedge-funds-to-diversity-investments/
571530353,20160822,201608,2016,2016.6356,GOV,GOVERNMENT,,,,,,GOV,,,JPN,JAPAN,JPN,,,,,,,,0,080,080,08,2,5.0,10,1,10,-1.45348837209302,1,Japan,JA,JA,36,138,JA,1,Japan,JA,JA,36,138,JA,1,Japan,JA,JA,36,138,JA,20160822,http://integrated.processmyquote.com/goldman-sachs-says-insurers-need-hedge-funds-to-diversity-investments/
571530940,20160822,201608,2016,2016.6356,MNCUSA,METLIFE,USA,,,,,MNC,,,,,,,,,,,,,1,010,010,01,1,0.0,6,1,6,-1.45348837209302,1,Japan,JA,JA,36,138,JA,0,,,,,,,1,Japan,JA,JA,36,138,JA,20160822,http://integrated.processmyquote.com/goldman-sachs-says-insurers-need-hedge-funds-to-diversity-investments/
571530942,20160822,201608,2016,2016.6356,MNCUSA,METLIFE,USA,,,,,MNC,,,,,,,,,,,,,1,071,071,07,2,7.4,86,9,86,-3.38134204120949,1,United States,US,US,38,-97,US,0,,,,,,,1,United States,US,US,38,-97,US,20160822,http://integrated.processmyquote.com/goldman-sachs-says-insurers-need-hedge-funds-to-diversity-investments/
571531408,20160822,201608,2016,2016.6356,USA,AMERICAN,USA,,,,,,,,,,,,,,,,,,1,010,010,01,1,0.0,2,1,2,-1.45348837209302,1,Japan,JA,JA,36,138,JA,0,,,,,,,1,Japan,JA,JA,36,138,JA,20160822,http://integrated.processmyquote.com/goldman-sachs-says-insurers-need-hedge-funds-to-diversity-investments/
571533458,20160822,201608,2016,2016.6356,,,,,,,,,,,GOV,CHIEF EXECUTIVE,,,,,,GOV,,,1,051,051,05,1,3.4,2,2,2,3.3162975079575,0,,,,,,,4,"Watson Lake, Yukon, Canada",CA,CA12,60.1167,-128.8,-575649,4,"Watson Lake, Yukon, Canada",CA,CA12,60.1167,-128.8,-575649,20160822,https://www.yahoo.com/news/golden-predator-upgrades-access-3-113000077.html
571534468,20160822,201608,2016,2016.6356,GOV,CHIEF EXECUTIVE,,,,,,GOV,,,,,,,,,,,,,1,110,110,11,3,-2.0,8,2,8,3.3162975079575,4,"Watson Lake, Yukon, Canada",CA,CA12,60.1167,-128.8,-575649,0,,,,,,,4,"Watson Lake, Yukon, Canada",CA,CA12,60.1167,-128.8,-575649,20160822,https://www.yahoo.com/news/golden-predator-upgrades-access-3-113000077.html
571537928,20160822,201608,2016,2016.6356,,,,,,,,,,,USA,NEW YORK,USA,,,,,,,,0,042,042,04,1,1.9,3,1,3,0.52083333333334,0,,,,,,,4,"Cairo, Al Qahirah, Egypt",EG,EG11,30.05,31.25,-290692,4,"Cairo, Al Qahirah, Egypt",EG,EG11,30.05,31.25,-290692,20160822,http://www.vosizneias.com/247452/2016/08/21/jerusalem-hadar-goldins-parents-to-join-israeli-pm-in-new-york-for-un-general-assembly/
571538809,20160822,201608,2016,2016.6356,IGOUNO,UNITED NATIONS,,UNO,,,,IGO,,,USA,NEW YORK,USA,,,,,,,,0,040,040,04,1,1.0,4,1,4,0.52083333333334,4,"Cairo, Al Qahirah, Egypt",EG,EG11,30.05,31.25,-290692,2,"New York, United States",US,USNY,42.1497,-74.9384,NY,2,"New York, United States",US,USNY,42.1497,-74.9384,NY,20160822,http://www.vosizneias.com/247452/2016/08/21/jerusalem-hadar-goldins-parents-to-join-israeli-pm-in-new-york-for-un-general-assembly/
571538927,20160822,201608,2016,2016.6356,ISR,ISRAEL,ISR,,,,,,,,ISRGOV,ISRAEL,ISR,,,,,GOV,,,1,036,036,03,1,4.0,1,1,1,0.52083333333334,4,"Jerusalem, Israel (general), Israel",IS,IS00,31.7667,35.2333,-797092,4,"Cairo, Al Qahirah, Egypt",EG,EG11,30.05,31.25,-290692,4,"Cairo, Al Qahirah, Egypt",EG,EG11,30.05,31.25,-290692,20160822,http://www.vosizneias.com/247452/2016/08/21/jerusalem-hadar-goldins-parents-to-join-israeli-pm-in-new-york-for-un-general-assembly/
571538928,20160822,201608,2016,2016.6356,ISR,ISRAEL,ISR,,,,,,,,ISRGOV,ISRAEL,ISR,,,,,GOV,,,1,036,036,03,1,4.0,1,1,1,0.52083333333334,2,"New York, United States",US,USNY,42.1497,-74.9384,NY,4,"Cairo, Al Qahirah, Egypt",EG,EG11,30.05,31.25,-290692,2,"New York, United States",US,USNY,42.1497,-74.9384,NY,20160822,http://www.vosizneias.com/247452/2016/08/21/jerusalem-hadar-goldins-parents-to-join-israeli-pm-in-new-york-for-un-general-assembly/
571538940,20160822,201608,2016,2016.6356,ISR,ISRAEL,ISR,,,,,,,,USA,UNITED STATES,USA,,,,,,,,1,042,042,04,1,1.9,1,1,1,0.52083333333334,4,"Cairo, Al Qahirah, Egypt",EG,EG11,30.05,31.25,-290692,4,"Cairo, Al Qahirah, Egypt",EG,EG11,30.05,31.25,-290692,4,"Cairo, Al Qahirah, Egypt",EG,EG11,30.05,31.25,-290692,20160822,http://www.vosizneias.com/247452/2016/08/21/jerusalem-hadar-goldins-parents-to-join-israeli-pm-in-new-york-for-un-general-assembly/
571539761,20160822,201608,2016,2016.6356,USA,NEW YORK,USA,,,,,,,,IGOUNO,UNITED NATIONS,,UNO,,,,IGO,,,0,040,040,04,1,1.0,4,1,4,0.52083333333334,2,"New York, United States",US,USNY,42.1497,-74.9384,NY,4,"Cairo, Al Qahirah, Egypt",EG,EG11,30.05,31.25,-290692,2,"New York, United States",US,USNY,42.1497,-74.9384,NY,20160822,http://www.vosizneias.com/247452/2016/08/21/jerusalem-hadar-goldins-parents-to-join-israeli-pm-in-new-york-for-un-general-assembly/
571539762,20160822,201608,2016,2016.6356,USA,NEW YORK,USA,,,,,,,,IGOUNO,UNITED NATIONS,,UNO,,,,IGO,,,0,060,060,06,2,6.0,4,1,4,0.52083333333334,2,"New York, United States",US,USNY,42.1497,-74.9384,NY,4,"Cairo, Al Qahirah, Egypt",EG,EG11,30.05,31.25,-290692,2,"New York, United States",US,USNY,42.1497,-74.9384,NY,20160822,http://www.vosizneias.com/247452/2016/08/21/jerusalem-hadar-goldins-parents-to-join-israeli-pm-in-new-york-for-un-general-assembly/
571539764,20160822,201608,2016,2016.6356,USA,UNITED STATES,USA,,,,,,,,ISR,ISRAEL,ISR,,,,,,,,1,042,042,04,1,1.9,1,1,1,0.52083333333334,4,"Cairo, Al Qahirah, Egypt",EG,EG11,30.05,31.25,-290692,2,"New York, United States",US,USNY,42.1497,-74.9384,NY,4,"Jerusalem, Israel (general), Israel",IS,IS00,31.7667,35.2333,-797092,20160822,http://www.vosizneias.com/247452/2016/08/21/jerusalem-hadar-goldins-parents-to-join-israeli-pm-in-new-york-for-un-general-assembly/
571539836,20160822,201608,2016,2016.6356,USAGOV,UNITED STATES,USA,,,,,GOV,,,ISR,ISRAEL,ISR,,,,,,,,1,013,013,01,1,0.4,2,1,2,0.52083333333334,4,"Cairo, Al Qahirah, Egypt",EG,EG11,30.05,31.25,-290692,4,"Cairo, Al Qahirah, Egypt",EG,EG11,30.05,31.25,-290692,4,"Cairo, Al Qahirah, Egypt",EG,EG11,30.05,31.25,-290692,20160822,http://www.vosizneias.com/247452/2016/08/21/jerusalem-hadar-goldins-parents-to-join-israeli-pm-in-new-york-for-un-general-assembly/
571539837,20160822,201608,2016,2016.6356,USAGOV,UNITED STATES,USA,,,,,GOV,,,ISRMED,JERUSALEM POST,ISR,,,,,MED,,,1,013,013,01,1,0.4,1,1,1,0.52083333333334,4,"Cairo, Al Qahirah, Egypt",EG,EG11,30.05,31.25,-290692,4,"Cairo, Al Qahirah, Egypt",EG,EG11,30.05,31.25,-290692,4,"Cairo, Al Qahirah, Egypt",EG,EG11,30.05,31.25,-290692,20160822,http://www.vosizneias.com/247452/2016/08/21/jerusalem-hadar-goldins-parents-to-join-israeli-pm-in-new-york-for-un-general-assembly/
571546566,20160822,201608,2016,2016.6356,BUS,COMPANY,,,,,,BUS,,,,,,,,,,,,,0,063,063,06,2,7.4,5,1,5,-0.571791613723,2,"New York, United States",US,USNY,42.1497,-74.9384,NY,0,,,,,,,2,"New York, United States",US,USNY,42.1497,-74.9384,NY,20160822,http://www.prnewswire.com/news-releases/iamgold-announces-early-tender-results-of-cash-tender-offer-for-up-to-150-million-of-its-675-senior-notes-due-2020-590890701.html
571546568,20160822,201608,2016,2016.6356,BUS,COMPANY,,,,,,BUS,,,,,,,,,,,,,1,084,084,08,2,7.0,5,1,5,2.28310502283105,3,"Stanford, California, United States",US,USCA,37.4241,-122.166,1867061,0,,,,,,,3,"Stanford, California, United States",US,USCA,37.4241,-122.166,1867061,20160822,http://www.prnewswire.com/news-releases/pax-labs-hires-ceo-tyler-goldman-to-handle-rapid-growth-300316084.html
571546584,20160822,201608,2016,2016.6356,BUS,COMPANY,,,,,,BUS,,,CAN,YUKON,CAN,,,,,,,,1,036,036,03,1,4.0,10,1,10,3.32963374028857,4,"Vancouver, British Columbia, Canada",CA,CA02,49.25,-123.133,-575268,4,"Little Hyland River, Yukon, Canada",CA,CA12,61.6333,-128.333,-568070,4,"Vancouver, British Columbia, Canada",CA,CA02,49.25,-123.133,-575268,20160822,http://www.4-traders.com/GOLDEN-PREDATOR-MINING-CO-3716948/news/Golden-Predator-Mining-Upgrades-Access-to-3-Aces-Project-Ramps-Up-Exploration-22936942/
571546645,20160822,201608,2016,2016.6356,CAN,YUKON,CAN,,,,,,,,BUS,COMPANY,,,,,,BUS,,,1,036,036,03,1,4.0,10,1,10,3.32963374028857,4,"Watson Lake, Yukon, Canada",CA,CA12,60.1167,-128.8,-575649,4,"Watson Lake, Yukon, Canada",CA,CA12,60.1167,-128.8,-575649,4,"Watson Lake, Yukon, Canada",CA,CA12,60.1167,-128.8,-575649,20160822,http://www.4-traders.com/GOLDEN-PREDATOR-MINING-CO-3716948/news/Golden-Predator-Mining-Upgrades-Access-to-3-Aces-Project-Ramps-Up-Exploration-22936942/
571547111,20160822,201608,2016,2016.6356,GHA,GHANA,GHA,,,,,,,,,,,,,,,,,,1,110,110,11,3,-2.0,4,1,4,0,1,Ghana,GH,GH,8,-2,GH,0,,,,,,,1,Ghana,GH,GH,8,-2,GH,20160822,http://www.graphic.com.gh/entertainment/showbiz-news/gold-coast-hosts-night-for-mac-tontoh.html
571550012,20150823,201508,2015,2015.6384,MNCUSA,DISNEY,USA,,,,,MNC,,,GBR,BRITISH,GBR,,,,,,,,0,173,173,17,4,-5.0,16,1,16,-1.88442211055276,1,United Kingdom,UK,UK,54,-2,UK,1,United Kingdom,UK,UK,54,-2,UK,1,United Kingdom,UK,UK,54,-2,UK,20160822,http://www.bostonglobe.com/metro/2016/08/22/fast-forward-donald-trump-may-change-deportation-plan-possible-calif-gold-rush/lduPlJrmpDZNoXF53kvggJ/story.html
571550266,20160822,201608,2016,2016.6356,,,,,,,,,,,USA,BOSTON,USA,,,,,,,,1,057,057,05,1,8.0,20,1,20,-1.88442211055276,0,,,,,,,3,"Boston, Massachusetts, United States",US,USMA,42.3584,-71.0598,617565,3,"Boston, Massachusetts, United States",US,USMA,42.3584,-71.0598,617565,20160822,http://www.bostonglobe.com/metro/2016/08/22/fast-forward-donald-trump-may-change-deportation-plan-possible-calif-gold-rush/lduPlJrmpDZNoXF53kvggJ/story.html
571550360,20160822,201608,2016,2016.6356,AFR,AFRICA,AFR,,,,,,,,USA,AMERICAN,USA,,,,,,,,0,020,020,02,1,3.0,6,1,6,-1.88442211055276,2,"California, United States",US,USCA,36.17,-119.746,CA,2,"California, United States",US,USCA,36.17,-119.746,CA,2,"California, United States",US,USCA,36.17,-119.746,CA,20160822,http://www.bostonglobe.com/metro/2016/08/22/fast-forward-donald-trump-may-change-deportation-plan-possible-calif-gold-rush/lduPlJrmpDZNoXF53kvggJ/story.html
571551298,20160822,201608,2016,2016.6356,JPN,JAPAN,JPN,,,,,,,,,,,,,,,,,,1,044,044,04,1,2.5,4,1,4,-1.88442211055276,1,Japan,JA,JA,36,138,JA,0,,,,,,,2,"Hawaii, United States",US,USHI,21.1098,-157.531,HI,20160822,http://www.bostonglobe.com/metro/2016/08/22/fast-forward-donald-trump-may-change-deportation-plan-possible-calif-gold-rush/lduPlJrmpDZNoXF53kvggJ/story.html
571551314,20160822,201608,2016,2016.6356,JPNELI,JAPAN,JPN,,,,,ELI,,,,,,,,,,,,,1,044,044,04,1,2.5,12,1,12,-1.88442211055276,1,Japan,JA,JA,36,138,JA,0,,,,,,,2,"Hawaii, United States",US,USHI,21.1098,-157.531,HI,20160822,http://www.bostonglobe.com/metro/2016/08/22/fast-forward-donald-trump-may-change-deportation-plan-possible-calif-gold-rush/lduPlJrmpDZNoXF53kvggJ/story.html
571552066,20160822,201608,2016,2016.6356,USA,THE US,USA,,,,,,,,,,,,,,,,,,1,017,017,01,1,0.0,14,1,14,-1.88442211055276,2,"Arizona, United States",US,USAZ,33.7712,-111.388,AZ,0,,,,,,,2,"Arizona, United States",US,USAZ,33.7712,-111.388,AZ,20160822,http://www.bostonglobe.com/metro/2016/08/22/fast-forward-donald-trump-may-change-deportation-plan-possible-calif-gold-rush/lduPlJrmpDZNoXF53kvggJ/story.html
571552067,20160822,201608,2016,2016.6356,USA,THE US,USA,,,,,,,,,,,,,,,,,,1,017,017,01,1,0.0,2,1,2,-1.88442211055276,2,"Arizona, United States",US,USAZ,33.7712,-111.388,AZ,0,,,,,,,2,"Hawaii, United States",US,USHI,21.1098,-157.531,HI,20160822,http://www.bostonglobe.com/metro/2016/08/22/fast-forward-donald-trump-may-change-deportation-plan-possible-calif-gold-rush/lduPlJrmpDZNoXF53kvggJ/story.html
571552081,20160822,201608,2016,2016.6356,USA,UNITED STATES,USA,,,,,,,,,,,,,,,,,,1,020,020,02,1,3.0,6,2,6,-0.876053270153043,1,Spain,SP,SP,40,-4,SP,0,,,,,,,1,Spain,SP,SP,40,-4,SP,20160822,http://www.bostonglobe.com/metro/2016/08/22/fast-forward-donald-trump-may-change-deportation-plan-possible-calif-gold-rush/lduPlJrmpDZNoXF53kvggJ/story.html
571552110,20160822,201608,2016,2016.6356,USA,TAMPA,USA,,,,,,,,,,,,,,,,,,0,051,051,05,1,3.4,24,2,24,-2.34232942958185,3,"Cleveland, Ohio, United States",US,USOH,41.4995,-81.6954,1066654,0,,,,,,,3,"Cleveland, Ohio, United States",US,USOH,41.4995,-81.6954,1066654,20160822,http://www.bostonglobe.com/metro/2016/08/22/fast-forward-donald-trump-may-change-deportation-plan-possible-calif-gold-rush/lduPlJrmpDZNoXF53kvggJ/story.html
571552116,20160822,201608,2016,2016.6356,USA,TAMPA,USA,,,,,,,,,,,,,,,,,,0,051,051,05,1,3.4,4,1,4,-1.88442211055276,1,Taiwan,TW,TW,23.5,121,TW,0,,,,,,,3,"Cleveland, Ohio, United States",US,USOH,41.4995,-81.6954,1066654,20160822,http://www.bostonglobe.com/metro/2016/08/22/fast-forward-donald-trump-may-change-deportation-plan-possible-calif-gold-rush/lduPlJrmpDZNoXF53kvggJ/story.html
571552117,20160822,201608,2016,2016.6356,USA,BOSTON,USA,,,,,,,,,,,,,,,,,,1,057,057,05,1,8.0,34,3,34,-1.19870094357549,2,"California, United States",US,USCA,36.17,-119.746,CA,0,,,,,,,2,"California, United States",US,USCA,36.17,-119.746,CA,20160822,http://www.bostonglobe.com/metro/2016/08/22/fast-forward-donald-trump-may-change-deportation-plan-possible-calif-gold-rush/lduPlJrmpDZNoXF53kvggJ/story.html
571552185,20160822,201608,2016,2016.6356,USA,UNITED STATES,USA,,,,,,,,CVL,IMMIGRANT,,,,,,CVL,,,0,141,141,14,3,-6.5,8,1,8,-1.88442211055276,3,"Akron, Ohio, United States",US,USOH,41.0814,-81.519,1064305,2,"Ohio, United States",US,USOH,40.3736,-82.7755,OH,3,"Akron, Ohio, United States",US,USOH,41.0814,-81.519,1064305,20160822,http://www.bostonglobe.com/metro/2016/08/22/fast-forward-donald-trump-may-change-deportation-plan-possible-calif-gold-rush/lduPlJrmpDZNoXF53kvggJ/story.html
571552186,20160822,201608,2016,2016.6356,USA,UNITED STATES,USA,,,,,,,,CVL,IMMIGRANT,,,,,,CVL,,,0,141,141,14,3,-6.5,4,1,4,-1.88442211055276,3,"Boston, Massachusetts, United States",US,USMA,42.3584,-71.0598,617565,2,"Ohio, United States",US,USOH,40.3736,-82.7755,OH,3,"Akron, Ohio, United States",US,USOH,41.0814,-81.519,1064305,20160822,http://www.bostonglobe.com/metro/2016/08/22/fast-forward-donald-trump-may-change-deportation-plan-possible-calif-gold-rush/lduPlJrmpDZNoXF53kvggJ/story.html
571552187,20160822,201608,2016,2016.6356,USA,UNITED STATES,USA,,,,,,,,CVL,IMMIGRANT,,,,,,CVL,,,0,141,141,14,3,-6.5,4,1,4,-1.88442211055276,3,"Boston, Massachusetts, United States",US,USMA,42.3584,-71.0598,617565,2,"Ohio, United States",US,USOH,40.3736,-82.7755,OH,3,"Boston, Massachusetts, United States",US,USMA,42.3584,-71.0598,617565,20160822,http://www.bostonglobe.com/metro/2016/08/22/fast-forward-donald-trump-may-change-deportation-plan-possible-calif-gold-rush/lduPlJrmpDZNoXF53kvggJ/story.html
571552188,20160822,201608,2016,2016.6356,USA,OHIO,USA,,,,,,,,CVL,IMMIGRANT,,,,,,CVL,,,0,141,141,14,3,-6.5,4,1,4,-1.88442211055276,2,"Ohio, United States",US,USOH,40.3736,-82.7755,OH,2,"Ohio, United States",US,USOH,40.3736,-82.7755,OH,3,"Akron, Ohio, United States",US,USOH,41.0814,-81.519,1064305,20160822,http://www.bostonglobe.com/metro/2016/08/22/fast-forward-donald-trump-may-change-deportation-plan-possible-calif-gold-rush/lduPlJrmpDZNoXF53kvggJ/story.html
571552225,20160822,201608,2016,2016.6356,USA,THE US,USA,,,,,,,,JPN,JAPAN,JPN,,,,,,,,1,111,111,11,3,-2.0,2,1,2,-1.88442211055276,2,"Arizona, United States",US,USAZ,33.7712,-111.388,AZ,2,"Arizona, United States",US,USAZ,33.7712,-111.388,AZ,1,Japan,JA,JA,36,138,JA,20160822,http://www.bostonglobe.com/metro/2016/08/22/fast-forward-donald-trump-may-change-deportation-plan-possible-calif-gold-rush/lduPlJrmpDZNoXF53kvggJ/story.html
571552226,20160822,201608,2016,2016.6356,USA,THE US,USA,,,,,,,,JPN,JAPANESE,JPN,,,,,,,,1,111,111,11,3,-2.0,14,1,14,-1.88442211055276,2,"Arizona, United States",US,USAZ,33.7712,-111.388,AZ,1,Japan,JA,JA,36,138,JA,1,Japan,JA,JA,36,138,JA,20160822,http://www.bostonglobe.com/metro/2016/08/22/fast-forward-donald-trump-may-change-deportation-plan-possible-calif-gold-rush/lduPlJrmpDZNoXF53kvggJ/story.html
571552325,20160822,201608,2016,2016.6356,USAGOV,OBAMA,USA,,,,,GOV,,,,,,,,,,,,,0,080,080,08,2,5.0,20,1,20,-1.88442211055276,2,"Ohio, United States",US,USOH,40.3736,-82.7755,OH,0,,,,,,,2,"Ohio, United States",US,USOH,40.3736,-82.7755,OH,20160822,http://www.bostonglobe.com/metro/2016/08/22/fast-forward-donald-trump-may-change-deportation-plan-possible-calif-gold-rush/lduPlJrmpDZNoXF53kvggJ/story.html
571554200,20160822,201608,2016,2016.6356,AFR,AFRICA,AFR,,,,,,,,,,,,,,,,,,1,071,071,07,2,7.4,2,1,2,2.28758169934641,1,India,IN,IN,20,77,IN,0,,,,,,,1,India,IN,IN,20,77,IN,20160822,http://gulfnews.com/business/sectors/markets/gold-s-revival-gives-life-to-market-beating-south-african-fund-1.1883073
571557497,20160822,201608,2016,2016.6356,,,,,,,,,,,AFR,AFRICA,AFR,,,,,,,,1,042,042,04,1,1.9,3,1,3,6.86274509803921,0,,,,,,,4,"Berola, Kayes, Mali",ML,ML03,13.0305,-11.01,-1065204,4,"Berola, Kayes, Mali",ML,ML03,13.0305,-11.01,-1065204,20160822,http://www.miningreview.com/news/ashanti-gold-earn-65-alecto-minerals-mali-gold-project/
571557685,20160822,201608,2016,2016.6356,AFR,AFRICA,AFR,,,,,,,,,,,,,,,,,,1,043,043,04,1,2.8,3,1,3,6.86274509803921,4,"Berola, Kayes, Mali",ML,ML03,13.0305,-11.01,-1065204,0,,,,,,,4,"Berola, Kayes, Mali",ML,ML03,13.0305,-11.01,-1065204,20160822,http://www.miningreview.com/news/ashanti-gold-earn-65-alecto-minerals-mali-gold-project/
571557698,20160822,201608,2016,2016.6356,AFR,AFRICA,AFR,,,,,,,,MLI,MALI,MLI,,,,,,,,1,043,043,04,1,2.8,2,1,2,6.86274509803921,4,"Berola, Kayes, Mali",ML,ML03,13.0305,-11.01,-1065204,4,"Berola, Kayes, Mali",ML,ML03,13.0305,-11.01,-1065204,4,"Berola, Kayes, Mali",ML,ML03,13.0305,-11.01,-1065204,20160822,http://www.miningreview.com/news/ashanti-gold-earn-65-alecto-minerals-mali-gold-project/
571557750,20160822,201608,2016,2016.6356,BUS,COMPANY,,,,,,BUS,,,,,,,,,,,,,0,020,020,02,1,3.0,25,5,25,1.50162518890322,3,"Blackrock, Nevada, United States",US,USNV,38.0749,-117.634,838877,0,,,,,,,3,"Blackrock, Nevada, United States",US,USNV,38.0749,-117.634,838877,20160822,http://www.4-traders.com/BLACKROCK-GOLD-1409035/news/Blackrock-Gold-Announces-Private-Placement-Appointment-of-New-Board-Member-and-Exploration-Plans-22937263/
571557821,20160822,201608,2016,2016.6356,BUS,COMPANY,,,,,,BUS,,,twi,ASHANTI,,,twi,,,,,,0,020,020,02,1,3.0,10,1,10,6.86274509803921,4,"Berola, Kayes, Mali",ML,ML03,13.0305,-11.01,-1065204,4,"Berola, Kayes, Mali",ML,ML03,13.0305,-11.01,-1065204,4,"Berola, Kayes, Mali",ML,ML03,13.0305,-11.01,-1065204,20160822,http://www.miningreview.com/news/ashanti-gold-earn-65-alecto-minerals-mali-gold-project/
571558971,20160822,201608,2016,2016.6356,MLI,MALI,MLI,,,,,,,,AFR,AFRICA,AFR,,,,,,,,1,042,042,04,1,1.9,2,1,2,6.86274509803921,4,"Berola, Kayes, Mali",ML,ML03,13.0305,-11.01,-1065204,4,"Berola, Kayes, Mali",ML,ML03,13.0305,-11.01,-1065204,4,"Berola, Kayes, Mali",ML,ML03,13.0305,-11.01,-1065204,20160822,http://www.miningreview.com/news/ashanti-gold-earn-65-alecto-minerals-mali-gold-project/
571559872,20160822,201608,2016,2016.6356,twi,ASHANTI,,,twi,,,,,,,,,,,,,,,,1,020,020,02,1,3.0,5,1,5,6.86274509803921,4,"Berola, Kayes, Mali",ML,ML03,13.0305,-11.01,-1065204,0,,,,,,,4,"Berola, Kayes, Mali",ML,ML03,13.0305,-11.01,-1065204,20160822,http://www.miningreview.com/news/ashanti-gold-earn-65-alecto-minerals-mali-gold-project/
571560165,20160822,201608,2016,2016.6356,AFR,AFRICA,AFR,,,,,,,,USAMED,REUTERS,USA,,,,,MED,,,1,010,010,01,1,0.0,2,2,2,-3.06182899700165,4,"Johannesburg, Gauteng, South Africa",SF,SF06,-26.2,28.0833,-1240261,4,"Johannesburg, Gauteng, South Africa",SF,SF06,-26.2,28.0833,-1240261,4,"Johannesburg, Gauteng, South Africa",SF,SF06,-26.2,28.0833,-1240261,20160822,http://www.4-traders.com/GOLDMAN-SACHS-GROUP-INC-12831/news/Goldman-Sachs-StanChart-cuts-African-private-equity-team-as-economies-struggle-22937509/
571560166,20160822,201608,2016,2016.6356,AFR,AFRICA,AFR,,,,,,,,USAMED,REUTERS,USA,,,,,MED,,,1,010,010,01,1,0.0,2,2,2,-3.06182899700165,4,"Johannesburg, Gauteng, South Africa",SF,SF06,-26.2,28.0833,-1240261,4,"Johannesburg, Gauteng, South Africa",SF,SF06,-26.2,28.0833,-1240261,1,Nigeria,NI,NI,10,8,NI,20160822,http://www.4-traders.com/GOLDMAN-SACHS-GROUP-INC-12831/news/Goldman-Sachs-StanChart-cuts-African-private-equity-team-as-economies-struggle-22937509/
571560265,20160822,201608,2016,2016.6356,BUS,AIRWAY,,,,,,BUS,,,ARE,DUBAI,ARE,,,,,,,,1,010,010,01,1,0.0,2,1,2,2.39043824701195,4,"Pune, Maharashtra, India",IN,IN16,18.5333,73.8667,-2108361,4,"Pune, Maharashtra, India",IN,IN16,18.5333,73.8667,-2108361,4,"Pune, Maharashtra, India",IN,IN16,18.5333,73.8667,-2108361,20160822,http://www.financialexpress.com/india-news/woman-with-gold-bars-of-rs-6438960-arrested-from-mumbai-airport/354146/
571560266,20160822,201608,2016,2016.6356,BUS,AIRWAY,,,,,,BUS,,,ARE,DUBAI,ARE,,,,,,,,1,010,010,01,1,0.0,2,1,2,2.39043824701195,4,"Dubai, Dubayy, United Arab Emirates",AE,AE03,25.2522,55.28,-782831,4,"Dubai, Dubayy, United Arab Emirates",AE,AE03,25.2522,55.28,-782831,4,"Hyderabad, Andhra Pradesh, India",IN,IN02,17.3753,78.4744,-2097701,20160822,http://www.financialexpress.com/india-news/woman-with-gold-bars-of-rs-6438960-arrested-from-mumbai-airport/354146/
571560267,20160822,201608,2016,2016.6356,BUS,AIRWAY,,,,,,BUS,,,ARE,DUBAI,ARE,,,,,,,,1,010,010,01,1,0.0,6,1,6,2.39043824701195,4,"Dubai, Dubayy, United Arab Emirates",AE,AE03,25.2522,55.28,-782831,4,"Dubai, Dubayy, United Arab Emirates",AE,AE03,25.2522,55.28,-782831,4,"Dubai, Dubayy, United Arab Emirates",AE,AE03,25.2522,55.28,-782831,20160822,http://www.financialexpress.com/india-news/woman-with-gold-bars-of-rs-6438960-arrested-from-mumbai-airport/354146/
571560298,20160822,201608,2016,2016.6356,BUS,COMPANY,,,,,,BUS,,,MLI,MALI,MLI,,,,,,,,1,057,057,05,1,8.0,1,1,1,2.37918215613383,4,"Berola, Kayes, Mali",ML,ML03,13.0305,-11.01,-1065204,4,"Berola, Kayes, Mali",ML,ML03,13.0305,-11.01,-1065204,4,"Berola, Kayes, Mali",ML,ML03,13.0305,-11.01,-1065204,20160822,http://www.4-traders.com/ASHANTI-GOLD-CORP-1410262/news/Ashanti-Gold-Announces-Mali-Gold-Project-Earn-in-Agreement-22937277/
571560315,20160822,201608,2016,2016.6356,BUS,COMPANY,,,,,,BUS,,,SEN,SENEGAL,SEN,,,,,,,,1,057,057,05,1,8.0,8,3,8,1.98001140722255,4,"Berola, Kayes, Mali",ML,ML03,13.0305,-11.01,-1065204,4,"Berola, Kayes, Mali",ML,ML03,13.0305,-11.01,-1065204,4,"Berola, Kayes, Mali",ML,ML03,13.0305,-11.01,-1065204,20160822,http://www.4-traders.com/ASHANTI-GOLD-CORP-1410262/news/Ashanti-Gold-Announces-Mali-Gold-Project-Earn-in-Agreement-22937277/
571560326,20160822,201608,2016,2016.6356,BUS,COMPANY,,,,,,BUS,,,twi,ASHANTI,,,twi,,,,,,1,057,057,05,1,8.0,2,1,2,2.37918215613383,4,"Kossanto, Region de Kedougou, Senegal",SG,SG17,13.133,-11.9701,-2269957,4,"Gourbassi, Kayes, Mali",ML,ML03,13.3991,-11.6389,-1068421,4,"Kossanto, Region de Kedougou, Senegal",SG,SG17,13.133,-11.9701,-2269957,20160822,http://www.4-traders.com/ASHANTI-GOLD-CORP-1410262/news/Ashanti-Gold-Announces-Mali-Gold-Project-Earn-in-Agreement-22937277/
571560327,20160822,201608,2016,2016.6356,BUS,COMPANY,,,,,,BUS,,,twi,ASHANTI,,,twi,,,,,,1,057,057,05,1,8.0,3,1,3,2.37918215613383,4,"Kossanto, Region de Kedougou, Senegal",SG,SG17,13.133,-11.9701,-2269957,4,"Gourbassi, Kayes, Mali",ML,ML03,13.3991,-11.6389,-1068421,1,United Kingdom,UK,UK,54,-2,UK,20160822,http://www.4-traders.com/ASHANTI-GOLD-CORP-1410262/news/Ashanti-Gold-Announces-Mali-Gold-Project-Earn-in-Agreement-22937277/
571560990,20160822,201608,2016,2016.6356,IND,NEW DELHI,IND,,,,,,,,SPY,INTELLIGENCE,,,,,,SPY,,,1,043,043,04,1,2.8,8,1,8,2.39043824701195,4,"Dubai, Dubayy, United Arab Emirates",AE,AE03,25.2522,55.28,-782831,4,"Dubai, Dubayy, United Arab Emirates",AE,AE03,25.2522,55.28,-782831,4,"Dubai, Dubayy, United Arab Emirates",AE,AE03,25.2522,55.28,-782831,20160822,http://www.financialexpress.com/india-news/woman-with-gold-bars-of-rs-6438960-arrested-from-mumbai-airport/354146/
571561290,20160822,201608,2016,2016.6356,MLI,MALI,MLI,,,,,,,,BUS,COMPANY,,,,,,BUS,,,1,057,057,05,1,8.0,1,1,1,2.37918215613383,4,"Gourbassi, Kayes, Mali",ML,ML03,13.3991,-11.6389,-1068421,1,United Kingdom,UK,UK,54,-2,UK,1,United Kingdom,UK,UK,54,-2,UK,20160822,http://www.4-traders.com/ASHANTI-GOLD-CORP-1410262/news/Ashanti-Gold-Announces-Mali-Gold-Project-Earn-in-Agreement-22937277/
571561317,20160822,201608,2016,2016.6356,MNCUSA,GOLDMAN SACHS,USA,,,,,MNC,,,BUS,BANK,,,,,,BUS,,,1,071,071,07,2,7.4,1,1,1,-3.3175355450237,1,Nigeria,NI,NI,10,8,NI,4,"London, London, City of, United Kingdom",UK,UKH9,51.5,-0.116667,-2601889,4,"London, London, City of, United Kingdom",UK,UKH9,51.5,-0.116667,-2601889,20160822,http://www.4-traders.com/GOLDMAN-SACHS-GROUP-INC-12831/news/Goldman-Sachs-StanChart-cuts-African-private-equity-team-as-economies-struggle-22937509/
571561318,20160822,201608,2016,2016.6356,MNCUSA,GOLDMAN SACHS,USA,,,,,MNC,,,BUS,BANK,,,,,,BUS,,,1,071,071,07,2,7.4,1,1,1,-3.3175355450237,1,Nigeria,NI,NI,10,8,NI,1,Botswana,BC,BC,-22,24,BC,4,"London, London, City of, United Kingdom",UK,UKH9,51.5,-0.116667,-2601889,20160822,http://www.4-traders.com/GOLDMAN-SACHS-GROUP-INC-12831/news/Goldman-Sachs-StanChart-cuts-African-private-equity-team-as-economies-struggle-22937509/
571561560,20160822,201608,2016,2016.6356,SEN,SENEGAL,SEN,,,,,,,,BUS,COMPANY,,,,,,BUS,,,1,057,057,05,1,8.0,2,1,2,2.37918215613383,4,"Kossanto, Region de Kedougou, Senegal",SG,SG17,13.133,-11.9701,-2269957,1,United Kingdom,UK,UK,54,-2,UK,4,"Kossanto, Region de Kedougou, Senegal",SG,SG17,13.133,-11.9701,-2269957,20160822,http://www.4-traders.com/ASHANTI-GOLD-CORP-1410262/news/Ashanti-Gold-Announces-Mali-Gold-Project-Earn-in-Agreement-22937277/
571561561,20160822,201608,2016,2016.6356,SEN,SENEGAL,SEN,,,,,,,,BUS,COMPANY,,,,,,BUS,,,1,057,057,05,1,8.0,2,1,2,2.37918215613383,4,"Kossanto, Region de Kedougou, Senegal",SG,SG17,13.133,-11.9701,-2269957,1,United Kingdom,UK,UK,54,-2,UK,1,United Kingdom,UK,UK,54,-2,UK,20160822,http://www.4-traders.com/ASHANTI-GOLD-CORP-1410262/news/Ashanti-Gold-Announces-Mali-Gold-Project-Earn-in-Agreement-22937277/
571561590,20160822,201608,2016,2016.6356,SPY,INTELLIGENCE,,,,,,SPY,,,IND,NEW DELHI,IND,,,,,,,,1,042,042,04,1,1.9,8,1,8,2.39043824701195,4,"Pune, Maharashtra, India",IN,IN16,18.5333,73.8667,-2108361,4,"Pune, Maharashtra, India",IN,IN16,18.5333,73.8667,-2108361,4,"Pune, Maharashtra, India",IN,IN16,18.5333,73.8667,-2108361,20160822,http://www.financialexpress.com/india-news/woman-with-gold-bars-of-rs-6438960-arrested-from-mumbai-airport/354146/
571562038,20160822,201608,2016,2016.6356,twi,ASHANTI,,,twi,,,,,,BUS,COMPANY,,,,,,BUS,,,1,057,057,05,1,8.0,21,3,21,1.98001140722255,4,"Berola, Kayes, Mali",ML,ML03,13.0305,-11.01,-1065204,4,"Berola, Kayes, Mali",ML,ML03,13.0305,-11.01,-1065204,4,"Berola, Kayes, Mali",ML,ML03,13.0305,-11.01,-1065204,20160822,http://www.4-traders.com/ASHANTI-GOLD-CORP-1410262/news/Ashanti-Gold-Announces-Mali-Gold-Project-Earn-in-Agreement-22937277/
571565611,20160822,201608,2016,2016.6356,BUS,COMPANY,,,,,,BUS,,,,,,,,,,,,,1,111,111,11,3,-2.0,5,1,5,-1.31578947368421,3,"Philadelphia, Pennsylvania, United States",US,USPA,39.9523,-75.1638,1209052,0,,,,,,,3,"Philadelphia, Pennsylvania, United States",US,USPA,39.9523,-75.1638,1209052,20160822,https://www.thestreet.com/story/13680981/1/urban-outfitters-urbn-stock-retreats-downgraded-at-goldman.html
571565633,20160822,201608,2016,2016.6356,BUS,COMPANY,,,,,,BUS,,,MNCUSA,URBAN OUTFITTERS,USA,,,,,MNC,,,1,111,111,11,3,-2.0,15,1,10,-1.31578947368421,3,"Philadelphia, Pennsylvania, United States",US,USPA,39.9523,-75.1638,1209052,3,"Philadelphia, Pennsylvania, United States",US,USPA,39.9523,-75.1638,1209052,3,"Philadelphia, Pennsylvania, United States",US,USPA,39.9523,-75.1638,1209052,20160822,https://www.thestreet.com/story/13680981/1/urban-outfitters-urbn-stock-retreats-downgraded-at-goldman.html
571566224,20160822,201608,2016,2016.6356,GOV,PRESIDENT,,,,,,GOV,,,MNCUSA,BLACKROCK,USA,,,,,MNC,,,0,010,010,01,1,0.0,1,1,1,1.51828847481021,3,"Blackrock, Nevada, United States",US,USNV,38.0749,-117.634,838877,3,"Blackrock, Nevada, United States",US,USNV,38.0749,-117.634,838877,3,"Blackrock, Nevada, United States",US,USNV,38.0749,-117.634,838877,20160822,http://www.juniorminingnetwork.com/junior-miner-news/press-releases/1967-tsx-venture/brc/23751-blackrock-gold-announces-private-placement-appointment-of-new-board-member-and-exploration-plans-for-medicine-springs-property-in-nevada.html
571566248,20160822,201608,2016,2016.6356,GOV,PRESIDENT,,,,,,GOV,,,USA,UNITED STATES,USA,,,,,,,,0,010,010,01,1,0.0,4,1,4,1.51828847481021,3,"Blackrock, Nevada, United States",US,USNV,38.0749,-117.634,838877,3,"Blackrock, Nevada, United States",US,USNV,38.0749,-117.634,838877,3,"Blackrock, Nevada, United States",US,USNV,38.0749,-117.634,838877,20160822,http://www.juniorminingnetwork.com/junior-miner-news/press-releases/1967-tsx-venture/brc/23751-blackrock-gold-announces-private-placement-appointment-of-new-board-member-and-exploration-plans-for-medicine-springs-property-in-nevada.html
571567281,20160822,201608,2016,2016.6356,USA,UNITED STATES,USA,,,,,,,,,,,,,,,,,,0,010,010,01,1,0.0,2,1,2,1.51828847481021,3,"Blackrock, Nevada, United States",US,USNV,38.0749,-117.634,838877,0,,,,,,,3,"Blackrock, Nevada, United States",US,USNV,38.0749,-117.634,838877,20160822,http://www.juniorminingnetwork.com/junior-miner-news/press-releases/1967-tsx-venture/brc/23751-blackrock-gold-announces-private-placement-appointment-of-new-board-member-and-exploration-plans-for-medicine-springs-property-in-nevada.html
571569534,20160822,201608,2016,2016.6356,,,,,,,,,,,CVL,CITIZEN,,,,,,CVL,,,0,051,051,05,1,3.4,10,1,10,1.30505709624796,0,,,,,,,4,"Kozhikode, Kerala, India",IN,IN13,11.25,75.7667,-2101691,4,"Kozhikode, Kerala, India",IN,IN13,11.25,75.7667,-2101691,20160822,http://www.newsnow.in/article/orchestrated-conspiracy-to-tarnish-malabar-gold-diamonds
571569844,20160822,201608,2016,2016.6356,BUS,COMPANY,,,,,,BUS,,,,,,,,,,,,,1,010,010,01,1,0.0,10,1,10,1.30505709624796,5,"Tamil Nadu, Tamil Nadu, India",IN,IN25,11,78,-2112557,0,,,,,,,5,"Tamil Nadu, Tamil Nadu, India",IN,IN25,11,78,-2112557,20160822,http://www.newsnow.in/article/orchestrated-conspiracy-to-tarnish-malabar-gold-diamonds
571569900,20160822,201608,2016,2016.6356,BUS,COMPANY,,,,,,BUS,,,CAN,VANCOUVER,CAN,,,,,,,,1,057,057,05,1,8.0,4,1,4,3.77113133940182,4,"Kossanto, Region de Kedougou, Senegal",SG,SG17,13.133,-11.9701,-2269957,4,"Vancouver, British Columbia, Canada",CA,CA02,49.25,-123.133,-575268,4,"Kossanto, Region de Kedougou, Senegal",SG,SG17,13.133,-11.9701,-2269957,20160822,http://www.finanznachrichten.de/nachrichten-2016-08/38364114-ashanti-gold-announces-mali-gold-project-earn-in-agreement-296.htm
571569901,20160822,201608,2016,2016.6356,BUS,COMPANY,,,,,,BUS,,,CAN,VANCOUVER,CAN,,,,,,,,1,057,057,05,1,8.0,6,1,6,3.77113133940182,4,"Kossanto, Region de Kedougou, Senegal",SG,SG17,13.133,-11.9701,-2269957,4,"Vancouver, British Columbia, Canada",CA,CA02,49.25,-123.133,-575268,1,United Kingdom,UK,UK,54,-2,UK,20160822,http://www.finanznachrichten.de/nachrichten-2016-08/38364114-ashanti-gold-announces-mali-gold-project-earn-in-agreement-296.htm
571569943,20160822,201608,2016,2016.6356,CAN,VANCOUVER,CAN,,,,,,,,BUS,COMPANY,,,,,,BUS,,,1,057,057,05,1,8.0,10,1,10,3.77113133940182,4,"Sabodala, Region de Kedougou, Senegal",SG,SG17,13.1612,-12.1127,-2273359,4,"Kossanto, Region de Kedougou, Senegal",SG,SG17,13.133,-11.9701,-2269957,4,"Kossanto, Region de Kedougou, Senegal",SG,SG17,13.133,-11.9701,-2269957,20160822,http://www.finanznachrichten.de/nachrichten-2016-08/38364114-ashanti-gold-announces-mali-gold-project-earn-in-agreement-296.htm
571570103,20160822,201608,2016,2016.6356,CUB,CUBA,CUB,,,,,,,,,,,,,,,,,,1,090,090,09,2,-2.0,3,1,3,-1.43442622950819,3,"Miami, Florida, United States",US,USFL,25.7743,-80.1937,295004,0,,,,,,,3,"Miami, Florida, United States",US,USFL,25.7743,-80.1937,295004,20160822,http://www.travelchannel.com/shows/airport-24-7-miami/episodes/dogs-guns-and-gold
571570104,20160822,201608,2016,2016.6356,CUB,CUBA,CUB,,,,,,,,,,,,,,,,,,1,090,090,09,2,-2.0,3,1,3,-1.43442622950819,1,Cuba,CU,CU,21.5,-80,CU,0,,,,,,,1,Cuba,CU,CU,21.5,-80,CU,20160822,http://www.travelchannel.com/shows/airport-24-7-miami/episodes/dogs-guns-and-gold
571570109,20160822,201608,2016,2016.6356,CUB,CUBA,CUB,,,,,,,,USA,MIAMI,USA,,,,,,,,1,010,010,01,1,0.0,4,1,3,-1.43442622950819,1,Cuba,CU,CU,21.5,-80,CU,3,"Miami, Florida, United States",US,USFL,25.7743,-80.1937,295004,1,Cuba,CU,CU,21.5,-80,CU,20160822,http://www.travelchannel.com/shows/airport-24-7-miami/episodes/dogs-guns-and-gold
571570110,20160822,201608,2016,2016.6356,CUB,CUBA,CUB,,,,,,,,USA,MIAMI,USA,,,,,,,,1,010,010,01,1,0.0,2,1,2,-1.43442622950819,1,Cuba,CU,CU,21.5,-80,CU,1,Cuba,CU,CU,21.5,-80,CU,1,Cuba,CU,CU,21.5,-80,CU,20160822,http://www.travelchannel.com/shows/airport-24-7-miami/episodes/dogs-guns-and-gold
571570499,20160822,201608,2016,2016.6356,GOV,PRESIDENT,,,,,,GOV,,,USA,UNITED STATES,USA,,,,,,,,1,043,043,04,1,2.8,18,3,18,-2.03642692890523,3,"Miami, Florida, United States",US,USFL,25.7743,-80.1937,295004,3,"Miami, Florida, United States",US,USFL,25.7743,-80.1937,295004,3,"Miami, Florida, United States",US,USFL,25.7743,-80.1937,295004,20160822,http://www.travelchannel.com/shows/airport-24-7-miami/episodes/dogs-guns-and-gold
571571701,20160822,201608,2016,2016.6356,USA,UNITED STATES,USA,,,,,,,,GOV,PRESIDENT,,,,,,GOV,,,1,042,042,04,1,1.9,18,3,18,-2.03642692890523,3,"Miami, Florida, United States",US,USFL,25.7743,-80.1937,295004,3,"Miami, Florida, United States",US,USFL,25.7743,-80.1937,295004,3,"Miami, Florida, United States",US,USFL,25.7743,-80.1937,295004,20160822,http://www.travelchannel.com/shows/airport-24-7-miami/episodes/dogs-guns-and-gold
571573021,20160822,201608,2016,2016.6356,MNCCAN,ROYAL BANK OF CANADA,CAN,,,,,MNC,,,,,,,,,,,,,1,010,010,01,1,0.0,10,1,10,7.43670886075949,4,"Kettle River, British Columbia, Canada",CA,CA02,48.6667,-118.1,-567208,0,,,,,,,4,"Kettle River, British Columbia, Canada",CA,CA02,48.6667,-118.1,-567208,20160822,http://www.thecerbatgem.com/2016/08/22/vetr-inc-upgrades-kinross-gold-corp-kgc-to-strong-buy/
571573034,20160822,201608,2016,2016.6356,MNCUSA,GOLDMAN SACHS,USA,,,,,MNC,,,BUS,COMPANY,,,,,,BUS,,,1,012,012,01,1,-0.4,15,2,15,-2.90933098591549,0,,,,,,,0,,,,,,,0,,,,,,,20160822,https://www.thestreet.com/story/13681154/1/l-brands-lb-stock-gains-upgraded-to-buy-at-goldman.html
571576495,20160822,201608,2016,2016.6356,,,,,,,,,,,LKA,SRI LANKA,LKA,,,,,,,,1,100,100,10,3,-5.0,8,1,8,-3.55113636363636,0,,,,,,,4,"Colombo, Western, Sri Lanka",CE,CE36,6.93194,79.8478,-2214877,4,"Colombo, Western, Sri Lanka",CE,CE36,6.93194,79.8478,-2214877,20160822,http://www.iol.co.za/travel/sri-lankas-golden-beaches-under-threat-2059724
571576496,20160822,201608,2016,2016.6356,,,,,,,,,,,LKA,SRI LANKA,LKA,,,,,,,,1,100,100,10,3,-5.0,8,1,8,-3.55113636363636,0,,,,,,,4,"Mount Lavinia, Western, Sri Lanka",CE,CE36,6.83389,79.8644,-2229313,4,"Mount Lavinia, Western, Sri Lanka",CE,CE36,6.83389,79.8644,-2229313,20160822,http://www.iol.co.za/travel/sri-lankas-golden-beaches-under-threat-2059724
571576750,20160822,201608,2016,2016.6356,BUS,COMPANY,,,,,,BUS,,,,,,,,,,,,,0,010,010,01,1,0.0,35,7,35,0.450279867886219,4,"Toronto, Ontario, Canada",CA,CA08,43.6667,-79.4167,-574890,0,,,,,,,4,"Toronto, Ontario, Canada",CA,CA08,43.6667,-79.4167,-574890,20160822,http://www.finanznachrichten.de/nachrichten-2016-08/38364801-aurico-metals-closes-equity-financing-and-private-placement-with-alamos-gold-008.htm
571576868,20160822,201608,2016,2016.6356,BUS,COMPANY,,,,,,BUS,,,twi,ASHANTI,,,twi,,,,,,1,057,057,05,1,8.0,16,2,16,1.78042603276691,4,"Kossanto, Region de Kedougou, Senegal",SG,SG17,13.133,-11.9701,-2269957,4,"Gourbassi, Kayes, Mali",ML,ML03,13.3991,-11.6389,-1068421,4,"Vancouver, British Columbia, Canada",CA,CA02,49.25,-123.133,-575268,20160822,http://www.goldseiten.de/artikel/298341--Ashanti-Gold-Corp-Announces-Mali-Gold-Project-Earn-in-Agreement.html
571576912,20160822,201608,2016,2016.6356,CAN,CANADA,CAN,,,,,,,,MED,WEBSITE,,,,,,MED,,,0,042,042,04,1,1.9,1,1,1,0.99118942731277,1,United States,US,US,38,-97,US,1,United States,US,US,38,-97,US,1,United States,US,US,38,-97,US,20160822,http://www.finanznachrichten.de/nachrichten-2016-08/38364801-aurico-metals-closes-equity-financing-and-private-placement-with-alamos-gold-008.htm
571577599,20160822,201608,2016,2016.6356,GOV,PRESIDENT,,,,,,GOV,,,MED,WEBSITE,,,,,,MED,,,0,042,042,04,1,1.9,3,2,3,0.754662071169335,4,"Toronto, Ontario, Canada",CA,CA08,43.6667,-79.4167,-574890,4,"Toronto, Ontario, Canada",CA,CA08,43.6667,-79.4167,-574890,4,"Toronto, Ontario, Canada",CA,CA08,43.6667,-79.4167,-574890,20160822,http://www.finanznachrichten.de/nachrichten-2016-08/38364801-aurico-metals-closes-equity-financing-and-private-placement-with-alamos-gold-008.htm
571578169,20160822,201608,2016,2016.6356,LKA,SRI LANKA,LKA,,,,,,,,,,,,,,,,,,1,010,010,01,1,0.0,4,1,4,-3.55113636363636,4,"Colombo, Western, Sri Lanka",CE,CE36,6.93194,79.8478,-2214877,0,,,,,,,4,"Colombo, Western, Sri Lanka",CE,CE36,6.93194,79.8478,-2214877,20160822,http://www.iol.co.za/travel/sri-lankas-golden-beaches-under-threat-2059724
571578170,20160822,201608,2016,2016.6356,LKA,TRINCOMALEE,LKA,,,,,,,,,,,,,,,,,,0,012,012,01,1,-0.4,12,1,12,-3.55113636363636,4,"Colombo, Western, Sri Lanka",CE,CE36,6.93194,79.8478,-2214877,0,,,,,,,4,"Colombo, Western, Sri Lanka",CE,CE36,6.93194,79.8478,-2214877,20160822,http://www.iol.co.za/travel/sri-lankas-golden-beaches-under-threat-2059724
571578171,20160822,201608,2016,2016.6356,LKA,SRI LANKA,LKA,,,,,,,,,,,,,,,,,,0,012,012,01,1,-0.4,8,1,8,-3.55113636363636,4,"Mount Lavinia, Western, Sri Lanka",CE,CE36,6.83389,79.8644,-2229313,0,,,,,,,4,"Mount Lavinia, Western, Sri Lanka",CE,CE36,6.83389,79.8644,-2229313,20160822,http://www.iol.co.za/travel/sri-lankas-golden-beaches-under-threat-2059724
571578201,20160822,201608,2016,2016.6356,MED,WEBSITE,,,,,,MED,,,CAN,CANADA,CAN,,,,,,,,0,043,043,04,1,2.8,3,2,3,0.754662071169335,4,"Toronto, Ontario, Canada",CA,CA08,43.6667,-79.4167,-574890,4,"Toronto, Ontario, Canada",CA,CA08,43.6667,-79.4167,-574890,4,"Toronto, Ontario, Canada",CA,CA08,43.6667,-79.4167,-574890,20160822,http://www.finanznachrichten.de/nachrichten-2016-08/38364801-aurico-metals-closes-equity-financing-and-private-placement-with-alamos-gold-008.htm
571578212,20160822,201608,2016,2016.6356,MED,WEBSITE,,,,,,MED,,,GOV,PRESIDENT,,,,,,GOV,,,0,043,043,04,1,2.8,3,2,3,0.754662071169335,4,"Toronto, Ontario, Canada",CA,CA08,43.6667,-79.4167,-574890,4,"Toronto, Ontario, Canada",CA,CA08,43.6667,-79.4167,-574890,4,"Toronto, Ontario, Canada",CA,CA08,43.6667,-79.4167,-574890,20160822,http://www.finanznachrichten.de/nachrichten-2016-08/38364801-aurico-metals-closes-equity-financing-and-private-placement-with-alamos-gold-008.htm
571578709,20160822,201608,2016,2016.6356,SEN,SENEGAL,SEN,,,,,,,,BUS,COMPANY,,,,,,BUS,,,1,057,057,05,1,8.0,4,2,4,1.78042603276691,4,"Kossanto, Region de Kedougou, Senegal",SG,SG17,13.133,-11.9701,-2269957,4,"Vancouver, British Columbia, Canada",CA,CA02,49.25,-123.133,-575268,4,"Vancouver, British Columbia, Canada",CA,CA02,49.25,-123.133,-575268,20160822,http://www.goldseiten.de/artikel/298341--Ashanti-Gold-Corp-Announces-Mali-Gold-Project-Earn-in-Agreement.html
571579794,20160822,201608,2016,2016.6356,BUS,INVESTOR,,,,,,BUS,,,,,,,,,,,,,0,010,010,01,1,0.0,6,1,6,1.23609394313968,5,"Northwest Territories, Northwest Territories, Canada",CA,CA13,65,-118,-570392,0,,,,,,,5,"Northwest Territories, Northwest Territories, Canada",CA,CA13,65,-118,-570392,20160822,http://www.goldseiten.de/artikel/298330--Canadian-Gold-Miner-Closes-Private-Placement-for-Gross-Proceeds-of-495000.html
571579795,20160822,201608,2016,2016.6356,BUS,INVESTOR,,,,,,BUS,,,,,,,,,,,,,0,010,010,01,1,0.0,4,1,4,1.23609394313968,4,"Abitibi, Canada (general), Canada",CA,CA00,48,-76,-576358,0,,,,,,,4,"Abitibi, Canada (general), Canada",CA,CA00,48,-76,-576358,20160822,http://www.goldseiten.de/artikel/298330--Canadian-Gold-Miner-Closes-Private-Placement-for-Gross-Proceeds-of-495000.html
571579813,20160822,201608,2016,2016.6356,BUS,INVESTOR,,,,,,BUS,,,,,,,,,,,,,0,130,130,13,3,-4.4,6,1,6,1.23609394313968,5,"Northwest Territories, Northwest Territories, Canada",CA,CA13,65,-118,-570392,0,,,,,,,5,"Northwest Territories, Northwest Territories, Canada",CA,CA13,65,-118,-570392,20160822,http://www.goldseiten.de/artikel/298330--Canadian-Gold-Miner-Closes-Private-Placement-for-Gross-Proceeds-of-495000.html
571579814,20160822,201608,2016,2016.6356,BUS,INVESTOR,,,,,,BUS,,,,,,,,,,,,,0,130,130,13,3,-4.4,4,1,4,1.23609394313968,4,"Abitibi, Canada (general), Canada",CA,CA00,48,-76,-576358,0,,,,,,,4,"Abitibi, Canada (general), Canada",CA,CA00,48,-76,-576358,20160822,http://www.goldseiten.de/artikel/298330--Canadian-Gold-Miner-Closes-Private-Placement-for-Gross-Proceeds-of-495000.html
571579878,20160822,201608,2016,2016.6356,CAN,VANCOUVER,CAN,,,,,,,,,,,,,,,,,,0,090,090,09,2,-2.0,20,2,20,-0.62337183465502,4,"Guayacan, Coahuila de Zaragoza, Mexico",MX,MX07,27.8833,-101.217,-3810124,0,,,,,,,4,"Guayacan, Coahuila de Zaragoza, Mexico",MX,MX07,27.8833,-101.217,-3810124,20160822,http://www.goldseiten.de/artikel/298346--Westminster-Announces-New-Silver-Target-Expanded-at-Guayacan-Project.html
571585801,20160822,201608,2016,2016.6356,,,,,,,,,,,USA,SOUTH CAROLINA,USA,,,,,,,,1,043,043,04,1,2.8,7,1,7,1.20481927710844,0,,,,,,,2,"South Carolina, United States",US,USSC,33.8191,-80.9066,SC,2,"North Carolina, United States",US,USNC,35.6411,-79.8431,NC,20160822,http://www.realgeni.com/detail/land/Moutain-Top-Acreage-GOLDEN-VALLEY-ESTATES_122095924941.html
571586060,20160822,201608,2016,2016.6356,CAN,YUKON,CAN,,,,,,,,,,,,,,,,,,1,084,084,08,2,7.0,10,1,10,2.92397660818713,5,"Yukon Territory, Yukon, Canada",CA,CA12,63,-136,-576336,0,,,,,,,5,"Yukon Territory, Yukon, Canada",CA,CA12,63,-136,-576336,20160822,http://www.efe.com/efe/english/news-release/atac-resources-ltd-begins-phase-ii-diamond-drilling-program-at-its-orion-gold-target-rackla-project-yukon/50000339-MULTIMEDIAE_3019572
571586071,20160822,201608,2016,2016.6356,CAN,CANADA,CAN,,,,,,,,MED,WEBSITE,,,,,,MED,,,0,042,042,04,1,1.9,2,1,2,0.5181347150259,4,"Toronto, Ontario, Canada",CA,CA08,43.6667,-79.4167,-574890,4,"Toronto, Ontario, Canada",CA,CA08,43.6667,-79.4167,-574890,4,"Toronto, Ontario, Canada",CA,CA08,43.6667,-79.4167,-574890,20160822,http://www.prnewswire.co.uk/news-releases/aurico-metals-closes-equity-financing-and-private-placement-with-alamos-gold-590912651.html
571586871,20160822,201608,2016,2016.6356,IND,MUMBAI,IND,,,,,,,,,,,,,,,,,,1,172,172,17,4,-5.0,5,1,5,7.85340314136126,4,"Pune, Maharashtra, India",IN,IN16,18.5333,73.8667,-2108361,0,,,,,,,4,"Pune, Maharashtra, India",IN,IN16,18.5333,73.8667,-2108361,20160822,http://www.newsx.com/national/38763-gold-bars-worth-rs-6438960-recovered-from-woman-passenger-at-mumbai-airport
571587229,20160822,201608,2016,2016.6356,MED,WEBSITE,,,,,,MED,,,GOV,PRESIDENT,,,,,,GOV,,,0,084,084,08,2,7.0,8,1,8,0.5181347150259,4,"Toronto, Ontario, Canada",CA,CA08,43.6667,-79.4167,-574890,4,"Toronto, Ontario, Canada",CA,CA08,43.6667,-79.4167,-574890,4,"Toronto, Ontario, Canada",CA,CA08,43.6667,-79.4167,-574890,20160822,http://www.prnewswire.co.uk/news-releases/aurico-metals-closes-equity-financing-and-private-placement-with-alamos-gold-590912651.html
571587783,20160822,201608,2016,2016.6356,USA,SOUTH CAROLINA,USA,,,,,,,,,,,,,,,,,,1,042,042,04,1,1.9,7,1,7,1.20481927710844,2,"South Carolina, United States",US,USSC,33.8191,-80.9066,SC,0,,,,,,,2,"North Carolina, United States",US,USNC,35.6411,-79.8431,NC,20160822,http://www.realgeni.com/detail/land/Moutain-Top-Acreage-GOLDEN-VALLEY-ESTATES_122095924941.html
571590811,20160822,201608,2016,2016.6356,GBR,BRITAIN,GBR,,,,,,,,IRL,IRELAND,IRL,,,,,,,,1,043,043,04,1,2.8,1,1,1,7.08860759493671,4,"Midlands, Leicestershire, United Kingdom",UK,UKH5,52.75,-1.5,-2603074,1,Ireland,EI,EI,53,-8,EI,1,Ireland,EI,EI,53,-8,EI,20160822,http://www.chortle.co.uk/news/2016/08/22/25605/gold_buys_irish_sitcom_hit_bridget_&_eamon
571590894,20160822,201608,2016,2016.6356,GOV,AUTHORITIES,,,,,,GOV,,,,,,,,,,,,,1,090,090,09,2,-2.0,10,1,10,-2.64900662251655,3,"Goldsboro Police Department, North Carolina, United States",US,USNC,35.3814,-77.9973,2130945,0,,,,,,,3,"Goldsboro Police Department, North Carolina, United States",US,USNC,35.3814,-77.9973,2130945,20160822,http://wncn.com/2016/08/22/5-arrested-in-goldsboro-motel-drug-bust/
571591197,20160822,201608,2016,2016.6356,IRL,IRELAND,IRL,,,,,,,,GBR,BRITAIN,GBR,,,,,,,,1,042,042,04,1,1.9,2,1,2,7.08860759493671,3,"Dallas, Texas, United States",US,USTX,32.7831,-96.8067,1380944,3,"Dallas, Texas, United States",US,USTX,32.7831,-96.8067,1380944,3,"Dallas, Texas, United States",US,USTX,32.7831,-96.8067,1380944,20160822,http://www.chortle.co.uk/news/2016/08/22/25605/gold_buys_irish_sitcom_hit_bridget_&_eamon
571592230,20160822,201608,2016,2016.6356,USA,NORTH CAROLINA,USA,,,,,,,,,,,,,,,,,,1,060,060,06,2,6.0,7,2,7,-1.11529829033777,2,"North Carolina, United States",US,USNC,35.6411,-79.8431,NC,0,,,,,,,2,"North Carolina, United States",US,USNC,35.6411,-79.8431,NC,20160822,http://wncn.com/2016/08/22/5-arrested-in-goldsboro-motel-drug-bust/
571592366,20160822,201608,2016,2016.6356,USA,NORTH CAROLINA,USA,,,,,,,,GOV,AUTHORITIES,,,,,,GOV,,,1,060,060,06,2,6.0,7,1,7,-2.64900662251655,2,"North Carolina, United States",US,USNC,35.6411,-79.8431,NC,2,"North Carolina, United States",US,USNC,35.6411,-79.8431,NC,2,"North Carolina, United States",US,USNC,35.6411,-79.8431,NC,20160822,http://wncn.com/2016/08/22/5-arrested-in-goldsboro-motel-drug-bust/
571594684,20160822,201608,2016,2016.6356,AUS,AUSTRALIA,AUS,,,,,,,,CVL,SCIENTIST,,,,,,CVL,,,0,080,080,08,2,5.0,4,1,4,-1.68005843681519,1,Australia,AS,AS,-27,133,AS,1,Australia,AS,AS,-27,133,AS,1,Australia,AS,AS,-27,133,AS,20160822,http://www.businessinsider.com.au/goldilocks-exoplanet-habitability-internal-heat-2016-8
571594703,20160822,201608,2016,2016.6356,BEL,BELGIUM,BEL,,,,,,,,BUS,BUSINESS,,,,,,BUS,,,0,014,014,01,1,0.0,3,1,3,-1.68005843681519,1,Australia,AS,AS,-27,133,AS,1,Australia,AS,AS,-27,133,AS,1,Australia,AS,AS,-27,133,AS,20160822,http://www.businessinsider.com.au/goldilocks-exoplanet-habitability-internal-heat-2016-8
571594742,20160822,201608,2016,2016.6356,BUS,BUSINESS,,,,,,BUS,,,,,,,,,,,,,0,014,014,01,1,0.0,11,2,11,-0.81339096587696,1,Australia,AS,AS,-27,133,AS,0,,,,,,,1,Australia,AS,AS,-27,133,AS,20160822,http://www.businessinsider.com.au/goldilocks-exoplanet-habitability-internal-heat-2016-8
571594996,20160822,201608,2016,2016.6356,CVL,SCIENTIST,,,,,,CVL,,,,,,,,,,,,,0,080,080,08,2,5.0,6,1,6,-1.68005843681519,1,Australia,AS,AS,-27,133,AS,0,,,,,,,1,Australia,AS,AS,-27,133,AS,20160822,http://www.businessinsider.com.au/goldilocks-exoplanet-habitability-internal-heat-2016-8
571598646,20150823,201508,2015,2015.6384,CHRLDS,LATTER DAY SAINTS,,,,CHR,LDS,,,,GHA,GHANA,GHA,,,,,,,,1,031,031,03,1,5.2,6,1,6,1.3215859030837,1,Ghana,GH,GH,8,-2,GH,1,Ghana,GH,GH,8,-2,GH,1,Ghana,GH,GH,8,-2,GH,20160822,http://www.goldcoastbulletin.com.au/lifestyle/new-gold-coast-churches-being-built-to-accommodate-for-growing-demand-for-religion/news-story/d006019fcf6df147ece43788901fff8d?nk=e2cdccb91d304a5b838cf905475400dc-1471880882
571598731,20160822,201608,2016,2016.6356,,,,,,,,,,,AUS,TASMANIA,AUS,,,,,,,,0,033,033,03,1,5.2,20,2,20,-1.06132075471698,0,,,,,,,0,,,,,,,0,,,,,,,20160822,http://www.goldcoastbulletin.com.au/news/special-features/5000-jobs/talking-point-through-no-fault-of-their-own/news-story/467455dbfda5b6c4b9d8d0b0db19c06a?nk=211a4497c3cca87d303ea424fbbe6898-1471880922
571598733,20160822,201608,2016,2016.6356,,,,,,,,,,,AUS,AUSTRALIA,AUS,,,,,,,,1,042,042,04,1,1.9,6,1,6,-6.43564356435644,0,,,,,,,4,"Mudgeeraba, Queensland, Australia",AS,AS04,-28.0833,153.367,-1589685,4,"Mudgeeraba, Queensland, Australia",AS,AS04,-28.0833,153.367,-1589685,20160822,http://www.goldcoastbulletin.com.au/news/crime-court/anthony-watts-was-taking-an-management-course-when-he-allegedly-bashed-a-wedding-guest/news-story/0f2f08e6b1c2c633037be59b88cf7c18?nk=bbbf0d6b4f64ce10c3cc906f00a3cc51-1471880888
571598734,20160822,201608,2016,2016.6356,,,,,,,,,,,AUS,AUSTRALIA,AUS,,,,,,,,1,042,042,04,1,1.9,18,1,18,-6.43564356435644,0,,,,,,,4,"Southport, Queensland, Australia",AS,AS04,-27.9667,153.4,-1601419,4,"Southport, Queensland, Australia",AS,AS04,-27.9667,153.4,-1601419,20160822,http://www.goldcoastbulletin.com.au/news/crime-court/anthony-watts-was-taking-an-management-course-when-he-allegedly-bashed-a-wedding-guest/news-story/0f2f08e6b1c2c633037be59b88cf7c18?nk=bbbf0d6b4f64ce10c3cc906f00a3cc51-1471880888
571598736,20160822,201608,2016,2016.6356,,,,,,,,,,,AUS,AUSTRALIA,AUS,,,,,,,,0,043,043,04,1,2.8,18,3,18,-2.3109243697479,0,,,,,,,4,"Currumbin, Queensland, Australia",AS,AS04,-28.1333,153.467,-1568608,4,"Currumbin, Queensland, Australia",AS,AS04,-28.1333,153.467,-1568608,20160822,http://www.goldcoastbulletin.com.au/lifestyle/more-than-20-students-suspended-from-gold-coast-school-in-porn-ring-scandal/news-story/9f0c6b3ad4565921281f4faadd08616d?nk=705c741ccfa52156d985940a2a0f73c7-1471880945
571598737,20160822,201608,2016,2016.6356,,,,,,,,,,,AUS,AUSTRALIA,AUS,,,,,,,,1,043,043,04,1,2.8,12,1,12,-6.43564356435644,0,,,,,,,4,"Mudgeeraba, Queensland, Australia",AS,AS04,-28.0833,153.367,-1589685,4,"Murwillumbah, New South Wales, Australia",AS,AS02,-28.3273,153.393,-1590379,20160822,http://www.goldcoastbulletin.com.au/news/crime-court/anthony-watts-was-taking-an-management-course-when-he-allegedly-bashed-a-wedding-guest/news-story/0f2f08e6b1c2c633037be59b88cf7c18?nk=bbbf0d6b4f64ce10c3cc906f00a3cc51-1471880888
571598760,20160822,201608,2016,2016.6356,,,,,,,,,,,CHRCTH,CATHOLIC,,,,CHR,CTH,,,,0,042,042,04,1,1.9,30,1,30,1.3215859030837,0,,,,,,,1,Ghana,GH,GH,8,-2,GH,1,Ghana,GH,GH,8,-2,GH,20160822,http://www.goldcoastbulletin.com.au/lifestyle/new-gold-coast-churches-being-built-to-accommodate-for-growing-demand-for-religion/news-story/d006019fcf6df147ece43788901fff8d?nk=e2cdccb91d304a5b838cf905475400dc-1471880882
571598848,20160822,201608,2016,2016.6356,,,,,,,,,,,LEG,CHAMBER,,,,,,LEG,,,1,100,100,10,3,-5.0,30,1,30,3.79310344827586,0,,,,,,,4,"Southport, Queensland, Australia",AS,AS04,-27.9667,153.4,-1601419,4,"Southport, Queensland, Australia",AS,AS04,-27.9667,153.4,-1601419,20160822,http://www.goldcoastbulletin.com.au/lifestyle/remember-when-a-week-in-a-southport-holiday-unit-cost-just-20-as-new-promotion-planned/news-story/daae7c7912b6e7abc5aea271f35cc855?nk=786654d50f00d7f6f9d8344021b360bd-1471880943
571598868,20160822,201608,2016,2016.6356,,,,,,,,,,,REL,RELIGION,,,,,,,,,0,042,042,04,1,1.9,30,1,30,1.3215859030837,0,,,,,,,1,Ghana,GH,GH,8,-2,GH,1,Ghana,GH,GH,8,-2,GH,20160822,http://www.goldcoastbulletin.com.au/lifestyle/new-gold-coast-churches-being-built-to-accommodate-for-growing-demand-for-religion/news-story/d006019fcf6df147ece43788901fff8d?nk=e2cdccb91d304a5b838cf905475400dc-1471880882
571599001,20160822,201608,2016,2016.6356,AUS,AUSTRALIA,AUS,,,,,,,,,,,,,,,,,,0,016,016,01,1,-2.0,6,1,6,-6.43564356435644,4,"Mudgeeraba, Queensland, Australia",AS,AS04,-28.0833,153.367,-1589685,0,,,,,,,4,"Mudgeeraba, Queensland, Australia",AS,AS04,-28.0833,153.367,-1589685,20160822,http://www.goldcoastbulletin.com.au/news/crime-court/anthony-watts-was-taking-an-management-course-when-he-allegedly-bashed-a-wedding-guest/news-story/0f2f08e6b1c2c633037be59b88cf7c18?nk=bbbf0d6b4f64ce10c3cc906f00a3cc51-1471880888
571599002,20160822,201608,2016,2016.6356,AUS,AUSTRALIA,AUS,,,,,,,,,,,,,,,,,,0,016,016,01,1,-2.0,6,1,6,-6.43564356435644,4,"Southport, Queensland, Australia",AS,AS04,-27.9667,153.4,-1601419,0,,,,,,,4,"Mudgeeraba, Queensland, Australia",AS,AS04,-28.0833,153.367,-1589685,20160822,http://www.goldcoastbulletin.com.au/news/crime-court/anthony-watts-was-taking-an-management-course-when-he-allegedly-bashed-a-wedding-guest/news-story/0f2f08e6b1c2c633037be59b88cf7c18?nk=bbbf0d6b4f64ce10c3cc906f00a3cc51-1471880888
571599003,20160822,201608,2016,2016.6356,AUS,AUSTRALIA,AUS,,,,,,,,,,,,,,,,,,0,042,042,04,1,1.9,18,3,18,-2.3109243697479,4,"Currumbin, Queensland, Australia",AS,AS04,-28.1333,153.467,-1568608,0,,,,,,,4,"Currumbin, Queensland, Australia",AS,AS04,-28.1333,153.467,-1568608,20160822,http://www.goldcoastbulletin.com.au/lifestyle/more-than-20-students-suspended-from-gold-coast-school-in-porn-ring-scandal/news-story/9f0c6b3ad4565921281f4faadd08616d?nk=705c741ccfa52156d985940a2a0f73c7-1471880945
571599004,20160822,201608,2016,2016.6356,AUS,AUSTRALIA,AUS,,,,,,,,,,,,,,,,,,1,042,042,04,1,1.9,12,1,12,-6.43564356435644,4,"Mudgeeraba, Queensland, Australia",AS,AS04,-28.0833,153.367,-1589685,0,,,,,,,4,"Murwillumbah, New South Wales, Australia",AS,AS02,-28.3273,153.393,-1590379,20160822,http://www.goldcoastbulletin.com.au/news/crime-court/anthony-watts-was-taking-an-management-course-when-he-allegedly-bashed-a-wedding-guest/news-story/0f2f08e6b1c2c633037be59b88cf7c18?nk=bbbf0d6b4f64ce10c3cc906f00a3cc51-1471880888
571599005,20160822,201608,2016,2016.6356,AUS,AUSTRALIA,AUS,,,,,,,,,,,,,,,,,,1,043,043,04,1,2.8,24,1,24,-6.43564356435644,4,"Mudgeeraba, Queensland, Australia",AS,AS04,-28.0833,153.367,-1589685,0,,,,,,,4,"Mudgeeraba, Queensland, Australia",AS,AS04,-28.0833,153.367,-1589685,20160822,http://www.goldcoastbulletin.com.au/news/crime-court/anthony-watts-was-taking-an-management-course-when-he-allegedly-bashed-a-wedding-guest/news-story/0f2f08e6b1c2c633037be59b88cf7c18?nk=bbbf0d6b4f64ce10c3cc906f00a3cc51-1471880888
571599031,20160822,201608,2016,2016.6356,AUSJUD,AUSTRALIA,AUS,,,,,JUD,,,,,,,,,,,,,1,173,173,17,4,-5.0,6,1,6,-6.43564356435644,4,"Southport, Queensland, Australia",AS,AS04,-27.9667,153.4,-1601419,0,,,,,,,4,"Southport, Queensland, Australia",AS,AS04,-27.9667,153.4,-1601419,20160822,http://www.goldcoastbulletin.com.au/news/crime-court/anthony-watts-was-taking-an-management-course-when-he-allegedly-bashed-a-wedding-guest/news-story/0f2f08e6b1c2c633037be59b88cf7c18?nk=bbbf0d6b4f64ce10c3cc906f00a3cc51-1471880888
571599032,20160822,201608,2016,2016.6356,AUSJUD,AUSTRALIA,AUS,,,,,JUD,,,,,,,,,,,,,1,180,180,18,4,-9.0,6,1,6,-6.43564356435644,4,"Southport, Queensland, Australia",AS,AS04,-27.9667,153.4,-1601419,0,,,,,,,4,"Southport, Queensland, Australia",AS,AS04,-27.9667,153.4,-1601419,20160822,http://www.goldcoastbulletin.com.au/news/crime-court/anthony-watts-was-taking-an-management-course-when-he-allegedly-bashed-a-wedding-guest/news-story/0f2f08e6b1c2c633037be59b88cf7c18?nk=bbbf0d6b4f64ce10c3cc906f00a3cc51-1471880888
571599255,20160822,201608,2016,2016.6356,CHRCTH,CATHOLIC,,,,CHR,CTH,,,,,,,,,,,,,,0,043,043,04,1,2.8,30,1,30,1.3215859030837,1,Ghana,GH,GH,8,-2,GH,0,,,,,,,1,Ghana,GH,GH,8,-2,GH,20160822,http://www.goldcoastbulletin.com.au/lifestyle/new-gold-coast-churches-being-built-to-accommodate-for-growing-demand-for-religion/news-story/d006019fcf6df147ece43788901fff8d?nk=e2cdccb91d304a5b838cf905475400dc-1471880882
571599266,20160822,201608,2016,2016.6356,COP,POLICE,,,,,,COP,,,,,,,,,,,,,1,051,051,05,1,3.4,6,1,6,-6.43564356435644,4,"Mudgeeraba, Queensland, Australia",AS,AS04,-28.0833,153.367,-1589685,0,,,,,,,4,"Mudgeeraba, Queensland, Australia",AS,AS04,-28.0833,153.367,-1589685,20160822,http://www.goldcoastbulletin.com.au/news/crime-court/anthony-watts-was-taking-an-management-course-when-he-allegedly-bashed-a-wedding-guest/news-story/0f2f08e6b1c2c633037be59b88cf7c18?nk=bbbf0d6b4f64ce10c3cc906f00a3cc51-1471880888
571599267,20160822,201608,2016,2016.6356,COP,POLICE,,,,,,COP,,,,,,,,,,,,,1,051,051,05,1,3.4,3,1,3,-6.43564356435644,4,"Southport, Queensland, Australia",AS,AS04,-27.9667,153.4,-1601419,0,,,,,,,4,"Southport, Queensland, Australia",AS,AS04,-27.9667,153.4,-1601419,20160822,http://www.goldcoastbulletin.com.au/news/crime-court/anthony-watts-was-taking-an-management-course-when-he-allegedly-bashed-a-wedding-guest/news-story/0f2f08e6b1c2c633037be59b88cf7c18?nk=bbbf0d6b4f64ce10c3cc906f00a3cc51-1471880888
571599283,20160822,201608,2016,2016.6356,COP,POLICE,,,,,,COP,,,AUS,AUSTRALIA,AUS,,,,,,,,1,051,051,05,1,3.4,6,1,6,-6.43564356435644,4,"Mudgeeraba, Queensland, Australia",AS,AS04,-28.0833,153.367,-1589685,4,"Mudgeeraba, Queensland, Australia",AS,AS04,-28.0833,153.367,-1589685,4,"Mudgeeraba, Queensland, Australia",AS,AS04,-28.0833,153.367,-1589685,20160822,http://www.goldcoastbulletin.com.au/news/crime-court/anthony-watts-was-taking-an-management-course-when-he-allegedly-bashed-a-wedding-guest/news-story/0f2f08e6b1c2c633037be59b88cf7c18?nk=bbbf0d6b4f64ce10c3cc906f00a3cc51-1471880888
571599313,20160822,201608,2016,2016.6356,COP,POLICE,,,,,,COP,,,USA,UNITED STATES,USA,,,,,,,,1,112,112,11,3,-2.0,62,10,62,-6.57158274059385,2,"Massachusetts, United States",US,USMA,42.2373,-71.5314,MA,2,"Massachusetts, United States",US,USMA,42.2373,-71.5314,MA,2,"Massachusetts, United States",US,USMA,42.2373,-71.5314,MA,20160822,http://www.goldcoastbulletin.com.au/news/world/lesbian-couple-steals-rosary-beads-from-nun/news-story/8e631d9d101ba400c44b8167a8ea5489?nk=8dbfd5eba4d708669a0dd8af67960bad-1471880888
571599472,20160822,201608,2016,2016.6356,EDU,STUDENT,,,,,,EDU,,,,,,,,,,,,,1,090,090,09,2,-2.0,100,4,100,-2.31662610399351,4,"Currumbin, Queensland, Australia",AS,AS04,-28.1333,153.467,-1568608,0,,,,,,,4,"Currumbin, Queensland, Australia",AS,AS04,-28.1333,153.467,-1568608,20160822,http://www.goldcoastbulletin.com.au/lifestyle/more-than-20-students-suspended-from-gold-coast-school-in-porn-ring-scandal/news-story/9f0c6b3ad4565921281f4faadd08616d?nk=705c741ccfa52156d985940a2a0f73c7-1471880945
571599490,20160822,201608,2016,2016.6356,EDU,UNIVERSITY,,,,,,EDU,,,GOV,PRINCE,,,,,,GOV,,,1,042,042,04,1,1.9,20,1,20,0.76142131979695,4,"Brisbane, Queensland, Australia",AS,AS04,-27.5,153.017,-1561728,4,"Brisbane, Queensland, Australia",AS,AS04,-27.5,153.017,-1561728,4,"Brisbane, Queensland, Australia",AS,AS04,-27.5,153.017,-1561728,20160822,http://www.goldcoastbulletin.com.au/lifestyle/mumofthree-given-14-days-to-live-recovers-from-double-transplant/news-story/2fa02a1cbb48c832f169acb254369474?nk=d60d9011c5c22ab0dd6ab38272acdc4f-1471880933
571599588,20160822,201608,2016,2016.6356,GBR,UNITED KINGDOM,GBR,,,,,,,,BUS,COMPANY,,,,,,BUS,,,1,071,071,07,2,7.4,4,1,4,-1.04166666666666,1,Canada,CA,CA,60,-95,CA,1,Canada,CA,CA,60,-95,CA,1,Canada,CA,CA,60,-95,CA,20160822,http://www.4-traders.com/SPANISH-MOUNTAIN-GOLD-LTD-7919714/news/Spanish-Mountain-Gold-Announces-Tax-Refund-of-3-9-Million-22938415/
571599615,20160822,201608,2016,2016.6356,GHA,GHANA,GHA,,,,,,,,,,,,,,,,,,1,073,073,07,2,7.4,18,1,18,4.41176470588235,1,Ghana,GH,GH,8,-2,GH,0,,,,,,,1,Ghana,GH,GH,8,-2,GH,20160822,http://www.goldcoastbulletin.com.au/lifestyle/toptier-chefs-plate-up-northern-nsws-delicious-best-for-charity/news-story/b9aa327b1e8904e695cf38522be84f1a?nk=5f51d1667abd9ad4c55b6c79309392a6-1471880878
571599668,20160822,201608,2016,2016.6356,GOV,PRINCE,,,,,,GOV,,,EDU,UNIVERSITY,,,,,,EDU,,,1,043,043,04,1,2.8,20,1,20,0.76142131979695,4,"Brisbane, Queensland, Australia",AS,AS04,-27.5,153.017,-1561728,4,"Brisbane, Queensland, Australia",AS,AS04,-27.5,153.017,-1561728,4,"Brisbane, Queensland, Australia",AS,AS04,-27.5,153.017,-1561728,20160822,http://www.goldcoastbulletin.com.au/lifestyle/mumofthree-given-14-days-to-live-recovers-from-double-transplant/news-story/2fa02a1cbb48c832f169acb254369474?nk=d60d9011c5c22ab0dd6ab38272acdc4f-1471880933
571599760,20160822,201608,2016,2016.6356,HLH,DOCTOR,,,,,,HLH,,,,,,,,,,,,,1,010,010,01,1,0.0,20,1,20,0.76142131979695,4,"Brisbane, Queensland, Australia",AS,AS04,-27.5,153.017,-1561728,0,,,,,,,4,"Brisbane, Queensland, Australia",AS,AS04,-27.5,153.017,-1561728,20160822,http://www.goldcoastbulletin.com.au/lifestyle/mumofthree-given-14-days-to-live-recovers-from-double-transplant/news-story/2fa02a1cbb48c832f169acb254369474?nk=d60d9011c5c22ab0dd6ab38272acdc4f-1471880933
571599970,20160822,201608,2016,2016.6356,JUD,MAGISTRATE,,,,,,JUD,,,,,,,,,,,,,1,173,173,17,4,-5.0,3,1,3,-6.43564356435644,4,"Southport, Queensland, Australia",AS,AS04,-27.9667,153.4,-1601419,0,,,,,,,4,"Southport, Queensland, Australia",AS,AS04,-27.9667,153.4,-1601419,20160822,http://www.goldcoastbulletin.com.au/news/crime-court/anthony-watts-was-taking-an-management-course-when-he-allegedly-bashed-a-wedding-guest/news-story/0f2f08e6b1c2c633037be59b88cf7c18?nk=bbbf0d6b4f64ce10c3cc906f00a3cc51-1471880888
571599971,20160822,201608,2016,2016.6356,JUD,MAGISTRATE,,,,,,JUD,,,,,,,,,,,,,1,180,180,18,4,-9.0,3,1,3,-6.43564356435644,4,"Southport, Queensland, Australia",AS,AS04,-27.9667,153.4,-1601419,0,,,,,,,4,"Southport, Queensland, Australia",AS,AS04,-27.9667,153.4,-1601419,20160822,http://www.goldcoastbulletin.com.au/news/crime-court/anthony-watts-was-taking-an-management-course-when-he-allegedly-bashed-a-wedding-guest/news-story/0f2f08e6b1c2c633037be59b88cf7c18?nk=bbbf0d6b4f64ce10c3cc906f00a3cc51-1471880888
571600340,20160822,201608,2016,2016.6356,REL,RELIGION,,,,,,,,,,,,,,,,,,,0,043,043,04,1,2.8,30,1,30,1.3215859030837,1,Ghana,GH,GH,8,-2,GH,0,,,,,,,1,Ghana,GH,GH,8,-2,GH,20160822,http://www.goldcoastbulletin.com.au/lifestyle/new-gold-coast-churches-being-built-to-accommodate-for-growing-demand-for-religion/news-story/d006019fcf6df147ece43788901fff8d?nk=e2cdccb91d304a5b838cf905475400dc-1471880882
571600734,20160822,201608,2016,2016.6356,USA,THE US,USA,,,,,,,,COP,POLICE,,,,,,COP,,,1,173,173,17,4,-5.0,84,8,84,-6.04558238564842,2,"Massachusetts, United States",US,USMA,42.2373,-71.5314,MA,2,"Massachusetts, United States",US,USMA,42.2373,-71.5314,MA,2,"Massachusetts, United States",US,USMA,42.2373,-71.5314,MA,20160822,http://www.goldcoastbulletin.com.au/news/world/lesbian-couple-steals-rosary-beads-from-nun/news-story/8e631d9d101ba400c44b8167a8ea5489?nk=8dbfd5eba4d708669a0dd8af67960bad-1471880888
571601086,20160822,201608,2016,2016.6356,,,,,,,,,,,CAN,ONTARIO,CAN,,,,,,,,1,060,060,06,2,6.0,10,1,10,0.37037037037037,0,,,,,,,0,,,,,,,0,,,,,,,20160822,http://www.kitco.com/news/2016-08-22/Detour-Gold-Further-Trims-Debt-From-Existing-Cash-Balance.html
571601396,20160822,201608,2016,2016.6356,BUS,TRADER,,,,,,BUS,,,,,,,,,,,,,1,090,090,09,2,-2.0,10,1,10,-0.21321961620469,1,Switzerland,SZ,SZ,47,8,SZ,0,,,,,,,1,Switzerland,SZ,SZ,47,8,SZ,20160822,http://www.kitco.com/news/2016-08-22/Money-Managers-Trim-Bullish-Positioning-In-Gold-Silver-CFTC-Data.html
571601510,20160822,201608,2016,2016.6356,CHL,CHILE,CHL,,,,,,,,GOVBUS,CENTRAL BANK,,,,,,GOV,BUS,,1,010,010,01,1,0.0,4,1,4,2.00729927007299,4,"Santiago, Regióetropolitana, Chile",CI,CI12,-33.45,-70.6667,-901202,4,"Santiago, Regióetropolitana, Chile",CI,CI12,-33.45,-70.6667,-901202,4,"Santiago, Regióetropolitana, Chile",CI,CI12,-33.45,-70.6667,-901202,20160822,http://www.kitco.com/news/2016-08-22/Economic-Panel-Sees-Potential-For-Gold-Helicopter-Money-Coming-Soon.html
571602030,20160822,201608,2016,2016.6356,GOV,CUSTOMS OFFICIAL,,,,,,GOV,,,,,,,,,,,,,1,172,172,17,4,-5.0,4,1,4,5.17241379310345,4,"Mumbai, Maharashtra, India",IN,IN16,18.975,72.8258,-2092174,0,,,,,,,4,"Mumbai, Maharashtra, India",IN,IN16,18.975,72.8258,-2092174,20160822,http://www.mid-day.com/articles/woman-with-rs-6438960-worth-gold-bars-arrested-in-mumbai/17551158
571602066,20160822,201608,2016,2016.6356,GOV,CUSTOMS OFFICIAL,,,,,,GOV,,,IND,MUMBAI,IND,,,,,,,,1,172,172,17,4,-5.0,6,1,6,5.17241379310345,4,"Mumbai, Maharashtra, India",IN,IN16,18.975,72.8258,-2092174,4,"Mumbai, Maharashtra, India",IN,IN16,18.975,72.8258,-2092174,4,"Mumbai, Maharashtra, India",IN,IN16,18.975,72.8258,-2092174,20160822,http://www.mid-day.com/articles/woman-with-rs-6438960-worth-gold-bars-arrested-in-mumbai/17551158
571602067,20160822,201608,2016,2016.6356,GOV,PRIME MINISTER,,,,,,GOV,,,IND,NEW DELHI,IND,,,,,,,,1,173,173,17,4,-5.0,2,1,2,8.37988826815642,4,"Kurukshetra, Haryana, India",IN,IN10,30,76.75,-2102097,4,"Haryana, Haryana, India",IN,IN10,29.6161,76.9806,6210381,4,"Haryana, Haryana, India",IN,IN10,29.6161,76.9806,6210381,20160822,https://in.news.yahoo.com/pm-participate-haryanas-golden-jubilee-function-154804495.html
571602068,20160822,201608,2016,2016.6356,GOV,PRIME MINISTER,,,,,,GOV,,,IND,NEW DELHI,IND,,,,,,,,1,173,173,17,4,-5.0,8,3,8,6.87238900973946,4,"Haryana, Haryana, India",IN,IN10,29.6161,76.9806,6210381,4,"Haryana, Haryana, India",IN,IN10,29.6161,76.9806,6210381,4,"Kurukshetra, Haryana, India",IN,IN10,30,76.75,-2102097,20160822,https://in.news.yahoo.com/pm-participate-haryanas-golden-jubilee-function-154804495.html
571602069,20160822,201608,2016,2016.6356,GOV,PRIME MINISTER,,,,,,GOV,,,IND,NEW DELHI,IND,,,,,,,,1,173,173,17,4,-5.0,5,3,5,2.48705185961223,4,"Haryana, Haryana, India",IN,IN10,29.6161,76.9806,6210381,4,"Haryana, Haryana, India",IN,IN10,29.6161,76.9806,6210381,4,"Haryana, Haryana, India",IN,IN10,29.6161,76.9806,6210381,20160822,https://in.news.yahoo.com/pm-participate-haryanas-golden-jubilee-function-154804495.html
571602135,20160822,201608,2016,2016.6356,GOVBUS,CENTRAL BANK,,,,,,GOV,BUS,,,,,,,,,,,,1,010,010,01,1,0.0,6,1,6,2.00729927007299,4,"Santiago, Regióetropolitana, Chile",CI,CI12,-33.45,-70.6667,-901202,0,,,,,,,4,"Santiago, Regióetropolitana, Chile",CI,CI12,-33.45,-70.6667,-901202,20160822,http://www.kitco.com/news/2016-08-22/Economic-Panel-Sees-Potential-For-Gold-Helicopter-Money-Coming-Soon.html
571602513,20160822,201608,2016,2016.6356,LAB,TRADE UNION,,,,,,LAB,,,GBR,UNITED KINGDOM,GBR,,,,,,,,0,130,130,13,3,-4.4,2,1,2,-0.65104166666667,1,Germany,GM,GM,51,9,GM,1,United Kingdom,UK,UK,54,-2,UK,1,United Kingdom,UK,UK,54,-2,UK,20160822,http://www.telegraph.co.uk/news/2016/08/22/trade-unions-are-undergoing-corbynisation--but-their-golden-age/
571602514,20160822,201608,2016,2016.6356,LAB,TRADE UNION,,,,,,LAB,,,GBR,BRITISH,GBR,,,,,,,,0,130,130,13,3,-4.4,5,1,5,-0.65104166666667,1,United Kingdom,UK,UK,54,-2,UK,1,United Kingdom,UK,UK,54,-2,UK,1,United Kingdom,UK,UK,54,-2,UK,20160822,http://www.telegraph.co.uk/news/2016/08/22/trade-unions-are-undergoing-corbynisation--but-their-golden-age/
571606693,20160822,201608,2016,2016.6356,,,,,,,,,,,CAN,CANADA,CAN,,,,,,,,1,042,042,04,1,1.9,16,1,8,1.50862068965517,0,,,,,,,4,"Savant Lake, Ontario, Canada",CA,CA08,50.2333,-90.7167,-573240,4,"Savant Lake, Ontario, Canada",CA,CA08,50.2333,-90.7167,-573240,20160822,http://investingnews.com/daily/resource-investing/precious-metals-investing/gold-investing/new-dimension-resources-commences-ground-exploration-program-savant-lake-gold-project/
571606885,20160822,201608,2016,2016.6356,,,,,,,,,,,USA,UNITED STATES,USA,,,,,,,,1,040,040,04,1,1.0,3,1,3,3,0,,,,,,,3,"Lowndes County, Mississippi, United States",US,USMS,33.5171,-88.4017,695767,3,"Lowndes County, Mississippi, United States",US,USMS,33.5171,-88.4017,695767,20160822,http://msbusiness.com/2016/08/mississippi-golden-triangle-large-new-industrial-site/
571607195,20160822,201608,2016,2016.6356,CAN,CANADA,CAN,,,,,,,,,,,,,,,,,,0,043,043,04,1,2.8,8,1,8,1.50862068965517,4,"Savant Lake, Ontario, Canada",CA,CA08,50.2333,-90.7167,-573240,0,,,,,,,4,"Savant Lake, Ontario, Canada",CA,CA08,50.2333,-90.7167,-573240,20160822,http://investingnews.com/daily/resource-investing/precious-metals-investing/gold-investing/new-dimension-resources-commences-ground-exploration-program-savant-lake-gold-project/
571607196,20160822,201608,2016,2016.6356,CAN,CANADA,CAN,,,,,,,,,,,,,,,,,,1,043,043,04,1,2.8,18,2,18,1.54796113847838,1,United States,US,US,38,-97,US,0,,,,,,,1,United States,US,US,38,-97,US,20160822,http://investingnews.com/daily/resource-investing/precious-metals-investing/gold-investing/new-dimension-resources-commences-ground-exploration-program-savant-lake-gold-project/
571609250,20160822,201608,2016,2016.6356,USA,UNITED STATES,USA,,,,,,,,,,,,,,,,,,1,040,040,04,1,1.0,3,1,3,3,3,"Lowndes County, Mississippi, United States",US,USMS,33.5171,-88.4017,695767,0,,,,,,,3,"Lowndes County, Mississippi, United States",US,USMS,33.5171,-88.4017,695767,20160822,http://msbusiness.com/2016/08/mississippi-golden-triangle-large-new-industrial-site/
571609273,20160822,201608,2016,2016.6356,USA,UNITED STATES,USA,,,,,,,,,,,,,,,,,,1,050,050,05,1,3.5,4,1,4,3,3,"Lowndes County, Mississippi, United States",US,USMS,33.5171,-88.4017,695767,0,,,,,,,3,"Lowndes County, Mississippi, United States",US,USMS,33.5171,-88.4017,695767,20160822,http://msbusiness.com/2016/08/mississippi-golden-triangle-large-new-industrial-site/
571611261,20160822,201608,2016,2016.6356,,,,,,,,,,,CHN,CHINA,CHN,,,,,,,,0,061,061,06,2,6.4,10,1,10,0.60862662079915,0,,,,,,,4,"Shenzhen, Guangdong, China",CH,CH30,22.2,111.117,-1925267,4,"Shenzhen, Guangdong, China",CH,CH30,22.2,111.117,-1925267,20160822,http://www.silverdoctors.com/gold/gold-news/spectacular-chinese-gold-demand-in-2015-fully-denied-by-gfms-mainstream-media/
571611262,20160822,201608,2016,2016.6356,,,,,,,,,,,CHN,SHANGHAI,CHN,,,,,,,,1,0874,087,08,2,10.0,6,1,6,0.60862662079915,0,,,,,,,4,"Shanghai, Shanghai, China",CH,CH23,31.2222,121.458,-1924465,4,"Shanghai, Shanghai, China",CH,CH23,31.2222,121.458,-1924465,20160822,http://www.silverdoctors.com/gold/gold-news/spectacular-chinese-gold-demand-in-2015-fully-denied-by-gfms-mainstream-media/
571611263,20160822,201608,2016,2016.6356,,,,,,,,,,,CHN,SHANGHAI,CHN,,,,,,,,1,0874,087,08,2,10.0,1,1,1,0.60862662079915,0,,,,,,,1,India,IN,IN,20,77,IN,4,"Shanghai, Shanghai, China",CH,CH23,31.2222,121.458,-1924465,20160822,http://www.silverdoctors.com/gold/gold-news/spectacular-chinese-gold-demand-in-2015-fully-denied-by-gfms-mainstream-media/
571611264,20160822,201608,2016,2016.6356,,,,,,,,,,,CHN,SHANGHAI,CHN,,,,,,,,1,100,100,10,3,-5.0,4,1,4,0.60862662079915,0,,,,,,,4,"Shanghai, Shanghai, China",CH,CH23,31.2222,121.458,-1924465,4,"Shanghai, Shanghai, China",CH,CH23,31.2222,121.458,-1924465,20160822,http://www.silverdoctors.com/gold/gold-news/spectacular-chinese-gold-demand-in-2015-fully-denied-by-gfms-mainstream-media/
571611265,20160822,201608,2016,2016.6356,,,,,,,,,,,CHN,SHANGHAI,CHN,,,,,,,,1,100,100,10,3,-5.0,1,1,1,0.60862662079915,0,,,,,,,1,India,IN,IN,20,77,IN,4,"Shanghai, Shanghai, China",CH,CH23,31.2222,121.458,-1924465,20160822,http://www.silverdoctors.com/gold/gold-news/spectacular-chinese-gold-demand-in-2015-fully-denied-by-gfms-mainstream-media/
571611546,20160822,201608,2016,2016.6356,AUS,AUSTRALIA,AUS,,,,,,,,CHN,CHINA,CHN,,,,,,,,0,020,020,02,1,3.0,1,1,1,0.60862662079915,4,"Shanghai, Shanghai, China",CH,CH23,31.2222,121.458,-1924465,1,Thailand,TH,TH,15,100,TH,4,"Shanghai, Shanghai, China",CH,CH23,31.2222,121.458,-1924465,20160822,http://www.silverdoctors.com/gold/gold-news/spectacular-chinese-gold-demand-in-2015-fully-denied-by-gfms-mainstream-media/
571611547,20160822,201608,2016,2016.6356,AUS,AUSTRALIA,AUS,,,,,,,,CHN,CHINA,CHN,,,,,,,,0,020,020,02,1,3.0,7,1,7,0.60862662079915,1,Australia,AS,AS,-27,133,AS,4,"Shanghai, Shanghai, China",CH,CH23,31.2222,121.458,-1924465,1,Australia,AS,AS,-27,133,AS,20160822,http://www.silverdoctors.com/gold/gold-news/spectacular-chinese-gold-demand-in-2015-fully-denied-by-gfms-mainstream-media/
571611548,20160822,201608,2016,2016.6356,AUS,AUSTRALIA,AUS,,,,,,,,CHN,CHINA,CHN,,,,,,,,0,020,020,02,1,3.0,2,1,2,0.60862662079915,1,India,IN,IN,20,77,IN,1,Thailand,TH,TH,15,100,TH,4,"Shanghai, Shanghai, China",CH,CH23,31.2222,121.458,-1924465,20160822,http://www.silverdoctors.com/gold/gold-news/spectacular-chinese-gold-demand-in-2015-fully-denied-by-gfms-mainstream-media/
571611549,20160822,201608,2016,2016.6356,AUS,AUSTRALIA,AUS,,,,,,,,CHN,CHINA,CHN,,,,,,,,0,061,061,06,2,6.4,10,1,10,0.60862662079915,1,Australia,AS,AS,-27,133,AS,4,"Shanghai, Shanghai, China",CH,CH23,31.2222,121.458,-1924465,1,Australia,AS,AS,-27,133,AS,20160822,http://www.silverdoctors.com/gold/gold-news/spectacular-chinese-gold-demand-in-2015-fully-denied-by-gfms-mainstream-media/
571611550,20160822,201608,2016,2016.6356,AUS,AUSTRALIA,AUS,,,,,,,,CHN,CHINA,CHN,,,,,,,,0,141,141,14,3,-6.5,10,1,10,0.60862662079915,1,Australia,AS,AS,-27,133,AS,4,"Shanghai, Shanghai, China",CH,CH23,31.2222,121.458,-1924465,4,"Shanghai, Shanghai, China",CH,CH23,31.2222,121.458,-1924465,20160822,http://www.silverdoctors.com/gold/gold-news/spectacular-chinese-gold-demand-in-2015-fully-denied-by-gfms-mainstream-media/
571611553,20160822,201608,2016,2016.6356,AUS,AUSTRALIA,AUS,,,,,,,,GBR,UNITED KINGDOM,GBR,,,,,,,,0,061,061,06,2,6.4,2,1,2,0.60862662079915,1,Australia,AS,AS,-27,133,AS,4,"London, London, City of, United Kingdom",UK,UKH9,51.5,-0.116667,-2601889,4,"London, London, City of, United Kingdom",UK,UKH9,51.5,-0.116667,-2601889,20160822,http://www.silverdoctors.com/gold/gold-news/spectacular-chinese-gold-demand-in-2015-fully-denied-by-gfms-mainstream-media/
571611745,20160822,201608,2016,2016.6356,CHN,CHINA,CHN,,,,,,,,,,,,,,,,,,0,061,061,06,2,6.4,5,1,5,0.60862662079915,4,"Shenzhen, Guangdong, China",CH,CH30,22.2,111.117,-1925267,0,,,,,,,4,"Shenzhen, Guangdong, China",CH,CH30,22.2,111.117,-1925267,20160822,http://www.silverdoctors.com/gold/gold-news/spectacular-chinese-gold-demand-in-2015-fully-denied-by-gfms-mainstream-media/
571611748,20160822,201608,2016,2016.6356,CHN,CHINA,CHN,,,,,,,,,,,,,,,,,,0,120,120,12,3,-4.0,2,1,2,0.60862662079915,1,Canada,CA,CA,60,-95,CA,0,,,,,,,4,"Shenzhen, Guangdong, China",CH,CH30,22.2,111.117,-1925267,20160822,http://www.silverdoctors.com/gold/gold-news/spectacular-chinese-gold-demand-in-2015-fully-denied-by-gfms-mainstream-media/
571611751,20160822,201608,2016,2016.6356,CHN,CHINA,CHN,,,,,,,,CHE,SWITZERLAND,CHE,,,,,,,,0,061,061,06,2,6.4,10,1,10,0.60862662079915,4,"Shenzhen, Guangdong, China",CH,CH30,22.2,111.117,-1925267,1,Switzerland,SZ,SZ,47,8,SZ,4,"Shenzhen, Guangdong, China",CH,CH30,22.2,111.117,-1925267,20160822,http://www.silverdoctors.com/gold/gold-news/spectacular-chinese-gold-demand-in-2015-fully-denied-by-gfms-mainstream-media/
571612015,20160822,201608,2016,2016.6356,EDU,SCHOOL,,,,,,EDU,,,USA,CHICAGO,USA,,,,,,,,1,020,020,02,1,3.0,10,1,10,1.68539325842697,3,"Chicago, Illinois, United States",US,USIL,41.85,-87.6501,423587,3,"Chicago, Illinois, United States",US,USIL,41.85,-87.6501,423587,3,"Chicago, Illinois, United States",US,USIL,41.85,-87.6501,423587,20160822,http://chicago.curbed.com/2016/8/22/12583754/for-sale-chicago-gold-coast-lake-shore-drive-co-op
571615449,20160822,201608,2016,2016.6356,AFR,AFRICA,AFR,,,,,,,,CAN,CANADIAN,CAN,,,,,,,,1,057,057,05,1,8.0,2,1,2,4.67289719626168,1,Mali,ML,ML,17,-4,ML,1,Mali,ML,ML,17,-4,ML,1,Mali,ML,ML,17,-4,ML,20160822,http://www.mining.com/ashanti-alecto-jointly-develop-mali-gold-project/
571615472,20160822,201608,2016,2016.6356,AUS,AUSTRALIA,AUS,,,,,,,,,,,,,,,,,,1,020,020,02,1,3.0,4,1,4,0,2,"California, United States",US,USCA,36.17,-119.746,CA,0,,,,,,,2,"California, United States",US,USCA,36.17,-119.746,CA,20160822,http://www.californiagoldenblogs.com/2016/8/22/12583300/dbd-8-22-2016-australia-australia-we-love-you-amen
571615595,20160822,201608,2016,2016.6356,CAN,CANADIAN,CAN,,,,,,,,AFR,AFRICA,AFR,,,,,,,,1,057,057,05,1,8.0,2,1,2,4.67289719626168,1,Canada,CA,CA,60,-95,CA,1,Mali,ML,ML,17,-4,ML,1,Canada,CA,CA,60,-95,CA,20160822,http://www.mining.com/ashanti-alecto-jointly-develop-mali-gold-project/
571615617,20160822,201608,2016,2016.6356,CAN,CANADIAN,CAN,,,,,,,,twi,ASHANTI,,,twi,,,,,,1,057,057,05,1,8.0,8,1,8,4.67289719626168,1,Canada,CA,CA,60,-95,CA,1,Canada,CA,CA,60,-95,CA,1,Canada,CA,CA,60,-95,CA,20160822,http://www.mining.com/ashanti-alecto-jointly-develop-mali-gold-project/
571617566,20160822,201608,2016,2016.6356,twi,ASHANTI,,,twi,,,,,,CAN,CANADIAN,CAN,,,,,,,,1,057,057,05,1,8.0,8,1,8,4.67289719626168,1,Mali,ML,ML,17,-4,ML,1,Mali,ML,ML,17,-4,ML,1,Mali,ML,ML,17,-4,ML,20160822,http://www.mining.com/ashanti-alecto-jointly-develop-mali-gold-project/
571619640,20160822,201608,2016,2016.6356,COP,POLICE,,,,,,COP,,,MCOELI,ALBERT,MCO,,,,,ELI,,,1,020,020,02,1,3.0,10,1,10,-2.97029702970297,1,Ghana,GH,GH,8,-2,GH,1,Ghana,GH,GH,8,-2,GH,1,Ghana,GH,GH,8,-2,GH,20160822,http://www.smh.com.au/queensland/shot-fired-inside-gold-coast-unit-20160821-gqxut3
571625090,20160822,201608,2016,2016.6356,USA,UNITED STATES,USA,,,,,,,,HLH,HOSPITAL,,,,,,HLH,,,1,010,010,01,1,0.0,4,1,4,2.61136712749616,2,"Nevada, United States",US,USNV,38.4199,-117.122,NV,2,"Nevada, United States",US,USNV,38.4199,-117.122,NV,2,"Nevada, United States",US,USNV,38.4199,-117.122,NV,20160822,http://www.goldderby.com/article/2016/julia-louis-dreyfus-veep-mother-emmy-awards-news-1357924680/
571625159,20160822,201608,2016,2016.6356,USA,AMERICAN,USA,,,,,,,,OPP,PRISONER,,,,,,OPP,,,1,020,020,02,1,3.0,3,1,3,-1.82232346241458,1,United States,US,US,38,-97,US,1,United States,US,US,38,-97,US,1,United States,US,US,38,-97,US,20160822,https://news.vice.com/article/ramen-is-the-new-gold-standard-in-prison-currency-study-says
571626847,20160822,201608,2016,2016.6356,,,,,,,,,,,INDGOV,HARYANA,IND,,,,,GOV,,,1,036,036,03,1,4.0,6,1,6,3.80434782608696,0,,,,,,,4,"Delhi, Delhi, India",IN,IN07,28.6667,77.2167,-2094230,4,"Delhi, Delhi, India",IN,IN07,28.6667,77.2167,-2094230,20160822,http://www.india.com/news/india/narendra-modi-to-attend-function-to-mark-golden-jubilee-of-haryanas-creation-1426881/
571626848,20160822,201608,2016,2016.6356,,,,,,,,,,,INDGOV,HARYANA,IND,,,,,GOV,,,1,036,036,03,1,4.0,4,1,4,3.80434782608696,0,,,,,,,4,"Kurukshetra, Haryana, India",IN,IN10,30,76.75,-2102097,4,"Kurukshetra, Haryana, India",IN,IN10,30,76.75,-2102097,20160822,http://www.india.com/news/india/narendra-modi-to-attend-function-to-mark-golden-jubilee-of-haryanas-creation-1426881/
571626912,20160822,201608,2016,2016.6356,,,,,,,,,,,USA,NEW YORK CITY,USA,,,,,,,,1,040,040,04,1,1.0,6,1,6,6.78899082568807,0,,,,,,,1,Australia,AS,AS,-27,133,AS,1,Australia,AS,AS,-27,133,AS,20160822,http://www.dailymail.co.uk/tvshowbiz/article-3753350/All-glitters-gold-Miranda-Kerr-flashes-flesh-sexy-beach-shoot-continues-enjoy-engagement-Snapchat-founder-Evan-Spiegel.html
571626991,20160822,201608,2016,2016.6356,AUS,AUSTRALIA,AUS,,,,,,,,,,,,,,,,,,1,032,032,03,1,4.5,4,1,4,6.78899082568807,1,Australia,AS,AS,-27,133,AS,0,,,,,,,1,Australia,AS,AS,-27,133,AS,20160822,http://www.dailymail.co.uk/tvshowbiz/article-3753350/All-glitters-gold-Miranda-Kerr-flashes-flesh-sexy-beach-shoot-continues-enjoy-engagement-Snapchat-founder-Evan-Spiegel.html
571627004,20160822,201608,2016,2016.6356,AUSMED,AUSTRALIA,AUS,,,,,MED,,,AUS,AUSTRALIA,AUS,,,,,,,,0,020,020,02,1,3.0,8,1,8,6.78899082568807,1,Australia,AS,AS,-27,133,AS,1,Australia,AS,AS,-27,133,AS,1,Australia,AS,AS,-27,133,AS,20160822,http://www.dailymail.co.uk/tvshowbiz/article-3753350/All-glitters-gold-Miranda-Kerr-flashes-flesh-sexy-beach-shoot-continues-enjoy-engagement-Snapchat-founder-Evan-Spiegel.html
571627005,20160822,201608,2016,2016.6356,AUSMED,AUSTRALIA,AUS,,,,,MED,,,AUS,AUSTRALIA,AUS,,,,,,,,0,020,020,02,1,3.0,2,1,2,6.78899082568807,2,"New York, United States",US,USNY,42.1497,-74.9384,NY,2,"New York, United States",US,USNY,42.1497,-74.9384,NY,2,"New York, United States",US,USNY,42.1497,-74.9384,NY,20160822,http://www.dailymail.co.uk/tvshowbiz/article-3753350/All-glitters-gold-Miranda-Kerr-flashes-flesh-sexy-beach-shoot-continues-enjoy-engagement-Snapchat-founder-Evan-Spiegel.html
571627073,20160822,201608,2016,2016.6356,BUS,INVESTOR,,,,,,BUS,,,,,,,,,,,,,0,130,130,13,3,-4.4,30,3,30,-1.10337135620322,4,"Pirquitas, Jujuy, Argentina",AR,AR10,-22.7058,-66.466,-1004109,0,,,,,,,4,"Pirquitas, Jujuy, Argentina",AR,AR10,-22.7058,-66.466,-1004109,20160822,http://www.marketwatch.com/story/golden-arrow-announces-trading-on-otcqb-2016-08-22
571627778,20160822,201608,2016,2016.6356,GOV,PRIME MINISTER,,,,,,GOV,,,IND,HARYANA,IND,,,,,,,,1,051,051,05,1,3.4,10,1,10,3.80434782608696,4,"Kurukshetra, Haryana, India",IN,IN10,30,76.75,-2102097,4,"Kurukshetra, Haryana, India",IN,IN10,30,76.75,-2102097,4,"Kurukshetra, Haryana, India",IN,IN10,30,76.75,-2102097,20160822,http://www.india.com/news/india/narendra-modi-to-attend-function-to-mark-golden-jubilee-of-haryanas-creation-1426881/
571627869,20160822,201608,2016,2016.6356,GOVMIL,DEFENCE MINIST,,,,,,GOV,MIL,,,,,,,,,,,,0,060,060,06,2,6.0,2,1,2,3.80434782608696,4,"Kurukshetra, Haryana, India",IN,IN10,30,76.75,-2102097,0,,,,,,,4,"Kurukshetra, Haryana, India",IN,IN10,30,76.75,-2102097,20160822,http://www.india.com/news/india/narendra-modi-to-attend-function-to-mark-golden-jubilee-of-haryanas-creation-1426881/
571627870,20160822,201608,2016,2016.6356,GOVMIL,DEFENCE MINIST,,,,,,GOV,MIL,,,,,,,,,,,,0,060,060,06,2,6.0,2,1,2,3.80434782608696,4,"Kurukshetra, Haryana, India",IN,IN10,30,76.75,-2102097,0,,,,,,,4,"Hindustan, India (general), India",IN,IN00,28,76,-3414754,20160822,http://www.india.com/news/india/narendra-modi-to-attend-function-to-mark-golden-jubilee-of-haryanas-creation-1426881/
571627871,20160822,201608,2016,2016.6356,GOVMIL,DEFENCE MINIST,,,,,,GOV,MIL,,,,,,,,,,,,0,060,060,06,2,6.0,14,2,14,4.01697753842113,4,"Hindustan, India (general), India",IN,IN00,28,76,-3414754,0,,,,,,,4,"Hindustan, India (general), India",IN,IN00,28,76,-3414754,20160822,http://www.india.com/news/india/narendra-modi-to-attend-function-to-mark-golden-jubilee-of-haryanas-creation-1426881/
571627933,20160822,201608,2016,2016.6356,INDGOV,HARYANA,IND,,,,,GOV,,,,,,,,,,,,,1,036,036,03,1,4.0,4,1,4,3.80434782608696,4,"Kurukshetra, Haryana, India",IN,IN10,30,76.75,-2102097,0,,,,,,,4,"Kurukshetra, Haryana, India",IN,IN10,30,76.75,-2102097,20160822,http://www.india.com/news/india/narendra-modi-to-attend-function-to-mark-golden-jubilee-of-haryanas-creation-1426881/
571627934,20160822,201608,2016,2016.6356,INDGOV,HARYANA,IND,,,,,GOV,,,,,,,,,,,,,1,036,036,03,1,4.0,8,2,8,4.01697753842113,4,"Hindustan, India (general), India",IN,IN00,28,76,-3414754,0,,,,,,,4,"Hindustan, India (general), India",IN,IN00,28,76,-3414754,20160822,http://www.india.com/news/india/narendra-modi-to-attend-function-to-mark-golden-jubilee-of-haryanas-creation-1426881/
571627935,20160822,201608,2016,2016.6356,INDGOV,HARYANA,IND,,,,,GOV,,,GOV,PRIME MINISTER,,,,,,GOV,,,1,010,010,01,1,0.0,6,1,6,3.80434782608696,4,"Delhi, Delhi, India",IN,IN07,28.6667,77.2167,-2094230,4,"Kurukshetra, Haryana, India",IN,IN10,30,76.75,-2102097,4,"Kurukshetra, Haryana, India",IN,IN10,30,76.75,-2102097,20160822,http://www.india.com/news/india/narendra-modi-to-attend-function-to-mark-golden-jubilee-of-haryanas-creation-1426881/
571627936,20160822,201608,2016,2016.6356,INDGOV,HARYANA,IND,,,,,GOV,,,GOV,PRIME MINISTER,,,,,,GOV,,,1,010,010,01,1,0.0,4,1,4,3.80434782608696,4,"Kurukshetra, Haryana, India",IN,IN10,30,76.75,-2102097,4,"Kurukshetra, Haryana, India",IN,IN10,30,76.75,-2102097,4,"Kurukshetra, Haryana, India",IN,IN10,30,76.75,-2102097,20160822,http://www.india.com/news/india/narendra-modi-to-attend-function-to-mark-golden-jubilee-of-haryanas-creation-1426881/
571627937,20160822,201608,2016,2016.6356,INDGOV,HARYANA,IND,,,,,GOV,,,GOV,CHIEF MINISTER,,,,,,GOV,,,1,030,030,03,1,4.0,6,1,6,3.80434782608696,4,"Delhi, Delhi, India",IN,IN07,28.6667,77.2167,-2094230,4,"Kurukshetra, Haryana, India",IN,IN10,30,76.75,-2102097,4,"Delhi, Delhi, India",IN,IN07,28.6667,77.2167,-2094230,20160822,http://www.india.com/news/india/narendra-modi-to-attend-function-to-mark-golden-jubilee-of-haryanas-creation-1426881/
571627938,20160822,201608,2016,2016.6356,INDGOV,HARYANA,IND,,,,,GOV,,,GOV,CHIEF MINISTER,,,,,,GOV,,,1,030,030,03,1,4.0,4,1,4,3.80434782608696,4,"Kurukshetra, Haryana, India",IN,IN10,30,76.75,-2102097,4,"Kurukshetra, Haryana, India",IN,IN10,30,76.75,-2102097,4,"Kurukshetra, Haryana, India",IN,IN10,30,76.75,-2102097,20160822,http://www.india.com/news/india/narendra-modi-to-attend-function-to-mark-golden-jubilee-of-haryanas-creation-1426881/
571628035,20160822,201608,2016,2016.6356,JOR,JORDAN,JOR,,,,,,,,,,,,,,,,,,1,084,084,08,2,7.0,50,4,50,3.10248582580847,1,Jordan,JO,JO,31,36,JO,0,,,,,,,1,Jordan,JO,JO,31,36,JO,20160822,http://www.nikeblog.com/2016/08/22/air-jordan-11-low-metallic-gold-2/
571629464,20160822,201608,2016,2016.6356,AUS,AUSTRALIA,AUS,,,,,,,,THA,BANGKOK,THA,,,,,,,,1,042,042,04,1,1.9,48,10,48,3.66112924698267,4,"Inverloch, Victoria, Australia",AS,AS07,-38.6266,145.723,-1579550,4,"Perth, Western Australia, Australia",AS,AS08,-31.9333,115.833,-1594675,4,"Inverloch, Victoria, Australia",AS,AS07,-38.6266,145.723,-1579550,20160822,http://www.goldcoastbulletin.com.au/news/breaking-news/victorian-woman-drowns-in-cambodia/news-story/72022fb1aa23921d6a954464348b77e8
571629465,20160822,201608,2016,2016.6356,AUS,AUSTRALIA,AUS,,,,,,,,THA,BANGKOK,THA,,,,,,,,1,042,042,04,1,1.9,48,10,48,3.66112924698267,4,"Inverloch, Victoria, Australia",AS,AS07,-38.6266,145.723,-1579550,4,"Perth, Western Australia, Australia",AS,AS08,-31.9333,115.833,-1594675,4,"Perth, Western Australia, Australia",AS,AS08,-31.9333,115.833,-1594675,20160822,http://www.goldcoastbulletin.com.au/news/breaking-news/victorian-woman-drowns-in-cambodia/news-story/72022fb1aa23921d6a954464348b77e8
571629573,20160822,201608,2016,2016.6356,BUS,COMPANY,,,,,,BUS,,,USA,UNITED STATES,USA,,,,,,,,0,071,071,07,2,7.4,1,1,1,3.62694300518135,3,"San Antonio, Texas, United States",US,USTX,29.4241,-98.4936,1380951,3,"San Antonio, Texas, United States",US,USTX,29.4241,-98.4936,1380951,2,"Texas, United States",US,USTX,31.106,-97.6475,TX,20160822,http://www.resourceinvestor.com/2016/08/22/these-olympian-gold-royalty-companies-are-insanely-attractive
571629574,20160822,201608,2016,2016.6356,BUS,COMPANY,,,,,,BUS,,,USA,TEXAS,USA,,,,,,,,0,071,071,07,2,7.4,4,1,4,3.62694300518135,3,"San Antonio, Texas, United States",US,USTX,29.4241,-98.4936,1380951,2,"Texas, United States",US,USTX,31.106,-97.6475,TX,2,"Texas, United States",US,USTX,31.106,-97.6475,TX,20160822,http://www.resourceinvestor.com/2016/08/22/these-olympian-gold-royalty-companies-are-insanely-attractive
571629743,20160822,201608,2016,2016.6356,CVL,ENGINEER,,,,,,CVL,,,,,,,,,,,,,0,012,012,01,1,-0.4,6,1,6,-1.12739571589627,4,"Lower Silesia, Poland (general), Poland",PL,PL00,51,17,-499810,0,,,,,,,4,"Lower Silesia, Poland (general), Poland",PL,PL00,51,17,-499810,20160822,http://news.nationalpost.com/news/world/search-for-nazi-gold-train-unearths-decades-old-porcelain-used-to-bury-the-tunnel-we-are-looking-for
571629744,20160822,201608,2016,2016.6356,CVL,ENGINEER,,,,,,CVL,,,,,,,,,,,,,0,012,012,01,1,-0.4,4,1,4,-1.12739571589627,4,"Walbrzych, Dolnoslaskie, Poland",PL,PL72,50.7714,16.2843,-534239,0,,,,,,,4,"Walbrzych, Dolnoslaskie, Poland",PL,PL72,50.7714,16.2843,-534239,20160822,http://news.nationalpost.com/news/world/search-for-nazi-gold-train-unearths-decades-old-porcelain-used-to-bury-the-tunnel-we-are-looking-for
571629768,20160822,201608,2016,2016.6356,CVL,HUNTER,,,,,,CVL,,,DEU,GERMANY,DEU,,,,,,,,1,042,042,04,1,1.9,2,1,2,-2.07253886010363,4,"Walbrzych, Dolnoslaskie, Poland",PL,PL72,50.7714,16.2843,-534239,4,"Walbrzych, Dolnoslaskie, Poland",PL,PL72,50.7714,16.2843,-534239,4,"Walbrzych, Dolnoslaskie, Poland",PL,PL72,50.7714,16.2843,-534239,20160822,http://sputniknews.com/society/20160822/1044529624/nazi-gold-search-history.html
571629772,20160822,201608,2016,2016.6356,CVL,HUNTER,,,,,,CVL,,,GME,EAST GERMANY,,,,,,,,,1,042,042,04,1,1.9,3,1,3,-2.07253886010363,4,"Walbrzych, Dolnoslaskie, Poland",PL,PL72,50.7714,16.2843,-534239,4,"Walbrzych, Dolnoslaskie, Poland",PL,PL72,50.7714,16.2843,-534239,4,"Walbrzych, Dolnoslaskie, Poland",PL,PL72,50.7714,16.2843,-534239,20160822,http://sputniknews.com/society/20160822/1044529624/nazi-gold-search-history.html
571629982,20160822,201608,2016,2016.6356,GME,EAST GERMANY,,,,,,,,,CVL,HUNTER,,,,,,CVL,,,1,043,043,04,1,2.8,3,1,3,-2.07253886010363,1,Germany,GM,GM,51,9,GM,1,Germany,GM,GM,51,9,GM,1,Germany,GM,GM,51,9,GM,20160822,http://sputniknews.com/society/20160822/1044529624/nazi-gold-search-history.html
571630411,20160822,201608,2016,2016.6356,KHM,CAMBODIA,KHM,,,,,,,,,,,,,,,,,,1,017,017,01,1,0.0,180,11,180,3.50544367976033,4,"Perth, Western Australia, Australia",AS,AS08,-31.9333,115.833,-1594675,0,,,,,,,4,"Perth, Western Australia, Australia",AS,AS08,-31.9333,115.833,-1594675,20160822,http://www.goldcoastbulletin.com.au/news/breaking-news/victorian-woman-drowns-in-cambodia/news-story/72022fb1aa23921d6a954464348b77e8
571630764,20160822,201608,2016,2016.6356,POL,POLAND,POL,,,,,,,,,,,,,,,,,,0,010,010,01,1,0.0,4,1,4,-1.12739571589627,4,"Walbrzych, Dolnoslaskie, Poland",PL,PL72,50.7714,16.2843,-534239,0,,,,,,,4,"Walbrzych, Dolnoslaskie, Poland",PL,PL72,50.7714,16.2843,-534239,20160822,http://news.nationalpost.com/news/world/search-for-nazi-gold-train-unearths-decades-old-porcelain-used-to-bury-the-tunnel-we-are-looking-for
571630905,20160822,201608,2016,2016.6356,THA,BANGKOK,THA,,,,,,,,AUS,AUSTRALIA,AUS,,,,,,,,1,043,043,04,1,2.8,48,10,48,3.66112924698267,4,"Perth, Western Australia, Australia",AS,AS08,-31.9333,115.833,-1594675,4,"Inverloch, Victoria, Australia",AS,AS07,-38.6266,145.723,-1579550,4,"Inverloch, Victoria, Australia",AS,AS07,-38.6266,145.723,-1579550,20160822,http://www.goldcoastbulletin.com.au/news/breaking-news/victorian-woman-drowns-in-cambodia/news-story/72022fb1aa23921d6a954464348b77e8
571630906,20160822,201608,2016,2016.6356,THA,BANGKOK,THA,,,,,,,,AUS,AUSTRALIA,AUS,,,,,,,,1,043,043,04,1,2.8,48,10,48,3.66112924698267,4,"Perth, Western Australia, Australia",AS,AS08,-31.9333,115.833,-1594675,4,"Inverloch, Victoria, Australia",AS,AS07,-38.6266,145.723,-1579550,4,"Perth, Western Australia, Australia",AS,AS08,-31.9333,115.833,-1594675,20160822,http://www.goldcoastbulletin.com.au/news/breaking-news/victorian-woman-drowns-in-cambodia/news-story/72022fb1aa23921d6a954464348b77e8
571634496,20160822,201608,2016,2016.6356,BUS,INVESTOR,,,,,,BUS,,,,,,,,,,,,,0,130,130,13,3,-4.4,10,1,10,0,4,"Vancouver, British Columbia, Canada",CA,CA02,49.25,-123.133,-575268,0,,,,,,,4,"Vancouver, British Columbia, Canada",CA,CA02,49.25,-123.133,-575268,20160822,http://www.finanznachrichten.de/nachrichten-2016-08/38366557-golden-arrow-announces-trading-on-otcqb-256.htm
571635921,20160822,201608,2016,2016.6356,USA,UNITED STATES,USA,,,,,,,,,,,,,,,,,,1,033,033,03,1,5.2,2,1,2,7.2992700729927,3,"Boise, Idaho, United States",US,USID,43.6135,-116.203,400590,0,,,,,,,3,"Boise, Idaho, United States",US,USID,43.6135,-116.203,400590,20160822,http://www.idahopress.com/news/local/camp-rainbow-gold-receives-million-donation-for-new-camp/article_9a768879-c0e3-522a-ac08-2296e363dc5e.html
571635922,20160822,201608,2016,2016.6356,USA,UNITED STATES,USA,,,,,,,,,,,,,,,,,,1,033,033,03,1,5.2,4,1,4,7.2992700729927,2,"Idaho, United States",US,USID,44.2394,-114.51,ID,0,,,,,,,2,"Idaho, United States",US,USID,44.2394,-114.51,ID,20160822,http://www.idahopress.com/news/local/camp-rainbow-gold-receives-million-donation-for-new-camp/article_9a768879-c0e3-522a-ac08-2296e363dc5e.html
571635954,20160822,201608,2016,2016.6356,USA,UNITED STATES,USA,,,,,,,,,,,,,,,,,,1,070,070,07,2,7.0,3,1,3,7.2992700729927,3,"Boise, Idaho, United States",US,USID,43.6135,-116.203,400590,0,,,,,,,3,"Boise, Idaho, United States",US,USID,43.6135,-116.203,400590,20160822,http://www.idahopress.com/news/local/camp-rainbow-gold-receives-million-donation-for-new-camp/article_9a768879-c0e3-522a-ac08-2296e363dc5e.html
571635999,20160822,201608,2016,2016.6356,USA,UNITED STATES,USA,,,,,,,,,,,,,,,,,,0,141,141,14,3,-6.5,4,1,4,7.2992700729927,3,"Boise, Idaho, United States",US,USID,43.6135,-116.203,400590,0,,,,,,,3,"Boise, Idaho, United States",US,USID,43.6135,-116.203,400590,20160822,http://www.idahopress.com/news/local/camp-rainbow-gold-receives-million-donation-for-new-camp/article_9a768879-c0e3-522a-ac08-2296e363dc5e.html
571636232,20160822,201608,2016,2016.6356,USA,SAN FRANCISCO,USA,,,,,,,,USAJUD,CALIFORNIA,USA,,,,,JUD,,,1,1241,124,12,3,-4.0,167,20,167,0.21563889345877,2,"California, United States",US,USCA,36.17,-119.746,CA,2,"California, United States",US,USCA,36.17,-119.746,CA,2,"California, United States",US,USCA,36.17,-119.746,CA,20160822,http://hosted.ap.org/dynamic/stories/U/US_GOLD_MINING_SUCTION_DREDGING_THE_LATEST?SITE=AP&SECTION=HOME&TEMPLATE=DEFAULT&CTIME=2016-08-22-13-52-28
571636315,20160822,201608,2016,2016.6356,USAJUD,CALIFORNIA,USA,,,,,JUD,,,,,,,,,,,,,1,1241,124,12,3,-4.0,22,7,22,0.440819688713874,2,"California, United States",US,USCA,36.17,-119.746,CA,0,,,,,,,2,"California, United States",US,USCA,36.17,-119.746,CA,20160822,http://www.startribune.com/the-latest-court-rules-against-gold-mining-technique/390938411/
571636317,20160822,201608,2016,2016.6356,USAJUD,CALIFORNIA,USA,,,,,JUD,,,,,,,,,,,,,1,172,172,17,4,-5.0,310,38,292,-1.55941228714655,2,"California, United States",US,USCA,36.17,-119.746,CA,0,,,,,,,2,"California, United States",US,USCA,36.17,-119.746,CA,20160822,http://www.startribune.com/the-latest-court-rules-against-gold-mining-technique/390938411/
571636331,20160822,201608,2016,2016.6356,USAMED,ASSOCIATED PRESS,USA,,,,,MED,,,USAJUD,CALIFORNIA,USA,,,,,JUD,,,1,1241,124,12,3,-4.0,25,3,25,0.201878105817013,2,"California, United States",US,USCA,36.17,-119.746,CA,2,"California, United States",US,USCA,36.17,-119.746,CA,2,"California, United States",US,USCA,36.17,-119.746,CA,20160822,http://www.sandiegouniontribune.com/news/2016/aug/22/the-latest-court-rules-against-gold-mining/
571637827,20160822,201608,2016,2016.6356,,,,,,,,,,,NMRBUS,NORTH AMERICA,NMR,,,,,BUS,,,1,036,036,03,1,4.0,6,3,6,5.61158146143674,0,,,,,,,1,United States,US,US,38,-97,US,1,United States,US,US,38,-97,US,20160822,http://www.4-traders.com/AUSTRAL-GOLD-LIMITED-10354914/news/Austral-Gold-Limited-to-Commence-Trading-on-TSX-Venture-Exchange-22939062/
571637888,20160822,201608,2016,2016.6356,,,,,,,,,,,USABUS,UNITED STATES,USA,,,,,BUS,,,1,036,036,03,1,4.0,12,3,12,5.61158146143674,0,,,,,,,1,United States,US,US,38,-97,US,1,United States,US,US,38,-97,US,20160822,http://www.4-traders.com/AUSTRAL-GOLD-LIMITED-10354914/news/Austral-Gold-Limited-to-Commence-Trading-on-TSX-Venture-Exchange-22939062/
571638773,20160822,201608,2016,2016.6356,IND,NEW DELHI,IND,,,,,,,,SPY,INTELLIGENCE,,,,,,SPY,,,1,043,043,04,1,2.8,2,1,2,0.515463917525779,4,"Delhi, Delhi, India",IN,IN07,28.6667,77.2167,-2094230,4,"Delhi, Delhi, India",IN,IN07,28.6667,77.2167,-2094230,4,"Dubai, Dubayy, United Arab Emirates",AE,AE03,25.2522,55.28,-782831,20160822,http://thekooza.com/indian-woman-hid-2-kg-gold-in-her-underwear-caught-at-delhi-airport/
571638793,20160822,201608,2016,2016.6356,IRN,IRAN,IRN,,,,,,,,QAT,QATAR,QAT,,,,,,,,1,110,110,11,3,-2.0,5,1,5,2.92397660818714,1,Iran,IR,IR,32,53,IR,1,Iran,IR,IR,32,53,IR,1,Iran,IR,IR,32,53,IR,20160822,http://www.mei.edu/content/sharing-pot-gold-iran-qatar-and-pars-gas-field
571639233,20160822,201608,2016,2016.6356,NMR,NORTH AMERICA,NMR,,,,,,,,USABUS,UNITED STATES,USA,,,,,BUS,,,1,036,036,03,1,4.0,12,3,12,5.61158146143674,1,Argentina,AR,AR,-34,-64,AR,1,Argentina,AR,AR,-34,-64,AR,1,Argentina,AR,AR,-34,-64,AR,20160822,http://www.4-traders.com/AUSTRAL-GOLD-LIMITED-10354914/news/Austral-Gold-Limited-to-Commence-Trading-on-TSX-Venture-Exchange-22939062/
571639234,20160822,201608,2016,2016.6356,NMRBUS,NORTH AMERICA,NMR,,,,,BUS,,,,,,,,,,,,,1,036,036,03,1,4.0,6,3,6,5.61158146143674,1,Argentina,AR,AR,-34,-64,AR,0,,,,,,,1,Argentina,AR,AR,-34,-64,AR,20160822,http://www.4-traders.com/AUSTRAL-GOLD-LIMITED-10354914/news/Austral-Gold-Limited-to-Commence-Trading-on-TSX-Venture-Exchange-22939062/
571639318,20160822,201608,2016,2016.6356,QAT,QATAR,QAT,,,,,,,,IRN,IRAN,IRN,,,,,,,,1,110,110,11,3,-2.0,1,1,1,2.92397660818714,1,Iran,IR,IR,32,53,IR,1,Iran,IR,IR,32,53,IR,1,Qatar,QA,QA,25.5,51.25,QA,20160822,http://www.mei.edu/content/sharing-pot-gold-iran-qatar-and-pars-gas-field
571639319,20160822,201608,2016,2016.6356,QAT,QATAR,QAT,,,,,,,,IRN,IRAN,IRN,,,,,,,,1,110,110,11,3,-2.0,4,1,4,2.92397660818714,1,Qatar,QA,QA,25.5,51.25,QA,1,Iran,IR,IR,32,53,IR,1,Qatar,QA,QA,25.5,51.25,QA,20160822,http://www.mei.edu/content/sharing-pot-gold-iran-qatar-and-pars-gas-field
571639420,20160822,201608,2016,2016.6356,SPY,INTELLIGENCE,,,,,,SPY,,,IND,NEW DELHI,IND,,,,,,,,1,042,042,04,1,1.9,2,1,2,0.515463917525779,4,"Lahore, Punjab, Pakistan",PK,PK04,31.5497,74.3436,-2767043,4,"Lahore, Punjab, Pakistan",PK,PK04,31.5497,74.3436,-2767043,4,"Lahore, Punjab, Pakistan",PK,PK04,31.5497,74.3436,-2767043,20160822,http://thekooza.com/indian-woman-hid-2-kg-gold-in-her-underwear-caught-at-delhi-airport/
571639916,20160822,201608,2016,2016.6356,USABUS,UNITED STATES,USA,,,,,BUS,,,,,,,,,,,,,1,036,036,03,1,4.0,12,3,12,5.61158146143674,1,Argentina,AR,AR,-34,-64,AR,0,,,,,,,1,Argentina,AR,AR,-34,-64,AR,20160822,http://www.4-traders.com/AUSTRAL-GOLD-LIMITED-10354914/news/Austral-Gold-Limited-to-Commence-Trading-on-TSX-Venture-Exchange-22939062/
571639918,20160822,201608,2016,2016.6356,USABUS,UNITED STATES,USA,,,,,BUS,,,NMR,NORTH AMERICA,NMR,,,,,,,,1,036,036,03,1,4.0,12,3,12,5.61158146143674,1,United States,US,US,38,-97,US,1,United States,US,US,38,-97,US,1,United States,US,US,38,-97,US,20160822,http://www.4-traders.com/AUSTRAL-GOLD-LIMITED-10354914/news/Austral-Gold-Limited-to-Commence-Trading-on-TSX-Venture-Exchange-22939062/
571643083,20160822,201608,2016,2016.6356,JUD,COURT JUDGE,,,,,,JUD,,,,,,,,,,,,,0,110,110,11,3,-2.0,10,1,10,-3.14769975786925,2,"Maryland, United States",US,USMD,39.0724,-76.7902,MD,0,,,,,,,2,"Maryland, United States",US,USMD,39.0724,-76.7902,MD,20160822,http://www.courthousenews.com/2016/08/22/freddie-mac-golden-parachute-up-in-smoke.htm
571644124,20160822,201608,2016,2016.6356,USA,SAN FRANCISCO,USA,,,,,,,,USAJUD,CALIFORNIA,USA,,,,,JUD,,,1,1241,124,12,3,-4.0,10,1,10,0.30581039755352,2,"California, United States",US,USCA,36.17,-119.746,CA,3,"Fremont, California, United States",US,USCA,35.1916,-117.577,252893,3,"Fremont, California, United States",US,USCA,35.1916,-117.577,252893,20160822,http://fremonttribune.com/news/national/the-latest-court-rules-against-gold-mining-technique/article_8399bcf5-50b6-5262-a5cc-0bf8d7aa616c.html
571646098,20160822,201608,2016,2016.6356,CHR,CHRISTIANITY,,,,CHR,,,,,,,,,,,,,,,0,020,020,02,1,3.0,2,1,2,0,1,China,CH,CH,35,105,CH,0,,,,,,,1,China,CH,CH,35,105,CH,20160822,http://www.christianpost.com/news/russell-moore-prosperity-preachers-sitting-on-gold-thrones-dont-understand-persecuted-church-168370/
571646099,20160822,201608,2016,2016.6356,CHR,CHRISTIANITY,,,,CHR,,,,,,,,,,,,,,,0,020,020,02,1,3.0,8,1,8,0,1,Sudan,SU,SU,15,30,SU,0,,,,,,,1,Sudan,SU,SU,15,30,SU,20160822,http://www.christianpost.com/news/russell-moore-prosperity-preachers-sitting-on-gold-thrones-dont-understand-persecuted-church-168370/
571646101,20160822,201608,2016,2016.6356,CHR,CHRISTIAN,,,,CHR,,,,,CHR,CHRISTIANITY,,,,CHR,,,,,1,010,010,01,1,0.0,20,2,20,-0.541516245487365,1,United States,US,US,38,-97,US,1,United States,US,US,38,-97,US,1,United States,US,US,38,-97,US,20160822,http://www.christianpost.com/news/russell-moore-prosperity-preachers-sitting-on-gold-thrones-dont-understand-persecuted-church-168370/
571646102,20160822,201608,2016,2016.6356,CHR,CHRISTIANITY,,,,CHR,,,,,CHR,CHRISTIAN,,,,CHR,,,,,1,042,042,04,1,1.9,20,2,20,-0.541516245487365,1,United States,US,US,38,-97,US,1,United States,US,US,38,-97,US,1,United States,US,US,38,-97,US,20160822,http://www.christianpost.com/news/russell-moore-prosperity-preachers-sitting-on-gold-thrones-dont-understand-persecuted-church-168370/
571646103,20160822,201608,2016,2016.6356,CHR,CHRISTIAN,,,,CHR,,,,,CHR,CHRISTIANITY,,,,CHR,,,,,1,043,043,04,1,2.8,20,2,20,-0.541516245487365,1,United States,US,US,38,-97,US,1,United States,US,US,38,-97,US,1,United States,US,US,38,-97,US,20160822,http://www.christianpost.com/news/russell-moore-prosperity-preachers-sitting-on-gold-thrones-dont-understand-persecuted-church-168370/
571647827,20160822,201608,2016,2016.6356,USA,UNITED STATES,USA,,,,,,,,REL,BELIEVER,,,,,,,,,0,020,020,02,1,3.0,4,1,4,0,1,United States,US,US,38,-97,US,1,United States,US,US,38,-97,US,1,United States,US,US,38,-97,US,20160822,http://www.christianpost.com/news/russell-moore-prosperity-preachers-sitting-on-gold-thrones-dont-understand-persecuted-church-168370/
571647845,20160822,201608,2016,2016.6356,USA,UNITED STATES,USA,,,,,,,,USACHR,UNITED STATES,USA,,,CHR,,,,,1,010,010,01,1,0.0,8,2,8,-0.541516245487365,1,United States,US,US,38,-97,US,1,United States,US,US,38,-97,US,1,United States,US,US,38,-97,US,20160822,http://www.christianpost.com/news/russell-moore-prosperity-preachers-sitting-on-gold-thrones-dont-understand-persecuted-church-168370/
571649281,20160822,201608,2016,2016.6356,,,,,,,,,,,BRA,BRAZIL,BRA,,,,,,,,0,042,042,04,1,1.9,46,8,46,0.335796289192829,0,,,,,,,4,"Nova Lima, Minas Gerais, Brazil",BR,BR15,-19.9833,-43.85,-657348,4,"Nova Lima, Minas Gerais, Brazil",BR,BR15,-19.9833,-43.85,-657348,20160822,http://www.4-traders.com/ELDORADO-GOLD-CORP-1409865/news/Eldorado-Gold-Announces-New-Exploration-Projects-in-Romania-Serbia-and-Brazil-22939167/
571649296,20160822,201608,2016,2016.6356,,,,,,,,,,,CAN,CANADA,CAN,,,,,,,,0,057,057,05,1,8.0,6,1,6,0.41109969167523,0,,,,,,,4,"Eldorado, Saskatchewan, Canada",CA,CA11,59.55,-108.5,-564133,4,"Eldorado, Saskatchewan, Canada",CA,CA11,59.55,-108.5,-564133,20160822,http://www.4-traders.com/ELDORADO-GOLD-CORP-1409865/news/Eldorado-Gold-Announces-New-Exploration-Projects-in-Romania-Serbia-and-Brazil-22939167/
571649297,20160822,201608,2016,2016.6356,,,,,,,,,,,CAN,CANADA,CAN,,,,,,,,0,057,057,05,1,8.0,2,1,2,0.41109969167523,0,,,,,,,4,"Eldorado, Saskatchewan, Canada",CA,CA11,59.55,-108.5,-564133,4,"Sao Bento, CearáR, Brazil",BR,BR06,-7.16667,-40.05,-670050,20160822,http://www.4-traders.com/ELDORADO-GOLD-CORP-1409865/news/Eldorado-Gold-Announces-New-Exploration-Projects-in-Romania-Serbia-and-Brazil-22939167/
571649405,20160822,201608,2016,2016.6356,,,,,,,,,,,PER,LIMA,PER,,,,,,,,0,042,042,04,1,1.9,16,8,16,0.335796289192829,0,,,,,,,4,"Nova Lima, Minas Gerais, Brazil",BR,BR15,-19.9833,-43.85,-657348,4,"Nova Lima, Minas Gerais, Brazil",BR,BR15,-19.9833,-43.85,-657348,20160822,http://www.4-traders.com/ELDORADO-GOLD-CORP-1409865/news/Eldorado-Gold-Announces-New-Exploration-Projects-in-Romania-Serbia-and-Brazil-22939167/
571649463,20160822,201608,2016,2016.6356,,,,,,,,,,,USA,UTAH,USA,,,,,,,,1,060,060,06,2,6.0,20,1,20,0,0,,,,,,,3,"Goldstrike, Utah, United States",US,USUT,37.3905,-113.894,1441363,3,"Goldstrike, Utah, United States",US,USUT,37.3905,-113.894,1441363,20160822,http://www.stgeorgeutah.com/news/archive/2016/08/22/jla-goldtrike-mining-could-rise-again-public-meeting-tonight/
571649568,20160822,201608,2016,2016.6356,BRA,BRAZIL,BRA,,,,,,,,,,,,,,,,,,0,043,043,04,1,2.8,46,8,46,0.335796289192829,4,"Nova Lima, Minas Gerais, Brazil",BR,BR15,-19.9833,-43.85,-657348,0,,,,,,,4,"Nova Lima, Minas Gerais, Brazil",BR,BR15,-19.9833,-43.85,-657348,20160822,http://www.4-traders.com/ELDORADO-GOLD-CORP-1409865/news/Eldorado-Gold-Announces-New-Exploration-Projects-in-Romania-Serbia-and-Brazil-22939167/
571649575,20160822,201608,2016,2016.6356,BRA,BRAZIL,BRA,,,,,,,,CAN,VANCOUVER,CAN,,,,,,,,1,032,032,03,1,4.5,24,3,24,0.292834320544417,4,"Borborema, Estado de Pernambuco, Brazil",BR,BR30,-7.66667,-37.7,-646362,4,"Borborema, Estado de Pernambuco, Brazil",BR,BR30,-7.66667,-37.7,-646362,4,"Eldorado, Saskatchewan, Canada",CA,CA11,59.55,-108.5,-564133,20160822,http://www.4-traders.com/ELDORADO-GOLD-CORP-1409865/news/Eldorado-Gold-Announces-New-Exploration-Projects-in-Romania-Serbia-and-Brazil-22939167/
571649576,20160822,201608,2016,2016.6356,BRA,BRAZIL,BRA,,,,,,,,CAN,VANCOUVER,CAN,,,,,,,,1,032,032,03,1,4.5,14,4,14,0.24629240707498,1,Serbia,RI,RI,43.75,20.75,RI,4,"Borborema, Estado de Pernambuco, Brazil",BR,BR30,-7.66667,-37.7,-646362,4,"Eldorado, Saskatchewan, Canada",CA,CA11,59.55,-108.5,-564133,20160822,http://www.4-traders.com/ELDORADO-GOLD-CORP-1409865/news/Eldorado-Gold-Announces-New-Exploration-Projects-in-Romania-Serbia-and-Brazil-22939167/
571649577,20160822,201608,2016,2016.6356,BRA,BRAZIL,BRA,,,,,,,,CAN,CANADA,CAN,,,,,,,,0,057,057,05,1,8.0,4,2,4,0.38375758514515,4,"Eldorado, Saskatchewan, Canada",CA,CA11,59.55,-108.5,-564133,4,"Eldorado, Saskatchewan, Canada",CA,CA11,59.55,-108.5,-564133,4,"Eldorado, Saskatchewan, Canada",CA,CA11,59.55,-108.5,-564133,20160822,http://www.4-traders.com/ELDORADO-GOLD-CORP-1409865/news/Eldorado-Gold-Announces-New-Exploration-Projects-in-Romania-Serbia-and-Brazil-22939167/
571649578,20160822,201608,2016,2016.6356,BRA,BRAZIL,BRA,,,,,,,,CAN,CANADA,CAN,,,,,,,,0,057,057,05,1,8.0,28,5,28,0.220048885383806,4,"Borborema, Estado de Pernambuco, Brazil",BR,BR30,-7.66667,-37.7,-646362,4,"Eldorado, Saskatchewan, Canada",CA,CA11,59.55,-108.5,-564133,4,"Eldorado, Saskatchewan, Canada",CA,CA11,59.55,-108.5,-564133,20160822,http://www.4-traders.com/ELDORADO-GOLD-CORP-1409865/news/Eldorado-Gold-Announces-New-Exploration-Projects-in-Romania-Serbia-and-Brazil-22939167/
571649579,20160822,201608,2016,2016.6356,BRA,BRAZIL,BRA,,,,,,,,PER,LIMA,PER,,,,,,,,0,042,042,04,1,1.9,16,8,16,0.335796289192829,4,"Nova Lima, Minas Gerais, Brazil",BR,BR15,-19.9833,-43.85,-657348,4,"Nova Lima, Minas Gerais, Brazil",BR,BR15,-19.9833,-43.85,-657348,4,"Nova Lima, Minas Gerais, Brazil",BR,BR15,-19.9833,-43.85,-657348,20160822,http://www.4-traders.com/ELDORADO-GOLD-CORP-1409865/news/Eldorado-Gold-Announces-New-Exploration-Projects-in-Romania-Serbia-and-Brazil-22939167/
571649580,20160822,201608,2016,2016.6356,BRA,BRAZIL,BRA,,,,,,,,ROU,ROMANIA,,,,,,,,,1,032,032,03,1,4.5,24,3,24,0.292834320544417,4,"Borborema, Estado de Pernambuco, Brazil",BR,BR30,-7.66667,-37.7,-646362,4,"Troita, Romania (general), Romania",RO,RO00,46.4833,24.7667,-1172914,4,"Eldorado, Saskatchewan, Canada",CA,CA11,59.55,-108.5,-564133,20160822,http://www.4-traders.com/ELDORADO-GOLD-CORP-1409865/news/Eldorado-Gold-Announces-New-Exploration-Projects-in-Romania-Serbia-and-Brazil-22939167/
571649581,20160822,201608,2016,2016.6356,BRA,BRAZIL,BRA,,,,,,,,ROU,ROMANIA,,,,,,,,,1,032,032,03,1,4.5,16,4,16,0.24629240707498,1,Serbia,RI,RI,43.75,20.75,RI,4,"Troita, Romania (general), Romania",RO,RO00,46.4833,24.7667,-1172914,4,"Eldorado, Saskatchewan, Canada",CA,CA11,59.55,-108.5,-564133,20160822,http://www.4-traders.com/ELDORADO-GOLD-CORP-1409865/news/Eldorado-Gold-Announces-New-Exploration-Projects-in-Romania-Serbia-and-Brazil-22939167/
571649582,20160822,201608,2016,2016.6356,BRA,BRAZIL,BRA,,,,,,,,SCGSRB,SERBIA,SRB,,,,,,,,1,032,032,03,1,4.5,24,3,24,0.292834320544417,4,"Borborema, Estado de Pernambuco, Brazil",BR,BR30,-7.66667,-37.7,-646362,1,Serbia,RI,RI,43.75,20.75,RI,4,"Eldorado, Saskatchewan, Canada",CA,CA11,59.55,-108.5,-564133,20160822,http://www.4-traders.com/ELDORADO-GOLD-CORP-1409865/news/Eldorado-Gold-Announces-New-Exploration-Projects-in-Romania-Serbia-and-Brazil-22939167/
571649583,20160822,201608,2016,2016.6356,BRA,BRAZIL,BRA,,,,,,,,SCGSRB,SERBIA,SRB,,,,,,,,1,032,032,03,1,4.5,16,4,16,0.24629240707498,1,Serbia,RI,RI,43.75,20.75,RI,4,"Troita, Romania (general), Romania",RO,RO00,46.4833,24.7667,-1172914,4,"Eldorado, Saskatchewan, Canada",CA,CA11,59.55,-108.5,-564133,20160822,http://www.4-traders.com/ELDORADO-GOLD-CORP-1409865/news/Eldorado-Gold-Announces-New-Exploration-Projects-in-Romania-Serbia-and-Brazil-22939167/
571649652,20160822,201608,2016,2016.6356,BUS,COMPANY,,,,,,BUS,,,ROU,ROMANIA,,,,,,,,,1,042,042,04,1,1.9,20,2,20,0.38375758514515,4,"Troita, Romania (general), Romania",RO,RO00,46.4833,24.7667,-1172914,4,"Troita, Romania (general), Romania",RO,RO00,46.4833,24.7667,-1172914,4,"Troita, Romania (general), Romania",RO,RO00,46.4833,24.7667,-1172914,20160822,http://www.4-traders.com/ELDORADO-GOLD-CORP-1409865/news/Eldorado-Gold-Announces-New-Exploration-Projects-in-Romania-Serbia-and-Brazil-22939167/
571649679,20160822,201608,2016,2016.6356,CAN,CANADA,CAN,,,,,,,,,,,,,,,,,,0,057,057,05,1,8.0,48,5,48,0.198821018018092,4,"Eldorado, Saskatchewan, Canada",CA,CA11,59.55,-108.5,-564133,0,,,,,,,4,"Eldorado, Saskatchewan, Canada",CA,CA11,59.55,-108.5,-564133,20160822,http://www.4-traders.com/ELDORADO-GOLD-CORP-1409865/news/Eldorado-Gold-Announces-New-Exploration-Projects-in-Romania-Serbia-and-Brazil-22939167/
571649680,20160822,201608,2016,2016.6356,CAN,CANADA,CAN,,,,,,,,,,,,,,,,,,0,057,057,05,1,8.0,16,5,16,0.198821018018092,4,"Eldorado, Saskatchewan, Canada",CA,CA11,59.55,-108.5,-564133,0,,,,,,,4,"Sao Bento, CearáR, Brazil",BR,BR06,-7.16667,-40.05,-670050,20160822,http://www.4-traders.com/ELDORADO-GOLD-CORP-1409865/news/Eldorado-Gold-Announces-New-Exploration-Projects-in-Romania-Serbia-and-Brazil-22939167/
571649686,20160822,201608,2016,2016.6356,CAN,CANADA,CAN,,,,,,,,BRA,BRAZIL,BRA,,,,,,,,0,030,030,03,1,4.0,4,2,4,0.38375758514515,4,"Eldorado, Saskatchewan, Canada",CA,CA11,59.55,-108.5,-564133,4,"Eldorado, Saskatchewan, Canada",CA,CA11,59.55,-108.5,-564133,4,"Borborema, Estado de Pernambuco, Brazil",BR,BR30,-7.66667,-37.7,-646362,20160822,http://www.4-traders.com/ELDORADO-GOLD-CORP-1409865/news/Eldorado-Gold-Announces-New-Exploration-Projects-in-Romania-Serbia-and-Brazil-22939167/
571649687,20160822,201608,2016,2016.6356,CAN,CANADA,CAN,,,,,,,,BRA,BRAZIL,BRA,,,,,,,,0,030,030,03,1,4.0,2,2,2,0.38375758514515,4,"Eldorado, Saskatchewan, Canada",CA,CA11,59.55,-108.5,-564133,4,"Borborema, Estado de Pernambuco, Brazil",BR,BR30,-7.66667,-37.7,-646362,4,"Eldorado, Saskatchewan, Canada",CA,CA11,59.55,-108.5,-564133,20160822,http://www.4-traders.com/ELDORADO-GOLD-CORP-1409865/news/Eldorado-Gold-Announces-New-Exploration-Projects-in-Romania-Serbia-and-Brazil-22939167/
571649688,20160822,201608,2016,2016.6356,CAN,VANCOUVER,CAN,,,,,,,,BRA,BRAZIL,BRA,,,,,,,,1,032,032,03,1,4.5,24,3,24,0.292834320544417,4,"Borborema, Estado de Pernambuco, Brazil",BR,BR30,-7.66667,-37.7,-646362,4,"Borborema, Estado de Pernambuco, Brazil",BR,BR30,-7.66667,-37.7,-646362,4,"Eldorado, Saskatchewan, Canada",CA,CA11,59.55,-108.5,-564133,20160822,http://www.4-traders.com/ELDORADO-GOLD-CORP-1409865/news/Eldorado-Gold-Announces-New-Exploration-Projects-in-Romania-Serbia-and-Brazil-22939167/
571649689,20160822,201608,2016,2016.6356,CAN,VANCOUVER,CAN,,,,,,,,BRA,BRAZIL,BRA,,,,,,,,1,032,032,03,1,4.5,14,4,14,0.24629240707498,4,"Borborema, Estado de Pernambuco, Brazil",BR,BR30,-7.66667,-37.7,-646362,1,Serbia,RI,RI,43.75,20.75,RI,4,"Eldorado, Saskatchewan, Canada",CA,CA11,59.55,-108.5,-564133,20160822,http://www.4-traders.com/ELDORADO-GOLD-CORP-1409865/news/Eldorado-Gold-Announces-New-Exploration-Projects-in-Romania-Serbia-and-Brazil-22939167/
571649690,20160822,201608,2016,2016.6356,CAN,CANADA,CAN,,,,,,,,BRA,BRAZIL,BRA,,,,,,,,0,057,057,05,1,8.0,11,3,11,0.294196656303137,4,"Eldorado, Saskatchewan, Canada",CA,CA11,59.55,-108.5,-564133,4,"Eldorado, Saskatchewan, Canada",CA,CA11,59.55,-108.5,-564133,4,"Eldorado, Saskatchewan, Canada",CA,CA11,59.55,-108.5,-564133,20160822,http://www.4-traders.com/ELDORADO-GOLD-CORP-1409865/news/Eldorado-Gold-Announces-New-Exploration-Projects-in-Romania-Serbia-and-Brazil-22939167/
571649691,20160822,201608,2016,2016.6356,CAN,CANADA,CAN,,,,,,,,BRA,BRAZIL,BRA,,,,,,,,0,057,057,05,1,8.0,22,4,22,0.24629240707498,4,"Eldorado, Saskatchewan, Canada",CA,CA11,59.55,-108.5,-564133,4,"Borborema, Estado de Pernambuco, Brazil",BR,BR30,-7.66667,-37.7,-646362,4,"Eldorado, Saskatchewan, Canada",CA,CA11,59.55,-108.5,-564133,20160822,http://www.4-traders.com/ELDORADO-GOLD-CORP-1409865/news/Eldorado-Gold-Announces-New-Exploration-Projects-in-Romania-Serbia-and-Brazil-22939167/
571649710,20160822,201608,2016,2016.6356,CAN,VANCOUVER,CAN,,,,,,,,ROU,ROMANIA,,,,,,,,,1,032,032,03,1,4.5,38,4,38,0.24629240707498,4,"Borborema, Estado de Pernambuco, Brazil",BR,BR30,-7.66667,-37.7,-646362,4,"Troita, Romania (general), Romania",RO,RO00,46.4833,24.7667,-1172914,4,"Eldorado, Saskatchewan, Canada",CA,CA11,59.55,-108.5,-564133,20160822,http://www.4-traders.com/ELDORADO-GOLD-CORP-1409865/news/Eldorado-Gold-Announces-New-Exploration-Projects-in-Romania-Serbia-and-Brazil-22939167/
571649711,20160822,201608,2016,2016.6356,CAN,VANCOUVER,CAN,,,,,,,,SCGSRB,SERBIA,SRB,,,,,,,,1,032,032,03,1,4.5,14,4,14,0.24629240707498,4,"Borborema, Estado de Pernambuco, Brazil",BR,BR30,-7.66667,-37.7,-646362,4,"Troita, Romania (general), Romania",RO,RO00,46.4833,24.7667,-1172914,4,"Eldorado, Saskatchewan, Canada",CA,CA11,59.55,-108.5,-564133,20160822,http://www.4-traders.com/ELDORADO-GOLD-CORP-1409865/news/Eldorado-Gold-Announces-New-Exploration-Projects-in-Romania-Serbia-and-Brazil-22939167/
571649712,20160822,201608,2016,2016.6356,CAN,VANCOUVER,CAN,,,,,,,,SCGSRB,SERBIA,SRB,,,,,,,,1,032,032,03,1,4.5,24,3,24,0.292834320544417,4,"Borborema, Estado de Pernambuco, Brazil",BR,BR30,-7.66667,-37.7,-646362,1,Serbia,RI,RI,43.75,20.75,RI,4,"Eldorado, Saskatchewan, Canada",CA,CA11,59.55,-108.5,-564133,20160822,http://www.4-traders.com/ELDORADO-GOLD-CORP-1409865/news/Eldorado-Gold-Announces-New-Exploration-Projects-in-Romania-Serbia-and-Brazil-22939167/
571649842,20160822,201608,2016,2016.6356,CRM,CRIMINAL,,,,,,CRM,,,EDU,COLLEGE,,,,,,EDU,,,0,046,046,04,1,7.0,60,7,60,-6.35958877933195,2,"California, United States",US,USCA,36.17,-119.746,CA,2,"California, United States",US,USCA,36.17,-119.746,CA,2,"California, United States",US,USCA,36.17,-119.746,CA,20160822,http://www.goldcoastbulletin.com.au/news/world/professor-pushed-off-cliff-to-his-death-by-two-friends-who-believed-they-were-named-in-his-will/news-story/58f64e18b389d50f70c90ff89820b3fb?nk=ea3ab6ae5f22f68ebb3c25547b50b482-1471892640
571649843,20160822,201608,2016,2016.6356,CRM,CRIMINAL,,,,,,CRM,,,EDU,COLLEGE,,,,,,EDU,,,0,046,046,04,1,7.0,40,7,40,-6.35958877933195,2,"Pennsylvania, United States",US,USPA,40.5773,-77.264,PA,2,"Pennsylvania, United States",US,USPA,40.5773,-77.264,PA,2,"Pennsylvania, United States",US,USPA,40.5773,-77.264,PA,20160822,http://www.goldcoastbulletin.com.au/news/world/professor-pushed-off-cliff-to-his-death-by-two-friends-who-believed-they-were-named-in-his-will/news-story/58f64e18b389d50f70c90ff89820b3fb?nk=ea3ab6ae5f22f68ebb3c25547b50b482-1471892640
571649845,20160822,201608,2016,2016.6356,CRM,CRIMINAL,,,,,,CRM,,,MED,WEBSITE,,,,,,MED,,,0,114,114,11,3,-2.0,60,7,60,-6.35958877933195,2,"California, United States",US,USCA,36.17,-119.746,CA,2,"California, United States",US,USCA,36.17,-119.746,CA,2,"California, United States",US,USCA,36.17,-119.746,CA,20160822,http://www.goldcoastbulletin.com.au/news/world/professor-pushed-off-cliff-to-his-death-by-two-friends-who-believed-they-were-named-in-his-will/news-story/58f64e18b389d50f70c90ff89820b3fb?nk=ea3ab6ae5f22f68ebb3c25547b50b482-1471892640
571649846,20160822,201608,2016,2016.6356,CRM,CRIMINAL,,,,,,CRM,,,MED,WEBSITE,,,,,,MED,,,0,114,114,11,3,-2.0,40,7,40,-6.35958877933195,2,"Pennsylvania, United States",US,USPA,40.5773,-77.264,PA,2,"Pennsylvania, United States",US,USPA,40.5773,-77.264,PA,2,"Pennsylvania, United States",US,USPA,40.5773,-77.264,PA,20160822,http://www.goldcoastbulletin.com.au/news/world/professor-pushed-off-cliff-to-his-death-by-two-friends-who-believed-they-were-named-in-his-will/news-story/58f64e18b389d50f70c90ff89820b3fb?nk=ea3ab6ae5f22f68ebb3c25547b50b482-1471892640
571649981,20160822,201608,2016,2016.6356,EDU,COLLEGE,,,,,,EDU,,,CRM,CRIMINAL,,,,,,CRM,,,0,046,046,04,1,7.0,60,7,60,-6.35958877933195,2,"California, United States",US,USCA,36.17,-119.746,CA,2,"California, United States",US,USCA,36.17,-119.746,CA,2,"California, United States",US,USCA,36.17,-119.746,CA,20160822,http://www.goldcoastbulletin.com.au/news/world/professor-pushed-off-cliff-to-his-death-by-two-friends-who-believed-they-were-named-in-his-will/news-story/58f64e18b389d50f70c90ff89820b3fb?nk=ea3ab6ae5f22f68ebb3c25547b50b482-1471892640
571649982,20160822,201608,2016,2016.6356,EDU,COLLEGE,,,,,,EDU,,,CRM,CRIMINAL,,,,,,CRM,,,0,046,046,04,1,7.0,40,7,40,-6.35958877933195,2,"Pennsylvania, United States",US,USPA,40.5773,-77.264,PA,2,"Pennsylvania, United States",US,USPA,40.5773,-77.264,PA,2,"Pennsylvania, United States",US,USPA,40.5773,-77.264,PA,20160822,http://www.goldcoastbulletin.com.au/news/world/professor-pushed-off-cliff-to-his-death-by-two-friends-who-believed-they-were-named-in-his-will/news-story/58f64e18b389d50f70c90ff89820b3fb?nk=ea3ab6ae5f22f68ebb3c25547b50b482-1471892640
571650628,20160822,201608,2016,2016.6356,LEG,REPRESENTATIVES,,,,,,LEG,,,,,,,,,,,,,0,010,010,01,1,0.0,4,1,4,0,3,"Goldstrike, Utah, United States",US,USUT,37.3905,-113.894,1441363,0,,,,,,,3,"Goldstrike, Utah, United States",US,USUT,37.3905,-113.894,1441363,20160822,http://www.stgeorgeutah.com/news/archive/2016/08/22/jla-goldtrike-mining-could-rise-again-public-meeting-tonight/
571650659,20160822,201608,2016,2016.6356,LEG,REPRESENTATIVES,,,,,,LEG,,,USA,UNITED STATES,USA,,,,,,,,0,010,010,01,1,0.0,12,1,12,0,3,"Goldstrike, Utah, United States",US,USUT,37.3905,-113.894,1441363,3,"Goldstrike, Utah, United States",US,USUT,37.3905,-113.894,1441363,3,"Goldstrike, Utah, United States",US,USUT,37.3905,-113.894,1441363,20160822,http://www.stgeorgeutah.com/news/archive/2016/08/22/jla-goldtrike-mining-could-rise-again-public-meeting-tonight/
571650713,20160822,201608,2016,2016.6356,MED,SPOKESMAN,,,,,,MED,,,,,,,,,,,,,1,128,128,12,3,-5.0,20,1,20,1.34831460674157,1,Ghana,GH,GH,8,-2,GH,0,,,,,,,1,Ghana,GH,GH,8,-2,GH,20160822,http://www.goldcoastbulletin.com.au/entertainment/rival-fair-at-helensvale-a-sideshow-to-main-event-as-showdown-looms-with-council/news-story/060c4b31fee019a101d5bb7b4d5c20c5?nk=517a9f351e19b14d187bba5630b06aae-1471892607
571650949,20160822,201608,2016,2016.6356,PER,LIMA,PER,,,,,,,,,,,,,,,,,,0,043,043,04,1,2.8,8,4,8,0.24629240707498,4,"Nova Lima, Minas Gerais, Brazil",BR,BR15,-19.9833,-43.85,-657348,0,,,,,,,4,"Nova Lima, Minas Gerais, Brazil",BR,BR15,-19.9833,-43.85,-657348,20160822,http://www.4-traders.com/ELDORADO-GOLD-CORP-1409865/news/Eldorado-Gold-Announces-New-Exploration-Projects-in-Romania-Serbia-and-Brazil-22939167/
571650950,20160822,201608,2016,2016.6356,PER,LIMA,PER,,,,,,,,BRA,BRAZIL,BRA,,,,,,,,0,043,043,04,1,2.8,16,8,16,0.335796289192829,4,"Nova Lima, Minas Gerais, Brazil",BR,BR15,-19.9833,-43.85,-657348,4,"Nova Lima, Minas Gerais, Brazil",BR,BR15,-19.9833,-43.85,-657348,4,"Nova Lima, Minas Gerais, Brazil",BR,BR15,-19.9833,-43.85,-657348,20160822,http://www.4-traders.com/ELDORADO-GOLD-CORP-1409865/news/Eldorado-Gold-Announces-New-Exploration-Projects-in-Romania-Serbia-and-Brazil-22939167/
571651017,20160822,201608,2016,2016.6356,ROU,ROMANIA,,,,,,,,,BRA,BRAZIL,BRA,,,,,,,,1,032,032,03,1,4.5,24,3,24,0.292834320544417,4,"Troita, Romania (general), Romania",RO,RO00,46.4833,24.7667,-1172914,4,"Borborema, Estado de Pernambuco, Brazil",BR,BR30,-7.66667,-37.7,-646362,4,"Eldorado, Saskatchewan, Canada",CA,CA11,59.55,-108.5,-564133,20160822,http://www.4-traders.com/ELDORADO-GOLD-CORP-1409865/news/Eldorado-Gold-Announces-New-Exploration-Projects-in-Romania-Serbia-and-Brazil-22939167/
571651018,20160822,201608,2016,2016.6356,ROU,ROMANIA,,,,,,,,,BRA,BRAZIL,BRA,,,,,,,,1,032,032,03,1,4.5,16,4,16,0.24629240707498,4,"Troita, Romania (general), Romania",RO,RO00,46.4833,24.7667,-1172914,1,Serbia,RI,RI,43.75,20.75,RI,4,"Eldorado, Saskatchewan, Canada",CA,CA11,59.55,-108.5,-564133,20160822,http://www.4-traders.com/ELDORADO-GOLD-CORP-1409865/news/Eldorado-Gold-Announces-New-Exploration-Projects-in-Romania-Serbia-and-Brazil-22939167/
571651019,20160822,201608,2016,2016.6356,ROU,ROMANIA,,,,,,,,,BUS,COMPANY,,,,,,BUS,,,1,043,043,04,1,2.8,20,2,20,0.38375758514515,4,"Troita, Romania (general), Romania",RO,RO00,46.4833,24.7667,-1172914,4,"Troita, Romania (general), Romania",RO,RO00,46.4833,24.7667,-1172914,4,"Troita, Romania (general), Romania",RO,RO00,46.4833,24.7667,-1172914,20160822,http://www.4-traders.com/ELDORADO-GOLD-CORP-1409865/news/Eldorado-Gold-Announces-New-Exploration-Projects-in-Romania-Serbia-and-Brazil-22939167/
571651020,20160822,201608,2016,2016.6356,ROU,ROMANIA,,,,,,,,,CAN,VANCOUVER,CAN,,,,,,,,1,032,032,03,1,4.5,38,4,38,0.24629240707498,4,"Troita, Romania (general), Romania",RO,RO00,46.4833,24.7667,-1172914,4,"Borborema, Estado de Pernambuco, Brazil",BR,BR30,-7.66667,-37.7,-646362,4,"Eldorado, Saskatchewan, Canada",CA,CA11,59.55,-108.5,-564133,20160822,http://www.4-traders.com/ELDORADO-GOLD-CORP-1409865/news/Eldorado-Gold-Announces-New-Exploration-Projects-in-Romania-Serbia-and-Brazil-22939167/
571651022,20160822,201608,2016,2016.6356,ROU,ROMANIA,,,,,,,,,SCGSRB,SERBIA,SRB,,,,,,,,1,032,032,03,1,4.5,40,4,40,0.24629240707498,4,"Eldorado, Saskatchewan, Canada",CA,CA11,59.55,-108.5,-564133,4,"Eldorado, Saskatchewan, Canada",CA,CA11,59.55,-108.5,-564133,4,"Eldorado, Saskatchewan, Canada",CA,CA11,59.55,-108.5,-564133,20160822,http://www.4-traders.com/ELDORADO-GOLD-CORP-1409865/news/Eldorado-Gold-Announces-New-Exploration-Projects-in-Romania-Serbia-and-Brazil-22939167/
571651068,20160822,201608,2016,2016.6356,SCGSRB,SERBIA,SRB,,,,,,,,BRA,BRAZIL,BRA,,,,,,,,1,032,032,03,1,4.5,16,4,16,0.24629240707498,4,"Troita, Romania (general), Romania",RO,RO00,46.4833,24.7667,-1172914,1,Serbia,RI,RI,43.75,20.75,RI,4,"Eldorado, Saskatchewan, Canada",CA,CA11,59.55,-108.5,-564133,20160822,http://www.4-traders.com/ELDORADO-GOLD-CORP-1409865/news/Eldorado-Gold-Announces-New-Exploration-Projects-in-Romania-Serbia-and-Brazil-22939167/
571651069,20160822,201608,2016,2016.6356,SCGSRB,SERBIA,SRB,,,,,,,,BRA,BRAZIL,BRA,,,,,,,,1,032,032,03,1,4.5,24,3,24,0.292834320544417,1,Serbia,RI,RI,43.75,20.75,RI,4,"Borborema, Estado de Pernambuco, Brazil",BR,BR30,-7.66667,-37.7,-646362,4,"Eldorado, Saskatchewan, Canada",CA,CA11,59.55,-108.5,-564133,20160822,http://www.4-traders.com/ELDORADO-GOLD-CORP-1409865/news/Eldorado-Gold-Announces-New-Exploration-Projects-in-Romania-Serbia-and-Brazil-22939167/
571651070,20160822,201608,2016,2016.6356,SCGSRB,SERBIA,SRB,,,,,,,,CAN,VANCOUVER,CAN,,,,,,,,1,032,032,03,1,4.5,14,4,14,0.24629240707498,4,"Troita, Romania (general), Romania",RO,RO00,46.4833,24.7667,-1172914,4,"Borborema, Estado de Pernambuco, Brazil",BR,BR30,-7.66667,-37.7,-646362,4,"Eldorado, Saskatchewan, Canada",CA,CA11,59.55,-108.5,-564133,20160822,http://www.4-traders.com/ELDORADO-GOLD-CORP-1409865/news/Eldorado-Gold-Announces-New-Exploration-Projects-in-Romania-Serbia-and-Brazil-22939167/
571651071,20160822,201608,2016,2016.6356,SCGSRB,SERBIA,SRB,,,,,,,,CAN,VANCOUVER,CAN,,,,,,,,1,032,032,03,1,4.5,24,3,24,0.292834320544417,1,Serbia,RI,RI,43.75,20.75,RI,4,"Borborema, Estado de Pernambuco, Brazil",BR,BR30,-7.66667,-37.7,-646362,4,"Eldorado, Saskatchewan, Canada",CA,CA11,59.55,-108.5,-564133,20160822,http://www.4-traders.com/ELDORADO-GOLD-CORP-1409865/news/Eldorado-Gold-Announces-New-Exploration-Projects-in-Romania-Serbia-and-Brazil-22939167/
571651072,20160822,201608,2016,2016.6356,SCGSRB,SERBIA,SRB,,,,,,,,ROU,ROMANIA,,,,,,,,,1,032,032,03,1,4.5,16,4,16,0.24629240707498,4,"Troita, Romania (general), Romania",RO,RO00,46.4833,24.7667,-1172914,4,"Troita, Romania (general), Romania",RO,RO00,46.4833,24.7667,-1172914,4,"Eldorado, Saskatchewan, Canada",CA,CA11,59.55,-108.5,-564133,20160822,http://www.4-traders.com/ELDORADO-GOLD-CORP-1409865/news/Eldorado-Gold-Announces-New-Exploration-Projects-in-Romania-Serbia-and-Brazil-22939167/
571651073,20160822,201608,2016,2016.6356,SCGSRB,SERBIA,SRB,,,,,,,,ROU,ROMANIA,,,,,,,,,1,032,032,03,1,4.5,24,3,24,0.292834320544417,1,Serbia,RI,RI,43.75,20.75,RI,4,"Troita, Romania (general), Romania",RO,RO00,46.4833,24.7667,-1172914,4,"Eldorado, Saskatchewan, Canada",CA,CA11,59.55,-108.5,-564133,20160822,http://www.4-traders.com/ELDORADO-GOLD-CORP-1409865/news/Eldorado-Gold-Announces-New-Exploration-Projects-in-Romania-Serbia-and-Brazil-22939167/
571651360,20160822,201608,2016,2016.6356,USA,UNITED STATES,USA,,,,,,,,COP,POLICE,,,,,,COP,,,0,013,013,01,1,0.4,40,7,40,-6.35958877933195,2,"Pennsylvania, United States",US,USPA,40.5773,-77.264,PA,2,"Pennsylvania, United States",US,USPA,40.5773,-77.264,PA,2,"Pennsylvania, United States",US,USPA,40.5773,-77.264,PA,20160822,http://www.goldcoastbulletin.com.au/news/world/professor-pushed-off-cliff-to-his-death-by-two-friends-who-believed-they-were-named-in-his-will/news-story/58f64e18b389d50f70c90ff89820b3fb?nk=ea3ab6ae5f22f68ebb3c25547b50b482-1471892640
571651543,20160822,201608,2016,2016.6356,USA,SAN FRANCISCO,USA,,,,,,,,USAJUD,CALIFORNIA,USA,,,,,JUD,,,1,1241,124,12,3,-4.0,10,1,10,1.14285714285714,2,"California, United States",US,USCA,36.17,-119.746,CA,3,"Twin Falls, California, United States",US,USCA,37.6116,-119.01,1702747,3,"Twin Falls, California, United States",US,USCA,37.6116,-119.01,1702747,20160822,http://magicvalley.com/news/national/the-latest-court-rules-against-gold-mining-technique/article_716f17f4-9a10-5f51-99be-71a0de3d3d3a.html
571652931,20150823,201508,2015,2015.6384,MED,SPOKESMAN,,,,,,MED,,,USA,UNITED STATES,USA,,,,,,,,0,010,010,01,1,0.0,1,1,1,-1.51515151515151,4,"Perth, Western Australia, Australia",AS,AS08,-31.9333,115.833,-1594675,4,"Perth, Western Australia, Australia",AS,AS08,-31.9333,115.833,-1594675,4,"Perth, Western Australia, Australia",AS,AS08,-31.9333,115.833,-1594675,20160822,http://www.mysanantonio.com/news/article/People-tossed-a-few-pet-goldfish-into-a-lake-and-9170868.php
571652932,20150823,201508,2015,2015.6384,MED,SPOKESMAN,,,,,,MED,,,USA,UNITED STATES,USA,,,,,,,,0,010,010,01,1,0.0,1,1,1,-1.51515151515151,2,"Colorado, United States",US,USCO,39.0646,-105.327,CO,2,"Colorado, United States",US,USCO,39.0646,-105.327,CO,2,"Colorado, United States",US,USCO,39.0646,-105.327,CO,20160822,http://www.mysanantonio.com/news/article/People-tossed-a-few-pet-goldfish-into-a-lake-and-9170868.php
571652951,20150823,201508,2015,2015.6384,USAMED,UNITED STATES,USA,,,,,MED,,,,,,,,,,,,,0,010,010,01,1,0.0,1,1,1,-1.51515151515151,4,"Perth, Western Australia, Australia",AS,AS08,-31.9333,115.833,-1594675,0,,,,,,,4,"Perth, Western Australia, Australia",AS,AS08,-31.9333,115.833,-1594675,20160822,http://www.mysanantonio.com/news/article/People-tossed-a-few-pet-goldfish-into-a-lake-and-9170868.php
571652952,20150823,201508,2015,2015.6384,USAMED,UNITED STATES,USA,,,,,MED,,,,,,,,,,,,,0,010,010,01,1,0.0,1,1,1,-1.51515151515151,2,"Colorado, United States",US,USCO,39.0646,-105.327,CO,0,,,,,,,2,"Colorado, United States",US,USCO,39.0646,-105.327,CO,20160822,http://www.mysanantonio.com/news/article/People-tossed-a-few-pet-goldfish-into-a-lake-and-9170868.php
571653232,20160822,201608,2016,2016.6356,AUS,AUSTRALIA,AUS,,,,,,,,,,,,,,,,,,1,010,010,01,1,0.0,3,1,3,-1.51515151515151,2,"Colorado, United States",US,USCO,39.0646,-105.327,CO,0,,,,,,,2,"Colorado, United States",US,USCO,39.0646,-105.327,CO,20160822,http://www.mysanantonio.com/news/article/People-tossed-a-few-pet-goldfish-into-a-lake-and-9170868.php
571654667,20160822,201608,2016,2016.6356,USA,UNITED STATES,USA,,,,,,,,,,,,,,,,,,1,020,020,02,1,3.0,4,1,4,2.58064516129032,1,Ghana,GH,GH,8,-2,GH,0,,,,,,,1,Ghana,GH,GH,8,-2,GH,20160822,http://www.goldmansachs.com/careers/blog/posts/2016-reading-list.html
571654892,20160822,201608,2016,2016.6356,USA,UNITED STATES,USA,,,,,,,,GOV,PRINCE,,,,,,GOV,,,1,112,112,11,3,-2.0,8,3,8,-1.09900552386274,1,United States,US,US,38,-97,US,1,United States,US,US,38,-97,US,1,United States,US,US,38,-97,US,20160822,http://www.broadcastingcable.com/thewire/blackmagic-micro-cinema-cameras-capture-opening-action-sequence-metro-goldwyn-mayer-pictures-and-paramount-pictures-ben-hur/158984
571656679,20160822,201608,2016,2016.6356,,,,,,,,,,,CAN,CANADA,CAN,,,,,,,,1,046,046,04,1,7.0,4,1,4,-2.60521042084169,0,,,,,,,4,"Toronto, Ontario, Canada",CA,CA08,43.6667,-79.4167,-574890,4,"Toronto, Ontario, Canada",CA,CA08,43.6667,-79.4167,-574890,20160822,http://www.cbc.ca/radio/thenextchapter/david-goldbloom-anny-scoones-and-jen-sookfong-lee-on-memoirs-and-memories-1.3490282/david-goldbloom-on-depression-healing-and-a-week-in-the-life-of-a-psychiatrist-1.3490309
571656919,20160822,201608,2016,2016.6356,BRA,BRAZILIAN,BRA,,,,,,,,,,,,,,,,,,1,020,020,02,1,3.0,4,1,4,1.4336917562724,4,"Roma, Lazio, Italy",IT,IT07,41.9,12.4833,-126693,0,,,,,,,4,"Roma, Lazio, Italy",IT,IT07,41.9,12.4833,-126693,20160822,http://www.espnfc.com/story/2935134/santos-gabigol-to-focus-on-future-after-winning-olympic-gold-with-brazil
571656920,20160822,201608,2016,2016.6356,BRA,BRAZIL,BRA,,,,,,,,,,,,,,,,,,1,020,020,02,1,3.0,1,1,1,1.4336917562724,4,"Roma, Lazio, Italy",IT,IT07,41.9,12.4833,-126693,0,,,,,,,4,"Barcelona, Comunidad Autonoma de Cataluna, Spain",SP,SP56,41.3833,2.18333,-372490,20160822,http://www.espnfc.com/story/2935134/santos-gabigol-to-focus-on-future-after-winning-olympic-gold-with-brazil
571656922,20160822,201608,2016,2016.6356,BRA,BRAZIL,BRA,,,,,,,,ITA,ITALY,ITA,,,,,,,,1,020,020,02,1,3.0,1,1,1,1.4336917562724,4,"Roma, Lazio, Italy",IT,IT07,41.9,12.4833,-126693,4,"Roma, Lazio, Italy",IT,IT07,41.9,12.4833,-126693,4,"Roma, Lazio, Italy",IT,IT07,41.9,12.4833,-126693,20160822,http://www.espnfc.com/story/2935134/santos-gabigol-to-focus-on-future-after-winning-olympic-gold-with-brazil
571656923,20160822,201608,2016,2016.6356,BRA,BRAZIL,BRA,,,,,,,,ITA,ITALY,ITA,,,,,,,,1,020,020,02,1,3.0,1,1,1,1.4336917562724,4,"Roma, Lazio, Italy",IT,IT07,41.9,12.4833,-126693,4,"Barcelona, Comunidad Autonoma de Cataluna, Spain",SP,SP56,41.3833,2.18333,-372490,4,"Barcelona, Comunidad Autonoma de Cataluna, Spain",SP,SP56,41.3833,2.18333,-372490,20160822,http://www.espnfc.com/story/2935134/santos-gabigol-to-focus-on-future-after-winning-olympic-gold-with-brazil
571657000,20160822,201608,2016,2016.6356,CAN,CANADA,CAN,,,,,,,,,,,,,,,,,,1,046,046,04,1,7.0,4,1,4,-2.60521042084169,4,"Toronto, Ontario, Canada",CA,CA08,43.6667,-79.4167,-574890,0,,,,,,,4,"Toronto, Ontario, Canada",CA,CA08,43.6667,-79.4167,-574890,20160822,http://www.cbc.ca/radio/thenextchapter/david-goldbloom-anny-scoones-and-jen-sookfong-lee-on-memoirs-and-memories-1.3490282/david-goldbloom-on-depression-healing-and-a-week-in-the-life-of-a-psychiatrist-1.3490309
571657292,20160822,201608,2016,2016.6356,ESP,BARCELONA,ESP,,,,,,,,,,,,,,,,,,1,020,020,02,1,3.0,3,1,3,1.4336917562724,4,"Roma, Lazio, Italy",IT,IT07,41.9,12.4833,-126693,0,,,,,,,4,"Roma, Lazio, Italy",IT,IT07,41.9,12.4833,-126693,20160822,http://www.espnfc.com/story/2935134/santos-gabigol-to-focus-on-future-after-winning-olympic-gold-with-brazil
571657645,20160822,201608,2016,2016.6356,JUD,ASSOCIATE JUSTICE,,,,,,JUD,,,,,,,,,,,,,1,013,013,01,1,0.4,306,47,306,-2.45960087263428,2,"California, United States",US,USCA,36.17,-119.746,CA,0,,,,,,,2,"California, United States",US,USCA,36.17,-119.746,CA,20160822,http://www.longisland.com/news/ap-news/california-court-upholds-ban-dredges-extract-gold-082216.html
571657659,20160822,201608,2016,2016.6356,JUD,HIGH COURT,,,,,,JUD,,,CRM,CRIMINAL,,,,,,CRM,,,1,173,173,17,4,-5.0,6,1,6,-1.87138671101608,3,"Longisland, California, United States",US,USCA,38.1669,-121.625,227575,3,"Longisland, California, United States",US,USCA,38.1669,-121.625,227575,3,"Longisland, California, United States",US,USCA,38.1669,-121.625,227575,20160822,http://www.longisland.com/news/ap-news/california-court-upholds-ban-dredges-extract-gold-082216.html
571657660,20160822,201608,2016,2016.6356,JUD,HIGH COURT,,,,,,JUD,,,CRM,CRIMINAL,,,,,,CRM,,,1,173,173,17,4,-5.0,294,47,294,-2.46393307700285,2,"California, United States",US,USCA,36.17,-119.746,CA,2,"California, United States",US,USCA,36.17,-119.746,CA,2,"California, United States",US,USCA,36.17,-119.746,CA,20160822,http://www.longisland.com/news/ap-news/california-court-upholds-ban-dredges-extract-gold-082216.html
571657675,20160822,201608,2016,2016.6356,JUD,ASSOCIATE JUSTICE,,,,,,JUD,,,USA,UNITED STATES,USA,,,,,,,,1,013,013,01,1,0.4,102,47,102,-2.45960087263428,2,"California, United States",US,USCA,36.17,-119.746,CA,2,"California, United States",US,USCA,36.17,-119.746,CA,2,"California, United States",US,USCA,36.17,-119.746,CA,20160822,http://www.longisland.com/news/ap-news/california-court-upholds-ban-dredges-extract-gold-082216.html
571657684,20160822,201608,2016,2016.6356,JUD,HIGH COURT,,,,,,JUD,,,USA,UNITED STATES,USA,,,,,,,,1,173,173,17,4,-5.0,4,1,4,-1.87138671101608,3,"Longisland, California, United States",US,USCA,38.1669,-121.625,227575,3,"Longisland, California, United States",US,USCA,38.1669,-121.625,227575,3,"Longisland, California, United States",US,USCA,38.1669,-121.625,227575,20160822,http://www.longisland.com/news/ap-news/california-court-upholds-ban-dredges-extract-gold-082216.html
571657686,20160822,201608,2016,2016.6356,JUD,HIGH COURT,,,,,,JUD,,,USA,UNITED STATES,USA,,,,,,,,1,173,173,17,4,-5.0,4,1,4,-1.87138671101608,2,"California, United States",US,USCA,36.17,-119.746,CA,3,"Longisland, California, United States",US,USCA,38.1669,-121.625,227575,3,"Longisland, California, United States",US,USCA,38.1669,-121.625,227575,20160822,http://www.longisland.com/news/ap-news/california-court-upholds-ban-dredges-extract-gold-082216.html
571657687,20160822,201608,2016,2016.6356,JUD,HIGH COURT,,,,,,JUD,,,USA,UNITED STATES,USA,,,,,,,,1,173,173,17,4,-5.0,190,46,190,-2.48862250891897,2,"California, United States",US,USCA,36.17,-119.746,CA,2,"California, United States",US,USCA,36.17,-119.746,CA,2,"California, United States",US,USCA,36.17,-119.746,CA,20160822,http://www.fox30jax.com/news/business/california-court-to-decide-fight-over-gold-mining-technique/427771477
571658263,20160822,201608,2016,2016.6356,USA,CALIFORNIA,USA,,,,,,,,,,,,,,,,,,1,172,172,17,4,-5.0,3,1,3,-2.00364298724955,3,"Longisland, California, United States",US,USCA,38.1669,-121.625,227575,0,,,,,,,3,"Long Island, California, United States",US,USCA,38.1669,-121.625,227575,20160822,http://www.longisland.com/news/ap-news/california-court-upholds-ban-dredges-extract-gold-082216.html
571658593,20160822,201608,2016,2016.6356,fan,FANG,,,fan,,,,,,,,,,,,,,,,1,110,110,11,3,-2.0,5,1,5,-2.60521042084169,4,"Toronto, Ontario, Canada",CA,CA08,43.6667,-79.4167,-574890,0,,,,,,,4,"Toronto, Ontario, Canada",CA,CA08,43.6667,-79.4167,-574890,20160822,http://www.cbc.ca/radio/thenextchapter/david-goldbloom-anny-scoones-and-jen-sookfong-lee-on-memoirs-and-memories-1.3490282/david-goldbloom-on-depression-healing-and-a-week-in-the-life-of-a-psychiatrist-1.3490309
571660227,20160822,201608,2016,2016.6356,BUS,COMPANY,,,,,,BUS,,,,,,,,,,,,,0,020,020,02,1,3.0,50,4,50,1.157200660423,4,"Gaspe, Quebec, Canada",CA,CA10,48.8333,-64.4833,-565124,0,,,,,,,4,"Gaspe, Quebec, Canada",CA,CA10,48.8333,-64.4833,-565124,20160822,http://www.4-traders.com/GOLDREA-RESOURCES-CORP-453160/news/Goldrea-Resources-Announces-Closing-of-Oversubscribed-Private-Placement-22939256/
571660290,20160822,201608,2016,2016.6356,CAN,VANCOUVER,CAN,,,,,,,,,,,,,,,,,,1,0331,033,03,1,5.2,9,3,9,1.18951952822343,4,"Gaspe, Quebec, Canada",CA,CA10,48.8333,-64.4833,-565124,0,,,,,,,4,"Gaspe, Quebec, Canada",CA,CA10,48.8333,-64.4833,-565124,20160822,http://www.4-traders.com/news/Goldrea-Announces-Closing-of-Oversubscribed-Private-Placement--22939247/
571660301,20160822,201608,2016,2016.6356,CAN,VANCOUVER,CAN,,,,,,,,GBR,BRITISH,GBR,,,,,,,,1,0331,033,03,1,5.2,4,2,4,1.25517876323462,4,"Gaspe, Quebec, Canada",CA,CA10,48.8333,-64.4833,-565124,4,"Gaspe, Quebec, Canada",CA,CA10,48.8333,-64.4833,-565124,4,"Gaspe, Quebec, Canada",CA,CA10,48.8333,-64.4833,-565124,20160822,http://www.benzinga.com/pressreleases/16/08/m8379279/goldrea-announces-closing-of-oversubscribed-private-placement
571661863,20160822,201608,2016,2016.6356,USA,CALIFORNIA,USA,,,,,,,,BUS,BUSINESS,,,,,,BUS,,,1,172,172,17,4,-5.0,50,5,50,-2.63037661664133,2,"California, United States",US,USCA,36.17,-119.746,CA,2,"California, United States",US,USCA,36.17,-119.746,CA,2,"California, United States",US,USCA,36.17,-119.746,CA,20160822,http://www.herald-dispatch.com/ap/ap_business/california-court-upholds-ban-on-dredges-to-extract-gold/article_00f02568-d53b-54b3-8c24-2629601ccafe.html
571662062,20160822,201608,2016,2016.6356,USA,CALIFORNIA,USA,,,,,,,,USAMED,ASSOCIATED PRESS,USA,,,,,MED,,,1,172,172,17,4,-5.0,17,2,17,-2.73088381330685,2,"California, United States",US,USCA,36.17,-119.746,CA,2,"California, United States",US,USCA,36.17,-119.746,CA,2,"California, United States",US,USCA,36.17,-119.746,CA,20160822,http://www.bozemandailychronicle.com/ap_news/california-court-upholds-ban-on-dredges-to-extract-gold/article_509c4d9c-81ac-5236-9c62-67dbe4a9ee17.html
571663488,20160822,201608,2016,2016.6356,,,,,,,,,,,CVLEDU,COMMUNITY,,,,,,CVL,EDU,,1,042,042,04,1,1.9,10,1,10,4.55927051671732,0,,,,,,,3,"Red Rocks, Colorado, United States",US,USCO,38.5744,-107.806,186835,3,"Red Rocks, Colorado, United States",US,USCO,38.5744,-107.806,186835,20160822,"http://www.goldentranscript.net/stories/RRCC-offers-masters-in-health-science,234084"
571664086,20160822,201608,2016,2016.6356,CVL,COMMUNITY,,,,,,CVL,,,USACVL,UNITED STATES,USA,,,,,CVL,,,1,070,070,07,2,7.0,1,1,1,4.55927051671732,3,"Arvada, Colorado, United States",US,USCO,39.8028,-105.087,204709,3,"Red Rocks, Colorado, United States",US,USCO,38.5744,-107.806,186835,3,"State Of Colorado, Colorado, United States",US,USCO,39.0003,-105.501,1779779,20160822,"http://www.goldentranscript.net/stories/RRCC-offers-masters-in-health-science,234084"
571664087,20160822,201608,2016,2016.6356,CVL,COMMUNITY,,,,,,CVL,,,USACVL,UNITED STATES,USA,,,,,CVL,,,1,070,070,07,2,7.0,1,1,1,4.55927051671732,3,"Arvada, Colorado, United States",US,USCO,39.8028,-105.087,204709,3,"Red Rocks, Colorado, United States",US,USCO,38.5744,-107.806,186835,3,"Arvada, Colorado, United States",US,USCO,39.8028,-105.087,204709,20160822,"http://www.goldentranscript.net/stories/RRCC-offers-masters-in-health-science,234084"
571664091,20160822,201608,2016,2016.6356,CVLEDU,COMMUNITY,,,,,,CVL,EDU,,,,,,,,,,,,1,043,043,04,1,2.8,10,1,10,4.55927051671732,3,"Red Rocks, Colorado, United States",US,USCO,38.5744,-107.806,186835,0,,,,,,,3,"Red Rocks, Colorado, United States",US,USCO,38.5744,-107.806,186835,20160822,"http://www.goldentranscript.net/stories/RRCC-offers-masters-in-health-science,234084"
571664136,20160822,201608,2016,2016.6356,EDU,SCHOOL,,,,,,EDU,,,BUS,INDUSTRY,,,,,,BUS,,,0,030,030,03,1,4.0,2,1,2,4.55927051671732,3,"Red Rocks, Colorado, United States",US,USCO,38.5744,-107.806,186835,3,"Red Rocks, Colorado, United States",US,USCO,38.5744,-107.806,186835,3,"Red Rocks, Colorado, United States",US,USCO,38.5744,-107.806,186835,20160822,"http://www.goldentranscript.net/stories/RRCC-offers-masters-in-health-science,234084"
571664137,20160822,201608,2016,2016.6356,EDU,SCHOOL,,,,,,EDU,,,BUS,INDUSTRY,,,,,,BUS,,,0,030,030,03,1,4.0,2,1,2,4.55927051671732,3,"Arvada, Colorado, United States",US,USCO,39.8028,-105.087,204709,3,"Red Rocks, Colorado, United States",US,USCO,38.5744,-107.806,186835,3,"Red Rocks, Colorado, United States",US,USCO,38.5744,-107.806,186835,20160822,"http://www.goldentranscript.net/stories/RRCC-offers-masters-in-health-science,234084"
571664138,20160822,201608,2016,2016.6356,EDU,SCHOOL,,,,,,EDU,,,BUS,INDUSTRY,,,,,,BUS,,,0,030,030,03,1,4.0,6,1,6,4.55927051671732,3,"Arvada, Colorado, United States",US,USCO,39.8028,-105.087,204709,3,"Arvada, Colorado, United States",US,USCO,39.8028,-105.087,204709,3,"Arvada, Colorado, United States",US,USCO,39.8028,-105.087,204709,20160822,"http://www.goldentranscript.net/stories/RRCC-offers-masters-in-health-science,234084"
571665555,20160822,201608,2016,2016.6356,USA,UNITED STATES,USA,,,,,,,,nai,NATIVE AMERICAN,,,nai,,,,,,1,111,111,11,3,-2.0,2,1,2,-3.02571860816944,3,"American River, California, United States",US,USCA,38.5974,-121.508,254562,2,"California, United States",US,USCA,36.17,-119.746,CA,2,"California, United States",US,USCA,36.17,-119.746,CA,20160822,http://yubanet.com/regional/california-supreme-court-upholds-moratorium-on-suction-dredge-mining-for-gold/
571666897,20160822,201608,2016,2016.6356,,,,,,,,,,,MED,WRITER,,,,,,MED,,,1,040,040,04,1,1.0,13,2,13,0.796886652632375,0,,,,,,,2,"Virginia, United States",US,USVA,37.768,-78.2057,VA,2,"Virginia, United States",US,USVA,37.768,-78.2057,VA,20160822,http://www.curvemag.com/Culture/The-Golden-Crown-Literary-Society-Annual-Conference-1420/
571667004,20160822,201608,2016,2016.6356,AUS,AUSTRALIA,AUS,,,,,,,,,,,,,,,,,,1,090,090,09,2,-2.0,6,1,6,-7.38636363636363,4,"Maribyrnong River, Victoria, Australia",AS,AS07,-37.8167,144.917,-1585870,0,,,,,,,4,"Maribyrnong River, Victoria, Australia",AS,AS07,-37.8167,144.917,-1585870,20160822,http://www.gold1043.com.au/newsroom/missing-melbourne-woman-karen-ristevskis-husband-speaks-out-over-her-disappearance
571667031,20160822,201608,2016,2016.6356,BRA,BRAZIL,BRA,,,,,,,,BRAEDU,BRAZIL,BRA,,,,,EDU,,,1,013,013,01,1,0.4,1,1,1,4.42804428044281,1,Brazil,BR,BR,-10,-55,BR,1,Brazil,BR,BR,-10,-55,BR,1,Brazil,BR,BR,-10,-55,BR,20160822,http://www.express.co.uk/news/world/702818/Rio-Olympics-Usain-Bolt-champion-gold-medal-parties-mystery-women-nightclub
571667285,20160822,201608,2016,2016.6356,CRM,RUNNER,,,,,,CRM,,,BRA,BRAZIL,BRA,,,,,,,,1,010,010,01,1,0.0,1,1,1,4.42804428044281,1,Jamaica,JM,JM,18.25,-77.5,JM,1,Jamaica,JM,JM,18.25,-77.5,JM,1,Jamaica,JM,JM,18.25,-77.5,JM,20160822,http://www.express.co.uk/news/world/702818/Rio-Olympics-Usain-Bolt-champion-gold-medal-parties-mystery-women-nightclub
571667286,20160822,201608,2016,2016.6356,CRM,RUNNER,,,,,,CRM,,,BRA,BRAZIL,BRA,,,,,,,,1,051,051,05,1,3.4,1,1,1,4.42804428044281,1,Jamaica,JM,JM,18.25,-77.5,JM,1,Jamaica,JM,JM,18.25,-77.5,JM,1,Jamaica,JM,JM,18.25,-77.5,JM,20160822,http://www.express.co.uk/news/world/702818/Rio-Olympics-Usain-Bolt-champion-gold-medal-parties-mystery-women-nightclub
571667287,20160822,201608,2016,2016.6356,CRM,RUNNER,,,,,,CRM,,,CAN,ALBERTA,CAN,,,,,,,,1,010,010,01,1,0.0,3,1,3,4.42804428044281,1,Jamaica,JM,JM,18.25,-77.5,JM,1,Jamaica,JM,JM,18.25,-77.5,JM,1,Jamaica,JM,JM,18.25,-77.5,JM,20160822,http://www.express.co.uk/news/world/702818/Rio-Olympics-Usain-Bolt-champion-gold-medal-parties-mystery-women-nightclub
571667288,20160822,201608,2016,2016.6356,CRM,RUNNER,,,,,,CRM,,,CAN,ALBERTA,CAN,,,,,,,,1,051,051,05,1,3.4,1,1,1,4.42804428044281,1,Brazil,BR,BR,-10,-55,BR,1,Brazil,BR,BR,-10,-55,BR,1,Brazil,BR,BR,-10,-55,BR,20160822,http://www.express.co.uk/news/world/702818/Rio-Olympics-Usain-Bolt-champion-gold-medal-parties-mystery-women-nightclub
571667289,20160822,201608,2016,2016.6356,CRM,RUNNER,,,,,,CRM,,,CAN,ALBERTA,CAN,,,,,,,,1,051,051,05,1,3.4,3,1,3,4.42804428044281,1,Jamaica,JM,JM,18.25,-77.5,JM,1,Jamaica,JM,JM,18.25,-77.5,JM,1,Jamaica,JM,JM,18.25,-77.5,JM,20160822,http://www.express.co.uk/news/world/702818/Rio-Olympics-Usain-Bolt-champion-gold-medal-parties-mystery-women-nightclub
571667613,20160822,201608,2016,2016.6356,GOV,STATE OFFICIAL,,,,,,GOV,,,,,,,,,,,,,1,172,172,17,4,-5.0,10,1,10,0,2,"California, United States",US,USCA,36.17,-119.746,CA,0,,,,,,,2,"California, United States",US,USCA,36.17,-119.746,CA,20160822,http://www.mymotherlode.com/news/local/271772/ca-supreme-court-upholds-ban-on-gold-mining-technique.html
571667969,20160822,201608,2016,2016.6356,JUD,HIGH COURT,,,,,,JUD,,,USA,CALIFORNIA,USA,,,,,,,,1,1241,124,12,3,-4.0,10,1,10,0,2,"California, United States",US,USCA,36.17,-119.746,CA,2,"California, United States",US,USCA,36.17,-119.746,CA,2,"California, United States",US,USCA,36.17,-119.746,CA,20160822,http://www.mymotherlode.com/news/local/271772/ca-supreme-court-upholds-ban-on-gold-mining-technique.html
571668688,20160822,201608,2016,2016.6356,USA,SAN FRANCISCO,USA,,,,,,,,BUS,INDUSTRY,,,,,,BUS,,,1,110,110,11,3,-2.0,10,1,10,0,2,"California, United States",US,USCA,36.17,-119.746,CA,2,"California, United States",US,USCA,36.17,-119.746,CA,2,"California, United States",US,USCA,36.17,-119.746,CA,20160822,http://www.mymotherlode.com/news/local/271772/ca-supreme-court-upholds-ban-on-gold-mining-technique.html
571670276,20160822,201608,2016,2016.6356,,,,,,,,,,,CAN,CANADA,CAN,,,,,,,,1,1243,124,12,3,-4.0,6,1,6,-4.83347264193403,0,,,,,,,4,"Salmon Arm, British Columbia, Canada",CA,CA02,50.7,-119.283,-573088,4,"Salmon Arm, British Columbia, Canada",CA,CA02,50.7,-119.283,-573088,20160822,http://golden.myezrock.com/News/Story.aspx?ID=2199759
571670277,20160822,201608,2016,2016.6356,,,,,,,,,,,CAN,CANADA,CAN,,,,,,,,1,173,173,17,4,-5.0,10,1,10,-5.29801324503311,0,,,,,,,4,"Salmon Arm, British Columbia, Canada",CA,CA02,50.7,-119.283,-573088,4,"Salmon Arm, British Columbia, Canada",CA,CA02,50.7,-119.283,-573088,20160822,http://golden.myezrock.com/News/Story.aspx?ID=2199759
571670306,20160822,201608,2016,2016.6356,,,,,,,,,,,GOV,THE PM,,,,,,GOV,,,1,036,036,03,1,4.0,4,1,4,3.46820809248555,0,,,,,,,4,"Delhi, Delhi, India",IN,IN07,28.6667,77.2167,-2094230,4,"Haryana, Haryana, India",IN,IN10,29.6161,76.9806,6210381,20160822,http://www.tribuneindia.com/news/haryana/modi-to-be-chief-guest-at-state-s-golden-jubilee-celebrations/283993.html
571670560,20160822,201608,2016,2016.6356,BUS,ENTREPRENEUR,,,,,,BUS,,,GHA,GHANA,GHA,,,,,,,,1,036,036,03,1,4.0,4,1,4,1.76817288801572,1,Ghana,GH,GH,8,-2,GH,1,Ghana,GH,GH,8,-2,GH,1,Ghana,GH,GH,8,-2,GH,20160822,http://www.goldcoastbulletin.com.au/entertainment/gold-coasts-sea-fm-radio-announcer-bella-frizza-weds-fella-on-married-at-first-sight/news-story/84f55ea086f82fa41a8bd82f93d358a3?nk=04f17b2e1f8a7eacf17dcc1bd068d6ee-1471897974
571671058,20160822,201608,2016,2016.6356,GHA,GHANA,GHA,,,,,,,,BUS,ENTREPRENEUR,,,,,,BUS,,,1,036,036,03,1,4.0,4,1,4,1.76817288801572,1,New Zealand,NZ,NZ,-41,174,NZ,1,New Zealand,NZ,NZ,-41,174,NZ,1,New Zealand,NZ,NZ,-41,174,NZ,20160822,http://www.goldcoastbulletin.com.au/entertainment/gold-coasts-sea-fm-radio-announcer-bella-frizza-weds-fella-on-married-at-first-sight/news-story/84f55ea086f82fa41a8bd82f93d358a3?nk=04f17b2e1f8a7eacf17dcc1bd068d6ee-1471897974
571671075,20160822,201608,2016,2016.6356,GOV,THE PM,,,,,,GOV,,,,,,,,,,,,,1,030,030,03,1,4.0,8,1,8,3.46820809248555,4,"Delhi, Delhi, India",IN,IN07,28.6667,77.2167,-2094230,0,,,,,,,4,"Haryana, Haryana, India",IN,IN10,29.6161,76.9806,6210381,20160822,http://www.tribuneindia.com/news/haryana/modi-to-be-chief-guest-at-state-s-golden-jubilee-celebrations/283993.html
571671076,20160822,201608,2016,2016.6356,GOV,THE PM,,,,,,GOV,,,,,,,,,,,,,1,030,030,03,1,4.0,2,1,2,3.46820809248555,4,"Haryana, Haryana, India",IN,IN10,29.6161,76.9806,6210381,0,,,,,,,4,"Delhi, Delhi, India",IN,IN07,28.6667,77.2167,-2094230,20160822,http://www.tribuneindia.com/news/haryana/modi-to-be-chief-guest-at-state-s-golden-jubilee-celebrations/283993.html
571671079,20160822,201608,2016,2016.6356,GOV,THE PM,,,,,,GOV,,,,,,,,,,,,,1,036,036,03,1,4.0,8,2,8,3.84890767162042,4,"Haryana, Haryana, India",IN,IN10,29.6161,76.9806,6210381,0,,,,,,,4,"Haryana, Haryana, India",IN,IN10,29.6161,76.9806,6210381,20160822,http://www.tribuneindia.com/news/haryana/modi-to-be-chief-guest-at-state-s-golden-jubilee-celebrations/283993.html
571671106,20160822,201608,2016,2016.6356,GOV,CHIEF MINISTER,,,,,,GOV,,,CHN,CHINA,CHN,,,,,,,,1,010,010,01,1,0.0,3,1,3,3.46820809248555,4,"Mumbai, Maharashtra, India",IN,IN16,18.975,72.8258,-2092174,4,"Haryana, Haryana, India",IN,IN10,29.6161,76.9806,6210381,4,"Mumbai, Maharashtra, India",IN,IN16,18.975,72.8258,-2092174,20160822,http://www.tribuneindia.com/news/haryana/modi-to-be-chief-guest-at-state-s-golden-jubilee-celebrations/283993.html
571671126,20160822,201608,2016,2016.6356,GOV,THE PM,,,,,,GOV,,,IND,HARYANA,IND,,,,,,,,1,036,036,03,1,4.0,4,1,4,3.46820809248555,4,"Delhi, Delhi, India",IN,IN07,28.6667,77.2167,-2094230,4,"Haryana, Haryana, India",IN,IN10,29.6161,76.9806,6210381,4,"Haryana, Haryana, India",IN,IN10,29.6161,76.9806,6210381,20160822,http://www.tribuneindia.com/news/haryana/modi-to-be-chief-guest-at-state-s-golden-jubilee-celebrations/283993.html
571671127,20160822,201608,2016,2016.6356,GOV,THE PM,,,,,,GOV,,,IND,HARYANA,IND,,,,,,,,1,036,036,03,1,4.0,2,1,2,3.46820809248555,4,"Haryana, Haryana, India",IN,IN10,29.6161,76.9806,6210381,4,"Delhi, Delhi, India",IN,IN07,28.6667,77.2167,-2094230,4,"Haryana, Haryana, India",IN,IN10,29.6161,76.9806,6210381,20160822,http://www.tribuneindia.com/news/haryana/modi-to-be-chief-guest-at-state-s-golden-jubilee-celebrations/283993.html
571671271,20160822,201608,2016,2016.6356,IND,HARYANA,IND,,,,,,,,GOV,THE PM,,,,,,GOV,,,1,036,036,03,1,4.0,2,1,2,3.46820809248555,4,"Delhi, Delhi, India",IN,IN07,28.6667,77.2167,-2094230,4,"Haryana, Haryana, India",IN,IN10,29.6161,76.9806,6210381,4,"Haryana, Haryana, India",IN,IN10,29.6161,76.9806,6210381,20160822,http://www.tribuneindia.com/news/haryana/modi-to-be-chief-guest-at-state-s-golden-jubilee-celebrations/283993.html
571671272,20160822,201608,2016,2016.6356,IND,HARYANA,IND,,,,,,,,GOV,THE PM,,,,,,GOV,,,1,036,036,03,1,4.0,4,1,4,3.46820809248555,4,"Haryana, Haryana, India",IN,IN10,29.6161,76.9806,6210381,4,"Delhi, Delhi, India",IN,IN07,28.6667,77.2167,-2094230,4,"Haryana, Haryana, India",IN,IN10,29.6161,76.9806,6210381,20160822,http://www.tribuneindia.com/news/haryana/modi-to-be-chief-guest-at-state-s-golden-jubilee-celebrations/283993.html
571671273,20160822,201608,2016,2016.6356,IND,HARYANA,IND,,,,,,,,GOV,CHIEF MINISTER,,,,,,GOV,,,1,051,051,05,1,3.4,6,1,6,3.46820809248555,4,"Haryana, Haryana, India",IN,IN10,29.6161,76.9806,6210381,4,"Haryana, Haryana, India",IN,IN10,29.6161,76.9806,6210381,4,"Haryana, Haryana, India",IN,IN10,29.6161,76.9806,6210381,20160822,http://www.tribuneindia.com/news/haryana/modi-to-be-chief-guest-at-state-s-golden-jubilee-celebrations/283993.html
571671277,20160822,201608,2016,2016.6356,IND,HARYANA,IND,,,,,,,,GOV,PRIME MINISTER,,,,,,GOV,,,1,164,164,16,4,-7.0,6,1,6,3.46820809248555,4,"Haryana, Haryana, India",IN,IN10,29.6161,76.9806,6210381,4,"Delhi, Delhi, India",IN,IN07,28.6667,77.2167,-2094230,4,"Delhi, Delhi, India",IN,IN07,28.6667,77.2167,-2094230,20160822,http://www.tribuneindia.com/news/haryana/modi-to-be-chief-guest-at-state-s-golden-jubilee-celebrations/283993.html
571671630,20160822,201608,2016,2016.6356,MOS,ISLAMIC,,,,MOS,,,,,,,,,,,,,,,1,015,015,01,1,0.0,26,3,26,-4.56128967688529,4,"Amritsar, Punjab, India",IN,IN23,31.6331,74.8656,-2088794,0,,,,,,,4,"Amritsar, Punjab, India",IN,IN23,31.6331,74.8656,-2088794,20160822,http://www.goldcoastbulletin.com.au/news/national/rush-hour-the-stories-you-need-to-know-today/news-story/511844c61910cf182c8e6e054171732e?nk=3dbf4c248c5005268650605ec8d9eda0-1471897997
571673596,20160821,201608,2016,2016.6329,,,,,,,,,,,COP,POLICE,,,,,,COP,,,0,112,112,11,3,-2.0,1,1,1,-5.50964187327824,0,,,,,,,4,"Burrum Point, Queensland, Australia",AS,AS04,-25.15,152.633,-1563205,4,"Burrum Point, Queensland, Australia",AS,AS04,-25.15,152.633,-1563205,20160822,http://www.news-mail.com.au/news/gold-coast-shooting-woman-charged-murder/3080513/
571673597,20160821,201608,2016,2016.6329,,,,,,,,,,,COP,POLICE,,,,,,COP,,,0,112,112,11,3,-2.0,7,1,7,-5.50964187327824,0,,,,,,,4,"Southport, Queensland, Australia",AS,AS04,-27.9667,153.4,-1601419,4,"Burrum Point, Queensland, Australia",AS,AS04,-25.15,152.633,-1563205,20160822,http://www.news-mail.com.au/news/gold-coast-shooting-woman-charged-murder/3080513/
571673598,20160821,201608,2016,2016.6329,,,,,,,,,,,COP,POLICE,,,,,,COP,,,0,112,112,11,3,-2.0,110,14,110,-4.09666009886275,0,,,,,,,4,"Southport, Queensland, Australia",AS,AS04,-27.9667,153.4,-1601419,4,"Southport, Queensland, Australia",AS,AS04,-27.9667,153.4,-1601419,20160822,http://www.gladstoneobserver.com.au/news/gold-coast-shooting-woman-charged-murder/3080513/
571673599,20160821,201608,2016,2016.6329,,,,,,,,,,,COP,POLICE,,,,,,COP,,,0,112,112,11,3,-2.0,1,1,1,-3.00546448087432,0,,,,,,,4,"Southport, Queensland, Australia",AS,AS04,-27.9667,153.4,-1601419,1,South Korea,KS,KS,37,127.5,KS,20160822,http://www.qt.com.au/news/gold-coast-shooting-woman-charged-murder/3080513/
571673600,20160821,201608,2016,2016.6329,,,,,,,,,,,COP,POLICE,,,,,,COP,,,0,112,112,11,3,-2.0,12,6,12,-4.03221631523571,0,,,,,,,3,"Hollywood, California, United States",US,USCA,34.0983,-118.327,1660757,3,"Hollywood, California, United States",US,USCA,34.0983,-118.327,1660757,20160822,http://www.gladstoneobserver.com.au/news/gold-coast-shooting-woman-charged-murder/3080513/
571673852,20160822,201608,2016,2016.6356,AFR,AFRICA,AFR,,,,,,,,,,,,,,,,,,1,013,013,01,1,0.4,4,1,4,6.75105485232067,4,"Polokwane, Limpopo, South Africa",SF,SF09,-23.9045,29.4689,-1272405,0,,,,,,,4,"Polokwane, Limpopo, South Africa",SF,SF09,-23.9045,29.4689,-1272405,20160822,http://www.thenewage.co.za/big-welcome-awaits-golden-girl-semenya/
571674476,20160822,201608,2016,2016.6356,GHA,GHANA,GHA,,,,,,,,,,,,,,,,,,1,193,193,19,4,-10.0,36,6,36,-4.03221631523571,3,"Hollywood, California, United States",US,USCA,34.0983,-118.327,1660757,0,,,,,,,3,"Hollywood, California, United States",US,USCA,34.0983,-118.327,1660757,20160822,http://www.gladstoneobserver.com.au/news/gold-coast-shooting-woman-charged-murder/3080513/
571674477,20160822,201608,2016,2016.6356,GHA,GHANA,GHA,,,,,,,,,,,,,,,,,,1,193,193,19,4,-10.0,41,7,41,-3.52118234578479,1,China,CH,CH,35,105,CH,0,,,,,,,1,China,CH,CH,35,105,CH,20160822,http://www.sunshinecoastdaily.com.au/news/gold-coast-shooting-woman-charged-murder/3080513/
571674792,20160822,201608,2016,2016.6356,JUD,MAGISTRATE,,,,,,JUD,,,,,,,,,,,,,0,036,036,03,1,4.0,12,6,12,-4.03221631523571,3,"Hollywood, California, United States",US,USCA,34.0983,-118.327,1660757,0,,,,,,,3,"Hollywood, California, United States",US,USCA,34.0983,-118.327,1660757,20160822,http://www.gladstoneobserver.com.au/news/gold-coast-shooting-woman-charged-murder/3080513/
571674793,20160822,201608,2016,2016.6356,JUD,MAGISTRATE,,,,,,JUD,,,,,,,,,,,,,0,036,036,03,1,4.0,14,7,14,-3.52118234578479,1,China,CH,CH,35,105,CH,0,,,,,,,1,China,CH,CH,35,105,CH,20160822,http://www.sunshinecoastdaily.com.au/news/gold-coast-shooting-woman-charged-murder/3080513/
571676972,20160821,201608,2016,2016.6329,,,,,,,,,,,COP,POLICE,,,,,,COP,,,0,112,112,11,3,-2.0,3,1,3,-5.08474576271186,0,,,,,,,4,"Southport, Queensland, Australia",AS,AS04,-27.9667,153.4,-1601419,4,"Woolgoolga, New South Wales, Australia",AS,AS02,-30.1125,153.191,-1610769,20160822,http://www.coffscoastadvocate.com.au/news/gold-coast-shooting-woman-charged-murder/3080513/
571676973,20160821,201608,2016,2016.6329,,,,,,,,,,,COP,POLICE,,,,,,COP,,,0,112,112,11,3,-2.0,5,1,5,-5.08474576271186,0,,,,,,,4,"Woolgoolga, New South Wales, Australia",AS,AS02,-30.1125,153.191,-1610769,4,"Woolgoolga, New South Wales, Australia",AS,AS02,-30.1125,153.191,-1610769,20160822,http://www.coffscoastadvocate.com.au/news/gold-coast-shooting-woman-charged-murder/3080513/
571677043,20160822,201608,2016,2016.6356,,,,,,,,,,,JAM,JAMAICA,JAM,,,,,,,,1,042,042,04,1,1.9,10,1,10,-0.58479532163742,0,,,,,,,1,United States,US,US,38,-97,US,1,United States,US,US,38,-97,US,20160822,http://www.independent.co.uk/voices/usain-bolt-bed-pictures-jady-duarte-rio-olympics-girlfriend-kasi-bennett-whatsapp-won-gold-medal-a7203946.html
571677164,20160822,201608,2016,2016.6356,BUS,COMPANY,,,,,,BUS,,,,,,,,,,,,,0,020,020,02,1,3.0,4,1,4,1.01626016260163,4,"Gaspe, Quebec, Canada",CA,CA10,48.8333,-64.4833,-565124,0,,,,,,,4,"Vancouver, British Columbia, Canada",CA,CA02,49.25,-123.133,-575268,20160822,http://www.finanznachrichten.de/nachrichten-2016-08/38367323-goldrea-announces-closing-of-oversubscribed-private-placement-256.htm
571677165,20160822,201608,2016,2016.6356,BUS,COMPANY,,,,,,BUS,,,,,,,,,,,,,0,020,020,02,1,3.0,6,1,6,1.01626016260163,4,"Vancouver, British Columbia, Canada",CA,CA02,49.25,-123.133,-575268,0,,,,,,,4,"Vancouver, British Columbia, Canada",CA,CA02,49.25,-123.133,-575268,20160822,http://www.finanznachrichten.de/nachrichten-2016-08/38367323-goldrea-announces-closing-of-oversubscribed-private-placement-256.htm
571677568,20160822,201608,2016,2016.6356,GBR,BRITISH,GBR,,,,,,,,USA,AMERICAN,USA,,,,,,,,0,046,046,04,1,7.0,1,1,1,-0.58479532163742,1,United States,US,US,38,-97,US,1,United States,US,US,38,-97,US,1,United States,US,US,38,-97,US,20160822,http://www.independent.co.uk/voices/usain-bolt-bed-pictures-jady-duarte-rio-olympics-girlfriend-kasi-bennett-whatsapp-won-gold-medal-a7203946.html
571678572,20160822,201608,2016,2016.6356,USA,AMERICAN,USA,,,,,,,,GBR,BRITISH,GBR,,,,,,,,0,046,046,04,1,7.0,1,1,1,-0.58479532163742,1,United States,US,US,38,-97,US,1,United States,US,US,38,-97,US,1,United States,US,US,38,-97,US,20160822,http://www.independent.co.uk/voices/usain-bolt-bed-pictures-jady-duarte-rio-olympics-girlfriend-kasi-bennett-whatsapp-won-gold-medal-a7203946.html
571679712,20160821,201608,2016,2016.6329,,,,,,,,,,,COP,POLICE,,,,,,COP,,,0,112,112,11,3,-2.0,1,1,1,-4.5766590389016,0,,,,,,,4,"Southport, Queensland, Australia",AS,AS04,-27.9667,153.4,-1601419,4,"Compton, South Australia, Australia",AS,AS05,-37.7667,140.683,-1566591,20160822,http://www.ipswichadvertiser.com.au/news/gold-coast-shooting-woman-charged-murder/3080513/
571679779,20160822,201608,2016,2016.6356,,,,,,,,,,,EDU,SCHOOL,,,,,,EDU,,,0,043,043,04,1,2.8,10,2,10,-8.60542879622346,0,,,,,,,1,Ghana,GH,GH,8,-2,GH,1,Ghana,GH,GH,8,-2,GH,20160822,http://www.9news.com.au/national/2016/08/23/05/39/woman-charged-over-gold-coast-shooting
571679862,20160822,201608,2016,2016.6356,,,,,,,,,,,USA,NORTH CAROLINA,USA,,,,,,,,0,040,040,04,1,1.0,8,1,8,-2.49574588769143,0,,,,,,,2,"North Carolina, United States",US,USNC,35.6411,-79.8431,NC,3,"Washington, District of Columbia, United States",US,USDC,38.8951,-77.0364,531871,20160822,http://www.abqjournal.com/830785/why-many-veterans-are-sticking-with-trump-even-after-he-insulted-a-gold-star-family.html
571679944,20160822,201608,2016,2016.6356,AUS,QUEENSLAND,AUS,,,,,,,,,,,,,,,,,,1,190,190,19,4,-10.0,2,1,2,-8.06451612903226,1,Ghana,GH,GH,8,-2,GH,0,,,,,,,1,Ghana,GH,GH,8,-2,GH,20160822,http://www.9news.com.au/national/2016/08/23/05/39/woman-charged-over-gold-coast-shooting
571679954,20160822,201608,2016,2016.6356,AUS,QUEENSLAND,AUS,,,,,,,,EDU,SCHOOL,,,,,,EDU,,,1,173,173,17,4,-5.0,2,1,2,-8.06451612903226,1,Ghana,GH,GH,8,-2,GH,1,Ghana,GH,GH,8,-2,GH,1,Ghana,GH,GH,8,-2,GH,20160822,http://www.9news.com.au/national/2016/08/23/05/39/woman-charged-over-gold-coast-shooting
571679955,20160822,201608,2016,2016.6356,AUS,QUEENSLAND,AUS,,,,,,,,EDU,SCHOOL,,,,,,EDU,,,1,190,190,19,4,-10.0,2,1,2,-8.06451612903226,1,Ghana,GH,GH,8,-2,GH,1,Ghana,GH,GH,8,-2,GH,1,Ghana,GH,GH,8,-2,GH,20160822,http://www.9news.com.au/national/2016/08/23/05/39/woman-charged-over-gold-coast-shooting
571679960,20160822,201608,2016,2016.6356,AUS,QUEENSLAND,AUS,,,,,,,,GHAEDU,GHANA,GHA,,,,,EDU,,,1,173,173,17,4,-5.0,6,1,6,-8.06451612903226,1,Ghana,GH,GH,8,-2,GH,1,Ghana,GH,GH,8,-2,GH,1,Ghana,GH,GH,8,-2,GH,20160822,http://www.9news.com.au/national/2016/08/23/05/39/woman-charged-over-gold-coast-shooting
571679961,20160822,201608,2016,2016.6356,AUS,QUEENSLAND,AUS,,,,,,,,GHAEDU,GHANA,GHA,,,,,EDU,,,1,190,190,19,4,-10.0,6,1,6,-8.06451612903226,1,Ghana,GH,GH,8,-2,GH,1,Ghana,GH,GH,8,-2,GH,1,Ghana,GH,GH,8,-2,GH,20160822,http://www.9news.com.au/national/2016/08/23/05/39/woman-charged-over-gold-coast-shooting
571680310,20160822,201608,2016,2016.6356,EDU,SCHOOL,,,,,,EDU,,,,,,,,,,,,,0,042,042,04,1,1.9,10,2,10,-8.60542879622346,1,Ghana,GH,GH,8,-2,GH,0,,,,,,,1,Ghana,GH,GH,8,-2,GH,20160822,http://www.9news.com.au/national/2016/08/23/05/39/woman-charged-over-gold-coast-shooting
571680634,20160822,201608,2016,2016.6356,IGOWSTNAT,NATO,WST,NAT,,,,IGO,,,,,,,,,,,,,0,032,032,03,1,4.5,5,1,5,-2.49574588769143,3,"Washington, District of Columbia, United States",US,USDC,38.8951,-77.0364,531871,0,,,,,,,2,"North Carolina, United States",US,USNC,35.6411,-79.8431,NC,20160822,http://www.abqjournal.com/830785/why-many-veterans-are-sticking-with-trump-even-after-he-insulted-a-gold-star-family.html
571680704,20160822,201608,2016,2016.6356,IRQ,IRAQ,IRQ,,,,,,,,MOS,MUSLIM,,,,MOS,,,,,1,180,180,18,4,-9.0,1,1,1,-2.49574588769143,3,"Washington, District of Columbia, United States",US,USDC,38.8951,-77.0364,531871,2,"North Carolina, United States",US,USNC,35.6411,-79.8431,NC,2,"North Carolina, United States",US,USNC,35.6411,-79.8431,NC,20160822,http://www.abqjournal.com/830785/why-many-veterans-are-sticking-with-trump-even-after-he-insulted-a-gold-star-family.html
571680705,20160822,201608,2016,2016.6356,IRQ,IRAQ,IRQ,,,,,,,,MOS,MUSLIM,,,,MOS,,,,,1,180,180,18,4,-9.0,2,1,2,-2.49574588769143,2,"North Carolina, United States",US,USNC,35.6411,-79.8431,NC,2,"North Carolina, United States",US,USNC,35.6411,-79.8431,NC,2,"North Carolina, United States",US,USNC,35.6411,-79.8431,NC,20160822,http://www.abqjournal.com/830785/why-many-veterans-are-sticking-with-trump-even-after-he-insulted-a-gold-star-family.html
571680708,20160822,201608,2016,2016.6356,IRQ,IRAQ,IRQ,,,,,,,,USA,UNITED STATES,USA,,,,,,,,0,043,043,04,1,2.8,4,1,4,-2.49574588769143,5,"Diyala, DiyaláZ, Iraq",IZ,IZ10,34,45,-3104863,3,"Fayetteville, North Carolina, United States",US,USNC,35.0527,-78.8784,1020226,5,"Diyala, DiyaláZ, Iraq",IZ,IZ10,34,45,-3104863,20160822,http://www.abqjournal.com/830785/why-many-veterans-are-sticking-with-trump-even-after-he-insulted-a-gold-star-family.html
571681318,20160822,201608,2016,2016.6356,USA,NORTH CAROLINA,USA,,,,,,,,,,,,,,,,,,0,040,040,04,1,1.0,8,1,8,-2.49574588769143,2,"North Carolina, United States",US,USNC,35.6411,-79.8431,NC,0,,,,,,,3,"Washington, District of Columbia, United States",US,USDC,38.8951,-77.0364,531871,20160822,http://www.abqjournal.com/830785/why-many-veterans-are-sticking-with-trump-even-after-he-insulted-a-gold-star-family.html
571681374,20160822,201608,2016,2016.6356,USA,SAN FRANCISCO,USA,,,,,,,,,,,,,,,,,,1,120,120,12,3,-4.0,4,2,4,-2.390608875129,3,"San Francisco, California, United States",US,USCA,37.7749,-122.419,277593,0,,,,,,,2,"California, United States",US,USCA,36.17,-119.746,CA,20160822,http://www.sltrib.com/home/4267465-155/california-court-upholds-ban-on-gold
571681418,20160822,201608,2016,2016.6356,USA,UNITED STATES,USA,,,,,,,,BUS,COMPANY,,,,,,BUS,,,1,070,070,07,2,7.0,3,3,3,2.29732660619595,3,"San Francisco, California, United States",US,USCA,37.7749,-122.419,277593,3,"San Francisco, California, United States",US,USCA,37.7749,-122.419,277593,3,"San Francisco, California, United States",US,USCA,37.7749,-122.419,277593,20160822,http://www.marketwatch.com/story/timmins-gold-extends-operations-at-san-francisco-gold-mine-into-2023-2016-08-22
571681419,20160822,201608,2016,2016.6356,USA,UNITED STATES,USA,,,,,,,,BUS,COMPANY,,,,,,BUS,,,1,071,071,07,2,7.4,3,3,3,2.29732660619595,3,"San Francisco, California, United States",US,USCA,37.7749,-122.419,277593,3,"San Francisco, California, United States",US,USCA,37.7749,-122.419,277593,3,"San Francisco, California, United States",US,USCA,37.7749,-122.419,277593,20160822,http://www.marketwatch.com/story/timmins-gold-extends-operations-at-san-francisco-gold-mine-into-2023-2016-08-22
571681512,20160822,201608,2016,2016.6356,USA,UNITED STATES,USA,,,,,,,,IRQ,IRAQ,IRQ,,,,,,,,0,042,042,04,1,1.9,4,1,4,-2.49574588769143,3,"Fayetteville, North Carolina, United States",US,USNC,35.0527,-78.8784,1020226,5,"Diyala, DiyaláZ, Iraq",IZ,IZ10,34,45,-3104863,5,"Diyala, DiyaláZ, Iraq",IZ,IZ10,34,45,-3104863,20160822,http://www.abqjournal.com/830785/why-many-veterans-are-sticking-with-trump-even-after-he-insulted-a-gold-star-family.html
571681593,20160822,201608,2016,2016.6356,USA,UNITED STATES,USA,,,,,,,,VNM,VIETNAM,VNM,,,,,,,,0,043,043,04,1,2.8,2,1,2,-2.49574588769143,3,"Fayetteville, North Carolina, United States",US,USNC,35.0527,-78.8784,1020226,1,"Vietnam, Republic Of",VM,VM,16,106,VM,1,"Vietnam, Republic Of",VM,VM,16,106,VM,20160822,http://www.abqjournal.com/830785/why-many-veterans-are-sticking-with-trump-even-after-he-insulted-a-gold-star-family.html
571681705,20160822,201608,2016,2016.6356,VNM,VIETNAM,VNM,,,,,,,,USA,UNITED STATES,USA,,,,,,,,0,042,042,04,1,1.9,2,1,2,-2.49574588769143,1,"Vietnam, Republic Of",VM,VM,16,106,VM,3,"Fayetteville, North Carolina, United States",US,USNC,35.0527,-78.8784,1020226,1,"Vietnam, Republic Of",VM,VM,16,106,VM,20160822,http://www.abqjournal.com/830785/why-many-veterans-are-sticking-with-trump-even-after-he-insulted-a-gold-star-family.html
571682993,20160822,201608,2016,2016.6356,CAN,VANCOUVER,CAN,,,,,,,,BUS,COMPANY,,,,,,BUS,,,1,0331,033,03,1,5.2,5,1,5,1.45772594752187,4,"Gaspe, Quebec, Canada",CA,CA10,48.8333,-64.4833,-565124,4,"Gaspe, Quebec, Canada",CA,CA10,48.8333,-64.4833,-565124,4,"Gaspe, Quebec, Canada",CA,CA10,48.8333,-64.4833,-565124,20160822,http://www.military-technologies.net/2016/08/22/goldrea-announces-closing-of-oversubscribed-private-placement/
571684714,20160822,201608,2016,2016.6356,USAJUD,CALIFORNIA,USA,,,,,JUD,,,USA,CALIFORNIA,USA,,,,,,,,1,172,172,17,4,-5.0,3,1,3,-1.73913043478261,3,"Longisland, California, United States",US,USCA,38.1669,-121.625,227575,3,"Long Island, California, United States",US,USCA,38.1669,-121.625,227575,3,"Long Island, California, United States",US,USCA,38.1669,-121.625,227575,20160822,http://www.longisland.com/news/ap-news/california-high-court-upholds-ban-dredges-extract-gold-082216.html
571685912,20160821,201608,2016,2016.6329,,,,,,,,,,,COP,POLICE,,,,,,COP,,,0,112,112,11,3,-2.0,10,5,10,-5.06898277763928,0,,,,,,,4,"Brisbane, Queensland, Australia",AS,AS04,-27.5,153.017,-1561728,4,"Brisbane, Queensland, Australia",AS,AS04,-27.5,153.017,-1561728,20160822,http://www.byronnews.com.au/news/gold-coast-shooting-woman-charged-murder/3080513/
571685913,20160821,201608,2016,2016.6329,,,,,,,,,,,COP,POLICE,,,,,,COP,,,0,112,112,11,3,-2.0,3,1,3,-3.78787878787879,0,,,,,,,4,"Southport, Queensland, Australia",AS,AS04,-27.9667,153.4,-1601419,4,"Toowoomba, Queensland, Australia",AS,AS04,-27.5606,151.954,-1605321,20160822,http://www.thechronicle.com.au/news/gold-coast-shooting-woman-charged-murder/3080513/
571685914,20160821,201608,2016,2016.6329,,,,,,,,,,,COP,POLICE,,,,,,COP,,,0,112,112,11,3,-2.0,5,1,5,-3.78787878787879,0,,,,,,,4,"Toowoomba, Queensland, Australia",AS,AS04,-27.5606,151.954,-1605321,4,"Toowoomba, Queensland, Australia",AS,AS04,-27.5606,151.954,-1605321,20160822,http://www.thechronicle.com.au/news/gold-coast-shooting-woman-charged-murder/3080513/
571686667,20160822,201608,2016,2016.6356,GHA,GHANA,GHA,,,,,,,,,,,,,,,,,,1,193,193,19,4,-10.0,31,6,31,-4.85546544601253,4,"Brisbane, Queensland, Australia",AS,AS04,-27.5,153.017,-1561728,0,,,,,,,4,"Brisbane, Queensland, Australia",AS,AS04,-27.5,153.017,-1561728,20160822,http://www.byronnews.com.au/news/gold-coast-shooting-woman-charged-murder/3080513/
571687022,20160822,201608,2016,2016.6356,JUD,MAGISTRATE,,,,,,JUD,,,,,,,,,,,,,0,036,036,03,1,4.0,10,5,10,-5.06898277763928,4,"Brisbane, Queensland, Australia",AS,AS04,-27.5,153.017,-1561728,0,,,,,,,4,"Brisbane, Queensland, Australia",AS,AS04,-27.5,153.017,-1561728,20160822,http://www.byronnews.com.au/news/gold-coast-shooting-woman-charged-murder/3080513/
571690697,20160822,201608,2016,2016.6356,USA,UNITED STATES,USA,,,,,,,,AFR,AFRICA,AFR,,,,,,,,1,010,010,01,1,0.0,16,1,8,0,2,"Delaware, United States",US,USDE,39.3498,-75.5148,DE,2,"Delaware, United States",US,USDE,39.3498,-75.5148,DE,2,"Delaware, United States",US,USDE,39.3498,-75.5148,DE,20160822,http://delaware1059.com/story/26643-gold-alert-issued-for-missing-wilmington-woman
571691909,20160822,201608,2016,2016.6356,,,,,,,,,,,INDGOV,HARYANA,IND,,,,,GOV,,,1,036,036,03,1,4.0,2,1,2,4.22960725075529,0,,,,,,,4,"Haryana, Haryana, India",IN,IN10,29.6161,76.9806,6210381,4,"Haryana, Haryana, India",IN,IN10,29.6161,76.9806,6210381,20160822,http://www.thestatesman.com/news/latest-headlines/pm-to-attend-function-to-mark-golden-jubilee-of-haryana-s-creation/161362.html
571692513,20160822,201608,2016,2016.6356,GOV,GOVERNMENT,,,,,,GOV,,,,,,,,,,,,,1,010,010,01,1,0.0,4,1,4,4.22960725075529,4,"Haryana, Haryana, India",IN,IN10,29.6161,76.9806,6210381,0,,,,,,,4,"Haryana, Haryana, India",IN,IN10,29.6161,76.9806,6210381,20160822,http://www.thestatesman.com/news/latest-headlines/pm-to-attend-function-to-mark-golden-jubilee-of-haryana-s-creation/161362.html
571692524,20160822,201608,2016,2016.6356,GOV,GOVERNMENT,,,,,,GOV,,,,,,,,,,,,,1,030,030,03,1,4.0,4,1,4,4.22960725075529,4,"Haryana, Haryana, India",IN,IN10,29.6161,76.9806,6210381,0,,,,,,,4,"Haryana, Haryana, India",IN,IN10,29.6161,76.9806,6210381,20160822,http://www.thestatesman.com/news/latest-headlines/pm-to-attend-function-to-mark-golden-jubilee-of-haryana-s-creation/161362.html
571692527,20160822,201608,2016,2016.6356,GOV,GOVERNMENT,,,,,,GOV,,,,,,,,,,,,,1,036,036,03,1,4.0,4,1,4,4.22960725075529,4,"Hindustan, India (general), India",IN,IN00,28,76,-3414754,0,,,,,,,4,"Hindustan, India (general), India",IN,IN00,28,76,-3414754,20160822,http://www.thestatesman.com/news/latest-headlines/pm-to-attend-function-to-mark-golden-jubilee-of-haryana-s-creation/161362.html
571692536,20160822,201608,2016,2016.6356,GOV,PRESIDENT,,,,,,GOV,,,,,,,,,,,,,1,051,051,05,1,3.4,3,1,3,3.96600566572238,4,"Beijing, Beijing, China",CH,CH22,39.9289,116.388,-1898541,0,,,,,,,4,"Beijing, Beijing, China",CH,CH22,39.9289,116.388,-1898541,20160822,http://en.worldtempus.com/article/industry-news/hublot-sponsor-hublot-polo-gold-cup-2455845
571692537,20160822,201608,2016,2016.6356,GOV,PRIME MINISTER,,,,,,GOV,,,,,,,,,,,,,1,051,051,05,1,3.4,4,1,4,4.22960725075529,4,"Haryana, Haryana, India",IN,IN10,29.6161,76.9806,6210381,0,,,,,,,4,"Haryana, Haryana, India",IN,IN10,29.6161,76.9806,6210381,20160822,http://www.thestatesman.com/news/latest-headlines/pm-to-attend-function-to-mark-golden-jubilee-of-haryana-s-creation/161362.html
571692584,20160822,201608,2016,2016.6356,GOV,GOVERNMENT,,,,,,GOV,,,IND,HARYANA,IND,,,,,,,,1,036,036,03,1,4.0,4,1,4,4.22960725075529,4,"Haryana, Haryana, India",IN,IN10,29.6161,76.9806,6210381,4,"Haryana, Haryana, India",IN,IN10,29.6161,76.9806,6210381,4,"Haryana, Haryana, India",IN,IN10,29.6161,76.9806,6210381,20160822,http://www.thestatesman.com/news/latest-headlines/pm-to-attend-function-to-mark-golden-jubilee-of-haryana-s-creation/161362.html
571692585,20160822,201608,2016,2016.6356,GOV,PRIME MINISTER,,,,,,GOV,,,IND,HARYANA,IND,,,,,,,,1,051,051,05,1,3.4,6,1,6,4.22960725075529,4,"Haryana, Haryana, India",IN,IN10,29.6161,76.9806,6210381,4,"Haryana, Haryana, India",IN,IN10,29.6161,76.9806,6210381,4,"Haryana, Haryana, India",IN,IN10,29.6161,76.9806,6210381,20160822,http://www.thestatesman.com/news/latest-headlines/pm-to-attend-function-to-mark-golden-jubilee-of-haryana-s-creation/161362.html
571692652,20160822,201608,2016,2016.6356,GOVMIL,DEFENCE MINIST,,,,,,GOV,MIL,,,,,,,,,,,,0,060,060,06,2,6.0,2,1,2,4.22960725075529,4,"Haryana, Haryana, India",IN,IN10,29.6161,76.9806,6210381,0,,,,,,,4,"Haryana, Haryana, India",IN,IN10,29.6161,76.9806,6210381,20160822,http://www.thestatesman.com/news/latest-headlines/pm-to-attend-function-to-mark-golden-jubilee-of-haryana-s-creation/161362.html
571692709,20160822,201608,2016,2016.6356,IND,HARYANA,IND,,,,,,,,GOV,PRIME MINISTER,,,,,,GOV,,,1,010,010,01,1,0.0,4,1,4,4.22960725075529,4,"Haryana, Haryana, India",IN,IN10,29.6161,76.9806,6210381,4,"Haryana, Haryana, India",IN,IN10,29.6161,76.9806,6210381,4,"Haryana, Haryana, India",IN,IN10,29.6161,76.9806,6210381,20160822,http://www.thestatesman.com/news/latest-headlines/pm-to-attend-function-to-mark-golden-jubilee-of-haryana-s-creation/161362.html
571692711,20160822,201608,2016,2016.6356,IND,HARYANA,IND,,,,,,,,GOV,CHIEF MINISTER,,,,,,GOV,,,1,030,030,03,1,4.0,4,1,4,4.22960725075529,4,"Haryana, Haryana, India",IN,IN10,29.6161,76.9806,6210381,4,"Haryana, Haryana, India",IN,IN10,29.6161,76.9806,6210381,4,"Haryana, Haryana, India",IN,IN10,29.6161,76.9806,6210381,20160822,http://www.thestatesman.com/news/latest-headlines/pm-to-attend-function-to-mark-golden-jubilee-of-haryana-s-creation/161362.html
571692712,20160822,201608,2016,2016.6356,IND,HARYANA,IND,,,,,,,,GOV,GOVERNMENT,,,,,,GOV,,,1,036,036,03,1,4.0,4,1,4,4.22960725075529,4,"Haryana, Haryana, India",IN,IN10,29.6161,76.9806,6210381,4,"Haryana, Haryana, India",IN,IN10,29.6161,76.9806,6210381,4,"Haryana, Haryana, India",IN,IN10,29.6161,76.9806,6210381,20160822,http://www.thestatesman.com/news/latest-headlines/pm-to-attend-function-to-mark-golden-jubilee-of-haryana-s-creation/161362.html
571692720,20160822,201608,2016,2016.6356,INDGOV,HARYANA,IND,,,,,GOV,,,GOV,PRIME MINISTER,,,,,,GOV,,,1,010,010,01,1,0.0,2,1,2,4.22960725075529,4,"Haryana, Haryana, India",IN,IN10,29.6161,76.9806,6210381,4,"Haryana, Haryana, India",IN,IN10,29.6161,76.9806,6210381,4,"Haryana, Haryana, India",IN,IN10,29.6161,76.9806,6210381,20160822,http://www.thestatesman.com/news/latest-headlines/pm-to-attend-function-to-mark-golden-jubilee-of-haryana-s-creation/161362.html
571692721,20160822,201608,2016,2016.6356,INDGOV,HARYANA,IND,,,,,GOV,,,GOV,CHIEF MINISTER,,,,,,GOV,,,1,030,030,03,1,4.0,2,1,2,4.22960725075529,4,"Haryana, Haryana, India",IN,IN10,29.6161,76.9806,6210381,4,"Haryana, Haryana, India",IN,IN10,29.6161,76.9806,6210381,4,"Haryana, Haryana, India",IN,IN10,29.6161,76.9806,6210381,20160822,http://www.thestatesman.com/news/latest-headlines/pm-to-attend-function-to-mark-golden-jubilee-of-haryana-s-creation/161362.html
571693321,20160822,201608,2016,2016.6356,USA,CALIFORNIA,USA,,,,,,,,CAN,CANADIAN,CAN,,,,,,,,1,172,172,17,4,-5.0,4,1,4,-2.70880361173815,2,"California, United States",US,USCA,36.17,-119.746,CA,2,"California, United States",US,USCA,36.17,-119.746,CA,2,"California, United States",US,USCA,36.17,-119.746,CA,20160822,http://www.canadianbusiness.com/business-news/california-court-upholds-ban-on-dredges-to-extract-gold/
571693322,20160822,201608,2016,2016.6356,USA,CALIFORNIA,USA,,,,,,,,CANBUS,CANADIAN,CAN,,,,,BUS,,,1,172,172,17,4,-5.0,6,1,6,-2.70880361173815,2,"California, United States",US,USCA,36.17,-119.746,CA,2,"California, United States",US,USCA,36.17,-119.746,CA,2,"California, United States",US,USCA,36.17,-119.746,CA,20160822,http://www.canadianbusiness.com/business-news/california-court-upholds-ban-on-dredges-to-extract-gold/
571694682,20160723,201607,2016,2016.5562,,,,,,,,,,,GHA,GHANA,GHA,,,,,,,,0,112,112,11,3,-2.0,4,1,4,-4.1015625,0,,,,,,,1,Ghana,GH,GH,8,-2,GH,1,Ghana,GH,GH,8,-2,GH,20160822,http://www.goldcoastbulletin.com.au/news/crime-court/taskforce-maxima-nab-comancheros-patched-bikie-member-after-gunshot-and-assault-at-broadbeach/news-story/ef593e3b864267d5797047dcd27ffa72?nk=27d9c89c7ae1b1923b0eb05e04c135e9-1471905138
571694762,20160822,201608,2016,2016.6356,,,,,,,,,,,CVL,TOURIST,,,,,,CVL,,,1,042,042,04,1,1.9,2,1,2,-4.1015625,0,,,,,,,4,"Broadbeach, Queensland, Australia",AS,AS04,-28.0167,153.433,-1561762,4,"Broadbeach, Queensland, Australia",AS,AS04,-28.0167,153.433,-1561762,20160822,http://www.goldcoastbulletin.com.au/news/crime-court/taskforce-maxima-nab-comancheros-patched-bikie-member-after-gunshot-and-assault-at-broadbeach/news-story/ef593e3b864267d5797047dcd27ffa72?nk=27d9c89c7ae1b1923b0eb05e04c135e9-1471905138
571694768,20160822,201608,2016,2016.6356,,,,,,,,,,,CVL,TOURIST,,,,,,CVL,,,1,180,180,18,4,-9.0,1,1,1,-4.1015625,0,,,,,,,1,Ghana,GH,GH,8,-2,GH,4,"Broadbeach, Queensland, Australia",AS,AS04,-28.0167,153.433,-1561762,20160822,http://www.goldcoastbulletin.com.au/news/crime-court/taskforce-maxima-nab-comancheros-patched-bikie-member-after-gunshot-and-assault-at-broadbeach/news-story/ef593e3b864267d5797047dcd27ffa72?nk=27d9c89c7ae1b1923b0eb05e04c135e9-1471905138
571694793,20160822,201608,2016,2016.6356,,,,,,,,,,,GHACVL,GHANA,GHA,,,,,CVL,,,1,042,042,04,1,1.9,6,1,6,-4.1015625,0,,,,,,,4,"Broadbeach, Queensland, Australia",AS,AS04,-28.0167,153.433,-1561762,4,"Broadbeach, Queensland, Australia",AS,AS04,-28.0167,153.433,-1561762,20160822,http://www.goldcoastbulletin.com.au/news/crime-court/taskforce-maxima-nab-comancheros-patched-bikie-member-after-gunshot-and-assault-at-broadbeach/news-story/ef593e3b864267d5797047dcd27ffa72?nk=27d9c89c7ae1b1923b0eb05e04c135e9-1471905138
571694794,20160822,201608,2016,2016.6356,,,,,,,,,,,GHACVL,GHANA,GHA,,,,,CVL,,,1,180,180,18,4,-9.0,2,1,2,-4.1015625,0,,,,,,,1,Ghana,GH,GH,8,-2,GH,4,"Broadbeach, Queensland, Australia",AS,AS04,-28.0167,153.433,-1561762,20160822,http://www.goldcoastbulletin.com.au/news/crime-court/taskforce-maxima-nab-comancheros-patched-bikie-member-after-gunshot-and-assault-at-broadbeach/news-story/ef593e3b864267d5797047dcd27ffa72?nk=27d9c89c7ae1b1923b0eb05e04c135e9-1471905138
571694795,20160822,201608,2016,2016.6356,,,,,,,,,,,GHACVL,GHANA,GHA,,,,,CVL,,,1,180,180,18,4,-9.0,2,1,2,-4.1015625,0,,,,,,,1,Ghana,GH,GH,8,-2,GH,1,Ghana,GH,GH,8,-2,GH,20160822,http://www.goldcoastbulletin.com.au/news/crime-court/taskforce-maxima-nab-comancheros-patched-bikie-member-after-gunshot-and-assault-at-broadbeach/news-story/ef593e3b864267d5797047dcd27ffa72?nk=27d9c89c7ae1b1923b0eb05e04c135e9-1471905138
571694960,20160822,201608,2016,2016.6356,AUS,AUSTRALIA,AUS,,,,,,,,MED,SPOKESMAN,,,,,,MED,,,1,013,013,01,1,0.4,16,3,16,-4.90853658536586,4,"Sydney, New South Wales, Australia",AS,AS02,-33.8833,151.217,-1603135,4,"Sydney, New South Wales, Australia",AS,AS02,-33.8833,151.217,-1603135,4,"Sydney, New South Wales, Australia",AS,AS02,-33.8833,151.217,-1603135,20160822,http://www.goldcoastbulletin.com.au/news/national/nsw-premier-mike-baird-fractures-vertebrae-in-nasty-fall/news-story/2c35d2ad7d7b6c738c2c7189ba0ef6ac?nk=26e093e9e140ab2fa155be2a6847a9bc-1471905158
571694961,20160822,201608,2016,2016.6356,AUSCOP,NEW SOUTH WALES,AUS,,,,,COP,,,,,,,,,,,,,1,010,010,01,1,0.0,10,1,10,-2.5,0,,,,,,,0,,,,,,,0,,,,,,,20160822,http://www.goldcoastbulletin.com.au/news/crime-court/northern-new-south-wales-police-release-new-information-about-vehicle-related-to-murdered-sabrina-bremer/news-story/d4965a52cb196515935f6f569b433d5a?nk=dcb4450632ed7a982878d48875ee48c2-1471905155
571694962,20160822,201608,2016,2016.6356,AUSCOP,NEW SOUTH WALES,AUS,,,,,COP,,,,,,,,,,,,,1,084,084,08,2,7.0,10,1,10,-2.5,0,,,,,,,0,,,,,,,0,,,,,,,20160822,http://www.goldcoastbulletin.com.au/news/crime-court/northern-new-south-wales-police-release-new-information-about-vehicle-related-to-murdered-sabrina-bremer/news-story/d4965a52cb196515935f6f569b433d5a?nk=dcb4450632ed7a982878d48875ee48c2-1471905155
571695145,20160822,201608,2016,2016.6356,COP,POLICE,,,,,,COP,,,AUS,QUEENSLAND,AUS,,,,,,,,0,050,050,05,1,3.5,10,1,10,-2.5,0,,,,,,,0,,,,,,,0,,,,,,,20160822,http://www.goldcoastbulletin.com.au/news/crime-court/northern-new-south-wales-police-release-new-information-about-vehicle-related-to-murdered-sabrina-bremer/news-story/d4965a52cb196515935f6f569b433d5a?nk=dcb4450632ed7a982878d48875ee48c2-1471905155
571695147,20160822,201608,2016,2016.6356,COP,POLICE,,,,,,COP,,,AUS,AUSTRALIA,AUS,,,,,,,,1,173,173,17,4,-5.0,5,1,5,-4.1015625,4,"Broadbeach, Queensland, Australia",AS,AS04,-28.0167,153.433,-1561762,4,"Broadbeach, Queensland, Australia",AS,AS04,-28.0167,153.433,-1561762,4,"Broadbeach, Queensland, Australia",AS,AS04,-28.0167,153.433,-1561762,20160822,http://www.goldcoastbulletin.com.au/news/crime-court/taskforce-maxima-nab-comancheros-patched-bikie-member-after-gunshot-and-assault-at-broadbeach/news-story/ef593e3b864267d5797047dcd27ffa72?nk=27d9c89c7ae1b1923b0eb05e04c135e9-1471905138
571695152,20160822,201608,2016,2016.6356,COP,POLICE,,,,,,COP,,,CRM,CRIMINAL,,,,,,CRM,,,1,173,173,17,4,-5.0,2,1,2,-4.1015625,4,"Broadbeach, Queensland, Australia",AS,AS04,-28.0167,153.433,-1561762,4,"Broadbeach, Queensland, Australia",AS,AS04,-28.0167,153.433,-1561762,4,"Broadbeach, Queensland, Australia",AS,AS04,-28.0167,153.433,-1561762,20160822,http://www.goldcoastbulletin.com.au/news/crime-court/taskforce-maxima-nab-comancheros-patched-bikie-member-after-gunshot-and-assault-at-broadbeach/news-story/ef593e3b864267d5797047dcd27ffa72?nk=27d9c89c7ae1b1923b0eb05e04c135e9-1471905138
571695169,20160822,201608,2016,2016.6356,COP,POLICE,,,,,,COP,,,MCOELI,ALBERT,MCO,,,,,ELI,,,1,020,020,02,1,3.0,5,1,5,-4.1015625,4,"Broadbeach, Queensland, Australia",AS,AS04,-28.0167,153.433,-1561762,1,Ghana,GH,GH,8,-2,GH,1,Ghana,GH,GH,8,-2,GH,20160822,http://www.goldcoastbulletin.com.au/news/crime-court/taskforce-maxima-nab-comancheros-patched-bikie-member-after-gunshot-and-assault-at-broadbeach/news-story/ef593e3b864267d5797047dcd27ffa72?nk=27d9c89c7ae1b1923b0eb05e04c135e9-1471905138
571695209,20160822,201608,2016,2016.6356,CRM,GANG,,,,,,CRM,,,GOV,GOVERNMENT,,,,,,GOV,,,0,043,043,04,1,2.8,10,1,10,-4.1015625,4,"Broadbeach, Queensland, Australia",AS,AS04,-28.0167,153.433,-1561762,4,"Broadbeach, Queensland, Australia",AS,AS04,-28.0167,153.433,-1561762,4,"Broadbeach, Queensland, Australia",AS,AS04,-28.0167,153.433,-1561762,20160822,http://www.goldcoastbulletin.com.au/news/crime-court/taskforce-maxima-nab-comancheros-patched-bikie-member-after-gunshot-and-assault-at-broadbeach/news-story/ef593e3b864267d5797047dcd27ffa72?nk=27d9c89c7ae1b1923b0eb05e04c135e9-1471905138
571695230,20160822,201608,2016,2016.6356,CVL,TOURIST,,,,,,CVL,,,,,,,,,,,,,1,043,043,04,1,2.8,2,1,2,-4.1015625,1,Ghana,GH,GH,8,-2,GH,0,,,,,,,4,"Broadbeach, Queensland, Australia",AS,AS04,-28.0167,153.433,-1561762,20160822,http://www.goldcoastbulletin.com.au/news/crime-court/taskforce-maxima-nab-comancheros-patched-bikie-member-after-gunshot-and-assault-at-broadbeach/news-story/ef593e3b864267d5797047dcd27ffa72?nk=27d9c89c7ae1b1923b0eb05e04c135e9-1471905138
571695458,20160822,201608,2016,2016.6356,GHACVL,GHANA,GHA,,,,,CVL,,,,,,,,,,,,,1,043,043,04,1,2.8,4,1,4,-4.1015625,1,Ghana,GH,GH,8,-2,GH,0,,,,,,,4,"Broadbeach, Queensland, Australia",AS,AS04,-28.0167,153.433,-1561762,20160822,http://www.goldcoastbulletin.com.au/news/crime-court/taskforce-maxima-nab-comancheros-patched-bikie-member-after-gunshot-and-assault-at-broadbeach/news-story/ef593e3b864267d5797047dcd27ffa72?nk=27d9c89c7ae1b1923b0eb05e04c135e9-1471905138
571695459,20160822,201608,2016,2016.6356,GHACVL,GHANA,GHA,,,,,CVL,,,,,,,,,,,,,1,043,043,04,1,2.8,2,1,2,-4.1015625,1,Ghana,GH,GH,8,-2,GH,0,,,,,,,1,Ghana,GH,GH,8,-2,GH,20160822,http://www.goldcoastbulletin.com.au/news/crime-court/taskforce-maxima-nab-comancheros-patched-bikie-member-after-gunshot-and-assault-at-broadbeach/news-story/ef593e3b864267d5797047dcd27ffa72?nk=27d9c89c7ae1b1923b0eb05e04c135e9-1471905138
571695513,20160822,201608,2016,2016.6356,GOV,GOVERNMENT,,,,,,GOV,,,CRM,GANG,,,,,,CRM,,,0,042,042,04,1,1.9,10,1,10,-4.1015625,4,"Broadbeach, Queensland, Australia",AS,AS04,-28.0167,153.433,-1561762,4,"Broadbeach, Queensland, Australia",AS,AS04,-28.0167,153.433,-1561762,4,"Broadbeach, Queensland, Australia",AS,AS04,-28.0167,153.433,-1561762,20160822,http://www.goldcoastbulletin.com.au/news/crime-court/taskforce-maxima-nab-comancheros-patched-bikie-member-after-gunshot-and-assault-at-broadbeach/news-story/ef593e3b864267d5797047dcd27ffa72?nk=27d9c89c7ae1b1923b0eb05e04c135e9-1471905138
571696665,20160822,201608,2016,2016.6356,USA,CALIFORNIA,USA,,,,,,,,USAJUD,UNITED STATES,USA,,,,,JUD,,,1,172,172,17,4,-5.0,4,1,4,-0.63291139240507,3,"Washington, District of Columbia, United States",US,USDC,38.8951,-77.0364,531871,3,"Washington, District of Columbia, United States",US,USDC,38.8951,-77.0364,531871,2,"California, United States",US,USCA,36.17,-119.746,CA,20160822,https://contacto-latino.com/en/news/201403/105956211/california-high-court-upholds-ban-on-dredges-to-extract-gold-washington-post/
571696748,20160822,201608,2016,2016.6356,USAJUD,UNITED STATES,USA,,,,,JUD,,,,,,,,,,,,,1,172,172,17,4,-5.0,1,1,1,-0.63291139240507,3,"Washington, District of Columbia, United States",US,USDC,38.8951,-77.0364,531871,0,,,,,,,3,"Washington, District of Columbia, United States",US,USDC,38.8951,-77.0364,531871,20160822,https://contacto-latino.com/en/news/201403/105956211/california-high-court-upholds-ban-on-dredges-to-extract-gold-washington-post/
571696749,20160822,201608,2016,2016.6356,USAJUD,CALIFORNIA,USA,,,,,JUD,,,,,,,,,,,,,1,172,172,17,4,-5.0,2,1,2,-0.63291139240507,3,"Washington, District of Columbia, United States",US,USDC,38.8951,-77.0364,531871,0,,,,,,,2,"California, United States",US,USCA,36.17,-119.746,CA,20160822,https://contacto-latino.com/en/news/201403/105956211/california-high-court-upholds-ban-on-dredges-to-extract-gold-washington-post/
571696756,20160822,201608,2016,2016.6356,USAJUD,UNITED STATES,USA,,,,,JUD,,,USA,UNITED STATES,USA,,,,,,,,1,172,172,17,4,-5.0,1,1,1,-0.63291139240507,3,"Washington, District of Columbia, United States",US,USDC,38.8951,-77.0364,531871,2,"California, United States",US,USCA,36.17,-119.746,CA,3,"Washington, District of Columbia, United States",US,USDC,38.8951,-77.0364,531871,20160822,https://contacto-latino.com/en/news/201403/105956211/california-high-court-upholds-ban-on-dredges-to-extract-gold-washington-post/
571696757,20160822,201608,2016,2016.6356,USAJUD,CALIFORNIA,USA,,,,,JUD,,,USA,WASHINGTON,USA,,,,,,,,1,172,172,17,4,-5.0,2,1,2,-0.63291139240507,3,"Washington, District of Columbia, United States",US,USDC,38.8951,-77.0364,531871,2,"California, United States",US,USCA,36.17,-119.746,CA,2,"California, United States",US,USCA,36.17,-119.746,CA,20160822,https://contacto-latino.com/en/news/201403/105956211/california-high-court-upholds-ban-on-dredges-to-extract-gold-washington-post/
571697732,20160821,201608,2016,2016.6329,,,,,,,,,,,COP,POLICE,,,,,,COP,,,0,112,112,11,3,-2.0,8,1,8,-2.45098039215687,0,,,,,,,4,"Southport, Queensland, Australia",AS,AS04,-27.9667,153.4,-1601419,4,"Gympie, Queensland, Australia",AS,AS04,-26.1892,152.658,-1577181,20160822,http://www.noosanews.com.au/news/gold-coast-shooting-woman-charged-murder/3080513/
571697948,20160822,201608,2016,2016.6356,AUS,WESTERN AUSTRALIA,AUS,,,,,,,,,,,,,,,,,,1,042,042,04,1,1.9,10,1,10,3.75586854460094,4,"Mosquito Creek, Western Australia, Australia",AS,AS08,-21.8167,120.5,-1589056,0,,,,,,,4,"Mosquito Creek, Western Australia, Australia",AS,AS08,-21.8167,120.5,-1589056,20160822,http://www.resourceinvestor.com/2016/08/22/novo-resources-aims-high-grade-gold-trifecta
571701157,20160822,201608,2016,2016.6356,CVLCVL,VILLAGE,,,,,,CVL,CVL,,,,,,,,,,,,1,020,020,02,1,3.0,10,1,10,-3.33333333333333,1,Papua New Guinea,PP,PP,-6,147,PP,0,,,,,,,1,Papua New Guinea,PP,PP,-6,147,PP,20160822,https://www.geolounge.com/gold-mining-news/
571701158,20160822,201608,2016,2016.6356,CVLCVL,VILLAGE,,,,,,CVL,CVL,,,,,,,,,,,,1,0833,083,08,2,5.0,10,1,10,-3.33333333333333,1,Papua New Guinea,PP,PP,-6,147,PP,0,,,,,,,1,Papua New Guinea,PP,PP,-6,147,PP,20160822,https://www.geolounge.com/gold-mining-news/
571701855,20160822,201608,2016,2016.6356,MNCCAN,CIBC,CAN,,,,,MNC,,,,,,,,,,,,,1,020,020,02,1,3.0,16,1,10,4.96277915632754,4,"Dakar, Dakar, Senegal",SG,SG01,14.7367,-17.6339,-2266494,0,,,,,,,4,"Dakar, Dakar, Senegal",SG,SG01,14.7367,-17.6339,-2266494,20160822,http://www.thecerbatgem.com/2016/08/22/cibc-reiterates-sector-outperform-rating-for-teranga-gold-corp-tgz/
571701856,20160822,201608,2016,2016.6356,MNCCAN,CIBC,CAN,,,,,MNC,,,,,,,,,,,,,0,020,020,02,1,3.0,4,1,4,4.96277915632754,1,Canada,CA,CA,60,-95,CA,0,,,,,,,1,Canada,CA,CA,60,-95,CA,20160822,http://www.thecerbatgem.com/2016/08/22/cibc-reiterates-sector-outperform-rating-for-teranga-gold-corp-tgz/
571704436,20160822,201608,2016,2016.6356,JUD,STATE SUPREME COURT,,,,,,JUD,,,USA,CALIFORNIA,USA,,,,,,,,1,172,172,17,4,-5.0,8,1,8,-2.868068833652,2,"California, United States",US,USCA,36.17,-119.746,CA,2,"California, United States",US,USCA,36.17,-119.746,CA,2,"California, United States",US,USCA,36.17,-119.746,CA,20160822,http://www.sfgate.com/science/article/Ban-on-dredging-for-gold-upheld-by-California-9178213.php
571706335,20160822,201608,2016,2016.6356,BUS,COMPANY,,,,,,BUS,,,,,,,,,,,,,1,012,012,01,1,-0.4,8,1,8,2.64900662251656,1,United Kingdom,UK,UK,54,-2,UK,0,,,,,,,4,"Vancouver, British Columbia, Canada",CA,CA02,49.25,-123.133,-575268,20160822,http://www.finanznachrichten.de/nachrichten-2016-08/38368016-tudor-gold-corp-closes-an-additional-dollar-70-000-as-an-over-allotment-to-its-previously-announced-dollar-3-000-000-private-placement-financing-256.htm
571706884,20160822,201608,2016,2016.6356,HLH,DOCTOR,,,,,,HLH,,,,,,,,,,,,,1,084,084,08,2,7.0,4,1,4,4.18679549114332,3,"Washington, District of Columbia, United States",US,USDC,38.8951,-77.0364,531871,0,,,,,,,3,"Washington, District of Columbia, United States",US,USDC,38.8951,-77.0364,531871,20160822,http://www.4-traders.com/SPIE-22363257/news/Spie-Nanomedicine-pioneer-Paras-Prasad-to-receive-SPIE-Gold-Medal-during-SPIE-Optics-Photonics-22939923/
571706885,20160822,201608,2016,2016.6356,HLH,DOCTOR,,,,,,HLH,,,,,,,,,,,,,1,084,084,08,2,7.0,6,1,6,4.18679549114332,2,"New York, United States",US,USNY,42.1497,-74.9384,NY,0,,,,,,,2,"New York, United States",US,USNY,42.1497,-74.9384,NY,20160822,http://www.4-traders.com/SPIE-22363257/news/Spie-Nanomedicine-pioneer-Paras-Prasad-to-receive-SPIE-Gold-Medal-during-SPIE-Optics-Photonics-22939923/
571706994,20160822,201608,2016,2016.6356,JOR,JORDAN,JOR,,,,,,,,REF,REFUGEE,,,,,,REF,,,0,080,080,08,2,5.0,10,1,10,-0.52356020942408,1,Jordan,JO,JO,31,36,JO,4,"Jerusalem, Israel (general), Israel",IS,IS00,31.7667,35.2333,-797092,4,"Jerusalem, Israel (general), Israel",IS,IS00,31.7667,35.2333,-797092,20160822,https://www.sott.net/article/326074-No-shame-After-Palestinian-takes-Olympic-gold-for-Jordan-Israelis-claim-his-roots-are-Israeli
