GLOBALEVENTID,SQLDATE,MonthYear,Year,FractionDate,Actor1Code,Actor1Name,Actor1CountryCode,Actor1KnownGroupCode,Actor1EthnicCode,Actor1Religion1Code,Actor1Religion2Code,Actor1Type1Code,Actor1Type2Code,Actor1Type3Code,Actor2Code,Actor2Name,Actor2CountryCode,Actor2KnownGroupCode,Actor2EthnicCode,Actor2Religion1Code,Actor2Religion2Code,Actor2Type1Code,Actor2Type2Code,Actor2Type3Code,IsRootEvent,EventCode,EventBaseCode,EventRootCode,QuadClass,GoldsteinScale,NumMentions,NumSources,NumArticles,AvgTone,Actor1Geo_Type,Actor1Geo_FullName,Actor1Geo_CountryCode,Actor1Geo_ADM1Code,Actor1Geo_Lat,Actor1Geo_Long,Actor1Geo_FeatureID,Actor2Geo_Type,Actor2Geo_FullName,Actor2Geo_CountryCode,Actor2Geo_ADM1Code,Actor2Geo_Lat,Actor2Geo_Long,Actor2Geo_FeatureID,ActionGeo_Type,ActionGeo_FullName,ActionGeo_CountryCode,ActionGeo_ADM1Code,ActionGeo_Lat,ActionGeo_Long,ActionGeo_FeatureID,DATEADDED,SOURCEURL
781838125,20180825,201808,2018,2018.6438,,,,,,,,,,,CVL,TOURIST,,,,,,CVL,,,0,042,042,04,1,1.9,5,1,5,0,0,,,,,,,4,"Louisbourg, Nova Scotia, Canada",CA,CA07,45.9167,-59.9833,-568314,4,"Louisbourg, Nova Scotia, Canada",CA,CA07,45.9167,-59.9833,-568314,20180825,https://www.theglobeandmail.com/canada/article-treasure-hunter-alex-storm-struck-gold-off-cape-breton-island/
781838785,20180825,201808,2018,2018.6438,CAN,CANADA,CAN,,,,,,,,,,,,,,,,,,1,090,090,09,2,-2.0,1,1,1,0,4,"Chameau, Îe-de-France, France",FR,FRA8,48.2053,2.85338,-1418021,0,,,,,,,4,"Glace Bay, Nova Scotia, Canada",CA,CA07,46.2,-59.9667,-565256,20180825,https://www.theglobeandmail.com/canada/article-treasure-hunter-alex-storm-struck-gold-off-cape-breton-island/
781838786,20180825,201808,2018,2018.6438,CAN,CANADA,CAN,,,,,,,,,,,,,,,,,,1,090,090,09,2,-2.0,1,1,1,0,4,"Glace Bay, Nova Scotia, Canada",CA,CA07,46.2,-59.9667,-565256,0,,,,,,,4,"Glace Bay, Nova Scotia, Canada",CA,CA07,46.2,-59.9667,-565256,20180825,https://www.theglobeandmail.com/canada/article-treasure-hunter-alex-storm-struck-gold-off-cape-breton-island/
781838840,20180825,201808,2018,2018.6438,CANGOV,NOVA SCOTIA,CAN,,,,,GOV,,,,,,,,,,,,,1,080,080,08,2,5.0,2,1,2,0,4,"Glace Bay, Nova Scotia, Canada",CA,CA07,46.2,-59.9667,-565256,0,,,,,,,4,"Glace Bay, Nova Scotia, Canada",CA,CA07,46.2,-59.9667,-565256,20180825,https://www.theglobeandmail.com/canada/article-treasure-hunter-alex-storm-struck-gold-off-cape-breton-island/
781838841,20180825,201808,2018,2018.6438,CANGOV,NOVA SCOTIA,CAN,,,,,GOV,,,,,,,,,,,,,1,090,090,09,2,-2.0,2,1,2,0,4,"Chameau, Îe-de-France, France",FR,FRA8,48.2053,2.85338,-1418021,0,,,,,,,4,"Chameau, Îe-de-France, France",FR,FRA8,48.2053,2.85338,-1418021,20180825,https://www.theglobeandmail.com/canada/article-treasure-hunter-alex-storm-struck-gold-off-cape-breton-island/
781838844,20180825,201808,2018,2018.6438,CANGOV,NOVA SCOTIA,CAN,,,,,GOV,,,FRA,FRANCE,FRA,,,,,,,,1,080,080,08,2,5.0,1,1,1,0,4,"Chameau, Îe-de-France, France",FR,FRA8,48.2053,2.85338,-1418021,4,"Chameau, Îe-de-France, France",FR,FRA8,48.2053,2.85338,-1418021,4,"Chameau, Îe-de-France, France",FR,FRA8,48.2053,2.85338,-1418021,20180825,https://www.theglobeandmail.com/canada/article-treasure-hunter-alex-storm-struck-gold-off-cape-breton-island/
781838845,20180825,201808,2018,2018.6438,CANGOV,NOVA SCOTIA,CAN,,,,,GOV,,,FRA,FRANCE,FRA,,,,,,,,1,080,080,08,2,5.0,1,1,1,0,4,"Chameau, Îe-de-France, France",FR,FRA8,48.2053,2.85338,-1418021,4,"Glace Bay, Nova Scotia, Canada",CA,CA07,46.2,-59.9667,-565256,4,"Chameau, Îe-de-France, France",FR,FRA8,48.2053,2.85338,-1418021,20180825,https://www.theglobeandmail.com/canada/article-treasure-hunter-alex-storm-struck-gold-off-cape-breton-island/
781838846,20180825,201808,2018,2018.6438,CANGOV,NOVA SCOTIA,CAN,,,,,GOV,,,FRA,FRANCE,FRA,,,,,,,,1,080,080,08,2,5.0,5,1,5,0,4,"Glace Bay, Nova Scotia, Canada",CA,CA07,46.2,-59.9667,-565256,4,"Glace Bay, Nova Scotia, Canada",CA,CA07,46.2,-59.9667,-565256,4,"Glace Bay, Nova Scotia, Canada",CA,CA07,46.2,-59.9667,-565256,20180825,https://www.theglobeandmail.com/canada/article-treasure-hunter-alex-storm-struck-gold-off-cape-breton-island/
781838847,20180825,201808,2018,2018.6438,CANGOV,NOVA SCOTIA,CAN,,,,,GOV,,,FRA,FRANCE,FRA,,,,,,,,1,080,080,08,2,5.0,1,1,1,0,4,"Ottawa, Ontario, Canada",CA,CA08,45.4167,-75.7,-570760,4,"Chameau, Îe-de-France, France",FR,FRA8,48.2053,2.85338,-1418021,4,"Chameau, Îe-de-France, France",FR,FRA8,48.2053,2.85338,-1418021,20180825,https://www.theglobeandmail.com/canada/article-treasure-hunter-alex-storm-struck-gold-off-cape-breton-island/
781838848,20180825,201808,2018,2018.6438,CANGOV,NOVA SCOTIA,CAN,,,,,GOV,,,FRA,FRANCE,FRA,,,,,,,,1,090,090,09,2,-2.0,6,1,6,0,4,"Chameau, Îe-de-France, France",FR,FRA8,48.2053,2.85338,-1418021,4,"Chameau, Îe-de-France, France",FR,FRA8,48.2053,2.85338,-1418021,4,"Chameau, Îe-de-France, France",FR,FRA8,48.2053,2.85338,-1418021,20180825,https://www.theglobeandmail.com/canada/article-treasure-hunter-alex-storm-struck-gold-off-cape-breton-island/
781838849,20180825,201808,2018,2018.6438,CANGOV,NOVA SCOTIA,CAN,,,,,GOV,,,FRA,FRANCE,FRA,,,,,,,,1,090,090,09,2,-2.0,2,1,2,0,4,"Ottawa, Ontario, Canada",CA,CA08,45.4167,-75.7,-570760,4,"Chameau, Îe-de-France, France",FR,FRA8,48.2053,2.85338,-1418021,4,"Chameau, Îe-de-France, France",FR,FRA8,48.2053,2.85338,-1418021,20180825,https://www.theglobeandmail.com/canada/article-treasure-hunter-alex-storm-struck-gold-off-cape-breton-island/
781839099,20180825,201808,2018,2018.6438,CVL,TOURIST,,,,,,CVL,,,,,,,,,,,,,0,043,043,04,1,2.8,5,1,5,0,4,"Louisbourg, Nova Scotia, Canada",CA,CA07,45.9167,-59.9833,-568314,0,,,,,,,4,"Louisbourg, Nova Scotia, Canada",CA,CA07,45.9167,-59.9833,-568314,20180825,https://www.theglobeandmail.com/canada/article-treasure-hunter-alex-storm-struck-gold-off-cape-breton-island/
781839360,20180825,201808,2018,2018.6438,FRA,FRANCE,FRA,,,,,,,,,,,,,,,,,,0,020,020,02,1,3.0,6,1,6,0,4,"Chameau, Îe-de-France, France",FR,FRA8,48.2053,2.85338,-1418021,0,,,,,,,4,"Chameau, Îe-de-France, France",FR,FRA8,48.2053,2.85338,-1418021,20180825,https://www.theglobeandmail.com/canada/article-treasure-hunter-alex-storm-struck-gold-off-cape-breton-island/
781839365,20180825,201808,2018,2018.6438,FRA,FRENCH,FRA,,,,,,,,CAN,CANADA,CAN,,,,,,,,0,120,120,12,3,-4.0,1,1,1,0,4,"Chameau, Îe-de-France, France",FR,FRA8,48.2053,2.85338,-1418021,4,"Quebec, Quebec, Canada",CA,CA10,47.5,-72,-571850,4,"Quebec, Quebec, Canada",CA,CA10,47.5,-72,-571850,20180825,https://www.theglobeandmail.com/canada/article-treasure-hunter-alex-storm-struck-gold-off-cape-breton-island/
781839366,20180825,201808,2018,2018.6438,FRA,FRENCH,FRA,,,,,,,,CAN,CANADA,CAN,,,,,,,,0,120,120,12,3,-4.0,1,1,1,0,4,"Cape Breton, Nova Scotia, Canada",CA,CA07,45.95,-59.7833,-561613,4,"Cape Breton, Nova Scotia, Canada",CA,CA07,45.95,-59.7833,-561613,4,"Chameau, Îe-de-France, France",FR,FRA8,48.2053,2.85338,-1418021,20180825,https://www.theglobeandmail.com/canada/article-treasure-hunter-alex-storm-struck-gold-off-cape-breton-island/
781839384,20180825,201808,2018,2018.6438,FRAGOV,FRENCH,FRA,,,,,GOV,,,,,,,,,,,,,0,120,120,12,3,-4.0,1,1,1,0,4,"Chameau, Îe-de-France, France",FR,FRA8,48.2053,2.85338,-1418021,0,,,,,,,4,"Quebec, Quebec, Canada",CA,CA10,47.5,-72,-571850,20180825,https://www.theglobeandmail.com/canada/article-treasure-hunter-alex-storm-struck-gold-off-cape-breton-island/
781839385,20180825,201808,2018,2018.6438,FRAGOV,FRANCE,FRA,,,,,GOV,,,CAN,CANADA,CAN,,,,,,,,0,120,120,12,3,-4.0,2,1,2,0,4,"Chameau, Îe-de-France, France",FR,FRA8,48.2053,2.85338,-1418021,4,"Quebec, Quebec, Canada",CA,CA10,47.5,-72,-571850,4,"Quebec, Quebec, Canada",CA,CA10,47.5,-72,-571850,20180825,https://www.theglobeandmail.com/canada/article-treasure-hunter-alex-storm-struck-gold-off-cape-breton-island/
781839855,20180825,201808,2018,2018.6438,IDN,INDONESIAN,IDN,,,,,,,,NLD,NETHERLANDS,NLD,,,,,,,,0,090,090,09,2,-2.0,1,1,1,0,1,Indonesia,ID,ID,-5,120,ID,1,Indonesia,ID,ID,-5,120,ID,1,Indonesia,ID,ID,-5,120,ID,20180825,https://www.theglobeandmail.com/canada/article-treasure-hunter-alex-storm-struck-gold-off-cape-breton-island/
781839856,20180825,201808,2018,2018.6438,IDN,INDONESIAN,IDN,,,,,,,,NLD,THE NETHERLAND,NLD,,,,,,,,0,090,090,09,2,-2.0,7,1,7,0,1,Indonesia,ID,ID,-5,120,ID,1,Netherlands,NL,NL,52.5,5.75,NL,1,Netherlands,NL,NL,52.5,5.75,NL,20180825,https://www.theglobeandmail.com/canada/article-treasure-hunter-alex-storm-struck-gold-off-cape-breton-island/
781840450,20180825,201808,2018,2018.6438,MNCUSA,DISNEY,USA,,,,,MNC,,,,,,,,,,,,,1,080,080,08,2,5.0,26,3,26,-0.599015268668127,3,"Hollywood, California, United States",US,USCA,34.0983,-118.327,1660757,0,,,,,,,3,"Hollywood, California, United States",US,USCA,34.0983,-118.327,1660757,20180825,https://www.vanityfair.com/hollywood/2018/08/little-gold-men-podcast-summer-movie-recap
781847740,20180825,201808,2018,2018.6438,BUS,INVESTOR,,,,,,BUS,,,,,,,,,,,,,1,014,014,01,1,0.0,6,1,6,-2.29007633587786,4,"Sao Paulo, SãPaulo, Brazil",BR,BR27,-23.5333,-46.6167,-671824,0,,,,,,,4,"Sao Paulo, SãPaulo, Brazil",BR,BR27,-23.5333,-46.6167,-671824,20180825,https://www.reuters.com/article/us-netshoes-restructuring/brazils-netshoes-working-with-goldman-sachs-to-find-partner-sources-idUSKCN1L928D
781847768,20180825,201808,2018,2018.6438,BUS,INVESTOR,,,,,,BUS,,,BRA,BRAZIL,BRA,,,,,,,,1,014,014,01,1,0.0,4,1,4,-2.29007633587786,4,"Sao Paulo, SãPaulo, Brazil",BR,BR27,-23.5333,-46.6167,-671824,4,"Sao Paulo, SãPaulo, Brazil",BR,BR27,-23.5333,-46.6167,-671824,4,"Sao Paulo, SãPaulo, Brazil",BR,BR27,-23.5333,-46.6167,-671824,20180825,https://www.reuters.com/article/us-netshoes-restructuring/brazils-netshoes-working-with-goldman-sachs-to-find-partner-sources-idUSKCN1L928D
781848480,20180825,201808,2018,2018.6438,GOV,KING,,,,,,GOV,,,,,,,,,,,,,1,090,090,09,2,-2.0,8,1,4,-1.02739726027398,3,"Gold King Mine, Colorado, United States",US,USCO,37.8906,-107.648,187329,0,,,,,,,3,"Gold King Mine, Colorado, United States",US,USCO,37.8906,-107.648,187329,20180825,https://durangoherald.com/articles/238158-study-finds-no-lasting-impacts-from-gold-king-mine-spill
781848622,20180825,201808,2018,2018.6438,GOV,KING,,,,,,GOV,,,USA,UNITED STATES,USA,,,,,,,,1,090,090,09,2,-2.0,4,1,2,-1.02739726027398,3,"Gold King Mine, Colorado, United States",US,USCO,37.8906,-107.648,187329,3,"Gold King Mine, Colorado, United States",US,USCO,37.8906,-107.648,187329,3,"Gold King Mine, Colorado, United States",US,USCO,37.8906,-107.648,187329,20180825,https://durangoherald.com/articles/238158-study-finds-no-lasting-impacts-from-gold-king-mine-spill
781849097,20180825,201808,2018,2018.6438,MEX,DURANGO,MEX,,,,,,,,,,,,,,,,,,1,110,110,11,3,-2.0,6,1,6,-1.02739726027398,3,"San Juan County, Colorado, United States",US,USCO,37.7506,-107.667,198171,0,,,,,,,3,"Cement Creek, Colorado, United States",US,USCO,37.8092,-107.66,187337,20180825,https://durangoherald.com/articles/238158-study-finds-no-lasting-impacts-from-gold-king-mine-spill
781849098,20180825,201808,2018,2018.6438,MEX,DURANGO,MEX,,,,,,,,,,,,,,,,,,1,110,110,11,3,-2.0,4,1,4,-1.02739726027398,3,"San Juan County, Colorado, United States",US,USCO,37.7506,-107.667,198171,0,,,,,,,3,"San Juan County, Colorado, United States",US,USCO,37.7506,-107.667,198171,20180825,https://durangoherald.com/articles/238158-study-finds-no-lasting-impacts-from-gold-king-mine-spill
781849420,20180825,201808,2018,2018.6438,SGP,SINGAPORE,SGP,,,,,,,,BUS,COMPANY,,,,,,BUS,,,1,071,071,07,2,7.4,10,1,10,-2.29007633587786,4,"Sao Paulo, SãPaulo, Brazil",BR,BR27,-23.5333,-46.6167,-671824,4,"Sao Paulo, SãPaulo, Brazil",BR,BR27,-23.5333,-46.6167,-671824,4,"Sao Paulo, SãPaulo, Brazil",BR,BR27,-23.5333,-46.6167,-671824,20180825,https://www.reuters.com/article/us-netshoes-restructuring/brazils-netshoes-working-with-goldman-sachs-to-find-partner-sources-idUSKCN1L928D
781849690,20180825,201808,2018,2018.6438,USA,UNITED STATES,USA,,,,,,,,,,,,,,,,,,1,090,090,09,2,-2.0,8,1,4,-1.02739726027398,3,"Gold King Mine, Colorado, United States",US,USCO,37.8906,-107.648,187329,0,,,,,,,3,"Gold King Mine, Colorado, United States",US,USCO,37.8906,-107.648,187329,20180825,https://durangoherald.com/articles/238158-study-finds-no-lasting-impacts-from-gold-king-mine-spill
781851669,20180825,201808,2018,2018.6438,CAN,CALGARY,CAN,,,,,,,,BUS,PRODUCER,,,,,,BUS,,,1,030,030,03,1,4.0,40,2,20,3.80434782608696,0,,,,,,,0,,,,,,,0,,,,,,,20180825,https://country105.com/news/4408707/goldboro-lng-project-merger-pieridae-ikkuma/
781851671,20180825,201808,2018,2018.6438,CAN,NOVA SCOTIA,CAN,,,,,,,,BUS,PRODUCER,,,,,,BUS,,,1,061,061,06,2,6.4,20,2,20,3.80434782608696,0,,,,,,,0,,,,,,,0,,,,,,,20180825,https://country105.com/news/4408707/goldboro-lng-project-merger-pieridae-ikkuma/
781852825,20180825,201808,2018,2018.6438,MNC,HERTZ GLOBAL HOLDINGS,,,,,,MNC,,,BUS,CORPORATION,,,,,,BUS,,,1,084,084,08,2,7.0,20,2,20,2.20343680709535,4,"Yatela, Kayes, Mali",ML,ML03,14.0989,-11.7934,-1076814,4,"Yatela, Kayes, Mali",ML,ML03,14.0989,-11.7934,-1076814,4,"Yatela, Kayes, Mali",ML,ML03,14.0989,-11.7934,-1076814,20180825,https://www.bibeypost.com/this-is-what-analysts-have-to-say-about-iamgold-corporation-nyseiag-after-last-week/
781852835,20180825,201808,2018,2018.6438,MNCUSA,LA Z BOY,USA,,,,,MNC,,,BUS,CORPORATION,,,,,,BUS,,,1,084,084,08,2,7.0,15,2,15,2.20343680709535,4,"Yatela, Kayes, Mali",ML,ML03,14.0989,-11.7934,-1076814,4,"Yatela, Kayes, Mali",ML,ML03,14.0989,-11.7934,-1076814,4,"Yatela, Kayes, Mali",ML,ML03,14.0989,-11.7934,-1076814,20180825,https://www.bibeypost.com/this-is-what-analysts-have-to-say-about-iamgold-corporation-nyseiag-after-last-week/
781855096,20180825,201808,2018,2018.6438,AUS,AUSTRALIA,AUS,,,,,,,,,,,,,,,,,,1,080,080,08,2,5.0,4,2,4,-5.03597122302159,4,"Canberra, Australian Capital Territory, Australia",AS,AS01,-35.2833,149.217,-1563952,0,,,,,,,4,"Canberra, Australian Capital Territory, Australia",AS,AS01,-35.2833,149.217,-1563952,20180825,https://www.goldcoastbulletin.com.au/lifestyle/parenting/turnbulls-restless-grandson-goes-rogue-and-tears-up-press-conference-after-exhausting-spill/news-story/111859e1530936ecf26eabeef3c83396?nk=7530c0bc73e56ccd39ad693db10a5efd-1535158009
781855099,20180825,201808,2018,2018.6438,AUS,AUSTRALIA,AUS,,,,,,,,,,,,,,,,,,1,172,172,17,4,-5.0,8,2,8,-5.03597122302159,4,"Kirribilli, New South Wales, Australia",AS,AS02,-33.85,151.217,-1581910,0,,,,,,,4,"Kirribilli, New South Wales, Australia",AS,AS02,-33.85,151.217,-1581910,20180825,https://www.goldcoastbulletin.com.au/lifestyle/parenting/turnbulls-restless-grandson-goes-rogue-and-tears-up-press-conference-after-exhausting-spill/news-story/111859e1530936ecf26eabeef3c83396?nk=7530c0bc73e56ccd39ad693db10a5efd-1535158009
781858635,20180825,201808,2018,2018.6438,CVL,RESIDENTS,,,,,,CVL,,,,,,,,,,,,,0,084,084,08,2,7.0,15,2,15,-1.38077066739352,0,,,,,,,0,,,,,,,0,,,,,,,20180825,https://www.stalbertgazette.com/article/goldfish-cull-coming-to-lacombe-lake-park-20180824
781859222,20180825,201808,2018,2018.6438,MCOELI,ALBERT,MCO,,,,,ELI,,,,,,,,,,,,,0,090,090,09,2,-2.0,10,1,10,-4.3338683788122,0,,,,,,,0,,,,,,,0,,,,,,,20180825,https://www.stalbertgazette.com/article/goldfish-cull-coming-to-lacombe-lake-park-20180824
781872061,20180825,201808,2018,2018.6438,USA,NEW YORK,USA,,,,,,,,,,,,,,,,,,1,051,051,05,1,3.4,10,1,10,1.93905817174515,1,Iraq,IZ,IZ,33,44,IZ,0,,,,,,,1,Iraq,IZ,IZ,33,44,IZ,20180825,http://www.fox5ny.com/news/gold-star-family-puppy
781873252,20180825,201808,2018,2018.6438,CAN,CANADA,CAN,,,,,,,,,,,,,,,,,,1,010,010,01,1,0.0,8,1,8,4.54545454545454,4,"Kirkland Lake, Ontario, Canada",CA,CA08,48.15,-80.0333,-567330,0,,,,,,,4,"Kirkland Lake, Ontario, Canada",CA,CA08,48.15,-80.0333,-567330,20180825,https://theenterpriseleader.com/2018/08/24/kirkland-lake-gold-kl-upgraded-to-hold-by-valuengine.html
781873256,20180825,201808,2018,2018.6438,CAN,CALGARY,CAN,,,,,,,,BUS,PRODUCER,,,,,,BUS,,,1,061,061,06,2,6.4,10,1,10,3.80622837370242,4,"Goldboro, Nova Scotia, Canada",CA,CA07,45.1833,-61.65,-565328,4,"Goldboro, Nova Scotia, Canada",CA,CA07,45.1833,-61.65,-565328,4,"Goldboro, Nova Scotia, Canada",CA,CA07,45.1833,-61.65,-565328,20180825,https://www.sootoday.com/national-business/goldboro-lng-proponent-strikes-deal-to-merge-with-alberta-gas-producer-1025649
781873257,20180825,201808,2018,2018.6438,CAN,CALGARY,CAN,,,,,,,,BUS,PRODUCER,,,,,,BUS,,,1,061,061,06,2,6.4,110,11,110,3.55438466769537,1,Germany,GM,GM,51.5,10.5,GM,1,Germany,GM,GM,51.5,10.5,GM,1,Germany,GM,GM,51.5,10.5,GM,20180825,http://thechronicleherald.ca/business/1593069-goldboro-lng-proponent-strikes-deal-to-merge-with-alberta-gas-producer
781873682,20180825,201808,2018,2018.6438,GBR,UNITED KINGDOM,GBR,,,,,,,,BUS,BUSINESS,,,,,,BUS,,,1,071,071,07,2,7.4,10,1,10,3.3195020746888,1,United States,US,US,39.828175,-98.5795,US,1,United States,US,US,39.828175,-98.5795,US,1,United States,US,US,39.828175,-98.5795,US,20180825,https://www.msn.com/en-us/finance/topstocks/goldman-offering-marcus-to-uk-staff-before-bigger-rollout/ar-BBMnONM
781879963,20170825,201708,2017,2017.6438,AGR,FARMER,,,,,,AGR,,,,,,,,,,,,,0,190,190,19,4,-10.0,5,1,5,-2.83975659229209,1,South Africa,SF,SF,-30,26,SF,0,,,,,,,1,South Africa,SF,SF,-30,26,SF,20180825,https://invest.usgoldbureau.com/news/south-africa-krugerrand/
781880447,20180825,201808,2018,2018.6438,GOV,GOVERNMENT,,,,,,GOV,,,AFR,AFRICA,AFR,,,,,,,,1,1711,171,17,4,-9.2,10,1,10,-2.83975659229209,1,South Africa,SF,SF,-30,26,SF,1,South Africa,SF,SF,-30,26,SF,1,South Africa,SF,SF,-30,26,SF,20180825,https://invest.usgoldbureau.com/news/south-africa-krugerrand/
781881631,20180825,201808,2018,2018.6438,,,,,,,,,,,LEG,SENATE,,,,,,LEG,,,1,051,051,05,1,3.4,3,1,3,3.91304347826087,0,,,,,,,2,"Montana, United States",US,USMT,46.9048,-110.326,MT,2,"Montana, United States",US,USMT,46.9048,-110.326,MT,20180825,https://billingsgazette.com/opinion/letters/rosendale-violates-golden-rule/article_e9919cbc-68de-5dc6-96b5-7c78cae6f9d2.html
781881835,20180825,201808,2018,2018.6438,CHN,CHINA,CHN,,,,,,,,,,,,,,,,,,1,140,140,14,3,-6.5,1,1,1,2.04545454545455,3,"Phoenix, Arizona, United States",US,USAZ,33.4484,-112.074,44784,0,,,,,,,3,"Phoenix, Arizona, United States",US,USAZ,33.4484,-112.074,44784,20180825,https://billingsgazette.com/news/local/golden-phoenix-in-the-heights-closes-future-of-the-site/article_f4322452-a60f-584c-b6a3-c55e97c970d6.html
781881836,20180825,201808,2018,2018.6438,CHN,CHINA,CHN,,,,,,,,,,,,,,,,,,1,140,140,14,3,-6.5,1,1,1,2.04545454545455,1,China,CH,CH,35,105,CH,0,,,,,,,3,"Phoenix, Arizona, United States",US,USAZ,33.4484,-112.074,44784,20180825,https://billingsgazette.com/news/local/golden-phoenix-in-the-heights-closes-future-of-the-site/article_f4322452-a60f-584c-b6a3-c55e97c970d6.html
781882033,20180825,201808,2018,2018.6438,GBR,UNITED KINGDOM,GBR,,,,,,,,DEU,GERMANY,DEU,,,,,,,,1,046,046,04,1,7.0,2,1,2,2.41935483870967,4,"Bramsche, Niedersachsen, Germany",GM,GM06,52.4,7.98333,-1751144,4,"Bramsche, Niedersachsen, Germany",GM,GM06,52.4,7.98333,-1751144,4,"Bramsche, Niedersachsen, Germany",GM,GM06,52.4,7.98333,-1751144,20180825,https://www.todmordennews.co.uk/news/bakers-inspired-by-gold-standard-twin-1-4130881
781882034,20180825,201808,2018,2018.6438,GBR,UNITED KINGDOM,GBR,,,,,,,,DEU,GERMANY,DEU,,,,,,,,1,046,046,04,1,7.0,2,1,2,2.41935483870967,4,"Osnabruck, Niedersachsen, Germany",GM,GM06,52.2667,8.05,-1840017,4,"Osnabruck, Niedersachsen, Germany",GM,GM06,52.2667,8.05,-1840017,4,"Osnabruck, Niedersachsen, Germany",GM,GM06,52.2667,8.05,-1840017,20180825,https://www.todmordennews.co.uk/news/bakers-inspired-by-gold-standard-twin-1-4130881
781882736,20180825,201808,2018,2018.6438,USA,UNITED STATES,USA,,,,,,,,LEG,SENATE,,,,,,LEG,,,1,051,051,05,1,3.4,2,1,2,3.91304347826087,2,"Montana, United States",US,USMT,46.9048,-110.326,MT,2,"Montana, United States",US,USMT,46.9048,-110.326,MT,2,"Montana, United States",US,USMT,46.9048,-110.326,MT,20180825,https://billingsgazette.com/opinion/letters/rosendale-violates-golden-rule/article_e9919cbc-68de-5dc6-96b5-7c78cae6f9d2.html
781883497,20180825,201808,2018,2018.6438,BEN,BENIN,BEN,,,,,,,,,,,,,,,,,,1,010,010,01,1,0.0,2,1,2,-1.08191653786708,1,Benin,BN,BN,9.5,2.25,BN,0,,,,,,,1,Benin,BN,BN,9.5,2.25,BN,20180825,http://en.brinkwire.com/science/science-trash-is-gold-as-benin-community-turns-waste-into-biogas-report/
781883498,20180825,201808,2018,2018.6438,BEN,BENIN,BEN,,,,,,,,,,,,,,,,,,1,020,020,02,1,3.0,7,2,7,-0.825631464105485,1,Benin,BN,BN,9.5,2.25,BN,0,,,,,,,1,Benin,BN,BN,9.5,2.25,BN,20180825,http://en.brinkwire.com/science/science-trash-is-gold-as-benin-community-turns-waste-into-biogas-report/
781883499,20180825,201808,2018,2018.6438,BEN,BENIN,BEN,,,,,,,,AFR,AFRICA,AFR,,,,,,,,1,010,010,01,1,0.0,2,1,2,-1.08191653786708,1,Benin,BN,BN,9.5,2.25,BN,1,Benin,BN,BN,9.5,2.25,BN,1,Benin,BN,BN,9.5,2.25,BN,20180825,http://en.brinkwire.com/science/science-trash-is-gold-as-benin-community-turns-waste-into-biogas-report/
781883500,20180825,201808,2018,2018.6438,BEN,BENIN,BEN,,,,,,,,AFR,AFRICA,AFR,,,,,,,,1,090,090,09,2,-2.0,2,1,2,-1.08191653786708,1,Benin,BN,BN,9.5,2.25,BN,1,Benin,BN,BN,9.5,2.25,BN,1,Benin,BN,BN,9.5,2.25,BN,20180825,http://en.brinkwire.com/science/science-trash-is-gold-as-benin-community-turns-waste-into-biogas-report/
781884257,20180825,201808,2018,2018.6438,NGA,NIGERIA,NGA,,,,,,,,,,,,,,,,,,1,160,160,16,4,-4.0,8,1,8,1.23456790123457,1,Ghana,GH,GH,8,-2,GH,0,,,,,,,1,Ghana,GH,GH,8,-2,GH,20180825,http://www.ghanacelebrities.com/2018/08/24/menzgolds-new-office-london-goes-fully-operational/
781884258,20180825,201808,2018,2018.6438,NGA,NIGERIA,NGA,,,,,,,,,,,,,,,,,,1,160,160,16,4,-4.0,2,1,2,1.23456790123457,1,Ghana,GH,GH,8,-2,GH,0,,,,,,,1,Nigeria,NI,NI,10,8,NI,20180825,http://www.ghanacelebrities.com/2018/08/24/menzgolds-new-office-london-goes-fully-operational/
781890695,20180726,201807,2018,2018.5644,LEG,CONGRESS,,,,,,LEG,,,,,,,,,,,,,1,173,173,17,4,-5.0,5,1,5,-4.77657935285054,4,"Manipur, Uttar Pradesh, India",IN,IN36,27.0529,79.3583,10452605,0,,,,,,,4,"Manipur, Uttar Pradesh, India",IN,IN36,27.0529,79.3583,10452605,20180825,https://www.oneindia.com/india/made-in-italy-pistol-gold-cash-startling-recovery-made-by-nia-at-congress-mlas-home-2762825.html
781890771,20180825,201808,2018,2018.6438,,,,,,,,,,,GHA,GHANA,GHA,,,,,,,,1,190,190,19,4,-10.0,8,1,8,0.49019607843138,0,,,,,,,1,Ghana,GH,GH,8,-2,GH,1,Ghana,GH,GH,8,-2,GH,20180825,http://www.afl.com.au/news/2018-08-25/final-teams-geelong-v-gold-coast
781891163,20180825,201808,2018,2018.6438,GHA,GHANA,GHA,,,,,,,,,,,,,,,,,,1,190,190,19,4,-10.0,8,1,8,0.49019607843138,1,Ghana,GH,GH,8,-2,GH,0,,,,,,,1,Ghana,GH,GH,8,-2,GH,20180825,http://www.afl.com.au/news/2018-08-25/final-teams-geelong-v-gold-coast
781896801,20180825,201808,2018,2018.6438,NZL,NEW ZEALAND,NZL,,,,,,,,GHA,GHANA,GHA,,,,,,,,1,012,012,01,1,-0.4,36,1,36,3.56294536817102,1,New Zealand,NZ,NZ,-42,174,NZ,1,Ghana,GH,GH,8,-2,GH,1,New Zealand,NZ,NZ,-42,174,NZ,20180825,https://www.goldcoastbulletin.com.au/news/gold-coast/dozens-of-wolves-surprise-little-girl-at-the-spit/news-story/d58a755df2b41fa815a67ebf4fd8b923?nk=d4e3c47846a9bf1254c1d4a77f645ba2-1535175078
781896802,20180825,201808,2018,2018.6438,NZL,NEW ZEALAND,NZL,,,,,,,,GHA,GHANA,GHA,,,,,,,,1,012,012,01,1,-0.4,12,1,12,3.56294536817102,1,New Zealand,NZ,NZ,-42,174,NZ,1,New Zealand,NZ,NZ,-42,174,NZ,1,New Zealand,NZ,NZ,-42,174,NZ,20180825,https://www.goldcoastbulletin.com.au/news/gold-coast/dozens-of-wolves-surprise-little-girl-at-the-spit/news-story/d58a755df2b41fa815a67ebf4fd8b923?nk=d4e3c47846a9bf1254c1d4a77f645ba2-1535175078
781905634,20180825,201808,2018,2018.6438,CRM,CRIMINAL,,,,,,CRM,,,,,,,,,,,,,1,071,071,07,2,7.4,10,1,10,-0.755667506297231,2,"California, United States",US,USCA,36.17,-119.746,CA,0,,,,,,,2,"California, United States",US,USCA,36.17,-119.746,CA,20180825,https://www.ksbw.com/article/ksbw-exclusive-central-coast-genealogist-cracks-the-code-to-track-down-golden-state-killer/22828353
781909257,20180825,201808,2018,2018.6438,BUS,COMPANY,,,,,,BUS,,,,,,,,,,,,,1,071,071,07,2,7.4,10,1,10,3.42857142857142,4,"Jabal Sayid, ?a'il, Saudi Arabia",SA,SA13,27.0123,41.4812,193476,0,,,,,,,4,"Jabal Sayid, ?a'il, Saudi Arabia",SA,SA13,27.0123,41.4812,193476,20180825,https://theenterpriseleader.com/2018/08/24/keating-investment-counselors-inc-sells-14425-shares-of-barrick-gold-corp-abx.html
781921468,20180825,201808,2018,2018.6438,MNCUSA,GOLDMAN SACHS,USA,,,,,MNC,,,,,,,,,,,,,1,010,010,01,1,0.0,20,1,20,1.0870303388204,4,"Cambridge, Cambridgeshire, United Kingdom",UK,UKC3,52.2,0.116667,-2591658,0,,,,,,,4,"Cambridge, Cambridgeshire, United Kingdom",UK,UKC3,52.2,0.116667,-2591658,20180825,https://www.wkrb13.com/2018/08/25/goldman-sachs-bdc-inc-gsbd-given-average-recommendation-of-buy-by-analysts.html
781924733,20180825,201808,2018,2018.6438,CVL,COMMUNITY,,,,,,CVL,,,,,,,,,,,,,0,020,020,02,1,3.0,20,1,20,0.433526011560695,4,"Coromandel, New Zealand (general), New Zealand",NZ,NZ00,-36.7667,175.5,-1508558,0,,,,,,,4,"Coromandel, New Zealand (general), New Zealand",NZ,NZ00,-36.7667,175.5,-1508558,20180825,https://www.msn.com/en-au/news/national/coromandel-locals-rally-to-protect-endangered-frogs-from-gold-mining/ar-BBMphk7
781925439,20180825,201808,2018,2018.6438,NZL,NEW ZEALAND,NZL,,,,,,,,,,,,,,,,,,0,053,053,05,1,3.8,14,1,14,0.433526011560695,4,"Coromandel, New Zealand (general), New Zealand",NZ,NZ00,-36.7667,175.5,-1508558,0,,,,,,,4,"Coromandel, New Zealand (general), New Zealand",NZ,NZ00,-36.7667,175.5,-1508558,20180825,https://www.msn.com/en-au/news/national/coromandel-locals-rally-to-protect-endangered-frogs-from-gold-mining/ar-BBMphk7
781925440,20180825,201808,2018,2018.6438,NZL,NEW ZEALAND,NZL,,,,,,,,,,,,,,,,,,0,053,053,05,1,3.8,2,1,2,0,4,"Brisbane, Queensland, Australia",AS,AS04,-27.5,153.017,-1561728,0,,,,,,,4,"Coromandel, New Zealand (general), New Zealand",NZ,NZ00,-36.7667,175.5,-1508558,20180825,https://www.msn.com/en-au/news/national/coromandel-locals-rally-to-protect-endangered-frogs-from-gold-mining/ar-BBMphk7
781925441,20180825,201808,2018,2018.6438,NZL,NEW ZEALAND,NZL,,,,,,,,,,,,,,,,,,1,130,130,13,3,-4.4,40,1,16,0.433526011560695,4,"Coromandel, New Zealand (general), New Zealand",NZ,NZ00,-36.7667,175.5,-1508558,0,,,,,,,4,"Coromandel, New Zealand (general), New Zealand",NZ,NZ00,-36.7667,175.5,-1508558,20180825,https://www.msn.com/en-au/news/national/coromandel-locals-rally-to-protect-endangered-frogs-from-gold-mining/ar-BBMphk7
781925530,20180825,201808,2018,2018.6438,REL,ABBOT,,,,,,,,,GOV,GOVERNMENT,,,,,,GOV,,,1,051,051,05,1,3.4,2,1,2,0,4,"Coromandel, New Zealand (general), New Zealand",NZ,NZ00,-36.7667,175.5,-1508558,4,"Coromandel, New Zealand (general), New Zealand",NZ,NZ00,-36.7667,175.5,-1508558,4,"Coromandel, New Zealand (general), New Zealand",NZ,NZ00,-36.7667,175.5,-1508558,20180825,https://www.msn.com/en-au/news/national/coromandel-locals-rally-to-protect-endangered-frogs-from-gold-mining/ar-BBMphk7
781926653,20180825,201808,2018,2018.6438,,,,,,,,,,,IND,KERALA,IND,,,,,,,,1,100,100,10,3,-5.0,10,1,10,1.62162162162163,0,,,,,,,4,"Dubai, Dubayy, United Arab Emirates",AE,AE03,25.2522,55.28,-782831,4,"Dubai, Dubayy, United Arab Emirates",AE,AE03,25.2522,55.28,-782831,20180825,https://www.business-standard.com/article/markets/kerala-floods-sale-of-old-jewellery-to-augment-gold-supply-hit-demand-118082500260_1.html
781932439,20180825,201808,2018,2018.6438,CVL,TRAVELER,,,,,,CVL,,,,,,,,,,,,,1,090,090,09,2,-2.0,1,1,1,0.71942446043166,3,"John Day River, Oregon, United States",US,USOR,46.1814,-123.741,1122449,0,,,,,,,3,"Baker City, Oregon, United States",US,USOR,44.7749,-117.834,1167694,20180825,http://www.eastoregonian.com/eo/out-of-the-vault/20180825/out-of-the-vault-gold-strike-thought-to-be-legendary-blue-bucket-mine
781932440,20180825,201808,2018,2018.6438,CVL,TRAVELER,,,,,,CVL,,,,,,,,,,,,,1,090,090,09,2,-2.0,1,1,1,0.71942446043166,3,"Malheur River, Oregon, United States",US,USOR,44.0591,-116.975,1145769,0,,,,,,,3,"Malheur River, Oregon, United States",US,USOR,44.0591,-116.975,1145769,20180825,http://www.eastoregonian.com/eo/out-of-the-vault/20180825/out-of-the-vault-gold-strike-thought-to-be-legendary-blue-bucket-mine
781932441,20180825,201808,2018,2018.6438,CVL,TRAVELER,,,,,,CVL,,,,,,,,,,,,,1,090,090,09,2,-2.0,7,1,7,0.71942446043166,3,"Baker City, Oregon, United States",US,USOR,44.7749,-117.834,1167694,0,,,,,,,3,"Baker City, Oregon, United States",US,USOR,44.7749,-117.834,1167694,20180825,http://www.eastoregonian.com/eo/out-of-the-vault/20180825/out-of-the-vault-gold-strike-thought-to-be-legendary-blue-bucket-mine
781932442,20180825,201808,2018,2018.6438,CVL,TRAVELER,,,,,,CVL,,,,,,,,,,,,,1,090,090,09,2,-2.0,1,1,1,0.71942446043166,2,"Oregon, United States",US,USOR,44.5672,-122.127,OR,0,,,,,,,3,"Malheur River, Oregon, United States",US,USOR,44.0591,-116.975,1145769,20180825,http://www.eastoregonian.com/eo/out-of-the-vault/20180825/out-of-the-vault-gold-strike-thought-to-be-legendary-blue-bucket-mine
781932995,20180825,201808,2018,2018.6438,RUS,RUSSIA,RUS,,,,,,,,CHN,CHINA,CHN,,,,,,,,1,014,014,01,1,0.0,10,1,10,2.64150943396227,4,"Beijing, Beijing, China",CH,CH22,39.9289,116.388,-1898541,4,"Beijing, Beijing, China",CH,CH22,39.9289,116.388,-1898541,4,"Beijing, Beijing, China",CH,CH22,39.9289,116.388,-1898541,20180825,https://www.rt.com/business/436814-china-gold-reserves-increase/
781933094,20180825,201808,2018,2018.6438,USA,UNITED STATES,USA,,,,,,,,,,,,,,,,,,1,090,090,09,2,-2.0,1,1,1,0.71942446043166,3,"Baker City, Oregon, United States",US,USOR,44.7749,-117.834,1167694,0,,,,,,,3,"Grant County, Oregon, United States",US,USOR,44.5002,-119.001,1135851,20180825,http://www.eastoregonian.com/eo/out-of-the-vault/20180825/out-of-the-vault-gold-strike-thought-to-be-legendary-blue-bucket-mine
781933095,20180825,201808,2018,2018.6438,USA,UNITED STATES,USA,,,,,,,,,,,,,,,,,,1,090,090,09,2,-2.0,1,1,1,0.71942446043166,3,"Baker City, Oregon, United States",US,USOR,44.7749,-117.834,1167694,0,,,,,,,3,"Baker City, Oregon, United States",US,USOR,44.7749,-117.834,1167694,20180825,http://www.eastoregonian.com/eo/out-of-the-vault/20180825/out-of-the-vault-gold-strike-thought-to-be-legendary-blue-bucket-mine
781934362,20180825,201808,2018,2018.6438,GHA,GHANA,GHA,,,,,,,,GHAMED,GHANA,GHA,,,,,MED,,,1,100,100,10,3,-5.0,10,1,10,6.66666666666667,4,"Asaman, Ghana (general), Ghana",GH,GH00,6.29905,-2.02787,-2069812,4,"Asaman, Ghana (general), Ghana",GH,GH00,6.29905,-2.02787,-2069812,4,"Asaman, Ghana (general), Ghana",GH,GH00,6.29905,-2.02787,-2069812,20180825,https://www.modernghana.com/entertainment/52388/change-the-black-star-in-the-ghana-flag-to-gold-because-gha.html
781934480,20180825,201808,2018,2018.6438,IRL,DUBLIN,IRL,,,,,,,,,,,,,,,,,,1,036,036,03,1,4.0,120,6,120,-4.47400241837968,3,"Boston, Massachusetts, United States",US,USMA,42.3584,-71.0598,617565,0,,,,,,,3,"Boston, Massachusetts, United States",US,USMA,42.3584,-71.0598,617565,20180825,https://www.goldcoastbulletin.com.au/news/world/pope-francis-arrives-in-ireland-as-emotions-run-high-amid-a-cloud-of-sex-abuse-scandals/news-story/d11086beaa2122e97c8892347edb73be?nk=21d91f0e363524afcd8a7d4b23713a3e-1535193156
781937546,20180825,201808,2018,2018.6438,COP,POLICE,,,,,,COP,,,,,,,,,,,,,1,172,172,17,4,-5.0,20,1,20,-1.22448979591837,4,"Phaya Thai, Krung Thep Mahanakhon, Thailand",TH,TH40,13.78,100.543,10503565,0,,,,,,,4,"Phaya Thai, Krung Thep Mahanakhon, Thailand",TH,TH40,13.78,100.543,10503565,20180825,https://www.bangkokpost.com/news/crime/1528306/three-held-in-b50m-gold-fraud
781937888,20180825,201808,2018,2018.6438,LEG,SENATE,,,,,,LEG,,,,,,,,,,,,,0,040,040,04,1,1.0,10,1,10,-4.69483568075117,3,"Milwaukee, Wisconsin, United States",US,USWI,43.0389,-87.9065,1577901,0,,,,,,,3,"Milwaukee, Wisconsin, United States",US,USWI,43.0389,-87.9065,1577901,20180825,http://www.rivertowns.net/news/government-and-politics/945540-feingold-johnson-debate-tonight
781938084,20180825,201808,2018,2018.6438,THA,THAILAND,THA,,,,,,,,COP,DEPUTY,,,,,,COP,,,1,114,114,11,3,-2.0,20,1,20,-1.22448979591837,4,"Phaya Thai, Krung Thep Mahanakhon, Thailand",TH,TH40,13.78,100.543,10503565,4,"Phaya Thai, Krung Thep Mahanakhon, Thailand",TH,TH40,13.78,100.543,10503565,4,"Phaya Thai, Krung Thep Mahanakhon, Thailand",TH,TH40,13.78,100.543,10503565,20180825,https://www.bangkokpost.com/news/crime/1528306/three-held-in-b50m-gold-fraud
781942884,20180825,201808,2018,2018.6438,,,,,,,,,,,CANBUS,CANADIAN,CAN,,,,,BUS,,,1,042,042,04,1,1.9,6,1,6,3.2051282051282,0,,,,,,,4,"Thunder Bay, Ontario, Canada",CA,CA08,48.4,-89.2333,-574784,4,"Thunder Bay, Ontario, Canada",CA,CA08,48.4,-89.2333,-574784,20180825,https://www.equities.com/news/premier-gold-mines-limited-pg-ca-rises-6-67-for-august-24
781943092,20180825,201808,2018,2018.6438,CAN,CANADIAN,CAN,,,,,,,,CANBUS,CANADA,CAN,,,,,BUS,,,1,043,043,04,1,2.8,4,1,4,3.2051282051282,4,"Thunder Bay, Ontario, Canada",CA,CA08,48.4,-89.2333,-574784,4,"Thunder Bay, Ontario, Canada",CA,CA08,48.4,-89.2333,-574784,4,"Thunder Bay, Ontario, Canada",CA,CA08,48.4,-89.2333,-574784,20180825,https://www.equities.com/news/premier-gold-mines-limited-pg-ca-rises-6-67-for-august-24
781943098,20180825,201808,2018,2018.6438,CANBUS,CANADIAN,CAN,,,,,BUS,,,,,,,,,,,,,1,043,043,04,1,2.8,6,1,6,3.2051282051282,4,"Thunder Bay, Ontario, Canada",CA,CA08,48.4,-89.2333,-574784,0,,,,,,,4,"Thunder Bay, Ontario, Canada",CA,CA08,48.4,-89.2333,-574784,20180825,https://www.equities.com/news/premier-gold-mines-limited-pg-ca-rises-6-67-for-august-24
781943099,20180825,201808,2018,2018.6438,CANBUS,CANADA,CAN,,,,,BUS,,,CAN,CANADIAN,CAN,,,,,,,,1,042,042,04,1,1.9,4,1,4,3.2051282051282,4,"Thunder Bay, Ontario, Canada",CA,CA08,48.4,-89.2333,-574784,4,"Thunder Bay, Ontario, Canada",CA,CA08,48.4,-89.2333,-574784,4,"Thunder Bay, Ontario, Canada",CA,CA08,48.4,-89.2333,-574784,20180825,https://www.equities.com/news/premier-gold-mines-limited-pg-ca-rises-6-67-for-august-24
781946402,20180825,201808,2018,2018.6438,,,,,,,,,,,CAN,CANADA,CAN,,,,,,,,0,173,173,17,4,-5.0,2,2,2,-3.6540797520315,0,,,,,,,4,"Millhaven, Ontario, Canada",CA,CA08,44.2,-76.75,-569301,4,"Millhaven, Ontario, Canada",CA,CA08,44.2,-76.75,-569301,20180825,https://ottawacitizen.com/news/local-news/greed-gold-and-the-hoosegow-one-by-one-time-runs-out-for-the-stopwatch-gang
781946403,20180825,201808,2018,2018.6438,,,,,,,,,,,CAN,CANADA,CAN,,,,,,,,0,173,173,17,4,-5.0,6,4,6,-5.2483760829123,0,,,,,,,4,"Ottawa, Ontario, Canada",CA,CA08,45.4167,-75.7,-570760,4,"Ottawa, Ontario, Canada",CA,CA08,45.4167,-75.7,-570760,20180825,https://ottawacitizen.com/news/local-news/greed-gold-and-the-hoosegow-one-by-one-time-runs-out-for-the-stopwatch-gang
781946459,20180825,201808,2018,2018.6438,,,,,,,,,,,PHL,PHILIPPINE,PHL,,,,,,,,0,080,080,08,2,5.0,2,2,2,-3.6540797520315,0,,,,,,,3,"San Diego, California, United States",US,USCA,32.7153,-117.157,1661377,3,"San Diego, California, United States",US,USCA,32.7153,-117.157,1661377,20180825,https://ottawacitizen.com/news/local-news/greed-gold-and-the-hoosegow-one-by-one-time-runs-out-for-the-stopwatch-gang
781946471,20180825,201808,2018,2018.6438,,,,,,,,,,,USA,FLORIDA,USA,,,,,,,,0,080,080,08,2,5.0,2,2,2,-3.6540797520315,0,,,,,,,4,"Ottawa, Ontario, Canada",CA,CA08,45.4167,-75.7,-570760,4,"Ottawa, Ontario, Canada",CA,CA08,45.4167,-75.7,-570760,20180825,https://ottawacitizen.com/news/local-news/greed-gold-and-the-hoosegow-one-by-one-time-runs-out-for-the-stopwatch-gang
781946472,20180825,201808,2018,2018.6438,,,,,,,,,,,USA,UNITED STATES,USA,,,,,,,,0,080,080,08,2,5.0,4,2,4,-3.6540797520315,0,,,,,,,2,"Florida, United States",US,USFL,27.8333,-81.717,FL,4,"Ottawa, Ontario, Canada",CA,CA08,45.4167,-75.7,-570760,20180825,https://ottawacitizen.com/news/local-news/greed-gold-and-the-hoosegow-one-by-one-time-runs-out-for-the-stopwatch-gang
781946508,20180825,201808,2018,2018.6438,BUS,BOSS,,,,,,BUS,,,,,,,,,,,,,1,010,010,01,1,0.0,12,2,12,-3.6540797520315,4,"Ottawa, Ontario, Canada",CA,CA08,45.4167,-75.7,-570760,0,,,,,,,4,"Ottawa, Ontario, Canada",CA,CA08,45.4167,-75.7,-570760,20180825,https://ottawacitizen.com/news/local-news/greed-gold-and-the-hoosegow-one-by-one-time-runs-out-for-the-stopwatch-gang
781946510,20180825,201808,2018,2018.6438,BUS,BOSS,,,,,,BUS,,,,,,,,,,,,,1,020,020,02,1,3.0,12,2,12,-3.6540797520315,4,"Ottawa, Ontario, Canada",CA,CA08,45.4167,-75.7,-570760,0,,,,,,,4,"Ottawa, Ontario, Canada",CA,CA08,45.4167,-75.7,-570760,20180825,https://ottawacitizen.com/news/local-news/greed-gold-and-the-hoosegow-one-by-one-time-runs-out-for-the-stopwatch-gang
781946511,20180825,201808,2018,2018.6438,BUS,BOSS,,,,,,BUS,,,,,,,,,,,,,1,020,020,02,1,3.0,2,2,2,-3.6540797520315,3,"Leavenworth, Kansas, United States",US,USKS,39.3111,-94.9225,478411,0,,,,,,,3,"Leavenworth, Kansas, United States",US,USKS,39.3111,-94.9225,478411,20180825,https://ottawacitizen.com/news/local-news/greed-gold-and-the-hoosegow-one-by-one-time-runs-out-for-the-stopwatch-gang
781946516,20180825,201808,2018,2018.6438,BUS,BOSS,,,,,,BUS,,,CAN,CANADA,CAN,,,,,,,,1,020,020,02,1,3.0,4,2,4,-3.6540797520315,4,"Ottawa, Ontario, Canada",CA,CA08,45.4167,-75.7,-570760,4,"Ottawa, Ontario, Canada",CA,CA08,45.4167,-75.7,-570760,4,"Ottawa, Ontario, Canada",CA,CA08,45.4167,-75.7,-570760,20180825,https://ottawacitizen.com/news/local-news/greed-gold-and-the-hoosegow-one-by-one-time-runs-out-for-the-stopwatch-gang
781946517,20180825,201808,2018,2018.6438,BUS,BOSS,,,,,,BUS,,,CAN,CANADA,CAN,,,,,,,,1,020,020,02,1,3.0,2,2,2,-3.6540797520315,3,"Leavenworth, Kansas, United States",US,USKS,39.3111,-94.9225,478411,2,"Kansas, United States",US,USKS,38.5111,-96.8005,KS,3,"Leavenworth, Kansas, United States",US,USKS,39.3111,-94.9225,478411,20180825,https://ottawacitizen.com/news/local-news/greed-gold-and-the-hoosegow-one-by-one-time-runs-out-for-the-stopwatch-gang
781946529,20180825,201808,2018,2018.6438,CAN,CANADA,CAN,,,,,,,,,,,,,,,,,,1,172,172,17,4,-5.0,8,2,8,-3.6540797520315,4,"Ottawa, Ontario, Canada",CA,CA08,45.4167,-75.7,-570760,0,,,,,,,4,"Ottawa, Ontario, Canada",CA,CA08,45.4167,-75.7,-570760,20180825,https://ottawacitizen.com/news/local-news/greed-gold-and-the-hoosegow-one-by-one-time-runs-out-for-the-stopwatch-gang
781946537,20180825,201808,2018,2018.6438,CAN,CANADA,CAN,,,,,,,,MNCUSA,BANK OF AMERICA,USA,,,,,MNC,,,0,173,173,17,4,-5.0,4,2,4,-3.6540797520315,4,"Ottawa, Ontario, Canada",CA,CA08,45.4167,-75.7,-570760,4,"Ottawa, Ontario, Canada",CA,CA08,45.4167,-75.7,-570760,4,"Ottawa, Ontario, Canada",CA,CA08,45.4167,-75.7,-570760,20180825,https://ottawacitizen.com/news/local-news/greed-gold-and-the-hoosegow-one-by-one-time-runs-out-for-the-stopwatch-gang
781946538,20180825,201808,2018,2018.6438,CAN,CANADA,CAN,,,,,,,,MNCUSA,BANK OF AMERICA,USA,,,,,MNC,,,0,173,173,17,4,-5.0,4,2,4,-3.6540797520315,4,"Ottawa, Ontario, Canada",CA,CA08,45.4167,-75.7,-570760,3,"San Diego, California, United States",US,USCA,32.7153,-117.157,1661377,4,"Ottawa, Ontario, Canada",CA,CA08,45.4167,-75.7,-570760,20180825,https://ottawacitizen.com/news/local-news/greed-gold-and-the-hoosegow-one-by-one-time-runs-out-for-the-stopwatch-gang
781946549,20180825,201808,2018,2018.6438,CAN,CANADA,CAN,,,,,,,,USA,FLORIDA,USA,,,,,,,,0,042,042,04,1,1.9,4,2,4,-3.6540797520315,4,"Millhaven, Ontario, Canada",CA,CA08,44.2,-76.75,-569301,4,"Millhaven, Ontario, Canada",CA,CA08,44.2,-76.75,-569301,4,"Millhaven, Ontario, Canada",CA,CA08,44.2,-76.75,-569301,20180825,https://ottawacitizen.com/news/local-news/greed-gold-and-the-hoosegow-one-by-one-time-runs-out-for-the-stopwatch-gang
781946550,20180825,201808,2018,2018.6438,CAN,CANADA,CAN,,,,,,,,USA,FLORIDA,USA,,,,,,,,0,042,042,04,1,1.9,4,2,4,-3.6540797520315,4,"Ottawa, Ontario, Canada",CA,CA08,45.4167,-75.7,-570760,2,"Florida, United States",US,USFL,27.8333,-81.717,FL,2,"Florida, United States",US,USFL,27.8333,-81.717,FL,20180825,https://ottawacitizen.com/news/local-news/greed-gold-and-the-hoosegow-one-by-one-time-runs-out-for-the-stopwatch-gang
781946571,20180825,201808,2018,2018.6438,CHNBUS,CHINA,CHN,,,,,BUS,,,MNCGBR,LLOYDS BANKING,GBR,,,,,MNC,,,0,043,043,04,1,2.8,75,75,75,0.375669568240471,4,"London, London, City of, United Kingdom",UK,UKH9,51.5,-0.116667,-2601889,4,"London, London, City of, United Kingdom",UK,UKH9,51.5,-0.116667,-2601889,4,"London, London, City of, United Kingdom",UK,UKH9,51.5,-0.116667,-2601889,20180825,https://www.bignewsnetwork.com/news/257893578/amid-brexit-risks-goldman-sachs-unveils-plans-for-london-hq
781946572,20180825,201808,2018,2018.6438,CHNBUS,CHINA,CHN,,,,,BUS,,,MNCGBR,LLOYDS BANKING,GBR,,,,,MNC,,,0,043,043,04,1,2.8,75,75,75,0.375669568240471,1,China,CH,CH,35,105,CH,4,"London, London, City of, United Kingdom",UK,UKH9,51.5,-0.116667,-2601889,4,"London, London, City of, United Kingdom",UK,UKH9,51.5,-0.116667,-2601889,20180825,https://www.bignewsnetwork.com/news/257893578/amid-brexit-risks-goldman-sachs-unveils-plans-for-london-hq
781946639,20180825,201808,2018,2018.6438,CRM,GANG,,,,,,CRM,,,,,,,,,,,,,0,030,030,03,1,4.0,4,2,4,-3.6540797520315,4,"Ottawa, Ontario, Canada",CA,CA08,45.4167,-75.7,-570760,0,,,,,,,4,"Ottawa, Ontario, Canada",CA,CA08,45.4167,-75.7,-570760,20180825,https://ottawacitizen.com/news/local-news/greed-gold-and-the-hoosegow-one-by-one-time-runs-out-for-the-stopwatch-gang
781946640,20180825,201808,2018,2018.6438,CRM,GANG,,,,,,CRM,,,,,,,,,,,,,0,030,030,03,1,4.0,4,2,4,-3.6540797520315,4,"Ottawa, Ontario, Canada",CA,CA08,45.4167,-75.7,-570760,0,,,,,,,3,"San Diego, California, United States",US,USCA,32.7153,-117.157,1661377,20180825,https://ottawacitizen.com/news/local-news/greed-gold-and-the-hoosegow-one-by-one-time-runs-out-for-the-stopwatch-gang
781946641,20180825,201808,2018,2018.6438,CRM,GANG,,,,,,CRM,,,,,,,,,,,,,0,030,030,03,1,4.0,12,2,12,-3.6540797520315,3,"San Diego, California, United States",US,USCA,32.7153,-117.157,1661377,0,,,,,,,3,"San Diego, California, United States",US,USCA,32.7153,-117.157,1661377,20180825,https://ottawacitizen.com/news/local-news/greed-gold-and-the-hoosegow-one-by-one-time-runs-out-for-the-stopwatch-gang
781946737,20180825,201808,2018,2018.6438,GBR,BRITAIN,GBR,,,,,,,,IGOEUREEC,THE EUROPEAN UNION,EUR,EEC,,,,IGO,,,0,110,110,11,3,-2.0,375,75,375,0.375669568240471,4,"London, London, City of, United Kingdom",UK,UKH9,51.5,-0.116667,-2601889,4,"London, London, City of, United Kingdom",UK,UKH9,51.5,-0.116667,-2601889,4,"London, London, City of, United Kingdom",UK,UKH9,51.5,-0.116667,-2601889,20180825,https://www.bignewsnetwork.com/news/257893578/amid-brexit-risks-goldman-sachs-unveils-plans-for-london-hq
781946738,20180825,201808,2018,2018.6438,GBR,BRITAIN,GBR,,,,,,,,IGOEUREEC,THE EUROPEAN UNION,EUR,EEC,,,,IGO,,,0,110,110,11,3,-2.0,150,75,150,0.375669568240471,1,China,CH,CH,35,105,CH,1,China,CH,CH,35,105,CH,4,"London, London, City of, United Kingdom",UK,UKH9,51.5,-0.116667,-2601889,20180825,https://www.bignewsnetwork.com/news/257893578/amid-brexit-risks-goldman-sachs-unveils-plans-for-london-hq
781946743,20180825,201808,2018,2018.6438,GBR,LONDON,GBR,,,,,,,,MNCGBR,LLOYDS BANKING,GBR,,,,,MNC,,,0,043,043,04,1,2.8,225,75,225,0.375669568240471,4,"London, London, City of, United Kingdom",UK,UKH9,51.5,-0.116667,-2601889,4,"London, London, City of, United Kingdom",UK,UKH9,51.5,-0.116667,-2601889,4,"London, London, City of, United Kingdom",UK,UKH9,51.5,-0.116667,-2601889,20180825,https://www.bignewsnetwork.com/news/257893578/amid-brexit-risks-goldman-sachs-unveils-plans-for-london-hq
781946744,20180825,201808,2018,2018.6438,GBR,LONDON,GBR,,,,,,,,MNCGBR,LLOYDS BANKING,GBR,,,,,MNC,,,0,050,050,05,1,3.5,375,75,375,0.375669568240471,4,"London, London, City of, United Kingdom",UK,UKH9,51.5,-0.116667,-2601889,4,"London, London, City of, United Kingdom",UK,UKH9,51.5,-0.116667,-2601889,4,"London, London, City of, United Kingdom",UK,UKH9,51.5,-0.116667,-2601889,20180825,https://www.bignewsnetwork.com/news/257893578/amid-brexit-risks-goldman-sachs-unveils-plans-for-london-hq
781946745,20180825,201808,2018,2018.6438,GBR,LONDON,GBR,,,,,,,,MNCUSA,GOLDMAN SACHS,USA,,,,,MNC,,,1,030,030,03,1,4.0,150,75,150,0.375669568240471,4,"London, London, City of, United Kingdom",UK,UKH9,51.5,-0.116667,-2601889,4,"London, London, City of, United Kingdom",UK,UKH9,51.5,-0.116667,-2601889,4,"London, London, City of, United Kingdom",UK,UKH9,51.5,-0.116667,-2601889,20180825,https://www.bignewsnetwork.com/news/257893578/amid-brexit-risks-goldman-sachs-unveils-plans-for-london-hq
781946788,20180825,201808,2018,2018.6438,GOV,MAYOR,,,,,,GOV,,,CAN,OTTAWA,CAN,,,,,,,,0,010,010,01,1,0.0,4,2,4,-3.6540797520315,4,"Sudbury, Ontario, Canada",CA,CA08,46.5,-80.9667,-574311,4,"Sudbury, Ontario, Canada",CA,CA08,46.5,-80.9667,-574311,4,"Sudbury, Ontario, Canada",CA,CA08,46.5,-80.9667,-574311,20180825,https://ottawacitizen.com/news/local-news/greed-gold-and-the-hoosegow-one-by-one-time-runs-out-for-the-stopwatch-gang
781946789,20180825,201808,2018,2018.6438,GOV,MAYOR,,,,,,GOV,,,CAN,OTTAWA,CAN,,,,,,,,0,080,080,08,2,5.0,16,2,16,-3.6540797520315,4,"Ottawa, Ontario, Canada",CA,CA08,45.4167,-75.7,-570760,4,"Ottawa, Ontario, Canada",CA,CA08,45.4167,-75.7,-570760,4,"Ottawa, Ontario, Canada",CA,CA08,45.4167,-75.7,-570760,20180825,https://ottawacitizen.com/news/local-news/greed-gold-and-the-hoosegow-one-by-one-time-runs-out-for-the-stopwatch-gang
781946790,20180825,201808,2018,2018.6438,GOV,MAYOR,,,,,,GOV,,,CAN,OTTAWA,CAN,,,,,,,,0,080,080,08,2,5.0,4,2,4,-3.6540797520315,4,"Sudbury, Ontario, Canada",CA,CA08,46.5,-80.9667,-574311,4,"Sudbury, Ontario, Canada",CA,CA08,46.5,-80.9667,-574311,4,"Sudbury, Ontario, Canada",CA,CA08,46.5,-80.9667,-574311,20180825,https://ottawacitizen.com/news/local-news/greed-gold-and-the-hoosegow-one-by-one-time-runs-out-for-the-stopwatch-gang
781947067,20180825,201808,2018,2018.6438,MNCGBR,LLOYDS BANKING,GBR,,,,,MNC,,,CHNBUS,CHINA,CHN,,,,,BUS,,,0,042,042,04,1,1.9,75,75,75,0.375669568240471,4,"London, London, City of, United Kingdom",UK,UKH9,51.5,-0.116667,-2601889,4,"London, London, City of, United Kingdom",UK,UKH9,51.5,-0.116667,-2601889,4,"London, London, City of, United Kingdom",UK,UKH9,51.5,-0.116667,-2601889,20180825,https://www.bignewsnetwork.com/news/257893578/amid-brexit-risks-goldman-sachs-unveils-plans-for-london-hq
781947068,20180825,201808,2018,2018.6438,MNCGBR,LLOYDS BANKING,GBR,,,,,MNC,,,CHNBUS,CHINA,CHN,,,,,BUS,,,0,042,042,04,1,1.9,75,75,75,0.375669568240471,4,"London, London, City of, United Kingdom",UK,UKH9,51.5,-0.116667,-2601889,1,China,CH,CH,35,105,CH,4,"London, London, City of, United Kingdom",UK,UKH9,51.5,-0.116667,-2601889,20180825,https://www.bignewsnetwork.com/news/257893578/amid-brexit-risks-goldman-sachs-unveils-plans-for-london-hq
781947069,20180825,201808,2018,2018.6438,MNCGBR,LLOYDS BANKING,GBR,,,,,MNC,,,GBR,LONDON,GBR,,,,,,,,0,042,042,04,1,1.9,225,75,225,0.375669568240471,4,"London, London, City of, United Kingdom",UK,UKH9,51.5,-0.116667,-2601889,4,"London, London, City of, United Kingdom",UK,UKH9,51.5,-0.116667,-2601889,4,"London, London, City of, United Kingdom",UK,UKH9,51.5,-0.116667,-2601889,20180825,https://www.bignewsnetwork.com/news/257893578/amid-brexit-risks-goldman-sachs-unveils-plans-for-london-hq
781947070,20180825,201808,2018,2018.6438,MNCGBR,LLOYDS BANKING,GBR,,,,,MNC,,,GBR,LONDON,GBR,,,,,,,,0,050,050,05,1,3.5,375,75,375,0.375669568240471,4,"London, London, City of, United Kingdom",UK,UKH9,51.5,-0.116667,-2601889,4,"London, London, City of, United Kingdom",UK,UKH9,51.5,-0.116667,-2601889,4,"London, London, City of, United Kingdom",UK,UKH9,51.5,-0.116667,-2601889,20180825,https://www.bignewsnetwork.com/news/257893578/amid-brexit-risks-goldman-sachs-unveils-plans-for-london-hq
781947075,20180825,201808,2018,2018.6438,MNCJPN,SUMITOMO MITSUI,JPN,,,,,MNC,,,,,,,,,,,,,1,071,071,07,2,7.4,10,1,10,11.3445378151261,0,,,,,,,0,,,,,,,0,,,,,,,20180825,https://www.dailypolitical.com/2018/08/25/financial-advocates-investment-management-trims-holdings-in-ishares-gold-trust-iau.html
781947078,20180825,201808,2018,2018.6438,MNCUSA,GOLDMAN SACHS,USA,,,,,MNC,,,GBR,LONDON,GBR,,,,,,,,1,010,010,01,1,0.0,15,1,5,-0.61855670103093,4,"London, London, City of, United Kingdom",UK,UKH9,51.5,-0.116667,-2601889,4,"London, London, City of, United Kingdom",UK,UKH9,51.5,-0.116667,-2601889,4,"London, London, City of, United Kingdom",UK,UKH9,51.5,-0.116667,-2601889,20180825,https://www.bignewsnetwork.com/news/257893578/amid-brexit-risks-goldman-sachs-unveils-plans-for-london-hq
781947126,20180825,201808,2018,2018.6438,OPP,PRISONER,,,,,,OPP,,,CAN,CANADA,CAN,,,,,,,,0,173,173,17,4,-5.0,2,2,2,-3.6540797520315,4,"Millhaven, Ontario, Canada",CA,CA08,44.2,-76.75,-569301,4,"Millhaven, Ontario, Canada",CA,CA08,44.2,-76.75,-569301,4,"Millhaven, Ontario, Canada",CA,CA08,44.2,-76.75,-569301,20180825,https://ottawacitizen.com/news/local-news/greed-gold-and-the-hoosegow-one-by-one-time-runs-out-for-the-stopwatch-gang
781947127,20180825,201808,2018,2018.6438,OPP,PRISONER,,,,,,OPP,,,CAN,CANADA,CAN,,,,,,,,0,173,173,17,4,-5.0,2,2,2,-3.6540797520315,4,"Ottawa, Ontario, Canada",CA,CA08,45.4167,-75.7,-570760,4,"Ottawa, Ontario, Canada",CA,CA08,45.4167,-75.7,-570760,4,"Ottawa, Ontario, Canada",CA,CA08,45.4167,-75.7,-570760,20180825,https://ottawacitizen.com/news/local-news/greed-gold-and-the-hoosegow-one-by-one-time-runs-out-for-the-stopwatch-gang
781947322,20180825,201808,2018,2018.6438,USA,FLORIDA,USA,,,,,,,,CAN,CANADA,CAN,,,,,,,,0,043,043,04,1,2.8,4,2,4,-3.6540797520315,4,"Millhaven, Ontario, Canada",CA,CA08,44.2,-76.75,-569301,4,"Millhaven, Ontario, Canada",CA,CA08,44.2,-76.75,-569301,4,"Millhaven, Ontario, Canada",CA,CA08,44.2,-76.75,-569301,20180825,https://ottawacitizen.com/news/local-news/greed-gold-and-the-hoosegow-one-by-one-time-runs-out-for-the-stopwatch-gang
781947323,20180825,201808,2018,2018.6438,USA,FLORIDA,USA,,,,,,,,CAN,CANADA,CAN,,,,,,,,0,043,043,04,1,2.8,4,2,4,-3.6540797520315,2,"Florida, United States",US,USFL,27.8333,-81.717,FL,4,"Ottawa, Ontario, Canada",CA,CA08,45.4167,-75.7,-570760,2,"Florida, United States",US,USFL,27.8333,-81.717,FL,20180825,https://ottawacitizen.com/news/local-news/greed-gold-and-the-hoosegow-one-by-one-time-runs-out-for-the-stopwatch-gang
781948394,20180825,201808,2018,2018.6438,,,,,,,,,,,USA,WYOMING,USA,,,,,,,,1,042,042,04,1,1.9,5,1,5,-2.25872689938398,0,,,,,,,3,"Shoshoni, Wyoming, United States",US,USWY,43.2358,-108.11,1594295,3,"Shoshoni, Wyoming, United States",US,USWY,43.2358,-108.11,1594295,20180825,https://trib.com/news/state-and-regional/historic-wyoming-gold-mining-town-opens-tunnel-that-had-been/article_a649e8ec-e4d7-5abe-9e06-9ffad7f7d582.html
781948459,20180825,201808,2018,2018.6438,BUS,BANK,,,,,,BUS,,,,,,,,,,,,,1,031,031,03,1,5.2,740,74,740,0.38910505836576,1,South Korea,KS,KS,37,127.5,KS,0,,,,,,,1,South Korea,KS,KS,37,127.5,KS,20180825,https://www.baltimorestar.com/news/257893578/goldman-sachs-agrees-to-sale-leaseback-deal-over-london-hq
781948795,20180825,201808,2018,2018.6438,GOVDEV,MINIST FOR INFRASTRUCTURE,,,,,,GOV,DEV,,COP,DEPUTY,,,,,,COP,,,1,051,051,05,1,3.4,10,1,10,6.23441396508728,0,,,,,,,0,,,,,,,0,,,,,,,20180825,https://www.northqueenslandregister.com.au/story/4887474/re-opening-of-the-tully-golden-gumboot/?cs=4770
781949031,20180825,201808,2018,2018.6438,MNCUSA,GOLDMAN SACHS,USA,,,,,MNC,,,KOR,SOUTH KOREA,KOR,,,,,,,,1,060,060,06,2,6.0,740,74,740,0.38910505836576,4,"London, London, City of, United Kingdom",UK,UKH9,51.5,-0.116667,-2601889,4,"London, London, City of, United Kingdom",UK,UKH9,51.5,-0.116667,-2601889,4,"London, London, City of, United Kingdom",UK,UKH9,51.5,-0.116667,-2601889,20180825,https://www.baltimorestar.com/news/257893578/goldman-sachs-agrees-to-sale-leaseback-deal-over-london-hq
781949184,20180825,201808,2018,2018.6438,USA,UNITED STATES,USA,,,,,,,,,,,,,,,,,,1,084,084,08,2,7.0,4,1,4,-2.25872689938398,3,"Shoshoni, Wyoming, United States",US,USWY,43.2358,-108.11,1594295,0,,,,,,,3,"Shoshoni, Wyoming, United States",US,USWY,43.2358,-108.11,1594295,20180825,https://trib.com/news/state-and-regional/historic-wyoming-gold-mining-town-opens-tunnel-that-had-been/article_a649e8ec-e4d7-5abe-9e06-9ffad7f7d582.html
781949185,20180825,201808,2018,2018.6438,USA,UNITED STATES,USA,,,,,,,,,,,,,,,,,,1,084,084,08,2,7.0,2,1,2,-2.25872689938398,3,"Carissa Mine, Wyoming, United States",US,USWY,42.4744,-108.795,1598631,0,,,,,,,3,"South Pass City, Wyoming, United States",US,USWY,42.4683,-108.8,1603193,20180825,https://trib.com/news/state-and-regional/historic-wyoming-gold-mining-town-opens-tunnel-that-had-been/article_a649e8ec-e4d7-5abe-9e06-9ffad7f7d582.html
781950095,20180825,201808,2018,2018.6438,,,,,,,,,,,ZMB,ZAMBIA,ZMB,,,,,,,,0,020,020,02,1,3.0,2,1,2,-3.11804008908686,0,,,,,,,4,"Bwana Mkubwa, Luapula, Zambia",ZA,ZA08,-13.0168,28.6949,-2278283,4,"Bwana Mkubwa, Luapula, Zambia",ZA,ZA08,-13.0168,28.6949,-2278283,20180825,https://tiozambia.com/golden-lay-refuses-to-share-land-with-displaced-chichele-residents-dr-chanda/
781950164,20180825,201808,2018,2018.6438,BUS,COMPANY OWNER,,,,,,BUS,,,ZMB,ZAMBIA,ZMB,,,,,,,,1,046,046,04,1,7.0,2,1,2,-3.11804008908686,4,"Chichele, Luapula, Zambia",ZA,ZA08,-12.5833,28.2,-2279420,4,"Bwana Mkubwa, Luapula, Zambia",ZA,ZA08,-13.0168,28.6949,-2278283,4,"Chichele, Luapula, Zambia",ZA,ZA08,-12.5833,28.2,-2279420,20180825,https://tiozambia.com/golden-lay-refuses-to-share-land-with-displaced-chichele-residents-dr-chanda/
781950166,20180825,201808,2018,2018.6438,BUS,COMPANY OWNER,,,,,,BUS,,,ZMB,ZAMBIA,ZMB,,,,,,,,1,046,046,04,1,7.0,2,1,2,-3.11804008908686,1,Australia,AS,AS,-25,135,AS,4,"Bwana Mkubwa, Luapula, Zambia",ZA,ZA08,-13.0168,28.6949,-2278283,4,"Chichele, Luapula, Zambia",ZA,ZA08,-12.5833,28.2,-2279420,20180825,https://tiozambia.com/golden-lay-refuses-to-share-land-with-displaced-chichele-residents-dr-chanda/
781950584,20180825,201808,2018,2018.6438,LEG,MEMBER OF PARLIAMENT,,,,,,LEG,,,REF,DISPLACED RESIDENTS,,,,,,REF,,,1,010,010,01,1,0.0,2,1,2,-3.11804008908686,4,"Bwana Mkubwa, Luapula, Zambia",ZA,ZA08,-13.0168,28.6949,-2278283,4,"Bwana Mkubwa, Luapula, Zambia",ZA,ZA08,-13.0168,28.6949,-2278283,4,"Bwana Mkubwa, Luapula, Zambia",ZA,ZA08,-13.0168,28.6949,-2278283,20180825,https://tiozambia.com/golden-lay-refuses-to-share-land-with-displaced-chichele-residents-dr-chanda/
781950585,20180825,201808,2018,2018.6438,LEG,MEMBER OF PARLIAMENT,,,,,,LEG,,,REF,DISPLACED RESIDENTS,,,,,,REF,,,1,010,010,01,1,0.0,3,1,3,-3.11804008908686,4,"Bwana Mkubwa, Luapula, Zambia",ZA,ZA08,-13.0168,28.6949,-2278283,4,"Chichele, Luapula, Zambia",ZA,ZA08,-12.5833,28.2,-2279420,4,"Chichele, Luapula, Zambia",ZA,ZA08,-12.5833,28.2,-2279420,20180825,https://tiozambia.com/golden-lay-refuses-to-share-land-with-displaced-chichele-residents-dr-chanda/
781950586,20180825,201808,2018,2018.6438,LEG,MEMBER OF PARLIAMENT,,,,,,LEG,,,REF,DISPLACED RESIDENTS,,,,,,REF,,,1,042,042,04,1,1.9,2,2,2,-3.6124081348925,4,"Chichele, Luapula, Zambia",ZA,ZA08,-12.5833,28.2,-2279420,4,"Chichele, Luapula, Zambia",ZA,ZA08,-12.5833,28.2,-2279420,4,"Chichele, Luapula, Zambia",ZA,ZA08,-12.5833,28.2,-2279420,20180825,https://tiozambia.com/golden-lay-refuses-to-share-land-with-displaced-chichele-residents-dr-chanda/
781950587,20180825,201808,2018,2018.6438,LEG,MEMBER OF PARLIAMENT,,,,,,LEG,,,ZMB,ZAMBIA,ZMB,,,,,,,,1,042,042,04,1,1.9,4,2,4,-3.6124081348925,4,"Chichele, Luapula, Zambia",ZA,ZA08,-12.5833,28.2,-2279420,4,"Chichele, Luapula, Zambia",ZA,ZA08,-12.5833,28.2,-2279420,4,"Chichele, Luapula, Zambia",ZA,ZA08,-12.5833,28.2,-2279420,20180825,https://tiozambia.com/golden-lay-refuses-to-share-land-with-displaced-chichele-residents-dr-chanda/
781950737,20180825,201808,2018,2018.6438,REF,DISPLACED RESIDENTS,,,,,,REF,,,LEG,MEMBER OF PARLIAMENT,,,,,,LEG,,,1,043,043,04,1,2.8,1,1,1,-3.11804008908686,4,"Chichele, Luapula, Zambia",ZA,ZA08,-12.5833,28.2,-2279420,4,"Bwana Mkubwa, Luapula, Zambia",ZA,ZA08,-13.0168,28.6949,-2278283,4,"Chichele, Luapula, Zambia",ZA,ZA08,-12.5833,28.2,-2279420,20180825,https://tiozambia.com/golden-lay-refuses-to-share-land-with-displaced-chichele-residents-dr-chanda/
781950939,20180825,201808,2018,2018.6438,ZMB,ZAMBIA,ZMB,,,,,,,,,,,,,,,,,,1,020,020,02,1,3.0,2,1,2,-3.11804008908686,4,"Bwana Mkubwa, Luapula, Zambia",ZA,ZA08,-13.0168,28.6949,-2278283,0,,,,,,,4,"Bwana Mkubwa, Luapula, Zambia",ZA,ZA08,-13.0168,28.6949,-2278283,20180825,https://tiozambia.com/golden-lay-refuses-to-share-land-with-displaced-chichele-residents-dr-chanda/
781950940,20180825,201808,2018,2018.6438,ZMB,ZAMBIA,ZMB,,,,,,,,,,,,,,,,,,1,020,020,02,1,3.0,2,1,2,-3.11804008908686,4,"Bwana Mkubwa, Luapula, Zambia",ZA,ZA08,-13.0168,28.6949,-2278283,0,,,,,,,1,United Kingdom,UK,UK,54,-4,UK,20180825,https://tiozambia.com/golden-lay-refuses-to-share-land-with-displaced-chichele-residents-dr-chanda/
781950943,20180825,201808,2018,2018.6438,ZMB,ZAMBIA,ZMB,,,,,,,,BUS,COMPANY OWNER,,,,,,BUS,,,1,046,046,04,1,7.0,2,1,2,-3.11804008908686,4,"Bwana Mkubwa, Luapula, Zambia",ZA,ZA08,-13.0168,28.6949,-2278283,4,"Chichele, Luapula, Zambia",ZA,ZA08,-12.5833,28.2,-2279420,4,"Chichele, Luapula, Zambia",ZA,ZA08,-12.5833,28.2,-2279420,20180825,https://tiozambia.com/golden-lay-refuses-to-share-land-with-displaced-chichele-residents-dr-chanda/
781950944,20180825,201808,2018,2018.6438,ZMB,ZAMBIA,ZMB,,,,,,,,BUS,COMPANY OWNER,,,,,,BUS,,,1,046,046,04,1,7.0,2,1,2,-3.11804008908686,4,"Bwana Mkubwa, Luapula, Zambia",ZA,ZA08,-13.0168,28.6949,-2278283,1,Australia,AS,AS,-25,135,AS,4,"Chichele, Luapula, Zambia",ZA,ZA08,-12.5833,28.2,-2279420,20180825,https://tiozambia.com/golden-lay-refuses-to-share-land-with-displaced-chichele-residents-dr-chanda/
781950953,20180825,201808,2018,2018.6438,ZMB,ZAMBIA,ZMB,,,,,,,,LEG,MEMBER OF PARLIAMENT,,,,,,LEG,,,1,043,043,04,1,2.8,2,1,2,-3.11804008908686,4,"Chichele, Luapula, Zambia",ZA,ZA08,-12.5833,28.2,-2279420,4,"Bwana Mkubwa, Luapula, Zambia",ZA,ZA08,-13.0168,28.6949,-2278283,4,"Chichele, Luapula, Zambia",ZA,ZA08,-12.5833,28.2,-2279420,20180825,https://tiozambia.com/golden-lay-refuses-to-share-land-with-displaced-chichele-residents-dr-chanda/
781950956,20180825,201808,2018,2018.6438,ZMB,ZAMBIA,ZMB,,,,,,,,ZMBCVL,ZAMBIA,ZMB,,,,,CVL,,,1,010,010,01,1,0.0,2,1,2,-3.11804008908686,4,"Bwana Mkubwa, Luapula, Zambia",ZA,ZA08,-13.0168,28.6949,-2278283,4,"Bwana Mkubwa, Luapula, Zambia",ZA,ZA08,-13.0168,28.6949,-2278283,4,"Bwana Mkubwa, Luapula, Zambia",ZA,ZA08,-13.0168,28.6949,-2278283,20180825,https://tiozambia.com/golden-lay-refuses-to-share-land-with-displaced-chichele-residents-dr-chanda/
781950957,20180825,201808,2018,2018.6438,ZMB,ZAMBIA,ZMB,,,,,,,,ZMBCVL,ZAMBIA,ZMB,,,,,CVL,,,1,010,010,01,1,0.0,1,1,1,-3.11804008908686,4,"Bwana Mkubwa, Luapula, Zambia",ZA,ZA08,-13.0168,28.6949,-2278283,4,"Chichele, Luapula, Zambia",ZA,ZA08,-12.5833,28.2,-2279420,4,"Bwana Mkubwa, Luapula, Zambia",ZA,ZA08,-13.0168,28.6949,-2278283,20180825,https://tiozambia.com/golden-lay-refuses-to-share-land-with-displaced-chichele-residents-dr-chanda/
781950958,20180825,201808,2018,2018.6438,ZMB,ZAMBIA,ZMB,,,,,,,,ZMBCVL,ZAMBIA,ZMB,,,,,CVL,,,1,010,010,01,1,0.0,1,1,1,-3.11804008908686,4,"Bwana Mkubwa, Luapula, Zambia",ZA,ZA08,-13.0168,28.6949,-2278283,4,"Chichele, Luapula, Zambia",ZA,ZA08,-12.5833,28.2,-2279420,4,"Chichele, Luapula, Zambia",ZA,ZA08,-12.5833,28.2,-2279420,20180825,https://tiozambia.com/golden-lay-refuses-to-share-land-with-displaced-chichele-residents-dr-chanda/
781953606,20180818,201808,2018,2018.6247,EDU,STUDENT,,,,,,EDU,,,,,,,,,,,,,1,080,080,08,2,5.0,2,1,2,0.89628681177977,4,"Delhi, Delhi, India",IN,IN07,28.6667,77.2167,-2094230,0,,,,,,,4,"Delhi, Delhi, India",IN,IN07,28.6667,77.2167,-2094230,20180825,https://www.khaleejtimes.com/nation/dubai/kerala-floods-dubai-based-12-year-old-indian-girl-donates-gold-birthday-cake-to-relief-fund
781953607,20180818,201808,2018,2018.6247,INDEDU,DELHI,IND,,,,,EDU,,,EDU,SCHOOL,,,,,,EDU,,,1,080,080,08,2,5.0,3,1,3,0.89628681177977,4,"Delhi, Delhi, India",IN,IN07,28.6667,77.2167,-2094230,4,"Delhi, Delhi, India",IN,IN07,28.6667,77.2167,-2094230,4,"Delhi, Delhi, India",IN,IN07,28.6667,77.2167,-2094230,20180825,https://www.khaleejtimes.com/nation/dubai/kerala-floods-dubai-based-12-year-old-indian-girl-donates-gold-birthday-cake-to-relief-fund
781953719,20180825,201808,2018,2018.6438,,,,,,,,,,,TUR,TURKEY,TUR,,,,,,,,0,061,061,06,2,6.4,2,1,2,0.89628681177977,0,,,,,,,4,"Malabar, Kerala, India",IN,IN13,9.96667,76.2333,-2093645,4,"Malabar, Kerala, India",IN,IN13,9.96667,76.2333,-2093645,20180825,https://www.khaleejtimes.com/nation/dubai/kerala-floods-dubai-based-12-year-old-indian-girl-donates-gold-birthday-cake-to-relief-fund
781953756,20180825,201808,2018,2018.6438,ARE,UNITED ARAB EMIRATES,ARE,,,,,,,,,,,,,,,,,,1,071,071,07,2,7.4,4,1,4,0.89628681177977,5,"Kerala, Kerala, India",IN,IN13,10,76.5,-2100307,0,,,,,,,5,"Kerala, Kerala, India",IN,IN13,10,76.5,-2100307,20180825,https://www.khaleejtimes.com/nation/dubai/kerala-floods-dubai-based-12-year-old-indian-girl-donates-gold-birthday-cake-to-relief-fund
781953806,20180825,201808,2018,2018.6438,BUS,COMPANY,,,,,,BUS,,,,,,,,,,,,,1,010,010,01,1,0.0,10,1,10,3.65566037735849,4,"Jabal Sayid, ?a'il, Saudi Arabia",SA,SA13,27.0123,41.4812,193476,0,,,,,,,4,"Jabal Sayid, ?a'il, Saudi Arabia",SA,SA13,27.0123,41.4812,193476,20180825,https://www.wkrb13.com/2018/08/25/gam-holding-ag-has-9-86-million-position-in-barrick-gold-corp-abx.html
781954000,20180825,201808,2018,2018.6438,EDU,SCHOOL,,,,,,EDU,,,GOV,CHIEF MINISTER,,,,,,GOV,,,1,071,071,07,2,7.4,4,1,4,0.89628681177977,5,"Kerala, Kerala, India",IN,IN13,10,76.5,-2100307,5,"Kerala, Kerala, India",IN,IN13,10,76.5,-2100307,4,"Delhi, Delhi, India",IN,IN07,28.6667,77.2167,-2094230,20180825,https://www.khaleejtimes.com/nation/dubai/kerala-floods-dubai-based-12-year-old-indian-girl-donates-gold-birthday-cake-to-relief-fund
781954001,20180825,201808,2018,2018.6438,EDU,SCHOOL,,,,,,EDU,,,GOV,CHIEF MINISTER,,,,,,GOV,,,1,071,071,07,2,7.4,4,1,4,0.89628681177977,5,"Kerala, Kerala, India",IN,IN13,10,76.5,-2100307,5,"Kerala, Kerala, India",IN,IN13,10,76.5,-2100307,5,"Kerala, Kerala, India",IN,IN13,10,76.5,-2100307,20180825,https://www.khaleejtimes.com/nation/dubai/kerala-floods-dubai-based-12-year-old-indian-girl-donates-gold-birthday-cake-to-relief-fund
781954002,20180825,201808,2018,2018.6438,EDU,SCHOOL,,,,,,EDU,,,IND,KERALA,IND,,,,,,,,1,071,071,07,2,7.4,4,1,4,0.89628681177977,5,"Kerala, Kerala, India",IN,IN13,10,76.5,-2100307,5,"Kerala, Kerala, India",IN,IN13,10,76.5,-2100307,5,"Kerala, Kerala, India",IN,IN13,10,76.5,-2100307,20180825,https://www.khaleejtimes.com/nation/dubai/kerala-floods-dubai-based-12-year-old-indian-girl-donates-gold-birthday-cake-to-relief-fund
781954003,20180825,201808,2018,2018.6438,EDU,SCHOOL,,,,,,EDU,,,INDGOV,KERALA,IND,,,,,GOV,,,1,071,071,07,2,7.4,2,1,2,0.89628681177977,5,"Kerala, Kerala, India",IN,IN13,10,76.5,-2100307,5,"Kerala, Kerala, India",IN,IN13,10,76.5,-2100307,5,"Kerala, Kerala, India",IN,IN13,10,76.5,-2100307,20180825,https://www.khaleejtimes.com/nation/dubai/kerala-floods-dubai-based-12-year-old-indian-girl-donates-gold-birthday-cake-to-relief-fund
781954231,20180825,201808,2018,2018.6438,IND,KERALA,IND,,,,,,,,ARE,DUBAI,ARE,,,,,,,,1,071,071,07,2,7.4,4,1,4,0.89628681177977,5,"Kerala, Kerala, India",IN,IN13,10,76.5,-2100307,5,"Kerala, Kerala, India",IN,IN13,10,76.5,-2100307,5,"Kerala, Kerala, India",IN,IN13,10,76.5,-2100307,20180825,https://www.khaleejtimes.com/nation/dubai/kerala-floods-dubai-based-12-year-old-indian-girl-donates-gold-birthday-cake-to-relief-fund
781954232,20180825,201808,2018,2018.6438,IND,KERALA,IND,,,,,,,,ARE,UNITED ARAB EMIRATES,ARE,,,,,,,,1,071,071,07,2,7.4,2,1,2,0.89628681177977,5,"Kerala, Kerala, India",IN,IN13,10,76.5,-2100307,4,"Abu Dhabi, Abu Z¸aby, United Arab Emirates",AE,AE01,24.4667,54.3667,-782066,4,"Abu Dhabi, Abu Z¸aby, United Arab Emirates",AE,AE01,24.4667,54.3667,-782066,20180825,https://www.khaleejtimes.com/nation/dubai/kerala-floods-dubai-based-12-year-old-indian-girl-donates-gold-birthday-cake-to-relief-fund
781955808,20180825,201808,2018,2018.6438,CAN,CANADA,CAN,,,,,,,,,,,,,,,,,,1,071,071,07,2,7.4,10,1,10,1.33928571428572,4,"Sadiola, Kayes, Mali",ML,ML03,13.8912,-11.6927,-1073351,0,,,,,,,4,"Sadiola, Kayes, Mali",ML,ML03,13.8912,-11.6927,-1073351,20180825,https://www.wkrb13.com/2018/08/25/edgestream-partners-l-p-raises-position-in-iamgold-corp-iag.html
781955954,20180825,201808,2018,2018.6438,DEU,BERLIN,DEU,,,,,,,,,,,,,,,,,,1,084,084,08,2,7.0,10,1,10,1.85185185185185,1,Italy,IT,IT,42.833333,12.833333,IT,0,,,,,,,1,Italy,IT,IT,42.833333,12.833333,IT,20180825,https://www.highsnobiety.com/p/j-dilla-the-shining-gold-vinyl-buy-online/
781955971,20180825,201808,2018,2018.6438,EDU,STUDENT,,,,,,EDU,,,,,,,,,,,,,0,051,051,05,1,3.4,12,1,12,4.8062015503876,3,"Worthington High School, Minnesota, United States",US,USMN,43.6283,-95.597,2048923,0,,,,,,,3,"Worthington High School, Minnesota, United States",US,USMN,43.6283,-95.597,2048923,20180825,http://www.dglobe.com/news/education/4490152-golden-ticket-minnesota-west-student-redeems-free-tuition-credit-18-years
781955972,20180825,201808,2018,2018.6438,EDU,STUDENT,,,,,,EDU,,,,,,,,,,,,,0,060,060,06,2,6.0,20,1,20,4.8062015503876,3,"Worthington High School, Minnesota, United States",US,USMN,43.6283,-95.597,2048923,0,,,,,,,3,"Worthington High School, Minnesota, United States",US,USMN,43.6283,-95.597,2048923,20180825,http://www.dglobe.com/news/education/4490152-golden-ticket-minnesota-west-student-redeems-free-tuition-credit-18-years
781957691,20180825,201808,2018,2018.6438,AFG,AFGHANISTAN,AFG,,,,,,,,,,,,,,,,,,1,010,010,01,1,0.0,12,3,12,-3.32499615798371,4,"Kabul, Kabol, Afghanistan",AF,AF13,34.5167,69.1833,-3378435,0,,,,,,,4,"Kabul, Kabol, Afghanistan",AF,AF13,34.5167,69.1833,-3378435,20180825,https://www.pajhwok.com/en/2018/08/25/gold-price-other-items-stable-kabul
781957896,20180825,201808,2018,2018.6438,CVL,COMMUNITY,,,,,,CVL,,,USA,WISCONSIN,USA,,,,,,,,1,036,036,03,1,4.0,10,1,10,5.52147239263804,2,"Wisconsin, United States",US,USWI,44.2563,-89.6385,WI,2,"Wisconsin, United States",US,USWI,44.2563,-89.6385,WI,2,"Wisconsin, United States",US,USWI,44.2563,-89.6385,WI,20180825,https://whmi.com/news/article/women-gold-blue-families
781958672,20180825,201808,2018,2018.6438,USA,WISCONSIN,USA,,,,,,,,CVL,COMMUNITY,,,,,,CVL,,,1,036,036,03,1,4.0,10,1,10,5.52147239263804,2,"Wisconsin, United States",US,USWI,44.2563,-89.6385,WI,2,"Wisconsin, United States",US,USWI,44.2563,-89.6385,WI,2,"Wisconsin, United States",US,USWI,44.2563,-89.6385,WI,20180825,https://whmi.com/news/article/women-gold-blue-families
781959725,20180825,201808,2018,2018.6438,,,,,,,,,,,FJI,FIJI,FJI,,,,,,,,1,043,043,04,1,2.8,10,1,10,4.9079754601227,0,,,,,,,1,Fiji,FJ,FJ,-18,178,FJ,1,Fiji,FJ,FJ,-18,178,FJ,20180825,http://www.fijitimes.com/raiwaqa-parish-celebrates-golden-jubilee/
781960053,20180825,201808,2018,2018.6438,FJI,FIJI,FJI,,,,,,,,,,,,,,,,,,1,042,042,04,1,1.9,10,1,10,4.9079754601227,1,Fiji,FJ,FJ,-18,178,FJ,0,,,,,,,1,Fiji,FJ,FJ,-18,178,FJ,20180825,http://www.fijitimes.com/raiwaqa-parish-celebrates-golden-jubilee/
781967713,20180825,201808,2018,2018.6438,,,,,,,,,,,CRM,RUNNER,,,,,,CRM,,,1,036,036,03,1,4.0,10,1,10,3.35570469798658,0,,,,,,,4,"Helston, Cornwall, United Kingdom",UK,UKC6,50.0997,-5.27222,-2598479,4,"Helston, Cornwall, United Kingdom",UK,UKC6,50.0997,-5.27222,-2598479,20180825,http://www.falmouthpacket.co.uk/news/16599131.olympic-gold-medallist-helen-glover-joins-helston-park-run/
781967869,20180825,201808,2018,2018.6438,BUS,COMPANY,,,,,,BUS,,,GBR,BRITON,GBR,,,,,,,,1,010,010,01,1,0.0,24,6,24,-5.1982716405629,4,"Hurghada, Al Ba?r al A?mar, Egypt",EG,EG02,27.2529,33.8181,-290029,4,"Hurghada, Al Ba?r al A?mar, Egypt",EG,EG02,27.2529,33.8181,-290029,4,"Hurghada, Al Ba?r al A?mar, Egypt",EG,EG02,27.2529,33.8181,-290029,20180825,https://www.goldcoastbulletin.com.au/tourists-evacuated-from-egyptian-hotel-after-british-couple-found-dead/news-story/8b357d5be6e1baa08617fe4908eaa82d?nk=13dd661db974fb1110f6e6eadaeb8614-1535209358
781967929,20180825,201808,2018,2018.6438,CRM,RUNNER,,,,,,CRM,,,,,,,,,,,,,1,036,036,03,1,4.0,10,1,10,3.35570469798658,4,"Helston, Cornwall, United Kingdom",UK,UKC6,50.0997,-5.27222,-2598479,0,,,,,,,4,"Helston, Cornwall, United Kingdom",UK,UKC6,50.0997,-5.27222,-2598479,20180825,http://www.falmouthpacket.co.uk/news/16599131.olympic-gold-medallist-helen-glover-joins-helston-park-run/
781967975,20180825,201808,2018,2018.6438,EDU,UNIVERSITY,,,,,,EDU,,,EGYJUD,EGYPT,EGY,,,,,JUD,,,1,090,090,09,2,-2.0,6,6,6,-5.1982716405629,1,United Kingdom,UK,UK,54,-4,UK,4,"Hurghada, Al Ba?r al A?mar, Egypt",EG,EG02,27.2529,33.8181,-290029,1,United Kingdom,UK,UK,54,-4,UK,20180825,https://www.goldcoastbulletin.com.au/tourists-evacuated-from-egyptian-hotel-after-british-couple-found-dead/news-story/8b357d5be6e1baa08617fe4908eaa82d?nk=13dd661db974fb1110f6e6eadaeb8614-1535209358
781971489,20180825,201808,2018,2018.6438,,,,,,,,,,,NLD,NETHERLANDS,NLD,,,,,,,,1,043,043,04,1,2.8,8,1,2,1.1605415860735,0,,,,,,,4,"Tweed Heads, New South Wales, Australia",AS,AS02,-28.1756,153.542,-1606085,1,Ghana,GH,GH,8,-2,GH,20180825,https://www.goldcoastbulletin.com.au/lifestyle/dutch-travel-bloggers-great-australian-road-trip-to-gold-coast-to-reunite-with-lost-gopro/news-story/4fa6fdd11492d7e3ae7fa7984f8d6c99?nk=bac8760c30343bec27961d171efa910d-1535211155
781971578,20180825,201808,2018,2018.6438,AUS,AUSTRALIA,AUS,,,,,,,,NLD,NETHERLANDS,NLD,,,,,,,,1,040,040,04,1,1.0,2,1,2,1.1605415860735,4,"Tweed Heads, New South Wales, Australia",AS,AS02,-28.1756,153.542,-1606085,1,Netherlands,NL,NL,52.5,5.75,NL,4,"Broadbeach, Queensland, Australia",AS,AS04,-28.0167,153.433,-1561762,20180825,https://www.goldcoastbulletin.com.au/lifestyle/dutch-travel-bloggers-great-australian-road-trip-to-gold-coast-to-reunite-with-lost-gopro/news-story/4fa6fdd11492d7e3ae7fa7984f8d6c99?nk=bac8760c30343bec27961d171efa910d-1535211155
781971579,20180825,201808,2018,2018.6438,AUS,AUSTRALIA,AUS,,,,,,,,NLD,NETHERLANDS,NLD,,,,,,,,0,040,040,04,1,1.0,4,1,2,1.1605415860735,4,"Tweed Heads, New South Wales, Australia",AS,AS02,-28.1756,153.542,-1606085,1,Netherlands,NL,NL,52.5,5.75,NL,4,"Tweed Heads, New South Wales, Australia",AS,AS02,-28.1756,153.542,-1606085,20180825,https://www.goldcoastbulletin.com.au/lifestyle/dutch-travel-bloggers-great-australian-road-trip-to-gold-coast-to-reunite-with-lost-gopro/news-story/4fa6fdd11492d7e3ae7fa7984f8d6c99?nk=bac8760c30343bec27961d171efa910d-1535211155
781971580,20180825,201808,2018,2018.6438,AUS,AUSTRALIA,AUS,,,,,,,,NLD,NETHERLANDS,NLD,,,,,,,,1,040,040,04,1,1.0,2,1,2,1.1605415860735,4,"Tweed Heads, New South Wales, Australia",AS,AS02,-28.1756,153.542,-1606085,1,Netherlands,NL,NL,52.5,5.75,NL,1,Netherlands,NL,NL,52.5,5.75,NL,20180825,https://www.goldcoastbulletin.com.au/lifestyle/dutch-travel-bloggers-great-australian-road-trip-to-gold-coast-to-reunite-with-lost-gopro/news-story/4fa6fdd11492d7e3ae7fa7984f8d6c99?nk=bac8760c30343bec27961d171efa910d-1535211155
781971581,20180825,201808,2018,2018.6438,AUS,AUSTRALIA,AUS,,,,,,,,NLD,NETHERLANDS,NLD,,,,,,,,1,042,042,04,1,1.9,2,1,2,1.1605415860735,4,"Tweed Heads, New South Wales, Australia",AS,AS02,-28.1756,153.542,-1606085,1,Netherlands,NL,NL,52.5,5.75,NL,4,"Broadbeach, Queensland, Australia",AS,AS04,-28.0167,153.433,-1561762,20180825,https://www.goldcoastbulletin.com.au/lifestyle/dutch-travel-bloggers-great-australian-road-trip-to-gold-coast-to-reunite-with-lost-gopro/news-story/4fa6fdd11492d7e3ae7fa7984f8d6c99?nk=bac8760c30343bec27961d171efa910d-1535211155
781971582,20180825,201808,2018,2018.6438,AUS,AUSTRALIA,AUS,,,,,,,,NLD,NETHERLANDS,NLD,,,,,,,,0,042,042,04,1,1.9,4,1,2,1.1605415860735,4,"Tweed Heads, New South Wales, Australia",AS,AS02,-28.1756,153.542,-1606085,1,Netherlands,NL,NL,52.5,5.75,NL,4,"Tweed Heads, New South Wales, Australia",AS,AS02,-28.1756,153.542,-1606085,20180825,https://www.goldcoastbulletin.com.au/lifestyle/dutch-travel-bloggers-great-australian-road-trip-to-gold-coast-to-reunite-with-lost-gopro/news-story/4fa6fdd11492d7e3ae7fa7984f8d6c99?nk=bac8760c30343bec27961d171efa910d-1535211155
781971583,20180825,201808,2018,2018.6438,AUS,AUSTRALIA,AUS,,,,,,,,NLD,NETHERLANDS,NLD,,,,,,,,1,042,042,04,1,1.9,2,1,2,1.1605415860735,4,"Tweed Heads, New South Wales, Australia",AS,AS02,-28.1756,153.542,-1606085,1,Netherlands,NL,NL,52.5,5.75,NL,1,"Vietnam, Republic Of",VM,VM,16.166667,107.833333,VM,20180825,https://www.goldcoastbulletin.com.au/lifestyle/dutch-travel-bloggers-great-australian-road-trip-to-gold-coast-to-reunite-with-lost-gopro/news-story/4fa6fdd11492d7e3ae7fa7984f8d6c99?nk=bac8760c30343bec27961d171efa910d-1535211155
781971584,20180825,201808,2018,2018.6438,AUS,AUSTRALIA,AUS,,,,,,,,NLD,NETHERLANDS,NLD,,,,,,,,1,043,043,04,1,2.8,2,1,2,1.1605415860735,4,"Tweed Heads, New South Wales, Australia",AS,AS02,-28.1756,153.542,-1606085,1,Netherlands,NL,NL,52.5,5.75,NL,4,"Broadbeach, Queensland, Australia",AS,AS04,-28.0167,153.433,-1561762,20180825,https://www.goldcoastbulletin.com.au/lifestyle/dutch-travel-bloggers-great-australian-road-trip-to-gold-coast-to-reunite-with-lost-gopro/news-story/4fa6fdd11492d7e3ae7fa7984f8d6c99?nk=bac8760c30343bec27961d171efa910d-1535211155
781971585,20180825,201808,2018,2018.6438,AUS,AUSTRALIA,AUS,,,,,,,,NLD,NETHERLANDS,NLD,,,,,,,,0,043,043,04,1,2.8,4,1,2,1.1605415860735,4,"Tweed Heads, New South Wales, Australia",AS,AS02,-28.1756,153.542,-1606085,1,Netherlands,NL,NL,52.5,5.75,NL,4,"Tweed Heads, New South Wales, Australia",AS,AS02,-28.1756,153.542,-1606085,20180825,https://www.goldcoastbulletin.com.au/lifestyle/dutch-travel-bloggers-great-australian-road-trip-to-gold-coast-to-reunite-with-lost-gopro/news-story/4fa6fdd11492d7e3ae7fa7984f8d6c99?nk=bac8760c30343bec27961d171efa910d-1535211155
781971586,20180825,201808,2018,2018.6438,AUS,AUSTRALIA,AUS,,,,,,,,NLD,NETHERLANDS,NLD,,,,,,,,1,043,043,04,1,2.8,2,1,2,1.1605415860735,4,"Tweed Heads, New South Wales, Australia",AS,AS02,-28.1756,153.542,-1606085,1,Netherlands,NL,NL,52.5,5.75,NL,1,"Vietnam, Republic Of",VM,VM,16.166667,107.833333,VM,20180825,https://www.goldcoastbulletin.com.au/lifestyle/dutch-travel-bloggers-great-australian-road-trip-to-gold-coast-to-reunite-with-lost-gopro/news-story/4fa6fdd11492d7e3ae7fa7984f8d6c99?nk=bac8760c30343bec27961d171efa910d-1535211155
781971740,20180825,201808,2018,2018.6438,CVL,TOURIST,,,,,,CVL,,,,,,,,,,,,,1,0874,087,08,2,10.0,5,1,5,0.66518847006652,1,Ghana,GH,GH,8,-2,GH,0,,,,,,,1,Ghana,GH,GH,8,-2,GH,20180825,https://www.goldcoastbulletin.com.au/news/national/good-samaritan-dies-trying-to-save-family-from-drowning-at-notorious-beach/news-story/fdba66dd7ebac255b1463e73b6303a50?nk=8682092de40f38e5b5648fa995716736-1535211171
781971919,20180825,201808,2018,2018.6438,GHA,GHANA,GHA,,,,,,,,,,,,,,,,,,1,017,017,01,1,0.0,4,1,4,0.66518847006652,1,Ghana,GH,GH,8,-2,GH,0,,,,,,,1,Ghana,GH,GH,8,-2,GH,20180825,https://www.goldcoastbulletin.com.au/news/national/good-samaritan-dies-trying-to-save-family-from-drowning-at-notorious-beach/news-story/fdba66dd7ebac255b1463e73b6303a50?nk=8682092de40f38e5b5648fa995716736-1535211171
781971921,20180825,201808,2018,2018.6438,GHA,GHANA,GHA,,,,,,,,,,,,,,,,,,0,073,073,07,2,7.4,4,1,4,0.66518847006652,1,Ghana,GH,GH,8,-2,GH,0,,,,,,,1,Ghana,GH,GH,8,-2,GH,20180825,https://www.goldcoastbulletin.com.au/news/national/good-samaritan-dies-trying-to-save-family-from-drowning-at-notorious-beach/news-story/fdba66dd7ebac255b1463e73b6303a50?nk=8682092de40f38e5b5648fa995716736-1535211171
781971926,20180825,201808,2018,2018.6438,GHA,GHANA,GHA,,,,,,,,NLD,DUTCH,NLD,,,,,,,,1,043,043,04,1,2.8,6,1,6,1.1605415860735,1,Ghana,GH,GH,8,-2,GH,1,Netherlands,NL,NL,52.5,5.75,NL,1,Netherlands,NL,NL,52.5,5.75,NL,20180825,https://www.goldcoastbulletin.com.au/lifestyle/dutch-travel-bloggers-great-australian-road-trip-to-gold-coast-to-reunite-with-lost-gopro/news-story/4fa6fdd11492d7e3ae7fa7984f8d6c99?nk=bac8760c30343bec27961d171efa910d-1535211155
781972292,20180825,201808,2018,2018.6438,NLD,NETHERLANDS,NLD,,,,,,,,,,,,,,,,,,1,042,042,04,1,1.9,8,1,2,1.1605415860735,4,"Tweed Heads, New South Wales, Australia",AS,AS02,-28.1756,153.542,-1606085,0,,,,,,,1,Ghana,GH,GH,8,-2,GH,20180825,https://www.goldcoastbulletin.com.au/lifestyle/dutch-travel-bloggers-great-australian-road-trip-to-gold-coast-to-reunite-with-lost-gopro/news-story/4fa6fdd11492d7e3ae7fa7984f8d6c99?nk=bac8760c30343bec27961d171efa910d-1535211155
781972293,20180825,201808,2018,2018.6438,NLD,NETHERLANDS,NLD,,,,,,,,AUS,AUSTRALIA,AUS,,,,,,,,1,040,040,04,1,1.0,2,1,2,1.1605415860735,1,Netherlands,NL,NL,52.5,5.75,NL,4,"Tweed Heads, New South Wales, Australia",AS,AS02,-28.1756,153.542,-1606085,4,"Broadbeach, Queensland, Australia",AS,AS04,-28.0167,153.433,-1561762,20180825,https://www.goldcoastbulletin.com.au/lifestyle/dutch-travel-bloggers-great-australian-road-trip-to-gold-coast-to-reunite-with-lost-gopro/news-story/4fa6fdd11492d7e3ae7fa7984f8d6c99?nk=bac8760c30343bec27961d171efa910d-1535211155
781972294,20180825,201808,2018,2018.6438,NLD,NETHERLANDS,NLD,,,,,,,,AUS,AUSTRALIA,AUS,,,,,,,,0,040,040,04,1,1.0,4,1,2,1.1605415860735,1,Netherlands,NL,NL,52.5,5.75,NL,4,"Tweed Heads, New South Wales, Australia",AS,AS02,-28.1756,153.542,-1606085,4,"Tweed Heads, New South Wales, Australia",AS,AS02,-28.1756,153.542,-1606085,20180825,https://www.goldcoastbulletin.com.au/lifestyle/dutch-travel-bloggers-great-australian-road-trip-to-gold-coast-to-reunite-with-lost-gopro/news-story/4fa6fdd11492d7e3ae7fa7984f8d6c99?nk=bac8760c30343bec27961d171efa910d-1535211155
781972295,20180825,201808,2018,2018.6438,NLD,NETHERLANDS,NLD,,,,,,,,AUS,AUSTRALIA,AUS,,,,,,,,1,040,040,04,1,1.0,2,1,2,1.1605415860735,1,Netherlands,NL,NL,52.5,5.75,NL,4,"Tweed Heads, New South Wales, Australia",AS,AS02,-28.1756,153.542,-1606085,1,Netherlands,NL,NL,52.5,5.75,NL,20180825,https://www.goldcoastbulletin.com.au/lifestyle/dutch-travel-bloggers-great-australian-road-trip-to-gold-coast-to-reunite-with-lost-gopro/news-story/4fa6fdd11492d7e3ae7fa7984f8d6c99?nk=bac8760c30343bec27961d171efa910d-1535211155
781972296,20180825,201808,2018,2018.6438,NLD,NETHERLANDS,NLD,,,,,,,,AUS,AUSTRALIA,AUS,,,,,,,,1,042,042,04,1,1.9,2,1,2,1.1605415860735,1,Netherlands,NL,NL,52.5,5.75,NL,4,"Tweed Heads, New South Wales, Australia",AS,AS02,-28.1756,153.542,-1606085,4,"Broadbeach, Queensland, Australia",AS,AS04,-28.0167,153.433,-1561762,20180825,https://www.goldcoastbulletin.com.au/lifestyle/dutch-travel-bloggers-great-australian-road-trip-to-gold-coast-to-reunite-with-lost-gopro/news-story/4fa6fdd11492d7e3ae7fa7984f8d6c99?nk=bac8760c30343bec27961d171efa910d-1535211155
781972297,20180825,201808,2018,2018.6438,NLD,NETHERLANDS,NLD,,,,,,,,AUS,AUSTRALIA,AUS,,,,,,,,1,042,042,04,1,1.9,5,1,2,1.1605415860735,1,Netherlands,NL,NL,52.5,5.75,NL,4,"Tweed Heads, New South Wales, Australia",AS,AS02,-28.1756,153.542,-1606085,4,"Tweed Heads, New South Wales, Australia",AS,AS02,-28.1756,153.542,-1606085,20180825,https://www.goldcoastbulletin.com.au/lifestyle/dutch-travel-bloggers-great-australian-road-trip-to-gold-coast-to-reunite-with-lost-gopro/news-story/4fa6fdd11492d7e3ae7fa7984f8d6c99?nk=bac8760c30343bec27961d171efa910d-1535211155
781972298,20180825,201808,2018,2018.6438,NLD,NETHERLANDS,NLD,,,,,,,,AUS,AUSTRALIA,AUS,,,,,,,,1,042,042,04,1,1.9,1,1,1,1.1605415860735,1,Netherlands,NL,NL,52.5,5.75,NL,4,"Tweed Heads, New South Wales, Australia",AS,AS02,-28.1756,153.542,-1606085,1,"Vietnam, Republic Of",VM,VM,16.166667,107.833333,VM,20180825,https://www.goldcoastbulletin.com.au/lifestyle/dutch-travel-bloggers-great-australian-road-trip-to-gold-coast-to-reunite-with-lost-gopro/news-story/4fa6fdd11492d7e3ae7fa7984f8d6c99?nk=bac8760c30343bec27961d171efa910d-1535211155
781972299,20180825,201808,2018,2018.6438,NLD,NETHERLANDS,NLD,,,,,,,,AUS,AUSTRALIA,AUS,,,,,,,,1,043,043,04,1,2.8,2,1,2,1.1605415860735,1,Netherlands,NL,NL,52.5,5.75,NL,4,"Tweed Heads, New South Wales, Australia",AS,AS02,-28.1756,153.542,-1606085,4,"Broadbeach, Queensland, Australia",AS,AS04,-28.0167,153.433,-1561762,20180825,https://www.goldcoastbulletin.com.au/lifestyle/dutch-travel-bloggers-great-australian-road-trip-to-gold-coast-to-reunite-with-lost-gopro/news-story/4fa6fdd11492d7e3ae7fa7984f8d6c99?nk=bac8760c30343bec27961d171efa910d-1535211155
781972300,20180825,201808,2018,2018.6438,NLD,NETHERLANDS,NLD,,,,,,,,AUS,AUSTRALIA,AUS,,,,,,,,0,043,043,04,1,2.8,4,1,2,1.1605415860735,1,Netherlands,NL,NL,52.5,5.75,NL,4,"Tweed Heads, New South Wales, Australia",AS,AS02,-28.1756,153.542,-1606085,4,"Tweed Heads, New South Wales, Australia",AS,AS02,-28.1756,153.542,-1606085,20180825,https://www.goldcoastbulletin.com.au/lifestyle/dutch-travel-bloggers-great-australian-road-trip-to-gold-coast-to-reunite-with-lost-gopro/news-story/4fa6fdd11492d7e3ae7fa7984f8d6c99?nk=bac8760c30343bec27961d171efa910d-1535211155
781972301,20180825,201808,2018,2018.6438,NLD,NETHERLANDS,NLD,,,,,,,,AUS,AUSTRALIA,AUS,,,,,,,,1,043,043,04,1,2.8,2,1,2,1.1605415860735,1,Netherlands,NL,NL,52.5,5.75,NL,4,"Tweed Heads, New South Wales, Australia",AS,AS02,-28.1756,153.542,-1606085,1,"Vietnam, Republic Of",VM,VM,16.166667,107.833333,VM,20180825,https://www.goldcoastbulletin.com.au/lifestyle/dutch-travel-bloggers-great-australian-road-trip-to-gold-coast-to-reunite-with-lost-gopro/news-story/4fa6fdd11492d7e3ae7fa7984f8d6c99?nk=bac8760c30343bec27961d171efa910d-1535211155
781972302,20180825,201808,2018,2018.6438,NLD,NETHERLANDS,NLD,,,,,,,,GHA,GHANA,GHA,,,,,,,,1,042,042,04,1,1.9,4,1,4,1.1605415860735,1,Ghana,GH,GH,8,-2,GH,1,Ghana,GH,GH,8,-2,GH,1,Ghana,GH,GH,8,-2,GH,20180825,https://www.goldcoastbulletin.com.au/lifestyle/dutch-travel-bloggers-great-australian-road-trip-to-gold-coast-to-reunite-with-lost-gopro/news-story/4fa6fdd11492d7e3ae7fa7984f8d6c99?nk=bac8760c30343bec27961d171efa910d-1535211155
781972303,20180825,201808,2018,2018.6438,NLD,DUTCH,NLD,,,,,,,,GHA,GHANA,GHA,,,,,,,,1,042,042,04,1,1.9,1,1,1,1.1605415860735,1,Netherlands,NL,NL,52.5,5.75,NL,4,"Tweed Heads, New South Wales, Australia",AS,AS02,-28.1756,153.542,-1606085,4,"Tweed Heads, New South Wales, Australia",AS,AS02,-28.1756,153.542,-1606085,20180825,https://www.goldcoastbulletin.com.au/lifestyle/dutch-travel-bloggers-great-australian-road-trip-to-gold-coast-to-reunite-with-lost-gopro/news-story/4fa6fdd11492d7e3ae7fa7984f8d6c99?nk=bac8760c30343bec27961d171efa910d-1535211155
781972304,20180825,201808,2018,2018.6438,NLD,DUTCH,NLD,,,,,,,,GHA,GHANA,GHA,,,,,,,,1,042,042,04,1,1.9,1,1,1,1.1605415860735,1,Netherlands,NL,NL,52.5,5.75,NL,1,Ghana,GH,GH,8,-2,GH,4,"Tweed Heads, New South Wales, Australia",AS,AS02,-28.1756,153.542,-1606085,20180825,https://www.goldcoastbulletin.com.au/lifestyle/dutch-travel-bloggers-great-australian-road-trip-to-gold-coast-to-reunite-with-lost-gopro/news-story/4fa6fdd11492d7e3ae7fa7984f8d6c99?nk=bac8760c30343bec27961d171efa910d-1535211155
781975464,20180825,201808,2018,2018.6438,AUS,AUSTRALIA,AUS,,,,,,,,,,,,,,,,,,1,015,015,01,1,0.0,2,1,2,-7.76053215077605,4,"Tweed Heads, New South Wales, Australia",AS,AS02,-28.1756,153.542,-1606085,0,,,,,,,4,"Arundel, Victoria, Australia",AS,AS07,-38.3667,142.817,-1582628,20180825,https://www.goldcoastbulletin.com.au/news/crime-court/convicted-rapist-could-walk-from-jail-despite-admitting-attempting-to-kidnap-a-gold-coast-woman/news-story/7d40e318475a416a964b69c18d94159f?nk=7595d9b6c890c158ae8f3f19d44b4c0c-1535212943
781975465,20180825,201808,2018,2018.6438,AUS,AUSTRALIA,AUS,,,,,,,,,,,,,,,,,,1,015,015,01,1,0.0,2,1,2,-7.76053215077605,4,"Tweed Heads, New South Wales, Australia",AS,AS02,-28.1756,153.542,-1606085,0,,,,,,,4,"Tweed Heads, New South Wales, Australia",AS,AS02,-28.1756,153.542,-1606085,20180825,https://www.goldcoastbulletin.com.au/news/crime-court/convicted-rapist-could-walk-from-jail-despite-admitting-attempting-to-kidnap-a-gold-coast-woman/news-story/7d40e318475a416a964b69c18d94159f?nk=7595d9b6c890c158ae8f3f19d44b4c0c-1535212943
781975473,20180825,201808,2018,2018.6438,AUS,AUSTRALIA,AUS,,,,,,,,,,,,,,,,,,1,172,172,17,4,-5.0,4,1,4,-7.76053215077605,4,"Arundel, Victoria, Australia",AS,AS07,-38.3667,142.817,-1582628,0,,,,,,,4,"Arundel, Victoria, Australia",AS,AS07,-38.3667,142.817,-1582628,20180825,https://www.goldcoastbulletin.com.au/news/crime-court/convicted-rapist-could-walk-from-jail-despite-admitting-attempting-to-kidnap-a-gold-coast-woman/news-story/7d40e318475a416a964b69c18d94159f?nk=7595d9b6c890c158ae8f3f19d44b4c0c-1535212943
781975474,20180825,201808,2018,2018.6438,AUS,AUSTRALIA,AUS,,,,,,,,,,,,,,,,,,1,180,180,18,4,-9.0,4,1,4,-7.76053215077605,4,"Tweed Heads, New South Wales, Australia",AS,AS02,-28.1756,153.542,-1606085,0,,,,,,,4,"Tweed Heads, New South Wales, Australia",AS,AS02,-28.1756,153.542,-1606085,20180825,https://www.goldcoastbulletin.com.au/news/crime-court/convicted-rapist-could-walk-from-jail-despite-admitting-attempting-to-kidnap-a-gold-coast-woman/news-story/7d40e318475a416a964b69c18d94159f?nk=7595d9b6c890c158ae8f3f19d44b4c0c-1535212943
781975475,20180825,201808,2018,2018.6438,AUS,AUSTRALIA,AUS,,,,,,,,CVL,COMMUNITY,,,,,,CVL,,,0,084,084,08,2,7.0,4,1,4,-7.76053215077605,4,"Arundel, Victoria, Australia",AS,AS07,-38.3667,142.817,-1582628,4,"Arundel, Victoria, Australia",AS,AS07,-38.3667,142.817,-1582628,4,"Arundel, Victoria, Australia",AS,AS07,-38.3667,142.817,-1582628,20180825,https://www.goldcoastbulletin.com.au/news/crime-court/convicted-rapist-could-walk-from-jail-despite-admitting-attempting-to-kidnap-a-gold-coast-woman/news-story/7d40e318475a416a964b69c18d94159f?nk=7595d9b6c890c158ae8f3f19d44b4c0c-1535212943
781975476,20180825,201808,2018,2018.6438,AUS,QUEENSLAND,AUS,,,,,,,,CVL,COMMUNITY,,,,,,CVL,,,0,084,084,08,2,7.0,6,1,6,-7.76053215077605,1,Ghana,GH,GH,8,-2,GH,1,Ghana,GH,GH,8,-2,GH,1,Ghana,GH,GH,8,-2,GH,20180825,https://www.goldcoastbulletin.com.au/news/crime-court/convicted-rapist-could-walk-from-jail-despite-admitting-attempting-to-kidnap-a-gold-coast-woman/news-story/7d40e318475a416a964b69c18d94159f?nk=7595d9b6c890c158ae8f3f19d44b4c0c-1535212943
781975520,20180825,201808,2018,2018.6438,BUS,COMPANY,,,,,,BUS,,,GUY,GUYANA,GUY,,,,,,,,1,042,042,04,1,1.9,5,1,5,1.65289256198347,1,Guyana,GY,GY,5,-59,GY,1,Guyana,GY,GY,5,-59,GY,1,Guyana,GY,GY,5,-59,GY,20180825,https://xnewspress.com/2018/08/25/insider-buying-guyana-goldfields-inc-guy-insider-acquires-c50310-00-in-stock.html
781975556,20180825,201808,2018,2018.6438,CAN,CANADA,CAN,,,,,,,,HLH,HOSPITAL,,,,,,HLH,,,1,036,036,03,1,4.0,4,1,4,-8.26923076923077,4,"Lewis River, Nunavut, Canada",CA,CA14,81.4167,-73.5833,-567931,4,"Lewis River, Nunavut, Canada",CA,CA14,81.4167,-73.5833,-567931,4,"Lewis River, Nunavut, Canada",CA,CA14,81.4167,-73.5833,-567931,20180825,https://www.goldcoastbulletin.com.au/lifestyle/woman-charged-in-washington-after-bridge-push-caught-on-camera/news-story/6453a0a3f493136e4c845c31af6f2552?nk=4fd2dadb8240345e82b37547f721fbff-1535212956
781975557,20180825,201808,2018,2018.6438,CAN,CANADA,CAN,,,,,,,,HLH,HOSPITAL,,,,,,HLH,,,1,042,042,04,1,1.9,4,1,4,-8.26923076923077,4,"Lewis River, Nunavut, Canada",CA,CA14,81.4167,-73.5833,-567931,4,"Lewis River, Nunavut, Canada",CA,CA14,81.4167,-73.5833,-567931,4,"Lewis River, Nunavut, Canada",CA,CA14,81.4167,-73.5833,-567931,20180825,https://www.goldcoastbulletin.com.au/lifestyle/woman-charged-in-washington-after-bridge-push-caught-on-camera/news-story/6453a0a3f493136e4c845c31af6f2552?nk=4fd2dadb8240345e82b37547f721fbff-1535212956
781975781,20180825,201808,2018,2018.6438,GHAJUD,GHANA,GHA,,,,,JUD,,,AUS,AUSTRALIA,AUS,,,,,,,,0,084,084,08,2,7.0,2,1,2,-7.76053215077605,1,Ghana,GH,GH,8,-2,GH,4,"Arundel, Victoria, Australia",AS,AS07,-38.3667,142.817,-1582628,4,"Arundel, Victoria, Australia",AS,AS07,-38.3667,142.817,-1582628,20180825,https://www.goldcoastbulletin.com.au/news/crime-court/convicted-rapist-could-walk-from-jail-despite-admitting-attempting-to-kidnap-a-gold-coast-woman/news-story/7d40e318475a416a964b69c18d94159f?nk=7595d9b6c890c158ae8f3f19d44b4c0c-1535212943
781975782,20180825,201808,2018,2018.6438,GHAJUD,GHANA,GHA,,,,,JUD,,,AUS,AUSTRALIA,AUS,,,,,,,,0,173,173,17,4,-5.0,2,1,2,-7.76053215077605,1,Ghana,GH,GH,8,-2,GH,4,"Arundel, Victoria, Australia",AS,AS07,-38.3667,142.817,-1582628,1,Ghana,GH,GH,8,-2,GH,20180825,https://www.goldcoastbulletin.com.au/news/crime-court/convicted-rapist-could-walk-from-jail-despite-admitting-attempting-to-kidnap-a-gold-coast-woman/news-story/7d40e318475a416a964b69c18d94159f?nk=7595d9b6c890c158ae8f3f19d44b4c0c-1535212943
781975867,20180825,201808,2018,2018.6438,GUY,GUYANA,GUY,,,,,,,,,,,,,,,,,,1,010,010,01,1,0.0,10,1,10,1.65289256198347,1,Guyana,GY,GY,5,-59,GY,0,,,,,,,1,Guyana,GY,GY,5,-59,GY,20180825,https://xnewspress.com/2018/08/25/insider-buying-guyana-goldfields-inc-guy-insider-acquires-c50310-00-in-stock.html
781975869,20180825,201808,2018,2018.6438,GUY,GUYANA,GUY,,,,,,,,BUS,COMPANY,,,,,,BUS,,,1,043,043,04,1,2.8,5,1,5,1.65289256198347,1,Guyana,GY,GY,5,-59,GY,1,Guyana,GY,GY,5,-59,GY,1,Guyana,GY,GY,5,-59,GY,20180825,https://xnewspress.com/2018/08/25/insider-buying-guyana-goldfields-inc-guy-insider-acquires-c50310-00-in-stock.html
781975880,20180825,201808,2018,2018.6438,HLH,HOSPITAL,,,,,,HLH,,,CAN,CANADA,CAN,,,,,,,,1,036,036,03,1,4.0,4,1,4,-8.26923076923077,4,"Lewis River, Nunavut, Canada",CA,CA14,81.4167,-73.5833,-567931,4,"Lewis River, Nunavut, Canada",CA,CA14,81.4167,-73.5833,-567931,4,"Lewis River, Nunavut, Canada",CA,CA14,81.4167,-73.5833,-567931,20180825,https://www.goldcoastbulletin.com.au/lifestyle/woman-charged-in-washington-after-bridge-push-caught-on-camera/news-story/6453a0a3f493136e4c845c31af6f2552?nk=4fd2dadb8240345e82b37547f721fbff-1535212956
781975881,20180825,201808,2018,2018.6438,HLH,HOSPITAL,,,,,,HLH,,,CAN,CANADA,CAN,,,,,,,,1,043,043,04,1,2.8,4,1,4,-8.26923076923077,4,"Lewis River, Nunavut, Canada",CA,CA14,81.4167,-73.5833,-567931,4,"Lewis River, Nunavut, Canada",CA,CA14,81.4167,-73.5833,-567931,4,"Lewis River, Nunavut, Canada",CA,CA14,81.4167,-73.5833,-567931,20180825,https://www.goldcoastbulletin.com.au/lifestyle/woman-charged-in-washington-after-bridge-push-caught-on-camera/news-story/6453a0a3f493136e4c845c31af6f2552?nk=4fd2dadb8240345e82b37547f721fbff-1535212956
781975995,20180825,201808,2018,2018.6438,JUD,JUDGE,,,,,,JUD,,,,,,,,,,,,,0,084,084,08,2,7.0,6,1,6,-7.76053215077605,1,Ghana,GH,GH,8,-2,GH,0,,,,,,,1,Ghana,GH,GH,8,-2,GH,20180825,https://www.goldcoastbulletin.com.au/news/crime-court/convicted-rapist-could-walk-from-jail-despite-admitting-attempting-to-kidnap-a-gold-coast-woman/news-story/7d40e318475a416a964b69c18d94159f?nk=7595d9b6c890c158ae8f3f19d44b4c0c-1535212943
781976002,20180825,201808,2018,2018.6438,JUD,JUDGE,,,,,,JUD,,,,,,,,,,,,,0,173,173,17,4,-5.0,6,1,6,-7.76053215077605,1,Ghana,GH,GH,8,-2,GH,0,,,,,,,1,Ghana,GH,GH,8,-2,GH,20180825,https://www.goldcoastbulletin.com.au/news/crime-court/convicted-rapist-could-walk-from-jail-despite-admitting-attempting-to-kidnap-a-gold-coast-woman/news-story/7d40e318475a416a964b69c18d94159f?nk=7595d9b6c890c158ae8f3f19d44b4c0c-1535212943
781976005,20180825,201808,2018,2018.6438,JUD,JUDGE,,,,,,JUD,,,AUS,AUSTRALIA,AUS,,,,,,,,0,084,084,08,2,7.0,2,1,2,-7.76053215077605,1,Ghana,GH,GH,8,-2,GH,4,"Arundel, Victoria, Australia",AS,AS07,-38.3667,142.817,-1582628,4,"Arundel, Victoria, Australia",AS,AS07,-38.3667,142.817,-1582628,20180825,https://www.goldcoastbulletin.com.au/news/crime-court/convicted-rapist-could-walk-from-jail-despite-admitting-attempting-to-kidnap-a-gold-coast-woman/news-story/7d40e318475a416a964b69c18d94159f?nk=7595d9b6c890c158ae8f3f19d44b4c0c-1535212943
781976006,20180825,201808,2018,2018.6438,JUD,JUDGE,,,,,,JUD,,,AUS,AUSTRALIA,AUS,,,,,,,,0,173,173,17,4,-5.0,2,1,2,-7.76053215077605,1,Ghana,GH,GH,8,-2,GH,4,"Arundel, Victoria, Australia",AS,AS07,-38.3667,142.817,-1582628,4,"Arundel, Victoria, Australia",AS,AS07,-38.3667,142.817,-1582628,20180825,https://www.goldcoastbulletin.com.au/news/crime-court/convicted-rapist-could-walk-from-jail-despite-admitting-attempting-to-kidnap-a-gold-coast-woman/news-story/7d40e318475a416a964b69c18d94159f?nk=7595d9b6c890c158ae8f3f19d44b4c0c-1535212943
781977225,20180825,201808,2018,2018.6438,,,,,,,,,,,GHA,GHANA,GHA,,,,,,,,1,043,043,04,1,2.8,2,1,1,4.73186119873817,0,,,,,,,4,"Manhyia, Ghana (general), Ghana",GH,GH00,6.71546,-1.72232,-2075978,4,"Manhyia, Ghana (general), Ghana",GH,GH00,6.71546,-1.72232,-2075978,20180825,http://www.ghananewsagency.org/economics/anglogold-ashanti-ceo-pays-farewell-courtesy-call-on-asantehene-137619
781977654,20180825,201808,2018,2018.6438,GHA,ACCRA,GHA,,,,,,,,,,,,,,,,,,1,017,017,01,1,0.0,2,1,2,4.73186119873817,4,"Accra, Greater Accra, Ghana",GH,GH01,5.55,-0.216667,-2067935,0,,,,,,,4,"Manhyia, Ghana (general), Ghana",GH,GH00,6.71546,-1.72232,-2075978,20180825,http://www.ghananewsagency.org/economics/anglogold-ashanti-ceo-pays-farewell-courtesy-call-on-asantehene-137619
781977655,20180825,201808,2018,2018.6438,GHA,ACCRA,GHA,,,,,,,,,,,,,,,,,,1,017,017,01,1,0.0,2,1,2,4.73186119873817,4,"Manhyia, Ghana (general), Ghana",GH,GH00,6.71546,-1.72232,-2075978,0,,,,,,,4,"Manhyia, Ghana (general), Ghana",GH,GH00,6.71546,-1.72232,-2075978,20180825,http://www.ghananewsagency.org/economics/anglogold-ashanti-ceo-pays-farewell-courtesy-call-on-asantehene-137619
781977656,20180825,201808,2018,2018.6438,GHA,GHANA,GHA,,,,,,,,,,,,,,,,,,1,042,042,04,1,1.9,2,1,1,4.73186119873817,4,"Manhyia, Ghana (general), Ghana",GH,GH00,6.71546,-1.72232,-2075978,0,,,,,,,4,"Manhyia, Ghana (general), Ghana",GH,GH00,6.71546,-1.72232,-2075978,20180825,http://www.ghananewsagency.org/economics/anglogold-ashanti-ceo-pays-farewell-courtesy-call-on-asantehene-137619
781977664,20180825,201808,2018,2018.6438,GHA,ACCRA,GHA,,,,,,,,MNCZAF,ANGLOGOLD ASHANTI,ZAF,,,,,MNC,,,1,017,017,01,1,0.0,6,1,6,4.73186119873817,4,"Accra, Greater Accra, Ghana",GH,GH01,5.55,-0.216667,-2067935,4,"Accra, Greater Accra, Ghana",GH,GH01,5.55,-0.216667,-2067935,4,"Accra, Greater Accra, Ghana",GH,GH01,5.55,-0.216667,-2067935,20180825,http://www.ghananewsagency.org/economics/anglogold-ashanti-ceo-pays-farewell-courtesy-call-on-asantehene-137619
781977665,20180825,201808,2018,2018.6438,GHA,ACCRA,GHA,,,,,,,,MNCZAF,ANGLOGOLD ASHANTI,ZAF,,,,,MNC,,,1,017,017,01,1,0.0,2,1,2,4.73186119873817,4,"Accra, Greater Accra, Ghana",GH,GH01,5.55,-0.216667,-2067935,4,"Accra, Greater Accra, Ghana",GH,GH01,5.55,-0.216667,-2067935,4,"Manhyia, Ghana (general), Ghana",GH,GH00,6.71546,-1.72232,-2075978,20180825,http://www.ghananewsagency.org/economics/anglogold-ashanti-ceo-pays-farewell-courtesy-call-on-asantehene-137619
781977666,20180825,201808,2018,2018.6438,GHA,ACCRA,GHA,,,,,,,,MNCZAF,ANGLOGOLD ASHANTI,ZAF,,,,,MNC,,,1,017,017,01,1,0.0,8,1,8,4.73186119873817,4,"Manhyia, Ghana (general), Ghana",GH,GH00,6.71546,-1.72232,-2075978,4,"Manhyia, Ghana (general), Ghana",GH,GH00,6.71546,-1.72232,-2075978,4,"Manhyia, Ghana (general), Ghana",GH,GH00,6.71546,-1.72232,-2075978,20180825,http://www.ghananewsagency.org/economics/anglogold-ashanti-ceo-pays-farewell-courtesy-call-on-asantehene-137619
781977667,20180825,201808,2018,2018.6438,GHA,GHANA,GHA,,,,,,,,MNCZAF,ANGLOGOLD ASHANTI,ZAF,,,,,MNC,,,1,042,042,04,1,1.9,2,1,1,4.73186119873817,4,"Manhyia, Ghana (general), Ghana",GH,GH00,6.71546,-1.72232,-2075978,4,"Accra, Greater Accra, Ghana",GH,GH01,5.55,-0.216667,-2067935,4,"Manhyia, Ghana (general), Ghana",GH,GH00,6.71546,-1.72232,-2075978,20180825,http://www.ghananewsagency.org/economics/anglogold-ashanti-ceo-pays-farewell-courtesy-call-on-asantehene-137619
781978031,20180825,201808,2018,2018.6438,MNCZAF,ANGLOGOLD ASHANTI,ZAF,,,,,MNC,,,GHA,GHANA,GHA,,,,,,,,1,043,043,04,1,2.8,2,1,1,4.73186119873817,4,"Accra, Greater Accra, Ghana",GH,GH01,5.55,-0.216667,-2067935,4,"Manhyia, Ghana (general), Ghana",GH,GH00,6.71546,-1.72232,-2075978,4,"Manhyia, Ghana (general), Ghana",GH,GH00,6.71546,-1.72232,-2075978,20180825,http://www.ghananewsagency.org/economics/anglogold-ashanti-ceo-pays-farewell-courtesy-call-on-asantehene-137619
781979643,20180825,201808,2018,2018.6438,IND,WEST BENGAL,IND,,,,,,,,,,,,,,,,,,1,010,010,01,1,0.0,5,1,5,-1.06761565836299,4,"Allahabad, Uttar Pradesh, India",IN,IN36,25.45,81.85,-2088510,0,,,,,,,4,"Allahabad, Uttar Pradesh, India",IN,IN36,25.45,81.85,-2088510,20180825,https://www.business-standard.com/article/pti-stories/25-kg-gold-seized-4-persons-arrested-in-west-bengal-118082500761_1.html
781979971,20180825,201808,2018,2018.6438,SPY,INTELLIGENCE,,,,,,SPY,,,,,,,,,,,,,1,192,192,19,4,-9.5,7,1,7,-1.06761565836299,4,"Allahabad, Uttar Pradesh, India",IN,IN36,25.45,81.85,-2088510,0,,,,,,,4,"Allahabad, Uttar Pradesh, India",IN,IN36,25.45,81.85,-2088510,20180825,https://www.business-standard.com/article/pti-stories/25-kg-gold-seized-4-persons-arrested-in-west-bengal-118082500761_1.html
781979972,20180825,201808,2018,2018.6438,SPY,INTELLIGENCE,,,,,,SPY,,,,,,,,,,,,,1,192,192,19,4,-9.5,3,1,3,-1.06761565836299,4,"Siliguri, West Bengal, India",IN,IN28,26.7161,88.4236,-2111079,0,,,,,,,4,"Allahabad, Uttar Pradesh, India",IN,IN36,25.45,81.85,-2088510,20180825,https://www.business-standard.com/article/pti-stories/25-kg-gold-seized-4-persons-arrested-in-west-bengal-118082500761_1.html
781980887,20180825,201808,2018,2018.6438,,,,,,,,,,,EDU,STUDENT,,,,,,EDU,,,0,046,046,04,1,7.0,10,1,10,8.97615708274894,0,,,,,,,2,"Texas, United States",US,USTX,31.106,-97.6475,TX,2,"Texas, United States",US,USTX,31.106,-97.6475,TX,20180825,https://www.everythinglubbock.com/news/local-news/texas-tech-golden-key-chapter-awarded-with-organization-s-highest-honor/1395218874
781980952,20180825,201808,2018,2018.6438,AFR,AFRICA,AFR,,,,,,,,,,,,,,,,,,0,061,061,06,2,6.4,2,1,2,-3.91111111111111,5,"Essex, Essex, United Kingdom",UK,UKE4,51.8333,0.583333,-2595724,0,,,,,,,5,"Essex, Essex, United Kingdom",UK,UKE4,51.8333,0.583333,-2595724,20180825,http://brazzil.com/how-brazil-used-cachaca-tobacco-and-gold-to-keep-slave-trade-going/
781980953,20180825,201808,2018,2018.6438,AFR,AFRICA,AFR,,,,,,,,,,,,,,,,,,0,061,061,06,2,6.4,3,1,3,-3.91111111111111,5,"Essex, Essex, United Kingdom",UK,UKE4,51.8333,0.583333,-2595724,0,,,,,,,1,Netherlands,NL,NL,52.5,5.75,NL,20180825,http://brazzil.com/how-brazil-used-cachaca-tobacco-and-gold-to-keep-slave-trade-going/
781980979,20180825,201808,2018,2018.6438,BRA,BRAZIL,BRA,,,,,,,,afa,AFRICANS,,,afa,,,,,,1,043,043,04,1,2.8,5,1,5,-3.91111111111111,4,"Bahia, Bahia, Brazil",BR,BR05,-12.9833,-38.5167,-667833,1,Portugal,PO,PO,39.5,-8,PO,1,Portugal,PO,PO,39.5,-8,PO,20180825,http://brazzil.com/how-brazil-used-cachaca-tobacco-and-gold-to-keep-slave-trade-going/
781981110,20180825,201808,2018,2018.6438,EDU,STUDENT,,,,,,EDU,,,,,,,,,,,,,0,046,046,04,1,7.0,10,1,10,8.97615708274894,2,"Texas, United States",US,USTX,31.106,-97.6475,TX,0,,,,,,,2,"Texas, United States",US,USTX,31.106,-97.6475,TX,20180825,https://www.everythinglubbock.com/news/local-news/texas-tech-golden-key-chapter-awarded-with-organization-s-highest-honor/1395218874
781981627,20180825,201808,2018,2018.6438,USA,UNITED STATES,USA,,,,,,,,,,,,,,,,,,0,013,013,01,1,0.4,4,1,4,8.97615708274894,3,"Clarendon, Texas, United States",US,USTX,34.9378,-100.888,1354555,0,,,,,,,3,"Clarendon, Texas, United States",US,USTX,34.9378,-100.888,1354555,20180825,https://www.everythinglubbock.com/news/local-news/texas-tech-golden-key-chapter-awarded-with-organization-s-highest-honor/1395218874
781981639,20180825,201808,2018,2018.6438,USA,UNITED STATES,USA,,,,,,,,,,,,,,,,,,0,051,051,05,1,3.4,4,1,4,8.97615708274894,3,"Clarendon, Texas, United States",US,USTX,34.9378,-100.888,1354555,0,,,,,,,3,"Clarendon, Texas, United States",US,USTX,34.9378,-100.888,1354555,20180825,https://www.everythinglubbock.com/news/local-news/texas-tech-golden-key-chapter-awarded-with-organization-s-highest-honor/1395218874
781981645,20180825,201808,2018,2018.6438,USA,TEXAS,USA,,,,,,,,,,,,,,,,,,1,051,051,05,1,3.4,8,1,8,8.97615708274894,2,"Texas, United States",US,USTX,31.106,-97.6475,TX,0,,,,,,,3,"Lubbock, Texas, United States",US,USTX,33.5779,-101.855,1374760,20180825,https://www.everythinglubbock.com/news/local-news/texas-tech-golden-key-chapter-awarded-with-organization-s-highest-honor/1395218874
781981693,20180825,201808,2018,2018.6438,USA,UNITED STATES,USA,,,,,,,,EDU,UNIVERSITY,,,,,,EDU,,,1,051,051,05,1,3.4,7,2,7,4.40383254305939,3,"Lubbock, Texas, United States",US,USTX,33.5779,-101.855,1374760,2,"Texas, United States",US,USTX,31.106,-97.6475,TX,2,"Texas, United States",US,USTX,31.106,-97.6475,TX,20180825,https://www.everythinglubbock.com/news/local-news/texas-tech-golden-key-chapter-awarded-with-organization-s-highest-honor/1395218874
781981696,20180825,201808,2018,2018.6438,USA,UNITED STATES,USA,,,,,,,,EDU,UNIVERSITY,,,,,,EDU,,,1,084,084,08,2,7.0,6,1,6,8.97615708274894,3,"Lubbock, Texas, United States",US,USTX,33.5779,-101.855,1374760,2,"Texas, United States",US,USTX,31.106,-97.6475,TX,2,"Texas, United States",US,USTX,31.106,-97.6475,TX,20180825,https://www.everythinglubbock.com/news/local-news/texas-tech-golden-key-chapter-awarded-with-organization-s-highest-honor/1395218874
781981697,20180825,201808,2018,2018.6438,USA,TEXAS,USA,,,,,,,,EDU,UNIVERSITY,,,,,,EDU,,,1,084,084,08,2,7.0,4,1,4,8.97615708274894,2,"Texas, United States",US,USTX,31.106,-97.6475,TX,2,"Texas, United States",US,USTX,31.106,-97.6475,TX,2,"Texas, United States",US,USTX,31.106,-97.6475,TX,20180825,https://www.everythinglubbock.com/news/local-news/texas-tech-golden-key-chapter-awarded-with-organization-s-highest-honor/1395218874
781981802,20180825,201808,2018,2018.6438,afa,AFRICANS,,,afa,,,,,,BRA,BRAZIL,BRA,,,,,,,,1,042,042,04,1,1.9,5,1,5,-3.91111111111111,1,Netherlands,NL,NL,52.5,5.75,NL,5,"Essex, Essex, United Kingdom",UK,UKE4,51.8333,0.583333,-2595724,1,Netherlands,NL,NL,52.5,5.75,NL,20180825,http://brazzil.com/how-brazil-used-cachaca-tobacco-and-gold-to-keep-slave-trade-going/
781982640,20180825,201808,2018,2018.6438,CHN,CHINA,CHN,,,,,,,,,,,,,,,,,,0,011,011,01,1,-0.1,7,1,7,4.13589364844904,4,"Beijing, Beijing, China",CH,CH22,39.9289,116.388,-1898541,0,,,,,,,3,"Washington, District of Columbia, United States",US,USDC,38.8951,-77.0364,531871,20180825,https://sputniknews.com/business/201808251067470788-china-bank-gold/
781982788,20180825,201808,2018,2018.6438,DEU,GERMANY,DEU,,,,,,,,MED,MAGAZINE,,,,,,MED,,,1,010,010,01,1,0.0,1,1,1,4.13589364844904,4,"Beijing, Beijing, China",CH,CH22,39.9289,116.388,-1898541,3,"Washington, District of Columbia, United States",US,USDC,38.8951,-77.0364,531871,3,"Washington, District of Columbia, United States",US,USDC,38.8951,-77.0364,531871,20180825,https://sputniknews.com/business/201808251067470788-china-bank-gold/
781982789,20180825,201808,2018,2018.6438,DEU,GERMANY,DEU,,,,,,,,MED,MAGAZINE,,,,,,MED,,,1,010,010,01,1,0.0,1,1,1,4.13589364844904,3,"Washington, District of Columbia, United States",US,USDC,38.8951,-77.0364,531871,4,"Vancouver, British Columbia, Canada",CA,CA02,49.25,-123.133,-575268,4,"Vancouver, British Columbia, Canada",CA,CA02,49.25,-123.133,-575268,20180825,https://sputniknews.com/business/201808251067470788-china-bank-gold/
781983014,20180825,201808,2018,2018.6438,INDCOP,LUDHIANA,IND,,,,,COP,,,IND,LUDHIANA,IND,,,,,,,,1,173,173,17,4,-5.0,1,1,1,3.21285140562249,4,"Gobindgarh, Haryana, India",IN,IN10,29.9586,77.0289,6224059,4,"Gobindgarh, Haryana, India",IN,IN10,29.9586,77.0289,6224059,4,"Gobindgarh, Haryana, India",IN,IN10,29.9586,77.0289,6224059,20180825,https://timesofindia.indiatimes.com/city/ludhiana/ludhiana-police-detains-two-recovers-gold-ornaments/articleshow/65543245.cms
781983416,20180825,201808,2018,2018.6438,USA,AMERICAN,USA,,,,,,,,,,,,,,,,,,0,010,010,01,1,0.0,3,1,3,4.13589364844904,3,"Washington, District of Columbia, United States",US,USDC,38.8951,-77.0364,531871,0,,,,,,,4,"Vancouver, British Columbia, Canada",CA,CA02,49.25,-123.133,-575268,20180825,https://sputniknews.com/business/201808251067470788-china-bank-gold/
781985142,20180825,201808,2018,2018.6438,SPY,INTELLIGENCE,,,,,,SPY,,,,,,,,,,,,,1,190,190,19,4,-10.0,10,1,10,-1.7391304347826,4,"Allahabad, Uttar Pradesh, India",IN,IN36,25.45,81.85,-2088510,0,,,,,,,4,"Allahabad, Uttar Pradesh, India",IN,IN36,25.45,81.85,-2088510,20180825,https://www.theweek.in/wire-updates/national/2018/08/25/ces15-wb-gold-ld%20seizure.html
781987794,20180825,201808,2018,2018.6438,,,,,,,,,,,GOV,GOVERNMENT,,,,,,GOV,,,0,014,014,01,1,0.0,10,1,10,4.25531914893617,0,,,,,,,4,"Bombay, Maharashtra, India",IN,IN16,18.975,72.8258,-2092174,4,"Bombay, Maharashtra, India",IN,IN16,18.975,72.8258,-2092174,20180825,http://www.sify.com/finance/niti-aayog-talks-of-overhaul-for-gold-financialisation-recommends-gold-linked-savings-account-gold-board-and-bullion-exchanges-news-gold-sizsF9bhfjdej.html
781988461,20180825,201808,2018,2018.6438,MED,NEWSPAPER,,,,,,MED,,,USA,LOS ANGELES,USA,,,,,,,,1,036,036,03,1,4.0,20,2,20,5.26315789473684,3,"Los Angeles, California, United States",US,USCA,34.0522,-118.244,1662328,3,"Los Angeles, California, United States",US,USCA,34.0522,-118.244,1662328,3,"Los Angeles, California, United States",US,USCA,34.0522,-118.244,1662328,20180825,http://www.latimes.com/local/lanow/la-me-ln-gold-remembrance-dtla-20180825-story.html
781988688,20180825,201808,2018,2018.6438,USA,UNITED STATES,USA,,,,,,,,,,,,,,,,,,1,017,017,01,1,0.0,4,2,4,5.26315789473684,3,"Santa Monica, California, United States",US,USCA,34.0195,-118.491,1652792,0,,,,,,,3,"Santa Monica, California, United States",US,USCA,34.0195,-118.491,1652792,20180825,http://www.latimes.com/local/lanow/la-me-ln-gold-remembrance-dtla-20180825-story.html
781988689,20180825,201808,2018,2018.6438,USA,LOS ANGELES,USA,,,,,,,,,,,,,,,,,,1,017,017,01,1,0.0,8,2,8,5.26315789473684,3,"Los Angeles, California, United States",US,USCA,34.0522,-118.244,1662328,0,,,,,,,3,"Santa Monica, California, United States",US,USCA,34.0195,-118.491,1652792,20180825,http://www.latimes.com/local/lanow/la-me-ln-gold-remembrance-dtla-20180825-story.html
781988690,20180825,201808,2018,2018.6438,USA,UNITED STATES,USA,,,,,,,,,,,,,,,,,,1,017,017,01,1,0.0,8,2,8,5.26315789473684,3,"Los Angeles, California, United States",US,USCA,34.0522,-118.244,1662328,0,,,,,,,3,"Los Angeles, California, United States",US,USCA,34.0522,-118.244,1662328,20180825,http://www.latimes.com/local/lanow/la-me-ln-gold-remembrance-dtla-20180825-story.html
781988710,20180825,201808,2018,2018.6438,USA,UNITED STATES,USA,,,,,,,,,,,,,,,,,,1,173,173,17,4,-5.0,8,2,8,5.26315789473684,3,"Grand Park, California, United States",US,USCA,33.8075,-117.911,1765119,0,,,,,,,3,"Grand Park, California, United States",US,USCA,33.8075,-117.911,1765119,20180825,http://www.latimes.com/local/lanow/la-me-ln-gold-remembrance-dtla-20180825-story.html
781988718,20180825,201808,2018,2018.6438,USA,LOS ANGELES,USA,,,,,,,,,,,,,,,,,,1,193,193,19,4,-10.0,20,2,20,5.26315789473684,3,"Los Angeles, California, United States",US,USCA,34.0522,-118.244,1662328,0,,,,,,,3,"Los Angeles, California, United States",US,USCA,34.0522,-118.244,1662328,20180825,http://www.latimes.com/local/lanow/la-me-ln-gold-remembrance-dtla-20180825-story.html
781988770,20180825,201808,2018,2018.6438,USA,LOS ANGELES,USA,,,,,,,,MED,NEWSPAPER,,,,,,MED,,,1,036,036,03,1,4.0,12,2,12,5.26315789473684,3,"Los Angeles, California, United States",US,USCA,34.0522,-118.244,1662328,3,"Santa Monica, California, United States",US,USCA,34.0195,-118.491,1652792,3,"Los Angeles, California, United States",US,USCA,34.0522,-118.244,1662328,20180825,http://www.latimes.com/local/lanow/la-me-ln-gold-remembrance-dtla-20180825-story.html
781988771,20180825,201808,2018,2018.6438,USA,LOS ANGELES,USA,,,,,,,,MED,NEWSPAPER,,,,,,MED,,,1,036,036,03,1,4.0,8,2,8,5.26315789473684,3,"Los Angeles, California, United States",US,USCA,34.0522,-118.244,1662328,3,"Los Angeles, California, United States",US,USCA,34.0522,-118.244,1662328,3,"Los Angeles, California, United States",US,USCA,34.0522,-118.244,1662328,20180825,http://www.latimes.com/local/lanow/la-me-ln-gold-remembrance-dtla-20180825-story.html
781991753,20180825,201808,2018,2018.6438,USA,ALASKA,USA,,,,,,,,,,,,,,,,,,1,192,192,19,4,-9.5,24,2,24,1.54682392395882,4,"Rocky Mountains, Canada (general), Canada",CA,CA00,50,-114,-572409,0,,,,,,,4,"Rocky Mountains, Canada (general), Canada",CA,CA00,50,-114,-572409,20180825,https://www.cbc.ca/news/canada/british-columbia/un-buried-treasure-melting-glaciers-in-b-c-s-golden-triangle-are-revealing-rich-mineral-deposits-1.4795033
781998620,20180825,201808,2018,2018.6438,,,,,,,,,,,GOV,FINANCE MINIST,,,,,,GOV,,,0,100,100,10,3,-5.0,10,1,10,3.86100386100386,0,,,,,,,4,"New Delhi, Delhi, India",IN,IN07,28.6,77.2,-2106102,4,"New Delhi, Delhi, India",IN,IN07,28.6,77.2,-2106102,20180825,https://www.telegraphindia.com/business/panel-for-lower-gold-duty-254610
782001722,20180825,201808,2018,2018.6438,,,,,,,,,,,LEG,MEMBER OF PARLIAMENT,,,,,,LEG,,,1,042,042,04,1,1.9,1,1,1,-0.31545741324921,0,,,,,,,4,"Surfers Paradise, Queensland, Australia",AS,AS04,-28,153.433,-1602940,4,"Surfers Paradise, Queensland, Australia",AS,AS04,-28,153.433,-1602940,20180825,https://www.goldcoastbulletin.com.au/lifestyle/surfers-paradise-anglican-churchs-raunchy-road-sign-has-jaws-dropping/news-story/356c11da1d7bd90c3d4ff10fe32dab4c?nk=ca60ec33d09973f19e58f39094ba31be-1535227288
782001759,20180825,201808,2018,2018.6438,AUS,AUSTRALIA,AUS,,,,,,,,,,,,,,,,,,0,080,080,08,2,5.0,2,1,2,-3.63391655450875,4,"Sydney, New South Wales, Australia",AS,AS02,-33.8833,151.217,-1603135,0,,,,,,,4,"Sydney, New South Wales, Australia",AS,AS02,-33.8833,151.217,-1603135,20180825,https://www.goldcoastbulletin.com.au/creepy-bloke-wanted-to-know-if-girls-tights-had-been-soiled-before-attempting-to-buy-them-on-facebook/news-story/9bfd1be0d3a68dc1586a953b6fc4f826?nk=af8bd712b706130bdf599447e15bbeec-1535227307
782001762,20180825,201808,2018,2018.6438,AUS,AUSTRALIA,AUS,,,,,,,,AUSLEG,AUSTRALIA,AUS,,,,,LEG,,,1,042,042,04,1,1.9,4,1,4,-0.31545741324921,4,"Surfers Paradise, Queensland, Australia",AS,AS04,-28,153.433,-1602940,4,"Surfers Paradise, Queensland, Australia",AS,AS04,-28,153.433,-1602940,4,"Surfers Paradise, Queensland, Australia",AS,AS04,-28,153.433,-1602940,20180825,https://www.goldcoastbulletin.com.au/lifestyle/surfers-paradise-anglican-churchs-raunchy-road-sign-has-jaws-dropping/news-story/356c11da1d7bd90c3d4ff10fe32dab4c?nk=ca60ec33d09973f19e58f39094ba31be-1535227288
782001764,20180825,201808,2018,2018.6438,AUSLEG,AUSTRALIA,AUS,,,,,LEG,,,AUS,AUSTRALIA,AUS,,,,,,,,1,043,043,04,1,2.8,4,1,4,-0.31545741324921,4,"Surfers Paradise, Queensland, Australia",AS,AS04,-28,153.433,-1602940,4,"Surfers Paradise, Queensland, Australia",AS,AS04,-28,153.433,-1602940,4,"Surfers Paradise, Queensland, Australia",AS,AS04,-28,153.433,-1602940,20180825,https://www.goldcoastbulletin.com.au/lifestyle/surfers-paradise-anglican-churchs-raunchy-road-sign-has-jaws-dropping/news-story/356c11da1d7bd90c3d4ff10fe32dab4c?nk=ca60ec33d09973f19e58f39094ba31be-1535227288
782002102,20180825,201808,2018,2018.6438,LEG,MEMBER OF PARLIAMENT,,,,,,LEG,,,,,,,,,,,,,1,043,043,04,1,2.8,1,1,1,-0.31545741324921,4,"Surfers Paradise, Queensland, Australia",AS,AS04,-28,153.433,-1602940,0,,,,,,,4,"Surfers Paradise, Queensland, Australia",AS,AS04,-28,153.433,-1602940,20180825,https://www.goldcoastbulletin.com.au/lifestyle/surfers-paradise-anglican-churchs-raunchy-road-sign-has-jaws-dropping/news-story/356c11da1d7bd90c3d4ff10fe32dab4c?nk=ca60ec33d09973f19e58f39094ba31be-1535227288
782002118,20180825,201808,2018,2018.6438,MED,SPOKESMAN,,,,,,MED,,,,,,,,,,,,,1,010,010,01,1,0.0,10,1,10,-0.31545741324921,4,"Surfers Paradise, Queensland, Australia",AS,AS04,-28,153.433,-1602940,0,,,,,,,4,"Surfers Paradise, Queensland, Australia",AS,AS04,-28,153.433,-1602940,20180825,https://www.goldcoastbulletin.com.au/lifestyle/surfers-paradise-anglican-churchs-raunchy-road-sign-has-jaws-dropping/news-story/356c11da1d7bd90c3d4ff10fe32dab4c?nk=ca60ec33d09973f19e58f39094ba31be-1535227288
782002937,20180825,201808,2018,2018.6438,,,,,,,,,,,REF,REFUGEE,,,,,,REF,,,0,043,043,04,1,2.8,2,2,2,-7.79753761969904,0,,,,,,,4,"Ottawa, Ontario, Canada",CA,CA08,45.4167,-75.7,-570760,4,"Ottawa, Ontario, Canada",CA,CA08,45.4167,-75.7,-570760,20180825,https://torontosun.com/opinion/columnists/goldstein-immigration-minister-admits-asylum-system-in-crisis
782002958,20180825,201808,2018,2018.6438,,,,,,,,,,,USA,UNITED STATES,USA,,,,,,,,1,084,084,08,2,7.0,2,1,2,-5.49450549450549,0,,,,,,,3,"Hollywood, California, United States",US,USCA,34.0983,-118.327,1660757,3,"Los Angeles County, California, United States",US,USCA,34.3667,-118.201,277283,20180825,http://www.espn.com/nba/story/_/id/24474643/nick-young-former-golden-state-warriors-guard-arrested-reportedly-refusing-cooperate-police
782002959,20180825,201808,2018,2018.6438,,,,,,,,,,,USA,LOS ANGELES,USA,,,,,,,,1,084,084,08,2,7.0,6,1,6,-5.49450549450549,0,,,,,,,3,"Los Angeles County, California, United States",US,USCA,34.3667,-118.201,277283,3,"Los Angeles County, California, United States",US,USCA,34.3667,-118.201,277283,20180825,http://www.espn.com/nba/story/_/id/24474643/nick-young-former-golden-state-warriors-guard-arrested-reportedly-refusing-cooperate-police
782003061,20180825,201808,2018,2018.6438,CAN,CANADA,CAN,,,,,,,,,,,,,,,,,,0,0833,083,08,2,5.0,8,2,8,-7.79753761969904,4,"Ottawa, Ontario, Canada",CA,CA08,45.4167,-75.7,-570760,0,,,,,,,4,"Ottawa, Ontario, Canada",CA,CA08,45.4167,-75.7,-570760,20180825,https://torontosun.com/opinion/columnists/goldstein-immigration-minister-admits-asylum-system-in-crisis
782003075,20180825,201808,2018,2018.6438,CAN,CANADA,CAN,,,,,,,,GOV,IMMIGRATION MINIST,,,,,,GOV,,,1,040,040,04,1,1.0,4,2,4,-7.79753761969904,4,"Ottawa, Ontario, Canada",CA,CA08,45.4167,-75.7,-570760,4,"Ottawa, Ontario, Canada",CA,CA08,45.4167,-75.7,-570760,4,"Ottawa, Ontario, Canada",CA,CA08,45.4167,-75.7,-570760,20180825,https://torontosun.com/opinion/columnists/goldstein-immigration-minister-admits-asylum-system-in-crisis
782003084,20180825,201808,2018,2018.6438,CANGOV,CANADA,CAN,,,,,GOV,,,,,,,,,,,,,1,112,112,11,3,-2.0,4,2,4,-7.79753761969904,1,United States,US,US,39.828175,-98.5795,US,0,,,,,,,1,United States,US,US,39.828175,-98.5795,US,20180825,https://torontosun.com/opinion/columnists/goldstein-immigration-minister-admits-asylum-system-in-crisis
782003146,20180825,201808,2018,2018.6438,COP,POLICE,,,,,,COP,,,USA,GOLDEN STATE,USA,,,,,,,,1,173,173,17,4,-5.0,3,1,3,-5.49450549450549,3,"Los Angeles County, California, United States",US,USCA,34.3667,-118.201,277283,3,"Los Angeles County, California, United States",US,USCA,34.3667,-118.201,277283,3,"Los Angeles County, California, United States",US,USCA,34.3667,-118.201,277283,20180825,http://www.espn.com/nba/story/_/id/24474643/nick-young-former-golden-state-warriors-guard-arrested-reportedly-refusing-cooperate-police
782003313,20180825,201808,2018,2018.6438,GOV,IMMIGRATION MINIST,,,,,,GOV,,,,,,,,,,,,,1,112,112,11,3,-2.0,12,2,12,-7.79753761969904,4,"Ottawa, Ontario, Canada",CA,CA08,45.4167,-75.7,-570760,0,,,,,,,4,"Ottawa, Ontario, Canada",CA,CA08,45.4167,-75.7,-570760,20180825,https://torontosun.com/opinion/columnists/goldstein-immigration-minister-admits-asylum-system-in-crisis
782003324,20180825,201808,2018,2018.6438,GOV,IMMIGRATION MINIST,,,,,,GOV,,,CAN,CANADA,CAN,,,,,,,,1,040,040,04,1,1.0,4,2,4,-7.79753761969904,4,"Ottawa, Ontario, Canada",CA,CA08,45.4167,-75.7,-570760,4,"Ottawa, Ontario, Canada",CA,CA08,45.4167,-75.7,-570760,4,"Ottawa, Ontario, Canada",CA,CA08,45.4167,-75.7,-570760,20180825,https://torontosun.com/opinion/columnists/goldstein-immigration-minister-admits-asylum-system-in-crisis
782003329,20180825,201808,2018,2018.6438,GOV,IMMIGRATION MINIST,,,,,,GOV,,,CAN,CANADA,CAN,,,,,,,,1,112,112,11,3,-2.0,4,2,4,-7.79753761969904,4,"Ottawa, Ontario, Canada",CA,CA08,45.4167,-75.7,-570760,4,"Ottawa, Ontario, Canada",CA,CA08,45.4167,-75.7,-570760,4,"Ottawa, Ontario, Canada",CA,CA08,45.4167,-75.7,-570760,20180825,https://torontosun.com/opinion/columnists/goldstein-immigration-minister-admits-asylum-system-in-crisis
782003583,20180825,201808,2018,2018.6438,MED,SPOKESMAN,,,,,,MED,,,USAMED,THE ASSOCIATED PRESS,USA,,,,,MED,,,1,010,010,01,1,0.0,3,1,3,-5.49450549450549,3,"Hollywood, California, United States",US,USCA,34.0983,-118.327,1660757,3,"Hollywood, California, United States",US,USCA,34.0983,-118.327,1660757,3,"Hollywood, California, United States",US,USCA,34.0983,-118.327,1660757,20180825,http://www.espn.com/nba/story/_/id/24474643/nick-young-former-golden-state-warriors-guard-arrested-reportedly-refusing-cooperate-police
782003584,20180825,201808,2018,2018.6438,MED,SPOKESMAN,,,,,,MED,,,USAMED,THE ASSOCIATED PRESS,USA,,,,,MED,,,1,013,013,01,1,0.4,2,1,2,-5.49450549450549,3,"Hollywood, California, United States",US,USCA,34.0983,-118.327,1660757,3,"Hollywood, California, United States",US,USCA,34.0983,-118.327,1660757,3,"Hollywood, California, United States",US,USCA,34.0983,-118.327,1660757,20180825,http://www.espn.com/nba/story/_/id/24474643/nick-young-former-golden-state-warriors-guard-arrested-reportedly-refusing-cooperate-police
782003734,20180825,201808,2018,2018.6438,REF,REFUGEE,,,,,,REF,,,,,,,,,,,,,0,042,042,04,1,1.9,2,2,2,-7.79753761969904,4,"Ottawa, Ontario, Canada",CA,CA08,45.4167,-75.7,-570760,0,,,,,,,4,"Ottawa, Ontario, Canada",CA,CA08,45.4167,-75.7,-570760,20180825,https://torontosun.com/opinion/columnists/goldstein-immigration-minister-admits-asylum-system-in-crisis
782003964,20180825,201808,2018,2018.6438,USA,UNITED STATES,USA,,,,,,,,USAMED,THE ASSOCIATED PRESS,USA,,,,,MED,,,1,013,013,01,1,0.4,2,1,2,-5.49450549450549,3,"Hollywood, California, United States",US,USCA,34.0983,-118.327,1660757,3,"Hollywood, California, United States",US,USCA,34.0983,-118.327,1660757,3,"Hollywood, California, United States",US,USCA,34.0983,-118.327,1660757,20180825,http://www.espn.com/nba/story/_/id/24474643/nick-young-former-golden-state-warriors-guard-arrested-reportedly-refusing-cooperate-police
782004706,20180825,201808,2018,2018.6438,,,,,,,,,,,USA,PHILADELPHIA,USA,,,,,,,,0,060,060,06,2,6.0,10,1,10,-3.66492146596859,0,,,,,,,3,"Philadelphia, Pennsylvania, United States",US,USPA,39.9523,-75.1638,1209052,3,"Los Angeles, California, United States",US,USCA,34.0522,-118.244,1662328,20180825,https://www.spotrac.com/nba/golden-state-warriors/nick-young-2770/
782004707,20180825,201808,2018,2018.6438,,,,,,,,,,,USA,WASHINGTON,USA,,,,,,,,0,060,060,06,2,6.0,2,1,2,-3.66492146596859,0,,,,,,,3,"Denver, Colorado, United States",US,USCO,39.7392,-104.985,201738,3,"Denver, Colorado, United States",US,USCO,39.7392,-104.985,201738,20180825,https://www.spotrac.com/nba/golden-state-warriors/nick-young-2770/
782004708,20180825,201808,2018,2018.6438,,,,,,,,,,,USA,WASHINGTON,USA,,,,,,,,0,060,060,06,2,6.0,8,1,8,-3.66492146596859,0,,,,,,,3,"Washington, District of Columbia, United States",US,USDC,38.8951,-77.0364,531871,3,"Denver, Colorado, United States",US,USCO,39.7392,-104.985,201738,20180825,https://www.spotrac.com/nba/golden-state-warriors/nick-young-2770/
782005459,20180825,201808,2018,2018.6438,USA,PHILADELPHIA,USA,,,,,,,,,,,,,,,,,,0,060,060,06,2,6.0,10,1,10,-3.66492146596859,3,"Philadelphia, Pennsylvania, United States",US,USPA,39.9523,-75.1638,1209052,0,,,,,,,3,"Los Angeles, California, United States",US,USCA,34.0522,-118.244,1662328,20180825,https://www.spotrac.com/nba/golden-state-warriors/nick-young-2770/
782005463,20180825,201808,2018,2018.6438,USA,WASHINGTON,USA,,,,,,,,,,,,,,,,,,0,060,060,06,2,6.0,2,1,2,-3.66492146596859,3,"Denver, Colorado, United States",US,USCO,39.7392,-104.985,201738,0,,,,,,,3,"Denver, Colorado, United States",US,USCO,39.7392,-104.985,201738,20180825,https://www.spotrac.com/nba/golden-state-warriors/nick-young-2770/
782005464,20180825,201808,2018,2018.6438,USA,WASHINGTON,USA,,,,,,,,,,,,,,,,,,0,060,060,06,2,6.0,8,1,8,-3.66492146596859,3,"Washington, District of Columbia, United States",US,USDC,38.8951,-77.0364,531871,0,,,,,,,3,"Denver, Colorado, United States",US,USCO,39.7392,-104.985,201738,20180825,https://www.spotrac.com/nba/golden-state-warriors/nick-young-2770/
782008844,20180825,201808,2018,2018.6438,,,,,,,,,,,AUS,QUEENSLAND,AUS,,,,,,,,0,173,173,17,4,-5.0,2,1,2,-2.32804232804233,0,,,,,,,4,"Eugowra, New South Wales, Australia",AS,AS02,-33.427,148.373,-1572552,4,"Eugowra, New South Wales, Australia",AS,AS02,-33.427,148.373,-1572552,20180825,http://www.abc.net.au/news/2018-08-26/how-a-bushranger-gang-pulled-off-australias-biggest-gold-heist/10152580
782008845,20180825,201808,2018,2018.6438,,,,,,,,,,,AUS,QUEENSLAND,AUS,,,,,,,,0,173,173,17,4,-5.0,4,1,4,-2.32804232804233,0,,,,,,,4,"Sydney, New South Wales, Australia",AS,AS02,-33.8833,151.217,-1603135,1,United States,US,US,39.828175,-98.5795,US,20180825,http://www.abc.net.au/news/2018-08-26/how-a-bushranger-gang-pulled-off-australias-biggest-gold-heist/10152580
782008927,20180825,201808,2018,2018.6438,AUS,AUSTRALIA,AUS,,,,,,,,CRM,GANG,,,,,,CRM,,,1,040,040,04,1,1.0,1,1,1,-2.32804232804233,4,"Blue Mountains, Queensland, Australia",AS,AS04,-21.6333,148.967,-1559960,4,"Blue Mountains, Queensland, Australia",AS,AS04,-21.6333,148.967,-1559960,4,"Blue Mountains, Queensland, Australia",AS,AS04,-21.6333,148.967,-1559960,20180825,http://www.abc.net.au/news/2018-08-26/how-a-bushranger-gang-pulled-off-australias-biggest-gold-heist/10152580
782008928,20180825,201808,2018,2018.6438,AUS,AUSTRALIA,AUS,,,,,,,,CRM,GANG,,,,,,CRM,,,1,040,040,04,1,1.0,5,1,5,-2.32804232804233,4,"Eugowra, New South Wales, Australia",AS,AS02,-33.427,148.373,-1572552,4,"Sydney, New South Wales, Australia",AS,AS02,-33.8833,151.217,-1603135,4,"Eugowra, New South Wales, Australia",AS,AS02,-33.427,148.373,-1572552,20180825,http://www.abc.net.au/news/2018-08-26/how-a-bushranger-gang-pulled-off-australias-biggest-gold-heist/10152580
782008929,20180825,201808,2018,2018.6438,AUS,QUEENSLAND,AUS,,,,,,,,GBR,UNITED KINGDOM,GBR,,,,,,,,0,173,173,17,4,-5.0,1,1,1,-2.32804232804233,4,"Eugowra, New South Wales, Australia",AS,AS02,-33.427,148.373,-1572552,4,"Eugowra, New South Wales, Australia",AS,AS02,-33.427,148.373,-1572552,4,"Eugowra, New South Wales, Australia",AS,AS02,-33.427,148.373,-1572552,20180825,http://www.abc.net.au/news/2018-08-26/how-a-bushranger-gang-pulled-off-australias-biggest-gold-heist/10152580
782008930,20180825,201808,2018,2018.6438,AUS,QUEENSLAND,AUS,,,,,,,,GBR,UNITED KINGDOM,GBR,,,,,,,,0,173,173,17,4,-5.0,1,1,1,-2.32804232804233,4,"Sydney, New South Wales, Australia",AS,AS02,-33.8833,151.217,-1603135,4,"Sydney, New South Wales, Australia",AS,AS02,-33.8833,151.217,-1603135,4,"Eugowra, New South Wales, Australia",AS,AS02,-33.427,148.373,-1572552,20180825,http://www.abc.net.au/news/2018-08-26/how-a-bushranger-gang-pulled-off-australias-biggest-gold-heist/10152580
782008931,20180825,201808,2018,2018.6438,AUS,QUEENSLAND,AUS,,,,,,,,GBR,UNITED KINGDOM,GBR,,,,,,,,0,173,173,17,4,-5.0,2,1,2,-2.32804232804233,1,United Kingdom,UK,UK,54,-4,UK,1,United Kingdom,UK,UK,54,-4,UK,1,United Kingdom,UK,UK,54,-4,UK,20180825,http://www.abc.net.au/news/2018-08-26/how-a-bushranger-gang-pulled-off-australias-biggest-gold-heist/10152580
782009023,20180825,201808,2018,2018.6438,CRM,GANG,,,,,,CRM,,,AUS,AUSTRALIA,AUS,,,,,,,,1,040,040,04,1,1.0,5,1,5,-2.32804232804233,4,"Eugowra, New South Wales, Australia",AS,AS02,-33.427,148.373,-1572552,4,"Eugowra, New South Wales, Australia",AS,AS02,-33.427,148.373,-1572552,4,"Eugowra, New South Wales, Australia",AS,AS02,-33.427,148.373,-1572552,20180825,http://www.abc.net.au/news/2018-08-26/how-a-bushranger-gang-pulled-off-australias-biggest-gold-heist/10152580
782009024,20180825,201808,2018,2018.6438,CRM,GANG,,,,,,CRM,,,AUS,AUSTRALIA,AUS,,,,,,,,1,040,040,04,1,1.0,1,1,1,-2.32804232804233,4,"Sydney, New South Wales, Australia",AS,AS02,-33.8833,151.217,-1603135,1,United Kingdom,UK,UK,54,-4,UK,4,"Sydney, New South Wales, Australia",AS,AS02,-33.8833,151.217,-1603135,20180825,http://www.abc.net.au/news/2018-08-26/how-a-bushranger-gang-pulled-off-australias-biggest-gold-heist/10152580
782009308,20180825,201808,2018,2018.6438,LEG,CONGRESS,,,,,,LEG,,,,,,,,,,,,,0,128,128,12,3,-5.0,10,1,10,-6.54843110504775,2,"New York, United States",US,USNY,42.1497,-74.9384,NY,0,,,,,,,2,"New York, United States",US,USNY,42.1497,-74.9384,NY,20180825,http://www.hendersondispatch.com/opinion/goldberg-trump-s-self-interest-vs-the-public-interest/article_f3ef4fa8-a7dd-11e8-8a33-3381e31d11c8.html
782014148,20180825,201808,2018,2018.6438,AGR,FARMER,,,,,,AGR,,,,,,,,,,,,,1,061,061,06,2,6.4,10,1,10,1.42857142857143,1,Zimbabwe,ZI,ZI,-19,29,ZI,0,,,,,,,1,Zimbabwe,ZI,ZI,-19,29,ZI,20180825,http://www.sundaymail.co.zw/white-gold-to-shine/
782014204,20180825,201808,2018,2018.6438,BUS,INVESTOR,,,,,,BUS,,,,,,,,,,,,,1,080,080,08,2,5.0,6,1,6,-3.45679012345679,1,Congo,CF,CF,-1,15,CF,0,,,,,,,1,Congo,CF,CF,-1,15,CF,20180825,https://torontosun.com/news/crime/scammer-who-dangled-gold-stocks-and-bilked-pensioners-out-of-1-1-m-slammed-with-five-years-in-prison
782014243,20180825,201808,2018,2018.6438,COG,CONGO,COG,,,,,,,,BUS,INVESTOR,,,,,,BUS,,,1,080,080,08,2,5.0,4,1,4,-3.45679012345679,1,Congo,CF,CF,-1,15,CF,1,Congo,CF,CF,-1,15,CF,1,Congo,CF,CF,-1,15,CF,20180825,https://torontosun.com/news/crime/scammer-who-dangled-gold-stocks-and-bilked-pensioners-out-of-1-1-m-slammed-with-five-years-in-prison
782014244,20180825,201808,2018,2018.6438,COG,CONGO,COG,,,,,,,,LAB,EMPLOYEE,,,,,,LAB,,,1,112,112,11,3,-2.0,4,1,4,-3.45679012345679,1,Congo,CF,CF,-1,15,CF,1,Congo,CF,CF,-1,15,CF,1,Congo,CF,CF,-1,15,CF,20180825,https://torontosun.com/news/crime/scammer-who-dangled-gold-stocks-and-bilked-pensioners-out-of-1-1-m-slammed-with-five-years-in-prison
782015491,20180825,201808,2018,2018.6438,,,,,,,,,,,PHL,PHILIPPINE,PHL,,,,,,,,0,043,043,04,1,2.8,3,1,3,0.72090628218331,0,,,,,,,4,"Manila, Manila, Philippines",RP,RPD9,14.6042,120.982,-2437894,4,"London, London, City of, United Kingdom",UK,UKH9,51.5,-0.116667,-2601889,20180825,http://lifestyle.inquirer.net/304076/tatler-audience-swoons-henry-golding/
782015492,20180825,201808,2018,2018.6438,,,,,,,,,,,PHL,PHILIPPINE,PHL,,,,,,,,1,043,043,04,1,2.8,1,1,1,0.72090628218331,0,,,,,,,4,"Manila, Manila, Philippines",RP,RPD9,14.6042,120.982,-2437894,3,"Hollywood, California, United States",US,USCA,34.0983,-118.327,1660757,20180825,http://lifestyle.inquirer.net/304076/tatler-audience-swoons-henry-golding/
782015493,20180825,201808,2018,2018.6438,,,,,,,,,,,PHL,PHILIPPINE,PHL,,,,,,,,1,043,043,04,1,2.8,1,1,1,0.72090628218331,0,,,,,,,3,"Hollywood, California, United States",US,USCA,34.0983,-118.327,1660757,3,"Hollywood, California, United States",US,USCA,34.0983,-118.327,1660757,20180825,http://lifestyle.inquirer.net/304076/tatler-audience-swoons-henry-golding/
782015668,20180825,201808,2018,2018.6438,CHN,CHINA,CHN,,,,,,,,PHL,PHILIPPINE,PHL,,,,,,,,0,043,043,04,1,2.8,2,1,2,0.72090628218331,1,China,CH,CH,35,105,CH,4,"Manila, Manila, Philippines",RP,RPD9,14.6042,120.982,-2437894,4,"Manila, Manila, Philippines",RP,RPD9,14.6042,120.982,-2437894,20180825,http://lifestyle.inquirer.net/304076/tatler-audience-swoons-henry-golding/
782015718,20180825,201808,2018,2018.6438,CRM,SERIAL MURDERER,,,,,,CRM,,,USA,UNITED STATES,USA,,,,,,,,1,112,112,11,3,-2.0,6,1,6,-7.56172839506172,2,"California, United States",US,USCA,36.17,-119.746,CA,2,"California, United States",US,USCA,36.17,-119.746,CA,2,"California, United States",US,USCA,36.17,-119.746,CA,20180825,https://www.9news.com.au/2018/08/26/02/20/60-minutes-golden-state-killer-joseph-james-deangelo-sacramento-california
782016177,20180825,201808,2018,2018.6438,PHL,PHILIPPINE,PHL,,,,,,,,,,,,,,,,,,0,042,042,04,1,1.9,3,1,3,0.72090628218331,4,"Manila, Manila, Philippines",RP,RPD9,14.6042,120.982,-2437894,0,,,,,,,4,"London, London, City of, United Kingdom",UK,UKH9,51.5,-0.116667,-2601889,20180825,http://lifestyle.inquirer.net/304076/tatler-audience-swoons-henry-golding/
782016178,20180825,201808,2018,2018.6438,PHL,PHILIPPINE,PHL,,,,,,,,,,,,,,,,,,1,042,042,04,1,1.9,5,1,5,0.72090628218331,1,Singapore,SN,SN,1.366667,103.8,SN,0,,,,,,,1,Singapore,SN,SN,1.366667,103.8,SN,20180825,http://lifestyle.inquirer.net/304076/tatler-audience-swoons-henry-golding/
782016180,20180825,201808,2018,2018.6438,PHL,PHILIPPINE,PHL,,,,,,,,CHN,CHINA,CHN,,,,,,,,0,042,042,04,1,1.9,2,1,2,0.72090628218331,4,"Manila, Manila, Philippines",RP,RPD9,14.6042,120.982,-2437894,1,China,CH,CH,35,105,CH,4,"Manila, Manila, Philippines",RP,RPD9,14.6042,120.982,-2437894,20180825,http://lifestyle.inquirer.net/304076/tatler-audience-swoons-henry-golding/
782017516,20180825,201808,2018,2018.6438,MNC,SEABRIDGE GOLD,,,,,,MNC,,,,,,,,,,,,,1,020,020,02,1,3.0,10,1,10,7.71028037383178,1,United States,US,US,39.828175,-98.5795,US,0,,,,,,,1,United States,US,US,39.828175,-98.5795,US,20180825,https://www.dailypolitical.com/2018/08/25/reviewing-seabridge-gold-sa-and-endeavour-silver-exk.html
782019788,20180825,201808,2018,2018.6438,ARG,ARGENTINIAN,ARG,,,,,,,,CHRCTH,CATHOLIC,,,,CHR,CTH,,,,0,042,042,04,1,1.9,4,2,4,-5.1510989010989,4,"Dublin, Dublin, Ireland",EI,EI07,53.3331,-6.24889,-1502554,5,"County Mayo, Mayo, Ireland",EI,EI20,53.9,-9.25,-1504468,4,"Dublin, Dublin, Ireland",EI,EI07,53.3331,-6.24889,-1502554,20180825,https://www.goldcoastbulletin.com.au/news/world/pope-francis-arrives-in-ireland-as-emotions-run-high-amid-a-cloud-of-sex-abuse-scandals/news-story/d11086beaa2122e97c8892347edb73be?nk=e8202f899896e6d885b52e67f1f42dd3-1535239032
782019789,20180825,201808,2018,2018.6438,ARG,ARGENTINIAN,ARG,,,,,,,,CHRCTH,CATHOLIC,,,,CHR,CTH,,,,0,042,042,04,1,1.9,6,2,6,-5.1510989010989,3,"Boston, Massachusetts, United States",US,USMA,42.3584,-71.0598,617565,3,"Boston, Massachusetts, United States",US,USMA,42.3584,-71.0598,617565,3,"Boston, Massachusetts, United States",US,USMA,42.3584,-71.0598,617565,20180825,https://www.goldcoastbulletin.com.au/news/world/pope-francis-arrives-in-ireland-as-emotions-run-high-amid-a-cloud-of-sex-abuse-scandals/news-story/d11086beaa2122e97c8892347edb73be?nk=e8202f899896e6d885b52e67f1f42dd3-1535239032
782019841,20180825,201808,2018,2018.6438,CHRCTH,CATHOLIC,,,,CHR,CTH,,,,ARG,ARGENTINIAN,ARG,,,,,,,,0,043,043,04,1,2.8,4,2,4,-5.1510989010989,5,"County Mayo, Mayo, Ireland",EI,EI20,53.9,-9.25,-1504468,4,"Dublin, Dublin, Ireland",EI,EI07,53.3331,-6.24889,-1502554,4,"Dublin, Dublin, Ireland",EI,EI07,53.3331,-6.24889,-1502554,20180825,https://www.goldcoastbulletin.com.au/news/world/pope-francis-arrives-in-ireland-as-emotions-run-high-amid-a-cloud-of-sex-abuse-scandals/news-story/d11086beaa2122e97c8892347edb73be?nk=e8202f899896e6d885b52e67f1f42dd3-1535239032
782020242,20180825,201808,2018,2018.6438,REF,REFUGEE,,,,,,REF,,,,,,,,,,,,,0,020,020,02,1,3.0,4,2,4,-5.1510989010989,5,"County Mayo, Mayo, Ireland",EI,EI20,53.9,-9.25,-1504468,0,,,,,,,5,"County Mayo, Mayo, Ireland",EI,EI20,53.9,-9.25,-1504468,20180825,https://www.goldcoastbulletin.com.au/news/world/pope-francis-arrives-in-ireland-as-emotions-run-high-amid-a-cloud-of-sex-abuse-scandals/news-story/d11086beaa2122e97c8892347edb73be?nk=e8202f899896e6d885b52e67f1f42dd3-1535239032
