GLOBALEVENTID,SQLDATE,MonthYear,Year,FractionDate,Actor1Code,Actor1Name,Actor1CountryCode,Actor1KnownGroupCode,Actor1EthnicCode,Actor1Religion1Code,Actor1Religion2Code,Actor1Type1Code,Actor1Type2Code,Actor1Type3Code,Actor2Code,Actor2Name,Actor2CountryCode,Actor2KnownGroupCode,Actor2EthnicCode,Actor2Religion1Code,Actor2Religion2Code,Actor2Type1Code,Actor2Type2Code,Actor2Type3Code,IsRootEvent,EventCode,EventBaseCode,EventRootCode,QuadClass,GoldsteinScale,NumMentions,NumSources,NumArticles,AvgTone,Actor1Geo_Type,Actor1Geo_FullName,Actor1Geo_CountryCode,Actor1Geo_ADM1Code,Actor1Geo_Lat,Actor1Geo_Long,Actor1Geo_FeatureID,Actor2Geo_Type,Actor2Geo_FullName,Actor2Geo_CountryCode,Actor2Geo_ADM1Code,Actor2Geo_Lat,Actor2Geo_Long,Actor2Geo_FeatureID,ActionGeo_Type,ActionGeo_FullName,ActionGeo_CountryCode,ActionGeo_ADM1Code,ActionGeo_Lat,ActionGeo_Long,ActionGeo_FeatureID,DATEADDED,SOURCEURL
920319062,20200427,202004,2020,2020.3205,BUS,COMPANY,,,,,,BUS,,,,,,,,,,,,,1,020,020,02,1,3.0,161,16,152,0.488004771619301,1,Canada,CA,CA,60,-96,CA,0,,,,,,,1,Canada,CA,CA,60,-96,CA,20200427,https://www.abnnewswire.net/press/en/100728/Nova-Minerals-Ltd-%28ASX-NVA%29-Estelle-Gold-Exploration-and-Drilling-Update-100728.html
920319077,20200427,202004,2020,2020.3205,BUS,COMPANY,,,,,,BUS,,,,,,,,,,,,,1,060,060,06,2,6.0,26,3,26,2.00397362718931,4,"Melbourne, Victoria, Australia",AS,AS07,-37.8167,144.967,-1586844,0,,,,,,,4,"Melbourne, Victoria, Australia",AS,AS07,-37.8167,144.967,-1586844,20200427,https://www.abnnewswire.net/press/en/100728/Nova-Minerals-Ltd-%28ASX-NVA%29-Estelle-Gold-Exploration-and-Drilling-Update-100728.html
920319078,20200427,202004,2020,2020.3205,BUS,COMPANY,,,,,,BUS,,,,,,,,,,,,,0,060,060,06,2,6.0,4,2,4,2.64689401349492,2,"Alaska, United States",US,USAK,61.385,-152.268,AK,0,,,,,,,4,"Melbourne, Victoria, Australia",AS,AS07,-37.8167,144.967,-1586844,20200427,https://www.abnnewswire.net/press/en/100728/Nova-Minerals-Ltd-%28ASX-NVA%29-Estelle-Gold-Exploration-and-Drilling-Update-100728.html
920320318,20200427,202004,2020,2020.3205,USA,UNITED STATES,USA,,,,,,,,,,,,,,,,,,0,051,051,05,1,3.4,16,2,16,2.64689401349492,3,"Donlin Creek, Alaska, United States",US,USAK,62.0781,-158.217,1401339,0,,,,,,,3,"Donlin Creek, Alaska, United States",US,USAK,62.0781,-158.217,1401339,20200427,https://www.abnnewswire.net/press/en/100728/Nova-Minerals-Ltd-%28ASX-NVA%29-Estelle-Gold-Exploration-and-Drilling-Update-100728.html
920320373,20200427,202004,2020,2020.3205,USA,UNITED STATES,USA,,,,,,,,,,,,,,,,,,0,141,141,14,3,-6.5,16,2,16,2.64689401349492,3,"Donlin Creek, Alaska, United States",US,USAK,62.0781,-158.217,1401339,0,,,,,,,3,"Donlin Creek, Alaska, United States",US,USAK,62.0781,-158.217,1401339,20200427,https://www.abnnewswire.net/press/en/100728/Nova-Minerals-Ltd-%28ASX-NVA%29-Estelle-Gold-Exploration-and-Drilling-Update-100728.html
920320717,20200427,202004,2020,2020.3205,,,,,,,,,,,GOV,PRESIDENT,,,,,,GOV,,,0,112,112,11,3,-2.0,4,1,4,-0.47169811320755,0,,,,,,,5,"Karnataka, Karnataka, India",IN,IN19,13.5,76,-2099860,5,"Karnataka, Karnataka, India",IN,IN19,13.5,76,-2099860,20200427,https://timesofindia.indiatimes.com/city/hubballi/gold-sale-in-twin-cities-hits-bottom-on-akshaya-tritiya/articleshow/75394527.cms
920321105,20200427,202004,2020,2020.3205,GOV,PRESIDENT,,,,,,GOV,,,,,,,,,,,,,0,012,012,01,1,-0.4,22,2,18,-1.25711860452124,5,"Karnataka, Karnataka, India",IN,IN19,13.5,76,-2099860,0,,,,,,,5,"Karnataka, Karnataka, India",IN,IN19,13.5,76,-2099860,20200427,https://timesofindia.indiatimes.com/city/hubballi/gold-sale-in-twin-cities-hits-bottom-on-akshaya-tritiya/articleshow/75394527.cms
920321302,20200427,202004,2020,2020.3205,IND,KARNATAKA,IND,,,,,,,,GOV,PRESIDENT,,,,,,GOV,,,0,112,112,11,3,-2.0,6,1,6,-0.47169811320755,5,"Karnataka, Karnataka, India",IN,IN19,13.5,76,-2099860,5,"Karnataka, Karnataka, India",IN,IN19,13.5,76,-2099860,5,"Karnataka, Karnataka, India",IN,IN19,13.5,76,-2099860,20200427,https://timesofindia.indiatimes.com/city/hubballi/gold-sale-in-twin-cities-hits-bottom-on-akshaya-tritiya/articleshow/75394527.cms
920322715,20200427,202004,2020,2020.3205,,,,,,,,,,,MYS,MALAYSIA,MYS,,,,,,,,1,020,020,02,1,3.0,57,6,47,-1.44018698663563,0,,,,,,,4,"Kuala Lumpur, Kuala Lumpur, Malaysia",MY,MY14,3.16667,101.7,-2403010,4,"Kuala Lumpur, Kuala Lumpur, Malaysia",MY,MY14,3.16667,101.7,-2403010,20200427,https://www.thestar.com.my/news/nation/2020/04/27/great-man-with-a-heart-of-gold
920323777,20200427,202004,2020,2020.3205,MYS,KUALA LUMPUR,MYS,,,,,,,,,,,,,,,,,,1,010,010,01,1,0.0,44,5,44,-3.24552972975081,4,"Kuala Lumpur, Kuala Lumpur, Malaysia",MY,MY14,3.16667,101.7,-2403010,0,,,,,,,4,"Kuala Lumpur, Kuala Lumpur, Malaysia",MY,MY14,3.16667,101.7,-2403010,20200427,https://www.thestar.com.my/news/nation/2020/04/27/great-man-with-a-heart-of-gold
920323781,20200427,202004,2020,2020.3205,MYS,MALAYSIAN,MYS,,,,,,,,GBR,BIRMINGHAM,GBR,,,,,,,,1,017,017,01,1,0.0,6,1,6,2.55220417633411,4,"Kuala Lumpur, Kuala Lumpur, Malaysia",MY,MY14,3.16667,101.7,-2403010,4,"Kuala Lumpur, Kuala Lumpur, Malaysia",MY,MY14,3.16667,101.7,-2403010,4,"Kuala Lumpur, Kuala Lumpur, Malaysia",MY,MY14,3.16667,101.7,-2403010,20200427,https://www.thestar.com.my/news/nation/2020/04/27/great-man-with-a-heart-of-gold
920325191,20200427,202004,2020,2020.3205,EDU,STUDENT,,,,,,EDU,,,,,,,,,,,,,1,141,141,14,3,-6.5,45,5,45,1.03234137688034,0,,,,,,,0,,,,,,,0,,,,,,,20200427,http://dailyorange.com/2020/04/justine-hastings-ryan-golden-hope-include-notagainsu-sa-discussions/
920325264,20200427,202004,2020,2020.3205,GOV,CHANCELLOR,,,,,,GOV,,,,,,,,,,,,,1,084,084,08,2,7.0,190,23,190,-1.49465028469591,0,,,,,,,0,,,,,,,0,,,,,,,20200427,http://dailyorange.com/2020/04/justine-hastings-ryan-golden-hope-include-notagainsu-sa-discussions/
920325386,20200427,202004,2020,2020.3205,GOVHLH,HEALTH OFFICIAL,,,,,,GOV,HLH,,GOV,CHANCELLOR,,,,,,GOV,,,1,084,084,08,2,7.0,5,1,5,1.86125211505922,0,,,,,,,0,,,,,,,0,,,,,,,20200427,http://dailyorange.com/2020/04/justine-hastings-ryan-golden-hope-include-notagainsu-sa-discussions/
920329842,20200427,202004,2020,2020.3205,EDU,SCHOOL,,,,,,EDU,,,,,,,,,,,,,0,036,036,03,1,4.0,6,1,6,3.0441400304414,2,"Alaska, United States",US,USAK,61.385,-152.268,AK,0,,,,,,,2,"Alaska, United States",US,USAK,61.385,-152.268,AK,20200427,https://www.dailygamecock.com/article/2020/04/students-win-goldwater-news-poag
920329853,20200427,202004,2020,2020.3205,EDU,PROFESSOR,,,,,,EDU,,,,,,,,,,,,,1,110,110,11,3,-2.0,11,2,11,0.830825775589365,2,"Alaska, United States",US,USAK,61.385,-152.268,AK,0,,,,,,,2,"Alaska, United States",US,USAK,61.385,-152.268,AK,20200427,https://www.dailygamecock.com/article/2020/04/students-win-goldwater-news-poag
920329872,20200427,202004,2020,2020.3205,EDU,PROFESSOR,,,,,,EDU,,,USA,UNITED STATES,USA,,,,,,,,0,043,043,04,1,2.8,2,1,2,3.0441400304414,2,"Alaska, United States",US,USAK,61.385,-152.268,AK,2,"South Carolina, United States",US,USSC,33.8191,-80.9066,SC,2,"Alaska, United States",US,USAK,61.385,-152.268,AK,20200427,https://www.dailygamecock.com/article/2020/04/students-win-goldwater-news-poag
920329873,20200427,202004,2020,2020.3205,EDU,PROFESSOR,,,,,,EDU,,,USA,UNITED STATES,USA,,,,,,,,0,043,043,04,1,2.8,2,1,2,3.0441400304414,2,"Alaska, United States",US,USAK,61.385,-152.268,AK,2,"South Carolina, United States",US,USSC,33.8191,-80.9066,SC,2,"South Carolina, United States",US,USSC,33.8191,-80.9066,SC,20200427,https://www.dailygamecock.com/article/2020/04/students-win-goldwater-news-poag
920330319,20200427,202004,2020,2020.3205,USA,UNITED STATES,USA,,,,,,,,,,,,,,,,,,1,110,110,11,3,-2.0,8,2,8,0.849424275310385,2,"South Carolina, United States",US,USSC,33.8191,-80.9066,SC,0,,,,,,,2,"South Carolina, United States",US,USSC,33.8191,-80.9066,SC,20200427,https://www.dailygamecock.com/article/2020/04/students-win-goldwater-news-poag
920330349,20200427,202004,2020,2020.3205,USA,UNITED STATES,USA,,,,,,,,EDU,SCHOOL,,,,,,EDU,,,0,036,036,03,1,4.0,4,1,4,3.0441400304414,2,"South Carolina, United States",US,USSC,33.8191,-80.9066,SC,2,"South Carolina, United States",US,USSC,33.8191,-80.9066,SC,2,"South Carolina, United States",US,USSC,33.8191,-80.9066,SC,20200427,https://www.dailygamecock.com/article/2020/04/students-win-goldwater-news-poag
920330353,20200427,202004,2020,2020.3205,USA,UNITED STATES,USA,,,,,,,,EDU,PROFESSOR,,,,,,EDU,,,0,042,042,04,1,1.9,2,1,2,3.0441400304414,2,"South Carolina, United States",US,USSC,33.8191,-80.9066,SC,2,"Alaska, United States",US,USAK,61.385,-152.268,AK,2,"Alaska, United States",US,USAK,61.385,-152.268,AK,20200427,https://www.dailygamecock.com/article/2020/04/students-win-goldwater-news-poag
920330354,20200427,202004,2020,2020.3205,USA,UNITED STATES,USA,,,,,,,,EDU,PROFESSOR,,,,,,EDU,,,0,042,042,04,1,1.9,1,1,1,3.0441400304414,2,"South Carolina, United States",US,USSC,33.8191,-80.9066,SC,2,"Alaska, United States",US,USAK,61.385,-152.268,AK,2,"South Carolina, United States",US,USSC,33.8191,-80.9066,SC,20200427,https://www.dailygamecock.com/article/2020/04/students-win-goldwater-news-poag
920330355,20200427,202004,2020,2020.3205,USA,UNITED STATES,USA,,,,,,,,EDU,PROFESSOR,,,,,,EDU,,,0,042,042,04,1,1.9,1,1,1,3.0441400304414,2,"South Carolina, United States",US,USSC,33.8191,-80.9066,SC,2,"South Carolina, United States",US,USSC,33.8191,-80.9066,SC,2,"South Carolina, United States",US,USSC,33.8191,-80.9066,SC,20200427,https://www.dailygamecock.com/article/2020/04/students-win-goldwater-news-poag
920333485,20200427,202004,2020,2020.3205,,,,,,,,,,,PRK,NORTH KOREA,PRK,,,,,,,,0,046,046,04,1,7.0,2,1,2,-2.43243243243243,0,,,,,,,4,"Pyongyang, P'yongyang-si, North Korea",KN,KN12,39.0194,125.755,-183459,4,"Pyongyang, P'yongyang-si, North Korea",KN,KN12,39.0194,125.755,-183459,20200427,https://www.goldcoastbulletin.com.au/rumours-intensify-about-kim-jonguns-seriously-ill-health-as-chinese-doctors-are-sent-to-treat-him/news-story/7d6a89f13037ca4037d1c4e9c91fdfe8?nk=6e214a52c70cfa6999ef4018ae3407ac-1587952913
920333544,20200427,202004,2020,2020.3205,BUS,INVESTOR,,,,,,BUS,,,,,,,,,,,,,1,071,071,07,2,7.4,45,4,35,-1.30510924336327,1,Russia,RS,RS,60,100,RS,0,,,,,,,1,Russia,RS,RS,60,100,RS,20200427,https://www.moneymanagement.com.au/news/funds-management/gold-still-safe-haven-super-funds
920333582,20200427,202004,2020,2020.3205,CHN,CHINESE,CHN,,,,,,,,PRK,NORTH KOREA,PRK,,,,,,,,1,042,042,04,1,1.9,2,2,2,-2.43243243243243,4,"Pyongyang, P'yongyang-si, North Korea",KN,KN12,39.0194,125.755,-183459,4,"Beijing, Beijing, China",CH,CH22,39.9289,116.388,-1898541,4,"Pyongyang, P'yongyang-si, North Korea",KN,KN12,39.0194,125.755,-183459,20200427,https://www.goldcoastbulletin.com.au/rumours-intensify-about-kim-jonguns-seriously-ill-health-as-chinese-doctors-are-sent-to-treat-him/news-story/7d6a89f13037ca4037d1c4e9c91fdfe8?nk=6e214a52c70cfa6999ef4018ae3407ac-1587952913
920333583,20200427,202004,2020,2020.3205,CHN,CHINESE,CHN,,,,,,,,PRK,NORTH KOREA,PRK,,,,,,,,1,042,042,04,1,1.9,15,5,15,-3.7367982133692,4,"Beijing, Beijing, China",CH,CH22,39.9289,116.388,-1898541,4,"Pyongyang, P'yongyang-si, North Korea",KN,KN12,39.0194,125.755,-183459,4,"Beijing, Beijing, China",CH,CH22,39.9289,116.388,-1898541,20200427,https://www.goldcoastbulletin.com.au/rumours-intensify-about-kim-jonguns-seriously-ill-health-as-chinese-doctors-are-sent-to-treat-him/news-story/7d6a89f13037ca4037d1c4e9c91fdfe8?nk=6e214a52c70cfa6999ef4018ae3407ac-1587952913
920333584,20200427,202004,2020,2020.3205,CHN,CHINA,CHN,,,,,,,,PRK,NORTH KOREA,PRK,,,,,,,,1,042,042,04,1,1.9,6,4,6,-2.66594193141893,4,"Beijing, Beijing, China",CH,CH22,39.9289,116.388,-1898541,4,"Beijing, Beijing, China",CH,CH22,39.9289,116.388,-1898541,4,"Beijing, Beijing, China",CH,CH22,39.9289,116.388,-1898541,20200427,https://www.goldcoastbulletin.com.au/rumours-intensify-about-kim-jonguns-seriously-ill-health-as-chinese-doctors-are-sent-to-treat-him/news-story/7d6a89f13037ca4037d1c4e9c91fdfe8?nk=6e214a52c70cfa6999ef4018ae3407ac-1587952913
920333585,20200427,202004,2020,2020.3205,CHN,CHINESE,CHN,,,,,,,,PRK,NORTH KOREA,PRK,,,,,,,,0,042,042,04,1,1.9,2,2,2,-2.43243243243243,4,"Beijing, Beijing, China",CH,CH22,39.9289,116.388,-1898541,4,"Wonsan, Kangwon-do, North Korea",KN,KN09,39.1528,127.444,-190685,4,"Wonsan, Kangwon-do, North Korea",KN,KN09,39.1528,127.444,-190685,20200427,https://www.goldcoastbulletin.com.au/rumours-intensify-about-kim-jonguns-seriously-ill-health-as-chinese-doctors-are-sent-to-treat-him/news-story/7d6a89f13037ca4037d1c4e9c91fdfe8?nk=6e214a52c70cfa6999ef4018ae3407ac-1587952913
920333586,20200427,202004,2020,2020.3205,CHN,CHINESE,CHN,,,,,,,,PRK,NORTH KOREA,PRK,,,,,,,,0,042,042,04,1,1.9,2,2,2,-2.43243243243243,4,"Wonsan, Kangwon-do, North Korea",KN,KN09,39.1528,127.444,-190685,4,"Wonsan, Kangwon-do, North Korea",KN,KN09,39.1528,127.444,-190685,4,"Wonsan, Kangwon-do, North Korea",KN,KN09,39.1528,127.444,-190685,20200427,https://www.goldcoastbulletin.com.au/rumours-intensify-about-kim-jonguns-seriously-ill-health-as-chinese-doctors-are-sent-to-treat-him/news-story/7d6a89f13037ca4037d1c4e9c91fdfe8?nk=6e214a52c70cfa6999ef4018ae3407ac-1587952913
920333587,20200427,202004,2020,2020.3205,CHN,CHINESE,CHN,,,,,,,,PRK,NORTH KOREA,PRK,,,,,,,,1,042,042,04,1,1.9,6,2,6,-2.43243243243243,1,Singapore,SN,SN,1.366667,103.8,SN,4,"Pyongyang, P'yongyang-si, North Korea",KN,KN12,39.0194,125.755,-183459,1,Singapore,SN,SN,1.366667,103.8,SN,20200427,https://www.goldcoastbulletin.com.au/rumours-intensify-about-kim-jonguns-seriously-ill-health-as-chinese-doctors-are-sent-to-treat-him/news-story/7d6a89f13037ca4037d1c4e9c91fdfe8?nk=6e214a52c70cfa6999ef4018ae3407ac-1587952913
920333591,20200427,202004,2020,2020.3205,CHN,CHINESE,CHN,,,,,,,,USAMED,REUTERS,USA,,,,,MED,,,1,042,042,04,1,1.9,6,2,6,-2.43243243243243,1,Singapore,SN,SN,1.366667,103.8,SN,4,"Pyongyang, P'yongyang-si, North Korea",KN,KN12,39.0194,125.755,-183459,1,Singapore,SN,SN,1.366667,103.8,SN,20200427,https://www.goldcoastbulletin.com.au/rumours-intensify-about-kim-jonguns-seriously-ill-health-as-chinese-doctors-are-sent-to-treat-him/news-story/7d6a89f13037ca4037d1c4e9c91fdfe8?nk=6e214a52c70cfa6999ef4018ae3407ac-1587952913
920333593,20200427,202004,2020,2020.3205,CHNHLH,CHINA,CHN,,,,,HLH,,,PRK,NORTH KOREA,PRK,,,,,,,,0,042,042,04,1,1.9,4,2,4,-2.43243243243243,4,"Beijing, Beijing, China",CH,CH22,39.9289,116.388,-1898541,4,"Wonsan, Kangwon-do, North Korea",KN,KN09,39.1528,127.444,-190685,4,"Beijing, Beijing, China",CH,CH22,39.9289,116.388,-1898541,20200427,https://www.goldcoastbulletin.com.au/rumours-intensify-about-kim-jonguns-seriously-ill-health-as-chinese-doctors-are-sent-to-treat-him/news-story/7d6a89f13037ca4037d1c4e9c91fdfe8?nk=6e214a52c70cfa6999ef4018ae3407ac-1587952913
920333594,20200427,202004,2020,2020.3205,CHNHLH,CHINESE,CHN,,,,,HLH,,,PRK,NORTH KOREA,PRK,,,,,,,,0,042,042,04,1,1.9,8,2,8,-2.43243243243243,4,"Beijing, Beijing, China",CH,CH22,39.9289,116.388,-1898541,4,"Wonsan, Kangwon-do, North Korea",KN,KN09,39.1528,127.444,-190685,4,"Wonsan, Kangwon-do, North Korea",KN,KN09,39.1528,127.444,-190685,20200427,https://www.goldcoastbulletin.com.au/rumours-intensify-about-kim-jonguns-seriously-ill-health-as-chinese-doctors-are-sent-to-treat-him/news-story/7d6a89f13037ca4037d1c4e9c91fdfe8?nk=6e214a52c70cfa6999ef4018ae3407ac-1587952913
920333689,20200427,202004,2020,2020.3205,GOV,SECRETARY OF STATE,,,,,,GOV,,,,,,,,,,,,,1,010,010,01,1,0.0,75,7,53,-1.02759235542963,4,"Pyongyang, P'yongyang-si, North Korea",KN,KN12,39.0194,125.755,-183459,0,,,,,,,4,"Pyongyang, P'yongyang-si, North Korea",KN,KN12,39.0194,125.755,-183459,20200427,https://www.goldcoastbulletin.com.au/rumours-intensify-about-kim-jonguns-seriously-ill-health-as-chinese-doctors-are-sent-to-treat-him/news-story/7d6a89f13037ca4037d1c4e9c91fdfe8?nk=6e214a52c70cfa6999ef4018ae3407ac-1587952913
920333745,20200427,202004,2020,2020.3205,GOV,SECRETARY OF STATE,,,,,,GOV,,,PRK,NORTH KOREA,PRK,,,,,,,,1,010,010,01,1,0.0,23,5,23,-0.424621271971724,4,"Pyongyang, P'yongyang-si, North Korea",KN,KN12,39.0194,125.755,-183459,4,"Pyongyang, P'yongyang-si, North Korea",KN,KN12,39.0194,125.755,-183459,4,"Pyongyang, P'yongyang-si, North Korea",KN,KN12,39.0194,125.755,-183459,20200427,https://www.goldcoastbulletin.com.au/rumours-intensify-about-kim-jonguns-seriously-ill-health-as-chinese-doctors-are-sent-to-treat-him/news-story/7d6a89f13037ca4037d1c4e9c91fdfe8?nk=6e214a52c70cfa6999ef4018ae3407ac-1587952913
920333746,20200427,202004,2020,2020.3205,GOV,PRESIDENT,,,,,,GOV,,,PRK,NORTH KOREA,PRK,,,,,,,,0,011,011,01,1,-0.1,16,2,16,-2.43243243243243,4,"Pyongyang, P'yongyang-si, North Korea",KN,KN12,39.0194,125.755,-183459,4,"Pyongyang, P'yongyang-si, North Korea",KN,KN12,39.0194,125.755,-183459,4,"Pyongyang, P'yongyang-si, North Korea",KN,KN12,39.0194,125.755,-183459,20200427,https://www.goldcoastbulletin.com.au/rumours-intensify-about-kim-jonguns-seriously-ill-health-as-chinese-doctors-are-sent-to-treat-him/news-story/7d6a89f13037ca4037d1c4e9c91fdfe8?nk=6e214a52c70cfa6999ef4018ae3407ac-1587952913
920333750,20200427,202004,2020,2020.3205,GOV,PRESIDENT,,,,,,GOV,,,PRK,NORTH KOREA,PRK,,,,,,,,0,120,120,12,3,-4.0,20,3,20,-1.98004456068972,4,"Pyongyang, P'yongyang-si, North Korea",KN,KN12,39.0194,125.755,-183459,4,"Pyongyang, P'yongyang-si, North Korea",KN,KN12,39.0194,125.755,-183459,4,"Pyongyang, P'yongyang-si, North Korea",KN,KN12,39.0194,125.755,-183459,20200427,https://www.goldcoastbulletin.com.au/rumours-intensify-about-kim-jonguns-seriously-ill-health-as-chinese-doctors-are-sent-to-treat-him/news-story/7d6a89f13037ca4037d1c4e9c91fdfe8?nk=6e214a52c70cfa6999ef4018ae3407ac-1587952913
920333988,20200427,202004,2020,2020.3205,PRK,NORTH KOREA,PRK,,,,,,,,,,,,,,,,,,0,011,011,01,1,-0.1,14,3,14,-3.10380389850588,4,"Pyongyang, P'yongyang-si, North Korea",KN,KN12,39.0194,125.755,-183459,0,,,,,,,4,"Pyongyang, P'yongyang-si, North Korea",KN,KN12,39.0194,125.755,-183459,20200427,https://www.goldcoastbulletin.com.au/rumours-intensify-about-kim-jonguns-seriously-ill-health-as-chinese-doctors-are-sent-to-treat-him/news-story/7d6a89f13037ca4037d1c4e9c91fdfe8?nk=6e214a52c70cfa6999ef4018ae3407ac-1587952913
920333989,20200427,202004,2020,2020.3205,PRK,NORTH KOREA,PRK,,,,,,,,,,,,,,,,,,0,046,046,04,1,7.0,30,4,30,-2.65730201965861,4,"Pyongyang, P'yongyang-si, North Korea",KN,KN12,39.0194,125.755,-183459,0,,,,,,,4,"Pyongyang, P'yongyang-si, North Korea",KN,KN12,39.0194,125.755,-183459,20200427,https://www.goldcoastbulletin.com.au/rumours-intensify-about-kim-jonguns-seriously-ill-health-as-chinese-doctors-are-sent-to-treat-him/news-story/7d6a89f13037ca4037d1c4e9c91fdfe8?nk=6e214a52c70cfa6999ef4018ae3407ac-1587952913
920333990,20200427,202004,2020,2020.3205,PRK,NORTH KOREA,PRK,,,,,,,,,,,,,,,,,,0,120,120,12,3,-4.0,4,2,4,-2.43243243243243,4,"Pyongyang, P'yongyang-si, North Korea",KN,KN12,39.0194,125.755,-183459,0,,,,,,,4,"Pyongyang, P'yongyang-si, North Korea",KN,KN12,39.0194,125.755,-183459,20200427,https://www.goldcoastbulletin.com.au/rumours-intensify-about-kim-jonguns-seriously-ill-health-as-chinese-doctors-are-sent-to-treat-him/news-story/7d6a89f13037ca4037d1c4e9c91fdfe8?nk=6e214a52c70cfa6999ef4018ae3407ac-1587952913
920333991,20200427,202004,2020,2020.3205,PRK,NORTH KOREA,PRK,,,,,,,,CHN,CHINESE,CHN,,,,,,,,1,043,043,04,1,2.8,15,3,15,-2.46805451158534,4,"Pyongyang, P'yongyang-si, North Korea",KN,KN12,39.0194,125.755,-183459,4,"Beijing, Beijing, China",CH,CH22,39.9289,116.388,-1898541,4,"Beijing, Beijing, China",CH,CH22,39.9289,116.388,-1898541,20200427,https://www.goldcoastbulletin.com.au/rumours-intensify-about-kim-jonguns-seriously-ill-health-as-chinese-doctors-are-sent-to-treat-him/news-story/7d6a89f13037ca4037d1c4e9c91fdfe8?nk=6e214a52c70cfa6999ef4018ae3407ac-1587952913
920333992,20200427,202004,2020,2020.3205,PRK,NORTH KOREA,PRK,,,,,,,,CHN,CHINESE,CHN,,,,,,,,1,043,043,04,1,2.8,2,2,2,-2.43243243243243,4,"Beijing, Beijing, China",CH,CH22,39.9289,116.388,-1898541,4,"Pyongyang, P'yongyang-si, North Korea",KN,KN12,39.0194,125.755,-183459,4,"Pyongyang, P'yongyang-si, North Korea",KN,KN12,39.0194,125.755,-183459,20200427,https://www.goldcoastbulletin.com.au/rumours-intensify-about-kim-jonguns-seriously-ill-health-as-chinese-doctors-are-sent-to-treat-him/news-story/7d6a89f13037ca4037d1c4e9c91fdfe8?nk=6e214a52c70cfa6999ef4018ae3407ac-1587952913
920333993,20200427,202004,2020,2020.3205,PRK,NORTH KOREA,PRK,,,,,,,,CHN,CHINA,CHN,,,,,,,,1,043,043,04,1,2.8,7,3,7,-2.46805451158534,4,"Beijing, Beijing, China",CH,CH22,39.9289,116.388,-1898541,4,"Beijing, Beijing, China",CH,CH22,39.9289,116.388,-1898541,4,"Beijing, Beijing, China",CH,CH22,39.9289,116.388,-1898541,20200427,https://www.goldcoastbulletin.com.au/rumours-intensify-about-kim-jonguns-seriously-ill-health-as-chinese-doctors-are-sent-to-treat-him/news-story/7d6a89f13037ca4037d1c4e9c91fdfe8?nk=6e214a52c70cfa6999ef4018ae3407ac-1587952913
920333994,20200427,202004,2020,2020.3205,PRK,NORTH KOREA,PRK,,,,,,,,GOV,PRESIDENT,,,,,,GOV,,,1,013,013,01,1,0.4,10,3,10,-2.25881795774269,4,"Pyongyang, P'yongyang-si, North Korea",KN,KN12,39.0194,125.755,-183459,4,"Pyongyang, P'yongyang-si, North Korea",KN,KN12,39.0194,125.755,-183459,4,"Pyongyang, P'yongyang-si, North Korea",KN,KN12,39.0194,125.755,-183459,20200427,https://www.goldcoastbulletin.com.au/rumours-intensify-about-kim-jonguns-seriously-ill-health-as-chinese-doctors-are-sent-to-treat-him/news-story/7d6a89f13037ca4037d1c4e9c91fdfe8?nk=6e214a52c70cfa6999ef4018ae3407ac-1587952913
920333998,20200427,202004,2020,2020.3205,PRK,NORTH KOREA,PRK,,,,,,,,USAMED,REUTERS,USA,,,,,MED,,,1,042,042,04,1,1.9,4,2,4,-2.43243243243243,4,"Pyongyang, P'yongyang-si, North Korea",KN,KN12,39.0194,125.755,-183459,4,"Pyongyang, P'yongyang-si, North Korea",KN,KN12,39.0194,125.755,-183459,1,Singapore,SN,SN,1.366667,103.8,SN,20200427,https://www.goldcoastbulletin.com.au/rumours-intensify-about-kim-jonguns-seriously-ill-health-as-chinese-doctors-are-sent-to-treat-him/news-story/7d6a89f13037ca4037d1c4e9c91fdfe8?nk=6e214a52c70cfa6999ef4018ae3407ac-1587952913
920333999,20200427,202004,2020,2020.3205,PRK,NORTH KOREA,PRK,,,,,,,,USAMED,REUTERS,USA,,,,,MED,,,1,042,042,04,1,1.9,4,2,4,-2.43243243243243,4,"Pyongyang, P'yongyang-si, North Korea",KN,KN12,39.0194,125.755,-183459,4,"Beijing, Beijing, China",CH,CH22,39.9289,116.388,-1898541,4,"Pyongyang, P'yongyang-si, North Korea",KN,KN12,39.0194,125.755,-183459,20200427,https://www.goldcoastbulletin.com.au/rumours-intensify-about-kim-jonguns-seriously-ill-health-as-chinese-doctors-are-sent-to-treat-him/news-story/7d6a89f13037ca4037d1c4e9c91fdfe8?nk=6e214a52c70cfa6999ef4018ae3407ac-1587952913
920334004,20200427,202004,2020,2020.3205,PRKGOV,NORTH KOREA,PRK,,,,,GOV,,,,,,,,,,,,,0,010,010,01,1,0.0,10,3,10,-0.134485446985445,4,"Pyongyang, P'yongyang-si, North Korea",KN,KN12,39.0194,125.755,-183459,0,,,,,,,4,"Pyongyang, P'yongyang-si, North Korea",KN,KN12,39.0194,125.755,-183459,20200427,https://www.goldcoastbulletin.com.au/rumours-intensify-about-kim-jonguns-seriously-ill-health-as-chinese-doctors-are-sent-to-treat-him/news-story/7d6a89f13037ca4037d1c4e9c91fdfe8?nk=6e214a52c70cfa6999ef4018ae3407ac-1587952913
920334102,20200427,202004,2020,2020.3205,USA,NEW YORK,USA,,,,,,,,CHN,CHINA,CHN,,,,,,,,0,010,010,01,1,0.0,2,2,2,-2.43243243243243,4,"Beijing, Beijing, China",CH,CH22,39.9289,116.388,-1898541,4,"Pyongyang, P'yongyang-si, North Korea",KN,KN12,39.0194,125.755,-183459,2,"New York, United States",US,USNY,42.1497,-74.9384,NY,20200427,https://www.goldcoastbulletin.com.au/rumours-intensify-about-kim-jonguns-seriously-ill-health-as-chinese-doctors-are-sent-to-treat-him/news-story/7d6a89f13037ca4037d1c4e9c91fdfe8?nk=6e214a52c70cfa6999ef4018ae3407ac-1587952913
920334103,20200427,202004,2020,2020.3205,USA,NEW YORK,USA,,,,,,,,CHN,BEIJING,CHN,,,,,,,,0,010,010,01,1,0.0,6,2,6,-2.43243243243243,2,"New York, United States",US,USNY,42.1497,-74.9384,NY,4,"Beijing, Beijing, China",CH,CH22,39.9289,116.388,-1898541,4,"Beijing, Beijing, China",CH,CH22,39.9289,116.388,-1898541,20200427,https://www.goldcoastbulletin.com.au/rumours-intensify-about-kim-jonguns-seriously-ill-health-as-chinese-doctors-are-sent-to-treat-him/news-story/7d6a89f13037ca4037d1c4e9c91fdfe8?nk=6e214a52c70cfa6999ef4018ae3407ac-1587952913
920334104,20200427,202004,2020,2020.3205,USA,NEW YORK,USA,,,,,,,,CHN,CHINA,CHN,,,,,,,,0,010,010,01,1,0.0,2,2,2,-2.43243243243243,2,"New York, United States",US,USNY,42.1497,-74.9384,NY,4,"Beijing, Beijing, China",CH,CH22,39.9289,116.388,-1898541,1,Hong Kong,HK,HK,22.25,114.166667,HK,20200427,https://www.goldcoastbulletin.com.au/rumours-intensify-about-kim-jonguns-seriously-ill-health-as-chinese-doctors-are-sent-to-treat-him/news-story/7d6a89f13037ca4037d1c4e9c91fdfe8?nk=6e214a52c70cfa6999ef4018ae3407ac-1587952913
920334171,20200427,202004,2020,2020.3205,USAGOV,US OFFICIAL,USA,,,,,GOV,,,GOV,PRESIDENT,,,,,,GOV,,,0,012,012,01,1,-0.4,12,2,12,-2.43243243243243,4,"Seoul, Soul-t'ukpyolsi, South Korea",KS,KS11,37.5664,127,-716583,1,Japan,JA,JA,36,138,JA,1,Japan,JA,JA,36,138,JA,20200427,https://www.goldcoastbulletin.com.au/rumours-intensify-about-kim-jonguns-seriously-ill-health-as-chinese-doctors-are-sent-to-treat-him/news-story/7d6a89f13037ca4037d1c4e9c91fdfe8?nk=6e214a52c70cfa6999ef4018ae3407ac-1587952913
920334172,20200427,202004,2020,2020.3205,USAGOV,US OFFICIAL,USA,,,,,GOV,,,GOV,PRESIDENT,,,,,,GOV,,,0,013,013,01,1,0.4,4,2,4,-2.43243243243243,4,"Wonsan, Kangwon-do, North Korea",KN,KN09,39.1528,127.444,-190685,4,"Wonsan, Kangwon-do, North Korea",KN,KN09,39.1528,127.444,-190685,4,"Wonsan, Kangwon-do, North Korea",KN,KN09,39.1528,127.444,-190685,20200427,https://www.goldcoastbulletin.com.au/rumours-intensify-about-kim-jonguns-seriously-ill-health-as-chinese-doctors-are-sent-to-treat-him/news-story/7d6a89f13037ca4037d1c4e9c91fdfe8?nk=6e214a52c70cfa6999ef4018ae3407ac-1587952913
920334173,20200427,202004,2020,2020.3205,USAGOV,US OFFICIAL,USA,,,,,GOV,,,GOV,PRESIDENT,,,,,,GOV,,,0,013,013,01,1,0.4,12,2,12,-2.43243243243243,4,"Seoul, Soul-t'ukpyolsi, South Korea",KS,KS11,37.5664,127,-716583,1,Japan,JA,JA,36,138,JA,4,"Seoul, Soul-t'ukpyolsi, South Korea",KS,KS11,37.5664,127,-716583,20200427,https://www.goldcoastbulletin.com.au/rumours-intensify-about-kim-jonguns-seriously-ill-health-as-chinese-doctors-are-sent-to-treat-him/news-story/7d6a89f13037ca4037d1c4e9c91fdfe8?nk=6e214a52c70cfa6999ef4018ae3407ac-1587952913
920334174,20200427,202004,2020,2020.3205,USAGOV,US OFFICIAL,USA,,,,,GOV,,,PRK,NORTH KOREA,PRK,,,,,,,,0,012,012,01,1,-0.4,4,2,4,-2.43243243243243,4,"Wonsan, Kangwon-do, North Korea",KN,KN09,39.1528,127.444,-190685,4,"Wonsan, Kangwon-do, North Korea",KN,KN09,39.1528,127.444,-190685,4,"Wonsan, Kangwon-do, North Korea",KN,KN09,39.1528,127.444,-190685,20200427,https://www.goldcoastbulletin.com.au/rumours-intensify-about-kim-jonguns-seriously-ill-health-as-chinese-doctors-are-sent-to-treat-him/news-story/7d6a89f13037ca4037d1c4e9c91fdfe8?nk=6e214a52c70cfa6999ef4018ae3407ac-1587952913
920334175,20200427,202004,2020,2020.3205,USAGOV,US OFFICIAL,USA,,,,,GOV,,,PRKGOV,NORTH KOREA,PRK,,,,,GOV,,,0,012,012,01,1,-0.4,4,2,4,-2.43243243243243,4,"Wonsan, Kangwon-do, North Korea",KN,KN09,39.1528,127.444,-190685,4,"Wonsan, Kangwon-do, North Korea",KN,KN09,39.1528,127.444,-190685,4,"Seoul, Soul-t'ukpyolsi, South Korea",KS,KS11,37.5664,127,-716583,20200427,https://www.goldcoastbulletin.com.au/rumours-intensify-about-kim-jonguns-seriously-ill-health-as-chinese-doctors-are-sent-to-treat-him/news-story/7d6a89f13037ca4037d1c4e9c91fdfe8?nk=6e214a52c70cfa6999ef4018ae3407ac-1587952913
920334176,20200427,202004,2020,2020.3205,USAGOV,US OFFICIAL,USA,,,,,GOV,,,PRKGOV,NORTH KOREA,PRK,,,,,GOV,,,0,013,013,01,1,0.4,4,2,4,-2.43243243243243,4,"Wonsan, Kangwon-do, North Korea",KN,KN09,39.1528,127.444,-190685,4,"Wonsan, Kangwon-do, North Korea",KN,KN09,39.1528,127.444,-190685,4,"Wonsan, Kangwon-do, North Korea",KN,KN09,39.1528,127.444,-190685,20200427,https://www.goldcoastbulletin.com.au/rumours-intensify-about-kim-jonguns-seriously-ill-health-as-chinese-doctors-are-sent-to-treat-him/news-story/7d6a89f13037ca4037d1c4e9c91fdfe8?nk=6e214a52c70cfa6999ef4018ae3407ac-1587952913
920334547,20200427,202004,2020,2020.3205,,,,,,,,,,,EDU,SCHOOL,,,,,,EDU,,,0,042,042,04,1,1.9,15,2,15,-0.52225484743044,0,,,,,,,1,New Zealand,NZ,NZ,-42,174,NZ,1,New Zealand,NZ,NZ,-42,174,NZ,20200427,https://www.onenewspage.com/n/Politics/1zlreqv8nv/Covid-19-coronavirus-Whoopi-Goldberg-praises-Prime-Minister.htm
920334818,20200427,202004,2020,2020.3205,EDU,SCHOOL,,,,,,EDU,,,,,,,,,,,,,0,043,043,04,1,2.8,15,2,15,-0.52225484743044,1,New Zealand,NZ,NZ,-42,174,NZ,0,,,,,,,1,New Zealand,NZ,NZ,-42,174,NZ,20200427,https://www.onenewspage.com/n/Politics/1zlreqv8nv/Covid-19-coronavirus-Whoopi-Goldberg-praises-Prime-Minister.htm
920335183,20200427,202004,2020,2020.3205,NZL,NEW ZEALAND,NZL,,,,,,,,GOV,PRIME MINISTER,,,,,,GOV,,,1,051,051,05,1,3.4,9,2,7,4.54595305988154,1,New Zealand,NZ,NZ,-42,174,NZ,1,New Zealand,NZ,NZ,-42,174,NZ,1,New Zealand,NZ,NZ,-42,174,NZ,20200427,https://www.onenewspage.com/n/Politics/1zlreqv8nv/Covid-19-coronavirus-Whoopi-Goldberg-praises-Prime-Minister.htm
920335185,20200427,202004,2020,2020.3205,NZL,NEW ZEALAND,NZL,,,,,,,,NZLGOV,NEW ZEALAND,NZL,,,,,GOV,,,1,051,051,05,1,3.4,4,1,2,-1.54639175257732,1,New Zealand,NZ,NZ,-42,174,NZ,1,New Zealand,NZ,NZ,-42,174,NZ,1,New Zealand,NZ,NZ,-42,174,NZ,20200427,https://www.onenewspage.com/n/Politics/1zlreqv8nv/Covid-19-coronavirus-Whoopi-Goldberg-praises-Prime-Minister.htm
920337224,20200427,202004,2020,2020.3205,,,,,,,,,,,HLH,HOSPITAL,,,,,,HLH,,,0,100,100,10,3,-5.0,6,1,6,-0.14587892049599,0,,,,,,,3,"Eutawville, South Carolina, United States",US,USSC,33.3946,-80.3473,1247697,3,"Eutawville, South Carolina, United States",US,USSC,33.3946,-80.3473,1247697,20200427,https://thetandd.com/news/local/gold-star-mom-gets-new-kidney-continues-work-in-memory-of-son/article_a7444170-acc9-52f3-98a6-ec2e2987d739.html
920337232,20200427,202004,2020,2020.3205,,,,,,,,,,,IRQ,IRAQ,IRQ,,,,,,,,0,036,036,03,1,4.0,4,1,4,-0.26465725165904,0,,,,,,,4,"Al Fallujah, Al Anbar, Iraq",IZ,IZ01,33.3558,43.7861,-3102259,4,"Al Fallujah, Al Anbar, Iraq",IZ,IZ01,33.3558,43.7861,-3102259,20200427,https://thetandd.com/news/local/gold-star-mom-gets-new-kidney-continues-work-in-memory-of-son/article_a7444170-acc9-52f3-98a6-ec2e2987d739.html
920337233,20200427,202004,2020,2020.3205,,,,,,,,,,,IRQ,IRAQ,IRQ,,,,,,,,0,046,046,04,1,7.0,2,1,2,-0.14587892049599,0,,,,,,,4,"Al Fallujah, Al Anbar, Iraq",IZ,IZ01,33.3558,43.7861,-3102259,4,"Al Fallujah, Al Anbar, Iraq",IZ,IZ01,33.3558,43.7861,-3102259,20200427,https://thetandd.com/news/local/gold-star-mom-gets-new-kidney-continues-work-in-memory-of-son/article_a7444170-acc9-52f3-98a6-ec2e2987d739.html
920337440,20200427,202004,2020,2020.3205,EDU,SCHOOL,,,,,,EDU,,,,,,,,,,,,,0,020,020,02,1,3.0,8,1,8,-0.26465725165904,4,"Al Fallujah, Al Anbar, Iraq",IZ,IZ01,33.3558,43.7861,-3102259,0,,,,,,,4,"Al Fallujah, Al Anbar, Iraq",IZ,IZ01,33.3558,43.7861,-3102259,20200427,https://thetandd.com/news/local/gold-star-mom-gets-new-kidney-continues-work-in-memory-of-son/article_a7444170-acc9-52f3-98a6-ec2e2987d739.html
920337441,20200427,202004,2020,2020.3205,EDU,SCHOOL,,,,,,EDU,,,,,,,,,,,,,0,020,020,02,1,3.0,12,1,12,-0.26465725165904,2,"South Carolina, United States",US,USSC,33.8191,-80.9066,SC,0,,,,,,,2,"South Carolina, United States",US,USSC,33.8191,-80.9066,SC,20200427,https://thetandd.com/news/local/gold-star-mom-gets-new-kidney-continues-work-in-memory-of-son/article_a7444170-acc9-52f3-98a6-ec2e2987d739.html
920337443,20200427,202004,2020,2020.3205,EDU,SCHOOL,,,,,,EDU,,,,,,,,,,,,,0,030,030,03,1,4.0,8,1,8,-0.26465725165904,4,"Al Fallujah, Al Anbar, Iraq",IZ,IZ01,33.3558,43.7861,-3102259,0,,,,,,,4,"Al Fallujah, Al Anbar, Iraq",IZ,IZ01,33.3558,43.7861,-3102259,20200427,https://thetandd.com/news/local/gold-star-mom-gets-new-kidney-continues-work-in-memory-of-son/article_a7444170-acc9-52f3-98a6-ec2e2987d739.html
920337445,20200427,202004,2020,2020.3205,EDU,SCHOOL,,,,,,EDU,,,,,,,,,,,,,0,030,030,03,1,4.0,12,1,12,-0.26465725165904,2,"South Carolina, United States",US,USSC,33.8191,-80.9066,SC,0,,,,,,,2,"South Carolina, United States",US,USSC,33.8191,-80.9066,SC,20200427,https://thetandd.com/news/local/gold-star-mom-gets-new-kidney-continues-work-in-memory-of-son/article_a7444170-acc9-52f3-98a6-ec2e2987d739.html
920337599,20200427,202004,2020,2020.3205,HLH,DOCTOR,,,,,,HLH,,,,,,,,,,,,,1,010,010,01,1,0.0,8,1,8,-0.26465725165904,4,"Al Fallujah, Al Anbar, Iraq",IZ,IZ01,33.3558,43.7861,-3102259,0,,,,,,,4,"Al Fallujah, Al Anbar, Iraq",IZ,IZ01,33.3558,43.7861,-3102259,20200427,https://thetandd.com/news/local/gold-star-mom-gets-new-kidney-continues-work-in-memory-of-son/article_a7444170-acc9-52f3-98a6-ec2e2987d739.html
920337601,20200427,202004,2020,2020.3205,HLH,DOCTOR,,,,,,HLH,,,,,,,,,,,,,1,020,020,02,1,3.0,8,1,8,-0.26465725165904,4,"Al Fallujah, Al Anbar, Iraq",IZ,IZ01,33.3558,43.7861,-3102259,0,,,,,,,4,"Al Fallujah, Al Anbar, Iraq",IZ,IZ01,33.3558,43.7861,-3102259,20200427,https://thetandd.com/news/local/gold-star-mom-gets-new-kidney-continues-work-in-memory-of-son/article_a7444170-acc9-52f3-98a6-ec2e2987d739.html
920337602,20200427,202004,2020,2020.3205,HLH,DOCTOR,,,,,,HLH,,,,,,,,,,,,,1,020,020,02,1,3.0,12,1,12,-0.26465725165904,4,"Baghdad, Baghdad, Iraq",IZ,IZ07,33.3386,44.3939,-3103581,0,,,,,,,4,"Baghdad, Baghdad, Iraq",IZ,IZ07,33.3386,44.3939,-3103581,20200427,https://thetandd.com/news/local/gold-star-mom-gets-new-kidney-continues-work-in-memory-of-son/article_a7444170-acc9-52f3-98a6-ec2e2987d739.html
920337603,20200427,202004,2020,2020.3205,HLH,CAREGIVER,,,,,,HLH,,,,,,,,,,,,,0,020,020,02,1,3.0,4,1,4,-0.26465725165904,3,"Charleston, South Carolina, United States",US,USSC,32.7766,-79.9309,1221516,0,,,,,,,3,"Charleston, South Carolina, United States",US,USSC,32.7766,-79.9309,1221516,20200427,https://thetandd.com/news/local/gold-star-mom-gets-new-kidney-continues-work-in-memory-of-son/article_a7444170-acc9-52f3-98a6-ec2e2987d739.html
920337614,20200427,202004,2020,2020.3205,HLH,CAREGIVER,,,,,,HLH,,,USA,UNITED STATES,USA,,,,,,,,0,020,020,02,1,3.0,4,1,4,-0.26465725165904,4,"Al Fallujah, Al Anbar, Iraq",IZ,IZ01,33.3558,43.7861,-3102259,4,"Al Fallujah, Al Anbar, Iraq",IZ,IZ01,33.3558,43.7861,-3102259,4,"Al Fallujah, Al Anbar, Iraq",IZ,IZ01,33.3558,43.7861,-3102259,20200427,https://thetandd.com/news/local/gold-star-mom-gets-new-kidney-continues-work-in-memory-of-son/article_a7444170-acc9-52f3-98a6-ec2e2987d739.html
920337615,20200427,202004,2020,2020.3205,HLH,CAREGIVER,,,,,,HLH,,,USA,UNITED STATES,USA,,,,,,,,0,020,020,02,1,3.0,4,1,4,-0.26465725165904,4,"Al Fallujah, Al Anbar, Iraq",IZ,IZ01,33.3558,43.7861,-3102259,3,"Charleston, South Carolina, United States",US,USSC,32.7766,-79.9309,1221516,3,"Charleston, South Carolina, United States",US,USSC,32.7766,-79.9309,1221516,20200427,https://thetandd.com/news/local/gold-star-mom-gets-new-kidney-continues-work-in-memory-of-son/article_a7444170-acc9-52f3-98a6-ec2e2987d739.html
920337616,20200427,202004,2020,2020.3205,HLH,CAREGIVER,,,,,,HLH,,,USA,UNITED STATES,USA,,,,,,,,0,020,020,02,1,3.0,8,1,8,-0.26465725165904,3,"Charleston, South Carolina, United States",US,USSC,32.7766,-79.9309,1221516,3,"Charleston, South Carolina, United States",US,USSC,32.7766,-79.9309,1221516,3,"Charleston, South Carolina, United States",US,USSC,32.7766,-79.9309,1221516,20200427,https://thetandd.com/news/local/gold-star-mom-gets-new-kidney-continues-work-in-memory-of-son/article_a7444170-acc9-52f3-98a6-ec2e2987d739.html
920337665,20200427,202004,2020,2020.3205,IRQ,IRAQ,IRQ,,,,,,,,,,,,,,,,,,0,046,046,04,1,7.0,6,1,6,-0.30425002871339,4,"Al Fallujah, Al Anbar, Iraq",IZ,IZ01,33.3558,43.7861,-3102259,0,,,,,,,4,"Al Fallujah, Al Anbar, Iraq",IZ,IZ01,33.3558,43.7861,-3102259,20200427,https://thetandd.com/news/local/gold-star-mom-gets-new-kidney-continues-work-in-memory-of-son/article_a7444170-acc9-52f3-98a6-ec2e2987d739.html
920337666,20200427,202004,2020,2020.3205,IRQ,IRAQ,IRQ,,,,,,,,HLH,DOCTOR,,,,,,HLH,,,0,020,020,02,1,3.0,4,1,4,-0.26465725165904,4,"Al Fallujah, Al Anbar, Iraq",IZ,IZ01,33.3558,43.7861,-3102259,3,"Orangeburg County, South Carolina, United States",US,USSC,33.4335,-80.7665,1248014,3,"Orangeburg County, South Carolina, United States",US,USSC,33.4335,-80.7665,1248014,20200427,https://thetandd.com/news/local/gold-star-mom-gets-new-kidney-continues-work-in-memory-of-son/article_a7444170-acc9-52f3-98a6-ec2e2987d739.html
920337667,20200427,202004,2020,2020.3205,IRQ,IRAQ,IRQ,,,,,,,,HLH,DOCTOR,,,,,,HLH,,,0,020,020,02,1,3.0,4,1,4,-0.26465725165904,4,"Al Fallujah, Al Anbar, Iraq",IZ,IZ01,33.3558,43.7861,-3102259,2,"South Carolina, United States",US,USSC,33.8191,-80.9066,SC,2,"South Carolina, United States",US,USSC,33.8191,-80.9066,SC,20200427,https://thetandd.com/news/local/gold-star-mom-gets-new-kidney-continues-work-in-memory-of-son/article_a7444170-acc9-52f3-98a6-ec2e2987d739.html
920337668,20200427,202004,2020,2020.3205,IRQ,IRAQ,IRQ,,,,,,,,HLH,HOSPITAL,,,,,,HLH,,,0,100,100,10,3,-5.0,8,1,8,-0.26465725165904,4,"Al Fallujah, Al Anbar, Iraq",IZ,IZ01,33.3558,43.7861,-3102259,4,"Al Fallujah, Al Anbar, Iraq",IZ,IZ01,33.3558,43.7861,-3102259,4,"Al Fallujah, Al Anbar, Iraq",IZ,IZ01,33.3558,43.7861,-3102259,20200427,https://thetandd.com/news/local/gold-star-mom-gets-new-kidney-continues-work-in-memory-of-son/article_a7444170-acc9-52f3-98a6-ec2e2987d739.html
920337669,20200427,202004,2020,2020.3205,IRQ,IRAQ,IRQ,,,,,,,,MIL,ARMY,,,,,,MIL,,,1,070,070,07,2,7.0,4,1,4,-0.26465725165904,4,"Al Fallujah, Al Anbar, Iraq",IZ,IZ01,33.3558,43.7861,-3102259,4,"Al Fallujah, Al Anbar, Iraq",IZ,IZ01,33.3558,43.7861,-3102259,4,"Al Fallujah, Al Anbar, Iraq",IZ,IZ01,33.3558,43.7861,-3102259,20200427,https://thetandd.com/news/local/gold-star-mom-gets-new-kidney-continues-work-in-memory-of-son/article_a7444170-acc9-52f3-98a6-ec2e2987d739.html
920337783,20200427,202004,2020,2020.3205,MIL,ARMY,,,,,,MIL,,,,,,,,,,,,,1,070,070,07,2,7.0,6,1,6,-0.26465725165904,4,"Baghdad, Baghdad, Iraq",IZ,IZ07,33.3386,44.3939,-3103581,0,,,,,,,4,"Baghdad, Baghdad, Iraq",IZ,IZ07,33.3386,44.3939,-3103581,20200427,https://thetandd.com/news/local/gold-star-mom-gets-new-kidney-continues-work-in-memory-of-son/article_a7444170-acc9-52f3-98a6-ec2e2987d739.html
920337991,20200427,202004,2020,2020.3205,USA,SOUTH CAROLINA,USA,,,,,,,,HLH,DOCTOR,,,,,,HLH,,,0,020,020,02,1,3.0,6,1,6,-0.26465725165904,2,"South Carolina, United States",US,USSC,33.8191,-80.9066,SC,3,"Orangeburg County, South Carolina, United States",US,USSC,33.4335,-80.7665,1248014,3,"Orangeburg County, South Carolina, United States",US,USSC,33.4335,-80.7665,1248014,20200427,https://thetandd.com/news/local/gold-star-mom-gets-new-kidney-continues-work-in-memory-of-son/article_a7444170-acc9-52f3-98a6-ec2e2987d739.html
920338642,20200427,202004,2020,2020.3205,COP,POLICE,,,,,,COP,,,JUD,MAGISTRATE,,,,,,JUD,,,1,173,173,17,4,-5.0,10,1,10,-4.34782608695652,1,Ghana,GH,GH,8,-2,GH,1,Ghana,GH,GH,8,-2,GH,1,Ghana,GH,GH,8,-2,GH,20200427,https://www.goldcoastbulletin.com.au/news/crime-court/man-alleged-to-be-treasurer-of-finks-bikie-gang-arrest-in-gold-coast-law-firm-office/news-story/36c97b8095335ce678b295ecb7b4c9af?nk=5f1fa1dc39f8c5869b6d5daa005aba37-1587956537
920338737,20200427,202004,2020,2020.3205,GHA,GHANA,GHA,,,,,,,,CRM,GANG,,,,,,CRM,,,1,173,173,17,4,-5.0,14,2,14,-3.28866522324302,1,Ghana,GH,GH,8,-2,GH,1,Ghana,GH,GH,8,-2,GH,1,Ghana,GH,GH,8,-2,GH,20200427,https://www.goldcoastbulletin.com.au/news/crime-court/man-alleged-to-be-treasurer-of-finks-bikie-gang-arrest-in-gold-coast-law-firm-office/news-story/36c97b8095335ce678b295ecb7b4c9af?nk=5f1fa1dc39f8c5869b6d5daa005aba37-1587956537
920338874,20200427,202004,2020,2020.3205,JUD,LAWYER,,,,,,JUD,,,GHA,GHANA,GHA,,,,,,,,1,173,173,17,4,-5.0,4,1,4,-4.34782608695652,1,Ghana,GH,GH,8,-2,GH,1,Ghana,GH,GH,8,-2,GH,1,Ghana,GH,GH,8,-2,GH,20200427,https://www.goldcoastbulletin.com.au/news/crime-court/man-alleged-to-be-treasurer-of-finks-bikie-gang-arrest-in-gold-coast-law-firm-office/news-story/36c97b8095335ce678b295ecb7b4c9af?nk=5f1fa1dc39f8c5869b6d5daa005aba37-1587956537
920342597,20200427,202004,2020,2020.3205,AUS,AUSTRALIA,AUS,,,,,,,,BUS,INDUSTRY,,,,,,BUS,,,0,020,020,02,1,3.0,4,1,4,0.21929824561404,4,"Coolangatta, Queensland, Australia",AS,AS04,-28.1667,153.533,-1566962,4,"Coolangatta, Queensland, Australia",AS,AS04,-28.1667,153.533,-1566962,4,"Coolangatta, Queensland, Australia",AS,AS04,-28.1667,153.533,-1566962,20200427,https://www.abc.net.au/news/2020-04-27/covid-19-restrictions-eased-gold-coast-beaches-set-to-reopen/12188136
920342880,20200427,202004,2020,2020.3205,GHAGOV,GHANA,GHA,,,,,GOV,,,,,,,,,,,,,1,020,020,02,1,3.0,6,1,6,0.21929824561404,1,Ghana,GH,GH,8,-2,GH,0,,,,,,,1,Ghana,GH,GH,8,-2,GH,20200427,https://www.abc.net.au/news/2020-04-27/covid-19-restrictions-eased-gold-coast-beaches-set-to-reopen/12188136
920342881,20200427,202004,2020,2020.3205,GHAGOV,GHANA,GHA,,,,,GOV,,,AUS,AUSTRALIAN,AUS,,,,,,,,1,020,020,02,1,3.0,2,1,2,0.21929824561404,4,"Coolangatta, Queensland, Australia",AS,AS04,-28.1667,153.533,-1566962,4,"Coolangatta, Queensland, Australia",AS,AS04,-28.1667,153.533,-1566962,4,"Coolangatta, Queensland, Australia",AS,AS04,-28.1667,153.533,-1566962,20200427,https://www.abc.net.au/news/2020-04-27/covid-19-restrictions-eased-gold-coast-beaches-set-to-reopen/12188136
920342882,20200427,202004,2020,2020.3205,GHAGOV,GHANA,GHA,,,,,GOV,,,AUSMED,AUSTRALIA,AUS,,,,,MED,,,1,020,020,02,1,3.0,4,1,4,0.21929824561404,4,"Coolangatta, Queensland, Australia",AS,AS04,-28.1667,153.533,-1566962,4,"Coolangatta, Queensland, Australia",AS,AS04,-28.1667,153.533,-1566962,4,"Coolangatta, Queensland, Australia",AS,AS04,-28.1667,153.533,-1566962,20200427,https://www.abc.net.au/news/2020-04-27/covid-19-restrictions-eased-gold-coast-beaches-set-to-reopen/12188136
920342928,20200427,202004,2020,2020.3205,GOV,PRIME MINISTER,,,,,,GOV,,,,,,,,,,,,,0,081,081,08,2,5.0,4,1,4,0.21929824561404,4,"Coolangatta, Queensland, Australia",AS,AS04,-28.1667,153.533,-1566962,0,,,,,,,4,"Coolangatta, Queensland, Australia",AS,AS04,-28.1667,153.533,-1566962,20200427,https://www.abc.net.au/news/2020-04-27/covid-19-restrictions-eased-gold-coast-beaches-set-to-reopen/12188136
920342930,20200427,202004,2020,2020.3205,GOV,PRIME MINISTER,,,,,,GOV,,,,,,,,,,,,,0,081,081,08,2,5.0,22,2,16,0.608402240014,1,Ghana,GH,GH,8,-2,GH,0,,,,,,,1,Ghana,GH,GH,8,-2,GH,20200427,https://www.abc.net.au/news/2020-04-27/covid-19-restrictions-eased-gold-coast-beaches-set-to-reopen/12188136
920342942,20200427,202004,2020,2020.3205,GOV,GOVERNMENT,,,,,,GOV,,,,,,,,,,,,,1,160,160,16,4,-4.0,2,1,2,0.21929824561404,4,"Coolangatta, Queensland, Australia",AS,AS04,-28.1667,153.533,-1566962,0,,,,,,,4,"Coolangatta, Queensland, Australia",AS,AS04,-28.1667,153.533,-1566962,20200427,https://www.abc.net.au/news/2020-04-27/covid-19-restrictions-eased-gold-coast-beaches-set-to-reopen/12188136
920342943,20200427,202004,2020,2020.3205,GOV,GOVERNMENT,,,,,,GOV,,,,,,,,,,,,,1,160,160,16,4,-4.0,3,1,3,0.21929824561404,1,Ghana,GH,GH,8,-2,GH,0,,,,,,,1,Ghana,GH,GH,8,-2,GH,20200427,https://www.abc.net.au/news/2020-04-27/covid-19-restrictions-eased-gold-coast-beaches-set-to-reopen/12188136
920342949,20200427,202004,2020,2020.3205,GOV,MAYOR,,,,,,GOV,,,AUSMED,AUSTRALIAN,AUS,,,,,MED,,,1,020,020,02,1,3.0,2,1,2,0.21929824561404,4,"Coolangatta, Queensland, Australia",AS,AS04,-28.1667,153.533,-1566962,4,"Coolangatta, Queensland, Australia",AS,AS04,-28.1667,153.533,-1566962,4,"Coolangatta, Queensland, Australia",AS,AS04,-28.1667,153.533,-1566962,20200427,https://www.abc.net.au/news/2020-04-27/covid-19-restrictions-eased-gold-coast-beaches-set-to-reopen/12188136
920345740,20200427,202004,2020,2020.3205,NZL,NEW ZEALANDER,NZL,,,,,,,,,,,,,,,,,,0,051,051,05,1,3.4,6,1,6,0.56497175141243,1,Germany,GM,GM,51.5,10.5,GM,0,,,,,,,1,Germany,GM,GM,51.5,10.5,GM,20200427,https://www.stuff.co.nz/entertainment/celebrities/121294645/whoopi-goldberg-praises-jacinda-ardern-as-a-voice-of-reason-during-coronavirus-pandemic
920345743,20200427,202004,2020,2020.3205,NZL,NEW ZEALANDER,NZL,,,,,,,,USA,UNITED STATES,USA,,,,,,,,0,051,051,05,1,3.4,2,1,2,0.56497175141243,1,New Zealand,NZ,NZ,-42,174,NZ,1,United States,US,US,39.828175,-98.5795,US,1,New Zealand,NZ,NZ,-42,174,NZ,20200427,https://www.stuff.co.nz/entertainment/celebrities/121294645/whoopi-goldberg-praises-jacinda-ardern-as-a-voice-of-reason-during-coronavirus-pandemic
920345744,20200427,202004,2020,2020.3205,NZL,NEW ZEALANDER,NZL,,,,,,,,USA,UNITED STATES,USA,,,,,,,,0,051,051,05,1,3.4,2,1,2,0.56497175141243,1,United States,US,US,39.828175,-98.5795,US,1,United States,US,US,39.828175,-98.5795,US,1,United States,US,US,39.828175,-98.5795,US,20200427,https://www.stuff.co.nz/entertainment/celebrities/121294645/whoopi-goldberg-praises-jacinda-ardern-as-a-voice-of-reason-during-coronavirus-pandemic
920345832,20200427,202004,2020,2020.3205,USA,UNITED STATES,USA,,,,,,,,,,,,,,,,,,1,051,051,05,1,3.4,4,1,4,0.56497175141243,1,Germany,GM,GM,51.5,10.5,GM,0,,,,,,,1,Germany,GM,GM,51.5,10.5,GM,20200427,https://www.stuff.co.nz/entertainment/celebrities/121294645/whoopi-goldberg-praises-jacinda-ardern-as-a-voice-of-reason-during-coronavirus-pandemic
920349266,20200328,202003,2020,2020.2411,AUS,QUEENSLAND,AUS,,,,,,,,,,,,,,,,,,0,172,172,17,4,-5.0,10,1,10,-3.49794238683128,1,Ghana,GH,GH,8,-2,GH,0,,,,,,,1,Ghana,GH,GH,8,-2,GH,20200427,https://www.dailymail.co.uk/news/article-8259755/Swedish-backpacker-dares-police-arrest-flouts-lockdown-sunbathing-Gold-Coast.html
920349280,20200427,202004,2020,2020.3205,,,,,,,,,,,AUS,AUSTRALIA,AUS,,,,,,,,1,173,173,17,4,-5.0,2,1,2,-3.49794238683128,0,,,,,,,1,Australia,AS,AS,-25,135,AS,1,Ghana,GH,GH,8,-2,GH,20200427,https://www.dailymail.co.uk/news/article-8259755/Swedish-backpacker-dares-police-arrest-flouts-lockdown-sunbathing-Gold-Coast.html
920349290,20200427,202004,2020,2020.3205,,,,,,,,,,,COP,POLICE,,,,,,COP,,,1,173,173,17,4,-5.0,2,1,2,-3.49794238683128,0,,,,,,,1,Ghana,GH,GH,8,-2,GH,1,Ghana,GH,GH,8,-2,GH,20200427,https://www.dailymail.co.uk/news/article-8259755/Swedish-backpacker-dares-police-arrest-flouts-lockdown-sunbathing-Gold-Coast.html
920349295,20200427,202004,2020,2020.3205,,,,,,,,,,,CVL,TRAVELLER,,,,,,CVL,,,1,111,111,11,3,-2.0,5,1,5,-3.49794238683128,0,,,,,,,1,Ghana,GH,GH,8,-2,GH,1,Ghana,GH,GH,8,-2,GH,20200427,https://www.dailymail.co.uk/news/article-8259755/Swedish-backpacker-dares-police-arrest-flouts-lockdown-sunbathing-Gold-Coast.html
920349303,20200427,202004,2020,2020.3205,,,,,,,,,,,GHA,GHANA,GHA,,,,,,,,0,042,042,04,1,1.9,4,1,4,-3.49794238683128,0,,,,,,,1,Ghana,GH,GH,8,-2,GH,1,Australia,AS,AS,-25,135,AS,20200427,https://www.dailymail.co.uk/news/article-8259755/Swedish-backpacker-dares-police-arrest-flouts-lockdown-sunbathing-Gold-Coast.html
920349360,20200427,202004,2020,2020.3205,AUS,QUEENSLAND,AUS,,,,,,,,,,,,,,,,,,1,081,081,08,2,5.0,75,19,75,2.75314896612025,1,Australia,AS,AS,-25,135,AS,0,,,,,,,1,Australia,AS,AS,-25,135,AS,20200427,https://www.dailymail.co.uk/news/article-8259755/Swedish-backpacker-dares-police-arrest-flouts-lockdown-sunbathing-Gold-Coast.html
920349365,20200427,202004,2020,2020.3205,AUS,QUEENSLAND,AUS,,,,,,,,GHA,GHANA,GHA,,,,,,,,0,081,081,08,2,5.0,1,1,1,-3.49794238683128,1,Australia,AS,AS,-25,135,AS,1,Ghana,GH,GH,8,-2,GH,1,Australia,AS,AS,-25,135,AS,20200427,https://www.dailymail.co.uk/news/article-8259755/Swedish-backpacker-dares-police-arrest-flouts-lockdown-sunbathing-Gold-Coast.html
920349366,20200427,202004,2020,2020.3205,AUS,QUEENSLAND,AUS,,,,,,,,GHA,GHANA,GHA,,,,,,,,0,081,081,08,2,5.0,1,1,1,-3.49794238683128,1,Ghana,GH,GH,8,-2,GH,1,Ghana,GH,GH,8,-2,GH,1,Ghana,GH,GH,8,-2,GH,20200427,https://www.dailymail.co.uk/news/article-8259755/Swedish-backpacker-dares-police-arrest-flouts-lockdown-sunbathing-Gold-Coast.html
920349367,20200427,202004,2020,2020.3205,AUS,AUSTRALIA,AUS,,,,,,,,GHA,GHANA,GHA,,,,,,,,1,173,173,17,4,-5.0,8,1,8,-3.49794238683128,1,Australia,AS,AS,-25,135,AS,1,Ghana,GH,GH,8,-2,GH,1,Ghana,GH,GH,8,-2,GH,20200427,https://www.dailymail.co.uk/news/article-8259755/Swedish-backpacker-dares-police-arrest-flouts-lockdown-sunbathing-Gold-Coast.html
920349440,20200427,202004,2020,2020.3205,COP,POLICE,,,,,,COP,,,CVL,BACKPACKER,,,,,,CVL,,,1,173,173,17,4,-5.0,2,1,2,-3.49794238683128,4,"Sundsvall, Vasternorrland, Sweden",SW,SW24,62.3833,17.3,-2527438,4,"Sundsvall, Vasternorrland, Sweden",SW,SW24,62.3833,17.3,-2527438,4,"Sundsvall, Vasternorrland, Sweden",SW,SW24,62.3833,17.3,-2527438,20200427,https://www.dailymail.co.uk/news/article-8259755/Swedish-backpacker-dares-police-arrest-flouts-lockdown-sunbathing-Gold-Coast.html
920349441,20200427,202004,2020,2020.3205,COP,POLICE,,,,,,COP,,,CVL,BACKPACKER,,,,,,CVL,,,1,173,173,17,4,-5.0,2,1,2,-3.49794238683128,1,Australia,AS,AS,-25,135,AS,1,Australia,AS,AS,-25,135,AS,1,Australia,AS,AS,-25,135,AS,20200427,https://www.dailymail.co.uk/news/article-8259755/Swedish-backpacker-dares-police-arrest-flouts-lockdown-sunbathing-Gold-Coast.html
920349442,20200427,202004,2020,2020.3205,COP,POLICE,,,,,,COP,,,GHA,GHANA,GHA,,,,,,,,1,042,042,04,1,1.9,2,1,2,-3.49794238683128,1,Ghana,GH,GH,8,-2,GH,1,Ghana,GH,GH,8,-2,GH,1,Ghana,GH,GH,8,-2,GH,20200427,https://www.dailymail.co.uk/news/article-8259755/Swedish-backpacker-dares-police-arrest-flouts-lockdown-sunbathing-Gold-Coast.html
920349443,20200427,202004,2020,2020.3205,COP,POLICE,,,,,,COP,,,GHA,GHANA,GHA,,,,,,,,1,173,173,17,4,-5.0,2,1,2,-3.49794238683128,1,Ghana,GH,GH,8,-2,GH,1,Ghana,GH,GH,8,-2,GH,1,Ghana,GH,GH,8,-2,GH,20200427,https://www.dailymail.co.uk/news/article-8259755/Swedish-backpacker-dares-police-arrest-flouts-lockdown-sunbathing-Gold-Coast.html
920349445,20200427,202004,2020,2020.3205,COP,POLICE,,,,,,COP,,,SWECVL,SWEDEN,SWE,,,,,CVL,,,1,173,173,17,4,-5.0,6,1,6,-3.49794238683128,4,"Sundsvall, Vasternorrland, Sweden",SW,SW24,62.3833,17.3,-2527438,4,"Sundsvall, Vasternorrland, Sweden",SW,SW24,62.3833,17.3,-2527438,4,"Sundsvall, Vasternorrland, Sweden",SW,SW24,62.3833,17.3,-2527438,20200427,https://www.dailymail.co.uk/news/article-8259755/Swedish-backpacker-dares-police-arrest-flouts-lockdown-sunbathing-Gold-Coast.html
920349446,20200427,202004,2020,2020.3205,COP,POLICE,,,,,,COP,,,SWECVL,SWEDEN,SWE,,,,,CVL,,,1,173,173,17,4,-5.0,2,1,2,-3.49794238683128,4,"Sundsvall, Vasternorrland, Sweden",SW,SW24,62.3833,17.3,-2527438,1,Ghana,GH,GH,8,-2,GH,4,"Sundsvall, Vasternorrland, Sweden",SW,SW24,62.3833,17.3,-2527438,20200427,https://www.dailymail.co.uk/news/article-8259755/Swedish-backpacker-dares-police-arrest-flouts-lockdown-sunbathing-Gold-Coast.html
920349447,20200427,202004,2020,2020.3205,COP,POLICE,,,,,,COP,,,SWECVL,SWEDEN,SWE,,,,,CVL,,,1,173,173,17,4,-5.0,4,1,4,-3.49794238683128,1,Australia,AS,AS,-25,135,AS,1,Australia,AS,AS,-25,135,AS,1,Australia,AS,AS,-25,135,AS,20200427,https://www.dailymail.co.uk/news/article-8259755/Swedish-backpacker-dares-police-arrest-flouts-lockdown-sunbathing-Gold-Coast.html
920349448,20200427,202004,2020,2020.3205,COP,POLICE,,,,,,COP,,,SWECVL,SWEDEN,SWE,,,,,CVL,,,1,173,173,17,4,-5.0,4,1,4,-3.49794238683128,1,Ghana,GH,GH,8,-2,GH,1,Ghana,GH,GH,8,-2,GH,1,Ghana,GH,GH,8,-2,GH,20200427,https://www.dailymail.co.uk/news/article-8259755/Swedish-backpacker-dares-police-arrest-flouts-lockdown-sunbathing-Gold-Coast.html
920349465,20200427,202004,2020,2020.3205,CVL,RESIDENTS,,,,,,CVL,,,,,,,,,,,,,0,0841,084,08,2,7.0,3,1,3,-3.49794238683128,1,Australia,AS,AS,-25,135,AS,0,,,,,,,1,Australia,AS,AS,-25,135,AS,20200427,https://www.dailymail.co.uk/news/article-8259755/Swedish-backpacker-dares-police-arrest-flouts-lockdown-sunbathing-Gold-Coast.html
920349466,20200427,202004,2020,2020.3205,CVL,RESIDENTS,,,,,,CVL,,,,,,,,,,,,,0,0841,084,08,2,7.0,2,1,2,-3.49794238683128,1,Ghana,GH,GH,8,-2,GH,0,,,,,,,1,Ghana,GH,GH,8,-2,GH,20200427,https://www.dailymail.co.uk/news/article-8259755/Swedish-backpacker-dares-police-arrest-flouts-lockdown-sunbathing-Gold-Coast.html
920349546,20200427,202004,2020,2020.3205,GHA,GHANA,GHA,,,,,,,,,,,,,,,,,,0,043,043,04,1,2.8,4,1,4,-3.49794238683128,1,Ghana,GH,GH,8,-2,GH,0,,,,,,,1,Australia,AS,AS,-25,135,AS,20200427,https://www.dailymail.co.uk/news/article-8259755/Swedish-backpacker-dares-police-arrest-flouts-lockdown-sunbathing-Gold-Coast.html
920349547,20200427,202004,2020,2020.3205,GHA,GHANA,GHA,,,,,,,,COP,POLICE,,,,,,COP,,,1,043,043,04,1,2.8,2,1,2,-3.49794238683128,1,Ghana,GH,GH,8,-2,GH,1,Ghana,GH,GH,8,-2,GH,1,Ghana,GH,GH,8,-2,GH,20200427,https://www.dailymail.co.uk/news/article-8259755/Swedish-backpacker-dares-police-arrest-flouts-lockdown-sunbathing-Gold-Coast.html
920350720,20200427,202004,2020,2020.3205,GHA,GHANA,GHA,,,,,,,,GHAGOV,GHANA,GHA,,,,,GOV,,,0,081,081,08,2,5.0,2,1,2,0.99750623441396,1,Ghana,GH,GH,8,-2,GH,1,Ghana,GH,GH,8,-2,GH,1,Ghana,GH,GH,8,-2,GH,20200427,https://www.9news.com.au/national/gold-coast-beach-the-spit-reopens-as-tom-tate-calls-for-restaurant-restrictions-to-be-relaxed-qld-news/db40a93c-ba22-4a82-bba2-a2b7f414ca6a
920350721,20200427,202004,2020,2020.3205,GHA,GHANA,GHA,,,,,,,,GOV,PRIME MINISTER,,,,,,GOV,,,0,081,081,08,2,5.0,2,1,2,0.99750623441396,1,Ghana,GH,GH,8,-2,GH,1,Ghana,GH,GH,8,-2,GH,1,Ghana,GH,GH,8,-2,GH,20200427,https://www.9news.com.au/national/gold-coast-beach-the-spit-reopens-as-tom-tate-calls-for-restaurant-restrictions-to-be-relaxed-qld-news/db40a93c-ba22-4a82-bba2-a2b7f414ca6a
920351874,20200427,202004,2020,2020.3205,CHR,CHRISTIANITY,,,,CHR,,,,,MOS,ISLAM,,,,MOS,,,,,0,057,057,05,1,8.0,18,3,18,-4.9517268650475,3,"Hollywood, California, United States",US,USCA,34.0983,-118.327,1660757,3,"Hollywood, California, United States",US,USCA,34.0983,-118.327,1660757,3,"Hollywood, California, United States",US,USCA,34.0983,-118.327,1660757,20200427,http://www.frontpagemag.com/fpm/2020/04/who-being-stupid-jeff-goldblum-or-islams-raymond-ibrahim/
920351875,20200427,202004,2020,2020.3205,CHR,CHRISTIANITY,,,,CHR,,,,,MOS,ISLAM,,,,MOS,,,,,0,057,057,05,1,8.0,12,3,12,-4.9517268650475,1,Iran,IR,IR,32,53,IR,1,Iran,IR,IR,32,53,IR,1,Iran,IR,IR,32,53,IR,20200427,http://www.frontpagemag.com/fpm/2020/04/who-being-stupid-jeff-goldblum-or-islams-raymond-ibrahim/
920352184,20200427,202004,2020,2020.3205,IRN,IRAN,IRN,,,,,,,,,,,,,,,,,,1,120,120,12,3,-4.0,4,1,4,-4.87483530961792,1,Iran,IR,IR,32,53,IR,0,,,,,,,1,Iran,IR,IR,32,53,IR,20200427,http://www.frontpagemag.com/fpm/2020/04/who-being-stupid-jeff-goldblum-or-islams-raymond-ibrahim/
920352280,20200427,202004,2020,2020.3205,MED,JOURNALIST,,,,,,MED,,,MOS,MUSLIM,,,,MOS,,,,,0,020,020,02,1,3.0,2,2,2,-4.97075098814229,3,"Hollywood, California, United States",US,USCA,34.0983,-118.327,1660757,3,"Hollywood, California, United States",US,USCA,34.0983,-118.327,1660757,3,"Hollywood, California, United States",US,USCA,34.0983,-118.327,1660757,20200427,http://www.frontpagemag.com/fpm/2020/04/who-being-stupid-jeff-goldblum-or-islams-raymond-ibrahim/
920352286,20200427,202004,2020,2020.3205,MED,JOURNALIST,,,,,,MED,,,USA,UNITED STATES,USA,,,,,,,,0,020,020,02,1,3.0,5,3,5,-4.9517268650475,3,"Hollywood, California, United States",US,USCA,34.0983,-118.327,1660757,3,"Hollywood, California, United States",US,USCA,34.0983,-118.327,1660757,3,"Hollywood, California, United States",US,USCA,34.0983,-118.327,1660757,20200427,http://www.frontpagemag.com/fpm/2020/04/who-being-stupid-jeff-goldblum-or-islams-raymond-ibrahim/
920352339,20200427,202004,2020,2020.3205,MOS,ISLAM,,,,MOS,,,,,,,,,,,,,,,0,010,010,01,1,0.0,18,3,18,-4.9517268650475,3,"Hollywood, California, United States",US,USCA,34.0983,-118.327,1660757,0,,,,,,,3,"Hollywood, California, United States",US,USCA,34.0983,-118.327,1660757,20200427,http://www.frontpagemag.com/fpm/2020/04/who-being-stupid-jeff-goldblum-or-islams-raymond-ibrahim/
920352340,20200427,202004,2020,2020.3205,MOS,ISLAM,,,,MOS,,,,,,,,,,,,,,,0,010,010,01,1,0.0,15,3,15,-4.20740722776355,1,Iran,IR,IR,32,53,IR,0,,,,,,,1,Iran,IR,IR,32,53,IR,20200427,http://www.frontpagemag.com/fpm/2020/04/who-being-stupid-jeff-goldblum-or-islams-raymond-ibrahim/
920352341,20200427,202004,2020,2020.3205,MOS,ISLAM,,,,MOS,,,,,CHR,CHRISTIANITY,,,,CHR,,,,,0,057,057,05,1,8.0,18,3,18,-4.9517268650475,3,"Hollywood, California, United States",US,USCA,34.0983,-118.327,1660757,3,"Hollywood, California, United States",US,USCA,34.0983,-118.327,1660757,3,"Hollywood, California, United States",US,USCA,34.0983,-118.327,1660757,20200427,http://www.frontpagemag.com/fpm/2020/04/who-being-stupid-jeff-goldblum-or-islams-raymond-ibrahim/
920352342,20200427,202004,2020,2020.3205,MOS,ISLAM,,,,MOS,,,,,CHR,CHRISTIANITY,,,,CHR,,,,,0,057,057,05,1,8.0,12,3,12,-4.9517268650475,1,Iran,IR,IR,32,53,IR,1,Iran,IR,IR,32,53,IR,1,Iran,IR,IR,32,53,IR,20200427,http://www.frontpagemag.com/fpm/2020/04/who-being-stupid-jeff-goldblum-or-islams-raymond-ibrahim/
920353274,20200427,202004,2020,2020.3205,AUSGOV,AUSTRALIA,AUS,,,,,GOV,,,,,,,,,,,,,1,160,160,16,4,-4.0,2,1,2,1.17474302496329,4,"Mount Coolum, Queensland, Australia",AS,AS04,-26.5667,153.083,-1567075,0,,,,,,,4,"Mount Coolum, Queensland, Australia",AS,AS04,-26.5667,153.083,-1567075,20200427,https://www.goldcoastbulletin.com.au/news/queensland/premier-annastacia-palaszczuk-provides-update-on-covid19-cases-in-queensland/news-story/efd7c45da211cbe27eeba56573dbe2d9?nk=3df3a9aca74da06c607eab4267b5dd44-1587966463
920353275,20200427,202004,2020,2020.3205,AUSGOV,AUSTRALIA,AUS,,,,,GOV,,,AUS,QUEENSLAND,AUS,,,,,,,,1,160,160,16,4,-4.0,2,1,2,1.17474302496329,4,"Mount Coolum, Queensland, Australia",AS,AS04,-26.5667,153.083,-1567075,4,"Glasshouse Mountains, Queensland, Australia",AS,AS04,-26.8976,152.953,-1575233,4,"Mount Coolum, Queensland, Australia",AS,AS04,-26.5667,153.083,-1567075,20200427,https://www.goldcoastbulletin.com.au/news/queensland/premier-annastacia-palaszczuk-provides-update-on-covid19-cases-in-queensland/news-story/efd7c45da211cbe27eeba56573dbe2d9?nk=3df3a9aca74da06c607eab4267b5dd44-1587966463
920353537,20200427,202004,2020,2020.3205,ELI,ACTOR,,,,,,ELI,,,JUD,ADVOCATE,,,,,,JUD,,,1,051,051,05,1,3.4,20,2,20,2.51198316977252,0,,,,,,,0,,,,,,,0,,,,,,,20200427,https://www.asiaone.com/entertainment/henry-goldings-foster-dog-reportedly-attacked-another-pooch-park
920353597,20200427,202004,2020,2020.3205,GOV,PREMIER,,,,,,GOV,,,,,,,,,,,,,1,160,160,16,4,-4.0,6,1,6,1.17474302496329,4,"Mount Coolum, Queensland, Australia",AS,AS04,-26.5667,153.083,-1567075,0,,,,,,,4,"Mount Coolum, Queensland, Australia",AS,AS04,-26.5667,153.083,-1567075,20200427,https://www.goldcoastbulletin.com.au/news/queensland/premier-annastacia-palaszczuk-provides-update-on-covid19-cases-in-queensland/news-story/efd7c45da211cbe27eeba56573dbe2d9?nk=3df3a9aca74da06c607eab4267b5dd44-1587966463
920353600,20200427,202004,2020,2020.3205,GOV,PREMIER,,,,,,GOV,,,AUS,AUSTRALIA,AUS,,,,,,,,1,160,160,16,4,-4.0,2,1,2,1.17474302496329,4,"Mount Coolum, Queensland, Australia",AS,AS04,-26.5667,153.083,-1567075,4,"Mount Coolum, Queensland, Australia",AS,AS04,-26.5667,153.083,-1567075,4,"Mount Coolum, Queensland, Australia",AS,AS04,-26.5667,153.083,-1567075,20200427,https://www.goldcoastbulletin.com.au/news/queensland/premier-annastacia-palaszczuk-provides-update-on-covid19-cases-in-queensland/news-story/efd7c45da211cbe27eeba56573dbe2d9?nk=3df3a9aca74da06c607eab4267b5dd44-1587966463
920353601,20200427,202004,2020,2020.3205,GOV,PREMIER,,,,,,GOV,,,AUS,QUEENSLAND,AUS,,,,,,,,1,160,160,16,4,-4.0,8,1,8,1.17474302496329,4,"Mount Coolum, Queensland, Australia",AS,AS04,-26.5667,153.083,-1567075,4,"Glasshouse Mountains, Queensland, Australia",AS,AS04,-26.8976,152.953,-1575233,4,"Mount Coolum, Queensland, Australia",AS,AS04,-26.5667,153.083,-1567075,20200427,https://www.goldcoastbulletin.com.au/news/queensland/premier-annastacia-palaszczuk-provides-update-on-covid19-cases-in-queensland/news-story/efd7c45da211cbe27eeba56573dbe2d9?nk=3df3a9aca74da06c607eab4267b5dd44-1587966463
920354845,20200427,202004,2020,2020.3205,AUS,AUSTRALIAN,AUS,,,,,,,,,,,,,,,,,,1,051,051,05,1,3.4,22,1,10,2.9585798816568,4,"Lake Wells, Western Australia, Australia",AS,AS08,-26.7167,123.167,-1608779,0,,,,,,,4,"Lake Wells, Western Australia, Australia",AS,AS08,-26.7167,123.167,-1608779,20200427,http://www.proactiveinvestors.com.hk/stock_news/13984-australian-potash-welcomes-identification-of-gold-anomalies-at-lake-wells-jv.html
920354908,20200427,202004,2020,2020.3205,BUS,COMPANY,,,,,,BUS,,,,,,,,,,,,,1,141,141,14,3,-6.5,10,2,10,2.12885934535419,1,China,CH,CH,35,105,CH,0,,,,,,,1,China,CH,CH,35,105,CH,20200427,http://www.proactiveinvestors.com.hk/stock_news/13981-gold-road-resources-chair-tim-netscher-shows-faith-in-gold-strategy-with-on-market-purchase.html
920354947,20200427,202004,2020,2020.3205,CHN,CHINA,CHN,,,,,,,,BUS,COMPANY,,,,,,BUS,,,1,141,141,14,3,-6.5,4,1,4,8.24742268041237,1,China,CH,CH,35,105,CH,1,China,CH,CH,35,105,CH,1,China,CH,CH,35,105,CH,20200427,http://www.proactiveinvestors.com.hk/stock_news/13981-gold-road-resources-chair-tim-netscher-shows-faith-in-gold-strategy-with-on-market-purchase.html
920354959,20200427,202004,2020,2020.3205,CHNBUS,CHINA,CHN,,,,,BUS,,,AUS,AUSTRALIAN,AUS,,,,,,,,1,051,051,05,1,3.4,8,1,8,2.9585798816568,4,"Lake Wells, Western Australia, Australia",AS,AS08,-26.7167,123.167,-1608779,4,"Lake Wells, Western Australia, Australia",AS,AS08,-26.7167,123.167,-1608779,4,"Lake Wells, Western Australia, Australia",AS,AS08,-26.7167,123.167,-1608779,20200427,http://www.proactiveinvestors.com.hk/stock_news/13984-australian-potash-welcomes-identification-of-gold-anomalies-at-lake-wells-jv.html
920357424,20200427,202004,2020,2020.3205,,,,,,,,,,,USA,UNITED STATES,USA,,,,,,,,1,043,043,04,1,2.8,47,10,47,-0.103239106620319,0,,,,,,,2,"Colorado, United States",US,USCO,39.0646,-105.327,CO,2,"Colorado, United States",US,USCO,39.0646,-105.327,CO,20200427,https://www.gjsentinel.com/news/western_colorado/in-good-spirits-peach-street-distillers-awarded-gold-medals-for-pear-brandy-silver-and-bronze/article_46c21a5a-84d0-11ea-a1f6-17f4e9bb93d2.html
920357425,20200427,202004,2020,2020.3205,,,,,,,,,,,USA,COLORADO,USA,,,,,,,,1,084,084,08,2,7.0,7,2,7,1.36076587689491,0,,,,,,,2,"Colorado, United States",US,USCO,39.0646,-105.327,CO,2,"Colorado, United States",US,USCO,39.0646,-105.327,CO,20200427,https://www.gjsentinel.com/news/western_colorado/in-good-spirits-peach-street-distillers-awarded-gold-medals-for-pear-brandy-silver-and-bronze/article_46c21a5a-84d0-11ea-a1f6-17f4e9bb93d2.html
920358178,20200427,202004,2020,2020.3205,USA,UNITED STATES,USA,,,,,,,,,,,,,,,,,,1,111,111,11,3,-2.0,17,5,17,0.78574668649122,2,"Colorado, United States",US,USCO,39.0646,-105.327,CO,0,,,,,,,2,"Colorado, United States",US,USCO,39.0646,-105.327,CO,20200427,https://www.gjsentinel.com/news/western_colorado/in-good-spirits-peach-street-distillers-awarded-gold-medals-for-pear-brandy-silver-and-bronze/article_46c21a5a-84d0-11ea-a1f6-17f4e9bb93d2.html
920359002,20200427,202004,2020,2020.3205,CAN,CANADA,CAN,,,,,,,,,,,,,,,,,,1,010,010,01,1,0.0,6,1,6,2.77078085642317,4,"Goldfields, Saskatchewan, Canada",CA,CA11,59.45,-108.483,-565338,0,,,,,,,4,"Goldfields, Saskatchewan, Canada",CA,CA11,59.45,-108.483,-565338,20200427,https://investingnews.com/daily/resource-investing/precious-metals-investing/gold-investing/top-weekly-tsxv-stocks-goldon-receives-permits/
920359042,20200427,202004,2020,2020.3205,COP,POLICE,,,,,,COP,,,AUS,MELBOURNE,AUS,,,,,,,,1,010,010,01,1,0.0,34,4,34,-1.96453041003478,4,"Melbourne, Victoria, Australia",AS,AS07,-37.8167,144.967,-1586844,4,"Melbourne, Victoria, Australia",AS,AS07,-37.8167,144.967,-1586844,4,"Melbourne, Victoria, Australia",AS,AS07,-37.8167,144.967,-1586844,20200427,https://www.brisbanetimes.com.au/national/victoria/gunpoint-gold-heist-bandit-in-surgical-mask-robs-collins-st-gold-dealer-20200427-p54nn4.html
920362072,20200427,202004,2020,2020.3205,BUS,BANK,,,,,,BUS,,,GBR,LONDON,GBR,,,,,,,,1,173,173,17,4,-5.0,10,1,10,0.81799591002045,4,"London, London, City of, United Kingdom",UK,UKH9,51.5,-0.116667,-2601889,4,"London, London, City of, United Kingdom",UK,UKH9,51.5,-0.116667,-2601889,4,"London, London, City of, United Kingdom",UK,UKH9,51.5,-0.116667,-2601889,20200427,https://seekingalpha.com/article/4340108-bullion-banks-covering-short-gold-derivatives-positions-time-to-buy-gold
920363730,20200427,202004,2020,2020.3205,BUS,COMPANY,,,,,,BUS,,,,,,,,,,,,,1,040,040,04,1,1.0,10,1,10,0.842696629213481,4,"Caborca, Sonora, Mexico",MX,MX26,30.7167,-112.15,-1670509,0,,,,,,,4,"Caborca, Sonora, Mexico",MX,MX26,30.7167,-112.15,-1670509,20200427,https://finance.yahoo.com/news/mexus-gold-provides-releases-recent-070110953.html
920365370,20200427,202004,2020,2020.3205,GBR,UNITED KINGDOM,GBR,,,,,,,,,,,,,,,,,,1,073,073,07,2,7.4,5,1,5,-4.25531914893617,1,Italy,IT,IT,42.833333,12.833333,IT,0,,,,,,,1,Italy,IT,IT,42.833333,12.833333,IT,20200427,https://www.fxempire.com/forecasts/article/financial-antivirus-stimulus-packages-and-gold-646054
920365677,20200427,202004,2020,2020.3205,LEG,SENATOR,,,,,,LEG,,,,,,,,,,,,,0,030,030,03,1,4.0,5,1,5,-4.25531914893617,1,Italy,IT,IT,42.833333,12.833333,IT,0,,,,,,,1,Italy,IT,IT,42.833333,12.833333,IT,20200427,https://www.fxempire.com/forecasts/article/financial-antivirus-stimulus-packages-and-gold-646054
920365678,20200427,202004,2020,2020.3205,LEG,SENATOR,,,,,,LEG,,,,,,,,,,,,,0,030,030,03,1,4.0,5,1,5,-4.25531914893617,1,United States,US,US,39.828175,-98.5795,US,0,,,,,,,1,United States,US,US,39.828175,-98.5795,US,20200427,https://www.fxempire.com/forecasts/article/financial-antivirus-stimulus-packages-and-gold-646054
920365900,20200427,202004,2020,2020.3205,UAF,GUNMAN,,,,,,UAF,,,,,,,,,,,,,1,138,138,13,3,-7.0,10,1,10,-2.5,0,,,,,,,0,,,,,,,0,,,,,,,20200427,http://www.virginislandsdailynews.com/news/gunman-threatens-to-kill-woman-in-golden-rock-robbery/article_5903d72c-0d00-5d7e-a856-8b6685ed98b6.html
920371209,20200427,202004,2020,2020.3205,,,,,,,,,,,CVL,TOURIST,,,,,,CVL,,,1,042,042,04,1,1.9,8,1,8,-2.4869109947644,0,,,,,,,4,"Vancouver, British Columbia, Canada",CA,CA02,49.25,-123.133,-575268,4,"Vancouver, British Columbia, Canada",CA,CA02,49.25,-123.133,-575268,20200427,https://www.msn.com/en-gb/news/other/silence-is-golden-for-whales-as-lockdown-reduces-ocean-noise/ar-BB13fCEm
920371338,20200427,202004,2020,2020.3205,BUS,MERCHANT,,,,,,BUS,,,,,,,,,,,,,0,030,030,03,1,4.0,10,1,10,-2.7161062687707,4,"North Sea, Oceans (general), Oceans",OS,OS00,55.3333,3,-1506407,0,,,,,,,4,"North Sea, Oceans (general), Oceans",OS,OS00,55.3333,3,-1506407,20200427,https://www.msn.com/en-gb/news/other/silence-is-golden-for-whales-as-lockdown-reduces-ocean-noise/ar-BB13fCEm
920371340,20200427,202004,2020,2020.3205,BUS,MERCHANT,,,,,,BUS,,,,,,,,,,,,,0,030,030,03,1,4.0,2,1,2,-2.4869109947644,1,United Kingdom,UK,UK,54,-4,UK,0,,,,,,,4,"North Sea, Oceans (general), Oceans",OS,OS00,55.3333,3,-1506407,20200427,https://www.msn.com/en-gb/news/other/silence-is-golden-for-whales-as-lockdown-reduces-ocean-noise/ar-BB13fCEm
920371356,20200427,202004,2020,2020.3205,BUS,MERCHANT,,,,,,BUS,,,,,,,,,,,,,0,090,090,09,2,-2.0,14,1,14,-2.7161062687707,4,"North Sea, Oceans (general), Oceans",OS,OS00,55.3333,3,-1506407,0,,,,,,,4,"North Sea, Oceans (general), Oceans",OS,OS00,55.3333,3,-1506407,20200427,https://www.msn.com/en-gb/news/other/silence-is-golden-for-whales-as-lockdown-reduces-ocean-noise/ar-BB13fCEm
920371357,20200427,202004,2020,2020.3205,BUS,MERCHANT,,,,,,BUS,,,,,,,,,,,,,0,090,090,09,2,-2.0,4,1,4,-2.7161062687707,4,"North Sea, Oceans (general), Oceans",OS,OS00,55.3333,3,-1506407,0,,,,,,,4,"Vancouver, British Columbia, Canada",CA,CA02,49.25,-123.133,-575268,20200427,https://www.msn.com/en-gb/news/other/silence-is-golden-for-whales-as-lockdown-reduces-ocean-noise/ar-BB13fCEm
920371359,20200427,202004,2020,2020.3205,BUS,MERCHANT,,,,,,BUS,,,,,,,,,,,,,0,090,090,09,2,-2.0,2,1,2,-2.4869109947644,1,United Kingdom,UK,UK,54,-4,UK,0,,,,,,,4,"North Sea, Oceans (general), Oceans",OS,OS00,55.3333,3,-1506407,20200427,https://www.msn.com/en-gb/news/other/silence-is-golden-for-whales-as-lockdown-reduces-ocean-noise/ar-BB13fCEm
920371375,20200427,202004,2020,2020.3205,CAN,CANADA,CAN,,,,,,,,CANEDU,CANADA,CAN,,,,,EDU,,,1,090,090,09,2,-2.0,4,1,4,-2.7161062687707,4,"Vancouver, British Columbia, Canada",CA,CA02,49.25,-123.133,-575268,4,"Vancouver, British Columbia, Canada",CA,CA02,49.25,-123.133,-575268,4,"Vancouver, British Columbia, Canada",CA,CA02,49.25,-123.133,-575268,20200427,https://www.msn.com/en-gb/news/other/silence-is-golden-for-whales-as-lockdown-reduces-ocean-noise/ar-BB13fCEm
920374941,20200427,202004,2020,2020.3205,MIL,MILITARY,,,,,,MIL,,,COP,POLICE,,,,,,COP,,,1,153,153,15,4,-7.2,20,2,20,-0.235849056603775,4,"Porgera, Enga, Papua New Guinea",PP,PP19,-5.46667,143.2,-2198514,4,"Porgera, Enga, Papua New Guinea",PP,PP19,-5.46667,143.2,-2198514,4,"Porgera, Enga, Papua New Guinea",PP,PP19,-5.46667,143.2,-2198514,20200427,https://www.macaubusiness.com/papua-new-guinea-seizes-barrick-zijin-gold-mine/
920375013,20200427,202004,2020,2020.3205,PNG,PAPUA NEW GUINEA,PNG,,,,,,,,,,,,,,,,,,1,061,061,06,2,6.4,10,2,10,0.43081761006289,4,"Porgera, Enga, Papua New Guinea",PP,PP19,-5.46667,143.2,-2198514,0,,,,,,,4,"Porgera, Enga, Papua New Guinea",PP,PP19,-5.46667,143.2,-2198514,20200427,https://www.macaubusiness.com/papua-new-guinea-seizes-barrick-zijin-gold-mine/
920377085,20200427,202004,2020,2020.3205,USAMED,UNITED STATES,USA,,,,,MED,,,USA,UNITED STATES,USA,,,,,,,,0,020,020,02,1,3.0,1,1,1,-4.9136786188579,1,Iran,IR,IR,32,53,IR,1,Iran,IR,IR,32,53,IR,1,Iran,IR,IR,32,53,IR,20200427,https://www.breakingisraelnews.com/149229/who-is-really-being-stupid-jeff-goldblum-or-islams-apologists-opinion/
920380441,20200427,202004,2020,2020.3205,CVL,COMMUNITY,,,,,,CVL,,,,,,,,,,,,,1,020,020,02,1,3.0,10,1,10,4.37375745526839,4,"Chibwika, Eastern, Zambia",ZA,ZA06,-12.0755,24.3017,-2279415,0,,,,,,,4,"Chibwika, Eastern, Zambia",ZA,ZA06,-12.0755,24.3017,-2279415,20200427,https://www.lusakatimes.com/2020/04/27/zccm-gold-company-has-injected-approximately-k45-million/
920383891,20200427,202004,2020,2020.3205,AUS,SYDNEY,AUS,,,,,,,,PNG,PAPUA NEW GUINEA,PNG,,,,,,,,1,061,061,06,2,6.4,2,1,2,0,4,"Porgera, Enga, Papua New Guinea",PP,PP19,-5.46667,143.2,-2198514,4,"Porgera, Enga, Papua New Guinea",PP,PP19,-5.46667,143.2,-2198514,4,"Porgera, Enga, Papua New Guinea",PP,PP19,-5.46667,143.2,-2198514,20200427,https://www.freemalaysiatoday.com/category/business/2020/04/27/papua-new-guinea-seizes-barrick-zijin-gold-mine/
920386523,20200427,202004,2020,2020.3205,ELI,ACTOR,,,,,,ELI,,,MED,MEDIA,,,,,,MED,,,1,110,110,11,3,-2.0,8,1,8,-3.21100917431193,1,United States,US,US,39.828175,-98.5795,US,1,United States,US,US,39.828175,-98.5795,US,1,United States,US,US,39.828175,-98.5795,US,20200427,https://www.business-standard.com/article/pti-stories/jeff-goldblum-criticised-over-remarks-about-islam-during-rupaul-s-drag-race-120042700686_1.html
920386904,20200427,202004,2020,2020.3205,JUD,JUDGE,,,,,,JUD,,,MOS,MUSLIM,,,,MOS,,,,,1,051,051,05,1,3.4,5,1,5,-3.21100917431193,1,United States,US,US,39.828175,-98.5795,US,1,United States,US,US,39.828175,-98.5795,US,1,United States,US,US,39.828175,-98.5795,US,20200427,https://www.business-standard.com/article/pti-stories/jeff-goldblum-criticised-over-remarks-about-islam-during-rupaul-s-drag-race-120042700686_1.html
920387147,20200427,202004,2020,2020.3205,REL,RELIGION,,,,,,,,,,,,,,,,,,,1,010,010,01,1,0.0,3,1,3,-3.21100917431193,1,United States,US,US,39.828175,-98.5795,US,0,,,,,,,1,United States,US,US,39.828175,-98.5795,US,20200427,https://www.business-standard.com/article/pti-stories/jeff-goldblum-criticised-over-remarks-about-islam-during-rupaul-s-drag-race-120042700686_1.html
920387148,20200427,202004,2020,2020.3205,REL,RELIGION,,,,,,,,,,,,,,,,,,,1,020,020,02,1,3.0,6,1,6,-3.21100917431193,1,United States,US,US,39.828175,-98.5795,US,0,,,,,,,1,United States,US,US,39.828175,-98.5795,US,20200427,https://www.business-standard.com/article/pti-stories/jeff-goldblum-criticised-over-remarks-about-islam-during-rupaul-s-drag-race-120042700686_1.html
920387358,20200427,202004,2020,2020.3205,USA,UNITED STATES,USA,,,,,,,,REL,RELIGION,,,,,,,,,1,020,020,02,1,3.0,4,1,4,-3.21100917431193,1,United States,US,US,39.828175,-98.5795,US,1,United States,US,US,39.828175,-98.5795,US,1,United States,US,US,39.828175,-98.5795,US,20200427,https://www.business-standard.com/article/pti-stories/jeff-goldblum-criticised-over-remarks-about-islam-during-rupaul-s-drag-race-120042700686_1.html
920387379,20200427,202004,2020,2020.3205,USAELI,UNITED STATES,USA,,,,,ELI,,,MED,MEDIA,,,,,,MED,,,1,110,110,11,3,-2.0,2,1,2,-3.21100917431193,1,United States,US,US,39.828175,-98.5795,US,1,United States,US,US,39.828175,-98.5795,US,1,United States,US,US,39.828175,-98.5795,US,20200427,https://www.business-standard.com/article/pti-stories/jeff-goldblum-criticised-over-remarks-about-islam-during-rupaul-s-drag-race-120042700686_1.html
920393741,20200427,202004,2020,2020.3205,AFR,AFRICA,AFR,,,,,,,,,,,,,,,,,,0,090,090,09,2,-2.0,19,19,19,0.755744541064914,4,"Toronto, Ontario, Canada",CA,CA08,43.6667,-79.4167,-574890,0,,,,,,,4,"Toronto, Ontario, Canada",CA,CA08,43.6667,-79.4167,-574890,20200427,https://www.nashvilleherald.com/news/264845711/gold-targets-defined-by-geophysical-survey-at-tabakorole-project-southern-mali
920393842,20200427,202004,2020,2020.3205,BUS,INDUSTRY,,,,,,BUS,,,,,,,,,,,,,0,084,084,08,2,7.0,190,19,190,0.755744541064914,4,"Toronto, Ontario, Canada",CA,CA08,43.6667,-79.4167,-574890,0,,,,,,,4,"Toronto, Ontario, Canada",CA,CA08,43.6667,-79.4167,-574890,20200427,https://www.nashvilleherald.com/news/264845711/gold-targets-defined-by-geophysical-survey-at-tabakorole-project-southern-mali
920393852,20200427,202004,2020,2020.3205,BUS,INDUSTRY,,,,,,BUS,,,CAN,CANADA,CAN,,,,,,,,0,015,015,01,1,0.0,190,19,190,0.755744541064914,4,"Toronto, Ontario, Canada",CA,CA08,43.6667,-79.4167,-574890,4,"Toronto, Ontario, Canada",CA,CA08,43.6667,-79.4167,-574890,4,"Toronto, Ontario, Canada",CA,CA08,43.6667,-79.4167,-574890,20200427,https://www.nashvilleherald.com/news/264845711/gold-targets-defined-by-geophysical-survey-at-tabakorole-project-southern-mali
920394349,20200427,202004,2020,2020.3205,GOV,CHIEF EXECUTIVE,,,,,,GOV,,,MLI,MALI,MLI,,,,,,,,1,071,071,07,2,7.4,19,19,19,0.755744541064914,4,"Toronto, Ontario, Canada",CA,CA08,43.6667,-79.4167,-574890,4,"Toronto, Ontario, Canada",CA,CA08,43.6667,-79.4167,-574890,4,"Toronto, Ontario, Canada",CA,CA08,43.6667,-79.4167,-574890,20200427,https://www.nashvilleherald.com/news/264845711/gold-targets-defined-by-geophysical-survey-at-tabakorole-project-southern-mali
920394734,20200427,202004,2020,2020.3205,MLI,MALI,MLI,,,,,,,,,,,,,,,,,,1,043,043,04,1,2.8,152,19,152,0.755744541064914,4,"Toronto, Ontario, Canada",CA,CA08,43.6667,-79.4167,-574890,0,,,,,,,4,"Toronto, Ontario, Canada",CA,CA08,43.6667,-79.4167,-574890,20200427,https://www.nashvilleherald.com/news/264845711/gold-targets-defined-by-geophysical-survey-at-tabakorole-project-southern-mali
920394736,20200427,202004,2020,2020.3205,MNCDEU,DEUTSCHE BANK,DEU,,,,,MNC,,,MNCUSA,GOLDMAN SACHS,USA,,,,,MNC,,,1,010,010,01,1,0.0,5,1,5,2.77777777777778,0,,,,,,,0,,,,,,,0,,,,,,,20200427,https://www.marketscreener.com/DEUTSCHE-BANK-AG-56358396/news/DEUTSCHE-BANK-AG-Goldman-Sachs-reiterates-its-Neutral-rating-30478630/
920394930,20200427,202004,2020,2020.3205,USA,UNITED STATES,USA,,,,,,,,,,,,,,,,,,1,010,010,01,1,0.0,2,1,2,2.55639097744361,3,"Boston College, Massachusetts, United States",US,USMA,42.3357,-71.1712,600858,0,,,,,,,3,"Boston College, Massachusetts, United States",US,USMA,42.3357,-71.1712,600858,20200427,https://www.eagletribune.com/news/merrimack_valley/girl-scout-gold-award-recipient-creates-history-hike-for-north-andover/article_ac66a0fc-9ee8-53c7-b828-69c65bf8b59b.html
920394960,20200427,202004,2020,2020.3205,USA,UNITED STATES,USA,,,,,,,,,,,,,,,,,,0,051,051,05,1,3.4,1,1,1,2.55639097744361,3,"North Andover, Massachusetts, United States",US,USMA,42.6987,-71.1351,612355,0,,,,,,,3,"Boston College, Massachusetts, United States",US,USMA,42.3357,-71.1712,600858,20200427,https://www.eagletribune.com/news/merrimack_valley/girl-scout-gold-award-recipient-creates-history-hike-for-north-andover/article_ac66a0fc-9ee8-53c7-b828-69c65bf8b59b.html
920394961,20200427,202004,2020,2020.3205,USA,UNITED STATES,USA,,,,,,,,,,,,,,,,,,0,051,051,05,1,3.4,1,1,1,2.55639097744361,3,"North Andover, Massachusetts, United States",US,USMA,42.6987,-71.1351,612355,0,,,,,,,3,"North Andover, Massachusetts, United States",US,USMA,42.6987,-71.1351,612355,20200427,https://www.eagletribune.com/news/merrimack_valley/girl-scout-gold-award-recipient-creates-history-hike-for-north-andover/article_ac66a0fc-9ee8-53c7-b828-69c65bf8b59b.html
920394964,20200427,202004,2020,2020.3205,USA,UNITED STATES,USA,,,,,,,,,,,,,,,,,,0,070,070,07,2,7.0,4,1,4,2.55639097744361,3,"Boston College, Massachusetts, United States",US,USMA,42.3357,-71.1712,600858,0,,,,,,,3,"Boston College, Massachusetts, United States",US,USMA,42.3357,-71.1712,600858,20200427,https://www.eagletribune.com/news/merrimack_valley/girl-scout-gold-award-recipient-creates-history-hike-for-north-andover/article_ac66a0fc-9ee8-53c7-b828-69c65bf8b59b.html
920394965,20200427,202004,2020,2020.3205,USA,UNITED STATES,USA,,,,,,,,,,,,,,,,,,0,070,070,07,2,7.0,1,1,1,2.55639097744361,3,"North Andover, Massachusetts, United States",US,USMA,42.6987,-71.1351,612355,0,,,,,,,3,"North Andover, Massachusetts, United States",US,USMA,42.6987,-71.1351,612355,20200427,https://www.eagletribune.com/news/merrimack_valley/girl-scout-gold-award-recipient-creates-history-hike-for-north-andover/article_ac66a0fc-9ee8-53c7-b828-69c65bf8b59b.html
920394966,20200427,202004,2020,2020.3205,USA,UNITED STATES,USA,,,,,,,,,,,,,,,,,,0,070,070,07,2,7.0,1,1,1,2.55639097744361,3,"Hingham, Massachusetts, United States",US,USMA,42.2418,-70.8898,613354,0,,,,,,,3,"Hingham, Massachusetts, United States",US,USMA,42.2418,-70.8898,613354,20200427,https://www.eagletribune.com/news/merrimack_valley/girl-scout-gold-award-recipient-creates-history-hike-for-north-andover/article_ac66a0fc-9ee8-53c7-b828-69c65bf8b59b.html
920395088,20200427,202004,2020,2020.3205,USA,UNITED STATES,USA,,,,,,,,USAEDU,BOSTON,USA,,,,,EDU,,,0,036,036,03,1,4.0,1,1,1,2.55639097744361,3,"North Andover, Massachusetts, United States",US,USMA,42.6987,-71.1351,612355,3,"Boston College, Massachusetts, United States",US,USMA,42.3357,-71.1712,600858,3,"Boston College, Massachusetts, United States",US,USMA,42.3357,-71.1712,600858,20200427,https://www.eagletribune.com/news/merrimack_valley/girl-scout-gold-award-recipient-creates-history-hike-for-north-andover/article_ac66a0fc-9ee8-53c7-b828-69c65bf8b59b.html
920395089,20200427,202004,2020,2020.3205,USA,UNITED STATES,USA,,,,,,,,USAEDU,BOSTON,USA,,,,,EDU,,,0,036,036,03,1,4.0,1,1,1,2.55639097744361,3,"North Andover, Massachusetts, United States",US,USMA,42.6987,-71.1351,612355,3,"North Andover, Massachusetts, United States",US,USMA,42.6987,-71.1351,612355,3,"North Andover, Massachusetts, United States",US,USMA,42.6987,-71.1351,612355,20200427,https://www.eagletribune.com/news/merrimack_valley/girl-scout-gold-award-recipient-creates-history-hike-for-north-andover/article_ac66a0fc-9ee8-53c7-b828-69c65bf8b59b.html
920395092,20200427,202004,2020,2020.3205,USA,UNITED STATES,USA,,,,,,,,USAEDU,BOSTON,USA,,,,,EDU,,,0,051,051,05,1,3.4,1,1,1,2.55639097744361,3,"North Andover, Massachusetts, United States",US,USMA,42.6987,-71.1351,612355,3,"Boston College, Massachusetts, United States",US,USMA,42.3357,-71.1712,600858,3,"Boston College, Massachusetts, United States",US,USMA,42.3357,-71.1712,600858,20200427,https://www.eagletribune.com/news/merrimack_valley/girl-scout-gold-award-recipient-creates-history-hike-for-north-andover/article_ac66a0fc-9ee8-53c7-b828-69c65bf8b59b.html
920395093,20200427,202004,2020,2020.3205,USA,UNITED STATES,USA,,,,,,,,USAEDU,BOSTON,USA,,,,,EDU,,,0,051,051,05,1,3.4,1,1,1,2.55639097744361,3,"North Andover, Massachusetts, United States",US,USMA,42.6987,-71.1351,612355,3,"North Andover, Massachusetts, United States",US,USMA,42.6987,-71.1351,612355,3,"North Andover, Massachusetts, United States",US,USMA,42.6987,-71.1351,612355,20200427,https://www.eagletribune.com/news/merrimack_valley/girl-scout-gold-award-recipient-creates-history-hike-for-north-andover/article_ac66a0fc-9ee8-53c7-b828-69c65bf8b59b.html
920397120,20200420,202004,2020,2020.3014,CHN,CHINA,CHN,,,,,,,,USAMED,REUTERS,USA,,,,,MED,,,0,043,043,04,1,2.8,6,2,6,-1.41284584009043,4,"Shanghai, Shanghai, China",CH,CH23,31.2222,121.458,-1924465,1,Hong Kong,HK,HK,22.25,114.166667,HK,4,"Shanghai, Shanghai, China",CH,CH23,31.2222,121.458,-1924465,20200427,https://www.reuters.com/article/china-gold-imports-idUSL3N2CF2TE
920397121,20200420,202004,2020,2020.3014,CHN,CHINA,CHN,,,,,,,,USAMED,REUTERS,USA,,,,,MED,,,0,043,043,04,1,2.8,4,2,4,-1.41284584009043,4,"Bengaluru, Karnataka, India",IN,IN19,12.9833,77.5833,-2090174,1,Hong Kong,HK,HK,22.25,114.166667,HK,4,"Shanghai, Shanghai, China",CH,CH23,31.2222,121.458,-1924465,20200427,https://www.reuters.com/article/china-gold-imports-idUSL3N2CF2TE
920397142,20200420,202004,2020,2020.3014,USAMED,REUTERS,USA,,,,,MED,,,CHN,CHINA,CHN,,,,,,,,0,042,042,04,1,1.9,6,2,6,-1.41284584009043,1,Hong Kong,HK,HK,22.25,114.166667,HK,4,"Shanghai, Shanghai, China",CH,CH23,31.2222,121.458,-1924465,4,"Shanghai, Shanghai, China",CH,CH23,31.2222,121.458,-1924465,20200427,https://www.reuters.com/article/china-gold-imports-idUSL3N2CF2TE
920397143,20200420,202004,2020,2020.3014,USAMED,REUTERS,USA,,,,,MED,,,CHN,CHINA,CHN,,,,,,,,0,042,042,04,1,1.9,4,2,4,-1.41284584009043,1,Hong Kong,HK,HK,22.25,114.166667,HK,4,"Bengaluru, Karnataka, India",IN,IN19,12.9833,77.5833,-2090174,4,"Shanghai, Shanghai, China",CH,CH23,31.2222,121.458,-1924465,20200427,https://www.reuters.com/article/china-gold-imports-idUSL3N2CF2TE
920397144,20200420,202004,2020,2020.3014,USAMED,REUTERS,USA,,,,,MED,,,CHN,CHINA,CHN,,,,,,,,0,100,100,10,3,-5.0,6,2,6,-1.41284584009043,1,Hong Kong,HK,HK,22.25,114.166667,HK,4,"Shanghai, Shanghai, China",CH,CH23,31.2222,121.458,-1924465,4,"Bengaluru, Karnataka, India",IN,IN19,12.9833,77.5833,-2090174,20200427,https://www.reuters.com/article/china-gold-imports-idUSL3N2CF2TE
920397145,20200420,202004,2020,2020.3014,USAMED,REUTERS,USA,,,,,MED,,,CHN,CHINA,CHN,,,,,,,,0,100,100,10,3,-5.0,4,2,4,-1.41284584009043,1,Hong Kong,HK,HK,22.25,114.166667,HK,4,"Bengaluru, Karnataka, India",IN,IN19,12.9833,77.5833,-2090174,4,"Bengaluru, Karnataka, India",IN,IN19,12.9833,77.5833,-2090174,20200427,https://www.reuters.com/article/china-gold-imports-idUSL3N2CF2TE
920397411,20200427,202004,2020,2020.3205,BUS,PRODUCER,,,,,,BUS,,,CHN,CHINA,CHN,,,,,,,,1,042,042,04,1,1.9,10,1,10,4.63215258855586,4,"Vancouver, British Columbia, Canada",CA,CA02,49.25,-123.133,-575268,4,"Vancouver, British Columbia, Canada",CA,CA02,49.25,-123.133,-575268,4,"Vancouver, British Columbia, Canada",CA,CA02,49.25,-123.133,-575268,20200427,https://finance.yahoo.com/news/silvercorp-metals-acquire-guyana-goldfields-105910632.html
920397418,20200427,202004,2020,2020.3205,BUS,PRODUCER,,,,,,BUS,,,GUY,GUYANA,GUY,,,,,,,,1,071,071,07,2,7.4,10,1,10,4.63215258855586,4,"Rui Feng, Jiangxi, China",CH,CH03,29.673,115.648,11004787,4,"Guiana, Guyana (general), Guyana",GY,GY00,4,-60,-919987,4,"Guiana, Guyana (general), Guyana",GY,GY00,4,-60,-919987,20200427,https://finance.yahoo.com/news/silvercorp-metals-acquire-guyana-goldfields-105910632.html
920397454,20200427,202004,2020,2020.3205,CHN,CHINA,CHN,,,,,,,,BUS,PRODUCER,,,,,,BUS,,,1,043,043,04,1,2.8,10,1,10,4.63215258855586,4,"Rui Feng, Jiangxi, China",CH,CH03,29.673,115.648,11004787,4,"Rui Feng, Jiangxi, China",CH,CH03,29.673,115.648,11004787,4,"Rui Feng, Jiangxi, China",CH,CH03,29.673,115.648,11004787,20200427,https://finance.yahoo.com/news/silvercorp-metals-acquire-guyana-goldfields-105910632.html
920398148,20200427,202004,2020,2020.3205,SGP,SINGAPORE,SGP,,,,,,,,CHE,SWITZERLAND,CHE,,,,,,,,0,061,061,06,2,6.4,6,2,6,-1.41284584009043,4,"Shanghai, Shanghai, China",CH,CH23,31.2222,121.458,-1924465,4,"Bengaluru, Karnataka, India",IN,IN19,12.9833,77.5833,-2090174,4,"Bengaluru, Karnataka, India",IN,IN19,12.9833,77.5833,-2090174,20200427,https://www.reuters.com/article/china-gold-imports-idUSL3N2CF2TE
920398149,20200427,202004,2020,2020.3205,SGP,SINGAPORE,SGP,,,,,,,,CHE,SWITZERLAND,CHE,,,,,,,,0,061,061,06,2,6.4,4,2,4,-1.41284584009043,4,"Bengaluru, Karnataka, India",IN,IN19,12.9833,77.5833,-2090174,4,"Bengaluru, Karnataka, India",IN,IN19,12.9833,77.5833,-2090174,4,"Bengaluru, Karnataka, India",IN,IN19,12.9833,77.5833,-2090174,20200427,https://www.reuters.com/article/china-gold-imports-idUSL3N2CF2TE
920399137,20200427,202004,2020,2020.3205,,,,,,,,,,,GHA,GHANA,GHA,,,,,,,,0,042,042,04,1,1.9,2,1,2,5.10204081632653,0,,,,,,,4,"Asanteman, Ghana (general), Ghana",GH,GH00,5.85876,-0.854395,-2069849,4,"Asanteman, Ghana (general), Ghana",GH,GH00,5.85876,-0.854395,-2069849,20200427,https://www.modernghana.com/news/998273/otumfuo-clocks-21-on-golden-stool-on-april.html
920399138,20200427,202004,2020,2020.3205,,,,,,,,,,,GHA,GHANA,GHA,,,,,,,,0,042,042,04,1,1.9,6,1,6,5.10204081632653,0,,,,,,,4,"Manhyia, Ghana (general), Ghana",GH,GH00,6.71546,-1.72232,-2075978,4,"Manhyia, Ghana (general), Ghana",GH,GH00,6.71546,-1.72232,-2075978,20200427,https://www.modernghana.com/news/998273/otumfuo-clocks-21-on-golden-stool-on-april.html
920399139,20200427,202004,2020,2020.3205,,,,,,,,,,,GHA,GHANA,GHA,,,,,,,,0,043,043,04,1,2.8,7,1,6,5.10204081632653,0,,,,,,,4,"Asanteman, Ghana (general), Ghana",GH,GH00,5.85876,-0.854395,-2069849,4,"Asanteman, Ghana (general), Ghana",GH,GH00,5.85876,-0.854395,-2069849,20200427,https://www.modernghana.com/news/998273/otumfuo-clocks-21-on-golden-stool-on-april.html
920399266,20200427,202004,2020,2020.3205,BUS,COMPANY,,,,,,BUS,,,,,,,,,,,,,1,060,060,06,2,6.0,20,2,20,0.486842624373695,1,South Africa,SF,SF,-30,26,SF,0,,,,,,,1,South Africa,SF,SF,-30,26,SF,20200427,https://www.miningreview.com/gold/plant-optimisation-proactive-technology-needed-says-weir/
920399301,20200427,202004,2020,2020.3205,BUS,COMPANY,,,,,,BUS,,,ZAF,NORTHERN CAPE,ZAF,,,,,,,,0,042,042,04,1,1.9,10,1,10,0.46948356807512,1,Nigeria,NI,NI,10,8,NI,1,Nigeria,NI,NI,10,8,NI,1,Nigeria,NI,NI,10,8,NI,20200427,https://www.miningreview.com/gold/plant-optimisation-proactive-technology-needed-says-weir/
920399599,20200427,202004,2020,2020.3205,GHA,GHANA,GHA,,,,,,,,,,,,,,,,,,0,042,042,04,1,1.9,1,1,1,5.10204081632653,4,"Asanteman, Ghana (general), Ghana",GH,GH00,5.85876,-0.854395,-2069849,0,,,,,,,4,"Asanteman, Ghana (general), Ghana",GH,GH00,5.85876,-0.854395,-2069849,20200427,https://www.modernghana.com/news/998273/otumfuo-clocks-21-on-golden-stool-on-april.html
920399600,20200427,202004,2020,2020.3205,GHA,GHANA,GHA,,,,,,,,,,,,,,,,,,1,042,042,04,1,1.9,15,2,15,0.16800481024299,4,"Kumasi, Ashanti, Ghana",GH,GH02,6.68333,-1.61667,-2075172,0,,,,,,,4,"Kumasi, Ashanti, Ghana",GH,GH02,6.68333,-1.61667,-2075172,20200427,https://www.modernghana.com/news/998273/otumfuo-clocks-21-on-golden-stool-on-april.html
920399601,20200427,202004,2020,2020.3205,GHA,GHANA,GHA,,,,,,,,,,,,,,,,,,0,042,042,04,1,1.9,1,1,1,5.10204081632653,2,"New York, United States",US,USNY,42.1497,-74.9384,NY,0,,,,,,,4,"Kumasi, Ashanti, Ghana",GH,GH02,6.68333,-1.61667,-2075172,20200427,https://www.modernghana.com/news/998273/otumfuo-clocks-21-on-golden-stool-on-april.html
920399602,20200427,202004,2020,2020.3205,GHA,GHANA,GHA,,,,,,,,,,,,,,,,,,0,043,043,04,1,2.8,1,1,1,5.10204081632653,4,"Asanteman, Ghana (general), Ghana",GH,GH00,5.85876,-0.854395,-2069849,0,,,,,,,4,"Asanteman, Ghana (general), Ghana",GH,GH00,5.85876,-0.854395,-2069849,20200427,https://www.modernghana.com/news/998273/otumfuo-clocks-21-on-golden-stool-on-april.html
920399603,20200427,202004,2020,2020.3205,GHA,GHANA,GHA,,,,,,,,,,,,,,,,,,0,043,043,04,1,2.8,3,1,3,5.10204081632653,4,"Kumasi, Ashanti, Ghana",GH,GH02,6.68333,-1.61667,-2075172,0,,,,,,,4,"Kumasi, Ashanti, Ghana",GH,GH02,6.68333,-1.61667,-2075172,20200427,https://www.modernghana.com/news/998273/otumfuo-clocks-21-on-golden-stool-on-april.html
920399604,20200427,202004,2020,2020.3205,GHA,GHANA,GHA,,,,,,,,,,,,,,,,,,0,043,043,04,1,2.8,4,1,4,5.10204081632653,4,"Manhyia, Ghana (general), Ghana",GH,GH00,6.71546,-1.72232,-2075978,0,,,,,,,4,"Manhyia, Ghana (general), Ghana",GH,GH00,6.71546,-1.72232,-2075978,20200427,https://www.modernghana.com/news/998273/otumfuo-clocks-21-on-golden-stool-on-april.html
920400402,20200427,202004,2020,2020.3205,ZAF,NORTHERN CAPE,ZAF,,,,,,,,BUS,COMPANY,,,,,,BUS,,,0,043,043,04,1,2.8,10,1,10,0.46948356807512,1,Nigeria,NI,NI,10,8,NI,1,Nigeria,NI,NI,10,8,NI,1,Nigeria,NI,NI,10,8,NI,20200427,https://www.miningreview.com/gold/plant-optimisation-proactive-technology-needed-says-weir/
920403913,20200427,202004,2020,2020.3205,EDU,SCHOOL,,,,,,EDU,,,,,,,,,,,,,1,071,071,07,2,7.4,25,3,25,1.72191909143084,2,"California, United States",US,USCA,36.17,-119.746,CA,0,,,,,,,2,"California, United States",US,USCA,36.17,-119.746,CA,20200427,https://goldrushcam.com/sierrasuntimes/index.php/news/local-news/23147-public-policy-institute-of-california-survey-finds-many-parents-worry-about-school-closures-home-learning
920403921,20200427,202004,2020,2020.3205,EDU,COLLEGE,,,,,,EDU,,,EDUEDU,SCHOOL,,,,,,EDU,EDU,,0,012,012,01,1,-0.4,10,1,10,-0.75885328836425,2,"California, United States",US,USCA,36.17,-119.746,CA,2,"California, United States",US,USCA,36.17,-119.746,CA,2,"California, United States",US,USCA,36.17,-119.746,CA,20200427,https://goldrushcam.com/sierrasuntimes/index.php/news/local-news/23147-public-policy-institute-of-california-survey-finds-many-parents-worry-about-school-closures-home-learning
920405746,20200420,202004,2020,2020.3014,LEG,CONGRESS,,,,,,LEG,,,BUS,BUSINESS,,,,,,BUS,,,1,071,071,07,2,7.4,6,1,6,1.60965794768612,1,China,CH,CH,35,105,CH,1,China,CH,CH,35,105,CH,1,China,CH,CH,35,105,CH,20200427,https://www.foxbusiness.com/markets/goldman-sachs-coronavirus-reopening-stock-market-strategy
920405959,20200427,202004,2020,2020.3205,BELGOV,DIDIER REYNDERS,BEL,,,,,GOV,,,BGR,BULGARIA,BGR,,,,,,,,1,020,020,02,1,3.0,10,1,10,-2.64705882352941,1,Portugal,PO,PO,39.5,-8,PO,1,Portugal,PO,PO,39.5,-8,PO,1,Portugal,PO,PO,39.5,-8,PO,20200427,https://international-adviser.com/do-not-exploit-pandemic-to-run-golden-visa-schemes-warns-eu/
920405960,20200427,202004,2020,2020.3205,BELGOV,DIDIER REYNDERS,BEL,,,,,GOV,,,CYP,CYPRUS,CYP,,,,,,,,1,020,020,02,1,3.0,2,1,2,-2.64705882352941,1,Bulgaria,BU,BU,43,25,BU,1,Bulgaria,BU,BU,43,25,BU,1,Bulgaria,BU,BU,43,25,BU,20200427,https://international-adviser.com/do-not-exploit-pandemic-to-run-golden-visa-schemes-warns-eu/
920405961,20200427,202004,2020,2020.3205,BELGOV,DIDIER REYNDERS,BEL,,,,,GOV,,,CYP,CYPRUS,CYP,,,,,,,,1,020,020,02,1,3.0,8,1,8,-2.64705882352941,1,Bulgaria,BU,BU,43,25,BU,1,Cyprus,CY,CY,35,33,CY,1,Bulgaria,BU,BU,43,25,BU,20200427,https://international-adviser.com/do-not-exploit-pandemic-to-run-golden-visa-schemes-warns-eu/
920405962,20200427,202004,2020,2020.3205,BELGOV,DIDIER REYNDERS,BEL,,,,,GOV,,,MLT,MALTA,MLT,,,,,,,,1,020,020,02,1,3.0,10,1,10,-2.64705882352941,1,Bulgaria,BU,BU,43,25,BU,1,Malta,MT,MT,35.916667,14.433333,MT,1,Bulgaria,BU,BU,43,25,BU,20200427,https://international-adviser.com/do-not-exploit-pandemic-to-run-golden-visa-schemes-warns-eu/
920406684,20200427,202004,2020,2020.3205,IGOEUREEC,THE EU,EUR,EEC,,,,IGO,,,,,,,,,,,,,1,013,013,01,1,0.4,10,1,10,-2.64705882352941,1,Portugal,PO,PO,39.5,-8,PO,0,,,,,,,1,Portugal,PO,PO,39.5,-8,PO,20200427,https://international-adviser.com/do-not-exploit-pandemic-to-run-golden-visa-schemes-warns-eu/
920406685,20200427,202004,2020,2020.3205,IGOEUREEC,THE EU,EUR,EEC,,,,IGO,,,,,,,,,,,,,1,020,020,02,1,3.0,3,1,3,-2.64705882352941,1,Portugal,PO,PO,39.5,-8,PO,0,,,,,,,1,Portugal,PO,PO,39.5,-8,PO,20200427,https://international-adviser.com/do-not-exploit-pandemic-to-run-golden-visa-schemes-warns-eu/
920406687,20200427,202004,2020,2020.3205,IGOEUREEC,THE EU,EUR,EEC,,,,IGO,,,PRT,PORTUGAL,PRT,,,,,,,,1,020,020,02,1,3.0,2,1,2,-2.64705882352941,1,Portugal,PO,PO,39.5,-8,PO,1,Portugal,PO,PO,39.5,-8,PO,1,Portugal,PO,PO,39.5,-8,PO,20200427,https://international-adviser.com/do-not-exploit-pandemic-to-run-golden-visa-schemes-warns-eu/
920406947,20200427,202004,2020,2020.3205,MNCUSA,GOLDMAN SACHS,USA,,,,,MNC,,,,,,,,,,,,,1,035,035,03,1,7.0,10,1,10,1.60965794768612,1,China,CH,CH,35,105,CH,0,,,,,,,1,China,CH,CH,35,105,CH,20200427,https://www.foxbusiness.com/markets/goldman-sachs-coronavirus-reopening-stock-market-strategy
920410842,20200427,202004,2020,2020.3205,,,,,,,,,,,BUS,BUSINESS,,,,,,BUS,,,1,061,061,06,2,6.4,14,1,14,-2.10362732192482,0,,,,,,,1,Cuba,CU,CU,22,-79.5,CU,1,Cuba,CU,CU,22,-79.5,CU,20200427,https://deadline.com/2020/04/hasan-mihaj-kamala-harris-dave-chapelle-all-americans-movement-gold-house-humanity-forward-andrew-yang-coronavirus-covid-19-asian-american-racism-1202918204/
920411050,20200427,202004,2020,2020.3205,BUS,BUSINESS,,,,,,BUS,,,,,,,,,,,,,1,061,061,06,2,6.4,40,3,40,-0.045102251566435,2,"New York, United States",US,USNY,42.1497,-74.9384,NY,0,,,,,,,2,"New York, United States",US,USNY,42.1497,-74.9384,NY,20200427,https://deadline.com/2020/04/hasan-mihaj-kamala-harris-dave-chapelle-all-americans-movement-gold-house-humanity-forward-andrew-yang-coronavirus-covid-19-asian-american-racism-1202918204/
920411317,20200427,202004,2020,2020.3205,ELI,ACTOR,,,,,,ELI,,,BUS,CORPORATION,,,,,,BUS,,,1,070,070,07,2,7.0,70,7,70,0.13928545576337,4,"Mumbai, Maharashtra, India",IN,IN16,18.975,72.8258,-2092174,4,"Mumbai, Maharashtra, India",IN,IN16,18.975,72.8258,-2092174,4,"Mumbai, Maharashtra, India",IN,IN16,18.975,72.8258,-2092174,20200427,https://www.orissapost.com/man-with-a-golden-heart-akshay-donates-rs-2cr-to-mumbai-police-foundation/
920411660,20200427,202004,2020,2020.3205,IND,MUMBAI,IND,,,,,,,,INDCOP,MUMBAI,IND,,,,,COP,,,1,070,070,07,2,7.0,8,4,8,-0.904721573076345,4,"Mumbai, Maharashtra, India",IN,IN16,18.975,72.8258,-2092174,4,"Mumbai, Maharashtra, India",IN,IN16,18.975,72.8258,-2092174,4,"Mumbai, Maharashtra, India",IN,IN16,18.975,72.8258,-2092174,20200427,https://www.orissapost.com/man-with-a-golden-heart-akshay-donates-rs-2cr-to-mumbai-police-foundation/
920413645,20200427,202004,2020,2020.3205,CVL,THE POOR,,,,,,CVL,,,GUY,GUYANA,GUY,,,,,,,,1,100,100,10,3,-5.0,5,1,5,-1.36986301369863,1,Guyana,GY,GY,5,-59,GY,1,Guyana,GY,GY,5,-59,GY,1,Guyana,GY,GY,5,-59,GY,20200427,https://www.mining.com/silvercorp-to-buy-guyana-goldfields-in-c105m-deal/
920417138,20200427,202004,2020,2020.3205,CRM,DEALER,,,,,,CRM,,,USAMED,WALL STREET JOURNAL,USA,,,,,MED,,,1,010,010,01,1,0.0,6,1,6,1.878612716763,1,Sweden,SW,SW,62,15,SW,1,Sweden,SW,SW,62,15,SW,1,Sweden,SW,SW,62,15,SW,20200427,https://www.vox.com/the-goods/2020/4/27/21232688/sunburst-mirror-gold-diy-rattan
920417304,20200427,202004,2020,2020.3205,FRA,FRANCE,FRA,,,,,,,,USAMED,WALL STREET JOURNAL,USA,,,,,MED,,,1,013,013,01,1,0.4,2,1,2,1.878612716763,3,"Hollywood, California, United States",US,USCA,34.0983,-118.327,1660757,3,"Hollywood, California, United States",US,USCA,34.0983,-118.327,1660757,3,"Hollywood, California, United States",US,USCA,34.0983,-118.327,1660757,20200427,https://www.vox.com/the-goods/2020/4/27/21232688/sunburst-mirror-gold-diy-rattan
920417305,20200427,202004,2020,2020.3205,FRACRM,FRANCE,FRA,,,,,CRM,,,USAMED,WALL STREET JOURNAL,USA,,,,,MED,,,1,010,010,01,1,0.0,2,1,2,1.878612716763,3,"Hollywood, California, United States",US,USCA,34.0983,-118.327,1660757,3,"Hollywood, California, United States",US,USCA,34.0983,-118.327,1660757,3,"Hollywood, California, United States",US,USCA,34.0983,-118.327,1660757,20200427,https://www.vox.com/the-goods/2020/4/27/21232688/sunburst-mirror-gold-diy-rattan
920418653,20200427,202004,2020,2020.3205,BUS,COMPANY,,,,,,BUS,,,,,,,,,,,,,1,070,070,07,2,7.0,3,1,3,0,4,"Bokaro, Jharkhand, India",IN,IN38,23.7833,85.9667,-2092151,0,,,,,,,4,"Bokaro, Jharkhand, India",IN,IN38,23.7833,85.9667,-2092151,20200427,https://www.marketscreener.com/STEEL-AUTHORITY-OF-INDIA-6493484/news/Steel-Authority-of-India-SAIL-ndash-The-steel-Company-with-a-golden-heart-in-the-fight-against-30480439/
920418654,20200427,202004,2020,2020.3205,BUS,COMPANY,,,,,,BUS,,,,,,,,,,,,,1,070,070,07,2,7.0,7,1,7,0,4,"Chhattisgarh, Chhattisgarh, India",IN,IN37,21.5,81.75,-2093188,0,,,,,,,4,"Chhattisgarh, Chhattisgarh, India",IN,IN37,21.5,81.75,-2093188,20200427,https://www.marketscreener.com/STEEL-AUTHORITY-OF-INDIA-6493484/news/Steel-Authority-of-India-SAIL-ndash-The-steel-Company-with-a-golden-heart-in-the-fight-against-30480439/
920419041,20200427,202004,2020,2020.3205,GOV,MINIST,,,,,,GOV,,,,,,,,,,,,,1,070,070,07,2,7.0,2,1,2,0,5,"Himachal Pradesh, Himachal Pradesh, India",IN,IN11,31.9167,77.25,-2097441,0,,,,,,,5,"Himachal Pradesh, Himachal Pradesh, India",IN,IN11,31.9167,77.25,-2097441,20200427,https://www.marketscreener.com/STEEL-AUTHORITY-OF-INDIA-6493484/news/Steel-Authority-of-India-SAIL-ndash-The-steel-Company-with-a-golden-heart-in-the-fight-against-30480439/
920419234,20200427,202004,2020,2020.3205,IND,NEW DELHI,IND,,,,,,,,,,,,,,,,,,1,070,070,07,2,7.0,2,1,2,0,4,"Bokaro, Jharkhand, India",IN,IN38,23.7833,85.9667,-2092151,0,,,,,,,5,"Himachal Pradesh, Himachal Pradesh, India",IN,IN11,31.9167,77.25,-2097441,20200427,https://www.marketscreener.com/STEEL-AUTHORITY-OF-INDIA-6493484/news/Steel-Authority-of-India-SAIL-ndash-The-steel-Company-with-a-golden-heart-in-the-fight-against-30480439/
920419238,20200427,202004,2020,2020.3205,IND,NEW DELHI,IND,,,,,,,,GOV,MINIST,,,,,,GOV,,,1,070,070,07,2,7.0,3,1,3,0,4,"Bokaro, Jharkhand, India",IN,IN38,23.7833,85.9667,-2092151,5,"Himachal Pradesh, Himachal Pradesh, India",IN,IN11,31.9167,77.25,-2097441,5,"Himachal Pradesh, Himachal Pradesh, India",IN,IN11,31.9167,77.25,-2097441,20200427,https://www.marketscreener.com/STEEL-AUTHORITY-OF-INDIA-6493484/news/Steel-Authority-of-India-SAIL-ndash-The-steel-Company-with-a-golden-heart-in-the-fight-against-30480439/
920424830,20200427,202004,2020,2020.3205,BUS,COMPANY,,,,,,BUS,,,GOV,PRESIDENT,,,,,,GOV,,,0,010,010,01,1,0.0,12,4,12,0.528164719084675,2,"California, United States",US,USCA,36.17,-119.746,CA,2,"California, United States",US,USCA,36.17,-119.746,CA,2,"California, United States",US,USCA,36.17,-119.746,CA,20200427,https://www.newsmax.com/finance/markets/gold-buyers-us-coins/2020/04/27/id/964802/
920424855,20200427,202004,2020,2020.3205,BUS,COMPANY,,,,,,BUS,,,USA,UNITED STATES,USA,,,,,,,,1,010,010,01,1,0.0,6,5,6,0.057234971614772,2,"California, United States",US,USCA,36.17,-119.746,CA,2,"California, United States",US,USCA,36.17,-119.746,CA,2,"California, United States",US,USCA,36.17,-119.746,CA,20200427,https://www.newsmax.com/finance/markets/gold-buyers-us-coins/2020/04/27/id/964802/
920424867,20200427,202004,2020,2020.3205,BUS,COMPANY,,,,,,BUS,,,USAGOV,UNITED STATES,USA,,,,,GOV,,,0,010,010,01,1,0.0,4,4,4,0.528164719084675,2,"California, United States",US,USCA,36.17,-119.746,CA,2,"California, United States",US,USCA,36.17,-119.746,CA,2,"California, United States",US,USCA,36.17,-119.746,CA,20200427,https://www.newsmax.com/finance/markets/gold-buyers-us-coins/2020/04/27/id/964802/
920428594,20200427,202004,2020,2020.3205,,,,,,,,,,,MNCUSA,GOLDMAN SACHS,USA,,,,,MNC,,,1,043,043,04,1,2.8,10,1,10,-0.518134715025903,0,,,,,,,2,"New York, United States",US,USNY,42.1497,-74.9384,NY,2,"New York, United States",US,USNY,42.1497,-74.9384,NY,20200427,https://citywireselector.com/news/goldman-sachs-am-s-co-head-of-quant-to-exit/a1350582
920428764,20200427,202004,2020,2020.3205,BUS,COMPANY,,,,,,BUS,,,MNCUSA,GOLDMAN SACHS,USA,,,,,MNC,,,1,043,043,04,1,2.8,8,1,8,-0.518134715025903,2,"New York, United States",US,USNY,42.1497,-74.9384,NY,2,"New York, United States",US,USNY,42.1497,-74.9384,NY,2,"New York, United States",US,USNY,42.1497,-74.9384,NY,20200427,https://citywireselector.com/news/goldman-sachs-am-s-co-head-of-quant-to-exit/a1350582
920428930,20200427,202004,2020,2020.3205,CVL,HUNTER,,,,,,CVL,,,,,,,,,,,,,0,193,193,19,4,-10.0,6,1,6,-3.48027842227379,3,"Anchorage, Alaska, United States",US,USAK,61.2181,-149.9,1398242,0,,,,,,,3,"Anchorage, Alaska, United States",US,USAK,61.2181,-149.9,1398242,20200427,https://www.goldcoastbulletin.com.au/news/world/hunter-who-found-body-of-christopher-mccandless-shot-dead-by-alaska-police/news-story/0ac251b8acce7b3781da5c4b473848e0?nk=04b3271b75f7d02f5a81e6b1116055df-1587999775
920428931,20200427,202004,2020,2020.3205,CVL,HUNTER,,,,,,CVL,,,,,,,,,,,,,0,193,193,19,4,-10.0,4,1,4,-3.48027842227379,2,"Alaska, United States",US,USAK,61.385,-152.268,AK,0,,,,,,,2,"Alaska, United States",US,USAK,61.385,-152.268,AK,20200427,https://www.goldcoastbulletin.com.au/news/world/hunter-who-found-body-of-christopher-mccandless-shot-dead-by-alaska-police/news-story/0ac251b8acce7b3781da5c4b473848e0?nk=04b3271b75f7d02f5a81e6b1116055df-1587999775
920429493,20200427,202004,2020,2020.3205,MNCUSA,GOLDMAN SACHS,USA,,,,,MNC,,,,,,,,,,,,,1,042,042,04,1,1.9,10,1,10,-0.518134715025903,2,"New York, United States",US,USNY,42.1497,-74.9384,NY,0,,,,,,,2,"New York, United States",US,USNY,42.1497,-74.9384,NY,20200427,https://citywireselector.com/news/goldman-sachs-am-s-co-head-of-quant-to-exit/a1350582
920429497,20200427,202004,2020,2020.3205,MNCUSA,GOLDMAN SACHS,USA,,,,,MNC,,,BUS,COMPANY,,,,,,BUS,,,1,042,042,04,1,1.9,8,1,8,-0.518134715025903,2,"New York, United States",US,USNY,42.1497,-74.9384,NY,2,"New York, United States",US,USNY,42.1497,-74.9384,NY,2,"New York, United States",US,USNY,42.1497,-74.9384,NY,20200427,https://citywireselector.com/news/goldman-sachs-am-s-co-head-of-quant-to-exit/a1350582
920429499,20200427,202004,2020,2020.3205,MNCUSA,GOLDMAN SACHS,USA,,,,,MNC,,,USA,UNITED STATES,USA,,,,,,,,1,042,042,04,1,1.9,2,1,2,-0.518134715025903,2,"New York, United States",US,USNY,42.1497,-74.9384,NY,2,"New York, United States",US,USNY,42.1497,-74.9384,NY,2,"New York, United States",US,USNY,42.1497,-74.9384,NY,20200427,https://citywireselector.com/news/goldman-sachs-am-s-co-head-of-quant-to-exit/a1350582
920429791,20200427,202004,2020,2020.3205,USA,UNITED STATES,USA,,,,,,,,MNCUSA,GOLDMAN SACHS,USA,,,,,MNC,,,1,043,043,04,1,2.8,2,1,2,-0.518134715025903,2,"New York, United States",US,USNY,42.1497,-74.9384,NY,2,"New York, United States",US,USNY,42.1497,-74.9384,NY,2,"New York, United States",US,USNY,42.1497,-74.9384,NY,20200427,https://citywireselector.com/news/goldman-sachs-am-s-co-head-of-quant-to-exit/a1350582
920429820,20200427,202004,2020,2020.3205,USACOP,ALASKA,USA,,,,,COP,,,CVL,HUNTER,,,,,,CVL,,,1,193,193,19,4,-10.0,6,1,6,-3.48027842227379,3,"Anchorage, Alaska, United States",US,USAK,61.2181,-149.9,1398242,3,"Anchorage, Alaska, United States",US,USAK,61.2181,-149.9,1398242,3,"Anchorage, Alaska, United States",US,USAK,61.2181,-149.9,1398242,20200427,https://www.goldcoastbulletin.com.au/news/world/hunter-who-found-body-of-christopher-mccandless-shot-dead-by-alaska-police/news-story/0ac251b8acce7b3781da5c4b473848e0?nk=04b3271b75f7d02f5a81e6b1116055df-1587999775
920430992,20200427,202004,2020,2020.3205,BUS,COMPANY,,,,,,BUS,,,,,,,,,,,,,0,010,010,01,1,0.0,5,1,5,0.22172949002218,2,"Delaware, United States",US,USDE,39.3498,-75.5148,DE,0,,,,,,,2,"Delaware, United States",US,USDE,39.3498,-75.5148,DE,20200427,https://www.thestar.com/business/2020/04/27/gold-buyers-are-forking-over-lofty-135-premiums-for-us-coins.html
920430996,20200427,202004,2020,2020.3205,BUS,INVESTOR,,,,,,BUS,,,,,,,,,,,,,1,013,013,01,1,0.4,10,1,10,-2.76381909547738,1,Colombia,CO,CO,4,-72,CO,0,,,,,,,1,Colombia,CO,CO,4,-72,CO,20200427,https://www.marketpulse.com/20200427/us-open-stocks-rise-easing-covid-19-restrictions-oils-glut-choppy-gold-trade-brazil-colombia-focus/
920431029,20200427,202004,2020,2020.3205,BUS,COMPANY,,,,,,BUS,,,,,,,,,,,,,1,192,192,19,4,-9.5,10,1,10,1.28205128205128,1,Canada,CA,CA,60,-96,CA,0,,,,,,,1,Canada,CA,CA,60,-96,CA,20200427,https://investingnews.com/daily/resource-investing/precious-metals-investing/gold-investing/deep-south-appoints-paul-smith-as-chief-operating-officer-and-jean-luc-roy-as-chief-expertise-officer/
920431039,20200427,202004,2020,2020.3205,BUS,COMPANY,,,,,,BUS,,,GOV,PRESIDENT,,,,,,GOV,,,0,010,010,01,1,0.0,3,1,3,0.22172949002218,2,"Delaware, United States",US,USDE,39.3498,-75.5148,DE,2,"Delaware, United States",US,USDE,39.3498,-75.5148,DE,2,"Delaware, United States",US,USDE,39.3498,-75.5148,DE,20200427,https://www.thestar.com/business/2020/04/27/gold-buyers-are-forking-over-lofty-135-premiums-for-us-coins.html
920431061,20200427,202004,2020,2020.3205,BUS,COMPANY,,,,,,BUS,,,USA,UNITED STATES,USA,,,,,,,,0,010,010,01,1,0.0,1,1,1,0.22172949002218,2,"Delaware, United States",US,USDE,39.3498,-75.5148,DE,2,"Delaware, United States",US,USDE,39.3498,-75.5148,DE,2,"Delaware, United States",US,USDE,39.3498,-75.5148,DE,20200427,https://www.thestar.com/business/2020/04/27/gold-buyers-are-forking-over-lofty-135-premiums-for-us-coins.html
920431068,20200427,202004,2020,2020.3205,BUS,COMPANY,,,,,,BUS,,,USAGOV,UNITED STATES,USA,,,,,GOV,,,0,010,010,01,1,0.0,1,1,1,0.22172949002218,2,"Delaware, United States",US,USDE,39.3498,-75.5148,DE,2,"Delaware, United States",US,USDE,39.3498,-75.5148,DE,2,"Delaware, United States",US,USDE,39.3498,-75.5148,DE,20200427,https://www.thestar.com/business/2020/04/27/gold-buyers-are-forking-over-lofty-135-premiums-for-us-coins.html
920431220,20200427,202004,2020,2020.3205,COP,POLICE,,,,,,COP,,,CVL,VILLAGE,,,,,,CVL,,,1,173,173,17,4,-5.0,4,2,4,-4.43924411443854,5,"Zamfara State, Zamfara, Nigeria",NI,NI57,12.1667,6.25,9098622,4,"Kwali, Abuja Federal Capital Territory, Nigeria",NI,NI11,8.86722,7.005,-2016949,1,China,CH,CH,35,105,CH,20200427,https://tribuneonlineng.com/two-chinese-in-police-net-for-mining-gold-illegally/
920431595,20200427,202004,2020,2020.3205,GOV,PUBLIC RELATIONS OFFICER,,,,,,GOV,,,NGA,NIGERIAN,NGA,,,,,,,,1,112,112,11,3,-2.0,2,1,2,-4.41988950276243,4,"Bukkuyum, Zamfara, Nigeria",NI,NI57,12.1377,5.46649,-2003229,4,"Bukkuyum, Zamfara, Nigeria",NI,NI57,12.1377,5.46649,-2003229,4,"Bukkuyum, Zamfara, Nigeria",NI,NI57,12.1377,5.46649,-2003229,20200427,https://tribuneonlineng.com/two-chinese-in-police-net-for-mining-gold-illegally/
920432098,20200427,202004,2020,2020.3205,NGACOP,NIGERIA,NGA,,,,,COP,,,CHN,CHINESE,CHN,,,,,,,,1,173,173,17,4,-5.0,8,1,8,-4.41988950276243,4,"Bukkuyum, Zamfara, Nigeria",NI,NI57,12.1377,5.46649,-2003229,4,"Bukkuyum, Zamfara, Nigeria",NI,NI57,12.1377,5.46649,-2003229,4,"Bukkuyum, Zamfara, Nigeria",NI,NI57,12.1377,5.46649,-2003229,20200427,https://tribuneonlineng.com/two-chinese-in-police-net-for-mining-gold-illegally/
920432099,20200427,202004,2020,2020.3205,NGACOP,NIGERIA,NGA,,,,,COP,,,NGA,NIGERIA,NGA,,,,,,,,1,173,173,17,4,-5.0,2,1,2,-4.41988950276243,5,"Zamfara State, Zamfara, Nigeria",NI,NI57,12.1667,6.25,9098622,4,"Bukkuyum, Zamfara, Nigeria",NI,NI57,12.1377,5.46649,-2003229,1,China,CH,CH,35,105,CH,20200427,https://tribuneonlineng.com/two-chinese-in-police-net-for-mining-gold-illegally/
920432100,20200427,202004,2020,2020.3205,NGACOP,NIGERIA,NGA,,,,,COP,,,NGACVL,NIGERIA,NGA,,,,,CVL,,,1,173,173,17,4,-5.0,12,2,12,-4.43924411443854,5,"Zamfara State, Zamfara, Nigeria",NI,NI57,12.1667,6.25,9098622,4,"Kwali, Abuja Federal Capital Territory, Nigeria",NI,NI11,8.86722,7.005,-2016949,1,China,CH,CH,35,105,CH,20200427,https://tribuneonlineng.com/two-chinese-in-police-net-for-mining-gold-illegally/
920434511,20200427,202004,2020,2020.3205,PTY,PARTY LEADER,,,,,,,,,,,,,,,,,,,0,020,020,02,1,3.0,10,1,10,-0.133333333333329,4,"Bern, Bern, Switzerland",SZ,SZ05,46.9167,7.46667,-2551235,0,,,,,,,4,"Bern, Bern, Switzerland",SZ,SZ05,46.9167,7.46667,-2551235,20200427,https://cumberlink.com/opinion/columnists/golden-biden-about-to-feel-the-burn-from-progressives/article_066c16d0-3d89-54d6-af82-e091caa145df.html
920437664,20200427,202004,2020,2020.3205,SEN,SENEGAL,SEN,,,,,,,,MLI,MALI,MLI,,,,,,,,1,138,138,13,3,-7.0,2,1,2,0.4153686396677,1,United States,US,US,39.828175,-98.5795,US,1,United States,US,US,39.828175,-98.5795,US,1,United States,US,US,39.828175,-98.5795,US,20200427,https://investingnews.com/daily/resource-investing/precious-metals-investing/gold-investing/desert-gold-closes-oversubscribed-financing-and-provides-exploration-guidance/
920438810,20200420,202004,2020,2020.3014,GOV,PRESIDENT,,,,,,GOV,,,HLH,HOSPITAL,,,,,,HLH,,,0,071,071,07,2,7.4,20,2,20,1.77683841476945,3,"Denver, Colorado, United States",US,USCO,39.7392,-104.985,201738,3,"Denver, Colorado, United States",US,USCO,39.7392,-104.985,201738,3,"Denver, Colorado, United States",US,USCO,39.7392,-104.985,201738,20200427,https://www.forbes.com/sites/greatspeculations/2020/04/27/seeking-free-cash-flow-gold-and-precious-metal-miners-have-got-you-covered/
920439138,20200427,202004,2020,2020.3205,CHN,CHINA,CHN,,,,,,,,PNG,PAPUA NEW GUINEA,PNG,,,,,,,,1,120,120,12,3,-4.0,1,1,1,3.48837209302326,1,China,CH,CH,35,105,CH,1,Australia,AS,AS,-25,135,AS,1,Australia,AS,AS,-25,135,AS,20200427,https://www.mining.com/zijin-axes-expected-gold-output-losing-png-mine/
920439139,20200427,202004,2020,2020.3205,CHN,CHINA,CHN,,,,,,,,PNG,PAPUA NEW GUINEA,PNG,,,,,,,,1,120,120,12,3,-4.0,1,1,1,3.48837209302326,1,China,CH,CH,35,105,CH,1,Serbia,RI,RI,44,21,RI,1,Kyrgyzstan,KG,KG,41,75,KG,20200427,https://www.mining.com/zijin-axes-expected-gold-output-losing-png-mine/
920439440,20200427,202004,2020,2020.3205,GOV,PRIME MINISTER,,,,,,GOV,,,,,,,,,,,,,1,010,010,01,1,0.0,6,1,6,3.48837209302326,4,"Porgera, Enga, Papua New Guinea",PP,PP19,-5.46667,143.2,-2198514,0,,,,,,,4,"Porgera, Enga, Papua New Guinea",PP,PP19,-5.46667,143.2,-2198514,20200427,https://www.mining.com/zijin-axes-expected-gold-output-losing-png-mine/
920439444,20200427,202004,2020,2020.3205,GOV,PRIME MINISTER,,,,,,GOV,,,,,,,,,,,,,1,020,020,02,1,3.0,6,1,6,3.48837209302326,4,"Porgera, Enga, Papua New Guinea",PP,PP19,-5.46667,143.2,-2198514,0,,,,,,,1,Australia,AS,AS,-25,135,AS,20200427,https://www.mining.com/zijin-axes-expected-gold-output-losing-png-mine/
920439548,20200427,202004,2020,2020.3205,GOV,PRIME MINISTER,,,,,,GOV,,,PNG,PAPUA NEW GUINEA,PNG,,,,,,,,1,010,010,01,1,0.0,2,1,2,3.48837209302326,4,"Porgera, Enga, Papua New Guinea",PP,PP19,-5.46667,143.2,-2198514,4,"Porgera, Enga, Papua New Guinea",PP,PP19,-5.46667,143.2,-2198514,4,"Porgera, Enga, Papua New Guinea",PP,PP19,-5.46667,143.2,-2198514,20200427,https://www.mining.com/zijin-axes-expected-gold-output-losing-png-mine/
920439549,20200427,202004,2020,2020.3205,GOV,PRIME MINISTER,,,,,,GOV,,,PNG,PAPUA NEW GUINEA,PNG,,,,,,,,1,020,020,02,1,3.0,2,1,2,3.48837209302326,4,"Porgera, Enga, Papua New Guinea",PP,PP19,-5.46667,143.2,-2198514,4,"Porgera, Enga, Papua New Guinea",PP,PP19,-5.46667,143.2,-2198514,4,"Porgera, Enga, Papua New Guinea",PP,PP19,-5.46667,143.2,-2198514,20200427,https://www.mining.com/zijin-axes-expected-gold-output-losing-png-mine/
920439965,20200427,202004,2020,2020.3205,PNG,PAPUA NEW GUINEA,PNG,,,,,,,,,,,,,,,,,,1,120,120,12,3,-4.0,1,1,1,3.48837209302326,1,Mongolia,MG,MG,46,105,MG,0,,,,,,,1,Kyrgyzstan,KG,KG,41,75,KG,20200427,https://www.mining.com/zijin-axes-expected-gold-output-losing-png-mine/
920439966,20200427,202004,2020,2020.3205,PNG,PAPUA NEW GUINEA,PNG,,,,,,,,,,,,,,,,,,1,120,120,12,3,-4.0,2,1,2,3.48837209302326,1,Serbia,RI,RI,44,21,RI,0,,,,,,,1,Kyrgyzstan,KG,KG,41,75,KG,20200427,https://www.mining.com/zijin-axes-expected-gold-output-losing-png-mine/
920439967,20200427,202004,2020,2020.3205,PNG,PAPUA NEW GUINEA,PNG,,,,,,,,CHN,CHINA,CHN,,,,,,,,1,120,120,12,3,-4.0,1,1,1,3.48837209302326,1,Australia,AS,AS,-25,135,AS,1,China,CH,CH,35,105,CH,1,Australia,AS,AS,-25,135,AS,20200427,https://www.mining.com/zijin-axes-expected-gold-output-losing-png-mine/
920439968,20200427,202004,2020,2020.3205,PNG,PAPUA NEW GUINEA,PNG,,,,,,,,CHN,CHINA,CHN,,,,,,,,1,120,120,12,3,-4.0,1,1,1,3.48837209302326,1,Mongolia,MG,MG,46,105,MG,1,Australia,AS,AS,-25,135,AS,1,Kyrgyzstan,KG,KG,41,75,KG,20200427,https://www.mining.com/zijin-axes-expected-gold-output-losing-png-mine/
920439969,20200427,202004,2020,2020.3205,PNG,PAPUA NEW GUINEA,PNG,,,,,,,,CHN,CHINA,CHN,,,,,,,,1,120,120,12,3,-4.0,2,1,2,3.48837209302326,1,Serbia,RI,RI,44,21,RI,1,Australia,AS,AS,-25,135,AS,1,Kyrgyzstan,KG,KG,41,75,KG,20200427,https://www.mining.com/zijin-axes-expected-gold-output-losing-png-mine/
920439970,20200427,202004,2020,2020.3205,PNG,PAPUA NEW GUINEA,PNG,,,,,,,,CHN,CHINA,CHN,,,,,,,,1,120,120,12,3,-4.0,1,1,1,3.48837209302326,1,Serbia,RI,RI,44,21,RI,1,China,CH,CH,35,105,CH,1,Kyrgyzstan,KG,KG,41,75,KG,20200427,https://www.mining.com/zijin-axes-expected-gold-output-losing-png-mine/
920439971,20200427,202004,2020,2020.3205,PNGGOV,PAPUA NEW GUINEA,PNG,,,,,GOV,,,,,,,,,,,,,1,010,010,01,1,0.0,2,1,2,3.48837209302326,4,"Porgera, Enga, Papua New Guinea",PP,PP19,-5.46667,143.2,-2198514,0,,,,,,,4,"Porgera, Enga, Papua New Guinea",PP,PP19,-5.46667,143.2,-2198514,20200427,https://www.mining.com/zijin-axes-expected-gold-output-losing-png-mine/
920439972,20200427,202004,2020,2020.3205,PNGGOV,PAPUA NEW GUINEA,PNG,,,,,GOV,,,,,,,,,,,,,1,020,020,02,1,3.0,2,1,2,3.48837209302326,4,"Porgera, Enga, Papua New Guinea",PP,PP19,-5.46667,143.2,-2198514,0,,,,,,,4,"Porgera, Enga, Papua New Guinea",PP,PP19,-5.46667,143.2,-2198514,20200427,https://www.mining.com/zijin-axes-expected-gold-output-losing-png-mine/
920441455,20200427,202004,2020,2020.3205,BUS,INVESTOR,,,,,,BUS,,,GOVBUS,CENTRAL BANK,,,,,,GOV,BUS,,1,020,020,02,1,3.0,10,1,10,-3.57142857142858,1,Japan,JA,JA,36,138,JA,1,Japan,JA,JA,36,138,JA,1,Japan,JA,JA,36,138,JA,20200427,https://forextv.com/forex-analysis/gold-prices-ease-as-risk-sentiment-improves/
920441489,20200427,202004,2020,2020.3205,CAN,VANCOUVER,CAN,,,,,,,,GUY,GUYANA,GUY,,,,,,,,1,050,050,05,1,3.5,220,20,220,2.03929953180105,1,Guyana,GY,GY,5,-59,GY,1,Guyana,GY,GY,5,-59,GY,1,Guyana,GY,GY,5,-59,GY,20200427,https://www.tricitynews.com/silvercorp-metals-strikes-105-million-deal-to-buy-guyana-goldfields-1.24124827
920441976,20200427,202004,2020,2020.3205,GUY,GUYANA,GUY,,,,,,,,CAN,VANCOUVER,CAN,,,,,,,,1,050,050,05,1,3.5,176,20,176,2.03929953180105,1,Guyana,GY,GY,5,-59,GY,4,"Vancouver, British Columbia, Canada",CA,CA02,49.25,-123.133,-575268,1,Guyana,GY,GY,5,-59,GY,20200427,https://www.tricitynews.com/silvercorp-metals-strikes-105-million-deal-to-buy-guyana-goldfields-1.24124827
920441977,20200427,202004,2020,2020.3205,GUY,GUYANA,GUY,,,,,,,,CAN,CANADA,CAN,,,,,,,,1,050,050,05,1,3.5,34,16,34,2.04851554569523,1,Guyana,GY,GY,5,-59,GY,1,Guyana,GY,GY,5,-59,GY,1,Guyana,GY,GY,5,-59,GY,20200427,https://www.tricitynews.com/silvercorp-metals-strikes-105-million-deal-to-buy-guyana-goldfields-1.24124827
920442781,20200427,202004,2020,2020.3205,USA,NEW YORK CITY,USA,,,,,,,,USAGOV,NEW YORK CITY,USA,,,,,GOV,,,1,035,035,03,1,7.0,8,1,8,-3.57142857142858,1,Japan,JA,JA,36,138,JA,1,Japan,JA,JA,36,138,JA,1,Japan,JA,JA,36,138,JA,20200427,https://forextv.com/forex-analysis/gold-prices-ease-as-risk-sentiment-improves/
920442832,20200427,202004,2020,2020.3205,USAGOV,UNITED STATES,USA,,,,,GOV,,,USAGOV,UNITED STATES,USA,,,,,GOV,,,1,035,035,03,1,7.0,2,1,2,-3.57142857142858,1,Japan,JA,JA,36,138,JA,1,Japan,JA,JA,36,138,JA,1,Japan,JA,JA,36,138,JA,20200427,https://forextv.com/forex-analysis/gold-prices-ease-as-risk-sentiment-improves/
920443930,20200427,202004,2020,2020.3205,BUS,BUSINESS,,,,,,BUS,,,,,,,,,,,,,1,128,128,12,3,-5.0,5,1,5,1.5625,3,"Olive Green, Ohio, United States",US,USOH,39.744,-81.6149,1065201,0,,,,,,,3,"Olive Green, Ohio, United States",US,USOH,39.744,-81.6149,1065201,20200427,https://www.goldminemag.com/interviews/homeless-gospel-choir-frontman-speaks-and-sings-about-a-confusing-new-reality
920443931,20200427,202004,2020,2020.3205,BUS,BUSINESS,,,,,,BUS,,,,,,,,,,,,,1,128,128,12,3,-5.0,1,1,1,1.5625,3,"Cincinnati, Ohio, United States",US,USOH,39.162,-84.4569,1066650,0,,,,,,,3,"Columbus, Ohio, United States",US,USOH,39.9612,-82.9988,1080996,20200427,https://www.goldminemag.com/interviews/homeless-gospel-choir-frontman-speaks-and-sings-about-a-confusing-new-reality
920443932,20200427,202004,2020,2020.3205,BUS,BUSINESS,,,,,,BUS,,,,,,,,,,,,,1,128,128,12,3,-5.0,4,1,4,1.5625,3,"Columbus, Ohio, United States",US,USOH,39.9612,-82.9988,1080996,0,,,,,,,3,"Columbus, Ohio, United States",US,USOH,39.9612,-82.9988,1080996,20200427,https://www.goldminemag.com/interviews/homeless-gospel-choir-frontman-speaks-and-sings-about-a-confusing-new-reality
920445206,20200427,202004,2020,2020.3205,USA,PITTSBURGH,USA,,,,,,,,OPP,ACTIVIST,,,,,,OPP,,,1,084,084,08,2,7.0,1,1,1,1.5625,3,"Cleveland, Ohio, United States",US,USOH,41.4995,-81.6954,1066654,3,"Cincinnati, Ohio, United States",US,USOH,39.162,-84.4569,1066650,3,"Columbus, Ohio, United States",US,USOH,39.9612,-82.9988,1080996,20200427,https://www.goldminemag.com/interviews/homeless-gospel-choir-frontman-speaks-and-sings-about-a-confusing-new-reality
920445207,20200427,202004,2020,2020.3205,USA,PITTSBURGH,USA,,,,,,,,OPP,ACTIVIST,,,,,,OPP,,,1,084,084,08,2,7.0,4,1,4,1.5625,3,"Columbus, Ohio, United States",US,USOH,39.9612,-82.9988,1080996,3,"Columbus, Ohio, United States",US,USOH,39.9612,-82.9988,1080996,3,"Columbus, Ohio, United States",US,USOH,39.9612,-82.9988,1080996,20200427,https://www.goldminemag.com/interviews/homeless-gospel-choir-frontman-speaks-and-sings-about-a-confusing-new-reality
920448220,20200427,202004,2020,2020.3205,EURGOV,EUROPEAN,EUR,,,,,GOV,,,,,,,,,,,,,1,080,080,08,2,5.0,20,2,20,-0.267379679144385,1,Germany,GM,GM,51.5,10.5,GM,0,,,,,,,1,Germany,GM,GM,51.5,10.5,GM,20200427,https://finance.yahoo.com/news/gold-falls-ahead-fed-ecb-113843228.html
920448258,20200427,202004,2020,2020.3205,GBR,UNITED KINGDOM,GBR,,,,,,,,,,,,,,,,,,1,051,051,05,1,3.4,2,1,2,0.72639225181598,1,"Bahamas, The",BF,BF,24,-76,BF,0,,,,,,,1,"Bahamas, The",BF,BF,24,-76,BF,20200427,https://www.tatler.com/article/ben-goldsmith-jemima-jones-new-baby-vita-iris
920448483,20200427,202004,2020,2020.3205,HLH,HOSPITAL,,,,,,HLH,,,,,,,,,,,,,1,051,051,05,1,3.4,1,1,1,0.72639225181598,4,"London, London, City of, United Kingdom",UK,UKH9,51.5,-0.116667,-2601889,0,,,,,,,4,"London, London, City of, United Kingdom",UK,UKH9,51.5,-0.116667,-2601889,20200427,https://www.tatler.com/article/ben-goldsmith-jemima-jones-new-baby-vita-iris
920448497,20200427,202004,2020,2020.3205,HLH,HOSPITAL,,,,,,HLH,,,GBR,UNITED KINGDOM,GBR,,,,,,,,1,080,080,08,2,5.0,1,1,1,0.72639225181598,4,"London, London, City of, United Kingdom",UK,UKH9,51.5,-0.116667,-2601889,4,"London, London, City of, United Kingdom",UK,UKH9,51.5,-0.116667,-2601889,1,"Bahamas, The",BF,BF,24,-76,BF,20200427,https://www.tatler.com/article/ben-goldsmith-jemima-jones-new-baby-vita-iris
920448632,20200427,202004,2020,2020.3205,ITA,ITALIAN,ITA,,,,,,,,USA,NEW YORK,USA,,,,,,,,1,010,010,01,1,0.0,12,2,12,-0.267379679144385,2,"Delaware, United States",US,USDE,39.3498,-75.5148,DE,2,"Delaware, United States",US,USDE,39.3498,-75.5148,DE,2,"Delaware, United States",US,USDE,39.3498,-75.5148,DE,20200427,https://finance.yahoo.com/news/gold-falls-ahead-fed-ecb-113843228.html
920448634,20200427,202004,2020,2020.3205,ITAGOV,ITALIAN,ITA,,,,,GOV,,,USA,NEW YORK,USA,,,,,,,,1,020,020,02,1,3.0,12,2,12,-0.267379679144385,1,Italy,IT,IT,42.833333,12.833333,IT,1,Italy,IT,IT,42.833333,12.833333,IT,1,Italy,IT,IT,42.833333,12.833333,IT,20200427,https://finance.yahoo.com/news/gold-falls-ahead-fed-ecb-113843228.html
920448919,20200427,202004,2020,2020.3205,PTY,PARTY LEADER,,,,,,,,,,,,,,,,,,,0,020,020,02,1,3.0,6,1,6,-1.20845921450151,2,"Massachusetts, United States",US,USMA,42.2373,-71.5314,MA,0,,,,,,,2,"Massachusetts, United States",US,USMA,42.2373,-71.5314,MA,20200427,http://www.bradfordera.com/news/state/golden-biden-about-to-feel-the-burn-from-progressives/article_f9dd9912-a1d3-5fac-a718-7d43d0b1779b.html
920448920,20200427,202004,2020,2020.3205,PTY,PARTY LEADER,,,,,,,,,,,,,,,,,,,0,020,020,02,1,3.0,4,1,4,-1.20845921450151,2,"Vermont, United States",US,USVT,44.0407,-72.7093,VT,0,,,,,,,2,"Vermont, United States",US,USVT,44.0407,-72.7093,VT,20200427,http://www.bradfordera.com/news/state/golden-biden-about-to-feel-the-burn-from-progressives/article_f9dd9912-a1d3-5fac-a718-7d43d0b1779b.html
920449081,20200427,202004,2020,2020.3205,USA,ILLINOIS,USA,,,,,,,,,,,,,,,,,,1,071,071,07,2,7.4,7,1,7,6.29770992366412,2,"Illinois, United States",US,USIL,40.3363,-89.0022,IL,0,,,,,,,1,Peru,PE,PE,-10,-76,PE,20200427,https://www.prweb.com/releases/lkcs_wins_gold_for_financial_institution_website_designs/prweb17078550.htm
920449082,20200427,202004,2020,2020.3205,USA,ILLINOIS,USA,,,,,,,,,,,,,,,,,,1,071,071,07,2,7.4,1,1,1,6.29770992366412,1,Peru,PE,PE,-10,-76,PE,0,,,,,,,1,Peru,PE,PE,-10,-76,PE,20200427,https://www.prweb.com/releases/lkcs_wins_gold_for_financial_institution_website_designs/prweb17078550.htm
920449360,20200427,202004,2020,2020.3205,USAGOV,NEW YORK,USA,,,,,GOV,,,ITA,ITALY,ITA,,,,,,,,1,010,010,01,1,0.0,4,2,4,-0.267379679144385,2,"Delaware, United States",US,USDE,39.3498,-75.5148,DE,2,"Delaware, United States",US,USDE,39.3498,-75.5148,DE,2,"Delaware, United States",US,USDE,39.3498,-75.5148,DE,20200427,https://finance.yahoo.com/news/gold-falls-ahead-fed-ecb-113843228.html
920449361,20200427,202004,2020,2020.3205,USAGOV,NEW YORK,USA,,,,,GOV,,,ITA,ITALIAN,ITA,,,,,,,,1,010,010,01,1,0.0,4,2,4,-0.267379679144385,1,Italy,IT,IT,42.833333,12.833333,IT,1,Italy,IT,IT,42.833333,12.833333,IT,1,Italy,IT,IT,42.833333,12.833333,IT,20200427,https://finance.yahoo.com/news/gold-falls-ahead-fed-ecb-113843228.html
920449362,20200427,202004,2020,2020.3205,USAGOV,NEW YORK,USA,,,,,GOV,,,ITA,ITALIAN,ITA,,,,,,,,1,020,020,02,1,3.0,8,2,8,-0.267379679144385,1,Italy,IT,IT,42.833333,12.833333,IT,1,Italy,IT,IT,42.833333,12.833333,IT,1,Italy,IT,IT,42.833333,12.833333,IT,20200427,https://finance.yahoo.com/news/gold-falls-ahead-fed-ecb-113843228.html
920449363,20200427,202004,2020,2020.3205,USAGOV,NEW YORK,USA,,,,,GOV,,,ITAGOV,ITALY,ITA,,,,,GOV,,,1,010,010,01,1,0.0,4,2,4,-0.267379679144385,2,"Delaware, United States",US,USDE,39.3498,-75.5148,DE,2,"Delaware, United States",US,USDE,39.3498,-75.5148,DE,2,"Delaware, United States",US,USDE,39.3498,-75.5148,DE,20200427,https://finance.yahoo.com/news/gold-falls-ahead-fed-ecb-113843228.html
920449364,20200427,202004,2020,2020.3205,USAGOV,NEW YORK,USA,,,,,GOV,,,ITAGOV,ITALY,ITA,,,,,GOV,,,1,020,020,02,1,3.0,4,2,4,-0.267379679144385,1,Italy,IT,IT,42.833333,12.833333,IT,1,Italy,IT,IT,42.833333,12.833333,IT,1,Italy,IT,IT,42.833333,12.833333,IT,20200427,https://finance.yahoo.com/news/gold-falls-ahead-fed-ecb-113843228.html
920455903,20200427,202004,2020,2020.3205,,,,,,,,,,,DEU,GERMANY,DEU,,,,,,,,0,042,042,04,1,1.9,2,1,2,-5.32544378698225,0,,,,,,,4,"Birx, Thün, Germany",GM,GM15,50.5333,10.05,-1748264,4,"Birx, Thün, Germany",GM,GM15,50.5333,10.05,-1748264,20200427,https://decider.com/2020/04/27/whoopi-goldberg-trump-disinfectant-holocaust/
920456360,20200427,202004,2020,2020.3205,DEU,GERMANY,DEU,,,,,,,,,,,,,,,,,,0,043,043,04,1,2.8,2,1,2,-5.32544378698225,4,"Birx, Thün, Germany",GM,GM15,50.5333,10.05,-1748264,0,,,,,,,4,"Birx, Thün, Germany",GM,GM15,50.5333,10.05,-1748264,20200427,https://decider.com/2020/04/27/whoopi-goldberg-trump-disinfectant-holocaust/
920457115,20200427,202004,2020,2020.3205,MNCUSA,GOLDMAN SACHS,USA,,,,,MNC,,,,,,,,,,,,,1,010,010,01,1,0.0,4,1,4,0.98591549295775,2,"Georgia, United States",US,USGA,32.9866,-83.6487,GA,0,,,,,,,2,"Georgia, United States",US,USGA,32.9866,-83.6487,GA,20200427,https://www.msn.com/en-us/money/markets/goldman-sachs-outlines-a-3-part-investing-strategy-to-profit-from-the-economy-s-reopening-including-4-stocks-to-buy-for-the-recovery/ar-BB13hcbc
920458083,20200427,202004,2020,2020.3205,CHR,CHRISTIAN,,,,CHR,,,,,,,,,,,,,,,1,111,111,11,3,-2.0,10,1,10,-1.88356164383562,3,"Hollywood, California, United States",US,USCA,34.0983,-118.327,1660757,0,,,,,,,3,"Hollywood, California, United States",US,USCA,34.0983,-118.327,1660757,20200427,https://www.newsbusters.org/blogs/culture/gabriel-hays/2020/04/27/jeff-goldblum-slammed-calling-out-islams-treatment-gays-drag
920458682,20200427,202004,2020,2020.3205,IRN,IRAN,IRN,,,,,,,,MOS,MUSLIM,,,,MOS,,,,,1,010,010,01,1,0.0,2,1,2,-1.88356164383562,3,"Hollywood, California, United States",US,USCA,34.0983,-118.327,1660757,3,"Hollywood, California, United States",US,USCA,34.0983,-118.327,1660757,3,"Hollywood, California, United States",US,USCA,34.0983,-118.327,1660757,20200427,https://www.newsbusters.org/blogs/culture/gabriel-hays/2020/04/27/jeff-goldblum-slammed-calling-out-islams-treatment-gays-drag
920458683,20200427,202004,2020,2020.3205,IRN,IRANIAN,IRN,,,,,,,,MOS,MUSLIM,,,,MOS,,,,,1,010,010,01,1,0.0,4,1,4,-1.88356164383562,1,Iran,IR,IR,32,53,IR,3,"Hollywood, California, United States",US,USCA,34.0983,-118.327,1660757,1,Canada,CA,CA,60,-96,CA,20200427,https://www.newsbusters.org/blogs/culture/gabriel-hays/2020/04/27/jeff-goldblum-slammed-calling-out-islams-treatment-gays-drag
920458684,20200427,202004,2020,2020.3205,IRN,IRAN,IRN,,,,,,,,MOS,MUSLIM,,,,MOS,,,,,1,010,010,01,1,0.0,1,1,1,-1.88356164383562,1,Iran,IR,IR,32,53,IR,1,Canada,CA,CA,60,-96,CA,1,Canada,CA,CA,60,-96,CA,20200427,https://www.newsbusters.org/blogs/culture/gabriel-hays/2020/04/27/jeff-goldblum-slammed-calling-out-islams-treatment-gays-drag
920458750,20200427,202004,2020,2020.3205,JUD,JUDGE,,,,,,JUD,,,,,,,,,,,,,1,040,040,04,1,1.0,5,1,5,-1.88356164383562,3,"Hollywood, California, United States",US,USCA,34.0983,-118.327,1660757,0,,,,,,,3,"Hollywood, California, United States",US,USCA,34.0983,-118.327,1660757,20200427,https://www.newsbusters.org/blogs/culture/gabriel-hays/2020/04/27/jeff-goldblum-slammed-calling-out-islams-treatment-gays-drag
920460999,20200427,202004,2020,2020.3205,BUS,MERCHANT,,,,,,BUS,,,,,,,,,,,,,0,030,030,03,1,4.0,8,1,8,-2.94530154277699,4,"Vancouver, British Columbia, Canada",CA,CA02,49.25,-123.133,-575268,0,,,,,,,4,"Vancouver, British Columbia, Canada",CA,CA02,49.25,-123.133,-575268,20200427,http://www.msn.com/en-us/news/environment/silence-is-golden-for-whales-as-lockdown-reduces-ocean-noise/ar-BB13h4I1
920461543,20200427,202004,2020,2020.3205,GUY,GUYANA,GUY,,,,,,,,CAN,CANADA,CAN,,,,,,,,1,050,050,05,1,3.5,6,2,6,2.18315018315018,1,Guyana,GY,GY,5,-59,GY,1,Guyana,GY,GY,5,-59,GY,4,"Vancouver, British Columbia, Canada",CA,CA02,49.25,-123.133,-575268,20200427,https://www.bnnbloomberg.ca/silvercorp-metals-strikes-105m-deal-to-buy-guyana-goldfields-1.1427652
920467077,20200427,202004,2020,2020.3205,,,,,,,,,,,MED,SPOKESMAN,,,,,,MED,,,1,014,014,01,1,0.0,6,1,6,0.90909090909091,0,,,,,,,4,"Brisbane, Queensland, Australia",AS,AS04,-27.5,153.017,-1561728,4,"Brisbane, Queensland, Australia",AS,AS04,-27.5,153.017,-1561728,20200427,https://www.couriermail.com.au/news/export-ale-sale-as-xxxx-gold-5-cheaper-in-western-australia/news-story/898bb361aa27490ecf513fc85b74593e?nk=fc3f15651c8882ee5931dc63176d30d0-1588014198
920467078,20200427,202004,2020,2020.3205,,,,,,,,,,,MED,SPOKESMAN,,,,,,MED,,,1,014,014,01,1,0.0,4,1,4,0.90909090909091,0,,,,,,,4,"Perth, Western Australia, Australia",AS,AS08,-31.9333,115.833,-1594675,4,"Perth, Western Australia, Australia",AS,AS08,-31.9333,115.833,-1594675,20200427,https://www.couriermail.com.au/news/export-ale-sale-as-xxxx-gold-5-cheaper-in-western-australia/news-story/898bb361aa27490ecf513fc85b74593e?nk=fc3f15651c8882ee5931dc63176d30d0-1588014198
920467079,20200427,202004,2020,2020.3205,,,,,,,,,,,MED,SPOKESMAN,,,,,,MED,,,1,111,111,11,3,-2.0,6,1,6,0.90909090909091,0,,,,,,,4,"Brisbane, Queensland, Australia",AS,AS04,-27.5,153.017,-1561728,4,"Brisbane, Queensland, Australia",AS,AS04,-27.5,153.017,-1561728,20200427,https://www.couriermail.com.au/news/export-ale-sale-as-xxxx-gold-5-cheaper-in-western-australia/news-story/898bb361aa27490ecf513fc85b74593e?nk=fc3f15651c8882ee5931dc63176d30d0-1588014198
920467080,20200427,202004,2020,2020.3205,,,,,,,,,,,MED,SPOKESMAN,,,,,,MED,,,1,111,111,11,3,-2.0,4,1,4,0.90909090909091,0,,,,,,,4,"Perth, Western Australia, Australia",AS,AS08,-31.9333,115.833,-1594675,4,"Perth, Western Australia, Australia",AS,AS08,-31.9333,115.833,-1594675,20200427,https://www.couriermail.com.au/news/export-ale-sale-as-xxxx-gold-5-cheaper-in-western-australia/news-story/898bb361aa27490ecf513fc85b74593e?nk=fc3f15651c8882ee5931dc63176d30d0-1588014198
920467447,20200427,202004,2020,2020.3205,CVL,NEIGHBOURHOOD,,,,,,CVL,,,BUS,BUSINESS,,,,,,BUS,,,1,042,042,04,1,1.9,10,1,10,9.1324200913242,0,,,,,,,0,,,,,,,0,,,,,,,20200427,https://www.tricitynews.com/news/tri-city-news-wins-gold-for-general-excellence-at-b-c-newspaper-awards-1.24124914
920470017,20200427,202004,2020,2020.3205,BUS,COMPANY,,,,,,BUS,,,,,,,,,,,,,0,110,110,11,3,-2.0,10,1,10,4.7112462006079,4,"Cajueiro, Piauhy, Brazil",BR,BR20,-5.88333,-41.1333,-652301,0,,,,,,,4,"Cajueiro, Piauhy, Brazil",BR,BR20,-5.88333,-41.1333,-652301,20200427,https://www.finanznachrichten.de/nachrichten-2020-04/49489711-altamira-gold-announces-us-dollar-6-million-gold-forward-purchase-agreement-to-fund-1-000-tonne-per-day-processing-plant-at-the-cajueiro-gold-project-brazil-296.htm
920470024,20200427,202004,2020,2020.3205,BUS,COMPANY,,,,,,BUS,,,CAN,VANCOUVER,CAN,,,,,,,,1,030,030,03,1,4.0,10,1,10,4.7112462006079,4,"Cajueiro, Piauhy, Brazil",BR,BR20,-5.88333,-41.1333,-652301,4,"Cajueiro, Piauhy, Brazil",BR,BR20,-5.88333,-41.1333,-652301,4,"Cajueiro, Piauhy, Brazil",BR,BR20,-5.88333,-41.1333,-652301,20200427,https://www.finanznachrichten.de/nachrichten-2020-04/49489711-altamira-gold-announces-us-dollar-6-million-gold-forward-purchase-agreement-to-fund-1-000-tonne-per-day-processing-plant-at-the-cajueiro-gold-project-brazil-296.htm
920471590,20200427,202004,2020,2020.3205,EDU,SCHOOL,,,,,,EDU,,,CVL,COMMUNITY,,,,,,CVL,,,0,051,051,05,1,3.4,3,1,3,5.16385302879841,2,"Indiana, United States",US,USIN,39.8647,-86.2604,IN,2,"Indiana, United States",US,USIN,39.8647,-86.2604,IN,2,"Indiana, United States",US,USIN,39.8647,-86.2604,IN,20200427,https://news.mcdonalds.com/news-releases/news-release-details/mcdonalds-continues-extending-golden-arches-local-communities
920472077,20200427,202004,2020,2020.3205,MOS,ISLAM,,,,MOS,,,,,,,,,,,,,,,0,112,112,11,3,-2.0,132,22,132,-4.32453874644528,1,Iran,IR,IR,32,53,IR,0,,,,,,,1,Iran,IR,IR,32,53,IR,20200427,https://globalnews.ca/news/6873046/jeff-goldblum-islam-comments-rupauls-drag-race/
920472079,20200427,202004,2020,2020.3205,MOS,MUSLIM,,,,MOS,,,,,,,,,,,,,,,0,172,172,17,4,-5.0,2,1,2,-3.73360242179617,3,"Hollywood, California, United States",US,USCA,34.0983,-118.327,1660757,0,,,,,,,3,"Hollywood, California, United States",US,USCA,34.0983,-118.327,1660757,20200427,https://globalnews.ca/news/6873046/jeff-goldblum-islam-comments-rupauls-drag-race/
920472080,20200427,202004,2020,2020.3205,MOS,MUSLIM,,,,MOS,,,,,,,,,,,,,,,0,172,172,17,4,-5.0,218,22,218,-4.32453874644528,1,Iran,IR,IR,32,53,IR,0,,,,,,,1,Iran,IR,IR,32,53,IR,20200427,https://globalnews.ca/news/6873046/jeff-goldblum-islam-comments-rupauls-drag-race/
920472082,20200427,202004,2020,2020.3205,MOS,ISLAM,,,,MOS,,,,,,,,,,,,,,,0,180,180,18,4,-9.0,6,1,6,-3.73360242179617,1,Canada,CA,CA,60,-96,CA,0,,,,,,,1,Canada,CA,CA,60,-96,CA,20200427,https://globalnews.ca/news/6873046/jeff-goldblum-islam-comments-rupauls-drag-race/
920472085,20200427,202004,2020,2020.3205,MOS,MUSLIM,,,,MOS,,,,,USA,UNITED STATES,USA,,,,,,,,0,190,190,19,4,-10.0,88,22,88,-4.32453874644528,3,"Hollywood, California, United States",US,USCA,34.0983,-118.327,1660757,3,"Hollywood, California, United States",US,USCA,34.0983,-118.327,1660757,3,"Hollywood, California, United States",US,USCA,34.0983,-118.327,1660757,20200427,https://globalnews.ca/news/6873046/jeff-goldblum-islam-comments-rupauls-drag-race/
920472241,20200427,202004,2020,2020.3205,USA,UNITED STATES,USA,,,,,,,,,,,,,,,,,,1,043,043,04,1,2.8,2,1,2,-3.73360242179617,3,"Hollywood, California, United States",US,USCA,34.0983,-118.327,1660757,0,,,,,,,1,Canada,CA,CA,60,-96,CA,20200427,https://globalnews.ca/news/6873046/jeff-goldblum-islam-comments-rupauls-drag-race/
920473190,20200427,202004,2020,2020.3205,,,,,,,,,,,BUS,COMPANY,,,,,,BUS,,,0,042,042,04,1,1.9,3,1,3,3.29484652210644,0,,,,,,,4,"Eastmain, Quebec, Canada",CA,CA10,52.2333,-78.5167,-563988,4,"Eastmain, Quebec, Canada",CA,CA10,52.2333,-78.5167,-563988,20200427,https://www.so-co-it.com/post/611283/infill-and-expansion-drilling-at-goliath-gold-project-for-upcoming-pfs-progressing-according-to-plan-for-treasury-metals.html
920473196,20200427,202004,2020,2020.3205,,,,,,,,,,,CAN,CANADA,CAN,,,,,,,,0,040,040,04,1,1.0,4,1,4,3.29484652210644,0,,,,,,,4,"Abitibi, Canada (general), Canada",CA,CA00,48,-76,-576358,4,"Abitibi, Canada (general), Canada",CA,CA00,48,-76,-576358,20200427,https://www.so-co-it.com/post/611283/infill-and-expansion-drilling-at-goliath-gold-project-for-upcoming-pfs-progressing-according-to-plan-for-treasury-metals.html
920473372,20200427,202004,2020,2020.3205,BUS,COMPANY,,,,,,BUS,,,,,,,,,,,,,0,071,071,07,2,7.4,3,1,3,3.29484652210644,4,"Eastmain, Quebec, Canada",CA,CA10,52.2333,-78.5167,-563988,0,,,,,,,4,"Eastmain, Quebec, Canada",CA,CA10,52.2333,-78.5167,-563988,20200427,https://www.so-co-it.com/post/611283/infill-and-expansion-drilling-at-goliath-gold-project-for-upcoming-pfs-progressing-according-to-plan-for-treasury-metals.html
920473417,20200427,202004,2020,2020.3205,CAN,CANADA,CAN,,,,,,,,,,,,,,,,,,0,040,040,04,1,1.0,4,1,4,3.29484652210644,4,"Eastmain, Quebec, Canada",CA,CA10,52.2333,-78.5167,-563988,0,,,,,,,4,"Eastmain, Quebec, Canada",CA,CA10,52.2333,-78.5167,-563988,20200427,https://www.so-co-it.com/post/611283/infill-and-expansion-drilling-at-goliath-gold-project-for-upcoming-pfs-progressing-according-to-plan-for-treasury-metals.html
920474048,20200427,202004,2020,2020.3205,MOS,ISLAM,,,,MOS,,,,,,,,,,,,,,,0,180,180,18,4,-9.0,126,21,126,-4.35267857142857,1,Iran,IR,IR,32,53,IR,0,,,,,,,1,Iran,IR,IR,32,53,IR,20200427,https://jumpradio.ca/news/6873046/jeff-goldblum-islam-comments-rupauls-drag-race/
920474326,20200427,202004,2020,2020.3205,USA,UNITED STATES,USA,,,,,,,,REL,RELIGION,,,,,,,,,1,020,020,02,1,3.0,84,21,84,-4.35267857142857,3,"Hollywood, California, United States",US,USCA,34.0983,-118.327,1660757,3,"Hollywood, California, United States",US,USCA,34.0983,-118.327,1660757,3,"Hollywood, California, United States",US,USCA,34.0983,-118.327,1660757,20200427,https://jumpradio.ca/news/6873046/jeff-goldblum-islam-comments-rupauls-drag-race/
920479588,20200427,202004,2020,2020.3205,,,,,,,,,,,HLH,HOSPITAL,,,,,,HLH,,,1,046,046,04,1,7.0,5,1,5,0.55970149253731,0,,,,,,,1,Ireland,EI,EI,53,-8,EI,1,Ireland,EI,EI,53,-8,EI,20200427,https://www.derbytelegraph.co.uk/burton/hospital-cleaner-with-heart-gold-4083693
920479589,20200427,202004,2020,2020.3205,,,,,,,,,,,HLH,HOSPITAL,,,,,,HLH,,,1,060,060,06,2,6.0,10,2,10,0.73274929699329,0,,,,,,,1,Ireland,EI,EI,53,-8,EI,1,Ireland,EI,EI,53,-8,EI,20200427,https://www.derbytelegraph.co.uk/burton/hospital-cleaner-with-heart-gold-4083693
920479758,20200427,202004,2020,2020.3205,BUS,INDUSTRY,,,,,,BUS,,,MED,WEBSITE,,,,,,MED,,,1,111,111,11,3,-2.0,10,1,10,8.01393728222996,3,"Atlanta, Georgia, United States",US,USGA,33.749,-84.388,351615,3,"Atlanta, Georgia, United States",US,USGA,33.749,-84.388,351615,3,"Atlanta, Georgia, United States",US,USGA,33.749,-84.388,351615,20200427,https://www.prweb.com/releases/denim_marketing_wins_two_gold_hermes_creative_awards_in_2020/prweb17079839.htm
920480106,20200427,202004,2020,2020.3205,GOV,CHIEF EXECUTIVE,,,,,,GOV,,,HLH,HOSPITAL,,,,,,HLH,,,1,046,046,04,1,7.0,8,2,8,0.73274929699329,1,Ireland,EI,EI,53,-8,EI,1,Ireland,EI,EI,53,-8,EI,1,Ireland,EI,EI,53,-8,EI,20200427,https://www.derbytelegraph.co.uk/burton/hospital-cleaner-with-heart-gold-4083693
920480107,20200427,202004,2020,2020.3205,GOV,CHIEF EXECUTIVE,,,,,,GOV,,,HLH,HOSPITAL,,,,,,HLH,,,1,060,060,06,2,6.0,8,2,8,0.73274929699329,1,Ireland,EI,EI,53,-8,EI,1,Ireland,EI,EI,53,-8,EI,1,Ireland,EI,EI,53,-8,EI,20200427,https://www.derbytelegraph.co.uk/burton/hospital-cleaner-with-heart-gold-4083693
920480191,20200427,202004,2020,2020.3205,HLH,HOSPITAL,,,,,,HLH,,,,,,,,,,,,,1,046,046,04,1,7.0,15,2,15,0.790431898478617,1,Ireland,EI,EI,53,-8,EI,0,,,,,,,1,Ireland,EI,EI,53,-8,EI,20200427,https://www.derbytelegraph.co.uk/burton/hospital-cleaner-with-heart-gold-4083693
920480200,20200427,202004,2020,2020.3205,HLH,HOSPITAL,,,,,,HLH,,,GOV,CHIEF EXECUTIVE,,,,,,GOV,,,1,046,046,04,1,7.0,8,2,8,0.73274929699329,1,Ireland,EI,EI,53,-8,EI,1,Ireland,EI,EI,53,-8,EI,1,Ireland,EI,EI,53,-8,EI,20200427,https://www.derbytelegraph.co.uk/burton/hospital-cleaner-with-heart-gold-4083693
920480201,20200427,202004,2020,2020.3205,HLH,HOSPITAL,,,,,,HLH,,,IRLGOV,IRELAND,IRL,,,,,GOV,,,1,046,046,04,1,7.0,2,2,2,0.73274929699329,1,Ireland,EI,EI,53,-8,EI,1,Ireland,EI,EI,53,-8,EI,1,Ireland,EI,EI,53,-8,EI,20200427,https://www.derbytelegraph.co.uk/burton/hospital-cleaner-with-heart-gold-4083693
920480250,20200427,202004,2020,2020.3205,IRL,IRELAND,IRL,,,,,,,,,,,,,,,,,,1,017,017,01,1,0.0,19,3,19,0.604441560314367,1,Ireland,EI,EI,53,-8,EI,0,,,,,,,1,Ireland,EI,EI,53,-8,EI,20200427,https://www.derbytelegraph.co.uk/burton/hospital-cleaner-with-heart-gold-4083693
920480261,20200427,202004,2020,2020.3205,IRLGOV,IRELAND,IRL,,,,,GOV,,,HLH,HOSPITAL,,,,,,HLH,,,1,060,060,06,2,6.0,2,2,2,0.73274929699329,1,Ireland,EI,EI,53,-8,EI,1,Ireland,EI,EI,53,-8,EI,1,Ireland,EI,EI,53,-8,EI,20200427,https://www.derbytelegraph.co.uk/burton/hospital-cleaner-with-heart-gold-4083693
920480417,20200427,202004,2020,2020.3205,MED,MEDIA,,,,,,MED,,,DEU,GERMAN,DEU,,,,,,,,0,073,073,07,2,7.4,8,1,8,8.01393728222996,1,Germany,GM,GM,51.5,10.5,GM,1,Germany,GM,GM,51.5,10.5,GM,1,Germany,GM,GM,51.5,10.5,GM,20200427,https://www.prweb.com/releases/denim_marketing_wins_two_gold_hermes_creative_awards_in_2020/prweb17079839.htm
920481563,20200427,202004,2020,2020.3205,,,,,,,,,,,CAN,CANADA,CAN,,,,,,,,1,060,060,06,2,6.0,10,3,10,2.67447451225985,0,,,,,,,5,"Yukon Territory, Yukon, Canada",CA,CA12,63,-136,-576336,5,"Yukon Territory, Yukon, Canada",CA,CA12,63,-136,-576336,20200427,https://www.prnewswire.com:443/news-releases/michael-vitton-to-join-board-of-western-copper-and-gold-301047245.html
920481725,20200427,202004,2020,2020.3205,BUS,COMPANY,,,,,,BUS,,,,,,,,,,,,,0,051,051,05,1,3.4,30,3,30,2.67447451225985,2,"Michigan, United States",US,USMI,43.3504,-84.5603,MI,0,,,,,,,5,"Yukon Territory, Yukon, Canada",CA,CA12,63,-136,-576336,20200427,https://www.prnewswire.com:443/news-releases/michael-vitton-to-join-board-of-western-copper-and-gold-301047245.html
920481767,20200427,202004,2020,2020.3205,CAN,CANADIAN,CAN,,,,,,,,,,,,,,,,,,0,010,010,01,1,0.0,20,3,20,2.67447451225985,5,"Yukon Territory, Yukon, Canada",CA,CA12,63,-136,-576336,0,,,,,,,2,"Michigan, United States",US,USMI,43.3504,-84.5603,MI,20200427,https://www.prnewswire.com:443/news-releases/michael-vitton-to-join-board-of-western-copper-and-gold-301047245.html
920481769,20200427,202004,2020,2020.3205,CAN,CANADIAN,CAN,,,,,,,,,,,,,,,,,,0,010,010,01,1,0.0,5,3,5,2.67447451225985,2,"Michigan, United States",US,USMI,43.3504,-84.5603,MI,0,,,,,,,5,"Yukon Territory, Yukon, Canada",CA,CA12,63,-136,-576336,20200427,https://www.prnewswire.com:443/news-releases/michael-vitton-to-join-board-of-western-copper-and-gold-301047245.html
920482034,20200427,202004,2020,2020.3205,GOV,SOVEREIGN,,,,,,GOV,,,,,,,,,,,,,0,071,071,07,2,7.4,40,3,40,2.67447451225985,5,"Yukon Territory, Yukon, Canada",CA,CA12,63,-136,-576336,0,,,,,,,5,"Yukon Territory, Yukon, Canada",CA,CA12,63,-136,-576336,20200427,https://www.prnewswire.com:443/news-releases/michael-vitton-to-join-board-of-western-copper-and-gold-301047245.html
920483446,20200427,202004,2020,2020.3205,,,,,,,,,,,GOV,GOVERNMENT,,,,,,GOV,,,1,042,042,04,1,1.9,6,2,6,1.86965811965813,0,,,,,,,1,Australia,AS,AS,-25,135,AS,1,Australia,AS,AS,-25,135,AS,20200427,http://www.mygc.com.au/gold-coast-themeparks-to-get-federal-funding-for-animal-welfare-costs/
920483447,20200427,202004,2020,2020.3205,,,,,,,,,,,GOV,GOVERNMENT,,,,,,GOV,,,1,042,042,04,1,1.9,2,1,2,2.77777777777778,0,,,,,,,1,Australia,AS,AS,-25,135,AS,1,Ghana,GH,GH,8,-2,GH,20200427,http://www.mygc.com.au/gold-coast-themeparks-to-get-federal-funding-for-animal-welfare-costs/
920483569,20200427,202004,2020,2020.3205,AUSGOV,AUSTRALIA,AUS,,,,,GOV,,,,,,,,,,,,,0,060,060,06,2,6.0,2,1,2,2.77777777777778,1,Australia,AS,AS,-25,135,AS,0,,,,,,,1,Australia,AS,AS,-25,135,AS,20200427,http://www.mygc.com.au/gold-coast-themeparks-to-get-federal-funding-for-animal-welfare-costs/
920483570,20200427,202004,2020,2020.3205,AUSGOV,AUSTRALIA,AUS,,,,,GOV,,,,,,,,,,,,,0,070,070,07,2,7.0,2,1,2,2.77777777777778,1,Australia,AS,AS,-25,135,AS,0,,,,,,,1,Australia,AS,AS,-25,135,AS,20200427,http://www.mygc.com.au/gold-coast-themeparks-to-get-federal-funding-for-animal-welfare-costs/
920483759,20200427,202004,2020,2020.3205,CVL,COMMUNITY,,,,,,CVL,,,,,,,,,,,,,1,020,020,02,1,3.0,10,1,10,1.97628458498024,3,"Monterey, California, United States",US,USCA,36.6002,-121.895,1659762,0,,,,,,,3,"Monterey, California, United States",US,USCA,36.6002,-121.895,1659762,20200427,https://www.msn.com/en-us/news/us/coronavirus-update-san-francisco-shuts-down-golden-gate-park-s-jfk-drive-to-allow-for-social-distancing/ar-BB13hv7C
920483894,20200427,202004,2020,2020.3205,GHA,GHANA,GHA,,,,,,,,,,,,,,,,,,1,071,071,07,2,7.4,8,1,8,2.77777777777778,1,Australia,AS,AS,-25,135,AS,0,,,,,,,1,Australia,AS,AS,-25,135,AS,20200427,http://www.mygc.com.au/gold-coast-themeparks-to-get-federal-funding-for-animal-welfare-costs/
920483895,20200427,202004,2020,2020.3205,GHA,GHANA,GHA,,,,,,,,GOV,GOVERNMENT,,,,,,GOV,,,1,040,040,04,1,1.0,2,1,2,2.77777777777778,1,Ghana,GH,GH,8,-2,GH,1,Australia,AS,AS,-25,135,AS,1,Ghana,GH,GH,8,-2,GH,20200427,http://www.mygc.com.au/gold-coast-themeparks-to-get-federal-funding-for-animal-welfare-costs/
920483896,20200427,202004,2020,2020.3205,GHA,GHANA,GHA,,,,,,,,GOV,GOVERNMENT,,,,,,GOV,,,1,071,071,07,2,7.4,2,1,2,2.77777777777778,1,Ghana,GH,GH,8,-2,GH,1,Australia,AS,AS,-25,135,AS,1,Australia,AS,AS,-25,135,AS,20200427,http://www.mygc.com.au/gold-coast-themeparks-to-get-federal-funding-for-animal-welfare-costs/
920483908,20200427,202004,2020,2020.3205,GOV,GOVERNMENT,,,,,,GOV,,,,,,,,,,,,,1,043,043,04,1,2.8,3,1,3,2.77777777777778,1,Australia,AS,AS,-25,135,AS,0,,,,,,,1,Ghana,GH,GH,8,-2,GH,20200427,http://www.mygc.com.au/gold-coast-themeparks-to-get-federal-funding-for-animal-welfare-costs/
920483932,20200427,202004,2020,2020.3205,GOV,TOURISM MINIST,,,,,,GOV,,,AUS,AUSTRALIA,AUS,,,,,,,,0,060,060,06,2,6.0,2,1,2,2.77777777777778,1,Australia,AS,AS,-25,135,AS,1,Australia,AS,AS,-25,135,AS,1,Australia,AS,AS,-25,135,AS,20200427,http://www.mygc.com.au/gold-coast-themeparks-to-get-federal-funding-for-animal-welfare-costs/
920483933,20200427,202004,2020,2020.3205,GOV,TOURISM MINIST,,,,,,GOV,,,AUS,AUSTRALIA,AUS,,,,,,,,0,070,070,07,2,7.0,2,1,2,2.77777777777778,1,Australia,AS,AS,-25,135,AS,1,Australia,AS,AS,-25,135,AS,1,Australia,AS,AS,-25,135,AS,20200427,http://www.mygc.com.au/gold-coast-themeparks-to-get-federal-funding-for-animal-welfare-costs/
920483946,20200427,202004,2020,2020.3205,GOV,TOURISM MINIST,,,,,,GOV,,,GBR,BIRMINGHAM,GBR,,,,,,,,0,060,060,06,2,6.0,6,1,6,2.77777777777778,1,Australia,AS,AS,-25,135,AS,1,Australia,AS,AS,-25,135,AS,1,Australia,AS,AS,-25,135,AS,20200427,http://www.mygc.com.au/gold-coast-themeparks-to-get-federal-funding-for-animal-welfare-costs/
920483947,20200427,202004,2020,2020.3205,GOV,TOURISM MINIST,,,,,,GOV,,,GBR,BIRMINGHAM,GBR,,,,,,,,0,070,070,07,2,7.0,6,1,6,2.77777777777778,1,Australia,AS,AS,-25,135,AS,1,Australia,AS,AS,-25,135,AS,1,Australia,AS,AS,-25,135,AS,20200427,http://www.mygc.com.au/gold-coast-themeparks-to-get-federal-funding-for-animal-welfare-costs/
920483948,20200427,202004,2020,2020.3205,GOV,GOVERNMENT,,,,,,GOV,,,GHA,GHANA,GHA,,,,,,,,1,040,040,04,1,1.0,2,1,2,2.77777777777778,1,Australia,AS,AS,-25,135,AS,1,Ghana,GH,GH,8,-2,GH,1,Ghana,GH,GH,8,-2,GH,20200427,http://www.mygc.com.au/gold-coast-themeparks-to-get-federal-funding-for-animal-welfare-costs/
920487072,20200427,202004,2020,2020.3205,,,,,,,,,,,CAN,CANADA,CAN,,,,,,,,0,042,042,04,1,1.9,22,11,22,1.44364907822257,0,,,,,,,4,"Cranbrook, British Columbia, Canada",CA,CA02,49.5167,-115.767,-563126,4,"Cranbrook, British Columbia, Canada",CA,CA02,49.5167,-115.767,-563126,20200427,https://www.baltimorestar.com/news/264850793/omni-enters-into-letter-of-intent-to-acquire-majority-ownership-of-northshore-gold-property-and-corporate-update
920487073,20200427,202004,2020,2020.3205,,,,,,,,,,,CAN,CANADA,CAN,,,,,,,,0,042,042,04,1,1.9,66,11,66,1.44364907822257,0,,,,,,,4,"Moose Mountain, Saskatchewan, Canada",CA,CA11,49.75,-102.617,-569594,4,"Cranbrook, British Columbia, Canada",CA,CA02,49.5167,-115.767,-563126,20200427,https://www.baltimorestar.com/news/264850793/omni-enters-into-letter-of-intent-to-acquire-majority-ownership-of-northshore-gold-property-and-corporate-update
920487082,20200427,202004,2020,2020.3205,,,,,,,,,,,GBR,BRITISH,GBR,,,,,,,,0,190,190,19,4,-10.0,2,1,2,-4.30388001304206,0,,,,,,,2,"New York, United States",US,USNY,42.1497,-74.9384,NY,4,"London, London, City of, United Kingdom",UK,UKH9,51.5,-0.116667,-2601889,20200427,https://www.goldcoastbulletin.com.au/coronavirus/coronavirus-two-million-aussies-download-app-as-boris-johnson-issues-grim-warning/news-story/1c94700a2ee976cf1fcd3bf97aaaa420?nk=dc6084e4aaab1efb26d4a41ee4bd6abb-1588023166
920487134,20200427,202004,2020,2020.3205,,,,,,,,,,,USA,UNITED STATES,USA,,,,,,,,0,037,037,03,1,5.0,4,1,4,-4.30388001304206,0,,,,,,,2,"New York, United States",US,USNY,42.1497,-74.9384,NY,2,"New York, United States",US,USNY,42.1497,-74.9384,NY,20200427,https://www.goldcoastbulletin.com.au/coronavirus/coronavirus-two-million-aussies-download-app-as-boris-johnson-issues-grim-warning/news-story/1c94700a2ee976cf1fcd3bf97aaaa420?nk=dc6084e4aaab1efb26d4a41ee4bd6abb-1588023166
920487260,20200427,202004,2020,2020.3205,CAN,CANADA,CAN,,,,,,,,,,,,,,,,,,0,010,010,01,1,0.0,22,11,22,1.44364907822257,4,"Cranbrook, British Columbia, Canada",CA,CA02,49.5167,-115.767,-563126,0,,,,,,,4,"Cranbrook, British Columbia, Canada",CA,CA02,49.5167,-115.767,-563126,20200427,https://www.baltimorestar.com/news/264850793/omni-enters-into-letter-of-intent-to-acquire-majority-ownership-of-northshore-gold-property-and-corporate-update
920487261,20200427,202004,2020,2020.3205,CAN,CANADA,CAN,,,,,,,,,,,,,,,,,,0,010,010,01,1,0.0,66,11,66,1.44364907822257,4,"Moose Mountain, Saskatchewan, Canada",CA,CA11,49.75,-102.617,-569594,0,,,,,,,4,"Cranbrook, British Columbia, Canada",CA,CA02,49.5167,-115.767,-563126,20200427,https://www.baltimorestar.com/news/264850793/omni-enters-into-letter-of-intent-to-acquire-majority-ownership-of-northshore-gold-property-and-corporate-update
920487265,20200427,202004,2020,2020.3205,CAN,CANADA,CAN,,,,,,,,,,,,,,,,,,0,043,043,04,1,2.8,22,11,22,1.44364907822257,4,"Cranbrook, British Columbia, Canada",CA,CA02,49.5167,-115.767,-563126,0,,,,,,,4,"Cranbrook, British Columbia, Canada",CA,CA02,49.5167,-115.767,-563126,20200427,https://www.baltimorestar.com/news/264850793/omni-enters-into-letter-of-intent-to-acquire-majority-ownership-of-northshore-gold-property-and-corporate-update
920487266,20200427,202004,2020,2020.3205,CAN,CANADA,CAN,,,,,,,,,,,,,,,,,,0,043,043,04,1,2.8,22,11,22,1.44364907822257,4,"Moose Mountain, Saskatchewan, Canada",CA,CA11,49.75,-102.617,-569594,0,,,,,,,4,"Cranbrook, British Columbia, Canada",CA,CA02,49.5167,-115.767,-563126,20200427,https://www.baltimorestar.com/news/264850793/omni-enters-into-letter-of-intent-to-acquire-majority-ownership-of-northshore-gold-property-and-corporate-update
920487267,20200427,202004,2020,2020.3205,CAN,CANADA,CAN,,,,,,,,,,,,,,,,,,1,046,046,04,1,7.0,22,11,22,1.44364907822257,4,"Hemlo, Ontario, Canada",CA,CA08,48.6833,-85.9833,-566121,0,,,,,,,4,"Hemlo, Ontario, Canada",CA,CA08,48.6833,-85.9833,-566121,20200427,https://www.baltimorestar.com/news/264850793/omni-enters-into-letter-of-intent-to-acquire-majority-ownership-of-northshore-gold-property-and-corporate-update
920487268,20200427,202004,2020,2020.3205,CAN,CANADA,CAN,,,,,,,,,,,,,,,,,,1,046,046,04,1,7.0,22,11,22,1.44364907822257,4,"Thunder Bay, Ontario, Canada",CA,CA08,48.4,-89.2333,-574784,0,,,,,,,4,"Hemlo, Ontario, Canada",CA,CA08,48.6833,-85.9833,-566121,20200427,https://www.baltimorestar.com/news/264850793/omni-enters-into-letter-of-intent-to-acquire-majority-ownership-of-northshore-gold-property-and-corporate-update
920487311,20200427,202004,2020,2020.3205,CHE,SWITZERLAND,CHE,,,,,,,,EDU,SCHOOL,,,,,,EDU,,,0,042,042,04,1,1.9,48,4,48,-4.25017410729558,4,"Geneva, Genè, Switzerland",SZ,SZ07,46.1956,6.14811,-2552151,1,Norway,NO,NO,62,10,NO,1,Norway,NO,NO,62,10,NO,20200427,https://www.goldcoastbulletin.com.au/coronavirus/coronavirus-two-million-aussies-download-app-as-boris-johnson-issues-grim-warning/news-story/1c94700a2ee976cf1fcd3bf97aaaa420?nk=dc6084e4aaab1efb26d4a41ee4bd6abb-1588023166
920487312,20200427,202004,2020,2020.3205,CHE,SWITZERLAND,CHE,,,,,,,,EDU,SCHOOL,,,,,,EDU,,,0,042,042,04,1,1.9,2,1,2,-4.30388001304206,1,France,FR,FR,46,2,FR,2,"New York, United States",US,USNY,42.1497,-74.9384,NY,4,"Geneva, Genè, Switzerland",SZ,SZ07,46.1956,6.14811,-2552151,20200427,https://www.goldcoastbulletin.com.au/coronavirus/coronavirus-two-million-aussies-download-app-as-boris-johnson-issues-grim-warning/news-story/1c94700a2ee976cf1fcd3bf97aaaa420?nk=dc6084e4aaab1efb26d4a41ee4bd6abb-1588023166
920487477,20200427,202004,2020,2020.3205,EDU,SCHOOL,,,,,,EDU,,,CHE,SWITZERLAND,CHE,,,,,,,,0,043,043,04,1,2.8,48,4,48,-4.25017410729558,1,Norway,NO,NO,62,10,NO,4,"Geneva, Genè, Switzerland",SZ,SZ07,46.1956,6.14811,-2552151,1,Norway,NO,NO,62,10,NO,20200427,https://www.goldcoastbulletin.com.au/coronavirus/coronavirus-two-million-aussies-download-app-as-boris-johnson-issues-grim-warning/news-story/1c94700a2ee976cf1fcd3bf97aaaa420?nk=dc6084e4aaab1efb26d4a41ee4bd6abb-1588023166
920487478,20200427,202004,2020,2020.3205,EDU,SCHOOL,,,,,,EDU,,,CHE,SWITZERLAND,CHE,,,,,,,,0,043,043,04,1,2.8,2,1,2,-4.30388001304206,2,"New York, United States",US,USNY,42.1497,-74.9384,NY,1,France,FR,FR,46,2,FR,4,"Geneva, Genè, Switzerland",SZ,SZ07,46.1956,6.14811,-2552151,20200427,https://www.goldcoastbulletin.com.au/coronavirus/coronavirus-two-million-aussies-download-app-as-boris-johnson-issues-grim-warning/news-story/1c94700a2ee976cf1fcd3bf97aaaa420?nk=dc6084e4aaab1efb26d4a41ee4bd6abb-1588023166
920487509,20200427,202004,2020,2020.3205,ESP,SPAIN,ESP,,,,,,,,,,,,,,,,,,0,020,020,02,1,3.0,48,4,48,-4.25017410729558,4,"Palma De Mallorca, Islas Baleares, Spain",SP,SP07,39.5743,2.65522,-395224,0,,,,,,,4,"Palma De Mallorca, Islas Baleares, Spain",SP,SP07,39.5743,2.65522,-395224,20200427,https://www.goldcoastbulletin.com.au/coronavirus/coronavirus-two-million-aussies-download-app-as-boris-johnson-issues-grim-warning/news-story/1c94700a2ee976cf1fcd3bf97aaaa420?nk=dc6084e4aaab1efb26d4a41ee4bd6abb-1588023166
920487514,20200427,202004,2020,2020.3205,EUR,EUROPE,EUR,,,,,,,,,,,,,,,,,,0,020,020,02,1,3.0,2,1,2,-4.30388001304206,2,"New York, United States",US,USNY,42.1497,-74.9384,NY,0,,,,,,,2,"New York, United States",US,USNY,42.1497,-74.9384,NY,20200427,https://www.goldcoastbulletin.com.au/coronavirus/coronavirus-two-million-aussies-download-app-as-boris-johnson-issues-grim-warning/news-story/1c94700a2ee976cf1fcd3bf97aaaa420?nk=dc6084e4aaab1efb26d4a41ee4bd6abb-1588023166
920487538,20200427,202004,2020,2020.3205,GBR,UNITED KINGDOM,GBR,,,,,,,,,,,,,,,,,,1,012,012,01,1,-0.4,4,1,2,-4.30388001304206,1,Australia,AS,AS,-25,135,AS,0,,,,,,,1,Australia,AS,AS,-25,135,AS,20200427,https://www.goldcoastbulletin.com.au/coronavirus/coronavirus-two-million-aussies-download-app-as-boris-johnson-issues-grim-warning/news-story/1c94700a2ee976cf1fcd3bf97aaaa420?nk=dc6084e4aaab1efb26d4a41ee4bd6abb-1588023166
920487542,20200427,202004,2020,2020.3205,GBR,UNITED KINGDOM,GBR,,,,,,,,,,,,,,,,,,1,172,172,17,4,-5.0,10,1,10,-1.02739726027397,4,"Edinburgh, Edinburgh, City of, United Kingdom",UK,UKU8,55.95,-3.2,-2595386,0,,,,,,,4,"Edinburgh, Edinburgh, City of, United Kingdom",UK,UKU8,55.95,-3.2,-2595386,20200427,https://www.nme.com/news/music/goldie-lookin-chain-announce-20th-anniversary-uk-tour-2654776
920487543,20200427,202004,2020,2020.3205,GBR,BRITISH,GBR,,,,,,,,,,,,,,,,,,0,190,190,19,4,-10.0,2,1,2,-4.30388001304206,2,"New York, United States",US,USNY,42.1497,-74.9384,NY,0,,,,,,,4,"London, London, City of, United Kingdom",UK,UKH9,51.5,-0.116667,-2601889,20200427,https://www.goldcoastbulletin.com.au/coronavirus/coronavirus-two-million-aussies-download-app-as-boris-johnson-issues-grim-warning/news-story/1c94700a2ee976cf1fcd3bf97aaaa420?nk=dc6084e4aaab1efb26d4a41ee4bd6abb-1588023166
920487547,20200427,202004,2020,2020.3205,GBR,BRITISH,GBR,,,,,,,,CRM,MUGGER,,,,,,CRM,,,0,020,020,02,1,3.0,2,1,2,-4.30388001304206,4,"London, London, City of, United Kingdom",UK,UKH9,51.5,-0.116667,-2601889,4,"London, London, City of, United Kingdom",UK,UKH9,51.5,-0.116667,-2601889,2,"New York, United States",US,USNY,42.1497,-74.9384,NY,20200427,https://www.goldcoastbulletin.com.au/coronavirus/coronavirus-two-million-aussies-download-app-as-boris-johnson-issues-grim-warning/news-story/1c94700a2ee976cf1fcd3bf97aaaa420?nk=dc6084e4aaab1efb26d4a41ee4bd6abb-1588023166
920487548,20200427,202004,2020,2020.3205,GBR,BRITISH,GBR,,,,,,,,CRM,MUGGER,,,,,,CRM,,,0,020,020,02,1,3.0,2,1,2,-4.30388001304206,2,"New York, United States",US,USNY,42.1497,-74.9384,NY,2,"New York, United States",US,USNY,42.1497,-74.9384,NY,2,"New York, United States",US,USNY,42.1497,-74.9384,NY,20200427,https://www.goldcoastbulletin.com.au/coronavirus/coronavirus-two-million-aussies-download-app-as-boris-johnson-issues-grim-warning/news-story/1c94700a2ee976cf1fcd3bf97aaaa420?nk=dc6084e4aaab1efb26d4a41ee4bd6abb-1588023166
920487550,20200427,202004,2020,2020.3205,GBR,BRITAIN,GBR,,,,,,,,GBRGOV,DOWNING STREET,GBR,,,,,GOV,,,0,042,042,04,1,1.9,2,1,2,-4.30388001304206,4,"London, London, City of, United Kingdom",UK,UKH9,51.5,-0.116667,-2601889,2,"New York, United States",US,USNY,42.1497,-74.9384,NY,2,"New York, United States",US,USNY,42.1497,-74.9384,NY,20200427,https://www.goldcoastbulletin.com.au/coronavirus/coronavirus-two-million-aussies-download-app-as-boris-johnson-issues-grim-warning/news-story/1c94700a2ee976cf1fcd3bf97aaaa420?nk=dc6084e4aaab1efb26d4a41ee4bd6abb-1588023166
920487551,20200427,202004,2020,2020.3205,GBR,BRITAIN,GBR,,,,,,,,GBRGOV,DOWNING STREET,GBR,,,,,GOV,,,0,042,042,04,1,1.9,2,1,2,-4.30388001304206,2,"New York, United States",US,USNY,42.1497,-74.9384,NY,2,"New York, United States",US,USNY,42.1497,-74.9384,NY,2,"New York, United States",US,USNY,42.1497,-74.9384,NY,20200427,https://www.goldcoastbulletin.com.au/coronavirus/coronavirus-two-million-aussies-download-app-as-boris-johnson-issues-grim-warning/news-story/1c94700a2ee976cf1fcd3bf97aaaa420?nk=dc6084e4aaab1efb26d4a41ee4bd6abb-1588023166
920487559,20200427,202004,2020,2020.3205,GBRGOV,DOWNING STREET,GBR,,,,,GOV,,,GBR,BRITAIN,GBR,,,,,,,,0,043,043,04,1,2.8,2,1,2,-4.30388001304206,2,"New York, United States",US,USNY,42.1497,-74.9384,NY,4,"London, London, City of, United Kingdom",UK,UKH9,51.5,-0.116667,-2601889,2,"New York, United States",US,USNY,42.1497,-74.9384,NY,20200427,https://www.goldcoastbulletin.com.au/coronavirus/coronavirus-two-million-aussies-download-app-as-boris-johnson-issues-grim-warning/news-story/1c94700a2ee976cf1fcd3bf97aaaa420?nk=dc6084e4aaab1efb26d4a41ee4bd6abb-1588023166
920487667,20200427,202004,2020,2020.3205,GOVMIL,DEPARTMENT OF DEFENSE,,,,,,GOV,MIL,,,,,,,,,,,,1,010,010,01,1,0.0,4,1,4,-1.84287099903007,4,"Beijing, Beijing, China",CH,CH22,39.9289,116.388,-1898541,0,,,,,,,4,"Beijing, Beijing, China",CH,CH22,39.9289,116.388,-1898541,20200427,https://www.defenseone.com/ideas/2020/04/covid-19-offers-golden-opportunity-reengage-indo-pacific/164944/
920487669,20200427,202004,2020,2020.3205,GOVMIL,DEPARTMENT OF DEFENSE,,,,,,GOV,MIL,,USA,UNITED STATES,USA,,,,,,,,1,010,010,01,1,0.0,6,1,6,-1.84287099903007,4,"Beijing, Beijing, China",CH,CH22,39.9289,116.388,-1898541,4,"Beijing, Beijing, China",CH,CH22,39.9289,116.388,-1898541,4,"Beijing, Beijing, China",CH,CH22,39.9289,116.388,-1898541,20200427,https://www.defenseone.com/ideas/2020/04/covid-19-offers-golden-opportunity-reengage-indo-pacific/164944/
920487697,20200427,202004,2020,2020.3205,IGOUNO,THE UN,,UNO,,,,IGO,,,,,,,,,,,,,0,110,110,11,3,-2.0,5,1,5,-4.30388001304206,4,"London, London, City of, United Kingdom",UK,UKH9,51.5,-0.116667,-2601889,0,,,,,,,4,"London, London, City of, United Kingdom",UK,UKH9,51.5,-0.116667,-2601889,20200427,https://www.goldcoastbulletin.com.au/coronavirus/coronavirus-two-million-aussies-download-app-as-boris-johnson-issues-grim-warning/news-story/1c94700a2ee976cf1fcd3bf97aaaa420?nk=dc6084e4aaab1efb26d4a41ee4bd6abb-1588023166
920488024,20200427,202004,2020,2020.3205,TWN,TAIWAN,TWN,,,,,,,,CVL,SCIENTIST,,,,,,CVL,,,0,040,040,04,1,1.0,5,1,5,-1.84287099903007,4,"Taipei, T'ai-pei, Taiwan",TW,TW03,25.0478,121.532,-2637882,4,"Taipei, T'ai-pei, Taiwan",TW,TW03,25.0478,121.532,-2637882,4,"Taipei, T'ai-pei, Taiwan",TW,TW03,25.0478,121.532,-2637882,20200427,https://www.defenseone.com/ideas/2020/04/covid-19-offers-golden-opportunity-reengage-indo-pacific/164944/
920488045,20200427,202004,2020,2020.3205,USA,UNITED STATES,USA,,,,,,,,,,,,,,,,,,0,012,012,01,1,-0.4,1,1,1,-4.30388001304206,2,"New York, United States",US,USNY,42.1497,-74.9384,NY,0,,,,,,,4,"London, London, City of, United Kingdom",UK,UKH9,51.5,-0.116667,-2601889,20200427,https://www.goldcoastbulletin.com.au/coronavirus/coronavirus-two-million-aussies-download-app-as-boris-johnson-issues-grim-warning/news-story/1c94700a2ee976cf1fcd3bf97aaaa420?nk=dc6084e4aaab1efb26d4a41ee4bd6abb-1588023166
920488068,20200427,202004,2020,2020.3205,USA,UNITED STATES,USA,,,,,,,,,,,,,,,,,,0,037,037,03,1,5.0,4,1,4,-4.30388001304206,2,"New York, United States",US,USNY,42.1497,-74.9384,NY,0,,,,,,,2,"New York, United States",US,USNY,42.1497,-74.9384,NY,20200427,https://www.goldcoastbulletin.com.au/coronavirus/coronavirus-two-million-aussies-download-app-as-boris-johnson-issues-grim-warning/news-story/1c94700a2ee976cf1fcd3bf97aaaa420?nk=dc6084e4aaab1efb26d4a41ee4bd6abb-1588023166
920488190,20200427,202004,2020,2020.3205,USA,UNITED STATES,USA,,,,,,,,GBR,UNITED KINGDOM,GBR,,,,,,,,0,012,012,01,1,-0.4,2,1,2,-4.30388001304206,2,"New York, United States",US,USNY,42.1497,-74.9384,NY,4,"London, London, City of, United Kingdom",UK,UKH9,51.5,-0.116667,-2601889,2,"New York, United States",US,USNY,42.1497,-74.9384,NY,20200427,https://www.goldcoastbulletin.com.au/coronavirus/coronavirus-two-million-aussies-download-app-as-boris-johnson-issues-grim-warning/news-story/1c94700a2ee976cf1fcd3bf97aaaa420?nk=dc6084e4aaab1efb26d4a41ee4bd6abb-1588023166
920488191,20200427,202004,2020,2020.3205,USA,UNITED STATES,USA,,,,,,,,GBR,UNITED KINGDOM,GBR,,,,,,,,0,012,012,01,1,-0.4,2,1,2,-4.30388001304206,2,"New York, United States",US,USNY,42.1497,-74.9384,NY,1,Norway,NO,NO,62,10,NO,1,Norway,NO,NO,62,10,NO,20200427,https://www.goldcoastbulletin.com.au/coronavirus/coronavirus-two-million-aussies-download-app-as-boris-johnson-issues-grim-warning/news-story/1c94700a2ee976cf1fcd3bf97aaaa420?nk=dc6084e4aaab1efb26d4a41ee4bd6abb-1588023166
920488193,20200427,202004,2020,2020.3205,USA,UNITED STATES,USA,,,,,,,,GBRMIL,UNITED KINGDOM,GBR,,,,,MIL,,,0,020,020,02,1,3.0,2,1,2,-4.30388001304206,2,"New York, United States",US,USNY,42.1497,-74.9384,NY,4,"London, London, City of, United Kingdom",UK,UKH9,51.5,-0.116667,-2601889,2,"New York, United States",US,USNY,42.1497,-74.9384,NY,20200427,https://www.goldcoastbulletin.com.au/coronavirus/coronavirus-two-million-aussies-download-app-as-boris-johnson-issues-grim-warning/news-story/1c94700a2ee976cf1fcd3bf97aaaa420?nk=dc6084e4aaab1efb26d4a41ee4bd6abb-1588023166
920488240,20200427,202004,2020,2020.3205,USA,UNITED STATES,USA,,,,,,,,MIL,CAPTAIN,,,,,,MIL,,,0,020,020,02,1,3.0,2,1,2,-4.30388001304206,2,"New York, United States",US,USNY,42.1497,-74.9384,NY,4,"London, London, City of, United Kingdom",UK,UKH9,51.5,-0.116667,-2601889,2,"New York, United States",US,USNY,42.1497,-74.9384,NY,20200427,https://www.goldcoastbulletin.com.au/coronavirus/coronavirus-two-million-aussies-download-app-as-boris-johnson-issues-grim-warning/news-story/1c94700a2ee976cf1fcd3bf97aaaa420?nk=dc6084e4aaab1efb26d4a41ee4bd6abb-1588023166
920488982,20200427,202004,2020,2020.3205,,,,,,,,,,,GBRGIB,GIBRALTARIAN,GBR,,,,,,,,1,036,036,03,1,4.0,10,1,10,-1.77705977382876,0,,,,,,,4,"Eastern Beach, Gibraltar (general), Gibraltar",GI,GI00,36.15,-5.33333,-1205042,4,"Eastern Beach, Gibraltar (general), Gibraltar",GI,GI00,36.15,-5.33333,-1205042,20200427,https://www.theolivepress.es/spain-news/2020/04/27/elderly-allowed-to-exercise-as-from-april-29-as-part-of-gibraltar-golden-hour-scheme/
920489265,20200427,202004,2020,2020.3205,CVLBUS,TOURIST,,,,,,CVL,BUS,,,,,,,,,,,,0,110,110,11,3,-2.0,10,1,10,-1.77705977382876,1,United States,US,US,39.828175,-98.5795,US,0,,,,,,,1,United States,US,US,39.828175,-98.5795,US,20200427,https://www.theolivepress.es/spain-news/2020/04/27/elderly-allowed-to-exercise-as-from-april-29-as-part-of-gibraltar-golden-hour-scheme/
920489381,20200427,202004,2020,2020.3205,GBR,UNITED KINGDOM,GBR,,,,,,,,GBRGIB,GIBRALTAR,GBR,,,,,,,,0,010,010,01,1,0.0,2,1,2,-1.77705977382876,1,United Kingdom,UK,UK,54,-4,UK,4,"Victoria Stadium, Gibraltar (general), Gibraltar",GI,GI00,36.15,-5.33333,-1205202,4,"Victoria Stadium, Gibraltar (general), Gibraltar",GI,GI00,36.15,-5.33333,-1205202,20200427,https://www.theolivepress.es/spain-news/2020/04/27/elderly-allowed-to-exercise-as-from-april-29-as-part-of-gibraltar-golden-hour-scheme/
920489394,20200427,202004,2020,2020.3205,GBRGIB,GIBRALTARIAN,GBR,,,,,,,,,,,,,,,,,,1,036,036,03,1,4.0,10,1,10,-1.77705977382876,4,"Eastern Beach, Gibraltar (general), Gibraltar",GI,GI00,36.15,-5.33333,-1205042,0,,,,,,,4,"Eastern Beach, Gibraltar (general), Gibraltar",GI,GI00,36.15,-5.33333,-1205042,20200427,https://www.theolivepress.es/spain-news/2020/04/27/elderly-allowed-to-exercise-as-from-april-29-as-part-of-gibraltar-golden-hour-scheme/
920489395,20200427,202004,2020,2020.3205,GBRGIB,GIBRALTARIAN,GBR,,,,,,,,,,,,,,,,,,1,084,084,08,2,7.0,10,1,10,-1.77705977382876,1,United States,US,US,39.828175,-98.5795,US,0,,,,,,,1,United States,US,US,39.828175,-98.5795,US,20200427,https://www.theolivepress.es/spain-news/2020/04/27/elderly-allowed-to-exercise-as-from-april-29-as-part-of-gibraltar-golden-hour-scheme/
920489396,20200427,202004,2020,2020.3205,GBRGIBGOV,GIBRALTAR,GBR,,,,,GOV,,,,,,,,,,,,,1,020,020,02,1,3.0,10,1,10,-1.77705977382876,4,"Eastern Beach, Gibraltar (general), Gibraltar",GI,GI00,36.15,-5.33333,-1205042,0,,,,,,,4,"Eastern Beach, Gibraltar (general), Gibraltar",GI,GI00,36.15,-5.33333,-1205042,20200427,https://www.theolivepress.es/spain-news/2020/04/27/elderly-allowed-to-exercise-as-from-april-29-as-part-of-gibraltar-golden-hour-scheme/
920490650,20200427,202004,2020,2020.3205,,,,,,,,,,,GUY,GUYANA,GUY,,,,,,,,1,036,036,03,1,4.0,10,1,10,2.3121387283237,0,,,,,,,1,Guyana,GY,GY,5,-59,GY,1,Guyana,GY,GY,5,-59,GY,20200427,https://magazine.cim.org/en/news/2020/silvercorp-to-buy-guyana-goldfields-for-105-million-en/
920490651,20200427,202004,2020,2020.3205,,,,,,,,,,,GUY,GUYANA,GUY,,,,,,,,1,046,046,04,1,7.0,10,1,10,2.3121387283237,0,,,,,,,1,Guyana,GY,GY,5,-59,GY,1,Guyana,GY,GY,5,-59,GY,20200427,https://magazine.cim.org/en/news/2020/silvercorp-to-buy-guyana-goldfields-for-105-million-en/
920490652,20200427,202004,2020,2020.3205,,,,,,,,,,,GUY,GUYANA,GUY,,,,,,,,1,057,057,05,1,8.0,10,1,10,2.3121387283237,0,,,,,,,1,Guyana,GY,GY,5,-59,GY,1,Guyana,GY,GY,5,-59,GY,20200427,https://magazine.cim.org/en/news/2020/silvercorp-to-buy-guyana-goldfields-for-105-million-en/
920490653,20200427,202004,2020,2020.3205,,,,,,,,,,,GUY,GUYANA,GUY,,,,,,,,1,112,112,11,3,-2.0,10,1,10,2.3121387283237,0,,,,,,,1,Guyana,GY,GY,5,-59,GY,1,Guyana,GY,GY,5,-59,GY,20200427,https://magazine.cim.org/en/news/2020/silvercorp-to-buy-guyana-goldfields-for-105-million-en/
920491086,20200427,202004,2020,2020.3205,GBR,UNITED KINGDOM,GBR,,,,,,,,USA,LOS ANGELES,USA,,,,,,,,1,111,111,11,3,-2.0,4,1,4,6.90737833594977,4,"London, London, City of, United Kingdom",UK,UKH9,51.5,-0.116667,-2601889,4,"London, London, City of, United Kingdom",UK,UKH9,51.5,-0.116667,-2601889,4,"London, London, City of, United Kingdom",UK,UKH9,51.5,-0.116667,-2601889,20200427,https://www.forbes.com/sites/felicitycarter/2020/04/27/yellow-gold-hoops-and-huggies--heres-some-ear-candy-for-all-budgets/
920491208,20200427,202004,2020,2020.3205,GUY,GUYANA,GUY,,,,,,,,,,,,,,,,,,1,036,036,03,1,4.0,10,1,10,2.3121387283237,1,Guyana,GY,GY,5,-59,GY,0,,,,,,,1,Guyana,GY,GY,5,-59,GY,20200427,https://magazine.cim.org/en/news/2020/silvercorp-to-buy-guyana-goldfields-for-105-million-en/
920491209,20200427,202004,2020,2020.3205,GUY,GUYANA,GUY,,,,,,,,,,,,,,,,,,1,046,046,04,1,7.0,10,1,10,2.3121387283237,1,Guyana,GY,GY,5,-59,GY,0,,,,,,,1,Guyana,GY,GY,5,-59,GY,20200427,https://magazine.cim.org/en/news/2020/silvercorp-to-buy-guyana-goldfields-for-105-million-en/
920491210,20200427,202004,2020,2020.3205,GUY,GUYANA,GUY,,,,,,,,,,,,,,,,,,1,057,057,05,1,8.0,10,1,10,2.3121387283237,1,Guyana,GY,GY,5,-59,GY,0,,,,,,,1,Guyana,GY,GY,5,-59,GY,20200427,https://magazine.cim.org/en/news/2020/silvercorp-to-buy-guyana-goldfields-for-105-million-en/
920491615,20200427,202004,2020,2020.3205,USA,NEW YORK,USA,,,,,,,,,,,,,,,,,,1,111,111,11,3,-2.0,2,1,2,6.90737833594977,4,"London, London, City of, United Kingdom",UK,UKH9,51.5,-0.116667,-2601889,0,,,,,,,4,"London, London, City of, United Kingdom",UK,UKH9,51.5,-0.116667,-2601889,20200427,https://www.forbes.com/sites/felicitycarter/2020/04/27/yellow-gold-hoops-and-huggies--heres-some-ear-candy-for-all-budgets/
920491616,20200427,202004,2020,2020.3205,USA,NEW YORK,USA,,,,,,,,,,,,,,,,,,1,111,111,11,3,-2.0,2,1,2,6.90737833594977,4,"London, London, City of, United Kingdom",UK,UKH9,51.5,-0.116667,-2601889,0,,,,,,,1,United States,US,US,39.828175,-98.5795,US,20200427,https://www.forbes.com/sites/felicitycarter/2020/04/27/yellow-gold-hoops-and-huggies--heres-some-ear-candy-for-all-budgets/
920493530,20200427,202004,2020,2020.3205,USA,GOLDEN STATE,USA,,,,,,,,BUS,INDUSTRY,,,,,,BUS,,,1,057,057,05,1,8.0,2,1,2,6.17977528089888,3,"Nob Hill, Oregon, United States",US,USOR,45.8621,-122.799,1639125,3,"Nob Hill, Oregon, United States",US,USOR,45.8621,-122.799,1639125,3,"Nob Hill, Oregon, United States",US,USOR,45.8621,-122.799,1639125,20200427,https://www.businesswire.com/news/home/20200427005874/en/UFCW-8-Golden-State-Members-Overwhelmingly-Ratify-Model/
920493534,20200427,202004,2020,2020.3205,USA,GOLDEN STATE,USA,,,,,,,,BUS,INDUSTRY,,,,,,BUS,,,1,100,100,10,3,-5.0,2,1,2,6.17977528089888,3,"Nob Hill, Oregon, United States",US,USOR,45.8621,-122.799,1639125,3,"Nob Hill, Oregon, United States",US,USOR,45.8621,-122.799,1639125,3,"Nob Hill, Oregon, United States",US,USOR,45.8621,-122.799,1639125,20200427,https://www.businesswire.com/news/home/20200427005874/en/UFCW-8-Golden-State-Members-Overwhelmingly-Ratify-Model/
920495815,20200427,202004,2020,2020.3205,,,,,,,,,,,COP,POLICE,,,,,,COP,,,1,190,190,19,4,-10.0,36,4,36,-3.69127516778523,0,,,,,,,1,Swaziland,WZ,WZ,-26.5,31.5,WZ,1,Swaziland,WZ,WZ,-26.5,31.5,WZ,20200427,https://www.goldcoastbulletin.com.au/entertainment/katie-price-sexually-assaulted-in-south-africa-during-horror-carjacking/news-story/1d73920022772785665bdc2787df6395?nk=4a5559d5afaa2f09eb2e194ca7805d10-1588027728
920495912,20200427,202004,2020,2020.3205,AFR,AFRICA,AFR,,,,,,,,,,,,,,,,,,1,180,180,18,4,-9.0,36,4,24,-3.69127516778523,4,"Johannesburg, Gauteng, South Africa",SF,SF06,-26.2,28.0833,-1240261,0,,,,,,,4,"Johannesburg, Gauteng, South Africa",SF,SF06,-26.2,28.0833,-1240261,20200427,https://www.goldcoastbulletin.com.au/entertainment/katie-price-sexually-assaulted-in-south-africa-during-horror-carjacking/news-story/1d73920022772785665bdc2787df6395?nk=4a5559d5afaa2f09eb2e194ca7805d10-1588027728
920501077,20200427,202004,2020,2020.3205,CHN,CHINESE,CHN,,,,,,,,SPY,INTELLIGENCE,,,,,,SPY,,,0,090,090,09,2,-2.0,8,1,8,1.27118644067797,4,"Wuhan, Hubei, China",CH,CH12,30.5833,114.267,-1930776,4,"Wuhan, Hubei, China",CH,CH12,30.5833,114.267,-1930776,4,"Wuhan, Hubei, China",CH,CH12,30.5833,114.267,-1930776,20200427,https://www.goldcoastbulletin.com.au/news/queensland/premier-annastacia-palaszczuk-provides-update-on-coronavirus/news-story/72d92cc27999395175f71f3e65763956?nk=749218276546de6063b51f39e374aa3c-1588030337
920501080,20200427,202004,2020,2020.3205,CHNCVL,CHINESE,CHN,,,,,CVL,,,SPY,INTELLIGENCE,,,,,,SPY,,,0,090,090,09,2,-2.0,12,1,12,1.27118644067797,4,"Wuhan, Hubei, China",CH,CH12,30.5833,114.267,-1930776,4,"Wuhan, Hubei, China",CH,CH12,30.5833,114.267,-1930776,4,"Wuhan, Hubei, China",CH,CH12,30.5833,114.267,-1930776,20200427,https://www.goldcoastbulletin.com.au/news/queensland/premier-annastacia-palaszczuk-provides-update-on-coronavirus/news-story/72d92cc27999395175f71f3e65763956?nk=749218276546de6063b51f39e374aa3c-1588030337
920501082,20200427,202004,2020,2020.3205,CHNGOVEDU,CHINA,CHN,,,,,GOV,EDU,,EDU,SCHOOL,,,,,,EDU,,,0,042,042,04,1,1.9,4,1,4,1.27118644067797,4,"Wuhan, Hubei, China",CH,CH12,30.5833,114.267,-1930776,4,"Wuhan, Hubei, China",CH,CH12,30.5833,114.267,-1930776,4,"Wuhan, Hubei, China",CH,CH12,30.5833,114.267,-1930776,20200427,https://www.goldcoastbulletin.com.au/news/queensland/premier-annastacia-palaszczuk-provides-update-on-coronavirus/news-story/72d92cc27999395175f71f3e65763956?nk=749218276546de6063b51f39e374aa3c-1588030337
920501203,20200427,202004,2020,2020.3205,EDU,SCHOOL,,,,,,EDU,,,CHNGOVEDU,CHINA,CHN,,,,,GOV,EDU,,0,043,043,04,1,2.8,4,1,4,1.27118644067797,4,"Wuhan, Hubei, China",CH,CH12,30.5833,114.267,-1930776,4,"Wuhan, Hubei, China",CH,CH12,30.5833,114.267,-1930776,4,"Wuhan, Hubei, China",CH,CH12,30.5833,114.267,-1930776,20200427,https://www.goldcoastbulletin.com.au/news/queensland/premier-annastacia-palaszczuk-provides-update-on-coronavirus/news-story/72d92cc27999395175f71f3e65763956?nk=749218276546de6063b51f39e374aa3c-1588030337
920501210,20200427,202004,2020,2020.3205,EDU,SCHOOL,,,,,,EDU,,,GOVEDU,EDUCATION MINIST,,,,,,GOV,EDU,,0,043,043,04,1,2.8,16,1,16,1.27118644067797,4,"Wuhan, Hubei, China",CH,CH12,30.5833,114.267,-1930776,4,"Wuhan, Hubei, China",CH,CH12,30.5833,114.267,-1930776,4,"Wuhan, Hubei, China",CH,CH12,30.5833,114.267,-1930776,20200427,https://www.goldcoastbulletin.com.au/news/queensland/premier-annastacia-palaszczuk-provides-update-on-coronavirus/news-story/72d92cc27999395175f71f3e65763956?nk=749218276546de6063b51f39e374aa3c-1588030337
920501365,20200427,202004,2020,2020.3205,GOVEDU,EDUCATION MINIST,,,,,,GOV,EDU,,EDU,SCHOOL,,,,,,EDU,,,0,042,042,04,1,1.9,16,1,16,1.27118644067797,4,"Wuhan, Hubei, China",CH,CH12,30.5833,114.267,-1930776,4,"Wuhan, Hubei, China",CH,CH12,30.5833,114.267,-1930776,4,"Wuhan, Hubei, China",CH,CH12,30.5833,114.267,-1930776,20200427,https://www.goldcoastbulletin.com.au/news/queensland/premier-annastacia-palaszczuk-provides-update-on-coronavirus/news-story/72d92cc27999395175f71f3e65763956?nk=749218276546de6063b51f39e374aa3c-1588030337
920501690,20200427,202004,2020,2020.3205,SPY,INTELLIGENCE,,,,,,SPY,,,CHN,CHINESE,CHN,,,,,,,,0,020,020,02,1,3.0,8,1,8,1.27118644067797,4,"Wuhan, Hubei, China",CH,CH12,30.5833,114.267,-1930776,4,"Wuhan, Hubei, China",CH,CH12,30.5833,114.267,-1930776,4,"Wuhan, Hubei, China",CH,CH12,30.5833,114.267,-1930776,20200427,https://www.goldcoastbulletin.com.au/news/queensland/premier-annastacia-palaszczuk-provides-update-on-coronavirus/news-story/72d92cc27999395175f71f3e65763956?nk=749218276546de6063b51f39e374aa3c-1588030337
920501691,20200427,202004,2020,2020.3205,SPY,INTELLIGENCE,,,,,,SPY,,,CHN,WUHAN,CHN,,,,,,,,0,064,064,06,2,7.0,4,1,4,1.27118644067797,4,"Wuhan, Hubei, China",CH,CH12,30.5833,114.267,-1930776,1,United Kingdom,UK,UK,54,-4,UK,1,Canada,CA,CA,60,-96,CA,20200427,https://www.goldcoastbulletin.com.au/news/queensland/premier-annastacia-palaszczuk-provides-update-on-coronavirus/news-story/72d92cc27999395175f71f3e65763956?nk=749218276546de6063b51f39e374aa3c-1588030337
920501692,20200427,202004,2020,2020.3205,SPY,INTELLIGENCE,,,,,,SPY,,,CHN,WUHAN,CHN,,,,,,,,0,064,064,06,2,7.0,16,1,16,1.27118644067797,1,Australia,AS,AS,-25,135,AS,4,"Wuhan, Hubei, China",CH,CH12,30.5833,114.267,-1930776,4,"Wuhan, Hubei, China",CH,CH12,30.5833,114.267,-1930776,20200427,https://www.goldcoastbulletin.com.au/news/queensland/premier-annastacia-palaszczuk-provides-update-on-coronavirus/news-story/72d92cc27999395175f71f3e65763956?nk=749218276546de6063b51f39e374aa3c-1588030337
920501693,20200427,202004,2020,2020.3205,SPY,INTELLIGENCE,,,,,,SPY,,,CHNCVL,CHINESE,CHN,,,,,CVL,,,0,020,020,02,1,3.0,12,1,12,1.27118644067797,4,"Wuhan, Hubei, China",CH,CH12,30.5833,114.267,-1930776,4,"Wuhan, Hubei, China",CH,CH12,30.5833,114.267,-1930776,4,"Wuhan, Hubei, China",CH,CH12,30.5833,114.267,-1930776,20200427,https://www.goldcoastbulletin.com.au/news/queensland/premier-annastacia-palaszczuk-provides-update-on-coronavirus/news-story/72d92cc27999395175f71f3e65763956?nk=749218276546de6063b51f39e374aa3c-1588030337
920501694,20200427,202004,2020,2020.3205,SPY,INTELLIGENCE,,,,,,SPY,,,GBR,UNITED KINGDOM,GBR,,,,,,,,0,090,090,09,2,-2.0,4,1,4,1.27118644067797,4,"Wuhan, Hubei, China",CH,CH12,30.5833,114.267,-1930776,1,Australia,AS,AS,-25,135,AS,1,Australia,AS,AS,-25,135,AS,20200427,https://www.goldcoastbulletin.com.au/news/queensland/premier-annastacia-palaszczuk-provides-update-on-coronavirus/news-story/72d92cc27999395175f71f3e65763956?nk=749218276546de6063b51f39e374aa3c-1588030337
920501695,20200427,202004,2020,2020.3205,SPY,INTELLIGENCE,,,,,,SPY,,,GBR,UNITED KINGDOM,GBR,,,,,,,,0,090,090,09,2,-2.0,16,1,16,1.27118644067797,1,Australia,AS,AS,-25,135,AS,1,United Kingdom,UK,UK,54,-4,UK,1,United Kingdom,UK,UK,54,-4,UK,20200427,https://www.goldcoastbulletin.com.au/news/queensland/premier-annastacia-palaszczuk-provides-update-on-coronavirus/news-story/72d92cc27999395175f71f3e65763956?nk=749218276546de6063b51f39e374aa3c-1588030337
