GLOBALEVENTID,SQLDATE,MonthYear,Year,FractionDate,Actor1Code,Actor1Name,Actor1CountryCode,Actor1KnownGroupCode,Actor1EthnicCode,Actor1Religion1Code,Actor1Religion2Code,Actor1Type1Code,Actor1Type2Code,Actor1Type3Code,Actor2Code,Actor2Name,Actor2CountryCode,Actor2KnownGroupCode,Actor2EthnicCode,Actor2Religion1Code,Actor2Religion2Code,Actor2Type1Code,Actor2Type2Code,Actor2Type3Code,IsRootEvent,EventCode,EventBaseCode,EventRootCode,QuadClass,GoldsteinScale,NumMentions,NumSources,NumArticles,AvgTone,Actor1Geo_Type,Actor1Geo_FullName,Actor1Geo_CountryCode,Actor1Geo_ADM1Code,Actor1Geo_Lat,Actor1Geo_Long,Actor1Geo_FeatureID,Actor2Geo_Type,Actor2Geo_FullName,Actor2Geo_CountryCode,Actor2Geo_ADM1Code,Actor2Geo_Lat,Actor2Geo_Long,Actor2Geo_FeatureID,ActionGeo_Type,ActionGeo_FullName,ActionGeo_CountryCode,ActionGeo_ADM1Code,ActionGeo_Lat,ActionGeo_Long,ActionGeo_FeatureID,DATEADDED,SOURCEURL
993398223,20210705,202107,2021,2021.5068,,,,,,,,,,,AUS,AUSTRALIAN,AUS,,,,,,,,1,190,190,19,4,-10.0,165,19,162,-4.982302899261,0,,,,,,,4,"Sydney, New South Wales, Australia",AS,AS02,-33.8833,151.217,-1603135,4,"Sydney, New South Wales, Australia",AS,AS02,-33.8833,151.217,-1603135,20210705,https://www.goldcoastbulletin.com.au/news/national/australia-on-edge-over-daily-covid19-case-numbers-with-sydney-still-in-lockdown/news-story/4cb60db86bd282c3b39358ad4f58b7d7?nk=ec8aacc45fdc4992a300d31787b3b4ea-1625443303
993398252,20210705,202107,2021,2021.5068,,,,,,,,,,,GBR,UNITED KINGDOM,GBR,,,,,,,,1,036,036,03,1,4.0,2,2,2,3.2575470506505,0,,,,,,,4,"Sussex, East Sussex, United Kingdom",UK,UKE2,50.9167,-0.083333,-2609142,4,"Sussex, East Sussex, United Kingdom",UK,UKE2,50.9167,-0.083333,-2609142,20210705,https://www.goldcoastbulletin.com.au/entertainment/prince-harry-meghan-markle-could-return-to-uk-together-in-weeks/news-story/2d7d18cb43aab83b9949b151e818acae?nk=e0b5963cc623f5a2da109c2c1f88875f-1625443343
993398262,20210705,202107,2021,2021.5068,,,,,,,,,,,GOV,PRINCE,,,,,,GOV,,,0,043,043,04,1,2.8,96,6,96,3.22637312400244,0,,,,,,,4,"Frogmore, Windsor and Maidenhead, United Kingdom",UK,UKP9,51.4667,-0.6,-2596592,4,"Frogmore, Windsor and Maidenhead, United Kingdom",UK,UKP9,51.4667,-0.6,-2596592,20210705,https://www.goldcoastbulletin.com.au/entertainment/prince-harry-meghan-markle-could-return-to-uk-together-in-weeks/news-story/2d7d18cb43aab83b9949b151e818acae?nk=e0b5963cc623f5a2da109c2c1f88875f-1625443343
993398291,20210705,202107,2021,2021.5068,,,,,,,,,,,NZL,NEW ZEALAND,NZL,,,,,,,,1,042,042,04,1,1.9,20,2,20,-1.53374233128834,0,,,,,,,5,"Northern Territory, Northern Territory, Australia",AS,AS03,-20,134,-1592100,5,"Northern Territory, Northern Territory, Australia",AS,AS03,-20,134,-1592100,20210705,https://www.goldcoastbulletin.com.au/breaking-news/new-zealand-restarts-quarantine-free-travel-bubble-with-victoria-sa-act-and-tasmania/news-story/cf46827acbf04b06718b61b159f5e227?nk=31114751d7254c46c479626ac07467bc-1625443347
993398340,20210705,202107,2021,2021.5068,AUS,QUEENSLAND,AUS,,,,,,,,,,,,,,,,,,1,020,020,02,1,3.0,70,6,60,-2.19188952815717,0,,,,,,,0,,,,,,,0,,,,,,,20210705,https://www.goldcoastbulletin.com.au/breaking-news/sunshine-coast-pharmacy-cafes-listed-as-covid19-exposure-sites/news-story/21e7e2c8409e0a3bba8f88092cdab55a?nk=9652e62e59ded8ce830b2188036afb22-1625443340
993398352,20210705,202107,2021,2021.5068,AUS,AUSTRALIAN,AUS,,,,,,,,,,,,,,,,,,1,190,190,19,4,-10.0,20,2,20,-2.18781999288963,4,"Baulkham Hills, New South Wales, Australia",AS,AS02,-33.75,151,-1557913,0,,,,,,,4,"Baulkham Hills, New South Wales, Australia",AS,AS02,-33.75,151,-1557913,20210705,https://www.goldcoastbulletin.com.au/news/national/australia-on-edge-over-daily-covid19-case-numbers-with-sydney-still-in-lockdown/news-story/4cb60db86bd282c3b39358ad4f58b7d7?nk=ec8aacc45fdc4992a300d31787b3b4ea-1625443303
993398582,20210705,202107,2021,2021.5068,GBR,UNITED KINGDOM,GBR,,,,,,,,,,,,,,,,,,1,036,036,03,1,4.0,40,7,40,3.268482098011,4,"Sussex, East Sussex, United Kingdom",UK,UKE2,50.9167,-0.083333,-2609142,0,,,,,,,4,"Sussex, East Sussex, United Kingdom",UK,UKE2,50.9167,-0.083333,-2609142,20210705,https://www.goldcoastbulletin.com.au/entertainment/prince-harry-meghan-markle-could-return-to-uk-together-in-weeks/news-story/2d7d18cb43aab83b9949b151e818acae?nk=e0b5963cc623f5a2da109c2c1f88875f-1625443343
993398589,20210705,202107,2021,2021.5068,GBR,UNITED KINGDOM,GBR,,,,,,,,,,,,,,,,,,0,112,112,11,3,-2.0,16,6,16,3.22637312400244,4,"Sussex, East Sussex, United Kingdom",UK,UKE2,50.9167,-0.083333,-2609142,0,,,,,,,4,"Sussex, East Sussex, United Kingdom",UK,UKE2,50.9167,-0.083333,-2609142,20210705,https://www.goldcoastbulletin.com.au/entertainment/prince-harry-meghan-markle-could-return-to-uk-together-in-weeks/news-story/2d7d18cb43aab83b9949b151e818acae?nk=e0b5963cc623f5a2da109c2c1f88875f-1625443343
993398601,20210705,202107,2021,2021.5068,GBR,UNITED KINGDOM,GBR,,,,,,,,GOV,PRINCE,,,,,,GOV,,,1,017,017,01,1,0.0,36,8,36,3.24273841778294,4,"Sussex, East Sussex, United Kingdom",UK,UKE2,50.9167,-0.083333,-2609142,4,"Sussex, East Sussex, United Kingdom",UK,UKE2,50.9167,-0.083333,-2609142,4,"Sussex, East Sussex, United Kingdom",UK,UKE2,50.9167,-0.083333,-2609142,20210705,https://www.goldcoastbulletin.com.au/entertainment/prince-harry-meghan-markle-could-return-to-uk-together-in-weeks/news-story/2d7d18cb43aab83b9949b151e818acae?nk=e0b5963cc623f5a2da109c2c1f88875f-1625443343
993398602,20210705,202107,2021,2021.5068,GBR,UNITED KINGDOM,GBR,,,,,,,,GOV,PRINCE,,,,,,GOV,,,1,036,036,03,1,4.0,45,5,45,3.2444949686329,4,"Cambridge, Cambridgeshire, United Kingdom",UK,UKC3,52.2,0.116667,-2591658,4,"Cambridge, Cambridgeshire, United Kingdom",UK,UKC3,52.2,0.116667,-2591658,4,"Cambridge, Cambridgeshire, United Kingdom",UK,UKC3,52.2,0.116667,-2591658,20210705,https://www.goldcoastbulletin.com.au/entertainment/prince-harry-meghan-markle-could-return-to-uk-together-in-weeks/news-story/2d7d18cb43aab83b9949b151e818acae?nk=e0b5963cc623f5a2da109c2c1f88875f-1625443343
993398603,20210705,202107,2021,2021.5068,GBR,UNITED KINGDOM,GBR,,,,,,,,GOV,PRINCE,,,,,,GOV,,,1,043,043,04,1,2.8,173,6,128,3.22637312400244,4,"Cambridge, Cambridgeshire, United Kingdom",UK,UKC3,52.2,0.116667,-2591658,4,"Cambridge, Cambridgeshire, United Kingdom",UK,UKC3,52.2,0.116667,-2591658,4,"Cambridge, Cambridgeshire, United Kingdom",UK,UKC3,52.2,0.116667,-2591658,20210705,https://www.goldcoastbulletin.com.au/entertainment/prince-harry-meghan-markle-could-return-to-uk-together-in-weeks/news-story/2d7d18cb43aab83b9949b151e818acae?nk=e0b5963cc623f5a2da109c2c1f88875f-1625443343
993398604,20210705,202107,2021,2021.5068,GBR,UNITED KINGDOM,GBR,,,,,,,,GOV,PRINCE,,,,,,GOV,,,0,043,043,04,1,2.8,32,6,32,3.22637312400244,4,"Frogmore, Windsor and Maidenhead, United Kingdom",UK,UKP9,51.4667,-0.6,-2596592,4,"Frogmore, Windsor and Maidenhead, United Kingdom",UK,UKP9,51.4667,-0.6,-2596592,4,"Frogmore, Windsor and Maidenhead, United Kingdom",UK,UKP9,51.4667,-0.6,-2596592,20210705,https://www.goldcoastbulletin.com.au/entertainment/prince-harry-meghan-markle-could-return-to-uk-together-in-weeks/news-story/2d7d18cb43aab83b9949b151e818acae?nk=e0b5963cc623f5a2da109c2c1f88875f-1625443343
993398624,20210705,202107,2021,2021.5068,GOV,PRINCE,,,,,,GOV,,,,,,,,,,,,,1,017,017,01,1,0.0,144,8,144,3.24273841778294,4,"Sussex, East Sussex, United Kingdom",UK,UKE2,50.9167,-0.083333,-2609142,0,,,,,,,4,"Sussex, East Sussex, United Kingdom",UK,UKE2,50.9167,-0.083333,-2609142,20210705,https://www.goldcoastbulletin.com.au/entertainment/prince-harry-meghan-markle-could-return-to-uk-together-in-weeks/news-story/2d7d18cb43aab83b9949b151e818acae?nk=e0b5963cc623f5a2da109c2c1f88875f-1625443343
993398626,20210705,202107,2021,2021.5068,GOV,GOVERNMENT,,,,,,GOV,,,,,,,,,,,,,0,025,025,02,1,-0.3,20,2,20,-2.18781999288963,4,"Baulkham Hills, New South Wales, Australia",AS,AS02,-33.75,151,-1557913,0,,,,,,,4,"Baulkham Hills, New South Wales, Australia",AS,AS02,-33.75,151,-1557913,20210705,https://www.goldcoastbulletin.com.au/news/national/australia-on-edge-over-daily-covid19-case-numbers-with-sydney-still-in-lockdown/news-story/4cb60db86bd282c3b39358ad4f58b7d7?nk=ec8aacc45fdc4992a300d31787b3b4ea-1625443303
993398632,20210705,202107,2021,2021.5068,GOV,PRINCE,,,,,,GOV,,,,,,,,,,,,,0,042,042,04,1,1.9,96,6,96,3.22637312400244,4,"Frogmore, Windsor and Maidenhead, United Kingdom",UK,UKP9,51.4667,-0.6,-2596592,0,,,,,,,4,"Frogmore, Windsor and Maidenhead, United Kingdom",UK,UKP9,51.4667,-0.6,-2596592,20210705,https://www.goldcoastbulletin.com.au/entertainment/prince-harry-meghan-markle-could-return-to-uk-together-in-weeks/news-story/2d7d18cb43aab83b9949b151e818acae?nk=e0b5963cc623f5a2da109c2c1f88875f-1625443343
993398647,20210705,202107,2021,2021.5068,GOV,PRINCE,,,,,,GOV,,,,,,,,,,,,,0,112,112,11,3,-2.0,48,6,48,3.22637312400244,4,"Sussex, East Sussex, United Kingdom",UK,UKE2,50.9167,-0.083333,-2609142,0,,,,,,,4,"Sussex, East Sussex, United Kingdom",UK,UKE2,50.9167,-0.083333,-2609142,20210705,https://www.goldcoastbulletin.com.au/entertainment/prince-harry-meghan-markle-could-return-to-uk-together-in-weeks/news-story/2d7d18cb43aab83b9949b151e818acae?nk=e0b5963cc623f5a2da109c2c1f88875f-1625443343
993398671,20210705,202107,2021,2021.5068,GOV,PRINCE,,,,,,GOV,,,GBR,UNITED KINGDOM,GBR,,,,,,,,1,036,036,03,1,4.0,47,6,47,3.09969176964251,4,"Cambridge, Cambridgeshire, United Kingdom",UK,UKC3,52.2,0.116667,-2591658,4,"Cambridge, Cambridgeshire, United Kingdom",UK,UKC3,52.2,0.116667,-2591658,4,"Cambridge, Cambridgeshire, United Kingdom",UK,UKC3,52.2,0.116667,-2591658,20210705,https://www.goldcoastbulletin.com.au/entertainment/prince-harry-meghan-markle-could-return-to-uk-together-in-weeks/news-story/2d7d18cb43aab83b9949b151e818acae?nk=e0b5963cc623f5a2da109c2c1f88875f-1625443343
993398672,20210705,202107,2021,2021.5068,GOV,PRINCE,,,,,,GOV,,,GBR,UNITED KINGDOM,GBR,,,,,,,,1,042,042,04,1,1.9,53,6,53,3.24289429060407,4,"Cambridge, Cambridgeshire, United Kingdom",UK,UKC3,52.2,0.116667,-2591658,4,"Cambridge, Cambridgeshire, United Kingdom",UK,UKC3,52.2,0.116667,-2591658,4,"Cambridge, Cambridgeshire, United Kingdom",UK,UKC3,52.2,0.116667,-2591658,20210705,https://www.goldcoastbulletin.com.au/entertainment/prince-harry-meghan-markle-could-return-to-uk-together-in-weeks/news-story/2d7d18cb43aab83b9949b151e818acae?nk=e0b5963cc623f5a2da109c2c1f88875f-1625443343
993398673,20210705,202107,2021,2021.5068,GOV,PRINCE,,,,,,GOV,,,GBR,UNITED KINGDOM,GBR,,,,,,,,1,042,042,04,1,1.9,160,6,128,3.22637312400244,4,"Frogmore, Windsor and Maidenhead, United Kingdom",UK,UKP9,51.4667,-0.6,-2596592,4,"Frogmore, Windsor and Maidenhead, United Kingdom",UK,UKP9,51.4667,-0.6,-2596592,4,"Frogmore, Windsor and Maidenhead, United Kingdom",UK,UKP9,51.4667,-0.6,-2596592,20210705,https://www.goldcoastbulletin.com.au/entertainment/prince-harry-meghan-markle-could-return-to-uk-together-in-weeks/news-story/2d7d18cb43aab83b9949b151e818acae?nk=e0b5963cc623f5a2da109c2c1f88875f-1625443343
993398674,20210705,202107,2021,2021.5068,GOV,PRINCE,,,,,,GOV,,,GBR,UNITED KINGDOM,GBR,,,,,,,,1,051,051,05,1,3.4,49,5,49,2.93141712918589,4,"Cambridge, Cambridgeshire, United Kingdom",UK,UKC3,52.2,0.116667,-2591658,4,"Cambridge, Cambridgeshire, United Kingdom",UK,UKC3,52.2,0.116667,-2591658,4,"Cambridge, Cambridgeshire, United Kingdom",UK,UKC3,52.2,0.116667,-2591658,20210705,https://www.goldcoastbulletin.com.au/entertainment/prince-harry-meghan-markle-could-return-to-uk-together-in-weeks/news-story/2d7d18cb43aab83b9949b151e818acae?nk=e0b5963cc623f5a2da109c2c1f88875f-1625443343
993398675,20210705,202107,2021,2021.5068,GOV,PRINCE,,,,,,GOV,,,GBR,UNITED KINGDOM,GBR,,,,,,,,0,112,112,11,3,-2.0,32,6,32,3.22637312400244,4,"Sussex, East Sussex, United Kingdom",UK,UKE2,50.9167,-0.083333,-2609142,4,"Sussex, East Sussex, United Kingdom",UK,UKE2,50.9167,-0.083333,-2609142,4,"Sussex, East Sussex, United Kingdom",UK,UKE2,50.9167,-0.083333,-2609142,20210705,https://www.goldcoastbulletin.com.au/entertainment/prince-harry-meghan-markle-could-return-to-uk-together-in-weeks/news-story/2d7d18cb43aab83b9949b151e818acae?nk=e0b5963cc623f5a2da109c2c1f88875f-1625443343
993398874,20210705,202107,2021,2021.5068,NZL,NEW ZEALAND,NZL,,,,,,,,,,,,,,,,,,1,043,043,04,1,2.8,169,14,169,-0.61301634338067,1,New Zealand,NZ,NZ,-42,174,NZ,0,,,,,,,1,New Zealand,NZ,NZ,-42,174,NZ,20210705,https://www.goldcoastbulletin.com.au/breaking-news/new-zealand-restarts-quarantine-free-travel-bubble-with-victoria-sa-act-and-tasmania/news-story/cf46827acbf04b06718b61b159f5e227?nk=31114751d7254c46c479626ac07467bc-1625443347
993398878,20210705,202107,2021,2021.5068,NZL,NEW ZEALAND,NZL,,,,,,,,,,,,,,,,,,1,120,120,12,3,-4.0,55,5,55,0.544595364474853,1,New Zealand,NZ,NZ,-42,174,NZ,0,,,,,,,1,New Zealand,NZ,NZ,-42,174,NZ,20210705,https://www.goldcoastbulletin.com.au/breaking-news/new-zealand-restarts-quarantine-free-travel-bubble-with-victoria-sa-act-and-tasmania/news-story/cf46827acbf04b06718b61b159f5e227?nk=31114751d7254c46c479626ac07467bc-1625443347
993399634,20210705,202107,2021,2021.5068,,,,,,,,,,,CHN,CHINESE,CHN,,,,,,,,0,042,042,04,1,1.9,2,1,2,4.62794918330309,0,,,,,,,4,"Chengdu, Sichuan, China",CH,CH32,30.6667,104.067,-1900349,4,"Chengdu, Sichuan, China",CH,CH32,30.6667,104.067,-1900349,20210705,https://eturbonews.com/56418/seychelles-takes-home-gold-chinese-ctw-award/
993399843,20210705,202107,2021,2021.5068,CHN,CHINESE,CHN,,,,,,,,,,,,,,,,,,0,043,043,04,1,2.8,2,1,2,4.62794918330309,4,"Chengdu, Sichuan, China",CH,CH32,30.6667,104.067,-1900349,0,,,,,,,4,"Chengdu, Sichuan, China",CH,CH32,30.6667,104.067,-1900349,20210705,https://eturbonews.com/56418/seychelles-takes-home-gold-chinese-ctw-award/
993399853,20210705,202107,2021,2021.5068,CHN,CHENGDU,CHN,,,,,,,,GOV,MINIST,,,,,,GOV,,,0,043,043,04,1,2.8,10,1,10,4.62794918330309,4,"Chengdu, Sichuan, China",CH,CH32,30.6667,104.067,-1900349,4,"Chengdu, Sichuan, China",CH,CH32,30.6667,104.067,-1900349,4,"Chengdu, Sichuan, China",CH,CH32,30.6667,104.067,-1900349,20210705,https://eturbonews.com/56418/seychelles-takes-home-gold-chinese-ctw-award/
993400031,20210705,202107,2021,2021.5068,GHA,GHANA,GHA,,,,,,,,,,,,,,,,,,1,010,010,01,1,0.0,31,5,31,0.40219350313775,1,Ghana,GH,GH,8,-2,GH,0,,,,,,,1,Ghana,GH,GH,8,-2,GH,20210705,https://www.graphic.com.gh/business/business-news/bawumia-lauds-bog-gold-purchase-programme.html
993400120,20210705,202107,2021,2021.5068,GOV,MINIST,,,,,,GOV,,,CHN,CHENGDU,CHN,,,,,,,,0,042,042,04,1,1.9,2,1,2,4.62794918330309,4,"Desroches Island, Seychelles (general), Seychelles",SE,SE00,-5.68333,53.6833,-1322492,4,"Chengdu, Sichuan, China",CH,CH32,30.6667,104.067,-1900349,4,"Chengdu, Sichuan, China",CH,CH32,30.6667,104.067,-1900349,20210705,https://eturbonews.com/56418/seychelles-takes-home-gold-chinese-ctw-award/
993400121,20210705,202107,2021,2021.5068,GOV,MINIST,,,,,,GOV,,,CHN,CHENGDU,CHN,,,,,,,,1,042,042,04,1,1.9,31,6,31,0.314138266740758,4,"Beijing, Beijing, China",CH,CH22,39.9289,116.388,-1898541,4,"Beijing, Beijing, China",CH,CH22,39.9289,116.388,-1898541,4,"Beijing, Beijing, China",CH,CH22,39.9289,116.388,-1898541,20210705,https://eturbonews.com/56418/seychelles-takes-home-gold-chinese-ctw-award/
993400122,20210705,202107,2021,2021.5068,GOV,MINIST,,,,,,GOV,,,CHN,CHENGDU,CHN,,,,,,,,0,042,042,04,1,1.9,2,1,2,4.62794918330309,4,"Chengdu, Sichuan, China",CH,CH32,30.6667,104.067,-1900349,4,"Chengdu, Sichuan, China",CH,CH32,30.6667,104.067,-1900349,4,"Chengdu, Sichuan, China",CH,CH32,30.6667,104.067,-1900349,20210705,https://eturbonews.com/56418/seychelles-takes-home-gold-chinese-ctw-award/
993402748,20210705,202107,2021,2021.5068,USA,THE US,USA,,,,,,,,,,,,,,,,,,1,020,020,02,1,3.0,55,6,55,-1.30673656708536,0,,,,,,,0,,,,,,,0,,,,,,,20210705,https://www.dailyfx.com/forex/fundamental/forecast/weekly/chf/2021/07/04/gold-q3-fundamental-forecast-outlook-deteriorates-for-gold-prices.html
993402784,20210705,202107,2021,2021.5068,USA,THE US,USA,,,,,,,,,,,,,,,,,,1,080,080,08,2,5.0,5,1,5,2.90697674418605,0,,,,,,,0,,,,,,,0,,,,,,,20210705,https://www.dailyfx.com/forex/fundamental/forecast/weekly/chf/2021/07/04/gold-q3-fundamental-forecast-outlook-deteriorates-for-gold-prices.html
993408389,20210705,202107,2021,2021.5068,IND,COIMBATORE,IND,,,,,,,,GOV,SOVEREIGN,,,,,,GOV,,,1,060,060,06,2,6.0,10,1,10,0.58479532163743,0,,,,,,,0,,,,,,,0,,,,,,,20210705,https://timesofindia.indiatimes.com/city/coimbatore/gold-rs-1-lakh-stolen-from-locked-house/articleshow/84126288.cms
993410114,20210705,202107,2021,2021.5068,AUS,QUEENSLAND,AUS,,,,,,,,,,,,,,,,,,0,042,042,04,1,1.9,6,2,6,-7.18085106382979,4,"Toowoomba, Queensland, Australia",AS,AS04,-27.5606,151.954,-1605321,0,,,,,,,4,"Toowoomba, Queensland, Australia",AS,AS04,-27.5606,151.954,-1605321,20210705,https://www.goldcoastbulletin.com.au/breaking-news/brisbane-hotel-quarantine-guest-slapped-with-1300-fine-for-breaching-orders/news-story/5ebe7ac1d43c4d3486810158314e4877?nk=8c9531a2f27c21bbe7b0c171bc00bc11-1625452300
993410121,20210705,202107,2021,2021.5068,AUS,BRISBANE,AUS,,,,,,,,,,,,,,,,,,1,128,128,12,3,-5.0,3,2,3,-7.18085106382979,4,"Goondiwindi, Queensland, Australia",AS,AS04,-28.5464,150.307,-1575913,0,,,,,,,4,"Toowoomba, Queensland, Australia",AS,AS04,-27.5606,151.954,-1605321,20210705,https://www.goldcoastbulletin.com.au/breaking-news/brisbane-hotel-quarantine-guest-slapped-with-1300-fine-for-breaching-orders/news-story/5ebe7ac1d43c4d3486810158314e4877?nk=8c9531a2f27c21bbe7b0c171bc00bc11-1625452300
993410122,20210705,202107,2021,2021.5068,AUS,BRISBANE,AUS,,,,,,,,,,,,,,,,,,1,128,128,12,3,-5.0,21,2,21,-7.18085106382979,4,"Toowoomba, Queensland, Australia",AS,AS04,-27.5606,151.954,-1605321,0,,,,,,,4,"Toowoomba, Queensland, Australia",AS,AS04,-27.5606,151.954,-1605321,20210705,https://www.goldcoastbulletin.com.au/breaking-news/brisbane-hotel-quarantine-guest-slapped-with-1300-fine-for-breaching-orders/news-story/5ebe7ac1d43c4d3486810158314e4877?nk=8c9531a2f27c21bbe7b0c171bc00bc11-1625452300
993410904,20200705,202007,2020,2020.5068,GOVBUS,RESERVE BANK,,,,,,GOV,BUS,,JUD,SUPREME COURT,,,,,,JUD,,,0,172,172,17,4,-5.0,10,1,10,-0.86862106406081,5,"Karnataka, Karnataka, India",IN,IN19,13.5,76,-2099860,5,"Karnataka, Karnataka, India",IN,IN19,13.5,76,-2099860,5,"Karnataka, Karnataka, India",IN,IN19,13.5,76,-2099860,20210705,https://www.asiaone.com/money/gold-crazy-india-millennials-are-turning-cryptocurrency-amid-covid-19
993410931,20210705,202107,2021,2021.5068,,,,,,,,,,,GOV,GOVERNMENT,,,,,,GOV,,,0,014,014,01,1,0.0,5,1,5,-0.86862106406081,0,,,,,,,5,"Karnataka, Karnataka, India",IN,IN19,13.5,76,-2099860,5,"Karnataka, Karnataka, India",IN,IN19,13.5,76,-2099860,20210705,https://www.asiaone.com/money/gold-crazy-india-millennials-are-turning-cryptocurrency-amid-covid-19
993411010,20210705,202107,2021,2021.5068,BUS,INDUSTRY,,,,,,BUS,,,,,,,,,,,,,0,020,020,02,1,3.0,10,1,10,-0.86862106406081,5,"Karnataka, Karnataka, India",IN,IN19,13.5,76,-2099860,0,,,,,,,5,"Karnataka, Karnataka, India",IN,IN19,13.5,76,-2099860,20210705,https://www.asiaone.com/money/gold-crazy-india-millennials-are-turning-cryptocurrency-amid-covid-19
993411016,20210705,202107,2021,2021.5068,BUS,INVESTOR,,,,,,BUS,,,,,,,,,,,,,0,071,071,07,2,7.4,5,1,5,-0.86862106406081,5,"Karnataka, Karnataka, India",IN,IN19,13.5,76,-2099860,0,,,,,,,5,"Karnataka, Karnataka, India",IN,IN19,13.5,76,-2099860,20210705,https://www.asiaone.com/money/gold-crazy-india-millennials-are-turning-cryptocurrency-amid-covid-19
993411023,20210705,202107,2021,2021.5068,BUS,INDUSTRY,,,,,,BUS,,,GOV,GOVERNMENT,,,,,,GOV,,,0,014,014,01,1,0.0,5,1,5,-0.86862106406081,5,"Karnataka, Karnataka, India",IN,IN19,13.5,76,-2099860,5,"Karnataka, Karnataka, India",IN,IN19,13.5,76,-2099860,5,"Karnataka, Karnataka, India",IN,IN19,13.5,76,-2099860,20210705,https://www.asiaone.com/money/gold-crazy-india-millennials-are-turning-cryptocurrency-amid-covid-19
993411220,20210705,202107,2021,2021.5068,MED,LOCAL MEDIA,,,,,,MED,,,GOV,GOVERNMENT,,,,,,GOV,,,0,020,020,02,1,3.0,10,1,10,-0.86862106406081,5,"Karnataka, Karnataka, India",IN,IN19,13.5,76,-2099860,5,"Karnataka, Karnataka, India",IN,IN19,13.5,76,-2099860,5,"Karnataka, Karnataka, India",IN,IN19,13.5,76,-2099860,20210705,https://www.asiaone.com/money/gold-crazy-india-millennials-are-turning-cryptocurrency-amid-covid-19
993411699,20210705,202107,2021,2021.5068,,,,,,,,,,,NGA,NIGERIAN,NGA,,,,,,,,0,020,020,02,1,3.0,20,2,20,1.01910846400953,0,,,,,,,4,"Kokona, Nigeria (general), Nigeria",NI,NI00,8.85,5.08333,-2015689,4,"Kokona, Nigeria (general), Nigeria",NI,NI00,8.85,5.08333,-2015689,20210705,https://www.thisdaylive.com/index.php/2021/07/05/buharis-rice-revolution-gaate-gold-premium-rice-joins-nigerias-top-notch-rice/
993411830,20210705,202107,2021,2021.5068,CVL,COMMUNITY,,,,,,CVL,,,GOV,GOVERNMENT,,,,,,GOV,,,1,042,042,04,1,1.9,4,2,4,1.01910846400953,4,"Nasarawa, Sokoto, Nigeria",NI,NI51,13.0303,5.1938,10483473,4,"Kokona, Nigeria (general), Nigeria",NI,NI00,8.85,5.08333,-2015689,4,"Nasarawa, Sokoto, Nigeria",NI,NI51,13.0303,5.1938,10483473,20210705,https://www.thisdaylive.com/index.php/2021/07/05/buharis-rice-revolution-gaate-gold-premium-rice-joins-nigerias-top-notch-rice/
993411841,20210705,202107,2021,2021.5068,CVL,COMMUNITY,,,,,,CVL,,,NGA,NIGERIA,NGA,,,,,,,,1,042,042,04,1,1.9,2,2,2,1.01910846400953,4,"Nasarawa, Sokoto, Nigeria",NI,NI51,13.0303,5.1938,10483473,4,"Kokona, Nigeria (general), Nigeria",NI,NI00,8.85,5.08333,-2015689,4,"Nasarawa, Sokoto, Nigeria",NI,NI51,13.0303,5.1938,10483473,20210705,https://www.thisdaylive.com/index.php/2021/07/05/buharis-rice-revolution-gaate-gold-premium-rice-joins-nigerias-top-notch-rice/
993411842,20210705,202107,2021,2021.5068,CVL,COMMUNITY,,,,,,CVL,,,NGA,NIGERIA,NGA,,,,,,,,1,042,042,04,1,1.9,6,2,6,1.01910846400953,4,"Nasarawa, Sokoto, Nigeria",NI,NI51,13.0303,5.1938,10483473,4,"Nasarawa, Sokoto, Nigeria",NI,NI51,13.0303,5.1938,10483473,4,"Nasarawa, Sokoto, Nigeria",NI,NI51,13.0303,5.1938,10483473,20210705,https://www.thisdaylive.com/index.php/2021/07/05/buharis-rice-revolution-gaate-gold-premium-rice-joins-nigerias-top-notch-rice/
993411843,20210705,202107,2021,2021.5068,CVL,COMMUNITY,,,,,,CVL,,,NGACVL,NIGERIA,NGA,,,,,CVL,,,1,042,042,04,1,1.9,8,2,8,1.01910846400953,4,"Nasarawa, Sokoto, Nigeria",NI,NI51,13.0303,5.1938,10483473,4,"Nasarawa, Sokoto, Nigeria",NI,NI51,13.0303,5.1938,10483473,4,"Nasarawa, Sokoto, Nigeria",NI,NI51,13.0303,5.1938,10483473,20210705,https://www.thisdaylive.com/index.php/2021/07/05/buharis-rice-revolution-gaate-gold-premium-rice-joins-nigerias-top-notch-rice/
993411983,20210705,202107,2021,2021.5068,GOV,GOVERNMENT,,,,,,GOV,,,CVL,COMMUNITY,,,,,,CVL,,,1,043,043,04,1,2.8,4,2,4,1.01910846400953,4,"Kokona, Nigeria (general), Nigeria",NI,NI00,8.85,5.08333,-2015689,4,"Nasarawa, Sokoto, Nigeria",NI,NI51,13.0303,5.1938,10483473,4,"Nasarawa, Sokoto, Nigeria",NI,NI51,13.0303,5.1938,10483473,20210705,https://www.thisdaylive.com/index.php/2021/07/05/buharis-rice-revolution-gaate-gold-premium-rice-joins-nigerias-top-notch-rice/
993412008,20210705,202107,2021,2021.5068,GOV,GOVERNMENT,,,,,,GOV,,,NGAGOVBUS,NIGERIA,NGA,,,,,GOV,BUS,,1,051,051,05,1,3.4,20,2,20,1.01910846400953,4,"Nasarawa, Sokoto, Nigeria",NI,NI51,13.0303,5.1938,10483473,4,"Nasarawa, Sokoto, Nigeria",NI,NI51,13.0303,5.1938,10483473,4,"Nasarawa, Sokoto, Nigeria",NI,NI51,13.0303,5.1938,10483473,20210705,https://www.thisdaylive.com/index.php/2021/07/05/buharis-rice-revolution-gaate-gold-premium-rice-joins-nigerias-top-notch-rice/
993412162,20210705,202107,2021,2021.5068,NGA,NIGERIA,NGA,,,,,,,,,,,,,,,,,,0,111,111,11,3,-2.0,16,2,16,1.01910846400953,4,"Lagos, Lagos, Nigeria",NI,NI05,6.45306,3.39583,-2017355,0,,,,,,,4,"Lagos, Lagos, Nigeria",NI,NI05,6.45306,3.39583,-2017355,20210705,https://www.thisdaylive.com/index.php/2021/07/05/buharis-rice-revolution-gaate-gold-premium-rice-joins-nigerias-top-notch-rice/
993412163,20210705,202107,2021,2021.5068,NGA,NIGERIAN,NGA,,,,,,,,,,,,,,,,,,1,114,114,11,3,-2.0,20,2,20,1.01910846400953,4,"Kokona, Nigeria (general), Nigeria",NI,NI00,8.85,5.08333,-2015689,0,,,,,,,4,"Kokona, Nigeria (general), Nigeria",NI,NI00,8.85,5.08333,-2015689,20210705,https://www.thisdaylive.com/index.php/2021/07/05/buharis-rice-revolution-gaate-gold-premium-rice-joins-nigerias-top-notch-rice/
993412165,20210705,202107,2021,2021.5068,NGA,NIGERIA,NGA,,,,,,,,CVL,COMMUNITY,,,,,,CVL,,,1,043,043,04,1,2.8,2,2,2,1.01910846400953,4,"Kokona, Nigeria (general), Nigeria",NI,NI00,8.85,5.08333,-2015689,4,"Nasarawa, Sokoto, Nigeria",NI,NI51,13.0303,5.1938,10483473,4,"Nasarawa, Sokoto, Nigeria",NI,NI51,13.0303,5.1938,10483473,20210705,https://www.thisdaylive.com/index.php/2021/07/05/buharis-rice-revolution-gaate-gold-premium-rice-joins-nigerias-top-notch-rice/
993412166,20210705,202107,2021,2021.5068,NGA,NIGERIA,NGA,,,,,,,,CVL,COMMUNITY,,,,,,CVL,,,1,043,043,04,1,2.8,6,2,6,1.01910846400953,4,"Nasarawa, Sokoto, Nigeria",NI,NI51,13.0303,5.1938,10483473,4,"Nasarawa, Sokoto, Nigeria",NI,NI51,13.0303,5.1938,10483473,4,"Nasarawa, Sokoto, Nigeria",NI,NI51,13.0303,5.1938,10483473,20210705,https://www.thisdaylive.com/index.php/2021/07/05/buharis-rice-revolution-gaate-gold-premium-rice-joins-nigerias-top-notch-rice/
993412180,20210705,202107,2021,2021.5068,NGACVL,NIGERIA,NGA,,,,,CVL,,,CVL,COMMUNITY,,,,,,CVL,,,1,043,043,04,1,2.8,8,2,8,1.01910846400953,4,"Nasarawa, Sokoto, Nigeria",NI,NI51,13.0303,5.1938,10483473,4,"Nasarawa, Sokoto, Nigeria",NI,NI51,13.0303,5.1938,10483473,4,"Nasarawa, Sokoto, Nigeria",NI,NI51,13.0303,5.1938,10483473,20210705,https://www.thisdaylive.com/index.php/2021/07/05/buharis-rice-revolution-gaate-gold-premium-rice-joins-nigerias-top-notch-rice/
993412183,20210705,202107,2021,2021.5068,NGAGOVBUS,NIGERIA,NGA,,,,,GOV,BUS,,,,,,,,,,,,1,051,051,05,1,3.4,20,2,20,1.01910846400953,4,"Lagos, Lagos, Nigeria",NI,NI05,6.45306,3.39583,-2017355,0,,,,,,,4,"Lagos, Lagos, Nigeria",NI,NI05,6.45306,3.39583,-2017355,20210705,https://www.thisdaylive.com/index.php/2021/07/05/buharis-rice-revolution-gaate-gold-premium-rice-joins-nigerias-top-notch-rice/
993412663,20210705,202107,2021,2021.5068,,,,,,,,,,,AUS,BRISBANE,AUS,,,,,,,,0,173,173,17,4,-5.0,3,3,3,-5.64167974882261,0,,,,,,,4,"Brisbane, Queensland, Australia",AS,AS04,-27.5,153.017,-1561728,4,"Sunshine Coast, Queensland, Australia",AS,AS04,-26.5,153,-1602923,20210705,https://www.brisbanetimes.com.au/national/queensland/men-accused-of-killing-nrl-player-s-brother-appear-in-gold-coast-court-20210705-p586up.html
993412664,20210705,202107,2021,2021.5068,,,,,,,,,,,AUS,AUSTRALIA,AUS,,,,,,,,0,173,173,17,4,-5.0,6,3,6,-5.64167974882261,0,,,,,,,4,"Mitchelton, Queensland, Australia",AS,AS04,-27.4167,152.967,-1588133,4,"Brisbane, Queensland, Australia",AS,AS04,-27.5,153.017,-1561728,20210705,https://www.brisbanetimes.com.au/national/queensland/men-accused-of-killing-nrl-player-s-brother-appear-in-gold-coast-court-20210705-p586up.html
993412665,20210705,202107,2021,2021.5068,,,,,,,,,,,AUS,AUSTRALIA,AUS,,,,,,,,0,173,173,17,4,-5.0,6,3,6,-5.64167974882261,0,,,,,,,4,"Sunshine Coast, Queensland, Australia",AS,AS04,-26.5,153,-1602923,4,"Penrith, New South Wales, Australia",AS,AS02,-33.75,150.7,-1594531,20210705,https://www.brisbanetimes.com.au/national/queensland/men-accused-of-killing-nrl-player-s-brother-appear-in-gold-coast-court-20210705-p586up.html
993412666,20210705,202107,2021,2021.5068,,,,,,,,,,,AUS,AUSTRALIA,AUS,,,,,,,,0,173,173,17,4,-5.0,12,3,12,-5.64167974882261,0,,,,,,,4,"Sunshine Coast, Queensland, Australia",AS,AS04,-26.5,153,-1602923,4,"Sunshine Coast, Queensland, Australia",AS,AS04,-26.5,153,-1602923,20210705,https://www.brisbanetimes.com.au/national/queensland/men-accused-of-killing-nrl-player-s-brother-appear-in-gold-coast-court-20210705-p586up.html
993412732,20210705,202107,2021,2021.5068,AUS,AUSTRALIA,AUS,,,,,,,,COP,POLICE,,,,,,COP,,,0,080,080,08,2,5.0,3,3,3,-5.64167974882261,4,"Brisbane, Queensland, Australia",AS,AS04,-27.5,153.017,-1561728,4,"Sunshine Coast, Queensland, Australia",AS,AS04,-26.5,153,-1602923,4,"Brisbane, Queensland, Australia",AS,AS04,-27.5,153.017,-1561728,20210705,https://www.brisbanetimes.com.au/national/queensland/men-accused-of-killing-nrl-player-s-brother-appear-in-gold-coast-court-20210705-p586up.html
993412733,20210705,202107,2021,2021.5068,AUS,BRISBANE,AUS,,,,,,,,COP,POLICE,,,,,,COP,,,0,080,080,08,2,5.0,9,3,9,-5.64167974882261,4,"Brisbane, Queensland, Australia",AS,AS04,-27.5,153.017,-1561728,4,"Sunshine Coast, Queensland, Australia",AS,AS04,-26.5,153,-1602923,4,"Sunshine Coast, Queensland, Australia",AS,AS04,-26.5,153,-1602923,20210705,https://www.brisbanetimes.com.au/national/queensland/men-accused-of-killing-nrl-player-s-brother-appear-in-gold-coast-court-20210705-p586up.html
993412734,20210705,202107,2021,2021.5068,AUS,AUSTRALIA,AUS,,,,,,,,COP,POLICE,,,,,,COP,,,0,080,080,08,2,5.0,6,3,6,-5.64167974882261,4,"Mitchelton, Queensland, Australia",AS,AS04,-27.4167,152.967,-1588133,4,"Mitchelton, Queensland, Australia",AS,AS04,-27.4167,152.967,-1588133,4,"Mitchelton, Queensland, Australia",AS,AS04,-27.4167,152.967,-1588133,20210705,https://www.brisbanetimes.com.au/national/queensland/men-accused-of-killing-nrl-player-s-brother-appear-in-gold-coast-court-20210705-p586up.html
993412735,20210705,202107,2021,2021.5068,AUS,AUSTRALIA,AUS,,,,,,,,COP,POLICE,,,,,,COP,,,0,080,080,08,2,5.0,3,3,3,-5.64167974882261,4,"Mitchelton, Queensland, Australia",AS,AS04,-27.4167,152.967,-1588133,4,"Sunshine Coast, Queensland, Australia",AS,AS04,-26.5,153,-1602923,4,"Brisbane, Queensland, Australia",AS,AS04,-27.5,153.017,-1561728,20210705,https://www.brisbanetimes.com.au/national/queensland/men-accused-of-killing-nrl-player-s-brother-appear-in-gold-coast-court-20210705-p586up.html
993412736,20210705,202107,2021,2021.5068,AUS,AUSTRALIA,AUS,,,,,,,,COP,POLICE,,,,,,COP,,,0,080,080,08,2,5.0,9,3,9,-5.64167974882261,4,"Mitchelton, Queensland, Australia",AS,AS04,-27.4167,152.967,-1588133,4,"Sunshine Coast, Queensland, Australia",AS,AS04,-26.5,153,-1602923,4,"Sunshine Coast, Queensland, Australia",AS,AS04,-26.5,153,-1602923,20210705,https://www.brisbanetimes.com.au/national/queensland/men-accused-of-killing-nrl-player-s-brother-appear-in-gold-coast-court-20210705-p586up.html
993413682,20210705,202107,2021,2021.5068,,,,,,,,,,,USA,UNITED STATES,USA,,,,,,,,0,020,020,02,1,3.0,4,1,4,-7.78301886792453,0,,,,,,,3,"Alameda County, California, United States",US,USCA,37.5999,-121.884,1675839,3,"Alameda County, California, United States",US,USCA,37.5999,-121.884,1675839,20210705,https://www.goldcoastbulletin.com.au/business/work/white-privilege-amazon-deliver-driver-allegedly-attacks-customer/news-story/11fb79c54f6611e0738ae4765b18bd81?nk=49a7daeeb0d6f0827b5020c4ae30fe9d-1625455887
993414025,20210705,202107,2021,2021.5068,USA,UNITED STATES,USA,,,,,,,,,,,,,,,,,,0,010,010,01,1,0.0,8,1,4,-7.78301886792453,3,"Alameda County, California, United States",US,USCA,37.5999,-121.884,1675839,0,,,,,,,3,"Alameda County, California, United States",US,USCA,37.5999,-121.884,1675839,20210705,https://www.goldcoastbulletin.com.au/business/work/white-privilege-amazon-deliver-driver-allegedly-attacks-customer/news-story/11fb79c54f6611e0738ae4765b18bd81?nk=49a7daeeb0d6f0827b5020c4ae30fe9d-1625455887
993414032,20210705,202107,2021,2021.5068,USA,UNITED STATES,USA,,,,,,,,,,,,,,,,,,0,020,020,02,1,3.0,6,2,6,-2.60118685331711,3,"Alameda County, California, United States",US,USCA,37.5999,-121.884,1675839,0,,,,,,,3,"Alameda County, California, United States",US,USCA,37.5999,-121.884,1675839,20210705,https://www.goldcoastbulletin.com.au/business/work/white-privilege-amazon-deliver-driver-allegedly-attacks-customer/news-story/11fb79c54f6611e0738ae4765b18bd81?nk=49a7daeeb0d6f0827b5020c4ae30fe9d-1625455887
993414053,20210705,202107,2021,2021.5068,USA,UNITED STATES,USA,,,,,,,,,,,,,,,,,,0,180,180,18,4,-9.0,2,1,2,-7.78301886792453,3,"Alameda County, California, United States",US,USCA,37.5999,-121.884,1675839,0,,,,,,,3,"Castro Valley, California, United States",US,USCA,37.6941,-122.086,1658237,20210705,https://www.goldcoastbulletin.com.au/business/work/white-privilege-amazon-deliver-driver-allegedly-attacks-customer/news-story/11fb79c54f6611e0738ae4765b18bd81?nk=49a7daeeb0d6f0827b5020c4ae30fe9d-1625455887
993414054,20210705,202107,2021,2021.5068,USA,UNITED STATES,USA,,,,,,,,,,,,,,,,,,1,180,180,18,4,-9.0,6,1,4,-7.78301886792453,3,"Alameda County, California, United States",US,USCA,37.5999,-121.884,1675839,0,,,,,,,3,"Alameda County, California, United States",US,USCA,37.5999,-121.884,1675839,20210705,https://www.goldcoastbulletin.com.au/business/work/white-privilege-amazon-deliver-driver-allegedly-attacks-customer/news-story/11fb79c54f6611e0738ae4765b18bd81?nk=49a7daeeb0d6f0827b5020c4ae30fe9d-1625455887
993416290,20210705,202107,2021,2021.5068,,,,,,,,,,,MYS,MALAYSIAN,MYS,,,,,,,,1,100,100,10,3,-5.0,6,1,6,-0.78534031413613,0,,,,,,,3,"Hollywood, California, United States",US,USCA,34.0983,-118.327,1660757,3,"Hollywood, California, United States",US,USCA,34.0983,-118.327,1660757,20210705,https://www.channelnewsasia.com/news/lifestyle/henry-golding-reach-out-3-friends-suicide-prevention-malaysia-15157676
993416291,20210705,202107,2021,2021.5068,,,,,,,,,,,MYS,MALAYSIAN,MYS,,,,,,,,1,100,100,10,3,-5.0,2,1,2,-0.78534031413613,0,,,,,,,3,"Hollywood, California, United States",US,USCA,34.0983,-118.327,1660757,1,United Kingdom,UK,UK,54,-4,UK,20210705,https://www.channelnewsasia.com/news/lifestyle/henry-golding-reach-out-3-friends-suicide-prevention-malaysia-15157676
993416292,20210705,202107,2021,2021.5068,,,,,,,,,,,MYS,MALAYSIAN,MYS,,,,,,,,1,100,100,10,3,-5.0,8,1,8,-0.78534031413613,0,,,,,,,1,Malaysia,MY,MY,2.5,112.5,MY,1,Malaysia,MY,MY,2.5,112.5,MY,20210705,https://www.channelnewsasia.com/news/lifestyle/henry-golding-reach-out-3-friends-suicide-prevention-malaysia-15157676
993416293,20210705,202107,2021,2021.5068,,,,,,,,,,,MYS,MALAYSIAN,MYS,,,,,,,,1,100,100,10,3,-5.0,2,1,2,-0.78534031413613,0,,,,,,,1,Singapore,SN,SN,1.366667,103.8,SN,1,Singapore,SN,SN,1.366667,103.8,SN,20210705,https://www.channelnewsasia.com/news/lifestyle/henry-golding-reach-out-3-friends-suicide-prevention-malaysia-15157676
993416492,20210705,202107,2021,2021.5068,ELI,ACTOR,,,,,,ELI,,,MYS,MALAYSIA,MYS,,,,,,,,1,012,012,01,1,-0.4,8,1,8,-0.78534031413613,1,Malaysia,MY,MY,2.5,112.5,MY,1,Malaysia,MY,MY,2.5,112.5,MY,1,Malaysia,MY,MY,2.5,112.5,MY,20210705,https://www.channelnewsasia.com/news/lifestyle/henry-golding-reach-out-3-friends-suicide-prevention-malaysia-15157676
993416679,20210705,202107,2021,2021.5068,MYSELI,MALAYSIA,MYS,,,,,ELI,,,MYS,MALAYSIA,MYS,,,,,,,,1,012,012,01,1,-0.4,2,1,2,-0.78534031413613,1,Malaysia,MY,MY,2.5,112.5,MY,1,Malaysia,MY,MY,2.5,112.5,MY,1,Malaysia,MY,MY,2.5,112.5,MY,20210705,https://www.channelnewsasia.com/news/lifestyle/henry-golding-reach-out-3-friends-suicide-prevention-malaysia-15157676
993419338,20210705,202107,2021,2021.5068,,,,,,,,,,,AUS,NORTHERN TERRITORY,AUS,,,,,,,,1,043,043,04,1,2.8,2,1,2,2.72614622057001,0,,,,,,,1,Mauritania,MR,MR,20,-12,MR,1,Mauritania,MR,MR,20,-12,MR,20210705,http://www.proactiveinvestors.com.au/companies/news/954035/emmerson-resources-up-15-after-uncovering-395-metres-at-57-gt-gold-at-mauretania-project-tennant-creek-954035.html
993419382,20210705,202107,2021,2021.5068,,,,,,,,,,,MRT,MAURITANIA,MRT,,,,,,,,1,043,043,04,1,2.8,2,1,2,2.72614622057001,0,,,,,,,1,Mauritania,MR,MR,20,-12,MR,1,Mauritania,MR,MR,20,-12,MR,20210705,http://www.proactiveinvestors.com.au/companies/news/954035/emmerson-resources-up-15-after-uncovering-395-metres-at-57-gt-gold-at-mauretania-project-tennant-creek-954035.html
993419447,20210705,202107,2021,2021.5068,AUS,NORTHERN TERRITORY,AUS,,,,,,,,,,,,,,,,,,1,042,042,04,1,1.9,2,1,2,2.72614622057001,1,Mauritania,MR,MR,20,-12,MR,0,,,,,,,1,Mauritania,MR,MR,20,-12,MR,20210705,http://www.proactiveinvestors.com.au/companies/news/954035/emmerson-resources-up-15-after-uncovering-395-metres-at-57-gt-gold-at-mauretania-project-tennant-creek-954035.html
993419459,20210705,202107,2021,2021.5068,AUS,NORTHERN TERRITORY,AUS,,,,,,,,MRT,MAURITANIA,MRT,,,,,,,,1,043,043,04,1,2.8,6,1,6,2.72614622057001,1,Mauritania,MR,MR,20,-12,MR,1,Mauritania,MR,MR,20,-12,MR,1,Mauritania,MR,MR,20,-12,MR,20210705,http://www.proactiveinvestors.com.au/companies/news/954035/emmerson-resources-up-15-after-uncovering-395-metres-at-57-gt-gold-at-mauretania-project-tennant-creek-954035.html
993419898,20210705,202107,2021,2021.5068,MRT,MAURITANIA,MRT,,,,,,,,,,,,,,,,,,1,042,042,04,1,1.9,2,1,2,2.72614622057001,1,Mauritania,MR,MR,20,-12,MR,0,,,,,,,1,Mauritania,MR,MR,20,-12,MR,20210705,http://www.proactiveinvestors.com.au/companies/news/954035/emmerson-resources-up-15-after-uncovering-395-metres-at-57-gt-gold-at-mauretania-project-tennant-creek-954035.html
993419899,20210705,202107,2021,2021.5068,MRT,MAURITANIA,MRT,,,,,,,,AUS,NORTHERN TERRITORY,AUS,,,,,,,,1,042,042,04,1,1.9,6,1,6,2.72614622057001,1,Mauritania,MR,MR,20,-12,MR,1,Mauritania,MR,MR,20,-12,MR,1,Mauritania,MR,MR,20,-12,MR,20210705,http://www.proactiveinvestors.com.au/companies/news/954035/emmerson-resources-up-15-after-uncovering-395-metres-at-57-gt-gold-at-mauretania-project-tennant-creek-954035.html
993421857,20210705,202107,2021,2021.5068,COP,POLICE,,,,,,COP,,,NGA,NIGERIA,NGA,,,,,,,,1,173,173,17,4,-5.0,34,3,22,-8.70151106151208,1,Nigeria,NI,NI,10,8,NI,1,Nigeria,NI,NI,10,8,NI,1,Nigeria,NI,NI,10,8,NI,20210705,https://www.withinnigeria.com/news/2021/07/05/two-nigerians-arrested-for-allegedly-stealing-employers-money-gold-jewelry-in-libya/
993422126,20210705,202107,2021,2021.5068,LBY,LIBYA,LBY,,,,,,,,NGA,NIGERIAN,NGA,,,,,,,,1,173,173,17,4,-5.0,5,1,5,-8.77192982456144,1,Nigeria,NI,NI,10,8,NI,1,Nigeria,NI,NI,10,8,NI,1,Nigeria,NI,NI,10,8,NI,20210705,https://www.withinnigeria.com/news/2021/07/05/two-nigerians-arrested-for-allegedly-stealing-employers-money-gold-jewelry-in-libya/
993422289,20210705,202107,2021,2021.5068,SPY,OPERATIVE,,,,,,SPY,,,NGA,NIGERIA,NGA,,,,,,,,1,173,173,17,4,-5.0,1,1,1,-8.77192982456144,4,"Tripoli, Tarabulus, Libya",LY,LY61,32.8925,13.18,-3178767,1,Nigeria,NI,NI,10,8,NI,4,"Tripoli, Tarabulus, Libya",LY,LY61,32.8925,13.18,-3178767,20210705,https://www.withinnigeria.com/news/2021/07/05/two-nigerians-arrested-for-allegedly-stealing-employers-money-gold-jewelry-in-libya/
993422290,20210705,202107,2021,2021.5068,SPY,OPERATIVE,,,,,,SPY,,,NGA,NIGERIAN,NGA,,,,,,,,1,173,173,17,4,-5.0,4,1,4,-8.77192982456144,4,"Tripoli, Tarabulus, Libya",LY,LY61,32.8925,13.18,-3178767,1,Nigeria,NI,NI,10,8,NI,1,Nigeria,NI,NI,10,8,NI,20210705,https://www.withinnigeria.com/news/2021/07/05/two-nigerians-arrested-for-allegedly-stealing-employers-money-gold-jewelry-in-libya/
993422291,20210705,202107,2021,2021.5068,SPY,OPERATIVE,,,,,,SPY,,,NGA,NIGERIAN,NGA,,,,,,,,1,173,173,17,4,-5.0,3,1,3,-8.77192982456144,1,Nigeria,NI,NI,10,8,NI,1,Nigeria,NI,NI,10,8,NI,1,Nigeria,NI,NI,10,8,NI,20210705,https://www.withinnigeria.com/news/2021/07/05/two-nigerians-arrested-for-allegedly-stealing-employers-money-gold-jewelry-in-libya/
993425644,20210705,202107,2021,2021.5068,ARE,UNITED ARAB EMIRATES,ARE,,,,,,,,,,,,,,,,,,1,070,070,07,2,7.0,4,1,4,5.97014925373134,4,"Dubai, Dubayy, United Arab Emirates",AE,AE03,25.2522,55.28,-782831,0,,,,,,,4,"Dubai, Dubayy, United Arab Emirates",AE,AE03,25.2522,55.28,-782831,20210705,https://www.hoteliermiddleeast.com/people/gates-hospitalitys-naim-maadad-awarded-uae-golden-visa
993432829,20210705,202107,2021,2021.5068,COP,POLICE,,,,,,COP,,,,,,,,,,,,,1,064,064,06,2,7.0,30,2,30,-5.38527190109469,0,,,,,,,0,,,,,,,0,,,,,,,20210705,https://www.thehindu.com/news/national/kerala/karipur-gold-smuggling-case-another-car-used-by-arjun-ayanki-seized/article35142924.ece
993444250,20210705,202107,2021,2021.5068,,,,,,,,,,,USA,SUNSHINE STATE,USA,,,,,,,,1,042,042,04,1,1.9,18,1,10,-3.38983050847457,0,,,,,,,4,"Perth, Western Australia, Australia",AS,AS08,-31.9333,115.833,-1594675,4,"Perth, Western Australia, Australia",AS,AS08,-31.9333,115.833,-1594675,20210705,https://www.dailymail.co.uk/tvshowbiz/article-9756327/Jessika-Power-leaves-hotel-quarantine-Perth-fly-Gold-Coast.html
993444251,20210705,202107,2021,2021.5068,,,,,,,,,,,USA,SUNSHINE STATE,USA,,,,,,,,0,042,042,04,1,1.9,4,1,4,-3.38983050847457,0,,,,,,,4,"Perth, Western Australia, Australia",AS,AS08,-31.9333,115.833,-1594675,1,Ghana,GH,GH,8,-2,GH,20210705,https://www.dailymail.co.uk/tvshowbiz/article-9756327/Jessika-Power-leaves-hotel-quarantine-Perth-fly-Gold-Coast.html
993444252,20210705,202107,2021,2021.5068,,,,,,,,,,,USA,SUNSHINE STATE,USA,,,,,,,,1,042,042,04,1,1.9,8,1,8,-3.38983050847457,0,,,,,,,1,Ghana,GH,GH,8,-2,GH,1,Ghana,GH,GH,8,-2,GH,20210705,https://www.dailymail.co.uk/tvshowbiz/article-9756327/Jessika-Power-leaves-hotel-quarantine-Perth-fly-Gold-Coast.html
993444329,20210705,202107,2021,2021.5068,AUS,VICTORIA,AUS,,,,,,,,,,,,,,,,,,1,193,193,19,4,-10.0,20,2,20,0.6300225008036,0,,,,,,,0,,,,,,,0,,,,,,,20210705,http://www.proactiveinvestors.com.au/companies/news/954077/cauldron-engages-contractor-with-plan-for-near-term-underground-drilling-at-blackwood-gold-project-954077.html
993444332,20210705,202107,2021,2021.5068,AUS,AUSTRALIA,AUS,,,,,,,,GHA,GHANA,GHA,,,,,,,,1,036,036,03,1,4.0,8,1,8,-3.38983050847457,4,"Perth, Western Australia, Australia",AS,AS08,-31.9333,115.833,-1594675,4,"Perth, Western Australia, Australia",AS,AS08,-31.9333,115.833,-1594675,4,"Perth, Western Australia, Australia",AS,AS08,-31.9333,115.833,-1594675,20210705,https://www.dailymail.co.uk/tvshowbiz/article-9756327/Jessika-Power-leaves-hotel-quarantine-Perth-fly-Gold-Coast.html
993444333,20210705,202107,2021,2021.5068,AUS,PERTH,AUS,,,,,,,,GHA,GHANA,GHA,,,,,,,,1,036,036,03,1,4.0,6,1,6,-3.38983050847457,4,"Perth, Western Australia, Australia",AS,AS08,-31.9333,115.833,-1594675,1,Ghana,GH,GH,8,-2,GH,1,Ghana,GH,GH,8,-2,GH,20210705,https://www.dailymail.co.uk/tvshowbiz/article-9756327/Jessika-Power-leaves-hotel-quarantine-Perth-fly-Gold-Coast.html
993444356,20210705,202107,2021,2021.5068,BUS,COMPANY,,,,,,BUS,,,,,,,,,,,,,0,193,193,19,4,-10.0,10,1,10,5.6710775047259,1,Guinea,GV,GV,11,-10,GV,0,,,,,,,1,Guinea,GV,GV,11,-10,GV,20210705,http://www.proactiveinvestors.com.au/companies/news/954056/golden-rim-resources-reveals-second-high-grade-gold-shoot-at-kouri-954056.html
993444576,20210705,202107,2021,2021.5068,GIN,GUINEA,GIN,,,,,,,,,,,,,,,,,,0,010,010,01,1,0.0,4,1,4,5.6710775047259,1,Guinea,GV,GV,11,-10,GV,0,,,,,,,1,Guinea,GV,GV,11,-10,GV,20210705,http://www.proactiveinvestors.com.au/companies/news/954056/golden-rim-resources-reveals-second-high-grade-gold-shoot-at-kouri-954056.html
993444577,20210705,202107,2021,2021.5068,GIN,GUINEA,GIN,,,,,,,,,,,,,,,,,,0,193,193,19,4,-10.0,4,1,4,5.6710775047259,1,Guinea,GV,GV,11,-10,GV,0,,,,,,,1,Guinea,GV,GV,11,-10,GV,20210705,http://www.proactiveinvestors.com.au/companies/news/954056/golden-rim-resources-reveals-second-high-grade-gold-shoot-at-kouri-954056.html
993444974,20210705,202107,2021,2021.5068,USA,SUNSHINE STATE,USA,,,,,,,,,,,,,,,,,,0,043,043,04,1,2.8,16,1,10,-3.38983050847457,4,"Perth, Western Australia, Australia",AS,AS08,-31.9333,115.833,-1594675,0,,,,,,,4,"Perth, Western Australia, Australia",AS,AS08,-31.9333,115.833,-1594675,20210705,https://www.dailymail.co.uk/tvshowbiz/article-9756327/Jessika-Power-leaves-hotel-quarantine-Perth-fly-Gold-Coast.html
993444975,20210705,202107,2021,2021.5068,USA,SUNSHINE STATE,USA,,,,,,,,,,,,,,,,,,0,043,043,04,1,2.8,4,1,4,-3.38983050847457,4,"Perth, Western Australia, Australia",AS,AS08,-31.9333,115.833,-1594675,0,,,,,,,1,Ghana,GH,GH,8,-2,GH,20210705,https://www.dailymail.co.uk/tvshowbiz/article-9756327/Jessika-Power-leaves-hotel-quarantine-Perth-fly-Gold-Coast.html
993444977,20210705,202107,2021,2021.5068,USA,SUNSHINE STATE,USA,,,,,,,,,,,,,,,,,,1,043,043,04,1,2.8,10,1,10,-3.38983050847457,1,Ghana,GH,GH,8,-2,GH,0,,,,,,,1,Ghana,GH,GH,8,-2,GH,20210705,https://www.dailymail.co.uk/tvshowbiz/article-9756327/Jessika-Power-leaves-hotel-quarantine-Perth-fly-Gold-Coast.html
993445784,20210705,202107,2021,2021.5068,,,,,,,,,,,BUSMED,INDUSTRY,,,,,,BUS,MED,,0,043,043,04,1,2.8,30,2,30,-1.20155215704178,0,,,,,,,4,"Sydney, New South Wales, Australia",AS,AS02,-33.8833,151.217,-1603135,4,"Sydney, New South Wales, Australia",AS,AS02,-33.8833,151.217,-1603135,20210705,https://www.goldcoastbulletin.com.au/breaking-news/man-attacked-by-shark-at-crescent-head-beach-on-nsw-mid-north-coast/news-story/ea4462d4b28b211cda28e811d520d097?nk=e7804f6145c46ab605f9f9f041100c8a-1625478419
993446032,20210705,202107,2021,2021.5068,BUSMED,INDUSTRY,,,,,,BUS,MED,,,,,,,,,,,,0,042,042,04,1,1.9,30,2,30,-1.20155215704178,4,"Sydney, New South Wales, Australia",AS,AS02,-33.8833,151.217,-1603135,0,,,,,,,4,"Sydney, New South Wales, Australia",AS,AS02,-33.8833,151.217,-1603135,20210705,https://www.goldcoastbulletin.com.au/breaking-news/man-attacked-by-shark-at-crescent-head-beach-on-nsw-mid-north-coast/news-story/ea4462d4b28b211cda28e811d520d097?nk=e7804f6145c46ab605f9f9f041100c8a-1625478419
993446058,20210705,202107,2021,2021.5068,COP,POLICE,,,,,,COP,,,,,,,,,,,,,0,020,020,02,1,3.0,30,2,30,-1.20155215704178,4,"Sydney, New South Wales, Australia",AS,AS02,-33.8833,151.217,-1603135,0,,,,,,,4,"Sydney, New South Wales, Australia",AS,AS02,-33.8833,151.217,-1603135,20210705,https://www.goldcoastbulletin.com.au/breaking-news/man-attacked-by-shark-at-crescent-head-beach-on-nsw-mid-north-coast/news-story/ea4462d4b28b211cda28e811d520d097?nk=e7804f6145c46ab605f9f9f041100c8a-1625478419
993446121,20210705,202107,2021,2021.5068,EDU,STUDENT,,,,,,EDU,,,,,,,,,,,,,1,051,051,05,1,3.4,30,3,30,5.76311247518678,4,"Dubai, Dubayy, United Arab Emirates",AE,AE03,25.2522,55.28,-782831,0,,,,,,,4,"Dubai, Dubayy, United Arab Emirates",AE,AE03,25.2522,55.28,-782831,20210705,https://gulfnews.com/uae/education/uae-to-grant-10-year-golden-residency-to-outstanding-high-school-graduates-1.80439245
993448220,20210705,202107,2021,2021.5068,MED,WEBSITE,,,,,,MED,,,,,,,,,,,,,1,111,111,11,3,-2.0,5,1,5,4.79704797047971,4,"Sydney, New South Wales, Australia",AS,AS02,-33.8833,151.217,-1603135,0,,,,,,,4,"Sydney, New South Wales, Australia",AS,AS02,-33.8833,151.217,-1603135,20210705,https://www.wiredprnews.com/proactive-news-headlines-including-rpm-automotive-group-southern-gold-maximus-resources-and-imugene-press-release/
993451429,20210705,202107,2021,2021.5068,GHA,GHANA,GHA,,,,,,,,,,,,,,,,,,1,017,017,01,1,0.0,10,1,10,1.50602409638554,4,"Akufo, Ghana (general), Ghana",GH,GH00,5.85,-0.35,-2069039,0,,,,,,,4,"Akufo, Ghana (general), Ghana",GH,GH00,5.85,-0.35,-2069039,20210705,https://www.modernghana.com/news/1091877/gold-would-go-away-lets-develop-a-national-park.html
993455063,20210705,202107,2021,2021.5068,,,,,,,,,,,GHA,GHANA,GHA,,,,,,,,0,036,036,03,1,4.0,2,1,2,0.39735099337748,0,,,,,,,3,"Miami, Florida, United States",US,USFL,25.7743,-80.1937,295004,3,"Miami, Florida, United States",US,USFL,25.7743,-80.1937,295004,20210705,https://www.goldcoastbulletin.com.au/news/gold-coast/upper-coomera-clinic-on-gold-coast-approved-to-administer-800-covid-vaccine-doses-per-week/news-story/7a448ae270d35b7de0ed590343e12fe4?nk=bca692d3108484949c601a0235a250a2-1625482919
993455064,20210705,202107,2021,2021.5068,,,,,,,,,,,GHA,GHANA,GHA,,,,,,,,0,036,036,03,1,4.0,6,1,6,0.39735099337748,0,,,,,,,1,Ghana,GH,GH,8,-2,GH,1,Ghana,GH,GH,8,-2,GH,20210705,https://www.goldcoastbulletin.com.au/news/gold-coast/upper-coomera-clinic-on-gold-coast-approved-to-administer-800-covid-vaccine-doses-per-week/news-story/7a448ae270d35b7de0ed590343e12fe4?nk=bca692d3108484949c601a0235a250a2-1625482919
993455065,20210705,202107,2021,2021.5068,,,,,,,,,,,GOV,GOVERNMENT,,,,,,GOV,,,0,014,014,01,1,0.0,6,1,6,0.39735099337748,0,,,,,,,4,"Upper Coomera, Queensland, Australia",AS,AS04,-27.9,153.3,-1606573,3,"Miami, Florida, United States",US,USFL,25.7743,-80.1937,295004,20210705,https://www.goldcoastbulletin.com.au/news/gold-coast/upper-coomera-clinic-on-gold-coast-approved-to-administer-800-covid-vaccine-doses-per-week/news-story/7a448ae270d35b7de0ed590343e12fe4?nk=bca692d3108484949c601a0235a250a2-1625482919
993455188,20210705,202107,2021,2021.5068,AUS,AUSTRALIA,AUS,,,,,,,,,,,,,,,,,,0,010,010,01,1,0.0,4,1,4,0.39735099337748,4,"Broadbeach, Queensland, Australia",AS,AS04,-28.0167,153.433,-1561762,0,,,,,,,4,"Broadbeach, Queensland, Australia",AS,AS04,-28.0167,153.433,-1561762,20210705,https://www.goldcoastbulletin.com.au/news/gold-coast/upper-coomera-clinic-on-gold-coast-approved-to-administer-800-covid-vaccine-doses-per-week/news-story/7a448ae270d35b7de0ed590343e12fe4?nk=bca692d3108484949c601a0235a250a2-1625482919
993455190,20210705,202107,2021,2021.5068,AUS,AUSTRALIA,AUS,,,,,,,,,,,,,,,,,,1,020,020,02,1,3.0,6,1,6,0.39735099337748,1,Ghana,GH,GH,8,-2,GH,0,,,,,,,1,Ghana,GH,GH,8,-2,GH,20210705,https://www.goldcoastbulletin.com.au/news/gold-coast/upper-coomera-clinic-on-gold-coast-approved-to-administer-800-covid-vaccine-doses-per-week/news-story/7a448ae270d35b7de0ed590343e12fe4?nk=bca692d3108484949c601a0235a250a2-1625482919
993455203,20210705,202107,2021,2021.5068,AUS,AUSTRALIA,AUS,,,,,,,,GOV,GOVERNMENT,,,,,,GOV,,,0,020,020,02,1,3.0,6,1,6,0.39735099337748,4,"Broadbeach, Queensland, Australia",AS,AS04,-28.0167,153.433,-1561762,4,"Broadbeach, Queensland, Australia",AS,AS04,-28.0167,153.433,-1561762,4,"Broadbeach, Queensland, Australia",AS,AS04,-28.0167,153.433,-1561762,20210705,https://www.goldcoastbulletin.com.au/news/gold-coast/upper-coomera-clinic-on-gold-coast-approved-to-administer-800-covid-vaccine-doses-per-week/news-story/7a448ae270d35b7de0ed590343e12fe4?nk=bca692d3108484949c601a0235a250a2-1625482919
993455204,20210705,202107,2021,2021.5068,AUS,AUSTRALIA,AUS,,,,,,,,GOV,GOVERNMENT,,,,,,GOV,,,0,020,020,02,1,3.0,2,1,2,0.39735099337748,4,"Upper Coomera, Queensland, Australia",AS,AS04,-27.9,153.3,-1606573,4,"Upper Coomera, Queensland, Australia",AS,AS04,-27.9,153.3,-1606573,4,"Upper Coomera, Queensland, Australia",AS,AS04,-27.9,153.3,-1606573,20210705,https://www.goldcoastbulletin.com.au/news/gold-coast/upper-coomera-clinic-on-gold-coast-approved-to-administer-800-covid-vaccine-doses-per-week/news-story/7a448ae270d35b7de0ed590343e12fe4?nk=bca692d3108484949c601a0235a250a2-1625482919
993455208,20210705,202107,2021,2021.5068,AUS,AUSTRALIA,AUS,,,,,,,,MNCGBRHLH,ASTRAZENECA,GBR,,,,,MNC,HLH,,0,073,073,07,2,7.4,4,1,4,0.39735099337748,4,"Broadbeach, Queensland, Australia",AS,AS04,-28.0167,153.433,-1561762,4,"Broadbeach, Queensland, Australia",AS,AS04,-28.0167,153.433,-1561762,4,"Broadbeach, Queensland, Australia",AS,AS04,-28.0167,153.433,-1561762,20210705,https://www.goldcoastbulletin.com.au/news/gold-coast/upper-coomera-clinic-on-gold-coast-approved-to-administer-800-covid-vaccine-doses-per-week/news-story/7a448ae270d35b7de0ed590343e12fe4?nk=bca692d3108484949c601a0235a250a2-1625482919
993455209,20210705,202107,2021,2021.5068,AUS,AUSTRALIA,AUS,,,,,,,,MNCGBRHLH,ASTRAZENECA,GBR,,,,,MNC,HLH,,0,073,073,07,2,7.4,2,1,2,0.39735099337748,1,Ghana,GH,GH,8,-2,GH,1,Ghana,GH,GH,8,-2,GH,1,Ghana,GH,GH,8,-2,GH,20210705,https://www.goldcoastbulletin.com.au/news/gold-coast/upper-coomera-clinic-on-gold-coast-approved-to-administer-800-covid-vaccine-doses-per-week/news-story/7a448ae270d35b7de0ed590343e12fe4?nk=bca692d3108484949c601a0235a250a2-1625482919
993455537,20210705,202107,2021,2021.5068,GOV,GOVERNMENT,,,,,,GOV,,,,,,,,,,,,,0,020,020,02,1,3.0,2,1,2,0.39735099337748,4,"Broadbeach, Queensland, Australia",AS,AS04,-28.0167,153.433,-1561762,0,,,,,,,4,"Broadbeach, Queensland, Australia",AS,AS04,-28.0167,153.433,-1561762,20210705,https://www.goldcoastbulletin.com.au/news/gold-coast/upper-coomera-clinic-on-gold-coast-approved-to-administer-800-covid-vaccine-doses-per-week/news-story/7a448ae270d35b7de0ed590343e12fe4?nk=bca692d3108484949c601a0235a250a2-1625482919
993455866,20210705,202107,2021,2021.5068,MNCGBRHLH,ASTRAZENECA,GBR,,,,,MNC,HLH,,,,,,,,,,,,0,073,073,07,2,7.4,2,1,2,0.39735099337748,1,Ghana,GH,GH,8,-2,GH,0,,,,,,,1,Ghana,GH,GH,8,-2,GH,20210705,https://www.goldcoastbulletin.com.au/news/gold-coast/upper-coomera-clinic-on-gold-coast-approved-to-administer-800-covid-vaccine-doses-per-week/news-story/7a448ae270d35b7de0ed590343e12fe4?nk=bca692d3108484949c601a0235a250a2-1625482919
993456175,20210705,202107,2021,2021.5068,USA,UNITED STATES,USA,,,,,,,,GOV,GOVERNMENT,,,,,,GOV,,,0,014,014,01,1,0.0,4,1,4,0.39735099337748,3,"Miami, Florida, United States",US,USFL,25.7743,-80.1937,295004,3,"Miami, Florida, United States",US,USFL,25.7743,-80.1937,295004,3,"Miami, Florida, United States",US,USFL,25.7743,-80.1937,295004,20210705,https://www.goldcoastbulletin.com.au/news/gold-coast/upper-coomera-clinic-on-gold-coast-approved-to-administer-800-covid-vaccine-doses-per-week/news-story/7a448ae270d35b7de0ed590343e12fe4?nk=bca692d3108484949c601a0235a250a2-1625482919
993464660,20210705,202107,2021,2021.5068,BUS,INVESTOR,,,,,,BUS,,,,,,,,,,,,,0,020,020,02,1,3.0,10,1,10,0.49875311720698,1,United Arab Emirates,AE,AE,24,54,AE,0,,,,,,,1,United Arab Emirates,AE,AE,24,54,AE,20210705,https://www.marketpulse.com/20210705/oil-extends-gains-gold-edges-higher/
993470067,20210705,202107,2021,2021.5068,,,,,,,,,,,BUS,COMPANY,,,,,,BUS,,,1,190,190,19,4,-10.0,3,1,3,0.83420229405631,0,,,,,,,4,"Duparquet, Quebec, Canada",CA,CA10,48.5167,-79.2167,-563888,4,"Duparquet, Quebec, Canada",CA,CA10,48.5167,-79.2167,-563888,20210705,https://www.prnewswire.com:443/news-releases/first-mining-provides-update-on-operations-at-springpole-gold-project-301325468.html
993470241,20210705,202107,2021,2021.5068,BUS,COMPANY,,,,,,BUS,,,,,,,,,,,,,1,090,090,09,2,-2.0,10,1,10,0.83420229405631,4,"Vancouver, British Columbia, Canada",CA,CA02,49.25,-123.133,-575268,0,,,,,,,4,"Vancouver, British Columbia, Canada",CA,CA02,49.25,-123.133,-575268,20210705,https://www.prnewswire.com:443/news-releases/first-mining-provides-update-on-operations-at-springpole-gold-project-301325468.html
993470262,20210705,202107,2021,2021.5068,CAN,VANCOUVER,CAN,,,,,,,,BUS,COMPANY,,,,,,BUS,,,1,190,190,19,4,-10.0,2,1,2,0.83420229405631,4,"Duparquet, Quebec, Canada",CA,CA10,48.5167,-79.2167,-563888,4,"Duparquet, Quebec, Canada",CA,CA10,48.5167,-79.2167,-563888,4,"Duparquet, Quebec, Canada",CA,CA10,48.5167,-79.2167,-563888,20210705,https://www.prnewswire.com:443/news-releases/first-mining-provides-update-on-operations-at-springpole-gold-project-301325468.html
993470393,20210705,202107,2021,2021.5068,DEU,FRANKFURT,DEU,,,,,,,,BUS,COMPANY,,,,,,BUS,,,1,190,190,19,4,-10.0,5,1,5,0.83420229405631,4,"Duparquet, Quebec, Canada",CA,CA10,48.5167,-79.2167,-563888,4,"Duparquet, Quebec, Canada",CA,CA10,48.5167,-79.2167,-563888,4,"Duparquet, Quebec, Canada",CA,CA10,48.5167,-79.2167,-563888,20210705,https://www.prnewswire.com:443/news-releases/first-mining-provides-update-on-operations-at-springpole-gold-project-301325468.html
993472141,20210705,202107,2021,2021.5068,,,,,,,,,,,BUS,COMPANY,,,,,,BUS,,,1,040,040,04,1,1.0,10,1,10,0.64655172413794,0,,,,,,,2,"Massachusetts, United States",US,USMA,42.2373,-71.5314,MA,2,"Massachusetts, United States",US,USMA,42.2373,-71.5314,MA,20210705,https://www.clinicaltrialsarena.com/news/eqt-goldman-buy-parexel/
993472314,20210705,202107,2021,2021.5068,BUS,COMPANY,,,,,,BUS,,,,,,,,,,,,,1,040,040,04,1,1.0,10,1,10,0.64655172413794,2,"Massachusetts, United States",US,USMA,42.2373,-71.5314,MA,0,,,,,,,2,"Massachusetts, United States",US,USMA,42.2373,-71.5314,MA,20210705,https://www.clinicaltrialsarena.com/news/eqt-goldman-buy-parexel/
993473972,20200705,202007,2020,2020.5068,AUS,AUSTRALIA,AUS,,,,,,,,AUSCRM,AUSTRALIA,AUS,,,,,CRM,,,1,193,193,19,4,-10.0,2,1,2,-7.03517587939699,4,"Pimpama, Queensland, Australia",AS,AS04,-27.8167,153.3,-1595053,4,"Pimpama, Queensland, Australia",AS,AS04,-27.8167,153.3,-1595053,4,"Pimpama, Queensland, Australia",AS,AS04,-27.8167,153.3,-1595053,20210705,https://www.geelongadvertiser.com.au/breaking-news/unit-complex-cctv-camera-captures-moment-two-men-shoot-gold-coast-bikie-dead-in-hail-of-bullets/news-story/14ba0c51957fab24acb0eba63e07c7c3?nk=017233aff99ca40669c973d56c259beb-1625491950
993473974,20200705,202007,2020,2020.5068,AUS,AUSTRALIA,AUS,,,,,,,,CRM,KILLERS,,,,,,CRM,,,1,193,193,19,4,-10.0,4,1,4,-7.03517587939699,4,"Pimpama, Queensland, Australia",AS,AS04,-27.8167,153.3,-1595053,4,"Pimpama, Queensland, Australia",AS,AS04,-27.8167,153.3,-1595053,4,"Pimpama, Queensland, Australia",AS,AS04,-27.8167,153.3,-1595053,20210705,https://www.geelongadvertiser.com.au/breaking-news/unit-complex-cctv-camera-captures-moment-two-men-shoot-gold-coast-bikie-dead-in-hail-of-bullets/news-story/14ba0c51957fab24acb0eba63e07c7c3?nk=017233aff99ca40669c973d56c259beb-1625491950
993473976,20200705,202007,2020,2020.5068,COP,POLICE,,,,,,COP,,,AUSCRM,AUSTRALIA,AUS,,,,,CRM,,,1,084,084,08,2,7.0,2,1,2,-7.03517587939699,4,"Pimpama, Queensland, Australia",AS,AS04,-27.8167,153.3,-1595053,4,"Pimpama, Queensland, Australia",AS,AS04,-27.8167,153.3,-1595053,4,"Pimpama, Queensland, Australia",AS,AS04,-27.8167,153.3,-1595053,20210705,https://www.geelongadvertiser.com.au/breaking-news/unit-complex-cctv-camera-captures-moment-two-men-shoot-gold-coast-bikie-dead-in-hail-of-bullets/news-story/14ba0c51957fab24acb0eba63e07c7c3?nk=017233aff99ca40669c973d56c259beb-1625491950
993473977,20200705,202007,2020,2020.5068,COP,POLICE,,,,,,COP,,,AUSCRM,AUSTRALIA,AUS,,,,,CRM,,,1,173,173,17,4,-5.0,2,1,2,-7.03517587939699,4,"Pimpama, Queensland, Australia",AS,AS04,-27.8167,153.3,-1595053,4,"Pimpama, Queensland, Australia",AS,AS04,-27.8167,153.3,-1595053,4,"Pimpama, Queensland, Australia",AS,AS04,-27.8167,153.3,-1595053,20210705,https://www.geelongadvertiser.com.au/breaking-news/unit-complex-cctv-camera-captures-moment-two-men-shoot-gold-coast-bikie-dead-in-hail-of-bullets/news-story/14ba0c51957fab24acb0eba63e07c7c3?nk=017233aff99ca40669c973d56c259beb-1625491950
993473978,20200705,202007,2020,2020.5068,COP,POLICE,,,,,,COP,,,CRM,KILLERS,,,,,,CRM,,,1,084,084,08,2,7.0,2,1,2,-7.03517587939699,4,"Pimpama, Queensland, Australia",AS,AS04,-27.8167,153.3,-1595053,4,"Pimpama, Queensland, Australia",AS,AS04,-27.8167,153.3,-1595053,4,"Pimpama, Queensland, Australia",AS,AS04,-27.8167,153.3,-1595053,20210705,https://www.geelongadvertiser.com.au/breaking-news/unit-complex-cctv-camera-captures-moment-two-men-shoot-gold-coast-bikie-dead-in-hail-of-bullets/news-story/14ba0c51957fab24acb0eba63e07c7c3?nk=017233aff99ca40669c973d56c259beb-1625491950
993473979,20200705,202007,2020,2020.5068,COP,POLICE,,,,,,COP,,,CRM,KILLERS,,,,,,CRM,,,1,084,084,08,2,7.0,6,1,6,-7.03517587939699,4,"Wanora, Queensland, Australia",AS,AS04,-27.5167,152.667,-1607763,4,"Wanora, Queensland, Australia",AS,AS04,-27.5167,152.667,-1607763,4,"Wanora, Queensland, Australia",AS,AS04,-27.5167,152.667,-1607763,20210705,https://www.geelongadvertiser.com.au/breaking-news/unit-complex-cctv-camera-captures-moment-two-men-shoot-gold-coast-bikie-dead-in-hail-of-bullets/news-story/14ba0c51957fab24acb0eba63e07c7c3?nk=017233aff99ca40669c973d56c259beb-1625491950
993473980,20200705,202007,2020,2020.5068,COP,POLICE,,,,,,COP,,,CRM,KILLERS,,,,,,CRM,,,1,173,173,17,4,-5.0,2,1,2,-7.03517587939699,4,"Pimpama, Queensland, Australia",AS,AS04,-27.8167,153.3,-1595053,4,"Pimpama, Queensland, Australia",AS,AS04,-27.8167,153.3,-1595053,4,"Pimpama, Queensland, Australia",AS,AS04,-27.8167,153.3,-1595053,20210705,https://www.geelongadvertiser.com.au/breaking-news/unit-complex-cctv-camera-captures-moment-two-men-shoot-gold-coast-bikie-dead-in-hail-of-bullets/news-story/14ba0c51957fab24acb0eba63e07c7c3?nk=017233aff99ca40669c973d56c259beb-1625491950
993473981,20200705,202007,2020,2020.5068,COP,POLICE,,,,,,COP,,,CRM,KILLERS,,,,,,CRM,,,1,173,173,17,4,-5.0,6,1,6,-7.03517587939699,1,Ghana,GH,GH,8,-2,GH,4,"Pimpama, Queensland, Australia",AS,AS04,-27.8167,153.3,-1595053,4,"Pimpama, Queensland, Australia",AS,AS04,-27.8167,153.3,-1595053,20210705,https://www.geelongadvertiser.com.au/breaking-news/unit-complex-cctv-camera-captures-moment-two-men-shoot-gold-coast-bikie-dead-in-hail-of-bullets/news-story/14ba0c51957fab24acb0eba63e07c7c3?nk=017233aff99ca40669c973d56c259beb-1625491950
993473982,20200705,202007,2020,2020.5068,COP,POLICE,,,,,,COP,,,CRM,KILLERS,,,,,,CRM,,,1,193,193,19,4,-10.0,2,1,2,-7.03517587939699,1,Ghana,GH,GH,8,-2,GH,4,"Pimpama, Queensland, Australia",AS,AS04,-27.8167,153.3,-1595053,4,"Pimpama, Queensland, Australia",AS,AS04,-27.8167,153.3,-1595053,20210705,https://www.geelongadvertiser.com.au/breaking-news/unit-complex-cctv-camera-captures-moment-two-men-shoot-gold-coast-bikie-dead-in-hail-of-bullets/news-story/14ba0c51957fab24acb0eba63e07c7c3?nk=017233aff99ca40669c973d56c259beb-1625491950
993474021,20210705,202107,2021,2021.5068,,,,,,,,,,,AUS,AUSTRALIA,AUS,,,,,,,,0,193,193,19,4,-10.0,1,1,1,-7.03517587939699,0,,,,,,,4,"Pimpama, Queensland, Australia",AS,AS04,-27.8167,153.3,-1595053,4,"Pimpama, Queensland, Australia",AS,AS04,-27.8167,153.3,-1595053,20210705,https://www.geelongadvertiser.com.au/breaking-news/unit-complex-cctv-camera-captures-moment-two-men-shoot-gold-coast-bikie-dead-in-hail-of-bullets/news-story/14ba0c51957fab24acb0eba63e07c7c3?nk=017233aff99ca40669c973d56c259beb-1625491950
993474022,20210705,202107,2021,2021.5068,,,,,,,,,,,AUS,AUSTRALIA,AUS,,,,,,,,0,193,193,19,4,-10.0,1,1,1,-7.03517587939699,0,,,,,,,4,"Pimpama, Queensland, Australia",AS,AS04,-27.8167,153.3,-1595053,4,"Wanora, Queensland, Australia",AS,AS04,-27.5167,152.667,-1607763,20210705,https://www.geelongadvertiser.com.au/breaking-news/unit-complex-cctv-camera-captures-moment-two-men-shoot-gold-coast-bikie-dead-in-hail-of-bullets/news-story/14ba0c51957fab24acb0eba63e07c7c3?nk=017233aff99ca40669c973d56c259beb-1625491950
993474156,20210705,202107,2021,2021.5068,AUS,AUSTRALIA,AUS,,,,,,,,,,,,,,,,,,0,193,193,19,4,-10.0,1,1,1,-7.03517587939699,4,"Pimpama, Queensland, Australia",AS,AS04,-27.8167,153.3,-1595053,0,,,,,,,4,"Pimpama, Queensland, Australia",AS,AS04,-27.8167,153.3,-1595053,20210705,https://www.geelongadvertiser.com.au/breaking-news/unit-complex-cctv-camera-captures-moment-two-men-shoot-gold-coast-bikie-dead-in-hail-of-bullets/news-story/14ba0c51957fab24acb0eba63e07c7c3?nk=017233aff99ca40669c973d56c259beb-1625491950
993474157,20210705,202107,2021,2021.5068,AUS,AUSTRALIA,AUS,,,,,,,,,,,,,,,,,,0,193,193,19,4,-10.0,1,1,1,-7.03517587939699,4,"Pimpama, Queensland, Australia",AS,AS04,-27.8167,153.3,-1595053,0,,,,,,,4,"Wanora, Queensland, Australia",AS,AS04,-27.5167,152.667,-1607763,20210705,https://www.geelongadvertiser.com.au/breaking-news/unit-complex-cctv-camera-captures-moment-two-men-shoot-gold-coast-bikie-dead-in-hail-of-bullets/news-story/14ba0c51957fab24acb0eba63e07c7c3?nk=017233aff99ca40669c973d56c259beb-1625491950
993474280,20210705,202107,2021,2021.5068,COP,POLICE,,,,,,COP,,,,,,,,,,,,,0,084,084,08,2,7.0,3,1,3,-7.03517587939699,4,"Wanora, Queensland, Australia",AS,AS04,-27.5167,152.667,-1607763,0,,,,,,,4,"Wanora, Queensland, Australia",AS,AS04,-27.5167,152.667,-1607763,20210705,https://www.geelongadvertiser.com.au/breaking-news/unit-complex-cctv-camera-captures-moment-two-men-shoot-gold-coast-bikie-dead-in-hail-of-bullets/news-story/14ba0c51957fab24acb0eba63e07c7c3?nk=017233aff99ca40669c973d56c259beb-1625491950
993474291,20210705,202107,2021,2021.5068,COP,POLICE,,,,,,COP,,,,,,,,,,,,,0,192,192,19,4,-9.5,1,1,1,-7.03517587939699,4,"Wanora, Queensland, Australia",AS,AS04,-27.5167,152.667,-1607763,0,,,,,,,4,"Wanora, Queensland, Australia",AS,AS04,-27.5167,152.667,-1607763,20210705,https://www.geelongadvertiser.com.au/breaking-news/unit-complex-cctv-camera-captures-moment-two-men-shoot-gold-coast-bikie-dead-in-hail-of-bullets/news-story/14ba0c51957fab24acb0eba63e07c7c3?nk=017233aff99ca40669c973d56c259beb-1625491950
993474294,20210705,202107,2021,2021.5068,COP,POLICE,,,,,,COP,,,AUS,AUSTRALIA,AUS,,,,,,,,0,192,192,19,4,-9.5,1,1,1,-7.03517587939699,4,"Brisbane, Queensland, Australia",AS,AS04,-27.5,153.017,-1561728,4,"Brisbane, Queensland, Australia",AS,AS04,-27.5,153.017,-1561728,4,"Brisbane, Queensland, Australia",AS,AS04,-27.5,153.017,-1561728,20210705,https://www.geelongadvertiser.com.au/breaking-news/unit-complex-cctv-camera-captures-moment-two-men-shoot-gold-coast-bikie-dead-in-hail-of-bullets/news-story/14ba0c51957fab24acb0eba63e07c7c3?nk=017233aff99ca40669c973d56c259beb-1625491950
993474295,20210705,202107,2021,2021.5068,COP,POLICE,,,,,,COP,,,AUS,AUSTRALIA,AUS,,,,,,,,0,192,192,19,4,-9.5,3,1,3,-7.03517587939699,4,"Wanora, Queensland, Australia",AS,AS04,-27.5167,152.667,-1607763,4,"Wanora, Queensland, Australia",AS,AS04,-27.5167,152.667,-1607763,4,"Wanora, Queensland, Australia",AS,AS04,-27.5167,152.667,-1607763,20210705,https://www.geelongadvertiser.com.au/breaking-news/unit-complex-cctv-camera-captures-moment-two-men-shoot-gold-coast-bikie-dead-in-hail-of-bullets/news-story/14ba0c51957fab24acb0eba63e07c7c3?nk=017233aff99ca40669c973d56c259beb-1625491950
993474422,20210705,202107,2021,2021.5068,ESP,SIERRA NEVADA,ESP,,,,,,,,,,,,,,,,,,0,071,071,07,2,7.4,2,1,2,1.92307692307693,3,"Sierra Nevada, California, United States",US,USCA,36.5785,-118.293,253582,0,,,,,,,3,"Sierra Nevada, California, United States",US,USCA,36.5785,-118.293,253582,20210705,https://goldrushcam.com/sierrasuntimes/index.php/news/local-news/30921-sierra-nevada-conservancy-announces-watershed-improvement-program-builds-capacity-in-eastern-sierra
993476832,20210705,202107,2021,2021.5068,USA,UNITED STATES,USA,,,,,,,,LAB,WORKER,,,,,,LAB,,,0,015,015,01,1,0.0,4,1,4,-1.32645541635962,3,"San Francisco, California, United States",US,USCA,37.7749,-122.419,277593,3,"San Francisco, California, United States",US,USCA,37.7749,-122.419,277593,3,"San Francisco, California, United States",US,USCA,37.7749,-122.419,277593,20210705,https://www.sfgate.com/essays/article/End-of-the-Golden-Gate-book-review-16281983.php
993477766,20210705,202107,2021,2021.5068,,,,,,,,,,,LEG,CONGRESS,,,,,,LEG,,,1,030,030,03,1,4.0,5,1,5,3.57995226730311,0,,,,,,,2,"Maine, United States",US,USME,44.6074,-69.3977,ME,2,"Maine, United States",US,USME,44.6074,-69.3977,ME,20210705,https://madisonrecord.com/stories/605331252-representative-rodney-l-davis-il-13-national-fraternal-order-of-police-supports-davis-golden-gun-safety-legislation
993477987,20210705,202107,2021,2021.5068,COP,POLICE,,,,,,COP,,,USA,UNITED STATES,USA,,,,,,,,1,051,051,05,1,3.4,1,1,1,3.57995226730311,2,"Maine, United States",US,USME,44.6074,-69.3977,ME,2,"Maine, United States",US,USME,44.6074,-69.3977,ME,2,"Maine, United States",US,USME,44.6074,-69.3977,ME,20210705,https://madisonrecord.com/stories/605331252-representative-rodney-l-davis-il-13-national-fraternal-order-of-police-supports-davis-golden-gun-safety-legislation
993478336,20210705,202107,2021,2021.5068,GOV,PRESIDENT,,,,,,GOV,,,LEG,REPRESENTATIVES,,,,,,LEG,,,1,051,051,05,1,3.4,8,1,8,3.57995226730311,2,"Maine, United States",US,USME,44.6074,-69.3977,ME,2,"Maine, United States",US,USME,44.6074,-69.3977,ME,2,"Maine, United States",US,USME,44.6074,-69.3977,ME,20210705,https://madisonrecord.com/stories/605331252-representative-rodney-l-davis-il-13-national-fraternal-order-of-police-supports-davis-golden-gun-safety-legislation
993478369,20210705,202107,2021,2021.5068,GOV,PRESIDENT,,,,,,GOV,,,USA,MAINE,USA,,,,,,,,1,020,020,02,1,3.0,16,2,16,0.00426184793727002,2,"Maine, United States",US,USME,44.6074,-69.3977,ME,2,"Maine, United States",US,USME,44.6074,-69.3977,ME,2,"Maine, United States",US,USME,44.6074,-69.3977,ME,20210705,https://madisonrecord.com/stories/605331252-representative-rodney-l-davis-il-13-national-fraternal-order-of-police-supports-davis-golden-gun-safety-legislation
993478370,20210705,202107,2021,2021.5068,GOV,PRESIDENT,,,,,,GOV,,,USA,MAINE,USA,,,,,,,,1,046,046,04,1,7.0,8,1,8,3.57995226730311,2,"Maine, United States",US,USME,44.6074,-69.3977,ME,2,"Maine, United States",US,USME,44.6074,-69.3977,ME,2,"Maine, United States",US,USME,44.6074,-69.3977,ME,20210705,https://madisonrecord.com/stories/605331252-representative-rodney-l-davis-il-13-national-fraternal-order-of-police-supports-davis-golden-gun-safety-legislation
993479034,20210705,202107,2021,2021.5068,USA,UNITED STATES,USA,,,,,,,,COP,POLICE,,,,,,COP,,,1,020,020,02,1,3.0,2,1,2,3.57995226730311,2,"Maine, United States",US,USME,44.6074,-69.3977,ME,2,"Maine, United States",US,USME,44.6074,-69.3977,ME,2,"Maine, United States",US,USME,44.6074,-69.3977,ME,20210705,https://madisonrecord.com/stories/605331252-representative-rodney-l-davis-il-13-national-fraternal-order-of-police-supports-davis-golden-gun-safety-legislation
993479048,20210705,202107,2021,2021.5068,USA,MAINE,USA,,,,,,,,GOV,PRESIDENT,,,,,,GOV,,,1,046,046,04,1,7.0,8,1,8,3.57995226730311,2,"Maine, United States",US,USME,44.6074,-69.3977,ME,2,"Maine, United States",US,USME,44.6074,-69.3977,ME,2,"Maine, United States",US,USME,44.6074,-69.3977,ME,20210705,https://madisonrecord.com/stories/605331252-representative-rodney-l-davis-il-13-national-fraternal-order-of-police-supports-davis-golden-gun-safety-legislation
993479117,20210705,202107,2021,2021.5068,USAGOV,UNITED STATES,USA,,,,,GOV,,,LEG,REPRESENTATIVES,,,,,,LEG,,,1,051,051,05,1,3.4,2,1,2,3.57995226730311,2,"Maine, United States",US,USME,44.6074,-69.3977,ME,2,"Maine, United States",US,USME,44.6074,-69.3977,ME,2,"Maine, United States",US,USME,44.6074,-69.3977,ME,20210705,https://madisonrecord.com/stories/605331252-representative-rodney-l-davis-il-13-national-fraternal-order-of-police-supports-davis-golden-gun-safety-legislation
993480146,20210705,202107,2021,2021.5068,BUS,COMPANY,,,,,,BUS,,,,,,,,,,,,,1,090,090,09,2,-2.0,10,1,10,0.66037735849056,4,"Duparquet, Quebec, Canada",CA,CA10,48.5167,-79.2167,-563888,0,,,,,,,4,"Duparquet, Quebec, Canada",CA,CA10,48.5167,-79.2167,-563888,20210705,https://www.marketscreener.com/quote/stock/FIRST-MINING-GOLD-CORP-42378511/news/First-Mining-Gold-nbsp-Provides-Update-on-Operations-at-Springpole-Gold-Project-35791455/
993480165,20210705,202107,2021,2021.5068,CAN,ONTARIO,CAN,,,,,,,,MNC,NEWMONT CORPORATION,,,,,,MNC,,,0,057,057,05,1,8.0,10,2,10,1.38699846135638,1,United Kingdom,UK,UK,54,-4,UK,1,United Kingdom,UK,UK,54,-4,UK,1,United Kingdom,UK,UK,54,-4,UK,20210705,https://www.finanznachrichten.de/nachrichten-2021-07/53328565-metals-creek-resources-corp-metals-creek-reports-dl-21-014-returns-4-08-g-t-gold-over-20-85-meters-including-13-1-g-t-gold-over-2-meters-in-main-zon-296.htm
993480685,20210705,202107,2021,2021.5068,MNC,NEWMONT CORPORATION,,,,,,MNC,,,CAN,ONTARIO,CAN,,,,,,,,0,057,057,05,1,8.0,10,2,10,1.38699846135638,1,United Kingdom,UK,UK,54,-4,UK,1,United Kingdom,UK,UK,54,-4,UK,1,United Kingdom,UK,UK,54,-4,UK,20210705,https://www.finanznachrichten.de/nachrichten-2021-07/53328565-metals-creek-resources-corp-metals-creek-reports-dl-21-014-returns-4-08-g-t-gold-over-20-85-meters-including-13-1-g-t-gold-over-2-meters-in-main-zon-296.htm
993484239,20210705,202107,2021,2021.5068,BUS,COMPANY,,,,,,BUS,,,,,,,,,,,,,0,020,020,02,1,3.0,3,1,3,0.36563071297989,4,"Helensvale, Queensland, Australia",AS,AS04,-27.9258,153.329,11430491,0,,,,,,,4,"Helensvale, Queensland, Australia",AS,AS04,-27.9258,153.329,11430491,20210705,https://www.goldcoastbulletin.com.au/business/gold-coast-business/teen-entrepreneur-19-launches-fine-earner-with-his-own-name-brand-watch-company/news-story/5964f92ed7319ecb2ec91316d942e10c?nk=31d0d2ba422d9a1a303c54b9c7a68c8e-1625496481
993484240,20210705,202107,2021,2021.5068,BUS,COMPANY,,,,,,BUS,,,,,,,,,,,,,0,020,020,02,1,3.0,2,1,2,0.36563071297989,4,"Helensvale, Queensland, Australia",AS,AS04,-27.9258,153.329,11430491,0,,,,,,,1,Italy,IT,IT,42.833333,12.833333,IT,20210705,https://www.goldcoastbulletin.com.au/business/gold-coast-business/teen-entrepreneur-19-launches-fine-earner-with-his-own-name-brand-watch-company/news-story/5964f92ed7319ecb2ec91316d942e10c?nk=31d0d2ba422d9a1a303c54b9c7a68c8e-1625496481
993484250,20210705,202107,2021,2021.5068,BUS,ENTREPRENEUR,,,,,,BUS,,,,,,,,,,,,,1,111,111,11,3,-2.0,2,1,2,0.36563071297989,4,"Helensvale, Queensland, Australia",AS,AS04,-27.9258,153.329,11430491,0,,,,,,,4,"Helensvale, Queensland, Australia",AS,AS04,-27.9258,153.329,11430491,20210705,https://www.goldcoastbulletin.com.au/business/gold-coast-business/teen-entrepreneur-19-launches-fine-earner-with-his-own-name-brand-watch-company/news-story/5964f92ed7319ecb2ec91316d942e10c?nk=31d0d2ba422d9a1a303c54b9c7a68c8e-1625496481
993484251,20210705,202107,2021,2021.5068,BUS,ENTREPRENEUR,,,,,,BUS,,,,,,,,,,,,,1,111,111,11,3,-2.0,8,1,8,0.36563071297989,4,"Helensvale, Queensland, Australia",AS,AS04,-27.9258,153.329,11430491,0,,,,,,,1,Switzerland,SZ,SZ,47,8,SZ,20210705,https://www.goldcoastbulletin.com.au/business/gold-coast-business/teen-entrepreneur-19-launches-fine-earner-with-his-own-name-brand-watch-company/news-story/5964f92ed7319ecb2ec91316d942e10c?nk=31d0d2ba422d9a1a303c54b9c7a68c8e-1625496481
993484260,20210705,202107,2021,2021.5068,BUS,COMPANY,,,,,,BUS,,,AUS,AUSTRALIA,AUS,,,,,,,,0,020,020,02,1,3.0,3,1,3,0.36563071297989,4,"Helensvale, Queensland, Australia",AS,AS04,-27.9258,153.329,11430491,4,"Helensvale, Queensland, Australia",AS,AS04,-27.9258,153.329,11430491,4,"Helensvale, Queensland, Australia",AS,AS04,-27.9258,153.329,11430491,20210705,https://www.goldcoastbulletin.com.au/business/gold-coast-business/teen-entrepreneur-19-launches-fine-earner-with-his-own-name-brand-watch-company/news-story/5964f92ed7319ecb2ec91316d942e10c?nk=31d0d2ba422d9a1a303c54b9c7a68c8e-1625496481
993484261,20210705,202107,2021,2021.5068,BUS,COMPANY,,,,,,BUS,,,AUS,AUSTRALIA,AUS,,,,,,,,0,020,020,02,1,3.0,2,1,2,0.36563071297989,4,"Helensvale, Queensland, Australia",AS,AS04,-27.9258,153.329,11430491,4,"Helensvale, Queensland, Australia",AS,AS04,-27.9258,153.329,11430491,1,Italy,IT,IT,42.833333,12.833333,IT,20210705,https://www.goldcoastbulletin.com.au/business/gold-coast-business/teen-entrepreneur-19-launches-fine-earner-with-his-own-name-brand-watch-company/news-story/5964f92ed7319ecb2ec91316d942e10c?nk=31d0d2ba422d9a1a303c54b9c7a68c8e-1625496481
993484267,20210705,202107,2021,2021.5068,BUS,BUSINESS,,,,,,BUS,,,CHE,SWISS,CHE,,,,,,,,0,020,020,02,1,3.0,2,1,2,0.36563071297989,4,"Helensvale, Queensland, Australia",AS,AS04,-27.9258,153.329,11430491,4,"Helensvale, Queensland, Australia",AS,AS04,-27.9258,153.329,11430491,4,"Helensvale, Queensland, Australia",AS,AS04,-27.9258,153.329,11430491,20210705,https://www.goldcoastbulletin.com.au/business/gold-coast-business/teen-entrepreneur-19-launches-fine-earner-with-his-own-name-brand-watch-company/news-story/5964f92ed7319ecb2ec91316d942e10c?nk=31d0d2ba422d9a1a303c54b9c7a68c8e-1625496481
993484268,20210705,202107,2021,2021.5068,BUS,BUSINESS,,,,,,BUS,,,CHE,SWISS,CHE,,,,,,,,0,192,192,19,4,-9.5,2,1,2,0.36563071297989,4,"Helensvale, Queensland, Australia",AS,AS04,-27.9258,153.329,11430491,4,"Helensvale, Queensland, Australia",AS,AS04,-27.9258,153.329,11430491,4,"Helensvale, Queensland, Australia",AS,AS04,-27.9258,153.329,11430491,20210705,https://www.goldcoastbulletin.com.au/business/gold-coast-business/teen-entrepreneur-19-launches-fine-earner-with-his-own-name-brand-watch-company/news-story/5964f92ed7319ecb2ec91316d942e10c?nk=31d0d2ba422d9a1a303c54b9c7a68c8e-1625496481
993484269,20210705,202107,2021,2021.5068,BUS,BUSINESS,,,,,,BUS,,,CHE,SWISS,CHE,,,,,,,,0,192,192,19,4,-9.5,8,1,8,0.36563071297989,1,Switzerland,SZ,SZ,47,8,SZ,1,Switzerland,SZ,SZ,47,8,SZ,1,Switzerland,SZ,SZ,47,8,SZ,20210705,https://www.goldcoastbulletin.com.au/business/gold-coast-business/teen-entrepreneur-19-launches-fine-earner-with-his-own-name-brand-watch-company/news-story/5964f92ed7319ecb2ec91316d942e10c?nk=31d0d2ba422d9a1a303c54b9c7a68c8e-1625496481
993489996,20210705,202107,2021,2021.5068,,,,,,,,,,,BEL,ANTWERP,BEL,,,,,,,,0,061,061,06,2,6.4,10,1,10,-0.29556650246306,0,,,,,,,1,Aruba,AA,AA,12.5,-69.966667,AA,1,Aruba,AA,AA,12.5,-69.966667,AA,20210705,https://www.curacaochronicle.com/post/local/the-netherlands-and-the-united-states-on-the-trail-of-gold-smuggled-from-venezuela/
993490058,20210705,202107,2021,2021.5068,,,,,,,,,,,NLDJUD,DUTCH,NLD,,,,,JUD,,,0,112,112,11,3,-2.0,16,1,16,-0.29556650246306,0,,,,,,,1,Netherlands,NL,NL,52.5,5.75,NL,1,Netherlands,NL,NL,52.5,5.75,NL,20210705,https://www.curacaochronicle.com/post/local/the-netherlands-and-the-united-states-on-the-trail-of-gold-smuggled-from-venezuela/
993490185,20210705,202107,2021,2021.5068,BUS,COMPANY,,,,,,BUS,,,USA,FLORIDA,USA,,,,,,,,1,010,010,01,1,0.0,6,1,6,-0.29556650246306,1,Venezuela,VE,VE,8,-66,VE,1,Venezuela,VE,VE,8,-66,VE,1,Aruba,AA,AA,12.5,-69.966667,AA,20210705,https://www.curacaochronicle.com/post/local/the-netherlands-and-the-united-states-on-the-trail-of-gold-smuggled-from-venezuela/
993490383,20210705,202107,2021,2021.5068,GOV,PRESIDENT,,,,,,GOV,,,BUS,COMPANY,,,,,,BUS,,,1,010,010,01,1,0.0,6,1,6,-0.29556650246306,1,Venezuela,VE,VE,8,-66,VE,1,Venezuela,VE,VE,8,-66,VE,1,Aruba,AA,AA,12.5,-69.966667,AA,20210705,https://www.curacaochronicle.com/post/local/the-netherlands-and-the-united-states-on-the-trail-of-gold-smuggled-from-venezuela/
993490700,20210705,202107,2021,2021.5068,NLD,DUTCH,NLD,,,,,,,,NLDJUD,NETHERLANDS,NLD,,,,,JUD,,,0,112,112,11,3,-2.0,4,1,4,-0.29556650246306,1,Netherlands,NL,NL,52.5,5.75,NL,1,Netherlands,NL,NL,52.5,5.75,NL,1,Netherlands,NL,NL,52.5,5.75,NL,20210705,https://www.curacaochronicle.com/post/local/the-netherlands-and-the-united-states-on-the-trail-of-gold-smuggled-from-venezuela/
993490707,20210705,202107,2021,2021.5068,PAN,PANAMANIAN,PAN,,,,,,,,BUS,BANK,,,,,,BUS,,,0,045,045,04,1,5.0,2,1,2,-0.29556650246306,1,Colombia,CO,CO,4,-72,CO,1,Panama,PM,PM,9,-80,PM,1,Panama,PM,PM,9,-80,PM,20210705,https://www.curacaochronicle.com/post/local/the-netherlands-and-the-united-states-on-the-trail-of-gold-smuggled-from-venezuela/
993490708,20210705,202107,2021,2021.5068,PAN,PANAMANIAN,PAN,,,,,,,,BUS,BANK,,,,,,BUS,,,0,045,045,04,1,5.0,2,1,2,-0.29556650246306,1,Panama,PM,PM,9,-80,PM,3,"Miami International Airport, Florida, United States",US,USFL,25.7955,-80.2765,309683,1,Panama,PM,PM,9,-80,PM,20210705,https://www.curacaochronicle.com/post/local/the-netherlands-and-the-united-states-on-the-trail-of-gold-smuggled-from-venezuela/
993490709,20210705,202107,2021,2021.5068,PAN,PANAMANIAN,PAN,,,,,,,,BUS,BANK,,,,,,BUS,,,0,045,045,04,1,5.0,12,1,12,-0.29556650246306,1,Panama,PM,PM,9,-80,PM,1,Panama,PM,PM,9,-80,PM,1,Panama,PM,PM,9,-80,PM,20210705,https://www.curacaochronicle.com/post/local/the-netherlands-and-the-united-states-on-the-trail-of-gold-smuggled-from-venezuela/
993490875,20210705,202107,2021,2021.5068,USA,UNITED STATES,USA,,,,,,,,CYM,CAYMAN ISLAND,CYM,,,,,,,,1,0874,087,08,2,10.0,8,1,8,-0.29556650246306,3,"Miami International Airport, Florida, United States",US,USFL,25.7955,-80.2765,309683,1,Cayman Islands,CJ,CJ,19.5,-80.666667,CJ,3,"Miami International Airport, Florida, United States",US,USFL,25.7955,-80.2765,309683,20210705,https://www.curacaochronicle.com/post/local/the-netherlands-and-the-united-states-on-the-trail-of-gold-smuggled-from-venezuela/
993490876,20210705,202107,2021,2021.5068,USA,MIAMI,USA,,,,,,,,CYM,CAYMAN ISLAND,CYM,,,,,,,,1,0874,087,08,2,10.0,6,1,6,-0.29556650246306,3,"Miami International Airport, Florida, United States",US,USFL,25.7955,-80.2765,309683,1,Cayman Islands,CJ,CJ,19.5,-80.666667,CJ,1,Cayman Islands,CJ,CJ,19.5,-80.666667,CJ,20210705,https://www.curacaochronicle.com/post/local/the-netherlands-and-the-united-states-on-the-trail-of-gold-smuggled-from-venezuela/
993490877,20210705,202107,2021,2021.5068,USA,MIAMI,USA,,,,,,,,CYM,CAYMAN ISLAND,CYM,,,,,,,,1,0874,087,08,2,10.0,2,1,2,-0.29556650246306,1,Cayman Islands,CJ,CJ,19.5,-80.666667,CJ,3,"Miami International Airport, Florida, United States",US,USFL,25.7955,-80.2765,309683,3,"Miami International Airport, Florida, United States",US,USFL,25.7955,-80.2765,309683,20210705,https://www.curacaochronicle.com/post/local/the-netherlands-and-the-united-states-on-the-trail-of-gold-smuggled-from-venezuela/
993490946,20210705,202107,2021,2021.5068,VEN,VENEZUELA,VEN,,,,,,,,,,,,,,,,,,0,120,120,12,3,-4.0,20,1,20,-0.29556650246306,1,Venezuela,VE,VE,8,-66,VE,0,,,,,,,1,Venezuela,VE,VE,8,-66,VE,20210705,https://www.curacaochronicle.com/post/local/the-netherlands-and-the-united-states-on-the-trail-of-gold-smuggled-from-venezuela/
993490947,20210705,202107,2021,2021.5068,VEN,VENEZUELA,VEN,,,,,,,,BUS,COMPANY,,,,,,BUS,,,1,010,010,01,1,0.0,4,1,4,-0.29556650246306,1,Aruba,AA,AA,12.5,-69.966667,AA,1,Venezuela,VE,VE,8,-66,VE,1,Aruba,AA,AA,12.5,-69.966667,AA,20210705,https://www.curacaochronicle.com/post/local/the-netherlands-and-the-united-states-on-the-trail-of-gold-smuggled-from-venezuela/
993490949,20210705,202107,2021,2021.5068,VEN,VENEZUELA,VEN,,,,,,,,BUS,COMPANY,,,,,,BUS,,,1,051,051,05,1,3.4,4,1,4,-0.29556650246306,1,Venezuela,VE,VE,8,-66,VE,2,"Florida, United States",US,USFL,27.8333,-81.717,FL,1,Venezuela,VE,VE,8,-66,VE,20210705,https://www.curacaochronicle.com/post/local/the-netherlands-and-the-united-states-on-the-trail-of-gold-smuggled-from-venezuela/
993490950,20210705,202107,2021,2021.5068,VEN,VENEZUELAN,VEN,,,,,,,,GOV,MINIST,,,,,,GOV,,,0,100,100,10,3,-5.0,2,1,2,-0.29556650246306,3,"Miami International Airport, Florida, United States",US,USFL,25.7955,-80.2765,309683,1,Venezuela,VE,VE,8,-66,VE,1,Venezuela,VE,VE,8,-66,VE,20210705,https://www.curacaochronicle.com/post/local/the-netherlands-and-the-united-states-on-the-trail-of-gold-smuggled-from-venezuela/
993490951,20210705,202107,2021,2021.5068,VEN,VENEZUELAN,VEN,,,,,,,,GOV,MINIST,,,,,,GOV,,,0,100,100,10,3,-5.0,2,1,2,-0.29556650246306,1,Venezuela,VE,VE,8,-66,VE,1,Venezuela,VE,VE,8,-66,VE,1,Venezuela,VE,VE,8,-66,VE,20210705,https://www.curacaochronicle.com/post/local/the-netherlands-and-the-united-states-on-the-trail-of-gold-smuggled-from-venezuela/
993490952,20210705,202107,2021,2021.5068,VEN,VENEZUELA,VEN,,,,,,,,USA,UNITED STATES,USA,,,,,,,,1,010,010,01,1,0.0,2,1,2,-0.29556650246306,1,Aruba,AA,AA,12.5,-69.966667,AA,1,Aruba,AA,AA,12.5,-69.966667,AA,1,Aruba,AA,AA,12.5,-69.966667,AA,20210705,https://www.curacaochronicle.com/post/local/the-netherlands-and-the-united-states-on-the-trail-of-gold-smuggled-from-venezuela/
993490953,20210705,202107,2021,2021.5068,VEN,VENEZUELA,VEN,,,,,,,,USA,UNITED STATES,USA,,,,,,,,1,010,010,01,1,0.0,2,1,2,-0.29556650246306,1,Aruba,AA,AA,12.5,-69.966667,AA,1,Venezuela,VE,VE,8,-66,VE,1,Aruba,AA,AA,12.5,-69.966667,AA,20210705,https://www.curacaochronicle.com/post/local/the-netherlands-and-the-united-states-on-the-trail-of-gold-smuggled-from-venezuela/
993490954,20210705,202107,2021,2021.5068,VEN,VENEZUELA,VEN,,,,,,,,USA,UNITED STATES,USA,,,,,,,,1,051,051,05,1,3.4,4,1,4,-0.29556650246306,1,Venezuela,VE,VE,8,-66,VE,2,"Florida, United States",US,USFL,27.8333,-81.717,FL,1,Venezuela,VE,VE,8,-66,VE,20210705,https://www.curacaochronicle.com/post/local/the-netherlands-and-the-united-states-on-the-trail-of-gold-smuggled-from-venezuela/
993492277,20210705,202107,2021,2021.5068,CVL,SETTLEMENT,,,,,,CVL,,,,,,,,,,,,,1,060,060,06,2,6.0,10,1,10,4.79166666666667,2,"New York, United States",US,USNY,42.1497,-74.9384,NY,0,,,,,,,2,"New York, United States",US,USNY,42.1497,-74.9384,NY,20210705,https://nationalmortgageprofessional.com/news/goldman-sachs-fulfills-18-billion-consumer-relief-obligation
993492295,20210705,202107,2021,2021.5068,CVL,SETTLEMENT,,,,,,CVL,,,MNCUSA,GOLDMAN SACHS,USA,,,,,MNC,,,1,033,033,03,1,5.2,5,1,5,4.79166666666667,2,"New York, United States",US,USNY,42.1497,-74.9384,NY,2,"New York, United States",US,USNY,42.1497,-74.9384,NY,2,"New York, United States",US,USNY,42.1497,-74.9384,NY,20210705,https://nationalmortgageprofessional.com/news/goldman-sachs-fulfills-18-billion-consumer-relief-obligation
993492303,20210705,202107,2021,2021.5068,CVL,SETTLEMENT,,,,,,CVL,,,USACVL,UNITED STATES,USA,,,,,CVL,,,1,050,050,05,1,3.5,1,1,1,4.79166666666667,2,"California, United States",US,USCA,36.17,-119.746,CA,2,"New York, United States",US,USNY,42.1497,-74.9384,NY,2,"Illinois, United States",US,USIL,40.3363,-89.0022,IL,20210705,https://nationalmortgageprofessional.com/news/goldman-sachs-fulfills-18-billion-consumer-relief-obligation
993492304,20210705,202107,2021,2021.5068,CVL,SETTLEMENT,,,,,,CVL,,,USACVL,UNITED STATES,USA,,,,,CVL,,,1,050,050,05,1,3.5,1,1,1,4.79166666666667,2,"New York, United States",US,USNY,42.1497,-74.9384,NY,2,"New York, United States",US,USNY,42.1497,-74.9384,NY,2,"Illinois, United States",US,USIL,40.3363,-89.0022,IL,20210705,https://nationalmortgageprofessional.com/news/goldman-sachs-fulfills-18-billion-consumer-relief-obligation
993492812,20210705,202107,2021,2021.5068,MNCUSA,GOLDMAN SACHS,USA,,,,,MNC,,,,,,,,,,,,,0,0232,023,02,1,3.4,10,1,10,4.79166666666667,2,"New York, United States",US,USNY,42.1497,-74.9384,NY,0,,,,,,,2,"New York, United States",US,USNY,42.1497,-74.9384,NY,20210705,https://nationalmortgageprofessional.com/news/goldman-sachs-fulfills-18-billion-consumer-relief-obligation
993492814,20210705,202107,2021,2021.5068,MNCUSA,GOLDMAN SACHS,USA,,,,,MNC,,,,,,,,,,,,,0,056,056,05,1,7.0,5,1,5,4.79166666666667,2,"New York, United States",US,USNY,42.1497,-74.9384,NY,0,,,,,,,2,"New York, United States",US,USNY,42.1497,-74.9384,NY,20210705,https://nationalmortgageprofessional.com/news/goldman-sachs-fulfills-18-billion-consumer-relief-obligation
993492989,20210705,202107,2021,2021.5068,USA,WASHINGTON,USA,,,,,,,,,,,,,,,,,,1,010,010,01,1,0.0,10,5,10,6.83890577507599,4,"Carcassonne, Languedoc-Roussillon, France",FR,FRA9,43.2135,2.35162,-1416701,0,,,,,,,4,"Carcassonne, Languedoc-Roussillon, France",FR,FRA9,43.2135,2.35162,-1416701,20210705,https://www.aninews.in/news/science/study-discovers-why-gold-can-be-obtained-at-all20210705202618/
993492990,20210705,202107,2021,2021.5068,USA,WASHINGTON,USA,,,,,,,,,,,,,,,,,,1,010,010,01,1,0.0,30,5,30,6.83890577507599,4,"Ottawa, Ontario, Canada",CA,CA08,45.4167,-75.7,-570760,0,,,,,,,4,"Ottawa, Ontario, Canada",CA,CA08,45.4167,-75.7,-570760,20210705,https://www.aninews.in/news/science/study-discovers-why-gold-can-be-obtained-at-all20210705202618/
993493103,20210705,202107,2021,2021.5068,USA,NEW YORK,USA,,,,,,,,USACVL,UNITED STATES,USA,,,,,CVL,,,1,050,050,05,1,3.5,2,1,2,4.79166666666667,2,"New York, United States",US,USNY,42.1497,-74.9384,NY,2,"New York, United States",US,USNY,42.1497,-74.9384,NY,2,"New York, United States",US,USNY,42.1497,-74.9384,NY,20210705,https://nationalmortgageprofessional.com/news/goldman-sachs-fulfills-18-billion-consumer-relief-obligation
993493118,20210705,202107,2021,2021.5068,USACVL,NEW YORK,USA,,,,,CVL,,,,,,,,,,,,,1,050,050,05,1,3.5,6,1,6,4.79166666666667,2,"New York, United States",US,USNY,42.1497,-74.9384,NY,0,,,,,,,2,"New York, United States",US,USNY,42.1497,-74.9384,NY,20210705,https://nationalmortgageprofessional.com/news/goldman-sachs-fulfills-18-billion-consumer-relief-obligation
993495901,20210705,202107,2021,2021.5068,,,,,,,,,,,COL,COLOMBIA,COL,,,,,,,,1,190,190,19,4,-10.0,8,1,8,9.25925925925925,0,,,,,,,4,"Bogota, Cundinamarca, Colombia",CO,CO33,4.6,-74.0833,-578472,4,"Bogota, Cundinamarca, Colombia",CO,CO33,4.6,-74.0833,-578472,20210705,https://shop.ancient-origins.net/collections/webinars/products/hunting-ancient-south-american-gold
993496152,20210705,202107,2021,2021.5068,COL,COLOMBIA,COL,,,,,,,,,,,,,,,,,,1,190,190,19,4,-10.0,8,1,8,9.25925925925925,4,"Bogota, Cundinamarca, Colombia",CO,CO33,4.6,-74.0833,-578472,0,,,,,,,4,"Bogota, Cundinamarca, Colombia",CO,CO33,4.6,-74.0833,-578472,20210705,https://shop.ancient-origins.net/collections/webinars/products/hunting-ancient-south-american-gold
993497861,20210705,202107,2021,2021.5068,,,,,,,,,,,CVL,COMMUNITY,,,,,,CVL,,,1,051,051,05,1,3.4,18,1,18,-0.83102493074792,0,,,,,,,4,"Springbrook, Queensland, Australia",AS,AS04,-28.2167,153.283,-1601659,4,"Springbrook, Queensland, Australia",AS,AS04,-28.2167,153.283,-1601659,20210705,https://www.goldcoastbulletin.com.au/news/looking-out-for-our-most-vulnerable-when-it-counts/news-story/f9b1853ccafd3d93a2a5903778a52c19?nk=9d6ca4ea34690ecc91936b0de583a138-1625502791
993497979,20210705,202107,2021,2021.5068,BUS,COMPANY,,,,,,BUS,,,,,,,,,,,,,1,090,090,09,2,-2.0,20,2,20,2.1430750457596,4,"Toronto, Ontario, Canada",CA,CA08,43.6667,-79.4167,-574890,0,,,,,,,4,"Toronto, Ontario, Canada",CA,CA08,43.6667,-79.4167,-574890,20210705,https://www.mining.com/first-mining-suspends-gold-project-in-ontario-due-to-forest-fire/
993498264,20210705,202107,2021,2021.5068,GHA,GHANA,GHA,,,,,,,,CVL,COMMUNITY,,,,,,CVL,,,1,051,051,05,1,3.4,12,1,12,-0.83102493074792,4,"Springbrook, Queensland, Australia",AS,AS04,-28.2167,153.283,-1601659,4,"Springbrook, Queensland, Australia",AS,AS04,-28.2167,153.283,-1601659,4,"Springbrook, Queensland, Australia",AS,AS04,-28.2167,153.283,-1601659,20210705,https://www.goldcoastbulletin.com.au/news/looking-out-for-our-most-vulnerable-when-it-counts/news-story/f9b1853ccafd3d93a2a5903778a52c19?nk=9d6ca4ea34690ecc91936b0de583a138-1625502791
993500124,20210705,202107,2021,2021.5068,IND,KOCHI,IND,,,,,,,,INDJUD,KERALA,IND,,,,,JUD,,,1,112,112,11,3,-2.0,10,1,10,-6.04026845637579,0,,,,,,,0,,,,,,,0,,,,,,,20210705,https://www.deccanchronicle.com/nation/current-affairs/050721/gold-smuggling-case-swapna-suresh-moves-bail-plea-in-kerala-hc.html
993501390,20210705,202107,2021,2021.5068,,,,,,,,,,,EDU,SCHOOL,,,,,,EDU,,,1,100,100,10,3,-5.0,5,1,5,6.86274509803922,0,,,,,,,1,Iraq,IZ,IZ,33,44,IZ,1,Iraq,IZ,IZ,33,44,IZ,20210705,https://www.khaleejtimes.com/news/high-school-toppers-thank-uae-for-golden-visa
993501676,20210705,202107,2021,2021.5068,EDU,SCHOOL,,,,,,EDU,,,,,,,,,,,,,1,051,051,05,1,3.4,10,1,10,6.86274509803922,1,Iraq,IZ,IZ,33,44,IZ,0,,,,,,,1,Iraq,IZ,IZ,33,44,IZ,20210705,https://www.khaleejtimes.com/news/high-school-toppers-thank-uae-for-golden-visa
993501677,20210705,202107,2021,2021.5068,EDU,SCHOOL,,,,,,EDU,,,,,,,,,,,,,1,051,051,05,1,3.4,16,2,16,5.04028344010871,1,Jordan,JO,JO,31,36,JO,0,,,,,,,1,Jordan,JO,JO,31,36,JO,20210705,https://www.khaleejtimes.com/news/high-school-toppers-thank-uae-for-golden-visa
993503113,20210705,202107,2021,2021.5068,ARM,ARMENIA,ARM,,,,,,,,,,,,,,,,,,1,010,010,01,1,0.0,4,1,4,2.01342281879194,4,"Paris, France (general), France",FR,FR00,48.8667,2.33333,-1456928,0,,,,,,,4,"Paris, France (general), France",FR,FR00,48.8667,2.33333,-1456928,20210705,https://en.chessbase.com/post/goldmoney-asian-rapid-2021-day-10
993503556,20210705,202107,2021,2021.5068,JUD,ATTORNEY,,,,,,JUD,,,BUS,INVESTOR,,,,,,BUS,,,1,0231,023,02,1,3.4,20,1,20,-3.33333333333334,1,China,CH,CH,35,105,CH,1,China,CH,CH,35,105,CH,1,China,CH,CH,35,105,CH,20210705,https://www.prnewswire.com:443/news-releases/rlx-technology-investor-alert-goldman-scarlato--penny-investor-rights-lawyers-evaluate-potential-individual-non-class-action-claims-on-behalf-of-rlx-investors-301325582.html
993503557,20210705,202107,2021,2021.5068,JUD,ATTORNEY,,,,,,JUD,,,BUS,INVESTOR,,,,,,BUS,,,1,114,114,11,3,-2.0,20,1,20,-3.33333333333334,1,China,CH,CH,35,105,CH,1,China,CH,CH,35,105,CH,1,China,CH,CH,35,105,CH,20210705,https://www.prnewswire.com:443/news-releases/rlx-technology-investor-alert-goldman-scarlato--penny-investor-rights-lawyers-evaluate-potential-individual-non-class-action-claims-on-behalf-of-rlx-investors-301325582.html
993504779,20200705,202007,2020,2020.5068,CHE,SWITZERLAND,CHE,,,,,,,,BUS,BUSINESS,,,,,,BUS,,,1,010,010,01,1,0.0,4,1,4,4.06091370558376,1,United States,US,US,39.828175,-98.5795,US,1,United States,US,US,39.828175,-98.5795,US,1,United States,US,US,39.828175,-98.5795,US,20210705,https://www.crowdfundinsider.com/2021/07/177477-ex-goldman-sachs-tech-executive-joanne-hannaford-to-serve-as-credit-suisse-chief-tech-operations-officer/
993504783,20200705,202007,2020,2020.5068,MNCCHE,CREDIT SUISSE,CHE,,,,,MNC,,,BUS,BUSINESS,,,,,,BUS,,,1,010,010,01,1,0.0,3,1,3,4.06091370558376,1,United States,US,US,39.828175,-98.5795,US,1,United States,US,US,39.828175,-98.5795,US,1,United States,US,US,39.828175,-98.5795,US,20210705,https://www.crowdfundinsider.com/2021/07/177477-ex-goldman-sachs-tech-executive-joanne-hannaford-to-serve-as-credit-suisse-chief-tech-operations-officer/
993505089,20210705,202107,2021,2021.5068,CVL,CIVILIAN,,,,,,CVL,,,,,,,,,,,,,1,193,193,19,4,-10.0,5,1,5,5.4726368159204,1,United States,US,US,39.828175,-98.5795,US,0,,,,,,,1,United States,US,US,39.828175,-98.5795,US,20210705,https://www.ammoland.com/2021/07/speer-gold-dot-9mm-124gr-jacketed-hollow-point-ammo/
993505382,20210705,202107,2021,2021.5068,IND,INDORE,IND,,,,,,,,SPY,INTELLIGENCE,,,,,,SPY,,,1,010,010,01,1,0.0,14,2,14,-2.92683700664156,4,"Mumbai, Maharashtra, India",IN,IN16,18.975,72.8258,-2092174,4,"Mumbai, Maharashtra, India",IN,IN16,18.975,72.8258,-2092174,4,"Mumbai, Maharashtra, India",IN,IN16,18.975,72.8258,-2092174,20210705,https://www.aninews.in/news/national/general-news/three-held-for-smuggling-5-kg-gold-worth-rs-244-crores-in-indore20210705222403/
993507519,20210705,202107,2021,2021.5068,CUB,CUBAN,CUB,,,,,,,,USA,UNITED STATES,USA,,,,,,,,1,042,042,04,1,1.9,2,1,2,-1.0204081632653,1,Cuba,CU,CU,22,-79.5,CU,3,"Fort Lauderdale, Florida, United States",US,USFL,26.1223,-80.1434,282693,3,"Fort Lauderdale, Florida, United States",US,USFL,26.1223,-80.1434,282693,20210705,http://www.nbcsvg.com/2021/07/05/cubas-concacaf-gold-cup-preliminary-match-against-french-guiana-was-cancelled-on-saturday/
993507520,20210705,202107,2021,2021.5068,CUB,CUBA,CUB,,,,,,,,USA,UNITED STATES,USA,,,,,,,,1,042,042,04,1,1.9,4,1,4,-1.0204081632653,1,Cuba,CU,CU,22,-79.5,CU,3,"Fort Lauderdale, Florida, United States",US,USFL,26.1223,-80.1434,282693,1,Cuba,CU,CU,22,-79.5,CU,20210705,http://www.nbcsvg.com/2021/07/05/cubas-concacaf-gold-cup-preliminary-match-against-french-guiana-was-cancelled-on-saturday/
993507521,20210705,202107,2021,2021.5068,CUB,CUBAN,CUB,,,,,,,,USA,FLORIDA,USA,,,,,,,,1,042,042,04,1,1.9,1,1,1,-1.0204081632653,1,Cuba,CU,CU,22,-79.5,CU,2,"Florida, United States",US,USFL,27.8333,-81.717,FL,1,Cuba,CU,CU,22,-79.5,CU,20210705,http://www.nbcsvg.com/2021/07/05/cubas-concacaf-gold-cup-preliminary-match-against-french-guiana-was-cancelled-on-saturday/
993508023,20210705,202107,2021,2021.5068,USA,UNITED STATES,USA,,,,,,,,CUB,CUBAN,CUB,,,,,,,,1,043,043,04,1,2.8,2,1,2,-1.0204081632653,3,"Fort Lauderdale, Florida, United States",US,USFL,26.1223,-80.1434,282693,1,Cuba,CU,CU,22,-79.5,CU,3,"Fort Lauderdale, Florida, United States",US,USFL,26.1223,-80.1434,282693,20210705,http://www.nbcsvg.com/2021/07/05/cubas-concacaf-gold-cup-preliminary-match-against-french-guiana-was-cancelled-on-saturday/
993508024,20210705,202107,2021,2021.5068,USA,UNITED STATES,USA,,,,,,,,CUB,CUBA,CUB,,,,,,,,1,043,043,04,1,2.8,4,1,4,-1.0204081632653,3,"Fort Lauderdale, Florida, United States",US,USFL,26.1223,-80.1434,282693,1,Cuba,CU,CU,22,-79.5,CU,1,Cuba,CU,CU,22,-79.5,CU,20210705,http://www.nbcsvg.com/2021/07/05/cubas-concacaf-gold-cup-preliminary-match-against-french-guiana-was-cancelled-on-saturday/
993508025,20210705,202107,2021,2021.5068,USA,FLORIDA,USA,,,,,,,,CUB,CUBAN,CUB,,,,,,,,1,043,043,04,1,2.8,1,1,1,-1.0204081632653,2,"Florida, United States",US,USFL,27.8333,-81.717,FL,1,Cuba,CU,CU,22,-79.5,CU,1,Cuba,CU,CU,22,-79.5,CU,20210705,http://www.nbcsvg.com/2021/07/05/cubas-concacaf-gold-cup-preliminary-match-against-french-guiana-was-cancelled-on-saturday/
993513461,20210705,202107,2021,2021.5068,AUS,AUSTRALIA,AUS,,,,,,,,,,,,,,,,,,1,141,141,14,3,-6.5,2,1,2,-1.49253731343283,4,"Tweed Heads, New South Wales, Australia",AS,AS02,-28.1756,153.542,-1606085,0,,,,,,,4,"Tweed Heads, New South Wales, Australia",AS,AS02,-28.1756,153.542,-1606085,20210705,https://www.goldcoastbulletin.com.au/business/gold-coast-business/when-plastic-sucks-you-need-some-steel-to-be-ecofriendly-on-the-gold-coast/news-story/97809ecd718cbec3bf022821fae82c08?nk=223f4f0312d9498a5ccc9e1e997fbb56-1625510656
993513506,20210705,202107,2021,2021.5068,BUS,COMPANY,,,,,,BUS,,,USA,CALIFORNIA,USA,,,,,,,,1,042,042,04,1,1.9,6,1,6,0.5524861878453,3,"San Francisco, California, United States",US,USCA,37.7749,-122.419,277593,3,"San Francisco, California, United States",US,USCA,37.7749,-122.419,277593,3,"San Francisco, California, United States",US,USCA,37.7749,-122.419,277593,20210705,https://coinweek.com/auctions-news/unique-wass-molitor-20-gold-featured-in-august-greatcollections-auction/
993513747,20210705,202107,2021,2021.5068,GHA,GHANA,GHA,,,,,,,,AUS,AUSTRALIA,AUS,,,,,,,,1,141,141,14,3,-6.5,5,1,5,-1.49253731343283,1,Ghana,GH,GH,8,-2,GH,4,"Tweed Heads, New South Wales, Australia",AS,AS02,-28.1756,153.542,-1606085,4,"Tweed Heads, New South Wales, Australia",AS,AS02,-28.1756,153.542,-1606085,20210705,https://www.goldcoastbulletin.com.au/business/gold-coast-business/when-plastic-sucks-you-need-some-steel-to-be-ecofriendly-on-the-gold-coast/news-story/97809ecd718cbec3bf022821fae82c08?nk=223f4f0312d9498a5ccc9e1e997fbb56-1625510656
993513748,20210705,202107,2021,2021.5068,GHA,GHANA,GHA,,,,,,,,AUS,AUSTRALIA,AUS,,,,,,,,1,141,141,14,3,-6.5,1,1,1,-1.49253731343283,1,Ghana,GH,GH,8,-2,GH,1,Ghana,GH,GH,8,-2,GH,1,Ghana,GH,GH,8,-2,GH,20210705,https://www.goldcoastbulletin.com.au/business/gold-coast-business/when-plastic-sucks-you-need-some-steel-to-be-ecofriendly-on-the-gold-coast/news-story/97809ecd718cbec3bf022821fae82c08?nk=223f4f0312d9498a5ccc9e1e997fbb56-1625510656
993514172,20210705,202107,2021,2021.5068,USA,CALIFORNIA,USA,,,,,,,,BUS,COMPANY,,,,,,BUS,,,1,043,043,04,1,2.8,6,1,6,0.5524861878453,2,"California, United States",US,USCA,36.17,-119.746,CA,3,"San Francisco, California, United States",US,USCA,37.7749,-122.419,277593,2,"California, United States",US,USCA,36.17,-119.746,CA,20210705,https://coinweek.com/auctions-news/unique-wass-molitor-20-gold-featured-in-august-greatcollections-auction/
993514173,20210705,202107,2021,2021.5068,USA,CALIFORNIA,USA,,,,,,,,BUS,COMPANY,,,,,,BUS,,,1,043,043,04,1,2.8,2,1,2,0.5524861878453,2,"California, United States",US,USCA,36.17,-119.746,CA,2,"Colorado, United States",US,USCO,39.0646,-105.327,CO,3,"San Francisco, California, United States",US,USCA,37.7749,-122.419,277593,20210705,https://coinweek.com/auctions-news/unique-wass-molitor-20-gold-featured-in-august-greatcollections-auction/
993514174,20210705,202107,2021,2021.5068,USA,UNITED STATES,USA,,,,,,,,BUS,COMPANY,,,,,,BUS,,,1,043,043,04,1,2.8,2,1,2,0.5524861878453,2,"California, United States",US,USCA,36.17,-119.746,CA,2,"Colorado, United States",US,USCO,39.0646,-105.327,CO,2,"California, United States",US,USCA,36.17,-119.746,CA,20210705,https://coinweek.com/auctions-news/unique-wass-molitor-20-gold-featured-in-august-greatcollections-auction/
993516607,20210705,202107,2021,2021.5068,,,,,,,,,,,AUS,AUSTRALIA,AUS,,,,,,,,1,043,043,04,1,2.8,2,1,2,-3.94736842105263,0,,,,,,,4,"Ashmore, Victoria, Australia",AS,AS07,-38.25,142.5,-1556435,4,"Ashmore, Victoria, Australia",AS,AS07,-38.25,142.5,-1556435,20210705,https://www.goldcoastbulletin.com.au/news/a-man-was-caught-shooting-up-while-driving-along-a-busy-gold-coast-thoroughfare/news-story/c65c86861a34ac8d16ca9f8a0187b104?nk=c5d4678da97113c525500fd7a8753b89-1625512656
993516608,20210705,202107,2021,2021.5068,,,,,,,,,,,AUS,AUSTRALIA,AUS,,,,,,,,1,043,043,04,1,2.8,2,1,2,-3.94736842105263,0,,,,,,,4,"Ashmore, Victoria, Australia",AS,AS07,-38.25,142.5,-1556435,4,"Sydney, New South Wales, Australia",AS,AS02,-33.8833,151.217,-1603135,20210705,https://www.goldcoastbulletin.com.au/news/a-man-was-caught-shooting-up-while-driving-along-a-busy-gold-coast-thoroughfare/news-story/c65c86861a34ac8d16ca9f8a0187b104?nk=c5d4678da97113c525500fd7a8753b89-1625512656
993516609,20210705,202107,2021,2021.5068,,,,,,,,,,,AUSCOP,QUEENSLAND,AUS,,,,,COP,,,0,040,040,04,1,1.0,10,1,10,-3.94736842105263,0,,,,,,,4,"Sydney, New South Wales, Australia",AS,AS02,-33.8833,151.217,-1603135,4,"Sydney, New South Wales, Australia",AS,AS02,-33.8833,151.217,-1603135,20210705,https://www.goldcoastbulletin.com.au/news/a-man-was-caught-shooting-up-while-driving-along-a-busy-gold-coast-thoroughfare/news-story/c65c86861a34ac8d16ca9f8a0187b104?nk=c5d4678da97113c525500fd7a8753b89-1625512656
993516733,20210705,202107,2021,2021.5068,AUS,AUSTRALIA,AUS,,,,,,,,,,,,,,,,,,1,010,010,01,1,0.0,6,1,4,-3.94736842105263,4,"Ashmore, Victoria, Australia",AS,AS07,-38.25,142.5,-1556435,0,,,,,,,4,"Ashmore, Victoria, Australia",AS,AS07,-38.25,142.5,-1556435,20210705,https://www.goldcoastbulletin.com.au/news/a-man-was-caught-shooting-up-while-driving-along-a-busy-gold-coast-thoroughfare/news-story/c65c86861a34ac8d16ca9f8a0187b104?nk=c5d4678da97113c525500fd7a8753b89-1625512656
993516734,20210705,202107,2021,2021.5068,AUS,AUSTRALIA,AUS,,,,,,,,,,,,,,,,,,1,042,042,04,1,1.9,2,1,2,-3.94736842105263,4,"Ashmore, Victoria, Australia",AS,AS07,-38.25,142.5,-1556435,0,,,,,,,4,"Ashmore, Victoria, Australia",AS,AS07,-38.25,142.5,-1556435,20210705,https://www.goldcoastbulletin.com.au/news/a-man-was-caught-shooting-up-while-driving-along-a-busy-gold-coast-thoroughfare/news-story/c65c86861a34ac8d16ca9f8a0187b104?nk=c5d4678da97113c525500fd7a8753b89-1625512656
993516735,20210705,202107,2021,2021.5068,AUS,AUSTRALIA,AUS,,,,,,,,,,,,,,,,,,1,042,042,04,1,1.9,2,1,2,-3.94736842105263,4,"Ashmore, Victoria, Australia",AS,AS07,-38.25,142.5,-1556435,0,,,,,,,4,"Sydney, New South Wales, Australia",AS,AS02,-33.8833,151.217,-1603135,20210705,https://www.goldcoastbulletin.com.au/news/a-man-was-caught-shooting-up-while-driving-along-a-busy-gold-coast-thoroughfare/news-story/c65c86861a34ac8d16ca9f8a0187b104?nk=c5d4678da97113c525500fd7a8753b89-1625512656
993516741,20210705,202107,2021,2021.5068,AUSCOP,QUEENSLAND,AUS,,,,,COP,,,,,,,,,,,,,0,010,010,01,1,0.0,10,1,10,-3.94736842105263,4,"Sydney, New South Wales, Australia",AS,AS02,-33.8833,151.217,-1603135,0,,,,,,,4,"Sydney, New South Wales, Australia",AS,AS02,-33.8833,151.217,-1603135,20210705,https://www.goldcoastbulletin.com.au/news/a-man-was-caught-shooting-up-while-driving-along-a-busy-gold-coast-thoroughfare/news-story/c65c86861a34ac8d16ca9f8a0187b104?nk=c5d4678da97113c525500fd7a8753b89-1625512656
993516742,20210705,202107,2021,2021.5068,AUSCOP,QUEENSLAND,AUS,,,,,COP,,,,,,,,,,,,,0,040,040,04,1,1.0,10,1,10,-3.94736842105263,4,"Sydney, New South Wales, Australia",AS,AS02,-33.8833,151.217,-1603135,0,,,,,,,4,"Sydney, New South Wales, Australia",AS,AS02,-33.8833,151.217,-1603135,20210705,https://www.goldcoastbulletin.com.au/news/a-man-was-caught-shooting-up-while-driving-along-a-busy-gold-coast-thoroughfare/news-story/c65c86861a34ac8d16ca9f8a0187b104?nk=c5d4678da97113c525500fd7a8753b89-1625512656
993516856,20210705,202107,2021,2021.5068,COP,POLICE,,,,,,COP,,,,,,,,,,,,,1,090,090,09,2,-2.0,14,2,14,-2.76986255447536,4,"Sydney, New South Wales, Australia",AS,AS02,-33.8833,151.217,-1603135,0,,,,,,,4,"Sydney, New South Wales, Australia",AS,AS02,-33.8833,151.217,-1603135,20210705,https://www.goldcoastbulletin.com.au/news/a-man-was-caught-shooting-up-while-driving-along-a-busy-gold-coast-thoroughfare/news-story/c65c86861a34ac8d16ca9f8a0187b104?nk=c5d4678da97113c525500fd7a8753b89-1625512656
993516870,20210705,202107,2021,2021.5068,COP,POLICE,,,,,,COP,,,GHA,GHANA,GHA,,,,,,,,1,090,090,09,2,-2.0,6,1,6,-3.94736842105263,4,"Sydney, New South Wales, Australia",AS,AS02,-33.8833,151.217,-1603135,4,"Sydney, New South Wales, Australia",AS,AS02,-33.8833,151.217,-1603135,4,"Sydney, New South Wales, Australia",AS,AS02,-33.8833,151.217,-1603135,20210705,https://www.goldcoastbulletin.com.au/news/a-man-was-caught-shooting-up-while-driving-along-a-busy-gold-coast-thoroughfare/news-story/c65c86861a34ac8d16ca9f8a0187b104?nk=c5d4678da97113c525500fd7a8753b89-1625512656
993518382,20210705,202107,2021,2021.5068,BUS,COMPANY,,,,,,BUS,,,,,,,,,,,,,1,0231,023,02,1,3.4,4,1,4,0,1,Germany,GM,GM,51.5,10.5,GM,0,,,,,,,1,Germany,GM,GM,51.5,10.5,GM,20210705,https://www.1015thehawk.com/2021/07/05/goldboro-lng-project-not-going-ahead-as-planned/
993518383,20210705,202107,2021,2021.5068,BUS,COMPANY,,,,,,BUS,,,,,,,,,,,,,1,0231,023,02,1,3.4,6,1,6,0,1,United States,US,US,39.828175,-98.5795,US,0,,,,,,,1,United States,US,US,39.828175,-98.5795,US,20210705,https://www.1015thehawk.com/2021/07/05/goldboro-lng-project-not-going-ahead-as-planned/
993518727,20210705,202107,2021,2021.5068,INDJUD,KERALA,IND,,,,,JUD,,,LEG,STATE ASSEMBLY,,,,,,LEG,,,0,112,112,11,3,-2.0,2,1,2,-8.33333333333335,1,Bahrain,BA,BA,26,50.5,BA,1,Saudi Arabia,SA,SA,25,45,SA,1,Bahrain,BA,BA,26,50.5,BA,20210705,https://www.republicworld.com/india-news/law-and-order/kerala-gold-smuggling-swapna-suresh-approaches-kerala-hc-for-bail-in-nia-case.html
993518728,20210705,202107,2021,2021.5068,INDJUD,KERALA,IND,,,,,JUD,,,LEG,STATE ASSEMBLY,,,,,,LEG,,,0,112,112,11,3,-2.0,8,1,8,-8.33333333333335,1,Malaysia,MY,MY,2.5,112.5,MY,1,Malaysia,MY,MY,2.5,112.5,MY,1,Malaysia,MY,MY,2.5,112.5,MY,20210705,https://www.republicworld.com/india-news/law-and-order/kerala-gold-smuggling-swapna-suresh-approaches-kerala-hc-for-bail-in-nia-case.html
993521310,20210705,202107,2021,2021.5068,,,,,,,,,,,USA,UNITED STATES,USA,,,,,,,,1,042,042,04,1,1.9,1,1,1,-4.91803278688525,0,,,,,,,3,"Grand Canyon, Arizona, United States",US,USAZ,36.0544,-112.139,5213,3,"Grand Canyon, Arizona, United States",US,USAZ,36.0544,-112.139,5213,20210705,https://www.forbes.com/sites/michaelgoldstein/2021/07/05/what-are-the-chance-that-you-will-die-in-a-national-park-this-summer/
993521314,20210705,202107,2021,2021.5068,,,,,,,,,,,USA,UNITED STATES,USA,,,,,,,,1,043,043,04,1,2.8,1,1,1,-4.91803278688525,0,,,,,,,3,"Grand Canyon, Arizona, United States",US,USAZ,36.0544,-112.139,5213,3,"Grand Canyon, Arizona, United States",US,USAZ,36.0544,-112.139,5213,20210705,https://www.forbes.com/sites/michaelgoldstein/2021/07/05/what-are-the-chance-that-you-will-die-in-a-national-park-this-summer/
993521926,20210705,202107,2021,2021.5068,USA,UNITED STATES,USA,,,,,,,,,,,,,,,,,,1,042,042,04,1,1.9,1,1,1,-4.91803278688525,3,"Grand Canyon, Arizona, United States",US,USAZ,36.0544,-112.139,5213,0,,,,,,,3,"Grand Canyon, Arizona, United States",US,USAZ,36.0544,-112.139,5213,20210705,https://www.forbes.com/sites/michaelgoldstein/2021/07/05/what-are-the-chance-that-you-will-die-in-a-national-park-this-summer/
993521930,20210705,202107,2021,2021.5068,USA,UNITED STATES,USA,,,,,,,,,,,,,,,,,,1,043,043,04,1,2.8,1,1,1,-4.91803278688525,3,"Grand Canyon, Arizona, United States",US,USAZ,36.0544,-112.139,5213,0,,,,,,,3,"Grand Canyon, Arizona, United States",US,USAZ,36.0544,-112.139,5213,20210705,https://www.forbes.com/sites/michaelgoldstein/2021/07/05/what-are-the-chance-that-you-will-die-in-a-national-park-this-summer/
993522775,20210705,202107,2021,2021.5068,,,,,,,,,,,BUS,BANK,,,,,,BUS,,,1,084,084,08,2,7.0,6,1,6,1.26382306477094,0,,,,,,,2,"New York, United States",US,USNY,42.1497,-74.9384,NY,2,"New York, United States",US,USNY,42.1497,-74.9384,NY,20210705,https://www.bloombergquint.com/onweb/credit-suisse-hires-new-chief-tech-officer-from-goldman-sachs
993522784,20210705,202107,2021,2021.5068,,,,,,,,,,,CHE,SWITZERLAND,CHE,,,,,,,,0,046,046,04,1,7.0,1,1,1,1.26382306477094,0,,,,,,,4,"Zurich, ZüSZ, Switzerland",SZ,SZ25,47.3667,8.55,-2554935,4,"Zurich, ZüSZ, Switzerland",SZ,SZ25,47.3667,8.55,-2554935,20210705,https://www.bloombergquint.com/onweb/credit-suisse-hires-new-chief-tech-officer-from-goldman-sachs
993522785,20210705,202107,2021,2021.5068,,,,,,,,,,,CHE,SWITZERLAND,CHE,,,,,,,,0,046,046,04,1,7.0,1,1,1,1.26382306477094,0,,,,,,,4,"Zurich, ZüSZ, Switzerland",SZ,SZ25,47.3667,8.55,-2554935,4,"London, London, City of, United Kingdom",UK,UKH9,51.5,-0.116667,-2601889,20210705,https://www.bloombergquint.com/onweb/credit-suisse-hires-new-chief-tech-officer-from-goldman-sachs
993522905,20210705,202107,2021,2021.5068,BUS,BANK,,,,,,BUS,,,,,,,,,,,,,0,014,014,01,1,0.0,5,1,5,1.26382306477094,4,"Zurich, ZüSZ, Switzerland",SZ,SZ25,47.3667,8.55,-2554935,0,,,,,,,4,"Zurich, ZüSZ, Switzerland",SZ,SZ25,47.3667,8.55,-2554935,20210705,https://www.bloombergquint.com/onweb/credit-suisse-hires-new-chief-tech-officer-from-goldman-sachs
993522958,20210705,202107,2021,2021.5068,CHE,SWITZERLAND,CHE,,,,,,,,,,,,,,,,,,0,046,046,04,1,7.0,1,1,1,1.26382306477094,4,"Zurich, ZüSZ, Switzerland",SZ,SZ25,47.3667,8.55,-2554935,0,,,,,,,4,"Zurich, ZüSZ, Switzerland",SZ,SZ25,47.3667,8.55,-2554935,20210705,https://www.bloombergquint.com/onweb/credit-suisse-hires-new-chief-tech-officer-from-goldman-sachs
993522959,20210705,202107,2021,2021.5068,CHE,SWITZERLAND,CHE,,,,,,,,,,,,,,,,,,0,046,046,04,1,7.0,1,1,1,1.26382306477094,4,"Zurich, ZüSZ, Switzerland",SZ,SZ25,47.3667,8.55,-2554935,0,,,,,,,4,"London, London, City of, United Kingdom",UK,UKH9,51.5,-0.116667,-2601889,20210705,https://www.bloombergquint.com/onweb/credit-suisse-hires-new-chief-tech-officer-from-goldman-sachs
993522960,20210705,202107,2021,2021.5068,CHE,SWITZERLAND,CHE,,,,,,,,,,,,,,,,,,1,0831,083,08,2,5.0,4,1,4,1.26382306477094,4,"Zurich, ZüSZ, Switzerland",SZ,SZ25,47.3667,8.55,-2554935,0,,,,,,,4,"Zurich, ZüSZ, Switzerland",SZ,SZ25,47.3667,8.55,-2554935,20210705,https://www.bloombergquint.com/onweb/credit-suisse-hires-new-chief-tech-officer-from-goldman-sachs
993522961,20210705,202107,2021,2021.5068,CHE,SWITZERLAND,CHE,,,,,,,,,,,,,,,,,,1,090,090,09,2,-2.0,4,1,4,1.26382306477094,4,"Zurich, ZüSZ, Switzerland",SZ,SZ25,47.3667,8.55,-2554935,0,,,,,,,4,"Zurich, ZüSZ, Switzerland",SZ,SZ25,47.3667,8.55,-2554935,20210705,https://www.bloombergquint.com/onweb/credit-suisse-hires-new-chief-tech-officer-from-goldman-sachs
993522962,20210705,202107,2021,2021.5068,CHE,SWITZERLAND,CHE,,,,,,,,BUS,BANK,,,,,,BUS,,,1,084,084,08,2,7.0,4,1,4,1.26382306477094,4,"Zurich, ZüSZ, Switzerland",SZ,SZ25,47.3667,8.55,-2554935,4,"Zurich, ZüSZ, Switzerland",SZ,SZ25,47.3667,8.55,-2554935,4,"Zurich, ZüSZ, Switzerland",SZ,SZ25,47.3667,8.55,-2554935,20210705,https://www.bloombergquint.com/onweb/credit-suisse-hires-new-chief-tech-officer-from-goldman-sachs
993522965,20210705,202107,2021,2021.5068,CHE,SWITZERLAND,CHE,,,,,,,,GBR,LONDON,GBR,,,,,,,,0,173,173,17,4,-5.0,2,1,2,1.26382306477094,4,"Zurich, ZüSZ, Switzerland",SZ,SZ25,47.3667,8.55,-2554935,4,"Zurich, ZüSZ, Switzerland",SZ,SZ25,47.3667,8.55,-2554935,4,"Zurich, ZüSZ, Switzerland",SZ,SZ25,47.3667,8.55,-2554935,20210705,https://www.bloombergquint.com/onweb/credit-suisse-hires-new-chief-tech-officer-from-goldman-sachs
993522966,20210705,202107,2021,2021.5068,CHE,SWITZERLAND,CHE,,,,,,,,GBR,LONDON,GBR,,,,,,,,0,173,173,17,4,-5.0,2,1,2,1.26382306477094,4,"Zurich, ZüSZ, Switzerland",SZ,SZ25,47.3667,8.55,-2554935,4,"London, London, City of, United Kingdom",UK,UKH9,51.5,-0.116667,-2601889,4,"Zurich, ZüSZ, Switzerland",SZ,SZ25,47.3667,8.55,-2554935,20210705,https://www.bloombergquint.com/onweb/credit-suisse-hires-new-chief-tech-officer-from-goldman-sachs
993522967,20210705,202107,2021,2021.5068,CHE,ZURICH,CHE,,,,,,,,MNCUSA,GOLDMAN SACHS,USA,,,,,MNC,,,1,046,046,04,1,7.0,5,1,5,1.26382306477094,4,"Zurich, ZüSZ, Switzerland",SZ,SZ25,47.3667,8.55,-2554935,4,"Zurich, ZüSZ, Switzerland",SZ,SZ25,47.3667,8.55,-2554935,4,"Zurich, ZüSZ, Switzerland",SZ,SZ25,47.3667,8.55,-2554935,20210705,https://www.bloombergquint.com/onweb/credit-suisse-hires-new-chief-tech-officer-from-goldman-sachs
993522968,20210705,202107,2021,2021.5068,CHE,SWITZERLAND,CHE,,,,,,,,USA,NEW YORK,USA,,,,,,,,0,173,173,17,4,-5.0,2,1,2,1.26382306477094,4,"Zurich, ZüSZ, Switzerland",SZ,SZ25,47.3667,8.55,-2554935,4,"Zurich, ZüSZ, Switzerland",SZ,SZ25,47.3667,8.55,-2554935,4,"Zurich, ZüSZ, Switzerland",SZ,SZ25,47.3667,8.55,-2554935,20210705,https://www.bloombergquint.com/onweb/credit-suisse-hires-new-chief-tech-officer-from-goldman-sachs
993522969,20210705,202107,2021,2021.5068,CHE,SWITZERLAND,CHE,,,,,,,,USA,NEW YORK,USA,,,,,,,,0,173,173,17,4,-5.0,2,1,2,1.26382306477094,4,"Zurich, ZüSZ, Switzerland",SZ,SZ25,47.3667,8.55,-2554935,2,"New York, United States",US,USNY,42.1497,-74.9384,NY,4,"Zurich, ZüSZ, Switzerland",SZ,SZ25,47.3667,8.55,-2554935,20210705,https://www.bloombergquint.com/onweb/credit-suisse-hires-new-chief-tech-officer-from-goldman-sachs
993523444,20210705,202107,2021,2021.5068,MNCUSA,GOLDMAN SACHS,USA,,,,,MNC,,,CHE,ZURICH,CHE,,,,,,,,1,046,046,04,1,7.0,5,1,5,1.26382306477094,4,"Zurich, ZüSZ, Switzerland",SZ,SZ25,47.3667,8.55,-2554935,4,"Zurich, ZüSZ, Switzerland",SZ,SZ25,47.3667,8.55,-2554935,4,"Zurich, ZüSZ, Switzerland",SZ,SZ25,47.3667,8.55,-2554935,20210705,https://www.bloombergquint.com/onweb/credit-suisse-hires-new-chief-tech-officer-from-goldman-sachs
993524433,20210705,202107,2021,2021.5068,,,,,,,,,,,BUS,BANK,,,,,,BUS,,,0,036,036,03,1,4.0,2,1,2,2.65881875380557,0,,,,,,,4,"La Chicharra, Chihuahua, Mexico",MX,MX06,29.8167,-107.15,-3852057,4,"La Chicharra, Chihuahua, Mexico",MX,MX06,29.8167,-107.15,-3852057,20210705,https://www.streetwisereports.com/article/2021/07/05/mexican-gold-producer-moves-ahead-with-multiple-prospects.html
993524472,20210705,202107,2021,2021.5068,,,,,,,,,,,MEX,MEXICO,MEX,,,,,,,,0,040,040,04,1,1.0,2,1,2,2.65881875380557,0,,,,,,,4,"Cananea, Sonora, Mexico",MX,MX26,30.95,-110.3,-1654973,4,"Cananea, Sonora, Mexico",MX,MX26,30.95,-110.3,-1654973,20210705,https://www.streetwisereports.com/article/2021/07/05/mexican-gold-producer-moves-ahead-with-multiple-prospects.html
993524473,20210705,202107,2021,2021.5068,,,,,,,,,,,MEX,MEXICO,MEX,,,,,,,,1,040,040,04,1,1.0,4,1,4,2.65881875380557,0,,,,,,,4,"La Chicharra, Chihuahua, Mexico",MX,MX06,29.8167,-107.15,-3852057,4,"La Chicharra, Chihuahua, Mexico",MX,MX06,29.8167,-107.15,-3852057,20210705,https://www.streetwisereports.com/article/2021/07/05/mexican-gold-producer-moves-ahead-with-multiple-prospects.html
993524494,20210705,202107,2021,2021.5068,,,,,,,,,,,USA,UNITED STATES,USA,,,,,,,,0,042,042,04,1,1.9,5,1,5,2.65881875380557,0,,,,,,,3,"Sierra Madre, California, United States",US,USCA,34.1617,-118.053,1661439,3,"Sierra Madre, California, United States",US,USCA,34.1617,-118.053,1661439,20210705,https://www.streetwisereports.com/article/2021/07/05/mexican-gold-producer-moves-ahead-with-multiple-prospects.html
993524506,20210705,202107,2021,2021.5068,,,,,,,,,,,USA,UNITED STATES,USA,,,,,,,,0,0874,087,08,2,10.0,3,1,3,2.65881875380557,0,,,,,,,3,"Sierra Madre, California, United States",US,USCA,34.1617,-118.053,1661439,3,"Sierra Madre, California, United States",US,USCA,34.1617,-118.053,1661439,20210705,https://www.streetwisereports.com/article/2021/07/05/mexican-gold-producer-moves-ahead-with-multiple-prospects.html
993524507,20210705,202107,2021,2021.5068,,,,,,,,,,,USA,UNITED STATES,USA,,,,,,,,0,0874,087,08,2,10.0,2,1,2,2.65881875380557,0,,,,,,,3,"Sierra Madre, California, United States",US,USCA,34.1617,-118.053,1661439,3,"San Francisco, California, United States",US,USCA,37.7749,-122.419,277593,20210705,https://www.streetwisereports.com/article/2021/07/05/mexican-gold-producer-moves-ahead-with-multiple-prospects.html
993524508,20210705,202107,2021,2021.5068,,,,,,,,,,,USA,UNITED STATES,USA,,,,,,,,0,0874,087,08,2,10.0,1,1,1,2.65881875380557,0,,,,,,,3,"San Francisco, California, United States",US,USCA,37.7749,-122.419,277593,3,"San Francisco, California, United States",US,USCA,37.7749,-122.419,277593,20210705,https://www.streetwisereports.com/article/2021/07/05/mexican-gold-producer-moves-ahead-with-multiple-prospects.html
993524582,20210705,202107,2021,2021.5068,BUS,BANK,,,,,,BUS,,,,,,,,,,,,,0,036,036,03,1,4.0,6,1,6,2.65881875380557,4,"Mulatos, Sonora, Mexico",MX,MX26,28.65,-108.85,-1684557,0,,,,,,,4,"Mulatos, Sonora, Mexico",MX,MX26,28.65,-108.85,-1684557,20210705,https://www.streetwisereports.com/article/2021/07/05/mexican-gold-producer-moves-ahead-with-multiple-prospects.html
993524583,20210705,202107,2021,2021.5068,BUS,BANK,,,,,,BUS,,,,,,,,,,,,,0,036,036,03,1,4.0,2,1,2,2.65881875380557,4,"La Chicharra, Chihuahua, Mexico",MX,MX06,29.8167,-107.15,-3852057,0,,,,,,,4,"La Chicharra, Chihuahua, Mexico",MX,MX06,29.8167,-107.15,-3852057,20210705,https://www.streetwisereports.com/article/2021/07/05/mexican-gold-producer-moves-ahead-with-multiple-prospects.html
993524589,20210705,202107,2021,2021.5068,BUS,COMPANIES,,,,,,BUS,,,,,,,,,,,,,0,110,110,11,3,-2.0,10,1,10,2.65881875380557,4,"Cananea, Sonora, Mexico",MX,MX26,30.95,-110.3,-1654973,0,,,,,,,4,"Cananea, Sonora, Mexico",MX,MX26,30.95,-110.3,-1654973,20210705,https://www.streetwisereports.com/article/2021/07/05/mexican-gold-producer-moves-ahead-with-multiple-prospects.html
993525000,20210705,202107,2021,2021.5068,MEX,MEXICO,MEX,,,,,,,,,,,,,,,,,,0,010,010,01,1,0.0,4,1,4,2.65881875380557,4,"Cananea, Sonora, Mexico",MX,MX26,30.95,-110.3,-1654973,0,,,,,,,4,"Cananea, Sonora, Mexico",MX,MX26,30.95,-110.3,-1654973,20210705,https://www.streetwisereports.com/article/2021/07/05/mexican-gold-producer-moves-ahead-with-multiple-prospects.html
993525002,20210705,202107,2021,2021.5068,MEX,MEXICO,MEX,,,,,,,,,,,,,,,,,,1,040,040,04,1,1.0,6,1,4,2.65881875380557,4,"Cananea, Sonora, Mexico",MX,MX26,30.95,-110.3,-1654973,0,,,,,,,4,"Cananea, Sonora, Mexico",MX,MX26,30.95,-110.3,-1654973,20210705,https://www.streetwisereports.com/article/2021/07/05/mexican-gold-producer-moves-ahead-with-multiple-prospects.html
993525003,20210705,202107,2021,2021.5068,MEX,MEXICO,MEX,,,,,,,,,,,,,,,,,,0,051,051,05,1,3.4,8,1,4,2.65881875380557,4,"Cananea, Sonora, Mexico",MX,MX26,30.95,-110.3,-1654973,0,,,,,,,4,"Cananea, Sonora, Mexico",MX,MX26,30.95,-110.3,-1654973,20210705,https://www.streetwisereports.com/article/2021/07/05/mexican-gold-producer-moves-ahead-with-multiple-prospects.html
993525006,20210705,202107,2021,2021.5068,MEX,MEXICO,MEX,,,,,,,,BUS,PRODUCER,,,,,,BUS,,,0,036,036,03,1,4.0,2,1,2,2.65881875380557,4,"La Pima, Sonora, Mexico",MX,MX26,30.4833,-111.283,-1676620,4,"La Pima, Sonora, Mexico",MX,MX26,30.4833,-111.283,-1676620,4,"La Pima, Sonora, Mexico",MX,MX26,30.4833,-111.283,-1676620,20210705,https://www.streetwisereports.com/article/2021/07/05/mexican-gold-producer-moves-ahead-with-multiple-prospects.html
993525157,20210705,202107,2021,2021.5068,USA,UNITED STATES,USA,,,,,,,,,,,,,,,,,,0,043,043,04,1,2.8,5,1,5,2.65881875380557,3,"Sierra Madre, California, United States",US,USCA,34.1617,-118.053,1661439,0,,,,,,,3,"Sierra Madre, California, United States",US,USCA,34.1617,-118.053,1661439,20210705,https://www.streetwisereports.com/article/2021/07/05/mexican-gold-producer-moves-ahead-with-multiple-prospects.html
993528369,20210705,202107,2021,2021.5068,USA,UNITED STATES,USA,,,,,,,,,,,,,,,,,,1,130,130,13,3,-4.4,4,1,4,5.34521158129176,3,"Phoenix, Arizona, United States",US,USAZ,33.4484,-112.074,44784,0,,,,,,,3,"Phoenix, Arizona, United States",US,USAZ,33.4484,-112.074,44784,20210705,https://www.abc15.com/news/state/eat-real-gold-1-000-chicken-wings-across-the-street-from-phoenix-suns-arena
993529067,20210705,202107,2021,2021.5068,GRC,GREECE,GRC,,,,,,,,,,,,,,,,,,1,051,051,05,1,3.4,4,1,4,6.18374558303887,4,"Skiathos, Perifereia Thessalias, Greece",GR,GR64,39.1667,23.4833,-828369,0,,,,,,,4,"Skiathos, Perifereia Thessalias, Greece",GR,GR64,39.1667,23.4833,-828369,20210705,http://www.msn.com/en-nz/entertainment/other/goldie-hawn-marks-extra-special-celebration-with-famous-family-while-on-vacation/ar-AALNGZE
993529068,20210705,202107,2021,2021.5068,GRC,GREECE,GRC,,,,,,,,,,,,,,,,,,1,051,051,05,1,3.4,4,1,4,6.18374558303887,3,"Hollywood, California, United States",US,USCA,34.0983,-118.327,1660757,0,,,,,,,3,"Hollywood, California, United States",US,USCA,34.0983,-118.327,1660757,20210705,http://www.msn.com/en-nz/entertainment/other/goldie-hawn-marks-extra-special-celebration-with-famous-family-while-on-vacation/ar-AALNGZE
993535861,20210705,202107,2021,2021.5068,CAN,ONTARIO,CAN,,,,,,,,BUS,COMPANY,,,,,,BUS,,,1,190,190,19,4,-10.0,10,1,10,2.27272727272727,4,"Toronto, Ontario, Canada",CA,CA08,43.6667,-79.4167,-574890,4,"Toronto, Ontario, Canada",CA,CA08,43.6667,-79.4167,-574890,4,"Toronto, Ontario, Canada",CA,CA08,43.6667,-79.4167,-574890,20210705,https://www.canadianminingjournal.com/news/first-mining-suspends-gold-project-in-ontario-due-to-forest-fire/
993538362,20210705,202107,2021,2021.5068,,,,,,,,,,,AUS,AUSTRALIA,AUS,,,,,,,,1,051,051,05,1,3.4,1,1,1,4.14634146341464,0,,,,,,,4,"Goldsmiths, Queensland, Australia",AS,AS04,-18.6667,143.683,11457968,4,"Goldsmiths, Queensland, Australia",AS,AS04,-18.6667,143.683,11457968,20210705,https://www.lawyersweekly.com.au/sme-law/31834-rostron-carlyle-rojas-incorporates-goldsmiths
993538363,20210705,202107,2021,2021.5068,,,,,,,,,,,AUS,AUSTRALIA,AUS,,,,,,,,1,052,052,05,1,3.5,1,1,1,4.14634146341464,0,,,,,,,4,"Goldsmiths, Queensland, Australia",AS,AS04,-18.6667,143.683,11457968,4,"Goldsmiths, Queensland, Australia",AS,AS04,-18.6667,143.683,11457968,20210705,https://www.lawyersweekly.com.au/sme-law/31834-rostron-carlyle-rojas-incorporates-goldsmiths
993538458,20210705,202107,2021,2021.5068,AUS,SYDNEY,AUS,,,,,,,,,,,,,,,,,,1,051,051,05,1,3.4,7,1,7,4.14634146341464,4,"Goldsmiths, Queensland, Australia",AS,AS04,-18.6667,143.683,11457968,0,,,,,,,4,"Goldsmiths, Queensland, Australia",AS,AS04,-18.6667,143.683,11457968,20210705,https://www.lawyersweekly.com.au/sme-law/31834-rostron-carlyle-rojas-incorporates-goldsmiths
993538463,20210705,202107,2021,2021.5068,AUS,SYDNEY,AUS,,,,,,,,AUSJUD,SYDNEY,AUS,,,,,JUD,,,1,051,051,05,1,3.4,6,1,6,4.14634146341464,4,"Sydney, New South Wales, Australia",AS,AS02,-33.8833,151.217,-1603135,4,"Sydney, New South Wales, Australia",AS,AS02,-33.8833,151.217,-1603135,4,"Goldsmiths, Queensland, Australia",AS,AS04,-18.6667,143.683,11457968,20210705,https://www.lawyersweekly.com.au/sme-law/31834-rostron-carlyle-rojas-incorporates-goldsmiths
993538464,20210705,202107,2021,2021.5068,AUS,AUSTRALIA,AUS,,,,,,,,AUSJUD,AUSTRALIA,AUS,,,,,JUD,,,1,051,051,05,1,3.4,1,1,1,4.14634146341464,4,"Goldsmiths, Queensland, Australia",AS,AS04,-18.6667,143.683,11457968,4,"Goldsmiths, Queensland, Australia",AS,AS04,-18.6667,143.683,11457968,4,"Goldsmiths, Queensland, Australia",AS,AS04,-18.6667,143.683,11457968,20210705,https://www.lawyersweekly.com.au/sme-law/31834-rostron-carlyle-rojas-incorporates-goldsmiths
993538469,20210705,202107,2021,2021.5068,AUSJUD,AUSTRALIA,AUS,,,,,JUD,,,AUS,AUSTRALIA,AUS,,,,,,,,1,051,051,05,1,3.4,1,1,1,4.14634146341464,4,"Sydney, New South Wales, Australia",AS,AS02,-33.8833,151.217,-1603135,4,"Goldsmiths, Queensland, Australia",AS,AS04,-18.6667,143.683,11457968,4,"Goldsmiths, Queensland, Australia",AS,AS04,-18.6667,143.683,11457968,20210705,https://www.lawyersweekly.com.au/sme-law/31834-rostron-carlyle-rojas-incorporates-goldsmiths
993538470,20210705,202107,2021,2021.5068,AUSJUD,AUSTRALIA,AUS,,,,,JUD,,,AUS,AUSTRALIA,AUS,,,,,,,,1,051,051,05,1,3.4,1,1,1,4.14634146341464,4,"Goldsmiths, Queensland, Australia",AS,AS04,-18.6667,143.683,11457968,4,"Goldsmiths, Queensland, Australia",AS,AS04,-18.6667,143.683,11457968,4,"Goldsmiths, Queensland, Australia",AS,AS04,-18.6667,143.683,11457968,20210705,https://www.lawyersweekly.com.au/sme-law/31834-rostron-carlyle-rojas-incorporates-goldsmiths
993538471,20210705,202107,2021,2021.5068,AUSJUD,AUSTRALIA,AUS,,,,,JUD,,,AUS,AUSTRALIA,AUS,,,,,,,,1,052,052,05,1,3.5,1,1,1,4.14634146341464,4,"Goldsmiths, Queensland, Australia",AS,AS04,-18.6667,143.683,11457968,4,"Goldsmiths, Queensland, Australia",AS,AS04,-18.6667,143.683,11457968,4,"Goldsmiths, Queensland, Australia",AS,AS04,-18.6667,143.683,11457968,20210705,https://www.lawyersweekly.com.au/sme-law/31834-rostron-carlyle-rojas-incorporates-goldsmiths
