GLOBALEVENTID,SQLDATE,MonthYear,Year,FractionDate,Actor1Code,Actor1Name,Actor1CountryCode,Actor1KnownGroupCode,Actor1EthnicCode,Actor1Religion1Code,Actor1Religion2Code,Actor1Type1Code,Actor1Type2Code,Actor1Type3Code,Actor2Code,Actor2Name,Actor2CountryCode,Actor2KnownGroupCode,Actor2EthnicCode,Actor2Religion1Code,Actor2Religion2Code,Actor2Type1Code,Actor2Type2Code,Actor2Type3Code,IsRootEvent,EventCode,EventBaseCode,EventRootCode,QuadClass,GoldsteinScale,NumMentions,NumSources,NumArticles,AvgTone,Actor1Geo_Type,Actor1Geo_FullName,Actor1Geo_CountryCode,Actor1Geo_ADM1Code,Actor1Geo_Lat,Actor1Geo_Long,Actor1Geo_FeatureID,Actor2Geo_Type,Actor2Geo_FullName,Actor2Geo_CountryCode,Actor2Geo_ADM1Code,Actor2Geo_Lat,Actor2Geo_Long,Actor2Geo_FeatureID,ActionGeo_Type,ActionGeo_FullName,ActionGeo_CountryCode,ActionGeo_ADM1Code,ActionGeo_Lat,ActionGeo_Long,ActionGeo_FeatureID,DATEADDED,SOURCEURL
963040158,20210107,202101,2021,2021.0192,AUS,AUSTRALIAN,AUS,,,,,,,,GOV,MINIST FOR TRADE,,,,,,GOV,,,0,040,040,04,1,1.0,20,2,20,-0.31948881789137,4,"Sydney, New South Wales, Australia",AS,AS02,-33.8833,151.217,-1603135,4,"Sydney, New South Wales, Australia",AS,AS02,-33.8833,151.217,-1603135,4,"Sydney, New South Wales, Australia",AS,AS02,-33.8833,151.217,-1603135,20210107,https://www.watoday.com.au/national/western-australia/he-gets-the-golden-ticket-i-get-the-bullet-commonwealth-ignores-flaw-that-will-end-most-wa-travel-agents-20210106-p56s41.html
963040987,20210107,202101,2021,2021.0192,GOV,MINIST FOR TRADE,,,,,,GOV,,,,,,,,,,,,,0,030,030,03,1,4.0,14,2,14,-0.31948881789137,4,"Sydney, New South Wales, Australia",AS,AS02,-33.8833,151.217,-1603135,0,,,,,,,4,"Sydney, New South Wales, Australia",AS,AS02,-33.8833,151.217,-1603135,20210107,https://www.watoday.com.au/national/western-australia/he-gets-the-golden-ticket-i-get-the-bullet-commonwealth-ignores-flaw-that-will-end-most-wa-travel-agents-20210106-p56s41.html
963041082,20210107,202101,2021,2021.0192,GOV,MINIST FOR TRADE,,,,,,GOV,,,AUS,AUSTRALIAN,AUS,,,,,,,,0,040,040,04,1,1.0,20,2,20,-0.31948881789137,4,"Sydney, New South Wales, Australia",AS,AS02,-33.8833,151.217,-1603135,4,"Sydney, New South Wales, Australia",AS,AS02,-33.8833,151.217,-1603135,4,"Sydney, New South Wales, Australia",AS,AS02,-33.8833,151.217,-1603135,20210107,https://www.watoday.com.au/national/western-australia/he-gets-the-golden-ticket-i-get-the-bullet-commonwealth-ignores-flaw-that-will-end-most-wa-travel-agents-20210106-p56s41.html
963041087,20210107,202101,2021,2021.0192,GOV,MINIST FOR TRADE,,,,,,GOV,,,AUS,AUSTRALIAN,AUS,,,,,,,,0,051,051,05,1,3.4,20,2,20,-0.31948881789137,4,"Sydney, New South Wales, Australia",AS,AS02,-33.8833,151.217,-1603135,4,"Sydney, New South Wales, Australia",AS,AS02,-33.8833,151.217,-1603135,4,"Sydney, New South Wales, Australia",AS,AS02,-33.8833,151.217,-1603135,20210107,https://www.watoday.com.au/national/western-australia/he-gets-the-golden-ticket-i-get-the-bullet-commonwealth-ignores-flaw-that-will-end-most-wa-travel-agents-20210106-p56s41.html
963045044,20210107,202101,2021,2021.0192,GOVBUS,PREMIER,,,,,,GOV,BUS,,BUS,INDUSTRY,,,,,,BUS,,,1,051,051,05,1,3.4,5,1,5,11.5858073859522,1,United States,US,US,39.828175,-98.5795,US,1,United States,US,US,39.828175,-98.5795,US,1,United States,US,US,39.828175,-98.5795,US,20210107,https://www.thetelegraph.com/business/press-releases/article/The-Golden-Bridge-Awards-Issues-Call-for-2021-15850023.php
963046121,20210107,202101,2021,2021.0192,USA,CALIF,USA,,,,,,,,BUS,INDUSTRY,,,,,,BUS,,,1,051,051,05,1,3.4,27,6,27,1.95675365656526,1,United States,US,US,39.828175,-98.5795,US,1,United States,US,US,39.828175,-98.5795,US,1,United States,US,US,39.828175,-98.5795,US,20210107,https://www.thetelegraph.com/business/press-releases/article/The-Golden-Bridge-Awards-Issues-Call-for-2021-15850023.php
963051001,20210107,202101,2021,2021.0192,USA,UNITED STATES,USA,,,,,,,,USACVL,UNITED STATES,USA,,,,,CVL,,,1,020,020,02,1,3.0,2,1,2,1.43979057591623,2,"Georgia, United States",US,USGA,32.9866,-83.6487,GA,2,"Georgia, United States",US,USGA,32.9866,-83.6487,GA,2,"Georgia, United States",US,USGA,32.9866,-83.6487,GA,20210107,https://www.dailymail.co.uk/tvshowbiz/article-9120349/Whoopi-Goldberg-SHUTS-Meghan-McCain-View-interview-Senator-elect-Rev-Warnock.html
963064169,20210107,202101,2021,2021.0192,BUS,BANK,,,,,,BUS,,,GOV,GOVERNMENT,,,,,,GOV,,,1,046,046,04,1,7.0,10,1,10,1.29151291512915,4,"London, London, City of, United Kingdom",UK,UKH9,51.5,-0.116667,-2601889,4,"London, London, City of, United Kingdom",UK,UKH9,51.5,-0.116667,-2601889,4,"London, London, City of, United Kingdom",UK,UKH9,51.5,-0.116667,-2601889,20210107,https://www.telegraph.co.uk/business/2021/01/06/richard-sharp-former-goldman-banker-set-next-bbc-chairman/
963064507,20210107,202101,2021,2021.0192,GOV,GOVERNMENT,,,,,,GOV,,,BUS,BANK,,,,,,BUS,,,1,046,046,04,1,7.0,10,1,10,1.29151291512915,4,"London, London, City of, United Kingdom",UK,UKH9,51.5,-0.116667,-2601889,4,"London, London, City of, United Kingdom",UK,UKH9,51.5,-0.116667,-2601889,4,"London, London, City of, United Kingdom",UK,UKH9,51.5,-0.116667,-2601889,20210107,https://www.telegraph.co.uk/business/2021/01/06/richard-sharp-former-goldman-banker-set-next-bbc-chairman/
963066238,20210107,202101,2021,2021.0192,,,,,,,,,,,AUS,AUSTRALIA,AUS,,,,,,,,1,060,060,06,2,6.0,2,1,2,0.72815533980582,0,,,,,,,4,"Aroona, South Australia, Australia",AS,AS05,-31.2667,138.567,-1556295,4,"Aroona, South Australia, Australia",AS,AS05,-31.2667,138.567,-1556295,20210107,https://www.sunshinecoastdaily.com.au/news/local-family-pounce-on-investment-at-golden-beach/4169304/
963066239,20210107,202101,2021,2021.0192,,,,,,,,,,,AUS,AUSTRALIA,AUS,,,,,,,,1,060,060,06,2,6.0,4,1,4,0.72815533980582,0,,,,,,,4,"Golden Beach, Queensland, Australia",AS,AS04,-26.8212,153.122,11423468,4,"Golden Beach, Queensland, Australia",AS,AS04,-26.8212,153.122,11423468,20210107,https://www.sunshinecoastdaily.com.au/news/local-family-pounce-on-investment-at-golden-beach/4169304/
963066240,20210107,202101,2021,2021.0192,,,,,,,,,,,AUS,AUSTRALIA,AUS,,,,,,,,1,060,060,06,2,6.0,2,1,2,0.72815533980582,0,,,,,,,4,"Golden Beach, Queensland, Australia",AS,AS04,-26.8212,153.122,11423468,4,"Rainbow Beach, Queensland, Australia",AS,AS04,-25.9044,153.091,11430666,20210107,https://www.sunshinecoastdaily.com.au/news/local-family-pounce-on-investment-at-golden-beach/4169304/
963068393,20210107,202101,2021,2021.0192,,,,,,,,,,,COP,POLICE,,,,,,COP,,,0,043,043,04,1,2.8,16,1,16,-4.95495495495496,0,,,,,,,4,"Guildford, Western Australia, Australia",AS,AS08,-31.9,115.967,-1576839,4,"Guildford, Western Australia, Australia",AS,AS08,-31.9,115.967,-1576839,20210107,https://www.goldcoastbulletin.com.au/breaking-news/police-take-action-against-eight-people-after-breaches-of-sydney-health-orders/news-story/6fbbbe30f05c066897c2d91cc3c98f87?nk=3d0e1a1a6d20d0726b015c72fcc8d121-1609985030
963068394,20210107,202101,2021,2021.0192,,,,,,,,,,,COP,POLICE,,,,,,COP,,,0,043,043,04,1,2.8,4,1,4,-4.95495495495496,0,,,,,,,4,"Sydney, New South Wales, Australia",AS,AS02,-33.8833,151.217,-1603135,4,"Sydney, New South Wales, Australia",AS,AS02,-33.8833,151.217,-1603135,20210107,https://www.goldcoastbulletin.com.au/breaking-news/police-take-action-against-eight-people-after-breaches-of-sydney-health-orders/news-story/6fbbbe30f05c066897c2d91cc3c98f87?nk=3d0e1a1a6d20d0726b015c72fcc8d121-1609985030
963068556,20210107,202101,2021,2021.0192,AUS,AUSTRALIA,AUS,,,,,,,,,,,,,,,,,,0,040,040,04,1,1.0,8,1,8,-4.95495495495496,4,"Parramatta, New South Wales, Australia",AS,AS02,-33.8167,151,-1594034,0,,,,,,,4,"Parramatta, New South Wales, Australia",AS,AS02,-33.8167,151,-1594034,20210107,https://www.goldcoastbulletin.com.au/breaking-news/police-take-action-against-eight-people-after-breaches-of-sydney-health-orders/news-story/6fbbbe30f05c066897c2d91cc3c98f87?nk=3d0e1a1a6d20d0726b015c72fcc8d121-1609985030
963068559,20210107,202101,2021,2021.0192,AUS,AUSTRALIA,AUS,,,,,,,,,,,,,,,,,,0,128,128,12,3,-5.0,8,1,8,-4.95495495495496,4,"Parramatta, New South Wales, Australia",AS,AS02,-33.8167,151,-1594034,0,,,,,,,4,"Sydney, New South Wales, Australia",AS,AS02,-33.8833,151.217,-1603135,20210107,https://www.goldcoastbulletin.com.au/breaking-news/police-take-action-against-eight-people-after-breaches-of-sydney-health-orders/news-story/6fbbbe30f05c066897c2d91cc3c98f87?nk=3d0e1a1a6d20d0726b015c72fcc8d121-1609985030
963068603,20210107,202101,2021,2021.0192,BUS,BUSINESS,,,,,,BUS,,,AUS,AUSTRALIA,AUS,,,,,,,,0,010,010,01,1,0.0,8,1,8,-4.95495495495496,4,"Parramatta, New South Wales, Australia",AS,AS02,-33.8167,151,-1594034,4,"Parramatta, New South Wales, Australia",AS,AS02,-33.8167,151,-1594034,4,"Parramatta, New South Wales, Australia",AS,AS02,-33.8167,151,-1594034,20210107,https://www.goldcoastbulletin.com.au/breaking-news/police-take-action-against-eight-people-after-breaches-of-sydney-health-orders/news-story/6fbbbe30f05c066897c2d91cc3c98f87?nk=3d0e1a1a6d20d0726b015c72fcc8d121-1609985030
963068708,20210107,202101,2021,2021.0192,COP,POLICE,,,,,,COP,,,,,,,,,,,,,0,042,042,04,1,1.9,16,1,16,-4.95495495495496,4,"Guildford, Western Australia, Australia",AS,AS08,-31.9,115.967,-1576839,0,,,,,,,4,"Guildford, Western Australia, Australia",AS,AS08,-31.9,115.967,-1576839,20210107,https://www.goldcoastbulletin.com.au/breaking-news/police-take-action-against-eight-people-after-breaches-of-sydney-health-orders/news-story/6fbbbe30f05c066897c2d91cc3c98f87?nk=3d0e1a1a6d20d0726b015c72fcc8d121-1609985030
963068709,20210107,202101,2021,2021.0192,COP,POLICE,,,,,,COP,,,,,,,,,,,,,0,042,042,04,1,1.9,4,1,4,-4.95495495495496,4,"Sydney, New South Wales, Australia",AS,AS02,-33.8833,151.217,-1603135,0,,,,,,,4,"Sydney, New South Wales, Australia",AS,AS02,-33.8833,151.217,-1603135,20210107,https://www.goldcoastbulletin.com.au/breaking-news/police-take-action-against-eight-people-after-breaches-of-sydney-health-orders/news-story/6fbbbe30f05c066897c2d91cc3c98f87?nk=3d0e1a1a6d20d0726b015c72fcc8d121-1609985030
963068950,20210107,202101,2021,2021.0192,GOV,GOVERNMENT,,,,,,GOV,,,,,,,,,,,,,0,141,141,14,3,-6.5,8,1,8,-4.95495495495496,4,"Parramatta, New South Wales, Australia",AS,AS02,-33.8167,151,-1594034,0,,,,,,,4,"Parramatta, New South Wales, Australia",AS,AS02,-33.8167,151,-1594034,20210107,https://www.goldcoastbulletin.com.au/breaking-news/police-take-action-against-eight-people-after-breaches-of-sydney-health-orders/news-story/6fbbbe30f05c066897c2d91cc3c98f87?nk=3d0e1a1a6d20d0726b015c72fcc8d121-1609985030
963068951,20210107,202101,2021,2021.0192,GOV,GOVERNMENT,,,,,,GOV,,,,,,,,,,,,,0,141,141,14,3,-6.5,12,1,12,-4.95495495495496,4,"Sydney, New South Wales, Australia",AS,AS02,-33.8833,151.217,-1603135,0,,,,,,,4,"Sydney, New South Wales, Australia",AS,AS02,-33.8833,151.217,-1603135,20210107,https://www.goldcoastbulletin.com.au/breaking-news/police-take-action-against-eight-people-after-breaches-of-sydney-health-orders/news-story/6fbbbe30f05c066897c2d91cc3c98f87?nk=3d0e1a1a6d20d0726b015c72fcc8d121-1609985030
963069400,20210107,202101,2021,2021.0192,NZLCVL,NEW ZEALAND,NZL,,,,,CVL,,,USA,UNITED STATES,USA,,,,,,,,1,042,042,04,1,1.9,20,1,20,-4.95495495495496,4,"Guildford, Western Australia, Australia",AS,AS08,-31.9,115.967,-1576839,4,"Guildford, Western Australia, Australia",AS,AS08,-31.9,115.967,-1576839,4,"Guildford, Western Australia, Australia",AS,AS08,-31.9,115.967,-1576839,20210107,https://www.goldcoastbulletin.com.au/breaking-news/police-take-action-against-eight-people-after-breaches-of-sydney-health-orders/news-story/6fbbbe30f05c066897c2d91cc3c98f87?nk=3d0e1a1a6d20d0726b015c72fcc8d121-1609985030
963069439,20210107,202101,2021,2021.0192,OPP,PROTESTER,,,,,,OPP,,,COP,POLICE,,,,,,COP,,,1,190,190,19,4,-10.0,3,1,3,-3.76432078559738,3,"Washington, District of Columbia, United States",US,USDC,38.8951,-77.0364,531871,3,"Hollywood, California, United States",US,USCA,34.0983,-118.327,1660757,3,"Hollywood, California, United States",US,USCA,34.0983,-118.327,1660757,20210107,https://www.goldcoastbulletin.com.au/entertainment/darkest-day-in-american-history-celebs-speak-out-on-us-chaos/news-story/eb3eef7bbd2db5d4f880f9bd52de5d7d?nk=c5c4c9046ec03c0c6f2ea3e3358434a5-1609984958
963069874,20210107,202101,2021,2021.0192,USA,UNITED STATES,USA,,,,,,,,NZLCVL,NEW ZEALAND,NZL,,,,,CVL,,,1,043,043,04,1,2.8,4,1,4,-4.95495495495496,1,New Zealand,NZ,NZ,-42,174,NZ,1,New Zealand,NZ,NZ,-42,174,NZ,1,New Zealand,NZ,NZ,-42,174,NZ,20210107,https://www.goldcoastbulletin.com.au/breaking-news/police-take-action-against-eight-people-after-breaches-of-sydney-health-orders/news-story/6fbbbe30f05c066897c2d91cc3c98f87?nk=3d0e1a1a6d20d0726b015c72fcc8d121-1609985030
963069875,20210107,202101,2021,2021.0192,USA,UNITED STATES,USA,,,,,,,,NZLCVL,NEW ZEALAND,NZL,,,,,CVL,,,1,043,043,04,1,2.8,16,1,16,-4.95495495495496,1,United States,US,US,39.828175,-98.5795,US,1,New Zealand,NZ,NZ,-42,174,NZ,1,New Zealand,NZ,NZ,-42,174,NZ,20210107,https://www.goldcoastbulletin.com.au/breaking-news/police-take-action-against-eight-people-after-breaches-of-sydney-health-orders/news-story/6fbbbe30f05c066897c2d91cc3c98f87?nk=3d0e1a1a6d20d0726b015c72fcc8d121-1609985030
963075253,20210107,202101,2021,2021.0192,GOV,GOVERNMENT,,,,,,GOV,,,,,,,,,,,,,1,010,010,01,1,0.0,40,3,40,-8.07692307692308,4,"Wuhan, Hubei, China",CH,CH12,30.5833,114.267,-1930776,0,,,,,,,4,"Wuhan, Hubei, China",CH,CH12,30.5833,114.267,-1930776,20210107,https://www.torontosun.com/opinion/columnists/goldstein-politicians-have-lost-the-moral-authority-to-lead-in-a-pandemic
963075263,20210107,202101,2021,2021.0192,GOV,GOVERNMENT,,,,,,GOV,,,,,,,,,,,,,1,020,020,02,1,3.0,40,3,40,-8.07692307692308,4,"Wuhan, Hubei, China",CH,CH12,30.5833,114.267,-1930776,0,,,,,,,4,"Wuhan, Hubei, China",CH,CH12,30.5833,114.267,-1930776,20210107,https://www.torontosun.com/opinion/columnists/goldstein-politicians-have-lost-the-moral-authority-to-lead-in-a-pandemic
963085639,20201231,202012,2020,2020.9890,GHA,GHANA,GHA,,,,,,,,NZL,NEW ZEALAND,NZL,,,,,,,,0,043,043,04,1,2.8,12,1,12,1.58730652466033,1,Ghana,GH,GH,8,-2,GH,1,New Zealand,NZ,NZ,-42,174,NZ,1,New Zealand,NZ,NZ,-42,174,NZ,20210107,https://www.stuff.co.nz/travel/news/123888159/passengers-wanted-for-nzgold-coast-private-jet-flight-starting-price-3000
963085640,20201231,202012,2020,2020.9890,GHA,GHANA,GHA,,,,,,,,NZL,NEW ZEALAND,NZL,,,,,,,,0,043,043,04,1,2.8,4,1,4,1.58730652466033,1,New Zealand,NZ,NZ,-42,174,NZ,1,Ghana,GH,GH,8,-2,GH,1,Ghana,GH,GH,8,-2,GH,20210107,https://www.stuff.co.nz/travel/news/123888159/passengers-wanted-for-nzgold-coast-private-jet-flight-starting-price-3000
963085641,20201231,202012,2020,2020.9890,NZL,NEW ZEALAND,NZL,,,,,,,,GHA,GHANA,GHA,,,,,,,,0,042,042,04,1,1.9,4,1,4,1.58730652466033,1,Ghana,GH,GH,8,-2,GH,1,New Zealand,NZ,NZ,-42,174,NZ,1,Ghana,GH,GH,8,-2,GH,20210107,https://www.stuff.co.nz/travel/news/123888159/passengers-wanted-for-nzgold-coast-private-jet-flight-starting-price-3000
963085642,20201231,202012,2020,2020.9890,NZL,NEW ZEALAND,NZL,,,,,,,,GHA,GHANA,GHA,,,,,,,,0,042,042,04,1,1.9,12,1,12,1.58730652466033,1,New Zealand,NZ,NZ,-42,174,NZ,1,Ghana,GH,GH,8,-2,GH,1,New Zealand,NZ,NZ,-42,174,NZ,20210107,https://www.stuff.co.nz/travel/news/123888159/passengers-wanted-for-nzgold-coast-private-jet-flight-starting-price-3000
963085652,20210107,202101,2021,2021.0192,,,,,,,,,,,AUS,MELBOURNE,AUS,,,,,,,,1,071,071,07,2,7.4,10,1,10,6.35696821515892,0,,,,,,,1,Denmark,DA,DA,56,10,DA,1,Denmark,DA,DA,56,10,DA,20210107,https://investingnews.com/daily/australia-investing/gold-in-victoria/
963085655,20210107,202101,2021,2021.0192,,,,,,,,,,,BUS,BUSINESS,,,,,,BUS,,,1,040,040,04,1,1.0,5,1,5,-5.28255528255528,0,,,,,,,4,"Rusape, Manicaland, Zimbabwe",ZI,ZI01,-18.5279,32.1284,-2320561,4,"Rusape, Manicaland, Zimbabwe",ZI,ZI01,-18.5279,32.1284,-2320561,20210107,https://www.manicapost.co.zw/no-glitters-in-the-golden-leaf/
963085778,20210107,202101,2021,2021.0192,AUS,AUSTRALIA,AUS,,,,,,,,,,,,,,,,,,0,020,020,02,1,3.0,12,1,12,1.58730652466033,4,"Noosa, Queensland, Australia",AS,AS04,-26.3943,153.09,-1591864,0,,,,,,,4,"Noosa, Queensland, Australia",AS,AS04,-26.3943,153.09,-1591864,20210107,https://www.stuff.co.nz/travel/news/123888159/passengers-wanted-for-nzgold-coast-private-jet-flight-starting-price-3000
963085780,20210107,202101,2021,2021.0192,AUS,AUSTRALIAN,AUS,,,,,,,,,,,,,,,,,,0,020,020,02,1,3.0,4,1,4,1.58730652466033,1,New Zealand,NZ,NZ,-42,174,NZ,0,,,,,,,4,"Noosa, Queensland, Australia",AS,AS04,-26.3943,153.09,-1591864,20210107,https://www.stuff.co.nz/travel/news/123888159/passengers-wanted-for-nzgold-coast-private-jet-flight-starting-price-3000
963085781,20210107,202101,2021,2021.0192,AUS,AUSTRALIA,AUS,,,,,,,,,,,,,,,,,,0,020,020,02,1,3.0,4,1,4,1.58730652466033,1,New Zealand,NZ,NZ,-42,174,NZ,0,,,,,,,1,New Zealand,NZ,NZ,-42,174,NZ,20210107,https://www.stuff.co.nz/travel/news/123888159/passengers-wanted-for-nzgold-coast-private-jet-flight-starting-price-3000
963085795,20210107,202101,2021,2021.0192,AUS,MELBOURNE,AUS,,,,,,,,BUS,COMPANIES,,,,,,BUS,,,1,043,043,04,1,2.8,3,1,3,6.35696821515892,4,"Melbourne, Victoria, Australia",AS,AS07,-37.8167,144.967,-1586844,4,"Melbourne, Victoria, Australia",AS,AS07,-37.8167,144.967,-1586844,4,"Fosterville, Victoria, Australia",AS,AS07,-36.7,144.5,-1573938,20210107,https://investingnews.com/daily/australia-investing/gold-in-victoria/
963085821,20210107,202101,2021,2021.0192,BUS,BUSINESS,,,,,,BUS,,,,,,,,,,,,,1,040,040,04,1,1.0,5,1,5,-5.28255528255528,4,"Rusape, Manicaland, Zimbabwe",ZI,ZI01,-18.5279,32.1284,-2320561,0,,,,,,,4,"Rusape, Manicaland, Zimbabwe",ZI,ZI01,-18.5279,32.1284,-2320561,20210107,https://www.manicapost.co.zw/no-glitters-in-the-golden-leaf/
963085828,20210107,202101,2021,2021.0192,BUS,COMPANIES,,,,,,BUS,,,AUS,MELBOURNE,AUS,,,,,,,,1,042,042,04,1,1.9,3,1,3,6.35696821515892,4,"Melbourne, Victoria, Australia",AS,AS07,-37.8167,144.967,-1586844,4,"Melbourne, Victoria, Australia",AS,AS07,-37.8167,144.967,-1586844,4,"Fosterville, Victoria, Australia",AS,AS07,-36.7,144.5,-1573938,20210107,https://investingnews.com/daily/australia-investing/gold-in-victoria/
963085832,20210107,202101,2021,2021.0192,BUS,INDUSTRY,,,,,,BUS,,,MNCGBR,RIO TINTO,GBR,,,,,MNC,,,1,042,042,04,1,1.9,5,1,5,6.35696821515892,4,"Fosterville, Victoria, Australia",AS,AS07,-36.7,144.5,-1573938,4,"Melbourne, Victoria, Australia",AS,AS07,-37.8167,144.967,-1586844,4,"Fosterville, Victoria, Australia",AS,AS07,-36.7,144.5,-1573938,20210107,https://investingnews.com/daily/australia-investing/gold-in-victoria/
963086041,20210107,202101,2021,2021.0192,GOV,CHIEF EXECUTIVE,,,,,,GOV,,,AGR,FARMER,,,,,,AGR,,,0,060,060,06,2,6.0,10,1,10,-5.28255528255528,4,"Rusape, Manicaland, Zimbabwe",ZI,ZI01,-18.5279,32.1284,-2320561,4,"Rusape, Manicaland, Zimbabwe",ZI,ZI01,-18.5279,32.1284,-2320561,4,"Rusape, Manicaland, Zimbabwe",ZI,ZI01,-18.5279,32.1284,-2320561,20210107,https://www.manicapost.co.zw/no-glitters-in-the-golden-leaf/
963086339,20210107,202101,2021,2021.0192,MNCGBR,RIO TINTO,GBR,,,,,MNC,,,BUS,INDUSTRY,,,,,,BUS,,,1,043,043,04,1,2.8,5,1,5,6.35696821515892,4,"Melbourne, Victoria, Australia",AS,AS07,-37.8167,144.967,-1586844,4,"Fosterville, Victoria, Australia",AS,AS07,-36.7,144.5,-1573938,4,"Fosterville, Victoria, Australia",AS,AS07,-36.7,144.5,-1573938,20210107,https://investingnews.com/daily/australia-investing/gold-in-victoria/
963087272,20210107,202101,2021,2021.0192,COP,DEPUTY,,,,,,COP,,,CVL,RESIDENTS,,,,,,CVL,,,1,013,013,01,1,0.4,10,1,10,-0.96711798839458,0,,,,,,,0,,,,,,,0,,,,,,,20210107,https://www.dailyfreeman.com/news/local-news/golden-hill-other-nursing-homes-in-ulster-county-hit-hard-by-second-wave-of-covid/article_6bc5e68a-5043-11eb-9d79-334942be2fcd.html
963087913,20210107,202101,2021,2021.0192,USA,UNITED STATES,USA,,,,,,,,,,,,,,,,,,1,040,040,04,1,1.0,6,1,6,2.04081632653061,3,"Berkeley, California, United States",US,USCA,37.8716,-122.273,1658037,0,,,,,,,3,"Berkeley, California, United States",US,USCA,37.8716,-122.273,1658037,20210107,https://www.dailycal.org/2021/01/06/ca-gov-gavin-newsom-announces-golden-state-stimulus-proposal/
963092017,20210107,202101,2021,2021.0192,,,,,,,,,,,AUS,AUSTRALIAN,AUS,,,,,,,,1,050,050,05,1,3.5,4,1,4,0.94191522762951,0,,,,,,,4,"Mount Chalmers, Queensland, Australia",AS,AS04,-23.3,150.65,-1589222,4,"Mount Chalmers, Queensland, Australia",AS,AS04,-23.3,150.65,-1589222,20210107,https://www.themorningbulletin.com.au/news/another-dormant-rocky-goldmine-could-be-revived/4169364/
963092018,20210107,202101,2021,2021.0192,,,,,,,,,,,AUS,AUSTRALIAN,AUS,,,,,,,,1,050,050,05,1,3.5,3,1,3,0.94191522762951,0,,,,,,,4,"Mount Morgan, Queensland, Australia",AS,AS04,-23.6453,150.389,-1589442,4,"Mount Morgan, Queensland, Australia",AS,AS04,-23.6453,150.389,-1589442,20210107,https://www.themorningbulletin.com.au/news/another-dormant-rocky-goldmine-could-be-revived/4169364/
963092019,20210107,202101,2021,2021.0192,,,,,,,,,,,AUS,AUSTRALIA,AUS,,,,,,,,0,130,130,13,3,-4.4,4,1,4,0.94191522762951,0,,,,,,,4,"Mount Chalmers, Queensland, Australia",AS,AS04,-23.3,150.65,-1589222,4,"Mount Chalmers, Queensland, Australia",AS,AS04,-23.3,150.65,-1589222,20210107,https://www.themorningbulletin.com.au/news/another-dormant-rocky-goldmine-could-be-revived/4169364/
963092158,20210107,202101,2021,2021.0192,AUS,AUSTRALIAN,AUS,,,,,,,,,,,,,,,,,,1,050,050,05,1,3.5,7,1,7,0.94191522762951,4,"Mount Chalmers, Queensland, Australia",AS,AS04,-23.3,150.65,-1589222,0,,,,,,,4,"Mount Chalmers, Queensland, Australia",AS,AS04,-23.3,150.65,-1589222,20210107,https://www.themorningbulletin.com.au/news/another-dormant-rocky-goldmine-could-be-revived/4169364/
963092161,20210107,202101,2021,2021.0192,AUS,AUSTRALIA,AUS,,,,,,,,,,,,,,,,,,0,130,130,13,3,-4.4,4,1,4,0.94191522762951,4,"Mount Chalmers, Queensland, Australia",AS,AS04,-23.3,150.65,-1589222,0,,,,,,,4,"Mount Chalmers, Queensland, Australia",AS,AS04,-23.3,150.65,-1589222,20210107,https://www.themorningbulletin.com.au/news/another-dormant-rocky-goldmine-could-be-revived/4169364/
963103331,20210107,202101,2021,2021.0192,COP,POLICE,,,,,,COP,,,IND,MUMBAI,IND,,,,,,,,1,173,173,17,4,-5.0,14,4,14,-4.39138432523913,4,"Mumbai, Maharashtra, India",IN,IN16,18.975,72.8258,-2092174,4,"Mumbai, Maharashtra, India",IN,IN16,18.975,72.8258,-2092174,4,"Mumbai, Maharashtra, India",IN,IN16,18.975,72.8258,-2092174,20210107,https://www.mid-day.com/articles/mumbai-crime-tiktok-star-stole-gold-cash-from-friend-s-andheri-flat-arrested/23181207
963103332,20210107,202101,2021,2021.0192,COP,POLICE,,,,,,COP,,,IND,MUMBAI,IND,,,,,,,,0,173,173,17,4,-5.0,2,1,2,-3.70370370370371,4,"Mumbai, Maharashtra, India",IN,IN16,18.975,72.8258,-2092174,4,"Mumbai, Maharashtra, India",IN,IN16,18.975,72.8258,-2092174,4,"Juhu, Maharashtra, India",IN,IN16,19.1,72.8167,-2098756,20210107,https://www.mid-day.com/articles/mumbai-crime-tiktok-star-stole-gold-cash-from-friend-s-andheri-flat-arrested/23181207
963106008,20210107,202101,2021,2021.0192,,,,,,,,,,,MLI,MALI,MLI,,,,,,,,1,043,043,04,1,2.8,20,4,20,1.22007583545511,0,,,,,,,4,"Bamako, Bamako, Mali",ML,ML01,12.65,-8,-1064708,4,"Bamako, Bamako, Mali",ML,ML01,12.65,-8,-1064708,20210107,https://www.investegate.co.uk/altus-strategies-plc--als-/rns/high-grade-gold-intercepts-at-diba--mali-drilling/202101070700048453K/
963106069,20210107,202101,2021,2021.0192,ARM,ARMENIA,ARM,,,,,,,,BUS,COMPANY,,,,,,BUS,,,1,013,013,01,1,0.4,4,1,4,6.55737704918033,4,"Kyzyltash, Naryn, Kyrgyzstan",KG,KG04,42.0607,74.451,11520425,4,"Kyzyltash, Naryn, Kyrgyzstan",KG,KG04,42.0607,74.451,11520425,4,"Kyzyltash, Naryn, Kyrgyzstan",KG,KG04,42.0607,74.451,11520425,20210107,https://www.investegate.co.uk/chaarat-gold-hlgs-ld--cgh-/rns/appointment-of-joint-broker/202101070700059004K/
963106070,20210107,202101,2021,2021.0192,ARM,ARMENIA,ARM,,,,,,,,BUS,COMPANY,,,,,,BUS,,,1,045,045,04,1,5.0,4,1,4,6.55737704918033,4,"Kapan, Syunik', Armenia",AM,AM08,39.2075,46.4058,-2324916,4,"Kapan, Syunik', Armenia",AM,AM08,39.2075,46.4058,-2324916,4,"Kapan, Syunik', Armenia",AM,AM08,39.2075,46.4058,-2324916,20210107,https://www.investegate.co.uk/chaarat-gold-hlgs-ld--cgh-/rns/appointment-of-joint-broker/202101070700059004K/
963106093,20210107,202101,2021,2021.0192,BUS,INDUSTRY,,,,,,BUS,,,,,,,,,,,,,1,084,084,08,2,7.0,47,5,47,1.8180575942059,1,Canada,CA,CA,60,-96,CA,0,,,,,,,1,Canada,CA,CA,60,-96,CA,20210107,https://www.investegate.co.uk/altus-strategies-plc--als-/rns/high-grade-gold-intercepts-at-diba--mali-drilling/202101070700048453K/
963106106,20210107,202101,2021,2021.0192,BUS,INDUSTRY,,,,,,BUS,,,CAN,CANADA,CAN,,,,,,,,0,015,015,01,1,0.0,40,4,40,1.22007583545511,1,Canada,CA,CA,60,-96,CA,1,Canada,CA,CA,60,-96,CA,1,Canada,CA,CA,60,-96,CA,20210107,https://www.investegate.co.uk/altus-strategies-plc--als-/rns/high-grade-gold-intercepts-at-diba--mali-drilling/202101070700048453K/
963106402,20210107,202101,2021,2021.0192,GOV,PRESIDENT,,,,,,GOV,,,,,,,,,,,,,1,020,020,02,1,3.0,2,1,2,7.90513833992095,4,"Amritsar, Punjab, India",IN,IN23,31.6331,74.8656,-2088794,0,,,,,,,4,"Patiala, Punjab, India",IN,IN23,30.3267,76.4003,-2107479,20210107,https://www.sikh24.com/2021/01/07/sgpc-honours-prabhjot-kaur-for-winning-gold-medal-in-archery/
963106403,20210107,202101,2021,2021.0192,GOV,PRESIDENT,,,,,,GOV,,,,,,,,,,,,,1,020,020,02,1,3.0,3,1,3,7.90513833992095,4,"Patiala, Punjab, India",IN,IN23,30.3267,76.4003,-2107479,0,,,,,,,4,"Patiala, Punjab, India",IN,IN23,30.3267,76.4003,-2107479,20210107,https://www.sikh24.com/2021/01/07/sgpc-honours-prabhjot-kaur-for-winning-gold-medal-in-archery/
963106410,20210107,202101,2021,2021.0192,GOV,PRESIDENT,,,,,,GOV,,,,,,,,,,,,,1,051,051,05,1,3.4,2,1,2,7.90513833992095,4,"Amritsar, Punjab, India",IN,IN23,31.6331,74.8656,-2088794,0,,,,,,,4,"Patiala, Punjab, India",IN,IN23,30.3267,76.4003,-2107479,20210107,https://www.sikh24.com/2021/01/07/sgpc-honours-prabhjot-kaur-for-winning-gold-medal-in-archery/
963106411,20210107,202101,2021,2021.0192,GOV,PRESIDENT,,,,,,GOV,,,,,,,,,,,,,1,051,051,05,1,3.4,3,1,3,7.90513833992095,4,"Patiala, Punjab, India",IN,IN23,30.3267,76.4003,-2107479,0,,,,,,,4,"Patiala, Punjab, India",IN,IN23,30.3267,76.4003,-2107479,20210107,https://www.sikh24.com/2021/01/07/sgpc-honours-prabhjot-kaur-for-winning-gold-medal-in-archery/
963106415,20210107,202101,2021,2021.0192,GOV,PRESIDENT,,,,,,GOV,,,,,,,,,,,,,1,071,071,07,2,7.4,4,1,4,7.90513833992095,4,"Amritsar, Punjab, India",IN,IN23,31.6331,74.8656,-2088794,0,,,,,,,4,"Amritsar, Punjab, India",IN,IN23,31.6331,74.8656,-2088794,20210107,https://www.sikh24.com/2021/01/07/sgpc-honours-prabhjot-kaur-for-winning-gold-medal-in-archery/
963106416,20210107,202101,2021,2021.0192,GOV,PRESIDENT,,,,,,GOV,,,,,,,,,,,,,1,071,071,07,2,7.4,6,1,6,7.90513833992095,4,"Patiala, Punjab, India",IN,IN23,30.3267,76.4003,-2107479,0,,,,,,,4,"Patiala, Punjab, India",IN,IN23,30.3267,76.4003,-2107479,20210107,https://www.sikh24.com/2021/01/07/sgpc-honours-prabhjot-kaur-for-winning-gold-medal-in-archery/
963106443,20210107,202101,2021,2021.0192,GOV,CHIEF EXECUTIVE,,,,,,GOV,,,MLI,MALI,MLI,,,,,,,,1,042,042,04,1,1.9,3,1,3,1.28684101286841,1,Canada,CA,CA,60,-96,CA,1,Canada,CA,CA,60,-96,CA,1,Canada,CA,CA,60,-96,CA,20210107,https://www.investegate.co.uk/altus-strategies-plc--als-/rns/high-grade-gold-intercepts-at-diba--mali-drilling/202101070700048453K/
963106444,20210107,202101,2021,2021.0192,GOV,CHIEF EXECUTIVE,,,,,,GOV,,,MLI,MALI,MLI,,,,,,,,1,043,043,04,1,2.8,8,4,8,1.22007583545511,4,"Bamako, Bamako, Mali",ML,ML01,12.65,-8,-1064708,4,"Bamako, Bamako, Mali",ML,ML01,12.65,-8,-1064708,4,"Bamako, Bamako, Mali",ML,ML01,12.65,-8,-1064708,20210107,https://www.investegate.co.uk/altus-strategies-plc--als-/rns/high-grade-gold-intercepts-at-diba--mali-drilling/202101070700048453K/
963106452,20210107,202101,2021,2021.0192,GOV,PRESIDENT,,,,,,GOV,,,SIK,SIKH,,,,SIK,,,,,1,051,051,05,1,3.4,2,1,2,7.90513833992095,4,"Patiala, Punjab, India",IN,IN23,30.3267,76.4003,-2107479,4,"Amritsar, Punjab, India",IN,IN23,31.6331,74.8656,-2088794,4,"Amritsar, Punjab, India",IN,IN23,31.6331,74.8656,-2088794,20210107,https://www.sikh24.com/2021/01/07/sgpc-honours-prabhjot-kaur-for-winning-gold-medal-in-archery/
963106453,20210107,202101,2021,2021.0192,GOV,PRESIDENT,,,,,,GOV,,,SIK,SIKH,,,,SIK,,,,,1,051,051,05,1,3.4,8,1,8,7.90513833992095,4,"Patiala, Punjab, India",IN,IN23,30.3267,76.4003,-2107479,4,"Patiala, Punjab, India",IN,IN23,30.3267,76.4003,-2107479,4,"Patiala, Punjab, India",IN,IN23,30.3267,76.4003,-2107479,20210107,https://www.sikh24.com/2021/01/07/sgpc-honours-prabhjot-kaur-for-winning-gold-medal-in-archery/
963106454,20210107,202101,2021,2021.0192,GOV,PRESIDENT,,,,,,GOV,,,SIK010EDU,KHALSA,,,,SIK,,EDU,,,1,071,071,07,2,7.4,2,1,2,7.90513833992095,4,"Amritsar, Punjab, India",IN,IN23,31.6331,74.8656,-2088794,4,"Patiala, Punjab, India",IN,IN23,30.3267,76.4003,-2107479,4,"Amritsar, Punjab, India",IN,IN23,31.6331,74.8656,-2088794,20210107,https://www.sikh24.com/2021/01/07/sgpc-honours-prabhjot-kaur-for-winning-gold-medal-in-archery/
963106455,20210107,202101,2021,2021.0192,GOV,PRESIDENT,,,,,,GOV,,,SIK010EDU,KHALSA,,,,SIK,,EDU,,,1,071,071,07,2,7.4,3,1,3,7.90513833992095,4,"Patiala, Punjab, India",IN,IN23,30.3267,76.4003,-2107479,4,"Patiala, Punjab, India",IN,IN23,30.3267,76.4003,-2107479,4,"Patiala, Punjab, India",IN,IN23,30.3267,76.4003,-2107479,20210107,https://www.sikh24.com/2021/01/07/sgpc-honours-prabhjot-kaur-for-winning-gold-medal-in-archery/
963106688,20210107,202101,2021,2021.0192,MLI,MALI,MLI,,,,,,,,,,,,,,,,,,1,042,042,04,1,1.9,20,4,20,1.22007583545511,1,Canada,CA,CA,60,-96,CA,0,,,,,,,1,Canada,CA,CA,60,-96,CA,20210107,https://www.investegate.co.uk/altus-strategies-plc--als-/rns/high-grade-gold-intercepts-at-diba--mali-drilling/202101070700048453K/
963106689,20210107,202101,2021,2021.0192,MLI,MALI,MLI,,,,,,,,GOV,CHIEF EXECUTIVE,,,,,,GOV,,,1,042,042,04,1,1.9,2,1,2,1.28684101286841,1,Canada,CA,CA,60,-96,CA,1,Canada,CA,CA,60,-96,CA,1,Canada,CA,CA,60,-96,CA,20210107,https://www.investegate.co.uk/altus-strategies-plc--als-/rns/high-grade-gold-intercepts-at-diba--mali-drilling/202101070700048453K/
963106690,20210107,202101,2021,2021.0192,MLI,MALI,MLI,,,,,,,,GOV,CHIEF EXECUTIVE,,,,,,GOV,,,1,043,043,04,1,2.8,12,4,12,1.22007583545511,4,"Bamako, Bamako, Mali",ML,ML01,12.65,-8,-1064708,4,"Bamako, Bamako, Mali",ML,ML01,12.65,-8,-1064708,4,"Bamako, Bamako, Mali",ML,ML01,12.65,-8,-1064708,20210107,https://www.investegate.co.uk/altus-strategies-plc--als-/rns/high-grade-gold-intercepts-at-diba--mali-drilling/202101070700048453K/
963106856,20210107,202101,2021,2021.0192,SIK010EDU,KHALSA,,,,SIK,,EDU,,,,,,,,,,,,,1,020,020,02,1,3.0,5,1,5,7.90513833992095,4,"Patiala, Punjab, India",IN,IN23,30.3267,76.4003,-2107479,0,,,,,,,4,"Patiala, Punjab, India",IN,IN23,30.3267,76.4003,-2107479,20210107,https://www.sikh24.com/2021/01/07/sgpc-honours-prabhjot-kaur-for-winning-gold-medal-in-archery/
963106857,20210107,202101,2021,2021.0192,SIK010EDU,KHALSA,,,,SIK,,EDU,,,,,,,,,,,,,1,071,071,07,2,7.4,2,1,2,7.90513833992095,4,"Patiala, Punjab, India",IN,IN23,30.3267,76.4003,-2107479,0,,,,,,,4,"Amritsar, Punjab, India",IN,IN23,31.6331,74.8656,-2088794,20210107,https://www.sikh24.com/2021/01/07/sgpc-honours-prabhjot-kaur-for-winning-gold-medal-in-archery/
963106858,20210107,202101,2021,2021.0192,SIK010EDU,KHALSA,,,,SIK,,EDU,,,,,,,,,,,,,1,071,071,07,2,7.4,3,1,3,7.90513833992095,4,"Patiala, Punjab, India",IN,IN23,30.3267,76.4003,-2107479,0,,,,,,,4,"Patiala, Punjab, India",IN,IN23,30.3267,76.4003,-2107479,20210107,https://www.sikh24.com/2021/01/07/sgpc-honours-prabhjot-kaur-for-winning-gold-medal-in-archery/
963106859,20210107,202101,2021,2021.0192,SIK010EDU,KHALSA,,,,SIK,,EDU,,,SIK010,KHALSA,,,,SIK,,,,,1,051,051,05,1,3.4,5,1,5,7.90513833992095,4,"Patiala, Punjab, India",IN,IN23,30.3267,76.4003,-2107479,4,"Patiala, Punjab, India",IN,IN23,30.3267,76.4003,-2107479,4,"Patiala, Punjab, India",IN,IN23,30.3267,76.4003,-2107479,20210107,https://www.sikh24.com/2021/01/07/sgpc-honours-prabhjot-kaur-for-winning-gold-medal-in-archery/
963107776,20210107,202101,2021,2021.0192,AUS,BRISBANE,AUS,,,,,,,,AUSJUD,AUSTRALIA,AUS,,,,,JUD,,,0,173,173,17,4,-5.0,6,3,6,-11.5125329411044,4,"Brisbane, Queensland, Australia",AS,AS04,-27.5,153.017,-1561728,4,"Brisbane, Queensland, Australia",AS,AS04,-27.5,153.017,-1561728,4,"Brisbane, Queensland, Australia",AS,AS04,-27.5,153.017,-1561728,20210107,https://www.townsvillebulletin.com.au/breaking-news/two-teens-charged-with-knifepoint-robbery-on-gold-coast/news-story/e0cb08cd12c67489f655e52eeaad94fc?nk=c5e164491d71d559d6dd7405aa089559-1610004721
963107780,20210107,202101,2021,2021.0192,AUS,AUSTRALIAN,AUS,,,,,,,,COP,PRISON,,,,,,COP,,,1,190,190,19,4,-10.0,30,3,30,-11.5125329411044,4,"Brisbane, Queensland, Australia",AS,AS04,-27.5,153.017,-1561728,4,"Brisbane, Queensland, Australia",AS,AS04,-27.5,153.017,-1561728,4,"Brisbane, Queensland, Australia",AS,AS04,-27.5,153.017,-1561728,20210107,https://www.townsvillebulletin.com.au/breaking-news/two-teens-charged-with-knifepoint-robbery-on-gold-coast/news-story/e0cb08cd12c67489f655e52eeaad94fc?nk=c5e164491d71d559d6dd7405aa089559-1610004721
963107791,20210107,202101,2021,2021.0192,AUSJUD,BRISBANE,AUS,,,,,JUD,,,,,,,,,,,,,0,173,173,17,4,-5.0,18,3,18,-11.5125329411044,4,"Brisbane, Queensland, Australia",AS,AS04,-27.5,153.017,-1561728,0,,,,,,,4,"Brisbane, Queensland, Australia",AS,AS04,-27.5,153.017,-1561728,20210107,https://www.townsvillebulletin.com.au/breaking-news/two-teens-charged-with-knifepoint-robbery-on-gold-coast/news-story/e0cb08cd12c67489f655e52eeaad94fc?nk=c5e164491d71d559d6dd7405aa089559-1610004721
963107906,20210107,202101,2021,2021.0192,COP,PRISON,,,,,,COP,,,AUS,AUSTRALIAN,AUS,,,,,,,,1,190,190,19,4,-10.0,30,3,30,-11.5125329411044,4,"Southport, Queensland, Australia",AS,AS04,-27.9667,153.4,-1601419,4,"Southport, Queensland, Australia",AS,AS04,-27.9667,153.4,-1601419,4,"Southport, Queensland, Australia",AS,AS04,-27.9667,153.4,-1601419,20210107,https://www.townsvillebulletin.com.au/breaking-news/two-teens-charged-with-knifepoint-robbery-on-gold-coast/news-story/e0cb08cd12c67489f655e52eeaad94fc?nk=c5e164491d71d559d6dd7405aa089559-1610004721
963109558,20210107,202101,2021,2021.0192,,,,,,,,,,,ZAF,SOUTH AFRICAN,ZAF,,,,,,,,1,043,043,04,1,2.8,1,1,1,-0.0477554918815604,0,,,,,,,4,"Johannesburg, Gauteng, South Africa",SF,SF06,-26.2,28.0833,-1240261,4,"Johannesburg, Gauteng, South Africa",SF,SF06,-26.2,28.0833,-1240261,20210107,https://www.biznews.com/good-hope-project/2021/01/07/white-gold-movie
963109562,20210107,202101,2021,2021.0192,AFR,AFRICA,AFR,,,,,,,,,,,,,,,,,,1,042,042,04,1,1.9,10,2,10,-1.73979766967768,1,United Kingdom,UK,UK,54,-4,UK,0,,,,,,,1,United Kingdom,UK,UK,54,-4,UK,20210107,https://www.biznews.com/good-hope-project/2021/01/07/white-gold-movie
963109570,20210107,202101,2021,2021.0192,AFR,AFRICA,AFR,,,,,,,,TZA,TANZANIA,TZA,,,,,,,,1,193,193,19,4,-10.0,3,1,3,-0.0477554918815604,4,"Johannesburg, Gauteng, South Africa",SF,SF06,-26.2,28.0833,-1240261,4,"Johannesburg, Gauteng, South Africa",SF,SF06,-26.2,28.0833,-1240261,4,"Johannesburg, Gauteng, South Africa",SF,SF06,-26.2,28.0833,-1240261,20210107,https://www.biznews.com/good-hope-project/2021/01/07/white-gold-movie
963109571,20210107,202101,2021,2021.0192,AFR,AFRICA,AFR,,,,,,,,TZA,TANZANIA,TZA,,,,,,,,1,193,193,19,4,-10.0,3,1,3,-0.0477554918815604,4,"Mansa, Tanga, Tanzania",TZ,TZ18,-4.83333,39.15,-2567978,4,"Mansa, Tanga, Tanzania",TZ,TZ18,-4.83333,39.15,-2567978,4,"Mansa, Tanga, Tanzania",TZ,TZ18,-4.83333,39.15,-2567978,20210107,https://www.biznews.com/good-hope-project/2021/01/07/white-gold-movie
963109572,20210107,202101,2021,2021.0192,AFR,AFRICA,AFR,,,,,,,,ZAF,SOUTH AFRICAN,ZAF,,,,,,,,1,043,043,04,1,2.8,2,1,2,-0.0477554918815604,4,"Johannesburg, Gauteng, South Africa",SF,SF06,-26.2,28.0833,-1240261,4,"Johannesburg, Gauteng, South Africa",SF,SF06,-26.2,28.0833,-1240261,4,"Johannesburg, Gauteng, South Africa",SF,SF06,-26.2,28.0833,-1240261,20210107,https://www.biznews.com/good-hope-project/2021/01/07/white-gold-movie
963109777,20210107,202101,2021,2021.0192,GBR,UNITED KINGDOM,GBR,,,,,,,,TZA,TANZANIA,TZA,,,,,,,,1,193,193,19,4,-10.0,2,1,2,-0.0477554918815604,1,United Kingdom,UK,UK,54,-4,UK,4,"Mansa, Tanga, Tanzania",TZ,TZ18,-4.83333,39.15,-2567978,4,"Mansa, Tanga, Tanzania",TZ,TZ18,-4.83333,39.15,-2567978,20210107,https://www.biznews.com/good-hope-project/2021/01/07/white-gold-movie
963109778,20210107,202101,2021,2021.0192,GBR,UNITED KINGDOM,GBR,,,,,,,,TZA,TANZANIA,TZA,,,,,,,,1,193,193,19,4,-10.0,2,1,2,-0.0477554918815604,1,United Kingdom,UK,UK,54,-4,UK,1,United Kingdom,UK,UK,54,-4,UK,1,United Kingdom,UK,UK,54,-4,UK,20210107,https://www.biznews.com/good-hope-project/2021/01/07/white-gold-movie
963109863,20210107,202101,2021,2021.0192,GOV,GOVERNMENT,,,,,,GOV,,,LEG,LEGISLATURE,,,,,,LEG,,,0,110,110,11,3,-2.0,6,1,6,-0.0477554918815604,4,"Johannesburg, Gauteng, South Africa",SF,SF06,-26.2,28.0833,-1240261,4,"Johannesburg, Gauteng, South Africa",SF,SF06,-26.2,28.0833,-1240261,4,"Johannesburg, Gauteng, South Africa",SF,SF06,-26.2,28.0833,-1240261,20210107,https://www.biznews.com/good-hope-project/2021/01/07/white-gold-movie
963109864,20210107,202101,2021,2021.0192,GOV,GOVERNMENT,,,,,,GOV,,,LEG,LEGISLATURE,,,,,,LEG,,,0,110,110,11,3,-2.0,4,1,4,-0.0477554918815604,1,United Kingdom,UK,UK,54,-4,UK,1,United Kingdom,UK,UK,54,-4,UK,1,United Kingdom,UK,UK,54,-4,UK,20210107,https://www.biznews.com/good-hope-project/2021/01/07/white-gold-movie
963110095,20210107,202101,2021,2021.0192,LKAGOVGOVHLH,PAVITHRA WANNIARACHCHI,LKA,,,,,GOV,GOV,HLH,LEG,PARLIAMENT,,,,,,LEG,,,1,010,010,01,1,0.0,20,2,20,-0.467210329595656,1,Sri Lanka,CE,CE,7,81,CE,1,Sri Lanka,CE,CE,7,81,CE,1,Sri Lanka,CE,CE,7,81,CE,20210107,https://www.hirunews.lk/goldfmnews/259066/repatriation-flights-to-be-increased-next-week
963110496,20210107,202101,2021,2021.0192,ZAF,SOUTH AFRICAN,ZAF,,,,,,,,,,,,,,,,,,1,042,042,04,1,1.9,1,1,1,-0.0477554918815604,4,"Johannesburg, Gauteng, South Africa",SF,SF06,-26.2,28.0833,-1240261,0,,,,,,,4,"Johannesburg, Gauteng, South Africa",SF,SF06,-26.2,28.0833,-1240261,20210107,https://www.biznews.com/good-hope-project/2021/01/07/white-gold-movie
963110499,20210107,202101,2021,2021.0192,ZAF,SOUTH AFRICAN,ZAF,,,,,,,,AFR,AFRICA,AFR,,,,,,,,1,042,042,04,1,1.9,2,1,2,-0.0477554918815604,1,United Kingdom,UK,UK,54,-4,UK,1,United Kingdom,UK,UK,54,-4,UK,1,United Kingdom,UK,UK,54,-4,UK,20210107,https://www.biznews.com/good-hope-project/2021/01/07/white-gold-movie
963123851,20201208,202012,2020,2020.9260,IND,KOCHI,IND,,,,,,,,ARE,UNITED ARAB EMIRATES,ARE,,,,,,,,0,010,010,01,1,0.0,4,1,4,-3.6231884057971,1,United Arab Emirates,AE,AE,24,54,AE,1,United Arab Emirates,AE,AE,24,54,AE,1,United Arab Emirates,AE,AE,24,54,AE,20210107,https://www.hindustantimes.com/kerala/kerala-speaker-and-customs-face-off-in-gold-smuggling-case/story-DOSOLEqLalGttr6gtrw4dM.html
963123869,20210107,202101,2021,2021.0192,,,,,,,,,,,ARE,UNITED ARAB EMIRATES,ARE,,,,,,,,1,043,043,04,1,2.8,8,2,8,-4.83172843108647,0,,,,,,,1,United Arab Emirates,AE,AE,24,54,AE,1,United Arab Emirates,AE,AE,24,54,AE,20210107,https://www.hindustantimes.com/kerala/kerala-speaker-and-customs-face-off-in-gold-smuggling-case/story-DOSOLEqLalGttr6gtrw4dM.html
963123936,20210107,202101,2021,2021.0192,,,,,,,,,,,LAB,EMPLOYEE,,,,,,LAB,,,0,043,043,04,1,2.8,6,1,6,-3.6231884057971,0,,,,,,,1,United Arab Emirates,AE,AE,24,54,AE,1,United Arab Emirates,AE,AE,24,54,AE,20210107,https://www.hindustantimes.com/kerala/kerala-speaker-and-customs-face-off-in-gold-smuggling-case/story-DOSOLEqLalGttr6gtrw4dM.html
963124013,20210107,202101,2021,2021.0192,ARE,UNITED ARAB EMIRATES,ARE,,,,,,,,,,,,,,,,,,1,042,042,04,1,1.9,8,2,8,-4.83172843108647,1,United Arab Emirates,AE,AE,24,54,AE,0,,,,,,,1,United Arab Emirates,AE,AE,24,54,AE,20210107,https://www.hindustantimes.com/kerala/kerala-speaker-and-customs-face-off-in-gold-smuggling-case/story-DOSOLEqLalGttr6gtrw4dM.html
963124581,20210107,202101,2021,2021.0192,LAB,EMPLOYEE,,,,,,LAB,,,,,,,,,,,,,0,042,042,04,1,1.9,6,1,6,-3.6231884057971,1,United Arab Emirates,AE,AE,24,54,AE,0,,,,,,,1,United Arab Emirates,AE,AE,24,54,AE,20210107,https://www.hindustantimes.com/kerala/kerala-speaker-and-customs-face-off-in-gold-smuggling-case/story-DOSOLEqLalGttr6gtrw4dM.html
963130485,20210107,202101,2021,2021.0192,JPN,JAPANESE,JPN,,,,,,,,,,,,,,,,,,1,042,042,04,1,1.9,10,1,10,7.82828282828282,1,India,IN,IN,20,77,IN,0,,,,,,,1,India,IN,IN,20,77,IN,20210107,https://indianautosblog.com/2021-honda-gold-wing-unveiled-p322248
963136251,20210107,202101,2021,2021.0192,GOV,EXTERNAL AFFAIRS MINIST,,,,,,GOV,,,OPP,OPPOSITION LEADER,,,,,,OPP,,,1,040,040,04,1,1.0,25,2,15,-4.09032465445194,0,,,,,,,0,,,,,,,0,,,,,,,20210107,https://www.hirunews.lk/goldfmnews/259092/customs-seize-rs-130-million-worth-of-ecstasy-tablets
963136668,20210107,202101,2021,2021.0192,OPP,OPPOSITION LEADER,,,,,,OPP,,,GOV,EXTERNAL AFFAIRS MINIST,,,,,,GOV,,,1,040,040,04,1,1.0,25,2,15,-4.09032465445194,0,,,,,,,0,,,,,,,0,,,,,,,20210107,https://www.hirunews.lk/goldfmnews/259092/customs-seize-rs-130-million-worth-of-ecstasy-tablets
963136828,20210107,202101,2021,2021.0192,SUR,SURINAME,SUR,,,,,,,,CAN,CANADIAN,CAN,,,,,,,,1,051,051,05,1,3.4,10,1,10,2,1,Canada,CA,CA,60,-96,CA,1,Canada,CA,CA,60,-96,CA,1,Canada,CA,CA,60,-96,CA,20210107,https://wicnews.com/caribbean/gold-discovery-suriname-encourages-canadian-miners-535232006/
963138095,20210107,202101,2021,2021.0192,BUS,BUSINESS,,,,,,BUS,,,,,,,,,,,,,0,020,020,02,1,3.0,3,1,3,-2.51177394034537,4,"Beijing, Beijing, China",CH,CH22,39.9289,116.388,-1898541,0,,,,,,,4,"Beijing, Beijing, China",CH,CH22,39.9289,116.388,-1898541,20210107,https://www.goldcoastbulletin.com.au/business/companies/how-billionaire-businessman-jack-ma-enraged-china-before-vanishing-from-public-stage/news-story/fe0f2bfa2e3f5d448ed04ea9610dc123?nk=478605871c866a8a38769b4036cf962a-1610019233
963138105,20210107,202101,2021,2021.0192,BUS,BUSINESS,,,,,,BUS,,,CHN,CHINA,CHN,,,,,,,,0,020,020,02,1,3.0,2,1,2,-2.51177394034537,4,"Beijing, Beijing, China",CH,CH22,39.9289,116.388,-1898541,4,"Beijing, Beijing, China",CH,CH22,39.9289,116.388,-1898541,4,"Beijing, Beijing, China",CH,CH22,39.9289,116.388,-1898541,20210107,https://www.goldcoastbulletin.com.au/business/companies/how-billionaire-businessman-jack-ma-enraged-china-before-vanishing-from-public-stage/news-story/fe0f2bfa2e3f5d448ed04ea9610dc123?nk=478605871c866a8a38769b4036cf962a-1610019233
963138134,20210107,202101,2021,2021.0192,CHN,CHINA,CHN,,,,,,,,,,,,,,,,,,0,051,051,05,1,3.4,2,1,2,-2.51177394034537,4,"Paris, France (general), France",FR,FR00,48.8667,2.33333,-1456928,0,,,,,,,4,"Paris, France (general), France",FR,FR00,48.8667,2.33333,-1456928,20210107,https://www.goldcoastbulletin.com.au/business/companies/how-billionaire-businessman-jack-ma-enraged-china-before-vanishing-from-public-stage/news-story/fe0f2bfa2e3f5d448ed04ea9610dc123?nk=478605871c866a8a38769b4036cf962a-1610019233
963138146,20210107,202101,2021,2021.0192,CHN,CHINA,CHN,,,,,,,,FRA,FRENCH,FRA,,,,,,,,0,040,040,04,1,1.0,2,1,2,-2.51177394034537,4,"Beijing, Beijing, China",CH,CH22,39.9289,116.388,-1898541,4,"Paris, France (general), France",FR,FR00,48.8667,2.33333,-1456928,4,"Paris, France (general), France",FR,FR00,48.8667,2.33333,-1456928,20210107,https://www.goldcoastbulletin.com.au/business/companies/how-billionaire-businessman-jack-ma-enraged-china-before-vanishing-from-public-stage/news-story/fe0f2bfa2e3f5d448ed04ea9610dc123?nk=478605871c866a8a38769b4036cf962a-1610019233
963138147,20210107,202101,2021,2021.0192,CHN,CHINA,CHN,,,,,,,,FRA,FRENCH,FRA,,,,,,,,0,040,040,04,1,1.0,2,1,2,-2.51177394034537,4,"Hangzhou, Zhejiang, China",CH,CH02,30.2553,120.169,-1908366,4,"Hangzhou, Zhejiang, China",CH,CH02,30.2553,120.169,-1908366,4,"Hangzhou, Zhejiang, China",CH,CH02,30.2553,120.169,-1908366,20210107,https://www.goldcoastbulletin.com.au/business/companies/how-billionaire-businessman-jack-ma-enraged-china-before-vanishing-from-public-stage/news-story/fe0f2bfa2e3f5d448ed04ea9610dc123?nk=478605871c866a8a38769b4036cf962a-1610019233
963138148,20210107,202101,2021,2021.0192,CHN,BEIJING,CHN,,,,,,,,FRA,FRENCH,FRA,,,,,,,,0,043,043,04,1,2.8,2,1,2,-2.51177394034537,4,"Beijing, Beijing, China",CH,CH22,39.9289,116.388,-1898541,4,"Paris, France (general), France",FR,FR00,48.8667,2.33333,-1456928,4,"Beijing, Beijing, China",CH,CH22,39.9289,116.388,-1898541,20210107,https://www.goldcoastbulletin.com.au/business/companies/how-billionaire-businessman-jack-ma-enraged-china-before-vanishing-from-public-stage/news-story/fe0f2bfa2e3f5d448ed04ea9610dc123?nk=478605871c866a8a38769b4036cf962a-1610019233
963138149,20210107,202101,2021,2021.0192,CHN,BEIJING,CHN,,,,,,,,FRA,FRENCH,FRA,,,,,,,,0,043,043,04,1,2.8,2,1,2,-2.51177394034537,4,"Beijing, Beijing, China",CH,CH22,39.9289,116.388,-1898541,4,"Hangzhou, Zhejiang, China",CH,CH02,30.2553,120.169,-1908366,4,"Hangzhou, Zhejiang, China",CH,CH02,30.2553,120.169,-1908366,20210107,https://www.goldcoastbulletin.com.au/business/companies/how-billionaire-businessman-jack-ma-enraged-china-before-vanishing-from-public-stage/news-story/fe0f2bfa2e3f5d448ed04ea9610dc123?nk=478605871c866a8a38769b4036cf962a-1610019233
963138155,20210107,202101,2021,2021.0192,CHN,CHINA,CHN,,,,,,,,GOV,REGIME,,,,,,GOV,,,0,110,110,11,3,-2.0,10,1,10,-2.51177394034537,4,"Hangzhou, Zhejiang, China",CH,CH02,30.2553,120.169,-1908366,4,"Hangzhou, Zhejiang, China",CH,CH02,30.2553,120.169,-1908366,4,"Hangzhou, Zhejiang, China",CH,CH02,30.2553,120.169,-1908366,20210107,https://www.goldcoastbulletin.com.au/business/companies/how-billionaire-businessman-jack-ma-enraged-china-before-vanishing-from-public-stage/news-story/fe0f2bfa2e3f5d448ed04ea9610dc123?nk=478605871c866a8a38769b4036cf962a-1610019233
963138156,20210107,202101,2021,2021.0192,CHN,CHINA,CHN,,,,,,,,GOV,REGULATOR,,,,,,GOV,,,0,170,170,17,4,-7.0,2,1,2,-2.51177394034537,4,"Beijing, Beijing, China",CH,CH22,39.9289,116.388,-1898541,1,Hong Kong,HK,HK,22.25,114.166667,HK,1,Hong Kong,HK,HK,22.25,114.166667,HK,20210107,https://www.goldcoastbulletin.com.au/business/companies/how-billionaire-businessman-jack-ma-enraged-china-before-vanishing-from-public-stage/news-story/fe0f2bfa2e3f5d448ed04ea9610dc123?nk=478605871c866a8a38769b4036cf962a-1610019233
963138157,20210107,202101,2021,2021.0192,CHN,SHANGHAI,CHN,,,,,,,,GOV,REGULATOR,,,,,,GOV,,,0,170,170,17,4,-7.0,8,1,8,-2.51177394034537,4,"Shanghai, Shanghai, China",CH,CH23,31.2222,121.458,-1924465,4,"Shanghai, Shanghai, China",CH,CH23,31.2222,121.458,-1924465,4,"Shanghai, Shanghai, China",CH,CH23,31.2222,121.458,-1924465,20210107,https://www.goldcoastbulletin.com.au/business/companies/how-billionaire-businessman-jack-ma-enraged-china-before-vanishing-from-public-stage/news-story/fe0f2bfa2e3f5d448ed04ea9610dc123?nk=478605871c866a8a38769b4036cf962a-1610019233
963138158,20210107,202101,2021,2021.0192,CHN,CHINA,CHN,,,,,,,,LAB,WORKER,,,,,,LAB,,,0,010,010,01,1,0.0,4,1,4,-2.51177394034537,4,"Hangzhou, Zhejiang, China",CH,CH02,30.2553,120.169,-1908366,4,"Hangzhou, Zhejiang, China",CH,CH02,30.2553,120.169,-1908366,4,"Hangzhou, Zhejiang, China",CH,CH02,30.2553,120.169,-1908366,20210107,https://www.goldcoastbulletin.com.au/business/companies/how-billionaire-businessman-jack-ma-enraged-china-before-vanishing-from-public-stage/news-story/fe0f2bfa2e3f5d448ed04ea9610dc123?nk=478605871c866a8a38769b4036cf962a-1610019233
963138167,20210107,202101,2021,2021.0192,CHN,SHANGHAI,CHN,,,,,,,,USAMED,REUTERS,USA,,,,,MED,,,0,013,013,01,1,0.4,1,1,1,-2.51177394034537,4,"Shanghai, Shanghai, China",CH,CH23,31.2222,121.458,-1924465,1,Hong Kong,HK,HK,22.25,114.166667,HK,1,Hong Kong,HK,HK,22.25,114.166667,HK,20210107,https://www.goldcoastbulletin.com.au/business/companies/how-billionaire-businessman-jack-ma-enraged-china-before-vanishing-from-public-stage/news-story/fe0f2bfa2e3f5d448ed04ea9610dc123?nk=478605871c866a8a38769b4036cf962a-1610019233
963138170,20210107,202101,2021,2021.0192,CHNGOV,CHINESE,CHN,,,,,GOV,,,,,,,,,,,,,0,010,010,01,1,0.0,3,1,3,-2.51177394034537,4,"Shanghai, Shanghai, China",CH,CH23,31.2222,121.458,-1924465,0,,,,,,,4,"Shanghai, Shanghai, China",CH,CH23,31.2222,121.458,-1924465,20210107,https://www.goldcoastbulletin.com.au/business/companies/how-billionaire-businessman-jack-ma-enraged-china-before-vanishing-from-public-stage/news-story/fe0f2bfa2e3f5d448ed04ea9610dc123?nk=478605871c866a8a38769b4036cf962a-1610019233
963138199,20210107,202101,2021,2021.0192,COP,PRISON,,,,,,COP,,,,,,,,,,,,,0,173,173,17,4,-5.0,6,1,6,-2.51177394034537,4,"Hangzhou, Zhejiang, China",CH,CH02,30.2553,120.169,-1908366,0,,,,,,,4,"Hangzhou, Zhejiang, China",CH,CH02,30.2553,120.169,-1908366,20210107,https://www.goldcoastbulletin.com.au/business/companies/how-billionaire-businessman-jack-ma-enraged-china-before-vanishing-from-public-stage/news-story/fe0f2bfa2e3f5d448ed04ea9610dc123?nk=478605871c866a8a38769b4036cf962a-1610019233
963138275,20210107,202101,2021,2021.0192,EUR,EUROPE,EUR,,,,,,,,,,,,,,,,,,1,020,020,02,1,3.0,3,1,3,-2.51177394034537,4,"Shanghai, Shanghai, China",CH,CH23,31.2222,121.458,-1924465,0,,,,,,,4,"Shanghai, Shanghai, China",CH,CH23,31.2222,121.458,-1924465,20210107,https://www.goldcoastbulletin.com.au/business/companies/how-billionaire-businessman-jack-ma-enraged-china-before-vanishing-from-public-stage/news-story/fe0f2bfa2e3f5d448ed04ea9610dc123?nk=478605871c866a8a38769b4036cf962a-1610019233
963138285,20210107,202101,2021,2021.0192,FRA,FRENCH,FRA,,,,,,,,CHN,CHINA,CHN,,,,,,,,0,040,040,04,1,1.0,2,1,2,-2.51177394034537,4,"Paris, France (general), France",FR,FR00,48.8667,2.33333,-1456928,4,"Beijing, Beijing, China",CH,CH22,39.9289,116.388,-1898541,4,"Paris, France (general), France",FR,FR00,48.8667,2.33333,-1456928,20210107,https://www.goldcoastbulletin.com.au/business/companies/how-billionaire-businessman-jack-ma-enraged-china-before-vanishing-from-public-stage/news-story/fe0f2bfa2e3f5d448ed04ea9610dc123?nk=478605871c866a8a38769b4036cf962a-1610019233
963138286,20210107,202101,2021,2021.0192,FRA,FRENCH,FRA,,,,,,,,CHN,CHINA,CHN,,,,,,,,0,040,040,04,1,1.0,2,1,2,-2.51177394034537,4,"Hangzhou, Zhejiang, China",CH,CH02,30.2553,120.169,-1908366,4,"Hangzhou, Zhejiang, China",CH,CH02,30.2553,120.169,-1908366,4,"Hangzhou, Zhejiang, China",CH,CH02,30.2553,120.169,-1908366,20210107,https://www.goldcoastbulletin.com.au/business/companies/how-billionaire-businessman-jack-ma-enraged-china-before-vanishing-from-public-stage/news-story/fe0f2bfa2e3f5d448ed04ea9610dc123?nk=478605871c866a8a38769b4036cf962a-1610019233
963138287,20210107,202101,2021,2021.0192,FRA,FRENCH,FRA,,,,,,,,CHN,BEIJING,CHN,,,,,,,,0,042,042,04,1,1.9,2,1,2,-2.51177394034537,4,"Paris, France (general), France",FR,FR00,48.8667,2.33333,-1456928,4,"Beijing, Beijing, China",CH,CH22,39.9289,116.388,-1898541,4,"Beijing, Beijing, China",CH,CH22,39.9289,116.388,-1898541,20210107,https://www.goldcoastbulletin.com.au/business/companies/how-billionaire-businessman-jack-ma-enraged-china-before-vanishing-from-public-stage/news-story/fe0f2bfa2e3f5d448ed04ea9610dc123?nk=478605871c866a8a38769b4036cf962a-1610019233
963138288,20210107,202101,2021,2021.0192,FRA,FRENCH,FRA,,,,,,,,CHN,BEIJING,CHN,,,,,,,,0,042,042,04,1,1.9,2,1,2,-2.51177394034537,4,"Hangzhou, Zhejiang, China",CH,CH02,30.2553,120.169,-1908366,4,"Beijing, Beijing, China",CH,CH22,39.9289,116.388,-1898541,4,"Hangzhou, Zhejiang, China",CH,CH02,30.2553,120.169,-1908366,20210107,https://www.goldcoastbulletin.com.au/business/companies/how-billionaire-businessman-jack-ma-enraged-china-before-vanishing-from-public-stage/news-story/fe0f2bfa2e3f5d448ed04ea9610dc123?nk=478605871c866a8a38769b4036cf962a-1610019233
963138390,20210107,202101,2021,2021.0192,GOV,REGULATOR,,,,,,GOV,,,,,,,,,,,,,0,090,090,09,2,-2.0,2,1,2,-2.51177394034537,4,"Shanghai, Shanghai, China",CH,CH23,31.2222,121.458,-1924465,0,,,,,,,4,"Shanghai, Shanghai, China",CH,CH23,31.2222,121.458,-1924465,20210107,https://www.goldcoastbulletin.com.au/business/companies/how-billionaire-businessman-jack-ma-enraged-china-before-vanishing-from-public-stage/news-story/fe0f2bfa2e3f5d448ed04ea9610dc123?nk=478605871c866a8a38769b4036cf962a-1610019233
963138391,20210107,202101,2021,2021.0192,GOV,REGULATOR,,,,,,GOV,,,,,,,,,,,,,0,090,090,09,2,-2.0,8,1,8,-2.51177394034537,1,Hong Kong,HK,HK,22.25,114.166667,HK,0,,,,,,,1,Hong Kong,HK,HK,22.25,114.166667,HK,20210107,https://www.goldcoastbulletin.com.au/business/companies/how-billionaire-businessman-jack-ma-enraged-china-before-vanishing-from-public-stage/news-story/fe0f2bfa2e3f5d448ed04ea9610dc123?nk=478605871c866a8a38769b4036cf962a-1610019233
963138456,20210107,202101,2021,2021.0192,GOV,GOVERNMENT OFFICIAL,,,,,,GOV,,,USAMED,REUTERS,USA,,,,,MED,,,0,013,013,01,1,0.4,2,1,2,-2.51177394034537,4,"Beijing, Beijing, China",CH,CH22,39.9289,116.388,-1898541,4,"Paris, France (general), France",FR,FR00,48.8667,2.33333,-1456928,4,"Paris, France (general), France",FR,FR00,48.8667,2.33333,-1456928,20210107,https://www.goldcoastbulletin.com.au/business/companies/how-billionaire-businessman-jack-ma-enraged-china-before-vanishing-from-public-stage/news-story/fe0f2bfa2e3f5d448ed04ea9610dc123?nk=478605871c866a8a38769b4036cf962a-1610019233
963138624,20210107,202101,2021,2021.0192,MED,SPOKESMAN,,,,,,MED,,,,,,,,,,,,,0,011,011,01,1,-0.1,4,1,4,-2.51177394034537,4,"Shanghai, Shanghai, China",CH,CH23,31.2222,121.458,-1924465,0,,,,,,,4,"Hangzhou, Zhejiang, China",CH,CH02,30.2553,120.169,-1908366,20210107,https://www.goldcoastbulletin.com.au/business/companies/how-billionaire-businessman-jack-ma-enraged-china-before-vanishing-from-public-stage/news-story/fe0f2bfa2e3f5d448ed04ea9610dc123?nk=478605871c866a8a38769b4036cf962a-1610019233
963138625,20210107,202101,2021,2021.0192,MED,SPOKESMAN,,,,,,MED,,,,,,,,,,,,,0,011,011,01,1,-0.1,1,1,1,-2.51177394034537,4,"Shanghai, Shanghai, China",CH,CH23,31.2222,121.458,-1924465,0,,,,,,,4,"Shanghai, Shanghai, China",CH,CH23,31.2222,121.458,-1924465,20210107,https://www.goldcoastbulletin.com.au/business/companies/how-billionaire-businessman-jack-ma-enraged-china-before-vanishing-from-public-stage/news-story/fe0f2bfa2e3f5d448ed04ea9610dc123?nk=478605871c866a8a38769b4036cf962a-1610019233
963138639,20210107,202101,2021,2021.0192,MED,SPOKESMAN,,,,,,MED,,,USAMED,REUTERS,USA,,,,,MED,,,0,010,010,01,1,0.0,4,1,4,-2.51177394034537,4,"Shanghai, Shanghai, China",CH,CH23,31.2222,121.458,-1924465,4,"Hangzhou, Zhejiang, China",CH,CH02,30.2553,120.169,-1908366,4,"Hangzhou, Zhejiang, China",CH,CH02,30.2553,120.169,-1908366,20210107,https://www.goldcoastbulletin.com.au/business/companies/how-billionaire-businessman-jack-ma-enraged-china-before-vanishing-from-public-stage/news-story/fe0f2bfa2e3f5d448ed04ea9610dc123?nk=478605871c866a8a38769b4036cf962a-1610019233
963138640,20210107,202101,2021,2021.0192,MED,SPOKESMAN,,,,,,MED,,,USAMED,REUTERS,USA,,,,,MED,,,0,010,010,01,1,0.0,2,1,2,-2.51177394034537,4,"Shanghai, Shanghai, China",CH,CH23,31.2222,121.458,-1924465,4,"Hangzhou, Zhejiang, China",CH,CH02,30.2553,120.169,-1908366,4,"Shanghai, Shanghai, China",CH,CH23,31.2222,121.458,-1924465,20210107,https://www.goldcoastbulletin.com.au/business/companies/how-billionaire-businessman-jack-ma-enraged-china-before-vanishing-from-public-stage/news-story/fe0f2bfa2e3f5d448ed04ea9610dc123?nk=478605871c866a8a38769b4036cf962a-1610019233
963138641,20210107,202101,2021,2021.0192,MED,SPOKESMAN,,,,,,MED,,,USAMED,REUTERS,USA,,,,,MED,,,0,010,010,01,1,0.0,4,1,4,-2.51177394034537,4,"Shanghai, Shanghai, China",CH,CH23,31.2222,121.458,-1924465,4,"Shanghai, Shanghai, China",CH,CH23,31.2222,121.458,-1924465,4,"Shanghai, Shanghai, China",CH,CH23,31.2222,121.458,-1924465,20210107,https://www.goldcoastbulletin.com.au/business/companies/how-billionaire-businessman-jack-ma-enraged-china-before-vanishing-from-public-stage/news-story/fe0f2bfa2e3f5d448ed04ea9610dc123?nk=478605871c866a8a38769b4036cf962a-1610019233
963140239,20210107,202101,2021,2021.0192,GHA,GHANA,GHA,,,,,,,,,,,,,,,,,,0,043,043,04,1,2.8,7,1,7,3.12805474095797,1,United States,US,US,39.828175,-98.5795,US,0,,,,,,,1,United States,US,US,39.828175,-98.5795,US,20210107,http://www.globenewswire.com/news-release/2021/01/07/2154743/0/en/Newcore-Gold-Intersects-1-27-g-t-Gold-Over-27-0-Metres-and-Reports-89-4-Average-Gold-Recoveries-from-Metallurgical-Testwork-at-the-Enchi-Gold-Project-Ghana.html
963142654,20210107,202101,2021,2021.0192,BUS,COMPANY,,,,,,BUS,,,,,,,,,,,,,1,084,084,08,2,7.0,5,2,5,2.38614556749163,4,"Quebec, Quebec, Canada",CA,CA10,47.5,-72,-571850,0,,,,,,,4,"Quebec, Quebec, Canada",CA,CA10,47.5,-72,-571850,20210107,https://www.finanznachrichten.de/nachrichten-2021-01/51670400-ely-gold-royalties-inc-ely-gold-royalties-tsxv-ely-otcqx-elygf-completes-royalty-purchase-at-lincoln-hill-296.htm
963142655,20210107,202101,2021,2021.0192,BUS,COMPANY,,,,,,BUS,,,,,,,,,,,,,1,084,084,08,2,7.0,3,2,3,2.38614556749163,3,"Lincoln Hill, Nevada, United States",US,USNV,40.2946,-118.202,841643,0,,,,,,,3,"Lincoln Hill, Nevada, United States",US,USNV,40.2946,-118.202,841643,20210107,https://www.finanznachrichten.de/nachrichten-2021-01/51670400-ely-gold-royalties-inc-ely-gold-royalties-tsxv-ely-otcqx-elygf-completes-royalty-purchase-at-lincoln-hill-296.htm
963142681,20210107,202101,2021,2021.0192,BUS,COMPANY,,,,,,BUS,,,USA,UNITED STATES,USA,,,,,,,,1,084,084,08,2,7.0,8,2,8,2.38614556749163,4,"Quebec, Quebec, Canada",CA,CA10,47.5,-72,-571850,4,"Quebec, Quebec, Canada",CA,CA10,47.5,-72,-571850,4,"Quebec, Quebec, Canada",CA,CA10,47.5,-72,-571850,20210107,https://www.finanznachrichten.de/nachrichten-2021-01/51670400-ely-gold-royalties-inc-ely-gold-royalties-tsxv-ely-otcqx-elygf-completes-royalty-purchase-at-lincoln-hill-296.htm
963142682,20210107,202101,2021,2021.0192,BUS,COMPANY,,,,,,BUS,,,USA,UNITED STATES,USA,,,,,,,,1,084,084,08,2,7.0,4,1,4,2.46305418719211,3,"Lincoln Hill, Nevada, United States",US,USNV,40.2946,-118.202,841643,3,"Lincoln Hill, Nevada, United States",US,USNV,40.2946,-118.202,841643,3,"Lincoln Hill, Nevada, United States",US,USNV,40.2946,-118.202,841643,20210107,https://www.finanznachrichten.de/nachrichten-2021-01/51670400-ely-gold-royalties-inc-ely-gold-royalties-tsxv-ely-otcqx-elygf-completes-royalty-purchase-at-lincoln-hill-296.htm
963143605,20210107,202101,2021,2021.0192,USA,NEVADA,USA,,,,,,,,,,,,,,,,,,1,0842,084,08,2,7.0,7,2,7,2.38614556749163,4,"Quebec, Quebec, Canada",CA,CA10,47.5,-72,-571850,0,,,,,,,4,"Quebec, Quebec, Canada",CA,CA10,47.5,-72,-571850,20210107,https://www.finanznachrichten.de/nachrichten-2021-01/51670400-ely-gold-royalties-inc-ely-gold-royalties-tsxv-ely-otcqx-elygf-completes-royalty-purchase-at-lincoln-hill-296.htm
963143877,20210107,202101,2021,2021.0192,,,,,,,,,,,LAB,EMPLOYEE,,,,,,LAB,,,0,040,040,04,1,1.0,3,1,3,0.3182686187142,0,,,,,,,1,Australia,AS,AS,-25,135,AS,1,Australia,AS,AS,-25,135,AS,20210107,https://www.investegate.co.uk/wishbone-gold-plc--wsbn-/rns/aerial-magnetic-survey-in-red-setter-project/202101071150449478K/
963143956,20210107,202101,2021,2021.0192,AUS,AUSTRALIA,AUS,,,,,,,,LAB,EMPLOYEE,,,,,,LAB,,,0,040,040,04,1,1.0,2,1,2,0.3182686187142,1,Australia,AS,AS,-25,135,AS,1,Australia,AS,AS,-25,135,AS,1,Australia,AS,AS,-25,135,AS,20210107,https://www.investegate.co.uk/wishbone-gold-plc--wsbn-/rns/aerial-magnetic-survey-in-red-setter-project/202101071150449478K/
963144001,20210107,202101,2021,2021.0192,BUS,COMPANY,,,,,,BUS,,,,,,,,,,,,,1,084,084,08,2,7.0,190,19,190,0.726970641049126,2,"Nevada, United States",US,USNV,38.4199,-117.122,NV,0,,,,,,,2,"Nevada, United States",US,USNV,38.4199,-117.122,NV,20210107,https://www.finanznachrichten.de/nachrichten-2021-01/51670588-timberline-resources-corporation-timberline-drills-more-oxide-and-high-grade-gold-at-eureka-project-nevada-appoints-new-director-200.htm
963144205,20210107,202101,2021,2021.0192,GBR,UNITED KINGDOM,GBR,,,,,,,,,,,,,,,,,,1,051,051,05,1,3.4,19,4,19,2.13950033401106,1,Canada,CA,CA,60,-96,CA,0,,,,,,,1,Canada,CA,CA,60,-96,CA,20210107,https://www.finanznachrichten.de/nachrichten-2021-01/51670589-altus-strategies-plc-broad-high-grade-gold-intercepts-from-drilling-at-diba-project-western-mali-200.htm
963144376,20210107,202101,2021,2021.0192,GOV,CHIEF EXECUTIVE,,,,,,GOV,,,MLI,MALI,MLI,,,,,,,,1,042,042,04,1,1.9,9,3,9,1.19782077631734,4,"Bamako, Bamako, Mali",ML,ML01,12.65,-8,-1064708,4,"Bamako, Bamako, Mali",ML,ML01,12.65,-8,-1064708,4,"Bamako, Bamako, Mali",ML,ML01,12.65,-8,-1064708,20210107,https://www.finanznachrichten.de/nachrichten-2021-01/51670589-altus-strategies-plc-broad-high-grade-gold-intercepts-from-drilling-at-diba-project-western-mali-200.htm
963144517,20210107,202101,2021,2021.0192,LAB,EMPLOYEE,,,,,,LAB,,,,,,,,,,,,,0,040,040,04,1,1.0,3,1,3,0.3182686187142,1,Australia,AS,AS,-25,135,AS,0,,,,,,,1,Australia,AS,AS,-25,135,AS,20210107,https://www.investegate.co.uk/wishbone-gold-plc--wsbn-/rns/aerial-magnetic-survey-in-red-setter-project/202101071150449478K/
963144519,20210107,202101,2021,2021.0192,LAB,EMPLOYEE,,,,,,LAB,,,AUS,AUSTRALIA,AUS,,,,,,,,0,040,040,04,1,1.0,2,1,2,0.3182686187142,1,Australia,AS,AS,-25,135,AS,1,Australia,AS,AS,-25,135,AS,1,Australia,AS,AS,-25,135,AS,20210107,https://www.investegate.co.uk/wishbone-gold-plc--wsbn-/rns/aerial-magnetic-survey-in-red-setter-project/202101071150449478K/
963144612,20210107,202101,2021,2021.0192,MLI,MALI,MLI,,,,,,,,GOV,CHIEF EXECUTIVE,,,,,,GOV,,,1,042,042,04,1,1.9,6,3,6,1.19782077631734,4,"Bamako, Bamako, Mali",ML,ML01,12.65,-8,-1064708,4,"Bamako, Bamako, Mali",ML,ML01,12.65,-8,-1064708,4,"Bamako, Bamako, Mali",ML,ML01,12.65,-8,-1064708,20210107,https://www.finanznachrichten.de/nachrichten-2021-01/51670589-altus-strategies-plc-broad-high-grade-gold-intercepts-from-drilling-at-diba-project-western-mali-200.htm
963144818,20210107,202101,2021,2021.0192,USA,NEVADA,USA,,,,,,,,,,,,,,,,,,0,173,173,17,4,-5.0,133,19,133,0.726970641049126,3,"Reno, Nevada, United States",US,USNV,39.5296,-119.814,861100,0,,,,,,,2,"Nevada, United States",US,USNV,38.4199,-117.122,NV,20210107,https://www.finanznachrichten.de/nachrichten-2021-01/51670588-timberline-resources-corporation-timberline-drills-more-oxide-and-high-grade-gold-at-eureka-project-nevada-appoints-new-director-200.htm
963144819,20210107,202101,2021,2021.0192,USA,NEVADA,USA,,,,,,,,,,,,,,,,,,0,173,173,17,4,-5.0,57,19,57,0.726970641049126,2,"Nevada, United States",US,USNV,38.4199,-117.122,NV,0,,,,,,,2,"Nevada, United States",US,USNV,38.4199,-117.122,NV,20210107,https://www.finanznachrichten.de/nachrichten-2021-01/51670588-timberline-resources-corporation-timberline-drills-more-oxide-and-high-grade-gold-at-eureka-project-nevada-appoints-new-director-200.htm
963146531,20210107,202101,2021,2021.0192,,,,,,,,,,,GOV,PRESIDENT,,,,,,GOV,,,1,100,100,10,3,-5.0,8,2,8,-2.63645163219916,0,,,,,,,3,"Pershing Square, New York, United States",US,USNY,40.9114,-73.7825,2559552,3,"Pershing Square, New York, United States",US,USNY,40.9114,-73.7825,2559552,20210107,https://www.businessinsider.com/us-capitol-riots-siege-goldman-sachs-wells-fargo-blackrock-2021-1
963146728,20210107,202101,2021,2021.0192,BUS,CEOS,,,,,,BUS,,,MNCUSA,MICROSOFT,USA,,,,,MNC,,,1,046,046,04,1,7.0,3,1,3,-2.50417362270451,3,"Pershing Square, New York, United States",US,USNY,40.9114,-73.7825,2559552,3,"Pershing Square, New York, United States",US,USNY,40.9114,-73.7825,2559552,3,"Pershing Square, New York, United States",US,USNY,40.9114,-73.7825,2559552,20210107,https://www.businessinsider.com/us-capitol-riots-siege-goldman-sachs-wells-fargo-blackrock-2021-1
963146731,20210107,202101,2021,2021.0192,BUS,CEOS,,,,,,BUS,,,MNCUSAMED,GOOGLE,USA,,,,,MNC,MED,,1,046,046,04,1,7.0,3,1,3,-2.50417362270451,3,"Pershing Square, New York, United States",US,USNY,40.9114,-73.7825,2559552,3,"Pershing Square, New York, United States",US,USNY,40.9114,-73.7825,2559552,3,"Pershing Square, New York, United States",US,USNY,40.9114,-73.7825,2559552,20210107,https://www.businessinsider.com/us-capitol-riots-siege-goldman-sachs-wells-fargo-blackrock-2021-1
963146738,20210107,202101,2021,2021.0192,BUS,CEOS,,,,,,BUS,,,USA,THE US,USA,,,,,,,,1,111,111,11,3,-2.0,16,2,16,-2.63645163219916,3,"Pershing Square, New York, United States",US,USNY,40.9114,-73.7825,2559552,3,"Pershing Square, New York, United States",US,USNY,40.9114,-73.7825,2559552,3,"Pershing Square, New York, United States",US,USNY,40.9114,-73.7825,2559552,20210107,https://www.businessinsider.com/us-capitol-riots-siege-goldman-sachs-wells-fargo-blackrock-2021-1
963146739,20210107,202101,2021,2021.0192,BUS,CEOS,,,,,,BUS,,,USA,AMERICAN,USA,,,,,,,,1,111,111,11,3,-2.0,12,2,12,-2.63645163219916,3,"Pershing Square, New York, United States",US,USNY,40.9114,-73.7825,2559552,3,"Blackrock, New York, United States",US,USNY,42.7037,-76.6597,972237,3,"Pershing Square, New York, United States",US,USNY,40.9114,-73.7825,2559552,20210107,https://www.businessinsider.com/us-capitol-riots-siege-goldman-sachs-wells-fargo-blackrock-2021-1
963146740,20210107,202101,2021,2021.0192,BUS,CEOS,,,,,,BUS,,,USA,AMERICAN,USA,,,,,,,,1,111,111,11,3,-2.0,3,2,3,-2.63645163219916,3,"Pershing Square, New York, United States",US,USNY,40.9114,-73.7825,2559552,3,"Blackrock, New York, United States",US,USNY,42.7037,-76.6597,972237,3,"Blackrock, New York, United States",US,USNY,42.7037,-76.6597,972237,20210107,https://www.businessinsider.com/us-capitol-riots-siege-goldman-sachs-wells-fargo-blackrock-2021-1
963146741,20210107,202101,2021,2021.0192,BUS,CEOS,,,,,,BUS,,,USA,AMERICAN,USA,,,,,,,,1,190,190,19,4,-10.0,17,2,17,-2.63645163219916,3,"Pershing Square, New York, United States",US,USNY,40.9114,-73.7825,2559552,3,"Blackrock, New York, United States",US,USNY,42.7037,-76.6597,972237,3,"Pershing Square, New York, United States",US,USNY,40.9114,-73.7825,2559552,20210107,https://www.businessinsider.com/us-capitol-riots-siege-goldman-sachs-wells-fargo-blackrock-2021-1
963147041,20210107,202101,2021,2021.0192,GOV,PRESIDENT,,,,,,GOV,,,OPP,RIOTER,,,,,,OPP,,,0,020,020,02,1,3.0,8,1,8,-2.50417362270451,3,"Blackrock, New York, United States",US,USNY,42.7037,-76.6597,972237,3,"Blackrock, New York, United States",US,USNY,42.7037,-76.6597,972237,3,"Blackrock, New York, United States",US,USNY,42.7037,-76.6597,972237,20210107,https://www.businessinsider.com/us-capitol-riots-siege-goldman-sachs-wells-fargo-blackrock-2021-1
963147063,20210107,202101,2021,2021.0192,GOV,PRESIDENT,,,,,,GOV,,,USAGOV,JOE BIDEN,USA,,,,,GOV,,,1,027,027,02,1,4.0,2,2,2,-2.63645163219916,2,"New York, United States",US,USNY,42.1497,-74.9384,NY,2,"New York, United States",US,USNY,42.1497,-74.9384,NY,2,"New York, United States",US,USNY,42.1497,-74.9384,NY,20210107,https://www.businessinsider.com/us-capitol-riots-siege-goldman-sachs-wells-fargo-blackrock-2021-1
963147321,20210107,202101,2021,2021.0192,MNCUSA,BANK OF AMERICA,USA,,,,,MNC,,,,,,,,,,,,,0,010,010,01,1,0.0,32,4,32,-2.09037142045574,3,"Washington, District of Columbia, United States",US,USDC,38.8951,-77.0364,531871,0,,,,,,,3,"Washington, District of Columbia, United States",US,USDC,38.8951,-77.0364,531871,20210107,https://www.businessinsider.com/us-capitol-riots-siege-goldman-sachs-wells-fargo-blackrock-2021-1
963147325,20210107,202101,2021,2021.0192,MNCUSA,MICROSOFT,USA,,,,,MNC,,,BUS,CEOS,,,,,,BUS,,,1,046,046,04,1,7.0,3,1,3,-2.50417362270451,3,"Pershing Square, New York, United States",US,USNY,40.9114,-73.7825,2559552,3,"Pershing Square, New York, United States",US,USNY,40.9114,-73.7825,2559552,3,"Pershing Square, New York, United States",US,USNY,40.9114,-73.7825,2559552,20210107,https://www.businessinsider.com/us-capitol-riots-siege-goldman-sachs-wells-fargo-blackrock-2021-1
963147326,20210107,202101,2021,2021.0192,MNCUSA,GOLDMAN SACHS,USA,,,,,MNC,,,OPP,RIOTER,,,,,,OPP,,,1,111,111,11,3,-2.0,4,2,4,-2.63645163219916,3,"Blackrock, New York, United States",US,USNY,42.7037,-76.6597,972237,3,"Blackrock, New York, United States",US,USNY,42.7037,-76.6597,972237,3,"Blackrock, New York, United States",US,USNY,42.7037,-76.6597,972237,20210107,https://www.businessinsider.com/us-capitol-riots-siege-goldman-sachs-wells-fargo-blackrock-2021-1
963147327,20210107,202101,2021,2021.0192,MNCUSA,BANK OF AMERICA,USA,,,,,MNC,,,USA,NEW YORK,USA,,,,,,,,0,040,040,04,1,1.0,2,2,2,-2.63645163219916,3,"Washington, District of Columbia, United States",US,USDC,38.8951,-77.0364,531871,2,"New York, United States",US,USNY,42.1497,-74.9384,NY,2,"New York, United States",US,USNY,42.1497,-74.9384,NY,20210107,https://www.businessinsider.com/us-capitol-riots-siege-goldman-sachs-wells-fargo-blackrock-2021-1
963147328,20210107,202101,2021,2021.0192,MNCUSA,BANK OF AMERICA,USA,,,,,MNC,,,USA,NEW YORK,USA,,,,,,,,0,040,040,04,1,1.0,4,2,4,-2.63645163219916,2,"New York, United States",US,USNY,42.1497,-74.9384,NY,2,"New York, United States",US,USNY,42.1497,-74.9384,NY,2,"New York, United States",US,USNY,42.1497,-74.9384,NY,20210107,https://www.businessinsider.com/us-capitol-riots-siege-goldman-sachs-wells-fargo-blackrock-2021-1
963147329,20210107,202101,2021,2021.0192,MNCUSA,WELLS FARGO,USA,,,,,MNC,,,USA,WASHINGTON,USA,,,,,,,,0,1056,105,10,3,-5.0,20,2,20,-2.63645163219916,3,"Washington, District of Columbia, United States",US,USDC,38.8951,-77.0364,531871,3,"Washington, District of Columbia, United States",US,USDC,38.8951,-77.0364,531871,3,"Washington, District of Columbia, United States",US,USDC,38.8951,-77.0364,531871,20210107,https://www.businessinsider.com/us-capitol-riots-siege-goldman-sachs-wells-fargo-blackrock-2021-1
963147331,20210107,202101,2021,2021.0192,MNCUSA,GOLDMAN SACHS,USA,,,,,MNC,,,USAOPP,UNITED STATES,USA,,,,,OPP,,,1,111,111,11,3,-2.0,6,2,6,-2.63645163219916,3,"Blackrock, New York, United States",US,USNY,42.7037,-76.6597,972237,3,"Blackrock, New York, United States",US,USNY,42.7037,-76.6597,972237,3,"Blackrock, New York, United States",US,USNY,42.7037,-76.6597,972237,20210107,https://www.businessinsider.com/us-capitol-riots-siege-goldman-sachs-wells-fargo-blackrock-2021-1
963147333,20210107,202101,2021,2021.0192,MNCUSABUS,BLACKROCK,USA,,,,,MNC,BUS,,OPP,RIOTER,,,,,,OPP,,,1,111,111,11,3,-2.0,4,2,4,-2.63645163219916,2,"New York, United States",US,USNY,42.1497,-74.9384,NY,2,"New York, United States",US,USNY,42.1497,-74.9384,NY,2,"New York, United States",US,USNY,42.1497,-74.9384,NY,20210107,https://www.businessinsider.com/us-capitol-riots-siege-goldman-sachs-wells-fargo-blackrock-2021-1
963147334,20210107,202101,2021,2021.0192,MNCUSABUS,BLACKROCK,USA,,,,,MNC,BUS,,USAOPP,UNITED STATES,USA,,,,,OPP,,,1,111,111,11,3,-2.0,6,2,6,-2.63645163219916,2,"New York, United States",US,USNY,42.1497,-74.9384,NY,2,"New York, United States",US,USNY,42.1497,-74.9384,NY,2,"New York, United States",US,USNY,42.1497,-74.9384,NY,20210107,https://www.businessinsider.com/us-capitol-riots-siege-goldman-sachs-wells-fargo-blackrock-2021-1
963147335,20210107,202101,2021,2021.0192,MNCUSAMED,GOOGLE,USA,,,,,MNC,MED,,BUS,CEOS,,,,,,BUS,,,1,046,046,04,1,7.0,3,1,3,-2.50417362270451,3,"Pershing Square, New York, United States",US,USNY,40.9114,-73.7825,2559552,3,"Pershing Square, New York, United States",US,USNY,40.9114,-73.7825,2559552,3,"Pershing Square, New York, United States",US,USNY,40.9114,-73.7825,2559552,20210107,https://www.businessinsider.com/us-capitol-riots-siege-goldman-sachs-wells-fargo-blackrock-2021-1
963147561,20210107,202101,2021,2021.0192,USA,UNITED STATES,USA,,,,,,,,GOV,PRESIDENT,,,,,,GOV,,,1,100,100,10,3,-5.0,8,2,8,-2.63645163219916,3,"Pershing Square, New York, United States",US,USNY,40.9114,-73.7825,2559552,3,"Pershing Square, New York, United States",US,USNY,40.9114,-73.7825,2559552,3,"Pershing Square, New York, United States",US,USNY,40.9114,-73.7825,2559552,20210107,https://www.businessinsider.com/us-capitol-riots-siege-goldman-sachs-wells-fargo-blackrock-2021-1
963147587,20210107,202101,2021,2021.0192,USA,NEW YORK,USA,,,,,,,,MNCUSA,BANK OF AMERICA,USA,,,,,MNC,,,0,040,040,04,1,1.0,2,2,2,-2.63645163219916,2,"New York, United States",US,USNY,42.1497,-74.9384,NY,3,"Washington, District of Columbia, United States",US,USDC,38.8951,-77.0364,531871,2,"New York, United States",US,USNY,42.1497,-74.9384,NY,20210107,https://www.businessinsider.com/us-capitol-riots-siege-goldman-sachs-wells-fargo-blackrock-2021-1
963147588,20210107,202101,2021,2021.0192,USA,NEW YORK,USA,,,,,,,,MNCUSA,BANK OF AMERICA,USA,,,,,MNC,,,0,040,040,04,1,1.0,4,2,4,-2.63645163219916,2,"New York, United States",US,USNY,42.1497,-74.9384,NY,2,"New York, United States",US,USNY,42.1497,-74.9384,NY,2,"New York, United States",US,USNY,42.1497,-74.9384,NY,20210107,https://www.businessinsider.com/us-capitol-riots-siege-goldman-sachs-wells-fargo-blackrock-2021-1
963147599,20210107,202101,2021,2021.0192,USA,UNITED STATES,USA,,,,,,,,USABUS,UNITED STATES,USA,,,,,BUS,,,0,040,040,04,1,1.0,4,2,4,-2.63645163219916,2,"New York, United States",US,USNY,42.1497,-74.9384,NY,2,"New York, United States",US,USNY,42.1497,-74.9384,NY,2,"New York, United States",US,USNY,42.1497,-74.9384,NY,20210107,https://www.businessinsider.com/us-capitol-riots-siege-goldman-sachs-wells-fargo-blackrock-2021-1
963147609,20210107,202101,2021,2021.0192,USA,UNITED STATES,USA,,,,,,,,USAGOV,UNITED STATES,USA,,,,,GOV,,,1,100,100,10,3,-5.0,4,2,4,-2.63645163219916,3,"Pershing Square, New York, United States",US,USNY,40.9114,-73.7825,2559552,3,"Pershing Square, New York, United States",US,USNY,40.9114,-73.7825,2559552,3,"Pershing Square, New York, United States",US,USNY,40.9114,-73.7825,2559552,20210107,https://www.businessinsider.com/us-capitol-riots-siege-goldman-sachs-wells-fargo-blackrock-2021-1
963147613,20210107,202101,2021,2021.0192,USA,UNITED STATES,USA,,,,,,,,USAOPP,UNITED STATES,USA,,,,,OPP,,,1,111,111,11,3,-2.0,6,2,6,-2.63645163219916,3,"Blackrock, New York, United States",US,USNY,42.7037,-76.6597,972237,3,"Blackrock, New York, United States",US,USNY,42.7037,-76.6597,972237,3,"Blackrock, New York, United States",US,USNY,42.7037,-76.6597,972237,20210107,https://www.businessinsider.com/us-capitol-riots-siege-goldman-sachs-wells-fargo-blackrock-2021-1
963147614,20210107,202101,2021,2021.0192,USABUS,UNITED STATES,USA,,,,,BUS,,,,,,,,,,,,,1,010,010,01,1,0.0,34,7,34,-4.08588243667524,3,"Washington, District of Columbia, United States",US,USDC,38.8951,-77.0364,531871,0,,,,,,,3,"Washington, District of Columbia, United States",US,USDC,38.8951,-77.0364,531871,20210107,https://www.businessinsider.com/us-capitol-riots-siege-goldman-sachs-wells-fargo-blackrock-2021-1
963147617,20210107,202101,2021,2021.0192,USABUS,UNITED STATES,USA,,,,,BUS,,,OPP,RIOTER,,,,,,OPP,,,1,111,111,11,3,-2.0,8,2,8,-2.63645163219916,2,"New York, United States",US,USNY,42.1497,-74.9384,NY,2,"New York, United States",US,USNY,42.1497,-74.9384,NY,2,"New York, United States",US,USNY,42.1497,-74.9384,NY,20210107,https://www.businessinsider.com/us-capitol-riots-siege-goldman-sachs-wells-fargo-blackrock-2021-1
963147620,20210107,202101,2021,2021.0192,USABUS,UNITED STATES,USA,,,,,BUS,,,USA,UNITED STATES,USA,,,,,,,,0,040,040,04,1,1.0,4,2,4,-2.63645163219916,2,"New York, United States",US,USNY,42.1497,-74.9384,NY,2,"New York, United States",US,USNY,42.1497,-74.9384,NY,2,"New York, United States",US,USNY,42.1497,-74.9384,NY,20210107,https://www.businessinsider.com/us-capitol-riots-siege-goldman-sachs-wells-fargo-blackrock-2021-1
963147621,20210107,202101,2021,2021.0192,USABUS,UNITED STATES,USA,,,,,BUS,,,USA,THE US,USA,,,,,,,,1,111,111,11,3,-2.0,4,2,4,-2.63645163219916,3,"Pershing Square, New York, United States",US,USNY,40.9114,-73.7825,2559552,3,"Pershing Square, New York, United States",US,USNY,40.9114,-73.7825,2559552,3,"Pershing Square, New York, United States",US,USNY,40.9114,-73.7825,2559552,20210107,https://www.businessinsider.com/us-capitol-riots-siege-goldman-sachs-wells-fargo-blackrock-2021-1
963147628,20210107,202101,2021,2021.0192,USAGOV,UNITED STATES,USA,,,,,GOV,,,OPP,RIOTER,,,,,,OPP,,,0,020,020,02,1,3.0,2,1,2,-2.50417362270451,3,"Blackrock, New York, United States",US,USNY,42.7037,-76.6597,972237,3,"Blackrock, New York, United States",US,USNY,42.7037,-76.6597,972237,3,"Blackrock, New York, United States",US,USNY,42.7037,-76.6597,972237,20210107,https://www.businessinsider.com/us-capitol-riots-siege-goldman-sachs-wells-fargo-blackrock-2021-1
963151647,20210107,202101,2021,2021.0192,,,,,,,,,,,MED,MEDIA,,,,,,MED,,,1,036,036,03,1,4.0,16,8,16,0.344530832690365,0,,,,,,,4,"Murwillumbah, New South Wales, Australia",AS,AS02,-28.3273,153.393,-1590379,4,"Murwillumbah, New South Wales, Australia",AS,AS02,-28.3273,153.393,-1590379,20210107,https://www.tweeddailynews.com.au/news/prankster-with-heart-of-gold-gives-60k-away/4169456/
963151762,20210107,202101,2021,2021.0192,AUS,AUSTRALIA,AUS,,,,,,,,,,,,,,,,,,1,033,033,03,1,5.2,24,8,16,0.344530832690365,4,"Murwillumbah, New South Wales, Australia",AS,AS02,-28.3273,153.393,-1590379,0,,,,,,,4,"Murwillumbah, New South Wales, Australia",AS,AS02,-28.3273,153.393,-1590379,20210107,https://www.tweeddailynews.com.au/news/prankster-with-heart-of-gold-gives-60k-away/4169456/
963151763,20210107,202101,2021,2021.0192,AUS,AUSTRALIA,AUS,,,,,,,,,,,,,,,,,,1,070,070,07,2,7.0,24,8,16,0.344530832690365,4,"Murwillumbah, New South Wales, Australia",AS,AS02,-28.3273,153.393,-1590379,0,,,,,,,4,"Murwillumbah, New South Wales, Australia",AS,AS02,-28.3273,153.393,-1590379,20210107,https://www.tweeddailynews.com.au/news/prankster-with-heart-of-gold-gives-60k-away/4169456/
963151764,20210107,202101,2021,2021.0192,AUS,AUSTRALIA,AUS,,,,,,,,MED,MEDIA,,,,,,MED,,,1,036,036,03,1,4.0,40,8,40,0.344530832690365,4,"Murwillumbah, New South Wales, Australia",AS,AS02,-28.3273,153.393,-1590379,4,"Murwillumbah, New South Wales, Australia",AS,AS02,-28.3273,153.393,-1590379,4,"Murwillumbah, New South Wales, Australia",AS,AS02,-28.3273,153.393,-1590379,20210107,https://www.tweeddailynews.com.au/news/prankster-with-heart-of-gold-gives-60k-away/4169456/
963152386,20210107,202101,2021,2021.0192,JUD,JUDGE,,,,,,JUD,,,,,,,,,,,,,0,172,172,17,4,-5.0,6,1,6,2.40963855421686,1,Hong Kong,HK,HK,22.25,114.166667,HK,0,,,,,,,1,Hong Kong,HK,HK,22.25,114.166667,HK,20210107,https://www.straitstimes.com/singapore/courts-crime/businessman-87-loses-suit-against-four-children-for-return-of-122kg-in-gold
963152400,20210107,202101,2021,2021.0192,JUD,JUDGE,,,,,,JUD,,,SGP,SINGAPORE,SGP,,,,,,,,0,172,172,17,4,-5.0,4,1,4,2.40963855421686,1,Singapore,SN,SN,1.366667,103.8,SN,1,Singapore,SN,SN,1.366667,103.8,SN,1,Singapore,SN,SN,1.366667,103.8,SN,20210107,https://www.straitstimes.com/singapore/courts-crime/businessman-87-loses-suit-against-four-children-for-return-of-122kg-in-gold
963152401,20210107,202101,2021,2021.0192,JUD,HIGH COURT,,,,,,JUD,,,SGP,SINGAPORE,SGP,,,,,,,,1,173,173,17,4,-5.0,6,1,6,2.40963855421686,1,Hong Kong,HK,HK,22.25,114.166667,HK,1,Hong Kong,HK,HK,22.25,114.166667,HK,1,Hong Kong,HK,HK,22.25,114.166667,HK,20210107,https://www.straitstimes.com/singapore/courts-crime/businessman-87-loses-suit-against-four-children-for-return-of-122kg-in-gold
963152402,20210107,202101,2021,2021.0192,JUD,HIGH COURT,,,,,,JUD,,,SGP,SINGAPORE,SGP,,,,,,,,1,173,173,17,4,-5.0,4,1,4,2.40963855421686,1,Singapore,SN,SN,1.366667,103.8,SN,1,Singapore,SN,SN,1.366667,103.8,SN,1,Singapore,SN,SN,1.366667,103.8,SN,20210107,https://www.straitstimes.com/singapore/courts-crime/businessman-87-loses-suit-against-four-children-for-return-of-122kg-in-gold
963152490,20210107,202101,2021,2021.0192,MED,MEDIA,,,,,,MED,,,,,,,,,,,,,1,036,036,03,1,4.0,16,8,16,0.344530832690365,4,"Tweed Heads, New South Wales, Australia",AS,AS02,-28.1756,153.542,-1606085,0,,,,,,,4,"Tweed Heads, New South Wales, Australia",AS,AS02,-28.1756,153.542,-1606085,20210107,https://www.tweeddailynews.com.au/news/prankster-with-heart-of-gold-gives-60k-away/4169456/
963152497,20210107,202101,2021,2021.0192,MED,MEDIA,,,,,,MED,,,AUS,AUSTRALIA,AUS,,,,,,,,1,036,036,03,1,4.0,8,8,8,0.344530832690365,4,"Murwillumbah, New South Wales, Australia",AS,AS02,-28.3273,153.393,-1590379,4,"Murwillumbah, New South Wales, Australia",AS,AS02,-28.3273,153.393,-1590379,4,"Murwillumbah, New South Wales, Australia",AS,AS02,-28.3273,153.393,-1590379,20210107,https://www.tweeddailynews.com.au/news/prankster-with-heart-of-gold-gives-60k-away/4169456/
963152498,20210107,202101,2021,2021.0192,MED,MEDIA,,,,,,MED,,,AUS,AUSTRALIA,AUS,,,,,,,,1,036,036,03,1,4.0,32,8,32,0.344530832690365,4,"Tweed Heads, New South Wales, Australia",AS,AS02,-28.1756,153.542,-1606085,4,"Tweed Heads, New South Wales, Australia",AS,AS02,-28.1756,153.542,-1606085,4,"Tweed Heads, New South Wales, Australia",AS,AS02,-28.1756,153.542,-1606085,20210107,https://www.tweeddailynews.com.au/news/prankster-with-heart-of-gold-gives-60k-away/4169456/
963152728,20210107,202101,2021,2021.0192,SGP,SINGAPORE,SGP,,,,,,,,JUD,HIGH COURT,,,,,,JUD,,,1,172,172,17,4,-5.0,6,1,6,2.40963855421686,1,Singapore,SN,SN,1.366667,103.8,SN,1,China,CH,CH,35,105,CH,1,China,CH,CH,35,105,CH,20210107,https://www.straitstimes.com/singapore/courts-crime/businessman-87-loses-suit-against-four-children-for-return-of-122kg-in-gold
963152729,20210107,202101,2021,2021.0192,SGP,SINGAPORE,SGP,,,,,,,,JUD,HIGH COURT,,,,,,JUD,,,1,172,172,17,4,-5.0,4,1,4,2.40963855421686,1,Singapore,SN,SN,1.366667,103.8,SN,1,Singapore,SN,SN,1.366667,103.8,SN,1,China,CH,CH,35,105,CH,20210107,https://www.straitstimes.com/singapore/courts-crime/businessman-87-loses-suit-against-four-children-for-return-of-122kg-in-gold
963154974,20210107,202101,2021,2021.0192,FRA,FRANCE,FRA,,,,,,,,USAGOV,JOE BIDEN,USA,,,,,GOV,,,1,043,043,04,1,2.8,1,1,1,-0.86705202312139,4,"Paris, France (general), France",FR,FR00,48.8667,2.33333,-1456928,1,China,CH,CH,35,105,CH,1,United States,US,US,39.828175,-98.5795,US,20210107,https://www.hellenicshippingnews.com/goldman-proclaims-the-dawn-of-a-new-commodity-supercycle/
963154975,20210107,202101,2021,2021.0192,FRA,PARIS,FRA,,,,,,,,USAGOV,JOE BIDEN,USA,,,,,GOV,,,1,043,043,04,1,2.8,4,1,4,-0.86705202312139,4,"Paris, France (general), France",FR,FR00,48.8667,2.33333,-1456928,1,United States,US,US,39.828175,-98.5795,US,1,United States,US,US,39.828175,-98.5795,US,20210107,https://www.hellenicshippingnews.com/goldman-proclaims-the-dawn-of-a-new-commodity-supercycle/
963155450,20210107,202101,2021,2021.0192,MNCAUS,BHP BILLITON,AUS,,,,,MNC,,,,,,,,,,,,,0,080,080,08,2,5.0,6,1,6,-0.86705202312139,1,China,CH,CH,35,105,CH,0,,,,,,,1,China,CH,CH,35,105,CH,20210107,https://www.hellenicshippingnews.com/goldman-proclaims-the-dawn-of-a-new-commodity-supercycle/
963155451,20210107,202101,2021,2021.0192,MNCAUS,BHP BILLITON,AUS,,,,,MNC,,,CHN,CHINA,CHN,,,,,,,,0,080,080,08,2,5.0,2,1,2,-0.86705202312139,1,China,CH,CH,35,105,CH,1,China,CH,CH,35,105,CH,1,China,CH,CH,35,105,CH,20210107,https://www.hellenicshippingnews.com/goldman-proclaims-the-dawn-of-a-new-commodity-supercycle/
963155827,20210107,202101,2021,2021.0192,USAGOV,JOE BIDEN,USA,,,,,GOV,,,FRA,PARIS,FRA,,,,,,,,1,042,042,04,1,1.9,5,1,5,-0.86705202312139,1,China,CH,CH,35,105,CH,1,China,CH,CH,35,105,CH,1,China,CH,CH,35,105,CH,20210107,https://www.hellenicshippingnews.com/goldman-proclaims-the-dawn-of-a-new-commodity-supercycle/
963156770,20210107,202101,2021,2021.0192,,,,,,,,,,,USA,UNITED STATES,USA,,,,,,,,1,040,040,04,1,1.0,4,1,4,-1.91846522781775,0,,,,,,,3,"San Bernardino, California, United States",US,USCA,34.1083,-117.29,1661375,3,"San Bernardino, California, United States",US,USCA,34.1083,-117.29,1661375,20210107,https://www.prnewswire.com:443/news-releases/barry-p-goldbergs-feature-article-mastering-uninsured-and-underinsured-motorist-arbitrations-hailed-as-the-definitive-practice-resource-for-california-personal-injury-attorneys-301202626.html
963157689,20210107,202101,2021,2021.0192,USA,UNITED STATES,USA,,,,,,,,,,,,,,,,,,1,040,040,04,1,1.0,4,1,4,-1.91846522781775,3,"San Bernardino, California, United States",US,USCA,34.1083,-117.29,1661375,0,,,,,,,3,"San Bernardino, California, United States",US,USCA,34.1083,-117.29,1661375,20210107,https://www.prnewswire.com:443/news-releases/barry-p-goldbergs-feature-article-mastering-uninsured-and-underinsured-motorist-arbitrations-hailed-as-the-definitive-practice-resource-for-california-personal-injury-attorneys-301202626.html
963158004,20210107,202101,2021,2021.0192,,,,,,,,,,,MEX,MEXICO,MEX,,,,,,,,1,042,042,04,1,1.9,12,2,12,2.36360365762255,0,,,,,,,4,"Taviche, Oaxaca, Mexico",MX,MX20,16.6333,-96.5333,-1699882,4,"Taviche, Oaxaca, Mexico",MX,MX20,16.6333,-96.5333,-1699882,20210107,https://www.finanznachrichten.de/nachrichten-2021-01/51672041-minaurum-gold-inc-minaurum-announces-option-with-fortuna-silver-296.htm
963158150,20210107,202101,2021,2021.0192,BUS,COMPANY,,,,,,BUS,,,,,,,,,,,,,0,084,084,08,2,7.0,2,1,2,3.25960419091967,4,"Bruce Lake, Ontario, Canada",CA,CA08,50.8,-93.35,-561744,0,,,,,,,4,"Bruce Lake, Ontario, Canada",CA,CA08,50.8,-93.35,-561744,20210107,https://www.finanznachrichten.de/nachrichten-2021-01/51672045-goldon-resources-ltd-goldon-accelerates-acquisition-of-bounty-claims-in-ontario-s-red-lake-gold-camp-296.htm
963158156,20210107,202101,2021,2021.0192,BUS,COMPANY,,,,,,BUS,,,CAN,ONTARIO,CAN,,,,,,,,0,173,173,17,4,-5.0,8,1,8,3.25960419091967,4,"Bruce Lake, Ontario, Canada",CA,CA08,50.8,-93.35,-561744,4,"Bruce Lake, Ontario, Canada",CA,CA08,50.8,-93.35,-561744,4,"Bruce Lake, Ontario, Canada",CA,CA08,50.8,-93.35,-561744,20210107,https://www.finanznachrichten.de/nachrichten-2021-01/51672045-goldon-resources-ltd-goldon-accelerates-acquisition-of-bounty-claims-in-ontario-s-red-lake-gold-camp-296.htm
963158157,20210107,202101,2021,2021.0192,BUS,COMPANY,,,,,,BUS,,,CAN,CANADA,CAN,,,,,,,,0,173,173,17,4,-5.0,2,1,2,3.25960419091967,4,"Red Lake, Ontario, Canada",CA,CA08,51.0333,-93.8333,-572086,4,"Red Lake, Ontario, Canada",CA,CA08,51.0333,-93.8333,-572086,4,"Red Lake, Ontario, Canada",CA,CA08,51.0333,-93.8333,-572086,20210107,https://www.finanznachrichten.de/nachrichten-2021-01/51672045-goldon-resources-ltd-goldon-accelerates-acquisition-of-bounty-claims-in-ontario-s-red-lake-gold-camp-296.htm
963158738,20210107,202101,2021,2021.0192,MEX,MEXICO,MEX,,,,,,,,,,,,,,,,,,1,043,043,04,1,2.8,12,2,12,2.36360365762255,4,"Vancouver, British Columbia, Canada",CA,CA02,49.25,-123.133,-575268,0,,,,,,,4,"Vancouver, British Columbia, Canada",CA,CA02,49.25,-123.133,-575268,20210107,https://www.finanznachrichten.de/nachrichten-2021-01/51672041-minaurum-gold-inc-minaurum-announces-option-with-fortuna-silver-296.htm
963163152,20210107,202101,2021,2021.0192,,,,,,,,,,,USA,UNITED STATES,USA,,,,,,,,1,046,046,04,1,7.0,4,1,4,1,0,,,,,,,3,"Dover, Delaware, United States",US,USDE,39.1582,-75.5244,217882,3,"Dover, Delaware, United States",US,USDE,39.1582,-75.5244,217882,20210107,https://www.wmdt.com/2021/01/gold-alert-for-missing-dover-man/
963163827,20210107,202101,2021,2021.0192,GOV,CHIEF EXECUTIVE,,,,,,GOV,,,,,,,,,,,,,1,051,051,05,1,3.4,3,1,3,-2.31075697211155,4,"Lima, Lima, Peru",PE,PE15,-12.05,-77.05,-352647,0,,,,,,,4,"Lima, Lima, Peru",PE,PE15,-12.05,-77.05,-352647,20210107,https://www.wallstreet-online.de/nachricht/13337588-regulus-extends-mineralized-footprint-at-the-antakori-copper-gold-project
963164114,20210107,202101,2021,2021.0192,ITA,LAZIO,ITA,,,,,,,,,,,,,,,,,,1,130,130,13,3,-4.4,20,1,20,4.65116279069767,0,,,,,,,0,,,,,,,0,,,,,,,20210107,https://www.goal.com/en-cm/lists/golden-shoe-2020-21-top-scorers/kdnkw19k6tgs16u9equ1jqyd0
963164561,20210107,202101,2021,2021.0192,PER,PERU,PER,,,,,,,,GOV,CHIEF EXECUTIVE,,,,,,GOV,,,1,051,051,05,1,3.4,2,1,2,-2.31075697211155,4,"Lima, Lima, Peru",PE,PE15,-12.05,-77.05,-352647,4,"Lima, Lima, Peru",PE,PE15,-12.05,-77.05,-352647,4,"Lima, Lima, Peru",PE,PE15,-12.05,-77.05,-352647,20210107,https://www.wallstreet-online.de/nachricht/13337588-regulus-extends-mineralized-footprint-at-the-antakori-copper-gold-project
963168346,20210107,202101,2021,2021.0192,,,,,,,,,,,CAN,CANADA,CAN,,,,,,,,0,043,043,04,1,2.8,1,1,1,0.80971659919029,0,,,,,,,4,"Red Lake, Ontario, Canada",CA,CA08,51.0333,-93.8333,-572086,4,"Red Lake, Ontario, Canada",CA,CA08,51.0333,-93.8333,-572086,20210107,https://www.finanznachrichten.de/nachrichten-2021-01/51672861-golden-goliath-resources-ltd-geophysical-survey-set-to-commence-followed-by-drilling-of-east-grid-as-golden-goliath-resumes-exploration-on-its-kwai-296.htm
963168582,20210107,202101,2021,2021.0192,CAN,CANADA,CAN,,,,,,,,,,,,,,,,,,0,020,020,02,1,3.0,3,1,3,0.80971659919029,4,"Sierra Madre Occidental, Mexico (general), Mexico",MX,MX00,25,-105,-1681963,0,,,,,,,4,"Sierra Madre Occidental, Mexico (general), Mexico",MX,MX00,25,-105,-1681963,20210107,https://www.finanznachrichten.de/nachrichten-2021-01/51672861-golden-goliath-resources-ltd-geophysical-survey-set-to-commence-followed-by-drilling-of-east-grid-as-golden-goliath-resumes-exploration-on-its-kwai-296.htm
963168583,20210107,202101,2021,2021.0192,CAN,CANADA,CAN,,,,,,,,,,,,,,,,,,0,020,020,02,1,3.0,1,1,1,0.80971659919029,4,"Red Lake, Ontario, Canada",CA,CA08,51.0333,-93.8333,-572086,0,,,,,,,4,"Red Lake, Ontario, Canada",CA,CA08,51.0333,-93.8333,-572086,20210107,https://www.finanznachrichten.de/nachrichten-2021-01/51672861-golden-goliath-resources-ltd-geophysical-survey-set-to-commence-followed-by-drilling-of-east-grid-as-golden-goliath-resumes-exploration-on-its-kwai-296.htm
963168584,20210107,202101,2021,2021.0192,CAN,CANADA,CAN,,,,,,,,,,,,,,,,,,0,042,042,04,1,1.9,1,1,1,0.80971659919029,4,"Sierra Madre Occidental, Mexico (general), Mexico",MX,MX00,25,-105,-1681963,0,,,,,,,4,"Sierra Madre Occidental, Mexico (general), Mexico",MX,MX00,25,-105,-1681963,20210107,https://www.finanznachrichten.de/nachrichten-2021-01/51672861-golden-goliath-resources-ltd-geophysical-survey-set-to-commence-followed-by-drilling-of-east-grid-as-golden-goliath-resumes-exploration-on-its-kwai-296.htm
963168668,20210107,202101,2021,2021.0192,CRM,MAFIA,,,,,,CRM,,,AFR,AFRICA,AFR,,,,,,,,1,190,190,19,4,-10.0,4,1,4,-5.43478260869565,4,"Durban, KwaZulu-Natal, South Africa",SF,SF02,-29.85,31.0167,-1224926,4,"Durban, KwaZulu-Natal, South Africa",SF,SF02,-29.85,31.0167,-1224926,4,"Durban, KwaZulu-Natal, South Africa",SF,SF02,-29.85,31.0167,-1224926,20210107,https://www.enca.com/news/golden-farewell-teddy-mafia
963170684,20210107,202101,2021,2021.0192,BUS,ENTREPRENEUR,,,,,,BUS,,,USA,CALIFORNIA,USA,,,,,,,,1,043,043,04,1,2.8,68,17,68,4.36239068053051,3,"Orange County, California, United States",US,USCA,33.7,-117.768,277294,3,"Orange County, California, United States",US,USCA,33.7,-117.768,277294,3,"Orange County, California, United States",US,USCA,33.7,-117.768,277294,20210107,https://www.finanznachrichten.de/nachrichten-2021-01/51673051-one-world-publishing-robert-lotter-named-as-gogirl-worldwide-magazines-goguy-with-a-heart-of-pure-gold-200.htm
963170685,20210107,202101,2021,2021.0192,BUS,ENTREPRENEUR,,,,,,BUS,,,USA,CALIFORNIA,USA,,,,,,,,1,043,043,04,1,2.8,17,17,17,4.36239068053051,3,"Orange County, California, United States",US,USCA,33.7,-117.768,277294,2,"California, United States",US,USCA,36.17,-119.746,CA,3,"Orange County, California, United States",US,USCA,33.7,-117.768,277294,20210107,https://www.finanznachrichten.de/nachrichten-2021-01/51673051-one-world-publishing-robert-lotter-named-as-gogirl-worldwide-magazines-goguy-with-a-heart-of-pure-gold-200.htm
963170687,20210107,202101,2021,2021.0192,BUS,PRODUCER,,,,,,BUS,,,USA,UNITED STATES,USA,,,,,,,,1,111,111,11,3,-2.0,2,1,2,3.21100917431193,3,"Brooklyn, New York, United States",US,USNY,42.3442,-75.1704,944840,3,"Brooklyn, New York, United States",US,USNY,42.3442,-75.1704,944840,3,"Brooklyn, New York, United States",US,USNY,42.3442,-75.1704,944840,20210107,https://patch.com/new-york/gardencity/golds-horseradish-hempstead-plant-close-48-layoffs
963171033,20210107,202101,2021,2021.0192,GOV,PRESIDENT,,,,,,GOV,,,,,,,,,,,,,1,120,120,12,3,-4.0,10,1,10,-3.23834196891192,2,"Missouri, United States",US,USMO,38.4623,-92.302,MO,0,,,,,,,2,"Missouri, United States",US,USMO,38.4623,-92.302,MO,20210107,https://www.heraldextra.com/news/opinion/national-editorials/goldberg-veep-gambit-puts-some-gop-legislators-on-the-stupid-side-of-history/article_fcbfa437-da26-5294-a5b6-51c6fa8a3347.html
963171128,20210107,202101,2021,2021.0192,GOV,PRESIDENT,,,,,,GOV,,,USAGOVCVL,BARACK OBAMA,USA,,,,,GOV,CVL,,1,120,120,12,3,-4.0,8,1,8,-3.23834196891192,2,"Florida, United States",US,USFL,27.8333,-81.717,FL,2,"Florida, United States",US,USFL,27.8333,-81.717,FL,2,"Florida, United States",US,USFL,27.8333,-81.717,FL,20210107,https://www.heraldextra.com/news/opinion/national-editorials/goldberg-veep-gambit-puts-some-gop-legislators-on-the-stupid-side-of-history/article_fcbfa437-da26-5294-a5b6-51c6fa8a3347.html
963171641,20210107,202101,2021,2021.0192,USA,UNITED STATES,USA,,,,,,,,,,,,,,,,,,1,111,111,11,3,-2.0,2,1,2,3.21100917431193,3,"Brooklyn, New York, United States",US,USNY,42.3442,-75.1704,944840,0,,,,,,,3,"Brooklyn, New York, United States",US,USNY,42.3442,-75.1704,944840,20210107,https://patch.com/new-york/gardencity/golds-horseradish-hempstead-plant-close-48-layoffs
963171655,20210107,202101,2021,2021.0192,USA,UNITED STATES,USA,,,,,,,,BUS,COMPANY,,,,,,BUS,,,1,013,013,01,1,0.4,2,1,2,3.21100917431193,3,"Brooklyn, New York, United States",US,USNY,42.3442,-75.1704,944840,3,"Brooklyn, New York, United States",US,USNY,42.3442,-75.1704,944840,3,"Brooklyn, New York, United States",US,USNY,42.3442,-75.1704,944840,20210107,https://patch.com/new-york/gardencity/golds-horseradish-hempstead-plant-close-48-layoffs
963171657,20210107,202101,2021,2021.0192,USA,CALIFORNIA,USA,,,,,,,,BUS,ENTREPRENEUR,,,,,,BUS,,,1,042,042,04,1,1.9,85,17,85,4.36239068053051,3,"Orange County, California, United States",US,USCA,33.7,-117.768,277294,3,"Orange County, California, United States",US,USCA,33.7,-117.768,277294,3,"Orange County, California, United States",US,USCA,33.7,-117.768,277294,20210107,https://www.finanznachrichten.de/nachrichten-2021-01/51673051-one-world-publishing-robert-lotter-named-as-gogirl-worldwide-magazines-goguy-with-a-heart-of-pure-gold-200.htm
963171710,20210107,202101,2021,2021.0192,USA,UNITED STATES,USA,,,,,,,,GOV,PRESIDENT,,,,,,GOV,,,0,051,051,05,1,3.4,68,17,68,4.36239068053051,3,"Orange County, California, United States",US,USCA,33.7,-117.768,277294,3,"Orange County, California, United States",US,USCA,33.7,-117.768,277294,3,"Orange County, California, United States",US,USCA,33.7,-117.768,277294,20210107,https://www.finanznachrichten.de/nachrichten-2021-01/51673051-one-world-publishing-robert-lotter-named-as-gogirl-worldwide-magazines-goguy-with-a-heart-of-pure-gold-200.htm
963171817,20210107,202101,2021,2021.0192,USAGOV,UNITED STATES,USA,,,,,GOV,,,USAGOVCVL,BARACK OBAMA,USA,,,,,GOV,CVL,,1,120,120,12,3,-4.0,2,1,2,-3.23834196891192,2,"Florida, United States",US,USFL,27.8333,-81.717,FL,2,"Florida, United States",US,USFL,27.8333,-81.717,FL,2,"Florida, United States",US,USFL,27.8333,-81.717,FL,20210107,https://www.heraldextra.com/news/opinion/national-editorials/goldberg-veep-gambit-puts-some-gop-legislators-on-the-stupid-side-of-history/article_fcbfa437-da26-5294-a5b6-51c6fa8a3347.html
963177923,20210107,202101,2021,2021.0192,IND,CHENNAI,IND,,,,,,,,,,,,,,,,,,1,192,192,19,4,-9.5,9,2,9,3.76916170651415,4,"Chennai, Tamil Nadu, India",IN,IN25,13.0833,80.2833,-2103041,0,,,,,,,4,"Chennai, Tamil Nadu, India",IN,IN25,13.0833,80.2833,-2103041,20210107,https://www.thehindubusinessline.com/news/gold-valued-at-197-crore-seized-by-chennai-airport-customs/article33522312.ece
963179885,20210107,202101,2021,2021.0192,GHA,GHANA,GHA,,,,,,,,USA,UNITED STATES,USA,,,,,,,,1,030,030,03,1,4.0,4,1,4,3.2520325203252,1,Ghana,GH,GH,8,-2,GH,3,"San Andreas, California, United States",US,USCA,38.196,-120.68,277590,3,"San Andreas, California, United States",US,USCA,38.196,-120.68,277590,20210107,https://www.goldcoastbulletin.com.au/realestate/luxury-gold-coast-mansion-where-the-rock-dwayne-johnson-stayed-expected-to-sell-for-8-million/news-story/59e2a32c08b17e27843a57bc263a8219?nk=8f66659e2535ea8aebf099025aa4c64e-1610036323
963183854,20210107,202101,2021,2021.0192,CHR,CHRISTIAN,,,,CHR,,,,,USA,UNITED STATES,USA,,,,,,,,0,043,043,04,1,2.8,8,1,8,-0.66225165562914,2,"Kentucky, United States",US,USKY,37.669,-84.6514,KY,3,"Hanover College, Indiana, United States",US,USIN,38.7123,-85.4608,449666,2,"Kentucky, United States",US,USKY,37.669,-84.6514,KY,20210107,https://theconversation.com/in-mike-pence-us-evangelicals-had-their-24-karat-gold-man-in-the-white-house-148161
963183855,20210107,202101,2021,2021.0192,CHRCTHEDU,CATHOLIC,,,,CHR,CTH,EDU,,,IRL,IRISH,IRL,,,,,,,,0,043,043,04,1,2.8,6,1,6,-0.66225165562914,1,Ireland,EI,EI,53,-8,EI,1,Ireland,EI,EI,53,-8,EI,1,Ireland,EI,EI,53,-8,EI,20210107,https://theconversation.com/in-mike-pence-us-evangelicals-had-their-24-karat-gold-man-in-the-white-house-148161
963184010,20210107,202101,2021,2021.0192,DEUEDU,HANOVER,DEU,,,,,EDU,,,USA,KENTUCKY,USA,,,,,,,,0,042,042,04,1,1.9,4,1,4,-0.66225165562914,3,"Hanover College, Indiana, United States",US,USIN,38.7123,-85.4608,449666,2,"Kentucky, United States",US,USKY,37.669,-84.6514,KY,2,"Kentucky, United States",US,USKY,37.669,-84.6514,KY,20210107,https://theconversation.com/in-mike-pence-us-evangelicals-had-their-24-karat-gold-man-in-the-white-house-148161
963184011,20210107,202101,2021,2021.0192,DEUEDU,HANOVER,DEU,,,,,EDU,,,USA,KENTUCKY,USA,,,,,,,,0,042,042,04,1,1.9,8,1,8,-0.66225165562914,3,"White House, District of Columbia, United States",US,USDC,38.8951,-77.0364,531871,3,"White House, District of Columbia, United States",US,USDC,38.8951,-77.0364,531871,3,"White House, District of Columbia, United States",US,USDC,38.8951,-77.0364,531871,20210107,https://theconversation.com/in-mike-pence-us-evangelicals-had-their-24-karat-gold-man-in-the-white-house-148161
963184360,20210107,202101,2021,2021.0192,IRL,IRISH,IRL,,,,,,,,CHRCTHEDU,CATHOLIC,,,,CHR,CTH,EDU,,,0,042,042,04,1,1.9,6,1,6,-0.66225165562914,1,Ireland,EI,EI,53,-8,EI,1,Ireland,EI,EI,53,-8,EI,1,Ireland,EI,EI,53,-8,EI,20210107,https://theconversation.com/in-mike-pence-us-evangelicals-had-their-24-karat-gold-man-in-the-white-house-148161
963184882,20210107,202101,2021,2021.0192,USA,UNITED STATES,USA,,,,,,,,CHR,CHRISTIAN,,,,CHR,,,,,0,042,042,04,1,1.9,8,1,8,-0.66225165562914,3,"Hanover College, Indiana, United States",US,USIN,38.7123,-85.4608,449666,2,"Kentucky, United States",US,USKY,37.669,-84.6514,KY,2,"Kentucky, United States",US,USKY,37.669,-84.6514,KY,20210107,https://theconversation.com/in-mike-pence-us-evangelicals-had-their-24-karat-gold-man-in-the-white-house-148161
963184911,20210107,202101,2021,2021.0192,USA,KENTUCKY,USA,,,,,,,,DEUEDU,HANOVER,DEU,,,,,EDU,,,0,043,043,04,1,2.8,4,1,4,-0.66225165562914,3,"White House, District of Columbia, United States",US,USDC,38.8951,-77.0364,531871,3,"White House, District of Columbia, United States",US,USDC,38.8951,-77.0364,531871,3,"White House, District of Columbia, United States",US,USDC,38.8951,-77.0364,531871,20210107,https://theconversation.com/in-mike-pence-us-evangelicals-had-their-24-karat-gold-man-in-the-white-house-148161
963184912,20210107,202101,2021,2021.0192,USA,KENTUCKY,USA,,,,,,,,DEUEDU,HANOVER,DEU,,,,,EDU,,,0,043,043,04,1,2.8,8,1,8,-0.66225165562914,2,"Kentucky, United States",US,USKY,37.669,-84.6514,KY,3,"Hanover College, Indiana, United States",US,USIN,38.7123,-85.4608,449666,2,"Kentucky, United States",US,USKY,37.669,-84.6514,KY,20210107,https://theconversation.com/in-mike-pence-us-evangelicals-had-their-24-karat-gold-man-in-the-white-house-148161
963185015,20210107,202101,2021,2021.0192,USA,CHARLOTTE,USA,,,,,,,,PTY,POLITICIAN,,,,,,,,,1,013,013,01,1,0.4,12,1,12,-0.66225165562914,2,"Indiana, United States",US,USIN,39.8647,-86.2604,IN,2,"Indiana, United States",US,USIN,39.8647,-86.2604,IN,2,"Indiana, United States",US,USIN,39.8647,-86.2604,IN,20210107,https://theconversation.com/in-mike-pence-us-evangelicals-had-their-24-karat-gold-man-in-the-white-house-148161
963185887,20210107,202101,2021,2021.0192,,,,,,,,,,,AUS,VICTORIA,AUS,,,,,,,,1,160,160,16,4,-4.0,35,2,20,-1.49677471812663,0,,,,,,,4,"Sydney, New South Wales, Australia",AS,AS02,-33.8833,151.217,-1603135,4,"Sydney, New South Wales, Australia",AS,AS02,-33.8833,151.217,-1603135,20210107,https://www.goldcoastbulletin.com.au/breaking-news/sydney-fastfood-receipt-stops-couple-entering-victoria/news-story/4817c232776e6cf01b8c713ae3aac858?nk=64df540dfcf930ed8b7adc610c28ff6d-1610038959
963186177,20210107,202101,2021,2021.0192,CANBUS,CANADA,CAN,,,,,BUS,,,CAN,CANADA,CAN,,,,,,,,1,012,012,01,1,-0.4,3,2,3,-2.47281597552404,4,"Ottawa, Ontario, Canada",CA,CA08,45.4167,-75.7,-570760,4,"Ottawa, Ontario, Canada",CA,CA08,45.4167,-75.7,-570760,4,"Ottawa, Ontario, Canada",CA,CA08,45.4167,-75.7,-570760,20210107,https://www.bnnbloomberg.ca/canada-s-trade-deficit-narrowed-in-november-on-gold-shipments-1.1545083
963186178,20210107,202101,2021,2021.0192,CANBUS,CANADA,CAN,,,,,BUS,,,CAN,CANADA,CAN,,,,,,,,1,0311,031,03,1,5.2,3,2,3,-2.47281597552404,4,"Ottawa, Ontario, Canada",CA,CA08,45.4167,-75.7,-570760,4,"Ottawa, Ontario, Canada",CA,CA08,45.4167,-75.7,-570760,4,"Ottawa, Ontario, Canada",CA,CA08,45.4167,-75.7,-570760,20210107,https://www.bnnbloomberg.ca/canada-s-trade-deficit-narrowed-in-november-on-gold-shipments-1.1545083
963186179,20210107,202101,2021,2021.0192,CANBUS,CANADA,CAN,,,,,BUS,,,EDU,ECONOMIST,,,,,,EDU,,,1,012,012,01,1,-0.4,4,1,4,-3.28358208955224,4,"Ottawa, Ontario, Canada",CA,CA08,45.4167,-75.7,-570760,4,"Ottawa, Ontario, Canada",CA,CA08,45.4167,-75.7,-570760,4,"Ottawa, Ontario, Canada",CA,CA08,45.4167,-75.7,-570760,20210107,https://www.bnnbloomberg.ca/canada-s-trade-deficit-narrowed-in-november-on-gold-shipments-1.1545083
963186180,20210107,202101,2021,2021.0192,CANBUS,CANADA,CAN,,,,,BUS,,,EDU,ECONOMIST,,,,,,EDU,,,1,0311,031,03,1,5.2,4,1,4,-3.28358208955224,4,"Ottawa, Ontario, Canada",CA,CA08,45.4167,-75.7,-570760,4,"Ottawa, Ontario, Canada",CA,CA08,45.4167,-75.7,-570760,4,"Ottawa, Ontario, Canada",CA,CA08,45.4167,-75.7,-570760,20210107,https://www.bnnbloomberg.ca/canada-s-trade-deficit-narrowed-in-november-on-gold-shipments-1.1545083
963186181,20210107,202101,2021,2021.0192,CANBUS,CANADA,CAN,,,,,BUS,,,men,MENDE,,,men,,,,,,1,012,012,01,1,-0.4,5,2,5,-2.47281597552404,4,"Ottawa, Ontario, Canada",CA,CA08,45.4167,-75.7,-570760,4,"Ottawa, Ontario, Canada",CA,CA08,45.4167,-75.7,-570760,4,"Ottawa, Ontario, Canada",CA,CA08,45.4167,-75.7,-570760,20210107,https://www.bnnbloomberg.ca/canada-s-trade-deficit-narrowed-in-november-on-gold-shipments-1.1545083
963186182,20210107,202101,2021,2021.0192,CANBUS,CANADA,CAN,,,,,BUS,,,men,MENDE,,,men,,,,,,1,0311,031,03,1,5.2,5,2,5,-2.47281597552404,4,"Ottawa, Ontario, Canada",CA,CA08,45.4167,-75.7,-570760,4,"Ottawa, Ontario, Canada",CA,CA08,45.4167,-75.7,-570760,4,"Ottawa, Ontario, Canada",CA,CA08,45.4167,-75.7,-570760,20210107,https://www.bnnbloomberg.ca/canada-s-trade-deficit-narrowed-in-november-on-gold-shipments-1.1545083
963192815,20210107,202101,2021,2021.0192,,,,,,,,,,,AUS,VICTORIA,AUS,,,,,,,,1,042,042,04,1,1.9,5,1,5,4.79233226837061,0,,,,,,,4,"Ballarat, Victoria, Australia",AS,AS07,-37.5627,143.863,-1557125,4,"Ballarat, Victoria, Australia",AS,AS07,-37.5627,143.863,-1557125,20210107,https://investingnews.com/company-news/outback-goldfields:-exploring-for-high-grade-gold-in-the-victorian-goldfields/
963193000,20210107,202101,2021,2021.0192,AUS,VICTORIA,AUS,,,,,,,,,,,,,,,,,,1,043,043,04,1,2.8,5,1,5,4.79233226837061,4,"Fosterville, Victoria, Australia",AS,AS07,-36.7,144.5,-1573938,0,,,,,,,4,"Fosterville, Victoria, Australia",AS,AS07,-36.7,144.5,-1573938,20210107,https://investingnews.com/company-news/outback-goldfields:-exploring-for-high-grade-gold-in-the-victorian-goldfields/
963199757,20210107,202101,2021,2021.0192,BUS,COMPANY,,,,,,BUS,,,,,,,,,,,,,1,084,084,08,2,7.0,5,1,5,1.11111111111111,4,"Toronto, Ontario, Canada",CA,CA08,43.6667,-79.4167,-574890,0,,,,,,,4,"Toronto, Ontario, Canada",CA,CA08,43.6667,-79.4167,-574890,20210107,https://investingnews.com/news/gold-investing/kinross-to-announce-2020-q4full-year-results-and-2021-guidance-on-february-10-2021/
963203779,20210107,202101,2021,2021.0192,,,,,,,,,,,AUS,AUSTRALIA,AUS,,,,,,,,0,071,071,07,2,7.4,2,1,2,1.01960784313726,0,,,,,,,4,"Perth, Western Australia, Australia",AS,AS08,-31.9333,115.833,-1594675,4,"Perth, Western Australia, Australia",AS,AS08,-31.9333,115.833,-1594675,20210107,https://www.businessinsider.com/goldman-sachs-asset-management-industry-consolidation-investments-strategy-pension-2020-12
963203780,20210107,202101,2021,2021.0192,,,,,,,,,,,AUS,AUSTRALIA,AUS,,,,,,,,0,100,100,10,3,-5.0,2,1,2,1.01960784313726,0,,,,,,,4,"Perth, Western Australia, Australia",AS,AS08,-31.9333,115.833,-1594675,4,"Perth, Western Australia, Australia",AS,AS08,-31.9333,115.833,-1594675,20210107,https://www.businessinsider.com/goldman-sachs-asset-management-industry-consolidation-investments-strategy-pension-2020-12
963203969,20210107,202101,2021,2021.0192,BUS,INVESTOR,,,,,,BUS,,,,,,,,,,,,,0,130,130,13,3,-4.4,6,1,6,1.62650602409638,4,"Gold Bar, British Columbia, Canada",CA,CA02,56.0833,-122.75,-565327,0,,,,,,,4,"Toronto, Ontario, Canada",CA,CA08,43.6667,-79.4167,-574890,20210107,https://www.marketwatch.com/press-release/mcewen-mining-updated-gold-bar-resource-and-reserve-estimates-2021-01-07
963203970,20210107,202101,2021,2021.0192,BUS,INVESTOR,,,,,,BUS,,,,,,,,,,,,,0,130,130,13,3,-4.4,10,1,10,1.62650602409638,2,"Nevada, United States",US,USNV,38.4199,-117.122,NV,0,,,,,,,2,"Nevada, United States",US,USNV,38.4199,-117.122,NV,20210107,https://www.marketwatch.com/press-release/mcewen-mining-updated-gold-bar-resource-and-reserve-estimates-2021-01-07
963204289,20210107,202101,2021,2021.0192,EGY,NILE RIVER,EGY,,,,,,,,ISR,ISRAEL,ISR,,,,,,,,1,040,040,04,1,1.0,5,1,5,3,4,"Nile River, Egypt (general), Egypt",EG,EG00,30.1667,31.1,-300347,4,"Jerusalem, Israel (general), Israel",IS,IS00,31.7667,35.2333,-797092,4,"Nile River, Egypt (general), Egypt",EG,EG00,30.1667,31.1,-300347,20210107,https://ricochet.com/podcast/tikvah-podcast/dore-gold-on-the-strategic-importance-of-the-nile-river-and-the-politics-of-the-red-sea/
963204641,20210107,202101,2021,2021.0192,ISR,ISRAEL,ISR,,,,,,,,EGY,NILE RIVER,EGY,,,,,,,,1,040,040,04,1,1.0,5,1,5,3,4,"Jerusalem, Israel (general), Israel",IS,IS00,31.7667,35.2333,-797092,4,"Nile River, Egypt (general), Egypt",EG,EG00,30.1667,31.1,-300347,4,"Nile River, Egypt (general), Egypt",EG,EG00,30.1667,31.1,-300347,20210107,https://ricochet.com/podcast/tikvah-podcast/dore-gold-on-the-strategic-importance-of-the-nile-river-and-the-politics-of-the-red-sea/
963204642,20210107,202101,2021,2021.0192,ISR,ISRAEL,ISR,,,,,,,,EGY,NILE RIVER,EGY,,,,,,,,1,040,040,04,1,1.0,2,1,2,3,4,"Jerusalem, Israel (general), Israel",IS,IS00,31.7667,35.2333,-797092,4,"Jerusalem, Israel (general), Israel",IS,IS00,31.7667,35.2333,-797092,4,"Jerusalem, Israel (general), Israel",IS,IS00,31.7667,35.2333,-797092,20210107,https://ricochet.com/podcast/tikvah-podcast/dore-gold-on-the-strategic-importance-of-the-nile-river-and-the-politics-of-the-red-sea/
963204873,20210107,202101,2021,2021.0192,MNCUSA,MORGAN STANLEY,USA,,,,,MNC,,,,,,,,,,,,,1,020,020,02,1,3.0,10,1,10,1.01960784313726,4,"Perth, Western Australia, Australia",AS,AS08,-31.9333,115.833,-1594675,0,,,,,,,4,"Perth, Western Australia, Australia",AS,AS08,-31.9333,115.833,-1594675,20210107,https://www.businessinsider.com/goldman-sachs-asset-management-industry-consolidation-investments-strategy-pension-2020-12
963204874,20210107,202101,2021,2021.0192,MNCUSA,GOLDMAN SACHS,USA,,,,,MNC,,,,,,,,,,,,,1,071,071,07,2,7.4,5,1,5,1.01960784313726,3,"Boston, Massachusetts, United States",US,USMA,42.3584,-71.0598,617565,0,,,,,,,3,"Boston, Massachusetts, United States",US,USMA,42.3584,-71.0598,617565,20210107,https://www.businessinsider.com/goldman-sachs-asset-management-industry-consolidation-investments-strategy-pension-2020-12
963204876,20210107,202101,2021,2021.0192,MNCUSA,GOLDMAN SACHS,USA,,,,,MNC,,,BUS,INDUSTRY,,,,,,BUS,,,1,071,071,07,2,7.4,5,1,5,1.01960784313726,3,"Boston, Massachusetts, United States",US,USMA,42.3584,-71.0598,617565,3,"Boston, Massachusetts, United States",US,USMA,42.3584,-71.0598,617565,3,"Boston, Massachusetts, United States",US,USMA,42.3584,-71.0598,617565,20210107,https://www.businessinsider.com/goldman-sachs-asset-management-industry-consolidation-investments-strategy-pension-2020-12
963211116,20210107,202101,2021,2021.0192,,,,,,,,,,,VNM,VIETNAM,VNM,,,,,,,,1,042,042,04,1,1.9,4,2,4,-0.99304963867588,0,,,,,,,1,Taiwan,TW,TW,24,121,TW,1,Taiwan,TW,TW,24,121,TW,20210107,https://www.belfasttelegraph.co.uk/entertainment/film-tv/news/henry-golding-feels-sense-of-displacement-over-british-malaysian-heritage-39944872.html
963211458,20210107,202101,2021,2021.0192,GBR,UNITED KINGDOM,GBR,,,,,,,,,,,,,,,,,,1,010,010,01,1,0.0,2,2,2,-0.99304963867588,1,United Kingdom,UK,UK,54,-4,UK,0,,,,,,,4,"Saigon, H? Chíinh, Vietnam, Republic Of",VM,VM20,10.75,106.667,-3730078,20210107,https://www.belfasttelegraph.co.uk/entertainment/film-tv/news/henry-golding-feels-sense-of-displacement-over-british-malaysian-heritage-39944872.html
963211486,20210107,202101,2021,2021.0192,GBR,BRITISH,GBR,,,,,,,,VNM,VIETNAM,VNM,,,,,,,,1,042,042,04,1,1.9,12,2,12,-0.99304963867588,1,Taiwan,TW,TW,24,121,TW,1,Taiwan,TW,TW,24,121,TW,1,Taiwan,TW,TW,24,121,TW,20210107,https://www.belfasttelegraph.co.uk/entertainment/film-tv/news/henry-golding-feels-sense-of-displacement-over-british-malaysian-heritage-39944872.html
963211487,20210107,202101,2021,2021.0192,GBR,UNITED KINGDOM,GBR,,,,,,,,VNM,VIETNAM,VNM,,,,,,,,1,042,042,04,1,1.9,4,2,4,-0.99304963867588,1,United Kingdom,UK,UK,54,-4,UK,1,Taiwan,TW,TW,24,121,TW,1,Taiwan,TW,TW,24,121,TW,20210107,https://www.belfasttelegraph.co.uk/entertainment/film-tv/news/henry-golding-feels-sense-of-displacement-over-british-malaysian-heritage-39944872.html
963212323,20210107,202101,2021,2021.0192,USA,THE US,USA,,,,,,,,VNM,VIETNAM,VNM,,,,,,,,1,040,040,04,1,1.0,4,2,4,-0.99304963867588,4,"Saigon, H? Chíinh, Vietnam, Republic Of",VM,VM20,10.75,106.667,-3730078,4,"Saigon, H? Chíinh, Vietnam, Republic Of",VM,VM20,10.75,106.667,-3730078,4,"Saigon, H? Chíinh, Vietnam, Republic Of",VM,VM20,10.75,106.667,-3730078,20210107,https://www.belfasttelegraph.co.uk/entertainment/film-tv/news/henry-golding-feels-sense-of-displacement-over-british-malaysian-heritage-39944872.html
963212408,20210107,202101,2021,2021.0192,VNM,VIETNAM,VNM,,,,,,,,GBR,BRITISH,GBR,,,,,,,,1,043,043,04,1,2.8,16,2,16,-0.99304963867588,4,"Saigon, H? Chíinh, Vietnam, Republic Of",VM,VM20,10.75,106.667,-3730078,1,United Kingdom,UK,UK,54,-4,UK,4,"Saigon, H? Chíinh, Vietnam, Republic Of",VM,VM20,10.75,106.667,-3730078,20210107,https://www.belfasttelegraph.co.uk/entertainment/film-tv/news/henry-golding-feels-sense-of-displacement-over-british-malaysian-heritage-39944872.html
963212409,20210107,202101,2021,2021.0192,VNM,VIETNAM,VNM,,,,,,,,USA,THE US,USA,,,,,,,,1,040,040,04,1,1.0,20,10,20,-0.846753013779595,4,"Saigon, H? Chíinh, Vietnam, Republic Of",VM,VM20,10.75,106.667,-3730078,4,"Saigon, H? Chíinh, Vietnam, Republic Of",VM,VM20,10.75,106.667,-3730078,4,"Saigon, H? Chíinh, Vietnam, Republic Of",VM,VM20,10.75,106.667,-3730078,20210107,https://www.belfasttelegraph.co.uk/entertainment/film-tv/news/henry-golding-feels-sense-of-displacement-over-british-malaysian-heritage-39944872.html
963213146,20210107,202101,2021,2021.0192,ARE,DUBAI,ARE,,,,,,,,,,,,,,,,,,1,090,090,09,2,-2.0,8,1,8,4.25963488843814,4,"Chennai, Tamil Nadu, India",IN,IN25,13.0833,80.2833,-2103041,0,,,,,,,4,"Chennai, Tamil Nadu, India",IN,IN25,13.0833,80.2833,-2103041,20210107,https://www.thehindu.com/news/cities/chennai/372-kg-gold-seized-at-chennai-airport/article33524030.ece
963213176,20210107,202101,2021,2021.0192,BUS,BUSINESS,,,,,,BUS,,,,,,,,,,,,,1,045,045,04,1,5.0,6,1,6,0.59171597633137,3,"New Orleans, Louisiana, United States",US,USLA,29.9546,-90.0751,1629985,0,,,,,,,3,"New Orleans, Louisiana, United States",US,USLA,29.9546,-90.0751,1629985,20210107,https://neworleanscitybusiness.com/blog/2021/01/07/golden-lantern-bar-in-french-quarter-available-for-sale/
963213196,20210107,202101,2021,2021.0192,BUS,BUSINESS,,,,,,BUS,,,USA,UNITED STATES,USA,,,,,,,,1,045,045,04,1,5.0,4,1,4,0.59171597633137,3,"New Orleans, Louisiana, United States",US,USLA,29.9546,-90.0751,1629985,3,"New Orleans, Louisiana, United States",US,USLA,29.9546,-90.0751,1629985,3,"New Orleans, Louisiana, United States",US,USLA,29.9546,-90.0751,1629985,20210107,https://neworleanscitybusiness.com/blog/2021/01/07/golden-lantern-bar-in-french-quarter-available-for-sale/
963213543,20210107,202101,2021,2021.0192,GOV,GOVERNOR,,,,,,GOV,,,USAGOV,CALIFORNIA,USA,,,,,GOV,,,1,020,020,02,1,3.0,6,1,6,-0.62630480167015,2,"California, United States",US,USCA,36.17,-119.746,CA,2,"California, United States",US,USCA,36.17,-119.746,CA,2,"California, United States",US,USCA,36.17,-119.746,CA,20210107,https://pasoroblesdailynews.com/governor-announces-golden-state-stimulus-budget-proposal-eviction-moratorium-extension/119554/
963213816,20210107,202101,2021,2021.0192,MNCCHE,CREDIT SUISSE,CHE,,,,,MNC,,,MNCUSA,GOLDMAN SACHS,USA,,,,,MNC,,,1,020,020,02,1,3.0,10,1,10,7.92580101180439,0,,,,,,,0,,,,,,,0,,,,,,,20210107,https://www.benzinga.com/markets/commodities/21/01/19061071/was-warren-buffett-right-about-gold-mining-stocks
963213974,20210107,202101,2021,2021.0192,USA,UNITED STATES,USA,,,,,,,,,,,,,,,,,,1,030,030,03,1,4.0,4,1,4,0.59171597633137,2,"Louisiana, United States",US,USLA,31.1801,-91.8749,LA,0,,,,,,,2,"Louisiana, United States",US,USLA,31.1801,-91.8749,LA,20210107,https://neworleanscitybusiness.com/blog/2021/01/07/golden-lantern-bar-in-french-quarter-available-for-sale/
963216937,20210107,202101,2021,2021.0192,,,,,,,,,,,VNM,VIETNAMESE,VNM,,,,,,,,1,020,020,02,1,3.0,40,8,40,-0.810178857555524,0,,,,,,,1,Taiwan,TW,TW,24,121,TW,1,Taiwan,TW,TW,24,121,TW,20210107,https://www.eveningexpress.co.uk/lifestyle/entertainment/henry-golding-feels-sense-of-displacement-over-british-malaysian-heritage/
963217230,20210107,202101,2021,2021.0192,GBR,UNITED KINGDOM,GBR,,,,,,,,,,,,,,,,,,1,010,010,01,1,0.0,24,8,24,-0.810178857555524,1,Taiwan,TW,TW,24,121,TW,0,,,,,,,1,Taiwan,TW,TW,24,121,TW,20210107,https://www.eveningexpress.co.uk/lifestyle/entertainment/henry-golding-feels-sense-of-displacement-over-british-malaysian-heritage/
963217608,20210107,202101,2021,2021.0192,MED,MEDIA,,,,,,MED,,,MNCUSA,GOLDMAN SACHS,USA,,,,,MNC,,,1,043,043,04,1,2.8,5,1,5,1.26182965299684,1,United States,US,US,39.828175,-98.5795,US,1,United States,US,US,39.828175,-98.5795,US,1,United States,US,US,39.828175,-98.5795,US,20210107,https://www.businessinsider.in/tech/news/instacart-just-hired-top-goldman-sachs-tech-banker-nick-giovanni-as-cfo-as-the-grocery-delivery-giant-gears-up-to-go-public/articleshow/80158559.cms
963217640,20210107,202101,2021,2021.0192,MNCUSA,GOLDMAN SACHS,USA,,,,,MNC,,,MED,MEDIA,,,,,,MED,,,1,042,042,04,1,1.9,5,1,5,1.26182965299684,1,United States,US,US,39.828175,-98.5795,US,1,United States,US,US,39.828175,-98.5795,US,1,United States,US,US,39.828175,-98.5795,US,20210107,https://www.businessinsider.in/tech/news/instacart-just-hired-top-goldman-sachs-tech-banker-nick-giovanni-as-cfo-as-the-grocery-delivery-giant-gears-up-to-go-public/articleshow/80158559.cms
963217979,20210107,202101,2021,2021.0192,USA,THE US,USA,,,,,,,,VNM,VIETNAM,VNM,,,,,,,,1,040,040,04,1,1.0,16,8,16,-0.810178857555524,1,Taiwan,TW,TW,24,121,TW,1,Taiwan,TW,TW,24,121,TW,1,Taiwan,TW,TW,24,121,TW,20210107,https://www.eveningexpress.co.uk/lifestyle/entertainment/henry-golding-feels-sense-of-displacement-over-british-malaysian-heritage/
963220857,20210107,202101,2021,2021.0192,PNG,NIUGINI,PNG,,,,,,,,,,,,,,,,,,1,120,120,12,3,-4.0,6,1,6,1.26903553299492,4,"Melbourne, Victoria, Australia",AS,AS07,-37.8167,144.967,-1586844,0,,,,,,,4,"Melbourne, Victoria, Australia",AS,AS07,-37.8167,144.967,-1586844,20210107,https://www.reuters.com/article/us-barrick-gold-png/barrick-jv-to-remain-operator-of-pngs-porgera-gold-mine-idUKKBN2701DH
963220858,20210107,202101,2021,2021.0192,PNG,NIUGINI,PNG,,,,,,,,,,,,,,,,,,1,120,120,12,3,-4.0,2,1,2,1.26903553299492,4,"Melbourne, Victoria, Australia",AS,AS07,-37.8167,144.967,-1586844,0,,,,,,,4,"Zijin, Sichuan, China",CH,CH32,31.1587,104.632,10336457,20210107,https://www.reuters.com/article/us-barrick-gold-png/barrick-jv-to-remain-operator-of-pngs-porgera-gold-mine-idUKKBN2701DH
963220859,20210107,202101,2021,2021.0192,PNG,NIUGINI,PNG,,,,,,,,,,,,,,,,,,1,120,120,12,3,-4.0,2,1,2,1.26903553299492,1,Singapore,SN,SN,1.366667,103.8,SN,0,,,,,,,4,"Zijin, Sichuan, China",CH,CH32,31.1587,104.632,10336457,20210107,https://www.reuters.com/article/us-barrick-gold-png/barrick-jv-to-remain-operator-of-pngs-porgera-gold-mine-idUKKBN2701DH
963223355,20210107,202101,2021,2021.0192,USA,UNITED STATES,USA,,,,,,,,,,,,,,,,,,0,0831,083,08,2,5.0,4,1,4,2.01058201058201,2,"Nevada, United States",US,USNV,38.4199,-117.122,NV,0,,,,,,,2,"Nevada, United States",US,USNV,38.4199,-117.122,NV,20210107,http://www.canadianminingjournal.com/news/mining-people-artemis-first-quantum-iamgold-gold-standard-pure-gold/
963224393,20210107,202101,2021,2021.0192,,,,,,,,,,,SGP,SINGAPORE,SGP,,,,,,,,0,014,014,01,1,0.0,4,1,4,2.50481695568401,0,,,,,,,1,Singapore,SN,SN,1.366667,103.8,SN,1,Singapore,SN,SN,1.366667,103.8,SN,20210107,https://www.straitstimes.com/singapore/courts-crime/man-loses-suit-against-kids-over-return-of-122-gold-bars
963224499,20210107,202101,2021,2021.0192,BUS,BANK,,,,,,BUS,,,JUD,PROSECUTOR,,,,,,JUD,,,0,071,071,07,2,7.4,3,1,3,-5.88235294117647,1,Malaysia,MY,MY,2.5,112.5,MY,1,Malaysia,MY,MY,2.5,112.5,MY,1,Malaysia,MY,MY,2.5,112.5,MY,20210107,https://www.businessinsider.com/facebook-hires-1mdb-prosecutor-woo-lee-justice-department-regulation-goldman-2021-1
963224941,20210107,202101,2021,2021.0192,IDNELI,INDONESIAN,IDN,,,,,ELI,,,IDN,INDONESIAN,IDN,,,,,,,,1,172,172,17,4,-5.0,20,2,20,2.18408549647555,1,Indonesia,ID,ID,-5,120,ID,1,Indonesia,ID,ID,-5,120,ID,1,China,CH,CH,35,105,CH,20210107,https://www.straitstimes.com/singapore/courts-crime/man-loses-suit-against-kids-over-return-of-122-gold-bars
963225004,20210107,202101,2021,2021.0192,JUD,HIGH COURT,,,,,,JUD,,,IDNELI,INDONESIAN,IDN,,,,,ELI,,,1,173,173,17,4,-5.0,6,1,6,2.50481695568401,1,Hong Kong,HK,HK,22.25,114.166667,HK,1,Hong Kong,HK,HK,22.25,114.166667,HK,1,Hong Kong,HK,HK,22.25,114.166667,HK,20210107,https://www.straitstimes.com/singapore/courts-crime/man-loses-suit-against-kids-over-return-of-122-gold-bars
963225005,20210107,202101,2021,2021.0192,JUD,HIGH COURT,,,,,,JUD,,,IDNELI,INDONESIAN,IDN,,,,,ELI,,,1,173,173,17,4,-5.0,4,1,4,2.50481695568401,1,Singapore,SN,SN,1.366667,103.8,SN,1,Singapore,SN,SN,1.366667,103.8,SN,1,Singapore,SN,SN,1.366667,103.8,SN,20210107,https://www.straitstimes.com/singapore/courts-crime/man-loses-suit-against-kids-over-return-of-122-gold-bars
963225188,20210107,202101,2021,2021.0192,MYS,MALAYSIAN,MYS,,,,,,,,CRM,CRIMINAL,,,,,,CRM,,,0,015,015,01,1,0.0,4,1,4,-5.88235294117647,1,Iran,IR,IR,32,53,IR,1,South Korea,KS,KS,37,127.5,KS,1,South Korea,KS,KS,37,127.5,KS,20210107,https://www.businessinsider.com/facebook-hires-1mdb-prosecutor-woo-lee-justice-department-regulation-goldman-2021-1
963225189,20210107,202101,2021,2021.0192,MYS,MALAYSIAN,MYS,,,,,,,,CRM,CRIMINAL,,,,,,CRM,,,0,015,015,01,1,0.0,4,1,4,-5.88235294117647,1,South Korea,KS,KS,37,127.5,KS,1,South Korea,KS,KS,37,127.5,KS,1,South Korea,KS,KS,37,127.5,KS,20210107,https://www.businessinsider.com/facebook-hires-1mdb-prosecutor-woo-lee-justice-department-regulation-goldman-2021-1
963225268,20210107,202101,2021,2021.0192,SGP,SINGAPORE,SGP,,,,,,,,SGPBUS,SINGAPORE,SGP,,,,,BUS,,,1,172,172,17,4,-5.0,4,2,4,2.18408549647555,1,Singapore,SN,SN,1.366667,103.8,SN,1,Singapore,SN,SN,1.366667,103.8,SN,1,Singapore,SN,SN,1.366667,103.8,SN,20210107,https://www.straitstimes.com/singapore/courts-crime/man-loses-suit-against-kids-over-return-of-122-gold-bars
963226116,20210107,202101,2021,2021.0192,,,,,,,,,,,MNCUSA,GOLDMAN SACHS,USA,,,,,MNC,,,1,043,043,04,1,2.8,10,1,10,3.08641975308642,0,,,,,,,3,"San Francisco, California, United States",US,USCA,37.7749,-122.419,277593,3,"San Francisco, California, United States",US,USCA,37.7749,-122.419,277593,20210107,https://www.reuters.com/article/goldman-sachs-us-tmt-idUSL1N2JI1U8
963226992,20210107,202101,2021,2021.0192,MNCUSA,GOLDMAN SACHS,USA,,,,,MNC,,,,,,,,,,,,,1,042,042,04,1,1.9,4,1,4,3.08641975308642,3,"San Francisco, California, United States",US,USCA,37.7749,-122.419,277593,0,,,,,,,3,"San Francisco, California, United States",US,USCA,37.7749,-122.419,277593,20210107,https://www.reuters.com/article/goldman-sachs-us-tmt-idUSL1N2JI1U8
963226993,20210107,202101,2021,2021.0192,MNCUSA,GOLDMAN SACHS,USA,,,,,MNC,,,,,,,,,,,,,1,042,042,04,1,1.9,6,1,6,3.08641975308642,2,"New York, United States",US,USNY,42.1497,-74.9384,NY,0,,,,,,,2,"New York, United States",US,USNY,42.1497,-74.9384,NY,20210107,https://www.reuters.com/article/goldman-sachs-us-tmt-idUSL1N2JI1U8
963231527,20210107,202101,2021,2021.0192,BUS,TYCOON,,,,,,BUS,,,,,,,,,,,,,1,172,172,17,4,-5.0,6,1,6,1.86335403726708,1,Hong Kong,HK,HK,22.25,114.166667,HK,0,,,,,,,1,Hong Kong,HK,HK,22.25,114.166667,HK,20210107,https://www.tnp.sg/news/singapore/tycoon-loses-lawsuit-against-children-over-gold-bars-willed-them
963231528,20210107,202101,2021,2021.0192,BUS,TYCOON,,,,,,BUS,,,,,,,,,,,,,1,172,172,17,4,-5.0,4,1,4,1.86335403726708,1,Singapore,SN,SN,1.366667,103.8,SN,0,,,,,,,1,Singapore,SN,SN,1.366667,103.8,SN,20210107,https://www.tnp.sg/news/singapore/tycoon-loses-lawsuit-against-children-over-gold-bars-willed-them
963232028,20210107,202101,2021,2021.0192,JUD,HIGH COURT,,,,,,JUD,,,IDNELI,INDONESIAN,IDN,,,,,ELI,,,1,173,173,17,4,-5.0,6,1,6,1.86335403726708,1,China,CH,CH,35,105,CH,1,Indonesia,ID,ID,-5,120,ID,1,China,CH,CH,35,105,CH,20210107,https://www.tnp.sg/news/singapore/tycoon-loses-lawsuit-against-children-over-gold-bars-willed-them
963232029,20210107,202101,2021,2021.0192,JUD,HIGH COURT,,,,,,JUD,,,IDNELI,INDONESIAN,IDN,,,,,ELI,,,1,173,173,17,4,-5.0,4,1,4,1.86335403726708,1,Singapore,SN,SN,1.366667,103.8,SN,1,Indonesia,ID,ID,-5,120,ID,1,China,CH,CH,35,105,CH,20210107,https://www.tnp.sg/news/singapore/tycoon-loses-lawsuit-against-children-over-gold-bars-willed-them
963236763,20210107,202101,2021,2021.0192,BUS,COMPANY,,,,,,BUS,,,USABUS,UNITED STATES,USA,,,,,BUS,,,1,036,036,03,1,4.0,4,1,4,2.70855904658722,1,Jordan,JO,JO,31,36,JO,2,"Nevada, United States",US,USNV,38.4199,-117.122,NV,1,Jordan,JO,JO,31,36,JO,20210107,https://www.globalbankingandfinance.com/category/news/gold-standard-ventures-announces-senior-leadership-changes/
963236764,20210107,202101,2021,2021.0192,BUS,COMPANY,,,,,,BUS,,,USABUS,NEVADA,USA,,,,,BUS,,,1,036,036,03,1,4.0,2,1,2,2.70855904658722,2,"Nevada, United States",US,USNV,38.4199,-117.122,NV,4,"Kinross, Perth and Kinross, United Kingdom",UK,UKW1,56.2,-3.41667,-2600263,2,"Nevada, United States",US,USNV,38.4199,-117.122,NV,20210107,https://www.globalbankingandfinance.com/category/news/gold-standard-ventures-announces-senior-leadership-changes/
963236765,20210107,202101,2021,2021.0192,BUS,COMPANY,,,,,,BUS,,,USABUS,NEVADA,USA,,,,,BUS,,,1,036,036,03,1,4.0,2,1,2,2.70855904658722,2,"Nevada, United States",US,USNV,38.4199,-117.122,NV,2,"Nevada, United States",US,USNV,38.4199,-117.122,NV,1,Jordan,JO,JO,31,36,JO,20210107,https://www.globalbankingandfinance.com/category/news/gold-standard-ventures-announces-senior-leadership-changes/
963236766,20210107,202101,2021,2021.0192,BUS,COMPANY,,,,,,BUS,,,USABUS,UNITED STATES,USA,,,,,BUS,,,1,036,036,03,1,4.0,2,1,2,2.70855904658722,2,"Nevada, United States",US,USNV,38.4199,-117.122,NV,2,"Nevada, United States",US,USNV,38.4199,-117.122,NV,2,"Nevada, United States",US,USNV,38.4199,-117.122,NV,20210107,https://www.globalbankingandfinance.com/category/news/gold-standard-ventures-announces-senior-leadership-changes/
963236995,20210107,202101,2021,2021.0192,GBR,UNITED KINGDOM,GBR,,,,,,,,,,,,,,,,,,1,060,060,06,2,6.0,4,1,4,2.70855904658722,4,"Kinross, Perth and Kinross, United Kingdom",UK,UKW1,56.2,-3.41667,-2600263,0,,,,,,,4,"Kinross, Perth and Kinross, United Kingdom",UK,UKW1,56.2,-3.41667,-2600263,20210107,https://www.globalbankingandfinance.com/category/news/gold-standard-ventures-announces-senior-leadership-changes/
963237836,20210107,202101,2021,2021.0192,USABUS,NEVADA,USA,,,,,BUS,,,BUS,COMPANY,,,,,,BUS,,,1,036,036,03,1,4.0,8,1,8,2.70855904658722,4,"Vancouver, British Columbia, Canada",CA,CA02,49.25,-123.133,-575268,4,"Vancouver, British Columbia, Canada",CA,CA02,49.25,-123.133,-575268,4,"Vancouver, British Columbia, Canada",CA,CA02,49.25,-123.133,-575268,20210107,https://www.globalbankingandfinance.com/category/news/gold-standard-ventures-announces-senior-leadership-changes/
963237837,20210107,202101,2021,2021.0192,USABUS,NEVADA,USA,,,,,BUS,,,BUS,COMPANY,,,,,,BUS,,,1,036,036,03,1,4.0,2,1,2,2.70855904658722,4,"Vancouver, British Columbia, Canada",CA,CA02,49.25,-123.133,-575268,2,"Nevada, United States",US,USNV,38.4199,-117.122,NV,2,"Nevada, United States",US,USNV,38.4199,-117.122,NV,20210107,https://www.globalbankingandfinance.com/category/news/gold-standard-ventures-announces-senior-leadership-changes/
963238643,20210107,202101,2021,2021.0192,CAN,CANADA,CAN,,,,,,,,GOV,CHIEF EXECUTIVE,,,,,,GOV,,,1,036,036,03,1,4.0,2,1,2,-0.68649885583524,4,"Bedford, Quebec, Canada",CA,CA10,45.1167,-72.9833,-560929,4,"Bedford, Quebec, Canada",CA,CA10,45.1167,-72.9833,-560929,4,"Bedford, Quebec, Canada",CA,CA10,45.1167,-72.9833,-560929,20210107,https://www.theglobeandmail.com/business/article-investor-lashes-out-at-us31-million-in-exit-payments-to-teranga-gold/
963238889,20210107,202101,2021,2021.0192,GBR,BRITAIN,GBR,,,,,,,,CAN,TORONTO,CAN,,,,,,,,1,030,030,03,1,4.0,10,1,10,-0.68649885583524,4,"Bedford, Quebec, Canada",CA,CA10,45.1167,-72.9833,-560929,4,"Bedford, Quebec, Canada",CA,CA10,45.1167,-72.9833,-560929,4,"Bedford, Quebec, Canada",CA,CA10,45.1167,-72.9833,-560929,20210107,https://www.theglobeandmail.com/business/article-investor-lashes-out-at-us31-million-in-exit-payments-to-teranga-gold/
963238948,20210107,202101,2021,2021.0192,GOV,CHIEF EXECUTIVE,,,,,,GOV,,,CAN,CANADA,CAN,,,,,,,,1,036,036,03,1,4.0,2,1,2,-0.68649885583524,4,"Bedford, Quebec, Canada",CA,CA10,45.1167,-72.9833,-560929,4,"Bedford, Quebec, Canada",CA,CA10,45.1167,-72.9833,-560929,4,"Bedford, Quebec, Canada",CA,CA10,45.1167,-72.9833,-560929,20210107,https://www.theglobeandmail.com/business/article-investor-lashes-out-at-us31-million-in-exit-payments-to-teranga-gold/
963239295,20210107,202101,2021,2021.0192,MNCCAN,YAMANA GOLD,CAN,,,,,MNC,,,,,,,,,,,,,0,114,114,11,3,-2.0,6,1,6,-0.68649885583524,4,"Bedford, Quebec, Canada",CA,CA10,45.1167,-72.9833,-560929,0,,,,,,,4,"Bedford, Quebec, Canada",CA,CA10,45.1167,-72.9833,-560929,20210107,https://www.theglobeandmail.com/business/article-investor-lashes-out-at-us31-million-in-exit-payments-to-teranga-gold/
963239296,20210107,202101,2021,2021.0192,MNCCAN,YAMANA GOLD,CAN,,,,,MNC,,,CAN,CANADA,CAN,,,,,,,,0,114,114,11,3,-2.0,4,1,4,-0.68649885583524,4,"Bedford, Quebec, Canada",CA,CA10,45.1167,-72.9833,-560929,4,"Bedford, Quebec, Canada",CA,CA10,45.1167,-72.9833,-560929,4,"Bedford, Quebec, Canada",CA,CA10,45.1167,-72.9833,-560929,20210107,https://www.theglobeandmail.com/business/article-investor-lashes-out-at-us31-million-in-exit-payments-to-teranga-gold/
