GLOBALEVENTID,SQLDATE,MonthYear,Year,FractionDate,Actor1Code,Actor1Name,Actor1CountryCode,Actor1KnownGroupCode,Actor1EthnicCode,Actor1Religion1Code,Actor1Religion2Code,Actor1Type1Code,Actor1Type2Code,Actor1Type3Code,Actor2Code,Actor2Name,Actor2CountryCode,Actor2KnownGroupCode,Actor2EthnicCode,Actor2Religion1Code,Actor2Religion2Code,Actor2Type1Code,Actor2Type2Code,Actor2Type3Code,IsRootEvent,EventCode,EventBaseCode,EventRootCode,QuadClass,GoldsteinScale,NumMentions,NumSources,NumArticles,AvgTone,Actor1Geo_Type,Actor1Geo_FullName,Actor1Geo_CountryCode,Actor1Geo_ADM1Code,Actor1Geo_Lat,Actor1Geo_Long,Actor1Geo_FeatureID,Actor2Geo_Type,Actor2Geo_FullName,Actor2Geo_CountryCode,Actor2Geo_ADM1Code,Actor2Geo_Lat,Actor2Geo_Long,Actor2Geo_FeatureID,ActionGeo_Type,ActionGeo_FullName,ActionGeo_CountryCode,ActionGeo_ADM1Code,ActionGeo_Lat,ActionGeo_Long,ActionGeo_FeatureID,DATEADDED,SOURCEURL
1026532473,20220204,202202,2022,2022.0932,BLR,BELARUS,BLR,,,,,,,,UKR,KYIV,UKR,,,,,,,,1,190,190,19,4,-10.0,32,4,32,-5.58044601747966,1,Belarus,BO,BO,53,28,BO,4,"Kyiv, Kyyiv, Misto, Ukraine",UP,UP12,50.4333,30.5167,-1044367,4,"Kyiv, Kyyiv, Misto, Ukraine",UP,UP12,50.4333,30.5167,-1044367,20220204,https://cumberlink.com/opinion/editorial/goldberg-ukraines-president-may-be-our-only-hope/article_54ffa67e-9bd5-5f40-b27f-7128d195a3eb.html
1026532474,20220204,202202,2022,2022.0932,BLR,BELARUS,BLR,,,,,,,,UKR,KYIV,UKR,,,,,,,,1,190,190,19,4,-10.0,2,1,2,-5.32687651331719,1,Ukraine,UP,UP,49,32,UP,1,Belarus,BO,BO,53,28,BO,1,Belarus,BO,BO,53,28,BO,20220204,https://cumberlink.com/opinion/editorial/goldberg-ukraines-president-may-be-our-only-hope/article_54ffa67e-9bd5-5f40-b27f-7128d195a3eb.html
1026532576,20220204,202202,2022,2022.0932,CAN,BRITISH COLUMBIA,CAN,,,,,,,,BUS,COMPANY,,,,,,BUS,,,1,186,186,18,4,-10.0,18,9,18,1.15273775216138,4,"Vancouver, British Columbia, Canada",CA,CA02,49.25,-123.133,-575268,4,"Vancouver, British Columbia, Canada",CA,CA02,49.25,-123.133,-575268,4,"Vancouver, British Columbia, Canada",CA,CA02,49.25,-123.133,-575268,20220204,https://www.stlouisstar.com/news/272264519/element79-gold-announces-draw-down-on-equity-facility-with-crescita-and-shares-for-debt-transaction
1026533045,20220204,202202,2022,2022.0932,GBR,UNITED KINGDOM,GBR,,,,,,,,BUS,COMPANY,,,,,,BUS,,,1,186,186,18,4,-10.0,72,9,72,1.15273775216138,4,"Vancouver, British Columbia, Canada",CA,CA02,49.25,-123.133,-575268,4,"Vancouver, British Columbia, Canada",CA,CA02,49.25,-123.133,-575268,4,"Vancouver, British Columbia, Canada",CA,CA02,49.25,-123.133,-575268,20220204,https://www.stlouisstar.com/news/272264519/element79-gold-announces-draw-down-on-equity-facility-with-crescita-and-shares-for-debt-transaction
1026533145,20220204,202202,2022,2022.0932,GOV,ADMINISTRATION,,,,,,GOV,,,,,,,,,,,,,0,051,051,05,1,3.4,12,4,12,-5.58044601747966,4,"Kyiv, Kyyiv, Misto, Ukraine",UP,UP12,50.4333,30.5167,-1044367,0,,,,,,,4,"Kyiv, Kyyiv, Misto, Ukraine",UP,UP12,50.4333,30.5167,-1044367,20220204,https://cumberlink.com/opinion/editorial/goldberg-ukraines-president-may-be-our-only-hope/article_54ffa67e-9bd5-5f40-b27f-7128d195a3eb.html
1026533148,20220204,202202,2022,2022.0932,GOV,ADMINISTRATION,,,,,,GOV,,,,,,,,,,,,,1,051,051,05,1,3.4,34,5,34,-4.98849474501821,1,Afghanistan,AF,AF,33,66,AF,0,,,,,,,1,Afghanistan,AF,AF,33,66,AF,20220204,https://cumberlink.com/opinion/editorial/goldberg-ukraines-president-may-be-our-only-hope/article_54ffa67e-9bd5-5f40-b27f-7128d195a3eb.html
1026533149,20220204,202202,2022,2022.0932,GOV,ADMINISTRATION,,,,,,GOV,,,,,,,,,,,,,1,051,051,05,1,3.4,8,2,8,-5.20679085781467,1,Ukraine,UP,UP,49,32,UP,0,,,,,,,1,Ukraine,UP,UP,49,32,UP,20220204,https://cumberlink.com/opinion/editorial/goldberg-ukraines-president-may-be-our-only-hope/article_54ffa67e-9bd5-5f40-b27f-7128d195a3eb.html
1026533155,20220204,202202,2022,2022.0932,GOV,REGULATOR,,,,,,GOV,,,,,,,,,,,,,1,084,084,08,2,7.0,200,11,200,1.45043306713506,4,"Vancouver, British Columbia, Canada",CA,CA02,49.25,-123.133,-575268,0,,,,,,,4,"Vancouver, British Columbia, Canada",CA,CA02,49.25,-123.133,-575268,20220204,https://www.stlouisstar.com/news/272264519/element79-gold-announces-draw-down-on-equity-facility-with-crescita-and-shares-for-debt-transaction
1026533185,20220204,202202,2022,2022.0932,GOV,REGULATOR,,,,,,GOV,,,CANBUS,CANADIAN,CAN,,,,,BUS,,,1,015,015,01,1,0.0,180,9,180,1.50444312202036,4,"Vancouver, British Columbia, Canada",CA,CA02,49.25,-123.133,-575268,4,"Vancouver, British Columbia, Canada",CA,CA02,49.25,-123.133,-575268,4,"Vancouver, British Columbia, Canada",CA,CA02,49.25,-123.133,-575268,20220204,https://www.stlouisstar.com/news/272264519/element79-gold-announces-draw-down-on-equity-facility-with-crescita-and-shares-for-debt-transaction
1026533639,20220204,202202,2022,2022.0932,MIL,BATTALION,,,,,,MIL,,,,,,,,,,,,,0,154,154,15,4,-7.2,38,4,38,-5.58044601747966,1,Russia,RS,RS,60,100,RS,0,,,,,,,1,Russia,RS,RS,60,100,RS,20220204,https://cumberlink.com/opinion/editorial/goldberg-ukraines-president-may-be-our-only-hope/article_54ffa67e-9bd5-5f40-b27f-7128d195a3eb.html
1026533916,20220204,202202,2022,2022.0932,RUS,RUSSIA,RUS,,,,,,,,UKR,UKRAINE,UKR,,,,,,,,0,040,040,04,1,1.0,32,4,32,-5.58044601747966,1,Russia,RS,RS,60,100,RS,4,"Kyiv, Kyyiv, Misto, Ukraine",UP,UP12,50.4333,30.5167,-1044367,1,Russia,RS,RS,60,100,RS,20220204,https://cumberlink.com/opinion/editorial/goldberg-ukraines-president-may-be-our-only-hope/article_54ffa67e-9bd5-5f40-b27f-7128d195a3eb.html
1026533917,20220204,202202,2022,2022.0932,RUS,RUSSIA,RUS,,,,,,,,UKR,UKRAINE,UKR,,,,,,,,1,040,040,04,1,1.0,9,5,9,-5.57085261993089,1,Russia,RS,RS,60,100,RS,1,Russia,RS,RS,60,100,RS,1,Russia,RS,RS,60,100,RS,20220204,https://cumberlink.com/opinion/editorial/goldberg-ukraines-president-may-be-our-only-hope/article_54ffa67e-9bd5-5f40-b27f-7128d195a3eb.html
1026533932,20220204,202202,2022,2022.0932,RUS,RUSSIAN,RUS,,,,,,,,USA,UNITED STATES,USA,,,,,,,,0,112,112,11,3,-2.0,9,4,9,-5.58044601747966,1,Russia,RS,RS,60,100,RS,1,United States,US,US,39.828175,-98.5795,US,1,United States,US,US,39.828175,-98.5795,US,20220204,https://cumberlink.com/opinion/editorial/goldberg-ukraines-president-may-be-our-only-hope/article_54ffa67e-9bd5-5f40-b27f-7128d195a3eb.html
1026533935,20220204,202202,2022,2022.0932,RUS,RUSSIAN,RUS,,,,,,,,USA,UNITED STATES,USA,,,,,,,,0,112,112,11,3,-2.0,1,1,1,-5.32687651331719,1,United States,US,US,39.828175,-98.5795,US,1,United States,US,US,39.828175,-98.5795,US,1,United States,US,US,39.828175,-98.5795,US,20220204,https://cumberlink.com/opinion/editorial/goldberg-ukraines-president-may-be-our-only-hope/article_54ffa67e-9bd5-5f40-b27f-7128d195a3eb.html
1026533936,20220204,202202,2022,2022.0932,RUS,RUSSIAN,RUS,,,,,,,,USAGOV,UNITED STATES,USA,,,,,GOV,,,0,112,112,11,3,-2.0,3,3,3,-5.44458670594094,1,United States,US,US,39.828175,-98.5795,US,1,United States,US,US,39.828175,-98.5795,US,1,United States,US,US,39.828175,-98.5795,US,20220204,https://cumberlink.com/opinion/editorial/goldberg-ukraines-president-may-be-our-only-hope/article_54ffa67e-9bd5-5f40-b27f-7128d195a3eb.html
1026533938,20220204,202202,2022,2022.0932,RUSGOV,RUSSIAN,RUS,,,,,GOV,,,,,,,,,,,,,0,112,112,11,3,-2.0,8,4,8,-5.58044601747966,1,Russia,RS,RS,60,100,RS,0,,,,,,,1,United States,US,US,39.828175,-98.5795,US,20220204,https://cumberlink.com/opinion/editorial/goldberg-ukraines-president-may-be-our-only-hope/article_54ffa67e-9bd5-5f40-b27f-7128d195a3eb.html
1026533943,20220204,202202,2022,2022.0932,RUSGOV,RUSSIA,RUS,,,,,GOV,,,USA,UNITED STATES,USA,,,,,,,,0,112,112,11,3,-2.0,8,4,8,-5.58044601747966,1,Russia,RS,RS,60,100,RS,1,United States,US,US,39.828175,-98.5795,US,1,Russia,RS,RS,60,100,RS,20220204,https://cumberlink.com/opinion/editorial/goldberg-ukraines-president-may-be-our-only-hope/article_54ffa67e-9bd5-5f40-b27f-7128d195a3eb.html
1026533944,20220204,202202,2022,2022.0932,RUSGOV,RUSSIA,RUS,,,,,GOV,,,USA,UNITED STATES,USA,,,,,,,,0,112,112,11,3,-2.0,8,4,8,-5.58044601747966,1,Russia,RS,RS,60,100,RS,1,United States,US,US,39.828175,-98.5795,US,1,United States,US,US,39.828175,-98.5795,US,20220204,https://cumberlink.com/opinion/editorial/goldberg-ukraines-president-may-be-our-only-hope/article_54ffa67e-9bd5-5f40-b27f-7128d195a3eb.html
1026534058,20220204,202202,2022,2022.0932,UKR,UKRAINE,UKR,,,,,,,,,,,,,,,,,,1,010,010,01,1,0.0,33,10,33,-4.65115693837638,4,"Kyiv, Kyyiv, Misto, Ukraine",UP,UP12,50.4333,30.5167,-1044367,0,,,,,,,4,"Kyiv, Kyyiv, Misto, Ukraine",UP,UP12,50.4333,30.5167,-1044367,20220204,https://cumberlink.com/opinion/editorial/goldberg-ukraines-president-may-be-our-only-hope/article_54ffa67e-9bd5-5f40-b27f-7128d195a3eb.html
1026534059,20220204,202202,2022,2022.0932,UKR,UKRAINE,UKR,,,,,,,,,,,,,,,,,,1,010,010,01,1,0.0,32,7,32,-2.15447220458226,1,Ukraine,UP,UP,49,32,UP,0,,,,,,,1,Ukraine,UP,UP,49,32,UP,20220204,https://cumberlink.com/opinion/editorial/goldberg-ukraines-president-may-be-our-only-hope/article_54ffa67e-9bd5-5f40-b27f-7128d195a3eb.html
1026534064,20220204,202202,2022,2022.0932,UKR,UKRAINIAN,UKR,,,,,,,,,,,,,,,,,,1,154,154,15,4,-7.2,50,8,50,-3.95914614069414,4,"Kyiv, Kyyiv, Misto, Ukraine",UP,UP12,50.4333,30.5167,-1044367,0,,,,,,,4,"Kyiv, Kyyiv, Misto, Ukraine",UP,UP12,50.4333,30.5167,-1044367,20220204,https://cumberlink.com/opinion/editorial/goldberg-ukraines-president-may-be-our-only-hope/article_54ffa67e-9bd5-5f40-b27f-7128d195a3eb.html
1026534065,20220204,202202,2022,2022.0932,UKR,UKRAINIAN,UKR,,,,,,,,,,,,,,,,,,1,154,154,15,4,-7.2,8,3,8,-3.75012652454347,1,Ukraine,UP,UP,49,32,UP,0,,,,,,,1,Ukraine,UP,UP,49,32,UP,20220204,https://cumberlink.com/opinion/editorial/goldberg-ukraines-president-may-be-our-only-hope/article_54ffa67e-9bd5-5f40-b27f-7128d195a3eb.html
1026534066,20220204,202202,2022,2022.0932,UKR,UKRAINE,UKR,,,,,,,,BLR,BELARUS,BLR,,,,,,,,1,154,154,15,4,-7.2,32,4,32,-5.58044601747966,4,"Kyiv, Kyyiv, Misto, Ukraine",UP,UP12,50.4333,30.5167,-1044367,1,Belarus,BO,BO,53,28,BO,4,"Kyiv, Kyyiv, Misto, Ukraine",UP,UP12,50.4333,30.5167,-1044367,20220204,https://cumberlink.com/opinion/editorial/goldberg-ukraines-president-may-be-our-only-hope/article_54ffa67e-9bd5-5f40-b27f-7128d195a3eb.html
1026534067,20220204,202202,2022,2022.0932,UKR,UKRAINE,UKR,,,,,,,,BLR,BELARUS,BLR,,,,,,,,1,154,154,15,4,-7.2,2,1,2,-5.32687651331719,1,Ukraine,UP,UP,49,32,UP,1,Ukraine,UP,UP,49,32,UP,1,Ukraine,UP,UP,49,32,UP,20220204,https://cumberlink.com/opinion/editorial/goldberg-ukraines-president-may-be-our-only-hope/article_54ffa67e-9bd5-5f40-b27f-7128d195a3eb.html
1026534140,20220204,202202,2022,2022.0932,USA,UNITED STATES,USA,,,,,,,,,,,,,,,,,,1,010,010,01,1,0.0,772,147,737,-1.19734131143574,1,United States,US,US,39.828175,-98.5795,US,0,,,,,,,1,United States,US,US,39.828175,-98.5795,US,20220204,https://cumberlink.com/opinion/editorial/goldberg-ukraines-president-may-be-our-only-hope/article_54ffa67e-9bd5-5f40-b27f-7128d195a3eb.html
1026534647,20220204,202202,2022,2022.0932,USA,UNITED STATES,USA,,,,,,,,UKR,UKRAINE,UKR,,,,,,,,0,010,010,01,1,0.0,4,4,4,-5.58044601747966,1,United States,US,US,39.828175,-98.5795,US,4,"Kyiv, Kyyiv, Misto, Ukraine",UP,UP12,50.4333,30.5167,-1044367,1,United States,US,US,39.828175,-98.5795,US,20220204,https://cumberlink.com/opinion/editorial/goldberg-ukraines-president-may-be-our-only-hope/article_54ffa67e-9bd5-5f40-b27f-7128d195a3eb.html
1026534648,20220204,202202,2022,2022.0932,USA,UNITED STATES,USA,,,,,,,,UKR,UKRAINE,UKR,,,,,,,,0,010,010,01,1,0.0,4,4,4,-5.58044601747966,1,United States,US,US,39.828175,-98.5795,US,1,United States,US,US,39.828175,-98.5795,US,1,United States,US,US,39.828175,-98.5795,US,20220204,https://cumberlink.com/opinion/editorial/goldberg-ukraines-president-may-be-our-only-hope/article_54ffa67e-9bd5-5f40-b27f-7128d195a3eb.html
1026535831,20220204,202202,2022,2022.0932,,,,,,,,,,,AUS,AUSTRALIA,AUS,,,,,,,,1,139,139,13,3,-7.0,4,1,4,-2.67857142857143,0,,,,,,,1,Australia,AS,AS,-25,135,AS,1,Australia,AS,AS,-25,135,AS,20220204,https://www.news.com.au/entertainment/tv/morning-shows/why-whoopi-goldberg-must-be-fired-to-save-the-views-crisis/news-story/287389e753ddf792ebcbf4b3c98f22e4
1026536144,20220204,202202,2022,2022.0932,AUS,AUSTRALIA,AUS,,,,,,,,USA,THE US,USA,,,,,,,,1,051,051,05,1,3.4,7,4,7,-0.0701771378979025,1,Australia,AS,AS,-25,135,AS,1,Australia,AS,AS,-25,135,AS,1,Australia,AS,AS,-25,135,AS,20220204,https://www.news.com.au/entertainment/tv/morning-shows/why-whoopi-goldberg-must-be-fired-to-save-the-views-crisis/news-story/287389e753ddf792ebcbf4b3c98f22e4
1026537760,20220204,202202,2022,2022.0932,USA,UNITED STATES,USA,,,,,,,,,,,,,,,,,,0,051,051,05,1,3.4,2,1,2,-2.67857142857143,1,United States,US,US,39.828175,-98.5795,US,0,,,,,,,1,Australia,AS,AS,-25,135,AS,20220204,https://www.news.com.au/entertainment/tv/morning-shows/why-whoopi-goldberg-must-be-fired-to-save-the-views-crisis/news-story/287389e753ddf792ebcbf4b3c98f22e4
1026537787,20220204,202202,2022,2022.0932,USA,UNITED STATES,USA,,,,,,,,,,,,,,,,,,1,100,100,10,3,-5.0,22,6,22,-1.79380149010213,1,United States,US,US,39.828175,-98.5795,US,0,,,,,,,1,United States,US,US,39.828175,-98.5795,US,20220204,https://www.news.com.au/entertainment/tv/morning-shows/why-whoopi-goldberg-must-be-fired-to-save-the-views-crisis/news-story/287389e753ddf792ebcbf4b3c98f22e4
1026539019,20220204,202202,2022,2022.0932,,,,,,,,,,,USA,UNITED STATES,USA,,,,,,,,1,051,051,05,1,3.4,55,11,55,-1.8874977786101,0,,,,,,,1,Israel,IS,IS,31.5,34.75,IS,1,Israel,IS,IS,31.5,34.75,IS,20220204,https://www.newsbusters.org/blogs/nb/ben-shapiro/2022/02/03/whoopi-goldberg-says-holocaust-wasnt-about-targeting-jews-heres-why
1026539020,20220204,202202,2022,2022.0932,,,,,,,,,,,USA,UNITED STATES,USA,,,,,,,,1,051,051,05,1,3.4,54,11,54,-2.7173327309477,0,,,,,,,2,"Tennessee, United States",US,USTN,35.7449,-86.7489,TN,2,"Tennessee, United States",US,USTN,35.7449,-86.7489,TN,20220204,https://www.newsbusters.org/blogs/nb/ben-shapiro/2022/02/03/whoopi-goldberg-says-holocaust-wasnt-about-targeting-jews-heres-why
1026539825,20220204,202202,2022,2022.0932,LEG,LAWMAKER,,,,,,LEG,,,,,,,,,,,,,1,051,051,05,1,3.4,385,28,335,3.64844846104546,0,,,,,,,0,,,,,,,0,,,,,,,20220204,https://www.wtsp.com/article/news/local/lawmakers-federal-holiday-gold-star-families/67-90ca0b31-27ed-4c2f-8b55-806bfd6e669e
1026540219,20220204,202202,2022,2022.0932,USA,UNITED STATES,USA,,,,,,,,,,,,,,,,,,1,014,014,01,1,0.0,102,16,102,-4.89459906335262,2,"Tennessee, United States",US,USTN,35.7449,-86.7489,TN,0,,,,,,,2,"Tennessee, United States",US,USTN,35.7449,-86.7489,TN,20220204,https://www.newsbusters.org/blogs/nb/ben-shapiro/2022/02/03/whoopi-goldberg-says-holocaust-wasnt-about-targeting-jews-heres-why
1026541451,20220204,202202,2022,2022.0932,,,,,,,,,,,MNCUSA,GOLDMAN SACHS,USA,,,,,MNC,,,1,043,043,04,1,2.8,6,1,6,0,0,,,,,,,1,New Zealand,NZ,NZ,-42,174,NZ,1,New Zealand,NZ,NZ,-42,174,NZ,20220204,https://www.afr.com/street-talk/goldman-sachs-names-consumer-and-retail-head-20220204-p59ts6
1026541568,20220204,202202,2022,2022.0932,AUS,AUSTRALIA,AUS,,,,,,,,MNCUSA,GOLDMAN SACHS,USA,,,,,MNC,,,1,042,042,04,1,1.9,4,1,4,0,1,New Zealand,NZ,NZ,-42,174,NZ,1,New Zealand,NZ,NZ,-42,174,NZ,1,New Zealand,NZ,NZ,-42,174,NZ,20220204,https://www.afr.com/street-talk/goldman-sachs-names-consumer-and-retail-head-20220204-p59ts6
1026542511,20220204,202202,2022,2022.0932,MNCUSA,GOLDMAN SACHS,USA,,,,,MNC,,,,,,,,,,,,,1,042,042,04,1,1.9,6,1,6,0,1,New Zealand,NZ,NZ,-42,174,NZ,0,,,,,,,1,New Zealand,NZ,NZ,-42,174,NZ,20220204,https://www.afr.com/street-talk/goldman-sachs-names-consumer-and-retail-head-20220204-p59ts6
1026542513,20220204,202202,2022,2022.0932,MNCUSA,GOLDMAN SACHS,USA,,,,,MNC,,,AUS,AUSTRALIA,AUS,,,,,,,,1,043,043,04,1,2.8,4,1,4,0,1,New Zealand,NZ,NZ,-42,174,NZ,1,Australia,AS,AS,-25,135,AS,1,Australia,AS,AS,-25,135,AS,20220204,https://www.afr.com/street-talk/goldman-sachs-names-consumer-and-retail-head-20220204-p59ts6
1026544810,20220204,202202,2022,2022.0932,MED,MEDIA,,,,,,MED,,,EUR,EUROPEAN,EUR,,,,,,,,1,138,138,13,3,-7.0,10,1,10,-5.04731861198738,2,"Texas, United States",US,USTX,31.106,-97.6475,TX,2,"Texas, United States",US,USTX,31.106,-97.6475,TX,2,"Texas, United States",US,USTX,31.106,-97.6475,TX,20220204,https://www.blackenterprise.com/candace-owens-comes-for-whoopi-goldberg-after-suspension-over-holocaust-comments-god-has-a-sense-of-a-humor/
1026545106,20220204,202202,2022,2022.0932,USA,UNITED STATES,USA,,,,,,,,,,,,,,,,,,1,111,111,11,3,-2.0,18,4,18,0.508431343830547,2,"Arizona, United States",US,USAZ,33.7712,-111.388,AZ,0,,,,,,,2,"Arizona, United States",US,USAZ,33.7712,-111.388,AZ,20220204,http://www.consumerelectronicsnet.com/musk-gold-digital-asset-launches-musk-gold-rush-rewards-contest/
1026548100,20220204,202202,2022,2022.0932,,,,,,,,,,,GOV,MAYOR,,,,,,GOV,,,0,040,040,04,1,1.0,6,2,6,1.28956800914778,0,,,,,,,3,"City Of Caldwell, Idaho, United States",US,USID,43.6465,-116.661,2409956,3,"City Of Caldwell, Idaho, United States",US,USID,43.6465,-116.661,2409956,20220204,https://www.voiceofalexandria.com/correcting-and-replacing-photo-darigold-resumes-partial-butter-production-in-caldwell/article_5cb30f16-c111-574b-b36b-ccceef02b963.html
1026548105,20220204,202202,2022,2022.0932,,,,,,,,,,,GOV,MAYOR,,,,,,GOV,,,0,040,040,04,1,1.0,4,2,4,1.28956800914778,0,,,,,,,2,"Idaho, United States",US,USID,44.2394,-114.51,ID,2,"Idaho, United States",US,USID,44.2394,-114.51,ID,20220204,https://www.voiceofalexandria.com/correcting-and-replacing-photo-darigold-resumes-partial-butter-production-in-caldwell/article_5cb30f16-c111-574b-b36b-ccceef02b963.html
1026548298,20220204,202202,2022,2022.0932,COP,POLICE CHIEF,,,,,,COP,,,,,,,,,,,,,0,051,051,05,1,3.4,12,4,12,1.29605900183965,3,"City Of Caldwell, Idaho, United States",US,USID,43.6465,-116.661,2409956,0,,,,,,,3,"City Of Caldwell, Idaho, United States",US,USID,43.6465,-116.661,2409956,20220204,https://www.voiceofalexandria.com/correcting-and-replacing-photo-darigold-resumes-partial-butter-production-in-caldwell/article_5cb30f16-c111-574b-b36b-ccceef02b963.html
1026548299,20220204,202202,2022,2022.0932,COP,POLICE CHIEF,,,,,,COP,,,,,,,,,,,,,0,051,051,05,1,3.4,8,4,8,1.29605900183965,2,"Idaho, United States",US,USID,44.2394,-114.51,ID,0,,,,,,,2,"Idaho, United States",US,USID,44.2394,-114.51,ID,20220204,https://www.voiceofalexandria.com/correcting-and-replacing-photo-darigold-resumes-partial-butter-production-in-caldwell/article_5cb30f16-c111-574b-b36b-ccceef02b963.html
1026548313,20220204,202202,2022,2022.0932,COP,POLICE CHIEF,,,,,,COP,,,GOV,MAYOR,,,,,,GOV,,,0,040,040,04,1,1.0,14,4,14,1.29605900183965,3,"City Of Caldwell, Idaho, United States",US,USID,43.6465,-116.661,2409956,3,"City Of Caldwell, Idaho, United States",US,USID,43.6465,-116.661,2409956,3,"City Of Caldwell, Idaho, United States",US,USID,43.6465,-116.661,2409956,20220204,https://www.voiceofalexandria.com/correcting-and-replacing-photo-darigold-resumes-partial-butter-production-in-caldwell/article_5cb30f16-c111-574b-b36b-ccceef02b963.html
1026548314,20220204,202202,2022,2022.0932,COP,POLICE CHIEF,,,,,,COP,,,GOV,MAYOR,,,,,,GOV,,,0,040,040,04,1,1.0,6,3,6,1.29312414163832,2,"Idaho, United States",US,USID,44.2394,-114.51,ID,2,"Idaho, United States",US,USID,44.2394,-114.51,ID,2,"Idaho, United States",US,USID,44.2394,-114.51,ID,20220204,https://www.voiceofalexandria.com/correcting-and-replacing-photo-darigold-resumes-partial-butter-production-in-caldwell/article_5cb30f16-c111-574b-b36b-ccceef02b963.html
1026548497,20220204,202202,2022,2022.0932,GOV,MAYOR,,,,,,GOV,,,,,,,,,,,,,0,040,040,04,1,1.0,20,4,20,1.29822266607027,3,"City Of Caldwell, Idaho, United States",US,USID,43.6465,-116.661,2409956,0,,,,,,,3,"City Of Caldwell, Idaho, United States",US,USID,43.6465,-116.661,2409956,20220204,https://www.voiceofalexandria.com/correcting-and-replacing-photo-darigold-resumes-partial-butter-production-in-caldwell/article_5cb30f16-c111-574b-b36b-ccceef02b963.html
1026548499,20220204,202202,2022,2022.0932,GOV,MAYOR,,,,,,GOV,,,,,,,,,,,,,0,040,040,04,1,1.0,10,4,10,1.2968944827956,2,"Idaho, United States",US,USID,44.2394,-114.51,ID,0,,,,,,,2,"Idaho, United States",US,USID,44.2394,-114.51,ID,20220204,https://www.voiceofalexandria.com/correcting-and-replacing-photo-darigold-resumes-partial-butter-production-in-caldwell/article_5cb30f16-c111-574b-b36b-ccceef02b963.html
1026548532,20220204,202202,2022,2022.0932,GOV,MAYOR,,,,,,GOV,,,COP,POLICE CHIEF,,,,,,COP,,,0,040,040,04,1,1.0,12,4,12,1.29605900183965,3,"City Of Caldwell, Idaho, United States",US,USID,43.6465,-116.661,2409956,3,"City Of Caldwell, Idaho, United States",US,USID,43.6465,-116.661,2409956,3,"City Of Caldwell, Idaho, United States",US,USID,43.6465,-116.661,2409956,20220204,https://www.voiceofalexandria.com/correcting-and-replacing-photo-darigold-resumes-partial-butter-production-in-caldwell/article_5cb30f16-c111-574b-b36b-ccceef02b963.html
1026548533,20220204,202202,2022,2022.0932,GOV,MAYOR,,,,,,GOV,,,COP,POLICE CHIEF,,,,,,COP,,,0,040,040,04,1,1.0,8,4,8,1.29605900183965,2,"Idaho, United States",US,USID,44.2394,-114.51,ID,2,"Idaho, United States",US,USID,44.2394,-114.51,ID,2,"Idaho, United States",US,USID,44.2394,-114.51,ID,20220204,https://www.voiceofalexandria.com/correcting-and-replacing-photo-darigold-resumes-partial-butter-production-in-caldwell/article_5cb30f16-c111-574b-b36b-ccceef02b963.html
1026549012,20220204,202202,2022,2022.0932,USA,SEATTLE,USA,,,,,,,,,,,,,,,,,,1,084,084,08,2,7.0,6,3,6,1.29312414163832,3,"City Of Caldwell, Idaho, United States",US,USID,43.6465,-116.661,2409956,0,,,,,,,3,"City Of Caldwell, Idaho, United States",US,USID,43.6465,-116.661,2409956,20220204,https://www.voiceofalexandria.com/correcting-and-replacing-photo-darigold-resumes-partial-butter-production-in-caldwell/article_5cb30f16-c111-574b-b36b-ccceef02b963.html
1026549144,20220204,202202,2022,2022.0932,USA,SEATTLE,USA,,,,,,,,USABUS,UNITED STATES,USA,,,,,BUS,,,1,084,084,08,2,7.0,6,3,6,1.29312414163832,3,"City Of Caldwell, Idaho, United States",US,USID,43.6465,-116.661,2409956,3,"City Of Caldwell, Idaho, United States",US,USID,43.6465,-116.661,2409956,3,"City Of Caldwell, Idaho, United States",US,USID,43.6465,-116.661,2409956,20220204,https://www.voiceofalexandria.com/correcting-and-replacing-photo-darigold-resumes-partial-butter-production-in-caldwell/article_5cb30f16-c111-574b-b36b-ccceef02b963.html
1026549179,20220204,202202,2022,2022.0932,USABUS,SEATTLE,USA,,,,,BUS,,,,,,,,,,,,,1,084,084,08,2,7.0,18,3,18,1.29312414163832,3,"City Of Caldwell, Idaho, United States",US,USID,43.6465,-116.661,2409956,0,,,,,,,3,"City Of Caldwell, Idaho, United States",US,USID,43.6465,-116.661,2409956,20220204,https://www.voiceofalexandria.com/correcting-and-replacing-photo-darigold-resumes-partial-butter-production-in-caldwell/article_5cb30f16-c111-574b-b36b-ccceef02b963.html
1026549915,20220204,202202,2022,2022.0932,,,,,,,,,,,GOV,GOVERNMENT,,,,,,GOV,,,1,051,051,05,1,3.4,10,1,10,9.74358974358973,0,,,,,,,4,"Bendigo, Victoria, Australia",AS,AS07,-36.7582,144.28,-1558533,4,"Bendigo, Victoria, Australia",AS,AS07,-36.7582,144.28,-1558533,20220204,https://www.miragenews.com/city-scoops-three-golds-in-victorian-tourism-718618/
1026550038,20220204,202202,2022,2022.0932,AUS,AUSTRALIA,AUS,,,,,,,,,,,,,,,,,,1,111,111,11,3,-2.0,8,1,8,9.74358974358973,4,"Bendigo, Victoria, Australia",AS,AS07,-36.7582,144.28,-1558533,0,,,,,,,4,"Bendigo, Victoria, Australia",AS,AS07,-36.7582,144.28,-1558533,20220204,https://www.miragenews.com/city-scoops-three-golds-in-victorian-tourism-718618/
1026550080,20220204,202202,2022,2022.0932,BUS,COMPANIES,,,,,,BUS,,,,,,,,,,,,,1,010,010,01,1,0.0,13,2,13,0.198248265327675,2,"Ohio, United States",US,USOH,40.3736,-82.7755,OH,0,,,,,,,2,"Ohio, United States",US,USOH,40.3736,-82.7755,OH,20220204,https://www.morningstar.com/news/pr-newswire/20220203cl52264/greif-awarded-gold-rating-from-ecovadis-for-fourth-consecutive-year
1026552502,20220204,202202,2022,2022.0932,GBR,LONDON,GBR,,,,,,,,USA,LOS ANGELES,USA,,,,,,,,1,043,043,04,1,2.8,17,2,17,2.58729426242117,4,"London, London, City of, United Kingdom",UK,UKH9,51.5,-0.116667,-2601889,4,"London, London, City of, United Kingdom",UK,UKH9,51.5,-0.116667,-2601889,4,"London, London, City of, United Kingdom",UK,UKH9,51.5,-0.116667,-2601889,20220204,https://houston.culturemap.com/news/restaurants-bars/02-03-22-juliet-new-restaurant-galleria-area-movie-theme-gold-tomahawk-steak/
1026553201,20220204,202202,2022,2022.0932,USA,LOS ANGELES,USA,,,,,,,,GBR,LONDON,GBR,,,,,,,,1,042,042,04,1,1.9,2,1,2,4.56852791878173,3,"Houston, Texas, United States",US,USTX,29.7633,-95.3633,1380948,4,"London, London, City of, United Kingdom",UK,UKH9,51.5,-0.116667,-2601889,4,"London, London, City of, United Kingdom",UK,UKH9,51.5,-0.116667,-2601889,20220204,https://houston.culturemap.com/news/restaurants-bars/02-03-22-juliet-new-restaurant-galleria-area-movie-theme-gold-tomahawk-steak/
1026553202,20220204,202202,2022,2022.0932,USA,LOS ANGELES,USA,,,,,,,,GBR,LONDON,GBR,,,,,,,,1,042,042,04,1,1.9,2,1,2,4.56852791878173,3,"Houston, Texas, United States",US,USTX,29.7633,-95.3633,1380948,3,"Houston, Texas, United States",US,USTX,29.7633,-95.3633,1380948,4,"London, London, City of, United Kingdom",UK,UKH9,51.5,-0.116667,-2601889,20220204,https://houston.culturemap.com/news/restaurants-bars/02-03-22-juliet-new-restaurant-galleria-area-movie-theme-gold-tomahawk-steak/
1026553203,20220204,202202,2022,2022.0932,USA,LOS ANGELES,USA,,,,,,,,GBR,LONDON,GBR,,,,,,,,1,042,042,04,1,1.9,6,1,6,4.56852791878173,3,"Houston, Texas, United States",US,USTX,29.7633,-95.3633,1380948,3,"Houston, Texas, United States",US,USTX,29.7633,-95.3633,1380948,3,"Houston, Texas, United States",US,USTX,29.7633,-95.3633,1380948,20220204,https://houston.culturemap.com/news/restaurants-bars/02-03-22-juliet-new-restaurant-galleria-area-movie-theme-gold-tomahawk-steak/
1026555166,20220204,202202,2022,2022.0932,,,,,,,,,,,EDU,STUDENT,,,,,,EDU,,,1,043,043,04,1,2.8,30,4,28,1.06899741368093,0,,,,,,,2,"Georgia, United States",US,USGA,32.9866,-83.6487,GA,2,"Georgia, United States",US,USGA,32.9866,-83.6487,GA,20220204,https://www.natlawreview.com:443/article/gold-dome-report-legislative-day-11
1026555187,20220204,202202,2022,2022.0932,,,,,,,,,,,LEG,SENATOR,,,,,,LEG,,,1,043,043,04,1,2.8,12,2,12,-0.0360230547550451,0,,,,,,,3,"Gwinnett County, Georgia, United States",US,USGA,33.9501,-84.0499,1688166,3,"Gwinnett County, Georgia, United States",US,USGA,33.9501,-84.0499,1688166,20220204,https://www.natlawreview.com:443/article/gold-dome-report-legislative-day-11
1026555188,20220204,202202,2022,2022.0932,,,,,,,,,,,LEG,SENATOR,,,,,,LEG,,,1,043,043,04,1,2.8,15,4,15,0.407208957318245,0,,,,,,,2,"Georgia, United States",US,USGA,32.9866,-83.6487,GA,2,"Georgia, United States",US,USGA,32.9866,-83.6487,GA,20220204,https://www.natlawreview.com:443/article/gold-dome-report-legislative-day-11
1026555415,20220204,202202,2022,2022.0932,CVL,CITIZEN,,,,,,CVL,,,MED,WEBSITE,,,,,,MED,,,0,020,020,02,1,3.0,11,2,11,-0.0360230547550451,2,"Georgia, United States",US,USGA,32.9866,-83.6487,GA,2,"Georgia, United States",US,USGA,32.9866,-83.6487,GA,2,"Georgia, United States",US,USGA,32.9866,-83.6487,GA,20220204,https://www.natlawreview.com:443/article/gold-dome-report-legislative-day-11
1026555451,20220204,202202,2022,2022.0932,EDU,STUDENT,,,,,,EDU,,,,,,,,,,,,,1,042,042,04,1,1.9,27,4,25,1.06899741368093,2,"Georgia, United States",US,USGA,32.9866,-83.6487,GA,0,,,,,,,2,"Georgia, United States",US,USGA,32.9866,-83.6487,GA,20220204,https://www.natlawreview.com:443/article/gold-dome-report-legislative-day-11
1026555626,20220204,202202,2022,2022.0932,GRC,ATHENS,GRC,,,,,,,,LEG,SENATE,,,,,,LEG,,,0,081,081,08,2,5.0,6,2,6,-0.0360230547550451,2,"Georgia, United States",US,USGA,32.9866,-83.6487,GA,2,"Georgia, United States",US,USGA,32.9866,-83.6487,GA,2,"Georgia, United States",US,USGA,32.9866,-83.6487,GA,20220204,https://www.natlawreview.com:443/article/gold-dome-report-legislative-day-11
1026555627,20220204,202202,2022,2022.0932,GRC,ATHENS,GRC,,,,,,,,USA,UNITED STATES,USA,,,,,,,,0,081,081,08,2,5.0,10,2,10,-0.0360230547550451,2,"Georgia, United States",US,USGA,32.9866,-83.6487,GA,2,"Georgia, United States",US,USGA,32.9866,-83.6487,GA,2,"Georgia, United States",US,USGA,32.9866,-83.6487,GA,20220204,https://www.natlawreview.com:443/article/gold-dome-report-legislative-day-11
1026555709,20220204,202202,2022,2022.0932,LEG,SENATOR,,,,,,LEG,,,,,,,,,,,,,1,042,042,04,1,1.9,27,4,27,0.407208957318245,2,"Georgia, United States",US,USGA,32.9866,-83.6487,GA,0,,,,,,,2,"Georgia, United States",US,USGA,32.9866,-83.6487,GA,20220204,https://www.natlawreview.com:443/article/gold-dome-report-legislative-day-11
1026555725,20220204,202202,2022,2022.0932,LEG,SENATE,,,,,,LEG,,,USA,UNITED STATES,USA,,,,,,,,0,081,081,08,2,5.0,8,2,8,-0.0360230547550451,2,"Georgia, United States",US,USGA,32.9866,-83.6487,GA,2,"Georgia, United States",US,USGA,32.9866,-83.6487,GA,2,"Georgia, United States",US,USGA,32.9866,-83.6487,GA,20220204,https://www.natlawreview.com:443/article/gold-dome-report-legislative-day-11
1026556053,20220204,202202,2022,2022.0932,USA,UNITED STATES,USA,,,,,,,,MED,WEBSITE,,,,,,MED,,,0,020,020,02,1,3.0,6,2,6,-0.0360230547550451,2,"Georgia, United States",US,USGA,32.9866,-83.6487,GA,2,"Georgia, United States",US,USGA,32.9866,-83.6487,GA,2,"Georgia, United States",US,USGA,32.9866,-83.6487,GA,20220204,https://www.natlawreview.com:443/article/gold-dome-report-legislative-day-11
1026560352,20220204,202202,2022,2022.0932,DEU,GERMANY,DEU,,,,,,,,MED,WEBSITE,,,,,,MED,,,1,010,010,01,1,0.0,4,1,4,1.62297128589263,2,"New York, United States",US,USNY,42.1497,-74.9384,NY,2,"New York, United States",US,USNY,42.1497,-74.9384,NY,2,"New York, United States",US,USNY,42.1497,-74.9384,NY,20220204,https://www.huffpost.com/entry/gold-cube-cryptocurrency_n_61fc1103e4b06abdc42ce684
1026561929,20220204,202202,2022,2022.0932,JUD,ATTORNEY,,,,,,JUD,,,COP,PRISON,,,,,,COP,,,1,173,173,17,4,-5.0,8,1,8,-7.51445086705202,3,"Gold Beach, Oregon, United States",US,USOR,42.4073,-124.422,1142804,3,"Mcminnville, Oregon, United States",US,USOR,45.2101,-123.199,1163136,3,"Mcminnville, Oregon, United States",US,USOR,45.2101,-123.199,1163136,20220204,https://www.currypilot.com/news/gold-beach-man-sentenced-for-child-porn/article_8c6fd17a-849a-11ec-9428-cf2942c47d3e.html
1026561930,20220204,202202,2022,2022.0932,JUD,ATTORNEY,,,,,,JUD,,,COP,PRISON,,,,,,COP,,,1,173,173,17,4,-5.0,2,1,2,-7.51445086705202,3,"Curry County, Oregon, United States",US,USOR,42.5001,-124.218,1155129,3,"Curry County, Oregon, United States",US,USOR,42.5001,-124.218,1155129,3,"Curry County, Oregon, United States",US,USOR,42.5001,-124.218,1155129,20220204,https://www.currypilot.com/news/gold-beach-man-sentenced-for-child-porn/article_8c6fd17a-849a-11ec-9428-cf2942c47d3e.html
1026562091,20220204,202202,2022,2022.0932,PHL,FILIPINO,PHL,,,,,,,,,,,,,,,,,,1,020,020,02,1,3.0,18,3,18,3.31721061026247,1,Philippines,RP,RP,13,122,RP,0,,,,,,,1,Philippines,RP,RP,13,122,RP,20220204,https://mb.com.ph/2022/02/04/golden-haven-now-accepts-digital-payments-pushes-for-even-more-digitalization-in-2022/
1026562162,20220204,202202,2022,2022.0932,USA,UNITED STATES,USA,,,,,,,,,,,,,,,,,,1,015,015,01,1,0.0,8,1,8,-7.51445086705202,3,"Gold Beach, Oregon, United States",US,USOR,42.4073,-124.422,1142804,0,,,,,,,3,"Gold Beach, Oregon, United States",US,USOR,42.4073,-124.422,1142804,20220204,https://www.currypilot.com/news/gold-beach-man-sentenced-for-child-porn/article_8c6fd17a-849a-11ec-9428-cf2942c47d3e.html
1026562216,20220204,202202,2022,2022.0932,USA,UNITED STATES,USA,,,,,,,,,,,,,,,,,,1,172,172,17,4,-5.0,8,1,8,-7.51445086705202,3,"Curry County, Oregon, United States",US,USOR,42.5001,-124.218,1155129,0,,,,,,,3,"Curry County, Oregon, United States",US,USOR,42.5001,-124.218,1155129,20220204,https://www.currypilot.com/news/gold-beach-man-sentenced-for-child-porn/article_8c6fd17a-849a-11ec-9428-cf2942c47d3e.html
1026568553,20220204,202202,2022,2022.0932,BLR,BELARUS,BLR,,,,,,,,UKR,KYIV,UKR,,,,,,,,1,190,190,19,4,-10.0,2,1,2,-5.98802395209581,4,"Kyiv, Kyyiv, Misto, Ukraine",UP,UP12,50.4333,30.5167,-1044367,4,"Kyiv, Kyyiv, Misto, Ukraine",UP,UP12,50.4333,30.5167,-1044367,4,"Kyiv, Kyyiv, Misto, Ukraine",UP,UP12,50.4333,30.5167,-1044367,20220204,https://wacotrib.com/opinion/columnists/jonah-goldberg-ukraine-s-president-may-be-our-only-hope/article_d323a294-8518-11ec-af0a-d37ce13f2725.html
1026568995,20220204,202202,2022,2022.0932,MIL,BATTALION,,,,,,MIL,,,,,,,,,,,,,0,154,154,15,4,-7.2,2,1,2,-5.98802395209581,1,United States,US,US,39.828175,-98.5795,US,0,,,,,,,1,United States,US,US,39.828175,-98.5795,US,20220204,https://wacotrib.com/opinion/columnists/jonah-goldberg-ukraine-s-president-may-be-our-only-hope/article_d323a294-8518-11ec-af0a-d37ce13f2725.html
1026569118,20220204,202202,2022,2022.0932,RUS,RUSSIA,RUS,,,,,,,,UKR,UKRAINE,UKR,,,,,,,,0,040,040,04,1,1.0,2,1,2,-5.98802395209581,4,"Kyiv, Kyyiv, Misto, Ukraine",UP,UP12,50.4333,30.5167,-1044367,4,"Kyiv, Kyyiv, Misto, Ukraine",UP,UP12,50.4333,30.5167,-1044367,4,"Kyiv, Kyyiv, Misto, Ukraine",UP,UP12,50.4333,30.5167,-1044367,20220204,https://wacotrib.com/opinion/columnists/jonah-goldberg-ukraine-s-president-may-be-our-only-hope/article_d323a294-8518-11ec-af0a-d37ce13f2725.html
1026569119,20220204,202202,2022,2022.0932,RUS,RUSSIAN,RUS,,,,,,,,USAGOV,UNITED STATES,USA,,,,,GOV,,,0,112,112,11,3,-2.0,1,1,1,-5.98802395209581,1,Russia,RS,RS,60,100,RS,1,United States,US,US,39.828175,-98.5795,US,1,United States,US,US,39.828175,-98.5795,US,20220204,https://wacotrib.com/opinion/columnists/jonah-goldberg-ukraine-s-president-may-be-our-only-hope/article_d323a294-8518-11ec-af0a-d37ce13f2725.html
1026569139,20220204,202202,2022,2022.0932,UKR,UKRAINIAN,UKR,,,,,,,,,,,,,,,,,,1,154,154,15,4,-7.2,9,3,9,-5.66496918553382,1,United States,US,US,39.828175,-98.5795,US,0,,,,,,,1,United States,US,US,39.828175,-98.5795,US,20220204,https://wacotrib.com/opinion/columnists/jonah-goldberg-ukraine-s-president-may-be-our-only-hope/article_d323a294-8518-11ec-af0a-d37ce13f2725.html
1026569140,20220204,202202,2022,2022.0932,UKR,UKRAINE,UKR,,,,,,,,BLR,BELARUS,BLR,,,,,,,,1,154,154,15,4,-7.2,6,3,6,-5.66496918553382,4,"Kyiv, Kyyiv, Misto, Ukraine",UP,UP12,50.4333,30.5167,-1044367,4,"Kyiv, Kyyiv, Misto, Ukraine",UP,UP12,50.4333,30.5167,-1044367,4,"Kyiv, Kyyiv, Misto, Ukraine",UP,UP12,50.4333,30.5167,-1044367,20220204,https://wacotrib.com/opinion/columnists/jonah-goldberg-ukraine-s-president-may-be-our-only-hope/article_d323a294-8518-11ec-af0a-d37ce13f2725.html
1026569141,20220204,202202,2022,2022.0932,UKR,UKRAINE,UKR,,,,,,,,UKRGOV,UKRAINE,UKR,,,,,GOV,,,1,111,111,11,3,-2.0,2,1,2,-5.98802395209581,1,United States,US,US,39.828175,-98.5795,US,1,United States,US,US,39.828175,-98.5795,US,4,"Kyiv, Kyyiv, Misto, Ukraine",UP,UP12,50.4333,30.5167,-1044367,20220204,https://wacotrib.com/opinion/columnists/jonah-goldberg-ukraine-s-president-may-be-our-only-hope/article_d323a294-8518-11ec-af0a-d37ce13f2725.html
1026569142,20220204,202202,2022,2022.0932,UKR,UKRAINE,UKR,,,,,,,,UKRGOV,UKRAINE,UKR,,,,,GOV,,,1,111,111,11,3,-2.0,1,1,1,-5.98802395209581,1,United States,US,US,39.828175,-98.5795,US,1,United States,US,US,39.828175,-98.5795,US,1,United States,US,US,39.828175,-98.5795,US,20220204,https://wacotrib.com/opinion/columnists/jonah-goldberg-ukraine-s-president-may-be-our-only-hope/article_d323a294-8518-11ec-af0a-d37ce13f2725.html
1026569143,20220204,202202,2022,2022.0932,UKRGOV,UKRAINIAN,UKR,,,,,GOV,,,,,,,,,,,,,1,111,111,11,3,-2.0,6,1,6,-5.98802395209581,1,United States,US,US,39.828175,-98.5795,US,0,,,,,,,4,"Kyiv, Kyyiv, Misto, Ukraine",UP,UP12,50.4333,30.5167,-1044367,20220204,https://wacotrib.com/opinion/columnists/jonah-goldberg-ukraine-s-president-may-be-our-only-hope/article_d323a294-8518-11ec-af0a-d37ce13f2725.html
1026570075,20220204,202202,2022,2022.0932,,,,,,,,,,,LEG,SENATE,,,,,,LEG,,,1,190,190,19,4,-10.0,13,2,13,-2.72671239936807,0,,,,,,,3,"White House, District of Columbia, United States",US,USDC,38.8951,-77.0364,531871,3,"White House, District of Columbia, United States",US,USDC,38.8951,-77.0364,531871,20220204,https://www.havasunews.com/opinion/carl-golden-republicans-biggest-foe-heading-into-midterms-donald-trump/article_d75a1674-8575-11ec-9942-9bdb429fac14.html
1026570418,20220204,202202,2022,2022.0932,IGOBUS,PACIFIC COMMUNITY,,,,,,IGO,BUS,,BUS,BANK,,,,,,BUS,,,1,071,071,07,2,7.4,10,1,10,5.49450549450549,3,"Sacramento, California, United States",US,USCA,38.5816,-121.494,1659564,3,"Sacramento, California, United States",US,USCA,38.5816,-121.494,1659564,3,"Sacramento, California, United States",US,USCA,38.5816,-121.494,1659564,20220204,https://www.appeal-democrat.com/news/sofi-completes-acquisition-of-golden-pacific/article_e332ddba-8565-11ec-9bc2-9bdedf790cf0.html
1026570806,20220204,202202,2022,2022.0932,USA,UNITED STATES,USA,,,,,,,,,,,,,,,,,,0,164,164,16,4,-7.0,4,1,4,-6.97350069735006,2,"Georgia, United States",US,USGA,32.9866,-83.6487,GA,0,,,,,,,2,"Georgia, United States",US,USGA,32.9866,-83.6487,GA,20220204,https://www.havasunews.com/opinion/carl-golden-republicans-biggest-foe-heading-into-midterms-donald-trump/article_d75a1674-8575-11ec-9942-9bdb429fac14.html
1026570865,20220204,202202,2022,2022.0932,USA,UNITED STATES,USA,,,,,,,,LEG,SENATE,,,,,,LEG,,,0,190,190,19,4,-10.0,2,1,2,-6.97350069735006,2,"Georgia, United States",US,USGA,32.9866,-83.6487,GA,2,"Georgia, United States",US,USGA,32.9866,-83.6487,GA,2,"Georgia, United States",US,USGA,32.9866,-83.6487,GA,20220204,https://www.havasunews.com/opinion/carl-golden-republicans-biggest-foe-heading-into-midterms-donald-trump/article_d75a1674-8575-11ec-9942-9bdb429fac14.html
1026574571,20220204,202202,2022,2022.0932,USAGOV,THE US,USA,,,,,GOV,,,,,,,,,,,,,1,020,020,02,1,3.0,20,3,20,-1.37844679630906,0,,,,,,,0,,,,,,,0,,,,,,,20220204,https://www.indiatoday.in/science/story/james-webb-speace-telescope-golden-mirror-alignment-nasa-universe-milky-way-galaxy-1908623-2022-02-04
1026575995,20220204,202202,2022,2022.0932,USA,WISCONSIN,USA,,,,,,,,GOV,PRESIDENT,,,,,,GOV,,,1,141,141,14,3,-6.5,3,1,3,4.76190476190476,2,"Wisconsin, United States",US,USWI,44.2563,-89.6385,WI,2,"Wisconsin, United States",US,USWI,44.2563,-89.6385,WI,2,"Wisconsin, United States",US,USWI,44.2563,-89.6385,WI,20220204,https://www.ccr-mag.com/faith-technologies-gold-award-from-abc-of-wi/
1026582761,20220204,202202,2022,2022.0932,ARE,UNITED ARAB EMIRATES,ARE,,,,,,,,NPL,NEPAL,NPL,,,,,,,,1,042,042,04,1,1.9,2,1,2,-2.5,4,"Sharjah, Ash Shariqah, United Arab Emirates",AE,AE06,25.3573,55.4033,-782371,4,"Tribhuvan International Airport, Bagmati, Nepal",NP,NP01,27.6986,85.3595,-1022754,4,"Tribhuvan International Airport, Bagmati, Nepal",NP,NP01,27.6986,85.3595,-1022754,20220204,https://thehimalayantimes.com/kathmandu/three-arrested-for-smuggling-gold-worth-rs-10-million
1026582762,20220204,202202,2022,2022.0932,ARE,UNITED ARAB EMIRATES,ARE,,,,,,,,NPL,NEPAL,NPL,,,,,,,,1,043,043,04,1,2.8,2,1,2,-2.5,4,"Tribhuvan International Airport, Bagmati, Nepal",NP,NP01,27.6986,85.3595,-1022754,4,"Tribhuvan International Airport, Bagmati, Nepal",NP,NP01,27.6986,85.3595,-1022754,4,"Tribhuvan International Airport, Bagmati, Nepal",NP,NP01,27.6986,85.3595,-1022754,20220204,https://thehimalayantimes.com/kathmandu/three-arrested-for-smuggling-gold-worth-rs-10-million
1026582763,20220204,202202,2022,2022.0932,ARE,DUBAI,ARE,,,,,,,,NPL,NEPAL,NPL,,,,,,,,1,043,043,04,1,2.8,2,1,2,-2.5,4,"Sharjah, Ash Shariqah, United Arab Emirates",AE,AE06,25.3573,55.4033,-782371,4,"Tribhuvan International Airport, Bagmati, Nepal",NP,NP01,27.6986,85.3595,-1022754,4,"Sharjah, Ash Shariqah, United Arab Emirates",AE,AE06,25.3573,55.4033,-782371,20220204,https://thehimalayantimes.com/kathmandu/three-arrested-for-smuggling-gold-worth-rs-10-million
1026582764,20220204,202202,2022,2022.0932,ARE,DUBAI,ARE,,,,,,,,NPL,NEPAL,NPL,,,,,,,,1,043,043,04,1,2.8,4,1,4,-2.5,4,"Dubai, Dubayy, United Arab Emirates",AE,AE03,25.2522,55.28,-782831,4,"Tribhuvan International Airport, Bagmati, Nepal",NP,NP01,27.6986,85.3595,-1022754,4,"Tribhuvan International Airport, Bagmati, Nepal",NP,NP01,27.6986,85.3595,-1022754,20220204,https://thehimalayantimes.com/kathmandu/three-arrested-for-smuggling-gold-worth-rs-10-million
1026582853,20220204,202202,2022,2022.0932,COP,POLICE,,,,,,COP,,,NPL,NEPAL,NPL,,,,,,,,1,173,173,17,4,-5.0,2,1,2,-2.5,4,"Dubai, Dubayy, United Arab Emirates",AE,AE03,25.2522,55.28,-782831,4,"Sharjah, Ash Shariqah, United Arab Emirates",AE,AE06,25.3573,55.4033,-782371,4,"Sharjah, Ash Shariqah, United Arab Emirates",AE,AE06,25.3573,55.4033,-782371,20220204,https://thehimalayantimes.com/kathmandu/three-arrested-for-smuggling-gold-worth-rs-10-million
1026582854,20220204,202202,2022,2022.0932,COP,POLICE,,,,,,COP,,,NPL,NEPAL,NPL,,,,,,,,1,173,173,17,4,-5.0,2,1,2,-2.5,4,"Dubai, Dubayy, United Arab Emirates",AE,AE03,25.2522,55.28,-782831,4,"Sharjah, Ash Shariqah, United Arab Emirates",AE,AE06,25.3573,55.4033,-782371,4,"Dubai, Dubayy, United Arab Emirates",AE,AE03,25.2522,55.28,-782831,20220204,https://thehimalayantimes.com/kathmandu/three-arrested-for-smuggling-gold-worth-rs-10-million
1026582855,20220204,202202,2022,2022.0932,COP,POLICE,,,,,,COP,,,NPL,NEPAL,NPL,,,,,,,,1,173,173,17,4,-5.0,4,1,4,-2.5,4,"Dubai, Dubayy, United Arab Emirates",AE,AE03,25.2522,55.28,-782831,4,"Dubai, Dubayy, United Arab Emirates",AE,AE03,25.2522,55.28,-782831,4,"Dubai, Dubayy, United Arab Emirates",AE,AE03,25.2522,55.28,-782831,20220204,https://thehimalayantimes.com/kathmandu/three-arrested-for-smuggling-gold-worth-rs-10-million
1026583175,20220204,202202,2022,2022.0932,NPL,NEPAL,NPL,,,,,,,,ARE,UNITED ARAB EMIRATES,ARE,,,,,,,,1,042,042,04,1,1.9,2,1,2,-2.5,4,"Tribhuvan International Airport, Bagmati, Nepal",NP,NP01,27.6986,85.3595,-1022754,4,"Tribhuvan International Airport, Bagmati, Nepal",NP,NP01,27.6986,85.3595,-1022754,4,"Tribhuvan International Airport, Bagmati, Nepal",NP,NP01,27.6986,85.3595,-1022754,20220204,https://thehimalayantimes.com/kathmandu/three-arrested-for-smuggling-gold-worth-rs-10-million
1026583176,20220204,202202,2022,2022.0932,NPL,NEPAL,NPL,,,,,,,,ARE,DUBAI,ARE,,,,,,,,1,042,042,04,1,1.9,2,1,2,-2.5,4,"Tribhuvan International Airport, Bagmati, Nepal",NP,NP01,27.6986,85.3595,-1022754,4,"Sharjah, Ash Shariqah, United Arab Emirates",AE,AE06,25.3573,55.4033,-782371,4,"Sharjah, Ash Shariqah, United Arab Emirates",AE,AE06,25.3573,55.4033,-782371,20220204,https://thehimalayantimes.com/kathmandu/three-arrested-for-smuggling-gold-worth-rs-10-million
1026583177,20220204,202202,2022,2022.0932,NPL,NEPAL,NPL,,,,,,,,ARE,UNITED ARAB EMIRATES,ARE,,,,,,,,1,042,042,04,1,1.9,2,1,2,-2.5,4,"Tribhuvan International Airport, Bagmati, Nepal",NP,NP01,27.6986,85.3595,-1022754,4,"Dubai, Dubayy, United Arab Emirates",AE,AE03,25.2522,55.28,-782831,4,"Tribhuvan International Airport, Bagmati, Nepal",NP,NP01,27.6986,85.3595,-1022754,20220204,https://thehimalayantimes.com/kathmandu/three-arrested-for-smuggling-gold-worth-rs-10-million
1026583178,20220204,202202,2022,2022.0932,NPL,NEPAL,NPL,,,,,,,,ARE,DUBAI,ARE,,,,,,,,1,042,042,04,1,1.9,2,1,2,-2.5,4,"Dubai, Dubayy, United Arab Emirates",AE,AE03,25.2522,55.28,-782831,4,"Dubai, Dubayy, United Arab Emirates",AE,AE03,25.2522,55.28,-782831,4,"Dubai, Dubayy, United Arab Emirates",AE,AE03,25.2522,55.28,-782831,20220204,https://thehimalayantimes.com/kathmandu/three-arrested-for-smuggling-gold-worth-rs-10-million
1026583179,20220204,202202,2022,2022.0932,NPL,NEPAL,NPL,,,,,,,,ARE,UNITED ARAB EMIRATES,ARE,,,,,,,,1,043,043,04,1,2.8,2,1,2,-2.5,4,"Tribhuvan International Airport, Bagmati, Nepal",NP,NP01,27.6986,85.3595,-1022754,4,"Sharjah, Ash Shariqah, United Arab Emirates",AE,AE06,25.3573,55.4033,-782371,4,"Tribhuvan International Airport, Bagmati, Nepal",NP,NP01,27.6986,85.3595,-1022754,20220204,https://thehimalayantimes.com/kathmandu/three-arrested-for-smuggling-gold-worth-rs-10-million
1026585254,20220204,202202,2022,2022.0932,,,,,,,,,,,USA,UNITED STATES,USA,,,,,,,,0,043,043,04,1,2.8,1,1,1,-0.571428571428569,0,,,,,,,2,"Minnesota, United States",US,USMN,45.7326,-93.9196,MN,2,"Missouri, United States",US,USMO,38.4623,-92.302,MO,20220204,https://www.cowboysindians.com/2022/02/golden-western-films/
1026585255,20220204,202202,2022,2022.0932,,,,,,,,,,,USA,UNITED STATES,USA,,,,,,,,1,043,043,04,1,2.8,48,5,46,-1.70173343925535,0,,,,,,,2,"Missouri, United States",US,USMO,38.4623,-92.302,MO,2,"Missouri, United States",US,USMO,38.4623,-92.302,MO,20220204,https://www.cowboysindians.com/2022/02/golden-western-films/
1026585332,20220204,202202,2022,2022.0932,BUS,BANK,,,,,,BUS,,,USA,UNITED STATES,USA,,,,,,,,0,042,042,04,1,1.9,1,1,1,-0.571428571428569,2,"Minnesota, United States",US,USMN,45.7326,-93.9196,MN,2,"Mississippi, United States",US,USMS,32.7673,-89.6812,MS,2,"Missouri, United States",US,USMO,38.4623,-92.302,MO,20220204,https://www.cowboysindians.com/2022/02/golden-western-films/
1026585333,20220204,202202,2022,2022.0932,BUS,BANK,,,,,,BUS,,,USA,UNITED STATES,USA,,,,,,,,0,042,042,04,1,1.9,1,1,1,-0.571428571428569,2,"Mississippi, United States",US,USMS,32.7673,-89.6812,MS,2,"Mississippi, United States",US,USMS,32.7673,-89.6812,MS,2,"Minnesota, United States",US,USMN,45.7326,-93.9196,MN,20220204,https://www.cowboysindians.com/2022/02/golden-western-films/
1026585334,20220204,202202,2022,2022.0932,BUS,BANK,,,,,,BUS,,,USA,UNITED STATES,USA,,,,,,,,0,043,043,04,1,2.8,1,1,1,-0.571428571428569,2,"Minnesota, United States",US,USMN,45.7326,-93.9196,MN,2,"Minnesota, United States",US,USMN,45.7326,-93.9196,MN,2,"Missouri, United States",US,USMO,38.4623,-92.302,MO,20220204,https://www.cowboysindians.com/2022/02/golden-western-films/
1026585335,20220204,202202,2022,2022.0932,BUS,BANK,,,,,,BUS,,,USA,UNITED STATES,USA,,,,,,,,0,043,043,04,1,2.8,1,1,1,-0.571428571428569,2,"Missouri, United States",US,USMO,38.4623,-92.302,MO,2,"Missouri, United States",US,USMO,38.4623,-92.302,MO,2,"Missouri, United States",US,USMO,38.4623,-92.302,MO,20220204,https://www.cowboysindians.com/2022/02/golden-western-films/
1026585336,20220204,202202,2022,2022.0932,BUS,BANK,,,,,,BUS,,,USA,UNITED STATES,USA,,,,,,,,0,043,043,04,1,2.8,1,1,1,-0.571428571428569,2,"Mississippi, United States",US,USMS,32.7673,-89.6812,MS,2,"Minnesota, United States",US,USMN,45.7326,-93.9196,MN,2,"Minnesota, United States",US,USMN,45.7326,-93.9196,MN,20220204,https://www.cowboysindians.com/2022/02/golden-western-films/
1026585337,20220204,202202,2022,2022.0932,BUS,BANK,,,,,,BUS,,,USA,MINNESOTA,USA,,,,,,,,0,043,043,04,1,2.8,3,1,3,-0.571428571428569,2,"Mississippi, United States",US,USMS,32.7673,-89.6812,MS,2,"Minnesota, United States",US,USMN,45.7326,-93.9196,MN,2,"Missouri, United States",US,USMO,38.4623,-92.302,MO,20220204,https://www.cowboysindians.com/2022/02/golden-western-films/
1026585704,20220204,202202,2022,2022.0932,MEX,MEXICO,MEX,,,,,,,,CRM,OUTLAW,,,,,,CRM,,,0,190,190,19,4,-10.0,4,1,4,-0.571428571428569,1,Mexico,MX,MX,23,-102,MX,1,Mexico,MX,MX,23,-102,MX,1,Mexico,MX,MX,23,-102,MX,20220204,https://www.cowboysindians.com/2022/02/golden-western-films/
1026585793,20220204,202202,2022,2022.0932,REL,CLERGYMAN,,,,,,,,,UAF,GUNMAN,,,,,,UAF,,,1,190,190,19,4,-10.0,6,1,6,-0.571428571428569,2,"Colorado, United States",US,USCO,39.0646,-105.327,CO,2,"Colorado, United States",US,USCO,39.0646,-105.327,CO,2,"Colorado, United States",US,USCO,39.0646,-105.327,CO,20220204,https://www.cowboysindians.com/2022/02/golden-western-films/
1026585838,20220204,202202,2022,2022.0932,UAF,GUNMAN,,,,,,UAF,,,REL,CLERGYMAN,,,,,,,,,1,190,190,19,4,-10.0,6,1,6,-0.571428571428569,2,"Louisiana, United States",US,USLA,31.1801,-91.8749,LA,2,"Louisiana, United States",US,USLA,31.1801,-91.8749,LA,2,"Louisiana, United States",US,USLA,31.1801,-91.8749,LA,20220204,https://www.cowboysindians.com/2022/02/golden-western-films/
1026585839,20220204,202202,2022,2022.0932,UAF,GUNMAN,,,,,,UAF,,,USA,UNITED STATES,USA,,,,,,,,1,190,190,19,4,-10.0,2,1,2,-0.571428571428569,2,"Louisiana, United States",US,USLA,31.1801,-91.8749,LA,2,"Louisiana, United States",US,USLA,31.1801,-91.8749,LA,2,"Texas, United States",US,USTX,31.106,-97.6475,TX,20220204,https://www.cowboysindians.com/2022/02/golden-western-films/
1026585862,20220204,202202,2022,2022.0932,USA,UNITED STATES,USA,,,,,,,,,,,,,,,,,,0,042,042,04,1,1.9,1,1,1,-0.571428571428569,2,"Minnesota, United States",US,USMN,45.7326,-93.9196,MN,0,,,,,,,2,"Missouri, United States",US,USMO,38.4623,-92.302,MO,20220204,https://www.cowboysindians.com/2022/02/golden-western-films/
1026585863,20220204,202202,2022,2022.0932,USA,UNITED STATES,USA,,,,,,,,,,,,,,,,,,1,042,042,04,1,1.9,34,5,34,-1.70173343925535,2,"Missouri, United States",US,USMO,38.4623,-92.302,MO,0,,,,,,,2,"Missouri, United States",US,USMO,38.4623,-92.302,MO,20220204,https://www.cowboysindians.com/2022/02/golden-western-films/
1026585881,20220204,202202,2022,2022.0932,USA,UNITED STATES,USA,,,,,,,,BUS,BANK,,,,,,BUS,,,0,042,042,04,1,1.9,1,1,1,-0.571428571428569,2,"Minnesota, United States",US,USMN,45.7326,-93.9196,MN,2,"Minnesota, United States",US,USMN,45.7326,-93.9196,MN,2,"Missouri, United States",US,USMO,38.4623,-92.302,MO,20220204,https://www.cowboysindians.com/2022/02/golden-western-films/
1026585882,20220204,202202,2022,2022.0932,USA,UNITED STATES,USA,,,,,,,,BUS,BANK,,,,,,BUS,,,0,042,042,04,1,1.9,1,1,1,-0.571428571428569,2,"Minnesota, United States",US,USMN,45.7326,-93.9196,MN,2,"Mississippi, United States",US,USMS,32.7673,-89.6812,MS,2,"Minnesota, United States",US,USMN,45.7326,-93.9196,MN,20220204,https://www.cowboysindians.com/2022/02/golden-western-films/
1026585883,20220204,202202,2022,2022.0932,USA,MINNESOTA,USA,,,,,,,,BUS,BANK,,,,,,BUS,,,0,042,042,04,1,1.9,3,1,3,-0.571428571428569,2,"Minnesota, United States",US,USMN,45.7326,-93.9196,MN,2,"Mississippi, United States",US,USMS,32.7673,-89.6812,MS,2,"Missouri, United States",US,USMO,38.4623,-92.302,MO,20220204,https://www.cowboysindians.com/2022/02/golden-western-films/
1026585884,20220204,202202,2022,2022.0932,USA,UNITED STATES,USA,,,,,,,,BUS,BANK,,,,,,BUS,,,0,042,042,04,1,1.9,1,1,1,-0.571428571428569,2,"Missouri, United States",US,USMO,38.4623,-92.302,MO,2,"Missouri, United States",US,USMO,38.4623,-92.302,MO,2,"Missouri, United States",US,USMO,38.4623,-92.302,MO,20220204,https://www.cowboysindians.com/2022/02/golden-western-films/
1026585885,20220204,202202,2022,2022.0932,USA,UNITED STATES,USA,,,,,,,,BUS,BANK,,,,,,BUS,,,0,043,043,04,1,2.8,1,1,1,-0.571428571428569,2,"Mississippi, United States",US,USMS,32.7673,-89.6812,MS,2,"Minnesota, United States",US,USMN,45.7326,-93.9196,MN,2,"Missouri, United States",US,USMO,38.4623,-92.302,MO,20220204,https://www.cowboysindians.com/2022/02/golden-western-films/
1026585886,20220204,202202,2022,2022.0932,USA,UNITED STATES,USA,,,,,,,,BUS,BANK,,,,,,BUS,,,0,043,043,04,1,2.8,1,1,1,-0.571428571428569,2,"Mississippi, United States",US,USMS,32.7673,-89.6812,MS,2,"Mississippi, United States",US,USMS,32.7673,-89.6812,MS,2,"Minnesota, United States",US,USMN,45.7326,-93.9196,MN,20220204,https://www.cowboysindians.com/2022/02/golden-western-films/
1026585898,20220204,202202,2022,2022.0932,USA,UNITED STATES,USA,,,,,,,,UAF,GUNMAN,,,,,,UAF,,,1,190,190,19,4,-10.0,2,1,2,-0.571428571428569,1,Mexico,MX,MX,23,-102,MX,2,"Colorado, United States",US,USCO,39.0646,-105.327,CO,2,"Colorado, United States",US,USCO,39.0646,-105.327,CO,20220204,https://www.cowboysindians.com/2022/02/golden-western-films/
1026585905,20220204,202202,2022,2022.0932,USA,UNITED STATES,USA,,,,,,,,USALEG,UNITED STATES,USA,,,,,LEG,,,1,056,056,05,1,7.0,4,1,4,-0.571428571428569,2,"Missouri, United States",US,USMO,38.4623,-92.302,MO,2,"Missouri, United States",US,USMO,38.4623,-92.302,MO,2,"Missouri, United States",US,USMO,38.4623,-92.302,MO,20220204,https://www.cowboysindians.com/2022/02/golden-western-films/
1026585906,20220204,202202,2022,2022.0932,USA,UNITED STATES,USA,,,,,,,,USAUAF,UNITED STATES,USA,,,,,UAF,,,1,190,190,19,4,-10.0,2,1,2,-0.571428571428569,1,Mexico,MX,MX,23,-102,MX,1,Mexico,MX,MX,23,-102,MX,1,Mexico,MX,MX,23,-102,MX,20220204,https://www.cowboysindians.com/2022/02/golden-western-films/
1026585930,20220204,202202,2022,2022.0932,USAUAF,UNITED STATES,USA,,,,,UAF,,,USA,UNITED STATES,USA,,,,,,,,1,190,190,19,4,-10.0,2,1,2,-0.571428571428569,2,"Louisiana, United States",US,USLA,31.1801,-91.8749,LA,2,"Louisiana, United States",US,USLA,31.1801,-91.8749,LA,2,"Texas, United States",US,USTX,31.106,-97.6475,TX,20220204,https://www.cowboysindians.com/2022/02/golden-western-films/
1026588127,20220204,202202,2022,2022.0932,,,,,,,,,,,MMR,MYANMAR,MMR,,,,,,,,0,051,051,05,1,3.4,16,2,16,1.5191431263581,0,,,,,,,4,"Chon Buri, Chon Buri, Thailand",TH,TH46,13.3622,100.983,-3247244,4,"Chon Buri, Chon Buri, Thailand",TH,TH46,13.3622,100.983,-3247244,20220204,https://www.bangkokpost.com/thailand/general/2258911/light-cobra-gold-without-myanmar
1026588603,20220204,202202,2022,2022.0932,MIL,MILITARY,,,,,,MIL,,,,,,,,,,,,,1,141,141,14,3,-6.5,14,2,14,1.5191431263581,4,"Chon Buri, Chon Buri, Thailand",TH,TH46,13.3622,100.983,-3247244,0,,,,,,,4,"Chon Buri, Chon Buri, Thailand",TH,TH46,13.3622,100.983,-3247244,20220204,https://www.bangkokpost.com/thailand/general/2258911/light-cobra-gold-without-myanmar
1026588604,20220204,202202,2022,2022.0932,MIL,MILITARY,,,,,,MIL,,,,,,,,,,,,,1,150,150,15,4,-7.2,15,2,15,1.5191431263581,4,"Chon Buri, Chon Buri, Thailand",TH,TH46,13.3622,100.983,-3247244,0,,,,,,,4,"Chon Buri, Chon Buri, Thailand",TH,TH46,13.3622,100.983,-3247244,20220204,https://www.bangkokpost.com/thailand/general/2258911/light-cobra-gold-without-myanmar
1026588605,20220204,202202,2022,2022.0932,MIL,MILITARY,,,,,,MIL,,,,,,,,,,,,,1,150,150,15,4,-7.2,1,1,1,1.50375939849624,4,"Chon Buri, Chon Buri, Thailand",TH,TH46,13.3622,100.983,-3247244,0,,,,,,,1,United States,US,US,39.828175,-98.5795,US,20220204,https://www.bangkokpost.com/thailand/general/2258911/light-cobra-gold-without-myanmar
1026588606,20220204,202202,2022,2022.0932,MIL,MILITARY,,,,,,MIL,,,,,,,,,,,,,1,150,150,15,4,-7.2,2,1,2,1.50375939849624,1,South Korea,KS,KS,37,127.5,KS,0,,,,,,,1,South Korea,KS,KS,37,127.5,KS,20220204,https://www.bangkokpost.com/thailand/general/2258911/light-cobra-gold-without-myanmar
1026588738,20220204,202202,2022,2022.0932,THA,THAILAND,THA,,,,,,,,MIL,MILITARY,,,,,,MIL,,,1,141,141,14,3,-6.5,2,1,2,1.50375939849624,4,"Chon Buri, Chon Buri, Thailand",TH,TH46,13.3622,100.983,-3247244,4,"Chon Buri, Chon Buri, Thailand",TH,TH46,13.3622,100.983,-3247244,4,"Chon Buri, Chon Buri, Thailand",TH,TH46,13.3622,100.983,-3247244,20220204,https://www.bangkokpost.com/thailand/general/2258911/light-cobra-gold-without-myanmar
1026588739,20220204,202202,2022,2022.0932,THA,THAILAND,THA,,,,,,,,MIL,MILITARY,,,,,,MIL,,,1,150,150,15,4,-7.2,1,1,1,1.50375939849624,4,"Chon Buri, Chon Buri, Thailand",TH,TH46,13.3622,100.983,-3247244,4,"Chon Buri, Chon Buri, Thailand",TH,TH46,13.3622,100.983,-3247244,4,"Chon Buri, Chon Buri, Thailand",TH,TH46,13.3622,100.983,-3247244,20220204,https://www.bangkokpost.com/thailand/general/2258911/light-cobra-gold-without-myanmar
1026588740,20220204,202202,2022,2022.0932,THA,THAILAND,THA,,,,,,,,MIL,MILITARY,,,,,,MIL,,,1,150,150,15,4,-7.2,1,1,1,1.50375939849624,4,"Chon Buri, Chon Buri, Thailand",TH,TH46,13.3622,100.983,-3247244,4,"Chon Buri, Chon Buri, Thailand",TH,TH46,13.3622,100.983,-3247244,1,United States,US,US,39.828175,-98.5795,US,20220204,https://www.bangkokpost.com/thailand/general/2258911/light-cobra-gold-without-myanmar
1026588741,20220204,202202,2022,2022.0932,THA,THAILAND,THA,,,,,,,,MMR,MYANMAR,MMR,,,,,,,,0,051,051,05,1,3.4,4,2,4,1.5191431263581,4,"Chon Buri, Chon Buri, Thailand",TH,TH46,13.3622,100.983,-3247244,4,"Chon Buri, Chon Buri, Thailand",TH,TH46,13.3622,100.983,-3247244,4,"Chon Buri, Chon Buri, Thailand",TH,TH46,13.3622,100.983,-3247244,20220204,https://www.bangkokpost.com/thailand/general/2258911/light-cobra-gold-without-myanmar
1026588746,20220204,202202,2022,2022.0932,THA,THAILAND,THA,,,,,,,,USA,THE US,USA,,,,,,,,0,050,050,05,1,3.5,16,2,16,1.5191431263581,4,"Chon Buri, Chon Buri, Thailand",TH,TH46,13.3622,100.983,-3247244,4,"Chon Buri, Chon Buri, Thailand",TH,TH46,13.3622,100.983,-3247244,4,"Chon Buri, Chon Buri, Thailand",TH,TH46,13.3622,100.983,-3247244,20220204,https://www.bangkokpost.com/thailand/general/2258911/light-cobra-gold-without-myanmar
1026588747,20220204,202202,2022,2022.0932,THA,THAILAND,THA,,,,,,,,USA,THE US,USA,,,,,,,,0,050,050,05,1,3.5,4,2,4,1.5191431263581,4,"Lop Buri, Lop Buri, Thailand",TH,TH34,14.7981,100.654,-3250664,4,"Rayong, Rayong, Thailand",TH,TH47,12.6685,101.276,-3254080,4,"Rayong, Rayong, Thailand",TH,TH47,12.6685,101.276,-3254080,20220204,https://www.bangkokpost.com/thailand/general/2258911/light-cobra-gold-without-myanmar
1026588878,20220204,202202,2022,2022.0932,USA,THE US,USA,,,,,,,,THA,THAILAND,THA,,,,,,,,0,050,050,05,1,3.5,16,2,16,1.5191431263581,4,"Chon Buri, Chon Buri, Thailand",TH,TH46,13.3622,100.983,-3247244,4,"Chon Buri, Chon Buri, Thailand",TH,TH46,13.3622,100.983,-3247244,4,"Chon Buri, Chon Buri, Thailand",TH,TH46,13.3622,100.983,-3247244,20220204,https://www.bangkokpost.com/thailand/general/2258911/light-cobra-gold-without-myanmar
1026588879,20220204,202202,2022,2022.0932,USA,THE US,USA,,,,,,,,THA,THAILAND,THA,,,,,,,,0,050,050,05,1,3.5,4,2,4,1.5191431263581,4,"Rayong, Rayong, Thailand",TH,TH47,12.6685,101.276,-3254080,4,"Lop Buri, Lop Buri, Thailand",TH,TH34,14.7981,100.654,-3250664,4,"Rayong, Rayong, Thailand",TH,TH47,12.6685,101.276,-3254080,20220204,https://www.bangkokpost.com/thailand/general/2258911/light-cobra-gold-without-myanmar
1026592796,20220204,202202,2022,2022.0932,MIL,MILITARY,,,,,,MIL,,,,,,,,,,,,,1,141,141,14,3,-6.5,4,1,4,1.53452685421995,4,"Bangkok, Krung Thep Mahanakhon, Thailand",TH,TH40,13.75,100.517,-3250083,0,,,,,,,4,"Bangkok, Krung Thep Mahanakhon, Thailand",TH,TH40,13.75,100.517,-3250083,20220204,https://www.msn.com/en-xl/news/other/light-cobra-gold-without-myanmar/ar-AATsKvj
1026593011,20220204,202202,2022,2022.0932,USA,UNITED STATES,USA,,,,,,,,,,,,,,,,,,1,043,043,04,1,2.8,12,2,12,3.62662566134119,3,"Boise, Idaho, United States",US,USID,43.6135,-116.203,400590,0,,,,,,,3,"Boise, Idaho, United States",US,USID,43.6135,-116.203,400590,20220204,https://www.digitaljournal.com/pr/nampa-id-xrf-analyzed-gold-silver-pawn-shop-best-precious-metal-dealer-expands
1026593040,20220204,202202,2022,2022.0932,USA,IDAHO,USA,,,,,,,,CVL,COMMUNITY,,,,,,CVL,,,1,051,051,05,1,3.4,26,9,26,0.477317156646122,2,"Idaho, United States",US,USID,44.2394,-114.51,ID,2,"Idaho, United States",US,USID,44.2394,-114.51,ID,2,"Idaho, United States",US,USID,44.2394,-114.51,ID,20220204,https://www.digitaljournal.com/pr/nampa-id-xrf-analyzed-gold-silver-pawn-shop-best-precious-metal-dealer-expands
1026601975,20220128,202201,2022,2022.0767,BUS,COMPANY,,,,,,BUS,,,,,,,,,,,,,1,161,161,16,4,-4.0,5,1,5,1.9774011299435,1,Ethiopia,ET,ET,8,38,ET,0,,,,,,,1,Ethiopia,ET,ET,8,38,ET,20220204,https://www.directorstalkinterviews.com/kefi-gold-and-copper-tulu-kapi-gold-project-update/4121050181
1026609353,20220204,202202,2022,2022.0932,BUS,INVESTOR,,,,,,BUS,,,RUS,RUSSIA,RUS,,,,,,,,0,020,020,02,1,3.0,3,1,3,2.99850074962518,4,"London, London, City of, United Kingdom",UK,UKH9,51.5,-0.116667,-2601889,4,"London, London, City of, United Kingdom",UK,UKH9,51.5,-0.116667,-2601889,4,"London, London, City of, United Kingdom",UK,UKH9,51.5,-0.116667,-2601889,20220204,https://www.workpermit.com/news/uk-golden-visa-should-be-abolished-says-house-lords-peer-20220204
1026609354,20220204,202202,2022,2022.0932,BUS,INVESTOR,,,,,,BUS,,,RUS,RUSSIA,RUS,,,,,,,,0,020,020,02,1,3.0,2,1,2,2.99850074962518,1,Russia,RS,RS,60,100,RS,1,Russia,RS,RS,60,100,RS,4,"Saltaire, Bradford, United Kingdom",UK,UKB4,53.8333,-1.78333,-2606994,20220204,https://www.workpermit.com/news/uk-golden-visa-should-be-abolished-says-house-lords-peer-20220204
1026609573,20220204,202202,2022,2022.0932,GBR,UNITED KINGDOM,GBR,,,,,,,,,,,,,,,,,,0,1014,101,10,3,-5.0,2,1,2,2.99850074962518,4,"Saltaire, Bradford, United Kingdom",UK,UKB4,53.8333,-1.78333,-2606994,0,,,,,,,4,"Saltaire, Bradford, United Kingdom",UK,UKB4,53.8333,-1.78333,-2606994,20220204,https://www.workpermit.com/news/uk-golden-visa-should-be-abolished-says-house-lords-peer-20220204
1026612106,20220128,202201,2022,2022.0767,AUS,AUSTRALIA,AUS,,,,,,,,JUD,LAWYER,,,,,,JUD,,,1,013,013,01,1,0.4,2,1,2,-4.6692607003891,1,Australia,AS,AS,-25,135,AS,1,Australia,AS,AS,-25,135,AS,1,Australia,AS,AS,-25,135,AS,20220204,https://www.cbc.ca/news/canada/nova-scotia/atlantic-gold-mining-ns-inc-pleads-guilty-1.6338616
1026612107,20220128,202201,2022,2022.0767,AUSJUD,AUSTRALIA,AUS,,,,,JUD,,,,,,,,,,,,,1,020,020,02,1,3.0,2,1,2,-4.6692607003891,1,Australia,AS,AS,-25,135,AS,0,,,,,,,1,Australia,AS,AS,-25,135,AS,20220204,https://www.cbc.ca/news/canada/nova-scotia/atlantic-gold-mining-ns-inc-pleads-guilty-1.6338616
1026612108,20220128,202201,2022,2022.0767,AUSJUD,AUSTRALIA,AUS,,,,,JUD,,,JUD,LAWYER,,,,,,JUD,,,1,010,010,01,1,0.0,2,1,2,-4.6692607003891,1,Australia,AS,AS,-25,135,AS,1,Australia,AS,AS,-25,135,AS,1,Australia,AS,AS,-25,135,AS,20220204,https://www.cbc.ca/news/canada/nova-scotia/atlantic-gold-mining-ns-inc-pleads-guilty-1.6338616
1026612283,20220204,202202,2022,2022.0932,AUS,AUSTRALIAN,AUS,,,,,,,,BUS,COMPANY,,,,,,BUS,,,1,015,015,01,1,0.0,10,1,10,-4.6692607003891,1,Australia,AS,AS,-25,135,AS,1,Australia,AS,AS,-25,135,AS,1,Australia,AS,AS,-25,135,AS,20220204,https://www.cbc.ca/news/canada/nova-scotia/atlantic-gold-mining-ns-inc-pleads-guilty-1.6338616
1026612317,20220204,202202,2022,2022.0932,BUS,COMPANY,,,,,,BUS,,,,,,,,,,,,,1,128,128,12,3,-5.0,10,1,10,-4.6692607003891,1,Australia,AS,AS,-25,135,AS,0,,,,,,,1,Australia,AS,AS,-25,135,AS,20220204,https://www.cbc.ca/news/canada/nova-scotia/atlantic-gold-mining-ns-inc-pleads-guilty-1.6338616
1026616551,20220204,202202,2022,2022.0932,CVL,VILLAGER,,,,,,CVL,,,GOV,AUTHORITIES,,,,,,GOV,,,0,012,012,01,1,-0.4,10,1,10,3.58306188925081,1,Bhutan,BT,BT,27.5,90.5,BT,1,Bhutan,BT,BT,27.5,90.5,BT,1,Bhutan,BT,BT,27.5,90.5,BT,20220204,https://www.thehindu.com/news/national/other-states/assam-villagers-oppose-sanctuary-tag-for-golden-langur-habitat/article38376951.ece
1026616842,20220204,202202,2022,2022.0932,IND,ASSAM,IND,,,,,,,,GOV,GOVERNMENT,,,,,,GOV,,,1,120,120,12,3,-4.0,10,1,10,3.58306188925081,1,Bhutan,BT,BT,27.5,90.5,BT,1,Bhutan,BT,BT,27.5,90.5,BT,1,Bhutan,BT,BT,27.5,90.5,BT,20220204,https://www.thehindu.com/news/national/other-states/assam-villagers-oppose-sanctuary-tag-for-golden-langur-habitat/article38376951.ece
1026618351,20220204,202202,2022,2022.0932,CAN,CANADA,CAN,,,,,,,,BUS,INDUSTRY,,,,,,BUS,,,1,070,070,07,2,7.0,10,1,10,-1.77304964539007,4,"Toronto, Ontario, Canada",CA,CA08,43.6667,-79.4167,-574890,4,"Toronto, Ontario, Canada",CA,CA08,43.6667,-79.4167,-574890,4,"Toronto, Ontario, Canada",CA,CA08,43.6667,-79.4167,-574890,20220204,https://www.jamaicaobserver.com/business-report-daily-biz/-pot-of-gold-canada-s-weed-sector-generates-15b-in-taxes-since-legalisation_242940?profile=1442
1026618352,20220204,202202,2022,2022.0932,CAN,CANADA,CAN,,,,,,,,BUS,INDUSTRY,,,,,,BUS,,,1,081,081,08,2,5.0,10,1,10,-1.77304964539007,4,"Toronto, Ontario, Canada",CA,CA08,43.6667,-79.4167,-574890,4,"Toronto, Ontario, Canada",CA,CA08,43.6667,-79.4167,-574890,4,"Toronto, Ontario, Canada",CA,CA08,43.6667,-79.4167,-574890,20220204,https://www.jamaicaobserver.com/business-report-daily-biz/-pot-of-gold-canada-s-weed-sector-generates-15b-in-taxes-since-legalisation_242940?profile=1442
1026622252,20220204,202202,2022,2022.0932,,,,,,,,,,,CAN,CANADA,CAN,,,,,,,,1,042,042,04,1,1.9,2,1,2,3.38983050847457,0,,,,,,,4,"Witch Lake, British Columbia, Canada",CA,CA02,55.1333,-124.5,-576127,4,"Witch Lake, British Columbia, Canada",CA,CA02,55.1333,-124.5,-576127,20220204,https://www.mining-technology.com/news/orogen-copper-gold-porphyry-project-pacific-ridge/
1026622474,20220204,202202,2022,2022.0932,CAN,CANADA,CAN,,,,,,,,,,,,,,,,,,1,043,043,04,1,2.8,2,1,2,3.38983050847457,4,"Witch Lake, British Columbia, Canada",CA,CA02,55.1333,-124.5,-576127,0,,,,,,,4,"Witch Lake, British Columbia, Canada",CA,CA02,55.1333,-124.5,-576127,20220204,https://www.mining-technology.com/news/orogen-copper-gold-porphyry-project-pacific-ridge/
1026632673,20220204,202202,2022,2022.0932,,,,,,,,,,,EGY,EGYPT,EGY,,,,,,,,0,020,020,02,1,3.0,2,1,2,-3.04659498207885,0,,,,,,,3,"Miami, Florida, United States",US,USFL,25.7743,-80.1937,295004,3,"Miami, Florida, United States",US,USFL,25.7743,-80.1937,295004,20220204,https://www.newsweek.com/alexandria-ocasio-cortez-aoc-adam-carolla-sean-hannity-whoopi-goldberg-1676150
1026632697,20220204,202202,2022,2022.0932,,,,,,,,,,,JEWCVL,JEWISH,,,,JEW,,CVL,,,1,019,019,01,1,3.4,3,1,3,-3.04659498207885,0,,,,,,,3,"Miami, Florida, United States",US,USFL,25.7743,-80.1937,295004,3,"Miami, Florida, United States",US,USFL,25.7743,-80.1937,295004,20220204,https://www.newsweek.com/alexandria-ocasio-cortez-aoc-adam-carolla-sean-hannity-whoopi-goldberg-1676150
1026632698,20220204,202202,2022,2022.0932,,,,,,,,,,,JEWCVL,JEWISH,,,,JEW,,CVL,,,1,120,120,12,3,-4.0,3,1,3,-3.04659498207885,0,,,,,,,4,"Alexandria, Al Iskandariyah, Egypt",EG,EG06,31.1981,29.9192,-290263,4,"Alexandria, Al Iskandariyah, Egypt",EG,EG06,31.1981,29.9192,-290263,20220204,https://www.newsweek.com/alexandria-ocasio-cortez-aoc-adam-carolla-sean-hannity-whoopi-goldberg-1676150
1026633055,20220204,202202,2022,2022.0932,EGY,EGYPT,EGY,,,,,,,,,,,,,,,,,,1,120,120,12,3,-4.0,24,2,14,-2.52044848819042,4,"Alexandria, Al Iskandariyah, Egypt",EG,EG06,31.1981,29.9192,-290263,0,,,,,,,4,"Alexandria, Al Iskandariyah, Egypt",EG,EG06,31.1981,29.9192,-290263,20220204,https://www.newsweek.com/alexandria-ocasio-cortez-aoc-adam-carolla-sean-hannity-whoopi-goldberg-1676150
1026633057,20220204,202202,2022,2022.0932,EGY,EGYPT,EGY,,,,,,,,JEWCVL,JEWISH,,,,JEW,,CVL,,,1,019,019,01,1,3.4,2,1,2,-3.04659498207885,3,"Miami, Florida, United States",US,USFL,25.7743,-80.1937,295004,3,"Miami, Florida, United States",US,USFL,25.7743,-80.1937,295004,3,"Miami, Florida, United States",US,USFL,25.7743,-80.1937,295004,20220204,https://www.newsweek.com/alexandria-ocasio-cortez-aoc-adam-carolla-sean-hannity-whoopi-goldberg-1676150
1026633058,20220204,202202,2022,2022.0932,EGY,EGYPT,EGY,,,,,,,,JEWCVL,JEWISH,,,,JEW,,CVL,,,1,120,120,12,3,-4.0,2,1,2,-3.04659498207885,4,"Alexandria, Al Iskandariyah, Egypt",EG,EG06,31.1981,29.9192,-290263,4,"Alexandria, Al Iskandariyah, Egypt",EG,EG06,31.1981,29.9192,-290263,4,"Alexandria, Al Iskandariyah, Egypt",EG,EG06,31.1981,29.9192,-290263,20220204,https://www.newsweek.com/alexandria-ocasio-cortez-aoc-adam-carolla-sean-hannity-whoopi-goldberg-1676150
1026635162,20220204,202202,2022,2022.0932,BUS,BANK,,,,,,BUS,,,MNCUSA,GOLDMAN SACHS,USA,,,,,MNC,,,1,043,043,04,1,2.8,6,1,6,2.69360269360269,2,"New York, United States",US,USNY,42.1497,-74.9384,NY,2,"New York, United States",US,USNY,42.1497,-74.9384,NY,2,"New York, United States",US,USNY,42.1497,-74.9384,NY,20220204,https://skift.com/2022/02/04/new-hertz-ceo-will-be-ex-goldman-sachs-finance-chief-stephen-scherr/
1026635188,20220204,202202,2022,2022.0932,CHN,CHINA,CHN,,,,,,,,,,,,,,,,,,1,112,112,11,3,-2.0,5,1,5,1.88679245283019,4,"Quebradona, CaquetáO, Colombia",CO,CO08,1.25646,-75.9376,10875698,0,,,,,,,4,"Quebradona, CaquetáO, Colombia",CO,CO08,1.25646,-75.9376,10875698,20220204,https://www.mining.com/colombia-to-open-gold-coal-assets-up-for-bids/
1026635616,20220204,202202,2022,2022.0932,MNCUSA,GOLDMAN SACHS,USA,,,,,MNC,,,BUS,BANK,,,,,,BUS,,,1,042,042,04,1,1.9,6,1,6,2.69360269360269,2,"New York, United States",US,USNY,42.1497,-74.9384,NY,2,"New York, United States",US,USNY,42.1497,-74.9384,NY,2,"New York, United States",US,USNY,42.1497,-74.9384,NY,20220204,https://skift.com/2022/02/04/new-hertz-ceo-will-be-ex-goldman-sachs-finance-chief-stephen-scherr/
1026637204,20220204,202202,2022,2022.0932,IRL,IRELAND,IRL,,,,,,,,ESP,SIERRA NEVADA,ESP,,,,,,,,1,090,090,09,2,-2.0,2,1,2,-1.24282982791587,3,"Emerald Lake, California, United States",US,USCA,37.4666,-122.263,1786176,3,"Emerald Lake, California, United States",US,USCA,37.4666,-122.263,1786176,3,"Emerald Lake, California, United States",US,USCA,37.4666,-122.263,1786176,20220204,https://goldrushcam.com/sierrasuntimes/index.php/news/local-news/36449-new-uc-davis-study-amid-snow-and-ice-declines-what-happens-to-sierra-lakes-in-the-winter
1026637205,20220204,202202,2022,2022.0932,IRL,IRELAND,IRL,,,,,,,,USA,UNITED STATES,USA,,,,,,,,1,090,090,09,2,-2.0,4,1,4,-1.24282982791587,2,"California, United States",US,USCA,36.17,-119.746,CA,3,"Sierra Nevada, California, United States",US,USCA,36.5785,-118.293,253582,3,"Sierra Nevada, California, United States",US,USCA,36.5785,-118.293,253582,20220204,https://goldrushcam.com/sierrasuntimes/index.php/news/local-news/36449-new-uc-davis-study-amid-snow-and-ice-declines-what-happens-to-sierra-lakes-in-the-winter
1026637554,20220204,202202,2022,2022.0932,USA,UNITED STATES,USA,,,,,,,,,,,,,,,,,,1,090,090,09,2,-2.0,4,1,4,-1.24282982791587,3,"Emerald Lake, California, United States",US,USCA,37.4666,-122.263,1786176,0,,,,,,,3,"Emerald Lake, California, United States",US,USCA,37.4666,-122.263,1786176,20220204,https://goldrushcam.com/sierrasuntimes/index.php/news/local-news/36449-new-uc-davis-study-amid-snow-and-ice-declines-what-happens-to-sierra-lakes-in-the-winter
1026643003,20220204,202202,2022,2022.0932,USA,UNITED STATES,USA,,,,,,,,FRA,PARIS,FRA,,,,,,,,1,190,190,19,4,-10.0,2,1,2,-8.23863636363636,3,"Montclair, California, United States",US,USCA,34.0775,-117.69,252320,3,"Las Vegas, Nevada, United States",US,USNV,36.175,-115.137,847388,3,"Las Vegas, Nevada, United States",US,USNV,36.175,-115.137,847388,20220204,https://www.casino.org/news/do-not-publish-until-friday-chukchansi-gold-casino-visitor-dies-in-california-car-crash/
1026643004,20220204,202202,2022,2022.0932,USA,LAS VEGAS,USA,,,,,,,,FRA,PARIS,FRA,,,,,,,,1,190,190,19,4,-10.0,8,1,8,-8.23863636363636,3,"Las Vegas, Nevada, United States",US,USNV,36.175,-115.137,847388,3,"Las Vegas, Nevada, United States",US,USNV,36.175,-115.137,847388,3,"Las Vegas, Nevada, United States",US,USNV,36.175,-115.137,847388,20220204,https://www.casino.org/news/do-not-publish-until-friday-chukchansi-gold-casino-visitor-dies-in-california-car-crash/
1026646034,20220204,202202,2022,2022.0932,,,,,,,,,,,JEW,JEWISH,,,,JEW,,,,,0,190,190,19,4,-10.0,2,1,2,-8.0612244897959,0,,,,,,,1,Lithuania,LH,LH,56,24,LH,1,Lithuania,LH,LH,56,24,LH,20220204,https://www.breitbart.com/the-media/2022/02/04/pollak-whoopi-goldberg-cancel-culture-and-the-holocaust/
1026646035,20220204,202202,2022,2022.0932,,,,,,,,,,,JEW,JEWISH,,,,JEW,,,,,0,190,190,19,4,-10.0,2,1,2,-8.0612244897959,0,,,,,,,1,Poland,PL,PL,52,20,PL,1,Poland,PL,PL,52,20,PL,20220204,https://www.breitbart.com/the-media/2022/02/04/pollak-whoopi-goldberg-cancel-culture-and-the-holocaust/
1026646036,20220204,202202,2022,2022.0932,,,,,,,,,,,JEW,JEWISH,,,,JEW,,,,,0,190,190,19,4,-10.0,6,1,6,-8.0612244897959,0,,,,,,,1,Russia,RS,RS,60,100,RS,1,Russia,RS,RS,60,100,RS,20220204,https://www.breitbart.com/the-media/2022/02/04/pollak-whoopi-goldberg-cancel-culture-and-the-holocaust/
1026646301,20220204,202202,2022,2022.0932,DEU,GERMANY,DEU,,,,,,,,,,,,,,,,,,1,055,055,05,1,7.0,1,1,1,-8.0612244897959,1,Lithuania,LH,LH,56,24,LH,0,,,,,,,1,Russia,RS,RS,60,100,RS,20220204,https://www.breitbart.com/the-media/2022/02/04/pollak-whoopi-goldberg-cancel-culture-and-the-holocaust/
1026646302,20220204,202202,2022,2022.0932,DEU,GERMANY,DEU,,,,,,,,,,,,,,,,,,1,055,055,05,1,7.0,1,1,1,-8.0612244897959,1,Russia,RS,RS,60,100,RS,0,,,,,,,1,Germany,GM,GM,51.5,10.5,GM,20220204,https://www.breitbart.com/the-media/2022/02/04/pollak-whoopi-goldberg-cancel-culture-and-the-holocaust/
1026646622,20220204,202202,2022,2022.0932,JEW,JEWISH,,,,JEW,,,,,,,,,,,,,,,0,193,193,19,4,-10.0,8,1,8,-8.0612244897959,1,Lithuania,LH,LH,56,24,LH,0,,,,,,,1,Lithuania,LH,LH,56,24,LH,20220204,https://www.breitbart.com/the-media/2022/02/04/pollak-whoopi-goldberg-cancel-culture-and-the-holocaust/
1026646623,20220204,202202,2022,2022.0932,JEW,JEWISH,,,,JEW,,,,,,,,,,,,,,,0,193,193,19,4,-10.0,2,1,2,-8.0612244897959,1,Poland,PL,PL,52,20,PL,0,,,,,,,1,Poland,PL,PL,52,20,PL,20220204,https://www.breitbart.com/the-media/2022/02/04/pollak-whoopi-goldberg-cancel-culture-and-the-holocaust/
1026646704,20220204,202202,2022,2022.0932,LTU,LITHUANIAN,LTU,,,,,,,,,,,,,,,,,,0,020,020,02,1,3.0,1,1,1,-8.0612244897959,1,Russia,RS,RS,60,100,RS,0,,,,,,,1,Russia,RS,RS,60,100,RS,20220204,https://www.breitbart.com/the-media/2022/02/04/pollak-whoopi-goldberg-cancel-culture-and-the-holocaust/
1026646705,20220204,202202,2022,2022.0932,LTU,LITHUANIA,LTU,,,,,,,,,,,,,,,,,,0,190,190,19,4,-10.0,1,1,1,-8.0612244897959,1,Lithuania,LH,LH,56,24,LH,0,,,,,,,1,Russia,RS,RS,60,100,RS,20220204,https://www.breitbart.com/the-media/2022/02/04/pollak-whoopi-goldberg-cancel-culture-and-the-holocaust/
1026646706,20220204,202202,2022,2022.0932,LTU,LITHUANIA,LTU,,,,,,,,COP,POLICE,,,,,,COP,,,0,190,190,19,4,-10.0,5,1,5,-8.0612244897959,1,Lithuania,LH,LH,56,24,LH,1,Lithuania,LH,LH,56,24,LH,1,Lithuania,LH,LH,56,24,LH,20220204,https://www.breitbart.com/the-media/2022/02/04/pollak-whoopi-goldberg-cancel-culture-and-the-holocaust/
1026646707,20220204,202202,2022,2022.0932,LTU,LITHUANIAN,LTU,,,,,,,,JEW,JEWISH,,,,JEW,,,,,0,190,190,19,4,-10.0,3,1,3,-8.0612244897959,1,Lithuania,LH,LH,56,24,LH,1,Lithuania,LH,LH,56,24,LH,1,Lithuania,LH,LH,56,24,LH,20220204,https://www.breitbart.com/the-media/2022/02/04/pollak-whoopi-goldberg-cancel-culture-and-the-holocaust/
1026646708,20220204,202202,2022,2022.0932,LTU,LITHUANIA,LTU,,,,,,,,RUS,RUSSIA,RUS,,,,,,,,0,190,190,19,4,-10.0,1,1,1,-8.0612244897959,1,Lithuania,LH,LH,56,24,LH,1,Lithuania,LH,LH,56,24,LH,1,Lithuania,LH,LH,56,24,LH,20220204,https://www.breitbart.com/the-media/2022/02/04/pollak-whoopi-goldberg-cancel-culture-and-the-holocaust/
1026646709,20220204,202202,2022,2022.0932,LTU,LITHUANIA,LTU,,,,,,,,RUS,RUSSIA,RUS,,,,,,,,0,190,190,19,4,-10.0,3,1,3,-8.0612244897959,1,Lithuania,LH,LH,56,24,LH,1,Russia,RS,RS,60,100,RS,1,Russia,RS,RS,60,100,RS,20220204,https://www.breitbart.com/the-media/2022/02/04/pollak-whoopi-goldberg-cancel-culture-and-the-holocaust/
1026646820,20220204,202202,2022,2022.0932,POL,POLAND,POL,,,,,,,,JEW,JEWISH,,,,JEW,,,,,1,013,013,01,1,0.4,1,1,1,-8.0612244897959,1,Germany,GM,GM,51.5,10.5,GM,1,Germany,GM,GM,51.5,10.5,GM,1,Germany,GM,GM,51.5,10.5,GM,20220204,https://www.breitbart.com/the-media/2022/02/04/pollak-whoopi-goldberg-cancel-culture-and-the-holocaust/
1026646821,20220204,202202,2022,2022.0932,POL,POLAND,POL,,,,,,,,JEW,JEWISH,,,,JEW,,,,,1,013,013,01,1,0.4,1,1,1,-8.0612244897959,1,Poland,PL,PL,52,20,PL,1,Germany,GM,GM,51.5,10.5,GM,1,Poland,PL,PL,52,20,PL,20220204,https://www.breitbart.com/the-media/2022/02/04/pollak-whoopi-goldberg-cancel-culture-and-the-holocaust/
1026646822,20220204,202202,2022,2022.0932,POLELI,POLAND,POL,,,,,ELI,,,JEW,JEWISH,,,,JEW,,,,,1,013,013,01,1,0.4,1,1,1,-8.0612244897959,1,Poland,PL,PL,52,20,PL,1,Germany,GM,GM,51.5,10.5,GM,1,Poland,PL,PL,52,20,PL,20220204,https://www.breitbart.com/the-media/2022/02/04/pollak-whoopi-goldberg-cancel-culture-and-the-holocaust/
1026646823,20220204,202202,2022,2022.0932,POLELI,POLAND,POL,,,,,ELI,,,JEW,JEWISH,,,,JEW,,,,,1,013,013,01,1,0.4,1,1,1,-8.0612244897959,1,Russia,RS,RS,60,100,RS,1,Germany,GM,GM,51.5,10.5,GM,1,Germany,GM,GM,51.5,10.5,GM,20220204,https://www.breitbart.com/the-media/2022/02/04/pollak-whoopi-goldberg-cancel-culture-and-the-holocaust/
1026651053,20220204,202202,2022,2022.0932,BUS,COMPANY,,,,,,BUS,,,,,,,,,,,,,1,070,070,07,2,7.0,4,2,4,3.69249562730781,4,"Tutkhun, K?lb?c?r, Azerbaijan",AJ,AJ26,39.9922,46.2369,114865,0,,,,,,,4,"Tutkhun, K?lb?c?r, Azerbaijan",AJ,AJ26,39.9922,46.2369,114865,20220204,https://menafn.com/1103642108/Azerbaijan-boosts-gold-silver-production-in-2021&source=25
1026651062,20220204,202202,2022,2022.0932,BUS,COMPANY,,,,,,BUS,,,AZE,AZERBAIJAN,AZE,,,,,,,,1,070,070,07,2,7.0,16,2,16,3.69249562730781,4,"Tutkhun, K?lb?c?r, Azerbaijan",AJ,AJ26,39.9922,46.2369,114865,4,"Tutkhun, K?lb?c?r, Azerbaijan",AJ,AJ26,39.9922,46.2369,114865,4,"Tutkhun, K?lb?c?r, Azerbaijan",AJ,AJ26,39.9922,46.2369,114865,20220204,https://menafn.com/1103642108/Azerbaijan-boosts-gold-silver-production-in-2021&source=25
1026653570,20220204,202202,2022,2022.0932,GOV,GOVERNMENT,,,,,,GOV,,,,,,,,,,,,,0,071,071,07,2,7.4,10,1,10,0.26246719160105,2,"Kentucky, United States",US,USKY,37.669,-84.6514,KY,0,,,,,,,2,"Kentucky, United States",US,USKY,37.669,-84.6514,KY,20220204,https://www.forbes.com/sites/jamiegold/2022/02/04/what-homeowners-should-know-about-tornado-safety/
1026654365,20220204,202202,2022,2022.0932,USA,UNITED STATES,USA,,,,,,,,,,,,,,,,,,0,1383,138,13,3,-7.0,4,1,4,-0.98967297762478,2,"New York, United States",US,USNY,42.1497,-74.9384,NY,0,,,,,,,2,"New York, United States",US,USNY,42.1497,-74.9384,NY,20220204,https://digg.com/one-main-character/link/a-solid-gold-cube-art-installation-in-central-park-that-nobody-asked-for-and-more-of-this-week-s-one-main-character-MUhLsO7t2x
1026655501,20220204,202202,2022,2022.0932,LEG,SENATOR,,,,,,LEG,,,MED,MEDIA,,,,,,MED,,,1,071,071,07,2,7.4,4,1,4,2.51256281407035,2,"New York, United States",US,USNY,42.1497,-74.9384,NY,2,"New York, United States",US,USNY,42.1497,-74.9384,NY,2,"New York, United States",US,USNY,42.1497,-74.9384,NY,20220204,https://www.briefingwire.com/pr/roger-stone-new-york-times-bestselling-author-strikes-gold-with-spartacus-the-real-cory-booker-story
1026655505,20220204,202202,2022,2022.0932,LEG,CHAMBER,,,,,,LEG,,,SAU,SAUDI ARABIA,SAU,,,,,,,,1,042,042,04,1,1.9,2,1,2,-1.02669404517454,4,"Jeddah, Makkah, Saudi Arabia",SA,SA14,21.5169,39.2192,-3096108,4,"Jeddah, Makkah, Saudi Arabia",SA,SA14,21.5169,39.2192,-3096108,4,"Jeddah, Makkah, Saudi Arabia",SA,SA14,21.5169,39.2192,-3096108,20220204,https://bleedingcool.com/tv/goldberg-to-return-for-one-more-match-at-wwe-elimination-chamber/
1026655506,20220204,202202,2022,2022.0932,LEG,CHAMBER,,,,,,LEG,,,SAU,JEDDAH,SAU,,,,,,,,1,043,043,04,1,2.8,6,1,6,-1.02669404517454,4,"Jeddah, Makkah, Saudi Arabia",SA,SA14,21.5169,39.2192,-3096108,4,"Jeddah, Makkah, Saudi Arabia",SA,SA14,21.5169,39.2192,-3096108,4,"Jeddah, Makkah, Saudi Arabia",SA,SA14,21.5169,39.2192,-3096108,20220204,https://bleedingcool.com/tv/goldberg-to-return-for-one-more-match-at-wwe-elimination-chamber/
1026655740,20220204,202202,2022,2022.0932,SAU,JEDDAH,SAU,,,,,,,,LEG,CHAMBER,,,,,,LEG,,,1,042,042,04,1,1.9,6,1,6,-1.02669404517454,4,"Jeddah, Makkah, Saudi Arabia",SA,SA14,21.5169,39.2192,-3096108,4,"Jeddah, Makkah, Saudi Arabia",SA,SA14,21.5169,39.2192,-3096108,4,"Jeddah, Makkah, Saudi Arabia",SA,SA14,21.5169,39.2192,-3096108,20220204,https://bleedingcool.com/tv/goldberg-to-return-for-one-more-match-at-wwe-elimination-chamber/
1026655741,20220204,202202,2022,2022.0932,SAU,SAUDI ARABIA,SAU,,,,,,,,LEG,CHAMBER,,,,,,LEG,,,1,043,043,04,1,2.8,2,1,2,-1.02669404517454,4,"Jeddah, Makkah, Saudi Arabia",SA,SA14,21.5169,39.2192,-3096108,4,"Jeddah, Makkah, Saudi Arabia",SA,SA14,21.5169,39.2192,-3096108,4,"Jeddah, Makkah, Saudi Arabia",SA,SA14,21.5169,39.2192,-3096108,20220204,https://bleedingcool.com/tv/goldberg-to-return-for-one-more-match-at-wwe-elimination-chamber/
1026655742,20220204,202202,2022,2022.0932,SAU,SAUDI ARABIA,SAU,,,,,,,,SAULEG,SAUDI ARABIA,SAU,,,,,LEG,,,1,043,043,04,1,2.8,2,1,2,-1.02669404517454,4,"Jeddah, Makkah, Saudi Arabia",SA,SA14,21.5169,39.2192,-3096108,4,"Jeddah, Makkah, Saudi Arabia",SA,SA14,21.5169,39.2192,-3096108,4,"Jeddah, Makkah, Saudi Arabia",SA,SA14,21.5169,39.2192,-3096108,20220204,https://bleedingcool.com/tv/goldberg-to-return-for-one-more-match-at-wwe-elimination-chamber/
1026655743,20220204,202202,2022,2022.0932,SAULEG,SAUDI ARABIA,SAU,,,,,LEG,,,SAU,SAUDI ARABIA,SAU,,,,,,,,1,042,042,04,1,1.9,2,1,2,-1.02669404517454,4,"Jeddah, Makkah, Saudi Arabia",SA,SA14,21.5169,39.2192,-3096108,4,"Jeddah, Makkah, Saudi Arabia",SA,SA14,21.5169,39.2192,-3096108,4,"Jeddah, Makkah, Saudi Arabia",SA,SA14,21.5169,39.2192,-3096108,20220204,https://bleedingcool.com/tv/goldberg-to-return-for-one-more-match-at-wwe-elimination-chamber/
1026655802,20220204,202202,2022,2022.0932,USA,ALASKA,USA,,,,,,,,,,,,,,,,,,1,010,010,01,1,0.0,5,1,5,8.33333333333337,2,"Alaska, United States",US,USAK,61.385,-152.268,AK,0,,,,,,,2,"Hawaii, United States",US,USHI,21.1098,-157.531,HI,20220204,https://sellout.woot.com/offers/chemical-guys-mr-gold-foaming-car-wash-soap-4
1026655959,20220204,202202,2022,2022.0932,USA,UNITED STATES,USA,,,,,,,,MED,MEDIA,,,,,,MED,,,1,071,071,07,2,7.4,2,1,2,2.51256281407035,2,"New York, United States",US,USNY,42.1497,-74.9384,NY,2,"New York, United States",US,USNY,42.1497,-74.9384,NY,2,"New York, United States",US,USNY,42.1497,-74.9384,NY,20220204,https://www.briefingwire.com/pr/roger-stone-new-york-times-bestselling-author-strikes-gold-with-spartacus-the-real-cory-booker-story
1026656047,20220204,202202,2022,2022.0932,USALEG,UNITED STATES,USA,,,,,LEG,,,MED,MEDIA,,,,,,MED,,,1,071,071,07,2,7.4,1,1,1,2.51256281407035,2,"New York, United States",US,USNY,42.1497,-74.9384,NY,2,"New York, United States",US,USNY,42.1497,-74.9384,NY,2,"New York, United States",US,USNY,42.1497,-74.9384,NY,20220204,https://www.briefingwire.com/pr/roger-stone-new-york-times-bestselling-author-strikes-gold-with-spartacus-the-real-cory-booker-story
1026659472,20220204,202202,2022,2022.0932,,,,,,,,,,,IRL,IRELAND,IRL,,,,,,,,0,046,046,04,1,7.0,2,1,2,1.94871794871795,0,,,,,,,4,"Dublin, Dublin, Ireland",EI,EI07,53.3331,-6.24889,-1502554,4,"Dublin, Dublin, Ireland",EI,EI07,53.3331,-6.24889,-1502554,20220204,https://www.racingtv.com/news/nicholls-hoping-leopardstown-gold-run-is-made-to-measure-for-frodon
1026659977,20220204,202202,2022,2022.0932,GOV,KING,,,,,,GOV,,,IRL,IRELAND,IRL,,,,,,,,0,046,046,04,1,7.0,2,1,2,1.94871794871795,4,"Dublin, Dublin, Ireland",EI,EI07,53.3331,-6.24889,-1502554,4,"Dublin, Dublin, Ireland",EI,EI07,53.3331,-6.24889,-1502554,4,"Dublin, Dublin, Ireland",EI,EI07,53.3331,-6.24889,-1502554,20220204,https://www.racingtv.com/news/nicholls-hoping-leopardstown-gold-run-is-made-to-measure-for-frodon
1026660085,20220204,202202,2022,2022.0932,IRL,IRELAND,IRL,,,,,,,,,,,,,,,,,,0,046,046,04,1,7.0,2,1,2,1.94871794871795,4,"Dublin, Dublin, Ireland",EI,EI07,53.3331,-6.24889,-1502554,0,,,,,,,4,"Dublin, Dublin, Ireland",EI,EI07,53.3331,-6.24889,-1502554,20220204,https://www.racingtv.com/news/nicholls-hoping-leopardstown-gold-run-is-made-to-measure-for-frodon
1026660096,20220204,202202,2022,2022.0932,IRL,IRELAND,IRL,,,,,,,,GOV,KING,,,,,,GOV,,,0,046,046,04,1,7.0,2,1,2,1.94871794871795,4,"Dublin, Dublin, Ireland",EI,EI07,53.3331,-6.24889,-1502554,4,"Dublin, Dublin, Ireland",EI,EI07,53.3331,-6.24889,-1502554,4,"Dublin, Dublin, Ireland",EI,EI07,53.3331,-6.24889,-1502554,20220204,https://www.racingtv.com/news/nicholls-hoping-leopardstown-gold-run-is-made-to-measure-for-frodon
1026664545,20220204,202202,2022,2022.0932,,,,,,,,,,,BUS,INVESTOR,,,,,,BUS,,,1,040,040,04,1,1.0,6,1,6,3.57142857142857,0,,,,,,,3,"San Diego, California, United States",US,USCA,32.7153,-117.157,1661377,1,Mexico,MX,MX,23,-102,MX,20220204,https://www.digitaljournal.com/pr/golden-tag-initiates-2022-brand-awareness-program
1026664560,20220204,202202,2022,2022.0932,,,,,,,,,,,DJI,DJIBOUTI,DJI,,,,,,,,1,042,042,04,1,1.9,2,1,2,0.90673575129534,0,,,,,,,4,"Red Sea, Djibouti (general), Djibouti",DJ,DJ00,19,39.5,-2037160,3,"Pillars Of Hercules, Arizona, United States",US,USAZ,36.1553,-110.839,9428,20220204,https://www.ellsworthamerican.com/opinions/commentary/commentary-land-of-black-gold/
1026664765,20220204,202202,2022,2022.0932,BUS,INVESTOR,,,,,,BUS,,,,,,,,,,,,,1,040,040,04,1,1.0,22,2,22,3.57142857142857,3,"San Diego, California, United States",US,USCA,32.7153,-117.157,1661377,0,,,,,,,1,Mexico,MX,MX,23,-102,MX,20220204,https://www.digitaljournal.com/pr/golden-tag-initiates-2022-brand-awareness-program
1026664844,20220204,202202,2022,2022.0932,CHN,CHINA,CHN,,,,,,,,,,,,,,,,,,1,111,111,11,3,-2.0,16,2,16,3.57142857142857,4,"Machai, Shaanxi, China",CH,CH26,35.2483,107.763,-1918295,0,,,,,,,4,"Machai, Shaanxi, China",CH,CH26,35.2483,107.763,-1918295,20220204,https://www.digitaljournal.com/pr/golden-tag-initiates-2022-brand-awareness-program
1026664973,20220204,202202,2022,2022.0932,DJI,DJIBOUTI,DJI,,,,,,,,,,,,,,,,,,1,043,043,04,1,2.8,2,1,2,0.90673575129534,4,"Red Sea, Djibouti (general), Djibouti",DJ,DJ00,19,39.5,-2037160,0,,,,,,,3,"Pillars Of Hercules, Arizona, United States",US,USAZ,36.1553,-110.839,9428,20220204,https://www.ellsworthamerican.com/opinions/commentary/commentary-land-of-black-gold/
1026665359,20220204,202202,2022,2022.0932,MED,MEDIA,,,,,,MED,,,,,,,,,,,,,0,084,084,08,2,7.0,10,2,10,3.57142857142857,4,"Machai, Shaanxi, China",CH,CH26,35.2483,107.763,-1918295,0,,,,,,,4,"Machai, Shaanxi, China",CH,CH26,35.2483,107.763,-1918295,20220204,https://www.digitaljournal.com/pr/golden-tag-initiates-2022-brand-awareness-program
1026666865,20220204,202202,2022,2022.0932,,,,,,,,,,,IRL,IRELAND,IRL,,,,,,,,1,042,042,04,1,1.9,13,2,13,2.66937953875796,0,,,,,,,4,"Punchestown, Kildare, Ireland",EI,EI12,53.1867,-6.63611,407729,4,"Punchestown, Kildare, Ireland",EI,EI12,53.1867,-6.63611,407729,20220204,https://kildare-nationalist.ie/2022/02/04/kemboy-one-to-take-beating-in-the-irish-gold-cup-on-saturday-niall-slippers-madden/
1026667567,20220204,202202,2022,2022.0932,IRL,IRELAND,IRL,,,,,,,,,,,,,,,,,,0,020,020,02,1,3.0,4,1,4,2.61437908496732,4,"Punchestown, Kildare, Ireland",EI,EI12,53.1867,-6.63611,407729,0,,,,,,,4,"Punchestown, Kildare, Ireland",EI,EI12,53.1867,-6.63611,407729,20220204,https://kildare-nationalist.ie/2022/02/04/kemboy-one-to-take-beating-in-the-irish-gold-cup-on-saturday-niall-slippers-madden/
1026667568,20220204,202202,2022,2022.0932,IRL,IRELAND,IRL,,,,,,,,,,,,,,,,,,1,043,043,04,1,2.8,12,2,12,2.58781315050147,4,"Punchestown, Kildare, Ireland",EI,EI12,53.1867,-6.63611,407729,0,,,,,,,4,"Punchestown, Kildare, Ireland",EI,EI12,53.1867,-6.63611,407729,20220204,https://kildare-nationalist.ie/2022/02/04/kemboy-one-to-take-beating-in-the-irish-gold-cup-on-saturday-niall-slippers-madden/
1026667628,20220204,202202,2022,2022.0932,LAB,WORKER,,,,,,LAB,,,NMR,NORTH AMERICA,NMR,,,,,,,,1,051,051,05,1,3.4,6,1,6,5.41666666666666,1,United States,US,US,39.828175,-98.5795,US,1,United States,US,US,39.828175,-98.5795,US,1,United States,US,US,39.828175,-98.5795,US,20220204,https://www.prnewswire.com:443/news-releases/peoplereadys-jobstack-wins-gold-for-outstanding-mobile-app-for-business-in-ava-digital-awards-301475807.html
1026667631,20220204,202202,2022,2022.0932,LAB,WORKER,,,,,,LAB,,,USA,UNITED STATES,USA,,,,,,,,1,051,051,05,1,3.4,24,3,24,5.94109195402299,1,United States,US,US,39.828175,-98.5795,US,1,United States,US,US,39.828175,-98.5795,US,1,United States,US,US,39.828175,-98.5795,US,20220204,https://www.prnewswire.com:443/news-releases/peoplereadys-jobstack-wins-gold-for-outstanding-mobile-app-for-business-in-ava-digital-awards-301475807.html
1026667694,20220204,202202,2022,2022.0932,MED,CORRESPONDENT,,,,,,MED,,,IRL,IRELAND,IRL,,,,,,,,1,020,020,02,1,3.0,6,1,6,2.61437908496732,4,"Clane, Kildare, Ireland",EI,EI12,53.2914,-6.68917,-1501642,4,"Clane, Kildare, Ireland",EI,EI12,53.2914,-6.68917,-1501642,4,"Clane, Kildare, Ireland",EI,EI12,53.2914,-6.68917,-1501642,20220204,https://kildare-nationalist.ie/2022/02/04/kemboy-one-to-take-beating-in-the-irish-gold-cup-on-saturday-niall-slippers-madden/
1026667695,20220204,202202,2022,2022.0932,MED,CORRESPONDENT,,,,,,MED,,,IRL,IRELAND,IRL,,,,,,,,1,020,020,02,1,3.0,2,1,2,2.61437908496732,4,"Punchestown, Kildare, Ireland",EI,EI12,53.1867,-6.63611,407729,4,"Clane, Kildare, Ireland",EI,EI12,53.2914,-6.68917,-1501642,4,"Punchestown, Kildare, Ireland",EI,EI12,53.1867,-6.63611,407729,20220204,https://kildare-nationalist.ie/2022/02/04/kemboy-one-to-take-beating-in-the-irish-gold-cup-on-saturday-niall-slippers-madden/
1026667696,20220204,202202,2022,2022.0932,MED,CORRESPONDENT,,,,,,MED,,,IRL,IRELAND,IRL,,,,,,,,1,020,020,02,1,3.0,2,1,2,2.61437908496732,4,"Punchestown, Kildare, Ireland",EI,EI12,53.1867,-6.63611,407729,4,"Punchestown, Kildare, Ireland",EI,EI12,53.1867,-6.63611,407729,4,"Punchestown, Kildare, Ireland",EI,EI12,53.1867,-6.63611,407729,20220204,https://kildare-nationalist.ie/2022/02/04/kemboy-one-to-take-beating-in-the-irish-gold-cup-on-saturday-niall-slippers-madden/
1026667733,20220204,202202,2022,2022.0932,MNCUSA,GOLDMAN SACHS,USA,,,,,MNC,,,REB,INSURGENT,,,,,,REB,,,1,060,060,06,2,6.0,10,1,10,-1.13207547169811,0,,,,,,,0,,,,,,,0,,,,,,,20220204,https://www.thedeal.com/activism/kohls-retains-goldman-rejects-bids/
1026668184,20220204,202202,2022,2022.0932,USA,UNITED STATES,USA,,,,,,,,LAB,WORKER,,,,,,LAB,,,1,010,010,01,1,0.0,4,1,4,-4.75206611570248,2,"New York, United States",US,USNY,42.1497,-74.9384,NY,2,"New York, United States",US,USNY,42.1497,-74.9384,NY,2,"New York, United States",US,USNY,42.1497,-74.9384,NY,20220204,https://www.cinemablend.com/television/how-whoopi-goldberg-allegedly-feels-about-her-the-view-suspension-following-holocaust-comments
1026669128,20220204,202202,2022,2022.0932,,,,,,,,,,,GBR,LONDON,GBR,,,,,,,,1,042,042,04,1,1.9,3,1,3,-1.87590187590187,0,,,,,,,4,"Berlin, Berlin, Germany",GM,GM16,52.5167,13.4,-1746443,4,"Berlin, Berlin, Germany",GM,GM16,52.5167,13.4,-1746443,20220204,https://www.spectator.co.uk/article/a-modern-medea-iron-curtain-by-vesna-goldsworthy-reviewed
1026669726,20220204,202202,2022,2022.0932,IRL,IRISH,IRL,,,,,,,,,,,,,,,,,,1,026,026,02,1,4.0,3,1,3,-1.87590187590187,4,"Berlin, Berlin, Germany",GM,GM16,52.5167,13.4,-1746443,0,,,,,,,4,"Berlin, Berlin, Germany",GM,GM16,52.5167,13.4,-1746443,20220204,https://www.spectator.co.uk/article/a-modern-medea-iron-curtain-by-vesna-goldsworthy-reviewed
1026669727,20220204,202202,2022,2022.0932,IRL,IRELAND,IRL,,,,,,,,,,,,,,,,,,1,026,026,02,1,4.0,4,1,4,-1.87590187590187,1,Russia,RS,RS,60,100,RS,0,,,,,,,1,Russia,RS,RS,60,100,RS,20220204,https://www.spectator.co.uk/article/a-modern-medea-iron-curtain-by-vesna-goldsworthy-reviewed
1026671255,20220204,202202,2022,2022.0932,,,,,,,,,,,ISR,ISRAELI,ISR,,,,,,,,1,042,042,04,1,1.9,1,1,1,2.02247191011236,0,,,,,,,4,"Paris, France (general), France",FR,FR00,48.8667,2.33333,-1456928,4,"Paris, France (general), France",FR,FR00,48.8667,2.33333,-1456928,20220204,https://www.firstshowing.net/2019/official-us-trailer-for-nadav-lapids-golden-bear-winner-synonyms/
1026671691,20220204,202202,2022,2022.0932,EUR,EUROPE,EUR,,,,,,,,ITA,MILAN,ITA,,,,,,,,1,051,051,05,1,3.4,10,1,10,11.8279569892473,4,"Milan, Lombardia, Italy",IT,IT09,45.4667,9.2,-121726,4,"Milan, Lombardia, Italy",IT,IT09,45.4667,9.2,-121726,4,"Milan, Lombardia, Italy",IT,IT09,45.4667,9.2,-121726,20220204,https://www.printingnews.com:443/events/press-release/21159040/tesa-joins-the-fta-europe-diamond-awards-2022-as-gold-sponsor
1026671696,20220204,202202,2022,2022.0932,FRA,FRANCE,FRA,,,,,,,,,,,,,,,,,,1,010,010,01,1,0.0,2,1,2,2.02247191011236,1,Israel,IS,IS,31.5,34.75,IS,0,,,,,,,1,Israel,IS,IS,31.5,34.75,IS,20220204,https://www.firstshowing.net/2019/official-us-trailer-for-nadav-lapids-golden-bear-winner-synonyms/
1026671913,20220204,202202,2022,2022.0932,ISR,ISRAELI,ISR,,,,,,,,,,,,,,,,,,1,043,043,04,1,2.8,1,1,1,2.02247191011236,4,"Paris, France (general), France",FR,FR00,48.8667,2.33333,-1456928,0,,,,,,,4,"Paris, France (general), France",FR,FR00,48.8667,2.33333,-1456928,20220204,https://www.firstshowing.net/2019/official-us-trailer-for-nadav-lapids-golden-bear-winner-synonyms/
1026671917,20220204,202202,2022,2022.0932,ISR,ISRAELI,ISR,,,,,,,,ISRGOV,ISRAEL,ISR,,,,,GOV,,,1,043,043,04,1,2.8,1,1,1,2.02247191011236,4,"Paris, France (general), France",FR,FR00,48.8667,2.33333,-1456928,4,"Paris, France (general), France",FR,FR00,48.8667,2.33333,-1456928,4,"Paris, France (general), France",FR,FR00,48.8667,2.33333,-1456928,20220204,https://www.firstshowing.net/2019/official-us-trailer-for-nadav-lapids-golden-bear-winner-synonyms/
1026671924,20220204,202202,2022,2022.0932,ISRGOV,ISRAEL,ISR,,,,,GOV,,,ISR,ISRAELI,ISR,,,,,,,,1,042,042,04,1,1.9,1,1,1,2.02247191011236,4,"Paris, France (general), France",FR,FR00,48.8667,2.33333,-1456928,4,"Paris, France (general), France",FR,FR00,48.8667,2.33333,-1456928,4,"Paris, France (general), France",FR,FR00,48.8667,2.33333,-1456928,20220204,https://www.firstshowing.net/2019/official-us-trailer-for-nadav-lapids-golden-bear-winner-synonyms/
1026673793,20220204,202202,2022,2022.0932,CHRCTH,CATHOLIC,,,,CHR,CTH,,,,ITA,ITALY,ITA,,,,,,,,1,045,045,04,1,5.0,1,1,1,-5.04731861198738,4,"Roma, Lazio, Italy",IT,IT07,41.9,12.4833,-126693,4,"Roma, Lazio, Italy",IT,IT07,41.9,12.4833,-126693,4,"Roma, Lazio, Italy",IT,IT07,41.9,12.4833,-126693,20220204,https://blogs.timesofisrael.com/the-whoopi-goldberg-debacle-can-be-a-springboard-for-necessary-conversations/
1026676685,20220204,202202,2022,2022.0932,MNCUSA,GOLDMAN SACHS,USA,,,,,MNC,,,BUS,BANK,,,,,,BUS,,,1,111,111,11,3,-2.0,5,1,5,6.52173913043478,0,,,,,,,0,,,,,,,0,,,,,,,20220204,http://www.travelmarketreport.com/Destinations/articles/Hertz-Names-Former-Goldman-Executive-as-New-CEO
1026678365,20220204,202202,2022,2022.0932,GHA,GHANA,GHA,,,,,,,,USA,UNITED STATES,USA,,,,,,,,1,173,173,17,4,-5.0,2,1,2,-7.05882352941176,1,Ghana,GH,GH,8,-2,GH,3,"Crown Point, Indiana, United States",US,USIN,41.417,-87.3653,449644,1,Ghana,GH,GH,8,-2,GH,20220204,https://www.fox32chicago.com/news/hammond-man-allegedly-stole-millions-in-watches-from-gold-coast-car-dealership
1026678936,20220204,202202,2022,2022.0932,USA,CHICAGO,USA,,,,,,,,GHA,GHANA,GHA,,,,,,,,1,112,112,11,3,-2.0,2,1,2,-7.05882352941176,3,"Chicago, Illinois, United States",US,USIL,41.85,-87.6501,423587,1,Ghana,GH,GH,8,-2,GH,1,Ghana,GH,GH,8,-2,GH,20220204,https://www.fox32chicago.com/news/hammond-man-allegedly-stole-millions-in-watches-from-gold-coast-car-dealership
1026678937,20220204,202202,2022,2022.0932,USA,CHICAGO,USA,,,,,,,,GHA,GHANA,GHA,,,,,,,,1,112,112,11,3,-2.0,6,1,4,-7.05882352941176,1,Ghana,GH,GH,8,-2,GH,1,Ghana,GH,GH,8,-2,GH,1,Ghana,GH,GH,8,-2,GH,20220204,https://www.fox32chicago.com/news/hammond-man-allegedly-stole-millions-in-watches-from-gold-coast-car-dealership
1026678938,20220204,202202,2022,2022.0932,USA,INDIANA,USA,,,,,,,,GHA,GHANA,GHA,,,,,,,,1,173,173,17,4,-5.0,1,1,1,-7.05882352941176,3,"Crown Point, Indiana, United States",US,USIN,41.417,-87.3653,449644,1,Ghana,GH,GH,8,-2,GH,1,Ghana,GH,GH,8,-2,GH,20220204,https://www.fox32chicago.com/news/hammond-man-allegedly-stole-millions-in-watches-from-gold-coast-car-dealership
1026678939,20220204,202202,2022,2022.0932,USA,INDIANA,USA,,,,,,,,GHA,GHANA,GHA,,,,,,,,1,173,173,17,4,-5.0,1,1,1,-7.05882352941176,2,"Indiana, United States",US,USIN,39.8647,-86.2604,IN,1,Ghana,GH,GH,8,-2,GH,1,Ghana,GH,GH,8,-2,GH,20220204,https://www.fox32chicago.com/news/hammond-man-allegedly-stole-millions-in-watches-from-gold-coast-car-dealership
1026679633,20210204,202102,2021,2021.0932,USA,UNITED STATES,USA,,,,,,,,GOV,PRESIDENT,,,,,,GOV,,,0,055,055,05,1,7.0,4,1,4,-5.3951367781155,3,"Washington, District of Columbia, United States",US,USDC,38.8951,-77.0364,531871,3,"Washington, District of Columbia, United States",US,USDC,38.8951,-77.0364,531871,3,"Washington, District of Columbia, United States",US,USDC,38.8951,-77.0364,531871,20220204,https://infotel.ca/newsitem/us-whoopi-goldberg-cancel-or-counsel-/cp1122326765
1026679750,20220204,202202,2022,2022.0932,,,,,,,,,,,USA,AMERICAN,USA,,,,,,,,0,040,040,04,1,1.0,2,1,2,-5.3951367781155,0,,,,,,,3,"Boston, Massachusetts, United States",US,USMA,42.3584,-71.0598,617565,3,"Washington, District of Columbia, United States",US,USDC,38.8951,-77.0364,531871,20220204,https://infotel.ca/newsitem/us-whoopi-goldberg-cancel-or-counsel-/cp1122326765
1026680536,20220204,202202,2022,2022.0932,NGOUSAJEW,ANTI DEFAMATION LEAGUE,USA,,,JEW,,NGO,,,,,,,,,,,,,0,011,011,01,1,-0.1,312,46,312,-5.20131263393337,2,"New York, United States",US,USNY,42.1497,-74.9384,NY,0,,,,,,,2,"New York, United States",US,USNY,42.1497,-74.9384,NY,20220204,https://infotel.ca/newsitem/us-whoopi-goldberg-cancel-or-counsel-/cp1122326765
1026680537,20220204,202202,2022,2022.0932,NGOUSAJEW,ANTI DEFAMATION LEAGUE,USA,,,JEW,,NGO,,,USA,UNITED STATES,USA,,,,,,,,0,011,011,01,1,-0.1,232,52,232,-5.26225500604277,2,"Tennessee, United States",US,USTN,35.7449,-86.7489,TN,2,"Tennessee, United States",US,USTN,35.7449,-86.7489,TN,2,"Tennessee, United States",US,USTN,35.7449,-86.7489,TN,20220204,https://infotel.ca/newsitem/us-whoopi-goldberg-cancel-or-counsel-/cp1122326765
1026680686,20220204,202202,2022,2022.0932,USA,AMERICAN,USA,,,,,,,,,,,,,,,,,,0,040,040,04,1,1.0,2,1,2,-5.3951367781155,3,"Boston, Massachusetts, United States",US,USMA,42.3584,-71.0598,617565,0,,,,,,,3,"Washington, District of Columbia, United States",US,USDC,38.8951,-77.0364,531871,20220204,https://infotel.ca/newsitem/us-whoopi-goldberg-cancel-or-counsel-/cp1122326765
1026680691,20220204,202202,2022,2022.0932,USA,UNITED STATES,USA,,,,,,,,,,,,,,,,,,0,040,040,04,1,1.0,35,29,35,-5.05603323619966,2,"New York, United States",US,USNY,42.1497,-74.9384,NY,0,,,,,,,3,"Washington, District of Columbia, United States",US,USDC,38.8951,-77.0364,531871,20220204,https://infotel.ca/newsitem/us-whoopi-goldberg-cancel-or-counsel-/cp1122326765
1026680723,20220204,202202,2022,2022.0932,USA,UNITED STATES,USA,,,,,,,,,,,,,,,,,,0,070,070,07,2,7.0,38,32,38,-5.08319849034042,2,"New York, United States",US,USNY,42.1497,-74.9384,NY,0,,,,,,,3,"Washington, District of Columbia, United States",US,USDC,38.8951,-77.0364,531871,20220204,https://infotel.ca/newsitem/us-whoopi-goldberg-cancel-or-counsel-/cp1122326765
1026680859,20220204,202202,2022,2022.0932,USA,TEXAS,USA,,,,,,,,MED,MEDIA,,,,,,MED,,,1,112,112,11,3,-2.0,177,29,177,-5.05603323619966,2,"New York, United States",US,USNY,42.1497,-74.9384,NY,3,"Washington, District of Columbia, United States",US,USDC,38.8951,-77.0364,531871,3,"Washington, District of Columbia, United States",US,USDC,38.8951,-77.0364,531871,20220204,https://infotel.ca/newsitem/us-whoopi-goldberg-cancel-or-counsel-/cp1122326765
1026680860,20220204,202202,2022,2022.0932,USA,UNITED STATES,USA,,,,,,,,MED,MEDIA,,,,,,MED,,,1,112,112,11,3,-2.0,138,35,138,-5.4866514043395,2,"Texas, United States",US,USTX,31.106,-97.6475,TX,2,"Texas, United States",US,USTX,31.106,-97.6475,TX,2,"Texas, United States",US,USTX,31.106,-97.6475,TX,20220204,https://infotel.ca/newsitem/us-whoopi-goldberg-cancel-or-counsel-/cp1122326765
1026685465,20220204,202202,2022,2022.0932,CVL,COMMUNITY,,,,,,CVL,,,,,,,,,,,,,1,010,010,01,1,0.0,1,1,1,-0.79787234042553,3,"Chicago, Illinois, United States",US,USIL,41.85,-87.6501,423587,0,,,,,,,1,Israel,IS,IS,31.5,34.75,IS,20220204,https://forward.com/news/482020/douglas-goldhamer-pioneering-rabbi-for-the-deaf-community-dies/
1026685466,20220204,202202,2022,2022.0932,CVL,COMMUNITY,,,,,,CVL,,,,,,,,,,,,,1,010,010,01,1,0.0,3,1,3,-0.79787234042553,1,Israel,IS,IS,31.5,34.75,IS,0,,,,,,,3,"Skokie, Illinois, United States",US,USIL,42.0334,-87.7334,418578,20220204,https://forward.com/news/482020/douglas-goldhamer-pioneering-rabbi-for-the-deaf-community-dies/
1026685467,20220204,202202,2022,2022.0932,CVL,COMMUNITY,,,,,,CVL,,,,,,,,,,,,,1,010,010,01,1,0.0,1,1,1,-0.79787234042553,1,Israel,IS,IS,31.5,34.75,IS,0,,,,,,,3,"Chicago, Illinois, United States",US,USIL,41.85,-87.6501,423587,20220204,https://forward.com/news/482020/douglas-goldhamer-pioneering-rabbi-for-the-deaf-community-dies/
1026685692,20220204,202202,2022,2022.0932,JEW,RABBI,,,,JEW,,,,,USA,AMERICAN,USA,,,,,,,,1,010,010,01,1,0.0,3,1,3,-0.79787234042553,3,"University Of Chicago, Illinois, United States",US,USIL,41.7898,-87.5998,420158,3,"University Of Chicago, Illinois, United States",US,USIL,41.7898,-87.5998,420158,3,"University Of Chicago, Illinois, United States",US,USIL,41.7898,-87.5998,420158,20220204,https://forward.com/news/482020/douglas-goldhamer-pioneering-rabbi-for-the-deaf-community-dies/
1026685693,20220204,202202,2022,2022.0932,JEW,RABBI,,,,JEW,,,,,USA,AMERICAN,USA,,,,,,,,1,010,010,01,1,0.0,1,1,1,-0.79787234042553,3,"Chicago, Illinois, United States",US,USIL,41.85,-87.6501,423587,3,"University Of Chicago, Illinois, United States",US,USIL,41.7898,-87.5998,420158,3,"University Of Chicago, Illinois, United States",US,USIL,41.7898,-87.5998,420158,20220204,https://forward.com/news/482020/douglas-goldhamer-pioneering-rabbi-for-the-deaf-community-dies/
1026685694,20220204,202202,2022,2022.0932,JEW,RABBI,,,,JEW,,,,,USA,AMERICAN,USA,,,,,,,,1,010,010,01,1,0.0,1,1,1,-0.79787234042553,3,"Chicago, Illinois, United States",US,USIL,41.85,-87.6501,423587,3,"Chicago, Illinois, United States",US,USIL,41.85,-87.6501,423587,3,"Chicago, Illinois, United States",US,USIL,41.85,-87.6501,423587,20220204,https://forward.com/news/482020/douglas-goldhamer-pioneering-rabbi-for-the-deaf-community-dies/
1026686711,20210204,202102,2021,2021.0932,USA,UNITED STATES,USA,,,,,,,,GOV,PRESIDENT,,,,,,GOV,,,0,055,055,05,1,7.0,4,1,4,-4.76190476190476,3,"Boston, Massachusetts, United States",US,USMA,42.3584,-71.0598,617565,3,"Boston, Massachusetts, United States",US,USMA,42.3584,-71.0598,617565,3,"Boston, Massachusetts, United States",US,USMA,42.3584,-71.0598,617565,20220204,https://www.pressdemocrat.com/article/news/did-abc-miss-a-learning-opportunity-by-suspending-whoopi-goldberg/
1026686902,20220204,202202,2022,2022.0932,BGD,BANGLADESH,BGD,,,,,,,,REF,REFUGEE,,,,,,REF,,,0,080,080,08,2,5.0,10,1,10,-1.60142348754448,4,"Bangkok, Krung Thep Mahanakhon, Thailand",TH,TH40,13.75,100.517,-3250083,4,"Bangkok, Krung Thep Mahanakhon, Thailand",TH,TH40,13.75,100.517,-3250083,4,"Bangkok, Krung Thep Mahanakhon, Thailand",TH,TH40,13.75,100.517,-3250083,20220204,https://www.benarnews.org/english/news/thai/cobra-gold-02042022134420.html
1026687373,20220204,202202,2022,2022.0932,IND,KERALA,IND,,,,,,,,,,,,,,,,,,0,112,112,11,3,-2.0,5,1,5,-1.26760563380282,4,"Dubai, Dubayy, United Arab Emirates",AE,AE03,25.2522,55.28,-782831,0,,,,,,,4,"Dubai, Dubayy, United Arab Emirates",AE,AE03,25.2522,55.28,-782831,20220204,https://www.indiatoday.in/india/story/kerala-gold-smuggling-case-swapna-suresh-bureaucrat-ias-officer-m-sivasankar-1909007-2022-02-05
1026687374,20220204,202202,2022,2022.0932,IND,KERALA,IND,,,,,,,,ARE,UNITED ARAB EMIRATES,ARE,,,,,,,,1,112,112,11,3,-2.0,4,1,4,-1.26760563380282,4,"Dubai, Dubayy, United Arab Emirates",AE,AE03,25.2522,55.28,-782831,4,"Dubai, Dubayy, United Arab Emirates",AE,AE03,25.2522,55.28,-782831,4,"Dubai, Dubayy, United Arab Emirates",AE,AE03,25.2522,55.28,-782831,20220204,https://www.indiatoday.in/india/story/kerala-gold-smuggling-case-swapna-suresh-bureaucrat-ias-officer-m-sivasankar-1909007-2022-02-05
1026687379,20220204,202202,2022,2022.0932,IND,KERALA,IND,,,,,,,,GOV,BUREAUCRAT,,,,,,GOV,,,1,111,111,11,3,-2.0,10,1,10,-1.26760563380282,4,"Dubai, Dubayy, United Arab Emirates",AE,AE03,25.2522,55.28,-782831,4,"Dubai, Dubayy, United Arab Emirates",AE,AE03,25.2522,55.28,-782831,4,"Dubai, Dubayy, United Arab Emirates",AE,AE03,25.2522,55.28,-782831,20220204,https://www.indiatoday.in/india/story/kerala-gold-smuggling-case-swapna-suresh-bureaucrat-ias-officer-m-sivasankar-1909007-2022-02-05
1026687380,20220204,202202,2022,2022.0932,IND,KERALA,IND,,,,,,,,GOV,BUREAUCRAT,,,,,,GOV,,,1,112,112,11,3,-2.0,6,1,6,-1.26760563380282,4,"Dubai, Dubayy, United Arab Emirates",AE,AE03,25.2522,55.28,-782831,4,"Dubai, Dubayy, United Arab Emirates",AE,AE03,25.2522,55.28,-782831,4,"Dubai, Dubayy, United Arab Emirates",AE,AE03,25.2522,55.28,-782831,20220204,https://www.indiatoday.in/india/story/kerala-gold-smuggling-case-swapna-suresh-bureaucrat-ias-officer-m-sivasankar-1909007-2022-02-05
1026687718,20220204,202202,2022,2022.0932,SGP,SINGAPORE,SGP,,,,,,,,IDN,INDONESIA,IDN,,,,,,,,0,190,190,19,4,-10.0,4,1,4,-1.60142348754448,1,Singapore,SN,SN,1.366667,103.8,SN,1,Indonesia,ID,ID,-5,120,ID,1,Singapore,SN,SN,1.366667,103.8,SN,20220204,https://www.benarnews.org/english/news/thai/cobra-gold-02042022134420.html
1026687719,20220204,202202,2022,2022.0932,SGP,SINGAPORE,SGP,,,,,,,,IDN,INDONESIA,IDN,,,,,,,,0,190,190,19,4,-10.0,1,1,1,-1.60142348754448,1,Singapore,SN,SN,1.366667,103.8,SN,1,Singapore,SN,SN,1.366667,103.8,SN,1,Singapore,SN,SN,1.366667,103.8,SN,20220204,https://www.benarnews.org/english/news/thai/cobra-gold-02042022134420.html
1026687732,20220204,202202,2022,2022.0932,THA,THAILAND,THA,,,,,,,,SGP,SINGAPORE,SGP,,,,,,,,0,190,190,19,4,-10.0,5,1,5,-1.60142348754448,4,"Bangkok, Krung Thep Mahanakhon, Thailand",TH,TH40,13.75,100.517,-3250083,1,Singapore,SN,SN,1.366667,103.8,SN,1,Singapore,SN,SN,1.366667,103.8,SN,20220204,https://www.benarnews.org/english/news/thai/cobra-gold-02042022134420.html
1026687967,20220204,202202,2022,2022.0932,USA,TEXAS,USA,,,,,,,,MED,MEDIA,,,,,,MED,,,1,112,112,11,3,-2.0,3,1,3,-4.76190476190476,3,"Boston, Massachusetts, United States",US,USMA,42.3584,-71.0598,617565,3,"Boston, Massachusetts, United States",US,USMA,42.3584,-71.0598,617565,3,"Boston, Massachusetts, United States",US,USMA,42.3584,-71.0598,617565,20220204,https://www.pressdemocrat.com/article/news/did-abc-miss-a-learning-opportunity-by-suspending-whoopi-goldberg/
1026688843,20220204,202202,2022,2022.0932,BUS,INDUSTRY,,,,,,BUS,,,,,,,,,,,,,0,010,010,01,1,0.0,4,1,4,-1.9753086419753,2,"Connecticut, United States",US,USCT,41.5834,-72.7622,CT,0,,,,,,,2,"Connecticut, United States",US,USCT,41.5834,-72.7622,CT,20220204,https://www.dailymail.co.uk/news/article-10474545/Whoopis-Goldbergs-offensive-1993-Jewish-American-Princess-recipe-chicken.html
1026689250,20220204,202202,2022,2022.0932,ISR,ISRAEL,ISR,,,,,,,,JEW,JEWISH,,,,JEW,,,,,0,013,013,01,1,0.4,2,1,2,-1.9753086419753,1,Israel,IS,IS,31.5,34.75,IS,1,Israel,IS,IS,31.5,34.75,IS,1,Israel,IS,IS,31.5,34.75,IS,20220204,https://www.dailymail.co.uk/news/article-10474545/Whoopis-Goldbergs-offensive-1993-Jewish-American-Princess-recipe-chicken.html
1026689254,20220204,202202,2022,2022.0932,ISROPP,ISRAELI,ISR,,,,,OPP,,,JEW,JEWISH,,,,JEW,,,,,0,010,010,01,1,0.0,3,1,3,-1.9753086419753,1,Israel,IS,IS,31.5,34.75,IS,1,Israel,IS,IS,31.5,34.75,IS,1,Israel,IS,IS,31.5,34.75,IS,20220204,https://www.dailymail.co.uk/news/article-10474545/Whoopis-Goldbergs-offensive-1993-Jewish-American-Princess-recipe-chicken.html
1026689255,20220204,202202,2022,2022.0932,ISROPP,ISRAEL,ISR,,,,,OPP,,,JEW,JEWISH,,,,JEW,,,,,0,013,013,01,1,0.4,2,1,2,-1.9753086419753,1,Israel,IS,IS,31.5,34.75,IS,1,Israel,IS,IS,31.5,34.75,IS,1,Israel,IS,IS,31.5,34.75,IS,20220204,https://www.dailymail.co.uk/news/article-10474545/Whoopis-Goldbergs-offensive-1993-Jewish-American-Princess-recipe-chicken.html
1026689256,20220204,202202,2022,2022.0932,ISROPP,ISRAELI,ISR,,,,,OPP,,,JEW,JEWISH,,,,JEW,,,,,0,111,111,11,3,-2.0,5,1,5,-1.9753086419753,1,Israel,IS,IS,31.5,34.75,IS,1,Israel,IS,IS,31.5,34.75,IS,1,Israel,IS,IS,31.5,34.75,IS,20220204,https://www.dailymail.co.uk/news/article-10474545/Whoopis-Goldbergs-offensive-1993-Jewish-American-Princess-recipe-chicken.html
1026689263,20220204,202202,2022,2022.0932,JEW,JEWISH,,,,JEW,,,,,,,,,,,,,,,0,111,111,11,3,-2.0,4,1,4,-1.9753086419753,2,"Connecticut, United States",US,USCT,41.5834,-72.7622,CT,0,,,,,,,2,"Connecticut, United States",US,USCT,41.5834,-72.7622,CT,20220204,https://www.dailymail.co.uk/news/article-10474545/Whoopis-Goldbergs-offensive-1993-Jewish-American-Princess-recipe-chicken.html
1026689264,20220204,202202,2022,2022.0932,JEW,JEWISH,,,,JEW,,,,,,,,,,,,,,,0,111,111,11,3,-2.0,3,1,3,-1.9753086419753,1,Israel,IS,IS,31.5,34.75,IS,0,,,,,,,1,Israel,IS,IS,31.5,34.75,IS,20220204,https://www.dailymail.co.uk/news/article-10474545/Whoopis-Goldbergs-offensive-1993-Jewish-American-Princess-recipe-chicken.html
1026689265,20220204,202202,2022,2022.0932,JEW,JEWISH,,,,JEW,,,,,BUD,BUDDHIST,,,,BUD,,,,,1,010,010,01,1,0.0,5,1,5,-1.9753086419753,1,Israel,IS,IS,31.5,34.75,IS,1,Israel,IS,IS,31.5,34.75,IS,1,Israel,IS,IS,31.5,34.75,IS,20220204,https://www.dailymail.co.uk/news/article-10474545/Whoopis-Goldbergs-offensive-1993-Jewish-American-Princess-recipe-chicken.html
1026689352,20220204,202202,2022,2022.0932,MED,WRITER,,,,,,MED,,,JEW,JEWISH,,,,JEW,,,,,0,013,013,01,1,0.4,4,1,4,-1.9753086419753,1,Israel,IS,IS,31.5,34.75,IS,2,"Connecticut, United States",US,USCT,41.5834,-72.7622,CT,1,Israel,IS,IS,31.5,34.75,IS,20220204,https://www.dailymail.co.uk/news/article-10474545/Whoopis-Goldbergs-offensive-1993-Jewish-American-Princess-recipe-chicken.html
1026689353,20220204,202202,2022,2022.0932,MED,WRITER,,,,,,MED,,,JEW,JEWISH,,,,JEW,,,,,0,013,013,01,1,0.4,3,1,3,-1.9753086419753,1,Israel,IS,IS,31.5,34.75,IS,1,Israel,IS,IS,31.5,34.75,IS,1,Israel,IS,IS,31.5,34.75,IS,20220204,https://www.dailymail.co.uk/news/article-10474545/Whoopis-Goldbergs-offensive-1993-Jewish-American-Princess-recipe-chicken.html
1026689449,20220204,202202,2022,2022.0932,OPP,ACTIVIST,,,,,,OPP,,,JEW,JEWISH,,,,JEW,,,,,0,013,013,01,1,0.4,6,1,6,-1.9753086419753,1,Israel,IS,IS,31.5,34.75,IS,1,Israel,IS,IS,31.5,34.75,IS,1,Israel,IS,IS,31.5,34.75,IS,20220204,https://www.dailymail.co.uk/news/article-10474545/Whoopis-Goldbergs-offensive-1993-Jewish-American-Princess-recipe-chicken.html
1026689450,20220204,202202,2022,2022.0932,OPP,ACTIVIST,,,,,,OPP,,,JEW,JEWISH,,,,JEW,,,,,0,111,111,11,3,-2.0,8,1,8,-1.9753086419753,1,Israel,IS,IS,31.5,34.75,IS,1,Israel,IS,IS,31.5,34.75,IS,1,Israel,IS,IS,31.5,34.75,IS,20220204,https://www.dailymail.co.uk/news/article-10474545/Whoopis-Goldbergs-offensive-1993-Jewish-American-Princess-recipe-chicken.html
1026689484,20220204,202202,2022,2022.0932,REL,RELIGION,,,,,,,,,,,,,,,,,,,0,011,011,01,1,-0.1,6,1,6,-1.9753086419753,1,Israel,IS,IS,31.5,34.75,IS,0,,,,,,,1,Israel,IS,IS,31.5,34.75,IS,20220204,https://www.dailymail.co.uk/news/article-10474545/Whoopis-Goldbergs-offensive-1993-Jewish-American-Princess-recipe-chicken.html
1026689645,20220204,202202,2022,2022.0932,USA,PITTSBURGH,USA,,,,,,,,,,,,,,,,,,0,193,193,19,4,-10.0,10,1,10,-1.9753086419753,1,Israel,IS,IS,31.5,34.75,IS,0,,,,,,,1,Israel,IS,IS,31.5,34.75,IS,20220204,https://www.dailymail.co.uk/news/article-10474545/Whoopis-Goldbergs-offensive-1993-Jewish-American-Princess-recipe-chicken.html
1026689747,20220204,202202,2022,2022.0932,USA,UNITED STATES,USA,,,,,,,,REL,RELIGION,,,,,,,,,0,011,011,01,1,-0.1,2,1,2,-1.9753086419753,2,"Connecticut, United States",US,USCT,41.5834,-72.7622,CT,2,"Connecticut, United States",US,USCT,41.5834,-72.7622,CT,2,"Connecticut, United States",US,USCT,41.5834,-72.7622,CT,20220204,https://www.dailymail.co.uk/news/article-10474545/Whoopis-Goldbergs-offensive-1993-Jewish-American-Princess-recipe-chicken.html
1026689748,20220204,202202,2022,2022.0932,USA,UNITED STATES,USA,,,,,,,,REL,RELIGION,,,,,,,,,0,011,011,01,1,-0.1,2,1,2,-1.9753086419753,1,Israel,IS,IS,31.5,34.75,IS,1,Israel,IS,IS,31.5,34.75,IS,1,Israel,IS,IS,31.5,34.75,IS,20220204,https://www.dailymail.co.uk/news/article-10474545/Whoopis-Goldbergs-offensive-1993-Jewish-American-Princess-recipe-chicken.html
1026690873,20220204,202202,2022,2022.0932,CVL,COMMUNITY,,,,,,CVL,,,USA,AMERICAN,USA,,,,,,,,0,071,071,07,2,7.4,7,1,7,1.92076830732293,2,"California, United States",US,USCA,36.17,-119.746,CA,2,"California, United States",US,USCA,36.17,-119.746,CA,2,"California, United States",US,USCA,36.17,-119.746,CA,20220204,https://goldrushcam.com/sierrasuntimes/index.php/news/local-news/36447-california-governor-gavin-newsom-announces-over-923-million-in-new-awards-to-create-2-300-housing-units
1026691348,20220204,202202,2022,2022.0932,MED,WRITER,,,,,,MED,,,USA,UNITED STATES,USA,,,,,,,,1,020,020,02,1,3.0,2,1,2,-5.76323987538941,1,Germany,GM,GM,51.5,10.5,GM,3,"Washington, District of Columbia, United States",US,USDC,38.8951,-77.0364,531871,3,"Washington, District of Columbia, United States",US,USDC,38.8951,-77.0364,531871,20220204,https://thefederalist.com/2022/02/04/whoopi-goldbergs-holocaust-ignorance-controversy-is-kind-of-like-white-supremacy-says-washington-post-writer/
1026691566,20220204,202202,2022,2022.0932,USA,UNITED STATES,USA,,,,,,,,,,,,,,,,,,1,051,051,05,1,3.4,1,1,1,9.30232558139535,2,"Massachusetts, United States",US,USMA,42.2373,-71.5314,MA,0,,,,,,,2,"Arkansas, United States",US,USAR,34.9513,-92.3809,AR,20220204,https://menafn.com/1103642796/Duro-Last-Inc-Honors-Coryell-Roofing-with-Golden-Eagle-Award&source=29
1026691803,20220204,202202,2022,2022.0932,USAMED,UNITED STATES,USA,,,,,MED,,,USA,UNITED STATES,USA,,,,,,,,1,020,020,02,1,3.0,2,1,2,-5.76323987538941,1,Germany,GM,GM,51.5,10.5,GM,1,Germany,GM,GM,51.5,10.5,GM,1,Germany,GM,GM,51.5,10.5,GM,20220204,https://thefederalist.com/2022/02/04/whoopi-goldbergs-holocaust-ignorance-controversy-is-kind-of-like-white-supremacy-says-washington-post-writer/
1026694244,20220204,202202,2022,2022.0932,BUS,BUSINESS,,,,,,BUS,,,,,,,,,,,,,1,015,015,01,1,0.0,4,1,4,-6.23608017817372,2,"California, United States",US,USCA,36.17,-119.746,CA,0,,,,,,,2,"California, United States",US,USCA,36.17,-119.746,CA,20220204,https://www.marketwatch.com/story/these-cases-are-gold-couple-bilked-insurance-companies-by-billing-65m-in-breast-enlargements-and-nose-jobs-as-medically-necessary-11644009017
1026694245,20220204,202202,2022,2022.0932,BUS,BUSINESS,,,,,,BUS,,,,,,,,,,,,,1,015,015,01,1,0.0,6,1,6,-6.23608017817372,1,Israel,IS,IS,31.5,34.75,IS,0,,,,,,,1,Israel,IS,IS,31.5,34.75,IS,20220204,https://www.marketwatch.com/story/these-cases-are-gold-couple-bilked-insurance-companies-by-billing-65m-in-breast-enlargements-and-nose-jobs-as-medically-necessary-11644009017
1026694652,20220204,202202,2022,2022.0932,ISR,ISRAELI,ISR,,,,,,,,ISRGOV,ISRAEL,ISR,,,,,GOV,,,0,174,174,17,4,-5.0,1,1,1,-6.23608017817372,1,Israel,IS,IS,31.5,34.75,IS,1,Israel,IS,IS,31.5,34.75,IS,2,"California, United States",US,USCA,36.17,-119.746,CA,20220204,https://www.marketwatch.com/story/these-cases-are-gold-couple-bilked-insurance-companies-by-billing-65m-in-breast-enlargements-and-nose-jobs-as-medically-necessary-11644009017
1026694653,20220204,202202,2022,2022.0932,ISR,ISRAELI,ISR,,,,,,,,ISRGOV,ISRAEL,ISR,,,,,GOV,,,0,174,174,17,4,-5.0,1,1,1,-6.23608017817372,1,Israel,IS,IS,31.5,34.75,IS,1,Israel,IS,IS,31.5,34.75,IS,1,Guatemala,GT,GT,15.5,-90.25,GT,20220204,https://www.marketwatch.com/story/these-cases-are-gold-couple-bilked-insurance-companies-by-billing-65m-in-breast-enlargements-and-nose-jobs-as-medically-necessary-11644009017
1026694657,20220204,202202,2022,2022.0932,ISRGOV,ISRAELI,ISR,,,,,GOV,,,,,,,,,,,,,0,174,174,17,4,-5.0,3,1,3,-6.23608017817372,1,Israel,IS,IS,31.5,34.75,IS,0,,,,,,,1,Israel,IS,IS,31.5,34.75,IS,20220204,https://www.marketwatch.com/story/these-cases-are-gold-couple-bilked-insurance-companies-by-billing-65m-in-breast-enlargements-and-nose-jobs-as-medically-necessary-11644009017
1026694782,20220204,202202,2022,2022.0932,MEX,MEXICO,MEX,,,,,,,,,,,,,,,,,,1,173,173,17,4,-5.0,1,1,1,-6.23608017817372,2,"California, United States",US,USCA,36.17,-119.746,CA,0,,,,,,,2,"California, United States",US,USCA,36.17,-119.746,CA,20220204,https://www.marketwatch.com/story/these-cases-are-gold-couple-bilked-insurance-companies-by-billing-65m-in-breast-enlargements-and-nose-jobs-as-medically-necessary-11644009017
1026698097,20220204,202202,2022,2022.0932,USA,UNITED STATES,USA,,,,,,,,,,,,,,,,,,1,020,020,02,1,3.0,1,1,1,2.73556231003039,3,"Green River, Wyoming, United States",US,USWY,41.5286,-109.466,1589126,0,,,,,,,2,"Wyoming, United States",US,USWY,42.7475,-107.209,WY,20220204,https://www.sweetwaternow.com/jackie-grubb-leaves-golden-hour-senior-center-for-new-career/
1026698276,20220204,202202,2022,2022.0932,USA,UNITED STATES,USA,,,,,,,,USACVL,UNITED STATES,USA,,,,,CVL,,,1,020,020,02,1,3.0,2,1,2,2.73556231003039,3,"Green River, Wyoming, United States",US,USWY,41.5286,-109.466,1589126,3,"Green River, Wyoming, United States",US,USWY,41.5286,-109.466,1589126,3,"Green River, Wyoming, United States",US,USWY,41.5286,-109.466,1589126,20220204,https://www.sweetwaternow.com/jackie-grubb-leaves-golden-hour-senior-center-for-new-career/
1026698955,20220204,202202,2022,2022.0932,,,,,,,,,,,USA,UNITED STATES,USA,,,,,,,,1,043,043,04,1,2.8,1,1,1,-6.65188470066519,0,,,,,,,2,"Delaware, United States",US,USDE,39.3498,-75.5148,DE,1,Ghana,GH,GH,8,-2,GH,20220204,https://chicago.suntimes.com/crime/2022/2/4/22918139/perillo-bentley-gold-coast-dealership-theft
1026699734,20220204,202202,2022,2022.0932,USA,UNITED STATES,USA,,,,,,,,,,,,,,,,,,1,042,042,04,1,1.9,1,1,1,-6.65188470066519,1,Ghana,GH,GH,8,-2,GH,0,,,,,,,1,Ghana,GH,GH,8,-2,GH,20220204,https://chicago.suntimes.com/crime/2022/2/4/22918139/perillo-bentley-gold-coast-dealership-theft
1026700871,20220204,202202,2022,2022.0932,JEW,JEWISH,,,,JEW,,,,,,,,,,,,,,,1,120,120,12,3,-4.0,5,1,5,-0.73367571533382,1,Israel,IS,IS,31.5,34.75,IS,0,,,,,,,1,Israel,IS,IS,31.5,34.75,IS,20220204,https://blogs.timesofisrael.com/whoopi-goldberg-on-are-jews-a-race-a-religion-a-nation-or-an-ethnic-minority/
1026700874,20220204,202202,2022,2022.0932,JEW,RABBI,,,,JEW,,,,,JEWCVL,JEWISH,,,,JEW,,CVL,,,0,036,036,03,1,4.0,4,1,4,-0.73367571533382,1,China,CH,CH,35,105,CH,1,China,CH,CH,35,105,CH,1,Israel,IS,IS,31.5,34.75,IS,20220204,https://blogs.timesofisrael.com/whoopi-goldberg-on-are-jews-a-race-a-religion-a-nation-or-an-ethnic-minority/
1026700875,20220204,202202,2022,2022.0932,JEW,RABBI,,,,JEW,,,,,JEWCVL,JEWISH,,,,JEW,,CVL,,,0,036,036,03,1,4.0,1,1,1,-0.73367571533382,1,Israel,IS,IS,31.5,34.75,IS,1,Israel,IS,IS,31.5,34.75,IS,1,Israel,IS,IS,31.5,34.75,IS,20220204,https://blogs.timesofisrael.com/whoopi-goldberg-on-are-jews-a-race-a-religion-a-nation-or-an-ethnic-minority/
1026701371,20220204,202202,2022,2022.0932,USAEDU,TENNESSEE,USA,,,,,EDU,,,,,,,,,,,,,1,172,172,17,4,-5.0,3,1,3,-0.73367571533382,1,Israel,IS,IS,31.5,34.75,IS,0,,,,,,,1,Israel,IS,IS,31.5,34.75,IS,20220204,https://blogs.timesofisrael.com/whoopi-goldberg-on-are-jews-a-race-a-religion-a-nation-or-an-ethnic-minority/
1026702056,20220204,202202,2022,2022.0932,BUS,COMPANY,,,,,,BUS,,,CAN,ONTARIO,CAN,,,,,,,,1,046,046,04,1,7.0,10,1,10,6.84931506849315,1,Canada,CA,CA,60,-96,CA,1,Canada,CA,CA,60,-96,CA,1,Canada,CA,CA,60,-96,CA,20220204,https://www.proactiveinvestors.com/companies/news/973238/nextleaf-solutions-popular-glacial-gold-brand-will-soon-be-available-in-lucrative-ontario-market-973238.html
1026702082,20220204,202202,2022,2022.0932,CAN,ONTARIO,CAN,,,,,,,,BUS,COMPANY,,,,,,BUS,,,1,046,046,04,1,7.0,10,1,10,6.84931506849315,1,Canada,CA,CA,60,-96,CA,1,Canada,CA,CA,60,-96,CA,1,Canada,CA,CA,60,-96,CA,20220204,https://www.proactiveinvestors.com/companies/news/973238/nextleaf-solutions-popular-glacial-gold-brand-will-soon-be-available-in-lucrative-ontario-market-973238.html
1026702083,20220204,202202,2022,2022.0932,CAN,ONTARIO,CAN,,,,,,,,BUS,COMPANY,,,,,,BUS,,,1,111,111,11,3,-2.0,10,1,10,6.84931506849315,1,Canada,CA,CA,60,-96,CA,1,Canada,CA,CA,60,-96,CA,1,Canada,CA,CA,60,-96,CA,20220204,https://www.proactiveinvestors.com/companies/news/973238/nextleaf-solutions-popular-glacial-gold-brand-will-soon-be-available-in-lucrative-ontario-market-973238.html
1026702227,20220204,202202,2022,2022.0932,EDU,UNIVERSITY,,,,,,EDU,,,USA,UNITED STATES,USA,,,,,,,,1,042,042,04,1,1.9,2,1,2,6.6147859922179,3,"Plainview, Texas, United States",US,USTX,34.1848,-101.707,1365375,3,"Plainview, Texas, United States",US,USTX,34.1848,-101.707,1365375,3,"Plainview, Texas, United States",US,USTX,34.1848,-101.707,1365375,20220204,https://www.myplainview.com/news/local/article/Olympic-Gold-Medalist-to-stop-in-Plainview-on-16832595.php
1026702228,20220204,202202,2022,2022.0932,EDU,UNIVERSITY,,,,,,EDU,,,USA,UNITED STATES,USA,,,,,,,,1,042,042,04,1,1.9,2,1,2,6.6147859922179,3,"Houston, Texas, United States",US,USTX,29.7633,-95.3633,1380948,3,"Plainview, Texas, United States",US,USTX,34.1848,-101.707,1365375,3,"Houston, Texas, United States",US,USTX,29.7633,-95.3633,1380948,20220204,https://www.myplainview.com/news/local/article/Olympic-Gold-Medalist-to-stop-in-Plainview-on-16832595.php
1026702229,20220204,202202,2022,2022.0932,EDU,UNIVERSITY,,,,,,EDU,,,USA,HOUSTON,USA,,,,,,,,1,042,042,04,1,1.9,3,1,3,6.6147859922179,3,"Houston, Texas, United States",US,USTX,29.7633,-95.3633,1380948,3,"Houston, Texas, United States",US,USTX,29.7633,-95.3633,1380948,3,"Houston, Texas, United States",US,USTX,29.7633,-95.3633,1380948,20220204,https://www.myplainview.com/news/local/article/Olympic-Gold-Medalist-to-stop-in-Plainview-on-16832595.php
1026702536,20220204,202202,2022,2022.0932,MIL,BATTALION,,,,,,MIL,,,GOV,GOVERNMENT OFFICIAL,,,,,,GOV,,,1,040,040,04,1,1.0,5,1,5,0.63291139240506,1,United States,US,US,39.828175,-98.5795,US,1,United States,US,US,39.828175,-98.5795,US,1,United States,US,US,39.828175,-98.5795,US,20220204,https://www.13newsnow.com/article/news/local/black-history/historic-wwii-all-black-women-army-unit-one-step-closer-us-congressional-gold-medal/291-65d7256b-4e80-4432-b908-9abd14c4f4ba
1026702820,20220204,202202,2022,2022.0932,USA,UNITED STATES,USA,,,,,,,,EDU,UNIVERSITY,,,,,,EDU,,,1,043,043,04,1,2.8,2,1,2,6.6147859922179,3,"Plainview, Texas, United States",US,USTX,34.1848,-101.707,1365375,3,"Plainview, Texas, United States",US,USTX,34.1848,-101.707,1365375,3,"Plainview, Texas, United States",US,USTX,34.1848,-101.707,1365375,20220204,https://www.myplainview.com/news/local/article/Olympic-Gold-Medalist-to-stop-in-Plainview-on-16832595.php
1026702821,20220204,202202,2022,2022.0932,USA,UNITED STATES,USA,,,,,,,,EDU,UNIVERSITY,,,,,,EDU,,,1,043,043,04,1,2.8,2,1,2,6.6147859922179,3,"Plainview, Texas, United States",US,USTX,34.1848,-101.707,1365375,3,"Houston, Texas, United States",US,USTX,29.7633,-95.3633,1380948,3,"Houston, Texas, United States",US,USTX,29.7633,-95.3633,1380948,20220204,https://www.myplainview.com/news/local/article/Olympic-Gold-Medalist-to-stop-in-Plainview-on-16832595.php
1026703710,20220204,202202,2022,2022.0932,EDU,UNIVERSITY,,,,,,EDU,,,PHL,PHILIPPINE,PHL,,,,,,,,1,100,100,10,3,-5.0,6,1,6,-0.1466275659824,4,"Philippine, Benguet, Philippines",RP,RP10,16.45,120.55,-2445611,4,"Philippine, Benguet, Philippines",RP,RP10,16.45,120.55,-2445611,4,"Philippine, Benguet, Philippines",RP,RP10,16.45,120.55,-2445611,20220204,https://opinion.inquirer.net/149435/no-golden-age-under-marcos
1026704073,20220204,202202,2022,2022.0932,PHLEDU,PHILIPPINE,PHL,,,,,EDU,,,PHL,PHILIPPINE,PHL,,,,,,,,1,100,100,10,3,-5.0,4,1,4,-0.1466275659824,4,"Philippine, Benguet, Philippines",RP,RP10,16.45,120.55,-2445611,4,"Philippine, Benguet, Philippines",RP,RP10,16.45,120.55,-2445611,4,"Philippine, Benguet, Philippines",RP,RP10,16.45,120.55,-2445611,20220204,https://opinion.inquirer.net/149435/no-golden-age-under-marcos
1026706423,20220204,202202,2022,2022.0932,,,,,,,,,,,USA,OKLAHOMA CITY,USA,,,,,,,,1,042,042,04,1,1.9,10,1,10,0,0,,,,,,,1,Saudi Arabia,SA,SA,25,45,SA,1,Saudi Arabia,SA,SA,25,45,SA,20220204,https://www.ringsidenews.com/2022/02/04/goldberg-set-to-make-wwe-return-tonight-on-smackdown/
1026706478,20220204,202202,2022,2022.0932,CAN,CANADIAN,CAN,,,,,,,,,,,,,,,,,,0,084,084,08,2,7.0,4,1,4,3.7147102526003,4,"Buchans, Newfoundland, Canada",CA,CA05,48.8167,-56.8667,-561781,0,,,,,,,4,"Buchans, Newfoundland, Canada",CA,CA05,48.8167,-56.8667,-561781,20220204,https://www.globenewswire.com/news-release/2022/02/04/2379526/0/en/EnviroGold-Global-Announces-Permitting-Approval-for-Buchans-Project.html
1026706482,20220204,202202,2022,2022.0932,CAN,CANADIAN,CAN,,,,,,,,CANBUS,CANADA,CAN,,,,,BUS,,,0,015,015,01,1,0.0,4,1,4,3.7147102526003,4,"Buchans, Newfoundland, Canada",CA,CA05,48.8167,-56.8667,-561781,4,"Buchans, Newfoundland, Canada",CA,CA05,48.8167,-56.8667,-561781,4,"Buchans, Newfoundland, Canada",CA,CA05,48.8167,-56.8667,-561781,20220204,https://www.globenewswire.com/news-release/2022/02/04/2379526/0/en/EnviroGold-Global-Announces-Permitting-Approval-for-Buchans-Project.html
1026706494,20220204,202202,2022,2022.0932,CANBUS,CANADIAN,CAN,,,,,BUS,,,,,,,,,,,,,0,015,015,01,1,0.0,6,1,6,3.7147102526003,4,"Buchans, Newfoundland, Canada",CA,CA05,48.8167,-56.8667,-561781,0,,,,,,,4,"Buchans, Newfoundland, Canada",CA,CA05,48.8167,-56.8667,-561781,20220204,https://www.globenewswire.com/news-release/2022/02/04/2379526/0/en/EnviroGold-Global-Announces-Permitting-Approval-for-Buchans-Project.html
1026706495,20220204,202202,2022,2022.0932,CANBUS,CANADIAN,CAN,,,,,BUS,,,,,,,,,,,,,0,084,084,08,2,7.0,6,1,6,3.7147102526003,4,"Buchans, Newfoundland, Canada",CA,CA05,48.8167,-56.8667,-561781,0,,,,,,,4,"Buchans, Newfoundland, Canada",CA,CA05,48.8167,-56.8667,-561781,20220204,https://www.globenewswire.com/news-release/2022/02/04/2379526/0/en/EnviroGold-Global-Announces-Permitting-Approval-for-Buchans-Project.html
1026706848,20220204,202202,2022,2022.0932,MED,MEDIA,,,,,,MED,,,USA,THE US,USA,,,,,,,,1,042,042,04,1,1.9,5,1,5,0.9009009009009,0,,,,,,,0,,,,,,,0,,,,,,,20220204,https://www.firstshowing.net/2022/zac-efron-anthony-hayes-in-new-us-trailer-for-gritty-thriller-gold/
1026707002,20220204,202202,2022,2022.0932,USA,OKLAHOMA CITY,USA,,,,,,,,,,,,,,,,,,1,043,043,04,1,2.8,10,1,10,0,1,Saudi Arabia,SA,SA,25,45,SA,0,,,,,,,1,Saudi Arabia,SA,SA,25,45,SA,20220204,https://www.ringsidenews.com/2022/02/04/goldberg-set-to-make-wwe-return-tonight-on-smackdown/
1026707124,20220204,202202,2022,2022.0932,USA,THE US,USA,,,,,,,,MED,MEDIA,,,,,,MED,,,1,043,043,04,1,2.8,5,1,5,0.9009009009009,0,,,,,,,0,,,,,,,0,,,,,,,20220204,https://www.firstshowing.net/2022/zac-efron-anthony-hayes-in-new-us-trailer-for-gritty-thriller-gold/
1026707658,20220204,202202,2022,2022.0932,,,,,,,,,,,NGOUSAJEW,ANTI DEFAMATION LEAGUE,USA,,,JEW,,NGO,,,0,040,040,04,1,1.0,6,1,6,-5.62874251497006,0,,,,,,,2,"Tennessee, United States",US,USTN,35.7449,-86.7489,TN,1,Germany,GM,GM,51.5,10.5,GM,20220204,https://www.firstcoastnews.com/article/news/nation-world/whoopi-goldberg-abc-news-holocaust-comments/507-e65c0e1f-7654-4432-97f8-a041c8d099dc
1026708194,20220204,202202,2022,2022.0932,MEDMED,TELEVISION,,,,,,MED,MED,,USA,UNITED STATES,USA,,,,,,,,0,070,070,07,2,7.0,1,1,1,-5.62874251497006,3,"Washington, District of Columbia, United States",US,USDC,38.8951,-77.0364,531871,3,"Washington, District of Columbia, United States",US,USDC,38.8951,-77.0364,531871,3,"Washington, District of Columbia, United States",US,USDC,38.8951,-77.0364,531871,20220204,https://www.firstcoastnews.com/article/news/nation-world/whoopi-goldberg-abc-news-holocaust-comments/507-e65c0e1f-7654-4432-97f8-a041c8d099dc
1026708252,20220204,202202,2022,2022.0932,NGOUSAJEW,ANTI DEFAMATION LEAGUE,USA,,,JEW,,NGO,,,,,,,,,,,,,0,040,040,04,1,1.0,6,1,6,-5.62874251497006,3,"Washington, District of Columbia, United States",US,USDC,38.8951,-77.0364,531871,0,,,,,,,3,"Washington, District of Columbia, United States",US,USDC,38.8951,-77.0364,531871,20220204,https://www.firstcoastnews.com/article/news/nation-world/whoopi-goldberg-abc-news-holocaust-comments/507-e65c0e1f-7654-4432-97f8-a041c8d099dc
1026708503,20220204,202202,2022,2022.0932,USA,UNITED STATES,USA,,,,,,,,USAEDU,UNITED STATES,USA,,,,,EDU,,,0,012,012,01,1,-0.4,1,1,1,-5.62874251497006,2,"Tennessee, United States",US,USTN,35.7449,-86.7489,TN,1,Israel,IS,IS,31.5,34.75,IS,1,Israel,IS,IS,31.5,34.75,IS,20220204,https://www.firstcoastnews.com/article/news/nation-world/whoopi-goldberg-abc-news-holocaust-comments/507-e65c0e1f-7654-4432-97f8-a041c8d099dc
1026708504,20220204,202202,2022,2022.0932,USA,UNITED STATES,USA,,,,,,,,USAEDU,UNITED STATES,USA,,,,,EDU,,,0,012,012,01,1,-0.4,1,1,1,-5.62874251497006,2,"Tennessee, United States",US,USTN,35.7449,-86.7489,TN,2,"Tennessee, United States",US,USTN,35.7449,-86.7489,TN,2,"Tennessee, United States",US,USTN,35.7449,-86.7489,TN,20220204,https://www.firstcoastnews.com/article/news/nation-world/whoopi-goldberg-abc-news-holocaust-comments/507-e65c0e1f-7654-4432-97f8-a041c8d099dc
