GLOBALEVENTID,SQLDATE,MonthYear,Year,FractionDate,Actor1Code,Actor1Name,Actor1CountryCode,Actor1KnownGroupCode,Actor1EthnicCode,Actor1Religion1Code,Actor1Religion2Code,Actor1Type1Code,Actor1Type2Code,Actor1Type3Code,Actor2Code,Actor2Name,Actor2CountryCode,Actor2KnownGroupCode,Actor2EthnicCode,Actor2Religion1Code,Actor2Religion2Code,Actor2Type1Code,Actor2Type2Code,Actor2Type3Code,IsRootEvent,EventCode,EventBaseCode,EventRootCode,QuadClass,GoldsteinScale,NumMentions,NumSources,NumArticles,AvgTone,Actor1Geo_Type,Actor1Geo_FullName,Actor1Geo_CountryCode,Actor1Geo_ADM1Code,Actor1Geo_Lat,Actor1Geo_Long,Actor1Geo_FeatureID,Actor2Geo_Type,Actor2Geo_FullName,Actor2Geo_CountryCode,Actor2Geo_ADM1Code,Actor2Geo_Lat,Actor2Geo_Long,Actor2Geo_FeatureID,ActionGeo_Type,ActionGeo_FullName,ActionGeo_CountryCode,ActionGeo_ADM1Code,ActionGeo_Lat,ActionGeo_Long,ActionGeo_FeatureID,DATEADDED,SOURCEURL
1093522966,20230405,202304,2023,2023.2603,,,,,,,,,,,CAN,CANADA,CAN,,,,,,,,0,042,042,04,1,1.9,30,5,30,1.69960475753899,0,,,,,,,4,"Burwash, Ontario, Canada",CA,CA08,46.3,-80.8,-564343,4,"Burwash, Ontario, Canada",CA,CA08,46.3,-80.8,-564343,20230405,https://www.finanznachrichten.de/nachrichten-2023-04/58746360-gold-terra-resource-corp-gold-terra-partnering-with-midas-minerals-limited-solely-on-the-rights-for-lithium-and-rare-earth-minerals-covering-544-7-sq-200.htm
1093522967,20230405,202304,2023,2023.2603,,,,,,,,,,,CAN,CANADA,CAN,,,,,,,,0,042,042,04,1,1.9,18,5,16,1.69960475753899,0,,,,,,,4,"Burwash, Ontario, Canada",CA,CA08,46.3,-80.8,-564343,4,"Yellowknife, Northwest Territories, Canada",CA,CA13,62.45,-114.35,-576282,20230405,https://www.finanznachrichten.de/nachrichten-2023-04/58746360-gold-terra-resource-corp-gold-terra-partnering-with-midas-minerals-limited-solely-on-the-rights-for-lithium-and-rare-earth-minerals-covering-544-7-sq-200.htm
1093522969,20230405,202304,2023,2023.2603,,,,,,,,,,,CAN,CANADA,CAN,,,,,,,,1,042,042,04,1,1.9,32,4,32,1.74411710499643,0,,,,,,,4,"Yellowknife, Northwest Territories, Canada",CA,CA13,62.45,-114.35,-576282,4,"Yellowknife, Northwest Territories, Canada",CA,CA13,62.45,-114.35,-576282,20230405,https://www.finanznachrichten.de/nachrichten-2023-04/58746360-gold-terra-resource-corp-gold-terra-partnering-with-midas-minerals-limited-solely-on-the-rights-for-lithium-and-rare-earth-minerals-covering-544-7-sq-200.htm
1093523673,20230405,202304,2023,2023.2603,BUS,COMPANY,,,,,,BUS,,,,,,,,,,,,,1,071,071,07,2,7.4,30,3,30,-0.831792975970423,1,Russia,RS,RS,60,100,RS,0,,,,,,,1,Russia,RS,RS,60,100,RS,20230405,https://www.wwlp.com/news/state-politics/state-treasurer-goldberg-attempting-to-move-massachusetts-away-from-gun-investments/
1093523729,20230405,202304,2023,2023.2603,BUS,COMPANY,,,,,,BUS,,,USA,ALASKA,USA,,,,,,,,0,042,042,04,1,1.9,20,2,20,4.38814080355898,2,"Alaska, United States",US,USAK,61.385,-152.268,AK,2,"Alaska, United States",US,USAK,61.385,-152.268,AK,2,"Alaska, United States",US,USAK,61.385,-152.268,AK,20230405,https://www.juniorminingnetwork.com/junior-miner-news/press-releases/1124-tsx/ng/139098-novagold-reports-first-quarter-2023-financial-results.html
1093523769,20230405,202304,2023,2023.2603,CAN,CANADA,CAN,,,,,,,,,,,,,,,,,,0,043,043,04,1,2.8,30,5,30,1.69960475753899,4,"Burwash, Ontario, Canada",CA,CA08,46.3,-80.8,-564343,0,,,,,,,4,"Burwash, Ontario, Canada",CA,CA08,46.3,-80.8,-564343,20230405,https://www.finanznachrichten.de/nachrichten-2023-04/58746360-gold-terra-resource-corp-gold-terra-partnering-with-midas-minerals-limited-solely-on-the-rights-for-lithium-and-rare-earth-minerals-covering-544-7-sq-200.htm
1093523770,20230405,202304,2023,2023.2603,CAN,CANADA,CAN,,,,,,,,,,,,,,,,,,0,043,043,04,1,2.8,10,5,10,1.69960475753899,4,"Burwash, Ontario, Canada",CA,CA08,46.3,-80.8,-564343,0,,,,,,,4,"Yellowknife, Northwest Territories, Canada",CA,CA13,62.45,-114.35,-576282,20230405,https://www.finanznachrichten.de/nachrichten-2023-04/58746360-gold-terra-resource-corp-gold-terra-partnering-with-midas-minerals-limited-solely-on-the-rights-for-lithium-and-rare-earth-minerals-covering-544-7-sq-200.htm
1093523772,20230405,202304,2023,2023.2603,CAN,CANADA,CAN,,,,,,,,,,,,,,,,,,1,043,043,04,1,2.8,40,5,40,1.69960475753899,4,"Yellowknife, Northwest Territories, Canada",CA,CA13,62.45,-114.35,-576282,0,,,,,,,4,"Yellowknife, Northwest Territories, Canada",CA,CA13,62.45,-114.35,-576282,20230405,https://www.finanznachrichten.de/nachrichten-2023-04/58746360-gold-terra-resource-corp-gold-terra-partnering-with-midas-minerals-limited-solely-on-the-rights-for-lithium-and-rare-earth-minerals-covering-544-7-sq-200.htm
1093523780,20230405,202304,2023,2023.2603,CAN,CANADA,CAN,,,,,,,,,,,,,,,,,,0,1723,172,17,4,-5.0,4,4,4,1.74411710499643,5,"Northwest Territories, Northwest Territories, Canada",CA,CA13,65,-118,-570392,0,,,,,,,4,"Yellowknife, Northwest Territories, Canada",CA,CA13,62.45,-114.35,-576282,20230405,https://www.finanznachrichten.de/nachrichten-2023-04/58746360-gold-terra-resource-corp-gold-terra-partnering-with-midas-minerals-limited-solely-on-the-rights-for-lithium-and-rare-earth-minerals-covering-544-7-sq-200.htm
1093523781,20230405,202304,2023,2023.2603,CAN,CANADA,CAN,,,,,,,,,,,,,,,,,,0,1723,172,17,4,-5.0,4,4,4,1.74411710499643,4,"Yellowknife, Northwest Territories, Canada",CA,CA13,62.45,-114.35,-576282,0,,,,,,,4,"Yellowknife, Northwest Territories, Canada",CA,CA13,62.45,-114.35,-576282,20230405,https://www.finanznachrichten.de/nachrichten-2023-04/58746360-gold-terra-resource-corp-gold-terra-partnering-with-midas-minerals-limited-solely-on-the-rights-for-lithium-and-rare-earth-minerals-covering-544-7-sq-200.htm
1093524157,20230405,202304,2023,2023.2603,CVL,COMMUNITY,,,,,,CVL,,,,,,,,,,,,,1,010,010,01,1,0.0,38,5,38,1.43040082860722,2,"Alaska, United States",US,USAK,61.385,-152.268,AK,0,,,,,,,2,"Alaska, United States",US,USAK,61.385,-152.268,AK,20230405,https://www.juniorminingnetwork.com/junior-miner-news/press-releases/1124-tsx/ng/139098-novagold-reports-first-quarter-2023-financial-results.html
1093526514,20230405,202304,2023,2023.2603,USA,ALASKA,USA,,,,,,,,,,,,,,,,,,1,020,020,02,1,3.0,43,12,43,1.57849680378208,2,"Alaska, United States",US,USAK,61.385,-152.268,AK,0,,,,,,,2,"Alaska, United States",US,USAK,61.385,-152.268,AK,20230405,https://www.juniorminingnetwork.com/junior-miner-news/press-releases/1124-tsx/ng/139098-novagold-reports-first-quarter-2023-financial-results.html
1093526556,20230405,202304,2023,2023.2603,USA,MASSACHUSETTS,USA,,,,,,,,,,,,,,,,,,1,040,040,04,1,1.0,36,5,28,-0.816525557378126,2,"Massachusetts, United States",US,USMA,42.2373,-71.5314,MA,0,,,,,,,2,"Massachusetts, United States",US,USMA,42.2373,-71.5314,MA,20230405,https://www.wwlp.com/news/state-politics/state-treasurer-goldberg-attempting-to-move-massachusetts-away-from-gun-investments/
1093526560,20230405,202304,2023,2023.2603,USA,MASSACHUSETTS,USA,,,,,,,,,,,,,,,,,,1,040,040,04,1,1.0,6,1,6,0,1,Russia,RS,RS,60,100,RS,0,,,,,,,1,Russia,RS,RS,60,100,RS,20230405,https://www.wwlp.com/news/state-politics/state-treasurer-goldberg-attempting-to-move-massachusetts-away-from-gun-investments/
1093526687,20230405,202304,2023,2023.2603,USA,UNITED STATES,USA,,,,,,,,,,,,,,,,,,1,071,071,07,2,7.4,4,1,4,0,1,Russia,RS,RS,60,100,RS,0,,,,,,,1,Russia,RS,RS,60,100,RS,20230405,https://www.wwlp.com/news/state-politics/state-treasurer-goldberg-attempting-to-move-massachusetts-away-from-gun-investments/
1093526855,20230405,202304,2023,2023.2603,USA,ALASKA,USA,,,,,,,,BUS,COMPANY,,,,,,BUS,,,0,043,043,04,1,2.8,20,2,20,4.38814080355898,2,"Alaska, United States",US,USAK,61.385,-152.268,AK,2,"Alaska, United States",US,USAK,61.385,-152.268,AK,2,"Alaska, United States",US,USAK,61.385,-152.268,AK,20230405,https://www.juniorminingnetwork.com/junior-miner-news/press-releases/1124-tsx/ng/139098-novagold-reports-first-quarter-2023-financial-results.html
1093527038,20230405,202304,2023,2023.2603,USA,ALASKA,USA,,,,,,,,GOV,GOVERNOR,,,,,,GOV,,,0,051,051,05,1,3.4,3,1,3,4.37901094752737,2,"Alaska, United States",US,USAK,61.385,-152.268,AK,2,"Alaska, United States",US,USAK,61.385,-152.268,AK,2,"Alaska, United States",US,USAK,61.385,-152.268,AK,20230405,https://www.juniorminingnetwork.com/junior-miner-news/press-releases/1124-tsx/ng/139098-novagold-reports-first-quarter-2023-financial-results.html
1093527175,20230405,202304,2023,2023.2603,USA,ALASKA,USA,,,,,,,,LEG,SENATOR,,,,,,LEG,,,0,051,051,05,1,3.4,3,1,3,4.37901094752737,2,"Alaska, United States",US,USAK,61.385,-152.268,AK,2,"Alaska, United States",US,USAK,61.385,-152.268,AK,2,"Alaska, United States",US,USAK,61.385,-152.268,AK,20230405,https://www.juniorminingnetwork.com/junior-miner-news/press-releases/1124-tsx/ng/139098-novagold-reports-first-quarter-2023-financial-results.html
1093528792,20230405,202304,2023,2023.2603,,,,,,,,,,,IRL,IRISH,IRL,,,,,,,,1,010,010,01,1,0.0,10,1,10,4.02193784277879,0,,,,,,,3,"Hollywood, California, United States",US,USCA,34.0983,-118.327,1660757,3,"Hollywood, California, United States",US,USCA,34.0983,-118.327,1660757,20230405,https://www.goldderby.com/article/2023/review-round-up-rye-lane-searchlight-pictures-hulu/
1093529572,20230405,202304,2023,2023.2603,EDU,SCHOOL,,,,,,EDU,,,,,,,,,,,,,1,012,012,01,1,-0.4,205,22,190,-2.5845342092047,0,,,,,,,0,,,,,,,0,,,,,,,20230405,https://www.kold.com/2023/04/04/son-golder-ranch-captain-who-passed-away-gets-special-escort-back-school/
1093529622,20230405,202304,2023,2023.2603,EDU,SCHOOL,,,,,,EDU,,,MIL,CAPTAIN,,,,,,MIL,,,1,043,043,04,1,2.8,25,3,25,0.53643665357331,0,,,,,,,0,,,,,,,0,,,,,,,20230405,https://www.kold.com/2023/04/04/son-golder-ranch-captain-who-passed-away-gets-special-escort-back-school/
1093530511,20230405,202304,2023,2023.2603,MIL,CAPTAIN,,,,,,MIL,,,EDU,SCHOOL,,,,,,EDU,,,1,042,042,04,1,1.9,25,3,25,0.53643665357331,0,,,,,,,0,,,,,,,0,,,,,,,20230405,https://www.kold.com/2023/04/04/son-golder-ranch-captain-who-passed-away-gets-special-escort-back-school/
1093530554,20230405,202304,2023,2023.2603,MNCUSA,NETFLIX,USA,,,,,MNC,,,,,,,,,,,,,1,084,084,08,2,7.0,10,1,10,0.92081031307551,1,Spain,SP,SP,40,-4,SP,0,,,,,,,1,Spain,SP,SP,40,-4,SP,20230405,https://www.goldderby.com/article/2023/netflix-top-10-march-27-murder-mystery-2-night-agent/
1093531002,20230405,202304,2023,2023.2603,USA,UNITED STATES,USA,,,,,,,,,,,,,,,,,,1,020,020,02,1,3.0,85,19,75,1.40934722932428,3,"Hollywood, California, United States",US,USCA,34.0983,-118.327,1660757,0,,,,,,,3,"Hollywood, California, United States",US,USCA,34.0983,-118.327,1660757,20230405,https://www.goldderby.com/article/2023/cherry-jones-looks-to-be-a-rare-emmy-triple-category-threat-this-year/
1093533860,20230405,202304,2023,2023.2603,EDU,PROFESSOR,,,,,,EDU,,,,,,,,,,,,,1,060,060,06,2,6.0,205,22,205,2.42012046262725,0,,,,,,,0,,,,,,,0,,,,,,,20230405,https://www.heraldgoa.in/Cafe/Golden-Jubilee-of-creating-great-artists-in-Goa/203369
1093533936,20230405,202304,2023,2023.2603,EDUEDU,COLLEGE,,,,,,EDU,EDU,,EDU,STUDENT,,,,,,EDU,,,1,141,141,14,3,-6.5,30,2,20,1.02040816326531,0,,,,,,,0,,,,,,,0,,,,,,,20230405,https://www.heraldgoa.in/Cafe/Golden-Jubilee-of-creating-great-artists-in-Goa/203369
1093534096,20230405,202304,2023,2023.2603,GOV,GOVERNMENT,,,,,,GOV,,,,,,,,,,,,,1,1712,171,17,4,-9.2,5,1,5,-2.79441117764471,2,"Massachusetts, United States",US,USMA,42.2373,-71.5314,MA,0,,,,,,,2,"Massachusetts, United States",US,USMA,42.2373,-71.5314,MA,20230405,https://www.wgbh.org/news/local-news/2023/04/04/treasurer-goldberg-wants-the-state-pension-fund-divested-from-gun-manufacturers
1093534524,20230405,202304,2023,2023.2603,LEG,CHAMBER,,,,,,LEG,,,BUS,COMPANIES,,,,,,BUS,,,1,020,020,02,1,3.0,4,1,4,-2.79441117764471,3,"Boston, Massachusetts, United States",US,USMA,42.3584,-71.0598,617565,3,"Boston, Massachusetts, United States",US,USMA,42.3584,-71.0598,617565,3,"Boston, Massachusetts, United States",US,USMA,42.3584,-71.0598,617565,20230405,https://www.wgbh.org/news/local-news/2023/04/04/treasurer-goldberg-wants-the-state-pension-fund-divested-from-gun-manufacturers
1093534525,20230405,202304,2023,2023.2603,LEG,CHAMBER,,,,,,LEG,,,BUS,COMPANIES,,,,,,BUS,,,1,020,020,02,1,3.0,1,1,1,-2.79441117764471,2,"Massachusetts, United States",US,USMA,42.2373,-71.5314,MA,3,"Boston, Massachusetts, United States",US,USMA,42.3584,-71.0598,617565,3,"Boston, Massachusetts, United States",US,USMA,42.3584,-71.0598,617565,20230405,https://www.wgbh.org/news/local-news/2023/04/04/treasurer-goldberg-wants-the-state-pension-fund-divested-from-gun-manufacturers
1093534526,20230405,202304,2023,2023.2603,LEG,CHAMBER,,,,,,LEG,,,BUS,COMPANIES,,,,,,BUS,,,1,071,071,07,2,7.4,4,1,4,-2.79441117764471,3,"Boston, Massachusetts, United States",US,USMA,42.3584,-71.0598,617565,3,"Boston, Massachusetts, United States",US,USMA,42.3584,-71.0598,617565,3,"Boston, Massachusetts, United States",US,USMA,42.3584,-71.0598,617565,20230405,https://www.wgbh.org/news/local-news/2023/04/04/treasurer-goldberg-wants-the-state-pension-fund-divested-from-gun-manufacturers
1093534527,20230405,202304,2023,2023.2603,LEG,CHAMBER,,,,,,LEG,,,BUS,COMPANIES,,,,,,BUS,,,1,071,071,07,2,7.4,1,1,1,-2.79441117764471,2,"Massachusetts, United States",US,USMA,42.2373,-71.5314,MA,3,"Boston, Massachusetts, United States",US,USMA,42.3584,-71.0598,617565,3,"Boston, Massachusetts, United States",US,USMA,42.3584,-71.0598,617565,20230405,https://www.wgbh.org/news/local-news/2023/04/04/treasurer-goldberg-wants-the-state-pension-fund-divested-from-gun-manufacturers
1093535308,20230405,202304,2023,2023.2603,USA,MASSACHUSETTS,USA,,,,,,,,BUS,MANUFACTURER,,,,,,BUS,,,1,071,071,07,2,7.4,14,1,10,-2.79441117764471,2,"Massachusetts, United States",US,USMA,42.2373,-71.5314,MA,2,"Massachusetts, United States",US,USMA,42.2373,-71.5314,MA,2,"Massachusetts, United States",US,USMA,42.2373,-71.5314,MA,20230405,https://www.wgbh.org/news/local-news/2023/04/04/treasurer-goldberg-wants-the-state-pension-fund-divested-from-gun-manufacturers
1093535317,20230405,202304,2023,2023.2603,USA,MASSACHUSETTS,USA,,,,,,,,BUS,MANUFACTURER,,,,,,BUS,,,1,193,193,19,4,-10.0,10,1,10,-2.79441117764471,2,"Massachusetts, United States",US,USMA,42.2373,-71.5314,MA,2,"Massachusetts, United States",US,USMA,42.2373,-71.5314,MA,2,"Massachusetts, United States",US,USMA,42.2373,-71.5314,MA,20230405,https://www.wgbh.org/news/local-news/2023/04/04/treasurer-goldberg-wants-the-state-pension-fund-divested-from-gun-manufacturers
1093535407,20230405,202304,2023,2023.2603,USA,UNITED STATES,USA,,,,,,,,EDU,SCHOOL,,,,,,EDU,,,0,020,020,02,1,3.0,2,1,2,-2.79441117764471,2,"Massachusetts, United States",US,USMA,42.2373,-71.5314,MA,2,"Florida, United States",US,USFL,27.8333,-81.717,FL,2,"Massachusetts, United States",US,USMA,42.2373,-71.5314,MA,20230405,https://www.wgbh.org/news/local-news/2023/04/04/treasurer-goldberg-wants-the-state-pension-fund-divested-from-gun-manufacturers
1093535434,20230405,202304,2023,2023.2603,USA,UNITED STATES,USA,,,,,,,,EDU,SCHOOL,,,,,,EDU,,,0,193,193,19,4,-10.0,2,1,2,-2.79441117764471,2,"Massachusetts, United States",US,USMA,42.2373,-71.5314,MA,2,"Florida, United States",US,USFL,27.8333,-81.717,FL,2,"Florida, United States",US,USFL,27.8333,-81.717,FL,20230405,https://www.wgbh.org/news/local-news/2023/04/04/treasurer-goldberg-wants-the-state-pension-fund-divested-from-gun-manufacturers
1093535535,20230405,202304,2023,2023.2603,USA,MASSACHUSETTS,USA,,,,,,,,LEG,LEGISLATURE,,,,,,LEG,,,1,020,020,02,1,3.0,18,5,18,-5.33242825154158,2,"Florida, United States",US,USFL,27.8333,-81.717,FL,2,"Florida, United States",US,USFL,27.8333,-81.717,FL,2,"Florida, United States",US,USFL,27.8333,-81.717,FL,20230405,https://www.wgbh.org/news/local-news/2023/04/04/treasurer-goldberg-wants-the-state-pension-fund-divested-from-gun-manufacturers
1093535536,20230405,202304,2023,2023.2603,USA,MASSACHUSETTS,USA,,,,,,,,LEG,LEGISLATURE,,,,,,LEG,,,1,020,020,02,1,3.0,12,3,12,-2.73637493301509,2,"Massachusetts, United States",US,USMA,42.2373,-71.5314,MA,2,"Massachusetts, United States",US,USMA,42.2373,-71.5314,MA,2,"Massachusetts, United States",US,USMA,42.2373,-71.5314,MA,20230405,https://www.wgbh.org/news/local-news/2023/04/04/treasurer-goldberg-wants-the-state-pension-fund-divested-from-gun-manufacturers
1093535591,20230405,202304,2023,2023.2603,USA,UNITED STATES,USA,,,,,,,,UAF,GUNMAN,,,,,,UAF,,,0,020,020,02,1,3.0,2,1,2,-2.79441117764471,2,"Massachusetts, United States",US,USMA,42.2373,-71.5314,MA,2,"Florida, United States",US,USFL,27.8333,-81.717,FL,2,"Massachusetts, United States",US,USMA,42.2373,-71.5314,MA,20230405,https://www.wgbh.org/news/local-news/2023/04/04/treasurer-goldberg-wants-the-state-pension-fund-divested-from-gun-manufacturers
1093537363,20230405,202304,2023,2023.2603,,,,,,,,,,,MED,MEDIA,,,,,,MED,,,0,042,042,04,1,1.9,5,1,5,0.64935064935065,0,,,,,,,2,"Arkansas, United States",US,USAR,34.9513,-92.3809,AR,2,"Arkansas, United States",US,USAR,34.9513,-92.3809,AR,20230405,https://www.monstersandcritics.com/tv/reality-tv/jessa-duggar-calls-time-with-sisters-golden/
1093537410,20230405,202304,2023,2023.2603,,,,,,,,,,,USA,UNITED STATES,USA,,,,,,,,1,036,036,03,1,4.0,4,1,4,0.64935064935065,0,,,,,,,2,"Arkansas, United States",US,USAR,34.9513,-92.3809,AR,2,"Arkansas, United States",US,USAR,34.9513,-92.3809,AR,20230405,https://www.monstersandcritics.com/tv/reality-tv/jessa-duggar-calls-time-with-sisters-golden/
1093537428,20230405,202304,2023,2023.2603,,,,,,,,,,,USA,UNITED STATES,USA,,,,,,,,1,042,042,04,1,1.9,101,22,97,-0.845769475935973,0,,,,,,,2,"Arkansas, United States",US,USAR,34.9513,-92.3809,AR,2,"Arkansas, United States",US,USAR,34.9513,-92.3809,AR,20230405,https://www.monstersandcritics.com/tv/reality-tv/jessa-duggar-calls-time-with-sisters-golden/
1093538504,20230405,202304,2023,2023.2603,MED,MEDIA,,,,,,MED,,,,,,,,,,,,,0,043,043,04,1,2.8,5,1,5,0.64935064935065,2,"Arkansas, United States",US,USAR,34.9513,-92.3809,AR,0,,,,,,,2,"Arkansas, United States",US,USAR,34.9513,-92.3809,AR,20230405,https://www.monstersandcritics.com/tv/reality-tv/jessa-duggar-calls-time-with-sisters-golden/
1093538917,20230405,202304,2023,2023.2603,USA,UNITED STATES,USA,,,,,,,,,,,,,,,,,,1,036,036,03,1,4.0,22,5,22,3.9127165706731,2,"Arkansas, United States",US,USAR,34.9513,-92.3809,AR,0,,,,,,,2,"Arkansas, United States",US,USAR,34.9513,-92.3809,AR,20230405,https://www.monstersandcritics.com/tv/reality-tv/jessa-duggar-calls-time-with-sisters-golden/
1093538940,20230405,202304,2023,2023.2603,USA,UNITED STATES,USA,,,,,,,,,,,,,,,,,,1,043,043,04,1,2.8,82,16,78,-0.672267488567328,2,"Arkansas, United States",US,USAR,34.9513,-92.3809,AR,0,,,,,,,2,"Arkansas, United States",US,USAR,34.9513,-92.3809,AR,20230405,https://www.monstersandcritics.com/tv/reality-tv/jessa-duggar-calls-time-with-sisters-golden/
1093538957,20230405,202304,2023,2023.2603,USA,UNITED STATES,USA,,,,,,,,,,,,,,,,,,1,051,051,05,1,3.4,174,24,174,-2.5803460291843,2,"Arkansas, United States",US,USAR,34.9513,-92.3809,AR,0,,,,,,,2,"Arkansas, United States",US,USAR,34.9513,-92.3809,AR,20230405,https://www.monstersandcritics.com/tv/reality-tv/jessa-duggar-calls-time-with-sisters-golden/
1093540324,20230405,202304,2023,2023.2603,,,,,,,,,,,CRM,MAFIA,,,,,,CRM,,,1,141,141,14,3,-6.5,1,1,1,3.2258064516129,0,,,,,,,1,Qatar,QA,QA,25.5,51.25,QA,1,Qatar,QA,QA,25.5,51.25,QA,20230405,https://www.newzimbabwe.com/gold-mafia-zimbabweans-in-sa-to-protest-at-uebert-angels-joburg-church/
1093540551,20230405,202304,2023,2023.2603,AFR,AFRICA,AFR,,,,,,,,CRM,MAFIA,,,,,,CRM,,,1,141,141,14,3,-6.5,22,3,22,3.27167916381009,1,Qatar,QA,QA,25.5,51.25,QA,1,Qatar,QA,QA,25.5,51.25,QA,1,Qatar,QA,QA,25.5,51.25,QA,20230405,https://www.newzimbabwe.com/gold-mafia-zimbabweans-in-sa-to-protest-at-uebert-angels-joburg-church/
1093542535,20230405,202304,2023,2023.2603,ZAF,JOHANNESBURG,ZAF,,,,,,,,CRM,MAFIA,,,,,,CRM,,,1,141,141,14,3,-6.5,9,3,9,3.27167916381009,1,Qatar,QA,QA,25.5,51.25,QA,1,Qatar,QA,QA,25.5,51.25,QA,1,Qatar,QA,QA,25.5,51.25,QA,20230405,https://www.newzimbabwe.com/gold-mafia-zimbabweans-in-sa-to-protest-at-uebert-angels-joburg-church/
1093542540,20230405,202304,2023,2023.2603,ZWE,ZIMBABWE,ZWE,,,,,,,,CRM,MAFIA,,,,,,CRM,,,1,141,141,14,3,-6.5,8,3,8,3.27167916381009,1,Qatar,QA,QA,25.5,51.25,QA,1,Qatar,QA,QA,25.5,51.25,QA,1,Qatar,QA,QA,25.5,51.25,QA,20230405,https://www.newzimbabwe.com/gold-mafia-zimbabweans-in-sa-to-protest-at-uebert-angels-joburg-church/
1093543092,20230329,202303,2023,2023.2438,BUS,COMPANY,,,,,,BUS,,,,,,,,,,,,,0,010,010,01,1,0.0,10,1,10,2.03252032520325,3,"Denver, Colorado, United States",US,USCO,39.7392,-104.985,201738,0,,,,,,,3,"Denver, Colorado, United States",US,USCO,39.7392,-104.985,201738,20230405,https://www.proactiveinvestors.com.au/companies/news/1011289/alkane-resources-on-track-for-upper-end-of-fy23-gold-guidance-produces-16-641-ounces-in-quarter-1011289.html
1093543121,20230405,202304,2023,2023.2603,,,,,,,,,,,AUS,NEW SOUTH WALES,AUS,,,,,,,,1,036,036,03,1,4.0,10,1,10,2.03252032520325,0,,,,,,,3,"Denver, Colorado, United States",US,USCO,39.7392,-104.985,201738,3,"Denver, Colorado, United States",US,USCO,39.7392,-104.985,201738,20230405,https://www.proactiveinvestors.com.au/companies/news/1011289/alkane-resources-on-track-for-upper-end-of-fy23-gold-guidance-produces-16-641-ounces-in-quarter-1011289.html
1093543265,20230405,202304,2023,2023.2603,,,,,,,,,,,USA,UNITED STATES,USA,,,,,,,,1,020,020,02,1,3.0,98,22,92,-3.07784069573701,0,,,,,,,2,"Georgia, United States",US,USGA,32.9866,-83.6487,GA,2,"Georgia, United States",US,USGA,32.9866,-83.6487,GA,20230405,https://www.wdef.com/golden-apple-award-april-pangle-antioch-elementary/
1093543346,20230405,202304,2023,2023.2603,AUS,NEW SOUTH WALES,AUS,,,,,,,,,,,,,,,,,,1,036,036,03,1,4.0,10,1,10,2.03252032520325,3,"Denver, Colorado, United States",US,USCO,39.7392,-104.985,201738,0,,,,,,,3,"Denver, Colorado, United States",US,USCO,39.7392,-104.985,201738,20230405,https://www.proactiveinvestors.com.au/companies/news/1011289/alkane-resources-on-track-for-upper-end-of-fy23-gold-guidance-produces-16-641-ounces-in-quarter-1011289.html
1093543389,20230405,202304,2023,2023.2603,BUS,INVESTOR,,,,,,BUS,,,,,,,,,,,,,0,013,013,01,1,0.4,10,1,10,2.03252032520325,3,"Denver, Colorado, United States",US,USCO,39.7392,-104.985,201738,0,,,,,,,3,"Denver, Colorado, United States",US,USCO,39.7392,-104.985,201738,20230405,https://www.proactiveinvestors.com.au/companies/news/1011289/alkane-resources-on-track-for-upper-end-of-fy23-gold-guidance-produces-16-641-ounces-in-quarter-1011289.html
1093544907,20230405,202304,2023,2023.2603,USAGOV,A US,USA,,,,,GOV,,,,,,,,,,,,,1,016,016,01,1,-2.0,20,1,20,-4.66666666666667,0,,,,,,,0,,,,,,,0,,,,,,,20230405,https://news.yahoo.com/whoopi-goldberg-says-sad-see-235824063.html
1093544911,20230405,202304,2023,2023.2603,USAGOV,A US,USA,,,,,GOV,,,,,,,,,,,,,1,173,173,17,4,-5.0,60,5,60,-2.12571593448965,0,,,,,,,0,,,,,,,0,,,,,,,20230405,https://news.yahoo.com/whoopi-goldberg-says-sad-see-235824063.html
1093545940,20230405,202304,2023,2023.2603,,,,,,,,,,,USA,UNITED STATES,USA,,,,,,,,1,050,050,05,1,3.5,2,1,2,-5.10046367851622,0,,,,,,,2,"South Carolina, United States",US,USSC,33.8191,-80.9066,SC,2,"South Carolina, United States",US,USSC,33.8191,-80.9066,SC,20230405,https://www.postandcourier.com/opinion/commentary/goldberg-trump-indictment-hurts-his-and-gop-prospects-in-24/article_3e9f197e-d304-11ed-8f4e-3f201e1d179f.html
1093546555,20230405,202304,2023,2023.2603,GOV,GOVERNMENT,,,,,,GOV,,,,,,,,,,,,,0,012,012,01,1,-0.4,10,1,10,-3.58306188925082,4,"Harare, Mashonaland East, Zimbabwe",ZI,ZI04,-17.8178,31.0447,-2312291,0,,,,,,,4,"Harare, Mashonaland East, Zimbabwe",ZI,ZI04,-17.8178,31.0447,-2312291,20230405,https://www.herald.co.zw/gold-mafia-heads-to-roll-anyone-found-to-have-engaged-in-corruption-will-face-full-wrath-of-the-law/
1093546571,20230405,202304,2023,2023.2603,GOV,GOVERNMENT,,,,,,GOV,,,,,,,,,,,,,1,051,051,05,1,3.4,24,3,24,-1.54152192987728,4,"Harare, Mashonaland East, Zimbabwe",ZI,ZI04,-17.8178,31.0447,-2312291,0,,,,,,,4,"Harare, Mashonaland East, Zimbabwe",ZI,ZI04,-17.8178,31.0447,-2312291,20230405,https://www.herald.co.zw/gold-mafia-heads-to-roll-anyone-found-to-have-engaged-in-corruption-will-face-full-wrath-of-the-law/
1093546584,20230405,202304,2023,2023.2603,GOV,GOVERNMENT,,,,,,GOV,,,,,,,,,,,,,1,110,110,11,3,-2.0,32,3,26,-2.5260552621925,4,"Harare, Mashonaland East, Zimbabwe",ZI,ZI04,-17.8178,31.0447,-2312291,0,,,,,,,4,"Harare, Mashonaland East, Zimbabwe",ZI,ZI04,-17.8178,31.0447,-2312291,20230405,https://www.herald.co.zw/gold-mafia-heads-to-roll-anyone-found-to-have-engaged-in-corruption-will-face-full-wrath-of-the-law/
1093546660,20230405,202304,2023,2023.2603,GOV,GOVERNMENT,,,,,,GOV,,,QATMED,AL JAZEERA,QAT,,,,,MED,,,1,091,091,09,2,-2.0,10,1,10,-3.58306188925082,4,"Harare, Mashonaland East, Zimbabwe",ZI,ZI04,-17.8178,31.0447,-2312291,4,"Harare, Mashonaland East, Zimbabwe",ZI,ZI04,-17.8178,31.0447,-2312291,4,"Harare, Mashonaland East, Zimbabwe",ZI,ZI04,-17.8178,31.0447,-2312291,20230405,https://www.herald.co.zw/gold-mafia-heads-to-roll-anyone-found-to-have-engaged-in-corruption-will-face-full-wrath-of-the-law/
1093546661,20230405,202304,2023,2023.2603,GOV,GOVERNMENT,,,,,,GOV,,,QATMED,AL JAZEERA,QAT,,,,,MED,,,1,112,112,11,3,-2.0,3,1,3,-3.58306188925082,4,"Chidakwa, Masvingo, Zimbabwe",ZI,ZI08,-19.8937,31.5646,10804727,4,"Chidakwa, Masvingo, Zimbabwe",ZI,ZI08,-19.8937,31.5646,10804727,4,"Harare, Mashonaland East, Zimbabwe",ZI,ZI04,-17.8178,31.0447,-2312291,20230405,https://www.herald.co.zw/gold-mafia-heads-to-roll-anyone-found-to-have-engaged-in-corruption-will-face-full-wrath-of-the-law/
1093546681,20230405,202304,2023,2023.2603,GOV,GOVERNMENT,,,,,,GOV,,,ZWE,ZIMBABWEAN,ZWE,,,,,,,,1,112,112,11,3,-2.0,5,1,5,-3.58306188925082,4,"Chidakwa, Masvingo, Zimbabwe",ZI,ZI08,-19.8937,31.5646,10804727,4,"Harare, Mashonaland East, Zimbabwe",ZI,ZI04,-17.8178,31.0447,-2312291,4,"Harare, Mashonaland East, Zimbabwe",ZI,ZI04,-17.8178,31.0447,-2312291,20230405,https://www.herald.co.zw/gold-mafia-heads-to-roll-anyone-found-to-have-engaged-in-corruption-will-face-full-wrath-of-the-law/
1093547141,20230405,202304,2023,2023.2603,QATMED,AL JAZEERA,QAT,,,,,MED,,,CRM,SMUGGLER,,,,,,CRM,,,1,010,010,01,1,0.0,10,1,10,-3.58306188925082,1,Qatar,QA,QA,25.5,51.25,QA,4,"Harare, Mashonaland East, Zimbabwe",ZI,ZI04,-17.8178,31.0447,-2312291,1,Qatar,QA,QA,25.5,51.25,QA,20230405,https://www.herald.co.zw/gold-mafia-heads-to-roll-anyone-found-to-have-engaged-in-corruption-will-face-full-wrath-of-the-law/
1093547361,20230405,202304,2023,2023.2603,USA,MASSACHUSETTS,USA,,,,,,,,,,,,,,,,,,1,040,040,04,1,1.0,6,1,6,0,1,Sudan,SU,SU,16,30,SU,0,,,,,,,1,Sudan,SU,SU,16,30,SU,20230405,https://www.msn.com/en-us/news/us/state-treasurer-goldberg-attempting-to-move-massachusetts-away-from-gun-investments/ar-AA19tLKe
1093547411,20230405,202304,2023,2023.2603,USA,UNITED STATES,USA,,,,,,,,,,,,,,,,,,1,071,071,07,2,7.4,2,1,2,0,1,Iran,IR,IR,32,53,IR,0,,,,,,,1,Sudan,SU,SU,16,30,SU,20230405,https://www.msn.com/en-us/news/us/state-treasurer-goldberg-attempting-to-move-massachusetts-away-from-gun-investments/ar-AA19tLKe
1093547414,20230405,202304,2023,2023.2603,USA,UNITED STATES,USA,,,,,,,,,,,,,,,,,,1,071,071,07,2,7.4,2,1,2,0,1,Sudan,SU,SU,16,30,SU,0,,,,,,,1,Sudan,SU,SU,16,30,SU,20230405,https://www.msn.com/en-us/news/us/state-treasurer-goldberg-attempting-to-move-massachusetts-away-from-gun-investments/ar-AA19tLKe
1093547718,20230405,202304,2023,2023.2603,ZWE,ZIMBABWE,ZWE,,,,,,,,,,,,,,,,,,1,051,051,05,1,3.4,28,4,28,0.21049135222905,4,"Harare, Mashonaland East, Zimbabwe",ZI,ZI04,-17.8178,31.0447,-2312291,0,,,,,,,4,"Harare, Mashonaland East, Zimbabwe",ZI,ZI04,-17.8178,31.0447,-2312291,20230405,https://www.herald.co.zw/gold-mafia-heads-to-roll-anyone-found-to-have-engaged-in-corruption-will-face-full-wrath-of-the-law/
1093547722,20230405,202304,2023,2023.2603,ZWE,ZIMBABWE,ZWE,,,,,,,,GOV,GOVERNMENT,,,,,,GOV,,,0,051,051,05,1,3.4,4,1,4,-3.58306188925082,4,"Harare, Mashonaland East, Zimbabwe",ZI,ZI04,-17.8178,31.0447,-2312291,4,"Harare, Mashonaland East, Zimbabwe",ZI,ZI04,-17.8178,31.0447,-2312291,4,"Harare, Mashonaland East, Zimbabwe",ZI,ZI04,-17.8178,31.0447,-2312291,20230405,https://www.herald.co.zw/gold-mafia-heads-to-roll-anyone-found-to-have-engaged-in-corruption-will-face-full-wrath-of-the-law/
1093548452,20220405,202204,2022,2022.2603,CHN,CHINESE,CHN,,,,,,,,,,,,,,,,,,1,015,015,01,1,0.0,6,1,6,-7.36842105263158,1,China,CH,CH,35,105,CH,0,,,,,,,1,China,CH,CH,35,105,CH,20230405,https://www.wnep.com/article/news/local/snyder-county/woman-admits-to-dui-after-wild-crash-in-shamokin-dam-golden-chopsticks-restaurant-wreck/523-bd33f0f0-4ad2-44d9-be8f-04b467cd1deb
1093548540,20230405,202304,2023,2023.2603,,,,,,,,,,,CHN,CHINA,CHN,,,,,,,,1,190,190,19,4,-10.0,130,46,130,-6.47800883532843,0,,,,,,,1,China,CH,CH,35,105,CH,1,China,CH,CH,35,105,CH,20230405,https://www.wnep.com/article/news/local/snyder-county/woman-admits-to-dui-after-wild-crash-in-shamokin-dam-golden-chopsticks-restaurant-wreck/523-bd33f0f0-4ad2-44d9-be8f-04b467cd1deb
1093548929,20230405,202304,2023,2023.2603,CHN,CHINA,CHN,,,,,,,,,,,,,,,,,,1,130,130,13,3,-4.4,34,7,34,-1.72630040969587,1,China,CH,CH,35,105,CH,0,,,,,,,1,China,CH,CH,35,105,CH,20230405,https://www.wnep.com/article/news/local/snyder-county/woman-admits-to-dui-after-wild-crash-in-shamokin-dam-golden-chopsticks-restaurant-wreck/523-bd33f0f0-4ad2-44d9-be8f-04b467cd1deb
1093551810,20230405,202304,2023,2023.2603,AUS,AUSTRALIA,AUS,,,,,,,,,,,,,,,,,,0,172,172,17,4,-5.0,10,1,10,5.36159600997507,4,"Melbourne, Victoria, Australia",AS,AS07,-37.8167,144.967,-1586844,0,,,,,,,4,"Melbourne, Victoria, Australia",AS,AS07,-37.8167,144.967,-1586844,20230405,https://www.traveller.com.au/gold-coast-places-to-eat-a-guide-to-the-12-best-restaurants-and-bars-h2a4hd
1093551820,20230405,202304,2023,2023.2603,AUS,QUEENSLAND,AUS,,,,,,,,JPN,JAPANESE,JPN,,,,,,,,0,043,043,04,1,2.8,10,1,10,5.36159600997507,4,"Tokyo, Tokyo, Japan",JA,JA40,35.685,139.751,-246227,4,"Tokyo, Tokyo, Japan",JA,JA40,35.685,139.751,-246227,4,"Tokyo, Tokyo, Japan",JA,JA40,35.685,139.751,-246227,20230405,https://www.traveller.com.au/gold-coast-places-to-eat-a-guide-to-the-12-best-restaurants-and-bars-h2a4hd
1093552269,20230405,202304,2023,2023.2603,GHA,GHANA,GHA,,,,,,,,GOV,KING,,,,,,GOV,,,1,020,020,02,1,3.0,8,1,8,5.36159600997507,4,"Beechmont, Queensland, Australia",AS,AS04,-28.1,153.217,-1558168,4,"Beechmont, Queensland, Australia",AS,AS04,-28.1,153.217,-1558168,4,"Beechmont, Queensland, Australia",AS,AS04,-28.1,153.217,-1558168,20230405,https://www.traveller.com.au/gold-coast-places-to-eat-a-guide-to-the-12-best-restaurants-and-bars-h2a4hd
1093552283,20230405,202304,2023,2023.2603,GOV,KING,,,,,,GOV,,,,,,,,,,,,,1,020,020,02,1,3.0,2,1,2,5.36159600997507,4,"Beechmont, Queensland, Australia",AS,AS04,-28.1,153.217,-1558168,0,,,,,,,4,"Beechmont, Queensland, Australia",AS,AS04,-28.1,153.217,-1558168,20230405,https://www.traveller.com.au/gold-coast-places-to-eat-a-guide-to-the-12-best-restaurants-and-bars-h2a4hd
1093552539,20230405,202304,2023,2023.2603,JPN,JAPANESE,JPN,,,,,,,,AUS,QUEENSLAND,AUS,,,,,,,,0,042,042,04,1,1.9,10,1,10,5.36159600997507,4,"Tokyo, Tokyo, Japan",JA,JA40,35.685,139.751,-246227,4,"Tokyo, Tokyo, Japan",JA,JA40,35.685,139.751,-246227,4,"Tokyo, Tokyo, Japan",JA,JA40,35.685,139.751,-246227,20230405,https://www.traveller.com.au/gold-coast-places-to-eat-a-guide-to-the-12-best-restaurants-and-bars-h2a4hd
1093553375,20230405,202304,2023,2023.2603,zul,ZULU,,,zul,,,,,,,,,,,,,,,,1,051,051,05,1,3.4,5,1,5,8.84955752212389,0,,,,,,,0,,,,,,,0,,,,,,,20230405,https://graziadaily.co.za/inkabizezwes-umbayimbayi-accredited-gold/
1093556132,20230405,202304,2023,2023.2603,,,,,,,,,,,DEU,GERMANY,DEU,,,,,,,,1,043,043,04,1,2.8,1,1,1,6.62251655629139,0,,,,,,,1,Germany,GM,GM,51.5,10.5,GM,1,Greece,GR,GR,39,22,GR,20230405,http://www.bulgariagazette.com/a-rock-festival-erupts-in-the-golden-sands/
1093556340,20230405,202304,2023,2023.2603,BGR,BULGARIA,BGR,,,,,,,,DEU,GERMANY,DEU,,,,,,,,1,043,043,04,1,2.8,2,1,2,6.62251655629139,4,"Albena, Dobrich, Bulgaria",BU,BU40,43.3833,28.0833,-831732,1,Germany,GM,GM,51.5,10.5,GM,1,Greece,GR,GR,39,22,GR,20230405,http://www.bulgariagazette.com/a-rock-festival-erupts-in-the-golden-sands/
1093556493,20230405,202304,2023,2023.2603,CRM,DEALER,,,,,,CRM,,,,,,,,,,,,,1,051,051,05,1,3.4,3,1,3,6.56565656565656,2,"Florida, United States",US,USFL,27.8333,-81.717,FL,0,,,,,,,2,"Florida, United States",US,USFL,27.8333,-81.717,FL,20230405,https://www.themountainpress.com/news/a-golden-opportunity-for-heirloom-jewelry-enthusiasts-at-golden-carat/article_ae192bd4-1346-5235-8a4c-d8769b92a50e.html
1093556570,20230405,202304,2023,2023.2603,DEU,GERMANY,DEU,,,,,,,,,,,,,,,,,,1,042,042,04,1,1.9,1,1,1,6.62251655629139,1,Greece,GR,GR,39,22,GR,0,,,,,,,1,Greece,GR,GR,39,22,GR,20230405,http://www.bulgariagazette.com/a-rock-festival-erupts-in-the-golden-sands/
1093556571,20230405,202304,2023,2023.2603,DEU,GERMANY,DEU,,,,,,,,BGR,BULGARIA,BGR,,,,,,,,1,042,042,04,1,1.9,2,1,2,6.62251655629139,1,Greece,GR,GR,39,22,GR,1,Greece,GR,GR,39,22,GR,1,Greece,GR,GR,39,22,GR,20230405,http://www.bulgariagazette.com/a-rock-festival-erupts-in-the-golden-sands/
1093556712,20230405,202304,2023,2023.2603,GIN,GUINEA,GIN,,,,,,,,,,,,,,,,,,1,010,010,01,1,0.0,8,1,8,3.84615384615385,4,"Bereko, Mandiana, Guinea",GV,GV37,10.8833,-8.3,-1177678,0,,,,,,,4,"Bereko, Mandiana, Guinea",GV,GV37,10.8833,-8.3,-1177678,20230405,https://www.proactiveinvestors.com/companies/news/1011304/golden-rim-resources-hits-56-metres-at-1-7-g-t-gold-at-kada-s-massan-prospect-in-guinea-1011304.html
1093556823,20230405,202304,2023,2023.2603,GRC,GREECE,GRC,,,,,,,,TUR,TURKEY,TUR,,,,,,,,1,042,042,04,1,1.9,1,1,1,6.62251655629139,4,"Albena, Dobrich, Bulgaria",BU,BU40,43.3833,28.0833,-831732,1,Germany,GM,GM,51.5,10.5,GM,4,"Albena, Dobrich, Bulgaria",BU,BU40,43.3833,28.0833,-831732,20230405,http://www.bulgariagazette.com/a-rock-festival-erupts-in-the-golden-sands/
1093556824,20230405,202304,2023,2023.2603,GRC,GREECE,GRC,,,,,,,,TUR,TURKEY,TUR,,,,,,,,1,042,042,04,1,1.9,3,1,3,6.62251655629139,1,Greece,GR,GR,39,22,GR,1,Turkey,TU,TU,39.059012,34.911546,TU,1,Greece,GR,GR,39,22,GR,20230405,http://www.bulgariagazette.com/a-rock-festival-erupts-in-the-golden-sands/
1093556825,20230405,202304,2023,2023.2603,GRC,GREECE,GRC,,,,,,,,TUR,TURKEY,TUR,,,,,,,,1,042,042,04,1,1.9,1,1,1,6.62251655629139,1,Turkey,TU,TU,39.059012,34.911546,TU,1,Turkey,TU,TU,39.059012,34.911546,TU,1,Greece,GR,GR,39,22,GR,20230405,http://www.bulgariagazette.com/a-rock-festival-erupts-in-the-golden-sands/
1093556826,20230405,202304,2023,2023.2603,GRC,GREECE,GRC,,,,,,,,TUR,TURKEY,TUR,,,,,,,,1,043,043,04,1,2.8,1,1,1,6.62251655629139,4,"Albena, Dobrich, Bulgaria",BU,BU40,43.3833,28.0833,-831732,1,Germany,GM,GM,51.5,10.5,GM,4,"Albena, Dobrich, Bulgaria",BU,BU40,43.3833,28.0833,-831732,20230405,http://www.bulgariagazette.com/a-rock-festival-erupts-in-the-golden-sands/
1093556827,20230405,202304,2023,2023.2603,GRC,GREECE,GRC,,,,,,,,TUR,TURKEY,TUR,,,,,,,,1,043,043,04,1,2.8,3,1,3,6.62251655629139,1,Greece,GR,GR,39,22,GR,1,Turkey,TU,TU,39.059012,34.911546,TU,1,Greece,GR,GR,39,22,GR,20230405,http://www.bulgariagazette.com/a-rock-festival-erupts-in-the-golden-sands/
1093556828,20230405,202304,2023,2023.2603,GRC,GREECE,GRC,,,,,,,,TUR,TURKEY,TUR,,,,,,,,1,043,043,04,1,2.8,1,1,1,6.62251655629139,1,Turkey,TU,TU,39.059012,34.911546,TU,1,Turkey,TU,TU,39.059012,34.911546,TU,1,Greece,GR,GR,39,22,GR,20230405,http://www.bulgariagazette.com/a-rock-festival-erupts-in-the-golden-sands/
1093557302,20230405,202304,2023,2023.2603,TUR,TURKEY,TUR,,,,,,,,GRC,GREECE,GRC,,,,,,,,1,042,042,04,1,1.9,5,1,5,6.62251655629139,1,Greece,GR,GR,39,22,GR,1,Greece,GR,GR,39,22,GR,1,Greece,GR,GR,39,22,GR,20230405,http://www.bulgariagazette.com/a-rock-festival-erupts-in-the-golden-sands/
1093557303,20230405,202304,2023,2023.2603,TUR,TURKEY,TUR,,,,,,,,GRC,GREECE,GRC,,,,,,,,1,043,043,04,1,2.8,1,1,1,6.62251655629139,1,Germany,GM,GM,51.5,10.5,GM,4,"Albena, Dobrich, Bulgaria",BU,BU40,43.3833,28.0833,-831732,4,"Albena, Dobrich, Bulgaria",BU,BU40,43.3833,28.0833,-831732,20230405,http://www.bulgariagazette.com/a-rock-festival-erupts-in-the-golden-sands/
1093557304,20230405,202304,2023,2023.2603,TUR,TURKEY,TUR,,,,,,,,GRC,GREECE,GRC,,,,,,,,1,043,043,04,1,2.8,3,1,3,6.62251655629139,1,Turkey,TU,TU,39.059012,34.911546,TU,1,Greece,GR,GR,39,22,GR,1,Greece,GR,GR,39,22,GR,20230405,http://www.bulgariagazette.com/a-rock-festival-erupts-in-the-golden-sands/
1093557305,20230405,202304,2023,2023.2603,TUR,TURKEY,TUR,,,,,,,,GRC,GREECE,GRC,,,,,,,,1,043,043,04,1,2.8,1,1,1,6.62251655629139,1,Turkey,TU,TU,39.059012,34.911546,TU,1,Turkey,TU,TU,39.059012,34.911546,TU,1,Greece,GR,GR,39,22,GR,20230405,http://www.bulgariagazette.com/a-rock-festival-erupts-in-the-golden-sands/
1093557479,20230405,202304,2023,2023.2603,USA,UNITED STATES,USA,,,,,,,,CRM,DEALER,,,,,,CRM,,,1,051,051,05,1,3.4,3,1,3,6.56565656565656,2,"Ohio, United States",US,USOH,40.3736,-82.7755,OH,2,"Ohio, United States",US,USOH,40.3736,-82.7755,OH,2,"Ohio, United States",US,USOH,40.3736,-82.7755,OH,20230405,https://www.themountainpress.com/news/a-golden-opportunity-for-heirloom-jewelry-enthusiasts-at-golden-carat/article_ae192bd4-1346-5235-8a4c-d8769b92a50e.html
1093557753,20230405,202304,2023,2023.2603,ZWEGOV,ZIMBABWE,ZWE,,,,,GOV,,,,,,,,,,,,,1,091,091,09,2,-2.0,10,1,10,-3.7037037037037,1,Zimbabwe,ZI,ZI,-19,29,ZI,0,,,,,,,1,Zimbabwe,ZI,ZI,-19,29,ZI,20230405,https://www.citizen.co.za/news/news-world/news-africa/zimbabwe-to-investigate-gold-mafia-allegations/
1093557754,20230405,202304,2023,2023.2603,ZWEGOV,ZIMBABWE,ZWE,,,,,GOV,,,ZWE,ZIMBABWE,ZWE,,,,,,,,1,0311,031,03,1,5.2,10,1,10,-3.7037037037037,1,Zimbabwe,ZI,ZI,-19,29,ZI,1,Zimbabwe,ZI,ZI,-19,29,ZI,1,Zimbabwe,ZI,ZI,-19,29,ZI,20230405,https://www.citizen.co.za/news/news-world/news-africa/zimbabwe-to-investigate-gold-mafia-allegations/
1093557755,20230405,202304,2023,2023.2603,ZWEGOVMIL,EMMERSON MNANGAGWA,ZWE,,,,,GOV,MIL,,,,,,,,,,,,1,145,145,14,3,-7.5,10,1,10,-12.6126126126126,1,Zimbabwe,ZI,ZI,-19,29,ZI,0,,,,,,,1,Zimbabwe,ZI,ZI,-19,29,ZI,20230405,https://www.zimeye.net/2023/04/05/mnangagwa-caught-in-gold-smuggling-scam/
1093562042,20230405,202304,2023,2023.2603,,,,,,,,,,,DEU,GERMANY,DEU,,,,,,,,0,020,020,02,1,3.0,2,1,2,-1.94805194805195,0,,,,,,,4,"Berchtesgaden, Bayern, Germany",GM,GM02,47.6333,13,-1745719,4,"Berchtesgaden, Bayern, Germany",GM,GM02,47.6333,13,-1745719,20230405,https://www.newsbusters.org/blogs/nb/brent-baker/2010/07/25/looking-back-schorrs-goldwater-nazi-axis-cbs-evening-news-hit-piece
1093562043,20230405,202304,2023,2023.2603,,,,,,,,,,,DEU,GERMANY,DEU,,,,,,,,0,020,020,02,1,3.0,2,1,2,-1.94805194805195,0,,,,,,,4,"Berchtesgaden, Bayern, Germany",GM,GM02,47.6333,13,-1745719,3,"San Francisco, California, United States",US,USCA,37.7749,-122.419,277593,20230405,https://www.newsbusters.org/blogs/nb/brent-baker/2010/07/25/looking-back-schorrs-goldwater-nazi-axis-cbs-evening-news-hit-piece
1093562044,20230405,202304,2023,2023.2603,,,,,,,,,,,DEU,GERMANY,DEU,,,,,,,,0,036,036,03,1,4.0,5,1,5,-1.94805194805195,0,,,,,,,4,"Berchtesgaden, Bayern, Germany",GM,GM02,47.6333,13,-1745719,4,"Berchtesgaden, Bayern, Germany",GM,GM02,47.6333,13,-1745719,20230405,https://www.newsbusters.org/blogs/nb/brent-baker/2010/07/25/looking-back-schorrs-goldwater-nazi-axis-cbs-evening-news-hit-piece
1093562046,20230405,202304,2023,2023.2603,,,,,,,,,,,DEU,GERMANY,DEU,,,,,,,,1,043,043,04,1,2.8,39,4,39,3.1059736466019,0,,,,,,,4,"Munich, Bayern, Germany",GM,GM02,48.15,11.5833,-1829149,4,"Munich, Bayern, Germany",GM,GM02,48.15,11.5833,-1829149,20230405,https://www.newsbusters.org/blogs/nb/brent-baker/2010/07/25/looking-back-schorrs-goldwater-nazi-axis-cbs-evening-news-hit-piece
1093562526,20230405,202304,2023,2023.2603,DEU,GERMANY,DEU,,,,,,,,,,,,,,,,,,0,010,010,01,1,0.0,18,5,18,-3.47425188663983,4,"Munich, Bayern, Germany",GM,GM02,48.15,11.5833,-1829149,0,,,,,,,4,"Munich, Bayern, Germany",GM,GM02,48.15,11.5833,-1829149,20230405,https://www.newsbusters.org/blogs/nb/brent-baker/2010/07/25/looking-back-schorrs-goldwater-nazi-axis-cbs-evening-news-hit-piece
1093562527,20230405,202304,2023,2023.2603,DEU,GERMANY,DEU,,,,,,,,,,,,,,,,,,0,036,036,03,1,4.0,15,1,15,-1.94805194805195,4,"Berchtesgaden, Bayern, Germany",GM,GM02,47.6333,13,-1745719,0,,,,,,,4,"Berchtesgaden, Bayern, Germany",GM,GM02,47.6333,13,-1745719,20230405,https://www.newsbusters.org/blogs/nb/brent-baker/2010/07/25/looking-back-schorrs-goldwater-nazi-axis-cbs-evening-news-hit-piece
1093562528,20230405,202304,2023,2023.2603,DEU,GERMANY,DEU,,,,,,,,,,,,,,,,,,0,036,036,03,1,4.0,10,1,10,-1.94805194805195,4,"Munich, Bayern, Germany",GM,GM02,48.15,11.5833,-1829149,0,,,,,,,4,"Munich, Bayern, Germany",GM,GM02,48.15,11.5833,-1829149,20230405,https://www.newsbusters.org/blogs/nb/brent-baker/2010/07/25/looking-back-schorrs-goldwater-nazi-axis-cbs-evening-news-hit-piece
1093562530,20230405,202304,2023,2023.2603,DEU,GERMANY,DEU,,,,,,,,,,,,,,,,,,1,042,042,04,1,1.9,36,4,36,3.1059736466019,4,"Munich, Bayern, Germany",GM,GM02,48.15,11.5833,-1829149,0,,,,,,,4,"Munich, Bayern, Germany",GM,GM02,48.15,11.5833,-1829149,20230405,https://www.newsbusters.org/blogs/nb/brent-baker/2010/07/25/looking-back-schorrs-goldwater-nazi-axis-cbs-evening-news-hit-piece
1093562531,20230405,202304,2023,2023.2603,DEU,GERMANY,DEU,,,,,,,,,,,,,,,,,,0,125,125,12,3,-5.0,10,1,10,-1.94805194805195,4,"Munich, Bayern, Germany",GM,GM02,48.15,11.5833,-1829149,0,,,,,,,4,"Munich, Bayern, Germany",GM,GM02,48.15,11.5833,-1829149,20230405,https://www.newsbusters.org/blogs/nb/brent-baker/2010/07/25/looking-back-schorrs-goldwater-nazi-axis-cbs-evening-news-hit-piece
1093562533,20230405,202304,2023,2023.2603,DEU,GERMANY,DEU,,,,,,,,DEUMED,DER SPIEGEL,DEU,,,,,MED,,,0,0833,083,08,2,5.0,2,1,2,-1.94805194805195,4,"Berchtesgaden, Bayern, Germany",GM,GM02,47.6333,13,-1745719,3,"San Francisco, California, United States",US,USCA,37.7749,-122.419,277593,3,"San Francisco, California, United States",US,USCA,37.7749,-122.419,277593,20230405,https://www.newsbusters.org/blogs/nb/brent-baker/2010/07/25/looking-back-schorrs-goldwater-nazi-axis-cbs-evening-news-hit-piece
1093562534,20230405,202304,2023,2023.2603,DEU,GERMANY,DEU,,,,,,,,DEUMED,DER SPIEGEL,DEU,,,,,MED,,,1,0833,083,08,2,5.0,6,1,4,-1.94805194805195,4,"Munich, Bayern, Germany",GM,GM02,48.15,11.5833,-1829149,4,"Munich, Bayern, Germany",GM,GM02,48.15,11.5833,-1829149,4,"Munich, Bayern, Germany",GM,GM02,48.15,11.5833,-1829149,20230405,https://www.newsbusters.org/blogs/nb/brent-baker/2010/07/25/looking-back-schorrs-goldwater-nazi-axis-cbs-evening-news-hit-piece
1093562537,20230405,202304,2023,2023.2603,DEUMED,DER SPIEGEL,DEU,,,,,MED,,,,,,,,,,,,,1,0833,083,08,2,5.0,12,1,6,-1.94805194805195,4,"Munich, Bayern, Germany",GM,GM02,48.15,11.5833,-1829149,0,,,,,,,4,"Munich, Bayern, Germany",GM,GM02,48.15,11.5833,-1829149,20230405,https://www.newsbusters.org/blogs/nb/brent-baker/2010/07/25/looking-back-schorrs-goldwater-nazi-axis-cbs-evening-news-hit-piece
1093566604,20230306,202303,2023,2023.1808,BUS,COMPANY,,,,,,BUS,,,,,,,,,,,,,1,0353,035,03,1,7.0,10,1,10,1.39275766016713,0,,,,,,,0,,,,,,,0,,,,,,,20230405,https://smallcaps.com.au/challenger-exploration-confirms-true-width-mineralisation-el-guayabo-gold-copper-project/
1093568832,20230405,202304,2023,2023.2603,ARE,DUBAI,ARE,,,,,,,,BUS,BANK,,,,,,BUS,,,1,061,061,06,2,6.4,10,1,10,-3.04878048780488,4,"Dubai, Dubayy, United Arab Emirates",AE,AE03,25.2522,55.28,-782831,4,"Dubai, Dubayy, United Arab Emirates",AE,AE03,25.2522,55.28,-782831,4,"Dubai, Dubayy, United Arab Emirates",AE,AE03,25.2522,55.28,-782831,20230405,https://republicofmining.com/2023/04/04/zimbabwe-to-investigate-gold-smuggling-allegations-by-cecilia-jamasmie-mining-com-april-4-2023/
1093568921,20230405,202304,2023,2023.2603,BUS,COMPANY,,,,,,BUS,,,,,,,,,,,,,1,020,020,02,1,3.0,15,2,15,2.00671140939598,4,"Jervois, South Australia, Australia",AS,AS05,-35.2667,139.433,-1580125,0,,,,,,,4,"Jervois, South Australia, Australia",AS,AS05,-35.2667,139.433,-1580125,20230405,https://www.goldseiten.de/artikel/575311--Jervois-Q1-2023-Results-Investor-Call.html
1093568937,20230405,202304,2023,2023.2603,BUS,COMPANY,,,,,,BUS,,,CANBUS,BRITISH COLUMBIA,CAN,,,,,BUS,,,1,060,060,06,2,6.0,1,1,1,0.401606425702811,4,"Kaslo, Yukon, Canada",CA,CA12,49.9167,-116.917,-567027,4,"Incahuasi, Catamarca, Argentina",AR,AR02,-25.4353,-67.2055,-991607,4,"Kaslo, Yukon, Canada",CA,CA12,49.9167,-116.917,-567027,20230405,https://www.goldseiten.de/artikel/575309--Spey-Resources-Corp.-Completes-Sale-Of-James-Bay-Lithium-Claims.html
1093568939,20230405,202304,2023,2023.2603,BUS,COMPANY,,,,,,BUS,,,GBR,BRITISH,GBR,,,,,,,,1,060,060,06,2,6.0,6,1,6,0.401606425702811,4,"Kaslo, Yukon, Canada",CA,CA12,49.9167,-116.917,-567027,4,"Incahuasi, Catamarca, Argentina",AR,AR02,-25.4353,-67.2055,-991607,4,"Kaslo, Yukon, Canada",CA,CA12,49.9167,-116.917,-567027,20230405,https://www.goldseiten.de/artikel/575309--Spey-Resources-Corp.-Completes-Sale-Of-James-Bay-Lithium-Claims.html
1093573130,20230404,202304,2023,2023.2575,GOV,MINIST,,,,,,GOV,,,MED,JOURNALIST,,,,,,MED,,,1,010,010,01,1,0.0,30,4,30,-3.10518423264185,1,Zimbabwe,ZI,ZI,-19,29,ZI,1,Zimbabwe,ZI,ZI,-19,29,ZI,1,Zimbabwe,ZI,ZI,-19,29,ZI,20230405,http://www.thestandard.co.zw/local-news/article/200009770/govt-probes-gold-mafia-kingpins
1093573131,20230404,202304,2023,2023.2575,GOV,MINIST,,,,,,GOV,,,MED,JOURNALIST,,,,,,MED,,,1,1014,101,10,3,-5.0,40,4,40,-3.10518423264185,1,Zimbabwe,ZI,ZI,-19,29,ZI,1,Zimbabwe,ZI,ZI,-19,29,ZI,1,Zimbabwe,ZI,ZI,-19,29,ZI,20230405,http://www.thestandard.co.zw/local-news/article/200009770/govt-probes-gold-mafia-kingpins
1093573134,20230404,202304,2023,2023.2575,ZWEGOV,ZIMBABWE,ZWE,,,,,GOV,,,GOV,GOVERNMENT,,,,,,GOV,,,1,1014,101,10,3,-5.0,10,4,10,-3.10518423264185,1,Zimbabwe,ZI,ZI,-19,29,ZI,1,Zimbabwe,ZI,ZI,-19,29,ZI,1,Zimbabwe,ZI,ZI,-19,29,ZI,20230405,http://www.thestandard.co.zw/local-news/article/200009770/govt-probes-gold-mafia-kingpins
1093573135,20230404,202304,2023,2023.2575,ZWEGOV,ZIMBABWE,ZWE,,,,,GOV,,,MED,JOURNALIST,,,,,,MED,,,1,010,010,01,1,0.0,10,4,10,-3.10518423264185,1,Zimbabwe,ZI,ZI,-19,29,ZI,1,Zimbabwe,ZI,ZI,-19,29,ZI,1,Zimbabwe,ZI,ZI,-19,29,ZI,20230405,http://www.thestandard.co.zw/local-news/article/200009770/govt-probes-gold-mafia-kingpins
1093573705,20230405,202304,2023,2023.2603,GBR,BRITAIN,GBR,,,,,,,,,,,,,,,,,,1,051,051,05,1,3.4,23,4,23,5.87277112709163,4,"Sussex, East Sussex, United Kingdom",UK,UKE2,50.9167,-0.083333,-2609142,0,,,,,,,4,"Sussex, East Sussex, United Kingdom",UK,UKE2,50.9167,-0.083333,-2609142,20230405,https://www.thenews.com.pk/latest/1057516-prince-harry-reveals-britain-was-covered-in-unbridled-joy-at-queen-golden-jubilee
1093573757,20230405,202304,2023,2023.2603,GOV,GOVERNMENT,,,,,,GOV,,,,,,,,,,,,,1,051,051,05,1,3.4,77,6,77,-3.64620407077457,1,Zimbabwe,ZI,ZI,-19,29,ZI,0,,,,,,,1,Zimbabwe,ZI,ZI,-19,29,ZI,20230405,http://www.thestandard.co.zw/local-news/article/200009770/govt-probes-gold-mafia-kingpins
1093574612,20230405,202304,2023,2023.2603,ZWE,ZIMBABWE,ZWE,,,,,,,,,,,,,,,,,,0,090,090,09,2,-2.0,20,4,20,-3.10518423264185,1,Zimbabwe,ZI,ZI,-19,29,ZI,0,,,,,,,1,Zimbabwe,ZI,ZI,-19,29,ZI,20230405,http://www.thestandard.co.zw/local-news/article/200009770/govt-probes-gold-mafia-kingpins
1093577758,20230405,202304,2023,2023.2603,BUS,BUSINESS,,,,,,BUS,,,GBR,UNITED KINGDOM,GBR,,,,,,,,1,010,010,01,1,0.0,20,5,20,-0.824028905420054,3,"Phoenix, Arizona, United States",US,USAZ,33.4484,-112.074,44784,3,"Phoenix, Arizona, United States",US,USAZ,33.4484,-112.074,44784,3,"Phoenix, Arizona, United States",US,USAZ,33.4484,-112.074,44784,20230405,https://www.ibtimes.co.uk/analysis-hsbc-goldman-gender-pay-gaps-widen-uk-finance-makes-slow-progress-1714834
1093577759,20230405,202304,2023,2023.2603,BUS,BUSINESS,,,,,,BUS,,,GBRLAB,BRITAIN,GBR,,,,,LAB,,,1,010,010,01,1,0.0,30,5,30,-0.824028905420054,3,"Phoenix, Arizona, United States",US,USAZ,33.4484,-112.074,44784,3,"Phoenix, Arizona, United States",US,USAZ,33.4484,-112.074,44784,3,"Phoenix, Arizona, United States",US,USAZ,33.4484,-112.074,44784,20230405,https://www.ibtimes.co.uk/analysis-hsbc-goldman-gender-pay-gaps-widen-uk-finance-makes-slow-progress-1714834
1093577866,20230405,202304,2023,2023.2603,COP,DEPUTY,,,,,,COP,,,,,,,,,,,,,0,010,010,01,1,0.0,20,2,20,-3.05920449928703,4,"Nagpur, Maharashtra, India",IN,IN16,21.15,79.1,-2105396,0,,,,,,,4,"Nagpur, Maharashtra, India",IN,IN16,21.15,79.1,-2105396,20230405,https://www.news18.com/politics/we-should-thank-rahul-as-gadkari-slams-rahul-gandhi-over-savarkar-remarks-fadnavis-takes-golden-spoon-dig-7468225.html
1093578065,20230405,202304,2023,2023.2603,GBRBUS,BRITAIN,GBR,,,,,BUS,,,,,,,,,,,,,1,010,010,01,1,0.0,12,3,12,-1.73601108820363,1,United Kingdom,UK,UK,54,-4,UK,0,,,,,,,1,United Kingdom,UK,UK,54,-4,UK,20230405,https://www.ibtimes.co.uk/analysis-hsbc-goldman-gender-pay-gaps-widen-uk-finance-makes-slow-progress-1714834
1093578066,20230405,202304,2023,2023.2603,GBRBUS,BRITAIN,GBR,,,,,BUS,,,GBR,UNITED KINGDOM,GBR,,,,,,,,1,010,010,01,1,0.0,6,2,6,-0.689123015284169,1,United Kingdom,UK,UK,54,-4,UK,1,United Kingdom,UK,UK,54,-4,UK,1,United Kingdom,UK,UK,54,-4,UK,20230405,https://www.ibtimes.co.uk/analysis-hsbc-goldman-gender-pay-gaps-widen-uk-finance-makes-slow-progress-1714834
1093578103,20230405,202304,2023,2023.2603,GOV,MINIST,,,,,,GOV,,,,,,,,,,,,,1,051,051,05,1,3.4,20,4,20,-1.59244066362353,4,"Nagpur, Maharashtra, India",IN,IN16,21.15,79.1,-2105396,0,,,,,,,4,"Nagpur, Maharashtra, India",IN,IN16,21.15,79.1,-2105396,20230405,https://www.news18.com/politics/we-should-thank-rahul-as-gadkari-slams-rahul-gandhi-over-savarkar-remarks-fadnavis-takes-golden-spoon-dig-7468225.html
1093578205,20230405,202304,2023,2023.2603,GOVELI,PRESIDENT,,,,,,GOV,ELI,,COP,PRISON,,,,,,COP,,,0,010,010,01,1,0.0,20,2,20,-3.05920449928703,4,"Nagpur, Maharashtra, India",IN,IN16,21.15,79.1,-2105396,4,"Nagpur, Maharashtra, India",IN,IN16,21.15,79.1,-2105396,4,"Nagpur, Maharashtra, India",IN,IN16,21.15,79.1,-2105396,20230405,https://www.news18.com/politics/we-should-thank-rahul-as-gadkari-slams-rahul-gandhi-over-savarkar-remarks-fadnavis-takes-golden-spoon-dig-7468225.html
1093580852,20230405,202304,2023,2023.2603,USA,THE US,USA,,,,,,,,ARE,DUBAI,ARE,,,,,,,,1,173,173,17,4,-5.0,20,1,20,1.37800417972832,2,"New York, United States",US,USNY,42.1497,-74.9384,NY,2,"New York, United States",US,USNY,42.1497,-74.9384,NY,2,"New York, United States",US,USNY,42.1497,-74.9384,NY,20230405,https://gulfnews.com/business/retail/gold-shoots-up-to-2022-an-ounce-as-president-trumps-arrest-adds-to-volatility-1.1680667062750
1093581492,20230405,202304,2023,2023.2603,EDUEDU,SCHOOL,,,,,,EDU,EDU,,EDU,SCHOOL,,,,,,EDU,,,1,010,010,01,1,0.0,20,2,20,0.052505111527035,0,,,,,,,0,,,,,,,0,,,,,,,20230405,https://www.kdramastars.com/articles/129130/20230404/park-yoo-na-star-webtoon-drama-spirit-fingers-golden-child-bomin.htm
1093584556,20230405,202304,2023,2023.2603,GOV,GOVERNMENT,,,,,,GOV,,,,,,,,,,,,,1,051,051,05,1,3.4,10,1,10,-3.58126721763086,4,"Dubai, Dubayy, United Arab Emirates",AE,AE03,25.2522,55.28,-782831,0,,,,,,,4,"Dubai, Dubayy, United Arab Emirates",AE,AE03,25.2522,55.28,-782831,20230405,https://www.mangalorean.com/zimbabwean-govt-investigates-allegations-of-gold-smuggling-money-laundering/
1093585058,20230405,202304,2023,2023.2603,MNCUSA,GOLDMAN SACHS,USA,,,,,MNC,,,,,,,,,,,,,1,020,020,02,1,3.0,10,1,10,2.50696378830084,1,India,IN,IN,20,77,IN,0,,,,,,,1,India,IN,IN,20,77,IN,20230405,https://economictimes.indiatimes.com/markets/stocks/news/nifty-to-scale-20000-in-12-months-says-goldman-sachs-remains-overweight-on-banks/articleshow/99257541.cms
1093589345,20230405,202304,2023,2023.2603,ZWE,ZIMBABWEAN,ZWE,,,,,,,,,,,,,,,,,,1,1014,101,10,3,-5.0,8,2,8,-3.9492132730955,1,Zimbabwe,ZI,ZI,-19,29,ZI,0,,,,,,,1,Zimbabwe,ZI,ZI,-19,29,ZI,20230405,https://www.the-star.co.ke/news/africa/2023-04-05-zimbabwe-looks-into-gold-corruption-claims-seen-on-tv/
1093589346,20230405,202304,2023,2023.2603,ZWEGOV,ZIMBABWEAN,ZWE,,,,,GOV,,,,,,,,,,,,,1,1014,101,10,3,-5.0,12,2,12,-3.9492132730955,1,Zimbabwe,ZI,ZI,-19,29,ZI,0,,,,,,,1,Zimbabwe,ZI,ZI,-19,29,ZI,20230405,https://www.the-star.co.ke/news/africa/2023-04-05-zimbabwe-looks-into-gold-corruption-claims-seen-on-tv/
1093595126,20230405,202304,2023,2023.2603,CRM,MAFIA,,,,,,CRM,,,,,,,,,,,,,1,051,051,05,1,3.4,10,1,10,-1.91570881226053,4,"Harare, Mashonaland East, Zimbabwe",ZI,ZI04,-17.8178,31.0447,-2312291,0,,,,,,,4,"Harare, Mashonaland East, Zimbabwe",ZI,ZI04,-17.8178,31.0447,-2312291,20230405,https://www.newzimbabwe.com/prof-moyo-govt-u-turn-on-gold-mafia-welcome-but-statement-vague-and-embarrassing/
1093595369,20230405,202304,2023,2023.2603,GBRBUS,BRITAIN,GBR,,,,,BUS,,,,,,,,,,,,,1,010,010,01,1,0.0,9,3,9,-0.913966165510645,4,"London, London, City of, United Kingdom",UK,UKH9,51.5,-0.116667,-2601889,0,,,,,,,4,"London, London, City of, United Kingdom",UK,UKH9,51.5,-0.116667,-2601889,20230405,https://www.marketscreener.com/news/latest/HSBC-Goldman-gender-pay-gaps-widen-in-UK-as-finance-makes-slow-progress--43430134/
1093595370,20230405,202304,2023,2023.2603,GBRBUS,BRITAIN,GBR,,,,,BUS,,,GBR,UNITED KINGDOM,GBR,,,,,,,,1,010,010,01,1,0.0,12,3,12,-0.913966165510645,4,"London, London, City of, United Kingdom",UK,UKH9,51.5,-0.116667,-2601889,4,"London, London, City of, United Kingdom",UK,UKH9,51.5,-0.116667,-2601889,4,"London, London, City of, United Kingdom",UK,UKH9,51.5,-0.116667,-2601889,20230405,https://www.marketscreener.com/news/latest/HSBC-Goldman-gender-pay-gaps-widen-in-UK-as-finance-makes-slow-progress--43430134/
1093595406,20230405,202304,2023,2023.2603,GOV,GOVERNMENT,,,,,,GOV,,,,,,,,,,,,,1,010,010,01,1,0.0,25,3,25,-4.1486027075596,4,"Harare, Mashonaland East, Zimbabwe",ZI,ZI04,-17.8178,31.0447,-2312291,0,,,,,,,4,"Harare, Mashonaland East, Zimbabwe",ZI,ZI04,-17.8178,31.0447,-2312291,20230405,https://www.newzimbabwe.com/prof-moyo-govt-u-turn-on-gold-mafia-welcome-but-statement-vague-and-embarrassing/
1093595434,20230405,202304,2023,2023.2603,GOV,AMBASSADOR,,,,,,GOV,,,,,,,,,,,,,1,111,111,11,3,-2.0,12,2,12,-1.99755194866335,4,"Harare, Mashonaland East, Zimbabwe",ZI,ZI04,-17.8178,31.0447,-2312291,0,,,,,,,4,"Harare, Mashonaland East, Zimbabwe",ZI,ZI04,-17.8178,31.0447,-2312291,20230405,https://www.newzimbabwe.com/prof-moyo-govt-u-turn-on-gold-mafia-welcome-but-statement-vague-and-embarrassing/
1093595552,20230405,202304,2023,2023.2603,GOV,AMBASSADOR,,,,,,GOV,,,ZWE,ZIMBABWE,ZWE,,,,,,,,0,110,110,11,3,-2.0,1,1,1,-1.91570881226053,4,"Harare, Mashonaland East, Zimbabwe",ZI,ZI04,-17.8178,31.0447,-2312291,4,"Harare, Mashonaland East, Zimbabwe",ZI,ZI04,-17.8178,31.0447,-2312291,4,"Harare, Mashonaland East, Zimbabwe",ZI,ZI04,-17.8178,31.0447,-2312291,20230405,https://www.newzimbabwe.com/prof-moyo-govt-u-turn-on-gold-mafia-welcome-but-statement-vague-and-embarrassing/
1093595553,20230405,202304,2023,2023.2603,GOV,AMBASSADOR,,,,,,GOV,,,ZWE,ZIMBABWE,ZWE,,,,,,,,1,111,111,11,3,-2.0,4,1,4,-1.91570881226053,4,"Harare, Mashonaland East, Zimbabwe",ZI,ZI04,-17.8178,31.0447,-2312291,4,"Harare, Mashonaland East, Zimbabwe",ZI,ZI04,-17.8178,31.0447,-2312291,4,"Harare, Mashonaland East, Zimbabwe",ZI,ZI04,-17.8178,31.0447,-2312291,20230405,https://www.newzimbabwe.com/prof-moyo-govt-u-turn-on-gold-mafia-welcome-but-statement-vague-and-embarrassing/
1093596489,20230405,202304,2023,2023.2603,ZWEGOV,ZIMBABWE,ZWE,,,,,GOV,,,,,,,,,,,,,0,110,110,11,3,-2.0,1,1,1,-1.91570881226053,4,"Harare, Mashonaland East, Zimbabwe",ZI,ZI04,-17.8178,31.0447,-2312291,0,,,,,,,4,"Harare, Mashonaland East, Zimbabwe",ZI,ZI04,-17.8178,31.0447,-2312291,20230405,https://www.newzimbabwe.com/prof-moyo-govt-u-turn-on-gold-mafia-welcome-but-statement-vague-and-embarrassing/
1093598897,20230405,202304,2023,2023.2603,kanELI,KANNADA,,,kan,,,ELI,,,,,,,,,,,,,1,014,014,01,1,0.0,5,1,5,-1.40845070422535,5,"Karnataka, Karnataka, India",IN,IN19,13.5,76,-2099860,0,,,,,,,5,"Karnataka, Karnataka, India",IN,IN19,13.5,76,-2099860,20230405,https://www.hindustantimes.com/cities/bengaluru-news/rs-3-37-crore-cash-8-6-kg-gold-seized-by-poll-officials-in-bengaluru-101680674769028.html
1093599780,20220405,202204,2022,2022.2603,GOV,PRESIDENT,,,,,,GOV,,,,,,,,,,,,,1,020,020,02,1,3.0,5,1,5,4.50097847358121,0,,,,,,,0,,,,,,,0,,,,,,,20230405,https://www.gmanetwork.com/news/cbb/content/866077/landbank-joins-cebu-co-op-s-golden-anniversary-celebrates-collective-action-for-positive-change/story/
1093600535,20230405,202304,2023,2023.2603,GOV,PRESIDENT,,,,,,GOV,,,PHL,CEBU,PHL,,,,,,,,0,051,051,05,1,3.4,10,1,10,4.50097847358121,0,,,,,,,0,,,,,,,0,,,,,,,20230405,https://www.gmanetwork.com/news/cbb/content/866077/landbank-joins-cebu-co-op-s-golden-anniversary-celebrates-collective-action-for-positive-change/story/
1093600536,20230405,202304,2023,2023.2603,GOV,PRESIDENT,,,,,,GOV,,,PHL,CEBU,PHL,,,,,,,,0,141,141,14,3,-6.5,10,1,10,4.50097847358121,0,,,,,,,0,,,,,,,0,,,,,,,20230405,https://www.gmanetwork.com/news/cbb/content/866077/landbank-joins-cebu-co-op-s-golden-anniversary-celebrates-collective-action-for-positive-change/story/
1093600586,20230405,202304,2023,2023.2603,GRC,GREECE,GRC,,,,,,,,ITA,ITALY,ITA,,,,,,,,1,192,192,19,4,-9.5,2,1,2,0.77519379844962,1,Italy,IT,IT,42.833333,12.833333,IT,1,Italy,IT,IT,42.833333,12.833333,IT,1,Italy,IT,IT,42.833333,12.833333,IT,20230405,https://balkaninsight.com/2023/04/05/golden-touch-eight-decades-on-kings-theft-still-divides-albania/
1093604443,20230405,202304,2023,2023.2603,USA,A US,USA,,,,,,,,USAEDU,A US,USA,,,,,EDU,,,1,014,014,01,1,0.0,10,1,10,4.89690721649484,4,"Dubai, Dubayy, United Arab Emirates",AE,AE03,25.2522,55.28,-782831,4,"Dubai, Dubayy, United Arab Emirates",AE,AE03,25.2522,55.28,-782831,4,"Dubai, Dubayy, United Arab Emirates",AE,AE03,25.2522,55.28,-782831,20230405,https://www.khaleejtimes.com/space/look-uae-astronaut-gets-nasa-golden-pin-from-crewmates
1093605461,20230405,202304,2023,2023.2603,,,,,,,,,,,COL,COLOMBIA,COL,,,,,,,,0,043,043,04,1,2.8,8,1,8,-6.125,0,,,,,,,4,"Nechi, Antioquia, Colombia",CO,CO02,8.09419,-74.7757,-593315,4,"Nechi, Antioquia, Colombia",CO,CO02,8.09419,-74.7757,-593315,20230405,https://www.barrons.com/news/battle-in-colombia-over-river-wrecking-gold-dragons-23f9ab71
1093605521,20230405,202304,2023,2023.2603,,,,,,,,,,,MIL,ARMY,,,,,,MIL,,,1,042,042,04,1,1.9,10,1,10,-6.125,0,,,,,,,4,"El Bagre, Antioquia, Colombia",CO,CO02,7.59272,-74.8086,-582260,4,"El Bagre, Antioquia, Colombia",CO,CO02,7.59272,-74.8086,-582260,20230405,https://www.barrons.com/news/battle-in-colombia-over-river-wrecking-gold-dragons-23f9ab71
1093605774,20230405,202304,2023,2023.2603,COL,COLOMBIA,COL,,,,,,,,,,,,,,,,,,0,042,042,04,1,1.9,8,1,8,-6.125,4,"Nechi, Antioquia, Colombia",CO,CO02,8.09419,-74.7757,-593315,0,,,,,,,4,"Nechi, Antioquia, Colombia",CO,CO02,8.09419,-74.7757,-593315,20230405,https://www.barrons.com/news/battle-in-colombia-over-river-wrecking-gold-dragons-23f9ab71
1093605779,20230405,202304,2023,2023.2603,COLJUD,COLOMBIA,COL,,,,,JUD,,,,,,,,,,,,,0,010,010,01,1,0.0,2,1,2,-6.125,4,"Nueva Esperanza, Departamento de Cordoba, Colombia",CO,CO12,8.33858,-75.5152,-593526,0,,,,,,,4,"Nueva Esperanza, Departamento de Cordoba, Colombia",CO,CO12,8.33858,-75.5152,-593526,20230405,https://www.barrons.com/news/battle-in-colombia-over-river-wrecking-gold-dragons-23f9ab71
1093606311,20230405,202304,2023,2023.2603,JUD,LAWYER,,,,,,JUD,,,,,,,,,,,,,0,010,010,01,1,0.0,6,1,6,-6.125,4,"Nueva Esperanza, Departamento de Cordoba, Colombia",CO,CO12,8.33858,-75.5152,-593526,0,,,,,,,4,"El Bagre, Antioquia, Colombia",CO,CO02,7.59272,-74.8086,-582260,20230405,https://www.barrons.com/news/battle-in-colombia-over-river-wrecking-gold-dragons-23f9ab71
1093606312,20230405,202304,2023,2023.2603,JUD,LAWYER,,,,,,JUD,,,,,,,,,,,,,0,010,010,01,1,0.0,2,1,2,-6.125,4,"Nueva Esperanza, Departamento de Cordoba, Colombia",CO,CO12,8.33858,-75.5152,-593526,0,,,,,,,4,"Nueva Esperanza, Departamento de Cordoba, Colombia",CO,CO12,8.33858,-75.5152,-593526,20230405,https://www.barrons.com/news/battle-in-colombia-over-river-wrecking-gold-dragons-23f9ab71
1093606452,20230405,202304,2023,2023.2603,MIL,ARMY,,,,,,MIL,,,,,,,,,,,,,1,043,043,04,1,2.8,10,1,10,-6.125,4,"El Bagre, Antioquia, Colombia",CO,CO02,7.59272,-74.8086,-582260,0,,,,,,,4,"El Bagre, Antioquia, Colombia",CO,CO02,7.59272,-74.8086,-582260,20230405,https://www.barrons.com/news/battle-in-colombia-over-river-wrecking-gold-dragons-23f9ab71
1093606460,20230405,202304,2023,2023.2603,MIL,ARMY,,,,,,MIL,,,CRM,ORGANIZED CRIME,,,,,,CRM,,,0,036,036,03,1,4.0,5,1,5,-6.125,4,"Nechi, Antioquia, Colombia",CO,CO02,8.09419,-74.7757,-593315,4,"Nechi, Antioquia, Colombia",CO,CO02,8.09419,-74.7757,-593315,4,"Nechi, Antioquia, Colombia",CO,CO02,8.09419,-74.7757,-593315,20230405,https://www.barrons.com/news/battle-in-colombia-over-river-wrecking-gold-dragons-23f9ab71
1093606910,20230405,202304,2023,2023.2603,USA,THE US,USA,,,,,,,,AUS,SYDNEY,AUS,,,,,,,,1,020,020,02,1,3.0,5,1,5,-0.3690036900369,1,Singapore,SN,SN,1.366667,103.8,SN,1,Singapore,SN,SN,1.366667,103.8,SN,1,Singapore,SN,SN,1.366667,103.8,SN,20230405,https://www.thestandard.com.hk/breaking-news/section/2/202312/Gold-eyes-record-high-as-US$2000-surge-holds&nbsp
1093606911,20230405,202304,2023,2023.2603,USA,THE US,USA,,,,,,,,AUS,SYDNEY,AUS,,,,,,,,1,051,051,05,1,3.4,1,1,1,-0.3690036900369,1,Singapore,SN,SN,1.366667,103.8,SN,1,Singapore,SN,SN,1.366667,103.8,SN,1,Singapore,SN,SN,1.366667,103.8,SN,20230405,https://www.thestandard.com.hk/breaking-news/section/2/202312/Gold-eyes-record-high-as-US$2000-surge-holds&nbsp
1093608126,20230405,202304,2023,2023.2603,,,,,,,,,,,GOVMED,INFORMATION OFFICE,,,,,,GOV,MED,,1,040,040,04,1,1.0,10,1,10,5.15734265734266,0,,,,,,,4,"Guangzhou, Guangdong, China",CH,CH30,23.1167,113.25,-1907161,4,"Guangzhou, Guangdong, China",CH,CH30,23.1167,113.25,-1907161,20230405,https://www.archyde.com/the-state-council-information-office-unveils-plans-for-the-133rd-canton-fair-introducing-exciting-new-hues-to-the-golden-signboard-guangming-com/
1093608658,20230405,202304,2023,2023.2603,GOV,CONSULATE,,,,,,GOV,,,CHN,GUANGZHOU,CHN,,,,,,,,0,036,036,03,1,4.0,3,1,3,5.15734265734266,4,"Guangzhou, Guangdong, China",CH,CH30,23.1167,113.25,-1907161,4,"Guangzhou, Guangdong, China",CH,CH30,23.1167,113.25,-1907161,4,"Guangzhou, Guangdong, China",CH,CH30,23.1167,113.25,-1907161,20230405,https://www.archyde.com/the-state-council-information-office-unveils-plans-for-the-133rd-canton-fair-introducing-exciting-new-hues-to-the-golden-signboard-guangming-com/
1093608729,20230405,202304,2023,2023.2603,GOVMED,INFORMATION OFFICE,,,,,,GOV,MED,,,,,,,,,,,,1,040,040,04,1,1.0,10,1,10,5.15734265734266,4,"Suning, Hebei, China",CH,CH10,38.4225,115.829,-1927393,0,,,,,,,4,"Suning, Hebei, China",CH,CH10,38.4225,115.829,-1927393,20230405,https://www.archyde.com/the-state-council-information-office-unveils-plans-for-the-133rd-canton-fair-introducing-exciting-new-hues-to-the-golden-signboard-guangming-com/
1093609480,20230405,202304,2023,2023.2603,USA,ARIZONA,USA,,,,,,,,USACHR,UNITED STATES,USA,,,CHR,,,,,1,115,115,11,3,-2.0,4,1,4,-3.04659498207886,2,"Arizona, United States",US,USAZ,33.7712,-111.388,AZ,2,"Arizona, United States",US,USAZ,33.7712,-111.388,AZ,2,"Arizona, United States",US,USAZ,33.7712,-111.388,AZ,20230405,https://arizonadailyindependent.com/2023/04/04/goldwater-institute-files-in-arizona-christian-universitys-lawsuit-against-washington-elementary-school-district/
1093609498,20230405,202304,2023,2023.2603,USACHR,ARIZONA,USA,,,CHR,,,,,EDUCHR,UNIVERSITY,,,,CHR,,EDU,,,1,115,115,11,3,-2.0,6,1,6,-3.04659498207886,2,"Arizona, United States",US,USAZ,33.7712,-111.388,AZ,2,"Arizona, United States",US,USAZ,33.7712,-111.388,AZ,2,"Arizona, United States",US,USAZ,33.7712,-111.388,AZ,20230405,https://arizonadailyindependent.com/2023/04/04/goldwater-institute-files-in-arizona-christian-universitys-lawsuit-against-washington-elementary-school-district/
1093611113,20230405,202304,2023,2023.2603,BUS,TRADER,,,,,,BUS,,,,,,,,,,,,,1,120,120,12,3,-4.0,71,11,71,-1.68939374171773,2,"New York, United States",US,USNY,42.1497,-74.9384,NY,0,,,,,,,2,"New York, United States",US,USNY,42.1497,-74.9384,NY,20230405,https://www.efinancialcareers.com/news/2023/04/goldman-sachs-vp
1093611343,20230405,202304,2023,2023.2603,EDU,SCHOOL,,,,,,EDU,,,SGP,SINGAPORE,SGP,,,,,,,,1,043,043,04,1,2.8,4,1,4,4.18994413407821,4,"Mumbai, Maharashtra, India",IN,IN16,18.975,72.8258,-2092174,1,Singapore,SN,SN,1.366667,103.8,SN,4,"Mumbai, Maharashtra, India",IN,IN16,18.975,72.8258,-2092174,20230405,https://www.dnaindia.com/bollywood/photo-gallery-nysa-devgan-kajol-ajay-devgn-shows-off-curves-bold-off-shoulder-golden-dress-parties-orry-tania-shroff-viral-3027020
1093611349,20230405,202304,2023,2023.2603,EGY,EGYPT,EGY,,,,,,,,,,,,,,,,,,1,051,051,05,1,3.4,20,1,10,0.86767895878525,4,"Edfu, Aswan, Egypt",EG,EG16,24.9792,32.8772,-295723,0,,,,,,,4,"Edfu, Aswan, Egypt",EG,EG16,24.9792,32.8772,-295723,20230405,https://thewest.com.au/news/world/study-first-osteological-evidence-of-severed-hands-in-ancient-egypt-finds-evidence-of-gold-of-honour-ceremony-c-10263121
1093611350,20230405,202304,2023,2023.2603,EGY,EGYPT,EGY,,,,,,,,,,,,,,,,,,1,090,090,09,2,-2.0,10,1,10,0.86767895878525,4,"Edfu, Aswan, Egypt",EG,EG16,24.9792,32.8772,-295723,0,,,,,,,4,"Edfu, Aswan, Egypt",EG,EG16,24.9792,32.8772,-295723,20230405,https://thewest.com.au/news/world/study-first-osteological-evidence-of-severed-hands-in-ancient-egypt-finds-evidence-of-gold-of-honour-ceremony-c-10263121
1093611351,20230405,202304,2023,2023.2603,EGY,EGYPT,EGY,,,,,,,,,,,,,,,,,,1,090,090,09,2,-2.0,10,1,10,0.86767895878525,4,"Naqada, Qina, Egypt",EG,EG23,25.9018,32.7246,-300026,0,,,,,,,4,"Naqada, Qina, Egypt",EG,EG23,25.9018,32.7246,-300026,20230405,https://thewest.com.au/news/world/study-first-osteological-evidence-of-severed-hands-in-ancient-egypt-finds-evidence-of-gold-of-honour-ceremony-c-10263121
1093611669,20230405,202304,2023,2023.2603,IND,MUMBAI,IND,,,,,,,,SGP,SINGAPORE,SGP,,,,,,,,1,043,043,04,1,2.8,2,1,2,4.18994413407821,4,"Mumbai, Maharashtra, India",IN,IN16,18.975,72.8258,-2092174,4,"Mumbai, Maharashtra, India",IN,IN16,18.975,72.8258,-2092174,4,"Mumbai, Maharashtra, India",IN,IN16,18.975,72.8258,-2092174,20230405,https://www.dnaindia.com/bollywood/photo-gallery-nysa-devgan-kajol-ajay-devgn-shows-off-curves-bold-off-shoulder-golden-dress-parties-orry-tania-shroff-viral-3027020
1093611670,20230405,202304,2023,2023.2603,IND,MUMBAI,IND,,,,,,,,SGP,SINGAPORE,SGP,,,,,,,,1,043,043,04,1,2.8,2,1,2,4.18994413407821,4,"Mumbai, Maharashtra, India",IN,IN16,18.975,72.8258,-2092174,1,Singapore,SN,SN,1.366667,103.8,SN,4,"Mumbai, Maharashtra, India",IN,IN16,18.975,72.8258,-2092174,20230405,https://www.dnaindia.com/bollywood/photo-gallery-nysa-devgan-kajol-ajay-devgn-shows-off-curves-bold-off-shoulder-golden-dress-parties-orry-tania-shroff-viral-3027020
1093611671,20230405,202304,2023,2023.2603,IND,MUMBAI,IND,,,,,,,,SGP,SINGAPORE,SGP,,,,,,,,1,043,043,04,1,2.8,2,1,2,4.18994413407821,4,"Mumbai, Maharashtra, India",IN,IN16,18.975,72.8258,-2092174,1,Singapore,SN,SN,1.366667,103.8,SN,1,Singapore,SN,SN,1.366667,103.8,SN,20230405,https://www.dnaindia.com/bollywood/photo-gallery-nysa-devgan-kajol-ajay-devgn-shows-off-curves-bold-off-shoulder-golden-dress-parties-orry-tania-shroff-viral-3027020
1093612236,20230405,202304,2023,2023.2603,SGP,SINGAPORE,SGP,,,,,,,,EDU,SCHOOL,,,,,,EDU,,,1,042,042,04,1,1.9,4,1,4,4.18994413407821,1,Singapore,SN,SN,1.366667,103.8,SN,4,"Mumbai, Maharashtra, India",IN,IN16,18.975,72.8258,-2092174,4,"Mumbai, Maharashtra, India",IN,IN16,18.975,72.8258,-2092174,20230405,https://www.dnaindia.com/bollywood/photo-gallery-nysa-devgan-kajol-ajay-devgn-shows-off-curves-bold-off-shoulder-golden-dress-parties-orry-tania-shroff-viral-3027020
1093612237,20230405,202304,2023,2023.2603,SGP,SINGAPORE,SGP,,,,,,,,IND,MUMBAI,IND,,,,,,,,1,042,042,04,1,1.9,2,1,2,4.18994413407821,4,"Mumbai, Maharashtra, India",IN,IN16,18.975,72.8258,-2092174,4,"Mumbai, Maharashtra, India",IN,IN16,18.975,72.8258,-2092174,4,"Mumbai, Maharashtra, India",IN,IN16,18.975,72.8258,-2092174,20230405,https://www.dnaindia.com/bollywood/photo-gallery-nysa-devgan-kajol-ajay-devgn-shows-off-curves-bold-off-shoulder-golden-dress-parties-orry-tania-shroff-viral-3027020
1093612238,20230405,202304,2023,2023.2603,SGP,SINGAPORE,SGP,,,,,,,,IND,MUMBAI,IND,,,,,,,,1,042,042,04,1,1.9,2,1,2,4.18994413407821,1,Singapore,SN,SN,1.366667,103.8,SN,4,"Mumbai, Maharashtra, India",IN,IN16,18.975,72.8258,-2092174,4,"Mumbai, Maharashtra, India",IN,IN16,18.975,72.8258,-2092174,20230405,https://www.dnaindia.com/bollywood/photo-gallery-nysa-devgan-kajol-ajay-devgn-shows-off-curves-bold-off-shoulder-golden-dress-parties-orry-tania-shroff-viral-3027020
1093612239,20230405,202304,2023,2023.2603,SGP,SINGAPORE,SGP,,,,,,,,IND,MUMBAI,IND,,,,,,,,1,042,042,04,1,1.9,2,1,2,4.18994413407821,1,Singapore,SN,SN,1.366667,103.8,SN,4,"Mumbai, Maharashtra, India",IN,IN16,18.975,72.8258,-2092174,1,Singapore,SN,SN,1.366667,103.8,SN,20230405,https://www.dnaindia.com/bollywood/photo-gallery-nysa-devgan-kajol-ajay-devgn-shows-off-curves-bold-off-shoulder-golden-dress-parties-orry-tania-shroff-viral-3027020
1093615353,20230405,202304,2023,2023.2603,BUS,ENTREPRENEUR,,,,,,BUS,,,LAB,WORKER,,,,,,LAB,,,1,070,070,07,2,7.0,9,1,9,4.5346062052506,1,Nepal,NP,NP,28,84,NP,1,Nepal,NP,NP,28,84,NP,1,Nepal,NP,NP,28,84,NP,20230405,https://www.spotlightnepal.com/2023/04/05/fbpw-nepal-golden-jubilee/
1093615359,20230405,202304,2023,2023.2603,BUS,ENTREPRENEUR,,,,,,BUS,,,NPL,NEPAL,NPL,,,,,,,,0,070,070,07,2,7.0,10,1,10,4.5346062052506,1,Nepal,NP,NP,28,84,NP,1,Nepal,NP,NP,28,84,NP,1,Nepal,NP,NP,28,84,NP,20230405,https://www.spotlightnepal.com/2023/04/05/fbpw-nepal-golden-jubilee/
1093615898,20230405,202304,2023,2023.2603,GOV,GOVERNMENT OFFICIAL,,,,,,GOV,,,THA,THAILAND,THA,,,,,,,,1,042,042,04,1,1.9,10,1,10,4.5346062052506,1,Thailand,TH,TH,15,100,TH,1,Thailand,TH,TH,15,100,TH,1,Thailand,TH,TH,15,100,TH,20230405,https://www.spotlightnepal.com/2023/04/05/fbpw-nepal-golden-jubilee/
1093616231,20230405,202304,2023,2023.2603,LAB,WORKER,,,,,,LAB,,,,,,,,,,,,,1,070,070,07,2,7.0,1,1,1,4.5346062052506,1,Nepal,NP,NP,28,84,NP,0,,,,,,,1,Nepal,NP,NP,28,84,NP,20230405,https://www.spotlightnepal.com/2023/04/05/fbpw-nepal-golden-jubilee/
1093616648,20230405,202304,2023,2023.2603,THA,THAILAND,THA,,,,,,,,GOV,GOVERNMENT OFFICIAL,,,,,,GOV,,,1,010,010,01,1,0.0,2,1,2,4.5346062052506,1,Thailand,TH,TH,15,100,TH,1,Thailand,TH,TH,15,100,TH,1,Nepal,NP,NP,28,84,NP,20230405,https://www.spotlightnepal.com/2023/04/05/fbpw-nepal-golden-jubilee/
1093616649,20230405,202304,2023,2023.2603,THA,THAILAND,THA,,,,,,,,GOV,GOVERNMENT OFFICIAL,,,,,,GOV,,,1,010,010,01,1,0.0,8,1,8,4.5346062052506,1,Thailand,TH,TH,15,100,TH,1,Thailand,TH,TH,15,100,TH,1,Thailand,TH,TH,15,100,TH,20230405,https://www.spotlightnepal.com/2023/04/05/fbpw-nepal-golden-jubilee/
1093616650,20230405,202304,2023,2023.2603,THA,THAILAND,THA,,,,,,,,GOV,GOVERNMENT OFFICIAL,,,,,,GOV,,,1,043,043,04,1,2.8,10,1,10,4.5346062052506,1,Thailand,TH,TH,15,100,TH,1,Thailand,TH,TH,15,100,TH,1,Thailand,TH,TH,15,100,TH,20230405,https://www.spotlightnepal.com/2023/04/05/fbpw-nepal-golden-jubilee/
1093617271,20230405,202304,2023,2023.2603,BUS,INVESTOR,,,,,,BUS,,,,,,,,,,,,,0,010,010,01,1,0.0,3,1,3,0.34794711203897,1,Syria,SY,SY,35,38,SY,0,,,,,,,1,Saudi Arabia,SA,SA,25,45,SA,20230405,https://timesofoman.com/article/129118-middle-east-trend-for-golden-visa-schemes-accelerating
1093617296,20230405,202304,2023,2023.2603,BUS,INVESTOR,,,,,,BUS,,,GOV,REGIONAL REPRESENTATIVE,,,,,,GOV,,,0,010,010,01,1,0.0,2,1,2,0.34794711203897,1,Saudi Arabia,SA,SA,25,45,SA,1,Saudi Arabia,SA,SA,25,45,SA,1,Saudi Arabia,SA,SA,25,45,SA,20230405,https://timesofoman.com/article/129118-middle-east-trend-for-golden-visa-schemes-accelerating
1093617297,20230405,202304,2023,2023.2603,BUS,INVESTOR,,,,,,BUS,,,GOV,REGIONAL REPRESENTATIVE,,,,,,GOV,,,0,010,010,01,1,0.0,3,1,3,0.34794711203897,1,Syria,SY,SY,35,38,SY,1,Saudi Arabia,SA,SA,25,45,SA,1,Saudi Arabia,SA,SA,25,45,SA,20230405,https://timesofoman.com/article/129118-middle-east-trend-for-golden-visa-schemes-accelerating
1093617303,20230405,202304,2023,2023.2603,BUS,INVESTOR,,,,,,BUS,,,SAU,SAUDI ARABIA,SAU,,,,,,,,0,010,010,01,1,0.0,2,1,2,0.34794711203897,1,Saudi Arabia,SA,SA,25,45,SA,1,Saudi Arabia,SA,SA,25,45,SA,1,Saudi Arabia,SA,SA,25,45,SA,20230405,https://timesofoman.com/article/129118-middle-east-trend-for-golden-visa-schemes-accelerating
1093617954,20230405,202304,2023,2023.2603,IRQ,IRAQ,IRQ,,,,,,,,,,,,,,,,,,1,010,010,01,1,0.0,2,1,2,0.34794711203897,1,Italy,IT,IT,42.833333,12.833333,IT,0,,,,,,,1,Italy,IT,IT,42.833333,12.833333,IT,20230405,https://timesofoman.com/article/129118-middle-east-trend-for-golden-visa-schemes-accelerating
1093617955,20230405,202304,2023,2023.2603,IRQ,IRAQ,IRQ,,,,,,,,,,,,,,,,,,1,010,010,01,1,0.0,8,1,8,0.34794711203897,1,Vanuatu,NH,NH,-16,167,NH,0,,,,,,,1,Vanuatu,NH,NH,-16,167,NH,20230405,https://timesofoman.com/article/129118-middle-east-trend-for-golden-visa-schemes-accelerating
1093618557,20230405,202304,2023,2023.2603,UKR,UKRAINE,UKR,,,,,,,,IGOEUREEC,THE EU,EUR,EEC,,,,IGO,,,0,020,020,02,1,3.0,10,1,10,0.34794711203897,1,Ukraine,UP,UP,49,32,UP,1,Ukraine,UP,UP,49,32,UP,1,Ukraine,UP,UP,49,32,UP,20230405,https://timesofoman.com/article/129118-middle-east-trend-for-golden-visa-schemes-accelerating
1093622617,20230405,202304,2023,2023.2603,ZWE,HARARE,ZWE,,,,,,,,,,,,,,,,,,1,091,091,09,2,-2.0,10,1,10,-3.18471337579618,4,"Harare, Mashonaland East, Zimbabwe",ZI,ZI04,-17.8178,31.0447,-2312291,0,,,,,,,4,"Harare, Mashonaland East, Zimbabwe",ZI,ZI04,-17.8178,31.0447,-2312291,20230405,https://ewn.co.za/2023/04/05/zimbabwe-to-investigate-gold-mafia-allegations-taking-them-seriously
1093622618,20230405,202304,2023,2023.2603,ZWE,HARARE,ZWE,,,,,,,,ZWEGOV,ZIMBABWE,ZWE,,,,,GOV,,,1,0311,031,03,1,5.2,10,1,10,-3.18471337579618,4,"Harare, Mashonaland East, Zimbabwe",ZI,ZI04,-17.8178,31.0447,-2312291,4,"Harare, Mashonaland East, Zimbabwe",ZI,ZI04,-17.8178,31.0447,-2312291,4,"Harare, Mashonaland East, Zimbabwe",ZI,ZI04,-17.8178,31.0447,-2312291,20230405,https://ewn.co.za/2023/04/05/zimbabwe-to-investigate-gold-mafia-allegations-taking-them-seriously
1093627698,20230405,202304,2023,2023.2603,,,,,,,,,,,AUS,AUSTRALIA,AUS,,,,,,,,1,030,030,03,1,4.0,2,1,2,0.75136612021858,0,,,,,,,4,"Bendigo, Victoria, Australia",AS,AS07,-36.7582,144.28,-1558533,4,"Bendigo, Victoria, Australia",AS,AS07,-36.7582,144.28,-1558533,20230405,https://www.juniorminingnetwork.com/junior-miner-news/press-releases/1226-tsx/nvo/138325-drilling-commences-at-high-grade-gold-catia-prospect-at-bellary-dome.html
1093627699,20230405,202304,2023,2023.2603,,,,,,,,,,,AUS,AUSTRALIA,AUS,,,,,,,,1,030,030,03,1,4.0,2,1,2,0.75136612021858,0,,,,,,,4,"Vancouver, British Columbia, Canada",CA,CA02,49.25,-123.133,-575268,4,"Vancouver, British Columbia, Canada",CA,CA02,49.25,-123.133,-575268,20230405,https://www.juniorminingnetwork.com/junior-miner-news/press-releases/1226-tsx/nvo/138325-drilling-commences-at-high-grade-gold-catia-prospect-at-bellary-dome.html
1093627716,20230405,202304,2023,2023.2603,,,,,,,,,,,BUS,CONGLOMERATE,,,,,,BUS,,,0,042,042,04,1,1.9,10,1,10,0.75136612021858,0,,,,,,,4,"Bendigo, Victoria, Australia",AS,AS07,-36.7582,144.28,-1558533,4,"Bendigo, Victoria, Australia",AS,AS07,-36.7582,144.28,-1558533,20230405,https://www.juniorminingnetwork.com/junior-miner-news/press-releases/1226-tsx/nvo/138325-drilling-commences-at-high-grade-gold-catia-prospect-at-bellary-dome.html
1093628033,20230405,202304,2023,2023.2603,BUS,CONGLOMERATE,,,,,,BUS,,,,,,,,,,,,,0,043,043,04,1,2.8,4,1,4,0.75136612021858,4,"Bendigo, Victoria, Australia",AS,AS07,-36.7582,144.28,-1558533,0,,,,,,,4,"Bendigo, Victoria, Australia",AS,AS07,-36.7582,144.28,-1558533,20230405,https://www.juniorminingnetwork.com/junior-miner-news/press-releases/1226-tsx/nvo/138325-drilling-commences-at-high-grade-gold-catia-prospect-at-bellary-dome.html
1093628036,20230405,202304,2023,2023.2603,BUS,CONGLOMERATE,,,,,,BUS,,,,,,,,,,,,,0,043,043,04,1,2.8,6,1,6,0.75136612021858,4,"Vancouver, British Columbia, Canada",CA,CA02,49.25,-123.133,-575268,0,,,,,,,4,"Vancouver, British Columbia, Canada",CA,CA02,49.25,-123.133,-575268,20230405,https://www.juniorminingnetwork.com/junior-miner-news/press-releases/1226-tsx/nvo/138325-drilling-commences-at-high-grade-gold-catia-prospect-at-bellary-dome.html
1093628559,20230405,202304,2023,2023.2603,FRA,PARIS,FRA,,,,,,,,,,,,,,,,,,1,036,036,03,1,4.0,10,2,10,6.60216578185328,1,Egypt,EG,EG,27,30,EG,0,,,,,,,1,Egypt,EG,EG,27,30,EG,20230405,https://menafn.com/1105948320/Ramses-And-Pharaohs-Gold-Exhibition-Opens-In-Paris-On-Thursday-Dailynewsegypt
1093628748,20230405,202304,2023,2023.2603,GOV,AMBASSADOR,,,,,,GOV,,,FRA,FRENCH,FRA,,,,,,,,1,010,010,01,1,0.0,12,2,12,6.60216578185328,1,Egypt,EG,EG,27,30,EG,1,Egypt,EG,EG,27,30,EG,1,Egypt,EG,EG,27,30,EG,20230405,https://menafn.com/1105948320/Ramses-And-Pharaohs-Gold-Exhibition-Opens-In-Paris-On-Thursday-Dailynewsegypt
1093628749,20230405,202304,2023,2023.2603,GOV,AMBASSADOR,,,,,,GOV,,,FRA,PARIS,FRA,,,,,,,,1,013,013,01,1,0.4,16,2,16,6.60216578185328,4,"Paris, France (general), France",FR,FR00,48.8667,2.33333,-1456928,4,"Paris, France (general), France",FR,FR00,48.8667,2.33333,-1456928,4,"Paris, France (general), France",FR,FR00,48.8667,2.33333,-1456928,20230405,https://menafn.com/1105948320/Ramses-And-Pharaohs-Gold-Exhibition-Opens-In-Paris-On-Thursday-Dailynewsegypt
1093628750,20230405,202304,2023,2023.2603,GOV,AMBASSADOR,,,,,,GOV,,,FRA,PARIS,FRA,,,,,,,,1,013,013,01,1,0.4,4,2,4,6.60216578185328,1,Egypt,EG,EG,27,30,EG,4,"Paris, France (general), France",FR,FR00,48.8667,2.33333,-1456928,4,"Paris, France (general), France",FR,FR00,48.8667,2.33333,-1456928,20230405,https://menafn.com/1105948320/Ramses-And-Pharaohs-Gold-Exhibition-Opens-In-Paris-On-Thursday-Dailynewsegypt
1093629232,20230405,202304,2023,2023.2603,LAB,WORKER,,,,,,LAB,,,,,,,,,,,,,1,114,114,11,3,-2.0,1,1,1,-0.46728971962617,4,"Putao, Kachin State, Myanmar",BM,BM04,27.35,97.4,-440074,0,,,,,,,4,"Putao, Kachin State, Myanmar",BM,BM04,27.35,97.4,-440074,20230405,https://www.bnionline.net/en/news/gold-miners-northern-kachin-state-reportedly-paid-drugs-instead-wages
1093629233,20230405,202304,2023,2023.2603,LAB,WORKER,,,,,,LAB,,,,,,,,,,,,,1,114,114,11,3,-2.0,5,1,5,-0.46728971962617,5,"Rakhine State, Rakhine State, Myanmar",BM,BM01,19,94.25,-440595,0,,,,,,,5,"Rakhine State, Rakhine State, Myanmar",BM,BM01,19,94.25,-440595,20230405,https://www.bnionline.net/en/news/gold-miners-northern-kachin-state-reportedly-paid-drugs-instead-wages
1093629234,20230405,202304,2023,2023.2603,LAB,WORKER,,,,,,LAB,,,,,,,,,,,,,1,143,143,14,3,-6.5,2,1,2,-0.46728971962617,4,"Machanbaw, Burma (general), Myanmar",BM,BM00,27.2667,97.6,-426619,0,,,,,,,4,"Machanbaw, Burma (general), Myanmar",BM,BM00,27.2667,97.6,-426619,20230405,https://www.bnionline.net/en/news/gold-miners-northern-kachin-state-reportedly-paid-drugs-instead-wages
1093629235,20230405,202304,2023,2023.2603,LAB,WORKER,,,,,,LAB,,,,,,,,,,,,,1,143,143,14,3,-6.5,8,1,8,-0.46728971962617,5,"Rakhine State, Rakhine State, Myanmar",BM,BM01,19,94.25,-440595,0,,,,,,,5,"Rakhine State, Rakhine State, Myanmar",BM,BM01,19,94.25,-440595,20230405,https://www.bnionline.net/en/news/gold-miners-northern-kachin-state-reportedly-paid-drugs-instead-wages
1093629245,20230405,202304,2023,2023.2603,LAB,WORKER,,,,,,LAB,,,MMR,MYANMAR,MMR,,,,,,,,1,042,042,04,1,1.9,2,1,2,-0.46728971962617,4,"Machanbaw, Burma (general), Myanmar",BM,BM00,27.2667,97.6,-426619,4,"Machanbaw, Burma (general), Myanmar",BM,BM00,27.2667,97.6,-426619,4,"Machanbaw, Burma (general), Myanmar",BM,BM00,27.2667,97.6,-426619,20230405,https://www.bnionline.net/en/news/gold-miners-northern-kachin-state-reportedly-paid-drugs-instead-wages
1093629407,20230405,202304,2023,2023.2603,MMR,MYANMAR,MMR,,,,,,,,LAB,WORKER,,,,,,LAB,,,1,043,043,04,1,2.8,2,1,2,-0.46728971962617,4,"Machanbaw, Burma (general), Myanmar",BM,BM00,27.2667,97.6,-426619,4,"Machanbaw, Burma (general), Myanmar",BM,BM00,27.2667,97.6,-426619,4,"Machanbaw, Burma (general), Myanmar",BM,BM00,27.2667,97.6,-426619,20230405,https://www.bnionline.net/en/news/gold-miners-northern-kachin-state-reportedly-paid-drugs-instead-wages
1093629408,20230405,202304,2023,2023.2603,MMR,MYANMAR,MMR,,,,,,,,LAB,WORKER,,,,,,LAB,,,1,114,114,11,3,-2.0,6,1,6,-0.46728971962617,4,"Machanbaw, Burma (general), Myanmar",BM,BM00,27.2667,97.6,-426619,4,"Putao, Kachin State, Myanmar",BM,BM04,27.35,97.4,-440074,4,"Putao, Kachin State, Myanmar",BM,BM04,27.35,97.4,-440074,20230405,https://www.bnionline.net/en/news/gold-miners-northern-kachin-state-reportedly-paid-drugs-instead-wages
1093629409,20230405,202304,2023,2023.2603,MMR,KACHIN STATE,MMR,,,,,,,,LAB,WORKER,,,,,,LAB,,,1,114,114,11,3,-2.0,1,1,1,-0.46728971962617,4,"Putao, Kachin State, Myanmar",BM,BM04,27.35,97.4,-440074,4,"Putao, Kachin State, Myanmar",BM,BM04,27.35,97.4,-440074,4,"Putao, Kachin State, Myanmar",BM,BM04,27.35,97.4,-440074,20230405,https://www.bnionline.net/en/news/gold-miners-northern-kachin-state-reportedly-paid-drugs-instead-wages
1093630151,20230405,202304,2023,2023.2603,USA,THE US,USA,,,,,,,,,,,,,,,,,,1,084,084,08,2,7.0,10,1,10,2.66393442622951,4,"Lucknow, Uttar Pradesh, India",IN,IN36,26.85,80.9167,-2102835,0,,,,,,,4,"Lucknow, Uttar Pradesh, India",IN,IN36,26.85,80.9167,-2102835,20230405,https://www.india.com/business/gold-rates-rise-on-april-5-2023-check-the-yellow-metals-price-today-in-delhi-mumbai-chennai-other-top-cities-5980828/
1093630315,20230405,202304,2023,2023.2603,USAGOVBUS,US TREASURY,USA,,,,,GOV,BUS,,,,,,,,,,,,1,120,120,12,3,-4.0,5,1,5,2.66393442622951,4,"Chennai, Tamil Nadu, India",IN,IN25,13.0833,80.2833,-2103041,0,,,,,,,4,"Chennai, Tamil Nadu, India",IN,IN25,13.0833,80.2833,-2103041,20230405,https://www.india.com/business/gold-rates-rise-on-april-5-2023-check-the-yellow-metals-price-today-in-delhi-mumbai-chennai-other-top-cities-5980828/
1093635233,20230405,202304,2023,2023.2603,BUS,COMPANY,,,,,,BUS,,,,,,,,,,,,,1,060,060,06,2,6.0,30,2,30,5.87835068293392,1,Singapore,SN,SN,1.366667,103.8,SN,0,,,,,,,1,Singapore,SN,SN,1.366667,103.8,SN,20230405,https://finance.yahoo.com/news/golden-agri-resources-recognised-two-030000360.html
1093635515,20230405,202304,2023,2023.2603,EDU,SCHOLAR,,,,,,EDU,,,USA,NORTH CAROLINA,USA,,,,,,,,1,042,042,04,1,1.9,4,1,4,5.66037735849057,2,"North Carolina, United States",US,USNC,35.6411,-79.8431,NC,2,"North Carolina, United States",US,USNC,35.6411,-79.8431,NC,2,"North Carolina, United States",US,USNC,35.6411,-79.8431,NC,20230405,https://www.beaufortcountynow.com/post/66284/golden-leaf-external-affairs-intern-spotlight-savanna-ramirez.html
1093635521,20230405,202304,2023,2023.2603,EDU,SCHOLAR,,,,,,EDU,,,USAEDU,NORTH CAROLINA,USA,,,,,EDU,,,1,042,042,04,1,1.9,6,1,6,5.66037735849057,2,"North Carolina, United States",US,USNC,35.6411,-79.8431,NC,2,"North Carolina, United States",US,USNC,35.6411,-79.8431,NC,2,"North Carolina, United States",US,USNC,35.6411,-79.8431,NC,20230405,https://www.beaufortcountynow.com/post/66284/golden-leaf-external-affairs-intern-spotlight-savanna-ramirez.html
1093636611,20230405,202304,2023,2023.2603,USA,NORTH CAROLINA,USA,,,,,,,,EDU,SCHOLAR,,,,,,EDU,,,1,043,043,04,1,2.8,4,1,4,5.66037735849057,2,"North Carolina, United States",US,USNC,35.6411,-79.8431,NC,2,"North Carolina, United States",US,USNC,35.6411,-79.8431,NC,2,"North Carolina, United States",US,USNC,35.6411,-79.8431,NC,20230405,https://www.beaufortcountynow.com/post/66284/golden-leaf-external-affairs-intern-spotlight-savanna-ramirez.html
1093636680,20230405,202304,2023,2023.2603,USAEDU,NORTH CAROLINA,USA,,,,,EDU,,,EDU,SCHOLAR,,,,,,EDU,,,1,043,043,04,1,2.8,6,1,6,5.66037735849057,2,"North Carolina, United States",US,USNC,35.6411,-79.8431,NC,2,"North Carolina, United States",US,USNC,35.6411,-79.8431,NC,2,"North Carolina, United States",US,USNC,35.6411,-79.8431,NC,20230405,https://www.beaufortcountynow.com/post/66284/golden-leaf-external-affairs-intern-spotlight-savanna-ramirez.html
1093639401,20230405,202304,2023,2023.2603,,,,,,,,,,,BRA,BRAZIL,BRA,,,,,,,,1,046,046,04,1,7.0,8,2,8,2.88635293885303,0,,,,,,,4,"Toronto, Ontario, Canada",CA,CA08,43.6667,-79.4167,-574890,4,"Toronto, Ontario, Canada",CA,CA08,43.6667,-79.4167,-574890,20230405,https://finance.yahoo.com/news/cerrado-gold-strengthens-owners-team-100000680.html
1093639402,20230405,202304,2023,2023.2603,,,,,,,,,,,BRA,BRAZIL,BRA,,,,,,,,1,046,046,04,1,7.0,26,6,26,1.79750065677884,0,,,,,,,4,"Monte Do Carmo, Tocantins, Brazil",BR,BR31,-10.7911,-48.0067,-655808,4,"Monte Do Carmo, Tocantins, Brazil",BR,BR31,-10.7911,-48.0067,-655808,20230405,https://markets.financialcontent.com/stocks/article/accwirecq-2023-4-5-cerrado-gold-strengthens-owners-team-at-monte-do-carmo-gold-project-in-tocatins-brazil
1093639549,20230405,202304,2023,2023.2603,,,,,,,,,,,ZWE,ZIMBABWE,ZWE,,,,,,,,1,112,112,11,3,-2.0,4,1,4,-5.16795865633075,0,,,,,,,1,Zimbabwe,ZI,ZI,-19,29,ZI,1,Zimbabwe,ZI,ZI,-19,29,ZI,20230405,https://www.kenyans.co.ke/news/87789-zimbabwe-government-responds-kamlesh-pattnis-gold-scandal
1093639588,20230405,202304,2023,2023.2603,AUS,VICTORIA,AUS,,,,,,,,,,,,,,,,,,0,010,010,01,1,0.0,25,4,25,1.21401648861389,5,"Yukon Territory, Yukon, Canada",CA,CA12,63,-136,-576336,0,,,,,,,5,"Yukon Territory, Yukon, Canada",CA,CA12,63,-136,-576336,20230405,https://finance.yahoo.com/news/victoria-gold-eagle-gold-mine-100000491.html
1093639634,20230405,202304,2023,2023.2603,BRA,BRAZIL,BRA,,,,,,,,,,,,,,,,,,1,046,046,04,1,7.0,28,7,28,2.16910765530714,4,"Goias, GoiáBR, Brazil",BR,BR29,-15.9333,-50.1333,-644906,0,,,,,,,4,"Goias, GoiáBR, Brazil",BR,BR29,-15.9333,-50.1333,-644906,20230405,https://markets.financialcontent.com/stocks/article/accwirecq-2023-4-5-cerrado-gold-strengthens-owners-team-at-monte-do-carmo-gold-project-in-tocatins-brazil
1093639833,20230405,202304,2023,2023.2603,CRM,MAFIA,,,,,,CRM,,,,,,,,,,,,,1,112,112,11,3,-2.0,10,1,10,-6.9221260815822,1,Zimbabwe,ZI,ZI,-19,29,ZI,0,,,,,,,1,Zimbabwe,ZI,ZI,-19,29,ZI,20230405,https://www.zimbabwesituation.com/news/gold-mafia-accused-face-probe/
1093639839,20230405,202304,2023,2023.2603,CRM,MAFIA,,,,,,CRM,,,ZWE,ZIMBABWE,ZWE,,,,,,,,1,112,112,11,3,-2.0,5,1,5,-6.9221260815822,1,Zimbabwe,ZI,ZI,-19,29,ZI,1,Zimbabwe,ZI,ZI,-19,29,ZI,1,Zimbabwe,ZI,ZI,-19,29,ZI,20230405,https://www.zimbabwesituation.com/news/gold-mafia-accused-face-probe/
1093640179,20230405,202304,2023,2023.2603,GOV,GOVERNMENT,,,,,,GOV,,,CRM,MAFIA,,,,,,CRM,,,1,010,010,01,1,0.0,10,1,10,-6.9221260815822,1,Zimbabwe,ZI,ZI,-19,29,ZI,1,Zimbabwe,ZI,ZI,-19,29,ZI,1,Zimbabwe,ZI,ZI,-19,29,ZI,20230405,https://www.zimbabwesituation.com/news/gold-mafia-accused-face-probe/
1093640646,20230405,202304,2023,2023.2603,MED,MEDIA,,,,,,MED,,,,,,,,,,,,,1,082,082,08,2,5.0,10,1,10,2.46913580246914,0,,,,,,,0,,,,,,,0,,,,,,,20230405,https://www.bernardgoldberg.com/p/chris-stirewalt-on-the-us-media-his
1093641263,20230405,202304,2023,2023.2603,ZWE,ZIMBABWEAN,ZWE,,,,,,,,,,,,,,,,,,0,163,163,16,4,-8.0,18,1,10,-6.9221260815822,1,Zimbabwe,ZI,ZI,-19,29,ZI,0,,,,,,,1,Zimbabwe,ZI,ZI,-19,29,ZI,20230405,https://www.zimbabwesituation.com/news/gold-mafia-accused-face-probe/
1093641264,20230405,202304,2023,2023.2603,ZWEGOVBUS,ZIMBABWE,ZWE,,,,,GOV,BUS,,GOV,GOVERNOR,,,,,,GOV,,,0,110,110,11,3,-2.0,8,1,8,-6.9221260815822,1,Zimbabwe,ZI,ZI,-19,29,ZI,1,Zimbabwe,ZI,ZI,-19,29,ZI,1,Zimbabwe,ZI,ZI,-19,29,ZI,20230405,https://www.zimbabwesituation.com/news/gold-mafia-accused-face-probe/
1093641265,20230405,202304,2023,2023.2603,ZWEGOVBUS,ZIMBABWE,ZWE,,,,,GOV,BUS,,ZWE,ZIMBABWE,ZWE,,,,,,,,0,110,110,11,3,-2.0,2,1,2,-6.9221260815822,1,Zimbabwe,ZI,ZI,-19,29,ZI,1,Zimbabwe,ZI,ZI,-19,29,ZI,1,Zimbabwe,ZI,ZI,-19,29,ZI,20230405,https://www.zimbabwesituation.com/news/gold-mafia-accused-face-probe/
1093641403,20230405,202304,2023,2023.2603,,,,,,,,,,,BUS,COMPANY,,,,,,BUS,,,1,042,042,04,1,1.9,40,4,40,0.05650950913113,0,,,,,,,4,"Springdale, Newfoundland, Canada",CA,CA05,49.4833,-56.1,-574042,4,"Springdale, Newfoundland, Canada",CA,CA05,49.4833,-56.1,-574042,20230405,https://www.finanznachrichten.de/nachrichten-2023-04/58750558-exploits-discovery-corp-exploits-intercepts-near-surface-visible-gold-averaging-12-55-g-t-au-over-3-5-m-at-bullseye-296.htm
1093641687,20230405,202304,2023,2023.2603,BUS,COMPANY,,,,,,BUS,,,,,,,,,,,,,1,043,043,04,1,2.8,40,4,40,0.05650950913113,4,"Springdale, Newfoundland, Canada",CA,CA05,49.4833,-56.1,-574042,0,,,,,,,4,"Springdale, Newfoundland, Canada",CA,CA05,49.4833,-56.1,-574042,20230405,https://www.finanznachrichten.de/nachrichten-2023-04/58750558-exploits-discovery-corp-exploits-intercepts-near-surface-visible-gold-averaging-12-55-g-t-au-over-3-5-m-at-bullseye-296.htm
1093641751,20230405,202304,2023,2023.2603,CAN,CANADIAN,CAN,,,,,,,,CANBUS,CANADA,CAN,,,,,BUS,,,1,015,015,01,1,0.0,16,4,16,0.05650950913113,4,"Springdale, Newfoundland, Canada",CA,CA05,49.4833,-56.1,-574042,4,"Springdale, Newfoundland, Canada",CA,CA05,49.4833,-56.1,-574042,4,"Springdale, Newfoundland, Canada",CA,CA05,49.4833,-56.1,-574042,20230405,https://www.finanznachrichten.de/nachrichten-2023-04/58750558-exploits-discovery-corp-exploits-intercepts-near-surface-visible-gold-averaging-12-55-g-t-au-over-3-5-m-at-bullseye-296.htm
1093641752,20230405,202304,2023,2023.2603,CAN,CANADIAN,CAN,,,,,,,,CANBUS,CANADA,CAN,,,,,BUS,,,1,084,084,08,2,7.0,16,4,16,0.05650950913113,4,"Springdale, Newfoundland, Canada",CA,CA05,49.4833,-56.1,-574042,4,"Springdale, Newfoundland, Canada",CA,CA05,49.4833,-56.1,-574042,4,"Springdale, Newfoundland, Canada",CA,CA05,49.4833,-56.1,-574042,20230405,https://www.finanznachrichten.de/nachrichten-2023-04/58750558-exploits-discovery-corp-exploits-intercepts-near-surface-visible-gold-averaging-12-55-g-t-au-over-3-5-m-at-bullseye-296.htm
1093641775,20230405,202304,2023,2023.2603,CANBUS,CANADIAN,CAN,,,,,BUS,,,,,,,,,,,,,1,015,015,01,1,0.0,24,4,24,0.05650950913113,4,"Springdale, Newfoundland, Canada",CA,CA05,49.4833,-56.1,-574042,0,,,,,,,4,"Springdale, Newfoundland, Canada",CA,CA05,49.4833,-56.1,-574042,20230405,https://www.finanznachrichten.de/nachrichten-2023-04/58750558-exploits-discovery-corp-exploits-intercepts-near-surface-visible-gold-averaging-12-55-g-t-au-over-3-5-m-at-bullseye-296.htm
1093641776,20230405,202304,2023,2023.2603,CANBUS,CANADIAN,CAN,,,,,BUS,,,,,,,,,,,,,1,084,084,08,2,7.0,24,4,24,0.05650950913113,4,"Springdale, Newfoundland, Canada",CA,CA05,49.4833,-56.1,-574042,0,,,,,,,4,"Springdale, Newfoundland, Canada",CA,CA05,49.4833,-56.1,-574042,20230405,https://www.finanznachrichten.de/nachrichten-2023-04/58750558-exploits-discovery-corp-exploits-intercepts-near-surface-visible-gold-averaging-12-55-g-t-au-over-3-5-m-at-bullseye-296.htm
1093648716,20230405,202304,2023,2023.2603,,,,,,,,,,,BUS,COMPANY,,,,,,BUS,,,0,042,042,04,1,1.9,50,5,50,0.367876101050396,0,,,,,,,4,"Dawson Range, Yukon, Canada",CA,CA12,62.25,-137.75,-563375,4,"Dawson Range, Yukon, Canada",CA,CA12,62.25,-137.75,-563375,20230405,https://markets.financialcontent.com/stocks/article/gnwcq-2023-4-5-white-gold-corp-further-outlines-two-large-copper-molybdenum-porphyry-targets-in-close-proximity-to-the-casino-copper-gold-porphyry-deposit
1093648717,20230405,202304,2023,2023.2603,,,,,,,,,,,BUS,COMPANY,,,,,,BUS,,,0,042,042,04,1,1.9,50,5,50,0.367876101050396,0,,,,,,,4,"North Vancouver, British Columbia, Canada",CA,CA02,49.3167,-123.067,-570375,4,"North Vancouver, British Columbia, Canada",CA,CA02,49.3167,-123.067,-570375,20230405,https://markets.financialcontent.com/stocks/article/gnwcq-2023-4-5-white-gold-corp-further-outlines-two-large-copper-molybdenum-porphyry-targets-in-close-proximity-to-the-casino-copper-gold-porphyry-deposit
1093648723,20230405,202304,2023,2023.2603,,,,,,,,,,,CAN,CANADA,CAN,,,,,,,,0,042,042,04,1,1.9,10,5,10,0.367876101050396,0,,,,,,,4,"Carmacks, Yukon, Canada",CA,CA12,62.1,-136.317,-562237,4,"Carmacks, Yukon, Canada",CA,CA12,62.1,-136.317,-562237,20230405,https://markets.financialcontent.com/stocks/article/gnwcq-2023-4-5-white-gold-corp-further-outlines-two-large-copper-molybdenum-porphyry-targets-in-close-proximity-to-the-casino-copper-gold-porphyry-deposit
1093648724,20230405,202304,2023,2023.2603,,,,,,,,,,,CAN,CANADA,CAN,,,,,,,,0,042,042,04,1,1.9,40,5,40,0.367876101050396,0,,,,,,,4,"Dawson Range, Yukon, Canada",CA,CA12,62.25,-137.75,-563375,4,"Dawson Range, Yukon, Canada",CA,CA12,62.25,-137.75,-563375,20230405,https://markets.financialcontent.com/stocks/article/gnwcq-2023-4-5-white-gold-corp-further-outlines-two-large-copper-molybdenum-porphyry-targets-in-close-proximity-to-the-casino-copper-gold-porphyry-deposit
1093648954,20230405,202304,2023,2023.2603,BUS,COMPANY,,,,,,BUS,,,,,,,,,,,,,1,010,010,01,1,0.0,25,6,25,0.449318592417086,2,"Alaska, United States",US,USAK,61.385,-152.268,AK,0,,,,,,,2,"Alaska, United States",US,USAK,61.385,-152.268,AK,20230405,https://markets.financialcontent.com/stocks/article/gnwcq-2023-4-5-white-gold-corp-further-outlines-two-large-copper-molybdenum-porphyry-targets-in-close-proximity-to-the-casino-copper-gold-porphyry-deposit
1093648962,20230405,202304,2023,2023.2603,BUS,COMPANY,,,,,,BUS,,,,,,,,,,,,,0,043,043,04,1,2.8,50,5,50,0.367876101050396,4,"Dawson Range, Yukon, Canada",CA,CA12,62.25,-137.75,-563375,0,,,,,,,4,"Dawson Range, Yukon, Canada",CA,CA12,62.25,-137.75,-563375,20230405,https://markets.financialcontent.com/stocks/article/gnwcq-2023-4-5-white-gold-corp-further-outlines-two-large-copper-molybdenum-porphyry-targets-in-close-proximity-to-the-casino-copper-gold-porphyry-deposit
1093648963,20230405,202304,2023,2023.2603,BUS,COMPANY,,,,,,BUS,,,,,,,,,,,,,0,043,043,04,1,2.8,50,5,50,0.367876101050396,4,"North Vancouver, British Columbia, Canada",CA,CA02,49.3167,-123.067,-570375,0,,,,,,,4,"North Vancouver, British Columbia, Canada",CA,CA02,49.3167,-123.067,-570375,20230405,https://markets.financialcontent.com/stocks/article/gnwcq-2023-4-5-white-gold-corp-further-outlines-two-large-copper-molybdenum-porphyry-targets-in-close-proximity-to-the-casino-copper-gold-porphyry-deposit
1093649013,20230405,202304,2023,2023.2603,CAN,CANADA,CAN,,,,,,,,,,,,,,,,,,0,043,043,04,1,2.8,10,5,10,0.367876101050396,4,"Carmacks, Yukon, Canada",CA,CA12,62.1,-136.317,-562237,0,,,,,,,4,"Carmacks, Yukon, Canada",CA,CA12,62.1,-136.317,-562237,20230405,https://markets.financialcontent.com/stocks/article/gnwcq-2023-4-5-white-gold-corp-further-outlines-two-large-copper-molybdenum-porphyry-targets-in-close-proximity-to-the-casino-copper-gold-porphyry-deposit
1093649014,20230405,202304,2023,2023.2603,CAN,CANADA,CAN,,,,,,,,,,,,,,,,,,0,043,043,04,1,2.8,40,5,40,0.367876101050396,4,"Dawson Range, Yukon, Canada",CA,CA12,62.25,-137.75,-563375,0,,,,,,,4,"Dawson Range, Yukon, Canada",CA,CA12,62.25,-137.75,-563375,20230405,https://markets.financialcontent.com/stocks/article/gnwcq-2023-4-5-white-gold-corp-further-outlines-two-large-copper-molybdenum-porphyry-targets-in-close-proximity-to-the-casino-copper-gold-porphyry-deposit
1093649024,20230405,202304,2023,2023.2603,CAN,YUKON,CAN,,,,,,,,MNCCAN,AGNICO EAGLE MINES,CAN,,,,,MNC,,,1,043,043,04,1,2.8,50,5,50,0.367876101050396,4,"Toronto, Ontario, Canada",CA,CA08,43.6667,-79.4167,-574890,4,"Toronto, Ontario, Canada",CA,CA08,43.6667,-79.4167,-574890,4,"Toronto, Ontario, Canada",CA,CA08,43.6667,-79.4167,-574890,20230405,https://markets.financialcontent.com/stocks/article/gnwcq-2023-4-5-white-gold-corp-further-outlines-two-large-copper-molybdenum-porphyry-targets-in-close-proximity-to-the-casino-copper-gold-porphyry-deposit
1093650003,20230405,202304,2023,2023.2603,MNCCAN,AGNICO EAGLE MINES,CAN,,,,,MNC,,,CAN,YUKON,CAN,,,,,,,,1,042,042,04,1,1.9,20,5,20,0.367876101050396,4,"Toronto, Ontario, Canada",CA,CA08,43.6667,-79.4167,-574890,4,"Toronto, Ontario, Canada",CA,CA08,43.6667,-79.4167,-574890,4,"Toronto, Ontario, Canada",CA,CA08,43.6667,-79.4167,-574890,20230405,https://markets.financialcontent.com/stocks/article/gnwcq-2023-4-5-white-gold-corp-further-outlines-two-large-copper-molybdenum-porphyry-targets-in-close-proximity-to-the-casino-copper-gold-porphyry-deposit
1093650004,20230405,202304,2023,2023.2603,MNCCAN,AGNICO EAGLE MINES,CAN,,,,,MNC,,,CAN,YUKON,CAN,,,,,,,,1,042,042,04,1,1.9,30,5,30,0.367876101050396,2,"Alaska, United States",US,USAK,61.385,-152.268,AK,2,"Alaska, United States",US,USAK,61.385,-152.268,AK,2,"Alaska, United States",US,USAK,61.385,-152.268,AK,20230405,https://markets.financialcontent.com/stocks/article/gnwcq-2023-4-5-white-gold-corp-further-outlines-two-large-copper-molybdenum-porphyry-targets-in-close-proximity-to-the-casino-copper-gold-porphyry-deposit
1093651966,20230405,202304,2023,2023.2603,,,,,,,,,,,CAN,CANADA,CAN,,,,,,,,1,031,031,03,1,5.2,8,4,8,1.92049424695678,0,,,,,,,4,"Sulphide, Ontario, Canada",CA,CA08,44.5167,-77.2167,-574330,4,"Sulphide, Ontario, Canada",CA,CA08,44.5167,-77.2167,-574330,20230405,https://www.marketscreener.com/quote/stock/OREZONE-GOLD-CORPORATION-5101155/news/Orezone-Reports-Strong-Q1-2023-Gold-Production-at-Its-Bombore-Gold-Mine-43434195/
1093652068,20230405,202304,2023,2023.2603,,,,,,,,,,,TUR,TURKEY,TUR,,,,,,,,1,057,057,05,1,8.0,1,1,1,0.06305170239597,0,,,,,,,4,"Brasilia, Distrito Federal, Brazil",BR,BR07,-15.7833,-47.9167,-631243,1,Saudi Arabia,SA,SA,25,45,SA,20230405,https://www.middleeasteye.net/news/brazil-saudi-arabia-gifts-bolsonaro-gold-rolex-scandal
1093652073,20230405,202304,2023,2023.2603,,,,,,,,,,,TUR,TURKEY,TUR,,,,,,,,1,057,057,05,1,8.0,4,1,4,0.06305170239597,0,,,,,,,1,Turkey,TU,TU,39.059012,34.911546,TU,4,"Brasilia, Distrito Federal, Brazil",BR,BR07,-15.7833,-47.9167,-631243,20230405,https://www.middleeasteye.net/news/brazil-saudi-arabia-gifts-bolsonaro-gold-rolex-scandal
1093652161,20230405,202304,2023,2023.2603,BRA,BRAZIL,BRA,,,,,,,,SAU,SAUDI,SAU,,,,,,,,1,046,046,04,1,7.0,1,1,1,0.06305170239597,4,"Brasilia, Distrito Federal, Brazil",BR,BR07,-15.7833,-47.9167,-631243,1,Saudi Arabia,SA,SA,25,45,SA,4,"Brasilia, Distrito Federal, Brazil",BR,BR07,-15.7833,-47.9167,-631243,20230405,https://www.middleeasteye.net/news/brazil-saudi-arabia-gifts-bolsonaro-gold-rolex-scandal
1093652162,20230405,202304,2023,2023.2603,BRA,BRAZIL,BRA,,,,,,,,SAU,SAUDI,SAU,,,,,,,,1,046,046,04,1,7.0,1,1,1,0.06305170239597,4,"Sao Paulo, SãPaulo, Brazil",BR,BR27,-23.5333,-46.6167,-671824,4,"Brasilia, Distrito Federal, Brazil",BR,BR07,-15.7833,-47.9167,-631243,4,"Sao Paulo, SãPaulo, Brazil",BR,BR27,-23.5333,-46.6167,-671824,20230405,https://www.middleeasteye.net/news/brazil-saudi-arabia-gifts-bolsonaro-gold-rolex-scandal
1093652163,20230405,202304,2023,2023.2603,BRA,BRAZIL,BRA,,,,,,,,SAU,SAUDI ARABIA,SAU,,,,,,,,0,173,173,17,4,-5.0,2,1,2,0.06305170239597,4,"Guarulhos, SãPaulo, Brazil",BR,BR27,-23.4667,-46.5333,-645949,1,Saudi Arabia,SA,SA,25,45,SA,4,"Guarulhos, SãPaulo, Brazil",BR,BR27,-23.4667,-46.5333,-645949,20230405,https://www.middleeasteye.net/news/brazil-saudi-arabia-gifts-bolsonaro-gold-rolex-scandal
1093652164,20230405,202304,2023,2023.2603,BRA,BRAZIL,BRA,,,,,,,,SAU,SAUDI ARABIA,SAU,,,,,,,,0,173,173,17,4,-5.0,2,1,2,0.06305170239597,4,"Sao Paulo, SãPaulo, Brazil",BR,BR27,-23.5333,-46.6167,-671824,1,Saudi Arabia,SA,SA,25,45,SA,4,"Sao Paulo, SãPaulo, Brazil",BR,BR27,-23.5333,-46.6167,-671824,20230405,https://www.middleeasteye.net/news/brazil-saudi-arabia-gifts-bolsonaro-gold-rolex-scandal
1093652165,20230405,202304,2023,2023.2603,BRA,BRAZIL,BRA,,,,,,,,SAUGOV,SAUDI,SAU,,,,,GOV,,,1,046,046,04,1,7.0,7,1,7,0.06305170239597,4,"Brasilia, Distrito Federal, Brazil",BR,BR07,-15.7833,-47.9167,-631243,1,Saudi Arabia,SA,SA,25,45,SA,4,"Brasilia, Distrito Federal, Brazil",BR,BR07,-15.7833,-47.9167,-631243,20230405,https://www.middleeasteye.net/news/brazil-saudi-arabia-gifts-bolsonaro-gold-rolex-scandal
1093652166,20230405,202304,2023,2023.2603,BRA,BRAZIL,BRA,,,,,,,,SAUGOV,SAUDI ARABIA,SAU,,,,,GOV,,,1,046,046,04,1,7.0,1,1,1,0.06305170239597,4,"Sao Paulo, SãPaulo, Brazil",BR,BR27,-23.5333,-46.6167,-671824,4,"Brasilia, Distrito Federal, Brazil",BR,BR07,-15.7833,-47.9167,-631243,4,"Sao Paulo, SãPaulo, Brazil",BR,BR27,-23.5333,-46.6167,-671824,20230405,https://www.middleeasteye.net/news/brazil-saudi-arabia-gifts-bolsonaro-gold-rolex-scandal
1093652167,20230405,202304,2023,2023.2603,BRA,BRAZIL,BRA,,,,,,,,USA,FLORIDA,USA,,,,,,,,0,043,043,04,1,2.8,8,1,8,0.06305170239597,4,"Brasilia, Distrito Federal, Brazil",BR,BR07,-15.7833,-47.9167,-631243,2,"Florida, United States",US,USFL,27.8333,-81.717,FL,4,"Brasilia, Distrito Federal, Brazil",BR,BR07,-15.7833,-47.9167,-631243,20230405,https://www.middleeasteye.net/news/brazil-saudi-arabia-gifts-bolsonaro-gold-rolex-scandal
1093652168,20230405,202304,2023,2023.2603,BRA,BRAZIL,BRA,,,,,,,,USA,FLORIDA,USA,,,,,,,,0,043,043,04,1,2.8,2,1,2,0.06305170239597,4,"Brasilia, Distrito Federal, Brazil",BR,BR07,-15.7833,-47.9167,-631243,1,Saudi Arabia,SA,SA,25,45,SA,4,"Brasilia, Distrito Federal, Brazil",BR,BR07,-15.7833,-47.9167,-631243,20230405,https://www.middleeasteye.net/news/brazil-saudi-arabia-gifts-bolsonaro-gold-rolex-scandal
1093652181,20230405,202304,2023,2023.2603,BUS,COMPANY,,,,,,BUS,,,,,,,,,,,,,0,010,010,01,1,0.0,10,1,10,1.67785234899329,4,"Libertad, Chontales, Nicaragua",NU,NU04,12.2163,-85.1659,-1112542,0,,,,,,,4,"Libertad, Chontales, Nicaragua",NU,NU04,12.2163,-85.1659,-1112542,20230405,https://www.so-co-it.com/post/680748/calibre-delivers-record-q1-gold-production-of-65-750-ounces.html
1093652194,20230405,202304,2023,2023.2603,BUS,BUSINESS,,,,,,BUS,,,,,,,,,,,,,0,051,051,05,1,3.4,6,1,6,0.06305170239597,1,Saudi Arabia,SA,SA,25,45,SA,0,,,,,,,1,Saudi Arabia,SA,SA,25,45,SA,20230405,https://www.middleeasteye.net/news/brazil-saudi-arabia-gifts-bolsonaro-gold-rolex-scandal
1093652196,20230405,202304,2023,2023.2603,BUS,COMPANY,,,,,,BUS,,,,,,,,,,,,,1,070,070,07,2,7.0,6,1,6,1.37174211248286,1,Switzerland,SZ,SZ,47,8,SZ,0,,,,,,,1,Switzerland,SZ,SZ,47,8,SZ,20230405,https://www.so-co-it.com/post/680738/victoria-gold-publishes-2022-environment-socialundgovernance-esg-report.html
1093652228,20230405,202304,2023,2023.2603,BUS,BUSINESS,,,,,,BUS,,,SAU,SAUDI,SAU,,,,,,,,1,051,051,05,1,3.4,3,2,3,2.21811477248078,1,Saudi Arabia,SA,SA,25,45,SA,1,Saudi Arabia,SA,SA,25,45,SA,1,Saudi Arabia,SA,SA,25,45,SA,20230405,https://www.middleeasteye.net/news/brazil-saudi-arabia-gifts-bolsonaro-gold-rolex-scandal
1093652243,20230405,202304,2023,2023.2603,CAN,CANADA,CAN,,,,,,,,,,,,,,,,,,1,031,031,03,1,5.2,8,4,8,1.92049424695678,4,"Toronto, Ontario, Canada",CA,CA08,43.6667,-79.4167,-574890,0,,,,,,,4,"Toronto, Ontario, Canada",CA,CA08,43.6667,-79.4167,-574890,20230405,https://www.marketscreener.com/quote/stock/OREZONE-GOLD-CORPORATION-5101155/news/Orezone-Reports-Strong-Q1-2023-Gold-Production-at-Its-Bombore-Gold-Mine-43434195/
1093652246,20230405,202304,2023,2023.2603,CAN,CANADA,CAN,,,,,,,,,,,,,,,,,,0,051,051,05,1,3.4,2,1,2,0.06305170239597,1,Canada,CA,CA,60,-96,CA,0,,,,,,,1,Saudi Arabia,SA,SA,25,45,SA,20230405,https://www.middleeasteye.net/news/brazil-saudi-arabia-gifts-bolsonaro-gold-rolex-scandal
1093652247,20230405,202304,2023,2023.2603,CAN,CANADA,CAN,,,,,,,,,,,,,,,,,,0,071,071,07,2,7.4,2,1,2,1.44694533762058,4,"Skeena, British Columbia, Canada",CA,CA02,54.25,-129.833,-573721,0,,,,,,,4,"Skeena, British Columbia, Canada",CA,CA02,54.25,-129.833,-573721,20230405,https://www.finanznachrichten.de/nachrichten-2023-04/58751265-eagle-plains-resources-ltd-eagle-plains-acquires-strategic-disposition-at-pine-channel-gold-project-saskatchewan-200.htm
1093652263,20230405,202304,2023,2023.2603,CAN,CANADA,CAN,,,,,,,,SAU,SAUDI,SAU,,,,,,,,0,040,040,04,1,1.0,2,1,2,0.06305170239597,1,Canada,CA,CA,60,-96,CA,1,Canada,CA,CA,60,-96,CA,1,Canada,CA,CA,60,-96,CA,20230405,https://www.middleeasteye.net/news/brazil-saudi-arabia-gifts-bolsonaro-gold-rolex-scandal
1093652264,20230405,202304,2023,2023.2603,CAN,CANADA,CAN,,,,,,,,SAU,SAUDI,SAU,,,,,,,,0,040,040,04,1,1.0,1,1,1,0.06305170239597,1,Canada,CA,CA,60,-96,CA,1,Saudi Arabia,SA,SA,25,45,SA,1,Saudi Arabia,SA,SA,25,45,SA,20230405,https://www.middleeasteye.net/news/brazil-saudi-arabia-gifts-bolsonaro-gold-rolex-scandal
1093652265,20230405,202304,2023,2023.2603,CAN,CANADA,CAN,,,,,,,,SAU,SAUDI,SAU,,,,,,,,0,051,051,05,1,3.4,1,1,1,0.06305170239597,1,Canada,CA,CA,60,-96,CA,1,Canada,CA,CA,60,-96,CA,1,Saudi Arabia,SA,SA,25,45,SA,20230405,https://www.middleeasteye.net/news/brazil-saudi-arabia-gifts-bolsonaro-gold-rolex-scandal
1093652401,20230405,202304,2023,2023.2603,COP,FEDERAL POLICE,,,,,,COP,,,BRAGOV,BRAZIL,BRA,,,,,GOV,,,1,090,090,09,2,-2.0,2,1,2,0.06305170239597,2,"Florida, United States",US,USFL,27.8333,-81.717,FL,2,"Florida, United States",US,USFL,27.8333,-81.717,FL,2,"Florida, United States",US,USFL,27.8333,-81.717,FL,20230405,https://www.middleeasteye.net/news/brazil-saudi-arabia-gifts-bolsonaro-gold-rolex-scandal
1093652402,20230405,202304,2023,2023.2603,COP,FEDERAL POLICE,,,,,,COP,,,BRAGOV,BRAZIL,BRA,,,,,GOV,,,1,090,090,09,2,-2.0,2,1,2,0.06305170239597,1,Saudi Arabia,SA,SA,25,45,SA,4,"Brasilia, Distrito Federal, Brazil",BR,BR07,-15.7833,-47.9167,-631243,1,Saudi Arabia,SA,SA,25,45,SA,20230405,https://www.middleeasteye.net/news/brazil-saudi-arabia-gifts-bolsonaro-gold-rolex-scandal
1093652410,20230405,202304,2023,2023.2603,COP,FEDERAL POLICE,,,,,,COP,,,GOV,ADMINISTRATION,,,,,,GOV,,,1,090,090,09,2,-2.0,6,1,6,0.06305170239597,2,"Florida, United States",US,USFL,27.8333,-81.717,FL,2,"Florida, United States",US,USFL,27.8333,-81.717,FL,2,"Florida, United States",US,USFL,27.8333,-81.717,FL,20230405,https://www.middleeasteye.net/news/brazil-saudi-arabia-gifts-bolsonaro-gold-rolex-scandal
1093652695,20230405,202304,2023,2023.2603,GOV,KINGDOM,,,,,,GOV,,,BRAGOV,BRASILIA,BRA,,,,,GOV,,,0,051,051,05,1,3.4,8,1,8,0.06305170239597,4,"Brasilia, Distrito Federal, Brazil",BR,BR07,-15.7833,-47.9167,-631243,4,"Brasilia, Distrito Federal, Brazil",BR,BR07,-15.7833,-47.9167,-631243,4,"Brasilia, Distrito Federal, Brazil",BR,BR07,-15.7833,-47.9167,-631243,20230405,https://www.middleeasteye.net/news/brazil-saudi-arabia-gifts-bolsonaro-gold-rolex-scandal
1093652696,20230405,202304,2023,2023.2603,GOV,KINGDOM,,,,,,GOV,,,BRAGOV,BRASILIA,BRA,,,,,GOV,,,0,051,051,05,1,3.4,2,1,2,0.06305170239597,1,Saudi Arabia,SA,SA,25,45,SA,1,Saudi Arabia,SA,SA,25,45,SA,1,Saudi Arabia,SA,SA,25,45,SA,20230405,https://www.middleeasteye.net/news/brazil-saudi-arabia-gifts-bolsonaro-gold-rolex-scandal
1093653017,20230405,202304,2023,2023.2603,LAB,WORKER,,,,,,LAB,,,,,,,,,,,,,0,010,010,01,1,0.0,2,1,2,0.06305170239597,4,"Sao Paulo, SãPaulo, Brazil",BR,BR27,-23.5333,-46.6167,-671824,0,,,,,,,4,"Sao Paulo, SãPaulo, Brazil",BR,BR27,-23.5333,-46.6167,-671824,20230405,https://www.middleeasteye.net/news/brazil-saudi-arabia-gifts-bolsonaro-gold-rolex-scandal
1093653018,20230405,202304,2023,2023.2603,LAB,WORKER,,,,,,LAB,,,,,,,,,,,,,0,010,010,01,1,0.0,8,1,8,0.06305170239597,1,Saudi Arabia,SA,SA,25,45,SA,0,,,,,,,1,Saudi Arabia,SA,SA,25,45,SA,20230405,https://www.middleeasteye.net/news/brazil-saudi-arabia-gifts-bolsonaro-gold-rolex-scandal
1093653019,20230405,202304,2023,2023.2603,LAB,WORKER,,,,,,LAB,,,,,,,,,,,,,0,012,012,01,1,-0.4,2,1,2,0.06305170239597,4,"Sao Paulo, SãPaulo, Brazil",BR,BR27,-23.5333,-46.6167,-671824,0,,,,,,,4,"Sao Paulo, SãPaulo, Brazil",BR,BR27,-23.5333,-46.6167,-671824,20230405,https://www.middleeasteye.net/news/brazil-saudi-arabia-gifts-bolsonaro-gold-rolex-scandal
1093653020,20230405,202304,2023,2023.2603,LAB,WORKER,,,,,,LAB,,,,,,,,,,,,,0,012,012,01,1,-0.4,8,1,8,0.06305170239597,1,Saudi Arabia,SA,SA,25,45,SA,0,,,,,,,1,Saudi Arabia,SA,SA,25,45,SA,20230405,https://www.middleeasteye.net/news/brazil-saudi-arabia-gifts-bolsonaro-gold-rolex-scandal
1093653023,20230405,202304,2023,2023.2603,LAB,WORKER,,,,,,LAB,,,,,,,,,,,,,0,1014,101,10,3,-5.0,2,1,2,0.06305170239597,4,"Sao Paulo, SãPaulo, Brazil",BR,BR27,-23.5333,-46.6167,-671824,0,,,,,,,4,"Sao Paulo, SãPaulo, Brazil",BR,BR27,-23.5333,-46.6167,-671824,20230405,https://www.middleeasteye.net/news/brazil-saudi-arabia-gifts-bolsonaro-gold-rolex-scandal
1093653024,20230405,202304,2023,2023.2603,LAB,WORKER,,,,,,LAB,,,,,,,,,,,,,0,1014,101,10,3,-5.0,8,1,8,0.06305170239597,1,Saudi Arabia,SA,SA,25,45,SA,0,,,,,,,1,Saudi Arabia,SA,SA,25,45,SA,20230405,https://www.middleeasteye.net/news/brazil-saudi-arabia-gifts-bolsonaro-gold-rolex-scandal
1093653042,20230405,202304,2023,2023.2603,LEG,PARLIAMENT,,,,,,LEG,,,,,,,,,,,,,1,036,036,03,1,4.0,10,1,10,4.81927710843373,4,"Dhaka, Dhaka, Bangladesh",BG,BG81,23.7231,90.4086,-2737683,0,,,,,,,4,"Dhaka, Dhaka, Bangladesh",BG,BG81,23.7231,90.4086,-2737683,20230405,http://www.uniindia.com/b-desh-national-parliament-completes-its-golden-jubilee-on-apr-7/world/news/2947327.html
1093653065,20230405,202304,2023,2023.2603,LEGGOV,PARLIAMENT,,,,,,LEG,GOV,,BGD,BANGLADESH,BGD,,,,,,,,1,010,010,01,1,0.0,2,1,2,4.81927710843373,4,"Dhaka, Dhaka, Bangladesh",BG,BG81,23.7231,90.4086,-2737683,4,"Dhaka, Dhaka, Bangladesh",BG,BG81,23.7231,90.4086,-2737683,4,"Dhaka, Dhaka, Bangladesh",BG,BG81,23.7231,90.4086,-2737683,20230405,http://www.uniindia.com/b-desh-national-parliament-completes-its-golden-jubilee-on-apr-7/world/news/2947327.html
1093653066,20230405,202304,2023,2023.2603,LEGGOV,PARLIAMENT,,,,,,LEG,GOV,,BGDGOV,BANGLADESH,BGD,,,,,GOV,,,1,010,010,01,1,0.0,2,1,2,4.81927710843373,4,"Dhaka, Dhaka, Bangladesh",BG,BG81,23.7231,90.4086,-2737683,4,"Dhaka, Dhaka, Bangladesh",BG,BG81,23.7231,90.4086,-2737683,4,"Dhaka, Dhaka, Bangladesh",BG,BG81,23.7231,90.4086,-2737683,20230405,http://www.uniindia.com/b-desh-national-parliament-completes-its-golden-jubilee-on-apr-7/world/news/2947327.html
1093653067,20230405,202304,2023,2023.2603,LEGGOV,PARLIAMENT,,,,,,LEG,GOV,,GOV,PRESIDENT,,,,,,GOV,,,1,010,010,01,1,0.0,6,1,6,4.81927710843373,4,"Dhaka, Dhaka, Bangladesh",BG,BG81,23.7231,90.4086,-2737683,4,"Dhaka, Dhaka, Bangladesh",BG,BG81,23.7231,90.4086,-2737683,4,"Dhaka, Dhaka, Bangladesh",BG,BG81,23.7231,90.4086,-2737683,20230405,http://www.uniindia.com/b-desh-national-parliament-completes-its-golden-jubilee-on-apr-7/world/news/2947327.html
1093653382,20230405,202304,2023,2023.2603,SAU,SAUDI,SAU,,,,,,,,BRA,BRAZIL,BRA,,,,,,,,1,046,046,04,1,7.0,1,1,1,0.06305170239597,4,"Brasilia, Distrito Federal, Brazil",BR,BR07,-15.7833,-47.9167,-631243,4,"Sao Paulo, SãPaulo, Brazil",BR,BR27,-23.5333,-46.6167,-671824,4,"Sao Paulo, SãPaulo, Brazil",BR,BR27,-23.5333,-46.6167,-671824,20230405,https://www.middleeasteye.net/news/brazil-saudi-arabia-gifts-bolsonaro-gold-rolex-scandal
1093653383,20230405,202304,2023,2023.2603,SAU,SAUDI,SAU,,,,,,,,BRA,BRAZIL,BRA,,,,,,,,1,046,046,04,1,7.0,1,1,1,0.06305170239597,1,Saudi Arabia,SA,SA,25,45,SA,4,"Brasilia, Distrito Federal, Brazil",BR,BR07,-15.7833,-47.9167,-631243,4,"Brasilia, Distrito Federal, Brazil",BR,BR07,-15.7833,-47.9167,-631243,20230405,https://www.middleeasteye.net/news/brazil-saudi-arabia-gifts-bolsonaro-gold-rolex-scandal
1093653384,20230405,202304,2023,2023.2603,SAU,SAUDI,SAU,,,,,,,,CAN,CANADA,CAN,,,,,,,,0,040,040,04,1,1.0,2,1,2,0.06305170239597,1,Canada,CA,CA,60,-96,CA,1,Canada,CA,CA,60,-96,CA,1,Canada,CA,CA,60,-96,CA,20230405,https://www.middleeasteye.net/news/brazil-saudi-arabia-gifts-bolsonaro-gold-rolex-scandal
1093653385,20230405,202304,2023,2023.2603,SAU,SAUDI,SAU,,,,,,,,CAN,CANADA,CAN,,,,,,,,0,040,040,04,1,1.0,1,1,1,0.06305170239597,1,Saudi Arabia,SA,SA,25,45,SA,1,Canada,CA,CA,60,-96,CA,1,Saudi Arabia,SA,SA,25,45,SA,20230405,https://www.middleeasteye.net/news/brazil-saudi-arabia-gifts-bolsonaro-gold-rolex-scandal
1093653393,20230405,202304,2023,2023.2603,SAUGOV,SAUDI ARABIA,SAU,,,,,GOV,,,BRA,BRAZIL,BRA,,,,,,,,1,046,046,04,1,7.0,1,1,1,0.06305170239597,4,"Brasilia, Distrito Federal, Brazil",BR,BR07,-15.7833,-47.9167,-631243,4,"Sao Paulo, SãPaulo, Brazil",BR,BR27,-23.5333,-46.6167,-671824,4,"Sao Paulo, SãPaulo, Brazil",BR,BR27,-23.5333,-46.6167,-671824,20230405,https://www.middleeasteye.net/news/brazil-saudi-arabia-gifts-bolsonaro-gold-rolex-scandal
1093653394,20230405,202304,2023,2023.2603,SAUGOV,SAUDI,SAU,,,,,GOV,,,BRA,BRAZIL,BRA,,,,,,,,1,046,046,04,1,7.0,7,1,7,0.06305170239597,1,Saudi Arabia,SA,SA,25,45,SA,4,"Brasilia, Distrito Federal, Brazil",BR,BR07,-15.7833,-47.9167,-631243,4,"Brasilia, Distrito Federal, Brazil",BR,BR07,-15.7833,-47.9167,-631243,20230405,https://www.middleeasteye.net/news/brazil-saudi-arabia-gifts-bolsonaro-gold-rolex-scandal
1093653461,20230405,202304,2023,2023.2603,TUR,TURKEY,TUR,,,,,,,,,,,,,,,,,,1,057,057,05,1,8.0,1,1,1,0.06305170239597,4,"Brasilia, Distrito Federal, Brazil",BR,BR07,-15.7833,-47.9167,-631243,0,,,,,,,1,Saudi Arabia,SA,SA,25,45,SA,20230405,https://www.middleeasteye.net/news/brazil-saudi-arabia-gifts-bolsonaro-gold-rolex-scandal
1093653465,20230405,202304,2023,2023.2603,TUR,TURKEY,TUR,,,,,,,,,,,,,,,,,,1,057,057,05,1,8.0,4,1,4,0.06305170239597,1,Turkey,TU,TU,39.059012,34.911546,TU,0,,,,,,,4,"Brasilia, Distrito Federal, Brazil",BR,BR07,-15.7833,-47.9167,-631243,20230405,https://www.middleeasteye.net/news/brazil-saudi-arabia-gifts-bolsonaro-gold-rolex-scandal
1093653626,20230405,202304,2023,2023.2603,USA,UNITED STATES,USA,,,,,,,,BRA,BRAZIL,BRA,,,,,,,,0,013,013,01,1,0.4,2,1,2,0.06305170239597,3,"Washington, District of Columbia, United States",US,USDC,38.8951,-77.0364,531871,4,"Brasilia, Distrito Federal, Brazil",BR,BR07,-15.7833,-47.9167,-631243,3,"Washington, District of Columbia, United States",US,USDC,38.8951,-77.0364,531871,20230405,https://www.middleeasteye.net/news/brazil-saudi-arabia-gifts-bolsonaro-gold-rolex-scandal
1093653627,20230405,202304,2023,2023.2603,USA,UNITED STATES,USA,,,,,,,,BRA,BRAZIL,BRA,,,,,,,,0,013,013,01,1,0.4,2,1,2,0.06305170239597,1,Saudi Arabia,SA,SA,25,45,SA,4,"Brasilia, Distrito Federal, Brazil",BR,BR07,-15.7833,-47.9167,-631243,1,Saudi Arabia,SA,SA,25,45,SA,20230405,https://www.middleeasteye.net/news/brazil-saudi-arabia-gifts-bolsonaro-gold-rolex-scandal
1093653628,20230405,202304,2023,2023.2603,USA,FLORIDA,USA,,,,,,,,BRA,BRAZIL,BRA,,,,,,,,0,042,042,04,1,1.9,8,1,8,0.06305170239597,2,"Florida, United States",US,USFL,27.8333,-81.717,FL,4,"Brasilia, Distrito Federal, Brazil",BR,BR07,-15.7833,-47.9167,-631243,4,"Brasilia, Distrito Federal, Brazil",BR,BR07,-15.7833,-47.9167,-631243,20230405,https://www.middleeasteye.net/news/brazil-saudi-arabia-gifts-bolsonaro-gold-rolex-scandal
1093653629,20230405,202304,2023,2023.2603,USA,FLORIDA,USA,,,,,,,,BRA,BRAZIL,BRA,,,,,,,,0,042,042,04,1,1.9,2,1,2,0.06305170239597,1,Saudi Arabia,SA,SA,25,45,SA,4,"Brasilia, Distrito Federal, Brazil",BR,BR07,-15.7833,-47.9167,-631243,4,"Brasilia, Distrito Federal, Brazil",BR,BR07,-15.7833,-47.9167,-631243,20230405,https://www.middleeasteye.net/news/brazil-saudi-arabia-gifts-bolsonaro-gold-rolex-scandal
1093653630,20230405,202304,2023,2023.2603,USA,WASHINGTON,USA,,,,,,,,BRA,BRAZIL,BRA,,,,,,,,0,051,051,05,1,3.4,1,1,1,0.06305170239597,3,"Washington, District of Columbia, United States",US,USDC,38.8951,-77.0364,531871,4,"Brasilia, Distrito Federal, Brazil",BR,BR07,-15.7833,-47.9167,-631243,3,"Washington, District of Columbia, United States",US,USDC,38.8951,-77.0364,531871,20230405,https://www.middleeasteye.net/news/brazil-saudi-arabia-gifts-bolsonaro-gold-rolex-scandal
1093653631,20230405,202304,2023,2023.2603,USA,WASHINGTON,USA,,,,,,,,BRA,BRAZIL,BRA,,,,,,,,0,051,051,05,1,3.4,1,1,1,0.06305170239597,1,Saudi Arabia,SA,SA,25,45,SA,4,"Brasilia, Distrito Federal, Brazil",BR,BR07,-15.7833,-47.9167,-631243,1,Saudi Arabia,SA,SA,25,45,SA,20230405,https://www.middleeasteye.net/news/brazil-saudi-arabia-gifts-bolsonaro-gold-rolex-scandal
1093653736,20230405,202304,2023,2023.2603,USA,WASHINGTON,USA,,,,,,,,SAU,SAUDI,SAU,,,,,,,,0,013,013,01,1,0.4,6,1,6,0.06305170239597,3,"Washington, District of Columbia, United States",US,USDC,38.8951,-77.0364,531871,1,Saudi Arabia,SA,SA,25,45,SA,3,"Washington, District of Columbia, United States",US,USDC,38.8951,-77.0364,531871,20230405,https://www.middleeasteye.net/news/brazil-saudi-arabia-gifts-bolsonaro-gold-rolex-scandal
1093653737,20230405,202304,2023,2023.2603,USA,WASHINGTON,USA,,,,,,,,SAU,SAUDI,SAU,,,,,,,,0,051,051,05,1,3.4,6,1,6,0.06305170239597,3,"Washington, District of Columbia, United States",US,USDC,38.8951,-77.0364,531871,1,Saudi Arabia,SA,SA,25,45,SA,3,"Washington, District of Columbia, United States",US,USDC,38.8951,-77.0364,531871,20230405,https://www.middleeasteye.net/news/brazil-saudi-arabia-gifts-bolsonaro-gold-rolex-scandal
1093656571,20230405,202304,2023,2023.2603,CANGOV,BRITISH COLUMBIA,CAN,,,,,GOV,,,BUS,CORPORATION,,,,,,BUS,,,1,010,010,01,1,0.0,2,1,2,3.89610389610389,4,"Shalalth, British Columbia, Canada",CA,CA02,50.7333,-122.233,-573460,4,"Shalalth, British Columbia, Canada",CA,CA02,50.7333,-122.233,-573460,4,"Shalalth, British Columbia, Canada",CA,CA02,50.7333,-122.233,-573460,20230405,https://www.finanznachrichten.de/nachrichten-2023-04/58751493-endurance-gold-corporation-endurance-receives-amended-drill-permit-for-the-reliance-gold-project-in-b-c-296.htm
1093656768,20230405,202304,2023,2023.2603,CVL,RESIDENTS,,,,,,CVL,,,,,,,,,,,,,1,172,172,17,4,-5.0,20,1,10,-6.76056338028169,1,Ghana,GH,GH,8,-2,GH,0,,,,,,,1,Ghana,GH,GH,8,-2,GH,20230405,https://www.9news.com.au/national/couran-cove-south-stradbroke-island-gold-coast-dispute-queensland/621b3f5d-9fba-436d-8f84-a6dc98655cb0
1093657021,20230405,202304,2023,2023.2603,GHA,GHANA,GHA,,,,,,,,,,,,,,,,,,0,016,016,01,1,-2.0,4,1,4,-6.76056338028169,1,Ghana,GH,GH,8,-2,GH,0,,,,,,,1,Ghana,GH,GH,8,-2,GH,20230405,https://www.9news.com.au/national/couran-cove-south-stradbroke-island-gold-coast-dispute-queensland/621b3f5d-9fba-436d-8f84-a6dc98655cb0
1093657022,20230405,202304,2023,2023.2603,GHA,GHANA,GHA,,,,,,,,,,,,,,,,,,1,172,172,17,4,-5.0,8,1,4,-6.76056338028169,1,Ghana,GH,GH,8,-2,GH,0,,,,,,,1,Ghana,GH,GH,8,-2,GH,20230405,https://www.9news.com.au/national/couran-cove-south-stradbroke-island-gold-coast-dispute-queensland/621b3f5d-9fba-436d-8f84-a6dc98655cb0
1093657555,20230405,202304,2023,2023.2603,PHL,PHILIPPINE,PHL,,,,,,,,GOVBUS,CENTRAL BANK,,,,,,GOV,BUS,,1,031,031,03,1,5.2,10,1,10,0.23474178403756,1,Philippines,RP,RP,13,122,RP,1,Philippines,RP,RP,13,122,RP,1,Philippines,RP,RP,13,122,RP,20230405,https://www.rappler.com/newsbreak/fact-check/ang-bagong-lipunan-currency-series-not-backed-gold/
1093659783,20230405,202304,2023,2023.2603,ARE,EMIRATI,ARE,,,,,,,,USAGOV,NASA,USA,,,,,GOV,,,1,010,010,01,1,0.0,10,1,10,4.3046357615894,0,,,,,,,0,,,,,,,0,,,,,,,20230405,https://menafn.com/1105949332/Emirati-Astronaut-Receives-Nasa-Golden-Astronaut-Pin-for-Historic-Mission
1093659883,20230405,202304,2023,2023.2603,BUS,COMPANY,,,,,,BUS,,,,,,,,,,,,,1,084,084,08,2,7.0,24,3,24,-0.669953538155637,4,"Skeena, British Columbia, Canada",CA,CA02,54.25,-129.833,-573721,0,,,,,,,4,"Skeena, British Columbia, Canada",CA,CA02,54.25,-129.833,-573721,20230405,https://www.finanznachrichten.de/nachrichten-2023-04/58751939-skeena-resources-limited-skeena-retains-100-ownership-of-the-snip-gold-project-200.htm
1093659887,20230405,202304,2023,2023.2603,BUS,INVESTOR,,,,,,BUS,,,,,,,,,,,,,0,130,130,13,3,-4.4,82,4,46,-0.3818531277909,4,"Vancouver, British Columbia, Canada",CA,CA02,49.25,-123.133,-575268,0,,,,,,,4,"Vancouver, British Columbia, Canada",CA,CA02,49.25,-123.133,-575268,20230405,https://www.marketscreener.com/quote/stock/AVINO-SILVER-GOLD-MINES-1409069/news/FAVOURABLE-METALLURGICAL-RESULTS-FROM-AVINO-S-OXIDE-TAILINGS-PROJECT-43434003/
1093659895,20230405,202304,2023,2023.2603,BUS,COMPANY,,,,,,BUS,,,COL,COLOMBIA,COL,,,,,,,,1,046,046,04,1,7.0,20,2,20,5.37130497476568,4,"El Bagre, Antioquia, Colombia",CO,CO02,7.59272,-74.8086,-582260,4,"El Bagre, Antioquia, Colombia",CO,CO02,7.59272,-74.8086,-582260,4,"El Bagre, Antioquia, Colombia",CO,CO02,7.59272,-74.8086,-582260,20230405,https://markets.financialcontent.com/stocks/article/thenewswire-2023-4-5-soma-gold-produces-6796-ounces-of-gold-at-el-bagre-mine-in-q1-2023
1093659952,20230405,202304,2023,2023.2603,CAN,CANADA,CAN,,,,,,,,,,,,,,,,,,1,0311,031,03,1,5.2,20,4,20,0.943267362377968,4,"Skeena, British Columbia, Canada",CA,CA02,54.25,-129.833,-573721,0,,,,,,,4,"Skeena, British Columbia, Canada",CA,CA02,54.25,-129.833,-573721,20230405,https://www.finanznachrichten.de/nachrichten-2023-04/58751939-skeena-resources-limited-skeena-retains-100-ownership-of-the-snip-gold-project-200.htm
1093659953,20230405,202304,2023,2023.2603,CAN,CANADA,CAN,,,,,,,,,,,,,,,,,,1,0311,031,03,1,5.2,18,3,18,-0.669953538155637,1,United States,US,US,39.828175,-98.5795,US,0,,,,,,,1,United States,US,US,39.828175,-98.5795,US,20230405,https://www.finanznachrichten.de/nachrichten-2023-04/58751939-skeena-resources-limited-skeena-retains-100-ownership-of-the-snip-gold-project-200.htm
1093659957,20230405,202304,2023,2023.2603,CAN,CANADA,CAN,,,,,,,,,,,,,,,,,,1,084,084,08,2,7.0,12,2,12,-0.673804479418885,4,"Skeena, British Columbia, Canada",CA,CA02,54.25,-129.833,-573721,0,,,,,,,4,"Skeena, British Columbia, Canada",CA,CA02,54.25,-129.833,-573721,20230405,https://www.finanznachrichten.de/nachrichten-2023-04/58751939-skeena-resources-limited-skeena-retains-100-ownership-of-the-snip-gold-project-200.htm
1093660120,20230405,202304,2023,2023.2603,COL,COLOMBIA,COL,,,,,,,,BUS,COMPANY,,,,,,BUS,,,1,046,046,04,1,7.0,20,2,20,5.37130497476568,4,"El Bagre, Antioquia, Colombia",CO,CO02,7.59272,-74.8086,-582260,4,"El Bagre, Antioquia, Colombia",CO,CO02,7.59272,-74.8086,-582260,4,"El Bagre, Antioquia, Colombia",CO,CO02,7.59272,-74.8086,-582260,20230405,https://markets.financialcontent.com/stocks/article/thenewswire-2023-4-5-soma-gold-produces-6796-ounces-of-gold-at-el-bagre-mine-in-q1-2023
1093662028,20230329,202303,2023,2023.2438,NAMBUS,NAMIBIA,NAM,,,,,BUS,,,GOV,MINIST OF MINES,,,,,,GOV,,,0,020,020,02,1,3.0,10,1,10,1.33843212237094,1,Namibia,WA,WA,-22,17,WA,1,Namibia,WA,WA,-22,17,WA,1,Namibia,WA,WA,-22,17,WA,20230405,https://www.namibian.com.na/diamonds-gold-uranium-copper-still-rock-exports/
1093662049,20230404,202304,2023,2023.2575,NAM,NAMIBIA,NAM,,,,,,,,,,,,,,,,,,1,084,084,08,2,7.0,5,1,5,1.33843212237094,1,Namibia,WA,WA,-22,17,WA,0,,,,,,,1,Namibia,WA,WA,-22,17,WA,20230405,https://www.namibian.com.na/diamonds-gold-uranium-copper-still-rock-exports/
1093662307,20230405,202304,2023,2023.2603,BUS,COMPANY,,,,,,BUS,,,CAN,VANCOUVER,CAN,,,,,,,,1,046,046,04,1,7.0,2,1,2,7.07070707070707,4,"El Bagre, Antioquia, Colombia",CO,CO02,7.59272,-74.8086,-582260,4,"Vancouver, British Columbia, Canada",CA,CA02,49.25,-123.133,-575268,4,"Vancouver, British Columbia, Canada",CA,CA02,49.25,-123.133,-575268,20230405,https://finance.yahoo.com/news/soma-gold-produces-6-796-113956067.html
1093662308,20230405,202304,2023,2023.2603,BUS,COMPANY,,,,,,BUS,,,COL,COLOMBIA,COL,,,,,,,,1,046,046,04,1,7.0,4,1,4,7.07070707070707,4,"Vancouver, British Columbia, Canada",CA,CA02,49.25,-123.133,-575268,4,"El Bagre, Antioquia, Colombia",CO,CO02,7.59272,-74.8086,-582260,4,"Vancouver, British Columbia, Canada",CA,CA02,49.25,-123.133,-575268,20230405,https://finance.yahoo.com/news/soma-gold-produces-6-796-113956067.html
1093662309,20230405,202304,2023,2023.2603,BUS,COMPANY,,,,,,BUS,,,COL,COLOMBIA,COL,,,,,,,,1,046,046,04,1,7.0,4,1,4,7.07070707070707,4,"El Bagre, Antioquia, Colombia",CO,CO02,7.59272,-74.8086,-582260,4,"El Bagre, Antioquia, Colombia",CO,CO02,7.59272,-74.8086,-582260,4,"Vancouver, British Columbia, Canada",CA,CA02,49.25,-123.133,-575268,20230405,https://finance.yahoo.com/news/soma-gold-produces-6-796-113956067.html
1093662340,20230405,202304,2023,2023.2603,CAN,VANCOUVER,CAN,,,,,,,,BUS,COMPANY,,,,,,BUS,,,1,046,046,04,1,7.0,2,1,2,7.07070707070707,4,"Vancouver, British Columbia, Canada",CA,CA02,49.25,-123.133,-575268,4,"El Bagre, Antioquia, Colombia",CO,CO02,7.59272,-74.8086,-582260,4,"Vancouver, British Columbia, Canada",CA,CA02,49.25,-123.133,-575268,20230405,https://finance.yahoo.com/news/soma-gold-produces-6-796-113956067.html
1093662416,20230405,202304,2023,2023.2603,COL,COLOMBIA,COL,,,,,,,,BUS,COMPANY,,,,,,BUS,,,1,046,046,04,1,7.0,4,1,4,7.07070707070707,4,"El Bagre, Antioquia, Colombia",CO,CO02,7.59272,-74.8086,-582260,4,"Vancouver, British Columbia, Canada",CA,CA02,49.25,-123.133,-575268,4,"Vancouver, British Columbia, Canada",CA,CA02,49.25,-123.133,-575268,20230405,https://finance.yahoo.com/news/soma-gold-produces-6-796-113956067.html
1093662417,20230405,202304,2023,2023.2603,COL,COLOMBIA,COL,,,,,,,,BUS,COMPANY,,,,,,BUS,,,1,046,046,04,1,7.0,4,1,4,7.07070707070707,4,"El Bagre, Antioquia, Colombia",CO,CO02,7.59272,-74.8086,-582260,4,"El Bagre, Antioquia, Colombia",CO,CO02,7.59272,-74.8086,-582260,4,"Vancouver, British Columbia, Canada",CA,CA02,49.25,-123.133,-575268,20230405,https://finance.yahoo.com/news/soma-gold-produces-6-796-113956067.html
1093666555,20230405,202304,2023,2023.2603,,,,,,,,,,,AFR,AFRICA,AFR,,,,,,,,0,042,042,04,1,1.9,33,5,25,-4.42368375916189,0,,,,,,,5,"Free State, Free State, South Africa",SF,SF03,-29,26,-1269735,5,"Free State, Free State, South Africa",SF,SF03,-29,26,-1269735,20230405,https://www.msn.com/en-us/money/other/element-africa-gold-in-ghana-oil-in-nigeria-and-fracking-in-south-africa/ar-AA19vdBs
1093666754,20230405,202304,2023,2023.2603,AFR,AFRICA,AFR,,,,,,,,,,,,,,,,,,0,043,043,04,1,2.8,31,4,23,-4.93472004179747,5,"Free State, Free State, South Africa",SF,SF03,-29,26,-1269735,0,,,,,,,5,"Free State, Free State, South Africa",SF,SF03,-29,26,-1269735,20230405,https://www.msn.com/en-us/money/other/element-africa-gold-in-ghana-oil-in-nigeria-and-fracking-in-south-africa/ar-AA19vdBs
1093666778,20230405,202304,2023,2023.2603,AFR,AFRICA,AFR,,,,,,,,ZAF,FREE STATE,ZAF,,,,,,,,0,043,043,04,1,2.8,14,3,14,-3.43452588531164,5,"Free State, Free State, South Africa",SF,SF03,-29,26,-1269735,5,"Free State, Free State, South Africa",SF,SF03,-29,26,-1269735,5,"Free State, Free State, South Africa",SF,SF03,-29,26,-1269735,20230405,https://www.msn.com/en-us/money/other/element-africa-gold-in-ghana-oil-in-nigeria-and-fracking-in-south-africa/ar-AA19vdBs
1093666779,20230405,202304,2023,2023.2603,AFR,AFRICA,AFR,,,,,,,,ZAF,MPUMALANGA,ZAF,,,,,,,,0,130,130,13,3,-4.4,12,2,12,-1.9779087975954,4,"Middelburg, Mpumalanga, South Africa",SF,SF07,-25.7751,29.4648,-1260062,4,"Middelburg, Mpumalanga, South Africa",SF,SF07,-25.7751,29.4648,-1260062,4,"Middelburg, Mpumalanga, South Africa",SF,SF07,-25.7751,29.4648,-1260062,20230405,https://www.msn.com/en-us/money/other/element-africa-gold-in-ghana-oil-in-nigeria-and-fracking-in-south-africa/ar-AA19vdBs
1093666881,20230405,202304,2023,2023.2603,BUS,COMPANY,,,,,,BUS,,,,,,,,,,,,,0,180,180,18,4,-9.0,10,2,10,-1.9779087975954,4,"Niger Delta, Nigeria (general), Nigeria",NI,NI00,4.83333,6,-2020890,0,,,,,,,4,"Niger Delta, Nigeria (general), Nigeria",NI,NI00,4.83333,6,-2020890,20230405,https://www.msn.com/en-us/money/other/element-africa-gold-in-ghana-oil-in-nigeria-and-fracking-in-south-africa/ar-AA19vdBs
1093666882,20230405,202304,2023,2023.2603,BUS,COMPANY,,,,,,BUS,,,,,,,,,,,,,0,180,180,18,4,-9.0,5,1,5,-1.8854242204496,1,Ghana,GH,GH,8,-2,GH,0,,,,,,,1,Ghana,GH,GH,8,-2,GH,20230405,https://www.msn.com/en-us/money/other/element-africa-gold-in-ghana-oil-in-nigeria-and-fracking-in-south-africa/ar-AA19vdBs
1093666887,20230405,202304,2023,2023.2603,BUS,COMPANY,,,,,,BUS,,,BUSGOV,COMPANY,,,,,,BUS,GOV,,1,0831,083,08,2,5.0,12,2,12,0.51211306576113,4,"Morrison River, Ontario, Canada",CA,CA08,53.7667,-91.85,-569647,4,"Morrison River, Ontario, Canada",CA,CA08,53.7667,-91.85,-569647,4,"Morrison River, Ontario, Canada",CA,CA08,53.7667,-91.85,-569647,20230405,https://www.finanznachrichten.de/nachrichten-2023-04/58752261-pegmatite-one-lithium-and-gold-corp-announces-the-appointment-of-new-ceo-and-stock-option-grants-296.htm
1093666892,20230405,202304,2023,2023.2603,BUS,COMPANY,,,,,,BUS,,,CVL,RESIDENTS,,,,,,CVL,,,1,042,042,04,1,1.9,5,1,5,-1.8854242204496,1,Ghana,GH,GH,8,-2,GH,1,Ghana,GH,GH,8,-2,GH,1,Ghana,GH,GH,8,-2,GH,20230405,https://www.msn.com/en-us/money/other/element-africa-gold-in-ghana-oil-in-nigeria-and-fracking-in-south-africa/ar-AA19vdBs
1093666895,20230405,202304,2023,2023.2603,BUS,COMPANY,,,,,,BUS,,,GBR,UNITED KINGDOM,GBR,,,,,,,,1,0831,083,08,2,5.0,8,2,8,0.51211306576113,4,"Morrison River, Ontario, Canada",CA,CA08,53.7667,-91.85,-569647,4,"Morrison River, Ontario, Canada",CA,CA08,53.7667,-91.85,-569647,4,"Morrison River, Ontario, Canada",CA,CA08,53.7667,-91.85,-569647,20230405,https://www.finanznachrichten.de/nachrichten-2023-04/58752261-pegmatite-one-lithium-and-gold-corp-announces-the-appointment-of-new-ceo-and-stock-option-grants-296.htm
1093667194,20230405,202304,2023,2023.2603,CVL,RESIDENTS,,,,,,CVL,,,BUS,COMPANY,,,,,,BUS,,,1,043,043,04,1,2.8,10,2,10,-1.9779087975954,1,Ghana,GH,GH,8,-2,GH,1,Ghana,GH,GH,8,-2,GH,1,Ghana,GH,GH,8,-2,GH,20230405,https://www.msn.com/en-us/money/other/element-africa-gold-in-ghana-oil-in-nigeria-and-fracking-in-south-africa/ar-AA19vdBs
1093667451,20230405,202304,2023,2023.2603,GOV,REGULATOR,,,,,,GOV,,,,,,,,,,,,,1,015,015,01,1,0.0,20,2,20,0.51211306576113,4,"Vancouver Island, British Columbia, Canada",CA,CA02,49.6667,-125.833,-575271,0,,,,,,,4,"Vancouver Island, British Columbia, Canada",CA,CA02,49.6667,-125.833,-575271,20230405,https://www.finanznachrichten.de/nachrichten-2023-04/58752261-pegmatite-one-lithium-and-gold-corp-announces-the-appointment-of-new-ceo-and-stock-option-grants-296.htm
1093667861,20230405,202304,2023,2023.2603,JUD,ADVOCATE,,,,,,JUD,,,ZAF,MPUMALANGA,ZAF,,,,,,,,0,130,130,13,3,-4.4,8,2,8,-1.9779087975954,4,"Middelburg, Mpumalanga, South Africa",SF,SF07,-25.7751,29.4648,-1260062,4,"Middelburg, Mpumalanga, South Africa",SF,SF07,-25.7751,29.4648,-1260062,4,"Middelburg, Mpumalanga, South Africa",SF,SF07,-25.7751,29.4648,-1260062,20230405,https://www.msn.com/en-us/money/other/element-africa-gold-in-ghana-oil-in-nigeria-and-fracking-in-south-africa/ar-AA19vdBs
1093668069,20230405,202304,2023,2023.2603,NGA,NIGERIA,NGA,,,,,,,,GOV,PRESIDENT,,,,,,GOV,,,0,010,010,01,1,0.0,2,2,2,-1.9779087975954,4,"Niger Delta, Nigeria (general), Nigeria",NI,NI00,4.83333,6,-2020890,4,"Niger Delta, Nigeria (general), Nigeria",NI,NI00,4.83333,6,-2020890,4,"Niger Delta, Nigeria (general), Nigeria",NI,NI00,4.83333,6,-2020890,20230405,https://www.msn.com/en-us/money/other/element-africa-gold-in-ghana-oil-in-nigeria-and-fracking-in-south-africa/ar-AA19vdBs
1093668081,20230405,202304,2023,2023.2603,NGAGOV,NIGERIAN,NGA,,,,,GOV,,,NGA,NIGERIAN,NGA,,,,,,,,0,010,010,01,1,0.0,6,2,6,-1.9779087975954,4,"Niger Delta, Nigeria (general), Nigeria",NI,NI00,4.83333,6,-2020890,4,"Niger Delta, Nigeria (general), Nigeria",NI,NI00,4.83333,6,-2020890,4,"Niger Delta, Nigeria (general), Nigeria",NI,NI00,4.83333,6,-2020890,20230405,https://www.msn.com/en-us/money/other/element-africa-gold-in-ghana-oil-in-nigeria-and-fracking-in-south-africa/ar-AA19vdBs
1093668750,20230405,202304,2023,2023.2603,ZAF,FREE STATE,ZAF,,,,,,,,AFR,AFRICA,AFR,,,,,,,,0,042,042,04,1,1.9,14,3,14,-3.43452588531164,5,"Free State, Free State, South Africa",SF,SF03,-29,26,-1269735,5,"Free State, Free State, South Africa",SF,SF03,-29,26,-1269735,5,"Free State, Free State, South Africa",SF,SF03,-29,26,-1269735,20230405,https://www.msn.com/en-us/money/other/element-africa-gold-in-ghana-oil-in-nigeria-and-fracking-in-south-africa/ar-AA19vdBs
1093670415,20230405,202304,2023,2023.2603,,,,,,,,,,,PER,PERU,PER,,,,,,,,0,042,042,04,1,1.9,60,6,60,2.16865322259682,0,,,,,,,4,"Veta, Huancavelica, Peru",PE,PE09,-13.6528,-75.0589,6343822,4,"Veta, Huancavelica, Peru",PE,PE09,-13.6528,-75.0589,6343822,20230405,https://www.streetinsider.com/Newsfile/Palamina+Receives+Approval+to+Drill+in+the+Cayos+and+Sol+De+Oro+Zones+at+the+Usicayos+Gold+Project+in+Peru/21471373.html
1093670570,20230405,202304,2023,2023.2603,BUS,COMPANY,,,,,,BUS,,,,,,,,,,,,,0,180,180,18,4,-9.0,5,1,5,-2.0703933747412,4,"Middelburg, Mpumalanga, South Africa",SF,SF07,-25.7751,29.4648,-1260062,0,,,,,,,4,"Middelburg, Mpumalanga, South Africa",SF,SF07,-25.7751,29.4648,-1260062,20230405,https://news.mongabay.com/2023/04/element-africa-gold-in-ghana-oil-in-nigeria-and-fracking-in-south-africa/
1093670577,20230405,202304,2023,2023.2603,BUS,COMPANIES,,,,,,BUS,,,BUSCVL,INVESTOR,,,,,,BUS,CVL,,0,0874,087,08,2,10.0,5,1,5,0.66006600660066,0,,,,,,,0,,,,,,,0,,,,,,,20230405,https://www.investing.com/analysis/gold-poised-for-a-quick-10-rally-200636925
1093670581,20230405,202304,2023,2023.2603,BUS,COMPANY,,,,,,BUS,,,CVL,RESIDENTS,,,,,,CVL,,,1,042,042,04,1,1.9,5,1,5,-2.0703933747412,4,"Middelburg, Mpumalanga, South Africa",SF,SF07,-25.7751,29.4648,-1260062,4,"Middelburg, Mpumalanga, South Africa",SF,SF07,-25.7751,29.4648,-1260062,4,"Middelburg, Mpumalanga, South Africa",SF,SF07,-25.7751,29.4648,-1260062,20230405,https://news.mongabay.com/2023/04/element-africa-gold-in-ghana-oil-in-nigeria-and-fracking-in-south-africa/
1093671675,20230405,202304,2023,2023.2603,PER,PERU,PER,,,,,,,,,,,,,,,,,,0,043,043,04,1,2.8,4,1,4,2.31023102310231,4,"Sol De Oro, Lima, Peru",PE,PE15,-11.9994,-77.065,-364362,0,,,,,,,4,"Sol De Oro, Lima, Peru",PE,PE15,-11.9994,-77.065,-364362,20230405,https://www.streetinsider.com/Newsfile/Palamina+Receives+Approval+to+Drill+in+the+Cayos+and+Sol+De+Oro+Zones+at+the+Usicayos+Gold+Project+in+Peru/21471373.html
1093671676,20230405,202304,2023,2023.2603,PER,PERU,PER,,,,,,,,,,,,,,,,,,0,043,043,04,1,2.8,18,3,18,2.06209678868758,1,Tanzania,TZ,TZ,-6,35,TZ,0,,,,,,,1,Tanzania,TZ,TZ,-6,35,TZ,20230405,https://www.streetinsider.com/Newsfile/Palamina+Receives+Approval+to+Drill+in+the+Cayos+and+Sol+De+Oro+Zones+at+the+Usicayos+Gold+Project+in+Peru/21471373.html
1093673625,20230405,202304,2023,2023.2603,PER,PERU,PER,,,,,,,,,,,,,,,,,,0,043,043,04,1,2.8,8,2,8,1.93802967148021,4,"Usicayos, Puno, Peru",PE,PE21,-14.1247,-69.9661,-367196,0,,,,,,,4,"Usicayos, Puno, Peru",PE,PE21,-14.1247,-69.9661,-367196,20230405,https://www.finanznachrichten.de/nachrichten-2023-04/58752265-palamina-corp-palamina-receives-approval-to-drill-in-the-cayos-and-sol-de-oro-zones-at-the-usicayos-gold-project-in-peru-296.htm
1093673866,20230405,202304,2023,2023.2603,USA,UNITED STATES,USA,,,,,,,,,,,,,,,,,,1,090,090,09,2,-2.0,1,1,1,3.79596678529063,3,"Capitol Hill, District of Columbia, United States",US,USDC,38.889,-77.0003,529313,0,,,,,,,3,"Washington, District of Columbia, United States",US,USDC,38.8951,-77.0364,531871,20230405,http://www.msn.com/en-us/news/us/rep-mark-green-reintroduces-protecting-gold-star-spouses-act/ar-AA19uSyh
1093673867,20230405,202304,2023,2023.2603,USA,UNITED STATES,USA,,,,,,,,,,,,,,,,,,1,090,090,09,2,-2.0,1,1,1,3.79596678529063,3,"Capitol Hill, District of Columbia, United States",US,USDC,38.889,-77.0003,529313,0,,,,,,,2,"Maryland, United States",US,USMD,39.0724,-76.7902,MD,20230405,http://www.msn.com/en-us/news/us/rep-mark-green-reintroduces-protecting-gold-star-spouses-act/ar-AA19uSyh
1093675607,20230405,202304,2023,2023.2603,,,,,,,,,,,TUR,ISTANBUL,TUR,,,,,,,,0,036,036,03,1,4.0,10,1,10,1.53374233128835,0,,,,,,,4,"Delhi, Delhi, India",IN,IN07,28.6667,77.2167,-2094230,4,"Delhi, Delhi, India",IN,IN07,28.6667,77.2167,-2094230,20230405,https://zeenews.india.com/aviation/indian-aviation-enters-golden-period-with-expansion-of-airlines-fleet-new-airports-2591683.html
1093675784,20230405,202304,2023,2023.2603,CAN,CANADA,CAN,,,,,,,,,,,,,,,,,,1,0311,031,03,1,5.2,2,1,2,-0.66225165562914,1,United States,US,US,39.828175,-98.5795,US,0,,,,,,,4,"Skeena, British Columbia, Canada",CA,CA02,54.25,-129.833,-573721,20230405,https://www.pr-inside.com/skeena-retains-100-ownership-of-the-snip-gold-project-r4913973.htm
1093676264,20230405,202304,2023,2023.2603,GOV,GOVERNMENT,,,,,,GOV,,,CRM,MAFIA,,,,,,CRM,,,1,1014,101,10,3,-5.0,10,1,10,-1.58730158730159,1,Zimbabwe,ZI,ZI,-19,29,ZI,1,Zimbabwe,ZI,ZI,-19,29,ZI,1,Zimbabwe,ZI,ZI,-19,29,ZI,20230405,https://www.namibian.com.na/zim-government-orders-investigation-following-gold-mafia-expose-on-gold-and-money-laundering-syndicate/
1093680224,20230405,202304,2023,2023.2603,,,,,,,,,,,CAN,CANADA,CAN,,,,,,,,1,030,030,03,1,4.0,4,1,4,-0.67698259187621,0,,,,,,,1,United States,US,US,39.828175,-98.5795,US,1,United States,US,US,39.828175,-98.5795,US,20230405,https://www.goldseiten.de/artikel/575418--Desert-Mountain-Energy-Issues-A-Corporate-Update.html
1093680398,20230405,202304,2023,2023.2603,AUS,VICTORIA,AUS,,,,,,,,,,,,,,,,,,0,010,010,01,1,0.0,5,1,5,0.64672594987874,1,Germany,GM,GM,51.5,10.5,GM,0,,,,,,,1,Germany,GM,GM,51.5,10.5,GM,20230405,https://foreignaffairs.co.nz/2023/04/05/mil-osi-translation-victoria-gold-eagle-gold-mine-q1-2023-operational-highlights/
1093680415,20230405,202304,2023,2023.2603,BEL,BELGIUM,BEL,,,,,,,,FRA,FRANCE,FRA,,,,,,,,1,043,043,04,1,2.8,4,1,4,0,4,"Paris, France (general), France",FR,FR00,48.8667,2.33333,-1456928,4,"Paris, France (general), France",FR,FR00,48.8667,2.33333,-1456928,4,"Paris, France (general), France",FR,FR00,48.8667,2.33333,-1456928,20230405,https://www.efinancialcareers.com/news/2023/04/goldman-sachs-paris
1093680416,20230405,202304,2023,2023.2603,BEL,BELGIUM,BEL,,,,,,,,FRA,FRANCE,FRA,,,,,,,,1,043,043,04,1,2.8,6,1,6,0,1,Belgium,BE,BE,50.833333,4,BE,4,"Paris, France (general), France",FR,FR00,48.8667,2.33333,-1456928,4,"Paris, France (general), France",FR,FR00,48.8667,2.33333,-1456928,20230405,https://www.efinancialcareers.com/news/2023/04/goldman-sachs-paris
1093680419,20230405,202304,2023,2023.2603,BEL,BELGIUM,BEL,,,,,,,,LUX,LUXEMBOURG,LUX,,,,,,,,1,043,043,04,1,2.8,2,1,2,0,4,"Paris, France (general), France",FR,FR00,48.8667,2.33333,-1456928,1,Belgium,BE,BE,50.833333,4,BE,4,"Paris, France (general), France",FR,FR00,48.8667,2.33333,-1456928,20230405,https://www.efinancialcareers.com/news/2023/04/goldman-sachs-paris
1093680420,20230405,202304,2023,2023.2603,BEL,BELGIUM,BEL,,,,,,,,LUX,LUXEMBOURG,LUX,,,,,,,,1,043,043,04,1,2.8,2,1,2,0,4,"Paris, France (general), France",FR,FR00,48.8667,2.33333,-1456928,1,Luxembourg,LU,LU,49.75,6.166667,LU,4,"Paris, France (general), France",FR,FR00,48.8667,2.33333,-1456928,20230405,https://www.efinancialcareers.com/news/2023/04/goldman-sachs-paris
1093680421,20230405,202304,2023,2023.2603,BEL,BELGIUM,BEL,,,,,,,,LUX,LUXEMBOURG,LUX,,,,,,,,1,043,043,04,1,2.8,6,1,6,0,1,Belgium,BE,BE,50.833333,4,BE,1,Luxembourg,LU,LU,49.75,6.166667,LU,4,"Paris, France (general), France",FR,FR00,48.8667,2.33333,-1456928,20230405,https://www.efinancialcareers.com/news/2023/04/goldman-sachs-paris
1093680445,20230405,202304,2023,2023.2603,BUS,COMPANY,,,,,,BUS,,,,,,,,,,,,,1,020,020,02,1,3.0,20,2,20,0.161588492470445,4,"Munro Lake, Manitoba, Canada",CA,CA03,54.6333,-95.25,-569761,0,,,,,,,4,"Munro Lake, Manitoba, Canada",CA,CA03,54.6333,-95.25,-569761,20230405,https://www.goldseiten.de/artikel/575414--New-Age-Metals-Inc.-Continues-to-Expand-Lithium-Portfolio-with-Acquisition-of-19321-ha-at-McLaughlin-Lake-Li-Project-Manitoba.html
1093680475,20230405,202304,2023,2023.2603,BUS,INDUSTRY,,,,,,BUS,,,,,,,,,,,,,0,084,084,08,2,7.0,4,1,4,0.58479532163743,4,"Vancouver, British Columbia, Canada",CA,CA02,49.25,-123.133,-575268,0,,,,,,,4,"La Estrella, Arequipa, Peru",PE,PE04,-15.7594,-73.9019,-351406,20230405,https://www.goldseiten.de/artikel/575413--Highlander-Silver-Extends-Exploration-Periods-of-the-Alta-Victoria-and-Politunche-Option-Agreements.html
1093680502,20230405,202304,2023,2023.2603,BUS,INDUSTRY,,,,,,BUS,,,CAN,CANADA,CAN,,,,,,,,1,015,015,01,1,0.0,55,6,55,1.09951119574663,4,"Vancouver, British Columbia, Canada",CA,CA02,49.25,-123.133,-575268,4,"Vancouver, British Columbia, Canada",CA,CA02,49.25,-123.133,-575268,4,"Vancouver, British Columbia, Canada",CA,CA02,49.25,-123.133,-575268,20230405,https://www.goldseiten.de/artikel/575413--Highlander-Silver-Extends-Exploration-Periods-of-the-Alta-Victoria-and-Politunche-Option-Agreements.html
1093680645,20230405,202304,2023,2023.2603,COP,POLICE,,,,,,COP,,,,,,,,,,,,,0,015,015,01,1,0.0,8,2,8,-0.6861158614074,4,"Vancouver, British Columbia, Canada",CA,CA02,49.25,-123.133,-575268,0,,,,,,,4,"Vancouver, British Columbia, Canada",CA,CA02,49.25,-123.133,-575268,20230405,https://www.goldseiten.de/artikel/575418--Desert-Mountain-Energy-Issues-A-Corporate-Update.html
1093680646,20230405,202304,2023,2023.2603,COP,POLICE,,,,,,COP,,,,,,,,,,,,,0,015,015,01,1,0.0,12,2,12,-0.6861158614074,1,United States,US,US,39.828175,-98.5795,US,0,,,,,,,1,United States,US,US,39.828175,-98.5795,US,20230405,https://www.goldseiten.de/artikel/575418--Desert-Mountain-Energy-Issues-A-Corporate-Update.html
1093680653,20230405,202304,2023,2023.2603,COP,POLICE,,,,,,COP,,,,,,,,,,,,,0,084,084,08,2,7.0,8,2,8,-0.6861158614074,4,"Vancouver, British Columbia, Canada",CA,CA02,49.25,-123.133,-575268,0,,,,,,,4,"Vancouver, British Columbia, Canada",CA,CA02,49.25,-123.133,-575268,20230405,https://www.goldseiten.de/artikel/575418--Desert-Mountain-Energy-Issues-A-Corporate-Update.html
1093680656,20230405,202304,2023,2023.2603,COP,POLICE,,,,,,COP,,,,,,,,,,,,,0,084,084,08,2,7.0,18,3,18,-2.72078505986831,1,United States,US,US,39.828175,-98.5795,US,0,,,,,,,1,United States,US,US,39.828175,-98.5795,US,20230405,https://www.goldseiten.de/artikel/575418--Desert-Mountain-Energy-Issues-A-Corporate-Update.html
1093680834,20230405,202304,2023,2023.2603,FRA,FRANCE,FRA,,,,,,,,BEL,BELGIUM,BEL,,,,,,,,1,042,042,04,1,1.9,2,1,2,0,4,"Paris, France (general), France",FR,FR00,48.8667,2.33333,-1456928,4,"Paris, France (general), France",FR,FR00,48.8667,2.33333,-1456928,4,"Paris, France (general), France",FR,FR00,48.8667,2.33333,-1456928,20230405,https://www.efinancialcareers.com/news/2023/04/goldman-sachs-paris
1093680835,20230405,202304,2023,2023.2603,FRA,FRANCE,FRA,,,,,,,,BEL,BELGIUM,BEL,,,,,,,,1,042,042,04,1,1.9,2,1,2,0,4,"Paris, France (general), France",FR,FR00,48.8667,2.33333,-1456928,2,"New York, United States",US,USNY,42.1497,-74.9384,NY,4,"Paris, France (general), France",FR,FR00,48.8667,2.33333,-1456928,20230405,https://www.efinancialcareers.com/news/2023/04/goldman-sachs-paris
1093680836,20230405,202304,2023,2023.2603,FRA,FRANCE,FRA,,,,,,,,BEL,BELGIUM,BEL,,,,,,,,1,042,042,04,1,1.9,6,1,6,0,2,"New York, United States",US,USNY,42.1497,-74.9384,NY,2,"New York, United States",US,USNY,42.1497,-74.9384,NY,4,"Paris, France (general), France",FR,FR00,48.8667,2.33333,-1456928,20230405,https://www.efinancialcareers.com/news/2023/04/goldman-sachs-paris
1093680925,20230405,202304,2023,2023.2603,GBRMED,UNITED KINGDOM,GBR,,,,,MED,,,,,,,,,,,,,1,017,017,01,1,0.0,1,1,1,0.67024128686327,4,"London, London, City of, United Kingdom",UK,UKH9,51.5,-0.116667,-2601889,0,,,,,,,4,"London, London, City of, United Kingdom",UK,UKH9,51.5,-0.116667,-2601889,20230405,https://www.goldradiouk.com/artists/the-beatles/earliest-recording-discovery/
1093681411,20230405,202304,2023,2023.2603,LUX,LUXEMBOURG,LUX,,,,,,,,BEL,BELGIUM,BEL,,,,,,,,1,042,042,04,1,1.9,2,1,2,0,1,Belgium,BE,BE,50.833333,4,BE,4,"Paris, France (general), France",FR,FR00,48.8667,2.33333,-1456928,4,"Paris, France (general), France",FR,FR00,48.8667,2.33333,-1456928,20230405,https://www.efinancialcareers.com/news/2023/04/goldman-sachs-paris
1093681412,20230405,202304,2023,2023.2603,LUX,LUXEMBOURG,LUX,,,,,,,,BEL,BELGIUM,BEL,,,,,,,,1,042,042,04,1,1.9,2,1,2,0,1,Luxembourg,LU,LU,49.75,6.166667,LU,4,"Paris, France (general), France",FR,FR00,48.8667,2.33333,-1456928,4,"Paris, France (general), France",FR,FR00,48.8667,2.33333,-1456928,20230405,https://www.efinancialcareers.com/news/2023/04/goldman-sachs-paris
1093681413,20230405,202304,2023,2023.2603,LUX,LUXEMBOURG,LUX,,,,,,,,BEL,BELGIUM,BEL,,,,,,,,1,042,042,04,1,1.9,6,1,6,0,1,Luxembourg,LU,LU,49.75,6.166667,LU,1,Belgium,BE,BE,50.833333,4,BE,4,"Paris, France (general), France",FR,FR00,48.8667,2.33333,-1456928,20230405,https://www.efinancialcareers.com/news/2023/04/goldman-sachs-paris
1093682877,20230405,202304,2023,2023.2603,GOV,GOVERNMENT,,,,,,GOV,,,,,,,,,,,,,1,110,110,11,3,-2.0,4,1,4,-2.07939508506616,1,Qatar,QA,QA,25.5,51.25,QA,0,,,,,,,1,Qatar,QA,QA,25.5,51.25,QA,20230405,https://www.myzimbabwe.co.zw/news/107789-jonathan-moyo-fumes-slams-uebert-angel-as-mnangagwas-govt-makes-dramatic-somersault-on-gold-mafia.html
1093682937,20230405,202304,2023,2023.2603,GOV,AMBASSADOR,,,,,,GOV,,,QAT,QATAR,QAT,,,,,,,,1,110,110,11,3,-2.0,1,1,1,-2.07939508506616,1,Qatar,QA,QA,25.5,51.25,QA,1,Qatar,QA,QA,25.5,51.25,QA,1,Qatar,QA,QA,25.5,51.25,QA,20230405,https://www.myzimbabwe.co.zw/news/107789-jonathan-moyo-fumes-slams-uebert-angel-as-mnangagwas-govt-makes-dramatic-somersault-on-gold-mafia.html
1093682938,20230405,202304,2023,2023.2603,GOV,AMBASSADOR,,,,,,GOV,,,QAT,QATAR,QAT,,,,,,,,1,111,111,11,3,-2.0,4,1,4,-2.07939508506616,1,Qatar,QA,QA,25.5,51.25,QA,1,Qatar,QA,QA,25.5,51.25,QA,1,Qatar,QA,QA,25.5,51.25,QA,20230405,https://www.myzimbabwe.co.zw/news/107789-jonathan-moyo-fumes-slams-uebert-angel-as-mnangagwas-govt-makes-dramatic-somersault-on-gold-mafia.html
1093683459,20230405,202304,2023,2023.2603,QATGOV,QATAR,QAT,,,,,GOV,,,,,,,,,,,,,1,110,110,11,3,-2.0,1,1,1,-2.07939508506616,1,Qatar,QA,QA,25.5,51.25,QA,0,,,,,,,1,Qatar,QA,QA,25.5,51.25,QA,20230405,https://www.myzimbabwe.co.zw/news/107789-jonathan-moyo-fumes-slams-uebert-angel-as-mnangagwas-govt-makes-dramatic-somersault-on-gold-mafia.html
1093688154,20230405,202304,2023,2023.2603,ITA,ITALY,ITA,,,,,,,,USAMED,REUTERS,USA,,,,,MED,,,1,030,030,03,1,4.0,2,1,2,5.02392344497608,4,"Milan, Lombardia, Italy",IT,IT09,45.4667,9.2,-121726,4,"Milan, Lombardia, Italy",IT,IT09,45.4667,9.2,-121726,4,"Milan, Lombardia, Italy",IT,IT09,45.4667,9.2,-121726,20230405,https://money.usnews.com/investing/news/articles/2023-04-04/italys-golden-goose-to-spread-its-wings-beyond-sneakers
1093689006,20230405,202304,2023,2023.2603,USA,CHICAGO,USA,,,,,,,,,,,,,,,,,,1,190,190,19,4,-10.0,10,1,10,-3.125,1,Ghana,GH,GH,8,-2,GH,0,,,,,,,1,Ghana,GH,GH,8,-2,GH,20230405,https://abc7chicago.com/chicago-fire-gold-coast-cfd-north-dusable-lake-shore-drive/13088911/
1093689283,20230405,202304,2023,2023.2603,USAMED,REUTERS,USA,,,,,MED,,,,,,,,,,,,,1,010,010,01,1,0.0,3,1,3,5.02392344497608,4,"Milan, Lombardia, Italy",IT,IT09,45.4667,9.2,-121726,0,,,,,,,4,"Milan, Lombardia, Italy",IT,IT09,45.4667,9.2,-121726,20230405,https://money.usnews.com/investing/news/articles/2023-04-04/italys-golden-goose-to-spread-its-wings-beyond-sneakers
1093689287,20230405,202304,2023,2023.2603,USAMED,REUTERS,USA,,,,,MED,,,,,,,,,,,,,1,030,030,03,1,4.0,3,1,3,5.02392344497608,4,"Milan, Lombardia, Italy",IT,IT09,45.4667,9.2,-121726,0,,,,,,,4,"Milan, Lombardia, Italy",IT,IT09,45.4667,9.2,-121726,20230405,https://money.usnews.com/investing/news/articles/2023-04-04/italys-golden-goose-to-spread-its-wings-beyond-sneakers
1093689300,20230405,202304,2023,2023.2603,USAMED,REUTERS,USA,,,,,MED,,,CHN,BEIJING,CHN,,,,,,,,1,111,111,11,3,-2.0,10,1,10,5.02392344497608,4,"Milan, Lombardia, Italy",IT,IT09,45.4667,9.2,-121726,4,"Milan, Lombardia, Italy",IT,IT09,45.4667,9.2,-121726,4,"Milan, Lombardia, Italy",IT,IT09,45.4667,9.2,-121726,20230405,https://money.usnews.com/investing/news/articles/2023-04-04/italys-golden-goose-to-spread-its-wings-beyond-sneakers
1093690739,20230405,202304,2023,2023.2603,,,,,,,,,,,BRA,BRAZIL,BRA,,,,,,,,1,046,046,04,1,7.0,2,1,2,3.26894502228826,0,,,,,,,4,"Minas Gerais, Acre, Brazil",BR,BR01,-8.96667,-72.7833,-655150,4,"Minas Gerais, Acre, Brazil",BR,BR01,-8.96667,-72.7833,-655150,20230405,https://www.juniorminingnetwork.com/junior-miner-news/press-releases/2931-tsx-venture/cert/139120-cerrado-gold-strengthens-owners-team-at-monte-do-carmo-gold-project-in-tocatins-brazil.html
1093690779,20230405,202304,2023,2023.2603,,,,,,,,,,,CVL,SETTLEMENT,,,,,,CVL,,,1,057,057,05,1,8.0,10,1,10,1.01351351351351,0,,,,,,,3,"Chandalar, Alaska, United States",US,USAK,67.5053,-148.494,1400137,3,"Chandalar, Alaska, United States",US,USAK,67.5053,-148.494,1400137,20230405,https://www.marketscreener.com/quote/stock/GOLDRICH-MINING-COMPANY-120791737/news/Goldrich-Mining-Announces-Settlement-of-Arbitration-43436182/
1093690855,20230405,202304,2023,2023.2603,,,,,,,,,,,MED,MEDIA,,,,,,MED,,,0,130,130,13,3,-4.4,20,1,20,0.803485987696515,0,,,,,,,4,"Moscow, Moskva, Russia",RS,RS48,55.7522,37.6156,-2960561,4,"Moscow, Moskva, Russia",RS,RS48,55.7522,37.6156,-2960561,20230405,https://www.rbth.com/arts/336030-gold-troy-ussr-war-booty
1093691031,20230405,202304,2023,2023.2603,BUS,COMPANY,,,,,,BUS,,,,,,,,,,,,,0,030,030,03,1,4.0,10,1,10,0,4,"Pine Channel, Saskatchewan, Canada",CA,CA11,59.25,-106.5,-571327,0,,,,,,,4,"Pine Channel, Saskatchewan, Canada",CA,CA11,59.25,-106.5,-571327,20230405,https://www.juniorminingnetwork.com/junior-miner-news/press-releases/3193-tsx-venture/apmi/139150-apogee-minerals-acquires-strategic-mineral-claim-at-pine-channel-gold-project-saskatchewan.html
1093691056,20230405,202304,2023,2023.2603,BUS,COMPANY,,,,,,BUS,,,,,,,,,,,,,1,071,071,07,2,7.4,30,3,30,2.3051225143525,4,"Quebec, Quebec, Canada",CA,CA10,47.5,-72,-571850,0,,,,,,,4,"Quebec, Quebec, Canada",CA,CA10,47.5,-72,-571850,20230405,https://www.juniorminingnetwork.com/junior-miner-news/press-releases/754-tsx/prb/139143-probe-gold-appoints-renaud-adams-to-its-board-of-directors.html
1093691071,20230405,202304,2023,2023.2603,BUS,ENTREPRENEUR,,,,,,BUS,,,,,,,,,,,,,0,173,173,17,4,-5.0,20,1,20,3.39371229170493,1,India,IN,IN,20,77,IN,0,,,,,,,1,India,IN,IN,20,77,IN,20230405,https://www.timesnownews.com/technology-science/goldman-sachs-10000-women-initiative-boosts-indian-economy-with-12000-new-jobs-and-inr-28-billion-revenue-article-99273524/amp
1093691073,20230405,202304,2023,2023.2603,BUS,COMPANY,,,,,,BUS,,,CVL,SETTLEMENT,,,,,,CVL,,,0,020,020,02,1,3.0,20,2,20,-0.204498977505115,1,United States,US,US,39.828175,-98.5795,US,1,United States,US,US,39.828175,-98.5795,US,1,United States,US,US,39.828175,-98.5795,US,20230405,https://www.juniorminingnetwork.com/junior-miner-news/press-releases/2982-tsx-venture/gshr/139155-goldshore-resources-announces-upsized-6-million-private-placement.html
1093691074,20230405,202304,2023,2023.2603,BUS,COMPANY,,,,,,BUS,,,CVL,SETTLEMENT,,,,,,CVL,,,0,030,030,03,1,4.0,20,2,20,-0.204498977505115,4,"Moss Lake, Alberta, Canada",CA,CA01,54.3914,-111.88,429135,4,"Moss Lake, Alberta, Canada",CA,CA01,54.3914,-111.88,429135,4,"Moss Lake, Alberta, Canada",CA,CA01,54.3914,-111.88,429135,20230405,https://www.juniorminingnetwork.com/junior-miner-news/press-releases/2982-tsx-venture/gshr/139155-goldshore-resources-announces-upsized-6-million-private-placement.html
1093691075,20230405,202304,2023,2023.2603,BUS,COMPANY,,,,,,BUS,,,CVL,SETTLEMENT,,,,,,CVL,,,1,030,030,03,1,4.0,10,1,10,1.01351351351351,2,"Alaska, United States",US,USAK,61.385,-152.268,AK,2,"Alaska, United States",US,USAK,61.385,-152.268,AK,2,"Alaska, United States",US,USAK,61.385,-152.268,AK,20230405,https://www.marketscreener.com/quote/stock/GOLDRICH-MINING-COMPANY-120791737/news/Goldrich-Mining-Announces-Settlement-of-Arbitration-43436182/
1093691077,20230405,202304,2023,2023.2603,BUS,COMPANY,,,,,,BUS,,,CVL,SETTLEMENT,,,,,,CVL,,,1,057,057,05,1,8.0,10,1,10,1.01351351351351,3,"Chandalar, Alaska, United States",US,USAK,67.5053,-148.494,1400137,3,"Chandalar, Alaska, United States",US,USAK,67.5053,-148.494,1400137,3,"Chandalar, Alaska, United States",US,USAK,67.5053,-148.494,1400137,20230405,https://www.marketscreener.com/quote/stock/GOLDRICH-MINING-COMPANY-120791737/news/Goldrich-Mining-Announces-Settlement-of-Arbitration-43436182/
1093691078,20230405,202304,2023,2023.2603,BUS,COMPANY,,,,,,BUS,,,CVL,SETTLEMENT,,,,,,CVL,,,0,071,071,07,2,7.4,20,2,20,-0.204498977505115,1,United States,US,US,39.828175,-98.5795,US,1,United States,US,US,39.828175,-98.5795,US,4,"Moss Lake, Alberta, Canada",CA,CA01,54.3914,-111.88,429135,20230405,https://www.juniorminingnetwork.com/junior-miner-news/press-releases/2982-tsx-venture/gshr/139155-goldshore-resources-announces-upsized-6-million-private-placement.html
1093691107,20230405,202304,2023,2023.2603,BUSBUS,COMPANY,,,,,,BUS,BUS,,GOV,AUTHORITIES,,,,,,GOV,,,0,010,010,01,1,0.0,10,1,10,1.03359173126615,4,"Valleyview, Alberta, Canada",CA,CA01,55.0667,-117.283,-575262,4,"Valleyview, Alberta, Canada",CA,CA01,55.0667,-117.283,-575262,4,"Valleyview, Alberta, Canada",CA,CA01,55.0667,-117.283,-575262,20230405,https://www.marketscreener.com/quote/stock/GOLDEN-INDEPENDENCE-MININ-44247356/news/Golden-Independence-Advances-Permitting-for-Independence-Project-in-Nevada-43436181/
1093691108,20230405,202304,2023,2023.2603,BUSBUS,COMPANY,,,,,,BUS,BUS,,GOV,AUTHORITIES,,,,,,GOV,,,0,046,046,04,1,7.0,10,1,10,1.03359173126615,4,"Valleyview, Alberta, Canada",CA,CA01,55.0667,-117.283,-575262,4,"Valleyview, Alberta, Canada",CA,CA01,55.0667,-117.283,-575262,4,"Valleyview, Alberta, Canada",CA,CA01,55.0667,-117.283,-575262,20230405,https://www.marketscreener.com/quote/stock/GOLDEN-INDEPENDENCE-MININ-44247356/news/Golden-Independence-Advances-Permitting-for-Independence-Project-in-Nevada-43436181/
1093691118,20230405,202304,2023,2023.2603,CAN,CANADA,CAN,,,,,,,,,,,,,,,,,,1,030,030,03,1,4.0,2,1,2,5.95903165735568,4,"Quebec, Quebec, Canada",CA,CA10,47.5,-72,-571850,0,,,,,,,4,"Quebec, Quebec, Canada",CA,CA10,47.5,-72,-571850,20230405,https://www.juniorminingnetwork.com/junior-miner-news/press-releases/754-tsx/prb/139143-probe-gold-appoints-renaud-adams-to-its-board-of-directors.html
1093691143,20230405,202304,2023,2023.2603,CANGOV,BRITISH COLUMBIA,CAN,,,,,GOV,,,CAN,VANCOUVER,CAN,,,,,,,,1,010,010,01,1,0.0,2,1,2,4.02542372881356,1,United States,US,US,39.828175,-98.5795,US,1,United States,US,US,39.828175,-98.5795,US,1,United States,US,US,39.828175,-98.5795,US,20230405,https://www.juniorminingnetwork.com/junior-miner-news/press-releases/1128-tsx-venture/edg/139137-endurance-receives-amended-drill-permit-for-the-reliance-gold-project-in-b-c.html
1093691339,20230405,202304,2023,2023.2603,CVL,SETTLEMENT,,,,,,CVL,,,,,,,,,,,,,1,057,057,05,1,8.0,10,1,10,1.01351351351351,3,"Chandalar, Alaska, United States",US,USAK,67.5053,-148.494,1400137,0,,,,,,,3,"Chandalar, Alaska, United States",US,USAK,67.5053,-148.494,1400137,20230405,https://www.marketscreener.com/quote/stock/GOLDRICH-MINING-COMPANY-120791737/news/Goldrich-Mining-Announces-Settlement-of-Arbitration-43436182/
1093691378,20230405,202304,2023,2023.2603,DEU,BERLIN,DEU,,,,,,,,,,,,,,,,,,0,120,120,12,3,-4.0,2,1,2,-0.27272727272727,4,"Moscow, Moskva, Russia",RS,RS48,55.7522,37.6156,-2960561,0,,,,,,,4,"Moscow, Moskva, Russia",RS,RS48,55.7522,37.6156,-2960561,20230405,https://www.rbth.com/arts/336030-gold-troy-ussr-war-booty
1093691393,20230405,202304,2023,2023.2603,DEU,GERMANY,DEU,,,,,,,,GOV,AUTHORITIES,,,,,,GOV,,,0,043,043,04,1,2.8,2,1,2,-0.27272727272727,4,"Dresden, Sachsen, Germany",GM,GM13,51.05,13.75,-1761619,4,"Moscow, Moskva, Russia",RS,RS48,55.7522,37.6156,-2960561,4,"Moscow, Moskva, Russia",RS,RS48,55.7522,37.6156,-2960561,20230405,https://www.rbth.com/arts/336030-gold-troy-ussr-war-booty
1093691395,20230405,202304,2023,2023.2603,DEU,BERLIN,DEU,,,,,,,,RUS,MOSCOW,RUS,,,,,,,,0,042,042,04,1,1.9,2,1,2,-0.27272727272727,4,"Berlin, Berlin, Germany",GM,GM16,52.5167,13.4,-1746443,4,"Moscow, Moskva, Russia",RS,RS48,55.7522,37.6156,-2960561,4,"Berlin, Berlin, Germany",GM,GM16,52.5167,13.4,-1746443,20230405,https://www.rbth.com/arts/336030-gold-troy-ussr-war-booty
1093691396,20230405,202304,2023,2023.2603,DEU,GERMANY,DEU,,,,,,,,RUS,MOSCOW,RUS,,,,,,,,0,043,043,04,1,2.8,1,1,1,-0.27272727272727,4,"Berlin, Berlin, Germany",GM,GM16,52.5167,13.4,-1746443,4,"Berlin, Berlin, Germany",GM,GM16,52.5167,13.4,-1746443,4,"Berlin, Berlin, Germany",GM,GM16,52.5167,13.4,-1746443,20230405,https://www.rbth.com/arts/336030-gold-troy-ussr-war-booty
1093691397,20230405,202304,2023,2023.2603,DEU,GERMANY,DEU,,,,,,,,RUS,RUSSIA,RUS,,,,,,,,0,043,043,04,1,2.8,5,1,5,-0.27272727272727,4,"Tempelhof, Bayern, Germany",GM,GM02,48.8667,11.1667,-1873493,4,"Moscow, Moskva, Russia",RS,RS48,55.7522,37.6156,-2960561,4,"Tempelhof, Bayern, Germany",GM,GM02,48.8667,11.1667,-1873493,20230405,https://www.rbth.com/arts/336030-gold-troy-ussr-war-booty
1093691403,20230405,202304,2023,2023.2603,DEU,BERLIN,DEU,,,,,,,,RUS,MOSCOW,RUS,,,,,,,,0,061,061,06,2,6.4,2,1,2,-0.27272727272727,4,"Berlin, Berlin, Germany",GM,GM16,52.5167,13.4,-1746443,4,"Moscow, Moskva, Russia",RS,RS48,55.7522,37.6156,-2960561,4,"Berlin, Berlin, Germany",GM,GM16,52.5167,13.4,-1746443,20230405,https://www.rbth.com/arts/336030-gold-troy-ussr-war-booty
1093691404,20230405,202304,2023,2023.2603,DEU,GERMANY,DEU,,,,,,,,RUSGOV,RUSSIA,RUS,,,,,GOV,,,0,043,043,04,1,2.8,6,1,6,-0.27272727272727,4,"Dresden, Sachsen, Germany",GM,GM13,51.05,13.75,-1761619,4,"Moscow, Moskva, Russia",RS,RS48,55.7522,37.6156,-2960561,4,"Moscow, Moskva, Russia",RS,RS48,55.7522,37.6156,-2960561,20230405,https://www.rbth.com/arts/336030-gold-troy-ussr-war-booty
1093691405,20230405,202304,2023,2023.2603,DEU,GERMANY,DEU,,,,,,,,RUSGOV,RUSSIA,RUS,,,,,GOV,,,0,043,043,04,1,2.8,2,1,2,-0.27272727272727,4,"Moscow, Moskva, Russia",RS,RS48,55.7522,37.6156,-2960561,4,"Vnukovo, Kostromskaya Oblast', Russia",RS,RS37,58.651,41.858,9268015,4,"Moscow, Moskva, Russia",RS,RS48,55.7522,37.6156,-2960561,20230405,https://www.rbth.com/arts/336030-gold-troy-ussr-war-booty
1093691610,20230405,202304,2023,2023.2603,GBR,UNITED KINGDOM,GBR,,,,,,,,,,,,,,,,,,0,071,071,07,2,7.4,4,2,4,1.50631970260223,4,"Skeena, British Columbia, Canada",CA,CA02,54.25,-129.833,-573721,0,,,,,,,4,"Skeena, British Columbia, Canada",CA,CA02,54.25,-129.833,-573721,20230405,https://www.juniorminingnetwork.com/junior-miner-news/press-releases/1532-tsx-venture/epl/139134-eagle-plains-acquires-strategic-disposition-at-pine-channel-gold-project-saskatchewan.html
1093691769,20230405,202304,2023,2023.2603,GOV,CHIEF EXECUTIVE,,,,,,GOV,,,BUS,ENTREPRENEUR,,,,,,BUS,,,0,010,010,01,1,0.0,20,1,20,3.39371229170493,1,India,IN,IN,20,77,IN,1,India,IN,IN,20,77,IN,1,India,IN,IN,20,77,IN,20230405,https://www.timesnownews.com/technology-science/goldman-sachs-10000-women-initiative-boosts-indian-economy-with-12000-new-jobs-and-inr-28-billion-revenue-article-99273524/amp
1093691776,20230405,202304,2023,2023.2603,GOV,AUTHORITIES,,,,,,GOV,,,BUSBUS,COMPANY,,,,,,BUS,BUS,,0,046,046,04,1,7.0,10,1,10,1.03359173126615,4,"Valleyview, Alberta, Canada",CA,CA01,55.0667,-117.283,-575262,4,"Valleyview, Alberta, Canada",CA,CA01,55.0667,-117.283,-575262,4,"Valleyview, Alberta, Canada",CA,CA01,55.0667,-117.283,-575262,20230405,https://www.marketscreener.com/quote/stock/GOLDEN-INDEPENDENCE-MININ-44247356/news/Golden-Independence-Advances-Permitting-for-Independence-Project-in-Nevada-43436181/
1093691792,20230405,202304,2023,2023.2603,GOV,AUTHORITIES,,,,,,GOV,,,DEU,GERMANY,DEU,,,,,,,,0,042,042,04,1,1.9,2,1,2,-0.27272727272727,4,"Moscow, Moskva, Russia",RS,RS48,55.7522,37.6156,-2960561,4,"Dresden, Sachsen, Germany",GM,GM13,51.05,13.75,-1761619,4,"Moscow, Moskva, Russia",RS,RS48,55.7522,37.6156,-2960561,20230405,https://www.rbth.com/arts/336030-gold-troy-ussr-war-booty
1093692621,20230405,202304,2023,2023.2603,RUS,RUSSIA,RUS,,,,,,,,,,,,,,,,,,1,031,031,03,1,5.2,3,1,3,-0.27272727272727,4,"Moscow, Moskva, Russia",RS,RS48,55.7522,37.6156,-2960561,0,,,,,,,4,"Moscow, Moskva, Russia",RS,RS48,55.7522,37.6156,-2960561,20230405,https://www.rbth.com/arts/336030-gold-troy-ussr-war-booty
1093692623,20230405,202304,2023,2023.2603,RUS,RUSSIA,RUS,,,,,,,,,,,,,,,,,,0,145,145,14,3,-7.5,4,1,4,-0.27272727272727,4,"Moscow, Moskva, Russia",RS,RS48,55.7522,37.6156,-2960561,0,,,,,,,4,"Moscow, Moskva, Russia",RS,RS48,55.7522,37.6156,-2960561,20230405,https://www.rbth.com/arts/336030-gold-troy-ussr-war-booty
1093692637,20230405,202304,2023,2023.2603,RUS,MOSCOW,RUS,,,,,,,,DEU,GERMANY,DEU,,,,,,,,0,042,042,04,1,1.9,1,1,1,-0.27272727272727,4,"Berlin, Berlin, Germany",GM,GM16,52.5167,13.4,-1746443,4,"Berlin, Berlin, Germany",GM,GM16,52.5167,13.4,-1746443,4,"Berlin, Berlin, Germany",GM,GM16,52.5167,13.4,-1746443,20230405,https://www.rbth.com/arts/336030-gold-troy-ussr-war-booty
1093692638,20230405,202304,2023,2023.2603,RUS,RUSSIA,RUS,,,,,,,,DEU,GERMANY,DEU,,,,,,,,0,042,042,04,1,1.9,5,1,5,-0.27272727272727,4,"Moscow, Moskva, Russia",RS,RS48,55.7522,37.6156,-2960561,4,"Tempelhof, Bayern, Germany",GM,GM02,48.8667,11.1667,-1873493,4,"Tempelhof, Bayern, Germany",GM,GM02,48.8667,11.1667,-1873493,20230405,https://www.rbth.com/arts/336030-gold-troy-ussr-war-booty
1093692639,20230405,202304,2023,2023.2603,RUS,MOSCOW,RUS,,,,,,,,DEU,BERLIN,DEU,,,,,,,,0,043,043,04,1,2.8,2,1,2,-0.27272727272727,4,"Moscow, Moskva, Russia",RS,RS48,55.7522,37.6156,-2960561,4,"Berlin, Berlin, Germany",GM,GM16,52.5167,13.4,-1746443,4,"Berlin, Berlin, Germany",GM,GM16,52.5167,13.4,-1746443,20230405,https://www.rbth.com/arts/336030-gold-troy-ussr-war-booty
1093692645,20230405,202304,2023,2023.2603,RUS,MOSCOW,RUS,,,,,,,,DEU,GERMANY,DEU,,,,,,,,0,061,061,06,2,6.4,2,1,2,-0.27272727272727,4,"Berlin, Berlin, Germany",GM,GM16,52.5167,13.4,-1746443,4,"Berlin, Berlin, Germany",GM,GM16,52.5167,13.4,-1746443,4,"Friedrichsfelde, Berlin, Germany",GM,GM16,52.5167,13.5167,-1772084,20230405,https://www.rbth.com/arts/336030-gold-troy-ussr-war-booty
1093692646,20230405,202304,2023,2023.2603,RUS,RUSSIA,RUS,,,,,,,,DEU,GERMANY,DEU,,,,,,,,0,061,061,06,2,6.4,6,1,6,-0.27272727272727,4,"Moscow, Moskva, Russia",RS,RS48,55.7522,37.6156,-2960561,4,"Tempelhof, Bayern, Germany",GM,GM02,48.8667,11.1667,-1873493,4,"Berlin, Berlin, Germany",GM,GM16,52.5167,13.4,-1746443,20230405,https://www.rbth.com/arts/336030-gold-troy-ussr-war-booty
1093692647,20230405,202304,2023,2023.2603,RUS,RUSSIA,RUS,,,,,,,,FRA,RHEIMS,FRA,,,,,,,,0,020,020,02,1,3.0,4,1,4,-0.27272727272727,4,"Moscow, Moskva, Russia",RS,RS48,55.7522,37.6156,-2960561,4,"Moscow, Moskva, Russia",RS,RS48,55.7522,37.6156,-2960561,4,"Moscow, Moskva, Russia",RS,RS48,55.7522,37.6156,-2960561,20230405,https://www.rbth.com/arts/336030-gold-troy-ussr-war-booty
1093692692,20230405,202304,2023,2023.2603,RUSGOV,RUSSIA,RUS,,,,,GOV,,,DEU,GERMANY,DEU,,,,,,,,0,042,042,04,1,1.9,6,1,6,-0.27272727272727,4,"Moscow, Moskva, Russia",RS,RS48,55.7522,37.6156,-2960561,4,"Dresden, Sachsen, Germany",GM,GM13,51.05,13.75,-1761619,4,"Moscow, Moskva, Russia",RS,RS48,55.7522,37.6156,-2960561,20230405,https://www.rbth.com/arts/336030-gold-troy-ussr-war-booty
1093692693,20230405,202304,2023,2023.2603,RUSGOV,RUSSIA,RUS,,,,,GOV,,,DEU,GERMANY,DEU,,,,,,,,0,042,042,04,1,1.9,2,1,2,-0.27272727272727,4,"Vnukovo, Kostromskaya Oblast', Russia",RS,RS37,58.651,41.858,9268015,4,"Moscow, Moskva, Russia",RS,RS48,55.7522,37.6156,-2960561,4,"Moscow, Moskva, Russia",RS,RS48,55.7522,37.6156,-2960561,20230405,https://www.rbth.com/arts/336030-gold-troy-ussr-war-booty
1093696253,20230405,202304,2023,2023.2603,MEX,DURANGO,MEX,,,,,,,,,,,,,,,,,,1,040,040,04,1,1.0,10,1,10,-0.19782393669634,4,"Vancouver, British Columbia, Canada",CA,CA02,49.25,-123.133,-575268,0,,,,,,,4,"Vancouver, British Columbia, Canada",CA,CA02,49.25,-123.133,-575268,20230405,https://www.goldseiten.de/artikel/575367--Favourable-Metallurgical-Results-From-Avinound039s-Oxide-Tailings-Project.html
1093702094,20230405,202304,2023,2023.2603,BUS,COMPANY,,,,,,BUS,,,,,,,,,,,,,1,125,125,12,3,-5.0,10,1,10,0,1,United Kingdom,UK,UK,54,-4,UK,0,,,,,,,1,United Kingdom,UK,UK,54,-4,UK,20230405,https://www.investegate.co.uk/golden-rock-global--gcg-/rns/restoration-of-trading/202304051511525263V/
1093702999,20230405,202304,2023,2023.2603,KOR,SOUTH KOREA,KOR,,,,,,,,,,,,,,,,,,1,010,010,01,1,0.0,2,1,2,0.65789473684211,4,"Incheon, Inch'on-gwangyoksi, South Korea",KS,KS12,37.4536,126.732,-708814,0,,,,,,,4,"Incheon, Inch'on-gwangyoksi, South Korea",KS,KS12,37.4536,126.732,-708814,20230405,http://www.econotimes.com/Dongsuh-Foods-voluntarily-recalls-Maxi-Mocha-Gold-coffee-mix-due-to-silicon-contamination-1653899
1093703778,20230405,202304,2023,2023.2603,USAGOVBUS,UNITED STATES,USA,,,,,GOV,BUS,,BUS,COMPANY,,,,,,BUS,,,0,010,010,01,1,0.0,1,1,1,3.85542168674699,2,"Idaho, United States",US,USID,44.2394,-114.51,ID,3,"Center Star Mine, Idaho, United States",US,USID,45.8102,-115.559,379141,2,"Idaho, United States",US,USID,44.2394,-114.51,ID,20230405,https://www.goldseiten.de/artikel/575430--Magellan-Gold-Enters-Joint-Venture-Agreement-With-Gold-Express-Mines.html
1093703779,20230405,202304,2023,2023.2603,USAGOVBUS,UNITED STATES,USA,,,,,GOV,BUS,,BUS,COMPANY,,,,,,BUS,,,0,010,010,01,1,0.0,4,1,4,3.85542168674699,2,"Idaho, United States",US,USID,44.2394,-114.51,ID,2,"Idaho, United States",US,USID,44.2394,-114.51,ID,2,"Idaho, United States",US,USID,44.2394,-114.51,ID,20230405,https://www.goldseiten.de/artikel/575430--Magellan-Gold-Enters-Joint-Venture-Agreement-With-Gold-Express-Mines.html
1093703824,20230405,202304,2023,2023.2603,don,DONG,,,don,,,,,,,,,,,,,,,,1,010,010,01,1,0.0,6,1,6,0.65789473684211,4,"Changwon, Kyongsang-namdo, South Korea",KS,KS20,35.2281,128.681,-706032,0,,,,,,,4,"Changwon, Kyongsang-namdo, South Korea",KS,KS20,35.2281,128.681,-706032,20230405,http://www.econotimes.com/Dongsuh-Foods-voluntarily-recalls-Maxi-Mocha-Gold-coffee-mix-due-to-silicon-contamination-1653899
1093703825,20230405,202304,2023,2023.2603,don,DONG,,,don,,,,,,KOR,SOUTH KOREA,KOR,,,,,,,,1,010,010,01,1,0.0,2,1,2,0.65789473684211,4,"Incheon, Inch'on-gwangyoksi, South Korea",KS,KS12,37.4536,126.732,-708814,4,"Incheon, Inch'on-gwangyoksi, South Korea",KS,KS12,37.4536,126.732,-708814,4,"Incheon, Inch'on-gwangyoksi, South Korea",KS,KS12,37.4536,126.732,-708814,20230405,http://www.econotimes.com/Dongsuh-Foods-voluntarily-recalls-Maxi-Mocha-Gold-coffee-mix-due-to-silicon-contamination-1653899
1093705578,20230405,202304,2023,2023.2603,,,,,,,,,,,MIL,MILITARY,,,,,,MIL,,,0,043,043,04,1,2.8,10,1,10,1.17328519855595,0,,,,,,,2,"Colorado, United States",US,USCO,39.0646,-105.327,CO,2,"Colorado, United States",US,USCO,39.0646,-105.327,CO,20230405,https://weeklyregistercall.com/golden-super-cruise-reflects-americas-passion-for-cars/community/postmaster/4568/
1093706207,20230405,202304,2023,2023.2603,GBR,UNITED KINGDOM,GBR,,,,,,,,GOV,CHIEF EXECUTIVE,,,,,,GOV,,,1,050,050,05,1,3.5,6,1,6,4.65116279069768,4,"Lothian, Midlothian, United Kingdom",UK,UKV5,55.8667,-3.15,-2602058,4,"Lothian, Midlothian, United Kingdom",UK,UKV5,55.8667,-3.15,-2602058,4,"Lothian, Midlothian, United Kingdom",UK,UKV5,55.8667,-3.15,-2602058,20230405,https://www.eastlothiancourier.com/news/23436927.east-lothian-councils-telecare-service-receives-gold-standard-award/
1093706208,20230405,202304,2023,2023.2603,GBR,UNITED KINGDOM,GBR,,,,,,,,GOV,CHIEF EXECUTIVE,,,,,,GOV,,,1,051,051,05,1,3.4,6,1,6,4.65116279069768,4,"Lothian, Midlothian, United Kingdom",UK,UKV5,55.8667,-3.15,-2602058,4,"Lothian, Midlothian, United Kingdom",UK,UKV5,55.8667,-3.15,-2602058,4,"Lothian, Midlothian, United Kingdom",UK,UKV5,55.8667,-3.15,-2602058,20230405,https://www.eastlothiancourier.com/news/23436927.east-lothian-councils-telecare-service-receives-gold-standard-award/
1093706223,20230405,202304,2023,2023.2603,GBR,UNITED KINGDOM,GBR,,,,,,,,sco,SCOTTISH,,,sco,,,,,,1,020,020,02,1,3.0,2,1,2,4.65116279069768,4,"Lothian, Midlothian, United Kingdom",UK,UKV5,55.8667,-3.15,-2602058,4,"Lothian, Midlothian, United Kingdom",UK,UKV5,55.8667,-3.15,-2602058,4,"Lothian, Midlothian, United Kingdom",UK,UKV5,55.8667,-3.15,-2602058,20230405,https://www.eastlothiancourier.com/news/23436927.east-lothian-councils-telecare-service-receives-gold-standard-award/
1093706224,20230405,202304,2023,2023.2603,GBR,UNITED KINGDOM,GBR,,,,,,,,sco,SCOTTISH,,,sco,,,,,,1,060,060,06,2,6.0,1,1,1,4.65116279069768,4,"Lothian, Midlothian, United Kingdom",UK,UKV5,55.8667,-3.15,-2602058,5,"Midlothian, Midlothian, United Kingdom",UK,UKV5,55.8333,-3.08333,-2603077,4,"Lothian, Midlothian, United Kingdom",UK,UKV5,55.8667,-3.15,-2602058,20230405,https://www.eastlothiancourier.com/news/23436927.east-lothian-councils-telecare-service-receives-gold-standard-award/
1093706225,20230405,202304,2023,2023.2603,GBR,UNITED KINGDOM,GBR,,,,,,,,sco,SCOTTISH,,,sco,,,,,,1,060,060,06,2,6.0,1,1,1,4.65116279069768,4,"Lothian, Midlothian, United Kingdom",UK,UKV5,55.8667,-3.15,-2602058,5,"Midlothian, Midlothian, United Kingdom",UK,UKV5,55.8333,-3.08333,-2603077,5,"Midlothian, Midlothian, United Kingdom",UK,UKV5,55.8333,-3.08333,-2603077,20230405,https://www.eastlothiancourier.com/news/23436927.east-lothian-councils-telecare-service-receives-gold-standard-award/
1093706266,20230405,202304,2023,2023.2603,GOV,CHIEF EXECUTIVE,,,,,,GOV,,,,,,,,,,,,,1,050,050,05,1,3.5,1,1,1,4.65116279069768,4,"Lothian, Midlothian, United Kingdom",UK,UKV5,55.8667,-3.15,-2602058,0,,,,,,,4,"Lothian, Midlothian, United Kingdom",UK,UKV5,55.8667,-3.15,-2602058,20230405,https://www.eastlothiancourier.com/news/23436927.east-lothian-councils-telecare-service-receives-gold-standard-award/
1093706268,20230405,202304,2023,2023.2603,GOV,AUTHORITIES,,,,,,GOV,,,,,,,,,,,,,1,051,051,05,1,3.4,11,1,10,4.65116279069768,4,"Lothian, Midlothian, United Kingdom",UK,UKV5,55.8667,-3.15,-2602058,0,,,,,,,4,"Lothian, Midlothian, United Kingdom",UK,UKV5,55.8667,-3.15,-2602058,20230405,https://www.eastlothiancourier.com/news/23436927.east-lothian-councils-telecare-service-receives-gold-standard-award/
1093706693,20230405,202304,2023,2023.2603,MIL,MILITARY,,,,,,MIL,,,,,,,,,,,,,0,042,042,04,1,1.9,10,1,10,1.17328519855595,2,"Colorado, United States",US,USCO,39.0646,-105.327,CO,0,,,,,,,2,"Colorado, United States",US,USCO,39.0646,-105.327,CO,20230405,https://weeklyregistercall.com/golden-super-cruise-reflects-americas-passion-for-cars/community/postmaster/4568/
1093710818,20230405,202304,2023,2023.2603,,,,,,,,,,,KHM,PHNOM PENH,KHM,,,,,,,,1,036,036,03,1,4.0,6,1,6,4.58515283842794,0,,,,,,,4,"Phnom Penh, (CB11), Cambodia",CB,CB11,11.55,104.917,-1033783,4,"Phnom Penh, (CB11), Cambodia",CB,CB11,11.55,104.917,-1033783,20230405,https://www.phnompenhpost.com/national/cambodian-student-wins-gold-medal-intl-math-olympiad-thailand
1093710846,20230405,202304,2023,2023.2603,,,,,,,,,,,THA,THAILAND,THA,,,,,,,,1,043,043,04,1,2.8,2,1,2,4.58515283842794,0,,,,,,,4,"Pattaya, Chon Buri, Thailand",TH,TH46,12.9333,100.883,-3242432,2,"New York, United States",US,USNY,42.1497,-74.9384,NY,20230405,https://www.phnompenhpost.com/national/cambodian-student-wins-gold-medal-intl-math-olympiad-thailand
1093710861,20230405,202304,2023,2023.2603,,,,,,,,,,,USA,UNITED STATES,USA,,,,,,,,0,042,042,04,1,1.9,2,1,2,0.16638935108153,0,,,,,,,3,"Baker County, Oregon, United States",US,USOR,44.7502,-117.668,1135845,3,"Baker County, Oregon, United States",US,USOR,44.7502,-117.668,1135845,20230405,https://www.wallowa.com/life/golden-cornucopia-documentary-explores-history-of-baker-countys-richest-mining-district/article_8c12d535-e1f5-5b29-9090-19c549921e09.html
1093710862,20230405,202304,2023,2023.2603,,,,,,,,,,,USA,UNITED STATES,USA,,,,,,,,0,042,042,04,1,1.9,2,1,2,0.16638935108153,0,,,,,,,3,"Baker City, Oregon, United States",US,USOR,44.7749,-117.834,1167694,3,"Baker City, Oregon, United States",US,USOR,44.7749,-117.834,1167694,20230405,https://www.wallowa.com/life/golden-cornucopia-documentary-explores-history-of-baker-countys-richest-mining-district/article_8c12d535-e1f5-5b29-9090-19c549921e09.html
1093710865,20230405,202304,2023,2023.2603,,,,,,,,,,,USA,UNITED STATES,USA,,,,,,,,0,042,042,04,1,1.9,4,1,4,0.16638935108153,0,,,,,,,3,"Pine Creek, Oregon, United States",US,USOR,44.9488,-116.878,2053984,3,"Pine Creek, Oregon, United States",US,USOR,44.9488,-116.878,2053984,20230405,https://www.wallowa.com/life/golden-cornucopia-documentary-explores-history-of-baker-countys-richest-mining-district/article_8c12d535-e1f5-5b29-9090-19c549921e09.html
1093711065,20230405,202304,2023,2023.2603,CHN,CHINA,CHN,,,,,,,,CHNGOV,CHINA,CHN,,,,,GOV,,,1,150,150,15,4,-7.2,1,1,1,4.21940928270042,4,"Kampong Chhnang, KâóChhnang, Cambodia",CB,CB03,12.25,104.667,-1023767,1,China,CH,CH,35,105,CH,4,"Kampong Chhnang, KâóChhnang, Cambodia",CB,CB03,12.25,104.667,-1023767,20230405,https://www.phnompenhpost.com/national/cambodia-china-wrap-golden-dragon-drill
1093711066,20230405,202304,2023,2023.2603,CHN,CHINA,CHN,,,,,,,,CHNGOV,CHINESE,CHN,,,,,GOV,,,1,150,150,15,4,-7.2,2,1,2,4.21940928270042,1,China,CH,CH,35,105,CH,1,China,CH,CH,35,105,CH,4,"Kampong Chhnang, KâóChhnang, Cambodia",CB,CB03,12.25,104.667,-1023767,20230405,https://www.phnompenhpost.com/national/cambodia-china-wrap-golden-dragon-drill
1093711074,20230405,202304,2023,2023.2603,CHN,CHINA,CHN,,,,,,,,KHMGOVGOVMIL,TEA BANH,KHM,,,,,GOV,GOV,MIL,1,150,150,15,4,-7.2,1,1,1,4.21940928270042,4,"Kampong Chhnang, KâóChhnang, Cambodia",CB,CB03,12.25,104.667,-1023767,1,China,CH,CH,35,105,CH,4,"Kampong Chhnang, KâóChhnang, Cambodia",CB,CB03,12.25,104.667,-1023767,20230405,https://www.phnompenhpost.com/national/cambodia-china-wrap-golden-dragon-drill
1093711075,20230405,202304,2023,2023.2603,CHN,CHINA,CHN,,,,,,,,KHMGOVGOVMIL,TEA BANH,KHM,,,,,GOV,GOV,MIL,1,150,150,15,4,-7.2,4,1,4,4.21940928270042,1,China,CH,CH,35,105,CH,1,China,CH,CH,35,105,CH,4,"Kampong Chhnang, KâóChhnang, Cambodia",CB,CB03,12.25,104.667,-1023767,20230405,https://www.phnompenhpost.com/national/cambodia-china-wrap-golden-dragon-drill
1093711079,20230405,202304,2023,2023.2603,CHN,CHINA,CHN,,,,,,,,MIL,MILITARY,,,,,,MIL,,,1,046,046,04,1,7.0,1,1,1,4.21940928270042,4,"Kampong Chhnang, KâóChhnang, Cambodia",CB,CB03,12.25,104.667,-1023767,1,China,CH,CH,35,105,CH,1,China,CH,CH,35,105,CH,20230405,https://www.phnompenhpost.com/national/cambodia-china-wrap-golden-dragon-drill
1093711080,20230405,202304,2023,2023.2603,CHN,CHINA,CHN,,,,,,,,MIL,MILITARY,,,,,,MIL,,,1,046,046,04,1,7.0,4,1,4,4.21940928270042,1,China,CH,CH,35,105,CH,4,"Kampong Chhnang, KâóChhnang, Cambodia",CB,CB03,12.25,104.667,-1023767,1,China,CH,CH,35,105,CH,20230405,https://www.phnompenhpost.com/national/cambodia-china-wrap-golden-dragon-drill
1093711252,20230405,202304,2023,2023.2603,EDU,SCHOOL,,,,,,EDU,,,,,,,,,,,,,0,013,013,01,1,0.4,6,1,6,4.58515283842794,4,"Phnom Penh, (CB11), Cambodia",CB,CB11,11.55,104.917,-1033783,0,,,,,,,4,"Phnom Penh, (CB11), Cambodia",CB,CB11,11.55,104.917,-1033783,20230405,https://www.phnompenhpost.com/national/cambodian-student-wins-gold-medal-intl-math-olympiad-thailand
1093711264,20230405,202304,2023,2023.2603,EDU,SCHOOL,,,,,,EDU,,,,,,,,,,,,,0,051,051,05,1,3.4,6,1,6,4.58515283842794,4,"Phnom Penh, (CB11), Cambodia",CB,CB11,11.55,104.917,-1033783,0,,,,,,,4,"Phnom Penh, (CB11), Cambodia",CB,CB11,11.55,104.917,-1033783,20230405,https://www.phnompenhpost.com/national/cambodian-student-wins-gold-medal-intl-math-olympiad-thailand
1093711622,20230405,202304,2023,2023.2603,IGOUNO,THE UN,,UNO,,,,IGO,,,MIL,MILITARY,,,,,,MIL,,,0,0861,086,08,2,9.0,10,1,10,4.21940928270042,4,"Kampong Chhnang, KâóChhnang, Cambodia",CB,CB03,12.25,104.667,-1023767,4,"Kampong Chhnang, KâóChhnang, Cambodia",CB,CB03,12.25,104.667,-1023767,4,"Kampong Chhnang, KâóChhnang, Cambodia",CB,CB03,12.25,104.667,-1023767,20230405,https://www.phnompenhpost.com/national/cambodia-china-wrap-golden-dragon-drill
1093711805,20230405,202304,2023,2023.2603,KHM,CAMBODIA,KHM,,,,,,,,,,,,,,,,,,0,010,010,01,1,0.0,7,1,7,4.21940928270042,4,"Kampong Chhnang, KâóChhnang, Cambodia",CB,CB03,12.25,104.667,-1023767,0,,,,,,,4,"Kampong Chhnang, KâóChhnang, Cambodia",CB,CB03,12.25,104.667,-1023767,20230405,https://www.phnompenhpost.com/national/cambodia-china-wrap-golden-dragon-drill
1093711806,20230405,202304,2023,2023.2603,KHM,PHNOM PENH,KHM,,,,,,,,,,,,,,,,,,1,036,036,03,1,4.0,6,1,6,4.58515283842794,4,"Phnom Penh, (CB11), Cambodia",CB,CB11,11.55,104.917,-1033783,0,,,,,,,4,"Phnom Penh, (CB11), Cambodia",CB,CB11,11.55,104.917,-1033783,20230405,https://www.phnompenhpost.com/national/cambodian-student-wins-gold-medal-intl-math-olympiad-thailand
1093711812,20230405,202304,2023,2023.2603,KHM,CAMBODIA,KHM,,,,,,,,CHN,CHINESE,CHN,,,,,,,,1,150,150,15,4,-7.2,2,1,2,4.21940928270042,4,"Kampong Chhnang, KâóChhnang, Cambodia",CB,CB03,12.25,104.667,-1023767,1,China,CH,CH,35,105,CH,4,"Kampong Chhnang, KâóChhnang, Cambodia",CB,CB03,12.25,104.667,-1023767,20230405,https://www.phnompenhpost.com/national/cambodia-china-wrap-golden-dragon-drill
1093711813,20230405,202304,2023,2023.2603,KHM,CAMBODIA,KHM,,,,,,,,CHNGOV,CHINESE,CHN,,,,,GOV,,,1,150,150,15,4,-7.2,3,1,3,4.21940928270042,4,"Kampong Chhnang, KâóChhnang, Cambodia",CB,CB03,12.25,104.667,-1023767,1,China,CH,CH,35,105,CH,4,"Kampong Chhnang, KâóChhnang, Cambodia",CB,CB03,12.25,104.667,-1023767,20230405,https://www.phnompenhpost.com/national/cambodia-china-wrap-golden-dragon-drill
1093711814,20230405,202304,2023,2023.2603,KHM,CAMBODIA,KHM,,,,,,,,EDU,SCHOOL,,,,,,EDU,,,0,013,013,01,1,0.4,4,1,4,4.58515283842794,4,"Phnom Penh, (CB11), Cambodia",CB,CB11,11.55,104.917,-1033783,4,"Phnom Penh, (CB11), Cambodia",CB,CB11,11.55,104.917,-1033783,4,"Phnom Penh, (CB11), Cambodia",CB,CB11,11.55,104.917,-1033783,20230405,https://www.phnompenhpost.com/national/cambodian-student-wins-gold-medal-intl-math-olympiad-thailand
1093711815,20230405,202304,2023,2023.2603,KHM,CAMBODIA,KHM,,,,,,,,EDU,STUDENT,,,,,,EDU,,,0,051,051,05,1,3.4,4,1,4,4.58515283842794,4,"Phnom Penh, (CB11), Cambodia",CB,CB11,11.55,104.917,-1033783,4,"Phnom Penh, (CB11), Cambodia",CB,CB11,11.55,104.917,-1033783,4,"Phnom Penh, (CB11), Cambodia",CB,CB11,11.55,104.917,-1033783,20230405,https://www.phnompenhpost.com/national/cambodian-student-wins-gold-medal-intl-math-olympiad-thailand
1093711820,20230405,202304,2023,2023.2603,KHM,CAMBODIA,KHM,,,,,,,,KHMGOVGOVMIL,TEA BANH,KHM,,,,,GOV,GOV,MIL,1,150,150,15,4,-7.2,5,1,5,4.21940928270042,4,"Kampong Chhnang, KâóChhnang, Cambodia",CB,CB03,12.25,104.667,-1023767,1,China,CH,CH,35,105,CH,4,"Kampong Chhnang, KâóChhnang, Cambodia",CB,CB03,12.25,104.667,-1023767,20230405,https://www.phnompenhpost.com/national/cambodia-china-wrap-golden-dragon-drill
1093711821,20230405,202304,2023,2023.2603,KHM,CAMBODIA,KHM,,,,,,,,MIL,MILITARY,,,,,,MIL,,,1,046,046,04,1,7.0,5,1,5,4.21940928270042,4,"Kampong Chhnang, KâóChhnang, Cambodia",CB,CB03,12.25,104.667,-1023767,4,"Kampong Chhnang, KâóChhnang, Cambodia",CB,CB03,12.25,104.667,-1023767,4,"Kampong Chhnang, KâóChhnang, Cambodia",CB,CB03,12.25,104.667,-1023767,20230405,https://www.phnompenhpost.com/national/cambodia-china-wrap-golden-dragon-drill
1093711822,20230405,202304,2023,2023.2603,KHM,CAMBODIA,KHM,,,,,,,,MIL,MILITARY BASE,,,,,,MIL,,,0,120,120,12,3,-4.0,10,1,10,4.21940928270042,4,"Kampong Chhnang, KâóChhnang, Cambodia",CB,CB03,12.25,104.667,-1023767,4,"Kampong Chhnang, KâóChhnang, Cambodia",CB,CB03,12.25,104.667,-1023767,4,"Kampong Chhnang, KâóChhnang, Cambodia",CB,CB03,12.25,104.667,-1023767,20230405,https://www.phnompenhpost.com/national/cambodia-china-wrap-golden-dragon-drill
1093711823,20230405,202304,2023,2023.2603,KHM,PHNOM PENH,KHM,,,,,,,,THA,THAILAND,THA,,,,,,,,1,036,036,03,1,4.0,4,1,4,4.58515283842794,4,"Phnom Penh, (CB11), Cambodia",CB,CB11,11.55,104.917,-1033783,4,"Pattaya, Chon Buri, Thailand",TH,TH46,12.9333,100.883,-3242432,4,"Pattaya, Chon Buri, Thailand",TH,TH46,12.9333,100.883,-3242432,20230405,https://www.phnompenhpost.com/national/cambodian-student-wins-gold-medal-intl-math-olympiad-thailand
1093711888,20230405,202304,2023,2023.2603,MED,TELEVISION,,,,,,MED,,,,,,,,,,,,,0,010,010,01,1,0.0,6,1,6,0.16638935108153,3,"Pine Creek, Oregon, United States",US,USOR,44.9488,-116.878,2053984,0,,,,,,,3,"Pine Creek, Oregon, United States",US,USOR,44.9488,-116.878,2053984,20230405,https://www.wallowa.com/life/golden-cornucopia-documentary-explores-history-of-baker-countys-richest-mining-district/article_8c12d535-e1f5-5b29-9090-19c549921e09.html
1093711925,20230405,202304,2023,2023.2603,MIL,MILITARY,,,,,,MIL,,,CHN,CHINA,CHN,,,,,,,,1,046,046,04,1,7.0,4,1,4,4.21940928270042,4,"Kampong Chhnang, KâóChhnang, Cambodia",CB,CB03,12.25,104.667,-1023767,1,China,CH,CH,35,105,CH,1,China,CH,CH,35,105,CH,20230405,https://www.phnompenhpost.com/national/cambodia-china-wrap-golden-dragon-drill
1093711926,20230405,202304,2023,2023.2603,MIL,MILITARY,,,,,,MIL,,,CHN,CHINA,CHN,,,,,,,,1,046,046,04,1,7.0,1,1,1,4.21940928270042,1,China,CH,CH,35,105,CH,4,"Kampong Chhnang, KâóChhnang, Cambodia",CB,CB03,12.25,104.667,-1023767,1,China,CH,CH,35,105,CH,20230405,https://www.phnompenhpost.com/national/cambodia-china-wrap-golden-dragon-drill
1093711932,20230405,202304,2023,2023.2603,MIL,MILITARY,,,,,,MIL,,,IGOUNO,THE UN,,UNO,,,,IGO,,,0,074,074,07,2,8.5,10,1,10,4.21940928270042,4,"Kampong Chhnang, KâóChhnang, Cambodia",CB,CB03,12.25,104.667,-1023767,4,"Kampong Chhnang, KâóChhnang, Cambodia",CB,CB03,12.25,104.667,-1023767,4,"Kampong Chhnang, KâóChhnang, Cambodia",CB,CB03,12.25,104.667,-1023767,20230405,https://www.phnompenhpost.com/national/cambodia-china-wrap-golden-dragon-drill
1093711933,20230405,202304,2023,2023.2603,MIL,MILITARY,,,,,,MIL,,,KHM,CAMBODIA,KHM,,,,,,,,1,046,046,04,1,7.0,4,1,4,4.21940928270042,4,"Kampong Chhnang, KâóChhnang, Cambodia",CB,CB03,12.25,104.667,-1023767,4,"Kampong Chhnang, KâóChhnang, Cambodia",CB,CB03,12.25,104.667,-1023767,1,China,CH,CH,35,105,CH,20230405,https://www.phnompenhpost.com/national/cambodia-china-wrap-golden-dragon-drill
1093711934,20230405,202304,2023,2023.2603,MIL,MILITARY,,,,,,MIL,,,KHM,CAMBODIA,KHM,,,,,,,,1,046,046,04,1,7.0,1,1,1,4.21940928270042,1,China,CH,CH,35,105,CH,4,"Kampong Chhnang, KâóChhnang, Cambodia",CB,CB03,12.25,104.667,-1023767,1,China,CH,CH,35,105,CH,20230405,https://www.phnompenhpost.com/national/cambodia-china-wrap-golden-dragon-drill
1093712143,20230405,202304,2023,2023.2603,THA,THAILAND,THA,,,,,,,,,,,,,,,,,,0,013,013,01,1,0.4,10,1,10,4.58515283842794,4,"Pattaya, Chon Buri, Thailand",TH,TH46,12.9333,100.883,-3242432,0,,,,,,,4,"Pattaya, Chon Buri, Thailand",TH,TH46,12.9333,100.883,-3242432,20230405,https://www.phnompenhpost.com/national/cambodian-student-wins-gold-medal-intl-math-olympiad-thailand
1093712144,20230405,202304,2023,2023.2603,THA,THAILAND,THA,,,,,,,,,,,,,,,,,,1,071,071,07,2,7.4,1,1,1,4.58515283842794,4,"Pattaya, Chon Buri, Thailand",TH,TH46,12.9333,100.883,-3242432,0,,,,,,,4,"Phnom Penh, (CB11), Cambodia",CB,CB11,11.55,104.917,-1033783,20230405,https://www.phnompenhpost.com/national/cambodian-student-wins-gold-medal-intl-math-olympiad-thailand
1093712145,20230405,202304,2023,2023.2603,THA,THAILAND,THA,,,,,,,,,,,,,,,,,,1,071,071,07,2,7.4,1,1,1,4.58515283842794,4,"Pattaya, Chon Buri, Thailand",TH,TH46,12.9333,100.883,-3242432,0,,,,,,,2,"New York, United States",US,USNY,42.1497,-74.9384,NY,20230405,https://www.phnompenhpost.com/national/cambodian-student-wins-gold-medal-intl-math-olympiad-thailand
1093712147,20230405,202304,2023,2023.2603,THA,THAILAND,THA,,,,,,,,KHM,PHNOM PENH,KHM,,,,,,,,1,036,036,03,1,4.0,2,1,2,4.58515283842794,4,"Phnom Penh, (CB11), Cambodia",CB,CB11,11.55,104.917,-1033783,4,"Phnom Penh, (CB11), Cambodia",CB,CB11,11.55,104.917,-1033783,4,"Phnom Penh, (CB11), Cambodia",CB,CB11,11.55,104.917,-1033783,20230405,https://www.phnompenhpost.com/national/cambodian-student-wins-gold-medal-intl-math-olympiad-thailand
1093712148,20230405,202304,2023,2023.2603,THA,THAILAND,THA,,,,,,,,KHM,PHNOM PENH,KHM,,,,,,,,1,036,036,03,1,4.0,2,1,2,4.58515283842794,4,"Pattaya, Chon Buri, Thailand",TH,TH46,12.9333,100.883,-3242432,4,"Phnom Penh, (CB11), Cambodia",CB,CB11,11.55,104.917,-1033783,4,"Pattaya, Chon Buri, Thailand",TH,TH46,12.9333,100.883,-3242432,20230405,https://www.phnompenhpost.com/national/cambodian-student-wins-gold-medal-intl-math-olympiad-thailand
1093712221,20230405,202304,2023,2023.2603,USA,UNITED STATES,USA,,,,,,,,,,,,,,,,,,1,010,010,01,1,0.0,4,1,4,0.16638935108153,3,"Baker County, Oregon, United States",US,USOR,44.7502,-117.668,1135845,0,,,,,,,3,"Baker County, Oregon, United States",US,USOR,44.7502,-117.668,1135845,20230405,https://www.wallowa.com/life/golden-cornucopia-documentary-explores-history-of-baker-countys-richest-mining-district/article_8c12d535-e1f5-5b29-9090-19c549921e09.html
1093712235,20230405,202304,2023,2023.2603,USA,UNITED STATES,USA,,,,,,,,,,,,,,,,,,0,020,020,02,1,3.0,1,1,1,0.16638935108153,3,"Medical Springs, Oregon, United States",US,USOR,45.0171,-117.629,1124041,0,,,,,,,3,"Baker City, Oregon, United States",US,USOR,44.7749,-117.834,1167694,20230405,https://www.wallowa.com/life/golden-cornucopia-documentary-explores-history-of-baker-countys-richest-mining-district/article_8c12d535-e1f5-5b29-9090-19c549921e09.html
1093712236,20230405,202304,2023,2023.2603,USA,UNITED STATES,USA,,,,,,,,,,,,,,,,,,0,020,020,02,1,3.0,1,1,1,0.16638935108153,3,"Medical Springs, Oregon, United States",US,USOR,45.0171,-117.629,1124041,0,,,,,,,2,"Oregon, United States",US,USOR,44.5672,-122.127,OR,20230405,https://www.wallowa.com/life/golden-cornucopia-documentary-explores-history-of-baker-countys-richest-mining-district/article_8c12d535-e1f5-5b29-9090-19c549921e09.html
1093712255,20230405,202304,2023,2023.2603,USA,NEW YORK,USA,,,,,,,,,,,,,,,,,,1,042,042,04,1,1.9,6,1,6,4.58515283842794,4,"Phnom Penh, (CB11), Cambodia",CB,CB11,11.55,104.917,-1033783,0,,,,,,,4,"Phnom Penh, (CB11), Cambodia",CB,CB11,11.55,104.917,-1033783,20230405,https://www.phnompenhpost.com/national/cambodian-student-wins-gold-medal-intl-math-olympiad-thailand
1093712259,20230405,202304,2023,2023.2603,USA,UNITED STATES,USA,,,,,,,,,,,,,,,,,,0,043,043,04,1,2.8,2,1,2,0.16638935108153,3,"Baker County, Oregon, United States",US,USOR,44.7502,-117.668,1135845,0,,,,,,,3,"Baker County, Oregon, United States",US,USOR,44.7502,-117.668,1135845,20230405,https://www.wallowa.com/life/golden-cornucopia-documentary-explores-history-of-baker-countys-richest-mining-district/article_8c12d535-e1f5-5b29-9090-19c549921e09.html
1093712260,20230405,202304,2023,2023.2603,USA,UNITED STATES,USA,,,,,,,,,,,,,,,,,,0,043,043,04,1,2.8,6,1,6,0.16638935108153,3,"Baker City, Oregon, United States",US,USOR,44.7749,-117.834,1167694,0,,,,,,,3,"Baker City, Oregon, United States",US,USOR,44.7749,-117.834,1167694,20230405,https://www.wallowa.com/life/golden-cornucopia-documentary-explores-history-of-baker-countys-richest-mining-district/article_8c12d535-e1f5-5b29-9090-19c549921e09.html
1093712273,20230405,202304,2023,2023.2603,USA,UNITED STATES,USA,,,,,,,,,,,,,,,,,,1,060,060,06,2,6.0,2,1,2,0.16638935108153,2,"Oregon, United States",US,USOR,44.5672,-122.127,OR,0,,,,,,,3,"Baker County, Oregon, United States",US,USOR,44.7502,-117.668,1135845,20230405,https://www.wallowa.com/life/golden-cornucopia-documentary-explores-history-of-baker-countys-richest-mining-district/article_8c12d535-e1f5-5b29-9090-19c549921e09.html
1093712274,20230405,202304,2023,2023.2603,USA,UNITED STATES,USA,,,,,,,,,,,,,,,,,,1,060,060,06,2,6.0,6,2,6,0.484264194257345,2,"Oregon, United States",US,USOR,44.5672,-122.127,OR,0,,,,,,,2,"Oregon, United States",US,USOR,44.5672,-122.127,OR,20230405,https://www.wallowa.com/life/golden-cornucopia-documentary-explores-history-of-baker-countys-richest-mining-district/article_8c12d535-e1f5-5b29-9090-19c549921e09.html
1093712440,20230405,202304,2023,2023.2603,USA,UNITED STATES,USA,,,,,,,,MED,TELEVISION,,,,,,MED,,,0,010,010,01,1,0.0,2,1,2,0.16638935108153,3,"Baker County, Oregon, United States",US,USOR,44.7502,-117.668,1135845,3,"Baker County, Oregon, United States",US,USOR,44.7502,-117.668,1135845,3,"Baker County, Oregon, United States",US,USOR,44.7502,-117.668,1135845,20230405,https://www.wallowa.com/life/golden-cornucopia-documentary-explores-history-of-baker-countys-richest-mining-district/article_8c12d535-e1f5-5b29-9090-19c549921e09.html
1093712441,20230405,202304,2023,2023.2603,USA,UNITED STATES,USA,,,,,,,,MED,TELEVISION,,,,,,MED,,,0,010,010,01,1,0.0,2,1,2,0.16638935108153,3,"Baker County, Oregon, United States",US,USOR,44.7502,-117.668,1135845,3,"Pine Creek, Oregon, United States",US,USOR,44.9488,-116.878,2053984,3,"Pine Creek, Oregon, United States",US,USOR,44.9488,-116.878,2053984,20230405,https://www.wallowa.com/life/golden-cornucopia-documentary-explores-history-of-baker-countys-richest-mining-district/article_8c12d535-e1f5-5b29-9090-19c549921e09.html
1093712527,20230405,202304,2023,2023.2603,USAGOV,UNITED STATES,USA,,,,,GOV,,,,,,,,,,,,,1,173,173,17,4,-5.0,2,1,2,-8.93665158371036,2,"Ohio, United States",US,USOH,40.3736,-82.7755,OH,0,,,,,,,2,"Ohio, United States",US,USOH,40.3736,-82.7755,OH,20230405,https://www.athensmessenger.com/comment/vance-and-other-republicans-pounce-on-trump-indictment-as-fundraising-gold-from-maga-zealots/article_3ed07fd0-d3b0-11ed-92be-8f3759fb24e8.html
1093714953,20230306,202303,2023,2023.1808,QATMED,AL JAZEERA,QAT,,,,,MED,,,ZWEGOVBUS,ZIMBABWE,ZWE,,,,,GOV,BUS,,0,010,010,01,1,0.0,10,1,10,-2.5369978858351,4,"Harare, Mashonaland East, Zimbabwe",ZI,ZI04,-17.8178,31.0447,-2312291,4,"Harare, Mashonaland East, Zimbabwe",ZI,ZI04,-17.8178,31.0447,-2312291,4,"Harare, Mashonaland East, Zimbabwe",ZI,ZI04,-17.8178,31.0447,-2312291,20230405,https://www.theeastafrican.co.ke/tea/rest-of-africa/zimbabwe-investigates-al-jazeera-gold-mafia-expose-4186018
1093715898,20230405,202304,2023,2023.2603,GOV,PRESIDENT,,,,,,GOV,,,PER,PERU,PER,,,,,,,,0,020,020,02,1,3.0,1,1,1,2.5,1,Peru,PE,PE,-10,-76,PE,1,Peru,PE,PE,-10,-76,PE,1,Peru,PE,PE,-10,-76,PE,20230405,https://forcechange.com/616150/ban-cyanide-and-mercury-in-artisanal-gold-mining/
1093715899,20230405,202304,2023,2023.2603,GOV,PRESIDENT,,,,,,GOV,,,PER,PERU,PER,,,,,,,,0,172,172,17,4,-5.0,1,1,1,2.5,1,Peru,PE,PE,-10,-76,PE,1,Peru,PE,PE,-10,-76,PE,1,Peru,PE,PE,-10,-76,PE,20230405,https://forcechange.com/616150/ban-cyanide-and-mercury-in-artisanal-gold-mining/
1093715912,20230405,202304,2023,2023.2603,GOV,MINIST,,,,,,GOV,,,ZWEMED,HARARE,ZWE,,,,,MED,,,1,013,013,01,1,0.4,12,2,12,-2.43128964059197,4,"Harare, Mashonaland East, Zimbabwe",ZI,ZI04,-17.8178,31.0447,-2312291,4,"Harare, Mashonaland East, Zimbabwe",ZI,ZI04,-17.8178,31.0447,-2312291,4,"Harare, Mashonaland East, Zimbabwe",ZI,ZI04,-17.8178,31.0447,-2312291,20230405,https://www.theeastafrican.co.ke/tea/rest-of-africa/zimbabwe-investigates-al-jazeera-gold-mafia-expose-4186018
1093716162,20230405,202304,2023,2023.2603,LAB,EMPLOYEE,,,,,,LAB,,,ZWEGOV,ROBERT MUGABE,ZWE,,,,,GOV,,,1,010,010,01,1,0.0,20,2,20,-2.43128964059197,4,"Harare, Mashonaland East, Zimbabwe",ZI,ZI04,-17.8178,31.0447,-2312291,4,"Harare, Mashonaland East, Zimbabwe",ZI,ZI04,-17.8178,31.0447,-2312291,4,"Harare, Mashonaland East, Zimbabwe",ZI,ZI04,-17.8178,31.0447,-2312291,20230405,https://www.theeastafrican.co.ke/tea/rest-of-africa/zimbabwe-investigates-al-jazeera-gold-mafia-expose-4186018
1093716425,20230405,202304,2023,2023.2603,PERGOV,PERU,PER,,,,,GOV,,,,,,,,,,,,,0,020,020,02,1,3.0,1,1,1,2.5,1,Peru,PE,PE,-10,-76,PE,0,,,,,,,1,Peru,PE,PE,-10,-76,PE,20230405,https://forcechange.com/616150/ban-cyanide-and-mercury-in-artisanal-gold-mining/
1093716426,20230405,202304,2023,2023.2603,PERGOV,PERU,PER,,,,,GOV,,,,,,,,,,,,,0,172,172,17,4,-5.0,1,1,1,2.5,1,Peru,PE,PE,-10,-76,PE,0,,,,,,,1,Peru,PE,PE,-10,-76,PE,20230405,https://forcechange.com/616150/ban-cyanide-and-mercury-in-artisanal-gold-mining/
1093716962,20230405,202304,2023,2023.2603,ZWE,ZIMBABWE,ZWE,,,,,,,,GOV,GOVERNMENT,,,,,,GOV,,,1,090,090,09,2,-2.0,20,2,20,-2.43128964059197,4,"Harare, Mashonaland East, Zimbabwe",ZI,ZI04,-17.8178,31.0447,-2312291,4,"Harare, Mashonaland East, Zimbabwe",ZI,ZI04,-17.8178,31.0447,-2312291,4,"Harare, Mashonaland East, Zimbabwe",ZI,ZI04,-17.8178,31.0447,-2312291,20230405,https://www.theeastafrican.co.ke/tea/rest-of-africa/zimbabwe-investigates-al-jazeera-gold-mafia-expose-4186018
1093716963,20230405,202304,2023,2023.2603,ZWE,ZIMBABWE,ZWE,,,,,,,,ZWEMED,HARARE,ZWE,,,,,MED,,,1,013,013,01,1,0.4,4,2,4,-2.43128964059197,4,"Harare, Mashonaland East, Zimbabwe",ZI,ZI04,-17.8178,31.0447,-2312291,4,"Harare, Mashonaland East, Zimbabwe",ZI,ZI04,-17.8178,31.0447,-2312291,4,"Harare, Mashonaland East, Zimbabwe",ZI,ZI04,-17.8178,31.0447,-2312291,20230405,https://www.theeastafrican.co.ke/tea/rest-of-africa/zimbabwe-investigates-al-jazeera-gold-mafia-expose-4186018
1093716964,20230405,202304,2023,2023.2603,ZWEGOV,ZIMBABWEAN,ZWE,,,,,GOV,,,,,,,,,,,,,0,051,051,05,1,3.4,5,2,5,-2.43128964059197,4,"Harare, Mashonaland East, Zimbabwe",ZI,ZI04,-17.8178,31.0447,-2312291,0,,,,,,,4,"Harare, Mashonaland East, Zimbabwe",ZI,ZI04,-17.8178,31.0447,-2312291,20230405,https://www.theeastafrican.co.ke/tea/rest-of-africa/zimbabwe-investigates-al-jazeera-gold-mafia-expose-4186018
1093716965,20230405,202304,2023,2023.2603,ZWEGOV,ZIMBABWE,ZWE,,,,,GOV,,,ZWEMED,HARARE,ZWE,,,,,MED,,,1,013,013,01,1,0.4,4,2,4,-2.43128964059197,4,"Harare, Mashonaland East, Zimbabwe",ZI,ZI04,-17.8178,31.0447,-2312291,4,"Harare, Mashonaland East, Zimbabwe",ZI,ZI04,-17.8178,31.0447,-2312291,4,"Harare, Mashonaland East, Zimbabwe",ZI,ZI04,-17.8178,31.0447,-2312291,20230405,https://www.theeastafrican.co.ke/tea/rest-of-africa/zimbabwe-investigates-al-jazeera-gold-mafia-expose-4186018
1093719215,20230405,202304,2023,2023.2603,GOV,PRESIDENT,,,,,,GOV,,,,,,,,,,,,,1,111,111,11,3,-2.0,6,3,6,7.62142204560181,2,"Texas, United States",US,USTX,31.106,-97.6475,TX,0,,,,,,,2,"Texas, United States",US,USTX,31.106,-97.6475,TX,20230405,http://www.restaurantnews.com/legacy-golden-chick-del-rio-location-reopens-to-all-time-record-sales-040523/
1093720070,20230405,202304,2023,2023.2603,USA,TEXAS,USA,,,,,,,,,,,,,,,,,,0,073,073,07,2,7.4,6,3,6,7.62142204560181,2,"Louisiana, United States",US,USLA,31.1801,-91.8749,LA,0,,,,,,,2,"Texas, United States",US,USTX,31.106,-97.6475,TX,20230405,http://www.restaurantnews.com/legacy-golden-chick-del-rio-location-reopens-to-all-time-record-sales-040523/
1093720215,20230405,202304,2023,2023.2603,USA,UNITED STATES,USA,,,,,,,,GOV,PRESIDENT,,,,,,GOV,,,1,111,111,11,3,-2.0,8,4,8,4.0298495254037,2,"Texas, United States",US,USTX,31.106,-97.6475,TX,2,"Texas, United States",US,USTX,31.106,-97.6475,TX,2,"Texas, United States",US,USTX,31.106,-97.6475,TX,20230405,http://www.restaurantnews.com/legacy-golden-chick-del-rio-location-reopens-to-all-time-record-sales-040523/
1093721533,20230329,202303,2023,2023.2438,BRA,BRAZIL,BRA,,,,,,,,USAMED,REUTERS,USA,,,,,MED,,,1,013,013,01,1,0.4,22,10,22,0.263743287998939,4,"Rio Tinto, Parahyba, Brazil",BR,BR17,-6.8,-35.0833,-666773,4,"Rio Tinto, Parahyba, Brazil",BR,BR17,-6.8,-35.0833,-666773,4,"Rio Tinto, Parahyba, Brazil",BR,BR17,-6.8,-35.0833,-666773,20230405,https://www.marketscreener.com/quote/stock/ANGLOGOLD-ASHANTI-LIMITED-1413422/news/Brazil-court-backs-crackdown-on-illegal-gold-mining-in-Amazon-43437444/
1093721534,20230329,202303,2023,2023.2438,BRAGOV,BRAZIL,BRA,,,,,GOV,,,USAMED,REUTERS,USA,,,,,MED,,,1,010,010,01,1,0.0,8,4,8,0.261623489189193,4,"Rio Tinto, Parahyba, Brazil",BR,BR17,-6.8,-35.0833,-666773,4,"Rio Tinto, Parahyba, Brazil",BR,BR17,-6.8,-35.0833,-666773,4,"Rio Tinto, Parahyba, Brazil",BR,BR17,-6.8,-35.0833,-666773,20230405,https://www.marketscreener.com/quote/stock/ANGLOGOLD-ASHANTI-LIMITED-1413422/news/Brazil-court-backs-crackdown-on-illegal-gold-mining-in-Amazon-43437444/
1093721538,20230329,202303,2023,2023.2438,GOV,JUSTICE MINISTER,,,,,,GOV,,,USAMED,REUTERS,USA,,,,,MED,,,1,010,010,01,1,0.0,66,10,66,0.263743287998939,4,"Rio Tinto, Parahyba, Brazil",BR,BR17,-6.8,-35.0833,-666773,4,"Rio Tinto, Parahyba, Brazil",BR,BR17,-6.8,-35.0833,-666773,4,"Rio Tinto, Parahyba, Brazil",BR,BR17,-6.8,-35.0833,-666773,20230405,https://www.marketscreener.com/quote/stock/ANGLOGOLD-ASHANTI-LIMITED-1413422/news/Brazil-court-backs-crackdown-on-illegal-gold-mining-in-Amazon-43437444/
1093721973,20230405,202304,2023,2023.2603,BRA,BRAZIL,BRA,,,,,,,,,,,,,,,,,,0,057,057,05,1,8.0,15,10,15,0.263743287998939,4,"Rio Tinto, Parahyba, Brazil",BR,BR17,-6.8,-35.0833,-666773,0,,,,,,,4,"Rio Tinto, Parahyba, Brazil",BR,BR17,-6.8,-35.0833,-666773,20230405,https://www.marketscreener.com/quote/stock/ANGLOGOLD-ASHANTI-LIMITED-1413422/news/Brazil-court-backs-crackdown-on-illegal-gold-mining-in-Amazon-43437444/
1093721974,20230405,202304,2023,2023.2603,BRA,BRAZILIAN,BRA,,,,,,,,,,,,,,,,,,1,061,061,06,2,6.4,81,10,81,0.263743287998939,4,"Rio Tinto, Parahyba, Brazil",BR,BR17,-6.8,-35.0833,-666773,0,,,,,,,4,"Rio Tinto, Parahyba, Brazil",BR,BR17,-6.8,-35.0833,-666773,20230405,https://www.marketscreener.com/quote/stock/ANGLOGOLD-ASHANTI-LIMITED-1413422/news/Brazil-court-backs-crackdown-on-illegal-gold-mining-in-Amazon-43437444/
1093722072,20230405,202304,2023,2023.2603,CAN,NOVA SCOTIA,CAN,,,,,,,,GOV,KING,,,,,,GOV,,,1,173,173,17,4,-5.0,10,1,10,-2.02702702702703,0,,,,,,,0,,,,,,,0,,,,,,,20230405,https://atlantic.ctvnews.ca/woman-selling-golden-retrievers-without-health-certificates-gets-550-fine-n-s-spca-1.6343705
1093724932,20230405,202304,2023,2023.2603,AUS,NEW SOUTH WALES,AUS,,,,,,,,MNC,NEWMONT CORPORATION,,,,,,MNC,,,1,046,046,04,1,7.0,10,1,10,2.40963855421687,1,Australia,AS,AS,-25,135,AS,1,Australia,AS,AS,-25,135,AS,1,Australia,AS,AS,-25,135,AS,20230405,https://markets.financialcontent.com/stocks/article/thenewswire-2023-4-5-legacy-minerals-signs-landmark-newmont-farm-in-deal-for-bauloora-gold-project
1093725002,20230405,202304,2023,2023.2603,BUS,ENTREPRENEUR,,,,,,BUS,,,,,,,,,,,,,1,061,061,06,2,6.4,5,1,5,2.15982721382289,1,India,IN,IN,20,77,IN,0,,,,,,,1,India,IN,IN,20,77,IN,20230405,https://yourstory.com:443/herstory/2023/04/goldman-sachs-launches-report-10-000-women-initiative
1093725857,20230405,202304,2023,2023.2603,MNC,NEWMONT CORPORATION,,,,,,MNC,,,AUS,NEW SOUTH WALES,AUS,,,,,,,,1,046,046,04,1,7.0,10,1,10,2.40963855421687,1,Australia,AS,AS,-25,135,AS,1,Australia,AS,AS,-25,135,AS,1,Australia,AS,AS,-25,135,AS,20230405,https://markets.financialcontent.com/stocks/article/thenewswire-2023-4-5-legacy-minerals-signs-landmark-newmont-farm-in-deal-for-bauloora-gold-project
1093729001,20230405,202304,2023,2023.2603,ARE,DUBAI,ARE,,,,,,,,,,,,,,,,,,1,192,192,19,4,-9.5,4,1,4,-1.60427807486631,4,"Malappuram, Andaman and Nicobar Islands, India",IN,IN01,11.7833,92.7167,-2103416,0,,,,,,,4,"Malappuram, Andaman and Nicobar Islands, India",IN,IN01,11.7833,92.7167,-2103416,20230405,https://timesofindia.indiatimes.com/city/kochi/gold-worth-rs-2-1-crore-seized-from-two-passengers-at-kochi-airport/articleshow/99275150.cms
1093729002,20230405,202304,2023,2023.2603,ARE,DUBAI,ARE,,,,,,,,,,,,,,,,,,1,192,192,19,4,-9.5,6,1,6,-1.60427807486631,4,"Dubai, Dubayy, United Arab Emirates",AE,AE03,25.2522,55.28,-782831,0,,,,,,,4,"Malappuram, Andaman and Nicobar Islands, India",IN,IN01,11.7833,92.7167,-2103416,20230405,https://timesofindia.indiatimes.com/city/kochi/gold-worth-rs-2-1-crore-seized-from-two-passengers-at-kochi-airport/articleshow/99275150.cms
1093729742,20230405,202304,2023,2023.2603,IND,KOCHI,IND,,,,,,,,,,,,,,,,,,1,192,192,19,4,-9.5,10,1,10,-1.60427807486631,4,"Malappuram, Andaman and Nicobar Islands, India",IN,IN01,11.7833,92.7167,-2103416,0,,,,,,,4,"Malappuram, Andaman and Nicobar Islands, India",IN,IN01,11.7833,92.7167,-2103416,20230405,https://timesofindia.indiatimes.com/city/kochi/gold-worth-rs-2-1-crore-seized-from-two-passengers-at-kochi-airport/articleshow/99275150.cms
1093729748,20230405,202304,2023,2023.2603,IND,KOCHI,IND,,,,,,,,SPY,INTELLIGENCE,,,,,,SPY,,,1,192,192,19,4,-9.5,10,1,10,-1.60427807486631,4,"Cochin, Kerala, India",IN,IN13,9.96667,76.2333,-2093645,4,"Cochin, Kerala, India",IN,IN13,9.96667,76.2333,-2093645,4,"Cochin, Kerala, India",IN,IN13,9.96667,76.2333,-2093645,20230405,https://timesofindia.indiatimes.com/city/kochi/gold-worth-rs-2-1-crore-seized-from-two-passengers-at-kochi-airport/articleshow/99275150.cms
1093731462,20230405,202304,2023,2023.2603,EDU,UNIVERSITY,,,,,,EDU,,,,,,,,,,,,,1,036,036,03,1,4.0,4,1,4,1.60427807486631,4,"Cambridge, Cambridgeshire, United Kingdom",UK,UKC3,52.2,0.116667,-2591658,0,,,,,,,4,"Cambridge, Cambridgeshire, United Kingdom",UK,UKC3,52.2,0.116667,-2591658,20230405,https://journalrecord.com/2023/04/05/osu-students-awarded-goldwater-scholarships/
1093731496,20230405,202304,2023,2023.2603,EDU,UNIVERSITY,,,,,,EDU,,,GBR,UNITED KINGDOM,GBR,,,,,,,,1,036,036,03,1,4.0,2,1,2,1.60427807486631,4,"Cambridge, Cambridgeshire, United Kingdom",UK,UKC3,52.2,0.116667,-2591658,4,"Cambridge, Cambridgeshire, United Kingdom",UK,UKC3,52.2,0.116667,-2591658,4,"Cambridge, Cambridgeshire, United Kingdom",UK,UKC3,52.2,0.116667,-2591658,20230405,https://journalrecord.com/2023/04/05/osu-students-awarded-goldwater-scholarships/
1093731658,20230405,202304,2023,2023.2603,GBREDU,UNITED KINGDOM,GBR,,,,,EDU,,,,,,,,,,,,,1,036,036,03,1,4.0,4,1,4,1.60427807486631,4,"Cambridge, Cambridgeshire, United Kingdom",UK,UKC3,52.2,0.116667,-2591658,0,,,,,,,4,"Cambridge, Cambridgeshire, United Kingdom",UK,UKC3,52.2,0.116667,-2591658,20230405,https://journalrecord.com/2023/04/05/osu-students-awarded-goldwater-scholarships/
1093737089,20230405,202304,2023,2023.2603,USA,UNITED STATES,USA,,,,,,,,,,,,,,,,,,1,051,051,05,1,3.4,8,1,8,4.08884401817264,3,"United States Mint, Pennsylvania, United States",US,USPA,39.9623,-75.1657,1190061,0,,,,,,,3,"United States Mint, Pennsylvania, United States",US,USPA,39.9623,-75.1657,1190061,20230405,https://www.coinnews.net/2023/04/05/us-mint-sales-kanaka%CA%BBole-quarters-and-gold-eagles-debut/comment-page-1/
1093742804,20230405,202304,2023,2023.2603,AUS,AUSTRALIAN,AUS,,,,,,,,AUSMED,AUSTRALIA,AUS,,,,,MED,,,0,172,172,17,4,-5.0,2,1,2,3.5264483627204,4,"Perth, Western Australia, Australia",AS,AS08,-31.9333,115.833,-1594675,4,"Perth, Western Australia, Australia",AS,AS08,-31.9333,115.833,-1594675,4,"Perth, Western Australia, Australia",AS,AS08,-31.9333,115.833,-1594675,20230405,https://www.kitco.com/news/2023-04-05/Perth-Mint-gets-the-all-clear-from-LBMA-after-month-long-gold-doping-investigation.html
1093742823,20230405,202304,2023,2023.2603,AUSMED,AUSTRALIAN,AUS,,,,,MED,,,,,,,,,,,,,0,172,172,17,4,-5.0,3,1,3,3.5264483627204,4,"Perth, Western Australia, Australia",AS,AS08,-31.9333,115.833,-1594675,0,,,,,,,4,"Perth, Western Australia, Australia",AS,AS08,-31.9333,115.833,-1594675,20230405,https://www.kitco.com/news/2023-04-05/Perth-Mint-gets-the-all-clear-from-LBMA-after-month-long-gold-doping-investigation.html
1093742827,20230405,202304,2023,2023.2603,BGD,BANGLADESH,BGD,,,,,,,,,,,,,,,,,,0,080,080,08,2,5.0,6,1,6,0,4,"Padma, Barisal, Bangladesh",BG,BG85,22.0215,90.0215,10816541,0,,,,,,,4,"Padma, Barisal, Bangladesh",BG,BG85,22.0215,90.0215,10816541,20230405,https://www.albd.org/articles/news/39342/From-Bangabandhu-to-Sheikh-Hasina:-Building-a-Digital-State-from-the-Idea-of-Golden-Bengal
1093742916,20230405,202304,2023,2023.2603,CAN,VANCOUVER,CAN,,,,,,,,,,,,,,,,,,1,020,020,02,1,3.0,2,1,2,4.01337792642141,2,"Nevada, United States",US,USNV,38.4199,-117.122,NV,0,,,,,,,4,"Vancouver, British Columbia, Canada",CA,CA02,49.25,-123.133,-575268,20230405,"https://www.streetinsider.com/Accesswire/Gold+Bull+Resources+Corp.+to+Present+at+the+Planet+MicroCap+Showcase:+VEGAS+2023+on+Wednesday,+April+26,+2023+&+1x1+Meetings+on+Thursday,+April+27,+2023/21472063.html"
1093743183,20230405,202304,2023,2023.2603,CVLEDU,COMMUNITY,,,,,,CVL,EDU,,EDUHLH,SCHOOL,,,,,,EDU,HLH,,1,115,115,11,3,-2.0,3,1,3,0.6578947368421,3,"Great Salt Bay Community School, Maine, United States",US,USME,44.0418,-69.508,1909806,3,"Damariscotta, Maine, United States",US,USME,44.0329,-69.5187,564752,3,"Great Salt Bay Community School, Maine, United States",US,USME,44.0418,-69.508,1909806,20230405,https://fox23maine.com/news/crisis-in-the-classroom/lawsuit-filed-against-maine-school-over-gender-policy-goldwater-institute-lincoln-county-central-school-district-lgbtq-great-salt-bay-community-school-damariscotta
1093743184,20230405,202304,2023,2023.2603,CVLEDU,COMMUNITY,,,,,,CVL,EDU,,USA,UNITED STATES,USA,,,,,,,,1,115,115,11,3,-2.0,2,1,2,0.6578947368421,3,"Great Salt Bay Community School, Maine, United States",US,USME,44.0418,-69.508,1909806,3,"Damariscotta, Maine, United States",US,USME,44.0329,-69.5187,564752,3,"Great Salt Bay Community School, Maine, United States",US,USME,44.0418,-69.508,1909806,20230405,https://fox23maine.com/news/crisis-in-the-classroom/lawsuit-filed-against-maine-school-over-gender-policy-goldwater-institute-lincoln-county-central-school-district-lgbtq-great-salt-bay-community-school-damariscotta
1093743247,20230405,202304,2023,2023.2603,EDU,SCHOOL,,,,,,EDU,,,CVLEDU,COMMUNITY,,,,,,CVL,EDU,,1,112,112,11,3,-2.0,1,1,1,0.6578947368421,3,"Damariscotta, Maine, United States",US,USME,44.0329,-69.5187,564752,3,"Great Salt Bay Community School, Maine, United States",US,USME,44.0418,-69.508,1909806,3,"Great Salt Bay Community School, Maine, United States",US,USME,44.0418,-69.508,1909806,20230405,https://fox23maine.com/news/crisis-in-the-classroom/lawsuit-filed-against-maine-school-over-gender-policy-goldwater-institute-lincoln-county-central-school-district-lgbtq-great-salt-bay-community-school-damariscotta
1093743419,20230405,202304,2023,2023.2603,GOV,GOVERNMENT,,,,,,GOV,,,,,,,,,,,,,1,012,012,01,1,-0.4,30,3,30,-6.8225270959104,1,Zimbabwe,ZI,ZI,-19,29,ZI,0,,,,,,,1,Zimbabwe,ZI,ZI,-19,29,ZI,20230405,https://www.newsday.co.zw/editorials/article/200009787/gold-mafia-we-hope-govt-keeps-its-promise
1093743443,20230405,202304,2023,2023.2603,GOV,GOVERNMENT,,,,,,GOV,,,,,,,,,,,,,0,080,080,08,2,5.0,30,3,30,-6.8225270959104,1,Zimbabwe,ZI,ZI,-19,29,ZI,0,,,,,,,1,Zimbabwe,ZI,ZI,-19,29,ZI,20230405,https://www.newsday.co.zw/editorials/article/200009787/gold-mafia-we-hope-govt-keeps-its-promise
1093743488,20230405,202304,2023,2023.2603,GOV,REGIME,,,,,,GOV,,,MED,JOURNALIST,,,,,,MED,,,1,042,042,04,1,1.9,15,3,15,-6.8225270959104,1,Zimbabwe,ZI,ZI,-19,29,ZI,1,Zimbabwe,ZI,ZI,-19,29,ZI,1,Zimbabwe,ZI,ZI,-19,29,ZI,20230405,https://www.newsday.co.zw/editorials/article/200009787/gold-mafia-we-hope-govt-keeps-its-promise
1093743927,20230405,202304,2023,2023.2603,MED,JOURNALIST,,,,,,MED,,,GOV,REGIME,,,,,,GOV,,,1,043,043,04,1,2.8,15,3,15,-6.8225270959104,1,Zimbabwe,ZI,ZI,-19,29,ZI,1,Zimbabwe,ZI,ZI,-19,29,ZI,1,Zimbabwe,ZI,ZI,-19,29,ZI,20230405,https://www.newsday.co.zw/editorials/article/200009787/gold-mafia-we-hope-govt-keeps-its-promise
1093744068,20230405,202304,2023,2023.2603,PAK,PAKISTAN,PAK,,,,,,,,,,,,,,,,,,1,015,015,01,1,0.0,10,1,10,0,4,"Padma, Barisal, Bangladesh",BG,BG85,22.0215,90.0215,10816541,0,,,,,,,4,"Padma, Barisal, Bangladesh",BG,BG85,22.0215,90.0215,10816541,20230405,https://www.albd.org/articles/news/39342/From-Bangabandhu-to-Sheikh-Hasina:-Building-a-Digital-State-from-the-Idea-of-Golden-Bengal
1093745144,20230405,202304,2023,2023.2603,,,,,,,,,,,GBR,LONDON,GBR,,,,,,,,1,192,192,19,4,-9.5,18,3,18,-0.512528806044163,0,,,,,,,4,"London, London, City of, United Kingdom",UK,UKH9,51.5,-0.116667,-2601889,4,"London, London, City of, United Kingdom",UK,UKH9,51.5,-0.116667,-2601889,20230405,https://www.sandiegosun.com/news/273711339/craig-broderick-the-former-chief-risk-officer-of-goldman-sachs-joins-seda-experts-as-expert-witness
1093745147,20230405,202304,2023,2023.2603,,,,,,,,,,,GOV,SOVEREIGN,,,,,,GOV,,,0,036,036,03,1,4.0,2,1,2,3.33723653395784,0,,,,,,,4,"Comet Vale, Western Australia, Australia",AS,AS08,-29.95,121.117,-1566545,4,"Comet Vale, Western Australia, Australia",AS,AS08,-29.95,121.117,-1566545,20230405,https://stockhead.com.au/resources/gold-digger-finally-gold-smashes-though-resistance-at-us2000-oz-as-us-economy-comes-apart-at-the-edges/
1093745148,20230405,202304,2023,2023.2603,,,,,,,,,,,GOV,SOVEREIGN,,,,,,GOV,,,0,036,036,03,1,4.0,8,1,8,3.33723653395784,0,,,,,,,4,"Youanmi, Western Australia, Australia",AS,AS08,-28.6167,118.817,-1612112,4,"Youanmi, Western Australia, Australia",AS,AS08,-28.6167,118.817,-1612112,20230405,https://stockhead.com.au/resources/gold-digger-finally-gold-smashes-though-resistance-at-us2000-oz-as-us-economy-comes-apart-at-the-edges/
1093745160,20230405,202304,2023,2023.2603,,,,,,,,,,,GRC,GREECE,GRC,,,,,,,,1,040,040,04,1,1.0,2,1,2,2.67379679144385,0,,,,,,,4,"Skouries, Perifereia Peloponnisou, Greece",GR,GR62,37.3,22.3333,-828503,4,"Skouries, Perifereia Peloponnisou, Greece",GR,GR62,37.3,22.3333,-828503,20230405,https://www.mining.com/eldorado-secures-80-of-skouries-gold-copper-project-funding/
1093745215,20230405,202304,2023,2023.2603,,,,,,,,,,,MNCUSA,GOLDMAN SACHS,USA,,,,,MNC,,,1,046,046,04,1,7.0,18,3,18,-0.512528806044163,0,,,,,,,3,"Manhattan, New York, United States",US,USNY,40.7834,-73.9662,971945,3,"Manhattan, New York, United States",US,USNY,40.7834,-73.9662,971945,20230405,https://www.sandiegosun.com/news/273711339/craig-broderick-the-former-chief-risk-officer-of-goldman-sachs-joins-seda-experts-as-expert-witness
1093745471,20230405,202304,2023,2023.2603,BUS,INDUSTRY,,,,,,BUS,,,CAN,CANADA,CAN,,,,,,,,1,015,015,01,1,0.0,30,3,30,0.50806110235301,1,Guatemala,GT,GT,15.5,-90.25,GT,1,Guatemala,GT,GT,15.5,-90.25,GT,1,Guatemala,GT,GT,15.5,-90.25,GT,20230405,https://www.goldseiten.de/artikel/575449--Volcanic-Gold-Proposes-Extension-of-Previously-Issued-Share-Purchase-Warrants.html
1093745521,20230405,202304,2023,2023.2603,CAN,CANADA,CAN,,,,,,,,GBR,LONDON,GBR,,,,,,,,1,192,192,19,4,-9.5,6,3,6,-0.512528806044163,4,"Montreal, Quebec, Canada",CA,CA10,45.5,-73.5833,-569541,4,"London, London, City of, United Kingdom",UK,UKH9,51.5,-0.116667,-2601889,4,"London, London, City of, United Kingdom",UK,UKH9,51.5,-0.116667,-2601889,20230405,https://www.sandiegosun.com/news/273711339/craig-broderick-the-former-chief-risk-officer-of-goldman-sachs-joins-seda-experts-as-expert-witness
1093745522,20230405,202304,2023,2023.2603,CAN,CANADA,CAN,,,,,,,,GBR,LONDON,GBR,,,,,,,,1,192,192,19,4,-9.5,6,3,6,-0.512528806044163,4,"Montreal, Quebec, Canada",CA,CA10,45.5,-73.5833,-569541,4,"Montreal, Quebec, Canada",CA,CA10,45.5,-73.5833,-569541,4,"Montreal, Quebec, Canada",CA,CA10,45.5,-73.5833,-569541,20230405,https://www.sandiegosun.com/news/273711339/craig-broderick-the-former-chief-risk-officer-of-goldman-sachs-joins-seda-experts-as-expert-witness
1093745540,20230405,202304,2023,2023.2603,CAN,CANADA,CAN,,,,,,,,MEX,OAXACA,MEX,,,,,,,,1,043,043,04,1,2.8,2,1,2,1.5028901734104,4,"Vancouver, British Columbia, Canada",CA,CA02,49.25,-123.133,-575268,4,"Vancouver, British Columbia, Canada",CA,CA02,49.25,-123.133,-575268,4,"Vancouver, British Columbia, Canada",CA,CA02,49.25,-123.133,-575268,20230405,https://www.goldseiten.de/artikel/575448--Minaurum-Provides-Strategic-Update.html
1093745544,20230405,202304,2023,2023.2603,CAN,CANADA,CAN,,,,,,,,MNCUSA,GOLDMAN SACHS,USA,,,,,MNC,,,1,046,046,04,1,7.0,12,3,12,-0.512528806044163,3,"Manhattan, New York, United States",US,USNY,40.7834,-73.9662,971945,3,"Manhattan, New York, United States",US,USNY,40.7834,-73.9662,971945,3,"Manhattan, New York, United States",US,USNY,40.7834,-73.9662,971945,20230405,https://www.sandiegosun.com/news/273711339/craig-broderick-the-former-chief-risk-officer-of-goldman-sachs-joins-seda-experts-as-expert-witness
1093746040,20230405,202304,2023,2023.2603,GOV,SOVEREIGN,,,,,,GOV,,,,,,,,,,,,,0,036,036,03,1,4.0,10,1,10,3.33723653395784,4,"Youanmi, Western Australia, Australia",AS,AS08,-28.6167,118.817,-1612112,0,,,,,,,4,"Youanmi, Western Australia, Australia",AS,AS08,-28.6167,118.817,-1612112,20230405,https://stockhead.com.au/resources/gold-digger-finally-gold-smashes-though-resistance-at-us2000-oz-as-us-economy-comes-apart-at-the-edges/
1093746055,20230405,202304,2023,2023.2603,GOV,REGULATOR,,,,,,GOV,,,,,,,,,,,,,0,071,071,07,2,7.4,15,3,15,-0.512528806044163,3,"Manhattan, New York, United States",US,USNY,40.7834,-73.9662,971945,0,,,,,,,3,"Manhattan, New York, United States",US,USNY,40.7834,-73.9662,971945,20230405,https://www.sandiegosun.com/news/273711339/craig-broderick-the-former-chief-risk-officer-of-goldman-sachs-joins-seda-experts-as-expert-witness
1093746111,20230405,202304,2023,2023.2603,GOV,CHIEF EXECUTIVE,,,,,,GOV,,,GRC,GREECE,GRC,,,,,,,,1,040,040,04,1,1.0,4,1,4,2.67379679144385,4,"Skouries, Perifereia Peloponnisou, Greece",GR,GR62,37.3,22.3333,-828503,4,"Skouries, Perifereia Peloponnisou, Greece",GR,GR62,37.3,22.3333,-828503,4,"Skouries, Perifereia Peloponnisou, Greece",GR,GR62,37.3,22.3333,-828503,20230405,https://www.mining.com/eldorado-secures-80-of-skouries-gold-copper-project-funding/
1093746129,20230405,202304,2023,2023.2603,GOV,CHIEF EXECUTIVE,,,,,,GOV,,,MED,PUBLICATION,,,,,,MED,,,1,040,040,04,1,1.0,1,1,1,2.67379679144385,4,"Skouries, Perifereia Peloponnisou, Greece",GR,GR62,37.3,22.3333,-828503,4,"Skouries, Perifereia Peloponnisou, Greece",GR,GR62,37.3,22.3333,-828503,4,"Skouries, Perifereia Peloponnisou, Greece",GR,GR62,37.3,22.3333,-828503,20230405,https://www.mining.com/eldorado-secures-80-of-skouries-gold-copper-project-funding/
1093746183,20230405,202304,2023,2023.2603,GRC,GREECE,GRC,,,,,,,,,,,,,,,,,,1,040,040,04,1,1.0,2,1,2,2.67379679144385,4,"Skouries, Perifereia Peloponnisou, Greece",GR,GR62,37.3,22.3333,-828503,0,,,,,,,4,"Skouries, Perifereia Peloponnisou, Greece",GR,GR62,37.3,22.3333,-828503,20230405,https://www.mining.com/eldorado-secures-80-of-skouries-gold-copper-project-funding/
1093746187,20230405,202304,2023,2023.2603,GRC,GREECE,GRC,,,,,,,,GOV,CHIEF EXECUTIVE,,,,,,GOV,,,1,040,040,04,1,1.0,4,1,4,2.67379679144385,4,"Skouries, Perifereia Peloponnisou, Greece",GR,GR62,37.3,22.3333,-828503,4,"Skouries, Perifereia Peloponnisou, Greece",GR,GR62,37.3,22.3333,-828503,4,"Skouries, Perifereia Peloponnisou, Greece",GR,GR62,37.3,22.3333,-828503,20230405,https://www.mining.com/eldorado-secures-80-of-skouries-gold-copper-project-funding/
1093746636,20230405,202304,2023,2023.2603,MED,PUBLICATION,,,,,,MED,,,GOV,CHIEF EXECUTIVE,,,,,,GOV,,,1,040,040,04,1,1.0,1,1,1,2.67379679144385,4,"Skouries, Perifereia Peloponnisou, Greece",GR,GR62,37.3,22.3333,-828503,4,"Skouries, Perifereia Peloponnisou, Greece",GR,GR62,37.3,22.3333,-828503,4,"Skouries, Perifereia Peloponnisou, Greece",GR,GR62,37.3,22.3333,-828503,20230405,https://www.mining.com/eldorado-secures-80-of-skouries-gold-copper-project-funding/
1093746675,20230405,202304,2023,2023.2603,MEX,OAXACA,MEX,,,,,,,,CAN,CANADA,CAN,,,,,,,,1,042,042,04,1,1.9,2,1,2,1.5028901734104,4,"Vancouver, British Columbia, Canada",CA,CA02,49.25,-123.133,-575268,4,"Vancouver, British Columbia, Canada",CA,CA02,49.25,-123.133,-575268,4,"Vancouver, British Columbia, Canada",CA,CA02,49.25,-123.133,-575268,20230405,https://www.goldseiten.de/artikel/575448--Minaurum-Provides-Strategic-Update.html
1093746719,20230405,202304,2023,2023.2603,MNCUSA,GOLDMAN SACHS,USA,,,,,MNC,,,,,,,,,,,,,1,046,046,04,1,7.0,18,3,18,-0.512528806044163,4,"London, London, City of, United Kingdom",UK,UKH9,51.5,-0.116667,-2601889,0,,,,,,,4,"London, London, City of, United Kingdom",UK,UKH9,51.5,-0.116667,-2601889,20230405,https://www.sandiegosun.com/news/273711339/craig-broderick-the-former-chief-risk-officer-of-goldman-sachs-joins-seda-experts-as-expert-witness
1093746722,20230405,202304,2023,2023.2603,MNCUSA,GOLDMAN SACHS,USA,,,,,MNC,,,CAN,CANADA,CAN,,,,,,,,1,046,046,04,1,7.0,6,3,6,-0.512528806044163,4,"London, London, City of, United Kingdom",UK,UKH9,51.5,-0.116667,-2601889,4,"Montreal, Quebec, Canada",CA,CA10,45.5,-73.5833,-569541,4,"Montreal, Quebec, Canada",CA,CA10,45.5,-73.5833,-569541,20230405,https://www.sandiegosun.com/news/273711339/craig-broderick-the-former-chief-risk-officer-of-goldman-sachs-joins-seda-experts-as-expert-witness
1093746723,20230405,202304,2023,2023.2603,MNCUSA,GOLDMAN SACHS,USA,,,,,MNC,,,CAN,CANADA,CAN,,,,,,,,1,046,046,04,1,7.0,6,3,6,-0.512528806044163,4,"Montreal, Quebec, Canada",CA,CA10,45.5,-73.5833,-569541,4,"Montreal, Quebec, Canada",CA,CA10,45.5,-73.5833,-569541,4,"Montreal, Quebec, Canada",CA,CA10,45.5,-73.5833,-569541,20230405,https://www.sandiegosun.com/news/273711339/craig-broderick-the-former-chief-risk-officer-of-goldman-sachs-joins-seda-experts-as-expert-witness
1093749852,20230405,202304,2023,2023.2603,,,,,,,,,,,USA,CHICAGO,USA,,,,,,,,1,190,190,19,4,-10.0,1,1,1,-2.96296296296296,0,,,,,,,3,"Chicago, Illinois, United States",US,USIL,41.85,-87.6501,423587,1,Ghana,GH,GH,8,-2,GH,20230405,https://abc7chicago.com/chicago-fire-gold-coast-cfd-north-lake-shore-drive/13088911/
1093749856,20230405,202304,2023,2023.2603,,,,,,,,,,,USAEDU,MINNESOTA,USA,,,,,EDU,,,1,042,042,04,1,1.9,6,1,6,-4.32220039292731,0,,,,,,,2,"Minnesota, United States",US,USMN,45.7326,-93.9196,MN,2,"Minnesota, United States",US,USMN,45.7326,-93.9196,MN,20230405,https://mndaily.com/276071/news/goldy-vs-cancer-seeks-to-educate-youth-about-cancer/
1093750622,20230405,202304,2023,2023.2603,GHA,GHANA,GHA,,,,,,,,USA,CHICAGO,USA,,,,,,,,1,190,190,19,4,-10.0,6,1,6,-2.96296296296296,1,Ghana,GH,GH,8,-2,GH,3,"Chicago, Illinois, United States",US,USIL,41.85,-87.6501,423587,1,Ghana,GH,GH,8,-2,GH,20230405,https://abc7chicago.com/chicago-fire-gold-coast-cfd-north-lake-shore-drive/13088911/
1093750766,20230405,202304,2023,2023.2603,GOV,FIREFIGHTER,,,,,,GOV,,,USA,CHICAGO,USA,,,,,,,,1,190,190,19,4,-10.0,1,1,1,-2.96296296296296,3,"Chicago, Illinois, United States",US,USIL,41.85,-87.6501,423587,3,"Chicago, Illinois, United States",US,USIL,41.85,-87.6501,423587,1,Ghana,GH,GH,8,-2,GH,20230405,https://abc7chicago.com/chicago-fire-gold-coast-cfd-north-lake-shore-drive/13088911/
1093751223,20230405,202304,2023,2023.2603,MNCCANBUS,TORONTO DOMINION,CAN,,,,,MNC,BUS,,,,,,,,,,,,1,071,071,07,2,7.4,1,1,1,8.83620689655172,4,"Toronto, Ontario, Canada",CA,CA08,43.6667,-79.4167,-574890,0,,,,,,,4,"Toronto, Ontario, Canada",CA,CA08,43.6667,-79.4167,-574890,20230405,https://www.dailypolitical.com/2023/04/05/american-asset-management-inc-buys-shares-of-92755-ishares-gold-trust-nysearcaiau.html
1093751233,20230405,202304,2023,2023.2603,MNCUSA,ISHARES,USA,,,,,MNC,,,,,,,,,,,,,0,010,010,01,1,0.0,20,2,20,4.87347685446894,4,"Toronto, Ontario, Canada",CA,CA08,43.6667,-79.4167,-574890,0,,,,,,,4,"Toronto, Ontario, Canada",CA,CA08,43.6667,-79.4167,-574890,20230405,https://www.dailypolitical.com/2023/04/05/american-asset-management-inc-buys-shares-of-92755-ishares-gold-trust-nysearcaiau.html
1093751808,20230405,202304,2023,2023.2603,USA,CHICAGO,USA,,,,,,,,GHA,GHANA,GHA,,,,,,,,1,190,190,19,4,-10.0,6,1,6,-2.96296296296296,3,"Chicago, Illinois, United States",US,USIL,41.85,-87.6501,423587,3,"Chicago, Illinois, United States",US,USIL,41.85,-87.6501,423587,3,"Chicago, Illinois, United States",US,USIL,41.85,-87.6501,423587,20230405,https://abc7chicago.com/chicago-fire-gold-coast-cfd-north-lake-shore-drive/13088911/
1093751918,20230405,202304,2023,2023.2603,USA,UNITED STATES,USA,,,,,,,,USAEDU,MINNESOTA,USA,,,,,EDU,,,1,042,042,04,1,1.9,2,1,2,-4.32220039292731,2,"Minnesota, United States",US,USMN,45.7326,-93.9196,MN,2,"Minnesota, United States",US,USMN,45.7326,-93.9196,MN,2,"Minnesota, United States",US,USMN,45.7326,-93.9196,MN,20230405,https://mndaily.com/276071/news/goldy-vs-cancer-seeks-to-educate-youth-about-cancer/
1093751978,20230405,202304,2023,2023.2603,USAEDU,MINNESOTA,USA,,,,,EDU,,,,,,,,,,,,,1,043,043,04,1,2.8,6,1,6,-4.32220039292731,2,"Minnesota, United States",US,USMN,45.7326,-93.9196,MN,0,,,,,,,2,"Minnesota, United States",US,USMN,45.7326,-93.9196,MN,20230405,https://mndaily.com/276071/news/goldy-vs-cancer-seeks-to-educate-youth-about-cancer/
1093751990,20230405,202304,2023,2023.2603,USAEDU,MINNESOTA,USA,,,,,EDU,,,USA,UNITED STATES,USA,,,,,,,,1,043,043,04,1,2.8,2,1,2,-4.32220039292731,2,"Minnesota, United States",US,USMN,45.7326,-93.9196,MN,2,"Minnesota, United States",US,USMN,45.7326,-93.9196,MN,2,"Minnesota, United States",US,USMN,45.7326,-93.9196,MN,20230405,https://mndaily.com/276071/news/goldy-vs-cancer-seeks-to-educate-youth-about-cancer/
1093753082,20230405,202304,2023,2023.2603,,,,,,,,,,,BUS,ENTREPRENEUR,,,,,,BUS,,,1,046,046,04,1,7.0,40,2,30,2.87925774651438,0,,,,,,,1,India,IN,IN,20,77,IN,1,India,IN,IN,20,77,IN,20230405,https://www.business-standard.com/india-news/10k-women-funded-under-its-prog-added-rs-2-800-cr-to-economy-goldman-sachs-123040501170_1.html
1093753171,20230405,202304,2023,2023.2603,,,,,,,,,,,MED,MEDIA,,,,,,MED,,,1,130,130,13,3,-4.4,10,1,10,0,0,,,,,,,4,"Karmadon, Severnaya Osetiya-Alaniya, Russia",RS,RS68,42.8361,44.5084,-2921709,4,"Karmadon, Severnaya Osetiya-Alaniya, Russia",RS,RS68,42.8361,44.5084,-2921709,20230405,https://www.rbth.com/travel/336032-north-ossetia-golden-ring
1093754253,20230405,202304,2023,2023.2603,MNCUSA,NETFLIX,USA,,,,,MNC,,,,,,,,,,,,,1,010,010,01,1,0.0,10,1,10,1.93050193050193,4,"London, London, City of, United Kingdom",UK,UKH9,51.5,-0.116667,-2601889,0,,,,,,,4,"London, London, City of, United Kingdom",UK,UKH9,51.5,-0.116667,-2601889,20230405,https://www.goldderby.com/article/2023/new-netflix-political-drama-the-diplomat-with-keri-russell-releases-trailer/
1093754255,20230405,202304,2023,2023.2603,MNCUSA,NETFLIX,USA,,,,,MNC,,,,,,,,,,,,,1,1822,182,18,4,-9.0,10,1,10,1.93050193050193,4,"London, London, City of, United Kingdom",UK,UKH9,51.5,-0.116667,-2601889,0,,,,,,,4,"London, London, City of, United Kingdom",UK,UKH9,51.5,-0.116667,-2601889,20230405,https://www.goldderby.com/article/2023/new-netflix-political-drama-the-diplomat-with-keri-russell-releases-trailer/
1093754256,20230405,202304,2023,2023.2603,MNCUSA,NETFLIX,USA,,,,,MNC,,,GOV,DIPLOMAT,,,,,,GOV,,,1,084,084,08,2,7.0,2,1,2,1.93050193050193,4,"Paris, France (general), France",FR,FR00,48.8667,2.33333,-1456928,4,"Paris, France (general), France",FR,FR00,48.8667,2.33333,-1456928,4,"Paris, France (general), France",FR,FR00,48.8667,2.33333,-1456928,20230405,https://www.goldderby.com/article/2023/new-netflix-political-drama-the-diplomat-with-keri-russell-releases-trailer/
1093754257,20230405,202304,2023,2023.2603,MNCUSA,NETFLIX,USA,,,,,MNC,,,GOV,DIPLOMAT,,,,,,GOV,,,1,084,084,08,2,7.0,8,1,8,1.93050193050193,1,United States,US,US,39.828175,-98.5795,US,1,United States,US,US,39.828175,-98.5795,US,1,United States,US,US,39.828175,-98.5795,US,20230405,https://www.goldderby.com/article/2023/new-netflix-political-drama-the-diplomat-with-keri-russell-releases-trailer/
1093755907,20230405,202304,2023,2023.2603,CAN,CANADA,CAN,,,,,,,,,,,,,,,,,,1,010,010,01,1,0.0,6,1,6,3.56294536817103,4,"Eldorado, Saskatchewan, Canada",CA,CA11,59.55,-108.5,-564133,0,,,,,,,4,"Eldorado, Saskatchewan, Canada",CA,CA11,59.55,-108.5,-564133,20230405,https://theenterpriseleader.com/2023/04/05/eldorado-gold-tseeld-price-target-raised-to-c16-50.html
1093755908,20230405,202304,2023,2023.2603,CAN,CANADA,CAN,,,,,,,,,,,,,,,,,,1,010,010,01,1,0.0,2,1,2,3.56294536817103,1,Romania,RO,RO,46,25,RO,0,,,,,,,4,"Eldorado, Saskatchewan, Canada",CA,CA11,59.55,-108.5,-564133,20230405,https://theenterpriseleader.com/2023/04/05/eldorado-gold-tseeld-price-target-raised-to-c16-50.html
1093756635,20230405,202304,2023,2023.2603,MNCUSA,BANK OF AMERICA,USA,,,,,MNC,,,,,,,,,,,,,1,120,120,12,3,-4.0,2,1,2,1.02249488752556,4,"Quebec, Quebec, Canada",CA,CA10,47.5,-72,-571850,0,,,,,,,4,"Quebec, Quebec, Canada",CA,CA10,47.5,-72,-571850,20230405,https://www.modernreaders.com/news/2023/04/05/iamgold-tseimg-price-target-raised-to-c4-35-at-bank-of-america.html
1093756648,20230405,202304,2023,2023.2603,MNCUSA,BANK OF AMERICA,USA,,,,,MNC,,,USA,UNITED STATES,USA,,,,,,,,1,120,120,12,3,-4.0,4,1,4,1.02249488752556,4,"Quebec, Quebec, Canada",CA,CA10,47.5,-72,-571850,4,"Quebec, Quebec, Canada",CA,CA10,47.5,-72,-571850,4,"Quebec, Quebec, Canada",CA,CA10,47.5,-72,-571850,20230405,https://www.modernreaders.com/news/2023/04/05/iamgold-tseimg-price-target-raised-to-c4-35-at-bank-of-america.html
1093757226,20230405,202304,2023,2023.2603,USABUS,UNITED STATES,USA,,,,,BUS,,,,,,,,,,,,,1,120,120,12,3,-4.0,4,1,4,1.02249488752556,4,"Quebec, Quebec, Canada",CA,CA10,47.5,-72,-571850,0,,,,,,,4,"Quebec, Quebec, Canada",CA,CA10,47.5,-72,-571850,20230405,https://www.modernreaders.com/news/2023/04/05/iamgold-tseimg-price-target-raised-to-c4-35-at-bank-of-america.html
1093759176,20230405,202304,2023,2023.2603,GOV,GOVERNOR,,,,,,GOV,,,,,,,,,,,,,1,0874,087,08,2,10.0,10,1,10,3.09734513274336,1,United Kingdom,UK,UK,54,-4,UK,0,,,,,,,1,United Kingdom,UK,UK,54,-4,UK,20230405,https://www.proactiveinvestors.co.uk/companies/news/1011409/five-at-five-cbi-pressure-mounts-royal-mail-cwu-talks-breakdown-tesla-bestselling-uk-car-ftse-100-closes-higher-gold-s-new-high-1011409.html
1093761546,20230405,202304,2023,2023.2603,,,,,,,,,,,KEN,KENYA,KEN,,,,,,,,1,042,042,04,1,1.9,10,1,10,2.59259259259259,0,,,,,,,1,Canada,CA,CA,60,-96,CA,1,Canada,CA,CA,60,-96,CA,20230405,https://www.goldendalesentinel.com/features/goldendale-couple-to-speak-on-mission-work-in-kenya/article_f4e21924-d3dc-11ed-99c2-a706af45d495.html
1093761547,20230405,202304,2023,2023.2603,,,,,,,,,,,KEN,KENYA,KEN,,,,,,,,1,042,042,04,1,1.9,20,2,20,2.51284130846174,0,,,,,,,1,Kenya,KE,KE,1,38,KE,1,Kenya,KE,KE,1,38,KE,20230405,https://www.goldendalesentinel.com/features/goldendale-couple-to-speak-on-mission-work-in-kenya/article_f4e21924-d3dc-11ed-99c2-a706af45d495.html
1093762590,20230405,202304,2023,2023.2603,JPN,TOKYO,JPN,,,,,,,,,,,,,,,,,,1,040,040,04,1,1.0,2,1,2,1.77777777777777,4,"Rayong, Rayong, Thailand",TH,TH47,12.6685,101.276,-3254080,0,,,,,,,4,"Rayong, Rayong, Thailand",TH,TH47,12.6685,101.276,-3254080,20230405,https://wineindustryadvisor.com/2023/04/05/toppan-wins-gold-at-australasian-packaging-innovation-design-awards
1093763795,20230405,202304,2023,2023.2603,,,,,,,,,,,BUS,COMPANY,,,,,,BUS,,,1,050,050,05,1,3.5,10,1,10,3.80794701986755,0,,,,,,,4,"Nayarit, Sonora, Mexico",MX,MX26,31.6667,-113.3,-3869276,4,"Nayarit, Sonora, Mexico",MX,MX26,31.6667,-113.3,-3869276,20230405,https://brazilbusiness.einnews.com/pr_news/626052423/masivo-to-process-gold-and-silver-mineral-in-mexico
1093763799,20230405,202304,2023,2023.2603,,,,,,,,,,,BUS,COMPANY,,,,,,BUS,,,1,057,057,05,1,8.0,10,1,10,3.80794701986755,0,,,,,,,4,"Nayarit, Sonora, Mexico",MX,MX26,31.6667,-113.3,-3869276,4,"Nayarit, Sonora, Mexico",MX,MX26,31.6667,-113.3,-3869276,20230405,https://brazilbusiness.einnews.com/pr_news/626052423/masivo-to-process-gold-and-silver-mineral-in-mexico
1093764064,20230405,202304,2023,2023.2603,BUS,COMPANY,,,,,,BUS,,,,,,,,,,,,,1,050,050,05,1,3.5,6,1,6,3.80794701986755,4,"El Colomo, Nayarit, Mexico",MX,MX18,22.5292,-105.15,6271268,0,,,,,,,4,"El Colomo, Nayarit, Mexico",MX,MX18,22.5292,-105.15,6271268,20230405,https://brazilbusiness.einnews.com/pr_news/626052423/masivo-to-process-gold-and-silver-mineral-in-mexico
1093764066,20230405,202304,2023,2023.2603,BUS,COMPANY,,,,,,BUS,,,,,,,,,,,,,1,050,050,05,1,3.5,4,1,4,3.80794701986755,2,"Nevada, United States",US,USNV,38.4199,-117.122,NV,0,,,,,,,2,"Nevada, United States",US,USNV,38.4199,-117.122,NV,20230405,https://brazilbusiness.einnews.com/pr_news/626052423/masivo-to-process-gold-and-silver-mineral-in-mexico
1093764071,20230405,202304,2023,2023.2603,BUS,COMPANY,,,,,,BUS,,,,,,,,,,,,,1,057,057,05,1,8.0,10,1,10,3.80794701986755,4,"Nayarit, Sonora, Mexico",MX,MX26,31.6667,-113.3,-3869276,0,,,,,,,4,"Nayarit, Sonora, Mexico",MX,MX26,31.6667,-113.3,-3869276,20230405,https://brazilbusiness.einnews.com/pr_news/626052423/masivo-to-process-gold-and-silver-mineral-in-mexico
1093764463,20230405,202304,2023,2023.2603,EDU,SCHOOL,,,,,,EDU,,,,,,,,,,,,,1,1721,172,17,4,-5.0,5,1,5,-0.4,1,Ghana,GH,GH,8,-2,GH,0,,,,,,,1,Ghana,GH,GH,8,-2,GH,20230405,https://www.realestate.com.au/news/dont-live-like-a-pig-exbachelor-bill-goldsmith-slams-angry-response-to-steep-weekly-rent/
1093767641,20230329,202303,2023,2023.2438,BRAGOV,BRAZIL,BRA,,,,,GOV,,,USAMED,REUTERS,USA,,,,,MED,,,0,010,010,01,1,0.0,4,1,4,0,4,"Autazes, Amazonas, Brazil",BR,BR04,-3.58333,-59.1333,-626683,4,"Autazes, Amazonas, Brazil",BR,BR04,-3.58333,-59.1333,-626683,4,"Autazes, Amazonas, Brazil",BR,BR04,-3.58333,-59.1333,-626683,20230405,https://www.msn.com/en-us/money/companies/brazil-court-backs-crackdown-on-illegal-gold-mining-in-amazon/ar-AA19vPgk
1093767974,20230405,202304,2023,2023.2603,BRA,BRAZIL,BRA,,,,,,,,,,,,,,,,,,0,057,057,05,1,8.0,2,1,2,0,4,"Autazes, Amazonas, Brazil",BR,BR04,-3.58333,-59.1333,-626683,0,,,,,,,4,"Autazes, Amazonas, Brazil",BR,BR04,-3.58333,-59.1333,-626683,20230405,https://www.msn.com/en-us/money/companies/brazil-court-backs-crackdown-on-illegal-gold-mining-in-amazon/ar-AA19vPgk
1093767975,20230405,202304,2023,2023.2603,BRA,BRAZILIAN,BRA,,,,,,,,,,,,,,,,,,1,061,061,06,2,6.4,2,1,2,0,4,"Autazes, Amazonas, Brazil",BR,BR04,-3.58333,-59.1333,-626683,0,,,,,,,4,"Autazes, Amazonas, Brazil",BR,BR04,-3.58333,-59.1333,-626683,20230405,https://www.msn.com/en-us/money/companies/brazil-court-backs-crackdown-on-illegal-gold-mining-in-amazon/ar-AA19vPgk
1093769234,20230405,202304,2023,2023.2603,USA,AMERICAN,USA,,,,,,,,,,,,,,,,,,1,017,017,01,1,0.0,10,1,10,-0.21344717182498,1,Russia,RS,RS,60,100,RS,0,,,,,,,1,Russia,RS,RS,60,100,RS,20230405,https://mondovisione.com/media-and-resources/news/statement-of-cftc-commissioner-christy-goldsmith-romero-on-celebrating-the-50th/
1093773692,20230405,202304,2023,2023.2603,,,,,,,,,,,SUR,SURINAME,SUR,,,,,,,,0,042,042,04,1,1.9,24,3,24,3.63456172003426,0,,,,,,,4,"Marowijne, Suriname (general), Suriname",NS,NS00,4.36667,-54.4333,-914501,4,"Marowijne, Suriname (general), Suriname",NS,NS00,4.36667,-54.4333,-914501,20230405,https://www.finanznachrichten.de/nachrichten-2023-04/58756300-founders-metals-inc-founders-metals-provides-antino-gold-project-overview-296.htm
1093773693,20230405,202304,2023,2023.2603,,,,,,,,,,,SUR,SURINAME,SUR,,,,,,,,0,190,190,19,4,-10.0,24,3,24,3.63456172003426,0,,,,,,,4,"Guiana, Suriname (general), Suriname",NS,NS00,4,-60,-914113,4,"Guiana, Suriname (general), Suriname",NS,NS00,4,-60,-914113,20230405,https://www.finanznachrichten.de/nachrichten-2023-04/58756300-founders-metals-inc-founders-metals-provides-antino-gold-project-overview-296.htm
1093773694,20230405,202304,2023,2023.2603,,,,,,,,,,,SUR,SURINAME,SUR,,,,,,,,0,190,190,19,4,-10.0,6,3,6,3.63456172003426,0,,,,,,,1,United States,US,US,39.828175,-98.5795,US,1,United States,US,US,39.828175,-98.5795,US,20230405,https://www.finanznachrichten.de/nachrichten-2023-04/58756300-founders-metals-inc-founders-metals-provides-antino-gold-project-overview-296.htm
1093774102,20230405,202304,2023,2023.2603,EDU,COLLEGE,,,,,,EDU,,,,,,,,,,,,,0,060,060,06,2,6.0,6,1,6,2.33812949640288,1,Spain,SP,SP,40,-4,SP,0,,,,,,,1,Spain,SP,SP,40,-4,SP,20230405,https://www.oxfordeagle.com/2023/04/05/three-um-students-win-goldwater-scholarships/
1093774116,20230405,202304,2023,2023.2603,EDU,SCHOOL,,,,,,EDU,,,EDUCHR,SCHOLAR,,,,CHR,,EDU,,,1,036,036,03,1,4.0,8,1,8,2.33812949640288,3,"University Of Mississippi, Mississippi, United States",US,USMS,34.3668,-89.5354,711542,3,"University Of Mississippi, Mississippi, United States",US,USMS,34.3668,-89.5354,711542,3,"University Of Mississippi, Mississippi, United States",US,USMS,34.3668,-89.5354,711542,20230405,https://www.oxfordeagle.com/2023/04/05/three-um-students-win-goldwater-scholarships/
1093774136,20230405,202304,2023,2023.2603,EDU,SCHOOL,,,,,,EDU,,,USAEDU,UNITED STATES,USA,,,,,EDU,,,1,036,036,03,1,4.0,2,1,2,2.33812949640288,3,"University Of Mississippi, Mississippi, United States",US,USMS,34.3668,-89.5354,711542,3,"University Of Mississippi, Mississippi, United States",US,USMS,34.3668,-89.5354,711542,3,"University Of Mississippi, Mississippi, United States",US,USMS,34.3668,-89.5354,711542,20230405,https://www.oxfordeagle.com/2023/04/05/three-um-students-win-goldwater-scholarships/
1093774138,20230405,202304,2023,2023.2603,EDUCHR,SCHOLAR,,,,CHR,,EDU,,,EDU,SCHOOL,,,,,,EDU,,,1,036,036,03,1,4.0,2,1,2,2.33812949640288,3,"University Of Mississippi, Mississippi, United States",US,USMS,34.3668,-89.5354,711542,3,"University Of Mississippi, Mississippi, United States",US,USMS,34.3668,-89.5354,711542,3,"University Of Mississippi, Mississippi, United States",US,USMS,34.3668,-89.5354,711542,20230405,https://www.oxfordeagle.com/2023/04/05/three-um-students-win-goldwater-scholarships/
1093774139,20230405,202304,2023,2023.2603,EDUCHR,SCHOLAR,,,,CHR,,EDU,,,EDU,SCHOOL,,,,,,EDU,,,1,036,036,03,1,4.0,6,1,6,2.33812949640288,1,Spain,SP,SP,40,-4,SP,1,Spain,SP,SP,40,-4,SP,1,Spain,SP,SP,40,-4,SP,20230405,https://www.oxfordeagle.com/2023/04/05/three-um-students-win-goldwater-scholarships/
1093774855,20230405,202304,2023,2023.2603,SUR,SURINAME,SUR,,,,,,,,,,,,,,,,,,0,043,043,04,1,2.8,24,3,24,3.63456172003426,1,United States,US,US,39.828175,-98.5795,US,0,,,,,,,1,United States,US,US,39.828175,-98.5795,US,20230405,https://www.finanznachrichten.de/nachrichten-2023-04/58756300-founders-metals-inc-founders-metals-provides-antino-gold-project-overview-296.htm
1093775099,20230405,202304,2023,2023.2603,USA,UNITED STATES,USA,,,,,,,,EDU,PROFESSOR,,,,,,EDU,,,0,060,060,06,2,6.0,4,1,4,2.33812949640288,3,"University Of Mississippi, Mississippi, United States",US,USMS,34.3668,-89.5354,711542,1,Spain,SP,SP,40,-4,SP,1,Spain,SP,SP,40,-4,SP,20230405,https://www.oxfordeagle.com/2023/04/05/three-um-students-win-goldwater-scholarships/
1093775240,20230405,202304,2023,2023.2603,USAEDU,UNITED STATES,USA,,,,,EDU,,,EDU,SCHOOL,,,,,,EDU,,,1,036,036,03,1,4.0,2,1,2,2.33812949640288,3,"University Of Mississippi, Mississippi, United States",US,USMS,34.3668,-89.5354,711542,3,"University Of Mississippi, Mississippi, United States",US,USMS,34.3668,-89.5354,711542,3,"University Of Mississippi, Mississippi, United States",US,USMS,34.3668,-89.5354,711542,20230405,https://www.oxfordeagle.com/2023/04/05/three-um-students-win-goldwater-scholarships/
1093776198,20230405,202304,2023,2023.2603,,,,,,,,,,,GOV,PRESIDENT,,,,,,GOV,,,1,040,040,04,1,1.0,24,4,24,1.69103789101723,0,,,,,,,4,"Cape Ray, Newfoundland, Canada",CA,CA05,47.6167,-59.2333,-562144,4,"Cape Ray, Newfoundland, Canada",CA,CA05,47.6167,-59.2333,-562144,20230405,https://www.streetinsider.com/Accesswire/Gander+Gold+Identifies+Multiple+Gold+Targets+Across+25+km+Long+Trend+at+Gander+North/21474263.html
1093776331,20230405,202304,2023,2023.2603,BUS,INVESTOR,,,,,,BUS,,,,,,,,,,,,,0,010,010,01,1,0.0,20,4,20,1.33188806775972,4,"Little River, Yukon, Canada",CA,CA12,61.0167,-135.783,-568102,0,,,,,,,4,"Little River, Yukon, Canada",CA,CA12,61.0167,-135.783,-568102,20230405,https://www.streetinsider.com/Accesswire/Gander+Gold+Identifies+Multiple+Gold+Targets+Across+25+km+Long+Trend+at+Gander+North/21474263.html
1093776333,20230405,202304,2023,2023.2603,BUS,INVESTOR,,,,,,BUS,,,,,,,,,,,,,0,020,020,02,1,3.0,20,4,20,1.33188806775973,4,"Little River, Yukon, Canada",CA,CA12,61.0167,-135.783,-568102,0,,,,,,,4,"Little River, Yukon, Canada",CA,CA12,61.0167,-135.783,-568102,20230405,https://www.streetinsider.com/Accesswire/Gander+Gold+Identifies+Multiple+Gold+Targets+Across+25+km+Long+Trend+at+Gander+North/21474263.html
1093776347,20230405,202304,2023,2023.2603,BUS,CORPORATION,,,,,,BUS,,,,,,,,,,,,,1,084,084,08,2,7.0,30,3,30,1.50998169752476,4,"Cape Ray, Newfoundland, Canada",CA,CA05,47.6167,-59.2333,-562144,0,,,,,,,4,"Cape Ray, Newfoundland, Canada",CA,CA05,47.6167,-59.2333,-562144,20230405,https://www.streetinsider.com/Accesswire/Gander+Gold+Identifies+Multiple+Gold+Targets+Across+25+km+Long+Trend+at+Gander+North/21474263.html
1093776353,20230405,202304,2023,2023.2603,BUS,INVESTOR,,,,,,BUS,,,,,,,,,,,,,0,130,130,13,3,-4.4,20,4,20,1.33188806775972,4,"Little River, Yukon, Canada",CA,CA12,61.0167,-135.783,-568102,0,,,,,,,4,"Little River, Yukon, Canada",CA,CA12,61.0167,-135.783,-568102,20230405,https://www.streetinsider.com/Accesswire/Gander+Gold+Identifies+Multiple+Gold+Targets+Across+25+km+Long+Trend+at+Gander+North/21474263.html
1093776389,20230405,202304,2023,2023.2603,CAN,CANADA,CAN,,,,,,,,GOV,PRESIDENT,,,,,,GOV,,,1,040,040,04,1,1.0,16,4,16,1.69103789101723,4,"Cape Ray, Newfoundland, Canada",CA,CA05,47.6167,-59.2333,-562144,4,"Cape Ray, Newfoundland, Canada",CA,CA05,47.6167,-59.2333,-562144,4,"Cape Ray, Newfoundland, Canada",CA,CA05,47.6167,-59.2333,-562144,20230405,https://www.streetinsider.com/Accesswire/Gander+Gold+Identifies+Multiple+Gold+Targets+Across+25+km+Long+Trend+at+Gander+North/21474263.html
1093776809,20230405,202304,2023,2023.2603,GOV,PRESIDENT,,,,,,GOV,,,,,,,,,,,,,1,040,040,04,1,1.0,24,4,24,1.69103789101723,4,"Little River, Yukon, Canada",CA,CA12,61.0167,-135.783,-568102,0,,,,,,,4,"Little River, Yukon, Canada",CA,CA12,61.0167,-135.783,-568102,20230405,https://www.streetinsider.com/Accesswire/Gander+Gold+Identifies+Multiple+Gold+Targets+Across+25+km+Long+Trend+at+Gander+North/21474263.html
1093776820,20230405,202304,2023,2023.2603,GOV,PRESIDENT,,,,,,GOV,,,,,,,,,,,,,1,084,084,08,2,7.0,24,4,24,1.69103789101723,4,"Cape Ray, Newfoundland, Canada",CA,CA05,47.6167,-59.2333,-562144,0,,,,,,,4,"Cape Ray, Newfoundland, Canada",CA,CA05,47.6167,-59.2333,-562144,20230405,https://www.streetinsider.com/Accesswire/Gander+Gold+Identifies+Multiple+Gold+Targets+Across+25+km+Long+Trend+at+Gander+North/21474263.html
1093776842,20230405,202304,2023,2023.2603,GOV,PRESIDENT,,,,,,GOV,,,CAN,CANADA,CAN,,,,,,,,1,040,040,04,1,1.0,16,4,16,1.69103789101723,4,"Little River, Yukon, Canada",CA,CA12,61.0167,-135.783,-568102,4,"Little River, Yukon, Canada",CA,CA12,61.0167,-135.783,-568102,4,"Little River, Yukon, Canada",CA,CA12,61.0167,-135.783,-568102,20230405,https://www.streetinsider.com/Accesswire/Gander+Gold+Identifies+Multiple+Gold+Targets+Across+25+km+Long+Trend+at+Gander+North/21474263.html
1093776844,20230405,202304,2023,2023.2603,GOV,PRESIDENT,,,,,,GOV,,,CAN,CANADA,CAN,,,,,,,,1,084,084,08,2,7.0,16,4,16,1.69103789101723,4,"Cape Ray, Newfoundland, Canada",CA,CA05,47.6167,-59.2333,-562144,4,"Cape Ray, Newfoundland, Canada",CA,CA05,47.6167,-59.2333,-562144,4,"Cape Ray, Newfoundland, Canada",CA,CA05,47.6167,-59.2333,-562144,20230405,https://www.streetinsider.com/Accesswire/Gander+Gold+Identifies+Multiple+Gold+Targets+Across+25+km+Long+Trend+at+Gander+North/21474263.html
1093781180,20230405,202304,2023,2023.2603,,,,,,,,,,,CHL,CHILE,CHL,,,,,,,,1,042,042,04,1,1.9,30,2,30,0.624778553252683,0,,,,,,,4,"Cerro Colorado, Valparaí, Chile",CI,CI01,-33.0833,-71.65,-876165,4,"Cerro Colorado, Valparaí, Chile",CI,CI01,-33.0833,-71.65,-876165,20230405,http://markets.buffalonews.com/buffnews/article/thenewswire-2023-4-5-colossus-resources-signs-letter-of-intent-with-austral-gold-limited-to-acquire-the-calvario-and-mirador-copper-porphyry-projects-in-chile
1093781504,20230405,202304,2023,2023.2603,CHL,CHILE,CHL,,,,,,,,,,,,,,,,,,1,043,043,04,1,2.8,20,1,20,0.59880239520958,4,"Vancouver, British Columbia, Canada",CA,CA02,49.25,-123.133,-575268,0,,,,,,,4,"Vancouver, British Columbia, Canada",CA,CA02,49.25,-123.133,-575268,20230405,http://markets.buffalonews.com/buffnews/article/thenewswire-2023-4-5-colossus-resources-signs-letter-of-intent-with-austral-gold-limited-to-acquire-the-calvario-and-mirador-copper-porphyry-projects-in-chile
1093782737,20230405,202304,2023,2023.2603,USA,AMERICAN,USA,,,,,,,,,,,,,,,,,,0,172,172,17,4,-5.0,6,2,6,0.624778553252683,4,"Tres Cruces, IV Region, Chile",CI,CI07,-29.3733,-70.9339,-903388,0,,,,,,,4,"Tres Cruces, IV Region, Chile",CI,CI07,-29.3733,-70.9339,-903388,20230405,http://markets.buffalonews.com/buffnews/article/thenewswire-2023-4-5-colossus-resources-signs-letter-of-intent-with-austral-gold-limited-to-acquire-the-calvario-and-mirador-copper-porphyry-projects-in-chile
1093782777,20230405,202304,2023,2023.2603,USA,AMERICAN,USA,,,,,,,,CHL,CHILE,CHL,,,,,,,,0,172,172,17,4,-5.0,6,2,6,0.624778553252683,4,"Tres Cruces, IV Region, Chile",CI,CI07,-29.3733,-70.9339,-903388,4,"Tres Cruces, IV Region, Chile",CI,CI07,-29.3733,-70.9339,-903388,4,"San Felix, III Region, Chile",CI,CI05,-28.9369,-70.4628,-900277,20230405,http://markets.buffalonews.com/buffnews/article/thenewswire-2023-4-5-colossus-resources-signs-letter-of-intent-with-austral-gold-limited-to-acquire-the-calvario-and-mirador-copper-porphyry-projects-in-chile
1093782778,20230405,202304,2023,2023.2603,USA,AMERICAN,USA,,,,,,,,CHL,CHILE,CHL,,,,,,,,0,172,172,17,4,-5.0,18,2,18,0.624778553252683,4,"Tres Cruces, IV Region, Chile",CI,CI07,-29.3733,-70.9339,-903388,4,"Tres Cruces, IV Region, Chile",CI,CI07,-29.3733,-70.9339,-903388,4,"Tres Cruces, IV Region, Chile",CI,CI07,-29.3733,-70.9339,-903388,20230405,http://markets.buffalonews.com/buffnews/article/thenewswire-2023-4-5-colossus-resources-signs-letter-of-intent-with-austral-gold-limited-to-acquire-the-calvario-and-mirador-copper-porphyry-projects-in-chile
1093786595,20230405,202304,2023,2023.2603,BGD,CHUADANGA,BGD,,,,,,,,BGDMIL,BANGLADESH,BGD,,,,,MIL,,,1,173,173,17,4,-5.0,10,1,10,0,1,Bangladesh,BG,BG,24,90,BG,1,Bangladesh,BG,BG,24,90,BG,1,Bangladesh,BG,BG,24,90,BG,20230405,https://www.msn.com/en-xl/news/other/man-illegally-carrying-22-gold-bars-arrested-at-chuadanga/ar-AA19wkr1
1093786596,20230405,202304,2023,2023.2603,BGD,CHUADANGA,BGD,,,,,,,,CRM,SMUGGLER,,,,,,CRM,,,1,172,172,17,4,-5.0,10,1,10,0,1,Bangladesh,BG,BG,24,90,BG,1,Bangladesh,BG,BG,24,90,BG,1,Bangladesh,BG,BG,24,90,BG,20230405,https://www.msn.com/en-xl/news/other/man-illegally-carrying-22-gold-bars-arrested-at-chuadanga/ar-AA19wkr1
1093786600,20230405,202304,2023,2023.2603,BOL,SANTA CRUZ,BOL,,,,,,,,,,,,,,,,,,0,020,020,02,1,3.0,4,2,4,-2.32807905466709,3,"Santa Cruz County, California, United States",US,USCA,37.0666,-122.051,277308,0,,,,,,,3,"Santa Cruz County, California, United States",US,USCA,37.0666,-122.051,277308,20230405,https://www.msn.com/en-us/news/us/california-officials-searching-for-person-who-abandoned-an-injured-golden-retriever-in-a-trash-bag/ar-AA19w0Oi
1093786604,20230405,202304,2023,2023.2603,BOL,SANTA CRUZ,BOL,,,,,,,,COP,DEPUTIES,,,,,,COP,,,1,090,090,09,2,-2.0,12,2,12,-2.32807905466709,3,"Santa Cruz County, California, United States",US,USCA,37.0666,-122.051,277308,3,"Santa Cruz County, California, United States",US,USCA,37.0666,-122.051,277308,3,"Santa Cruz County, California, United States",US,USCA,37.0666,-122.051,277308,20230405,https://www.msn.com/en-us/news/us/california-officials-searching-for-person-who-abandoned-an-injured-golden-retriever-in-a-trash-bag/ar-AA19w0Oi
1093786609,20230405,202304,2023,2023.2603,BOL,SANTA CRUZ,BOL,,,,,,,,USA,UNITED STATES,USA,,,,,,,,0,020,020,02,1,3.0,4,2,4,-2.32807905466709,3,"Santa Cruz County, California, United States",US,USCA,37.0666,-122.051,277308,3,"Santa Cruz County, California, United States",US,USCA,37.0666,-122.051,277308,3,"Santa Cruz County, California, United States",US,USCA,37.0666,-122.051,277308,20230405,https://www.msn.com/en-us/news/us/california-officials-searching-for-person-who-abandoned-an-injured-golden-retriever-in-a-trash-bag/ar-AA19w0Oi
1093787665,20230405,202304,2023,2023.2603,USA,UNITED STATES,USA,,,,,,,,,,,,,,,,,,0,020,020,02,1,3.0,8,2,8,-2.32807905466709,3,"Santa Cruz County, California, United States",US,USCA,37.0666,-122.051,277308,0,,,,,,,3,"Santa Cruz County, California, United States",US,USCA,37.0666,-122.051,277308,20230405,https://www.msn.com/en-us/news/us/california-officials-searching-for-person-who-abandoned-an-injured-golden-retriever-in-a-trash-bag/ar-AA19w0Oi
1093787805,20230405,202304,2023,2023.2603,USA,UNITED STATES,USA,,,,,,,,COP,DEPUTIES,,,,,,COP,,,1,090,090,09,2,-2.0,8,2,8,-2.32807905466709,3,"Santa Cruz County, California, United States",US,USCA,37.0666,-122.051,277308,3,"Santa Cruz County, California, United States",US,USCA,37.0666,-122.051,277308,3,"Santa Cruz County, California, United States",US,USCA,37.0666,-122.051,277308,20230405,https://www.msn.com/en-us/news/us/california-officials-searching-for-person-who-abandoned-an-injured-golden-retriever-in-a-trash-bag/ar-AA19w0Oi
1093790809,20230405,202304,2023,2023.2603,USAEDU,KANSAS,USA,,,,,EDU,,,USA,KANSAS,USA,,,,,,,,0,036,036,03,1,4.0,10,1,10,4.77386934673367,2,"Arizona, United States",US,USAZ,33.7712,-111.388,AZ,2,"Arizona, United States",US,USAZ,33.7712,-111.388,AZ,2,"Arizona, United States",US,USAZ,33.7712,-111.388,AZ,20230405,https://www.msn.com/en-us/money/careersandeducation/university-of-kansas-student-receives-barry-m-goldwater-scholarship/ar-AA19wkHh
1093792499,20230405,202304,2023,2023.2603,GRC,GREECE,GRC,,,,,,,,,,,,,,,,,,1,071,071,07,2,7.4,8,1,8,6.36363636363636,4,"Skouries, Perifereia Peloponnisou, Greece",GR,GR62,37.3,22.3333,-828503,0,,,,,,,4,"Skouries, Perifereia Peloponnisou, Greece",GR,GR62,37.3,22.3333,-828503,20230405,https://www.tornosnews.gr/en/tourism-businesses/real-estate/48705-eldorado-gold-concludes-680-mln-euro-funding-agreement-to-develop-skouries.html
1093794534,20230405,202304,2023,2023.2603,BUS,COMPANY,,,,,,BUS,,,,,,,,,,,,,0,090,090,09,2,-2.0,8,1,8,0.68317677198975,4,"Huelva, AndalucíSP, Spain",SP,SP51,37.2714,-6.94946,-385563,0,,,,,,,4,"Huelva, AndalucíSP, Spain",SP,SP51,37.2714,-6.94946,-385563,20230405,https://www.goldseiten.de/artikel/575294--Denarius-Metals-Closes-CA7.4-Million-Private-Placement.html
1093794535,20230405,202304,2023,2023.2603,BUS,COMPANY,,,,,,BUS,,,,,,,,,,,,,0,090,090,09,2,-2.0,2,1,2,0.68317677198975,4,"Lomero, AndalucíSP, Spain",SP,SP51,37.8057,-6.9287,-389650,0,,,,,,,4,"Lomero, AndalucíSP, Spain",SP,SP51,37.8057,-6.9287,-389650,20230405,https://www.goldseiten.de/artikel/575294--Denarius-Metals-Closes-CA7.4-Million-Private-Placement.html
1093794543,20230405,202304,2023,2023.2603,BUS,BANK,,,,,,BUS,,,,,,,,,,,,,1,173,173,17,4,-5.0,6,1,6,-5.65371024734982,1,South Africa,SF,SF,-30,26,SF,0,,,,,,,1,South Africa,SF,SF,-30,26,SF,20230405,https://www.businessdailyafrica.com/bd/economy/city-traders-charged-with-sh133m-fraud-in-gold-deal--4186406
1093794570,20230405,202304,2023,2023.2603,BUS,BANK,,,,,,BUS,,,USA,UNITED STATES,USA,,,,,,,,1,173,173,17,4,-5.0,2,1,2,-5.65371024734982,1,South Africa,SF,SF,-30,26,SF,1,South Africa,SF,SF,-30,26,SF,1,South Africa,SF,SF,-30,26,SF,20230405,https://www.businessdailyafrica.com/bd/economy/city-traders-charged-with-sh133m-fraud-in-gold-deal--4186406
1093794571,20230405,202304,2023,2023.2603,BUS,BANK,,,,,,BUS,,,USA,UNITED STATES,USA,,,,,,,,1,173,173,17,4,-5.0,2,1,2,-5.65371024734982,1,United States,US,US,39.828175,-98.5795,US,1,United States,US,US,39.828175,-98.5795,US,4,"Nairobi, Nairobi Area, Kenya",KE,KE05,-1.28333,36.8167,-2258072,20230405,https://www.businessdailyafrica.com/bd/economy/city-traders-charged-with-sh133m-fraud-in-gold-deal--4186406
1093794619,20230405,202304,2023,2023.2603,CHL,CHILE,CHL,,,,,,,,,,,,,,,,,,1,043,043,04,1,2.8,2,1,2,0.67673086933889,4,"Pampa, Argentina (general), Argentina",AR,AR00,-35,-63,-1006679,0,,,,,,,4,"Pampa, Argentina (general), Argentina",AR,AR00,-35,-63,-1006679,20230405,https://www.juniorminingnetwork.com/junior-miner-news/press-releases/3185-tsx-venture/clus/139187-colossus-resources-signs-letter-of-intent-with-austral-gold-limited-to-acquire-the-calvario-and-mirador-copper-porphyry-projects-in-chile.html
1093794620,20230405,202304,2023,2023.2603,CHL,CHILE,CHL,,,,,,,,,,,,,,,,,,1,043,043,04,1,2.8,6,1,6,0.67673086933889,1,Australia,AS,AS,-25,135,AS,0,,,,,,,1,Australia,AS,AS,-25,135,AS,20230405,https://www.juniorminingnetwork.com/junior-miner-news/press-releases/3185-tsx-venture/clus/139187-colossus-resources-signs-letter-of-intent-with-austral-gold-limited-to-acquire-the-calvario-and-mirador-copper-porphyry-projects-in-chile.html
1093794621,20230405,202304,2023,2023.2603,CHL,CHILE,CHL,,,,,,,,,,,,,,,,,,1,043,043,04,1,2.8,2,1,2,0.67673086933889,1,Japan,JA,JA,36,138,JA,0,,,,,,,1,Japan,JA,JA,36,138,JA,20230405,https://www.juniorminingnetwork.com/junior-miner-news/press-releases/3185-tsx-venture/clus/139187-colossus-resources-signs-letter-of-intent-with-austral-gold-limited-to-acquire-the-calvario-and-mirador-copper-porphyry-projects-in-chile.html
1093794913,20230405,202304,2023,2023.2603,ESP,SPAIN,ESP,,,,,,,,,,,,,,,,,,0,020,020,02,1,3.0,6,1,6,0.68317677198975,4,"Huelva, AndalucíSP, Spain",SP,SP51,37.2714,-6.94946,-385563,0,,,,,,,4,"Huelva, AndalucíSP, Spain",SP,SP51,37.2714,-6.94946,-385563,20230405,https://www.goldseiten.de/artikel/575294--Denarius-Metals-Closes-CA7.4-Million-Private-Placement.html
1093794914,20230405,202304,2023,2023.2603,ESP,SPAIN,ESP,,,,,,,,,,,,,,,,,,0,020,020,02,1,3.0,2,1,2,0.68317677198975,4,"Lomero, AndalucíSP, Spain",SP,SP51,37.8057,-6.9287,-389650,0,,,,,,,4,"Lomero, AndalucíSP, Spain",SP,SP51,37.8057,-6.9287,-389650,20230405,https://www.goldseiten.de/artikel/575294--Denarius-Metals-Closes-CA7.4-Million-Private-Placement.html
1093794915,20230405,202304,2023,2023.2603,ESP,SPAIN,ESP,,,,,,,,,,,,,,,,,,0,090,090,09,2,-2.0,8,1,8,0.68317677198975,4,"Lomero, AndalucíSP, Spain",SP,SP51,37.8057,-6.9287,-389650,0,,,,,,,4,"Lomero, AndalucíSP, Spain",SP,SP51,37.8057,-6.9287,-389650,20230405,https://www.goldseiten.de/artikel/575294--Denarius-Metals-Closes-CA7.4-Million-Private-Placement.html
1093795844,20230405,202304,2023,2023.2603,USA,AMERICAN,USA,,,,,,,,KEN,KENYA,KEN,,,,,,,,1,112,112,11,3,-2.0,2,1,2,-5.65371024734982,1,South Africa,SF,SF,-30,26,SF,1,South Africa,SF,SF,-30,26,SF,1,South Africa,SF,SF,-30,26,SF,20230405,https://www.businessdailyafrica.com/bd/economy/city-traders-charged-with-sh133m-fraud-in-gold-deal--4186406
1093797587,20230405,202304,2023,2023.2603,USA,UNITED STATES,USA,,,,,,,,EDU,SCHOLAR,,,,,,EDU,,,1,051,051,05,1,3.4,4,1,4,2.58481421647819,4,"Coburg, Bayern, Germany",GM,GM02,50.25,10.9667,-1756680,4,"Coburg, Bayern, Germany",GM,GM02,50.25,10.9667,-1756680,4,"Coburg, Bayern, Germany",GM,GM02,50.25,10.9667,-1756680,20230405,https://www.washington.edu/uaa/2023/04/04/2023-goldwater-scholars/
1093797689,20230405,202304,2023,2023.2603,USAEDU,WASHINGTON,USA,,,,,EDU,,,DEUEDU,GERMANY,DEU,,,,,EDU,,,1,051,051,05,1,3.4,4,1,4,2.58481421647819,4,"Coburg, Bayern, Germany",GM,GM02,50.25,10.9667,-1756680,4,"Coburg, Bayern, Germany",GM,GM02,50.25,10.9667,-1756680,4,"Coburg, Bayern, Germany",GM,GM02,50.25,10.9667,-1756680,20230405,https://www.washington.edu/uaa/2023/04/04/2023-goldwater-scholars/
1093797690,20230405,202304,2023,2023.2603,USAEDU,WASHINGTON,USA,,,,,EDU,,,EDU,SCHOLAR,,,,,,EDU,,,1,051,051,05,1,3.4,2,1,2,2.58481421647819,4,"Coburg, Bayern, Germany",GM,GM02,50.25,10.9667,-1756680,4,"Coburg, Bayern, Germany",GM,GM02,50.25,10.9667,-1756680,4,"Coburg, Bayern, Germany",GM,GM02,50.25,10.9667,-1756680,20230405,https://www.washington.edu/uaa/2023/04/04/2023-goldwater-scholars/
1093799508,20230405,202304,2023,2023.2603,QATMED,AL JAZEERA,QAT,,,,,MED,,,ZWEGOV,ZIMBABWE,ZWE,,,,,GOV,,,1,090,090,09,2,-2.0,10,1,10,-2.01612903225807,1,Zimbabwe,ZI,ZI,-19,29,ZI,1,Zimbabwe,ZI,ZI,-19,29,ZI,1,Zimbabwe,ZI,ZI,-19,29,ZI,20230405,https://www.ghanabusinessnews.com/2023/04/05/gold-mafia-zimbabwe-government-responds-to-investigations-after-three-weeks/
1093800092,20230405,202304,2023,2023.2603,ZWEGOV,ZIMBABWE,ZWE,,,,,GOV,,,QATMED,AL JAZEERA,QAT,,,,,MED,,,1,0353,035,03,1,7.0,10,1,10,-2.01612903225807,1,Zimbabwe,ZI,ZI,-19,29,ZI,1,Zimbabwe,ZI,ZI,-19,29,ZI,1,Zimbabwe,ZI,ZI,-19,29,ZI,20230405,https://www.ghanabusinessnews.com/2023/04/05/gold-mafia-zimbabwe-government-responds-to-investigations-after-three-weeks/
1093800093,20230405,202304,2023,2023.2603,ZWEGOV,ZIMBABWE,ZWE,,,,,GOV,,,QATMED,AL JAZEERA,QAT,,,,,MED,,,1,090,090,09,2,-2.0,5,1,5,-2.01612903225807,1,Zimbabwe,ZI,ZI,-19,29,ZI,1,Zimbabwe,ZI,ZI,-19,29,ZI,1,Zimbabwe,ZI,ZI,-19,29,ZI,20230405,https://www.ghanabusinessnews.com/2023/04/05/gold-mafia-zimbabwe-government-responds-to-investigations-after-three-weeks/
1093800683,20230405,202304,2023,2023.2603,,,,,,,,,,,CAN,CANADA,CAN,,,,,,,,1,042,042,04,1,1.9,8,1,8,2.97397769516729,0,,,,,,,4,"Val-Dor, Quebec, Canada",CA,CA10,48.1167,-77.7667,-575246,4,"Val-Dor, Quebec, Canada",CA,CA10,48.1167,-77.7667,-575246,20230405,https://www.mining.com/probe-gold-bonanza-grade-of-198-g-t-gold-at-novador/
1093800860,20230405,202304,2023,2023.2603,BUS,COMPANY,,,,,,BUS,,,CAN,ONTARIO,CAN,,,,,,,,0,042,042,04,1,1.9,10,2,10,0.81276191445683,2,"Alaska, United States",US,USAK,61.385,-152.268,AK,2,"Alaska, United States",US,USAK,61.385,-152.268,AK,2,"Alaska, United States",US,USAK,61.385,-152.268,AK,20230405,https://www.streetinsider.com/Newsfile/HighGold+Mining+Announces+Upsize+to+Private+Placement+Financing+to+C$9+Million/21475427.html
1093800861,20230405,202304,2023,2023.2603,BUS,COMPANY,,,,,,BUS,,,CAN,ONTARIO,CAN,,,,,,,,0,192,192,19,4,-9.5,10,2,10,0.81276191445683,2,"Alaska, United States",US,USAK,61.385,-152.268,AK,2,"Alaska, United States",US,USAK,61.385,-152.268,AK,2,"Alaska, United States",US,USAK,61.385,-152.268,AK,20230405,https://www.streetinsider.com/Newsfile/HighGold+Mining+Announces+Upsize+to+Private+Placement+Financing+to+C$9+Million/21475427.html
1093800892,20230405,202304,2023,2023.2603,CAN,CANADA,CAN,,,,,,,,,,,,,,,,,,1,043,043,04,1,2.8,2,1,2,2.97397769516729,4,"Quebec, Quebec, Canada",CA,CA10,47.5,-72,-571850,0,,,,,,,4,"Val-Dor, Quebec, Canada",CA,CA10,48.1167,-77.7667,-575246,20230405,https://www.mining.com/probe-gold-bonanza-grade-of-198-g-t-gold-at-novador/
1093800893,20230405,202304,2023,2023.2603,CAN,CANADA,CAN,,,,,,,,,,,,,,,,,,1,043,043,04,1,2.8,6,1,6,2.97397769516729,4,"Val-Dor, Quebec, Canada",CA,CA10,48.1167,-77.7667,-575246,0,,,,,,,4,"Val-Dor, Quebec, Canada",CA,CA10,48.1167,-77.7667,-575246,20230405,https://www.mining.com/probe-gold-bonanza-grade-of-198-g-t-gold-at-novador/
1093800897,20230405,202304,2023,2023.2603,CAN,ONTARIO,CAN,,,,,,,,BUS,COMPANY,,,,,,BUS,,,0,043,043,04,1,2.8,10,2,10,0.81276191445683,2,"Alaska, United States",US,USAK,61.385,-152.268,AK,2,"Alaska, United States",US,USAK,61.385,-152.268,AK,2,"Alaska, United States",US,USAK,61.385,-152.268,AK,20230405,https://www.streetinsider.com/Newsfile/HighGold+Mining+Announces+Upsize+to+Private+Placement+Financing+to+C$9+Million/21475427.html
1093802542,20220405,202204,2022,2022.2603,,,,,,,,,,,KOR,SOUTH KOREA,KOR,,,,,,,,0,040,040,04,1,1.0,4,1,4,2.78745644599303,0,,,,,,,1,South Korea,KS,KS,37,127.5,KS,1,South Korea,KS,KS,37,127.5,KS,20230405,https://www.goldderby.com/article/2023/star-wars-donald-glover-lando-return/
1093802688,20230405,202304,2023,2023.2603,,,,,,,,,,,KOR,SOUTH KOREA,KOR,,,,,,,,1,042,042,04,1,1.9,4,1,4,2.78745644599303,0,,,,,,,3,"Hollywood, California, United States",US,USCA,34.0983,-118.327,1660757,3,"Hollywood, California, United States",US,USCA,34.0983,-118.327,1660757,20230405,https://www.goldderby.com/article/2023/star-wars-donald-glover-lando-return/
1093802700,20230405,202304,2023,2023.2603,,,,,,,,,,,MED,MEDIA,,,,,,MED,,,1,060,060,06,2,6.0,5,1,5,-0.70093457943926,0,,,,,,,2,"New Jersey, United States",US,USNJ,40.314,-74.5089,NJ,2,"New Jersey, United States",US,USNJ,40.314,-74.5089,NJ,20230405,https://www.justjared.com/2023/02/17/rhonjs-jackie-goldschneider-sounds-the-alarm-on-ozempic/
1093802792,20230405,202304,2023,2023.2603,AUS,MURRAY,AUS,,,,,,,,,,,,,,,,,,1,020,020,02,1,3.0,3,1,3,4.64285714285715,3,"Hollywood, California, United States",US,USCA,34.0983,-118.327,1660757,0,,,,,,,3,"Hollywood, California, United States",US,USCA,34.0983,-118.327,1660757,20230405,https://www.goldderby.com/article/2023/f-murray-abraham-the-white-lotus-emmy-odds/
1093802797,20230405,202304,2023,2023.2603,AUS,MURRAY,AUS,,,,,,,,,,,,,,,,,,1,051,051,05,1,3.4,3,1,3,4.64285714285715,1,Syria,SY,SY,35,38,SY,0,,,,,,,1,Syria,SY,SY,35,38,SY,20230405,https://www.goldderby.com/article/2023/f-murray-abraham-the-white-lotus-emmy-odds/
1093802804,20230405,202304,2023,2023.2603,AUS,MURRAY,AUS,,,,,,,,ELI,ACTOR,,,,,,ELI,,,1,051,051,05,1,3.4,3,1,3,4.64285714285715,1,Syria,SY,SY,35,38,SY,1,Syria,SY,SY,35,38,SY,1,Syria,SY,SY,35,38,SY,20230405,https://www.goldderby.com/article/2023/f-murray-abraham-the-white-lotus-emmy-odds/
1093802811,20230405,202304,2023,2023.2603,AUS,MURRAY,AUS,,,,,,,,USA,UNITED STATES,USA,,,,,,,,1,051,051,05,1,3.4,4,1,4,4.64285714285715,3,"Hollywood, California, United States",US,USCA,34.0983,-118.327,1660757,3,"Hollywood, California, United States",US,USCA,34.0983,-118.327,1660757,3,"Hollywood, California, United States",US,USCA,34.0983,-118.327,1660757,20230405,https://www.goldderby.com/article/2023/f-murray-abraham-the-white-lotus-emmy-odds/
1093802851,20230405,202304,2023,2023.2603,BUS,INDUSTRY,,,,,,BUS,,,MNCUSA,GOLDMAN SACHS,USA,,,,,MNC,,,1,172,172,17,4,-5.0,5,1,5,-5.32544378698225,0,,,,,,,0,,,,,,,0,,,,,,,20230405,https://www.bnnbloomberg.ca/goldman-sachs-fined-for-marking-60-million-short-sales-as-long-1.1904996
1093803144,20230405,202304,2023,2023.2603,ELI,ACTOR,,,,,,ELI,,,AUS,MURRAY,AUS,,,,,,,,1,020,020,02,1,3.0,3,1,3,4.64285714285715,3,"Hollywood, California, United States",US,USCA,34.0983,-118.327,1660757,3,"Hollywood, California, United States",US,USCA,34.0983,-118.327,1660757,3,"Hollywood, California, United States",US,USCA,34.0983,-118.327,1660757,20230405,https://www.goldderby.com/article/2023/f-murray-abraham-the-white-lotus-emmy-odds/
1093803145,20230405,202304,2023,2023.2603,ELI,ACTOR,,,,,,ELI,,,ITA,SICILY,ITA,,,,,,,,1,043,043,04,1,2.8,6,1,6,4.64285714285715,1,Syria,SY,SY,35,38,SY,1,Syria,SY,SY,35,38,SY,1,Syria,SY,SY,35,38,SY,20230405,https://www.goldderby.com/article/2023/f-murray-abraham-the-white-lotus-emmy-odds/
1093803146,20230405,202304,2023,2023.2603,ELI,ACTOR,,,,,,ELI,,,KOR,SOUTH KOREA,KOR,,,,,,,,1,040,040,04,1,1.0,2,1,2,2.78745644599303,1,South Korea,KS,KS,37,127.5,KS,1,South Korea,KS,KS,37,127.5,KS,1,South Korea,KS,KS,37,127.5,KS,20230405,https://www.goldderby.com/article/2023/star-wars-donald-glover-lando-return/
1093803147,20230405,202304,2023,2023.2603,ELI,ACTOR,,,,,,ELI,,,SYR,SYRIA,SYR,,,,,,,,1,051,051,05,1,3.4,4,1,4,4.64285714285715,1,Syria,SY,SY,35,38,SY,1,Syria,SY,SY,35,38,SY,1,Syria,SY,SY,35,38,SY,20230405,https://www.goldderby.com/article/2023/f-murray-abraham-the-white-lotus-emmy-odds/
1093803148,20230405,202304,2023,2023.2603,ELI,ACTOR,,,,,,ELI,,,USA,UNITED STATES,USA,,,,,,,,1,020,020,02,1,3.0,2,1,2,4.64285714285715,3,"Hollywood, California, United States",US,USCA,34.0983,-118.327,1660757,3,"Hollywood, California, United States",US,USCA,34.0983,-118.327,1660757,3,"Hollywood, California, United States",US,USCA,34.0983,-118.327,1660757,20230405,https://www.goldderby.com/article/2023/f-murray-abraham-the-white-lotus-emmy-odds/
1093803352,20230405,202304,2023,2023.2603,ITA,SICILY,ITA,,,,,,,,ELI,ACTOR,,,,,,ELI,,,1,042,042,04,1,1.9,6,1,6,4.64285714285715,1,Syria,SY,SY,35,38,SY,1,Syria,SY,SY,35,38,SY,1,Syria,SY,SY,35,38,SY,20230405,https://www.goldderby.com/article/2023/f-murray-abraham-the-white-lotus-emmy-odds/
1093803353,20230405,202304,2023,2023.2603,ITA,SICILY,ITA,,,,,,,,SYR,SYRIA,SYR,,,,,,,,1,042,042,04,1,1.9,4,1,4,4.64285714285715,1,Syria,SY,SY,35,38,SY,1,Syria,SY,SY,35,38,SY,1,Syria,SY,SY,35,38,SY,20230405,https://www.goldderby.com/article/2023/f-murray-abraham-the-white-lotus-emmy-odds/
1093803399,20230405,202304,2023,2023.2603,KOR,SOUTH KOREA,KOR,,,,,,,,ELI,ACTOR,,,,,,ELI,,,1,040,040,04,1,1.0,2,1,2,2.78745644599303,1,South Korea,KS,KS,37,127.5,KS,1,South Korea,KS,KS,37,127.5,KS,1,South Korea,KS,KS,37,127.5,KS,20230405,https://www.goldderby.com/article/2023/star-wars-donald-glover-lando-return/
1093803400,20230405,202304,2023,2023.2603,KOR,SOUTH KOREA,KOR,,,,,,,,KORELI,SOUTH KOREA,KOR,,,,,ELI,,,1,040,040,04,1,1.0,1,1,1,2.78745644599303,1,South Korea,KS,KS,37,127.5,KS,1,South Korea,KS,KS,37,127.5,KS,1,South Korea,KS,KS,37,127.5,KS,20230405,https://www.goldderby.com/article/2023/star-wars-donald-glover-lando-return/
1093803401,20230405,202304,2023,2023.2603,KOR,SOUTH KOREA,KOR,,,,,,,,MNCUSA,DISNEY,USA,,,,,MNC,,,0,032,032,03,1,4.5,2,1,2,2.78745644599303,1,South Korea,KS,KS,37,127.5,KS,1,South Korea,KS,KS,37,127.5,KS,1,South Korea,KS,KS,37,127.5,KS,20230405,https://www.goldderby.com/article/2023/star-wars-donald-glover-lando-return/
1093803402,20230405,202304,2023,2023.2603,KORELI,SOUTH KOREA,KOR,,,,,ELI,,,KOR,SOUTH KOREA,KOR,,,,,,,,1,040,040,04,1,1.0,1,1,1,2.78745644599303,1,South Korea,KS,KS,37,127.5,KS,1,South Korea,KS,KS,37,127.5,KS,1,South Korea,KS,KS,37,127.5,KS,20230405,https://www.goldderby.com/article/2023/star-wars-donald-glover-lando-return/
1093803488,20230405,202304,2023,2023.2603,MNCUSA,DISNEY,USA,,,,,MNC,,,KOR,SOUTH KOREA,KOR,,,,,,,,0,032,032,03,1,4.5,2,1,2,2.78745644599303,1,South Korea,KS,KS,37,127.5,KS,1,South Korea,KS,KS,37,127.5,KS,1,South Korea,KS,KS,37,127.5,KS,20230405,https://www.goldderby.com/article/2023/star-wars-donald-glover-lando-return/
1093803489,20230405,202304,2023,2023.2603,MNCUSA,DISNEY,USA,,,,,MNC,,,KOR,SOUTH KOREA,KOR,,,,,,,,0,050,050,05,1,3.5,2,1,2,2.78745644599303,1,South Korea,KS,KS,37,127.5,KS,1,South Korea,KS,KS,37,127.5,KS,1,South Korea,KS,KS,37,127.5,KS,20230405,https://www.goldderby.com/article/2023/star-wars-donald-glover-lando-return/
1093803659,20230405,202304,2023,2023.2603,SYR,SYRIA,SYR,,,,,,,,ITA,SICILY,ITA,,,,,,,,1,043,043,04,1,2.8,4,1,4,4.64285714285715,1,Syria,SY,SY,35,38,SY,1,Syria,SY,SY,35,38,SY,1,Syria,SY,SY,35,38,SY,20230405,https://www.goldderby.com/article/2023/f-murray-abraham-the-white-lotus-emmy-odds/
