GLOBALEVENTID,SQLDATE,MonthYear,Year,FractionDate,Actor1Code,Actor1Name,Actor1CountryCode,Actor1KnownGroupCode,Actor1EthnicCode,Actor1Religion1Code,Actor1Religion2Code,Actor1Type1Code,Actor1Type2Code,Actor1Type3Code,Actor2Code,Actor2Name,Actor2CountryCode,Actor2KnownGroupCode,Actor2EthnicCode,Actor2Religion1Code,Actor2Religion2Code,Actor2Type1Code,Actor2Type2Code,Actor2Type3Code,IsRootEvent,EventCode,EventBaseCode,EventRootCode,QuadClass,GoldsteinScale,NumMentions,NumSources,NumArticles,AvgTone,Actor1Geo_Type,Actor1Geo_FullName,Actor1Geo_CountryCode,Actor1Geo_ADM1Code,Actor1Geo_Lat,Actor1Geo_Long,Actor1Geo_FeatureID,Actor2Geo_Type,Actor2Geo_FullName,Actor2Geo_CountryCode,Actor2Geo_ADM1Code,Actor2Geo_Lat,Actor2Geo_Long,Actor2Geo_FeatureID,ActionGeo_Type,ActionGeo_FullName,ActionGeo_CountryCode,ActionGeo_ADM1Code,ActionGeo_Lat,ActionGeo_Long,ActionGeo_FeatureID,DATEADDED,SOURCEURL
1092140056,20230330,202303,2023,2023.2466,,,,,,,,,,,USA,UNITED STATES,USA,,,,,,,,0,042,042,04,1,1.9,6,1,4,-1.2987012987013,0,,,,,,,2,"Mississippi, United States",US,USMS,32.7673,-89.6812,MS,2,"Mississippi, United States",US,USMS,32.7673,-89.6812,MS,20230330,http://www.msn.com/en-us/tv/news/whoopi-goldberg-charlamagne-tha-god-disagree-with-white-mississippi-news-anchor-being-off-the-air-after-saying-fo-shizzle-my-nizzle/ar-AA19f2I1
1092140420,20230330,202303,2023,2023.2466,BUS,BUSINESS,,,,,,BUS,,,USA,UNITED STATES,USA,,,,,,,,0,040,040,04,1,1.0,8,2,8,-1.29630074177209,2,"Mississippi, United States",US,USMS,32.7673,-89.6812,MS,2,"Mississippi, United States",US,USMS,32.7673,-89.6812,MS,2,"Mississippi, United States",US,USMS,32.7673,-89.6812,MS,20230330,http://www.msn.com/en-us/tv/news/whoopi-goldberg-charlamagne-tha-god-disagree-with-white-mississippi-news-anchor-being-off-the-air-after-saying-fo-shizzle-my-nizzle/ar-AA19f2I1
1092142715,20230330,202303,2023,2023.2466,USA,UNITED STATES,USA,,,,,,,,,,,,,,,,,,1,043,043,04,1,2.8,342,39,326,-3.06598302464298,2,"Mississippi, United States",US,USMS,32.7673,-89.6812,MS,0,,,,,,,2,"Mississippi, United States",US,USMS,32.7673,-89.6812,MS,20230330,http://www.msn.com/en-us/tv/news/whoopi-goldberg-charlamagne-tha-god-disagree-with-white-mississippi-news-anchor-being-off-the-air-after-saying-fo-shizzle-my-nizzle/ar-AA19f2I1
1092142822,20230330,202303,2023,2023.2466,USA,UNITED STATES,USA,,,,,,,,,,,,,,,,,,1,111,111,11,3,-2.0,12,3,12,-2.51524913351517,2,"Mississippi, United States",US,USMS,32.7673,-89.6812,MS,0,,,,,,,2,"Mississippi, United States",US,USMS,32.7673,-89.6812,MS,20230330,http://www.msn.com/en-us/tv/news/whoopi-goldberg-charlamagne-tha-god-disagree-with-white-mississippi-news-anchor-being-off-the-air-after-saying-fo-shizzle-my-nizzle/ar-AA19f2I1
1092142942,20230330,202303,2023,2023.2466,USA,UNITED STATES,USA,,,,,,,,BUS,BUSINESS,,,,,,BUS,,,0,040,040,04,1,1.0,8,2,8,-1.29630074177209,2,"Mississippi, United States",US,USMS,32.7673,-89.6812,MS,2,"Mississippi, United States",US,USMS,32.7673,-89.6812,MS,2,"Mississippi, United States",US,USMS,32.7673,-89.6812,MS,20230330,http://www.msn.com/en-us/tv/news/whoopi-goldberg-charlamagne-tha-god-disagree-with-white-mississippi-news-anchor-being-off-the-air-after-saying-fo-shizzle-my-nizzle/ar-AA19f2I1
1092144725,20230330,202303,2023,2023.2466,,,,,,,,,,,AUS,AUSTRALIA,AUS,,,,,,,,1,190,190,19,4,-10.0,4,1,4,-3.86779184247538,0,,,,,,,4,"Coolgardie, Western Australia, Australia",AS,AS08,-30.9536,121.166,-1567015,4,"Coolgardie, Western Australia, Australia",AS,AS08,-30.9536,121.166,-1567015,20230330,https://www.abc.net.au/news/2023-03-30/kalgoorlie-gold-stealing-trial-defence-lawyer-court-costs/102158686
1092144907,20230330,202303,2023,2023.2466,,,,,,,,,,,LAB,WORKER,,,,,,LAB,,,0,112,112,11,3,-2.0,10,1,10,-3.86779184247538,0,,,,,,,4,"Perth, Western Australia, Australia",AS,AS08,-31.9333,115.833,-1594675,4,"Perth, Western Australia, Australia",AS,AS08,-31.9333,115.833,-1594675,20230330,https://www.abc.net.au/news/2023-03-30/kalgoorlie-gold-stealing-trial-defence-lawyer-court-costs/102158686
1092145176,20230330,202303,2023,2023.2466,AUS,AUSTRALIA,AUS,,,,,,,,,,,,,,,,,,1,013,013,01,1,0.4,2,1,2,-3.86779184247538,4,"Coolgardie, Western Australia, Australia",AS,AS08,-30.9536,121.166,-1567015,0,,,,,,,4,"Coolgardie, Western Australia, Australia",AS,AS08,-30.9536,121.166,-1567015,20230330,https://www.abc.net.au/news/2023-03-30/kalgoorlie-gold-stealing-trial-defence-lawyer-court-costs/102158686
1092145191,20230330,202303,2023,2023.2466,AUS,AUSTRALIA,AUS,,,,,,,,,,,,,,,,,,1,081,081,08,2,5.0,4,1,4,-3.86779184247538,4,"Coolgardie, Western Australia, Australia",AS,AS08,-30.9536,121.166,-1567015,0,,,,,,,4,"Coolgardie, Western Australia, Australia",AS,AS08,-30.9536,121.166,-1567015,20230330,https://www.abc.net.au/news/2023-03-30/kalgoorlie-gold-stealing-trial-defence-lawyer-court-costs/102158686
1092145201,20230330,202303,2023,2023.2466,AUS,AUSTRALIA,AUS,,,,,,,,,,,,,,,,,,1,190,190,19,4,-10.0,4,1,4,-3.86779184247538,4,"Coolgardie, Western Australia, Australia",AS,AS08,-30.9536,121.166,-1567015,0,,,,,,,4,"Coolgardie, Western Australia, Australia",AS,AS08,-30.9536,121.166,-1567015,20230330,https://www.abc.net.au/news/2023-03-30/kalgoorlie-gold-stealing-trial-defence-lawyer-court-costs/102158686
1092145210,20230330,202303,2023,2023.2466,AUS,AUSTRALIA,AUS,,,,,,,,COP,DETECTIVE,,,,,,COP,,,0,010,010,01,1,0.0,4,1,4,-3.86779184247538,4,"Coolgardie, Western Australia, Australia",AS,AS08,-30.9536,121.166,-1567015,4,"Coolgardie, Western Australia, Australia",AS,AS08,-30.9536,121.166,-1567015,4,"Coolgardie, Western Australia, Australia",AS,AS08,-30.9536,121.166,-1567015,20230330,https://www.abc.net.au/news/2023-03-30/kalgoorlie-gold-stealing-trial-defence-lawyer-court-costs/102158686
1092145217,20230330,202303,2023,2023.2466,AUS,PERTH,AUS,,,,,,,,JUD,LAWYER,,,,,,JUD,,,1,043,043,04,1,2.8,2,1,2,-3.86779184247538,4,"Perth, Western Australia, Australia",AS,AS08,-31.9333,115.833,-1594675,4,"Perth, Western Australia, Australia",AS,AS08,-31.9333,115.833,-1594675,4,"Perth, Western Australia, Australia",AS,AS08,-31.9333,115.833,-1594675,20230330,https://www.abc.net.au/news/2023-03-30/kalgoorlie-gold-stealing-trial-defence-lawyer-court-costs/102158686
1092145218,20230330,202303,2023,2023.2466,AUS,AUSTRALIA,AUS,,,,,,,,JUD,LAWYER,,,,,,JUD,,,1,043,043,04,1,2.8,8,1,8,-3.86779184247538,4,"Greenfields, Western Australia, Australia",AS,AS08,-33.2552,115.783,11460456,4,"Perth, Western Australia, Australia",AS,AS08,-31.9333,115.833,-1594675,4,"Perth, Western Australia, Australia",AS,AS08,-31.9333,115.833,-1594675,20230330,https://www.abc.net.au/news/2023-03-30/kalgoorlie-gold-stealing-trial-defence-lawyer-court-costs/102158686
1092145219,20230330,202303,2023,2023.2466,AUS,AUSTRALIA,AUS,,,,,,,,JUD,LAWYER,,,,,,JUD,,,1,112,112,11,3,-2.0,8,1,8,-3.86779184247538,4,"Greenfields, Western Australia, Australia",AS,AS08,-33.2552,115.783,11460456,4,"Perth, Western Australia, Australia",AS,AS08,-31.9333,115.833,-1594675,4,"Greenfields, Western Australia, Australia",AS,AS08,-33.2552,115.783,11460456,20230330,https://www.abc.net.au/news/2023-03-30/kalgoorlie-gold-stealing-trial-defence-lawyer-court-costs/102158686
1092145312,20230330,202303,2023,2023.2466,BUS,COMPANY,,,,,,BUS,,,,,,,,,,,,,0,112,112,11,3,-2.0,10,1,10,-3.86779184247538,4,"Greenfields, Western Australia, Australia",AS,AS08,-33.2552,115.783,11460456,0,,,,,,,4,"Greenfields, Western Australia, Australia",AS,AS08,-33.2552,115.783,11460456,20230330,https://www.abc.net.au/news/2023-03-30/kalgoorlie-gold-stealing-trial-defence-lawyer-court-costs/102158686
1092146627,20230330,202303,2023,2023.2466,JUD,PROSECUTOR,,,,,,JUD,,,,,,,,,,,,,0,071,071,07,2,7.4,5,1,5,-3.86779184247538,4,"Perth, Western Australia, Australia",AS,AS08,-31.9333,115.833,-1594675,0,,,,,,,4,"Perth, Western Australia, Australia",AS,AS08,-31.9333,115.833,-1594675,20230330,https://www.abc.net.au/news/2023-03-30/kalgoorlie-gold-stealing-trial-defence-lawyer-court-costs/102158686
1092146640,20230330,202303,2023,2023.2466,JUD,LAWYER,,,,,,JUD,,,,,,,,,,,,,1,112,112,11,3,-2.0,4,1,4,-3.86779184247538,4,"Coolgardie, Western Australia, Australia",AS,AS08,-30.9536,121.166,-1567015,0,,,,,,,4,"Coolgardie, Western Australia, Australia",AS,AS08,-30.9536,121.166,-1567015,20230330,https://www.abc.net.au/news/2023-03-30/kalgoorlie-gold-stealing-trial-defence-lawyer-court-costs/102158686
1092146641,20230330,202303,2023,2023.2466,JUD,LAWYER,,,,,,JUD,,,,,,,,,,,,,1,112,112,11,3,-2.0,6,1,6,-3.86779184247538,4,"Greenfields, Western Australia, Australia",AS,AS08,-33.2552,115.783,11460456,0,,,,,,,4,"Greenfields, Western Australia, Australia",AS,AS08,-33.2552,115.783,11460456,20230330,https://www.abc.net.au/news/2023-03-30/kalgoorlie-gold-stealing-trial-defence-lawyer-court-costs/102158686
1092146658,20230330,202303,2023,2023.2466,JUD,LAWYER,,,,,,JUD,,,AUS,PERTH,AUS,,,,,,,,1,042,042,04,1,1.9,2,1,2,-3.86779184247538,4,"Perth, Western Australia, Australia",AS,AS08,-31.9333,115.833,-1594675,4,"Perth, Western Australia, Australia",AS,AS08,-31.9333,115.833,-1594675,4,"Perth, Western Australia, Australia",AS,AS08,-31.9333,115.833,-1594675,20230330,https://www.abc.net.au/news/2023-03-30/kalgoorlie-gold-stealing-trial-defence-lawyer-court-costs/102158686
1092146659,20230330,202303,2023,2023.2466,JUD,LAWYER,,,,,,JUD,,,AUS,AUSTRALIA,AUS,,,,,,,,1,042,042,04,1,1.9,8,1,8,-3.86779184247538,4,"Perth, Western Australia, Australia",AS,AS08,-31.9333,115.833,-1594675,4,"Greenfields, Western Australia, Australia",AS,AS08,-33.2552,115.783,11460456,4,"Perth, Western Australia, Australia",AS,AS08,-31.9333,115.833,-1594675,20230330,https://www.abc.net.au/news/2023-03-30/kalgoorlie-gold-stealing-trial-defence-lawyer-court-costs/102158686
1092149628,20230330,202303,2023,2023.2466,,,,,,,,,,,BRA,TOCANTINS,BRA,,,,,,,,1,040,040,04,1,1.0,5,1,5,-2.11706102117061,0,,,,,,,4,"Toronto, Ontario, Canada",CA,CA08,43.6667,-79.4167,-574890,4,"Toronto, Ontario, Canada",CA,CA08,43.6667,-79.4167,-574890,20230330,https://news.mongabay.com/2023/03/in-central-brazil-mining-company-ignores-quilombola-concerns-over-gold-project/
1092149713,20230330,202303,2023,2023.2466,,,,,,,,,,,CVL,COMMUNITY,,,,,,CVL,,,1,040,040,04,1,1.0,5,1,5,-2.11706102117061,0,,,,,,,4,"Toronto, Ontario, Canada",CA,CA08,43.6667,-79.4167,-574890,4,"Toronto, Ontario, Canada",CA,CA08,43.6667,-79.4167,-574890,20230330,https://news.mongabay.com/2023/03/in-central-brazil-mining-company-ignores-quilombola-concerns-over-gold-project/
1092149781,20230330,202303,2023,2023.2466,,,,,,,,,,,IGOUNOLABILO,INTERNATIONAL LABOR ORGANIZATION,,UNO,,,,IGO,LAB,,0,040,040,04,1,1.0,10,1,10,-2.11706102117061,0,,,,,,,4,"Lajeado, MaranhãBR, Brazil",BR,BR13,-9.8,-46.45,-651174,4,"Lajeado, MaranhãBR, Brazil",BR,BR13,-9.8,-46.45,-651174,20230330,https://news.mongabay.com/2023/03/in-central-brazil-mining-company-ignores-quilombola-concerns-over-gold-project/
1092150109,20230330,202303,2023,2023.2466,BRA,TOCANTINS,BRA,,,,,,,,,,,,,,,,,,1,040,040,04,1,1.0,5,1,5,-2.11706102117061,4,"Urucuia, Minas Gerais, Brazil",BR,BR15,-16.1167,-45.7333,-677841,0,,,,,,,4,"Urucuia, Minas Gerais, Brazil",BR,BR15,-16.1167,-45.7333,-677841,20230330,https://news.mongabay.com/2023/03/in-central-brazil-mining-company-ignores-quilombola-concerns-over-gold-project/
1092150112,20230330,202303,2023,2023.2466,BRA,TOCANTINS,BRA,,,,,,,,BUS,COMPANY,,,,,,BUS,,,0,042,042,04,1,1.9,10,1,10,-2.11706102117061,4,"Lajeado, MaranhãBR, Brazil",BR,BR13,-9.8,-46.45,-651174,4,"Lajeado, MaranhãBR, Brazil",BR,BR13,-9.8,-46.45,-651174,4,"Lajeado, MaranhãBR, Brazil",BR,BR13,-9.8,-46.45,-651174,20230330,https://news.mongabay.com/2023/03/in-central-brazil-mining-company-ignores-quilombola-concerns-over-gold-project/
1092150116,20230330,202303,2023,2023.2466,BRAPTY,BRAZIL,BRA,,,,,,,,idg,INDIGENOUS,,,idg,,,,,,0,120,120,12,3,-4.0,2,1,2,-2.11706102117061,4,"Piau, Alagoas, Brazil",BR,BR02,-9.5,-37.6667,-661533,4,"Piau, Alagoas, Brazil",BR,BR02,-9.5,-37.6667,-661533,4,"Piau, Alagoas, Brazil",BR,BR02,-9.5,-37.6667,-661533,20230330,https://news.mongabay.com/2023/03/in-central-brazil-mining-company-ignores-quilombola-concerns-over-gold-project/
1092150173,20230330,202303,2023,2023.2466,BUS,COMPANY,,,,,,BUS,,,BRA,TOCANTINS,BRA,,,,,,,,0,043,043,04,1,2.8,10,1,10,-2.11706102117061,4,"Lajeado, MaranhãBR, Brazil",BR,BR13,-9.8,-46.45,-651174,4,"Lajeado, MaranhãBR, Brazil",BR,BR13,-9.8,-46.45,-651174,4,"Lajeado, MaranhãBR, Brazil",BR,BR13,-9.8,-46.45,-651174,20230330,https://news.mongabay.com/2023/03/in-central-brazil-mining-company-ignores-quilombola-concerns-over-gold-project/
1092150192,20230330,202303,2023,2023.2466,BUS,COMPANY,,,,,,BUS,,,JUD,PUBLIC DEFENDER,,,,,,JUD,,,0,043,043,04,1,2.8,10,1,10,-2.11706102117061,4,"Lajeado, MaranhãBR, Brazil",BR,BR13,-9.8,-46.45,-651174,4,"Lajeado, MaranhãBR, Brazil",BR,BR13,-9.8,-46.45,-651174,4,"Lajeado, MaranhãBR, Brazil",BR,BR13,-9.8,-46.45,-651174,20230330,https://news.mongabay.com/2023/03/in-central-brazil-mining-company-ignores-quilombola-concerns-over-gold-project/
1092150225,20230330,202303,2023,2023.2466,CAN,CANADA,CAN,,,,,,,,,,,,,,,,,,1,020,020,02,1,3.0,525,62,510,-0.839633582604465,4,"Ottawa, Ontario, Canada",CA,CA08,45.4167,-75.7,-570760,0,,,,,,,4,"Ottawa, Ontario, Canada",CA,CA08,45.4167,-75.7,-570760,20230330,https://winnipegsun.com/opinion/columnists/goldstein-trudeau-promises-deficits-for-as-long-as-hes-in-power/wcm/6ff6d7b4-595d-4873-8ad5-9ce4efc901a4
1092150553,20230330,202303,2023,2023.2466,CVL,COMMUNITY,,,,,,CVL,,,,,,,,,,,,,1,040,040,04,1,1.0,5,1,5,-2.11706102117061,4,"Urucuia, Minas Gerais, Brazil",BR,BR15,-16.1167,-45.7333,-677841,0,,,,,,,4,"Urucuia, Minas Gerais, Brazil",BR,BR15,-16.1167,-45.7333,-677841,20230330,https://news.mongabay.com/2023/03/in-central-brazil-mining-company-ignores-quilombola-concerns-over-gold-project/
1092150992,20230330,202303,2023,2023.2466,GOV,ADMINISTRATION,,,,,,GOV,,,COP,POLICE,,,,,,COP,,,0,090,090,09,2,-2.0,4,1,4,-2.11706102117061,4,"Toronto, Ontario, Canada",CA,CA08,43.6667,-79.4167,-574890,4,"Toronto, Ontario, Canada",CA,CA08,43.6667,-79.4167,-574890,4,"Toronto, Ontario, Canada",CA,CA08,43.6667,-79.4167,-574890,20230330,https://news.mongabay.com/2023/03/in-central-brazil-mining-company-ignores-quilombola-concerns-over-gold-project/
1092150993,20230330,202303,2023,2023.2466,GOV,ADMINISTRATION,,,,,,GOV,,,COP,POLICE,,,,,,COP,,,0,090,090,09,2,-2.0,6,1,6,-2.11706102117061,4,"Rio Grande Do Norte, Rio Grande do Norte, Brazil",BR,BR22,-5.78333,-35.2667,-663987,4,"Rio Grande Do Norte, Rio Grande do Norte, Brazil",BR,BR22,-5.78333,-35.2667,-663987,4,"Rio Grande Do Norte, Rio Grande do Norte, Brazil",BR,BR22,-5.78333,-35.2667,-663987,20230330,https://news.mongabay.com/2023/03/in-central-brazil-mining-company-ignores-quilombola-concerns-over-gold-project/
1092150997,20230330,202303,2023,2023.2466,GOV,ADMINISTRATION,,,,,,GOV,,,COP,POLICE,,,,,,COP,,,0,173,173,17,4,-5.0,4,1,4,-2.11706102117061,4,"Toronto, Ontario, Canada",CA,CA08,43.6667,-79.4167,-574890,4,"Toronto, Ontario, Canada",CA,CA08,43.6667,-79.4167,-574890,4,"Toronto, Ontario, Canada",CA,CA08,43.6667,-79.4167,-574890,20230330,https://news.mongabay.com/2023/03/in-central-brazil-mining-company-ignores-quilombola-concerns-over-gold-project/
1092150998,20230330,202303,2023,2023.2466,GOV,ADMINISTRATION,,,,,,GOV,,,COP,POLICE,,,,,,COP,,,0,173,173,17,4,-5.0,6,1,6,-2.11706102117061,4,"Rio Grande Do Norte, Rio Grande do Norte, Brazil",BR,BR22,-5.78333,-35.2667,-663987,4,"Rio Grande Do Norte, Rio Grande do Norte, Brazil",BR,BR22,-5.78333,-35.2667,-663987,4,"Rio Grande Do Norte, Rio Grande do Norte, Brazil",BR,BR22,-5.78333,-35.2667,-663987,20230330,https://news.mongabay.com/2023/03/in-central-brazil-mining-company-ignores-quilombola-concerns-over-gold-project/
1092151189,20230330,202303,2023,2023.2466,IGOUNOLABILO,INTERNATIONAL LABOR ORGANIZATION,,UNO,,,,IGO,LAB,,,,,,,,,,,,0,010,010,01,1,0.0,10,1,10,-2.11706102117061,4,"Lajeado, MaranhãBR, Brazil",BR,BR13,-9.8,-46.45,-651174,0,,,,,,,4,"Lajeado, MaranhãBR, Brazil",BR,BR13,-9.8,-46.45,-651174,20230330,https://news.mongabay.com/2023/03/in-central-brazil-mining-company-ignores-quilombola-concerns-over-gold-project/
1092151190,20230330,202303,2023,2023.2466,IGOUNOLABILO,INTERNATIONAL LABOR ORGANIZATION,,UNO,,,,IGO,LAB,,,,,,,,,,,,0,040,040,04,1,1.0,10,1,10,-2.11706102117061,4,"Lajeado, MaranhãBR, Brazil",BR,BR13,-9.8,-46.45,-651174,0,,,,,,,4,"Lajeado, MaranhãBR, Brazil",BR,BR13,-9.8,-46.45,-651174,20230330,https://news.mongabay.com/2023/03/in-central-brazil-mining-company-ignores-quilombola-concerns-over-gold-project/
1092151368,20230330,202303,2023,2023.2466,JUD,PUBLIC DEFENDER,,,,,,JUD,,,BUS,COMPANY,,,,,,BUS,,,0,042,042,04,1,1.9,10,1,10,-2.11706102117061,4,"Lajeado, MaranhãBR, Brazil",BR,BR13,-9.8,-46.45,-651174,4,"Lajeado, MaranhãBR, Brazil",BR,BR13,-9.8,-46.45,-651174,4,"Lajeado, MaranhãBR, Brazil",BR,BR13,-9.8,-46.45,-651174,20230330,https://news.mongabay.com/2023/03/in-central-brazil-mining-company-ignores-quilombola-concerns-over-gold-project/
1092151856,20230330,202303,2023,2023.2466,PTY,PRESIDENTIAL CANDIDATE,,,,,,,,,idg,INDIGENOUS,,,idg,,,,,,0,120,120,12,3,-4.0,8,1,8,-2.11706102117061,4,"Piau, Alagoas, Brazil",BR,BR02,-9.5,-37.6667,-661533,4,"Piau, Alagoas, Brazil",BR,BR02,-9.5,-37.6667,-661533,4,"Piau, Alagoas, Brazil",BR,BR02,-9.5,-37.6667,-661533,20230330,https://news.mongabay.com/2023/03/in-central-brazil-mining-company-ignores-quilombola-concerns-over-gold-project/
1092155858,20230330,202303,2023,2023.2466,USA,WEST VIRGINIA,USA,,,,,,,,,,,,,,,,,,1,084,084,08,2,7.0,6,1,6,3.23741007194245,3,"Parkersburg, West Virginia, United States",US,USWV,39.2667,-81.5615,1544587,0,,,,,,,3,"Marshall University, West Virginia, United States",US,USWV,38.4232,-82.4308,1542797,20230330,https://www.herald-dispatch.com/news/local-anglers-catching-golden-trout-at-barboursville-park/article_c3caa001-6a22-5191-849a-e66eff8da172.html
1092155859,20230330,202303,2023,2023.2466,USA,UNITED STATES,USA,,,,,,,,,,,,,,,,,,1,084,084,08,2,7.0,2,1,2,3.23741007194245,3,"Parkersburg, West Virginia, United States",US,USWV,39.2667,-81.5615,1544587,0,,,,,,,3,"Parkersburg, West Virginia, United States",US,USWV,39.2667,-81.5615,1544587,20230330,https://www.herald-dispatch.com/news/local-anglers-catching-golden-trout-at-barboursville-park/article_c3caa001-6a22-5191-849a-e66eff8da172.html
1092155861,20230330,202303,2023,2023.2466,USA,UNITED STATES,USA,,,,,,,,,,,,,,,,,,1,084,084,08,2,7.0,2,1,2,3.23741007194245,2,"West Virginia, United States",US,USWV,38.468,-80.9696,WV,0,,,,,,,3,"Parkersburg, West Virginia, United States",US,USWV,39.2667,-81.5615,1544587,20230330,https://www.herald-dispatch.com/news/local-anglers-catching-golden-trout-at-barboursville-park/article_c3caa001-6a22-5191-849a-e66eff8da172.html
1092160662,20220330,202203,2022,2022.2466,ELI,FIRST LADY,,,,,,ELI,,,USAGOV,THE WHITE HOUSE,USA,,,,,GOV,,,1,042,042,04,1,1.9,2,1,2,1.26903553299493,2,"Connecticut, United States",US,USCT,41.5834,-72.7622,CT,2,"Connecticut, United States",US,USCT,41.5834,-72.7622,CT,2,"Connecticut, United States",US,USCT,41.5834,-72.7622,CT,20230330,https://www.metroweekly.com/2023/03/the-white-house-lays-a-golden-easter-egg/
1092160667,20220330,202203,2022,2022.2466,GOV,PRESIDENT,,,,,,GOV,,,USAGOV,THE WHITE HOUSE,USA,,,,,GOV,,,1,043,043,04,1,2.8,8,1,8,1.26903553299493,2,"Connecticut, United States",US,USCT,41.5834,-72.7622,CT,2,"Connecticut, United States",US,USCT,41.5834,-72.7622,CT,2,"Connecticut, United States",US,USCT,41.5834,-72.7622,CT,20230330,https://www.metroweekly.com/2023/03/the-white-house-lays-a-golden-easter-egg/
1092160682,20220330,202203,2022,2022.2466,USA,UNITED STATES,USA,,,,,,,,USAGOV,THE WHITE HOUSE,USA,,,,,GOV,,,1,042,042,04,1,1.9,2,1,2,1.26903553299493,2,"Connecticut, United States",US,USCT,41.5834,-72.7622,CT,2,"Connecticut, United States",US,USCT,41.5834,-72.7622,CT,2,"Connecticut, United States",US,USCT,41.5834,-72.7622,CT,20230330,https://www.metroweekly.com/2023/03/the-white-house-lays-a-golden-easter-egg/
1092160683,20220330,202203,2022,2022.2466,USAGOV,THE WHITE HOUSE,USA,,,,,GOV,,,ELI,FIRST LADY,,,,,,ELI,,,1,043,043,04,1,2.8,2,1,2,1.26903553299493,2,"Connecticut, United States",US,USCT,41.5834,-72.7622,CT,2,"Connecticut, United States",US,USCT,41.5834,-72.7622,CT,2,"Connecticut, United States",US,USCT,41.5834,-72.7622,CT,20230330,https://www.metroweekly.com/2023/03/the-white-house-lays-a-golden-easter-egg/
1092160684,20220330,202203,2022,2022.2466,USAGOV,THE WHITE HOUSE,USA,,,,,GOV,,,GOV,PRESIDENT,,,,,,GOV,,,1,042,042,04,1,1.9,8,1,8,1.26903553299493,2,"Connecticut, United States",US,USCT,41.5834,-72.7622,CT,2,"Connecticut, United States",US,USCT,41.5834,-72.7622,CT,2,"Connecticut, United States",US,USCT,41.5834,-72.7622,CT,20230330,https://www.metroweekly.com/2023/03/the-white-house-lays-a-golden-easter-egg/
1092160685,20220330,202203,2022,2022.2466,USAGOV,THE WHITE HOUSE,USA,,,,,GOV,,,USA,UNITED STATES,USA,,,,,,,,1,043,043,04,1,2.8,2,1,2,1.26903553299493,2,"Connecticut, United States",US,USCT,41.5834,-72.7622,CT,2,"Connecticut, United States",US,USCT,41.5834,-72.7622,CT,2,"Connecticut, United States",US,USCT,41.5834,-72.7622,CT,20230330,https://www.metroweekly.com/2023/03/the-white-house-lays-a-golden-easter-egg/
1092164006,20230330,202303,2023,2023.2466,,,,,,,,,,,EDU,SCHOOL,,,,,,EDU,,,1,043,043,04,1,2.8,44,11,44,0.157277938207005,0,,,,,,,4,"Melbourne, Victoria, Australia",AS,AS07,-37.8167,144.967,-1586844,4,"Melbourne, Victoria, Australia",AS,AS07,-37.8167,144.967,-1586844,20230330,https://www.goldcoastbulletin.com.au/lifestyle/how-the-australian-accent-has-changed-without-us-knowing/news-story/b9ffc1f7aa90e3e580cad7bddd4e9e1c?nk=0c8d2d1a0b432caea9065dc2b82974e8-1680138987
1092164007,20230330,202303,2023,2023.2466,,,,,,,,,,,EDU,SCHOOL,,,,,,EDU,,,1,043,043,04,1,2.8,76,12,76,0.0481379766992831,0,,,,,,,4,"Sydney, New South Wales, Australia",AS,AS02,-33.8833,151.217,-1603135,4,"Sydney, New South Wales, Australia",AS,AS02,-33.8833,151.217,-1603135,20230330,https://www.goldcoastbulletin.com.au/lifestyle/how-the-australian-accent-has-changed-without-us-knowing/news-story/b9ffc1f7aa90e3e580cad7bddd4e9e1c?nk=0c8d2d1a0b432caea9065dc2b82974e8-1680138987
1092164110,20230330,202303,2023,2023.2466,,,,,,,,,,,USA,AMERICAN,USA,,,,,,,,1,042,042,04,1,1.9,88,11,88,0.157277938207005,0,,,,,,,4,"Melbourne, Victoria, Australia",AS,AS07,-37.8167,144.967,-1586844,1,United States,US,US,39.828175,-98.5795,US,20230330,https://www.goldcoastbulletin.com.au/lifestyle/how-the-australian-accent-has-changed-without-us-knowing/news-story/b9ffc1f7aa90e3e580cad7bddd4e9e1c?nk=0c8d2d1a0b432caea9065dc2b82974e8-1680138987
1092164111,20230330,202303,2023,2023.2466,,,,,,,,,,,USA,AMERICAN,USA,,,,,,,,1,042,042,04,1,1.9,132,11,132,0.157277938207005,0,,,,,,,4,"Sydney, New South Wales, Australia",AS,AS02,-33.8833,151.217,-1603135,1,United States,US,US,39.828175,-98.5795,US,20230330,https://www.goldcoastbulletin.com.au/lifestyle/how-the-australian-accent-has-changed-without-us-knowing/news-story/b9ffc1f7aa90e3e580cad7bddd4e9e1c?nk=0c8d2d1a0b432caea9065dc2b82974e8-1680138987
1092164173,20230330,202303,2023,2023.2466,AUS,AUSTRALIA,AUS,,,,,,,,,,,,,,,,,,1,010,010,01,1,0.0,12,1,12,4.61538461538462,4,"Cessnock, New South Wales, Australia",AS,AS02,-32.8321,151.356,-1565008,0,,,,,,,4,"Cessnock, New South Wales, Australia",AS,AS02,-32.8321,151.356,-1565008,20230330,https://www.cessnockadvertiser.com.au/story/8141273/minor-gold-builds-off-good-lifes-americana-base/?cs=6986
1092164174,20230330,202303,2023,2023.2466,AUS,AUSTRALIA,AUS,,,,,,,,,,,,,,,,,,1,010,010,01,1,0.0,10,1,10,3.44731172668731,4,"Illawarra, Victoria, Australia",AS,AS07,-37.0667,142.7,-1579342,0,,,,,,,4,"Illawarra, Victoria, Australia",AS,AS07,-37.0667,142.7,-1579342,20230330,https://www.illawarramercury.com.au/story/8141273/minor-gold-builds-off-good-lifes-americana-base/
1092164175,20230330,202303,2023,2023.2466,AUS,AUSTRALIA,AUS,,,,,,,,,,,,,,,,,,1,010,010,01,1,0.0,8,1,8,4.61538461538462,4,"Port Stephens, New South Wales, Australia",AS,AS02,-32.7,152.083,-1602141,0,,,,,,,4,"Port Stephens, New South Wales, Australia",AS,AS02,-32.7,152.083,-1602141,20230330,https://www.portstephensexaminer.com.au/story/8141273/minor-gold-builds-off-good-lifes-americana-base/?cs=7352
1092164404,20230330,202303,2023,2023.2466,COP,POLICE,,,,,,COP,,,,,,,,,,,,,1,181,181,18,4,-9.0,20,2,20,-3.10614849187936,0,,,,,,,0,,,,,,,0,,,,,,,20230330,https://www.goldcoastbulletin.com.au/news/queensland/police-review-rules-for-bodyworn-cameras-for-specialist-officers/news-story/e478912fcfad4e8d485f1680a01d7ec7?nk=2b9446c486e65c61ad40a17919c8a996-1680138998
1092164410,20230330,202303,2023,2023.2466,COP,POLICE,,,,,,COP,,,AUS,QUEENSLAND,AUS,,,,,,,,1,193,193,19,4,-10.0,20,3,20,-8.50706615636302,0,,,,,,,0,,,,,,,0,,,,,,,20230330,https://www.goldcoastbulletin.com.au/news/queensland/police-review-rules-for-bodyworn-cameras-for-specialist-officers/news-story/e478912fcfad4e8d485f1680a01d7ec7?nk=2b9446c486e65c61ad40a17919c8a996-1680138998
1092164572,20230330,202303,2023,2023.2466,EDU,SCHOOL,,,,,,EDU,,,,,,,,,,,,,1,042,042,04,1,1.9,44,11,44,0.157277938207005,4,"Melbourne, Victoria, Australia",AS,AS07,-37.8167,144.967,-1586844,0,,,,,,,4,"Melbourne, Victoria, Australia",AS,AS07,-37.8167,144.967,-1586844,20230330,https://www.goldcoastbulletin.com.au/lifestyle/how-the-australian-accent-has-changed-without-us-knowing/news-story/b9ffc1f7aa90e3e580cad7bddd4e9e1c?nk=0c8d2d1a0b432caea9065dc2b82974e8-1680138987
1092164573,20230330,202303,2023,2023.2466,EDU,SCHOOL,,,,,,EDU,,,,,,,,,,,,,1,042,042,04,1,1.9,76,12,76,0.0481379766992831,4,"Sydney, New South Wales, Australia",AS,AS02,-33.8833,151.217,-1603135,0,,,,,,,4,"Sydney, New South Wales, Australia",AS,AS02,-33.8833,151.217,-1603135,20230330,https://www.goldcoastbulletin.com.au/lifestyle/how-the-australian-accent-has-changed-without-us-knowing/news-story/b9ffc1f7aa90e3e580cad7bddd4e9e1c?nk=0c8d2d1a0b432caea9065dc2b82974e8-1680138987
1092165431,20230330,202303,2023,2023.2466,USA,AMERICAN,USA,,,,,,,,,,,,,,,,,,1,043,043,04,1,2.8,88,11,88,0.157277938207005,1,United States,US,US,39.828175,-98.5795,US,0,,,,,,,4,"Melbourne, Victoria, Australia",AS,AS07,-37.8167,144.967,-1586844,20230330,https://www.goldcoastbulletin.com.au/lifestyle/how-the-australian-accent-has-changed-without-us-knowing/news-story/b9ffc1f7aa90e3e580cad7bddd4e9e1c?nk=0c8d2d1a0b432caea9065dc2b82974e8-1680138987
1092165432,20230330,202303,2023,2023.2466,USA,AMERICAN,USA,,,,,,,,,,,,,,,,,,1,043,043,04,1,2.8,132,11,132,0.157277938207005,1,United States,US,US,39.828175,-98.5795,US,0,,,,,,,4,"Sydney, New South Wales, Australia",AS,AS02,-33.8833,151.217,-1603135,20230330,https://www.goldcoastbulletin.com.au/lifestyle/how-the-australian-accent-has-changed-without-us-knowing/news-story/b9ffc1f7aa90e3e580cad7bddd4e9e1c?nk=0c8d2d1a0b432caea9065dc2b82974e8-1680138987
1092166786,20230330,202303,2023,2023.2466,,,,,,,,,,,COP,POLICE,,,,,,COP,,,1,043,043,04,1,2.8,2,1,2,1.11111111111111,0,,,,,,,3,"Wetumka, Oklahoma, United States",US,USOK,35.2376,-96.2417,1099652,3,"Wetumka, Oklahoma, United States",US,USOK,35.2376,-96.2417,1099652,20230330,https://www.woodwardnews.net/oklahoma/a-heart-of-gold-fallen-mcalester-police-patrolman-honored/article_2ac2821c-c3ba-5920-953e-453bb1cb3005.html
1092167012,20230330,202303,2023,2023.2466,AUS,AUSTRALIA,AUS,,,,,,,,,,,,,,,,,,1,010,010,01,1,0.0,4,1,4,4.61538461538462,4,"Armidale, New South Wales, Australia",AS,AS02,-30.5083,151.671,-1556250,0,,,,,,,4,"Armidale, New South Wales, Australia",AS,AS02,-30.5083,151.671,-1556250,20230330,https://www.armidaleexpress.com.au/story/8141273/minor-gold-builds-off-good-lifes-americana-base/?cs=2675
1092167013,20230330,202303,2023,2023.2466,AUS,AUSTRALIA,AUS,,,,,,,,,,,,,,,,,,1,010,010,01,1,0.0,12,1,12,4.60652591170826,4,"Moruya, New South Wales, Australia",AS,AS02,-35.9125,150.081,-1589024,0,,,,,,,4,"Moruya, New South Wales, Australia",AS,AS02,-35.9125,150.081,-1589024,20230330,https://www.batemansbaypost.com.au/story/8141273/minor-gold-builds-off-good-lifes-americana-base/?cs=6917
1092167266,20230330,202303,2023,2023.2466,COP,POLICE,,,,,,COP,,,,,,,,,,,,,1,010,010,01,1,0.0,6,1,6,1.11111111111111,2,"Oklahoma, United States",US,USOK,35.5376,-96.9247,OK,0,,,,,,,2,"Oklahoma, United States",US,USOK,35.5376,-96.9247,OK,20230330,https://www.woodwardnews.net/oklahoma/a-heart-of-gold-fallen-mcalester-police-patrolman-honored/article_2ac2821c-c3ba-5920-953e-453bb1cb3005.html
1092167273,20230330,202303,2023,2023.2466,COP,POLICE,,,,,,COP,,,,,,,,,,,,,1,042,042,04,1,1.9,2,1,2,1.11111111111111,3,"Wetumka, Oklahoma, United States",US,USOK,35.2376,-96.2417,1099652,0,,,,,,,3,"Wetumka, Oklahoma, United States",US,USOK,35.2376,-96.2417,1099652,20230330,https://www.woodwardnews.net/oklahoma/a-heart-of-gold-fallen-mcalester-police-patrolman-honored/article_2ac2821c-c3ba-5920-953e-453bb1cb3005.html
1092167278,20230330,202303,2023,2023.2466,COP,POLICE,,,,,,COP,,,,,,,,,,,,,1,090,090,09,2,-2.0,2,1,2,1.11111111111111,3,"Wetumka, Oklahoma, United States",US,USOK,35.2376,-96.2417,1099652,0,,,,,,,3,"Wetumka, Oklahoma, United States",US,USOK,35.2376,-96.2417,1099652,20230330,https://www.woodwardnews.net/oklahoma/a-heart-of-gold-fallen-mcalester-police-patrolman-honored/article_2ac2821c-c3ba-5920-953e-453bb1cb3005.html
1092167319,20230330,202303,2023,2023.2466,COP,POLICE,,,,,,COP,,,USA,UNITED STATES,USA,,,,,,,,1,010,010,01,1,0.0,4,1,4,1.11111111111111,2,"Oklahoma, United States",US,USOK,35.5376,-96.9247,OK,2,"Oklahoma, United States",US,USOK,35.5376,-96.9247,OK,2,"Oklahoma, United States",US,USOK,35.5376,-96.9247,OK,20230330,https://www.woodwardnews.net/oklahoma/a-heart-of-gold-fallen-mcalester-police-patrolman-honored/article_2ac2821c-c3ba-5920-953e-453bb1cb3005.html
1092167323,20230330,202303,2023,2023.2466,COP,POLICE,,,,,,COP,,,USA,UNITED STATES,USA,,,,,,,,1,042,042,04,1,1.9,8,1,8,1.11111111111111,3,"Wetumka, Oklahoma, United States",US,USOK,35.2376,-96.2417,1099652,3,"Wetumka, Oklahoma, United States",US,USOK,35.2376,-96.2417,1099652,3,"Wetumka, Oklahoma, United States",US,USOK,35.2376,-96.2417,1099652,20230330,https://www.woodwardnews.net/oklahoma/a-heart-of-gold-fallen-mcalester-police-patrolman-honored/article_2ac2821c-c3ba-5920-953e-453bb1cb3005.html
1092167327,20230330,202303,2023,2023.2466,COP,POLICE,,,,,,COP,,,USA,UNITED STATES,USA,,,,,,,,1,090,090,09,2,-2.0,7,1,7,1.11111111111111,3,"Wetumka, Oklahoma, United States",US,USOK,35.2376,-96.2417,1099652,3,"Wetumka, Oklahoma, United States",US,USOK,35.2376,-96.2417,1099652,3,"Wetumka, Oklahoma, United States",US,USOK,35.2376,-96.2417,1099652,20230330,https://www.woodwardnews.net/oklahoma/a-heart-of-gold-fallen-mcalester-police-patrolman-honored/article_2ac2821c-c3ba-5920-953e-453bb1cb3005.html
1092167328,20230330,202303,2023,2023.2466,COP,POLICE,,,,,,COP,,,USA,UNITED STATES,USA,,,,,,,,1,090,090,09,2,-2.0,1,1,1,1.11111111111111,3,"Wetumka, Oklahoma, United States",US,USOK,35.2376,-96.2417,1099652,2,"Oklahoma, United States",US,USOK,35.5376,-96.9247,OK,3,"Wetumka, Oklahoma, United States",US,USOK,35.2376,-96.2417,1099652,20230330,https://www.woodwardnews.net/oklahoma/a-heart-of-gold-fallen-mcalester-police-patrolman-honored/article_2ac2821c-c3ba-5920-953e-453bb1cb3005.html
1092167441,20230330,202303,2023,2023.2466,DEU,GERMAN,DEU,,,,,,,,,,,,,,,,,,1,190,190,19,4,-10.0,13,3,13,-4.84620768658555,1,Germany,GM,GM,51.5,10.5,GM,0,,,,,,,1,Germany,GM,GM,51.5,10.5,GM,20230330,http://www.normanfinkelstein.com/books/a-nation-on-trial-the-goldhagen-thesis-and-historical/
1092168686,20230330,202303,2023,2023.2466,USA,OKLAHOMA,USA,,,,,,,,,,,,,,,,,,0,033,033,03,1,5.2,3,1,3,1.11111111111111,2,"Oklahoma, United States",US,USOK,35.5376,-96.9247,OK,0,,,,,,,2,"Oklahoma, United States",US,USOK,35.5376,-96.9247,OK,20230330,https://www.woodwardnews.net/oklahoma/a-heart-of-gold-fallen-mcalester-police-patrolman-honored/article_2ac2821c-c3ba-5920-953e-453bb1cb3005.html
1092168727,20230330,202303,2023,2023.2466,USA,OKLAHOMA,USA,,,,,,,,,,,,,,,,,,1,070,070,07,2,7.0,17,3,17,-0.0590218447183533,2,"Oklahoma, United States",US,USOK,35.5376,-96.9247,OK,0,,,,,,,2,"Oklahoma, United States",US,USOK,35.5376,-96.9247,OK,20230330,https://www.woodwardnews.net/oklahoma/a-heart-of-gold-fallen-mcalester-police-patrolman-honored/article_2ac2821c-c3ba-5920-953e-453bb1cb3005.html
1092168820,20230330,202303,2023,2023.2466,USA,UNITED STATES,USA,,,,,,,,COP,POLICE,,,,,,COP,,,1,043,043,04,1,2.8,8,1,8,1.11111111111111,3,"Wetumka, Oklahoma, United States",US,USOK,35.2376,-96.2417,1099652,3,"Wetumka, Oklahoma, United States",US,USOK,35.2376,-96.2417,1099652,3,"Wetumka, Oklahoma, United States",US,USOK,35.2376,-96.2417,1099652,20230330,https://www.woodwardnews.net/oklahoma/a-heart-of-gold-fallen-mcalester-police-patrolman-honored/article_2ac2821c-c3ba-5920-953e-453bb1cb3005.html
1092169905,20230330,202303,2023,2023.2466,,,,,,,,,,,CVL,TOURIST,,,,,,CVL,,,1,060,060,06,2,6.0,140,11,140,-2.39990415183551,0,,,,,,,4,"Phnom Penh, (CB11), Cambodia",CB,CB11,11.55,104.917,-1033783,4,"Phnom Penh, (CB11), Cambodia",CB,CB11,11.55,104.917,-1033783,20230330,https://www.msn.com/he-il/news/other/from-war-to-peace-cambodian-goldsmith-turns-bullet-casings-into-jewellery/ar-AA19fb9P
1092170101,20230330,202303,2023,2023.2466,AUS,AUSTRALIA,AUS,,,,,,,,,,,,,,,,,,1,010,010,01,1,0.0,4,1,4,4.6242774566474,4,"Bendigo, Victoria, Australia",AS,AS07,-36.7582,144.28,-1558533,0,,,,,,,4,"Bendigo, Victoria, Australia",AS,AS07,-36.7582,144.28,-1558533,20230330,https://www.bendigoadvertiser.com.au/story/8141273/minor-gold-builds-off-good-lifes-americana-base/?cs=10219
1092170112,20230330,202303,2023,2023.2466,AUS,AUSTRALIA,AUS,,,,,,,,,,,,,,,,,,0,084,084,08,2,7.0,1,1,1,1.13700966458215,4,"Vancouver, British Columbia, Canada",CA,CA02,49.25,-123.133,-575268,0,,,,,,,4,"Vancouver, British Columbia, Canada",CA,CA02,49.25,-123.133,-575268,20230330,https://www.goldseiten.de/artikel/574514--Montage-Announces-Upsize-to-Private-Placement-of-Common-Shares.html
1092170123,20230330,202303,2023,2023.2466,AUS,AUSTRALIA,AUS,,,,,,,,AUSREL,AUSTRALIA,AUS,,,,,,,,0,084,084,08,2,7.0,1,1,1,1.13700966458215,4,"Vancouver, British Columbia, Canada",CA,CA02,49.25,-123.133,-575268,4,"Vancouver, British Columbia, Canada",CA,CA02,49.25,-123.133,-575268,4,"Vancouver, British Columbia, Canada",CA,CA02,49.25,-123.133,-575268,20230330,https://www.goldseiten.de/artikel/574514--Montage-Announces-Upsize-to-Private-Placement-of-Common-Shares.html
1092170224,20230330,202303,2023,2023.2466,BUS,COMPANY,,,,,,BUS,,,CAN,VANCOUVER,CAN,,,,,,,,1,060,060,06,2,6.0,20,2,20,-1.70873612602935,4,"Vancouver, British Columbia, Canada",CA,CA02,49.25,-123.133,-575268,4,"Vancouver, British Columbia, Canada",CA,CA02,49.25,-123.133,-575268,4,"Vancouver, British Columbia, Canada",CA,CA02,49.25,-123.133,-575268,20230330,https://www.goldseiten.de/artikel/574516--FPX-Nickel-Engages-Investor-Relations-Firm.html
1092170228,20230330,202303,2023,2023.2466,BUS,COMPANY,,,,,,BUS,,,EGY,EGYPT,EGY,,,,,,,,1,014,014,01,1,0.0,5,1,5,3.57142857142858,1,Egypt,EG,EG,27,30,EG,1,Egypt,EG,EG,27,30,EG,1,Egypt,EG,EG,27,30,EG,20230330,https://www.dailynewsegypt.com/2023/03/29/13-golden-licences-granted-to-companies-40-others-under-study-gafi/
1092170445,20230330,202303,2023,2023.2466,CVL,ENGINEER,,,,,,CVL,,,,,,,,,,,,,1,051,051,05,1,3.4,62,7,62,0.16706346708757,1,United Kingdom,UK,UK,54,-4,UK,0,,,,,,,1,United Kingdom,UK,UK,54,-4,UK,20230330,https://www.goldseiten.de/artikel/574513--Engineer-Gold-Mines-Ltd.-Announces-Resignation-of-Director.html
1092170446,20230330,202303,2023,2023.2466,CVL,ENGINEER,,,,,,CVL,,,,,,,,,,,,,1,070,070,07,2,7.0,20,2,20,1.78338492094987,4,"Vancouver, British Columbia, Canada",CA,CA02,49.25,-123.133,-575268,0,,,,,,,4,"Vancouver, British Columbia, Canada",CA,CA02,49.25,-123.133,-575268,20230330,https://www.goldseiten.de/artikel/574513--Engineer-Gold-Mines-Ltd.-Announces-Resignation-of-Director.html
1092173697,20230330,202303,2023,2023.2466,MED,MEDIA,,,,,,MED,,,,,,,,,,,,,0,084,084,08,2,7.0,7,1,7,11.2266112266113,4,"New Delhi, Delhi, India",IN,IN07,28.6,77.2,-2106102,0,,,,,,,4,"New Delhi, Delhi, India",IN,IN07,28.6,77.2,-2106102,20230330,https://www.traveldailynews.asia/meetings-events/pata-gold-awards-2023-open-for-submissions/
1092173698,20230330,202303,2023,2023.2466,MED,MEDIA,,,,,,MED,,,,,,,,,,,,,0,084,084,08,2,7.0,3,1,3,11.2266112266113,4,"Bangkok, Krung Thep Mahanakhon, Thailand",TH,TH40,13.75,100.517,-3250083,0,,,,,,,4,"Bangkok, Krung Thep Mahanakhon, Thailand",TH,TH40,13.75,100.517,-3250083,20230330,https://www.traveldailynews.asia/meetings-events/pata-gold-awards-2023-open-for-submissions/
1092173817,20230330,202303,2023,2023.2466,NRMRAC020,CREATIVITY,,,,NRM,,,,,,,,,,,,,,,0,051,051,05,1,3.4,2,1,2,11.2266112266113,4,"Macao, Macau (general), Macau",MC,MC00,22.2006,113.546,-1204094,0,,,,,,,4,"Bangkok, Krung Thep Mahanakhon, Thailand",TH,TH40,13.75,100.517,-3250083,20230330,https://www.traveldailynews.asia/meetings-events/pata-gold-awards-2023-open-for-submissions/
1092173818,20230330,202303,2023,2023.2466,NRMRAC020,CREATIVITY,,,,NRM,,,,,,,,,,,,,,,0,051,051,05,1,3.4,3,1,3,11.2266112266113,4,"New Delhi, Delhi, India",IN,IN07,28.6,77.2,-2106102,0,,,,,,,4,"New Delhi, Delhi, India",IN,IN07,28.6,77.2,-2106102,20230330,https://www.traveldailynews.asia/meetings-events/pata-gold-awards-2023-open-for-submissions/
1092173819,20230330,202303,2023,2023.2466,NRMRAC020,CREATIVITY,,,,NRM,,,,,,,,,,,,,,,0,141,141,14,3,-6.5,5,1,5,11.2266112266113,4,"New Delhi, Delhi, India",IN,IN07,28.6,77.2,-2106102,0,,,,,,,4,"New Delhi, Delhi, India",IN,IN07,28.6,77.2,-2106102,20230330,https://www.traveldailynews.asia/meetings-events/pata-gold-awards-2023-open-for-submissions/
1092174993,20220330,202203,2022,2022.2466,GHA,GHANA,GHA,,,,,,,,,,,,,,,,,,1,192,192,19,4,-9.5,4,1,4,-5.91133004926108,1,Ghana,GH,GH,8,-2,GH,0,,,,,,,1,Ghana,GH,GH,8,-2,GH,20230330,https://www.pedestrian.tv/news/gold-coast-shower-rental-horror-story/
1092175194,20230330,202303,2023,2023.2466,AUS,AUSTRALIA,AUS,,,,,,,,,,,,,,,,,,1,010,010,01,1,0.0,4,1,4,4.6242774566474,4,"Southern Cross, Victoria, Australia",AS,AS07,-38.3,142.4,-1601296,0,,,,,,,4,"Southern Cross, Victoria, Australia",AS,AS07,-38.3,142.4,-1601296,20230330,https://www.juneesoutherncross.com.au/story/8141273/minor-gold-builds-off-good-lifes-americana-base/?cs=1757
1092175696,20230330,202303,2023,2023.2466,GHA,GHANA,GHA,,,,,,,,,,,,,,,,,,1,192,192,19,4,-9.5,8,1,8,-5.91133004926108,1,Ghana,GH,GH,8,-2,GH,0,,,,,,,1,Ghana,GH,GH,8,-2,GH,20230330,https://www.pedestrian.tv/news/gold-coast-shower-rental-horror-story/
1092177647,20230330,202303,2023,2023.2466,AUS,AUSTRALIA,AUS,,,,,,,,,,,,,,,,,,1,010,010,01,1,0.0,6,1,6,2.30769230769231,4,"Manning River, New South Wales, Australia",AS,AS02,-31.8667,152.633,-1585641,0,,,,,,,4,"Manning River, New South Wales, Australia",AS,AS02,-31.8667,152.633,-1585641,20230330,https://www.manningrivertimes.com.au/story/8141273/minor-gold-builds-off-good-lifes-americana-base/?cs=2681
1092177648,20230330,202303,2023,2023.2466,AUS,AUSTRALIA,AUS,,,,,,,,,,,,,,,,,,1,010,010,01,1,0.0,4,1,4,4.60652591170826,4,"Stawell, Victoria, Australia",AS,AS07,-37.0563,142.781,-1602084,0,,,,,,,4,"Stawell, Victoria, Australia",AS,AS07,-37.0563,142.781,-1602084,20230330,https://www.stawelltimes.com.au/story/8141273/minor-gold-builds-off-good-lifes-americana-base/?cs=2841
1092179896,20230330,202303,2023,2023.2466,AUS,AUSTRALIA,AUS,,,,,,,,,,,,,,,,,,1,010,010,01,1,0.0,4,1,4,4.61538461538462,4,"Inverell, New South Wales, Australia",AS,AS02,-29.774,151.112,-1579546,0,,,,,,,4,"Inverell, New South Wales, Australia",AS,AS02,-29.774,151.112,-1579546,20230330,https://www.inverelltimes.com.au/story/8141273/minor-gold-builds-off-good-lifes-americana-base/?cs=2687
1092181872,20230330,202303,2023,2023.2466,AUS,AUSTRALIA,AUS,,,,,,,,,,,,,,,,,,1,010,010,01,1,0.0,14,1,14,3.46820809248555,4,"Dungog, New South Wales, Australia",AS,AS02,-32.4003,151.758,-1570971,0,,,,,,,4,"Dungog, New South Wales, Australia",AS,AS02,-32.4003,151.758,-1570971,20230330,https://www.dungogchronicle.com.au/story/8141273/minor-gold-builds-off-good-lifes-americana-base/?cs=412
1092181873,20230330,202303,2023,2023.2466,AUS,AUSTRALIA,AUS,,,,,,,,,,,,,,,,,,1,010,010,01,1,0.0,8,1,8,4.6242774566474,4,"Goulburn, New South Wales, Australia",AS,AS02,-34.7515,149.721,-1576139,0,,,,,,,4,"Goulburn, New South Wales, Australia",AS,AS02,-34.7515,149.721,-1576139,20230330,https://www.goulburnpost.com.au/story/8141273/minor-gold-builds-off-good-lifes-americana-base/?cs=2650
1092182036,20230330,202303,2023,2023.2466,COP,POLICE,,,,,,COP,,,,,,,,,,,,,1,020,020,02,1,3.0,65,8,65,-7.04359403849364,3,"Boston, Massachusetts, United States",US,USMA,42.3584,-71.0598,617565,0,,,,,,,3,"Boston, Massachusetts, United States",US,USMA,42.3584,-71.0598,617565,20230330,https://www.lowellsun.com/2023/03/29/lowell-city-manager-tom-golden-tells-residents-hes-listening/
1092182093,20230330,202303,2023,2023.2466,CVL,RESIDENTS,,,,,,CVL,,,,,,,,,,,,,1,012,012,01,1,-0.4,26,3,26,0.355827106843877,3,"Boston, Massachusetts, United States",US,USMA,42.3584,-71.0598,617565,0,,,,,,,3,"Boston, Massachusetts, United States",US,USMA,42.3584,-71.0598,617565,20230330,https://www.lowellsun.com/2023/03/29/lowell-city-manager-tom-golden-tells-residents-hes-listening/
1092182107,20230330,202303,2023,2023.2466,CVL,RESIDENTS,,,,,,CVL,,,GOV,CITY MANAGER,,,,,,GOV,,,1,046,046,04,1,7.0,10,1,10,0.9557945041816,3,"Boston, Massachusetts, United States",US,USMA,42.3584,-71.0598,617565,3,"Boston, Massachusetts, United States",US,USMA,42.3584,-71.0598,617565,3,"Boston, Massachusetts, United States",US,USMA,42.3584,-71.0598,617565,20230330,https://www.lowellsun.com/2023/03/29/lowell-city-manager-tom-golden-tells-residents-hes-listening/
1092182310,20230330,202303,2023,2023.2466,GOV,CITY MANAGER,,,,,,GOV,,,CVL,RESIDENTS,,,,,,CVL,,,1,046,046,04,1,7.0,10,1,10,0.9557945041816,3,"Boston, Massachusetts, United States",US,USMA,42.3584,-71.0598,617565,3,"Boston, Massachusetts, United States",US,USMA,42.3584,-71.0598,617565,3,"Boston, Massachusetts, United States",US,USMA,42.3584,-71.0598,617565,20230330,https://www.lowellsun.com/2023/03/29/lowell-city-manager-tom-golden-tells-residents-hes-listening/
1092183170,20230330,202303,2023,2023.2466,USA,UNITED STATES,USA,,,,,,,,COP,POLICE,,,,,,COP,,,0,020,020,02,1,3.0,4,1,4,0.9557945041816,3,"Boston, Massachusetts, United States",US,USMA,42.3584,-71.0598,617565,3,"Boston, Massachusetts, United States",US,USMA,42.3584,-71.0598,617565,3,"Boston, Massachusetts, United States",US,USMA,42.3584,-71.0598,617565,20230330,https://www.lowellsun.com/2023/03/29/lowell-city-manager-tom-golden-tells-residents-hes-listening/
1092184213,20230330,202303,2023,2023.2466,AUS,AUSTRALIA,AUS,,,,,,,,,,,,,,,,,,1,010,010,01,1,0.0,14,1,14,3.46820809248555,4,"Muswellbrook, New South Wales, Australia",AS,AS02,-32.2612,150.89,-1590404,0,,,,,,,4,"Muswellbrook, New South Wales, Australia",AS,AS02,-32.2612,150.89,-1590404,20230330,https://www.muswellbrookchronicle.com.au/story/8141273/minor-gold-builds-off-good-lifes-americana-base/?cs=7286
1092184214,20230330,202303,2023,2023.2466,AUS,AUSTRALIA,AUS,,,,,,,,,,,,,,,,,,1,010,010,01,1,0.0,8,1,8,4.6242774566474,4,"Narooma, New South Wales, Australia",AS,AS02,-36.221,150.131,-1590896,0,,,,,,,4,"Narooma, New South Wales, Australia",AS,AS02,-36.221,150.131,-1590896,20230330,https://www.naroomanewsonline.com.au/story/8141273/minor-gold-builds-off-good-lifes-americana-base/?cs=7185
1092184215,20230330,202303,2023,2023.2466,AUS,AUSTRALIA,AUS,,,,,,,,,,,,,,,,,,1,010,010,01,1,0.0,6,1,6,2.54281923582082,4,"Nyngan, New South Wales, Australia",AS,AS02,-31.5609,147.188,-1592593,0,,,,,,,4,"Nyngan, New South Wales, Australia",AS,AS02,-31.5609,147.188,-1592593,20230330,https://www.nynganobserver.com.au/story/8141273/minor-gold-builds-off-good-lifes-americana-base/?cs=3051
1092184216,20230330,202303,2023,2023.2466,AUS,AUSTRALIA,AUS,,,,,,,,,,,,,,,,,,1,010,010,01,1,0.0,8,1,8,4.61538461538462,4,"Ulladulla, New South Wales, Australia",AS,AS02,-35.3591,150.472,-1606414,0,,,,,,,4,"Ulladulla, New South Wales, Australia",AS,AS02,-35.3591,150.472,-1606414,20230330,https://www.ulladullatimes.com.au/story/8141273/minor-gold-builds-off-good-lifes-americana-base/?cs=2778
1092185116,20230330,202303,2023,2023.2466,MED,MEDIA,,,,,,MED,,,COP,POLICE,,,,,,COP,,,1,020,020,02,1,3.0,2,1,2,-2.75862068965517,4,"Baisakhi, Bihar, India",IN,IN34,26.2167,84.3833,-2089768,4,"Baisakhi, Bihar, India",IN,IN34,26.2167,84.3833,-2089768,4,"Baisakhi, Bihar, India",IN,IN34,26.2167,84.3833,-2089768,20230330,https://www.tribuneindia.com/news/punjab/security-blanket-around-golden-temple-amid-speculation-over-fugitives-surrender-492419
1092185123,20230330,202303,2023,2023.2466,MED,MEDIA,,,,,,MED,,,SIK010,KHALSA,,,,SIK,,,,,1,020,020,02,1,3.0,8,1,8,-2.75862068965517,4,"Baisakhi, Bihar, India",IN,IN34,26.2167,84.3833,-2089768,4,"Baisakhi, Bihar, India",IN,IN34,26.2167,84.3833,-2089768,4,"Baisakhi, Bihar, India",IN,IN34,26.2167,84.3833,-2089768,20230330,https://www.tribuneindia.com/news/punjab/security-blanket-around-golden-temple-amid-speculation-over-fugitives-surrender-492419
1092185167,20230330,202303,2023,2023.2466,MYS,MALAYSIA,MYS,,,,,,,,,,,,,,,,,,0,015,015,01,1,0.0,3,1,3,-10.5011933174225,1,Malaysia,MY,MY,2.5,112.5,MY,0,,,,,,,1,Malaysia,MY,MY,2.5,112.5,MY,20230330,https://economictimes.indiatimes.com/epaper/delhicapital/2023/mar/29/et-panache/ex-goldman-bankers-conviction-shows-whats-in-store-for-his-former-boss/articleshow/99074455.cms
1092185168,20230330,202303,2023,2023.2466,MYS,MALAYSIA,MYS,,,,,,,,,,,,,,,,,,1,173,173,17,4,-5.0,2,1,2,-10.5011933174225,3,"Brooklyn, New York, United States",US,USNY,42.3442,-75.1704,944840,0,,,,,,,1,Malaysia,MY,MY,2.5,112.5,MY,20230330,https://economictimes.indiatimes.com/epaper/delhicapital/2023/mar/29/et-panache/ex-goldman-bankers-conviction-shows-whats-in-store-for-his-former-boss/articleshow/99074455.cms
1092185169,20230330,202303,2023,2023.2466,MYS,MALAYSIA,MYS,,,,,,,,MYSGOV,MALAYSIA,MYS,,,,,GOV,,,0,010,010,01,1,0.0,4,1,4,-10.5011933174225,1,Malaysia,MY,MY,2.5,112.5,MY,1,Malaysia,MY,MY,2.5,112.5,MY,1,Malaysia,MY,MY,2.5,112.5,MY,20230330,https://economictimes.indiatimes.com/epaper/delhicapital/2023/mar/29/et-panache/ex-goldman-bankers-conviction-shows-whats-in-store-for-his-former-boss/articleshow/99074455.cms
1092185170,20230330,202303,2023,2023.2466,MYS,MALAYSIA,MYS,,,,,,,,MYSGOV,MALAYSIA,MYS,,,,,GOV,,,0,1711,171,17,4,-9.2,4,1,4,-10.5011933174225,1,Malaysia,MY,MY,2.5,112.5,MY,1,Malaysia,MY,MY,2.5,112.5,MY,1,Malaysia,MY,MY,2.5,112.5,MY,20230330,https://economictimes.indiatimes.com/epaper/delhicapital/2023/mar/29/et-panache/ex-goldman-bankers-conviction-shows-whats-in-store-for-his-former-boss/articleshow/99074455.cms
1092185207,20230330,202303,2023,2023.2466,OPP,ACTIVIST,,,,,,OPP,,,,,,,,,,,,,1,080,080,08,2,5.0,2,1,2,-2.75862068965517,4,"Amritsar, Punjab, India",IN,IN23,31.6331,74.8656,-2088794,0,,,,,,,4,"Amritsar, Punjab, India",IN,IN23,31.6331,74.8656,-2088794,20230330,https://www.tribuneindia.com/news/punjab/security-blanket-around-golden-temple-amid-speculation-over-fugitives-surrender-492419
1092185213,20230330,202303,2023,2023.2466,OPP,ACTIVIST,,,,,,OPP,,,COP,POLICE FORCE,,,,,,COP,,,1,080,080,08,2,5.0,2,1,2,-2.75862068965517,4,"Amritsar, Punjab, India",IN,IN23,31.6331,74.8656,-2088794,4,"Amritsar, Punjab, India",IN,IN23,31.6331,74.8656,-2088794,4,"Amritsar, Punjab, India",IN,IN23,31.6331,74.8656,-2088794,20230330,https://www.tribuneindia.com/news/punjab/security-blanket-around-golden-temple-amid-speculation-over-fugitives-surrender-492419
1092185214,20230330,202303,2023,2023.2466,OPP,ACTIVIST,,,,,,OPP,,,COP,POLICE FORCE,,,,,,COP,,,1,080,080,08,2,5.0,6,1,6,-2.75862068965517,4,"Baisakhi, Bihar, India",IN,IN34,26.2167,84.3833,-2089768,4,"Baisakhi, Bihar, India",IN,IN34,26.2167,84.3833,-2089768,4,"Baisakhi, Bihar, India",IN,IN34,26.2167,84.3833,-2089768,20230330,https://www.tribuneindia.com/news/punjab/security-blanket-around-golden-temple-amid-speculation-over-fugitives-surrender-492419
1092185217,20230330,202303,2023,2023.2466,OPP,ACTIVIST,,,,,,OPP,,,COP,POLICE FORCE,,,,,,COP,,,1,154,154,15,4,-7.2,1,1,1,-2.75862068965517,4,"Amritsar, Punjab, India",IN,IN23,31.6331,74.8656,-2088794,4,"Amritsar, Punjab, India",IN,IN23,31.6331,74.8656,-2088794,4,"Golden Temple, Punjab, India",IN,IN23,31.6,74.8667,-2096500,20230330,https://www.tribuneindia.com/news/punjab/security-blanket-around-golden-temple-amid-speculation-over-fugitives-surrender-492419
1092185218,20230330,202303,2023,2023.2466,OPP,ACTIVIST,,,,,,OPP,,,COP,POLICE FORCE,,,,,,COP,,,1,154,154,15,4,-7.2,7,1,7,-2.75862068965517,4,"Amritsar, Punjab, India",IN,IN23,31.6331,74.8656,-2088794,4,"Golden Temple, Punjab, India",IN,IN23,31.6,74.8667,-2096500,4,"Golden Temple, Punjab, India",IN,IN23,31.6,74.8667,-2096500,20230330,https://www.tribuneindia.com/news/punjab/security-blanket-around-golden-temple-amid-speculation-over-fugitives-surrender-492419
1092185219,20230330,202303,2023,2023.2466,OPP,ACTIVIST,,,,,,OPP,,,COP,POLICE,,,,,,COP,,,1,190,190,19,4,-10.0,10,1,10,-2.75862068965517,4,"Amritsar, Punjab, India",IN,IN23,31.6331,74.8656,-2088794,4,"Amritsar, Punjab, India",IN,IN23,31.6331,74.8656,-2088794,4,"Amritsar, Punjab, India",IN,IN23,31.6331,74.8656,-2088794,20230330,https://www.tribuneindia.com/news/punjab/security-blanket-around-golden-temple-amid-speculation-over-fugitives-surrender-492419
1092185518,20230330,202303,2023,2023.2466,USA,UNITED STATES,USA,,,,,,,,,,,,,,,,,,0,120,120,12,3,-4.0,2,1,2,-10.5011933174225,3,"Brooklyn, New York, United States",US,USNY,42.3442,-75.1704,944840,0,,,,,,,3,"Brooklyn, New York, United States",US,USNY,42.3442,-75.1704,944840,20230330,https://economictimes.indiatimes.com/epaper/delhicapital/2023/mar/29/et-panache/ex-goldman-bankers-conviction-shows-whats-in-store-for-his-former-boss/articleshow/99074455.cms
1092185519,20230330,202303,2023,2023.2466,USA,UNITED STATES,USA,,,,,,,,,,,,,,,,,,0,120,120,12,3,-4.0,2,1,2,-10.5011933174225,3,"Brooklyn, New York, United States",US,USNY,42.3442,-75.1704,944840,0,,,,,,,1,Malaysia,MY,MY,2.5,112.5,MY,20230330,https://economictimes.indiatimes.com/epaper/delhicapital/2023/mar/29/et-panache/ex-goldman-bankers-conviction-shows-whats-in-store-for-his-former-boss/articleshow/99074455.cms
1092185990,20230330,202303,2023,2023.2466,AUS,AUSTRALIA,AUS,,,,,,,,,,,,,,,,,,1,010,010,01,1,0.0,4,1,4,4.6242774566474,4,"Canowindra, New South Wales, Australia",AS,AS02,-33.5625,148.664,-1564044,0,,,,,,,4,"Canowindra, New South Wales, Australia",AS,AS02,-33.5625,148.664,-1564044,20230330,https://www.canowindranews.com.au/story/8141273/minor-gold-builds-off-good-lifes-americana-base/?cs=3054
1092185992,20230330,202303,2023,2023.2466,AUS,AUSTRALIA,AUS,,,,,,,,,,,,,,,,,,1,010,010,01,1,0.0,6,1,6,2.30769230769231,4,"Port Macquarie, New South Wales, Australia",AS,AS02,-31.4308,152.909,-1595897,0,,,,,,,4,"Port Macquarie, New South Wales, Australia",AS,AS02,-31.4308,152.909,-1595897,20230330,https://www.portnews.com.au/story/8141273/minor-gold-builds-off-good-lifes-americana-base/?cs=2638
1092185993,20230330,202303,2023,2023.2466,AUS,AUSTRALIA,AUS,,,,,,,,,,,,,,,,,,1,010,010,01,1,0.0,10,1,10,1.81524600396211,4,"Yass, New South Wales, Australia",AS,AS02,-34.8404,148.91,-1611784,0,,,,,,,4,"Yass, New South Wales, Australia",AS,AS02,-34.8404,148.91,-1611784,20230330,https://www.yasstribune.com.au/story/8141273/minor-gold-builds-off-good-lifes-americana-base/?cs=2732
1092185994,20230330,202303,2023,2023.2466,AUS,AUSTRALIA,AUS,,,,,,,,,,,,,,,,,,1,010,010,01,1,0.0,4,1,4,4.61538461538462,4,"Riverina, Western Australia, Australia",AS,AS08,-33.2569,115.817,11460811,0,,,,,,,4,"Riverina, Western Australia, Australia",AS,AS08,-33.2569,115.817,11460811,20230330,https://www.easternriverinachronicle.com.au/story/8141273/minor-gold-builds-off-good-lifes-americana-base/?cs=635
1092186091,20230330,202303,2023,2023.2466,BUS,BUSINESS,,,,,,BUS,,,CHE,SWITZERLAND,CHE,,,,,,,,1,012,012,01,1,-0.4,20,2,20,0.27823391697168,4,"Neuchatel, Neuchâl, Switzerland",SZ,SZ12,46.9931,6.93005,-2553318,4,"Neuchatel, Neuchâl, Switzerland",SZ,SZ12,46.9931,6.93005,-2553318,4,"Neuchatel, Neuchâl, Switzerland",SZ,SZ12,46.9931,6.93005,-2553318,20230330,https://menafn.com/1105902870/Swiss-NGO-Unmasks-African-Industrial-Gold-Trade
1092186145,20230330,202303,2023,2023.2466,CHE,SWISS,CHE,,,,,,,,,,,,,,,,,,1,010,010,01,1,0.0,20,2,20,0.27823391697168,4,"Neuchatel, Neuchâl, Switzerland",SZ,SZ12,46.9931,6.93005,-2553318,0,,,,,,,4,"Neuchatel, Neuchâl, Switzerland",SZ,SZ12,46.9931,6.93005,-2553318,20230330,https://menafn.com/1105902870/Swiss-NGO-Unmasks-African-Industrial-Gold-Trade
1092186147,20230330,202303,2023,2023.2466,CHE,SWISS,CHE,,,,,,,,,,,,,,,,,,1,120,120,12,3,-4.0,20,2,20,0.27823391697168,4,"Ticino, Switzerland (general), Switzerland",SZ,SZ00,45.15,9.23333,-2554456,0,,,,,,,4,"Ticino, Switzerland (general), Switzerland",SZ,SZ00,45.15,9.23333,-2554456,20230330,https://menafn.com/1105902870/Swiss-NGO-Unmasks-African-Industrial-Gold-Trade
1092186872,20230330,202303,2023,2023.2466,SEN,SENEGAL,SEN,,,,,,,,AFR,AFRICA,AFR,,,,,,,,0,100,100,10,3,-5.0,8,2,8,0.27823391697168,1,Senegal,SG,SG,14,-14,SG,1,Senegal,SG,SG,14,-14,SG,1,Senegal,SG,SG,14,-14,SG,20230330,https://menafn.com/1105902870/Swiss-NGO-Unmasks-African-Industrial-Gold-Trade
1092187942,20230323,202303,2023,2023.2274,LEG,CONGRESS,,,,,,LEG,,,MED,MEDIA,,,,,,MED,,,1,042,042,04,1,1.9,4,2,4,-3.08155499460349,5,"Inner Mongolia, Nei Mongol, China",CH,CH20,44,112,-1920094,5,"Inner Mongolia, Nei Mongol, China",CH,CH20,44,112,-1920094,5,"Inner Mongolia, Nei Mongol, China",CH,CH20,44,112,-1920094,20230330,https://triblive.com/opinion/jonah-goldberg-congress-may-be-out-of-touch-with-technology-but-the-concerns-over-tiktok-are-right/
1092187943,20230323,202303,2023,2023.2274,LEG,CONGRESS,,,,,,LEG,,,MED,MEDIA,,,,,,MED,,,1,042,042,04,1,1.9,26,3,26,-2.93156297885846,5,"Inner Mongolia, Nei Mongol, China",CH,CH20,44,112,-1920094,1,Russia,RS,RS,60,100,RS,5,"Inner Mongolia, Nei Mongol, China",CH,CH20,44,112,-1920094,20230330,https://triblive.com/opinion/jonah-goldberg-congress-may-be-out-of-touch-with-technology-but-the-concerns-over-tiktok-are-right/
1092187944,20230323,202303,2023,2023.2274,MED,MEDIA,,,,,,MED,,,LEG,CONGRESS,,,,,,LEG,,,1,043,043,04,1,2.8,40,4,40,-2.71307552632492,4,"Xinjiang, Jiangxi, China",CH,CH03,27.7481,116.274,11065838,4,"Xinjiang, Jiangxi, China",CH,CH03,27.7481,116.274,11065838,4,"Xinjiang, Jiangxi, China",CH,CH03,27.7481,116.274,11065838,20230330,https://triblive.com/opinion/jonah-goldberg-congress-may-be-out-of-touch-with-technology-but-the-concerns-over-tiktok-are-right/
1092187996,20230330,202303,2023,2023.2466,,,,,,,,,,,GMB,GAMBIA,GMB,,,,,,,,1,036,036,03,1,4.0,6,1,6,-1.48367952522256,0,,,,,,,4,"Bathurst, Banjul, Gambia",GA,GA01,13.4531,-16.5775,-1199434,4,"Bathurst, Banjul, Gambia",GA,GA01,13.4531,-16.5775,-1199434,20230330,https://www.abc.net.au/news/2023-03-30/mcphillamys-gold-mine-independent-planning-commission-decision/102155586
1092188241,20230330,202303,2023,2023.2466,CHN,CHINA,CHN,,,,,,,,,,,,,,,,,,0,172,172,17,4,-5.0,40,4,40,-2.71307552632492,5,"Inner Mongolia, Nei Mongol, China",CH,CH20,44,112,-1920094,0,,,,,,,5,"Inner Mongolia, Nei Mongol, China",CH,CH20,44,112,-1920094,20230330,https://triblive.com/opinion/jonah-goldberg-congress-may-be-out-of-touch-with-technology-but-the-concerns-over-tiktok-are-right/
1092188460,20230330,202303,2023,2023.2466,GBR,BRITISH,GBR,,,,,,,,CHN,CHINA,CHN,,,,,,,,0,1721,172,17,4,-5.0,12,3,12,-2.93156297885846,1,United Kingdom,UK,UK,54,-4,UK,5,"Inner Mongolia, Nei Mongol, China",CH,CH20,44,112,-1920094,5,"Inner Mongolia, Nei Mongol, China",CH,CH20,44,112,-1920094,20230330,https://triblive.com/opinion/jonah-goldberg-congress-may-be-out-of-touch-with-technology-but-the-concerns-over-tiktok-are-right/
1092188473,20230330,202303,2023,2023.2466,GBRLEG,BRITISH,GBR,,,,,LEG,,,CHN,CHINA,CHN,,,,,,,,0,1721,172,17,4,-5.0,18,3,18,-2.93156297885846,1,United Kingdom,UK,UK,54,-4,UK,5,"Inner Mongolia, Nei Mongol, China",CH,CH20,44,112,-1920094,5,"Inner Mongolia, Nei Mongol, China",CH,CH20,44,112,-1920094,20230330,https://triblive.com/opinion/jonah-goldberg-congress-may-be-out-of-touch-with-technology-but-the-concerns-over-tiktok-are-right/
1092188478,20230330,202303,2023,2023.2466,GMB,GAMBIA,GMB,,,,,,,,,,,,,,,,,,1,036,036,03,1,4.0,14,2,14,0.00666323140069491,4,"Bathurst, Banjul, Gambia",GA,GA01,13.4531,-16.5775,-1199434,0,,,,,,,4,"Bathurst, Banjul, Gambia",GA,GA01,13.4531,-16.5775,-1199434,20230330,https://www.abc.net.au/news/2023-03-30/mcphillamys-gold-mine-independent-planning-commission-decision/102155586
1092190991,20230330,202303,2023,2023.2466,AUS,AUSTRALIA,AUS,,,,,,,,,,,,,,,,,,1,010,010,01,1,0.0,6,1,6,2.54281923582082,4,"Narromine, New South Wales, Australia",AS,AS02,-32.2312,148.241,-1590953,0,,,,,,,4,"Narromine, New South Wales, Australia",AS,AS02,-32.2312,148.241,-1590953,20230330,https://www.narrominenewsonline.com.au/story/8141273/minor-gold-builds-off-good-lifes-americana-base/?cs=2871
1092190992,20230330,202303,2023,2023.2466,AUS,AUSTRALIA,AUS,,,,,,,,,,,,,,,,,,1,010,010,01,1,0.0,10,1,10,3.25247668997669,4,"Scone, New South Wales, Australia",AS,AS02,-32.0501,150.869,-1599677,0,,,,,,,4,"Scone, New South Wales, Australia",AS,AS02,-32.0501,150.869,-1599677,20230330,https://www.sconeadvocate.com.au/story/8141273/minor-gold-builds-off-good-lifes-americana-base/?cs=2941
1092190993,20230330,202303,2023,2023.2466,AUS,AUSTRALIA,AUS,,,,,,,,,,,,,,,,,,1,010,010,01,1,0.0,4,1,4,4.6242774566474,4,"Whyalla, South Australia, Australia",AS,AS05,-33.0327,137.565,-1609460,0,,,,,,,4,"Whyalla, South Australia, Australia",AS,AS05,-33.0327,137.565,-1609460,20230330,https://www.whyallanewsonline.com.au/story/8141273/minor-gold-builds-off-good-lifes-americana-base/?cs=2756
1092193267,20230330,202303,2023,2023.2466,AUS,AUSTRALIA,AUS,,,,,,,,,,,,,,,,,,1,010,010,01,1,0.0,8,1,8,4.6242774566474,4,"Crookwell, New South Wales, Australia",AS,AS02,-34.4593,149.471,-1568133,0,,,,,,,4,"Crookwell, New South Wales, Australia",AS,AS02,-34.4593,149.471,-1568133,20230330,https://www.crookwellgazette.com.au/story/8141273/minor-gold-builds-off-good-lifes-americana-base/?cs=2959
1092193268,20230330,202303,2023,2023.2466,AUS,AUSTRALIA,AUS,,,,,,,,,,,,,,,,,,1,010,010,01,1,0.0,8,1,8,4.61538461538462,4,"Merimbula, New South Wales, Australia",AS,AS02,-36.889,149.91,-1587079,0,,,,,,,4,"Merimbula, New South Wales, Australia",AS,AS02,-36.889,149.91,-1587079,20230330,https://www.merimbulanewsweekly.com.au/story/8141273/minor-gold-builds-off-good-lifes-americana-base/?cs=7152
1092195653,20230330,202303,2023,2023.2466,AUS,AUSTRALIA,AUS,,,,,,,,,,,,,,,,,,1,010,010,01,1,0.0,8,1,8,4.61538461538462,4,"Queanbeyan, New South Wales, Australia",AS,AS02,-35.3549,149.232,-1596516,0,,,,,,,4,"Queanbeyan, New South Wales, Australia",AS,AS02,-35.3549,149.232,-1596516,20230330,https://www.queanbeyanage.com.au/story/8141273/minor-gold-builds-off-good-lifes-americana-base/?cs=2775
1092197941,20230330,202303,2023,2023.2466,,,,,,,,,,,SEN,SENEGAL,SEN,,,,,,,,1,042,042,04,1,1.9,10,1,10,5.52147239263803,0,,,,,,,4,"Sabodala, Region de Kedougou, Senegal",SG,SG17,13.1612,-12.1127,-2273359,4,"Sabodala, Region de Kedougou, Senegal",SG,SG17,13.1612,-12.1127,-2273359,20230330,https://www.wkrb13.com/2023/03/30/teranga-gold-otcmktstgcdf-trading-0-5-higher.html
1092197985,20230330,202303,2023,2023.2466,AUS,AUSTRALIA,AUS,,,,,,,,,,,,,,,,,,1,010,010,01,1,0.0,8,1,8,4.61538461538462,4,"Glen Innes, New South Wales, Australia",AS,AS02,-29.7348,151.738,-1575430,0,,,,,,,4,"Glen Innes, New South Wales, Australia",AS,AS02,-29.7348,151.738,-1575430,20230330,https://www.gleninnesexaminer.com.au/story/8141273/minor-gold-builds-off-good-lifes-americana-base/?cs=2799
1092197986,20230330,202303,2023,2023.2466,AUS,AUSTRALIA,AUS,,,,,,,,,,,,,,,,,,1,010,010,01,1,0.0,4,1,4,4.61538461538462,4,"Port Lincoln, South Australia, Australia",AS,AS05,-34.7262,135.874,-1595893,0,,,,,,,4,"Port Lincoln, South Australia, Australia",AS,AS05,-34.7262,135.874,-1595893,20230330,https://www.portlincolntimes.com.au/story/8141273/minor-gold-builds-off-good-lifes-americana-base/?cs=2747
1092197987,20230330,202303,2023,2023.2466,AUS,AUSTRALIA,AUS,,,,,,,,,,,,,,,,,,1,010,010,01,1,0.0,4,1,4,4.81695568400771,4,"Tenterfield, New South Wales, Australia",AS,AS02,-29.0495,152.02,-1604092,0,,,,,,,4,"Tenterfield, New South Wales, Australia",AS,AS02,-29.0495,152.02,-1604092,20230330,https://www.tenterfieldstar.com.au/story/8141273/minor-gold-builds-off-good-lifes-americana-base/?cs=2865
1092199075,20230330,202303,2023,2023.2466,SEN,SENEGAL,SEN,,,,,,,,,,,,,,,,,,1,043,043,04,1,2.8,10,1,10,5.52147239263803,4,"Sabodala, Region de Kedougou, Senegal",SG,SG17,13.1612,-12.1127,-2273359,0,,,,,,,4,"Sabodala, Region de Kedougou, Senegal",SG,SG17,13.1612,-12.1127,-2273359,20230330,https://www.wkrb13.com/2023/03/30/teranga-gold-otcmktstgcdf-trading-0-5-higher.html
1092199132,20230330,202303,2023,2023.2466,TZA,TANZANIA,TZA,,,,,,,,,,,,,,,,,,1,010,010,01,1,0.0,8,1,8,3.7914691943128,4,"Tembo, Morogoro, Tanzania",TZ,TZ10,-6.11667,37.1167,-2573980,0,,,,,,,4,"Tembo, Morogoro, Tanzania",TZ,TZ10,-6.11667,37.1167,-2573980,20230330,https://www.modernreaders.com/news/2023/03/30/tembo-gold-cvetem-stock-price-up-5-3.html
1092199569,20230330,202303,2023,2023.2466,AUS,AUSTRALIA,AUS,,,,,,,,,,,,,,,,,,1,010,010,01,1,0.0,8,1,8,4.61538461538462,4,"Blue Mountains, Queensland, Australia",AS,AS04,-21.6333,148.967,-1559960,0,,,,,,,4,"Blue Mountains, Queensland, Australia",AS,AS04,-21.6333,148.967,-1559960,20230330,https://www.bluemountainsgazette.com.au/story/8141273/minor-gold-builds-off-good-lifes-americana-base/?cs=2696
1092199571,20230330,202303,2023,2023.2466,AUS,AUSTRALIA,AUS,,,,,,,,,,,,,,,,,,1,010,010,01,1,0.0,8,1,8,4.6242774566474,4,"Mandurah, Western Australia, Australia",AS,AS08,-32.5269,115.722,-1585527,0,,,,,,,4,"Mandurah, Western Australia, Australia",AS,AS08,-32.5269,115.722,-1585527,20230330,https://www.mandurahmail.com.au/story/8141273/minor-gold-builds-off-good-lifes-americana-base/?cs=12337
1092199572,20230330,202303,2023,2023.2466,AUS,AUSTRALIA,AUS,,,,,,,,,,,,,,,,,,1,010,010,01,1,0.0,4,1,4,4.61538461538462,4,"Murrumburrah, New South Wales, Australia",AS,AS02,-34.5541,148.368,-1590362,0,,,,,,,4,"Murrumburrah, New South Wales, Australia",AS,AS02,-34.5541,148.368,-1590362,20230330,https://www.hardenexpress.com.au/story/8141273/minor-gold-builds-off-good-lifes-americana-base/?cs=3015
1092200573,20230330,202303,2023,2023.2466,USA,THE US,USA,,,,,,,,,,,,,,,,,,1,080,080,08,2,5.0,50,5,50,1.28687883204012,0,,,,,,,0,,,,,,,0,,,,,,,20230330,http://www.econotimes.com/FxWirePro-Gold-Daily-Outlook-1653500
1092204538,20230323,202303,2023,2023.2274,ELI,ACTOR,,,,,,ELI,,,AUS,VICTORIA,AUS,,,,,,,,1,010,010,01,1,0.0,180,8,180,-0.87145969498911,0,,,,,,,0,,,,,,,0,,,,,,,20230330,https://www.goldcoastbulletin.com.au/entertainment/victoria-pedretti-says-well-known-actor-made-brazen-sexual-comment-to-her/news-story/579c193e97e453bed409313b5bb2da75?nk=839758c4d9fefb94f58fb28f6dd595f4-1680154298
1092204704,20230330,202303,2023,2023.2466,AUS,AUSTRALIA,AUS,,,,,,,,,,,,,,,,,,1,010,010,01,1,0.0,4,1,4,4.6242774566474,4,"Boorowa, New South Wales, Australia",AS,AS02,-34.4366,148.716,-1560782,0,,,,,,,4,"Boorowa, New South Wales, Australia",AS,AS02,-34.4366,148.716,-1560782,20230330,https://www.boorowanewsonline.com.au/story/8141273/minor-gold-builds-off-good-lifes-americana-base/?cs=3031
1092204932,20230330,202303,2023,2023.2466,CVL,COMMUNITY,,,,,,CVL,,,BUS,BANK,,,,,,BUS,,,1,128,128,12,3,-5.0,36,4,36,-4.47761194029851,1,Australia,AS,AS,-25,135,AS,1,Australia,AS,AS,-25,135,AS,1,Australia,AS,AS,-25,135,AS,20230330,https://www.goldcoastbulletin.com.au/news/breaking-news/one-of-australias-biggest-banks-stops-overthecounter-cash/news-story/ff3f943bfb8c148e94dbb89f86123f03?nk=350b4e95b15022f43dd46bff56378652-1680154296
1092204933,20230330,202303,2023,2023.2466,CVL,COMMUNITY,,,,,,CVL,,,BUS,BANK,,,,,,BUS,,,1,128,128,12,3,-5.0,54,4,54,-4.47761194029851,1,Italy,IT,IT,42.833333,12.833333,IT,1,Italy,IT,IT,42.833333,12.833333,IT,1,Italy,IT,IT,42.833333,12.833333,IT,20230330,https://www.goldcoastbulletin.com.au/news/breaking-news/one-of-australias-biggest-banks-stops-overthecounter-cash/news-story/ff3f943bfb8c148e94dbb89f86123f03?nk=350b4e95b15022f43dd46bff56378652-1680154296
1092205316,20230330,202303,2023,2023.2466,LAB,STAFF MEMBER,,,,,,LAB,,,,,,,,,,,,,1,060,060,06,2,6.0,90,4,90,-4.47761194029851,1,Australia,AS,AS,-25,135,AS,0,,,,,,,1,Australia,AS,AS,-25,135,AS,20230330,https://www.goldcoastbulletin.com.au/news/breaking-news/one-of-australias-biggest-banks-stops-overthecounter-cash/news-story/ff3f943bfb8c148e94dbb89f86123f03?nk=350b4e95b15022f43dd46bff56378652-1680154296
1092206976,20230330,202303,2023,2023.2466,AUS,AUSTRALIA,AUS,,,,,,,,,,,,,,,,,,1,010,010,01,1,0.0,4,1,4,4.6242774566474,4,"Goondiwindi, Queensland, Australia",AS,AS04,-28.5464,150.307,-1575913,0,,,,,,,4,"Goondiwindi, Queensland, Australia",AS,AS04,-28.5464,150.307,-1575913,20230330,https://www.goondiwindiargus.com.au/story/8141273/minor-gold-builds-off-good-lifes-americana-base/?cs=2844
1092209548,20230330,202303,2023,2023.2466,,,,,,,,,,,BUS,BUSINESS,,,,,,BUS,,,1,043,043,04,1,2.8,10,1,10,-4.03458213256484,0,,,,,,,4,"Chumphon, Chumphon, Thailand",TH,TH58,10.4957,99.1797,-3247399,4,"Chumphon, Chumphon, Thailand",TH,TH58,10.4957,99.1797,-3247399,20230330,https://thethaiger.com/hot-news/crime/body-of-loan-shark-found-in-thailand-river-7-baht-of-gold-jewellery-missing
1092209786,20230330,202303,2023,2023.2466,BUS,BUSINESS,,,,,,BUS,,,,,,,,,,,,,1,042,042,04,1,1.9,10,1,10,-4.03458213256484,4,"Phitsanulok, Phitsanulok, Thailand",TH,TH12,16.8248,100.259,-3252933,0,,,,,,,4,"Phitsanulok, Phitsanulok, Thailand",TH,TH12,16.8248,100.259,-3252933,20230330,https://thethaiger.com/hot-news/crime/body-of-loan-shark-found-in-thailand-river-7-baht-of-gold-jewellery-missing
1092210021,20230330,202303,2023,2023.2466,CVL,VILLAGE,,,,,,CVL,,,COP,POLICE,,,,,,COP,,,1,010,010,01,1,0.0,10,1,10,-4.03458213256484,4,"Surat, Gujarat, India",IN,IN09,20.9667,72.9,-2098110,4,"Surat, Gujarat, India",IN,IN09,20.9667,72.9,-2098110,4,"Surat, Gujarat, India",IN,IN09,20.9667,72.9,-2098110,20230330,https://thethaiger.com/hot-news/crime/body-of-loan-shark-found-in-thailand-river-7-baht-of-gold-jewellery-missing
1092212563,20230330,202303,2023,2023.2466,GOV,INTERIOR MINIST,,,,,,GOV,,,BUS,BUSINESS,,,,,,BUS,,,0,033,033,03,1,5.2,30,1,30,1.29449838187702,4,"Tokyo, Tokyo, Japan",JA,JA40,35.685,139.751,-246227,4,"Tokyo, Tokyo, Japan",JA,JA40,35.685,139.751,-246227,4,"Tokyo, Tokyo, Japan",JA,JA40,35.685,139.751,-246227,20230330,https://www.msn.com/en-us/news/world/ambassador-goldberg-says-yoons-efforts-for-s-korea-japan-reconciliation-deserve-great-credit/ar-AA19fD0q
1092212568,20230330,202303,2023,2023.2466,GOV,INTERIOR MINIST,,,,,,GOV,,,BUS,BUSINESS,,,,,,BUS,,,0,114,114,11,3,-2.0,30,1,30,1.29449838187702,4,"Tokyo, Tokyo, Japan",JA,JA40,35.685,139.751,-246227,4,"Tokyo, Tokyo, Japan",JA,JA40,35.685,139.751,-246227,4,"Tokyo, Tokyo, Japan",JA,JA40,35.685,139.751,-246227,20230330,https://www.msn.com/en-us/news/world/ambassador-goldberg-says-yoons-efforts-for-s-korea-japan-reconciliation-deserve-great-credit/ar-AA19fD0q
1092212598,20230330,202303,2023,2023.2466,GOV,AMBASSADOR,,,,,,GOV,,,KOR,SOUTH KOREA,KOR,,,,,,,,1,043,043,04,1,2.8,16,2,16,1.12238893792292,4,"Tokyo, Tokyo, Japan",JA,JA40,35.685,139.751,-246227,4,"Tokyo, Tokyo, Japan",JA,JA40,35.685,139.751,-246227,4,"Tokyo, Tokyo, Japan",JA,JA40,35.685,139.751,-246227,20230330,https://www.msn.com/en-us/news/world/ambassador-goldberg-says-yoons-efforts-for-s-korea-japan-reconciliation-deserve-great-credit/ar-AA19fD0q
1092212783,20230330,202303,2023,2023.2466,KOR,SEOUL,KOR,,,,,,,,,,,,,,,,,,1,020,020,02,1,3.0,24,1,24,1.29449838187702,4,"Tokyo, Tokyo, Japan",JA,JA40,35.685,139.751,-246227,0,,,,,,,4,"Tokyo, Tokyo, Japan",JA,JA40,35.685,139.751,-246227,20230330,https://www.msn.com/en-us/news/world/ambassador-goldberg-says-yoons-efforts-for-s-korea-japan-reconciliation-deserve-great-credit/ar-AA19fD0q
1092214957,20230330,202303,2023,2023.2466,IND,KOCHI,IND,,,,,,,,,,,,,,,,,,1,192,192,19,4,-9.5,40,3,40,0.932446250207508,0,,,,,,,0,,,,,,,0,,,,,,,20230330,https://www.aninews.in/news/national/general-news/customs-seize-gold-worth-rs-495-lakhs-at-kochi-airport-passenger-held20230330112113/
1092214969,20230330,202303,2023,2023.2466,IND,KOCHI,IND,,,,,,,,SPY,INTELLIGENCE,,,,,,SPY,,,1,192,192,19,4,-9.5,30,2,30,0.930272621559931,0,,,,,,,0,,,,,,,0,,,,,,,20230330,https://www.aninews.in/news/national/general-news/customs-seize-gold-worth-rs-495-lakhs-at-kochi-airport-passenger-held20230330112113/
1092219655,20230330,202303,2023,2023.2466,GBR,UNITED KINGDOM,GBR,,,,,,,,,,,,,,,,,,1,015,015,01,1,0.0,18,8,18,-2.56940924365341,4,"London, London, City of, United Kingdom",UK,UKH9,51.5,-0.116667,-2601889,0,,,,,,,4,"London, London, City of, United Kingdom",UK,UKH9,51.5,-0.116667,-2601889,20230330,https://www.ndtv.com/world-news/imran-khans-ex-wife-jemima-goldsmith-says-unidentified-men-tried-to-break-into-her-london-home-3905465
1092219943,20230330,202303,2023,2023.2466,JORELI,HASSAN,JOR,,,,,ELI,,,,,,,,,,,,,0,015,015,01,1,0.0,6,1,6,-3.71428571428571,4,"London, London, City of, United Kingdom",UK,UKH9,51.5,-0.116667,-2601889,0,,,,,,,4,"London, London, City of, United Kingdom",UK,UKH9,51.5,-0.116667,-2601889,20230330,https://www.ndtv.com/world-news/imran-khans-ex-wife-jemima-goldsmith-says-unidentified-men-tried-to-break-into-her-london-home-3905465
1092219944,20230330,202303,2023,2023.2466,JORELI,HASSAN,JOR,,,,,ELI,,,GBR,UNITED KINGDOM,GBR,,,,,,,,0,015,015,01,1,0.0,2,1,2,-3.71428571428571,4,"London, London, City of, United Kingdom",UK,UKH9,51.5,-0.116667,-2601889,4,"London, London, City of, United Kingdom",UK,UKH9,51.5,-0.116667,-2601889,4,"London, London, City of, United Kingdom",UK,UKH9,51.5,-0.116667,-2601889,20230330,https://www.ndtv.com/world-news/imran-khans-ex-wife-jemima-goldsmith-says-unidentified-men-tried-to-break-into-her-london-home-3905465
1092221706,20230330,202303,2023,2023.2466,,,,,,,,,,,BUS,COMPANY,,,,,,BUS,,,0,040,040,04,1,1.0,4,1,4,0.17211703958692,0,,,,,,,4,"Afouday, Agadez, Niger",NG,NG01,17.6947,7.50222,-1077340,4,"Afouday, Agadez, Niger",NG,NG01,17.6947,7.50222,-1077340,20230330,https://www.goldseiten.de/artikel/574500--Myriad-Uranium-Now-Trades-on-the-OTCQB-Venture-Market-and-the-Frankfurt-Stock-Exchange.html
1092221707,20230330,202303,2023,2023.2466,,,,,,,,,,,BUS,COMPANY,,,,,,BUS,,,0,040,040,04,1,1.0,1,1,1,0.17211703958692,0,,,,,,,4,"Afouday, Agadez, Niger",NG,NG01,17.6947,7.50222,-1077340,4,"Frankfurt, Brandenburg, Germany",GM,GM11,52.35,14.55,-1771146,20230330,https://www.goldseiten.de/artikel/574500--Myriad-Uranium-Now-Trades-on-the-OTCQB-Venture-Market-and-the-Frankfurt-Stock-Exchange.html
1092221972,20230330,202303,2023,2023.2466,BUS,COMPANY,,,,,,BUS,,,,,,,,,,,,,1,031,031,03,1,5.2,10,1,10,3.61842105263158,4,"Toronto, Ontario, Canada",CA,CA08,43.6667,-79.4167,-574890,0,,,,,,,4,"Toronto, Ontario, Canada",CA,CA08,43.6667,-79.4167,-574890,20230330,https://www.juniorminingnetwork.com/junior-miner-news/press-releases/1107-tsx/ccm/138710-canagold-files-initial-project-description-and-begins-environmental-assessment-and-permitting-process-for-flagship-new-polaris-project.html
1092221976,20230330,202303,2023,2023.2466,BUS,COMPANY,,,,,,BUS,,,,,,,,,,,,,0,040,040,04,1,1.0,2,1,2,0.17211703958692,4,"Frankfurt, Brandenburg, Germany",GM,GM11,52.35,14.55,-1771146,0,,,,,,,4,"Frankfurt, Brandenburg, Germany",GM,GM11,52.35,14.55,-1771146,20230330,https://www.goldseiten.de/artikel/574500--Myriad-Uranium-Now-Trades-on-the-OTCQB-Venture-Market-and-the-Frankfurt-Stock-Exchange.html
1092221979,20230330,202303,2023,2023.2466,BUS,COMPANY,,,,,,BUS,,,,,,,,,,,,,0,040,040,04,1,1.0,3,1,3,0.17211703958692,4,"Vancouver, British Columbia, Canada",CA,CA02,49.25,-123.133,-575268,0,,,,,,,4,"Vancouver, British Columbia, Canada",CA,CA02,49.25,-123.133,-575268,20230330,https://www.goldseiten.de/artikel/574500--Myriad-Uranium-Now-Trades-on-the-OTCQB-Venture-Market-and-the-Frankfurt-Stock-Exchange.html
1092221985,20230330,202303,2023,2023.2466,BUS,COMPANY,,,,,,BUS,,,,,,,,,,,,,0,084,084,08,2,7.0,3,1,3,0.17211703958692,4,"Afouday, Agadez, Niger",NG,NG01,17.6947,7.50222,-1077340,0,,,,,,,4,"Afouday, Agadez, Niger",NG,NG01,17.6947,7.50222,-1077340,20230330,https://www.goldseiten.de/artikel/574500--Myriad-Uranium-Now-Trades-on-the-OTCQB-Venture-Market-and-the-Frankfurt-Stock-Exchange.html
1092221986,20230330,202303,2023,2023.2466,BUS,COMPANY,,,,,,BUS,,,,,,,,,,,,,0,084,084,08,2,7.0,2,1,2,0.17211703958692,4,"Afouday, Agadez, Niger",NG,NG01,17.6947,7.50222,-1077340,0,,,,,,,4,"Frankfurt, Brandenburg, Germany",GM,GM11,52.35,14.55,-1771146,20230330,https://www.goldseiten.de/artikel/574500--Myriad-Uranium-Now-Trades-on-the-OTCQB-Venture-Market-and-the-Frankfurt-Stock-Exchange.html
1092225214,20230330,202303,2023,2023.2466,MNCUSA,GOLDMAN SACHS,USA,,,,,MNC,,,SPY,INTELLIGENCE,,,,,,SPY,,,1,130,130,13,3,-4.4,5,1,5,0,1,United States,US,US,39.828175,-98.5795,US,1,United States,US,US,39.828175,-98.5795,US,1,United States,US,US,39.828175,-98.5795,US,20230330,https://menafn.com/1105905315/Goldman-Sachs-Warns-Generative-AI-Could-Replace-Millions-of-Jobs-Worldwide
1092227142,20230330,202303,2023,2023.2466,BUS,COMPANY,,,,,,BUS,,,KEN,KENYA,KEN,,,,,,,,1,042,042,04,1,1.9,10,1,10,1.47058823529412,4,"London, London, City of, United Kingdom",UK,UKH9,51.5,-0.116667,-2601889,4,"London, London, City of, United Kingdom",UK,UKH9,51.5,-0.116667,-2601889,4,"London, London, City of, United Kingdom",UK,UKH9,51.5,-0.116667,-2601889,20230330,https://www.marketwatch.com/story/caracal-gold-shares-rise-on-high-grade-ore-results-from-kenya-deposit-2db0ab17
1092227161,20230330,202303,2023,2023.2466,CHE,SWITZERLAND,CHE,,,,,,,,,,,,,,,,,,0,010,010,01,1,0.0,4,1,4,0.12121212121213,4,"Ticino, Switzerland (general), Switzerland",SZ,SZ00,45.15,9.23333,-2554456,0,,,,,,,4,"Ticino, Switzerland (general), Switzerland",SZ,SZ00,45.15,9.23333,-2554456,20230330,https://www.swissinfo.ch/eng/swiss-ngo-unmasks-african-industrial-gold-trade/48402366
1092227714,20230330,202303,2023,2023.2466,KEN,KENYA,KEN,,,,,,,,BUS,COMPANY,,,,,,BUS,,,1,043,043,04,1,2.8,10,1,10,1.47058823529412,1,Kenya,KE,KE,1,38,KE,1,Kenya,KE,KE,1,38,KE,1,Kenya,KE,KE,1,38,KE,20230330,https://www.marketwatch.com/story/caracal-gold-shares-rise-on-high-grade-ore-results-from-kenya-deposit-2db0ab17
1092227813,20230330,202303,2023,2023.2466,MIL,MILITARY PERSONNEL,,,,,,MIL,,,,,,,,,,,,,1,154,154,15,4,-7.2,5,1,5,3.33333333333333,0,,,,,,,0,,,,,,,0,,,,,,,20230330,https://www.newsargus.com/news/local/dumond-eyes-goldsboro-city-council-seat/article_7dec2865-49f1-5ba0-bccb-9d0b40f1c5f1.html
1092229809,20230330,202303,2023,2023.2466,EDU,STUDENT,,,,,,EDU,,,MED,TELEVISION,,,,,,MED,,,1,051,051,05,1,3.4,15,2,15,8.78166899293662,0,,,,,,,0,,,,,,,0,,,,,,,20230330,https://naples.floridaweekly.com/articles/champions-for-learning-awards-collier-golden-apple-recipients/
1092230319,20230330,202303,2023,2023.2466,MED,TELEVISION,,,,,,MED,,,CVL,COMMUNITY,,,,,,CVL,,,0,036,036,03,1,4.0,20,2,20,3.92131877280394,0,,,,,,,0,,,,,,,0,,,,,,,20230330,https://naples.floridaweekly.com/articles/champions-for-learning-awards-collier-golden-apple-recipients/
1092233060,20230330,202303,2023,2023.2466,SGPCVL,SINGAPORE,SGP,,,,,CVL,,,THA,THAILAND,THA,,,,,,,,1,080,080,08,2,5.0,10,1,10,-1.53846153846154,1,"Vietnam, Republic Of",VM,VM,16.166667,107.833333,VM,1,"Vietnam, Republic Of",VM,VM,16.166667,107.833333,VM,1,Thailand,TH,TH,15,100,TH,20230330,https://theindependent.sg/sg-tiktoker-captures-last-days-of-golden-mile-complex/
1092233061,20230330,202303,2023,2023.2466,SGPEDU,SINGAPORE,SGP,,,,,EDU,,,,,,,,,,,,,1,040,040,04,1,1.0,2,1,2,-1.53846153846154,1,Singapore,SN,SN,1.366667,103.8,SN,0,,,,,,,1,Thailand,TH,TH,15,100,TH,20230330,https://theindependent.sg/sg-tiktoker-captures-last-days-of-golden-mile-complex/
1092233086,20230330,202303,2023,2023.2466,THA,THAI,THA,,,,,,,,VNM,VIETNAMESE,VNM,,,,,,,,0,020,020,02,1,3.0,8,1,8,-1.53846153846154,1,Thailand,TH,TH,15,100,TH,1,"Vietnam, Republic Of",VM,VM,16.166667,107.833333,VM,1,Thailand,TH,TH,15,100,TH,20230330,https://theindependent.sg/sg-tiktoker-captures-last-days-of-golden-mile-complex/
1092233369,20230330,202303,2023,2023.2466,VNM,VIETNAM,VNM,,,,,,,,SEA,SOUTH EAST ASIA,SEA,,,,,,,,0,020,020,02,1,3.0,2,1,2,-1.53846153846154,1,"Vietnam, Republic Of",VM,VM,16.166667,107.833333,VM,1,Thailand,TH,TH,15,100,TH,1,Thailand,TH,TH,15,100,TH,20230330,https://theindependent.sg/sg-tiktoker-captures-last-days-of-golden-mile-complex/
1092239964,20230330,202303,2023,2023.2466,,,,,,,,,,,USA,THE US,USA,,,,,,,,1,043,043,04,1,2.8,5,1,5,2.5974025974026,0,,,,,,,1,United Kingdom,UK,UK,54,-4,UK,1,United Kingdom,UK,UK,54,-4,UK,20230330,https://www.rock94.com/artist/golden-earring/
1092239966,20230330,202303,2023,2023.2466,,,,,,,,,,,USA,CALIFORNIA,USA,,,,,,,,0,057,057,05,1,8.0,2,1,2,-2.43553008595988,0,,,,,,,2,"California, United States",US,USCA,36.17,-119.746,CA,2,"California, United States",US,USCA,36.17,-119.746,CA,20230330,https://blogs.berkeley.edu/2019/10/29/california-is-burning-how-can-it-stay-golden/
1092240578,20230330,202303,2023,2023.2466,GIN,GUINEA,GIN,,,,,,,,SEN,SENEGAL,SEN,,,,,,,,0,090,090,09,2,-2.0,2,1,2,1.28577353795106,4,"Bantakokouta, Region de Kedougou, Senegal",SG,SG17,12.7707,-12.2349,-2265621,1,Guinea,GV,GV,11,-10,GV,1,Guinea,GV,GV,11,-10,GV,20230330,https://tuoitrenews.vn/news/international/20230330/senegal-s-gold-rush-brings-hope-and-despair/72349.html
1092240579,20230330,202303,2023,2023.2466,GIN,GUINEAN,GIN,,,,,,,,SEN,SENEGAL,SEN,,,,,,,,1,090,090,09,2,-2.0,10,1,10,1.28577353795106,4,"Kedougou, Region de Kedougou, Senegal",SG,SG17,12.5579,-12.1743,-2269210,4,"Kedougou, Region de Kedougou, Senegal",SG,SG17,12.5579,-12.1743,-2269210,4,"Kedougou, Region de Kedougou, Senegal",SG,SG17,12.5579,-12.1743,-2269210,20230330,https://tuoitrenews.vn/news/international/20230330/senegal-s-gold-rush-brings-hope-and-despair/72349.html
1092240580,20230330,202303,2023,2023.2466,GIN,GUINEAN,GIN,,,,,,,,SEN,SENEGAL,SEN,,,,,,,,0,090,090,09,2,-2.0,8,1,8,1.28577353795106,1,Guinea,GV,GV,11,-10,GV,4,"Bantakokouta, Region de Kedougou, Senegal",SG,SG17,12.7707,-12.2349,-2265621,4,"Bantakokouta, Region de Kedougou, Senegal",SG,SG17,12.7707,-12.2349,-2265621,20230330,https://tuoitrenews.vn/news/international/20230330/senegal-s-gold-rush-brings-hope-and-despair/72349.html
1092240601,20230330,202303,2023,2023.2466,GOV,DIPLOMAT,,,,,,GOV,,,,,,,,,,,,,0,071,071,07,2,7.4,9,1,5,1.28577353795106,4,"Bantakokouta, Region de Kedougou, Senegal",SG,SG17,12.7707,-12.2349,-2265621,0,,,,,,,4,"Bantakokouta, Region de Kedougou, Senegal",SG,SG17,12.7707,-12.2349,-2265621,20230330,https://tuoitrenews.vn/news/international/20230330/senegal-s-gold-rush-brings-hope-and-despair/72349.html
1092240604,20230330,202303,2023,2023.2466,GOV,DIPLOMAT,,,,,,GOV,,,,,,,,,,,,,0,071,071,07,2,7.4,1,1,1,1.28577353795106,1,Mali,ML,ML,17,-4,ML,0,,,,,,,1,Mali,ML,ML,17,-4,ML,20230330,https://tuoitrenews.vn/news/international/20230330/senegal-s-gold-rush-brings-hope-and-despair/72349.html
1092240817,20230330,202303,2023,2023.2466,JUD,LAWYER,,,,,,JUD,,,,,,,,,,,,,0,051,051,05,1,3.4,5,1,5,-1.04166666666666,1,United States,US,US,39.828175,-98.5795,US,0,,,,,,,1,United States,US,US,39.828175,-98.5795,US,20230330,http://www.msn.com/en-us/lifestyle/pets/hearts-melts-over-the-naughty-crimes-committed-by-golden-retriever-puppy/ar-AA19ecjE
1092240867,20230330,202303,2023,2023.2466,LAB,WORKER,,,,,,LAB,,,BUS,INDUSTRY,,,,,,BUS,,,1,160,160,16,4,-4.0,1,1,1,-2.43553008595988,2,"California, United States",US,USCA,36.17,-119.746,CA,2,"California, United States",US,USCA,36.17,-119.746,CA,2,"California, United States",US,USCA,36.17,-119.746,CA,20230330,https://blogs.berkeley.edu/2019/10/29/california-is-burning-how-can-it-stay-golden/
1092241116,20230330,202303,2023,2023.2466,QATMED,AL JAZEERA,QAT,,,,,MED,,,,,,,,,,,,,1,010,010,01,1,0.0,18,1,18,-1.16558273421018,1,United Kingdom,UK,UK,54,-4,UK,0,,,,,,,1,United Kingdom,UK,UK,54,-4,UK,20230330,https://www.zimeye.net/2023/03/30/al-jazeera-releases-part-2-goldmafia-today/
1092241117,20230330,202303,2023,2023.2466,QATMED,AL JAZEERA,QAT,,,,,MED,,,ZWE,ZIMBABWE,ZWE,,,,,,,,1,010,010,01,1,0.0,6,1,6,-1.16558273421018,1,United Kingdom,UK,UK,54,-4,UK,1,United Kingdom,UK,UK,54,-4,UK,1,United Kingdom,UK,UK,54,-4,UK,20230330,https://www.zimeye.net/2023/03/30/al-jazeera-releases-part-2-goldmafia-today/
1092241221,20230330,202303,2023,2023.2466,SEN,SENEGAL,SEN,,,,,,,,,,,,,,,,,,0,120,120,12,3,-4.0,8,1,4,1.28577353795106,4,"Bantakokouta, Region de Kedougou, Senegal",SG,SG17,12.7707,-12.2349,-2265621,0,,,,,,,4,"Bantakokouta, Region de Kedougou, Senegal",SG,SG17,12.7707,-12.2349,-2265621,20230330,https://tuoitrenews.vn/news/international/20230330/senegal-s-gold-rush-brings-hope-and-despair/72349.html
1092241330,20230330,202303,2023,2023.2466,USA,THE US,USA,,,,,,,,,,,,,,,,,,1,042,042,04,1,1.9,20,6,20,1.04888728442984,1,United Kingdom,UK,UK,54,-4,UK,0,,,,,,,1,United Kingdom,UK,UK,54,-4,UK,20230330,https://www.rock94.com/artist/golden-earring/
1092241333,20230330,202303,2023,2023.2466,USA,CALIFORNIA,USA,,,,,,,,,,,,,,,,,,0,057,057,05,1,8.0,4,2,4,-0.401660581608885,2,"California, United States",US,USCA,36.17,-119.746,CA,0,,,,,,,2,"California, United States",US,USCA,36.17,-119.746,CA,20230330,https://blogs.berkeley.edu/2019/10/29/california-is-burning-how-can-it-stay-golden/
1092241366,20230330,202303,2023,2023.2466,USA,UNITED STATES,USA,,,,,,,,LAB,WORKER,,,,,,LAB,,,1,160,160,16,4,-4.0,6,1,6,-2.43553008595988,2,"California, United States",US,USCA,36.17,-119.746,CA,2,"California, United States",US,USCA,36.17,-119.746,CA,2,"California, United States",US,USCA,36.17,-119.746,CA,20230330,https://blogs.berkeley.edu/2019/10/29/california-is-burning-how-can-it-stay-golden/
1092241424,20230330,202303,2023,2023.2466,ZWE,ZIMBABWE,ZWE,,,,,,,,,,,,,,,,,,1,010,010,01,1,0.0,4,1,4,-1.20783356077474,1,Zimbabwe,ZI,ZI,-19,29,ZI,0,,,,,,,1,United Kingdom,UK,UK,54,-4,UK,20230330,https://www.zimeye.net/2023/03/30/al-jazeera-releases-part-2-goldmafia-today/
1092242677,20230330,202303,2023,2023.2466,,,,,,,,,,,EDU,PUPIL,,,,,,EDU,,,0,052,052,05,1,3.5,30,1,30,2.67175572519084,0,,,,,,,0,,,,,,,0,,,,,,,20230330,https://www.newcastleherald.com.au/story/8140454/more-than-a-gold-coin-donation-trio-shave-heads-for-cancer-charity/?cs=13296
1092243264,20230330,202303,2023,2023.2466,EDU,SCHOOL,,,,,,EDU,,,EDUEDU,SCHOOL,,,,,,EDU,EDU,,1,071,071,07,2,7.4,30,1,30,2.67175572519084,0,,,,,,,0,,,,,,,0,,,,,,,20230330,https://www.newcastleherald.com.au/story/8140454/more-than-a-gold-coin-donation-trio-shave-heads-for-cancer-charity/?cs=13296
1092245901,20230330,202303,2023,2023.2466,BUS,BUSINESS,,,,,,BUS,,,,,,,,,,,,,1,010,010,01,1,0.0,8,2,8,2.86743061396131,4,"Melbourne, Victoria, Australia",AS,AS07,-37.8167,144.967,-1586844,0,,,,,,,4,"Melbourne, Victoria, Australia",AS,AS07,-37.8167,144.967,-1586844,20230330,https://menafn.com/1105905823/Amateur-Gold-Digger-Discovers-46kg-Gold-Rock-Worth-USD160000-in-Australia
1092254667,20230330,202303,2023,2023.2466,BUS,COMPANY,,,,,,BUS,,,,,,,,,,,,,0,086,086,08,2,9.0,20,2,20,10.401818257058,1,Brazil,BR,BR,-10,-55,BR,0,,,,,,,1,Brazil,BR,BR,-10,-55,BR,20230330,https://finance.yahoo.com/news/senhasegura-sweeps-key-categories-gold-100000645.html
1092254715,20230330,202303,2023,2023.2466,CAN,BRITISH COLUMBIA,CAN,,,,,,,,,,,,,,,,,,1,030,030,03,1,4.0,4,2,4,2.91761399237365,4,"Kamloops, British Columbia, Canada",CA,CA02,50.6667,-120.333,-566975,0,,,,,,,4,"Kamloops, British Columbia, Canada",CA,CA02,50.6667,-120.333,-566975,20230330,https://www.finanznachrichten.de/nachrichten-2023-03/58698026-golden-independence-mining-corp-golden-independence-options-fraser-lake-copper-property-296.htm
1092254726,20230330,202303,2023,2023.2466,CAN,CANADA,CAN,,,,,,,,GBR,UNITED KINGDOM,GBR,,,,,,,,1,030,030,03,1,4.0,8,2,8,2.91761399237365,4,"Fraser Lake, British Columbia, Canada",CA,CA02,54.05,-124.783,-564948,4,"Fraser Lake, British Columbia, Canada",CA,CA02,54.05,-124.783,-564948,4,"Fraser Lake, British Columbia, Canada",CA,CA02,54.05,-124.783,-564948,20230330,https://www.finanznachrichten.de/nachrichten-2023-03/58698026-golden-independence-mining-corp-golden-independence-options-fraser-lake-copper-property-296.htm
1092254727,20230330,202303,2023,2023.2466,CAN,CANADA,CAN,,,,,,,,GBR,UNITED KINGDOM,GBR,,,,,,,,1,030,030,03,1,4.0,8,2,8,2.91761399237365,4,"Kamloops, British Columbia, Canada",CA,CA02,50.6667,-120.333,-566975,4,"Kamloops, British Columbia, Canada",CA,CA02,50.6667,-120.333,-566975,4,"Kamloops, British Columbia, Canada",CA,CA02,50.6667,-120.333,-566975,20230330,https://www.finanznachrichten.de/nachrichten-2023-03/58698026-golden-independence-mining-corp-golden-independence-options-fraser-lake-copper-property-296.htm
1092255403,20230330,202303,2023,2023.2466,JPN,HONDO,JPN,,,,,,,,,,,,,,,,,,1,060,060,06,2,6.0,6,2,6,5.41026240430132,1,United States,US,US,39.828175,-98.5795,US,0,,,,,,,1,United States,US,US,39.828175,-98.5795,US,20230330,https://www.finanznachrichten.de/nachrichten-2023-03/58698024-gold-river-production-services-inc-gold-river-productions-inc-taps-cervitude-intelligent-relations-for-marketing-business-development-and-invest-200.htm
1092256058,20230330,202303,2023,2023.2466,USA,UNITED STATES,USA,,,,,,,,,,,,,,,,,,1,020,020,02,1,3.0,2,1,2,3.01204819277108,3,"Valleyview, Nevada, United States",US,USNV,38.0683,-117.225,856162,0,,,,,,,3,"Valleyview, Nevada, United States",US,USNV,38.0683,-117.225,856162,20230330,https://www.finanznachrichten.de/nachrichten-2023-03/58698026-golden-independence-mining-corp-golden-independence-options-fraser-lake-copper-property-296.htm
1092257708,20220330,202203,2022,2022.2466,AFR,AFRICA,AFR,,,,,,,,RUS,RUSSIA,RUS,,,,,,,,1,111,111,11,3,-2.0,8,1,8,-3.61216730038023,1,Congo,CF,CF,-1,15,CF,1,Congo,CF,CF,-1,15,CF,1,Congo,CF,CF,-1,15,CF,20230330,https://www.miningmx.com/news/gold/52914-sa-risks-surrendering-trade-advantage-by-siding-with-russia-says-sibanye-stillwater/
1092257709,20220330,202203,2022,2022.2466,AFR,AFRICA,AFR,,,,,,,,RUS,RUSSIA,RUS,,,,,,,,1,111,111,11,3,-2.0,2,1,2,-3.61216730038023,1,Ukraine,UP,UP,49,32,UP,1,Congo,CF,CF,-1,15,CF,1,Congo,CF,CF,-1,15,CF,20230330,https://www.miningmx.com/news/gold/52914-sa-risks-surrendering-trade-advantage-by-siding-with-russia-says-sibanye-stillwater/
1092257760,20230323,202303,2023,2023.2274,ZWE,ZIMBABWE,ZWE,,,,,,,,GOV,GOVERNMENT,,,,,,GOV,,,1,010,010,01,1,0.0,6,1,6,-1.878612716763,4,"Dubai, Dubayy, United Arab Emirates",AE,AE03,25.2522,55.28,-782831,4,"Dubai, Dubayy, United Arab Emirates",AE,AE03,25.2522,55.28,-782831,4,"Dubai, Dubayy, United Arab Emirates",AE,AE03,25.2522,55.28,-782831,20230330,https://insiderzim.com/zimbabwe-opposition-legislator-baffled-by-government-silence-on-the-al-jazeera-gold-mafia/
1092257761,20230323,202303,2023,2023.2274,ZWE,ZIMBABWE,ZWE,,,,,,,,GOV,GOVERNMENT,,,,,,GOV,,,1,010,010,01,1,0.0,4,1,4,-1.878612716763,1,Zimbabwe,ZI,ZI,-19,29,ZI,1,Zimbabwe,ZI,ZI,-19,29,ZI,1,Zimbabwe,ZI,ZI,-19,29,ZI,20230330,https://insiderzim.com/zimbabwe-opposition-legislator-baffled-by-government-silence-on-the-al-jazeera-gold-mafia/
1092257787,20230330,202303,2023,2023.2466,,,,,,,,,,,BUS,COMPANY,,,,,,BUS,,,1,046,046,04,1,7.0,4,1,4,3.00187617260788,0,,,,,,,4,"Tucuma, ParáR, Brazil",BR,BR16,-0.183333,-50.05,-677069,4,"Tucuma, ParáR, Brazil",BR,BR16,-0.183333,-50.05,-677069,20230330,https://finance.yahoo.com/news/soma-gold-corp-signs-collaboration-102000277.html
1092257788,20230330,202303,2023,2023.2466,,,,,,,,,,,BUS,COMPANY,,,,,,BUS,,,1,057,057,05,1,8.0,10,1,10,3.00187617260788,0,,,,,,,4,"Antioquia, Cundinamarca, Colombia",CO,CO33,4.6,-74.4,-577326,4,"Antioquia, Cundinamarca, Colombia",CO,CO33,4.6,-74.4,-577326,20230330,https://finance.yahoo.com/news/soma-gold-corp-signs-collaboration-102000277.html
1092257799,20230330,202303,2023,2023.2466,,,,,,,,,,,COL,COLOMBIA,COL,,,,,,,,1,042,042,04,1,1.9,10,3,10,4.42108945209399,0,,,,,,,4,"Antioquia, Cundinamarca, Colombia",CO,CO33,4.6,-74.4,-577326,4,"Antioquia, Cundinamarca, Colombia",CO,CO33,4.6,-74.4,-577326,20230330,https://finance.yahoo.com/news/soma-gold-corp-signs-collaboration-102000277.html
1092257840,20230330,202303,2023,2023.2466,,,,,,,,,,,GOV,MINIST,,,,,,GOV,,,1,0231,023,02,1,3.4,12,1,6,-1.878612716763,0,,,,,,,4,"Dubai, Dubayy, United Arab Emirates",AE,AE03,25.2522,55.28,-782831,4,"Dubai, Dubayy, United Arab Emirates",AE,AE03,25.2522,55.28,-782831,20230330,https://insiderzim.com/zimbabwe-opposition-legislator-baffled-by-government-silence-on-the-al-jazeera-gold-mafia/
1092257841,20230330,202303,2023,2023.2466,,,,,,,,,,,GOV,MINIST,,,,,,GOV,,,1,0231,023,02,1,3.4,8,1,4,-1.878612716763,0,,,,,,,1,Zimbabwe,ZI,ZI,-19,29,ZI,1,Zimbabwe,ZI,ZI,-19,29,ZI,20230330,https://insiderzim.com/zimbabwe-opposition-legislator-baffled-by-government-silence-on-the-al-jazeera-gold-mafia/
1092257982,20230330,202303,2023,2023.2466,AFR,AFRICA,AFR,,,,,,,,,,,,,,,,,,0,070,070,07,2,7.0,10,1,10,-3.61216730038023,4,"Cape Town, Western Cape, South Africa",SF,SF11,-33.9167,18.4167,-1217214,0,,,,,,,4,"Cape Town, Western Cape, South Africa",SF,SF11,-33.9167,18.4167,-1217214,20230330,https://www.miningmx.com/news/gold/52914-sa-risks-surrendering-trade-advantage-by-siding-with-russia-says-sibanye-stillwater/
1092257990,20230330,202303,2023,2023.2466,AFR,AFRICA,AFR,,,,,,,,EUR,EUROPE,EUR,,,,,,,,0,020,020,02,1,3.0,5,1,5,-3.61216730038023,4,"Cape Town, Western Cape, South Africa",SF,SF11,-33.9167,18.4167,-1217214,4,"Cape Town, Western Cape, South Africa",SF,SF11,-33.9167,18.4167,-1217214,4,"Cape Town, Western Cape, South Africa",SF,SF11,-33.9167,18.4167,-1217214,20230330,https://www.miningmx.com/news/gold/52914-sa-risks-surrendering-trade-advantage-by-siding-with-russia-says-sibanye-stillwater/
1092258120,20230330,202303,2023,2023.2466,BUS,COMPANY,,,,,,BUS,,,,,,,,,,,,,1,030,030,03,1,4.0,50,3,50,4.42108945209399,4,"Antioquia, Cundinamarca, Colombia",CO,CO33,4.6,-74.4,-577326,0,,,,,,,4,"Antioquia, Cundinamarca, Colombia",CO,CO33,4.6,-74.4,-577326,20230330,https://finance.yahoo.com/news/soma-gold-corp-signs-collaboration-102000277.html
1092258125,20230330,202303,2023,2023.2466,BUS,COMPANY,,,,,,BUS,,,,,,,,,,,,,1,046,046,04,1,7.0,4,1,4,3.00187617260788,4,"Antioquia, Cundinamarca, Colombia",CO,CO33,4.6,-74.4,-577326,0,,,,,,,4,"Antioquia, Cundinamarca, Colombia",CO,CO33,4.6,-74.4,-577326,20230330,https://finance.yahoo.com/news/soma-gold-corp-signs-collaboration-102000277.html
1092258129,20230330,202303,2023,2023.2466,BUS,COMPANY,,,,,,BUS,,,,,,,,,,,,,1,057,057,05,1,8.0,90,3,90,4.57877981648134,4,"Antioquia, Cundinamarca, Colombia",CO,CO33,4.6,-74.4,-577326,0,,,,,,,4,"Antioquia, Cundinamarca, Colombia",CO,CO33,4.6,-74.4,-577326,20230330,https://finance.yahoo.com/news/soma-gold-corp-signs-collaboration-102000277.html
1092258145,20230330,202303,2023,2023.2466,BUS,COMPANY,,,,,,BUS,,,COL,COLOMBIA,COL,,,,,,,,1,046,046,04,1,7.0,16,1,16,3.00187617260788,4,"Antioquia, Cundinamarca, Colombia",CO,CO33,4.6,-74.4,-577326,4,"Antioquia, Cundinamarca, Colombia",CO,CO33,4.6,-74.4,-577326,4,"Antioquia, Cundinamarca, Colombia",CO,CO33,4.6,-74.4,-577326,20230330,https://finance.yahoo.com/news/soma-gold-corp-signs-collaboration-102000277.html
1092258170,20230330,202303,2023,2023.2466,CAN,CANADA,CAN,,,,,,,,,,,,,,,,,,1,020,020,02,1,3.0,2,1,2,2.82317979197622,4,"Valleyview, Alberta, Canada",CA,CA01,55.0667,-117.283,-575262,0,,,,,,,4,"Valleyview, Alberta, Canada",CA,CA01,55.0667,-117.283,-575262,20230330,https://www.streetinsider.com/Newsfile/Golden+Independence+Options+Fraser+Lake+Copper+Property/21438619.html
1092258260,20230330,202303,2023,2023.2466,COL,COLOMBIA,COL,,,,,,,,,,,,,,,,,,1,043,043,04,1,2.8,10,3,10,4.42108945209399,4,"Antioquia, Cundinamarca, Colombia",CO,CO33,4.6,-74.4,-577326,0,,,,,,,4,"Antioquia, Cundinamarca, Colombia",CO,CO33,4.6,-74.4,-577326,20230330,https://finance.yahoo.com/news/soma-gold-corp-signs-collaboration-102000277.html
1092258261,20230330,202303,2023,2023.2466,COL,COLOMBIA,COL,,,,,,,,,,,,,,,,,,1,051,051,05,1,3.4,10,3,10,4.42108945209399,4,"Antioquia, Cundinamarca, Colombia",CO,CO33,4.6,-74.4,-577326,0,,,,,,,4,"Antioquia, Cundinamarca, Colombia",CO,CO33,4.6,-74.4,-577326,20230330,https://finance.yahoo.com/news/soma-gold-corp-signs-collaboration-102000277.html
1092258262,20230330,202303,2023,2023.2466,COL,COLOMBIA,COL,,,,,,,,BUS,COMPANY,,,,,,BUS,,,1,046,046,04,1,7.0,16,1,16,3.00187617260788,4,"Tucuma, ParáR, Brazil",BR,BR16,-0.183333,-50.05,-677069,4,"Tucuma, ParáR, Brazil",BR,BR16,-0.183333,-50.05,-677069,4,"Tucuma, ParáR, Brazil",BR,BR16,-0.183333,-50.05,-677069,20230330,https://finance.yahoo.com/news/soma-gold-corp-signs-collaboration-102000277.html
1092262519,20230330,202303,2023,2023.2466,,,,,,,,,,,ZWE,ZIMBABWE,ZWE,,,,,,,,0,012,012,01,1,-0.4,8,2,8,-3.95618153364632,0,,,,,,,1,Zimbabwe,ZI,ZI,-19,29,ZI,1,Zimbabwe,ZI,ZI,-19,29,ZI,20230330,https://www.zimbabwesituation.com/news/al-jazeera-exposes-zimbabwe-governments-gold-smuggling-laundromat/
1092262520,20230330,202303,2023,2023.2466,,,,,,,,,,,ZWE,ZIMBABWE,ZWE,,,,,,,,0,013,013,01,1,0.4,8,2,8,-3.95618153364632,0,,,,,,,1,Zimbabwe,ZI,ZI,-19,29,ZI,1,Zimbabwe,ZI,ZI,-19,29,ZI,20230330,https://www.zimbabwesituation.com/news/al-jazeera-exposes-zimbabwe-governments-gold-smuggling-laundromat/
1092262521,20230330,202303,2023,2023.2466,,,,,,,,,,,ZWE,ZIMBABWE,ZWE,,,,,,,,1,057,057,05,1,8.0,4,1,4,-4,0,,,,,,,1,Zimbabwe,ZI,ZI,-19,29,ZI,1,Zimbabwe,ZI,ZI,-19,29,ZI,20230330,https://www.zimbabwesituation.com/news/al-jazeera-exposes-zimbabwe-governments-gold-smuggling-laundromat/
1092262709,20230330,202303,2023,2023.2466,BUS,BUSINESS,,,,,,BUS,,,,,,,,,,,,,0,071,071,07,2,7.4,20,2,20,-3.95618153364632,1,Zimbabwe,ZI,ZI,-19,29,ZI,0,,,,,,,1,Zimbabwe,ZI,ZI,-19,29,ZI,20230330,https://www.zimbabwesituation.com/news/al-jazeera-exposes-zimbabwe-governments-gold-smuggling-laundromat/
1092263256,20230330,202303,2023,2023.2466,GBR,GLASGOW,GBR,,,,,,,,ZWE,ZIMBABWE,ZWE,,,,,,,,1,040,040,04,1,1.0,4,2,4,-3.95618153364632,1,Zimbabwe,ZI,ZI,-19,29,ZI,1,Zimbabwe,ZI,ZI,-19,29,ZI,1,Zimbabwe,ZI,ZI,-19,29,ZI,20230330,https://www.zimbabwesituation.com/news/al-jazeera-exposes-zimbabwe-governments-gold-smuggling-laundromat/
1092263257,20230330,202303,2023,2023.2466,GBR,GLASGOW,GBR,,,,,,,,ZWEGOV,ZIMBABWE,ZWE,,,,,GOV,,,1,040,040,04,1,1.0,6,2,6,-3.95618153364632,1,Zimbabwe,ZI,ZI,-19,29,ZI,1,Zimbabwe,ZI,ZI,-19,29,ZI,1,Zimbabwe,ZI,ZI,-19,29,ZI,20230330,https://www.zimbabwesituation.com/news/al-jazeera-exposes-zimbabwe-governments-gold-smuggling-laundromat/
1092263258,20230330,202303,2023,2023.2466,GBR,GLASGOW,GBR,,,,,,,,ZWEGOV,ZIMBABWE,ZWE,,,,,GOV,,,1,050,050,05,1,3.5,10,2,10,-3.95618153364632,1,Zimbabwe,ZI,ZI,-19,29,ZI,1,Zimbabwe,ZI,ZI,-19,29,ZI,1,Zimbabwe,ZI,ZI,-19,29,ZI,20230330,https://www.zimbabwesituation.com/news/al-jazeera-exposes-zimbabwe-governments-gold-smuggling-laundromat/
1092263435,20230330,202303,2023,2023.2466,GOV,PRESIDENT,,,,,,GOV,,,ZWE,ZIMBABWE,ZWE,,,,,,,,0,020,020,02,1,3.0,20,2,20,-3.95618153364632,1,Zimbabwe,ZI,ZI,-19,29,ZI,1,Zimbabwe,ZI,ZI,-19,29,ZI,1,Zimbabwe,ZI,ZI,-19,29,ZI,20230330,https://www.zimbabwesituation.com/news/al-jazeera-exposes-zimbabwe-governments-gold-smuggling-laundromat/
1092263753,20230330,202303,2023,2023.2466,MED,JOURNALIST,,,,,,MED,,,,,,,,,,,,,1,010,010,01,1,0.0,12,2,12,-3.95618153364632,1,Zimbabwe,ZI,ZI,-19,29,ZI,0,,,,,,,1,Zimbabwe,ZI,ZI,-19,29,ZI,20230330,https://www.zimbabwesituation.com/news/al-jazeera-exposes-zimbabwe-governments-gold-smuggling-laundromat/
1092263755,20230330,202303,2023,2023.2466,MED,JOURNALIST,,,,,,MED,,,,,,,,,,,,,1,020,020,02,1,3.0,20,2,20,-3.95618153364632,1,Zimbabwe,ZI,ZI,-19,29,ZI,0,,,,,,,1,Zimbabwe,ZI,ZI,-19,29,ZI,20230330,https://www.zimbabwesituation.com/news/al-jazeera-exposes-zimbabwe-governments-gold-smuggling-laundromat/
1092264469,20230330,202303,2023,2023.2466,ZWE,ZIMBABWE,ZWE,,,,,,,,,,,,,,,,,,1,010,010,01,1,0.0,2,1,2,-1.08108108108108,1,United Kingdom,UK,UK,54,-4,UK,0,,,,,,,1,United Kingdom,UK,UK,54,-4,UK,20230330,https://www.zimeye.net/2023/03/30/inside-part-2-goldmafia-snippets/
1092264470,20230330,202303,2023,2023.2466,ZWE,ZIMBABWE,ZWE,,,,,,,,,,,,,,,,,,1,057,057,05,1,8.0,12,2,12,-3.94157537819509,1,Zimbabwe,ZI,ZI,-19,29,ZI,0,,,,,,,1,Zimbabwe,ZI,ZI,-19,29,ZI,20230330,https://www.zimbabwesituation.com/news/al-jazeera-exposes-zimbabwe-governments-gold-smuggling-laundromat/
1092264473,20230330,202303,2023,2023.2466,ZWE,ZIMBABWE,ZWE,,,,,,,,GBR,GLASGOW,GBR,,,,,,,,1,040,040,04,1,1.0,4,2,4,-3.95618153364632,1,Zimbabwe,ZI,ZI,-19,29,ZI,1,Zimbabwe,ZI,ZI,-19,29,ZI,1,Zimbabwe,ZI,ZI,-19,29,ZI,20230330,https://www.zimbabwesituation.com/news/al-jazeera-exposes-zimbabwe-governments-gold-smuggling-laundromat/
1092264474,20230330,202303,2023,2023.2466,ZWE,ZIMBABWE,ZWE,,,,,,,,GOV,PRESIDENT,,,,,,GOV,,,1,010,010,01,1,0.0,4,2,4,-3.95618153364632,1,Zimbabwe,ZI,ZI,-19,29,ZI,1,Zimbabwe,ZI,ZI,-19,29,ZI,1,Zimbabwe,ZI,ZI,-19,29,ZI,20230330,https://www.zimbabwesituation.com/news/al-jazeera-exposes-zimbabwe-governments-gold-smuggling-laundromat/
1092264475,20230330,202303,2023,2023.2466,ZWE,ZIMBABWE,ZWE,,,,,,,,ZWEGOV,ZIMBABWE,ZWE,,,,,GOV,,,1,040,040,04,1,1.0,10,2,10,-3.95618153364632,1,Zimbabwe,ZI,ZI,-19,29,ZI,1,Zimbabwe,ZI,ZI,-19,29,ZI,1,Zimbabwe,ZI,ZI,-19,29,ZI,20230330,https://www.zimbabwesituation.com/news/al-jazeera-exposes-zimbabwe-governments-gold-smuggling-laundromat/
1092264476,20230330,202303,2023,2023.2466,ZWEGOV,ZIMBABWE,ZWE,,,,,GOV,,,GBR,GLASGOW,GBR,,,,,,,,1,040,040,04,1,1.0,6,2,6,-3.95618153364632,1,Zimbabwe,ZI,ZI,-19,29,ZI,1,Zimbabwe,ZI,ZI,-19,29,ZI,1,Zimbabwe,ZI,ZI,-19,29,ZI,20230330,https://www.zimbabwesituation.com/news/al-jazeera-exposes-zimbabwe-governments-gold-smuggling-laundromat/
1092264477,20230330,202303,2023,2023.2466,ZWEGOV,ZIMBABWE,ZWE,,,,,GOV,,,ZWE,ZIMBABWE,ZWE,,,,,,,,1,040,040,04,1,1.0,10,2,10,-3.95618153364632,1,Zimbabwe,ZI,ZI,-19,29,ZI,1,Zimbabwe,ZI,ZI,-19,29,ZI,1,Zimbabwe,ZI,ZI,-19,29,ZI,20230330,https://www.zimbabwesituation.com/news/al-jazeera-exposes-zimbabwe-governments-gold-smuggling-laundromat/
1092264565,20230330,202303,2023,2023.2466,,,,,,,,,,,COL,COLOMBIA,COL,,,,,,,,1,057,057,05,1,8.0,13,1,10,5.36723163841807,0,,,,,,,4,"Antioquia, Cundinamarca, Colombia",CO,CO33,4.6,-74.4,-577326,4,"Antioquia, Cundinamarca, Colombia",CO,CO33,4.6,-74.4,-577326,20230330,https://www.proactiveinvestors.ca/companies/news/1010736/soma-gold-signs-collaboration-agreement-with-environmental-authority-of-the-province-of-antioquia-columbia-1010736.html
1092265006,20230330,202303,2023,2023.2466,COL,COLOMBIA,COL,,,,,,,,,,,,,,,,,,1,057,057,05,1,8.0,35,2,29,5.36723163841807,4,"Antioquia, Cundinamarca, Colombia",CO,CO33,4.6,-74.4,-577326,0,,,,,,,4,"Antioquia, Cundinamarca, Colombia",CO,CO33,4.6,-74.4,-577326,20230330,https://www.proactiveinvestors.ca/companies/news/1010736/soma-gold-signs-collaboration-agreement-with-environmental-authority-of-the-province-of-antioquia-columbia-1010736.html
1092265007,20230330,202303,2023,2023.2466,COL,COLOMBIA,COL,,,,,,,,,,,,,,,,,,1,057,057,05,1,8.0,30,2,30,5.36723163841807,4,"Tucuma, ParáR, Brazil",BR,BR16,-0.183333,-50.05,-677069,0,,,,,,,4,"El Bagre, Antioquia, Colombia",CO,CO02,7.59272,-74.8086,-582260,20230330,https://www.proactiveinvestors.ca/companies/news/1010736/soma-gold-signs-collaboration-agreement-with-environmental-authority-of-the-province-of-antioquia-columbia-1010736.html
1092265253,20230330,202303,2023,2023.2466,FRA,FRENCH,FRA,,,,,,,,,,,,,,,,,,1,111,111,11,3,-2.0,8,1,8,3.96039603960396,4,"Saint Laurent, Pays de la Loire, France",FR,FRB5,47.3511,-0.949375,-1466568,0,,,,,,,4,"Saint Laurent, Pays de la Loire, France",FR,FRB5,47.3511,-0.949375,-1466568,20230330,https://www.pinkvilla.com/fashion/CelebFashion/throwback-thursday-when-kareena-kapoor-and-sara-ali-khan-proved-saint-laurent-lou-camera-sling-bags-are-gold-1214727
1092268584,20230330,202303,2023,2023.2466,BUS,INVESTOR,,,,,,BUS,,,,,,,,,,,,,1,010,010,01,1,0.0,30,4,30,0.571074780345268,4,"Vancouver, British Columbia, Canada",CA,CA02,49.25,-123.133,-575268,0,,,,,,,4,"Vancouver, British Columbia, Canada",CA,CA02,49.25,-123.133,-575268,20230330,https://www.goldseiten.de/artikel/574572--Trilogy-Metals-Announces-Date-of-the-Annual-Shareholders-Meeting.html
1092268591,20230330,202303,2023,2023.2466,BUS,INVESTOR,,,,,,BUS,,,,,,,,,,,,,1,030,030,03,1,4.0,30,3,30,0.645692299719617,4,"Vancouver, British Columbia, Canada",CA,CA02,49.25,-123.133,-575268,0,,,,,,,4,"Vancouver, British Columbia, Canada",CA,CA02,49.25,-123.133,-575268,20230330,https://www.goldseiten.de/artikel/574572--Trilogy-Metals-Announces-Date-of-the-Annual-Shareholders-Meeting.html
1092268619,20230330,202303,2023,2023.2466,BUS,COMPANY,,,,,,BUS,,,CAN,VANCOUVER,CAN,,,,,,,,1,036,036,03,1,4.0,5,1,5,0.70323488045007,1,United States,US,US,39.828175,-98.5795,US,1,United States,US,US,39.828175,-98.5795,US,1,United States,US,US,39.828175,-98.5795,US,20230330,https://www.goldseiten.de/artikel/574572--Trilogy-Metals-Announces-Date-of-the-Annual-Shareholders-Meeting.html
1092268628,20230330,202303,2023,2023.2466,BUS,COMPANY,,,,,,BUS,,,GBR,UNITED KINGDOM,GBR,,,,,,,,1,070,070,07,2,7.0,8,2,8,1.5308627232439,1,United Kingdom,UK,UK,54,-4,UK,1,United Kingdom,UK,UK,54,-4,UK,1,United Kingdom,UK,UK,54,-4,UK,20230330,https://www.goldseiten.de/artikel/574572--Trilogy-Metals-Announces-Date-of-the-Annual-Shareholders-Meeting.html
1092268668,20230330,202303,2023,2023.2466,CAN,VANCOUVER,CAN,,,,,,,,BUS,COMPANY,,,,,,BUS,,,1,036,036,03,1,4.0,5,1,5,0.70323488045007,1,United States,US,US,39.828175,-98.5795,US,1,United States,US,US,39.828175,-98.5795,US,1,United States,US,US,39.828175,-98.5795,US,20230330,https://www.goldseiten.de/artikel/574572--Trilogy-Metals-Announces-Date-of-the-Annual-Shareholders-Meeting.html
1092269215,20230330,202303,2023,2023.2466,GOV,MINISTRY,,,,,,GOV,,,,,,,,,,,,,1,084,084,08,2,7.0,15,2,15,1.56236913145162,1,India,IN,IN,20,77,IN,0,,,,,,,1,India,IN,IN,20,77,IN,20230330,https://economictimes.indiatimes.com/wealth/spend/you-will-not-be-able-to-buy-this-type-of-gold-jewellery-from-april-1-2023/articleshow/99116039.cms
1092269219,20230330,202303,2023,2023.2466,GOV,GOVERNMENT,,,,,,GOV,,,,,,,,,,,,,1,100,100,10,3,-5.0,10,1,10,5.20446096654275,1,India,IN,IN,20,77,IN,0,,,,,,,1,India,IN,IN,20,77,IN,20230330,https://economictimes.indiatimes.com/wealth/spend/you-will-not-be-able-to-buy-this-type-of-gold-jewellery-from-april-1-2023/articleshow/99116039.cms
1092269753,20230330,202303,2023,2023.2466,MDV,MALDIVE,MDV,,,,,,,,CVL,COMMUNITY,,,,,,CVL,,,1,051,051,05,1,3.4,10,1,10,12.280701754386,1,Maldives,MV,MV,3.2,73,MV,1,Maldives,MV,MV,3.2,73,MV,1,Maldives,MV,MV,3.2,73,MV,20230330,https://www.travpr.com/pr-105069-a-golden-easter-escape.html
1092270940,20230330,202303,2023,2023.2466,ZWE,ZIMBABWE,ZWE,,,,,,,,,,,,,,,,,,1,036,036,03,1,4.0,9,3,9,-0.028050629180032,1,Zimbabwe,ZI,ZI,-19,29,ZI,0,,,,,,,1,Zimbabwe,ZI,ZI,-19,29,ZI,20230330,https://www.msn.com/en-xl/news/other/al-jazeera-exposes-zimbabwe-government-s-gold-smuggling-laundromat/ar-AA19g8Zv
1092270941,20230330,202303,2023,2023.2466,ZWE,ZIMBABWE,ZWE,,,,,,,,GOV,PRESIDENT,,,,,,GOV,,,1,036,036,03,1,4.0,5,1,5,-8.97435897435902,1,Zimbabwe,ZI,ZI,-19,29,ZI,1,Zimbabwe,ZI,ZI,-19,29,ZI,1,Zimbabwe,ZI,ZI,-19,29,ZI,20230330,https://www.msn.com/en-xl/news/other/al-jazeera-exposes-zimbabwe-government-s-gold-smuggling-laundromat/ar-AA19g8Zv
1092276418,20230330,202303,2023,2023.2466,BUS,COMPANY,,,,,,BUS,,,,,,,,,,,,,1,071,071,07,2,7.4,5,1,5,1.22448979591837,5,"Stirlingshire, Stirling, United Kingdom",UK,UKW6,56.25,-4.25,-2608743,0,,,,,,,5,"Stirlingshire, Stirling, United Kingdom",UK,UKW6,56.25,-4.25,-2608743,20230330,https://www.marketscreener.com/quote/stock/SCOTGOLD-RESOURCES-LIMITE-5984124/news/Scotgold-resources-loss-widens-says-progress-made-at-Cononish-mine-43381733/
1092276930,20230330,202303,2023,2023.2466,GOV,GOVERNOR,,,,,,GOV,,,,,,,,,,,,,1,070,070,07,2,7.0,10,1,10,9.09090909090905,2,"Virginia, United States",US,USVA,37.768,-78.2057,VA,0,,,,,,,2,"Virginia, United States",US,USVA,37.768,-78.2057,VA,20230330,https://www.news-medical.net/news/20230330/Grenova-wins-2023-Gold-Governore28099s-Environmental-Excellence-Award.aspx
1092285924,20230330,202303,2023,2023.2466,BUS,BANK,,,,,,BUS,,,,,,,,,,,,,0,060,060,06,2,6.0,10,1,10,2.76110444177671,4,"Goldboro, Nova Scotia, Canada",CA,CA07,45.1833,-61.65,-565328,0,,,,,,,4,"Goldboro, Nova Scotia, Canada",CA,CA07,45.1833,-61.65,-565328,20230330,https://www.hydrocarbons-technology.com/projects/goldboro-lng-project-nova-scotia/
1092285925,20230330,202303,2023,2023.2466,BUS,BANK,,,,,,BUS,,,,,,,,,,,,,0,070,070,07,2,7.0,10,1,10,2.76110444177671,4,"Goldboro, Nova Scotia, Canada",CA,CA07,45.1833,-61.65,-565328,0,,,,,,,4,"Goldboro, Nova Scotia, Canada",CA,CA07,45.1833,-61.65,-565328,20230330,https://www.hydrocarbons-technology.com/projects/goldboro-lng-project-nova-scotia/
1092286526,20230330,202303,2023,2023.2466,GOV,GOVERNOR,,,,,,GOV,,,PAK,PAKISTANI,PAK,,,,,,,,1,043,043,04,1,2.8,10,1,10,4.93827160493827,1,Pakistan,PK,PK,30,70,PK,1,Pakistan,PK,PK,30,70,PK,1,Pakistan,PK,PK,30,70,PK,20230330,https://propakistani.pk/2023/03/30/pakistans-first-diamond-button-youtuber-gets-a-gold-medal-from-governor/
1092286527,20230330,202303,2023,2023.2466,GOV,GOVERNOR,,,,,,GOV,,,PAK,PAKISTANI,PAK,,,,,,,,1,051,051,05,1,3.4,10,1,10,4.93827160493827,1,Pakistan,PK,PK,30,70,PK,1,Pakistan,PK,PK,30,70,PK,1,Pakistan,PK,PK,30,70,PK,20230330,https://propakistani.pk/2023/03/30/pakistans-first-diamond-button-youtuber-gets-a-gold-medal-from-governor/
1092287101,20230330,202303,2023,2023.2466,PAK,PAKISTANI,PAK,,,,,,,,GOV,GOVERNOR,,,,,,GOV,,,1,042,042,04,1,1.9,10,1,10,4.93827160493827,1,Pakistan,PK,PK,30,70,PK,1,Pakistan,PK,PK,30,70,PK,1,Pakistan,PK,PK,30,70,PK,20230330,https://propakistani.pk/2023/03/30/pakistans-first-diamond-button-youtuber-gets-a-gold-medal-from-governor/
1092289628,20230330,202303,2023,2023.2466,CHN,CHINESE,CHN,,,,,,,,PHL,PHILIPPINE,PHL,,,,,,,,1,190,190,19,4,-10.0,2,1,2,-1.00704934541792,4,"Beijing, Beijing, China",CH,CH22,39.9289,116.388,-1898541,4,"Philippine, Benguet, Philippines",RP,RP10,16.45,120.55,-2445611,4,"Beijing, Beijing, China",CH,CH22,39.9289,116.388,-1898541,20230330,https://www.forbes.com/sites/jillgoldenziel/2023/03/30/the-truth-about-the-philippines-new-strategy-against-china/
1092289629,20230330,202303,2023,2023.2466,CHN,CHINESE,CHN,,,,,,,,PHL,PHILIPPINE,PHL,,,,,,,,1,190,190,19,4,-10.0,2,1,2,-1.00704934541792,4,"Philippine, Benguet, Philippines",RP,RP10,16.45,120.55,-2445611,4,"Beijing, Beijing, China",CH,CH22,39.9289,116.388,-1898541,4,"Beijing, Beijing, China",CH,CH22,39.9289,116.388,-1898541,20230330,https://www.forbes.com/sites/jillgoldenziel/2023/03/30/the-truth-about-the-philippines-new-strategy-against-china/
1092289681,20230330,202303,2023,2023.2466,CHNMIL,CHINESE,CHN,,,,,MIL,,,PHL,PHILIPPINE,PHL,,,,,,,,1,190,190,19,4,-10.0,6,1,6,-1.00704934541792,4,"Beijing, Beijing, China",CH,CH22,39.9289,116.388,-1898541,4,"Philippine, Benguet, Philippines",RP,RP10,16.45,120.55,-2445611,4,"Beijing, Beijing, China",CH,CH22,39.9289,116.388,-1898541,20230330,https://www.forbes.com/sites/jillgoldenziel/2023/03/30/the-truth-about-the-philippines-new-strategy-against-china/
1092290575,20230330,202303,2023,2023.2466,MIL,COAST GUARD,,,,,,MIL,,,,,,,,,,,,,0,010,010,01,1,0.0,1,1,1,-1.00704934541792,4,"Beijing, Beijing, China",CH,CH22,39.9289,116.388,-1898541,0,,,,,,,4,"Philippine, Benguet, Philippines",RP,RP10,16.45,120.55,-2445611,20230330,https://www.forbes.com/sites/jillgoldenziel/2023/03/30/the-truth-about-the-philippines-new-strategy-against-china/
1092290578,20230330,202303,2023,2023.2466,MIL,COAST GUARD,,,,,,MIL,,,,,,,,,,,,,0,084,084,08,2,7.0,2,1,2,-1.00704934541792,4,"Beijing, Beijing, China",CH,CH22,39.9289,116.388,-1898541,0,,,,,,,4,"Beijing, Beijing, China",CH,CH22,39.9289,116.388,-1898541,20230330,https://www.forbes.com/sites/jillgoldenziel/2023/03/30/the-truth-about-the-philippines-new-strategy-against-china/
1092290579,20230330,202303,2023,2023.2466,MIL,COAST GUARD,,,,,,MIL,,,,,,,,,,,,,0,084,084,08,2,7.0,8,1,8,-1.00704934541792,4,"Philippine, Benguet, Philippines",RP,RP10,16.45,120.55,-2445611,0,,,,,,,4,"Philippine, Benguet, Philippines",RP,RP10,16.45,120.55,-2445611,20230330,https://www.forbes.com/sites/jillgoldenziel/2023/03/30/the-truth-about-the-philippines-new-strategy-against-china/
1092290655,20230330,202303,2023,2023.2466,PHL,PHILIPPINE,PHL,,,,,,,,,,,,,,,,,,1,010,010,01,1,0.0,10,1,10,-1.00704934541792,4,"Philippine, Benguet, Philippines",RP,RP10,16.45,120.55,-2445611,0,,,,,,,4,"Beijing, Beijing, China",CH,CH22,39.9289,116.388,-1898541,20230330,https://www.forbes.com/sites/jillgoldenziel/2023/03/30/the-truth-about-the-philippines-new-strategy-against-china/
1092290656,20230330,202303,2023,2023.2466,PHL,PHILIPPINE,PHL,,,,,,,,,,,,,,,,,,1,084,084,08,2,7.0,2,1,2,-1.00704934541792,4,"South China Sea, Brunei (general), Brunei",BX,BX00,15,115,-1337919,0,,,,,,,4,"South China Sea, Brunei (general), Brunei",BX,BX00,15,115,-1337919,20230330,https://www.forbes.com/sites/jillgoldenziel/2023/03/30/the-truth-about-the-philippines-new-strategy-against-china/
1092290657,20230330,202303,2023,2023.2466,PHL,PHILIPPINE,PHL,,,,,,,,,,,,,,,,,,1,084,084,08,2,7.0,8,1,8,-1.00704934541792,4,"South China Sea, Brunei (general), Brunei",BX,BX00,15,115,-1337919,0,,,,,,,4,"Philippine, Benguet, Philippines",RP,RP10,16.45,120.55,-2445611,20230330,https://www.forbes.com/sites/jillgoldenziel/2023/03/30/the-truth-about-the-philippines-new-strategy-against-china/
1092290659,20230330,202303,2023,2023.2466,PHL,PHILIPPINE,PHL,,,,,,,,CHN,CHINA,CHN,,,,,,,,1,141,141,14,3,-6.5,2,1,2,-1.00704934541792,4,"Beijing, Beijing, China",CH,CH22,39.9289,116.388,-1898541,4,"Philippine, Benguet, Philippines",RP,RP10,16.45,120.55,-2445611,4,"Beijing, Beijing, China",CH,CH22,39.9289,116.388,-1898541,20230330,https://www.forbes.com/sites/jillgoldenziel/2023/03/30/the-truth-about-the-philippines-new-strategy-against-china/
1092290660,20230330,202303,2023,2023.2466,PHL,PHILIPPINE,PHL,,,,,,,,CHN,CHINA,CHN,,,,,,,,1,141,141,14,3,-6.5,6,1,6,-1.00704934541792,4,"Philippine, Benguet, Philippines",RP,RP10,16.45,120.55,-2445611,4,"Beijing, Beijing, China",CH,CH22,39.9289,116.388,-1898541,4,"Beijing, Beijing, China",CH,CH22,39.9289,116.388,-1898541,20230330,https://www.forbes.com/sites/jillgoldenziel/2023/03/30/the-truth-about-the-philippines-new-strategy-against-china/
1092290661,20230330,202303,2023,2023.2466,PHL,PHILIPPINE,PHL,,,,,,,,CHN,CHINA,CHN,,,,,,,,1,141,141,14,3,-6.5,2,1,2,-1.00704934541792,4,"Philippine, Benguet, Philippines",RP,RP10,16.45,120.55,-2445611,4,"Beijing, Beijing, China",CH,CH22,39.9289,116.388,-1898541,4,"Philippine, Benguet, Philippines",RP,RP10,16.45,120.55,-2445611,20230330,https://www.forbes.com/sites/jillgoldenziel/2023/03/30/the-truth-about-the-philippines-new-strategy-against-china/
1092291630,20230330,202303,2023,2023.2466,AUS,VICTORIA,AUS,,,,,,,,,,,,,,,,,,1,010,010,01,1,0.0,20,2,20,4.70715931242247,4,"Toronto, Ontario, Canada",CA,CA08,43.6667,-79.4167,-574890,0,,,,,,,4,"Toronto, Ontario, Canada",CA,CA08,43.6667,-79.4167,-574890,20230330,https://www.wkrb13.com/2023/03/30/victoria-gold-corp-otcmktsvitff-short-interest-update.html
1092291812,20230330,202303,2023,2023.2466,CAN,CANADA,CAN,,,,,,,,,,,,,,,,,,1,030,030,03,1,4.0,4,2,4,2.60118707093821,4,"Atlin, British Columbia, Canada",CA,CA02,59.5833,-133.717,-560407,0,,,,,,,4,"Atlin, British Columbia, Canada",CA,CA02,59.5833,-133.717,-560407,20230330,https://www.goldseiten.de/artikel/574582--Canagold-Announces-Groundbreaking-Collaboration-Agreement-with-Taku-River-Tlingit-First-Nation-at-New-Polaris-Project.html
1092295045,20230330,202303,2023,2023.2466,CAN,CANADA,CAN,,,,,,,,,,,,,,,,,,1,084,084,08,2,7.0,82,3,16,0.482588539384267,4,"Golden Lake, Ontario, Canada",CA,CA08,45.5833,-77.25,-565335,0,,,,,,,4,"Golden Lake, Ontario, Canada",CA,CA08,45.5833,-77.25,-565335,20230330,https://www.juniorminingnetwork.com/junior-miner-news/press-releases/2724-cse/glm/138778-golden-lake-obtains-encouraging-results-from-soil-sampling-on-its-jewel-ridge-gold-silver-lead-zinc-crd-property-eureka-county-nevada.html
1092295058,20230330,202303,2023,2023.2466,CAN,CANADA,CAN,,,,,,,,USA,UNITED STATES,USA,,,,,,,,1,084,084,08,2,7.0,6,3,6,0.482588539384267,4,"Golden Lake, Ontario, Canada",CA,CA08,45.5833,-77.25,-565335,4,"Golden Lake, Ontario, Canada",CA,CA08,45.5833,-77.25,-565335,4,"Golden Lake, Ontario, Canada",CA,CA08,45.5833,-77.25,-565335,20230330,https://www.juniorminingnetwork.com/junior-miner-news/press-releases/2724-cse/glm/138778-golden-lake-obtains-encouraging-results-from-soil-sampling-on-its-jewel-ridge-gold-silver-lead-zinc-crd-property-eureka-county-nevada.html
1092295974,20230330,202303,2023,2023.2466,MEX,DURANGO,MEX,,,,,,,,,,,,,,,,,,1,010,010,01,1,0.0,20,2,20,1.69779341303557,3,"San Diego, California, United States",US,USCA,32.7153,-117.157,1661377,0,,,,,,,3,"San Diego, California, United States",US,USCA,32.7153,-117.157,1661377,20230330,https://www.marketscreener.com/quote/stock/GOLDEN-TAG-RESOURCES-LTD-49477021/news/Golden-Tag-Closes-First-Tranche-of-Private-Placement-43382709/
1092298328,20230330,202303,2023,2023.2466,BUS,COMPANIES,,,,,,BUS,,,,,,,,,,,,,1,010,010,01,1,0.0,6,3,6,4.42899951217183,3,"San Francisco, California, United States",US,USCA,37.7749,-122.419,277593,0,,,,,,,4,"London, London, City of, United Kingdom",UK,UKH9,51.5,-0.116667,-2601889,20230330,https://www.finanznachrichten.de/nachrichten-2023-03/58701111-watershed-attains-cdp-gold-accreditation-004.htm
1092298729,20230330,202303,2023,2023.2466,GBR,LONDON,GBR,,,,,,,,USA,SAN FRANCISCO,USA,,,,,,,,0,036,036,03,1,4.0,21,3,21,4.42899951217183,4,"London, London, City of, United Kingdom",UK,UKH9,51.5,-0.116667,-2601889,3,"San Francisco, California, United States",US,USCA,37.7749,-122.419,277593,4,"London, London, City of, United Kingdom",UK,UKH9,51.5,-0.116667,-2601889,20230330,https://www.finanznachrichten.de/nachrichten-2023-03/58701111-watershed-attains-cdp-gold-accreditation-004.htm
1092298730,20230330,202303,2023,2023.2466,GBR,UNITED KINGDOM,GBR,,,,,,,,USA,SAN FRANCISCO,USA,,,,,,,,0,036,036,03,1,4.0,3,3,3,4.42899951217183,3,"San Francisco, California, United States",US,USCA,37.7749,-122.419,277593,3,"San Francisco, California, United States",US,USCA,37.7749,-122.419,277593,4,"London, London, City of, United Kingdom",UK,UKH9,51.5,-0.116667,-2601889,20230330,https://www.finanznachrichten.de/nachrichten-2023-03/58701111-watershed-attains-cdp-gold-accreditation-004.htm
1092299715,20230330,202303,2023,2023.2466,USA,SAN FRANCISCO,USA,,,,,,,,GBR,LONDON,GBR,,,,,,,,0,036,036,03,1,4.0,21,3,21,4.42899951217183,3,"San Francisco, California, United States",US,USCA,37.7749,-122.419,277593,4,"London, London, City of, United Kingdom",UK,UKH9,51.5,-0.116667,-2601889,4,"London, London, City of, United Kingdom",UK,UKH9,51.5,-0.116667,-2601889,20230330,https://www.finanznachrichten.de/nachrichten-2023-03/58701111-watershed-attains-cdp-gold-accreditation-004.htm
1092299716,20230330,202303,2023,2023.2466,USA,SAN FRANCISCO,USA,,,,,,,,GBR,UNITED KINGDOM,GBR,,,,,,,,0,036,036,03,1,4.0,3,3,3,4.42899951217183,3,"San Francisco, California, United States",US,USCA,37.7749,-122.419,277593,3,"San Francisco, California, United States",US,USCA,37.7749,-122.419,277593,4,"London, London, City of, United Kingdom",UK,UKH9,51.5,-0.116667,-2601889,20230330,https://www.finanznachrichten.de/nachrichten-2023-03/58701111-watershed-attains-cdp-gold-accreditation-004.htm
1092302420,20230330,202303,2023,2023.2466,,,,,,,,,,,ZWE,ZIMBABWE,ZWE,,,,,,,,1,190,190,19,4,-10.0,20,5,20,-0.494628799929456,0,,,,,,,1,Zimbabwe,ZI,ZI,-19,29,ZI,1,Zimbabwe,ZI,ZI,-19,29,ZI,20230330,https://www.aljazeera.com/news/2023/3/30/who-are-the-gold-mafia-a-cigarette-don-and-a-man-named
1092302435,20230330,202303,2023,2023.2466,AFR,AFRICA,AFR,,,,,,,,,,,,,,,,,,0,010,010,01,1,0.0,6,3,6,-0.496550504385597,4,"Dubai, Dubayy, United Arab Emirates",AE,AE03,25.2522,55.28,-782831,0,,,,,,,4,"Dubai, Dubayy, United Arab Emirates",AE,AE03,25.2522,55.28,-782831,20230330,https://www.aljazeera.com/news/2023/3/30/who-are-the-gold-mafia-a-cigarette-don-and-a-man-named
1092302441,20230330,202303,2023,2023.2466,AFR,AFRICA,AFR,,,,,,,,BUS,COMPANY,,,,,,BUS,,,1,112,112,11,3,-2.0,16,4,16,-0.49547898236796,1,United States,US,US,39.828175,-98.5795,US,1,United States,US,US,39.828175,-98.5795,US,1,United States,US,US,39.828175,-98.5795,US,20230330,https://www.aljazeera.com/news/2023/3/30/who-are-the-gold-mafia-a-cigarette-don-and-a-man-named
1092302451,20230330,202303,2023,2023.2466,AFR,AFRICA,AFR,,,,,,,,QATMED,AL JAZEERA,QAT,,,,,MED,,,0,010,010,01,1,0.0,6,1,4,-0.84985835694051,1,South Africa,SF,SF,-30,26,SF,1,South Africa,SF,SF,-30,26,SF,1,South Africa,SF,SF,-30,26,SF,20230330,https://www.aljazeera.com/news/2023/3/30/gold-smugglers-use-south-african-banks-bribes-to-launder-money
1092302452,20230330,202303,2023,2023.2466,AFR,AFRICA,AFR,,,,,,,,QATMED,AL JAZEERA,QAT,,,,,MED,,,0,013,013,01,1,0.4,16,4,16,-0.495219895833058,1,South Africa,SF,SF,-30,26,SF,1,South Africa,SF,SF,-30,26,SF,1,South Africa,SF,SF,-30,26,SF,20230330,https://www.aljazeera.com/news/2023/3/30/who-are-the-gold-mafia-a-cigarette-don-and-a-man-named
1092302455,20230330,202303,2023,2023.2466,AFR,AFRICA,AFR,,,,,,,,ZWEBUS,ZIMBABWE,ZWE,,,,,BUS,,,1,112,112,11,3,-2.0,8,4,8,-0.49547898236796,1,South Africa,SF,SF,-30,26,SF,1,South Africa,SF,SF,-30,26,SF,1,South Africa,SF,SF,-30,26,SF,20230330,https://www.aljazeera.com/news/2023/3/30/who-are-the-gold-mafia-a-cigarette-don-and-a-man-named
1092302571,20230330,202303,2023,2023.2466,CAN,CANADA,CAN,,,,,,,,,,,,,,,,,,1,084,084,08,2,7.0,2,2,2,0.50965830179277,2,"Nevada, United States",US,USNV,38.4199,-117.122,NV,0,,,,,,,4,"Golden Lake, Ontario, Canada",CA,CA08,45.5833,-77.25,-565335,20230330,https://www.torontotelegraph.com/news/273688942/golden-lake-obtains-encouraging-results-from-soil-sampling-on-its-jewel-ridge-gold-silver-lead-zinc-crd-property-eureka-county-nevada
1092302628,20230330,202303,2023,2023.2466,CHNCRM,CHINA,CHN,,,,,CRM,,,QATMED,AL JAZEERA,QAT,,,,,MED,,,1,020,020,02,1,3.0,1,1,1,-0.84985835694051,1,China,CH,CH,35,105,CH,1,Zimbabwe,ZI,ZI,-19,29,ZI,1,China,CH,CH,35,105,CH,20230330,https://www.aljazeera.com/news/2023/3/30/gold-smugglers-use-south-african-banks-bribes-to-launder-money
1092302629,20230330,202303,2023,2023.2466,CHNCRM,CHINA,CHN,,,,,CRM,,,QATMED,AL JAZEERA,QAT,,,,,MED,,,1,020,020,02,1,3.0,1,1,1,-0.84985835694051,1,South Africa,SF,SF,-30,26,SF,1,South Africa,SF,SF,-30,26,SF,1,South Africa,SF,SF,-30,26,SF,20230330,https://www.aljazeera.com/news/2023/3/30/gold-smugglers-use-south-african-banks-bribes-to-launder-money
1092303541,20230330,202303,2023,2023.2466,QATMED,AL JAZEERA,QAT,,,,,MED,,,,,,,,,,,,,0,011,011,01,1,-0.1,50,5,50,-0.494628799929456,4,"Dubai, Dubayy, United Arab Emirates",AE,AE03,25.2522,55.28,-782831,0,,,,,,,4,"Dubai, Dubayy, United Arab Emirates",AE,AE03,25.2522,55.28,-782831,20230330,https://www.aljazeera.com/news/2023/3/30/who-are-the-gold-mafia-a-cigarette-don-and-a-man-named
1092303542,20230330,202303,2023,2023.2466,QATMED,AL JAZEERA,QAT,,,,,MED,,,,,,,,,,,,,0,124,124,12,3,-4.0,50,5,50,-0.494628799929456,4,"Dubai, Dubayy, United Arab Emirates",AE,AE03,25.2522,55.28,-782831,0,,,,,,,4,"Dubai, Dubayy, United Arab Emirates",AE,AE03,25.2522,55.28,-782831,20230330,https://www.aljazeera.com/news/2023/3/30/who-are-the-gold-mafia-a-cigarette-don-and-a-man-named
1092304080,20230330,202303,2023,2023.2466,ZAF,SOUTH AFRICAN,ZAF,,,,,,,,BUS,COMPANY,,,,,,BUS,,,1,112,112,11,3,-2.0,8,4,8,-0.49547898236796,1,United States,US,US,39.828175,-98.5795,US,1,United States,US,US,39.828175,-98.5795,US,1,United States,US,US,39.828175,-98.5795,US,20230330,https://www.aljazeera.com/news/2023/3/30/who-are-the-gold-mafia-a-cigarette-don-and-a-man-named
1092304085,20230330,202303,2023,2023.2466,ZAF,SOUTH AFRICAN,ZAF,,,,,,,,ZWEBUS,ZIMBABWE,ZWE,,,,,BUS,,,1,112,112,11,3,-2.0,8,4,8,-0.49547898236796,1,South Africa,SF,SF,-30,26,SF,1,South Africa,SF,SF,-30,26,SF,1,South Africa,SF,SF,-30,26,SF,20230330,https://www.aljazeera.com/news/2023/3/30/who-are-the-gold-mafia-a-cigarette-don-and-a-man-named
1092304099,20230330,202303,2023,2023.2466,ZWE,ZIMBABWE,ZWE,,,,,,,,CRM,SMUGGLER,,,,,,CRM,,,1,010,010,01,1,0.0,5,5,5,-0.494628799929456,1,Zimbabwe,ZI,ZI,-19,29,ZI,1,Zimbabwe,ZI,ZI,-19,29,ZI,1,Zimbabwe,ZI,ZI,-19,29,ZI,20230330,https://www.aljazeera.com/news/2023/3/30/who-are-the-gold-mafia-a-cigarette-don-and-a-man-named
1092304103,20230330,202303,2023,2023.2466,ZWE,ZIMBABWE,ZWE,,,,,,,,QATMED,AL JAZEERA,QAT,,,,,MED,,,1,013,013,01,1,0.4,1,1,1,-0.84985835694051,1,South Africa,SF,SF,-30,26,SF,1,South Africa,SF,SF,-30,26,SF,1,South Africa,SF,SF,-30,26,SF,20230330,https://www.aljazeera.com/news/2023/3/30/gold-smugglers-use-south-african-banks-bribes-to-launder-money
1092304104,20230330,202303,2023,2023.2466,ZWE,ZIMBABWE,ZWE,,,,,,,,ZWECRM,ZIMBABWE,ZWE,,,,,CRM,,,1,010,010,01,1,0.0,5,5,5,-0.494628799929456,1,Zimbabwe,ZI,ZI,-19,29,ZI,1,Zimbabwe,ZI,ZI,-19,29,ZI,1,Zimbabwe,ZI,ZI,-19,29,ZI,20230330,https://www.aljazeera.com/news/2023/3/30/who-are-the-gold-mafia-a-cigarette-don-and-a-man-named
1092304106,20230330,202303,2023,2023.2466,ZWECRM,ZIMBABWE,ZWE,,,,,CRM,,,QATMED,AL JAZEERA,QAT,,,,,MED,,,1,013,013,01,1,0.4,1,1,1,-0.84985835694051,1,South Africa,SF,SF,-30,26,SF,1,South Africa,SF,SF,-30,26,SF,1,South Africa,SF,SF,-30,26,SF,20230330,https://www.aljazeera.com/news/2023/3/30/gold-smugglers-use-south-african-banks-bribes-to-launder-money
1092308299,20230228,202302,2023,2023.1589,USA,UNITED STATES,USA,,,,,,,,LEG,SENATOR,,,,,,LEG,,,1,020,020,02,1,3.0,4,1,4,-10.05291005291,2,"Kentucky, United States",US,USKY,37.669,-84.6514,KY,2,"Kentucky, United States",US,USKY,37.669,-84.6514,KY,2,"Kentucky, United States",US,USKY,37.669,-84.6514,KY,20230330,https://www.courier-journal.com/story/news/politics/2023/03/30/kentucky-prosecutor-ronnie-goldy-convicted-on-articles-of-impeachment/70063210007/
1092308300,20230228,202302,2023,2023.1589,USA,UNITED STATES,USA,,,,,,,,LEG,SENATOR,,,,,,LEG,,,1,173,173,17,4,-5.0,4,1,4,-10.05291005291,2,"Kentucky, United States",US,USKY,37.669,-84.6514,KY,2,"Kentucky, United States",US,USKY,37.669,-84.6514,KY,2,"Kentucky, United States",US,USKY,37.669,-84.6514,KY,20230330,https://www.courier-journal.com/story/news/politics/2023/03/30/kentucky-prosecutor-ronnie-goldy-convicted-on-articles-of-impeachment/70063210007/
1092308344,20230330,202303,2023,2023.2466,,,,,,,,,,,EDU,STUDENT,,,,,,EDU,,,1,036,036,03,1,4.0,5,1,5,5.20504731861199,0,,,,,,,4,"Laucala, Central, Fiji",FJ,FJ01,-18.15,178.517,-1188535,4,"Laucala, Central, Fiji",FJ,FJ01,-18.15,178.517,-1188535,20230330,https://matangitonga.to/2023/03/31/two-tongan-students-awarded-gold-medals-usp-graduation
1092308603,20230330,202303,2023,2023.2466,BUS,COMPANY,,,,,,BUS,,,,,,,,,,,,,1,023,023,02,1,3.4,3,1,3,2.16919739696313,2,"Arizona, United States",US,USAZ,33.7712,-111.388,AZ,0,,,,,,,2,"Arizona, United States",US,USAZ,33.7712,-111.388,AZ,20230330,https://www.dailystar.co.uk/real-life/mcdonalds-golden-arches-logo-could-29589211
1092308618,20230330,202303,2023,2023.2466,BUS,COMPANIES,,,,,,BUS,,,,,,,,,,,,,0,111,111,11,3,-2.0,6,1,6,2.16919739696313,2,"Arizona, United States",US,USAZ,33.7712,-111.388,AZ,0,,,,,,,2,"Arizona, United States",US,USAZ,33.7712,-111.388,AZ,20230330,https://www.dailystar.co.uk/real-life/mcdonalds-golden-arches-logo-could-29589211
1092308953,20230330,202303,2023,2023.2466,EDU,STUDENT,,,,,,EDU,,,,,,,,,,,,,1,036,036,03,1,4.0,5,1,5,5.20504731861199,4,"Laucala, Central, Fiji",FJ,FJ01,-18.15,178.517,-1188535,0,,,,,,,4,"Laucala, Central, Fiji",FJ,FJ01,-18.15,178.517,-1188535,20230330,https://matangitonga.to/2023/03/31/two-tongan-students-awarded-gold-medals-usp-graduation
1092308964,20230330,202303,2023,2023.2466,EDU,STUDENT,,,,,,EDU,,,,,,,,,,,,,1,051,051,05,1,3.4,5,1,5,5.20504731861199,1,Tuvalu,TV,TV,-8,178,TV,0,,,,,,,1,Tuvalu,TV,TV,-8,178,TV,20230330,https://matangitonga.to/2023/03/31/two-tongan-students-awarded-gold-medals-usp-graduation
1092309561,20230330,202303,2023,2023.2466,JUD,PROSECUTOR,,,,,,JUD,,,USA,KENTUCKY,USA,,,,,,,,1,173,173,17,4,-5.0,3,1,3,-10.7925176294204,2,"Kentucky, United States",US,USKY,37.669,-84.6514,KY,2,"Kentucky, United States",US,USKY,37.669,-84.6514,KY,2,"Kentucky, United States",US,USKY,37.669,-84.6514,KY,20230330,https://www.courier-journal.com/story/news/politics/2023/03/30/kentucky-prosecutor-ronnie-goldy-convicted-on-articles-of-impeachment/70063210007/
1092309568,20230330,202303,2023,2023.2466,JUD,PROSECUTOR,,,,,,JUD,,,USALEG,KENTUCKY,USA,,,,,LEG,,,1,173,173,17,4,-5.0,12,1,12,-10.7925176294204,2,"Kentucky, United States",US,USKY,37.669,-84.6514,KY,2,"Kentucky, United States",US,USKY,37.669,-84.6514,KY,2,"Kentucky, United States",US,USKY,37.669,-84.6514,KY,20230330,https://www.courier-journal.com/story/news/politics/2023/03/30/kentucky-prosecutor-ronnie-goldy-convicted-on-articles-of-impeachment/70063210007/
1092310128,20230330,202303,2023,2023.2466,USA,UNITED STATES,USA,,,,,,,,BUS,COMPANY,,,,,,BUS,,,1,023,023,02,1,3.4,3,1,3,2.16919739696313,3,"Phoenix, Arizona, United States",US,USAZ,33.4484,-112.074,44784,3,"Phoenix, Arizona, United States",US,USAZ,33.4484,-112.074,44784,3,"Phoenix, Arizona, United States",US,USAZ,33.4484,-112.074,44784,20230330,https://www.dailystar.co.uk/real-life/mcdonalds-golden-arches-logo-could-29589211
1092310268,20230330,202303,2023,2023.2466,USA,KENTUCKY,USA,,,,,,,,USAJUD,UNITED STATES,USA,,,,,JUD,,,1,173,173,17,4,-5.0,3,1,3,-10.05291005291,2,"Kentucky, United States",US,USKY,37.669,-84.6514,KY,2,"Kentucky, United States",US,USKY,37.669,-84.6514,KY,2,"Kentucky, United States",US,USKY,37.669,-84.6514,KY,20230330,https://www.courier-journal.com/story/news/politics/2023/03/30/kentucky-prosecutor-ronnie-goldy-convicted-on-articles-of-impeachment/70063210007/
1092310329,20230330,202303,2023,2023.2466,USAJUD,KENTUCKY,USA,,,,,JUD,,,,,,,,,,,,,1,173,173,17,4,-5.0,6,1,6,-10.05291005291,2,"Kentucky, United States",US,USKY,37.669,-84.6514,KY,0,,,,,,,2,"Kentucky, United States",US,USKY,37.669,-84.6514,KY,20230330,https://www.courier-journal.com/story/news/politics/2023/03/30/kentucky-prosecutor-ronnie-goldy-convicted-on-articles-of-impeachment/70063210007/
1092310332,20230330,202303,2023,2023.2466,USAJUD,UNITED STATES,USA,,,,,JUD,,,USA,KENTUCKY,USA,,,,,,,,1,173,173,17,4,-5.0,3,1,3,-10.7925176294204,2,"Kentucky, United States",US,USKY,37.669,-84.6514,KY,2,"Kentucky, United States",US,USKY,37.669,-84.6514,KY,2,"Kentucky, United States",US,USKY,37.669,-84.6514,KY,20230330,https://www.courier-journal.com/story/news/politics/2023/03/30/kentucky-prosecutor-ronnie-goldy-convicted-on-articles-of-impeachment/70063210007/
1092311536,20230330,202303,2023,2023.2466,,,,,,,,,,,CVL,RESIDENTS,,,,,,CVL,,,0,070,070,07,2,7.0,2,1,2,1.07692307692308,0,,,,,,,4,"Loch Lomond, United Kingdom (general), United Kingdom",UK,UK00,56.0833,-4.6,-2601882,4,"Loch Lomond, United Kingdom (general), United Kingdom",UK,UK00,56.0833,-4.6,-2601882,20230330,https://www.heraldscotland.com/business_hq/23423614.scotgold-reports-rising-losses-milestones-achieved/
1092311537,20230330,202303,2023,2023.2466,,,,,,,,,,,CVL,RESIDENTS,,,,,,CVL,,,0,070,070,07,2,7.0,2,1,2,1.07692307692308,0,,,,,,,4,"Tyndrum, Stirling, United Kingdom",UK,UKW6,56.45,-4.73333,-2610381,4,"Loch Lomond, United Kingdom (general), United Kingdom",UK,UK00,56.0833,-4.6,-2601882,20230330,https://www.heraldscotland.com/business_hq/23423614.scotgold-reports-rising-losses-milestones-achieved/
1092311558,20230330,202303,2023,2023.2466,,,,,,,,,,,GBR,UNITED KINGDOM,GBR,,,,,,,,0,051,051,05,1,3.4,8,1,8,1.07692307692308,0,,,,,,,4,"Loch Lomond, United Kingdom (general), United Kingdom",UK,UK00,56.0833,-4.6,-2601882,4,"Loch Lomond, United Kingdom (general), United Kingdom",UK,UK00,56.0833,-4.6,-2601882,20230330,https://www.heraldscotland.com/business_hq/23423614.scotgold-reports-rising-losses-milestones-achieved/
1092311559,20230330,202303,2023,2023.2466,,,,,,,,,,,GBR,UNITED KINGDOM,GBR,,,,,,,,0,070,070,07,2,7.0,2,1,2,1.07692307692308,0,,,,,,,4,"Crianlarich, Stirling, United Kingdom",UK,UKW6,56.3833,-4.6,-2593610,4,"Loch Lomond, United Kingdom (general), United Kingdom",UK,UK00,56.0833,-4.6,-2601882,20230330,https://www.heraldscotland.com/business_hq/23423614.scotgold-reports-rising-losses-milestones-achieved/
1092311560,20230330,202303,2023,2023.2466,,,,,,,,,,,GBR,UNITED KINGDOM,GBR,,,,,,,,0,070,070,07,2,7.0,2,1,2,1.07692307692308,0,,,,,,,4,"Tyndrum, Stirling, United Kingdom",UK,UKW6,56.45,-4.73333,-2610381,4,"Loch Lomond, United Kingdom (general), United Kingdom",UK,UK00,56.0833,-4.6,-2601882,20230330,https://www.heraldscotland.com/business_hq/23423614.scotgold-reports-rising-losses-milestones-achieved/
1092311570,20230330,202303,2023,2023.2466,,,,,,,,,,,GBRCVL,UNITED KINGDOM,GBR,,,,,CVL,,,0,070,070,07,2,7.0,4,1,4,1.07692307692308,0,,,,,,,4,"Tyndrum, Stirling, United Kingdom",UK,UKW6,56.45,-4.73333,-2610381,4,"Loch Lomond, United Kingdom (general), United Kingdom",UK,UK00,56.0833,-4.6,-2601882,20230330,https://www.heraldscotland.com/business_hq/23423614.scotgold-reports-rising-losses-milestones-achieved/
1092311848,20230330,202303,2023,2023.2466,BUS,COMPANY,,,,,,BUS,,,,,,,,,,,,,0,030,030,03,1,4.0,20,2,20,1.06477248562963,4,"Chibougamau, Quebec, Canada",CA,CA10,49.8667,-74.35,-562533,0,,,,,,,4,"Chibougamau, Quebec, Canada",CA,CA10,49.8667,-74.35,-562533,20230330,https://www.streetinsider.com/Newsfile/Blue+Thunder+Mining+Inc.+Provides+Update+on+Analog+Gold+Inc.+RTO/21439711.html
1092311907,20230330,202303,2023,2023.2466,BUS,COMPANY,,,,,,BUS,,,USA,A US,USA,,,,,,,,0,046,046,04,1,7.0,5,1,5,1.07692307692308,4,"Loch Lomond, United Kingdom (general), United Kingdom",UK,UK00,56.0833,-4.6,-2601882,4,"Loch Lomond, United Kingdom (general), United Kingdom",UK,UK00,56.0833,-4.6,-2601882,4,"Loch Lomond, United Kingdom (general), United Kingdom",UK,UK00,56.0833,-4.6,-2601882,20230330,https://www.heraldscotland.com/business_hq/23423614.scotgold-reports-rising-losses-milestones-achieved/
1092312271,20230330,202303,2023,2023.2466,EDU,UNIVERSITY,,,,,,EDU,,,,,,,,,,,,,0,172,172,17,4,-5.0,10,1,10,1.07692307692308,4,"Loch Lomond, United Kingdom (general), United Kingdom",UK,UK00,56.0833,-4.6,-2601882,0,,,,,,,4,"Loch Lomond, United Kingdom (general), United Kingdom",UK,UK00,56.0833,-4.6,-2601882,20230330,https://www.heraldscotland.com/business_hq/23423614.scotgold-reports-rising-losses-milestones-achieved/
1092312383,20230330,202303,2023,2023.2466,GBR,UNITED KINGDOM,GBR,,,,,,,,,,,,,,,,,,0,010,010,01,1,0.0,4,1,4,1.07692307692308,4,"Loch Lomond, United Kingdom (general), United Kingdom",UK,UK00,56.0833,-4.6,-2601882,0,,,,,,,4,"Loch Lomond, United Kingdom (general), United Kingdom",UK,UK00,56.0833,-4.6,-2601882,20230330,https://www.heraldscotland.com/business_hq/23423614.scotgold-reports-rising-losses-milestones-achieved/
1092312398,20230330,202303,2023,2023.2466,GBR,SCOTLAND,GBR,,,,,,,,,,,,,,,,,,1,071,071,07,2,7.4,3,1,3,1.07692307692308,4,"Tyndrum, Stirling, United Kingdom",UK,UKW6,56.45,-4.73333,-2610381,0,,,,,,,4,"Tyndrum, Stirling, United Kingdom",UK,UKW6,56.45,-4.73333,-2610381,20230330,https://www.heraldscotland.com/business_hq/23423614.scotgold-reports-rising-losses-milestones-achieved/
1092313352,20230330,202303,2023,2023.2466,TUR,TURKEY,TUR,,,,,,,,USA,AMERICAN,USA,,,,,,,,1,173,173,17,4,-5.0,10,1,10,-2.21606648199446,2,"Arkansas, United States",US,USAR,34.9513,-92.3809,AR,2,"Arkansas, United States",US,USAR,34.9513,-92.3809,AR,2,"Arkansas, United States",US,USAR,34.9513,-92.3809,AR,20230330,https://www.stuttgartdailyleader.com/when-talking-turkey-silence-is-golden/
1092313545,20230330,202303,2023,2023.2466,USA,A US,USA,,,,,,,,BUS,COMPANY,,,,,,BUS,,,0,046,046,04,1,7.0,5,1,5,1.07692307692308,4,"Loch Lomond, United Kingdom (general), United Kingdom",UK,UK00,56.0833,-4.6,-2601882,4,"Loch Lomond, United Kingdom (general), United Kingdom",UK,UK00,56.0833,-4.6,-2601882,4,"Loch Lomond, United Kingdom (general), United Kingdom",UK,UK00,56.0833,-4.6,-2601882,20230330,https://www.heraldscotland.com/business_hq/23423614.scotgold-reports-rising-losses-milestones-achieved/
1092315824,20230330,202303,2023,2023.2466,DEU,FRANKFURT,DEU,,,,,,,,,,,,,,,,,,1,111,111,11,3,-2.0,6,1,6,1.88087774294671,1,Morocco,MO,MO,32,-5,MO,0,,,,,,,1,Morocco,MO,MO,32,-5,MO,20230330,https://www.freshplaza.com/africa/article/9516453/elstar-jonagold-royal-gala-and-braeburn-from-domestic-ca-warehouses-dominated-the-market/
1092315825,20230330,202303,2023,2023.2466,DEU,FRANKFURT,DEU,,,,,,,,,,,,,,,,,,1,111,111,11,3,-2.0,4,1,4,1.88087774294671,1,Morocco,MO,MO,32,-5,MO,0,,,,,,,1,Turkey,TU,TU,39.059012,34.911546,TU,20230330,https://www.freshplaza.com/africa/article/9516453/elstar-jonagold-royal-gala-and-braeburn-from-domestic-ca-warehouses-dominated-the-market/
1092316849,20230330,202303,2023,2023.2466,TUR,TURKEY,TUR,,,,,,,,MAR,MOROCCO,MAR,,,,,,,,1,061,061,06,2,6.4,1,1,1,1.88087774294671,1,Morocco,MO,MO,32,-5,MO,1,Morocco,MO,MO,32,-5,MO,1,Morocco,MO,MO,32,-5,MO,20230330,https://www.freshplaza.com/africa/article/9516453/elstar-jonagold-royal-gala-and-braeburn-from-domestic-ca-warehouses-dominated-the-market/
1092316850,20230330,202303,2023,2023.2466,TUR,TURKEY,TUR,,,,,,,,MAR,MOROCCO,MAR,,,,,,,,1,061,061,06,2,6.4,4,1,4,1.88087774294671,1,Turkey,TU,TU,39.059012,34.911546,TU,1,Morocco,MO,MO,32,-5,MO,1,Morocco,MO,MO,32,-5,MO,20230330,https://www.freshplaza.com/africa/article/9516453/elstar-jonagold-royal-gala-and-braeburn-from-domestic-ca-warehouses-dominated-the-market/
1092318484,20220330,202203,2022,2022.2466,,,,,,,,,,,GBR,UNITED KINGDOM,GBR,,,,,,,,1,042,042,04,1,1.9,3,1,3,2.11038961038961,0,,,,,,,1,United Kingdom,UK,UK,54,-4,UK,1,United Kingdom,UK,UK,54,-4,UK,20230330,https://www.nytimes.com/2023/03/30/arts/design/nan-goldin-marian-goodman-gagosian-gallery.html
1092318494,20220330,202203,2022,2022.2466,GBR,UNITED KINGDOM,GBR,,,,,,,,,,,,,,,,,,1,043,043,04,1,2.8,3,1,3,2.11038961038961,1,United Kingdom,UK,UK,54,-4,UK,0,,,,,,,1,United Kingdom,UK,UK,54,-4,UK,20230330,https://www.nytimes.com/2023/03/30/arts/design/nan-goldin-marian-goodman-gagosian-gallery.html
1092319421,20230330,202303,2023,2023.2466,GOV,PRESIDENT,,,,,,GOV,,,,,,,,,,,,,0,111,111,11,3,-2.0,10,1,10,0,4,"Lisbon, Lisboa, Portugal",PO,PO14,38.7167,-9.13333,-2167973,0,,,,,,,4,"Lisbon, Lisboa, Portugal",PO,PO14,38.7167,-9.13333,-2167973,20230330,https://www.theportugalnews.com/news/2023-03-30/reshape-the-golden-visa-into-a-solution-for-housing-in-portugal/76199
1092319814,20230330,202303,2023,2023.2466,MED,NEWS STATION,,,,,,MED,,,,,,,,,,,,,0,010,010,01,1,0.0,3,1,3,-0.18484288354898,2,"Mississippi, United States",US,USMS,32.7673,-89.6812,MS,0,,,,,,,2,"Mississippi, United States",US,USMS,32.7673,-89.6812,MS,20230330,https://atlantablackstar.com/2023/03/30/charlamagne-tha-god-and-whoopi-goldberg-defend-news-anchor-who-was-fired-for-quoting-snoop-dogg-lyrics-live-on-air-not-a-reason-to-fire-that-woman/
1092320169,20230330,202303,2023,2023.2466,USA,UNITED STATES,USA,,,,,,,,,,,,,,,,,,1,012,012,01,1,-0.4,16,3,16,-3.17029087251751,2,"Mississippi, United States",US,USMS,32.7673,-89.6812,MS,0,,,,,,,2,"Mississippi, United States",US,USMS,32.7673,-89.6812,MS,20230330,https://atlantablackstar.com/2023/03/30/charlamagne-tha-god-and-whoopi-goldberg-defend-news-anchor-who-was-fired-for-quoting-snoop-dogg-lyrics-live-on-air-not-a-reason-to-fire-that-woman/
1092320186,20230330,202303,2023,2023.2466,USA,UNITED STATES,USA,,,,,,,,,,,,,,,,,,0,035,035,03,1,7.0,4,1,4,-0.18484288354898,2,"Mississippi, United States",US,USMS,32.7673,-89.6812,MS,0,,,,,,,2,"Mississippi, United States",US,USMS,32.7673,-89.6812,MS,20230330,https://atlantablackstar.com/2023/03/30/charlamagne-tha-god-and-whoopi-goldberg-defend-news-anchor-who-was-fired-for-quoting-snoop-dogg-lyrics-live-on-air-not-a-reason-to-fire-that-woman/
1092322302,20230330,202303,2023,2023.2466,BUS,COMPANY,,,,,,BUS,,,,,,,,,,,,,1,020,020,02,1,3.0,18,3,18,3.35328724044109,2,"Idaho, United States",US,USID,44.2394,-114.51,ID,0,,,,,,,2,"Idaho, United States",US,USID,44.2394,-114.51,ID,20230330,https://www.pr-inside.com/magellan-gold-acquires-five-idaho-properties-from-gold-express-mines-r4913176.htm
1092323524,20230330,202303,2023,2023.2466,MIL,MILITARY,,,,,,MIL,,,,,,,,,,,,,1,190,190,19,4,-10.0,16,2,16,6.79117147707979,2,"Nebraska, United States",US,USNE,41.1289,-98.2883,NE,0,,,,,,,2,"Nebraska, United States",US,USNE,41.1289,-98.2883,NE,20230330,https://yorknewstimes.com/news/york-american-gold-star-mothers-present-quilt-of-valor/article_90d73a8a-ce3d-11ed-b231-5f84cf803ba4.html
1092323578,20230330,202303,2023,2023.2466,MNCZAF,HARMONY GOLD MINING,ZAF,,,,,MNC,,,,,,,,,,,,,1,010,010,01,1,0.0,10,1,10,6.82261208576998,4,"Doornkop, Mpumalanga, South Africa",SF,SF07,-25.187,30.469,-1222883,0,,,,,,,4,"Doornkop, Mpumalanga, South Africa",SF,SF07,-25.187,30.469,-1222883,20230330,https://www.wkrb13.com/2023/03/30/investors-purchase-large-volume-of-harmony-gold-mining-call-options-nysehmy.html
1092324354,20230330,202303,2023,2023.2466,USAGOVBUS,UNITED STATES,USA,,,,,GOV,BUS,,BUS,COMPANY,,,,,,BUS,,,0,010,010,01,1,0.0,15,3,15,3.35328724044109,2,"Idaho, United States",US,USID,44.2394,-114.51,ID,2,"Idaho, United States",US,USID,44.2394,-114.51,ID,2,"Idaho, United States",US,USID,44.2394,-114.51,ID,20230330,https://www.pr-inside.com/magellan-gold-acquires-five-idaho-properties-from-gold-express-mines-r4913176.htm
1092326136,20230330,202303,2023,2023.2466,COPGOV,DEPUTY,,,,,,COP,GOV,,,,,,,,,,,,1,010,010,01,1,0.0,5,1,5,0.199203187251,5,"Tamilnadu, Tamil Nadu, India",IN,IN25,11,78,-2112557,0,,,,,,,5,"Tamilnadu, Tamil Nadu, India",IN,IN25,11,78,-2112557,20230330,https://www.thehindu.com/news/cities/chennai/bis-bans-sales-of-hallmarked-gold-jewellery-without-huid-code-jewellers-demand-more-time/article66680215.ece
1092329473,20230330,202303,2023,2023.2466,,,,,,,,,,,USA,UNITED STATES,USA,,,,,,,,1,036,036,03,1,4.0,6,1,6,1.46198830409357,0,,,,,,,3,"Storm Lake, Iowa, United States",US,USIA,42.6411,-95.2097,462017,2,"Iowa, United States",US,USIA,42.0046,-93.214,IA,20230330,https://siouxcityjournal.com/news/local/seasons-center-in-storm-lake-to-host-events-featuring-golden-gate-bridge-suicide-survivor/article_f629ebab-01ea-5454-aa0c-ab1a0d116da5.html
1092329477,20230330,202303,2023,2023.2466,,,,,,,,,,,USA,UNITED STATES,USA,,,,,,,,1,042,042,04,1,1.9,8,1,8,1.46198830409357,0,,,,,,,3,"Storm Lake, Iowa, United States",US,USIA,42.6411,-95.2097,462017,3,"Storm Lake, Iowa, United States",US,USIA,42.6411,-95.2097,462017,20230330,https://siouxcityjournal.com/news/local/seasons-center-in-storm-lake-to-host-events-featuring-golden-gate-bridge-suicide-survivor/article_f629ebab-01ea-5454-aa0c-ab1a0d116da5.html
1092331172,20230330,202303,2023,2023.2466,USA,UNITED STATES,USA,,,,,,,,,,,,,,,,,,1,036,036,03,1,4.0,6,1,6,1.46198830409357,3,"Storm Lake, Iowa, United States",US,USIA,42.6411,-95.2097,462017,0,,,,,,,2,"Iowa, United States",US,USIA,42.0046,-93.214,IA,20230330,https://siouxcityjournal.com/news/local/seasons-center-in-storm-lake-to-host-events-featuring-golden-gate-bridge-suicide-survivor/article_f629ebab-01ea-5454-aa0c-ab1a0d116da5.html
1092332804,20230330,202303,2023,2023.2466,,,,,,,,,,,CHN,CHINESE,CHN,,,,,,,,0,190,190,19,4,-10.0,10,1,10,-4.35695538057743,0,,,,,,,4,"Shanghai, Shanghai, China",CH,CH23,31.2222,121.458,-1924465,4,"Shanghai, Shanghai, China",CH,CH23,31.2222,121.458,-1924465,20230330,https://foreignpolicy.com/2023/03/30/chimbolo-gold-mine-attack-central-african-republic-china-russia-wagner-group/
1092332921,20230330,202303,2023,2023.2466,,,,,,,,,,,RUS,RUSSIAN,RUS,,,,,,,,0,040,040,04,1,1.0,1,1,1,-4.35695538057743,0,,,,,,,4,"Chimbolo, Western, Zambia",ZA,ZA03,-11.7333,33.1667,-2280362,4,"Chimbolo, Western, Zambia",ZA,ZA03,-11.7333,33.1667,-2280362,20230330,https://foreignpolicy.com/2023/03/30/chimbolo-gold-mine-attack-central-african-republic-china-russia-wagner-group/
1092332938,20230330,202303,2023,2023.2466,,,,,,,,,,,USA,UNITED STATES,USA,,,,,,,,0,036,036,03,1,4.0,2,1,2,1.31944444444445,0,,,,,,,3,"Williams Brook, New York, United States",US,USNY,42.462,-76.5216,971303,3,"Williams Brook, New York, United States",US,USNY,42.462,-76.5216,971303,20230330,https://financialpost.com/globe-newswire/puma-exploration-reports-assay-results-from-fall-2022-hq-drilling-and-confirms-non-acid-generating-rock-at-the-lynx-gold-zone
1092332944,20230330,202303,2023,2023.2466,,,,,,,,,,,USA,UNITED STATES,USA,,,,,,,,0,042,042,04,1,1.9,2,1,2,1.31944444444445,0,,,,,,,3,"Williams Brook, New York, United States",US,USNY,42.462,-76.5216,971303,3,"Williams Brook, New York, United States",US,USNY,42.462,-76.5216,971303,20230330,https://financialpost.com/globe-newswire/puma-exploration-reports-assay-results-from-fall-2022-hq-drilling-and-confirms-non-acid-generating-rock-at-the-lynx-gold-zone
1092332983,20230330,202303,2023,2023.2466,AFR,AFRICA,AFR,,,,,,,,CHN,CHINESE,CHN,,,,,,,,0,013,013,01,1,0.4,2,1,2,-4.35695538057743,4,"Beijing, Beijing, China",CH,CH22,39.9289,116.388,-1898541,4,"Beijing, Beijing, China",CH,CH22,39.9289,116.388,-1898541,4,"Beijing, Beijing, China",CH,CH22,39.9289,116.388,-1898541,20230330,https://foreignpolicy.com/2023/03/30/chimbolo-gold-mine-attack-central-african-republic-china-russia-wagner-group/
1092332984,20230330,202303,2023,2023.2466,AFR,AFRICA,AFR,,,,,,,,CHNMED,CHINESE,CHN,,,,,MED,,,0,013,013,01,1,0.4,6,1,6,-4.35695538057743,4,"Beijing, Beijing, China",CH,CH22,39.9289,116.388,-1898541,4,"Beijing, Beijing, China",CH,CH22,39.9289,116.388,-1898541,4,"Beijing, Beijing, China",CH,CH22,39.9289,116.388,-1898541,20230330,https://foreignpolicy.com/2023/03/30/chimbolo-gold-mine-attack-central-african-republic-china-russia-wagner-group/
1092332995,20230330,202303,2023,2023.2466,AFRUAF,AFRICA,AFR,,,,,UAF,,,,,,,,,,,,,0,012,012,01,1,-0.4,1,1,1,-4.35695538057743,4,"Beijing, Beijing, China",CH,CH22,39.9289,116.388,-1898541,0,,,,,,,1,Ukraine,UP,UP,49,32,UP,20230330,https://foreignpolicy.com/2023/03/30/chimbolo-gold-mine-attack-central-african-republic-china-russia-wagner-group/
1092332996,20230330,202303,2023,2023.2466,AFRUAF,AFRICA,AFR,,,,,UAF,,,,,,,,,,,,,0,012,012,01,1,-0.4,1,1,1,-4.35695538057743,1,Ukraine,UP,UP,49,32,UP,0,,,,,,,4,"Moscow, Moskva, Russia",RS,RS48,55.7522,37.6156,-2960561,20230330,https://foreignpolicy.com/2023/03/30/chimbolo-gold-mine-attack-central-african-republic-china-russia-wagner-group/
1092333144,20230330,202303,2023,2023.2466,CAF,CENTRAL AFRICAN REPUBLIC,CAF,,,,,,,,GOV,PRESIDENT,,,,,,GOV,,,1,043,043,04,1,2.8,2,1,2,-4.35695538057743,4,"Bambari, Ouaka, Central African Republic",CT,CT11,5.76795,20.6757,-1339188,4,"Moscow, Moskva, Russia",RS,RS48,55.7522,37.6156,-2960561,4,"Moscow, Moskva, Russia",RS,RS48,55.7522,37.6156,-2960561,20230330,https://foreignpolicy.com/2023/03/30/chimbolo-gold-mine-attack-central-african-republic-china-russia-wagner-group/
1092333145,20230330,202303,2023,2023.2466,CAF,CENTRAL AFRICAN REPUBLIC,CAF,,,,,,,,REB,REBEL GROUP,,,,,,REB,,,1,112,112,11,3,-2.0,4,1,4,-4.35695538057743,4,"Bambari, Ouaka, Central African Republic",CT,CT11,5.76795,20.6757,-1339188,4,"Moscow, Moskva, Russia",RS,RS48,55.7522,37.6156,-2960561,4,"Bambari, Ouaka, Central African Republic",CT,CT11,5.76795,20.6757,-1339188,20230330,https://foreignpolicy.com/2023/03/30/chimbolo-gold-mine-attack-central-african-republic-china-russia-wagner-group/
1092333146,20230330,202303,2023,2023.2466,CAF,CENTRAL AFRICAN REPUBLIC,CAF,,,,,,,,RUSGOV,RUSSIA,RUS,,,,,GOV,,,1,043,043,04,1,2.8,2,1,2,-4.35695538057743,4,"Bambari, Ouaka, Central African Republic",CT,CT11,5.76795,20.6757,-1339188,4,"Moscow, Moskva, Russia",RS,RS48,55.7522,37.6156,-2960561,4,"Moscow, Moskva, Russia",RS,RS48,55.7522,37.6156,-2960561,20230330,https://foreignpolicy.com/2023/03/30/chimbolo-gold-mine-attack-central-african-republic-china-russia-wagner-group/
1092333147,20230330,202303,2023,2023.2466,CAF,CENTRAL AFRICAN REPUBLIC,CAF,,,,,,,,ZMB,ZAMBIA,ZMB,,,,,,,,0,111,111,11,3,-2.0,5,1,5,-4.35695538057743,4,"Bangui, Bangui, Central African Republic",CT,CT18,4.36667,18.5833,-1339562,4,"Chimbolo, Western, Zambia",ZA,ZA03,-11.7333,33.1667,-2280362,4,"Chimbolo, Western, Zambia",ZA,ZA03,-11.7333,33.1667,-2280362,20230330,https://foreignpolicy.com/2023/03/30/chimbolo-gold-mine-attack-central-african-republic-china-russia-wagner-group/
1092333148,20230330,202303,2023,2023.2466,CAF,BANGUI,CAF,,,,,,,,ZMB,ZAMBIA,ZMB,,,,,,,,0,111,111,11,3,-2.0,1,1,1,-4.35695538057743,4,"Chimbolo, Western, Zambia",ZA,ZA03,-11.7333,33.1667,-2280362,4,"Moscow, Moskva, Russia",RS,RS48,55.7522,37.6156,-2960561,4,"Moscow, Moskva, Russia",RS,RS48,55.7522,37.6156,-2960561,20230330,https://foreignpolicy.com/2023/03/30/chimbolo-gold-mine-attack-central-african-republic-china-russia-wagner-group/
1092333199,20230330,202303,2023,2023.2466,CHN,CHINA,CHN,,,,,,,,,,,,,,,,,,0,061,061,06,2,6.4,1,1,1,-4.35695538057743,4,"Bangui, Bangui, Central African Republic",CT,CT18,4.36667,18.5833,-1339562,0,,,,,,,4,"Bangui, Bangui, Central African Republic",CT,CT18,4.36667,18.5833,-1339562,20230330,https://foreignpolicy.com/2023/03/30/chimbolo-gold-mine-attack-central-african-republic-china-russia-wagner-group/
1092333200,20230330,202303,2023,2023.2466,CHN,CHINA,CHN,,,,,,,,,,,,,,,,,,0,073,073,07,2,7.4,5,1,5,-4.35695538057743,4,"Shanghai, Shanghai, China",CH,CH23,31.2222,121.458,-1924465,0,,,,,,,4,"Shanghai, Shanghai, China",CH,CH23,31.2222,121.458,-1924465,20230330,https://foreignpolicy.com/2023/03/30/chimbolo-gold-mine-attack-central-african-republic-china-russia-wagner-group/
1092333201,20230330,202303,2023,2023.2466,CHN,CHINESE,CHN,,,,,,,,,,,,,,,,,,0,190,190,19,4,-10.0,8,1,8,-4.35695538057743,4,"Shanghai, Shanghai, China",CH,CH23,31.2222,121.458,-1924465,0,,,,,,,4,"Shanghai, Shanghai, China",CH,CH23,31.2222,121.458,-1924465,20230330,https://foreignpolicy.com/2023/03/30/chimbolo-gold-mine-attack-central-african-republic-china-russia-wagner-group/
1092333202,20230330,202303,2023,2023.2466,CHN,BEIJING,CHN,,,,,,,,AFR,AFRICA,AFR,,,,,,,,0,061,061,06,2,6.4,2,1,2,-4.35695538057743,4,"Beijing, Beijing, China",CH,CH22,39.9289,116.388,-1898541,4,"Beijing, Beijing, China",CH,CH22,39.9289,116.388,-1898541,4,"Bangui, Bangui, Central African Republic",CT,CT18,4.36667,18.5833,-1339562,20230330,https://foreignpolicy.com/2023/03/30/chimbolo-gold-mine-attack-central-african-republic-china-russia-wagner-group/
1092333203,20230330,202303,2023,2023.2466,CHN,BEIJING,CHN,,,,,,,,AFR,AFRICA,AFR,,,,,,,,0,061,061,06,2,6.4,8,1,8,-4.35695538057743,4,"Beijing, Beijing, China",CH,CH22,39.9289,116.388,-1898541,4,"Beijing, Beijing, China",CH,CH22,39.9289,116.388,-1898541,4,"Beijing, Beijing, China",CH,CH22,39.9289,116.388,-1898541,20230330,https://foreignpolicy.com/2023/03/30/chimbolo-gold-mine-attack-central-african-republic-china-russia-wagner-group/
1092333204,20230330,202303,2023,2023.2466,CHN,CHINA,CHN,,,,,,,,AFR,AFRICA,AFR,,,,,,,,0,080,080,08,2,5.0,5,1,5,-4.35695538057743,4,"Shanghai, Shanghai, China",CH,CH23,31.2222,121.458,-1924465,4,"Shanghai, Shanghai, China",CH,CH23,31.2222,121.458,-1924465,4,"Shanghai, Shanghai, China",CH,CH23,31.2222,121.458,-1924465,20230330,https://foreignpolicy.com/2023/03/30/chimbolo-gold-mine-attack-central-african-republic-china-russia-wagner-group/
1092333205,20230330,202303,2023,2023.2466,CHN,CHINA,CHN,,,,,,,,CAF,CENTRAL AFRICAN,CAF,,,,,,,,0,070,070,07,2,7.0,2,1,2,-4.35695538057743,4,"Beijing, Beijing, China",CH,CH22,39.9289,116.388,-1898541,4,"Bangui, Bangui, Central African Republic",CT,CT18,4.36667,18.5833,-1339562,4,"Bangui, Bangui, Central African Republic",CT,CT18,4.36667,18.5833,-1339562,20230330,https://foreignpolicy.com/2023/03/30/chimbolo-gold-mine-attack-central-african-republic-china-russia-wagner-group/
1092333206,20230330,202303,2023,2023.2466,CHN,CHINA,CHN,,,,,,,,CAF,CENTRAL AFRICAN,CAF,,,,,,,,0,070,070,07,2,7.0,2,1,2,-4.35695538057743,4,"Beijing, Beijing, China",CH,CH22,39.9289,116.388,-1898541,4,"Beijing, Beijing, China",CH,CH22,39.9289,116.388,-1898541,4,"Beijing, Beijing, China",CH,CH22,39.9289,116.388,-1898541,20230330,https://foreignpolicy.com/2023/03/30/chimbolo-gold-mine-attack-central-african-republic-china-russia-wagner-group/
1092333207,20230330,202303,2023,2023.2466,CHN,CHINA,CHN,,,,,,,,CAFCOP,CENTRAL AFRICAN,CAF,,,,,COP,,,0,070,070,07,2,7.0,6,1,6,-4.35695538057743,4,"Beijing, Beijing, China",CH,CH22,39.9289,116.388,-1898541,4,"Bangui, Bangui, Central African Republic",CT,CT18,4.36667,18.5833,-1339562,4,"Bangui, Bangui, Central African Republic",CT,CT18,4.36667,18.5833,-1339562,20230330,https://foreignpolicy.com/2023/03/30/chimbolo-gold-mine-attack-central-african-republic-china-russia-wagner-group/
1092333211,20230330,202303,2023,2023.2466,CHN,CHINESE,CHN,,,,,,,,CHNCVL,CHINA,CHN,,,,,CVL,,,0,181,181,18,4,-9.0,1,1,1,-4.35695538057743,4,"Beijing, Beijing, China",CH,CH22,39.9289,116.388,-1898541,4,"Beijing, Beijing, China",CH,CH22,39.9289,116.388,-1898541,4,"Beijing, Beijing, China",CH,CH22,39.9289,116.388,-1898541,20230330,https://foreignpolicy.com/2023/03/30/chimbolo-gold-mine-attack-central-african-republic-china-russia-wagner-group/
1092333212,20230330,202303,2023,2023.2466,CHN,CHINESE,CHN,,,,,,,,CHNCVL,CHINA,CHN,,,,,CVL,,,0,181,181,18,4,-9.0,1,1,1,-4.35695538057743,4,"Chimbolo, Western, Zambia",ZA,ZA03,-11.7333,33.1667,-2280362,4,"Chimbolo, Western, Zambia",ZA,ZA03,-11.7333,33.1667,-2280362,4,"Chimbolo, Western, Zambia",ZA,ZA03,-11.7333,33.1667,-2280362,20230330,https://foreignpolicy.com/2023/03/30/chimbolo-gold-mine-attack-central-african-republic-china-russia-wagner-group/
1092333222,20230330,202303,2023,2023.2466,CHN,CHINESE,CHN,,,,,,,,GOV,GOVERNMENT,,,,,,GOV,,,0,061,061,06,2,6.4,2,1,2,-4.35695538057743,4,"Shanghai, Shanghai, China",CH,CH23,31.2222,121.458,-1924465,4,"Shanghai, Shanghai, China",CH,CH23,31.2222,121.458,-1924465,4,"Shanghai, Shanghai, China",CH,CH23,31.2222,121.458,-1924465,20230330,https://foreignpolicy.com/2023/03/30/chimbolo-gold-mine-attack-central-african-republic-china-russia-wagner-group/
1092333242,20230330,202303,2023,2023.2466,CHNBUS,CHINESE,CHN,,,,,BUS,,,GOV,GOVERNMENT,,,,,,GOV,,,0,061,061,06,2,6.4,6,1,6,-4.35695538057743,4,"Shanghai, Shanghai, China",CH,CH23,31.2222,121.458,-1924465,4,"Shanghai, Shanghai, China",CH,CH23,31.2222,121.458,-1924465,4,"Shanghai, Shanghai, China",CH,CH23,31.2222,121.458,-1924465,20230330,https://foreignpolicy.com/2023/03/30/chimbolo-gold-mine-attack-central-african-republic-china-russia-wagner-group/
1092333243,20230330,202303,2023,2023.2466,CHNCVL,CHINESE,CHN,,,,,CVL,,,UAF,ARMED MEN,,,,,,UAF,,,1,182,182,18,4,-9.5,2,1,2,-4.35695538057743,4,"Beijing, Beijing, China",CH,CH22,39.9289,116.388,-1898541,4,"Chimbolo, Western, Zambia",ZA,ZA03,-11.7333,33.1667,-2280362,4,"Beijing, Beijing, China",CH,CH22,39.9289,116.388,-1898541,20230330,https://foreignpolicy.com/2023/03/30/chimbolo-gold-mine-attack-central-african-republic-china-russia-wagner-group/
1092333244,20230330,202303,2023,2023.2466,CHNCVL,CHINESE,CHN,,,,,CVL,,,UAF,ARMED MEN,,,,,,UAF,,,0,190,190,19,4,-10.0,2,1,2,-4.35695538057743,4,"Beijing, Beijing, China",CH,CH22,39.9289,116.388,-1898541,4,"Beijing, Beijing, China",CH,CH22,39.9289,116.388,-1898541,4,"Chimbolo, Western, Zambia",ZA,ZA03,-11.7333,33.1667,-2280362,20230330,https://foreignpolicy.com/2023/03/30/chimbolo-gold-mine-attack-central-african-republic-china-russia-wagner-group/
1092333245,20230330,202303,2023,2023.2466,CHNCVL,CHINA,CHN,,,,,CVL,,,ZMB,ZAMBIA,ZMB,,,,,,,,0,181,181,18,4,-9.0,5,1,5,-4.35695538057743,4,"Beijing, Beijing, China",CH,CH22,39.9289,116.388,-1898541,4,"Chimbolo, Western, Zambia",ZA,ZA03,-11.7333,33.1667,-2280362,4,"Beijing, Beijing, China",CH,CH22,39.9289,116.388,-1898541,20230330,https://foreignpolicy.com/2023/03/30/chimbolo-gold-mine-attack-central-african-republic-china-russia-wagner-group/
1092333246,20230330,202303,2023,2023.2466,CHNCVL,CHINA,CHN,,,,,CVL,,,ZMB,ZAMBIA,ZMB,,,,,,,,0,181,181,18,4,-9.0,1,1,1,-4.35695538057743,4,"Chimbolo, Western, Zambia",ZA,ZA03,-11.7333,33.1667,-2280362,4,"Beijing, Beijing, China",CH,CH22,39.9289,116.388,-1898541,4,"Chimbolo, Western, Zambia",ZA,ZA03,-11.7333,33.1667,-2280362,20230330,https://foreignpolicy.com/2023/03/30/chimbolo-gold-mine-attack-central-african-republic-china-russia-wagner-group/
1092333247,20230330,202303,2023,2023.2466,CHNCVL,CHINA,CHN,,,,,CVL,,,ZMB,ZAMBIA,ZMB,,,,,,,,1,182,182,18,4,-9.5,6,1,6,-4.35695538057743,4,"Beijing, Beijing, China",CH,CH22,39.9289,116.388,-1898541,4,"Chimbolo, Western, Zambia",ZA,ZA03,-11.7333,33.1667,-2280362,4,"Beijing, Beijing, China",CH,CH22,39.9289,116.388,-1898541,20230330,https://foreignpolicy.com/2023/03/30/chimbolo-gold-mine-attack-central-african-republic-china-russia-wagner-group/
1092333248,20230330,202303,2023,2023.2466,CHNCVL,CHINA,CHN,,,,,CVL,,,ZMB,ZAMBIA,ZMB,,,,,,,,1,182,182,18,4,-9.5,2,1,2,-4.35695538057743,4,"Shanghai, Shanghai, China",CH,CH23,31.2222,121.458,-1924465,4,"Shanghai, Shanghai, China",CH,CH23,31.2222,121.458,-1924465,4,"Shanghai, Shanghai, China",CH,CH23,31.2222,121.458,-1924465,20230330,https://foreignpolicy.com/2023/03/30/chimbolo-gold-mine-attack-central-african-republic-china-russia-wagner-group/
1092333249,20230330,202303,2023,2023.2466,CHNELI,CHINA,CHN,,,,,ELI,,,GOV,GOVERNMENT,,,,,,GOV,,,0,050,050,05,1,3.5,2,1,2,-4.35695538057743,4,"Bangui, Bangui, Central African Republic",CT,CT18,4.36667,18.5833,-1339562,4,"Shanghai, Shanghai, China",CH,CH23,31.2222,121.458,-1924465,4,"Bangui, Bangui, Central African Republic",CT,CT18,4.36667,18.5833,-1339562,20230330,https://foreignpolicy.com/2023/03/30/chimbolo-gold-mine-attack-central-african-republic-china-russia-wagner-group/
1092333250,20230330,202303,2023,2023.2466,CHNELI,CHINESE,CHN,,,,,ELI,,,GOV,GOVERNMENT,,,,,,GOV,,,0,050,050,05,1,3.5,8,1,8,-4.35695538057743,4,"Shanghai, Shanghai, China",CH,CH23,31.2222,121.458,-1924465,4,"Bangui, Bangui, Central African Republic",CT,CT18,4.36667,18.5833,-1339562,4,"Shanghai, Shanghai, China",CH,CH23,31.2222,121.458,-1924465,20230330,https://foreignpolicy.com/2023/03/30/chimbolo-gold-mine-attack-central-african-republic-china-russia-wagner-group/
1092333278,20230330,202303,2023,2023.2466,CMR,CAMEROON,CMR,,,,,,,,BUS,INDUSTRY,,,,,,BUS,,,0,181,181,18,4,-9.0,2,1,2,-4.35695538057743,1,Cameroon,CM,CM,6,12,CM,4,"Shanghai, Shanghai, China",CH,CH23,31.2222,121.458,-1924465,1,Nigeria,NI,NI,10,8,NI,20230330,https://foreignpolicy.com/2023/03/30/chimbolo-gold-mine-attack-central-african-republic-china-russia-wagner-group/
1092333279,20230330,202303,2023,2023.2466,CMR,CAMEROON,CMR,,,,,,,,BUS,INDUSTRY,,,,,,BUS,,,0,181,181,18,4,-9.0,1,1,1,-4.35695538057743,1,Nigeria,NI,NI,10,8,NI,4,"Shanghai, Shanghai, China",CH,CH23,31.2222,121.458,-1924465,1,Malawi,MI,MI,-13.5,34,MI,20230330,https://foreignpolicy.com/2023/03/30/chimbolo-gold-mine-attack-central-african-republic-china-russia-wagner-group/
1092333280,20230330,202303,2023,2023.2466,CMR,CAMEROON,CMR,,,,,,,,CHNCVL,CHINA,CHN,,,,,CVL,,,0,181,181,18,4,-9.0,1,1,1,-4.35695538057743,4,"Shanghai, Shanghai, China",CH,CH23,31.2222,121.458,-1924465,4,"Shanghai, Shanghai, China",CH,CH23,31.2222,121.458,-1924465,4,"Shanghai, Shanghai, China",CH,CH23,31.2222,121.458,-1924465,20230330,https://foreignpolicy.com/2023/03/30/chimbolo-gold-mine-attack-central-african-republic-china-russia-wagner-group/
1092333281,20230330,202303,2023,2023.2466,CMR,CAMEROON,CMR,,,,,,,,CHNCVL,CHINA,CHN,,,,,CVL,,,0,181,181,18,4,-9.0,1,1,1,-4.35695538057743,1,Cameroon,CM,CM,6,12,CM,4,"Shanghai, Shanghai, China",CH,CH23,31.2222,121.458,-1924465,1,Nigeria,NI,NI,10,8,NI,20230330,https://foreignpolicy.com/2023/03/30/chimbolo-gold-mine-attack-central-african-republic-china-russia-wagner-group/
1092333284,20230330,202303,2023,2023.2466,COD,DEMOCRATIC REPUBLIC OF CONGO,COD,,,,,,,,BUS,INDUSTRY,,,,,,BUS,,,0,190,190,19,4,-10.0,3,1,3,-4.35695538057743,1,Congo,CF,CF,-1,15,CF,4,"Shanghai, Shanghai, China",CH,CH23,31.2222,121.458,-1924465,1,Congo,CF,CF,-1,15,CF,20230330,https://foreignpolicy.com/2023/03/30/chimbolo-gold-mine-attack-central-african-republic-china-russia-wagner-group/
1092333285,20230330,202303,2023,2023.2466,COD,DEMOCRATIC REPUBLIC OF CONGO,COD,,,,,,,,CHNCVL,CHINA,CHN,,,,,CVL,,,0,190,190,19,4,-10.0,1,1,1,-4.35695538057743,4,"Shanghai, Shanghai, China",CH,CH23,31.2222,121.458,-1924465,4,"Shanghai, Shanghai, China",CH,CH23,31.2222,121.458,-1924465,4,"Shanghai, Shanghai, China",CH,CH23,31.2222,121.458,-1924465,20230330,https://foreignpolicy.com/2023/03/30/chimbolo-gold-mine-attack-central-african-republic-china-russia-wagner-group/
1092333286,20230330,202303,2023,2023.2466,COD,DEMOCRATIC REPUBLIC OF CONGO,COD,,,,,,,,CHNCVL,CHINA,CHN,,,,,CVL,,,0,190,190,19,4,-10.0,1,1,1,-4.35695538057743,1,Congo,CF,CF,-1,15,CF,4,"Shanghai, Shanghai, China",CH,CH23,31.2222,121.458,-1924465,1,Congo,CF,CF,-1,15,CF,20230330,https://foreignpolicy.com/2023/03/30/chimbolo-gold-mine-attack-central-african-republic-china-russia-wagner-group/
1092333531,20230330,202303,2023,2023.2466,ETH,ETHIOPIA,ETH,,,,,,,,BUS,INDUSTRY,,,,,,BUS,,,0,190,190,19,4,-10.0,1,1,1,-4.35695538057743,1,Congo,CF,CF,-1,15,CF,4,"Shanghai, Shanghai, China",CH,CH23,31.2222,121.458,-1924465,1,Congo,CF,CF,-1,15,CF,20230330,https://foreignpolicy.com/2023/03/30/chimbolo-gold-mine-attack-central-african-republic-china-russia-wagner-group/
1092333532,20230330,202303,2023,2023.2466,ETH,ETHIOPIA,ETH,,,,,,,,BUS,INDUSTRY,,,,,,BUS,,,0,190,190,19,4,-10.0,2,1,2,-4.35695538057743,1,Ethiopia,ET,ET,8,38,ET,4,"Shanghai, Shanghai, China",CH,CH23,31.2222,121.458,-1924465,1,Congo,CF,CF,-1,15,CF,20230330,https://foreignpolicy.com/2023/03/30/chimbolo-gold-mine-attack-central-african-republic-china-russia-wagner-group/
1092333533,20230330,202303,2023,2023.2466,ETH,ETHIOPIA,ETH,,,,,,,,CHNCVL,CHINA,CHN,,,,,CVL,,,0,190,190,19,4,-10.0,1,1,1,-4.35695538057743,4,"Shanghai, Shanghai, China",CH,CH23,31.2222,121.458,-1924465,4,"Shanghai, Shanghai, China",CH,CH23,31.2222,121.458,-1924465,4,"Shanghai, Shanghai, China",CH,CH23,31.2222,121.458,-1924465,20230330,https://foreignpolicy.com/2023/03/30/chimbolo-gold-mine-attack-central-african-republic-china-russia-wagner-group/
1092333534,20230330,202303,2023,2023.2466,ETH,ETHIOPIA,ETH,,,,,,,,CHNCVL,CHINA,CHN,,,,,CVL,,,0,190,190,19,4,-10.0,1,1,1,-4.35695538057743,1,Ethiopia,ET,ET,8,38,ET,4,"Shanghai, Shanghai, China",CH,CH23,31.2222,121.458,-1924465,1,Congo,CF,CF,-1,15,CF,20230330,https://foreignpolicy.com/2023/03/30/chimbolo-gold-mine-attack-central-african-republic-china-russia-wagner-group/
1092333565,20230330,202303,2023,2023.2466,GAB,GABON,GAB,,,,,,,,BUS,INDUSTRY,,,,,,BUS,,,0,181,181,18,4,-9.0,1,1,1,-4.35695538057743,1,Cameroon,CM,CM,6,12,CM,4,"Shanghai, Shanghai, China",CH,CH23,31.2222,121.458,-1924465,1,Malawi,MI,MI,-13.5,34,MI,20230330,https://foreignpolicy.com/2023/03/30/chimbolo-gold-mine-attack-central-african-republic-china-russia-wagner-group/
1092333566,20230330,202303,2023,2023.2466,GAB,GABON,GAB,,,,,,,,BUS,INDUSTRY,,,,,,BUS,,,0,181,181,18,4,-9.0,2,1,2,-4.35695538057743,1,Gabon,GB,GB,-1,11.75,GB,4,"Shanghai, Shanghai, China",CH,CH23,31.2222,121.458,-1924465,1,Nigeria,NI,NI,10,8,NI,20230330,https://foreignpolicy.com/2023/03/30/chimbolo-gold-mine-attack-central-african-republic-china-russia-wagner-group/
1092333567,20230330,202303,2023,2023.2466,GAB,GABON,GAB,,,,,,,,CHNCVL,CHINA,CHN,,,,,CVL,,,0,181,181,18,4,-9.0,1,1,1,-4.35695538057743,4,"Shanghai, Shanghai, China",CH,CH23,31.2222,121.458,-1924465,4,"Shanghai, Shanghai, China",CH,CH23,31.2222,121.458,-1924465,4,"Shanghai, Shanghai, China",CH,CH23,31.2222,121.458,-1924465,20230330,https://foreignpolicy.com/2023/03/30/chimbolo-gold-mine-attack-central-african-republic-china-russia-wagner-group/
1092333568,20230330,202303,2023,2023.2466,GAB,GABON,GAB,,,,,,,,CHNCVL,CHINA,CHN,,,,,CVL,,,0,181,181,18,4,-9.0,1,1,1,-4.35695538057743,1,Gabon,GB,GB,-1,11.75,GB,4,"Shanghai, Shanghai, China",CH,CH23,31.2222,121.458,-1924465,1,Nigeria,NI,NI,10,8,NI,20230330,https://foreignpolicy.com/2023/03/30/chimbolo-gold-mine-attack-central-african-republic-china-russia-wagner-group/
1092333733,20230330,202303,2023,2023.2466,GOV,PRESIDENT,,,,,,GOV,,,CAF,CENTRAL AFRICAN REPUBLIC,CAF,,,,,,,,1,042,042,04,1,1.9,2,1,2,-4.35695538057743,4,"Moscow, Moskva, Russia",RS,RS48,55.7522,37.6156,-2960561,4,"Bambari, Ouaka, Central African Republic",CT,CT11,5.76795,20.6757,-1339188,4,"Moscow, Moskva, Russia",RS,RS48,55.7522,37.6156,-2960561,20230330,https://foreignpolicy.com/2023/03/30/chimbolo-gold-mine-attack-central-african-republic-china-russia-wagner-group/
1092333734,20230330,202303,2023,2023.2466,GOV,GOVERNMENT,,,,,,GOV,,,CAF,BANGUI,CAF,,,,,,,,0,141,141,14,3,-6.5,3,1,3,-4.35695538057743,4,"Bangui, Bangui, Central African Republic",CT,CT18,4.36667,18.5833,-1339562,4,"Bangui, Bangui, Central African Republic",CT,CT18,4.36667,18.5833,-1339562,4,"Bangui, Bangui, Central African Republic",CT,CT18,4.36667,18.5833,-1339562,20230330,https://foreignpolicy.com/2023/03/30/chimbolo-gold-mine-attack-central-african-republic-china-russia-wagner-group/
1092333735,20230330,202303,2023,2023.2466,GOV,GOVERNMENT,,,,,,GOV,,,CAF,BANGUI,CAF,,,,,,,,0,141,141,14,3,-6.5,1,1,1,-4.35695538057743,4,"Chimbolo, Western, Zambia",ZA,ZA03,-11.7333,33.1667,-2280362,4,"Chimbolo, Western, Zambia",ZA,ZA03,-11.7333,33.1667,-2280362,4,"Chimbolo, Western, Zambia",ZA,ZA03,-11.7333,33.1667,-2280362,20230330,https://foreignpolicy.com/2023/03/30/chimbolo-gold-mine-attack-central-african-republic-china-russia-wagner-group/
1092333740,20230330,202303,2023,2023.2466,GOV,GOVERNMENT,,,,,,GOV,,,CHN,CHINESE,CHN,,,,,,,,0,010,010,01,1,0.0,4,1,4,-4.35695538057743,4,"Shanghai, Shanghai, China",CH,CH23,31.2222,121.458,-1924465,4,"Shanghai, Shanghai, China",CH,CH23,31.2222,121.458,-1924465,4,"Shanghai, Shanghai, China",CH,CH23,31.2222,121.458,-1924465,20230330,https://foreignpolicy.com/2023/03/30/chimbolo-gold-mine-attack-central-african-republic-china-russia-wagner-group/
1092333744,20230330,202303,2023,2023.2466,GOV,GOVERNMENT,,,,,,GOV,,,CHN,CHINESE,CHN,,,,,,,,0,061,061,06,2,6.4,2,1,2,-4.35695538057743,4,"Shanghai, Shanghai, China",CH,CH23,31.2222,121.458,-1924465,4,"Shanghai, Shanghai, China",CH,CH23,31.2222,121.458,-1924465,4,"Shanghai, Shanghai, China",CH,CH23,31.2222,121.458,-1924465,20230330,https://foreignpolicy.com/2023/03/30/chimbolo-gold-mine-attack-central-african-republic-china-russia-wagner-group/
1092333745,20230330,202303,2023,2023.2466,GOV,GOVERNMENT,,,,,,GOV,,,CHNBUS,CHINESE,CHN,,,,,BUS,,,0,010,010,01,1,0.0,6,1,6,-4.35695538057743,4,"Shanghai, Shanghai, China",CH,CH23,31.2222,121.458,-1924465,4,"Shanghai, Shanghai, China",CH,CH23,31.2222,121.458,-1924465,4,"Shanghai, Shanghai, China",CH,CH23,31.2222,121.458,-1924465,20230330,https://foreignpolicy.com/2023/03/30/chimbolo-gold-mine-attack-central-african-republic-china-russia-wagner-group/
1092333746,20230330,202303,2023,2023.2466,GOV,GOVERNMENT,,,,,,GOV,,,CHNBUS,CHINESE,CHN,,,,,BUS,,,0,061,061,06,2,6.4,6,1,6,-4.35695538057743,4,"Shanghai, Shanghai, China",CH,CH23,31.2222,121.458,-1924465,4,"Shanghai, Shanghai, China",CH,CH23,31.2222,121.458,-1924465,4,"Shanghai, Shanghai, China",CH,CH23,31.2222,121.458,-1924465,20230330,https://foreignpolicy.com/2023/03/30/chimbolo-gold-mine-attack-central-african-republic-china-russia-wagner-group/
1092333747,20230330,202303,2023,2023.2466,GOV,GOVERNMENT,,,,,,GOV,,,CHNELI,CHINESE,CHN,,,,,ELI,,,0,050,050,05,1,3.5,8,1,8,-4.35695538057743,4,"Bangui, Bangui, Central African Republic",CT,CT18,4.36667,18.5833,-1339562,4,"Shanghai, Shanghai, China",CH,CH23,31.2222,121.458,-1924465,4,"Shanghai, Shanghai, China",CH,CH23,31.2222,121.458,-1924465,20230330,https://foreignpolicy.com/2023/03/30/chimbolo-gold-mine-attack-central-african-republic-china-russia-wagner-group/
1092333748,20230330,202303,2023,2023.2466,GOV,GOVERNMENT,,,,,,GOV,,,CHNELI,CHINA,CHN,,,,,ELI,,,0,050,050,05,1,3.5,2,1,2,-4.35695538057743,4,"Shanghai, Shanghai, China",CH,CH23,31.2222,121.458,-1924465,4,"Bangui, Bangui, Central African Republic",CT,CT18,4.36667,18.5833,-1339562,4,"Bangui, Bangui, Central African Republic",CT,CT18,4.36667,18.5833,-1339562,20230330,https://foreignpolicy.com/2023/03/30/chimbolo-gold-mine-attack-central-african-republic-china-russia-wagner-group/
1092333752,20230330,202303,2023,2023.2466,GOV,PRIME MINISTER,,,,,,GOV,,,CRM,CULPRIT,,,,,,CRM,,,0,112,112,11,3,-2.0,4,1,4,-4.35695538057743,4,"Chimbolo, Western, Zambia",ZA,ZA03,-11.7333,33.1667,-2280362,4,"Ouaka, , Central African Republic",CT,CT00,6.23542,23.0933,-1349265,4,"Ouaka, , Central African Republic",CT,CT00,6.23542,23.0933,-1349265,20230330,https://foreignpolicy.com/2023/03/30/chimbolo-gold-mine-attack-central-african-republic-china-russia-wagner-group/
1092333753,20230330,202303,2023,2023.2466,GOV,PRIME MINISTER,,,,,,GOV,,,CRM,CULPRIT,,,,,,CRM,,,0,112,112,11,3,-2.0,1,1,1,-4.35695538057743,4,"Chimbolo, Western, Zambia",ZA,ZA03,-11.7333,33.1667,-2280362,4,"Ouaka, , Central African Republic",CT,CT00,6.23542,23.0933,-1349265,4,"Chimbolo, Western, Zambia",ZA,ZA03,-11.7333,33.1667,-2280362,20230330,https://foreignpolicy.com/2023/03/30/chimbolo-gold-mine-attack-central-african-republic-china-russia-wagner-group/
1092334118,20230330,202303,2023,2023.2466,KEN,KENYA,KEN,,,,,,,,BUS,INDUSTRY,,,,,,BUS,,,0,181,181,18,4,-9.0,1,1,1,-4.35695538057743,1,Kenya,KE,KE,1,38,KE,4,"Shanghai, Shanghai, China",CH,CH23,31.2222,121.458,-1924465,1,Malawi,MI,MI,-13.5,34,MI,20230330,https://foreignpolicy.com/2023/03/30/chimbolo-gold-mine-attack-central-african-republic-china-russia-wagner-group/
1092334119,20230330,202303,2023,2023.2466,KEN,KENYA,KEN,,,,,,,,BUS,INDUSTRY,,,,,,BUS,,,0,181,181,18,4,-9.0,2,1,2,-4.35695538057743,1,Kenya,KE,KE,1,38,KE,4,"Shanghai, Shanghai, China",CH,CH23,31.2222,121.458,-1924465,1,Nigeria,NI,NI,10,8,NI,20230330,https://foreignpolicy.com/2023/03/30/chimbolo-gold-mine-attack-central-african-republic-china-russia-wagner-group/
1092334120,20230330,202303,2023,2023.2466,KEN,KENYA,KEN,,,,,,,,CHNCVL,CHINA,CHN,,,,,CVL,,,0,181,181,18,4,-9.0,1,1,1,-4.35695538057743,1,Congo,CF,CF,-1,15,CF,4,"Shanghai, Shanghai, China",CH,CH23,31.2222,121.458,-1924465,4,"Shanghai, Shanghai, China",CH,CH23,31.2222,121.458,-1924465,20230330,https://foreignpolicy.com/2023/03/30/chimbolo-gold-mine-attack-central-african-republic-china-russia-wagner-group/
1092334121,20230330,202303,2023,2023.2466,KEN,KENYA,KEN,,,,,,,,CHNCVL,CHINA,CHN,,,,,CVL,,,0,181,181,18,4,-9.0,1,1,1,-4.35695538057743,1,Kenya,KE,KE,1,38,KE,4,"Shanghai, Shanghai, China",CH,CH23,31.2222,121.458,-1924465,1,Nigeria,NI,NI,10,8,NI,20230330,https://foreignpolicy.com/2023/03/30/chimbolo-gold-mine-attack-central-african-republic-china-russia-wagner-group/
1092334139,20230330,202303,2023,2023.2466,LAB,WORKER,,,,,,LAB,,,CAF,BANGUI,CAF,,,,,,,,0,181,181,18,4,-9.0,7,1,7,-4.35695538057743,4,"Bangui, Bangui, Central African Republic",CT,CT18,4.36667,18.5833,-1339562,4,"Bangui, Bangui, Central African Republic",CT,CT18,4.36667,18.5833,-1339562,4,"Bangui, Bangui, Central African Republic",CT,CT18,4.36667,18.5833,-1339562,20230330,https://foreignpolicy.com/2023/03/30/chimbolo-gold-mine-attack-central-african-republic-china-russia-wagner-group/
1092334313,20230330,202303,2023,2023.2466,MOS,ISLAMIC,,,,MOS,,,,,uig,UYGHUR,,,uig,,,,,,0,190,190,19,4,-10.0,10,1,10,-4.35695538057743,4,"Shanghai, Shanghai, China",CH,CH23,31.2222,121.458,-1924465,4,"Shanghai, Shanghai, China",CH,CH23,31.2222,121.458,-1924465,4,"Shanghai, Shanghai, China",CH,CH23,31.2222,121.458,-1924465,20230330,https://foreignpolicy.com/2023/03/30/chimbolo-gold-mine-attack-central-african-republic-china-russia-wagner-group/
1092334316,20230330,202303,2023,2023.2466,MWI,MALAWI,MWI,,,,,,,,BUS,INDUSTRY,,,,,,BUS,,,0,190,190,19,4,-10.0,3,1,3,-4.35695538057743,1,Malawi,MI,MI,-13.5,34,MI,4,"Shanghai, Shanghai, China",CH,CH23,31.2222,121.458,-1924465,1,Congo,CF,CF,-1,15,CF,20230330,https://foreignpolicy.com/2023/03/30/chimbolo-gold-mine-attack-central-african-republic-china-russia-wagner-group/
1092334317,20230330,202303,2023,2023.2466,MWI,MALAWI,MWI,,,,,,,,CHNCVL,CHINA,CHN,,,,,CVL,,,0,190,190,19,4,-10.0,1,1,1,-4.35695538057743,4,"Shanghai, Shanghai, China",CH,CH23,31.2222,121.458,-1924465,4,"Shanghai, Shanghai, China",CH,CH23,31.2222,121.458,-1924465,4,"Shanghai, Shanghai, China",CH,CH23,31.2222,121.458,-1924465,20230330,https://foreignpolicy.com/2023/03/30/chimbolo-gold-mine-attack-central-african-republic-china-russia-wagner-group/
1092334318,20230330,202303,2023,2023.2466,MWI,MALAWI,MWI,,,,,,,,CHNCVL,CHINA,CHN,,,,,CVL,,,0,190,190,19,4,-10.0,1,1,1,-4.35695538057743,1,Malawi,MI,MI,-13.5,34,MI,4,"Shanghai, Shanghai, China",CH,CH23,31.2222,121.458,-1924465,1,Congo,CF,CF,-1,15,CF,20230330,https://foreignpolicy.com/2023/03/30/chimbolo-gold-mine-attack-central-african-republic-china-russia-wagner-group/
1092334338,20230330,202303,2023,2023.2466,NGA,NIGERIA,NGA,,,,,,,,BUS,INDUSTRY,,,,,,BUS,,,0,181,181,18,4,-9.0,1,1,1,-4.35695538057743,1,Nigeria,NI,NI,10,8,NI,4,"Shanghai, Shanghai, China",CH,CH23,31.2222,121.458,-1924465,1,Malawi,MI,MI,-13.5,34,MI,20230330,https://foreignpolicy.com/2023/03/30/chimbolo-gold-mine-attack-central-african-republic-china-russia-wagner-group/
1092334339,20230330,202303,2023,2023.2466,NGA,NIGERIA,NGA,,,,,,,,BUS,INDUSTRY,,,,,,BUS,,,0,181,181,18,4,-9.0,2,1,2,-4.35695538057743,1,Nigeria,NI,NI,10,8,NI,4,"Shanghai, Shanghai, China",CH,CH23,31.2222,121.458,-1924465,1,Nigeria,NI,NI,10,8,NI,20230330,https://foreignpolicy.com/2023/03/30/chimbolo-gold-mine-attack-central-african-republic-china-russia-wagner-group/
1092334340,20230330,202303,2023,2023.2466,NGA,NIGERIA,NGA,,,,,,,,CHNCVL,CHINA,CHN,,,,,CVL,,,0,181,181,18,4,-9.0,1,1,1,-4.35695538057743,4,"Shanghai, Shanghai, China",CH,CH23,31.2222,121.458,-1924465,4,"Shanghai, Shanghai, China",CH,CH23,31.2222,121.458,-1924465,4,"Shanghai, Shanghai, China",CH,CH23,31.2222,121.458,-1924465,20230330,https://foreignpolicy.com/2023/03/30/chimbolo-gold-mine-attack-central-african-republic-china-russia-wagner-group/
1092334341,20230330,202303,2023,2023.2466,NGA,NIGERIA,NGA,,,,,,,,CHNCVL,CHINA,CHN,,,,,CVL,,,0,181,181,18,4,-9.0,1,1,1,-4.35695538057743,1,Nigeria,NI,NI,10,8,NI,4,"Shanghai, Shanghai, China",CH,CH23,31.2222,121.458,-1924465,1,Nigeria,NI,NI,10,8,NI,20230330,https://foreignpolicy.com/2023/03/30/chimbolo-gold-mine-attack-central-african-republic-china-russia-wagner-group/
1092334434,20230330,202303,2023,2023.2466,REB,REBEL FORCE,,,,,,REB,,,GOV,GOVERNMENT,,,,,,GOV,,,0,051,051,05,1,3.4,2,1,2,-4.35695538057743,4,"Beijing, Beijing, China",CH,CH22,39.9289,116.388,-1898541,4,"Beijing, Beijing, China",CH,CH22,39.9289,116.388,-1898541,4,"Beijing, Beijing, China",CH,CH22,39.9289,116.388,-1898541,20230330,https://foreignpolicy.com/2023/03/30/chimbolo-gold-mine-attack-central-african-republic-china-russia-wagner-group/
1092334435,20230330,202303,2023,2023.2466,REB,REBEL FORCE,,,,,,REB,,,GOV,GOVERNMENT,,,,,,GOV,,,0,051,051,05,1,3.4,2,1,2,-4.35695538057743,4,"Moscow, Moskva, Russia",RS,RS48,55.7522,37.6156,-2960561,4,"Moscow, Moskva, Russia",RS,RS48,55.7522,37.6156,-2960561,4,"Beijing, Beijing, China",CH,CH22,39.9289,116.388,-1898541,20230330,https://foreignpolicy.com/2023/03/30/chimbolo-gold-mine-attack-central-african-republic-china-russia-wagner-group/
1092334436,20230330,202303,2023,2023.2466,REB,REBEL FORCE,,,,,,REB,,,GOV,GOVERNMENT,,,,,,GOV,,,0,051,051,05,1,3.4,6,1,6,-4.35695538057743,4,"Moscow, Moskva, Russia",RS,RS48,55.7522,37.6156,-2960561,4,"Moscow, Moskva, Russia",RS,RS48,55.7522,37.6156,-2960561,4,"Moscow, Moskva, Russia",RS,RS48,55.7522,37.6156,-2960561,20230330,https://foreignpolicy.com/2023/03/30/chimbolo-gold-mine-attack-central-african-republic-china-russia-wagner-group/
1092334437,20230330,202303,2023,2023.2466,REB,REBEL FORCE,,,,,,REB,,,GOV,GOVERNMENT,,,,,,GOV,,,0,072,072,07,2,8.3,2,1,2,-4.35695538057743,4,"Beijing, Beijing, China",CH,CH22,39.9289,116.388,-1898541,4,"Beijing, Beijing, China",CH,CH22,39.9289,116.388,-1898541,4,"Beijing, Beijing, China",CH,CH22,39.9289,116.388,-1898541,20230330,https://foreignpolicy.com/2023/03/30/chimbolo-gold-mine-attack-central-african-republic-china-russia-wagner-group/
1092334438,20230330,202303,2023,2023.2466,REB,REBEL FORCE,,,,,,REB,,,GOV,GOVERNMENT,,,,,,GOV,,,0,072,072,07,2,8.3,8,1,8,-4.35695538057743,4,"Moscow, Moskva, Russia",RS,RS48,55.7522,37.6156,-2960561,4,"Moscow, Moskva, Russia",RS,RS48,55.7522,37.6156,-2960561,4,"Moscow, Moskva, Russia",RS,RS48,55.7522,37.6156,-2960561,20230330,https://foreignpolicy.com/2023/03/30/chimbolo-gold-mine-attack-central-african-republic-china-russia-wagner-group/
1092334477,20230330,202303,2023,2023.2466,RUS,RUSSIAN,RUS,,,,,,,,,,,,,,,,,,0,040,040,04,1,1.0,1,1,1,-4.35695538057743,4,"Chimbolo, Western, Zambia",ZA,ZA03,-11.7333,33.1667,-2280362,0,,,,,,,4,"Chimbolo, Western, Zambia",ZA,ZA03,-11.7333,33.1667,-2280362,20230330,https://foreignpolicy.com/2023/03/30/chimbolo-gold-mine-attack-central-african-republic-china-russia-wagner-group/
1092334490,20230330,202303,2023,2023.2466,RUS,RUSSIA,RUS,,,,,,,,CHN,CHINA,CHN,,,,,,,,0,036,036,03,1,4.0,1,1,1,-4.35695538057743,4,"Moscow, Moskva, Russia",RS,RS48,55.7522,37.6156,-2960561,4,"Shanghai, Shanghai, China",CH,CH23,31.2222,121.458,-1924465,4,"Shanghai, Shanghai, China",CH,CH23,31.2222,121.458,-1924465,20230330,https://foreignpolicy.com/2023/03/30/chimbolo-gold-mine-attack-central-african-republic-china-russia-wagner-group/
1092334491,20230330,202303,2023,2023.2466,RUS,RUSSIA,RUS,,,,,,,,CHN,CHINA,CHN,,,,,,,,0,036,036,03,1,4.0,1,1,1,-4.35695538057743,4,"Moscow, Moskva, Russia",RS,RS48,55.7522,37.6156,-2960561,4,"Chimbolo, Western, Zambia",ZA,ZA03,-11.7333,33.1667,-2280362,4,"Moscow, Moskva, Russia",RS,RS48,55.7522,37.6156,-2960561,20230330,https://foreignpolicy.com/2023/03/30/chimbolo-gold-mine-attack-central-african-republic-china-russia-wagner-group/
1092334525,20230330,202303,2023,2023.2466,RUS,MOSCOW,RUS,,,,,,,,RUSGOV,RUSSIAN,RUS,,,,,GOV,,,0,111,111,11,3,-2.0,2,1,2,-4.35695538057743,4,"Moscow, Moskva, Russia",RS,RS48,55.7522,37.6156,-2960561,4,"Moscow, Moskva, Russia",RS,RS48,55.7522,37.6156,-2960561,4,"Chimbolo, Western, Zambia",ZA,ZA03,-11.7333,33.1667,-2280362,20230330,https://foreignpolicy.com/2023/03/30/chimbolo-gold-mine-attack-central-african-republic-china-russia-wagner-group/
1092334541,20230330,202303,2023,2023.2466,RUS,RUSSIAN,RUS,,,,,,,,ZMB,ZAMBIA,ZMB,,,,,,,,0,040,040,04,1,1.0,1,1,1,-4.35695538057743,4,"Chimbolo, Western, Zambia",ZA,ZA03,-11.7333,33.1667,-2280362,4,"Chimbolo, Western, Zambia",ZA,ZA03,-11.7333,33.1667,-2280362,4,"Chimbolo, Western, Zambia",ZA,ZA03,-11.7333,33.1667,-2280362,20230330,https://foreignpolicy.com/2023/03/30/chimbolo-gold-mine-attack-central-african-republic-china-russia-wagner-group/
1092334542,20230330,202303,2023,2023.2466,RUS,RUSSIAN,RUS,,,,,,,,ZMB,ZAMBIA,ZMB,,,,,,,,0,040,040,04,1,1.0,1,1,1,-4.35695538057743,4,"Moscow, Moskva, Russia",RS,RS48,55.7522,37.6156,-2960561,4,"Chimbolo, Western, Zambia",ZA,ZA03,-11.7333,33.1667,-2280362,4,"Moscow, Moskva, Russia",RS,RS48,55.7522,37.6156,-2960561,20230330,https://foreignpolicy.com/2023/03/30/chimbolo-gold-mine-attack-central-african-republic-china-russia-wagner-group/
1092334543,20230330,202303,2023,2023.2466,RUS,MOSCOW,RUS,,,,,,,,ZMB,ZAMBIA,ZMB,,,,,,,,0,043,043,04,1,2.8,1,1,1,-4.35695538057743,4,"Chimbolo, Western, Zambia",ZA,ZA03,-11.7333,33.1667,-2280362,4,"Chimbolo, Western, Zambia",ZA,ZA03,-11.7333,33.1667,-2280362,4,"Chimbolo, Western, Zambia",ZA,ZA03,-11.7333,33.1667,-2280362,20230330,https://foreignpolicy.com/2023/03/30/chimbolo-gold-mine-attack-central-african-republic-china-russia-wagner-group/
1092334544,20230330,202303,2023,2023.2466,RUS,RUSSIA,RUS,,,,,,,,ZMB,ZAMBIA,ZMB,,,,,,,,0,043,043,04,1,2.8,5,1,5,-4.35695538057743,4,"Moscow, Moskva, Russia",RS,RS48,55.7522,37.6156,-2960561,4,"Chimbolo, Western, Zambia",ZA,ZA03,-11.7333,33.1667,-2280362,4,"Moscow, Moskva, Russia",RS,RS48,55.7522,37.6156,-2960561,20230330,https://foreignpolicy.com/2023/03/30/chimbolo-gold-mine-attack-central-african-republic-china-russia-wagner-group/
1092334550,20230330,202303,2023,2023.2466,RUSGOV,RUSSIA,RUS,,,,,GOV,,,CAF,CENTRAL AFRICAN REPUBLIC,CAF,,,,,,,,1,042,042,04,1,1.9,2,1,2,-4.35695538057743,4,"Moscow, Moskva, Russia",RS,RS48,55.7522,37.6156,-2960561,4,"Bambari, Ouaka, Central African Republic",CT,CT11,5.76795,20.6757,-1339188,4,"Moscow, Moskva, Russia",RS,RS48,55.7522,37.6156,-2960561,20230330,https://foreignpolicy.com/2023/03/30/chimbolo-gold-mine-attack-central-african-republic-china-russia-wagner-group/
1092334555,20230330,202303,2023,2023.2466,RUSGOV,RUSSIA,RUS,,,,,GOV,,,ZMB,ZAMBIA,ZMB,,,,,,,,0,040,040,04,1,1.0,4,1,4,-4.35695538057743,4,"Moscow, Moskva, Russia",RS,RS48,55.7522,37.6156,-2960561,4,"Chimbolo, Western, Zambia",ZA,ZA03,-11.7333,33.1667,-2280362,4,"Moscow, Moskva, Russia",RS,RS48,55.7522,37.6156,-2960561,20230330,https://foreignpolicy.com/2023/03/30/chimbolo-gold-mine-attack-central-african-republic-china-russia-wagner-group/
1092334646,20230330,202303,2023,2023.2466,UAF,ARMED MEN,,,,,,UAF,,,CAF,CENTRAL AFRICAN REPUBLIC,CAF,,,,,,,,1,190,190,19,4,-10.0,2,1,2,-4.35695538057743,4,"Shanghai, Shanghai, China",CH,CH23,31.2222,121.458,-1924465,4,"Shanghai, Shanghai, China",CH,CH23,31.2222,121.458,-1924465,4,"Shanghai, Shanghai, China",CH,CH23,31.2222,121.458,-1924465,20230330,https://foreignpolicy.com/2023/03/30/chimbolo-gold-mine-attack-central-african-republic-china-russia-wagner-group/
1092334650,20230330,202303,2023,2023.2466,UAF,ARMED MEN,,,,,,UAF,,,ZMB,ZAMBIA,ZMB,,,,,,,,1,190,190,19,4,-10.0,6,1,6,-4.35695538057743,4,"Shanghai, Shanghai, China",CH,CH23,31.2222,121.458,-1924465,4,"Shanghai, Shanghai, China",CH,CH23,31.2222,121.458,-1924465,4,"Shanghai, Shanghai, China",CH,CH23,31.2222,121.458,-1924465,20230330,https://foreignpolicy.com/2023/03/30/chimbolo-gold-mine-attack-central-african-republic-china-russia-wagner-group/
1092334701,20230330,202303,2023,2023.2466,USA,UNITED STATES,USA,,,,,,,,,,,,,,,,,,0,036,036,03,1,4.0,2,1,2,1.31944444444445,4,"Bathurst, Banjul, Gambia",GA,GA01,13.4531,-16.5775,-1199434,0,,,,,,,4,"Bathurst, Banjul, Gambia",GA,GA01,13.4531,-16.5775,-1199434,20230330,https://financialpost.com/globe-newswire/puma-exploration-reports-assay-results-from-fall-2022-hq-drilling-and-confirms-non-acid-generating-rock-at-the-lynx-gold-zone
1092334712,20230330,202303,2023,2023.2466,USA,UNITED STATES,USA,,,,,,,,,,,,,,,,,,0,043,043,04,1,2.8,2,1,2,1.31944444444445,4,"Bathurst, Banjul, Gambia",GA,GA01,13.4531,-16.5775,-1199434,0,,,,,,,4,"Bathurst, Banjul, Gambia",GA,GA01,13.4531,-16.5775,-1199434,20230330,https://financialpost.com/globe-newswire/puma-exploration-reports-assay-results-from-fall-2022-hq-drilling-and-confirms-non-acid-generating-rock-at-the-lynx-gold-zone
1092335034,20230330,202303,2023,2023.2466,ZMB,ZAMBIA,ZMB,,,,,,,,BUS,INDUSTRY,,,,,,BUS,,,0,190,190,19,4,-10.0,2,1,2,-4.35695538057743,4,"Chimbolo, Western, Zambia",ZA,ZA03,-11.7333,33.1667,-2280362,4,"Shanghai, Shanghai, China",CH,CH23,31.2222,121.458,-1924465,1,Congo,CF,CF,-1,15,CF,20230330,https://foreignpolicy.com/2023/03/30/chimbolo-gold-mine-attack-central-african-republic-china-russia-wagner-group/
1092335035,20230330,202303,2023,2023.2466,ZMB,ZAMBIA,ZMB,,,,,,,,BUS,INDUSTRY,,,,,,BUS,,,0,190,190,19,4,-10.0,1,1,1,-4.35695538057743,1,Zimbabwe,ZI,ZI,-19,29,ZI,4,"Shanghai, Shanghai, China",CH,CH23,31.2222,121.458,-1924465,1,Congo,CF,CF,-1,15,CF,20230330,https://foreignpolicy.com/2023/03/30/chimbolo-gold-mine-attack-central-african-republic-china-russia-wagner-group/
1092335036,20230330,202303,2023,2023.2466,ZMB,ZAMBIA,ZMB,,,,,,,,CAF,CENTRAL AFRICAN REPUBLIC,CAF,,,,,,,,0,141,141,14,3,-6.5,5,1,5,-4.35695538057743,4,"Chimbolo, Western, Zambia",ZA,ZA03,-11.7333,33.1667,-2280362,4,"Bangui, Bangui, Central African Republic",CT,CT18,4.36667,18.5833,-1339562,4,"Bangui, Bangui, Central African Republic",CT,CT18,4.36667,18.5833,-1339562,20230330,https://foreignpolicy.com/2023/03/30/chimbolo-gold-mine-attack-central-african-republic-china-russia-wagner-group/
1092335037,20230330,202303,2023,2023.2466,ZMB,ZAMBIA,ZMB,,,,,,,,CAF,BANGUI,CAF,,,,,,,,0,141,141,14,3,-6.5,1,1,1,-4.35695538057743,4,"Moscow, Moskva, Russia",RS,RS48,55.7522,37.6156,-2960561,4,"Chimbolo, Western, Zambia",ZA,ZA03,-11.7333,33.1667,-2280362,4,"Chimbolo, Western, Zambia",ZA,ZA03,-11.7333,33.1667,-2280362,20230330,https://foreignpolicy.com/2023/03/30/chimbolo-gold-mine-attack-central-african-republic-china-russia-wagner-group/
1092335038,20230330,202303,2023,2023.2466,ZMB,ZAMBIA,ZMB,,,,,,,,CHN,CHINA,CHN,,,,,,,,0,036,036,03,1,4.0,5,1,5,-4.35695538057743,4,"Chimbolo, Western, Zambia",ZA,ZA03,-11.7333,33.1667,-2280362,4,"Shanghai, Shanghai, China",CH,CH23,31.2222,121.458,-1924465,4,"Shanghai, Shanghai, China",CH,CH23,31.2222,121.458,-1924465,20230330,https://foreignpolicy.com/2023/03/30/chimbolo-gold-mine-attack-central-african-republic-china-russia-wagner-group/
1092335039,20230330,202303,2023,2023.2466,ZMB,ZAMBIA,ZMB,,,,,,,,CHN,CHINA,CHN,,,,,,,,0,036,036,03,1,4.0,1,1,1,-4.35695538057743,4,"Moscow, Moskva, Russia",RS,RS48,55.7522,37.6156,-2960561,4,"Chimbolo, Western, Zambia",ZA,ZA03,-11.7333,33.1667,-2280362,4,"Moscow, Moskva, Russia",RS,RS48,55.7522,37.6156,-2960561,20230330,https://foreignpolicy.com/2023/03/30/chimbolo-gold-mine-attack-central-african-republic-china-russia-wagner-group/
1092335040,20230330,202303,2023,2023.2466,ZMB,ZAMBIA,ZMB,,,,,,,,CHN,CHINESE,CHN,,,,,,,,0,190,190,19,4,-10.0,1,1,1,-4.35695538057743,4,"Beijing, Beijing, China",CH,CH22,39.9289,116.388,-1898541,4,"Chimbolo, Western, Zambia",ZA,ZA03,-11.7333,33.1667,-2280362,4,"Beijing, Beijing, China",CH,CH22,39.9289,116.388,-1898541,20230330,https://foreignpolicy.com/2023/03/30/chimbolo-gold-mine-attack-central-african-republic-china-russia-wagner-group/
1092335041,20230330,202303,2023,2023.2466,ZMB,ZAMBIA,ZMB,,,,,,,,CHN,CHINESE,CHN,,,,,,,,0,190,190,19,4,-10.0,1,1,1,-4.35695538057743,4,"Chimbolo, Western, Zambia",ZA,ZA03,-11.7333,33.1667,-2280362,4,"Beijing, Beijing, China",CH,CH22,39.9289,116.388,-1898541,4,"Chimbolo, Western, Zambia",ZA,ZA03,-11.7333,33.1667,-2280362,20230330,https://foreignpolicy.com/2023/03/30/chimbolo-gold-mine-attack-central-african-republic-china-russia-wagner-group/
1092335042,20230330,202303,2023,2023.2466,ZMB,ZAMBIA,ZMB,,,,,,,,CHNCVL,CHINA,CHN,,,,,CVL,,,0,190,190,19,4,-10.0,1,1,1,-4.35695538057743,4,"Shanghai, Shanghai, China",CH,CH23,31.2222,121.458,-1924465,4,"Shanghai, Shanghai, China",CH,CH23,31.2222,121.458,-1924465,4,"Shanghai, Shanghai, China",CH,CH23,31.2222,121.458,-1924465,20230330,https://foreignpolicy.com/2023/03/30/chimbolo-gold-mine-attack-central-african-republic-china-russia-wagner-group/
1092335043,20230330,202303,2023,2023.2466,ZMB,ZAMBIA,ZMB,,,,,,,,CHNCVL,CHINA,CHN,,,,,CVL,,,0,190,190,19,4,-10.0,4,1,4,-4.35695538057743,4,"Chimbolo, Western, Zambia",ZA,ZA03,-11.7333,33.1667,-2280362,4,"Beijing, Beijing, China",CH,CH22,39.9289,116.388,-1898541,4,"Chimbolo, Western, Zambia",ZA,ZA03,-11.7333,33.1667,-2280362,20230330,https://foreignpolicy.com/2023/03/30/chimbolo-gold-mine-attack-central-african-republic-china-russia-wagner-group/
1092335044,20230330,202303,2023,2023.2466,ZMB,ZAMBIA,ZMB,,,,,,,,CHNCVL,CHINA,CHN,,,,,CVL,,,0,190,190,19,4,-10.0,1,1,1,-4.35695538057743,4,"Chimbolo, Western, Zambia",ZA,ZA03,-11.7333,33.1667,-2280362,4,"Shanghai, Shanghai, China",CH,CH23,31.2222,121.458,-1924465,1,Congo,CF,CF,-1,15,CF,20230330,https://foreignpolicy.com/2023/03/30/chimbolo-gold-mine-attack-central-african-republic-china-russia-wagner-group/
1092335045,20230330,202303,2023,2023.2466,ZMB,ZAMBIA,ZMB,,,,,,,,RUS,RUSSIAN,RUS,,,,,,,,0,040,040,04,1,1.0,1,1,1,-4.35695538057743,4,"Chimbolo, Western, Zambia",ZA,ZA03,-11.7333,33.1667,-2280362,4,"Chimbolo, Western, Zambia",ZA,ZA03,-11.7333,33.1667,-2280362,4,"Chimbolo, Western, Zambia",ZA,ZA03,-11.7333,33.1667,-2280362,20230330,https://foreignpolicy.com/2023/03/30/chimbolo-gold-mine-attack-central-african-republic-china-russia-wagner-group/
1092335046,20230330,202303,2023,2023.2466,ZMB,ZAMBIA,ZMB,,,,,,,,RUS,RUSSIAN,RUS,,,,,,,,0,040,040,04,1,1.0,1,1,1,-4.35695538057743,4,"Chimbolo, Western, Zambia",ZA,ZA03,-11.7333,33.1667,-2280362,4,"Moscow, Moskva, Russia",RS,RS48,55.7522,37.6156,-2960561,4,"Moscow, Moskva, Russia",RS,RS48,55.7522,37.6156,-2960561,20230330,https://foreignpolicy.com/2023/03/30/chimbolo-gold-mine-attack-central-african-republic-china-russia-wagner-group/
1092335047,20230330,202303,2023,2023.2466,ZMB,ZAMBIA,ZMB,,,,,,,,RUS,MOSCOW,RUS,,,,,,,,0,042,042,04,1,1.9,1,1,1,-4.35695538057743,4,"Chimbolo, Western, Zambia",ZA,ZA03,-11.7333,33.1667,-2280362,4,"Chimbolo, Western, Zambia",ZA,ZA03,-11.7333,33.1667,-2280362,4,"Chimbolo, Western, Zambia",ZA,ZA03,-11.7333,33.1667,-2280362,20230330,https://foreignpolicy.com/2023/03/30/chimbolo-gold-mine-attack-central-african-republic-china-russia-wagner-group/
1092335048,20230330,202303,2023,2023.2466,ZMB,ZAMBIA,ZMB,,,,,,,,RUS,RUSSIA,RUS,,,,,,,,0,042,042,04,1,1.9,5,1,5,-4.35695538057743,4,"Chimbolo, Western, Zambia",ZA,ZA03,-11.7333,33.1667,-2280362,4,"Moscow, Moskva, Russia",RS,RS48,55.7522,37.6156,-2960561,4,"Moscow, Moskva, Russia",RS,RS48,55.7522,37.6156,-2960561,20230330,https://foreignpolicy.com/2023/03/30/chimbolo-gold-mine-attack-central-african-republic-china-russia-wagner-group/
1092335049,20230330,202303,2023,2023.2466,ZMB,ZAMBIA,ZMB,,,,,,,,RUS,MOSCOW,RUS,,,,,,,,0,111,111,11,3,-2.0,1,1,1,-4.35695538057743,4,"Chimbolo, Western, Zambia",ZA,ZA03,-11.7333,33.1667,-2280362,4,"Chimbolo, Western, Zambia",ZA,ZA03,-11.7333,33.1667,-2280362,4,"Chimbolo, Western, Zambia",ZA,ZA03,-11.7333,33.1667,-2280362,20230330,https://foreignpolicy.com/2023/03/30/chimbolo-gold-mine-attack-central-african-republic-china-russia-wagner-group/
1092335050,20230330,202303,2023,2023.2466,ZMB,ZAMBIA,ZMB,,,,,,,,RUS,RUSSIA,RUS,,,,,,,,0,111,111,11,3,-2.0,5,1,5,-4.35695538057743,4,"Chimbolo, Western, Zambia",ZA,ZA03,-11.7333,33.1667,-2280362,4,"Moscow, Moskva, Russia",RS,RS48,55.7522,37.6156,-2960561,4,"Chimbolo, Western, Zambia",ZA,ZA03,-11.7333,33.1667,-2280362,20230330,https://foreignpolicy.com/2023/03/30/chimbolo-gold-mine-attack-central-african-republic-china-russia-wagner-group/
1092335051,20230330,202303,2023,2023.2466,ZMB,ZAMBIA,ZMB,,,,,,,,RUS,RUSSIA,RUS,,,,,,,,0,111,111,11,3,-2.0,1,1,1,-4.35695538057743,4,"Chimbolo, Western, Zambia",ZA,ZA03,-11.7333,33.1667,-2280362,4,"Moscow, Moskva, Russia",RS,RS48,55.7522,37.6156,-2960561,4,"Moscow, Moskva, Russia",RS,RS48,55.7522,37.6156,-2960561,20230330,https://foreignpolicy.com/2023/03/30/chimbolo-gold-mine-attack-central-african-republic-china-russia-wagner-group/
1092335052,20230330,202303,2023,2023.2466,ZMB,ZAMBIA,ZMB,,,,,,,,RUS,RUSSIA,RUS,,,,,,,,0,111,111,11,3,-2.0,1,1,1,-4.35695538057743,4,"Moscow, Moskva, Russia",RS,RS48,55.7522,37.6156,-2960561,4,"Moscow, Moskva, Russia",RS,RS48,55.7522,37.6156,-2960561,4,"Moscow, Moskva, Russia",RS,RS48,55.7522,37.6156,-2960561,20230330,https://foreignpolicy.com/2023/03/30/chimbolo-gold-mine-attack-central-african-republic-china-russia-wagner-group/
1092335053,20230330,202303,2023,2023.2466,ZMB,ZAMBIA,ZMB,,,,,,,,RUSGOV,RUSSIA,RUS,,,,,GOV,,,0,040,040,04,1,1.0,4,1,4,-4.35695538057743,4,"Chimbolo, Western, Zambia",ZA,ZA03,-11.7333,33.1667,-2280362,4,"Moscow, Moskva, Russia",RS,RS48,55.7522,37.6156,-2960561,4,"Moscow, Moskva, Russia",RS,RS48,55.7522,37.6156,-2960561,20230330,https://foreignpolicy.com/2023/03/30/chimbolo-gold-mine-attack-central-african-republic-china-russia-wagner-group/
1092335059,20230330,202303,2023,2023.2466,ZWE,ZIMBABWE,ZWE,,,,,,,,BUS,INDUSTRY,,,,,,BUS,,,0,190,190,19,4,-10.0,1,1,1,-4.35695538057743,1,Ethiopia,ET,ET,8,38,ET,4,"Shanghai, Shanghai, China",CH,CH23,31.2222,121.458,-1924465,1,Congo,CF,CF,-1,15,CF,20230330,https://foreignpolicy.com/2023/03/30/chimbolo-gold-mine-attack-central-african-republic-china-russia-wagner-group/
1092335060,20230330,202303,2023,2023.2466,ZWE,ZIMBABWE,ZWE,,,,,,,,BUS,INDUSTRY,,,,,,BUS,,,0,190,190,19,4,-10.0,2,1,2,-4.35695538057743,1,Zimbabwe,ZI,ZI,-19,29,ZI,4,"Shanghai, Shanghai, China",CH,CH23,31.2222,121.458,-1924465,1,Congo,CF,CF,-1,15,CF,20230330,https://foreignpolicy.com/2023/03/30/chimbolo-gold-mine-attack-central-african-republic-china-russia-wagner-group/
1092335061,20230330,202303,2023,2023.2466,ZWE,ZIMBABWE,ZWE,,,,,,,,CHNCVL,CHINA,CHN,,,,,CVL,,,0,190,190,19,4,-10.0,1,1,1,-4.35695538057743,4,"Shanghai, Shanghai, China",CH,CH23,31.2222,121.458,-1924465,4,"Shanghai, Shanghai, China",CH,CH23,31.2222,121.458,-1924465,4,"Shanghai, Shanghai, China",CH,CH23,31.2222,121.458,-1924465,20230330,https://foreignpolicy.com/2023/03/30/chimbolo-gold-mine-attack-central-african-republic-china-russia-wagner-group/
1092335062,20230330,202303,2023,2023.2466,ZWE,ZIMBABWE,ZWE,,,,,,,,CHNCVL,CHINA,CHN,,,,,CVL,,,0,190,190,19,4,-10.0,1,1,1,-4.35695538057743,1,Zimbabwe,ZI,ZI,-19,29,ZI,4,"Shanghai, Shanghai, China",CH,CH23,31.2222,121.458,-1924465,1,Congo,CF,CF,-1,15,CF,20230330,https://foreignpolicy.com/2023/03/30/chimbolo-gold-mine-attack-central-african-republic-china-russia-wagner-group/
1092335176,20230330,202303,2023,2023.2466,,,,,,,,,,,CRM,MAFIA,,,,,,CRM,,,0,173,173,17,4,-5.0,3,1,3,-0.49226441631505,0,,,,,,,4,"Dubai, Dubayy, United Arab Emirates",AE,AE03,25.2522,55.28,-782831,4,"Dubai, Dubayy, United Arab Emirates",AE,AE03,25.2522,55.28,-782831,20230330,https://nehandaradio.com/2023/03/30/who-are-the-gold-mafia-a-cigarette-don-and-a-man-named-dollars/
1092335181,20230330,202303,2023,2023.2466,,,,,,,,,,,CVL,POPULATION,,,,,,CVL,,,1,0353,035,03,1,7.0,10,1,10,4.95689655172414,0,,,,,,,3,"Alfalfa County, Oklahoma, United States",US,USOK,36.7334,-98.3337,1101789,3,"Alfalfa County, Oklahoma, United States",US,USOK,36.7334,-98.3337,1101789,20230330,https://balloon-juice.com/2018/10/29/free-gold-in-oklahoma/
1092335331,20230330,202303,2023,2023.2466,,,,,,,,,,,SAU,JEDDAH,SAU,,,,,,,,1,042,042,04,1,1.9,10,1,10,-5.23255813953489,0,,,,,,,1,Bahrain,BA,BA,26,50.5,BA,1,Bahrain,BA,BA,26,50.5,BA,20230330,https://www.thehindu.com/news/national/kerala/5-kg-of-gold-seized-at-karipur-airport/article66680580.ece
1092335437,20230330,202303,2023,2023.2466,AFR,AFRICA,AFR,,,,,,,,QATMED,AL JAZEERA,QAT,,,,,MED,,,0,013,013,01,1,0.4,4,1,4,-0.49226441631505,1,South Africa,SF,SF,-30,26,SF,1,Zimbabwe,ZI,ZI,-19,29,ZI,1,Zimbabwe,ZI,ZI,-19,29,ZI,20230330,https://nehandaradio.com/2023/03/30/who-are-the-gold-mafia-a-cigarette-don-and-a-man-named-dollars/
1092335812,20230330,202303,2023,2023.2466,CRM,MAFIA,,,,,,CRM,,,ARE,DUBAI,ARE,,,,,,,,0,173,173,17,4,-5.0,8,2,8,-0.491746243245245,4,"Dubai, Dubayy, United Arab Emirates",AE,AE03,25.2522,55.28,-782831,4,"Dubai, Dubayy, United Arab Emirates",AE,AE03,25.2522,55.28,-782831,4,"Dubai, Dubayy, United Arab Emirates",AE,AE03,25.2522,55.28,-782831,20230330,https://nehandaradio.com/2023/03/30/who-are-the-gold-mafia-a-cigarette-don-and-a-man-named-dollars/
1092335813,20230330,202303,2023,2023.2466,CRM,MAFIA,,,,,,CRM,,,ARE,DUBAI,ARE,,,,,,,,0,173,173,17,4,-5.0,2,2,2,-0.491746243245245,4,"Dubai, Dubayy, United Arab Emirates",AE,AE03,25.2522,55.28,-782831,1,Zimbabwe,ZI,ZI,-19,29,ZI,4,"Dubai, Dubayy, United Arab Emirates",AE,AE03,25.2522,55.28,-782831,20230330,https://nehandaradio.com/2023/03/30/who-are-the-gold-mafia-a-cigarette-don-and-a-man-named-dollars/
1092336086,20230330,202303,2023,2023.2466,GBR,UNITED KINGDOM,GBR,,,,,,,,,,,,,,,,,,1,040,040,04,1,1.0,28,14,28,0,4,"Southwark, Southwark, United Kingdom",UK,UKM8,51.5,-0.083333,-2608353,0,,,,,,,4,"Southwark, Southwark, United Kingdom",UK,UKM8,51.5,-0.083333,-2608353,20230330,https://www.hulldailymail.co.uk/news/uk-world-news/council-bans-goldfish-fairs-because-8307500
1092336101,20230330,202303,2023,2023.2466,GBR,UNITED KINGDOM,GBR,,,,,,,,,,,,,,,,,,1,172,172,17,4,-5.0,28,14,28,0,4,"Southwark, Southwark, United Kingdom",UK,UKM8,51.5,-0.083333,-2608353,0,,,,,,,4,"Southwark, Southwark, United Kingdom",UK,UKM8,51.5,-0.083333,-2608353,20230330,https://www.hulldailymail.co.uk/news/uk-world-news/council-bans-goldfish-fairs-because-8307500
1092336132,20230330,202303,2023,2023.2466,GBR,UNITED KINGDOM,GBR,,,,,,,,USA,UNITED STATES,USA,,,,,,,,1,193,193,19,4,-10.0,2,1,2,3.59435173299101,1,United Kingdom,UK,UK,54,-4,UK,3,"Hollywood, California, United States",US,USCA,34.0983,-118.327,1660757,1,United Kingdom,UK,UK,54,-4,UK,20230330,https://www.goldderby.com/article/2023/kelly-reilly-yellowstone-emmy-drama-actress/
1092336226,20230330,202303,2023,2023.2466,GOV,CUSTOMS OFFICIAL,,,,,,GOV,,,COP,POLICE,,,,,,COP,,,0,173,173,17,4,-5.0,10,1,10,-5.23255813953489,1,Bahrain,BA,BA,26,50.5,BA,1,Bahrain,BA,BA,26,50.5,BA,1,Bahrain,BA,BA,26,50.5,BA,20230330,https://www.thehindu.com/news/national/kerala/5-kg-of-gold-seized-at-karipur-airport/article66680580.ece
1092336719,20230330,202303,2023,2023.2466,MAR,MOROCCO,MAR,,,,,,,,,,,,,,,,,,1,192,192,19,4,-9.5,4,1,4,0.91954022988506,4,"Casablanca, Grand Casablanca, Morocco",MO,MO45,33.59,-7.61,-28159,0,,,,,,,4,"Casablanca, Grand Casablanca, Morocco",MO,MO45,33.59,-7.61,-28159,20230330,https://www.flickeringmyth.com/2023/03/movie-review-spinning-gold-2023/
1092336727,20230330,202303,2023,2023.2466,MED,JOURNALIST,,,,,,MED,,,,,,,,,,,,,1,051,051,05,1,3.4,10,2,10,5.0669344042838,3,"Hollywood, California, United States",US,USCA,34.0983,-118.327,1660757,0,,,,,,,3,"Hollywood, California, United States",US,USCA,34.0983,-118.327,1660757,20230330,https://www.goldderby.com/article/2023/emmy-predictions-matthew-macfadyen-succession/
1092336754,20230330,202303,2023,2023.2466,MED,JOURNALIST,,,,,,MED,,,USA,UNITED STATES,USA,,,,,,,,1,051,051,05,1,3.4,4,1,4,5.55555555555555,3,"Hollywood, California, United States",US,USCA,34.0983,-118.327,1660757,3,"Hollywood, California, United States",US,USCA,34.0983,-118.327,1660757,3,"Hollywood, California, United States",US,USCA,34.0983,-118.327,1660757,20230330,https://www.goldderby.com/article/2023/emmy-predictions-matthew-macfadyen-succession/
1092336888,20230330,202303,2023,2023.2466,NMR,NORTH AMERICA,NMR,,,,,,,,USA,THE US,USA,,,,,,,,1,043,043,04,1,2.8,10,1,10,3.94736842105263,1,Canada,CA,CA,60,-96,CA,1,Canada,CA,CA,60,-96,CA,1,Canada,CA,CA,60,-96,CA,20230330,https://www.etftrends.com/gold-silver-investing-channel/traders-are-placing-bets-on-another-gold-rally/
1092337048,20230330,202303,2023,2023.2466,SAU,JEDDAH,SAU,,,,,,,,,,,,,,,,,,1,043,043,04,1,2.8,10,1,10,-5.23255813953489,4,"Jeddah, Makkah, Saudi Arabia",SA,SA14,21.5169,39.2192,-3096108,0,,,,,,,4,"Malappuram, Andaman and Nicobar Islands, India",IN,IN01,11.7833,92.7167,-2103416,20230330,https://www.thehindu.com/news/national/kerala/5-kg-of-gold-seized-at-karipur-airport/article66680580.ece
1092337205,20230330,202303,2023,2023.2466,USA,OHIO,USA,,,,,,,,,,,,,,,,,,1,051,051,05,1,3.4,4,1,4,6.5015479876161,2,"Ohio, United States",US,USOH,40.3736,-82.7755,OH,0,,,,,,,3,"Springfield, Ohio, United States",US,USOH,39.9242,-83.8088,1065370,20230330,https://www.springfieldnewssun.com/news/northeastern-ffa-chapter-earns-gold-rating-on-national-application/VVLI36KN4BDSRGU2GWTMYML5AY/
1092337473,20230330,202303,2023,2023.2466,USA,THE US,USA,,,,,,,,NMR,NORTH AMERICA,NMR,,,,,,,,1,042,042,04,1,1.9,10,1,10,3.94736842105263,1,Canada,CA,CA,60,-96,CA,1,Canada,CA,CA,60,-96,CA,1,Canada,CA,CA,60,-96,CA,20230330,https://www.etftrends.com/gold-silver-investing-channel/traders-are-placing-bets-on-another-gold-rally/
1092337633,20230330,202303,2023,2023.2466,ZWE,ZIMBABWE,ZWE,,,,,,,,ARE,DUBAI,ARE,,,,,,,,0,173,173,17,4,-5.0,2,2,2,-0.491746243245245,1,Zimbabwe,ZI,ZI,-19,29,ZI,4,"Dubai, Dubayy, United Arab Emirates",AE,AE03,25.2522,55.28,-782831,4,"Dubai, Dubayy, United Arab Emirates",AE,AE03,25.2522,55.28,-782831,20230330,https://nehandaradio.com/2023/03/30/who-are-the-gold-mafia-a-cigarette-don-and-a-man-named-dollars/
1092337634,20230330,202303,2023,2023.2466,ZWE,ZIMBABWE,ZWE,,,,,,,,ARE,DUBAI,ARE,,,,,,,,0,173,173,17,4,-5.0,2,2,2,-0.491746243245245,1,Zimbabwe,ZI,ZI,-19,29,ZI,1,Zimbabwe,ZI,ZI,-19,29,ZI,4,"Dubai, Dubayy, United Arab Emirates",AE,AE03,25.2522,55.28,-782831,20230330,https://nehandaradio.com/2023/03/30/who-are-the-gold-mafia-a-cigarette-don-and-a-man-named-dollars/
1092340311,20230330,202303,2023,2023.2466,DEU,FRANKFORT,DEU,,,,,,,,JUD,ATTORNEY,,,,,,JUD,,,1,173,173,17,4,-5.0,8,1,8,-9.42408376963351,2,"Kentucky, United States",US,USKY,37.669,-84.6514,KY,2,"Kentucky, United States",US,USKY,37.669,-84.6514,KY,2,"Kentucky, United States",US,USKY,37.669,-84.6514,KY,20230330,https://www.lex18.com/news/lex-18-investigates/senate-unanimously-votes-to-convict-ronnie-goldy-on-impeachment
1092340318,20230330,202303,2023,2023.2466,DEU,FRANKFORT,DEU,,,,,,,,USAJUD,UNITED STATES,USA,,,,,JUD,,,1,173,173,17,4,-5.0,2,1,2,-9.42408376963351,2,"Kentucky, United States",US,USKY,37.669,-84.6514,KY,2,"Kentucky, United States",US,USKY,37.669,-84.6514,KY,2,"Kentucky, United States",US,USKY,37.669,-84.6514,KY,20230330,https://www.lex18.com/news/lex-18-investigates/senate-unanimously-votes-to-convict-ronnie-goldy-on-impeachment
1092341098,20230330,202303,2023,2023.2466,LEG,SENATE,,,,,,LEG,,,,,,,,,,,,,1,112,112,11,3,-2.0,3,1,3,-9.42408376963351,2,"Kentucky, United States",US,USKY,37.669,-84.6514,KY,0,,,,,,,2,"Kentucky, United States",US,USKY,37.669,-84.6514,KY,20230330,https://www.lex18.com/news/lex-18-investigates/senate-unanimously-votes-to-convict-ronnie-goldy-on-impeachment
1092341101,20230330,202303,2023,2023.2466,LEG,SENATE,,,,,,LEG,,,,,,,,,,,,,1,173,173,17,4,-5.0,28,3,22,-10.6039200926592,2,"Kentucky, United States",US,USKY,37.669,-84.6514,KY,0,,,,,,,2,"Kentucky, United States",US,USKY,37.669,-84.6514,KY,20230330,https://www.lex18.com/news/lex-18-investigates/senate-unanimously-votes-to-convict-ronnie-goldy-on-impeachment
1092341129,20230330,202303,2023,2023.2466,LEG,SENATE,,,,,,LEG,,,USA,UNITED STATES,USA,,,,,,,,1,112,112,11,3,-2.0,2,1,2,-9.42408376963351,2,"Kentucky, United States",US,USKY,37.669,-84.6514,KY,2,"Kentucky, United States",US,USKY,37.669,-84.6514,KY,2,"Kentucky, United States",US,USKY,37.669,-84.6514,KY,20230330,https://www.lex18.com/news/lex-18-investigates/senate-unanimously-votes-to-convict-ronnie-goldy-on-impeachment
1092341131,20230330,202303,2023,2023.2466,LEG,SENATE,,,,,,LEG,,,USA,UNITED STATES,USA,,,,,,,,1,173,173,17,4,-5.0,8,1,4,-9.42408376963351,2,"Kentucky, United States",US,USKY,37.669,-84.6514,KY,2,"Kentucky, United States",US,USKY,37.669,-84.6514,KY,2,"Kentucky, United States",US,USKY,37.669,-84.6514,KY,20230330,https://www.lex18.com/news/lex-18-investigates/senate-unanimously-votes-to-convict-ronnie-goldy-on-impeachment
1092344461,20230330,202303,2023,2023.2466,EDU,STUDENT,,,,,,EDU,,,PAK,PAKISTAN,PAK,,,,,,,,0,173,173,17,4,-5.0,4,1,4,3.03867403314917,4,"Islamabad, Islamabad, Pakistan",PK,PK08,33.7,73.1667,-2762812,4,"Islamabad, Islamabad, Pakistan",PK,PK08,33.7,73.1667,-2762812,4,"Islamabad, Islamabad, Pakistan",PK,PK08,33.7,73.1667,-2762812,20230330,https://www.radio.gov.pk/30-03-2023/golden-jubilee-of-constitution-of-pakistan-1973-to-be-celebrated-with-national-zeal-fervor-na-speaker
1092345139,20230330,202303,2023,2023.2466,LEG,NATIONAL ASSEMBLY,,,,,,LEG,,,PAK,PAKISTAN,PAK,,,,,,,,1,051,051,05,1,3.4,4,1,4,3.03867403314917,4,"Islamabad, Islamabad, Pakistan",PK,PK08,33.7,73.1667,-2762812,4,"Islamabad, Islamabad, Pakistan",PK,PK08,33.7,73.1667,-2762812,4,"Islamabad, Islamabad, Pakistan",PK,PK08,33.7,73.1667,-2762812,20230330,https://www.radio.gov.pk/30-03-2023/golden-jubilee-of-constitution-of-pakistan-1973-to-be-celebrated-with-national-zeal-fervor-na-speaker
1092345186,20230330,202303,2023,2023.2466,MED,MEDIA,,,,,,MED,,,BUSMED,COMPANY,,,,,,BUS,MED,,1,084,084,08,2,7.0,30,3,30,4.34219032283025,1,Australia,AS,AS,-25,135,AS,1,Australia,AS,AS,-25,135,AS,1,Australia,AS,AS,-25,135,AS,20230330,https://www.streetinsider.com/PRNewswire/GOLD+FIELDS+PUBLISHES+ITS+SUITE+OF+ANNUAL+REPORTS/21441869.html
1092345204,20230330,202303,2023,2023.2466,MED,MEDIA,,,,,,MED,,,PAK,PAKISTAN,PAK,,,,,,,,1,051,051,05,1,3.4,4,1,4,3.03867403314917,4,"Islamabad, Islamabad, Pakistan",PK,PK08,33.7,73.1667,-2762812,4,"Islamabad, Islamabad, Pakistan",PK,PK08,33.7,73.1667,-2762812,4,"Islamabad, Islamabad, Pakistan",PK,PK08,33.7,73.1667,-2762812,20230330,https://www.radio.gov.pk/30-03-2023/golden-jubilee-of-constitution-of-pakistan-1973-to-be-celebrated-with-national-zeal-fervor-na-speaker
1092345205,20230330,202303,2023,2023.2466,MED,MEDIA,,,,,,MED,,,PAKLEG,ISLAMABAD,PAK,,,,,LEG,,,1,051,051,05,1,3.4,6,1,6,3.03867403314917,4,"Islamabad, Islamabad, Pakistan",PK,PK08,33.7,73.1667,-2762812,4,"Islamabad, Islamabad, Pakistan",PK,PK08,33.7,73.1667,-2762812,4,"Islamabad, Islamabad, Pakistan",PK,PK08,33.7,73.1667,-2762812,20230330,https://www.radio.gov.pk/30-03-2023/golden-jubilee-of-constitution-of-pakistan-1973-to-be-celebrated-with-national-zeal-fervor-na-speaker
1092345384,20230330,202303,2023,2023.2466,PAKLEG,PAKISTAN,PAK,,,,,LEG,,,PAK,PAKISTAN,PAK,,,,,,,,1,051,051,05,1,3.4,1,1,1,3.03867403314917,4,"Islamabad, Islamabad, Pakistan",PK,PK08,33.7,73.1667,-2762812,4,"Islamabad, Islamabad, Pakistan",PK,PK08,33.7,73.1667,-2762812,4,"Islamabad, Islamabad, Pakistan",PK,PK08,33.7,73.1667,-2762812,20230330,https://www.radio.gov.pk/30-03-2023/golden-jubilee-of-constitution-of-pakistan-1973-to-be-celebrated-with-national-zeal-fervor-na-speaker
1092345914,20230330,202303,2023,2023.2466,USA,KENTUCKY,USA,,,,,,,,JUD,PROSECUTOR,,,,,,JUD,,,1,173,173,17,4,-5.0,8,1,8,-16.2162162162162,2,"Kentucky, United States",US,USKY,37.669,-84.6514,KY,2,"Kentucky, United States",US,USKY,37.669,-84.6514,KY,2,"Kentucky, United States",US,USKY,37.669,-84.6514,KY,20230330,https://www.whas11.com/article/news/local/prosecutor-impeachment-kentucky-ronnie-goldy-jr-nudes/417-2c7a0a39-5ff1-4b4a-abe5-90e7f6bd2d20
1092347355,20230330,202303,2023,2023.2466,,,,,,,,,,,BUS,COMPANIES,,,,,,BUS,,,0,112,112,11,3,-2.0,2,2,2,-1.72078836458472,0,,,,,,,4,"Arla, Sodermanland, Sweden",SW,SW18,59.2833,16.6667,-2468402,1,Denmark,DA,DA,56,10,DA,20230330,https://www.just-drinks.com/comment/goldilocks-and-the-eu-green-claims-crunch/
1092347381,20230330,202303,2023,2023.2466,,,,,,,,,,,DNK,DANISH,DNK,,,,,,,,0,112,112,11,3,-2.0,4,2,4,-1.72078836458472,0,,,,,,,4,"Arla, Sodermanland, Sweden",SW,SW18,59.2833,16.6667,-2468402,1,Denmark,DA,DA,56,10,DA,20230330,https://www.just-drinks.com/comment/goldilocks-and-the-eu-green-claims-crunch/
1092347382,20230330,202303,2023,2023.2466,,,,,,,,,,,DNK,DANISH,DNK,,,,,,,,0,112,112,11,3,-2.0,10,2,10,-1.72078836458472,0,,,,,,,1,Denmark,DA,DA,56,10,DA,1,Denmark,DA,DA,56,10,DA,20230330,https://www.just-drinks.com/comment/goldilocks-and-the-eu-green-claims-crunch/
1092347473,20230330,202303,2023,2023.2466,,,,,,,,,,,SWE,SWEDEN,SWE,,,,,,,,0,112,112,11,3,-2.0,4,2,4,-1.72078836458472,0,,,,,,,4,"Arla, Sodermanland, Sweden",SW,SW18,59.2833,16.6667,-2468402,1,Denmark,DA,DA,56,10,DA,20230330,https://www.just-drinks.com/comment/goldilocks-and-the-eu-green-claims-crunch/
1092347474,20230330,202303,2023,2023.2466,,,,,,,,,,,SWE,SWEDEN,SWE,,,,,,,,0,172,172,17,4,-5.0,12,2,12,-1.72078836458472,0,,,,,,,4,"Arla, Sodermanland, Sweden",SW,SW18,59.2833,16.6667,-2468402,4,"Arla, Sodermanland, Sweden",SW,SW18,59.2833,16.6667,-2468402,20230330,https://www.just-drinks.com/comment/goldilocks-and-the-eu-green-claims-crunch/
1092347600,20230330,202303,2023,2023.2466,BEL,BRUSSELS,BEL,,,,,,,,,,,,,,,,,,1,060,060,06,2,6.0,11,4,11,0.230800786261105,4,"Brussels, Bruxelles-Capitale, Belgium",BE,BE11,50.8333,4.33333,-1955538,0,,,,,,,4,"Brussels, Bruxelles-Capitale, Belgium",BE,BE11,50.8333,4.33333,-1955538,20230330,https://www.just-drinks.com/comment/goldilocks-and-the-eu-green-claims-crunch/
1092348106,20230330,202303,2023,2023.2466,GBREDU,UNITED KINGDOM,GBR,,,,,EDU,,,GOV,ADVISORY BOARD,,,,,,GOV,,,0,040,040,04,1,1.0,15,3,15,-1.69226561831854,4,"London, London, City of, United Kingdom",UK,UKH9,51.5,-0.116667,-2601889,4,"London, London, City of, United Kingdom",UK,UKH9,51.5,-0.116667,-2601889,4,"London, London, City of, United Kingdom",UK,UKH9,51.5,-0.116667,-2601889,20230330,https://www.just-drinks.com/comment/goldilocks-and-the-eu-green-claims-crunch/
1092348182,20230330,202303,2023,2023.2466,GOV,ADVISORY BOARD,,,,,,GOV,,,GBREDU,UNITED KINGDOM,GBR,,,,,EDU,,,0,040,040,04,1,1.0,15,3,15,-1.69226561831854,4,"London, London, City of, United Kingdom",UK,UKH9,51.5,-0.116667,-2601889,4,"London, London, City of, United Kingdom",UK,UKH9,51.5,-0.116667,-2601889,4,"London, London, City of, United Kingdom",UK,UKH9,51.5,-0.116667,-2601889,20230330,https://www.just-drinks.com/comment/goldilocks-and-the-eu-green-claims-crunch/
1092348221,20230330,202303,2023,2023.2466,GOV,PRESIDENT,,,,,,GOV,,,USA,UNITED STATES,USA,,,,,,,,1,040,040,04,1,1.0,4,1,4,7.31707317073171,1,Mexico,MX,MX,23,-102,MX,1,Mexico,MX,MX,23,-102,MX,1,Mexico,MX,MX,23,-102,MX,20230330,https://www.proactiveinvestors.com/companies/news/1010804/chesapeake-gold-discusses-latest-proof-of-concept-at-metates-gold-silver-project-1010804.html
1092348318,20230330,202303,2023,2023.2466,IGOEUREEC,THE EU,EUR,EEC,,,,IGO,,,,,,,,,,,,,0,020,020,02,1,3.0,30,3,30,-1.69226561831854,4,"London, London, City of, United Kingdom",UK,UKH9,51.5,-0.116667,-2601889,0,,,,,,,4,"London, London, City of, United Kingdom",UK,UKH9,51.5,-0.116667,-2601889,20230330,https://www.just-drinks.com/comment/goldilocks-and-the-eu-green-claims-crunch/
1092348319,20230330,202303,2023,2023.2466,IGOEUREEC,EUROPEAN COMMISSION,EUR,EEC,,,,IGO,,,BEL,BRUSSELS,BEL,,,,,,,,1,010,010,01,1,0.0,30,3,30,-1.69226561831854,4,"London, London, City of, United Kingdom",UK,UKH9,51.5,-0.116667,-2601889,4,"London, London, City of, United Kingdom",UK,UKH9,51.5,-0.116667,-2601889,4,"London, London, City of, United Kingdom",UK,UKH9,51.5,-0.116667,-2601889,20230330,https://www.just-drinks.com/comment/goldilocks-and-the-eu-green-claims-crunch/
1092348586,20230330,202303,2023,2023.2466,MAR,MOROCCO,MAR,,,,,,,,MIL,DESTROYER,,,,,,MIL,,,1,010,010,01,1,0.0,20,5,20,0.42134831460674,4,"Casablanca, Grand Casablanca, Morocco",MO,MO45,33.59,-7.61,-28159,4,"Casablanca, Grand Casablanca, Morocco",MO,MO45,33.59,-7.61,-28159,4,"Casablanca, Grand Casablanca, Morocco",MO,MO45,33.59,-7.61,-28159,20230330,https://ultimateclassicrock.com/kiss-beth-spinning-gold/
1092349146,20230330,202303,2023,2023.2466,USA,UNITED STATES,USA,,,,,,,,,,,,,,,,,,1,125,125,12,3,-5.0,6,2,6,-1.65300546448087,2,"Mississippi, United States",US,USMS,32.7673,-89.6812,MS,0,,,,,,,2,"Mississippi, United States",US,USMS,32.7673,-89.6812,MS,20230330,https://www.vibe.com/news/entertainment/whoopi-goldberg-charlamagne-defend-snoop-news-anchor-1234745580/
1092350869,20230330,202303,2023,2023.2466,BUS,COMPANY,,,,,,BUS,,,,,,,,,,,,,1,084,084,08,2,7.0,15,2,15,3.39945587574949,4,"Vancouver, British Columbia, Canada",CA,CA02,49.25,-123.133,-575268,0,,,,,,,4,"Vancouver, British Columbia, Canada",CA,CA02,49.25,-123.133,-575268,20230330,https://www.chroniclejournal.com/news/local/firm-expecting-millions-in-pre-pay-for-gold/article_f8080768-cea4-11ed-bc0e-aff014e877eb.html
1092352404,20230330,202303,2023,2023.2466,USA,UNITED STATES,USA,,,,,,,,,,,,,,,,,,1,040,040,04,1,1.0,8,2,8,6.32216723766019,1,Mexico,MX,MX,23,-102,MX,0,,,,,,,1,Mexico,MX,MX,23,-102,MX,20230330,https://www.marketscreener.com/quote/stock/CHESAPEAKE-GOLD-CORP-8235470/news/Chesapeake-Gold-discusses-latest-proof-of-concept-at-Metates-gold-silver-project-43385136/
1092353881,20230330,202303,2023,2023.2466,,,,,,,,,,,CHL,CHILE,CHL,,,,,,,,1,042,042,04,1,1.9,35,6,35,1.59557710907402,0,,,,,,,4,"Inca De Oro, III Region, Chile",CI,CI05,-26.75,-69.9,-884917,4,"Inca De Oro, III Region, Chile",CI,CI05,-26.75,-69.9,-884917,20230330,"https://www.streetinsider.com/Accesswire/Falcon+Acquires+Area+51,+Copper-Gold+Project,+Adjacent+to+Newmont,+Inca+Del+Oro+District+-+Atacama+Region,+Chile/21442166.html"
1092353882,20230330,202303,2023,2023.2466,,,,,,,,,,,CHL,CHILEAN,CHL,,,,,,,,1,042,042,04,1,1.9,125,7,80,1.5910074760077,0,,,,,,,4,"Santiago, Regióetropolitana, Chile",CI,CI12,-33.45,-70.6667,-901202,4,"Santiago, Regióetropolitana, Chile",CI,CI12,-33.45,-70.6667,-901202,20230330,"https://www.streetinsider.com/Accesswire/Falcon+Acquires+Area+51,+Copper-Gold+Project,+Adjacent+to+Newmont,+Inca+Del+Oro+District+-+Atacama+Region,+Chile/21442166.html"
1092354264,20230330,202303,2023,2023.2466,CHL,CHILE,CHL,,,,,,,,,,,,,,,,,,1,043,043,04,1,2.8,27,7,27,1.5910074760077,4,"Quebec, Quebec, Canada",CA,CA10,47.5,-72,-571850,0,,,,,,,4,"Quebec, Quebec, Canada",CA,CA10,47.5,-72,-571850,20230330,"https://www.streetinsider.com/Accesswire/Falcon+Acquires+Area+51,+Copper-Gold+Project,+Adjacent+to+Newmont,+Inca+Del+Oro+District+-+Atacama+Region,+Chile/21442166.html"
1092354265,20230330,202303,2023,2023.2466,CHL,CHILEAN,CHL,,,,,,,,,,,,,,,,,,1,043,043,04,1,2.8,160,7,80,1.5910074760077,4,"Santiago, Regióetropolitana, Chile",CI,CI12,-33.45,-70.6667,-901202,0,,,,,,,4,"Santiago, Regióetropolitana, Chile",CI,CI12,-33.45,-70.6667,-901202,20230330,"https://www.streetinsider.com/Accesswire/Falcon+Acquires+Area+51,+Copper-Gold+Project,+Adjacent+to+Newmont,+Inca+Del+Oro+District+-+Atacama+Region,+Chile/21442166.html"
1092354266,20230330,202303,2023,2023.2466,CHL,CHILE,CHL,,,,,,,,,,,,,,,,,,1,043,043,04,1,2.8,13,6,13,1.59491376685743,1,United States,US,US,39.828175,-98.5795,US,0,,,,,,,1,United States,US,US,39.828175,-98.5795,US,20230330,"https://www.streetinsider.com/Accesswire/Falcon+Acquires+Area+51,+Copper-Gold+Project,+Adjacent+to+Newmont,+Inca+Del+Oro+District+-+Atacama+Region,+Chile/21442166.html"
1092356416,20230330,202303,2023,2023.2466,BUS,SERVER,,,,,,BUS,,,,,,,,,,,,,0,020,020,02,1,3.0,2,1,2,0.6568144499179,1,Ghana,GH,GH,8,-2,GH,0,,,,,,,1,Ghana,GH,GH,8,-2,GH,20230330,https://www.myjoyonline.com/approved-%C2%A25-5bn-not-for-only-defunct-gold-coast-customers-sec/
1092356448,20230330,202303,2023,2023.2466,BUS,SERVER,,,,,,BUS,,,GHA,GHANA,GHA,,,,,,,,1,010,010,01,1,0.0,18,2,18,2.26462590377444,1,Ghana,GH,GH,8,-2,GH,1,Ghana,GH,GH,8,-2,GH,1,Ghana,GH,GH,8,-2,GH,20230330,https://www.myjoyonline.com/approved-%C2%A25-5bn-not-for-only-defunct-gold-coast-customers-sec/
1092356449,20230330,202303,2023,2023.2466,BUS,SERVER,,,,,,BUS,,,GHA,GHANA,GHA,,,,,,,,0,020,020,02,1,3.0,8,1,8,0.6568144499179,1,Ghana,GH,GH,8,-2,GH,1,Ghana,GH,GH,8,-2,GH,1,Ghana,GH,GH,8,-2,GH,20230330,https://www.myjoyonline.com/approved-%C2%A25-5bn-not-for-only-defunct-gold-coast-customers-sec/
1092369176,20230330,202303,2023,2023.2466,,,,,,,,,,,EDU,SCHOOL,,,,,,EDU,,,1,042,042,04,1,1.9,2,1,2,4.12371134020619,0,,,,,,,3,"Caprock High School, Texas, United States",US,USTX,35.1784,-101.804,2008102,3,"Caprock High School, Texas, United States",US,USTX,35.1784,-101.804,2008102,20230330,https://www.newschannel10.com/2023/03/30/caprock-high-school-hosting-annual-golden-spread-drill-meet-saturday/
1092369276,20230330,202303,2023,2023.2466,,,,,,,,,,,USA,UNITED STATES,USA,,,,,,,,1,036,036,03,1,4.0,4,1,4,4.12371134020619,0,,,,,,,3,"Amarillo, Texas, United States",US,USTX,35.222,-101.831,1351066,3,"Caprock High School, Texas, United States",US,USTX,35.1784,-101.804,2008102,20230330,https://www.newschannel10.com/2023/03/30/caprock-high-school-hosting-annual-golden-spread-drill-meet-saturday/
1092369277,20230330,202303,2023,2023.2466,,,,,,,,,,,USA,TEXAS,USA,,,,,,,,1,036,036,03,1,4.0,2,1,2,4.12371134020619,0,,,,,,,2,"Texas, United States",US,USTX,31.106,-97.6475,TX,3,"Caprock High School, Texas, United States",US,USTX,35.1784,-101.804,2008102,20230330,https://www.newschannel10.com/2023/03/30/caprock-high-school-hosting-annual-golden-spread-drill-meet-saturday/
1092369280,20230330,202303,2023,2023.2466,,,,,,,,,,,USA,UNITED STATES,USA,,,,,,,,1,042,042,04,1,1.9,4,1,4,4.12371134020619,0,,,,,,,3,"Caprock High School, Texas, United States",US,USTX,35.1784,-101.804,2008102,3,"Caprock High School, Texas, United States",US,USTX,35.1784,-101.804,2008102,20230330,https://www.newschannel10.com/2023/03/30/caprock-high-school-hosting-annual-golden-spread-drill-meet-saturday/
1092369818,20230330,202303,2023,2023.2466,EDU,SCHOOL,,,,,,EDU,,,USA,UNITED STATES,USA,,,,,,,,1,036,036,03,1,4.0,2,1,2,4.12371134020619,3,"Caprock High School, Texas, United States",US,USTX,35.1784,-101.804,2008102,3,"Amarillo, Texas, United States",US,USTX,35.222,-101.831,1351066,3,"Caprock High School, Texas, United States",US,USTX,35.1784,-101.804,2008102,20230330,https://www.newschannel10.com/2023/03/30/caprock-high-school-hosting-annual-golden-spread-drill-meet-saturday/
1092369819,20230330,202303,2023,2023.2466,EDU,SCHOOL,,,,,,EDU,,,USA,UNITED STATES,USA,,,,,,,,1,036,036,03,1,4.0,2,1,2,4.12371134020619,3,"Caprock High School, Texas, United States",US,USTX,35.1784,-101.804,2008102,2,"Kansas, United States",US,USKS,38.5111,-96.8005,KS,2,"Kansas, United States",US,USKS,38.5111,-96.8005,KS,20230330,https://www.newschannel10.com/2023/03/30/caprock-high-school-hosting-annual-golden-spread-drill-meet-saturday/
1092369820,20230330,202303,2023,2023.2466,EDU,SCHOOL,,,,,,EDU,,,USA,UNITED STATES,USA,,,,,,,,1,036,036,03,1,4.0,2,1,2,4.12371134020619,3,"Caprock High School, Texas, United States",US,USTX,35.1784,-101.804,2008102,2,"Oklahoma, United States",US,USOK,35.5376,-96.9247,OK,2,"Kansas, United States",US,USKS,38.5111,-96.8005,KS,20230330,https://www.newschannel10.com/2023/03/30/caprock-high-school-hosting-annual-golden-spread-drill-meet-saturday/
1092369821,20230330,202303,2023,2023.2466,EDU,SCHOOL,,,,,,EDU,,,USA,TEXAS,USA,,,,,,,,1,036,036,03,1,4.0,2,1,2,4.12371134020619,3,"Caprock High School, Texas, United States",US,USTX,35.1784,-101.804,2008102,2,"Texas, United States",US,USTX,31.106,-97.6475,TX,3,"Caprock High School, Texas, United States",US,USTX,35.1784,-101.804,2008102,20230330,https://www.newschannel10.com/2023/03/30/caprock-high-school-hosting-annual-golden-spread-drill-meet-saturday/
1092369822,20230330,202303,2023,2023.2466,EDU,SCHOOL,,,,,,EDU,,,USA,UNITED STATES,USA,,,,,,,,1,036,036,03,1,4.0,2,1,2,4.12371134020619,2,"Texas, United States",US,USTX,31.106,-97.6475,TX,2,"Kansas, United States",US,USKS,38.5111,-96.8005,KS,3,"Randall County, Texas, United States",US,USTX,34.9667,-101.9,1383976,20230330,https://www.newschannel10.com/2023/03/30/caprock-high-school-hosting-annual-golden-spread-drill-meet-saturday/
1092369823,20230330,202303,2023,2023.2466,EDU,SCHOOL,,,,,,EDU,,,USA,KANSAS,USA,,,,,,,,1,036,036,03,1,4.0,2,1,2,4.12371134020619,2,"Texas, United States",US,USTX,31.106,-97.6475,TX,2,"Kansas, United States",US,USKS,38.5111,-96.8005,KS,2,"Kansas, United States",US,USKS,38.5111,-96.8005,KS,20230330,https://www.newschannel10.com/2023/03/30/caprock-high-school-hosting-annual-golden-spread-drill-meet-saturday/
1092369830,20230330,202303,2023,2023.2466,EDU,SCHOOL,,,,,,EDU,,,USA,UNITED STATES,USA,,,,,,,,1,043,043,04,1,2.8,2,1,2,4.12371134020619,2,"Texas, United States",US,USTX,31.106,-97.6475,TX,2,"Texas, United States",US,USTX,31.106,-97.6475,TX,2,"New Mexico, United States",US,USNM,34.8375,-106.237,NM,20230330,https://www.newschannel10.com/2023/03/30/caprock-high-school-hosting-annual-golden-spread-drill-meet-saturday/
1092370943,20230330,202303,2023,2023.2466,USA,UNITED STATES,USA,,,,,,,,,,,,,,,,,,1,036,036,03,1,4.0,4,1,4,4.12371134020619,3,"Amarillo, Texas, United States",US,USTX,35.222,-101.831,1351066,0,,,,,,,3,"Caprock High School, Texas, United States",US,USTX,35.1784,-101.804,2008102,20230330,https://www.newschannel10.com/2023/03/30/caprock-high-school-hosting-annual-golden-spread-drill-meet-saturday/
1092370944,20230330,202303,2023,2023.2466,USA,TEXAS,USA,,,,,,,,,,,,,,,,,,1,036,036,03,1,4.0,2,1,2,4.12371134020619,2,"New Mexico, United States",US,USNM,34.8375,-106.237,NM,0,,,,,,,2,"Kansas, United States",US,USKS,38.5111,-96.8005,KS,20230330,https://www.newschannel10.com/2023/03/30/caprock-high-school-hosting-annual-golden-spread-drill-meet-saturday/
1092370955,20230330,202303,2023,2023.2466,USA,UNITED STATES,USA,,,,,,,,,,,,,,,,,,1,043,043,04,1,2.8,2,1,2,4.12371134020619,3,"Caprock High School, Texas, United States",US,USTX,35.1784,-101.804,2008102,0,,,,,,,3,"Caprock High School, Texas, United States",US,USTX,35.1784,-101.804,2008102,20230330,https://www.newschannel10.com/2023/03/30/caprock-high-school-hosting-annual-golden-spread-drill-meet-saturday/
1092370956,20230330,202303,2023,2023.2466,USA,UNITED STATES,USA,,,,,,,,,,,,,,,,,,1,043,043,04,1,2.8,2,1,2,4.12371134020619,3,"Caprock High School, Texas, United States",US,USTX,35.1784,-101.804,2008102,0,,,,,,,2,"Texas, United States",US,USTX,31.106,-97.6475,TX,20230330,https://www.newschannel10.com/2023/03/30/caprock-high-school-hosting-annual-golden-spread-drill-meet-saturday/
1092371119,20230330,202303,2023,2023.2466,USA,UNITED STATES,USA,,,,,,,,EDU,SCHOOL,,,,,,EDU,,,1,036,036,03,1,4.0,2,1,2,4.12371134020619,3,"Amarillo, Texas, United States",US,USTX,35.222,-101.831,1351066,3,"Caprock High School, Texas, United States",US,USTX,35.1784,-101.804,2008102,3,"Caprock High School, Texas, United States",US,USTX,35.1784,-101.804,2008102,20230330,https://www.newschannel10.com/2023/03/30/caprock-high-school-hosting-annual-golden-spread-drill-meet-saturday/
1092371120,20230330,202303,2023,2023.2466,USA,TEXAS,USA,,,,,,,,EDU,SCHOOL,,,,,,EDU,,,1,036,036,03,1,4.0,2,1,2,4.12371134020619,2,"Texas, United States",US,USTX,31.106,-97.6475,TX,3,"Caprock High School, Texas, United States",US,USTX,35.1784,-101.804,2008102,3,"Caprock High School, Texas, United States",US,USTX,35.1784,-101.804,2008102,20230330,https://www.newschannel10.com/2023/03/30/caprock-high-school-hosting-annual-golden-spread-drill-meet-saturday/
1092371125,20230330,202303,2023,2023.2466,USA,UNITED STATES,USA,,,,,,,,EDU,SCHOOL,,,,,,EDU,,,1,042,042,04,1,1.9,2,1,2,4.12371134020619,3,"Caprock High School, Texas, United States",US,USTX,35.1784,-101.804,2008102,3,"Caprock High School, Texas, United States",US,USTX,35.1784,-101.804,2008102,3,"Caprock High School, Texas, United States",US,USTX,35.1784,-101.804,2008102,20230330,https://www.newschannel10.com/2023/03/30/caprock-high-school-hosting-annual-golden-spread-drill-meet-saturday/
1092372780,20230330,202303,2023,2023.2466,BRA,BRAZIL,BRA,,,,,,,,,,,,,,,,,,1,020,020,02,1,3.0,10,1,10,-5.3061224489796,1,Venezuela,VE,VE,8,-66,VE,0,,,,,,,1,Venezuela,VE,VE,8,-66,VE,20230330,https://www.mining.com/brazil-to-require-electronic-tax-receipts-for-buying-and-selling-gold/
1092374547,20230330,202303,2023,2023.2466,VEN,VENEZUELA,VEN,,,,,,,,,,,,,,,,,,0,1712,171,17,4,-9.2,2,1,2,-5.3061224489796,1,Venezuela,VE,VE,8,-66,VE,0,,,,,,,1,Venezuela,VE,VE,8,-66,VE,20230330,https://www.mining.com/brazil-to-require-electronic-tax-receipts-for-buying-and-selling-gold/
1092375463,20230323,202303,2023,2023.2274,USA,NEW MEXICO,USA,,,,,,,,nav,NAVAJO,,,nav,,,,,,0,110,110,11,3,-2.0,6,1,6,-0.77120822622108,2,"Colorado, United States",US,USCO,39.0646,-105.327,CO,2,"Colorado, United States",US,USCO,39.0646,-105.327,CO,2,"Colorado, United States",US,USCO,39.0646,-105.327,CO,20230330,https://lawstreetmedia.com/news/agriculture/kinross-and-feds-settle-2015-gold-king-mine-blowout-cercla-suit-for-90m/
1092375464,20230323,202303,2023,2023.2274,USA,NEW MEXICO,USA,,,,,,,,nav,NAVAJO,,,nav,,,,,,0,110,110,11,3,-2.0,2,1,2,-0.77120822622108,2,"Colorado, United States",US,USCO,39.0646,-105.327,CO,1,Netherlands,NL,NL,52.5,5.75,NL,1,Netherlands,NL,NL,52.5,5.75,NL,20230330,https://lawstreetmedia.com/news/agriculture/kinross-and-feds-settle-2015-gold-king-mine-blowout-cercla-suit-for-90m/
1092375465,20230323,202303,2023,2023.2274,USA,NEW MEXICO,USA,,,,,,,,nav,NAVAJO,,,nav,,,,,,0,110,110,11,3,-2.0,2,1,2,-0.77120822622108,2,"New Mexico, United States",US,USNM,34.8375,-106.237,NM,2,"New Mexico, United States",US,USNM,34.8375,-106.237,NM,2,"New Mexico, United States",US,USNM,34.8375,-106.237,NM,20230330,https://lawstreetmedia.com/news/agriculture/kinross-and-feds-settle-2015-gold-king-mine-blowout-cercla-suit-for-90m/
1092375468,20230323,202303,2023,2023.2274,nav,NAVAJO,,,nav,,,,,,USA,NEW MEXICO,USA,,,,,,,,0,110,110,11,3,-2.0,10,1,10,-0.77120822622108,2,"New Mexico, United States",US,USNM,34.8375,-106.237,NM,2,"New Mexico, United States",US,USNM,34.8375,-106.237,NM,2,"New Mexico, United States",US,USNM,34.8375,-106.237,NM,20230330,https://lawstreetmedia.com/news/agriculture/kinross-and-feds-settle-2015-gold-king-mine-blowout-cercla-suit-for-90m/
1092376265,20230330,202303,2023,2023.2466,GOV,GOVERNMENT,,,,,,GOV,,,USA,UNITED STATES,USA,,,,,,,,1,070,070,07,2,7.0,2,1,2,-0.77120822622108,2,"Colorado, United States",US,USCO,39.0646,-105.327,CO,2,"Colorado, United States",US,USCO,39.0646,-105.327,CO,1,Netherlands,NL,NL,52.5,5.75,NL,20230330,https://lawstreetmedia.com/news/agriculture/kinross-and-feds-settle-2015-gold-king-mine-blowout-cercla-suit-for-90m/
1092378146,20230330,202303,2023,2023.2466,,,,,,,,,,,CAN,CANADA,CAN,,,,,,,,1,111,111,11,3,-2.0,4,1,4,0.73421439060206,0,,,,,,,4,"Calgary, Alberta, Canada",CA,CA01,51.0833,-114.083,-561990,4,"Calgary, Alberta, Canada",CA,CA01,51.0833,-114.083,-561990,20230330,https://calgarysun.com/entertainment/celebrity/kate-hudson-slams-critics-of-goldie-hawn-for-labelling-her-as-difficult
1092378226,20230330,202303,2023,2023.2466,,,,,,,,,,,MAR,MOROCCO,MAR,,,,,,,,1,043,043,04,1,2.8,2,1,2,3.57142857142857,0,,,,,,,4,"Casablanca, Grand Casablanca, Morocco",MO,MO45,33.59,-7.61,-28159,4,"Casablanca, Grand Casablanca, Morocco",MO,MO45,33.59,-7.61,-28159,20230330,https://www.nytimes.com/2023/03/30/movies/spinning-gold-review.html
1092378351,20230330,202303,2023,2023.2466,BRA,BRAZIL,BRA,,,,,,,,BUS,COMPANY,,,,,,BUS,,,1,043,043,04,1,2.8,8,1,8,3.03643724696357,4,"Aurizona, MaranhãBR, Brazil",BR,BR13,-1.28333,-45.7667,-626664,4,"Aurizona, MaranhãBR, Brazil",BR,BR13,-1.28333,-45.7667,-626664,4,"Aurizona, MaranhãBR, Brazil",BR,BR13,-1.28333,-45.7667,-626664,20230330,https://www.dailypolitical.com/2023/03/30/equinox-gold-cveeqx-price-target-raised-to-c7-25-at-national-bank-financial.html
1092378363,20230330,202303,2023,2023.2466,BUS,COMPANY,,,,,,BUS,,,BRA,BRAZIL,BRA,,,,,,,,1,042,042,04,1,1.9,8,1,8,3.03643724696357,2,"California, United States",US,USCA,36.17,-119.746,CA,2,"California, United States",US,USCA,36.17,-119.746,CA,2,"California, United States",US,USCA,36.17,-119.746,CA,20230330,https://www.dailypolitical.com/2023/03/30/equinox-gold-cveeqx-price-target-raised-to-c7-25-at-national-bank-financial.html
1092378381,20230330,202303,2023,2023.2466,BUS,COMPANY,,,,,,BUS,,,USA,UNITED STATES,USA,,,,,,,,1,042,042,04,1,1.9,4,1,4,3.03643724696357,4,"Aurizona, MaranhãBR, Brazil",BR,BR13,-1.28333,-45.7667,-626664,3,"Castle Mountain, California, United States",US,USCA,35.9391,-120.34,240332,4,"Aurizona, MaranhãBR, Brazil",BR,BR13,-1.28333,-45.7667,-626664,20230330,https://www.dailypolitical.com/2023/03/30/equinox-gold-cveeqx-price-target-raised-to-c7-25-at-national-bank-financial.html
1092378394,20230330,202303,2023,2023.2466,CAN,CANADA,CAN,,,,,,,,,,,,,,,,,,1,051,051,05,1,3.4,4,1,4,0.73421439060206,4,"Calgary, Alberta, Canada",CA,CA01,51.0833,-114.083,-561990,0,,,,,,,4,"Calgary, Alberta, Canada",CA,CA01,51.0833,-114.083,-561990,20230330,https://calgarysun.com/entertainment/celebrity/kate-hudson-slams-critics-of-goldie-hawn-for-labelling-her-as-difficult
1092378817,20230330,202303,2023,2023.2466,HLH,DOCTOR,,,,,,HLH,,,IND,MUMBAI,IND,,,,,,,,1,173,173,17,4,-5.0,6,1,6,-5.40540540540541,4,"Mumbai, Maharashtra, India",IN,IN16,18.975,72.8258,-2092174,4,"Mumbai, Maharashtra, India",IN,IN16,18.975,72.8258,-2092174,4,"Mumbai, Maharashtra, India",IN,IN16,18.975,72.8258,-2092174,20230330,https://mumbaimirror.indiatimes.com/mumbai/crime/doctor-held-for-stealing-gold-of-techie-who-he-was-dating-in-mumbai/articleshow/81561339.cms
1092378908,20230330,202303,2023,2023.2466,JEW,JEWISH,,,,JEW,,,,,USA,NEW YORK,USA,,,,,,,,1,010,010,01,1,0.0,1,1,1,3.57142857142857,4,"Casablanca, Grand Casablanca, Morocco",MO,MO45,33.59,-7.61,-28159,4,"Casablanca, Grand Casablanca, Morocco",MO,MO45,33.59,-7.61,-28159,4,"Casablanca, Grand Casablanca, Morocco",MO,MO45,33.59,-7.61,-28159,20230330,https://www.nytimes.com/2023/03/30/movies/spinning-gold-review.html
1092378909,20230330,202303,2023,2023.2466,JEW,JEWISH,,,,JEW,,,,,USA,NEW YORK,USA,,,,,,,,1,010,010,01,1,0.0,1,1,1,3.57142857142857,2,"New York, United States",US,USNY,42.1497,-74.9384,NY,2,"New York, United States",US,USNY,42.1497,-74.9384,NY,2,"New York, United States",US,USNY,42.1497,-74.9384,NY,20230330,https://www.nytimes.com/2023/03/30/movies/spinning-gold-review.html
1092379006,20230330,202303,2023,2023.2466,MAR,MOROCCO,MAR,,,,,,,,,,,,,,,,,,1,036,036,03,1,4.0,4,1,4,3.57142857142857,4,"Casablanca, Grand Casablanca, Morocco",MO,MO45,33.59,-7.61,-28159,0,,,,,,,4,"Casablanca, Grand Casablanca, Morocco",MO,MO45,33.59,-7.61,-28159,20230330,https://www.nytimes.com/2023/03/30/movies/spinning-gold-review.html
1092379007,20230330,202303,2023,2023.2466,MAR,MOROCCO,MAR,,,,,,,,,,,,,,,,,,1,042,042,04,1,1.9,2,1,2,3.57142857142857,4,"Casablanca, Grand Casablanca, Morocco",MO,MO45,33.59,-7.61,-28159,0,,,,,,,4,"Casablanca, Grand Casablanca, Morocco",MO,MO45,33.59,-7.61,-28159,20230330,https://www.nytimes.com/2023/03/30/movies/spinning-gold-review.html
1092379361,20230330,202303,2023,2023.2466,USA,UNITED STATES,USA,,,,,,,,BUS,COMPANY,,,,,,BUS,,,1,043,043,04,1,2.8,4,1,4,3.03643724696357,3,"Castle Mountain, California, United States",US,USCA,35.9391,-120.34,240332,4,"Aurizona, MaranhãBR, Brazil",BR,BR13,-1.28333,-45.7667,-626664,4,"Aurizona, MaranhãBR, Brazil",BR,BR13,-1.28333,-45.7667,-626664,20230330,https://www.dailypolitical.com/2023/03/30/equinox-gold-cveeqx-price-target-raised-to-c7-25-at-national-bank-financial.html
1092380690,20230330,202303,2023,2023.2466,AFR,AFRICA,AFR,,,,,,,,BUS,COMPANY,,,,,,BUS,,,1,112,112,11,3,-2.0,4,1,4,-0.49122807017544,1,United States,US,US,39.828175,-98.5795,US,1,Zimbabwe,ZI,ZI,-19,29,ZI,1,Zimbabwe,ZI,ZI,-19,29,ZI,20230330,https://www.newzimbabwe.com/al-jazeera-part-2-who-are-zimbabwes-gold-mafia-a-cigarette-don-and-a-man-named-dollars/
1092380694,20230330,202303,2023,2023.2466,AFR,AFRICA,AFR,,,,,,,,ZWEBUS,ZIMBABWE,ZWE,,,,,BUS,,,1,112,112,11,3,-2.0,1,1,1,-0.49122807017544,1,Zimbabwe,ZI,ZI,-19,29,ZI,1,South Africa,SF,SF,-30,26,SF,1,Zimbabwe,ZI,ZI,-19,29,ZI,20230330,https://www.newzimbabwe.com/al-jazeera-part-2-who-are-zimbabwes-gold-mafia-a-cigarette-don-and-a-man-named-dollars/
1092380695,20230330,202303,2023,2023.2466,AFR,AFRICA,AFR,,,,,,,,ZWEBUS,ZIMBABWE,ZWE,,,,,BUS,,,1,112,112,11,3,-2.0,1,1,1,-0.49122807017544,1,Zimbabwe,ZI,ZI,-19,29,ZI,1,Zimbabwe,ZI,ZI,-19,29,ZI,1,Zimbabwe,ZI,ZI,-19,29,ZI,20230330,https://www.newzimbabwe.com/al-jazeera-part-2-who-are-zimbabwes-gold-mafia-a-cigarette-don-and-a-man-named-dollars/
1092381109,20230330,202303,2023,2023.2466,CVL,VILLAGER,,,,,,CVL,,,REL,MONK,,,,,,,,,1,061,061,06,2,6.4,190,10,190,2.19224283305228,4,"Lisbon, Lisboa, Portugal",PO,PO14,38.7167,-9.13333,-2167973,4,"Lisbon, Lisboa, Portugal",PO,PO14,38.7167,-9.13333,-2167973,4,"Lisbon, Lisboa, Portugal",PO,PO14,38.7167,-9.13333,-2167973,20230330,https://www.couriermail.com.au/lifestyle/i-found-the-best-portuguese-tart-on-the-gold-coast/news-story/52796af9cccf74486c43a96bfa2638d3?nk=5e567d69b2a8f2a7bc9d688d4e5fbc8f-1680204740
1092382247,20230330,202303,2023,2023.2466,QATMED,AL JAZEERA,QAT,,,,,MED,,,CRM,MAFIA,,,,,,CRM,,,0,173,173,17,4,-5.0,3,1,3,-0.49122807017544,4,"Dubai, Dubayy, United Arab Emirates",AE,AE03,25.2522,55.28,-782831,4,"Dubai, Dubayy, United Arab Emirates",AE,AE03,25.2522,55.28,-782831,4,"Dubai, Dubayy, United Arab Emirates",AE,AE03,25.2522,55.28,-782831,20230330,https://www.newzimbabwe.com/al-jazeera-part-2-who-are-zimbabwes-gold-mafia-a-cigarette-don-and-a-man-named-dollars/
1092382267,20230330,202303,2023,2023.2466,REL,MONK,,,,,,,,,CVL,VILLAGER,,,,,,CVL,,,1,061,061,06,2,6.4,190,10,190,2.19224283305228,1,Ghana,GH,GH,8,-2,GH,1,Ghana,GH,GH,8,-2,GH,1,Ghana,GH,GH,8,-2,GH,20230330,https://www.couriermail.com.au/lifestyle/i-found-the-best-portuguese-tart-on-the-gold-coast/news-story/52796af9cccf74486c43a96bfa2638d3?nk=5e567d69b2a8f2a7bc9d688d4e5fbc8f-1680204740
1092382994,20230330,202303,2023,2023.2466,ZAF,SOUTH AFRICAN,ZAF,,,,,,,,BUS,COMPANY,,,,,,BUS,,,1,112,112,11,3,-2.0,2,1,2,-0.49122807017544,1,United States,US,US,39.828175,-98.5795,US,1,Zimbabwe,ZI,ZI,-19,29,ZI,1,Zimbabwe,ZI,ZI,-19,29,ZI,20230330,https://www.newzimbabwe.com/al-jazeera-part-2-who-are-zimbabwes-gold-mafia-a-cigarette-don-and-a-man-named-dollars/
1092382995,20230330,202303,2023,2023.2466,ZAF,SOUTH AFRICAN,ZAF,,,,,,,,ZWEBUS,ZIMBABWE,ZWE,,,,,BUS,,,1,112,112,11,3,-2.0,1,1,1,-0.49122807017544,1,Zimbabwe,ZI,ZI,-19,29,ZI,1,South Africa,SF,SF,-30,26,SF,1,Zimbabwe,ZI,ZI,-19,29,ZI,20230330,https://www.newzimbabwe.com/al-jazeera-part-2-who-are-zimbabwes-gold-mafia-a-cigarette-don-and-a-man-named-dollars/
1092382996,20230330,202303,2023,2023.2466,ZAF,SOUTH AFRICAN,ZAF,,,,,,,,ZWEBUS,ZIMBABWE,ZWE,,,,,BUS,,,1,112,112,11,3,-2.0,1,1,1,-0.49122807017544,1,Zimbabwe,ZI,ZI,-19,29,ZI,1,Zimbabwe,ZI,ZI,-19,29,ZI,1,Zimbabwe,ZI,ZI,-19,29,ZI,20230330,https://www.newzimbabwe.com/al-jazeera-part-2-who-are-zimbabwes-gold-mafia-a-cigarette-don-and-a-man-named-dollars/
1092384057,20230330,202303,2023,2023.2466,BUS,INDUSTRY,,,,,,BUS,,,USA,TEXAS,USA,,,,,,,,1,036,036,03,1,4.0,10,1,10,1.54264972776769,2,"Texas, United States",US,USTX,31.106,-97.6475,TX,2,"Texas, United States",US,USTX,31.106,-97.6475,TX,2,"Texas, United States",US,USTX,31.106,-97.6475,TX,20230330,https://cleantechnica.com/2023/03/30/theyre-drilling-for-liquid-gold-in-texas-but-this-time-it-isnt-oil-its-lithium/
1092384061,20230330,202303,2023,2023.2466,BUSMED,COMPANY,,,,,,BUS,MED,,BUS,BUSINESS,,,,,,BUS,,,0,010,010,01,1,0.0,10,1,10,1.54264972776769,2,"Texas, United States",US,USTX,31.106,-97.6475,TX,2,"Texas, United States",US,USTX,31.106,-97.6475,TX,2,"Texas, United States",US,USTX,31.106,-97.6475,TX,20230330,https://cleantechnica.com/2023/03/30/theyre-drilling-for-liquid-gold-in-texas-but-this-time-it-isnt-oil-its-lithium/
1092384230,20230330,202303,2023,2023.2466,COP,DRUG ENFORCEMENT,,,,,,COP,,,BUS,BANK,,,,,,BUS,,,1,010,010,01,1,0.0,6,1,6,-9.04255319148937,2,"Massachusetts, United States",US,USMA,42.2373,-71.5314,MA,2,"Massachusetts, United States",US,USMA,42.2373,-71.5314,MA,2,"Massachusetts, United States",US,USMA,42.2373,-71.5314,MA,20230330,https://www.newsindiatimes.com/indian-man-from-new-jersey-pleads-guilty-to-conspiring-to-defraud-victim-of-gold/
1092385405,20230330,202303,2023,2023.2466,USA,TEXAS,USA,,,,,,,,BUS,INDUSTRY,,,,,,BUS,,,1,036,036,03,1,4.0,10,1,10,1.54264972776769,2,"Texas, United States",US,USTX,31.106,-97.6475,TX,2,"Texas, United States",US,USTX,31.106,-97.6475,TX,2,"Texas, United States",US,USTX,31.106,-97.6475,TX,20230330,https://cleantechnica.com/2023/03/30/theyre-drilling-for-liquid-gold-in-texas-but-this-time-it-isnt-oil-its-lithium/
1092385447,20230330,202303,2023,2023.2466,USA,UNITED STATES,USA,,,,,,,,COPGOV,DRUG ENFORCEMENT,,,,,,COP,GOV,,1,013,013,01,1,0.4,4,1,4,-9.04255319148937,2,"Massachusetts, United States",US,USMA,42.2373,-71.5314,MA,2,"Massachusetts, United States",US,USMA,42.2373,-71.5314,MA,2,"Massachusetts, United States",US,USMA,42.2373,-71.5314,MA,20230330,https://www.newsindiatimes.com/indian-man-from-new-jersey-pleads-guilty-to-conspiring-to-defraud-victim-of-gold/
1092385450,20230330,202303,2023,2023.2466,USA,NEW JERSEY,USA,,,,,,,,CRM,DRUG TRAFFICKER,,,,,,CRM,,,1,071,071,07,2,7.4,8,1,8,-9.04255319148937,2,"New Jersey, United States",US,USNJ,40.314,-74.5089,NJ,1,India,IN,IN,20,77,IN,2,"Massachusetts, United States",US,USMA,42.2373,-71.5314,MA,20230330,https://www.newsindiatimes.com/indian-man-from-new-jersey-pleads-guilty-to-conspiring-to-defraud-victim-of-gold/
1092385543,20230330,202303,2023,2023.2466,USA,NEW JERSEY,USA,,,,,,,,JUD,FEDERAL COURT,,,,,,JUD,,,1,015,015,01,1,0.0,4,1,4,-9.04255319148937,2,"New Jersey, United States",US,USNJ,40.314,-74.5089,NJ,3,"Springfield, Massachusetts, United States",US,USMA,42.1015,-72.5898,609092,2,"New Jersey, United States",US,USNJ,40.314,-74.5089,NJ,20230330,https://www.newsindiatimes.com/indian-man-from-new-jersey-pleads-guilty-to-conspiring-to-defraud-victim-of-gold/
1092385640,20230330,202303,2023,2023.2466,USA,UNITED STATES,USA,,,,,,,,USAJUD,UNITED STATES,USA,,,,,JUD,,,1,015,015,01,1,0.0,4,1,4,-9.04255319148937,2,"New Jersey, United States",US,USNJ,40.314,-74.5089,NJ,3,"Springfield, Massachusetts, United States",US,USMA,42.1015,-72.5898,609092,2,"New Jersey, United States",US,USNJ,40.314,-74.5089,NJ,20230330,https://www.newsindiatimes.com/indian-man-from-new-jersey-pleads-guilty-to-conspiring-to-defraud-victim-of-gold/
1092387066,20230330,202303,2023,2023.2466,BUS,COMPANY,,,,,,BUS,,,,,,,,,,,,,1,046,046,04,1,7.0,4,1,4,2.05128205128205,4,"Lynn Lake, Manitoba, Canada",CA,CA03,56.85,-101.05,-568413,0,,,,,,,4,"Lynn Lake, Manitoba, Canada",CA,CA03,56.85,-101.05,-568413,20230330,https://markets.financialcontent.com/stocks/article/gnwcq-2023-3-30-alamos-gold-provides-notice-of-first-quarter-2023-results-and-conference-call-and-annual-meeting-of-shareholders
1092387067,20230330,202303,2023,2023.2466,BUS,COMPANY,,,,,,BUS,,,,,,,,,,,,,1,046,046,04,1,7.0,6,1,6,2.05128205128205,4,"Toronto, Ontario, Canada",CA,CA08,43.6667,-79.4167,-574890,0,,,,,,,4,"Lynn Lake, Manitoba, Canada",CA,CA03,56.85,-101.05,-568413,20230330,https://markets.financialcontent.com/stocks/article/gnwcq-2023-3-30-alamos-gold-provides-notice-of-first-quarter-2023-results-and-conference-call-and-annual-meeting-of-shareholders
1092392234,20230330,202303,2023,2023.2466,,,,,,,,,,,USA,UNITED STATES,USA,,,,,,,,0,040,040,04,1,1.0,4,1,4,1.25786163522013,0,,,,,,,3,"Fairbanks, Alaska, United States",US,USAK,64.8378,-147.716,1401958,2,"Alaska, United States",US,USAK,61.385,-152.268,AK,20230330,https://www.juniorminingnetwork.com/junior-miner-news/press-releases/1021-tsx/fvl/138806-freegold-announces-closing-of-16-5-million-brokered-private-placement-financing.html
1092392466,20230330,202303,2023,2023.2466,CHE,SWISS,CHE,,,,,,,,,,,,,,,,,,1,084,084,08,2,7.0,2,1,2,1.98675496688742,4,"Topia, Durango, Mexico",MX,MX10,25.2167,-106.567,-1706353,0,,,,,,,4,"Topia, Durango, Mexico",MX,MX10,25.2167,-106.567,-1706353,20230330,https://www.juniorminingnetwork.com/junior-miner-news/press-releases/1961-tsx-venture/gsvr/138812-guanajuato-silver-closes-new-us-5m-silver-gold-pre-payment-facility-with-ocim.html
1092392938,20230330,202303,2023,2023.2466,GOV,GOVERNMENT,,,,,,GOV,,,BUS,BANK,,,,,,BUS,,,0,084,084,08,2,7.0,4,1,4,-0.5281690140845,1,"Bahamas, The",BF,BF,24,-76,BF,1,"Bahamas, The",BF,BF,24,-76,BF,1,"Bahamas, The",BF,BF,24,-76,BF,20230330,https://www.forbes.com/sites/mikekappel/2023/03/30/behind-the-scenes-of-a-bank-collapse-chaos-panic-and-the-golden-rule/
1092392939,20230330,202303,2023,2023.2466,GOV,GOVERNMENT,,,,,,GOV,,,BUS,BANK,,,,,,BUS,,,0,084,084,08,2,7.0,6,1,6,-0.5281690140845,1,United States,US,US,39.828175,-98.5795,US,1,United States,US,US,39.828175,-98.5795,US,1,United States,US,US,39.828175,-98.5795,US,20230330,https://www.forbes.com/sites/mikekappel/2023/03/30/behind-the-scenes-of-a-bank-collapse-chaos-panic-and-the-golden-rule/
1092392967,20230330,202303,2023,2023.2466,GOV,GOVERNMENT,,,,,,GOV,,,LEG,LAWMAKER,,,,,,LEG,,,0,020,020,02,1,3.0,4,1,4,-0.5281690140845,1,"Bahamas, The",BF,BF,24,-76,BF,1,"Bahamas, The",BF,BF,24,-76,BF,1,"Bahamas, The",BF,BF,24,-76,BF,20230330,https://www.forbes.com/sites/mikekappel/2023/03/30/behind-the-scenes-of-a-bank-collapse-chaos-panic-and-the-golden-rule/
1092393754,20230330,202303,2023,2023.2466,USA,UNITED STATES,USA,,,,,,,,,,,,,,,,,,0,040,040,04,1,1.0,4,1,4,1.25786163522013,3,"Fairbanks, Alaska, United States",US,USAK,64.8378,-147.716,1401958,0,,,,,,,2,"Alaska, United States",US,USAK,61.385,-152.268,AK,20230330,https://www.juniorminingnetwork.com/junior-miner-news/press-releases/1021-tsx/fvl/138806-freegold-announces-closing-of-16-5-million-brokered-private-placement-financing.html
1092398160,20230330,202303,2023,2023.2466,,,,,,,,,,,CAN,CANADA,CAN,,,,,,,,0,042,042,04,1,1.9,7,2,7,-0.09790776058345,0,,,,,,,4,"Abitibi, Canada (general), Canada",CA,CA00,48,-76,-576358,4,"Quebec, Quebec, Canada",CA,CA10,47.5,-72,-571850,20230330,https://finance.yahoo.com/news/orford-discovers-gold-zone-continues-204800170.html
1092398383,20230330,202303,2023,2023.2466,BUS,BANK,,,,,,BUS,,,,,,,,,,,,,1,120,120,12,3,-4.0,10,1,10,3.54330708661418,1,Argentina,AR,AR,-34,-64,AR,0,,,,,,,1,Argentina,AR,AR,-34,-64,AR,20230330,https://www.wkrb13.com/2023/03/30/yamana-gold-lonauy-price-target-cut-to-gbx-480.html
1092398653,20230330,202303,2023,2023.2466,ELI,ACTOR,,,,,,ELI,,,USA,UNITED STATES,USA,,,,,,,,1,043,043,04,1,2.8,4,1,4,3.97923875432526,3,"Hollywood, California, United States",US,USCA,34.0983,-118.327,1660757,3,"Hollywood, California, United States",US,USCA,34.0983,-118.327,1660757,3,"Hollywood, California, United States",US,USCA,34.0983,-118.327,1660757,20230330,https://www.goldderby.com/article/2023/weird-emmys-guild-awards/
1092399041,20230330,202303,2023,2023.2466,MNCCAN,YAMANA GOLD,CAN,,,,,MNC,,,,,,,,,,,,,1,010,010,01,1,0.0,10,1,10,3.54330708661418,1,Argentina,AR,AR,-34,-64,AR,0,,,,,,,1,Argentina,AR,AR,-34,-64,AR,20230330,https://www.wkrb13.com/2023/03/30/yamana-gold-lonauy-price-target-cut-to-gbx-480.html
1092399458,20230330,202303,2023,2023.2466,USA,UNITED STATES,USA,,,,,,,,ELI,ACTOR,,,,,,ELI,,,1,042,042,04,1,1.9,4,1,4,3.97923875432526,3,"Hollywood, California, United States",US,USCA,34.0983,-118.327,1660757,3,"Hollywood, California, United States",US,USCA,34.0983,-118.327,1660757,3,"Hollywood, California, United States",US,USCA,34.0983,-118.327,1660757,20230330,https://www.goldderby.com/article/2023/weird-emmys-guild-awards/
1092401894,20230330,202303,2023,2023.2466,USA,CALIFORNIA,USA,,,,,,,,,,,,,,,,,,0,050,050,05,1,3.5,10,1,10,3.98009950248756,3,"Claremont, California, United States",US,USCA,34.0967,-117.72,1652685,0,,,,,,,3,"Claremont, California, United States",US,USCA,34.0967,-117.72,1652685,20230330,https://www.rtands.com/passenger/rapid-transit-light-rail/la-metros-foothill-gold-line-project-marks-milestone/
1092401907,20230330,202303,2023,2023.2466,USA,UNITED STATES,USA,,,,,,,,,,,,,,,,,,0,071,071,07,2,7.4,6,1,6,3.98009950248756,3,"Montclair, California, United States",US,USCA,34.0775,-117.69,252320,0,,,,,,,3,"Montclair, California, United States",US,USCA,34.0775,-117.69,252320,20230330,https://www.rtands.com/passenger/rapid-transit-light-rail/la-metros-foothill-gold-line-project-marks-milestone/
1092403011,20230330,202303,2023,2023.2466,,,,,,,,,,,CVL,TOURIST,,,,,,CVL,,,1,141,141,14,3,-6.5,5,2,5,-1.56055214878745,0,,,,,,,4,"Lisbon, Lisboa, Portugal",PO,PO14,38.7167,-9.13333,-2167973,4,"Brussels, Bruxelles-Capitale, Belgium",BE,BE11,50.8333,4.33333,-1955538,20230330,https://thepeninsulaqatar.com/article/30/03/2023/portugal-scraps-golden-visas-to-combat-housing-crisis
1092403012,20230330,202303,2023,2023.2466,,,,,,,,,,,CVL,TOURIST,,,,,,CVL,,,1,141,141,14,3,-6.5,25,2,25,-1.56055214878745,0,,,,,,,4,"Lisbon, Lisboa, Portugal",PO,PO14,38.7167,-9.13333,-2167973,4,"Lisbon, Lisboa, Portugal",PO,PO14,38.7167,-9.13333,-2167973,20230330,https://thepeninsulaqatar.com/article/30/03/2023/portugal-scraps-golden-visas-to-combat-housing-crisis
1092403069,20230330,202303,2023,2023.2466,,,,,,,,,,,MNCUSAMED,SIRIUS XM,USA,,,,,MNC,MED,,1,040,040,04,1,1.0,6,1,6,0.61475409836066,0,,,,,,,3,"Hollywood, California, United States",US,USCA,34.0983,-118.327,1660757,3,"Hollywood, California, United States",US,USCA,34.0983,-118.327,1660757,20230330,https://movieweb.com/kate-hudson-says-goldie-hawn-was-considered-complicated-for-having-a-point-of-view/
1092403215,20230330,202303,2023,2023.2466,BUS,INVESTOR,,,,,,BUS,,,,,,,,,,,,,1,020,020,02,1,3.0,1,1,1,2.52525252525253,4,"Dubai, Dubayy, United Arab Emirates",AE,AE03,25.2522,55.28,-782831,0,,,,,,,1,China,CH,CH,35,105,CH,20230330,https://www.gulftoday.ae/news/2023/03/30/golden-visa-made-easy-for-real-estate-investors
1092403216,20230330,202303,2023,2023.2466,BUS,INVESTOR,,,,,,BUS,,,,,,,,,,,,,1,020,020,02,1,3.0,2,1,2,2.52525252525253,1,Russia,RS,RS,60,100,RS,0,,,,,,,1,China,CH,CH,35,105,CH,20230330,https://www.gulftoday.ae/news/2023/03/30/golden-visa-made-easy-for-real-estate-investors
1092403224,20230330,202303,2023,2023.2466,BUS,INVESTOR,,,,,,BUS,,,CHN,CHINA,CHN,,,,,,,,1,026,026,02,1,4.0,1,1,1,2.52525252525253,4,"Dubai, Dubayy, United Arab Emirates",AE,AE03,25.2522,55.28,-782831,1,China,CH,CH,35,105,CH,4,"Dubai, Dubayy, United Arab Emirates",AE,AE03,25.2522,55.28,-782831,20230330,https://www.gulftoday.ae/news/2023/03/30/golden-visa-made-easy-for-real-estate-investors
1092403225,20230330,202303,2023,2023.2466,BUS,INVESTOR,,,,,,BUS,,,CHN,CHINESE,CHN,,,,,,,,1,026,026,02,1,4.0,2,1,2,2.52525252525253,1,Russia,RS,RS,60,100,RS,1,China,CH,CH,35,105,CH,4,"Dubai, Dubayy, United Arab Emirates",AE,AE03,25.2522,55.28,-782831,20230330,https://www.gulftoday.ae/news/2023/03/30/golden-visa-made-easy-for-real-estate-investors
1092403234,20230330,202303,2023,2023.2466,BUS,INVESTOR,,,,,,BUS,,,RUS,RUSSIA,RUS,,,,,,,,1,026,026,02,1,4.0,1,1,1,2.52525252525253,4,"Dubai, Dubayy, United Arab Emirates",AE,AE03,25.2522,55.28,-782831,1,Russia,RS,RS,60,100,RS,4,"Dubai, Dubayy, United Arab Emirates",AE,AE03,25.2522,55.28,-782831,20230330,https://www.gulftoday.ae/news/2023/03/30/golden-visa-made-easy-for-real-estate-investors
1092403235,20230330,202303,2023,2023.2466,BUS,INVESTOR,,,,,,BUS,,,RUS,RUSSIAN,RUS,,,,,,,,1,026,026,02,1,4.0,2,1,2,2.52525252525253,1,Russia,RS,RS,60,100,RS,1,Russia,RS,RS,60,100,RS,4,"Dubai, Dubayy, United Arab Emirates",AE,AE03,25.2522,55.28,-782831,20230330,https://www.gulftoday.ae/news/2023/03/30/golden-visa-made-easy-for-real-estate-investors
1092403246,20230330,202303,2023,2023.2466,BUS,INVESTOR,,,,,,BUS,,,per,PERSIAN,,,per,,,,,,1,026,026,02,1,4.0,1,1,1,2.52525252525253,4,"Dubai, Dubayy, United Arab Emirates",AE,AE03,25.2522,55.28,-782831,1,Russia,RS,RS,60,100,RS,4,"Dubai, Dubayy, United Arab Emirates",AE,AE03,25.2522,55.28,-782831,20230330,https://www.gulftoday.ae/news/2023/03/30/golden-visa-made-easy-for-real-estate-investors
1092403247,20230330,202303,2023,2023.2466,BUS,INVESTOR,,,,,,BUS,,,per,PERSIAN,,,per,,,,,,1,026,026,02,1,4.0,2,1,2,2.52525252525253,1,Russia,RS,RS,60,100,RS,1,Russia,RS,RS,60,100,RS,4,"Dubai, Dubayy, United Arab Emirates",AE,AE03,25.2522,55.28,-782831,20230330,https://www.gulftoday.ae/news/2023/03/30/golden-visa-made-easy-for-real-estate-investors
1092403991,20230330,202303,2023,2023.2466,MNCUSAMED,SIRIUS XM,USA,,,,,MNC,MED,,,,,,,,,,,,1,040,040,04,1,1.0,6,1,6,0.61475409836066,3,"Hollywood, California, United States",US,USCA,34.0983,-118.327,1660757,0,,,,,,,3,"Hollywood, California, United States",US,USCA,34.0983,-118.327,1660757,20230330,https://movieweb.com/kate-hudson-says-goldie-hawn-was-considered-complicated-for-having-a-point-of-view/
1092403993,20230330,202303,2023,2023.2466,MNCUSAMED,SIRIUS XM,USA,,,,,MNC,MED,,USA,UNITED STATES,USA,,,,,,,,1,040,040,04,1,1.0,2,1,2,0.61475409836066,3,"Hollywood, California, United States",US,USCA,34.0983,-118.327,1660757,3,"Hollywood, California, United States",US,USCA,34.0983,-118.327,1660757,3,"Hollywood, California, United States",US,USCA,34.0983,-118.327,1660757,20230330,https://movieweb.com/kate-hudson-says-goldie-hawn-was-considered-complicated-for-having-a-point-of-view/
1092404047,20230330,202303,2023,2023.2466,PRT,LISBON,PRT,,,,,,,,OPP,PROTESTER,,,,,,OPP,,,0,110,110,11,3,-2.0,6,2,6,-1.56055214878745,4,"Lisbon, Lisboa, Portugal",PO,PO14,38.7167,-9.13333,-2167973,4,"Lisbon, Lisboa, Portugal",PO,PO14,38.7167,-9.13333,-2167973,4,"Lisbon, Lisboa, Portugal",PO,PO14,38.7167,-9.13333,-2167973,20230330,https://thepeninsulaqatar.com/article/30/03/2023/portugal-scraps-golden-visas-to-combat-housing-crisis
1092404048,20230330,202303,2023,2023.2466,PRTGOV,LISBON,PRT,,,,,GOV,,,OPP,PROTESTER,,,,,,OPP,,,0,110,110,11,3,-2.0,9,2,9,-1.56055214878745,4,"Lisbon, Lisboa, Portugal",PO,PO14,38.7167,-9.13333,-2167973,4,"Lisbon, Lisboa, Portugal",PO,PO14,38.7167,-9.13333,-2167973,4,"Lisbon, Lisboa, Portugal",PO,PO14,38.7167,-9.13333,-2167973,20230330,https://thepeninsulaqatar.com/article/30/03/2023/portugal-scraps-golden-visas-to-combat-housing-crisis
1092404469,20230330,202303,2023,2023.2466,USA,UNITED STATES,USA,,,,,,,,MNCUSAMED,SIRIUS XM,USA,,,,,MNC,MED,,1,040,040,04,1,1.0,2,1,2,0.61475409836066,3,"Hollywood, California, United States",US,USCA,34.0983,-118.327,1660757,3,"Hollywood, California, United States",US,USCA,34.0983,-118.327,1660757,3,"Hollywood, California, United States",US,USCA,34.0983,-118.327,1660757,20230330,https://movieweb.com/kate-hudson-says-goldie-hawn-was-considered-complicated-for-having-a-point-of-view/
1092405174,20230323,202303,2023,2023.2274,LEG,CONGRESS,,,,,,LEG,,,MED,MEDIA,,,,,,MED,,,1,042,042,04,1,1.9,10,1,10,-2.05761316872428,2,"South Carolina, United States",US,USSC,33.8191,-80.9066,SC,2,"South Carolina, United States",US,USSC,33.8191,-80.9066,SC,2,"South Carolina, United States",US,USSC,33.8191,-80.9066,SC,20230330,https://www.postandcourier.com/opinion/commentary/goldberg-congress-out-of-touch-with-tech-but-tiktok-concerns-are-right/article_56545842-ce75-11ed-b33d-a73a5223595a.html
1092405401,20230330,202303,2023,2023.2466,BGR,BULGARIA,BGR,,,,,,,,IGOUNODEVGOV,UNESCO,,UNO,,,,IGO,DEV,GOV,1,046,046,04,1,7.0,4,1,4,8.33333333333334,4,"Sofia, Sofiya-Grad, Bulgaria",BU,BU42,42.6833,23.3167,-838489,4,"Sofia, Sofiya-Grad, Bulgaria",BU,BU42,42.6833,23.3167,-838489,4,"Sofia, Sofiya-Grad, Bulgaria",BU,BU42,42.6833,23.3167,-838489,20230330,http://www.bulgariagazette.com/golden-century-award-given-to-a-french-collector-popularizing-bulgaria/
1092405432,20230330,202303,2023,2023.2466,BUS,COMPANY,,,,,,BUS,,,CHL,CHILE,CHL,,,,,,,,1,043,043,04,1,2.8,5,1,5,5.84415584415584,1,Chile,CI,CI,-30,-71,CI,1,Chile,CI,CI,-30,-71,CI,1,Chile,CI,CI,-30,-71,CI,20230330,https://www.proactiveinvestors.com/companies/news/931820/falcon-gold-is-confident-it-can-soon-increase-ounces-at-exciting-central-canada-gold-mine-project-931820.html
1092405471,20230330,202303,2023,2023.2466,CAN,TORONTO,CAN,,,,,,,,MNCGBR,RIO TINTO,GBR,,,,,MNC,,,1,030,030,03,1,4.0,2,1,2,2.50671441360788,4,"La Granja, Lambayeque, Peru",PE,PE14,-6.795,-79.6853,6240237,4,"La Granja, Lambayeque, Peru",PE,PE14,-6.795,-79.6853,6240237,4,"La Granja, Lambayeque, Peru",PE,PE14,-6.795,-79.6853,6240237,20230330,https://www.goldseiten.de/artikel/574676--First-Quantum-Minerals-and-Rio-Tinto-Form-Partnership-to-Progress-the-La-Granja-Copper-Project-in-Peru.html
1092405481,20230330,202303,2023,2023.2466,CHL,CHILE,CHL,,,,,,,,BUS,COMPANY,,,,,,BUS,,,1,042,042,04,1,1.9,5,1,5,5.84415584415584,1,Chile,CI,CI,-30,-71,CI,1,Chile,CI,CI,-30,-71,CI,1,Chile,CI,CI,-30,-71,CI,20230330,https://www.proactiveinvestors.com/companies/news/931820/falcon-gold-is-confident-it-can-soon-increase-ounces-at-exciting-central-canada-gold-mine-project-931820.html
1092405882,20230330,202303,2023,2023.2466,GOV,MINIST,,,,,,GOV,,,IGOUNODEVGOV,UNESCO,,UNO,,,,IGO,DEV,GOV,1,046,046,04,1,7.0,6,1,6,8.33333333333334,4,"Sofia, Sofiya-Grad, Bulgaria",BU,BU42,42.6833,23.3167,-838489,4,"Sofia, Sofiya-Grad, Bulgaria",BU,BU42,42.6833,23.3167,-838489,4,"Sofia, Sofiya-Grad, Bulgaria",BU,BU42,42.6833,23.3167,-838489,20230330,http://www.bulgariagazette.com/golden-century-award-given-to-a-french-collector-popularizing-bulgaria/
1092405982,20230330,202303,2023,2023.2466,IGOUNODEV,UNESCO,,UNO,,,,IGO,DEV,,BGR,SOFIA,BGR,,,,,,,,1,010,010,01,1,0.0,10,1,10,8.33333333333334,4,"Sofia, Sofiya-Grad, Bulgaria",BU,BU42,42.6833,23.3167,-838489,4,"Sofia, Sofiya-Grad, Bulgaria",BU,BU42,42.6833,23.3167,-838489,4,"Sofia, Sofiya-Grad, Bulgaria",BU,BU42,42.6833,23.3167,-838489,20230330,http://www.bulgariagazette.com/golden-century-award-given-to-a-french-collector-popularizing-bulgaria/
1092405983,20230330,202303,2023,2023.2466,IGOUNODEV,UNESCO,,UNO,,,,IGO,DEV,,BGR,SOFIA,BGR,,,,,,,,1,036,036,03,1,4.0,10,1,10,8.33333333333334,4,"Sofia, Sofiya-Grad, Bulgaria",BU,BU42,42.6833,23.3167,-838489,4,"Sofia, Sofiya-Grad, Bulgaria",BU,BU42,42.6833,23.3167,-838489,4,"Sofia, Sofiya-Grad, Bulgaria",BU,BU42,42.6833,23.3167,-838489,20230330,http://www.bulgariagazette.com/golden-century-award-given-to-a-french-collector-popularizing-bulgaria/
1092405984,20230330,202303,2023,2023.2466,IGOUNODEVGOV,UNESCO,,UNO,,,,IGO,DEV,GOV,BGR,BULGARIA,BGR,,,,,,,,1,046,046,04,1,7.0,4,1,4,8.33333333333334,4,"Sofia, Sofiya-Grad, Bulgaria",BU,BU42,42.6833,23.3167,-838489,4,"Sofia, Sofiya-Grad, Bulgaria",BU,BU42,42.6833,23.3167,-838489,4,"Sofia, Sofiya-Grad, Bulgaria",BU,BU42,42.6833,23.3167,-838489,20230330,http://www.bulgariagazette.com/golden-century-award-given-to-a-french-collector-popularizing-bulgaria/
1092405985,20230330,202303,2023,2023.2466,IGOUNODEVGOV,UNESCO,,UNO,,,,IGO,DEV,GOV,GOV,MINIST,,,,,,GOV,,,1,046,046,04,1,7.0,6,1,6,8.33333333333334,4,"Paris, France (general), France",FR,FR00,48.8667,2.33333,-1456928,4,"Sofia, Sofiya-Grad, Bulgaria",BU,BU42,42.6833,23.3167,-838489,4,"Sofia, Sofiya-Grad, Bulgaria",BU,BU42,42.6833,23.3167,-838489,20230330,http://www.bulgariagazette.com/golden-century-award-given-to-a-french-collector-popularizing-bulgaria/
1092409832,20230330,202303,2023,2023.2466,ARE,UNITED ARAB EMIRATES,ARE,,,,,,,,,,,,,,,,,,1,071,071,07,2,7.4,2,1,2,2.31213872832369,2,"New York, United States",US,USNY,42.1497,-74.9384,NY,0,,,,,,,2,"New York, United States",US,USNY,42.1497,-74.9384,NY,20230330,https://www.efinancialcareers.com/news/2023/03/goldman-sachs-morgan-stanley-quant-engineers
1092409833,20230330,202303,2023,2023.2466,ARE,UNITED ARAB EMIRATES,ARE,,,,,,,,GOV,CHIEF EXECUTIVE,,,,,,GOV,,,1,071,071,07,2,7.4,2,1,2,2.31213872832369,2,"New York, United States",US,USNY,42.1497,-74.9384,NY,2,"New York, United States",US,USNY,42.1497,-74.9384,NY,2,"New York, United States",US,USNY,42.1497,-74.9384,NY,20230330,https://www.efinancialcareers.com/news/2023/03/goldman-sachs-morgan-stanley-quant-engineers
1092410561,20230330,202303,2023,2023.2466,MAR,MOROCCO,MAR,,,,,,,,,,,,,,,,,,0,080,080,08,2,5.0,4,2,4,5.16933697421693,4,"Casablanca, Grand Casablanca, Morocco",MO,MO45,33.59,-7.61,-28159,0,,,,,,,4,"Casablanca, Grand Casablanca, Morocco",MO,MO45,33.59,-7.61,-28159,20230330,https://www.msn.com/en-us/music/news/exclusive-jeremy-jordan-says-spinning-gold-arrives-at-a-great-time-in-history/ar-AA19hQCD
1092410562,20230330,202303,2023,2023.2466,MAR,MOROCCO,MAR,,,,,,,,,,,,,,,,,,0,120,120,12,3,-4.0,4,2,4,5.16933697421693,4,"Casablanca, Grand Casablanca, Morocco",MO,MO45,33.59,-7.61,-28159,0,,,,,,,4,"Casablanca, Grand Casablanca, Morocco",MO,MO45,33.59,-7.61,-28159,20230330,https://www.msn.com/en-us/music/news/exclusive-jeremy-jordan-says-spinning-gold-arrives-at-a-great-time-in-history/ar-AA19hQCD
1092412407,20230330,202303,2023,2023.2466,COP,POLICE,,,,,,COP,,,CRM,CRIMINAL,,,,,,CRM,,,0,120,120,12,3,-4.0,10,1,10,-5.60578661844485,1,China,CH,CH,35,105,CH,1,China,CH,CH,35,105,CH,1,China,CH,CH,35,105,CH,20230330,https://www.abc.net.au/news/2023-03-31/qld-shaman-accused-drugging-raping-women-gold-coast/102165082
1092414747,20230330,202303,2023,2023.2466,CHR,CHRISTIAN,,,,CHR,,,,,CHREDU,CHRISTIAN,,,,CHR,,EDU,,,1,111,111,11,3,-2.0,6,1,6,-9.9041533546326,3,"Nashville, Tennessee, United States",US,USTN,36.1659,-86.7844,1652484,3,"Nashville, Tennessee, United States",US,USTN,36.1659,-86.7844,1652484,3,"Nashville, Tennessee, United States",US,USTN,36.1659,-86.7844,1652484,20230330,http://www.msn.com/en-us/news/us/pure-evil-conservatives-lose-it-over-whoopi-goldbergs-shirt/ar-AA19hG5F
1092414924,20230330,202303,2023,2023.2466,EDU,SCHOOL,,,,,,EDU,,,TCD,CHAD,TCD,,,,,,,,1,190,190,19,4,-10.0,10,1,10,-9.9041533546326,3,"Nashville, Tennessee, United States",US,USTN,36.1659,-86.7844,1652484,3,"Nashville, Tennessee, United States",US,USTN,36.1659,-86.7844,1652484,3,"Nashville, Tennessee, United States",US,USTN,36.1659,-86.7844,1652484,20230330,http://www.msn.com/en-us/news/us/pure-evil-conservatives-lose-it-over-whoopi-goldbergs-shirt/ar-AA19hG5F
1092415307,20230330,202303,2023,2023.2466,JUD,PROSECUTOR,,,,,,JUD,,,,,,,,,,,,,0,012,012,01,1,-0.4,4,1,4,-6.48769574944072,3,"Manhattan, New York, United States",US,USNY,40.7834,-73.9662,971945,0,,,,,,,3,"Manhattan, New York, United States",US,USNY,40.7834,-73.9662,971945,20230330,https://www.msnbc.com/opinion/msnbc-opinion/trump-indictment-impeachment-dan-goldman-rcna76127
1092415309,20230330,202303,2023,2023.2466,JUD,PROSECUTOR,,,,,,JUD,,,,,,,,,,,,,0,012,012,01,1,-0.4,6,1,6,-6.48769574944072,1,Greece,GR,GR,39,22,GR,0,,,,,,,1,Greece,GR,GR,39,22,GR,20230330,https://www.msnbc.com/opinion/msnbc-opinion/trump-indictment-impeachment-dan-goldman-rcna76127
1092415317,20230330,202303,2023,2023.2466,JUD,PROSECUTOR,,,,,,JUD,,,,,,,,,,,,,0,100,100,10,3,-5.0,4,1,4,-6.48769574944072,3,"Manhattan, New York, United States",US,USNY,40.7834,-73.9662,971945,0,,,,,,,3,"Manhattan, New York, United States",US,USNY,40.7834,-73.9662,971945,20230330,https://www.msnbc.com/opinion/msnbc-opinion/trump-indictment-impeachment-dan-goldman-rcna76127
1092415318,20230330,202303,2023,2023.2466,JUD,PROSECUTOR,,,,,,JUD,,,,,,,,,,,,,0,100,100,10,3,-5.0,6,1,6,-6.48769574944072,1,Greece,GR,GR,39,22,GR,0,,,,,,,1,Greece,GR,GR,39,22,GR,20230330,https://www.msnbc.com/opinion/msnbc-opinion/trump-indictment-impeachment-dan-goldman-rcna76127
1092416044,20230330,202303,2023,2023.2466,USA,UNITED STATES,USA,,,,,,,,CHREDU,CHRISTIAN,,,,CHR,,EDU,,,1,111,111,11,3,-2.0,4,1,4,-9.9041533546326,3,"Nashville, Tennessee, United States",US,USTN,36.1659,-86.7844,1652484,3,"Nashville, Tennessee, United States",US,USTN,36.1659,-86.7844,1652484,3,"Nashville, Tennessee, United States",US,USTN,36.1659,-86.7844,1652484,20230330,http://www.msn.com/en-us/news/us/pure-evil-conservatives-lose-it-over-whoopi-goldbergs-shirt/ar-AA19hG5F
1092418113,20230330,202303,2023,2023.2466,USA,UNITED STATES,USA,,,,,,,,,,,,,,,,,,1,010,010,01,1,0.0,8,1,8,4.56852791878173,3,"Thunder Mountain, Idaho, United States",US,USID,42.1716,-113.614,392113,0,,,,,,,3,"Thunder Mountain, Idaho, United States",US,USID,42.1716,-113.614,392113,20230330,https://www.wkrb13.com/2023/03/30/thunder-mountain-gold-otcmktsthmg-stock-passes-above-50-day-moving-average-of-0-11.html
1092419676,20230330,202303,2023,2023.2466,AUS,AUSTRALIA,AUS,,,,,,,,NZL,NEW ZEALAND,NZL,,,,,,,,1,080,080,08,2,5.0,10,1,10,1.92307692307692,4,"Sydney, New South Wales, Australia",AS,AS02,-33.8833,151.217,-1603135,4,"Sydney, New South Wales, Australia",AS,AS02,-33.8833,151.217,-1603135,4,"Sydney, New South Wales, Australia",AS,AS02,-33.8833,151.217,-1603135,20230330,https://www.afr.com/street-talk/goldman-sachs-banker-christian-johnston-retires-20230331-p5cwzr
1092419938,20230330,202303,2023,2023.2466,EDU,PROFESSOR,,,,,,EDU,,,USAEDU,HOUSTON,USA,,,,,EDU,,,1,010,010,01,1,0.0,3,1,3,-4.78955007256894,3,"Manhattan, New York, United States",US,USNY,40.7834,-73.9662,971945,3,"Manhattan, New York, United States",US,USNY,40.7834,-73.9662,971945,3,"Manhattan, New York, United States",US,USNY,40.7834,-73.9662,971945,20230330,https://www.salon.com/2023/03/30/hes-the-guy-following-the-money-ex-prosecutor-says-weisselberg-could-be-gold-mine-for-da--or-ag/
1092420075,20230330,202303,2023,2023.2466,GOV,GOVERNMENT,,,,,,GOV,,,,,,,,,,,,,1,190,190,19,4,-10.0,10,1,10,-0.970873786407769,4,"Rio Tinto, Parahyba, Brazil",BR,BR17,-6.8,-35.0833,-666773,0,,,,,,,4,"Rio Tinto, Parahyba, Brazil",BR,BR17,-6.8,-35.0833,-666773,20230330,https://www.reuters.com/world/americas/brazils-revenue-service-launches-electronic-invoice-gold-curb-illegal-mining-2023-03-30/
1092420503,20230330,202303,2023,2023.2466,MNCUSA,GOLDMAN SACHS,USA,,,,,MNC,,,AUS,AUSTRALIA,AUS,,,,,,,,1,013,013,01,1,0.4,2,1,2,1.92307692307692,1,New Zealand,NZ,NZ,-42,174,NZ,4,"Sydney, New South Wales, Australia",AS,AS02,-33.8833,151.217,-1603135,1,New Zealand,NZ,NZ,-42,174,NZ,20230330,https://www.afr.com/street-talk/goldman-sachs-banker-christian-johnston-retires-20230331-p5cwzr
1092420506,20230330,202303,2023,2023.2466,MNCUSA,GOLDMAN SACHS,USA,,,,,MNC,,,CHR,CHRISTIAN,,,,CHR,,,,,1,013,013,01,1,0.4,2,1,2,1.92307692307692,1,New Zealand,NZ,NZ,-42,174,NZ,4,"Sydney, New South Wales, Australia",AS,AS02,-33.8833,151.217,-1603135,4,"Sydney, New South Wales, Australia",AS,AS02,-33.8833,151.217,-1603135,20230330,https://www.afr.com/street-talk/goldman-sachs-banker-christian-johnston-retires-20230331-p5cwzr
1092420507,20230330,202303,2023,2023.2466,MNCUSA,GOLDMAN SACHS,USA,,,,,MNC,,,CHR,CHRISTIAN,,,,CHR,,,,,1,013,013,01,1,0.4,6,1,6,1.92307692307692,1,New Zealand,NZ,NZ,-42,174,NZ,1,New Zealand,NZ,NZ,-42,174,NZ,1,New Zealand,NZ,NZ,-42,174,NZ,20230330,https://www.afr.com/street-talk/goldman-sachs-banker-christian-johnston-retires-20230331-p5cwzr
1092420785,20230330,202303,2023,2023.2466,USA,UNITED STATES,USA,,,,,,,,,,,,,,,,,,0,110,110,11,3,-2.0,4,1,4,-4.78955007256894,3,"Rikers Island, New York, United States",US,USNY,40.7907,-73.881,962524,0,,,,,,,2,"New Jersey, United States",US,USNJ,40.314,-74.5089,NJ,20230330,https://www.salon.com/2023/03/30/hes-the-guy-following-the-money-ex-prosecutor-says-weisselberg-could-be-gold-mine-for-da--or-ag/
1092420789,20230330,202303,2023,2023.2466,USA,UNITED STATES,USA,,,,,,,,,,,,,,,,,,0,112,112,11,3,-2.0,4,1,4,-4.78955007256894,3,"Rikers Island, New York, United States",US,USNY,40.7907,-73.881,962524,0,,,,,,,3,"Rikers Island, New York, United States",US,USNY,40.7907,-73.881,962524,20230330,https://www.salon.com/2023/03/30/hes-the-guy-following-the-money-ex-prosecutor-says-weisselberg-could-be-gold-mine-for-da--or-ag/
1092420933,20230330,202303,2023,2023.2466,USA,UNITED STATES,USA,,,,,,,,JUD,LAWYER,,,,,,JUD,,,1,012,012,01,1,-0.4,4,1,4,-4.78955007256894,3,"Rikers Island, New York, United States",US,USNY,40.7907,-73.881,962524,3,"Rikers Island, New York, United States",US,USNY,40.7907,-73.881,962524,3,"Rikers Island, New York, United States",US,USNY,40.7907,-73.881,962524,20230330,https://www.salon.com/2023/03/30/hes-the-guy-following-the-money-ex-prosecutor-says-weisselberg-could-be-gold-mine-for-da--or-ag/
1092421034,20230330,202303,2023,2023.2466,USA,UNITED STATES,USA,,,,,,,,USAEDU,HOUSTON,USA,,,,,EDU,,,1,010,010,01,1,0.0,2,1,2,-4.78955007256894,3,"Manhattan, New York, United States",US,USNY,40.7834,-73.9662,971945,3,"Manhattan, New York, United States",US,USNY,40.7834,-73.9662,971945,3,"Manhattan, New York, United States",US,USNY,40.7834,-73.9662,971945,20230330,https://www.salon.com/2023/03/30/hes-the-guy-following-the-money-ex-prosecutor-says-weisselberg-could-be-gold-mine-for-da--or-ag/
1092421142,20230330,202303,2023,2023.2466,USAJUD,NEW YORK CITY,USA,,,,,JUD,,,,,,,,,,,,,1,015,015,01,1,0.0,2,1,2,-4.78955007256894,3,"Manhattan, New York, United States",US,USNY,40.7834,-73.9662,971945,0,,,,,,,3,"Manhattan, New York, United States",US,USNY,40.7834,-73.9662,971945,20230330,https://www.salon.com/2023/03/30/hes-the-guy-following-the-money-ex-prosecutor-says-weisselberg-could-be-gold-mine-for-da--or-ag/
1092422045,20230330,202303,2023,2023.2466,BUS,COMPANY,,,,,,BUS,,,,,,,,,,,,,1,090,090,09,2,-2.0,10,1,10,1.16959064327485,4,"Red Lake, Ontario, Canada",CA,CA08,51.0333,-93.8333,-572086,0,,,,,,,4,"Red Lake, Ontario, Canada",CA,CA08,51.0333,-93.8333,-572086,20230330,https://www.wallstreet-online.de/nachricht/16750641-puregold-appoints-chief-administrative-officer-announces-director-resignations
