GLOBALEVENTID,SQLDATE,MonthYear,Year,FractionDate,Actor1Code,Actor1Name,Actor1CountryCode,Actor1KnownGroupCode,Actor1EthnicCode,Actor1Religion1Code,Actor1Religion2Code,Actor1Type1Code,Actor1Type2Code,Actor1Type3Code,Actor2Code,Actor2Name,Actor2CountryCode,Actor2KnownGroupCode,Actor2EthnicCode,Actor2Religion1Code,Actor2Religion2Code,Actor2Type1Code,Actor2Type2Code,Actor2Type3Code,IsRootEvent,EventCode,EventBaseCode,EventRootCode,QuadClass,GoldsteinScale,NumMentions,NumSources,NumArticles,AvgTone,Actor1Geo_Type,Actor1Geo_FullName,Actor1Geo_CountryCode,Actor1Geo_ADM1Code,Actor1Geo_Lat,Actor1Geo_Long,Actor1Geo_FeatureID,Actor2Geo_Type,Actor2Geo_FullName,Actor2Geo_CountryCode,Actor2Geo_ADM1Code,Actor2Geo_Lat,Actor2Geo_Long,Actor2Geo_FeatureID,ActionGeo_Type,ActionGeo_FullName,ActionGeo_CountryCode,ActionGeo_ADM1Code,ActionGeo_Lat,ActionGeo_Long,ActionGeo_FeatureID,DATEADDED,SOURCEURL
1160745783,20240229,202402,2024,2024.1616,,,,,,,,,,,COP,POLICE,,,,,,COP,,,1,043,043,04,1,2.8,2,1,2,4.37017994858612,0,,,,,,,3,"Marble Falls, Texas, United States",US,USTX,30.5782,-98.2728,1362162,3,"Marble Falls, Texas, United States",US,USTX,30.5782,-98.2728,1362162,20240229,https://www.dailytrib.com/2024/02/28/mfpd-gets-gold-standard-honor/
1160746132,20240229,202402,2024,2024.1616,,,,,,,,,,,USA,UNITED STATES,USA,,,,,,,,1,043,043,04,1,2.8,1,1,1,4.37017994858612,0,,,,,,,3,"Marble Falls, Texas, United States",US,USTX,30.5782,-98.2728,1362162,3,"Marble Falls, Texas, United States",US,USTX,30.5782,-98.2728,1362162,20240229,https://www.dailytrib.com/2024/02/28/mfpd-gets-gold-standard-honor/
1160746198,20240229,202402,2024,2024.1616,,,,,,,,,,,USACOP,UNITED STATES,USA,,,,,COP,,,1,043,043,04,1,2.8,2,1,2,4.37017994858612,0,,,,,,,3,"Marble Falls, Texas, United States",US,USTX,30.5782,-98.2728,1362162,3,"Marble Falls, Texas, United States",US,USTX,30.5782,-98.2728,1362162,20240229,https://www.dailytrib.com/2024/02/28/mfpd-gets-gold-standard-honor/
1160746586,20240229,202402,2024,2024.1616,COP,POLICE,,,,,,COP,,,,,,,,,,,,,1,010,010,01,1,0.0,2,1,2,4.37017994858612,3,"Marble Falls, Texas, United States",US,USTX,30.5782,-98.2728,1362162,0,,,,,,,3,"Marble Falls, Texas, United States",US,USTX,30.5782,-98.2728,1362162,20240229,https://www.dailytrib.com/2024/02/28/mfpd-gets-gold-standard-honor/
1160746604,20240229,202402,2024,2024.1616,COP,POLICE,,,,,,COP,,,,,,,,,,,,,1,042,042,04,1,1.9,2,1,2,4.37017994858612,3,"Marble Falls, Texas, United States",US,USTX,30.5782,-98.2728,1362162,0,,,,,,,3,"Marble Falls, Texas, United States",US,USTX,30.5782,-98.2728,1362162,20240229,https://www.dailytrib.com/2024/02/28/mfpd-gets-gold-standard-honor/
1160746769,20240229,202402,2024,2024.1616,CVL,RESIDENTS,,,,,,CVL,,,,,,,,,,,,,0,051,051,05,1,3.4,3,1,3,4.37017994858612,3,"Marble Falls, Texas, United States",US,USTX,30.5782,-98.2728,1362162,0,,,,,,,3,"Marble Falls, Texas, United States",US,USTX,30.5782,-98.2728,1362162,20240229,https://www.dailytrib.com/2024/02/28/mfpd-gets-gold-standard-honor/
1160748636,20240229,202402,2024,2024.1616,USA,UNITED STATES,USA,,,,,,,,,,,,,,,,,,1,010,010,01,1,0.0,3,1,3,4.37017994858612,3,"Marble Falls, Texas, United States",US,USTX,30.5782,-98.2728,1362162,0,,,,,,,3,"Marble Falls, Texas, United States",US,USTX,30.5782,-98.2728,1362162,20240229,https://www.dailytrib.com/2024/02/28/mfpd-gets-gold-standard-honor/
1160748796,20240229,202402,2024,2024.1616,USA,UNITED STATES,USA,,,,,,,,,,,,,,,,,,1,042,042,04,1,1.9,1,1,1,4.37017994858612,3,"Marble Falls, Texas, United States",US,USTX,30.5782,-98.2728,1362162,0,,,,,,,3,"Marble Falls, Texas, United States",US,USTX,30.5782,-98.2728,1362162,20240229,https://www.dailytrib.com/2024/02/28/mfpd-gets-gold-standard-honor/
1160749152,20240229,202402,2024,2024.1616,USA,UNITED STATES,USA,,,,,,,,CVL,RESIDENTS,,,,,,CVL,,,0,051,051,05,1,3.4,2,1,2,4.37017994858612,2,"Texas, United States",US,USTX,31.106,-97.6475,TX,3,"Marble Falls, Texas, United States",US,USTX,30.5782,-98.2728,1362162,3,"Marble Falls, Texas, United States",US,USTX,30.5782,-98.2728,1362162,20240229,https://www.dailytrib.com/2024/02/28/mfpd-gets-gold-standard-honor/
1160749397,20240229,202402,2024,2024.1616,USA,UNITED STATES,USA,,,,,,,,USACOP,UNITED STATES,USA,,,,,COP,,,1,010,010,01,1,0.0,4,1,4,4.37017994858612,3,"Marble Falls, Texas, United States",US,USTX,30.5782,-98.2728,1362162,3,"Marble Falls, Texas, United States",US,USTX,30.5782,-98.2728,1362162,3,"Marble Falls, Texas, United States",US,USTX,30.5782,-98.2728,1362162,20240229,https://www.dailytrib.com/2024/02/28/mfpd-gets-gold-standard-honor/
1160749402,20240229,202402,2024,2024.1616,USA,UNITED STATES,USA,,,,,,,,USACOP,UNITED STATES,USA,,,,,COP,,,1,042,042,04,1,1.9,4,1,4,4.37017994858612,3,"Marble Falls, Texas, United States",US,USTX,30.5782,-98.2728,1362162,3,"Marble Falls, Texas, United States",US,USTX,30.5782,-98.2728,1362162,3,"Marble Falls, Texas, United States",US,USTX,30.5782,-98.2728,1362162,20240229,https://www.dailytrib.com/2024/02/28/mfpd-gets-gold-standard-honor/
1160749463,20240229,202402,2024,2024.1616,USACOP,UNITED STATES,USA,,,,,COP,,,,,,,,,,,,,1,010,010,01,1,0.0,2,1,2,4.37017994858612,3,"Marble Falls, Texas, United States",US,USTX,30.5782,-98.2728,1362162,0,,,,,,,3,"Marble Falls, Texas, United States",US,USTX,30.5782,-98.2728,1362162,20240229,https://www.dailytrib.com/2024/02/28/mfpd-gets-gold-standard-honor/
1160749466,20240229,202402,2024,2024.1616,USACOP,UNITED STATES,USA,,,,,COP,,,,,,,,,,,,,1,042,042,04,1,1.9,2,1,2,4.37017994858612,3,"Marble Falls, Texas, United States",US,USTX,30.5782,-98.2728,1362162,0,,,,,,,3,"Marble Falls, Texas, United States",US,USTX,30.5782,-98.2728,1362162,20240229,https://www.dailytrib.com/2024/02/28/mfpd-gets-gold-standard-honor/
1160749474,20240229,202402,2024,2024.1616,USACOP,UNITED STATES,USA,,,,,COP,,,CVL,RESIDENTS,,,,,,CVL,,,0,051,051,05,1,3.4,1,1,1,4.37017994858612,3,"Marble Falls, Texas, United States",US,USTX,30.5782,-98.2728,1362162,3,"Marble Falls, Texas, United States",US,USTX,30.5782,-98.2728,1362162,3,"Marble Falls, Texas, United States",US,USTX,30.5782,-98.2728,1362162,20240229,https://www.dailytrib.com/2024/02/28/mfpd-gets-gold-standard-honor/
1160749475,20240229,202402,2024,2024.1616,USACOP,UNITED STATES,USA,,,,,COP,,,CVL,RESIDENTS,,,,,,CVL,,,0,051,051,05,1,3.4,1,1,1,4.37017994858612,2,"Texas, United States",US,USTX,31.106,-97.6475,TX,3,"Marble Falls, Texas, United States",US,USTX,30.5782,-98.2728,1362162,3,"Marble Falls, Texas, United States",US,USTX,30.5782,-98.2728,1362162,20240229,https://www.dailytrib.com/2024/02/28/mfpd-gets-gold-standard-honor/
1160749481,20240229,202402,2024,2024.1616,USACOP,UNITED STATES,USA,,,,,COP,,,USA,UNITED STATES,USA,,,,,,,,1,043,043,04,1,2.8,4,1,4,4.37017994858612,3,"Marble Falls, Texas, United States",US,USTX,30.5782,-98.2728,1362162,3,"Marble Falls, Texas, United States",US,USTX,30.5782,-98.2728,1362162,3,"Marble Falls, Texas, United States",US,USTX,30.5782,-98.2728,1362162,20240229,https://www.dailytrib.com/2024/02/28/mfpd-gets-gold-standard-honor/
1160751210,20240229,202402,2024,2024.1616,AFR,AFRICA,AFR,,,,,,,,,,,,,,,,,,0,100,100,10,3,-5.0,4,1,4,0,4,"Cape Town, Western Cape, South Africa",SF,SF11,-33.9167,18.4167,-1217214,0,,,,,,,4,"Cape Town, Western Cape, South Africa",SF,SF11,-33.9167,18.4167,-1217214,20240229,https://everything2.com:443/title/Golden+Globe
1160751281,20240229,202402,2024,2024.1616,BRA,BRAZIL,BRA,,,,,,,,,,,,,,,,,,0,040,040,04,1,1.0,7,1,4,0,1,Brazil,BR,BR,-10,-55,BR,0,,,,,,,1,Brazil,BR,BR,-10,-55,BR,20240229,https://everything2.com:443/title/Golden+Globe
1160751284,20240229,202402,2024,2024.1616,BRAMIL,BRAZIL,BRA,,,,,MIL,,,GBRSHN,ST HELENA,GBR,,,SHN,,,,,1,0356,035,03,1,7.0,1,1,1,0,1,Brazil,BR,BR,-10,-55,BR,1,Brazil,BR,BR,-10,-55,BR,1,Brazil,BR,BR,-10,-55,BR,20240229,https://everything2.com:443/title/Golden+Globe
1160751285,20240229,202402,2024,2024.1616,BRAMIL,BRAZIL,BRA,,,,,MIL,,,ZAF,CAPE TOWN,ZAF,,,,,,,,1,0356,035,03,1,7.0,1,1,1,0,1,Brazil,BR,BR,-10,-55,BR,4,"Cape Town, Western Cape, South Africa",SF,SF11,-33.9167,18.4167,-1217214,1,Brazil,BR,BR,-10,-55,BR,20240229,https://everything2.com:443/title/Golden+Globe
1160751325,20240229,202402,2024,2024.1616,BUS,BUSINESS,,,,,,BUS,,,,,,,,,,,,,1,091,091,09,2,-2.0,6,3,6,-5.94379074391781,3,"Southport, Florida, United States",US,USFL,30.2894,-85.6405,291442,0,,,,,,,3,"Southport, Florida, United States",US,USFL,30.2894,-85.6405,291442,20240229,https://www.miragenews.com/investment-fraud-charges-at-gold-coast-1183874/
1160751340,20240229,202402,2024,2024.1616,BUS,BUSINESS,,,,,,BUS,,,GHA,GHANA,GHA,,,,,,,,1,091,091,09,2,-2.0,24,3,24,-5.94379074391781,1,Ghana,GH,GH,8,-2,GH,1,Ghana,GH,GH,8,-2,GH,1,Ghana,GH,GH,8,-2,GH,20240229,https://www.miragenews.com/investment-fraud-charges-at-gold-coast-1183874/
1160751538,20240229,202402,2024,2024.1616,COP,POLICE,,,,,,COP,,,,,,,,,,,,,1,173,173,17,4,-5.0,30,3,30,-5.94379074391781,3,"Southport, Florida, United States",US,USFL,30.2894,-85.6405,291442,0,,,,,,,3,"Southport, Florida, United States",US,USFL,30.2894,-85.6405,291442,20240229,https://www.miragenews.com/investment-fraud-charges-at-gold-coast-1183874/
1160751883,20240229,202402,2024,2024.1616,GBR,UNITED KINGDOM,GBR,,,,,,,,BRA,BRAZIL,BRA,,,,,,,,1,0874,087,08,2,10.0,4,1,4,0,4,"Falmouth, Cornwall, United Kingdom",UK,UKC6,50.1483,-5.07611,-2595899,4,"Falmouth, Cornwall, United Kingdom",UK,UKC6,50.1483,-5.07611,-2595899,4,"Falmouth, Cornwall, United Kingdom",UK,UKC6,50.1483,-5.07611,-2595899,20240229,https://everything2.com:443/title/Golden+Globe
1160751932,20240229,202402,2024,2024.1616,GHA,GHANA,GHA,,,,,,,,,,,,,,,,,,1,173,173,17,4,-5.0,24,3,24,-5.94379074391781,3,"Southport, Florida, United States",US,USFL,30.2894,-85.6405,291442,0,,,,,,,3,"Southport, Florida, United States",US,USFL,30.2894,-85.6405,291442,20240229,https://www.miragenews.com/investment-fraud-charges-at-gold-coast-1183874/
1160752705,20240229,202402,2024,2024.1616,MIL,COMMANDER,,,,,,MIL,,,BRAGOV,BRAZIL,BRA,,,,,GOV,,,1,0356,035,03,1,7.0,2,1,2,0,1,Brazil,BR,BR,-10,-55,BR,1,Brazil,BR,BR,-10,-55,BR,1,Brazil,BR,BR,-10,-55,BR,20240229,https://everything2.com:443/title/Golden+Globe
1160752709,20240229,202402,2024,2024.1616,MIL,COMMANDER,,,,,,MIL,,,GOV,KING,,,,,,GOV,,,1,0356,035,03,1,7.0,6,1,6,0,4,"Falmouth, Cornwall, United Kingdom",UK,UKC6,50.1483,-5.07611,-2595899,4,"Falmouth, Cornwall, United Kingdom",UK,UKC6,50.1483,-5.07611,-2595899,4,"Falmouth, Cornwall, United Kingdom",UK,UKC6,50.1483,-5.07611,-2595899,20240229,https://everything2.com:443/title/Golden+Globe
1160753083,20240229,202402,2024,2024.1616,USA,UNITED STATES,USA,,,,,,,,,,,,,,,,,,0,031,031,03,1,5.2,4,1,4,0.449438202247191,3,"South Beach, Florida, United States",US,USFL,27.5911,-80.3442,1867204,0,,,,,,,3,"South Beach, Florida, United States",US,USFL,27.5911,-80.3442,1867204,20240229,https://therealdeal.com/miami/2024/02/28/bizzibilgili-sumaida-khurana-nab-j-goldman-as-tenant/
1160753147,20240229,202402,2024,2024.1616,USA,UNITED STATES,USA,,,,,,,,,,,,,,,,,,1,057,057,05,1,8.0,383,29,375,-2.81072634885813,2,"Florida, United States",US,USFL,27.8333,-81.717,FL,0,,,,,,,2,"Florida, United States",US,USFL,27.8333,-81.717,FL,20240229,https://therealdeal.com/miami/2024/02/28/bizzibilgili-sumaida-khurana-nab-j-goldman-as-tenant/
1160753161,20240229,202402,2024,2024.1616,USA,NEW YORK,USA,,,,,,,,,,,,,,,,,,1,071,071,07,2,7.4,10,1,10,0.449438202247191,3,"South Beach, Florida, United States",US,USFL,27.5911,-80.3442,1867204,0,,,,,,,3,"South Beach, Florida, United States",US,USFL,27.5911,-80.3442,1867204,20240229,https://therealdeal.com/miami/2024/02/28/bizzibilgili-sumaida-khurana-nab-j-goldman-as-tenant/
1160753164,20240229,202402,2024,2024.1616,USA,UNITED STATES,USA,,,,,,,,,,,,,,,,,,1,071,071,07,2,7.4,20,4,20,0.0332398010100078,2,"Florida, United States",US,USFL,27.8333,-81.717,FL,0,,,,,,,2,"Florida, United States",US,USFL,27.8333,-81.717,FL,20240229,https://therealdeal.com/miami/2024/02/28/bizzibilgili-sumaida-khurana-nab-j-goldman-as-tenant/
1160753222,20240229,202402,2024,2024.1616,USA,UNITED STATES,USA,,,,,,,,,,,,,,,,,,0,173,173,17,4,-5.0,32,4,32,-6.44579486516727,3,"Paradise Point, Florida, United States",US,USFL,28.8836,-82.592,288486,0,,,,,,,3,"Paradise Point, Florida, United States",US,USFL,28.8836,-82.592,288486,20240229,https://www.miragenews.com/investment-fraud-charges-at-gold-coast-1183874/
1160753223,20240229,202402,2024,2024.1616,USA,MIAMI,USA,,,,,,,,,,,,,,,,,,1,173,173,17,4,-5.0,38,4,38,-7.1845692817432,3,"Miami, Florida, United States",US,USFL,25.7743,-80.1937,295004,0,,,,,,,3,"Miami, Florida, United States",US,USFL,25.7743,-80.1937,295004,20240229,https://www.miragenews.com/investment-fraud-charges-at-gold-coast-1183874/
1160758217,20240229,202402,2024,2024.1616,,,,,,,,,,,FRA,FRANCE,FRA,,,,,,,,1,046,046,04,1,7.0,6,1,6,5.22979397781299,0,,,,,,,3,"Hollywood, California, United States",US,USCA,34.0983,-118.327,1660757,3,"Hollywood, California, United States",US,USCA,34.0983,-118.327,1660757,20240229,https://www.goldderby.com/article/2024/emma-stone-oscars-record-frances-mcdormand/
1160758250,20240229,202402,2024,2024.1616,,,,,,,,,,,ITA,ITALY,ITA,,,,,,,,1,046,046,04,1,7.0,2,1,2,5.22979397781299,0,,,,,,,4,"Roma, Lazio, Italy",IT,IT07,41.9,12.4833,-126693,4,"Roma, Lazio, Italy",IT,IT07,41.9,12.4833,-126693,20240229,https://www.goldderby.com/article/2024/emma-stone-oscars-record-frances-mcdormand/
1160758350,20240229,202402,2024,2024.1616,,,,,,,,,,,USA,UNITED STATES,USA,,,,,,,,1,043,043,04,1,2.8,148,27,120,1.42411223733173,0,,,,,,,3,"Hollywood, California, United States",US,USCA,34.0983,-118.327,1660757,3,"Hollywood, California, United States",US,USCA,34.0983,-118.327,1660757,20240229,https://www.goldderby.com/article/2024/secret-oscar-voter-ballot-oppenheimer-emma-stone-cillian-murphy/
1160758605,20240229,202402,2024,2024.1616,CMR,CAMEROON,CMR,,,,,,,,,,,,,,,,,,1,013,013,01,1,0.4,4,1,4,1.99115044247788,4,"Dehane, Cameroon (general), Cameroon",CM,CM00,3.5,10.0833,-3147755,0,,,,,,,4,"Dehane, Cameroon (general), Cameroon",CM,CM00,3.5,10.0833,-3147755,20240229,https://www.lse.co.uk/news/trading-updates-altyngold-revenue-up-on-higher-gold-price-l1y3njq766fmbi7.html
1160758606,20240229,202402,2024,2024.1616,CMR,CAMEROON,CMR,,,,,,,,,,,,,,,,,,1,051,051,05,1,3.4,4,1,4,1.99115044247788,4,"Dehane, Cameroon (general), Cameroon",CM,CM00,3.5,10.0833,-3147755,0,,,,,,,4,"Dehane, Cameroon (general), Cameroon",CM,CM00,3.5,10.0833,-3147755,20240229,https://www.lse.co.uk/news/trading-updates-altyngold-revenue-up-on-higher-gold-price-l1y3njq766fmbi7.html
1160758879,20240229,202402,2024,2024.1616,FRA,FRANCE,FRA,,,,,,,,,,,,,,,,,,1,046,046,04,1,7.0,6,1,6,5.22979397781299,4,"Roma, Lazio, Italy",IT,IT07,41.9,12.4833,-126693,0,,,,,,,4,"Roma, Lazio, Italy",IT,IT07,41.9,12.4833,-126693,20240229,https://www.goldderby.com/article/2024/emma-stone-oscars-record-frances-mcdormand/
1160758902,20240229,202402,2024,2024.1616,FRA,FRANCE,FRA,,,,,,,,ITA,ITALY,ITA,,,,,,,,1,046,046,04,1,7.0,2,1,2,5.22979397781299,4,"Roma, Lazio, Italy",IT,IT07,41.9,12.4833,-126693,4,"Roma, Lazio, Italy",IT,IT07,41.9,12.4833,-126693,4,"Roma, Lazio, Italy",IT,IT07,41.9,12.4833,-126693,20240229,https://www.goldderby.com/article/2024/emma-stone-oscars-record-frances-mcdormand/
1160759202,20240229,202402,2024,2024.1616,ITA,ITALY,ITA,,,,,,,,,,,,,,,,,,1,020,020,02,1,3.0,2,1,2,5.22979397781299,3,"Hollywood, California, United States",US,USCA,34.0983,-118.327,1660757,0,,,,,,,3,"Hollywood, California, United States",US,USCA,34.0983,-118.327,1660757,20240229,https://www.goldderby.com/article/2024/emma-stone-oscars-record-frances-mcdormand/
1160759203,20240229,202402,2024,2024.1616,ITA,ITALY,ITA,,,,,,,,,,,,,,,,,,1,046,046,04,1,7.0,2,1,2,5.22979397781299,4,"Roma, Lazio, Italy",IT,IT07,41.9,12.4833,-126693,0,,,,,,,4,"Roma, Lazio, Italy",IT,IT07,41.9,12.4833,-126693,20240229,https://www.goldderby.com/article/2024/emma-stone-oscars-record-frances-mcdormand/
1160759204,20240229,202402,2024,2024.1616,ITA,ITALY,ITA,,,,,,,,FRA,FRANCE,FRA,,,,,,,,1,020,020,02,1,3.0,2,1,2,5.22979397781299,3,"Hollywood, California, United States",US,USCA,34.0983,-118.327,1660757,3,"Hollywood, California, United States",US,USCA,34.0983,-118.327,1660757,3,"Hollywood, California, United States",US,USCA,34.0983,-118.327,1660757,20240229,https://www.goldderby.com/article/2024/emma-stone-oscars-record-frances-mcdormand/
1160759205,20240229,202402,2024,2024.1616,ITA,ITALY,ITA,,,,,,,,FRA,FRANCE,FRA,,,,,,,,1,046,046,04,1,7.0,2,1,2,5.22979397781299,4,"Roma, Lazio, Italy",IT,IT07,41.9,12.4833,-126693,4,"Roma, Lazio, Italy",IT,IT07,41.9,12.4833,-126693,4,"Roma, Lazio, Italy",IT,IT07,41.9,12.4833,-126693,20240229,https://www.goldderby.com/article/2024/emma-stone-oscars-record-frances-mcdormand/
1160759476,20240229,202402,2024,2024.1616,MDV,MALE,MDV,,,,,,,,,,,,,,,,,,1,051,051,05,1,3.4,7,1,7,4.08163265306123,3,"Hollywood, California, United States",US,USCA,34.0983,-118.327,1660757,0,,,,,,,3,"Hollywood, California, United States",US,USCA,34.0983,-118.327,1660757,20240229,https://www.goldderby.com/article/2024/2023-oscars-jamie-lee-curtis-screen-time/
1160759480,20240229,202402,2024,2024.1616,MDV,MALE,MDV,,,,,,,,ESP,SPAIN,ESP,,,,,,,,1,051,051,05,1,3.4,3,1,3,4.08163265306123,3,"Hollywood, California, United States",US,USCA,34.0983,-118.327,1660757,3,"Hollywood, California, United States",US,USCA,34.0983,-118.327,1660757,3,"Hollywood, California, United States",US,USCA,34.0983,-118.327,1660757,20240229,https://www.goldderby.com/article/2024/2023-oscars-jamie-lee-curtis-screen-time/
1160759849,20240229,202402,2024,2024.1616,USA,UNITED STATES,USA,,,,,,,,,,,,,,,,,,1,042,042,04,1,1.9,157,29,130,1.38008819453473,3,"Hollywood, California, United States",US,USCA,34.0983,-118.327,1660757,0,,,,,,,3,"Hollywood, California, United States",US,USCA,34.0983,-118.327,1660757,20240229,https://www.goldderby.com/article/2024/secret-oscar-voter-ballot-oppenheimer-emma-stone-cillian-murphy/
1160762780,20240229,202402,2024,2024.1616,USA,TEXAS,USA,,,,,,,,,,,,,,,,,,1,070,070,07,2,7.0,135,34,135,-4.65656474072373,2,"Texas, United States",US,USTX,31.106,-97.6475,TX,0,,,,,,,2,"Texas, United States",US,USTX,31.106,-97.6475,TX,20240229,https://www.bevnet.com/spirits/2024/milam-greene-whiskey-announces-the-first-2024-release-from-their-sell-out-wildlife-bourbon-collection-the-golden-eagle
1160762797,20240229,202402,2024,2024.1616,USA,TEXAS,USA,,,,,,,,,,,,,,,,,,1,084,084,08,2,7.0,48,8,44,-4.24847526950076,2,"Texas, United States",US,USTX,31.106,-97.6475,TX,0,,,,,,,2,"Texas, United States",US,USTX,31.106,-97.6475,TX,20240229,https://www.bevnet.com/spirits/2024/milam-greene-whiskey-announces-the-first-2024-release-from-their-sell-out-wildlife-bourbon-collection-the-golden-eagle
1160766745,20240130,202401,2024,2024.0822,CVL,NEIGHBORHOOD,,,,,,CVL,,,,,,,,,,,,,0,180,180,18,4,-9.0,6,1,6,-7.84313725490196,3,"Houston, Texas, United States",US,USTX,29.7633,-95.3633,1380948,0,,,,,,,3,"Hawthorne Place, Texas, United States",US,USTX,29.8572,-95.3647,1374021,20240229,https://abc13.com/goldcrest-street-houston-shooting-northside-northline-crime-numbers-abc13-neighborhood-safety-tracker/14476941/
1160766746,20240130,202401,2024,2024.0822,CVL,NEIGHBORHOOD,,,,,,CVL,,,,,,,,,,,,,0,180,180,18,4,-9.0,4,1,4,-7.84313725490196,3,"Houston, Texas, United States",US,USTX,29.7633,-95.3633,1380948,0,,,,,,,3,"Houston, Texas, United States",US,USTX,29.7633,-95.3633,1380948,20240229,https://abc13.com/goldcrest-street-houston-shooting-northside-northline-crime-numbers-abc13-neighborhood-safety-tracker/14476941/
1160766747,20240130,202401,2024,2024.0822,CVL,NEIGHBORHOOD,,,,,,CVL,,,,,,,,,,,,,0,193,193,19,4,-10.0,10,1,10,-7.84313725490196,3,"Houston, Texas, United States",US,USTX,29.7633,-95.3633,1380948,0,,,,,,,3,"Hawthorne Place, Texas, United States",US,USTX,29.8572,-95.3647,1374021,20240229,https://abc13.com/goldcrest-street-houston-shooting-northside-northline-crime-numbers-abc13-neighborhood-safety-tracker/14476941/
1160766777,20240229,202402,2024,2024.1616,,,,,,,,,,,AUS,AUSTRALIA,AUS,,,,,,,,1,042,042,04,1,1.9,22,6,22,-2.76153061547788,0,,,,,,,4,"Redcastle, Victoria, Australia",AS,AS07,-36.7833,144.783,-1597014,4,"Redcastle, Victoria, Australia",AS,AS07,-36.7833,144.783,-1597014,20240229,https://www.stockandland.com.au/story/8539214/central-victorian-gold-rush-block-sells-above-asking-price/
1160766791,20240229,202402,2024,2024.1616,,,,,,,,,,,COP,POLICE,,,,,,COP,,,1,042,042,04,1,1.9,8,1,8,-7.84313725490196,0,,,,,,,3,"Houston, Texas, United States",US,USTX,29.7633,-95.3633,1380948,3,"Houston, Texas, United States",US,USTX,29.7633,-95.3633,1380948,20240229,https://abc13.com/goldcrest-street-houston-shooting-northside-northline-crime-numbers-abc13-neighborhood-safety-tracker/14476941/
1160766850,20240229,202402,2024,2024.1616,,,,,,,,,,,HLH,HOSPITAL,,,,,,HLH,,,1,042,042,04,1,1.9,10,1,10,-7.84313725490196,0,,,,,,,3,"Houston, Texas, United States",US,USTX,29.7633,-95.3633,1380948,3,"Houston, Texas, United States",US,USTX,29.7633,-95.3633,1380948,20240229,https://abc13.com/goldcrest-street-houston-shooting-northside-northline-crime-numbers-abc13-neighborhood-safety-tracker/14476941/
1160766974,20240229,202402,2024,2024.1616,AUS,AUSTRALIA,AUS,,,,,,,,,,,,,,,,,,1,043,043,04,1,2.8,22,6,22,-2.76153061547788,4,"Redcastle, Victoria, Australia",AS,AS07,-36.7833,144.783,-1597014,0,,,,,,,4,"Redcastle, Victoria, Australia",AS,AS07,-36.7833,144.783,-1597014,20240229,https://www.stockandland.com.au/story/8539214/central-victorian-gold-rush-block-sells-above-asking-price/
1160766981,20240229,202402,2024,2024.1616,AUS,AUSTRALIA,AUS,,,,,,,,,,,,,,,,,,1,163,163,16,4,-8.0,44,6,44,-2.76153061547788,4,"Costerfield, Victoria, Australia",AS,AS07,-36.8667,144.8,-1567675,0,,,,,,,4,"Costerfield, Victoria, Australia",AS,AS07,-36.8667,144.8,-1567675,20240229,https://www.stockandland.com.au/story/8539214/central-victorian-gold-rush-block-sells-above-asking-price/
1160767142,20240229,202402,2024,2024.1616,COP,POLICE,,,,,,COP,,,USA,UNITED STATES,USA,,,,,,,,1,042,042,04,1,1.9,2,1,2,-7.84313725490196,3,"Houston, Texas, United States",US,USTX,29.7633,-95.3633,1380948,3,"Houston, Texas, United States",US,USTX,29.7633,-95.3633,1380948,3,"Houston, Texas, United States",US,USTX,29.7633,-95.3633,1380948,20240229,https://abc13.com/goldcrest-street-houston-shooting-northside-northline-crime-numbers-abc13-neighborhood-safety-tracker/14476941/
1160767525,20240229,202402,2024,2024.1616,HLH,HOSPITAL,,,,,,HLH,,,,,,,,,,,,,1,043,043,04,1,2.8,10,1,10,-7.84313725490196,3,"Houston, Texas, United States",US,USTX,29.7633,-95.3633,1380948,0,,,,,,,3,"Houston, Texas, United States",US,USTX,29.7633,-95.3633,1380948,20240229,https://abc13.com/goldcrest-street-houston-shooting-northside-northline-crime-numbers-abc13-neighborhood-safety-tracker/14476941/
1160768134,20240229,202402,2024,2024.1616,USA,UNITED STATES,USA,,,,,,,,,,,,,,,,,,0,180,180,18,4,-9.0,6,1,6,-7.84313725490196,3,"Hawthorne Place, Texas, United States",US,USTX,29.8572,-95.3647,1374021,0,,,,,,,3,"Hawthorne Place, Texas, United States",US,USTX,29.8572,-95.3647,1374021,20240229,https://abc13.com/goldcrest-street-houston-shooting-northside-northline-crime-numbers-abc13-neighborhood-safety-tracker/14476941/
1160768204,20240229,202402,2024,2024.1616,USA,HOUSTON,USA,,,,,,,,EDU,SCHOOL,,,,,,EDU,,,1,193,193,19,4,-10.0,8,1,8,-7.84313725490196,3,"Hawthorne Place, Texas, United States",US,USTX,29.8572,-95.3647,1374021,3,"Hawthorne Place, Texas, United States",US,USTX,29.8572,-95.3647,1374021,3,"Hawthorne Place, Texas, United States",US,USTX,29.8572,-95.3647,1374021,20240229,https://abc13.com/goldcrest-street-houston-shooting-northside-northline-crime-numbers-abc13-neighborhood-safety-tracker/14476941/
1160768313,20240229,202402,2024,2024.1616,USA,HOUSTON,USA,,,,,,,,USACOP,UNITED STATES,USA,,,,,COP,,,1,193,193,19,4,-10.0,2,1,2,-7.84313725490196,3,"Hawthorne Place, Texas, United States",US,USTX,29.8572,-95.3647,1374021,3,"Hawthorne Place, Texas, United States",US,USTX,29.8572,-95.3647,1374021,3,"Hawthorne Place, Texas, United States",US,USTX,29.8572,-95.3647,1374021,20240229,https://abc13.com/goldcrest-street-houston-shooting-northside-northline-crime-numbers-abc13-neighborhood-safety-tracker/14476941/
1160768314,20240229,202402,2024,2024.1616,USA,HOUSTON,USA,,,,,,,,USACOP,HOUSTON,USA,,,,,COP,,,1,193,193,19,4,-10.0,16,2,16,-8.85984023238925,3,"Houston, Texas, United States",US,USTX,29.7633,-95.3633,1380948,3,"Houston, Texas, United States",US,USTX,29.7633,-95.3633,1380948,3,"Houston, Texas, United States",US,USTX,29.7633,-95.3633,1380948,20240229,https://abc13.com/goldcrest-street-houston-shooting-northside-northline-crime-numbers-abc13-neighborhood-safety-tracker/14476941/
1160768315,20240229,202402,2024,2024.1616,USA,UNITED STATES,USA,,,,,,,,USACOP,UNITED STATES,USA,,,,,COP,,,1,193,193,19,4,-10.0,2,1,2,-7.84313725490196,3,"Houston, Texas, United States",US,USTX,29.7633,-95.3633,1380948,2,"Texas, United States",US,USTX,31.106,-97.6475,TX,3,"Houston, Texas, United States",US,USTX,29.7633,-95.3633,1380948,20240229,https://abc13.com/goldcrest-street-houston-shooting-northside-northline-crime-numbers-abc13-neighborhood-safety-tracker/14476941/
1160770800,20240229,202402,2024,2024.1616,USA,UNITED STATES,USA,,,,,,,,,,,,,,,,,,1,070,070,07,2,7.0,4,1,4,3.39805825242718,3,"Los Angeles, California, United States",US,USCA,34.0522,-118.244,1662328,0,,,,,,,3,"Los Angeles, California, United States",US,USCA,34.0522,-118.244,1662328,20240229,https://www.yardbarker.com/mlb/articles/orioles_add_two_time_gold_glove_winner/s1_127_40031751
1160771908,20230301,202303,2023,2023.1671,CVL,COMMUNITY,,,,,,CVL,,,,,,,,,,,,,0,051,051,05,1,3.4,4,1,4,2.98013245033112,4,"Surfers Paradise, Queensland, Australia",AS,AS04,-28,153.433,-1602940,0,,,,,,,4,"Surfers Paradise, Queensland, Australia",AS,AS04,-28,153.433,-1602940,20240229,https://www.dailymail.co.uk/news/article-13138311/Surfers-Paradise-ugly-smelly-toilet-Gold-Coast.html
1160771909,20230301,202303,2023,2023.1671,CVL,COMMUNITY,,,,,,CVL,,,,,,,,,,,,,0,051,051,05,1,3.4,6,1,6,2.98013245033112,1,Ghana,GH,GH,8,-2,GH,0,,,,,,,1,Ghana,GH,GH,8,-2,GH,20240229,https://www.dailymail.co.uk/news/article-13138311/Surfers-Paradise-ugly-smelly-toilet-Gold-Coast.html
1160772282,20240229,202402,2024,2024.1616,AUS,AUSTRALIA,AUS,,,,,,,,,,,,,,,,,,0,010,010,01,1,0.0,6,1,6,2.98013245033112,4,"Surfers Paradise, Queensland, Australia",AS,AS04,-28,153.433,-1602940,0,,,,,,,4,"Surfers Paradise, Queensland, Australia",AS,AS04,-28,153.433,-1602940,20240229,https://www.dailymail.co.uk/news/article-13138311/Surfers-Paradise-ugly-smelly-toilet-Gold-Coast.html
1160772284,20240229,202402,2024,2024.1616,AUS,AUSTRALIA,AUS,,,,,,,,,,,,,,,,,,1,020,020,02,1,3.0,1,1,1,2.98013245033112,4,"Surfers Paradise, Queensland, Australia",AS,AS04,-28,153.433,-1602940,0,,,,,,,4,"Surfers Paradise, Queensland, Australia",AS,AS04,-28,153.433,-1602940,20240229,https://www.dailymail.co.uk/news/article-13138311/Surfers-Paradise-ugly-smelly-toilet-Gold-Coast.html
1160772285,20240229,202402,2024,2024.1616,AUS,AUSTRALIA,AUS,,,,,,,,,,,,,,,,,,1,020,020,02,1,3.0,3,1,3,2.98013245033112,4,"Surfers Paradise, Queensland, Australia",AS,AS04,-28,153.433,-1602940,0,,,,,,,1,Ghana,GH,GH,8,-2,GH,20240229,https://www.dailymail.co.uk/news/article-13138311/Surfers-Paradise-ugly-smelly-toilet-Gold-Coast.html
1160772298,20240229,202402,2024,2024.1616,AUS,AUSTRALIA,AUS,,,,,,,,BUS,CHAMBER OF COMMERCE,,,,,,BUS,,,1,111,111,11,3,-2.0,7,1,7,2.98013245033112,4,"Surfers Paradise, Queensland, Australia",AS,AS04,-28,153.433,-1602940,4,"Surfers Paradise, Queensland, Australia",AS,AS04,-28,153.433,-1602940,4,"Surfers Paradise, Queensland, Australia",AS,AS04,-28,153.433,-1602940,20240229,https://www.dailymail.co.uk/news/article-13138311/Surfers-Paradise-ugly-smelly-toilet-Gold-Coast.html
1160772309,20240229,202402,2024,2024.1616,AUS,AUSTRALIA,AUS,,,,,,,,GHA,GHANA,GHA,,,,,,,,1,010,010,01,1,0.0,2,1,2,2.98013245033112,4,"Burleigh Beach, Queensland, Australia",AS,AS04,-28.0881,153.453,11423038,4,"Surfers Paradise, Queensland, Australia",AS,AS04,-28,153.433,-1602940,4,"Surfers Paradise, Queensland, Australia",AS,AS04,-28,153.433,-1602940,20240229,https://www.dailymail.co.uk/news/article-13138311/Surfers-Paradise-ugly-smelly-toilet-Gold-Coast.html
1160772310,20240229,202402,2024,2024.1616,AUS,AUSTRALIA,AUS,,,,,,,,GHA,GHANA,GHA,,,,,,,,1,010,010,01,1,0.0,6,1,6,2.98013245033112,4,"Burleigh Beach, Queensland, Australia",AS,AS04,-28.0881,153.453,11423038,1,Ghana,GH,GH,8,-2,GH,1,Ghana,GH,GH,8,-2,GH,20240229,https://www.dailymail.co.uk/news/article-13138311/Surfers-Paradise-ugly-smelly-toilet-Gold-Coast.html
1160772311,20240229,202402,2024,2024.1616,AUS,AUSTRALIA,AUS,,,,,,,,GHABUS,GHANA,GHA,,,,,BUS,,,1,020,020,02,1,3.0,1,1,1,2.98013245033112,4,"Surfers Paradise, Queensland, Australia",AS,AS04,-28,153.433,-1602940,4,"Surfers Paradise, Queensland, Australia",AS,AS04,-28,153.433,-1602940,4,"Surfers Paradise, Queensland, Australia",AS,AS04,-28,153.433,-1602940,20240229,https://www.dailymail.co.uk/news/article-13138311/Surfers-Paradise-ugly-smelly-toilet-Gold-Coast.html
1160772312,20240229,202402,2024,2024.1616,AUS,AUSTRALIA,AUS,,,,,,,,GHABUS,GHANA,GHA,,,,,BUS,,,1,020,020,02,1,3.0,3,1,3,2.98013245033112,4,"Surfers Paradise, Queensland, Australia",AS,AS04,-28,153.433,-1602940,1,Ghana,GH,GH,8,-2,GH,1,Ghana,GH,GH,8,-2,GH,20240229,https://www.dailymail.co.uk/news/article-13138311/Surfers-Paradise-ugly-smelly-toilet-Gold-Coast.html
1160772369,20240229,202402,2024,2024.1616,BUS,TOURISM INDUSTRY,,,,,,BUS,,,,,,,,,,,,,1,020,020,02,1,3.0,11,2,11,3.65843357210434,1,Ghana,GH,GH,8,-2,GH,0,,,,,,,1,Ghana,GH,GH,8,-2,GH,20240229,https://www.dailymail.co.uk/news/article-13138311/Surfers-Paradise-ugly-smelly-toilet-Gold-Coast.html
1160772381,20240229,202402,2024,2024.1616,BUS,CHAMBER OF COMMERCE,,,,,,BUS,,,,,,,,,,,,,1,111,111,11,3,-2.0,2,1,2,2.98013245033112,4,"Surfers Paradise, Queensland, Australia",AS,AS04,-28,153.433,-1602940,0,,,,,,,4,"Surfers Paradise, Queensland, Australia",AS,AS04,-28,153.433,-1602940,20240229,https://www.dailymail.co.uk/news/article-13138311/Surfers-Paradise-ugly-smelly-toilet-Gold-Coast.html
1160772524,20240229,202402,2024,2024.1616,COP,POLICE,,,,,,COP,,,CRM,GANG,,,,,,CRM,,,1,193,193,19,4,-10.0,1,1,1,-3.07692307692308,4,"Rohtak, Haryana, India",IN,IN10,28.9,76.5667,-2109525,4,"Rohtak, Haryana, India",IN,IN10,28.9,76.5667,-2109525,4,"Rohtak, Haryana, India",IN,IN10,28.9,76.5667,-2109525,20240229,https://www.tribuneindia.com/news/chandigarh/bishnoi-goldy-brar-gang-module-busted-595635
1160772525,20240229,202402,2024,2024.1616,COP,POLICE,,,,,,COP,,,CRM,GANGSTER,,,,,,CRM,,,1,193,193,19,4,-10.0,1,1,1,-3.07692307692308,4,"Rohtak, Haryana, India",IN,IN10,28.9,76.5667,-2109525,4,"Mohali, Madhya Pradesh, India",IN,IN35,24.1492,78.9817,10450720,4,"Rohtak, Haryana, India",IN,IN10,28.9,76.5667,-2109525,20240229,https://www.tribuneindia.com/news/chandigarh/bishnoi-goldy-brar-gang-module-busted-595635
1160772526,20240229,202402,2024,2024.1616,COP,POLICE,,,,,,COP,,,CRM,GANGSTER,,,,,,CRM,,,1,193,193,19,4,-10.0,8,1,8,-3.07692307692308,4,"Mohali, Madhya Pradesh, India",IN,IN35,24.1492,78.9817,10450720,4,"Mohali, Madhya Pradesh, India",IN,IN35,24.1492,78.9817,10450720,4,"Mohali, Madhya Pradesh, India",IN,IN35,24.1492,78.9817,10450720,20240229,https://www.tribuneindia.com/news/chandigarh/bishnoi-goldy-brar-gang-module-busted-595635
1160774730,20240229,202402,2024,2024.1616,,,,,,,,,,,CAN,TORONTO,CAN,,,,,,,,1,046,046,04,1,7.0,30,2,30,3.63454428275839,0,,,,,,,4,"Toronto, Ontario, Canada",CA,CA08,43.6667,-79.4167,-574890,4,"Toronto, Ontario, Canada",CA,CA08,43.6667,-79.4167,-574890,20240229,https://www.goldseiten.de/artikel/610407--Avalon-Announces-the-Results-of-Its-2024-Annual-and-Special-Meeting-of-Shareholders.html
1160774889,20240229,202402,2024,2024.1616,BUS,COMPANY,,,,,,BUS,,,,,,,,,,,,,1,010,010,01,1,0.0,41,5,41,0.265192752786303,4,"Toronto, Ontario, Canada",CA,CA08,43.6667,-79.4167,-574890,0,,,,,,,4,"Toronto, Ontario, Canada",CA,CA08,43.6667,-79.4167,-574890,20240229,https://www.goldseiten.de/artikel/610407--Avalon-Announces-the-Results-of-Its-2024-Annual-and-Special-Meeting-of-Shareholders.html
1160774913,20240229,202402,2024,2024.1616,CAN,TORONTO,CAN,,,,,,,,,,,,,,,,,,1,046,046,04,1,7.0,10,1,10,2.8391167192429,4,"Thunder Bay, Ontario, Canada",CA,CA08,48.4,-89.2333,-574784,0,,,,,,,4,"Thunder Bay, Ontario, Canada",CA,CA08,48.4,-89.2333,-574784,20240229,https://www.goldseiten.de/artikel/610407--Avalon-Announces-the-Results-of-Its-2024-Annual-and-Special-Meeting-of-Shareholders.html
1160774978,20240229,202402,2024,2024.1616,CHR,CHRISTIAN,,,,CHR,,,,,,,,,,,,,,,0,013,013,01,1,0.4,2,1,2,4.94505494505495,1,Italy,IT,IT,42.833333,12.833333,IT,0,,,,,,,1,Italy,IT,IT,42.833333,12.833333,IT,20240229,https://interaksyon.philstar.com/trends-spotlights/2024/02/29/271209/pope-francis-honors-our-lady-of-antipolo-with-golden-rose/
1160774979,20240229,202402,2024,2024.1616,CHR,CHRISTIAN,,,,CHR,,,,,,,,,,,,,,,0,013,013,01,1,0.4,3,1,3,4.94505494505495,1,Portugal,PO,PO,39.5,-8,PO,0,,,,,,,1,Portugal,PO,PO,39.5,-8,PO,20240229,https://interaksyon.philstar.com/trends-spotlights/2024/02/29/271209/pope-francis-honors-our-lady-of-antipolo-with-golden-rose/
1160775048,20240229,202402,2024,2024.1616,CVL,VOTER,,,,,,CVL,,,,,,,,,,,,,1,051,051,05,1,3.4,46,7,46,-1.28115652211437,2,"Florida, United States",US,USFL,27.8333,-81.717,FL,0,,,,,,,2,"Florida, United States",US,USFL,27.8333,-81.717,FL,20240229,https://www.postandcourier.com/opinion/commentary/goldberg-haley-keeps-losing-and-revealing-something-important-about-trump-gop/article_611730d0-d566-11ee-8f06-bbdbb568a5c8.html
1160775068,20240229,202402,2024,2024.1616,CVL,VOTER,,,,,,CVL,,,USA,UNITED STATES,USA,,,,,,,,0,010,010,01,1,0.0,2,1,2,-1.64348925410872,2,"Florida, United States",US,USFL,27.8333,-81.717,FL,2,"South Carolina, United States",US,USSC,33.8191,-80.9066,SC,2,"Florida, United States",US,USFL,27.8333,-81.717,FL,20240229,https://www.postandcourier.com/opinion/commentary/goldberg-haley-keeps-losing-and-revealing-something-important-about-trump-gop/article_611730d0-d566-11ee-8f06-bbdbb568a5c8.html
1160775069,20240229,202402,2024,2024.1616,CVL,VOTER,,,,,,CVL,,,USA,UNITED STATES,USA,,,,,,,,0,010,010,01,1,0.0,16,5,16,-1.49819815607091,2,"South Carolina, United States",US,USSC,33.8191,-80.9066,SC,2,"South Carolina, United States",US,USSC,33.8191,-80.9066,SC,2,"South Carolina, United States",US,USSC,33.8191,-80.9066,SC,20240229,https://www.postandcourier.com/opinion/commentary/goldberg-haley-keeps-losing-and-revealing-something-important-about-trump-gop/article_611730d0-d566-11ee-8f06-bbdbb568a5c8.html
1160775070,20240229,202402,2024,2024.1616,CVL,VOTER,,,,,,CVL,,,USA,UNITED STATES,USA,,,,,,,,0,051,051,05,1,3.4,4,2,4,-1.67588391746172,2,"Florida, United States",US,USFL,27.8333,-81.717,FL,2,"South Carolina, United States",US,USSC,33.8191,-80.9066,SC,2,"Florida, United States",US,USFL,27.8333,-81.717,FL,20240229,https://www.postandcourier.com/opinion/commentary/goldberg-haley-keeps-losing-and-revealing-something-important-about-trump-gop/article_611730d0-d566-11ee-8f06-bbdbb568a5c8.html
1160775071,20240229,202402,2024,2024.1616,CVL,VOTER,,,,,,CVL,,,USA,UNITED STATES,USA,,,,,,,,0,051,051,05,1,3.4,14,6,14,-0.744252178891362,2,"South Carolina, United States",US,USSC,33.8191,-80.9066,SC,2,"South Carolina, United States",US,USSC,33.8191,-80.9066,SC,2,"South Carolina, United States",US,USSC,33.8191,-80.9066,SC,20240229,https://www.postandcourier.com/opinion/commentary/goldberg-haley-keeps-losing-and-revealing-something-important-about-trump-gop/article_611730d0-d566-11ee-8f06-bbdbb568a5c8.html
1160775594,20240229,202402,2024,2024.1616,REL,ARCHBISHOP,,,,,,,,,,,,,,,,,,,1,020,020,02,1,3.0,4,2,4,2.74426660296226,1,Italy,IT,IT,42.833333,12.833333,IT,0,,,,,,,1,Italy,IT,IT,42.833333,12.833333,IT,20240229,https://interaksyon.philstar.com/trends-spotlights/2024/02/29/271209/pope-francis-honors-our-lady-of-antipolo-with-golden-rose/
1160775595,20240229,202402,2024,2024.1616,REL,ARCHBISHOP,,,,,,,,,,,,,,,,,,,0,020,020,02,1,3.0,8,1,8,4.94505494505495,1,Portugal,PO,PO,39.5,-8,PO,0,,,,,,,1,Portugal,PO,PO,39.5,-8,PO,20240229,https://interaksyon.philstar.com/trends-spotlights/2024/02/29/271209/pope-francis-honors-our-lady-of-antipolo-with-golden-rose/
1160775596,20240229,202402,2024,2024.1616,REL,ARCHBISHOP,,,,,,,,,,,,,,,,,,,1,040,040,04,1,1.0,42,3,42,1.65471193863275,1,Italy,IT,IT,42.833333,12.833333,IT,0,,,,,,,1,Italy,IT,IT,42.833333,12.833333,IT,20240229,https://interaksyon.philstar.com/trends-spotlights/2024/02/29/271209/pope-francis-honors-our-lady-of-antipolo-with-golden-rose/
1160775597,20240229,202402,2024,2024.1616,REL,ARCHBISHOP,,,,,,,,,,,,,,,,,,,0,040,040,04,1,1.0,8,1,8,4.94505494505495,1,Portugal,PO,PO,39.5,-8,PO,0,,,,,,,1,Portugal,PO,PO,39.5,-8,PO,20240229,https://interaksyon.philstar.com/trends-spotlights/2024/02/29/271209/pope-francis-honors-our-lady-of-antipolo-with-golden-rose/
1160775720,20240229,202402,2024,2024.1616,USA,UNITED STATES,USA,,,,,,,,,,,,,,,,,,1,040,040,04,1,1.0,52,9,52,-0.547052089542589,2,"South Carolina, United States",US,USSC,33.8191,-80.9066,SC,0,,,,,,,2,"South Carolina, United States",US,USSC,33.8191,-80.9066,SC,20240229,https://www.postandcourier.com/opinion/commentary/goldberg-haley-keeps-losing-and-revealing-something-important-about-trump-gop/article_611730d0-d566-11ee-8f06-bbdbb568a5c8.html
1160775747,20240229,202402,2024,2024.1616,USA,UNITED STATES,USA,,,,,,,,,,,,,,,,,,0,051,051,05,1,3.4,8,4,8,-1.78713125673247,2,"South Carolina, United States",US,USSC,33.8191,-80.9066,SC,0,,,,,,,2,"New Hampshire, United States",US,USNH,43.4108,-71.5653,NH,20240229,https://www.postandcourier.com/opinion/commentary/goldberg-haley-keeps-losing-and-revealing-something-important-about-trump-gop/article_611730d0-d566-11ee-8f06-bbdbb568a5c8.html
1160775764,20240229,202402,2024,2024.1616,USA,UNITED STATES,USA,,,,,,,,,,,,,,,,,,1,111,111,11,3,-2.0,27,6,27,-1.15159923858622,2,"New Hampshire, United States",US,USNH,43.4108,-71.5653,NH,0,,,,,,,2,"New Hampshire, United States",US,USNH,43.4108,-71.5653,NH,20240229,https://www.postandcourier.com/opinion/commentary/goldberg-haley-keeps-losing-and-revealing-something-important-about-trump-gop/article_611730d0-d566-11ee-8f06-bbdbb568a5c8.html
1160775765,20240229,202402,2024,2024.1616,USA,NEW HAMPSHIRE,USA,,,,,,,,,,,,,,,,,,1,111,111,11,3,-2.0,17,4,17,-1.86325369735927,2,"South Carolina, United States",US,USSC,33.8191,-80.9066,SC,0,,,,,,,2,"South Carolina, United States",US,USSC,33.8191,-80.9066,SC,20240229,https://www.postandcourier.com/opinion/commentary/goldberg-haley-keeps-losing-and-revealing-something-important-about-trump-gop/article_611730d0-d566-11ee-8f06-bbdbb568a5c8.html
1160775949,20240229,202402,2024,2024.1616,USABUS,UNITED STATES,USA,,,,,BUS,,,USA,UNITED STATES,USA,,,,,,,,1,010,010,01,1,0.0,2,1,2,3.49288486416559,1,Argentina,AR,AR,-34,-64,AR,1,Argentina,AR,AR,-34,-64,AR,1,Argentina,AR,AR,-34,-64,AR,20240229,https://www.goldseiten.de/artikel/610416--QX-Resources-Ltd~-Stardust-Power-Inc-Signs-LOI-for-Liberty-Lithium-Brine---USA.html
1160781315,20240229,202402,2024,2024.1616,BUS,COMPANY,,,,,,BUS,,,,,,,,,,,,,1,020,020,02,1,3.0,30,3,30,3.7141907082544,1,Philippines,RP,RP,13,122,RP,0,,,,,,,1,Philippines,RP,RP,13,122,RP,20240229,https://tribune.net.ph/2024/02/29/puregold-eases-consumer-burden-via-discount
1160782031,20240229,202402,2024,2024.1616,MIL,MILITARY,,,,,,MIL,,,,,,,,,,,,,0,051,051,05,1,3.4,10,1,10,-0.17953321364453,2,"Arizona, United States",US,USAZ,33.7712,-111.388,AZ,0,,,,,,,2,"Arizona, United States",US,USAZ,33.7712,-111.388,AZ,20240229,https://www.9news.com/article/news/local/82-years-later-this-gold-star-family-finally-has-closure/75-a0fe7d90-3ff2-4b65-ab34-d0444d47a554
1160782058,20240229,202402,2024,2024.1616,MNCUSA,GOLDEN STAR RESOURCES,USA,,,,,MNC,,,,,,,,,,,,,1,010,010,01,1,0.0,10,1,10,8.78661087866109,4,"Prestea, Ghana (general), Ghana",GH,GH00,5.43274,-2.14284,-2078228,0,,,,,,,4,"Prestea, Ghana (general), Ghana",GH,GH00,5.43274,-2.14284,-2078228,20240229,https://www.modernreaders.com/news/2024/02/29/golden-star-resources-tsegsc-stock-crosses-above-two-hundred-day-moving-average-of-0-00.html
1160782117,20240229,202402,2024,2024.1616,PHL,PHILIPPINE,PHL,,,,,,,,,,,,,,,,,,1,020,020,02,1,3.0,24,4,24,3.19802825254924,1,Philippines,RP,RP,13,122,RP,0,,,,,,,1,Philippines,RP,RP,13,122,RP,20240229,https://tribune.net.ph/2024/02/29/puregold-eases-consumer-burden-via-discount
1160782120,20240229,202402,2024,2024.1616,PHL,FILIPINO,PHL,,,,,,,,,,,,,,,,,,1,070,070,07,2,7.0,20,2,20,0.853068500127325,1,Philippines,RP,RP,13,122,RP,0,,,,,,,1,Philippines,RP,RP,13,122,RP,20240229,https://tribune.net.ph/2024/02/29/puregold-eases-consumer-burden-via-discount
1160785017,20240229,202402,2024,2024.1616,AFR,AFRICA,AFR,,,,,,,,,,,,,,,,,,1,010,010,01,1,0.0,10,1,10,7.78443113772455,4,"Vancouver, British Columbia, Canada",CA,CA02,49.25,-123.133,-575268,0,,,,,,,4,"Vancouver, British Columbia, Canada",CA,CA02,49.25,-123.133,-575268,20240229,https://www.modernreaders.com/news/2024/02/29/stellar-africagold-otcmktsstlxf-shares-pass-below-200-day-moving-average-of-0-01.html
1160786305,20240229,202402,2024,2024.1616,USA,UNITED STATES,USA,,,,,,,,,,,,,,,,,,1,120,120,12,3,-4.0,21,3,21,-1.54709927507742,3,"San Francisco, California, United States",US,USCA,37.7749,-122.419,277593,0,,,,,,,3,"San Francisco, California, United States",US,USCA,37.7749,-122.419,277593,20240229,https://www.zerohedge.com/markets/goldman-says-office-tower-prices-must-plunge-50-housing-conversion-make-sense
1160787496,20240229,202402,2024,2024.1616,ELI,RETIRED,,,,,,ELI,,,,,,,,,,,,,0,051,051,05,1,3.4,5,1,5,5.9662775616083,2,"Georgia, United States",US,USGA,32.9866,-83.6487,GA,0,,,,,,,2,"Georgia, United States",US,USGA,32.9866,-83.6487,GA,20240229,https://www.mdjonline.com/neighbor_newspapers/fulton/news/column-week-seven-under-the-gold-dome/article_da121338-d692-11ee-960c-b7b75929bdc2.html
1160790358,20240229,202402,2024,2024.1616,BUS,INVESTOR,,,,,,BUS,,,GOV,GOVERNMENT,,,,,,GOV,,,1,061,061,06,2,6.4,10,1,10,4.90196078431372,1,India,IN,IN,20,77,IN,1,India,IN,IN,20,77,IN,1,India,IN,IN,20,77,IN,20240229,https://www.moneycontrol.com/news/business/personal-finance/why-sovereign-gold-bonds-is-less-gold-and-more-a-contract-12372001.html
1160790612,20240229,202402,2024,2024.1616,GOV,GOVERNMENT,,,,,,GOV,,,BUS,INVESTOR,,,,,,BUS,,,1,061,061,06,2,6.4,10,1,10,4.90196078431372,1,India,IN,IN,20,77,IN,1,India,IN,IN,20,77,IN,1,India,IN,IN,20,77,IN,20240229,https://www.moneycontrol.com/news/business/personal-finance/why-sovereign-gold-bonds-is-less-gold-and-more-a-contract-12372001.html
1160792035,20240229,202402,2024,2024.1616,,,,,,,,,,,BUS,LANDLORD,,,,,,BUS,,,1,030,030,03,1,4.0,6,1,6,-4.01891252955082,0,,,,,,,1,Malaysia,MY,MY,2.5,112.5,MY,4,"Milimani, Coast, Kenya",KE,KE02,-2.52307,40.333,11115698,20240229,https://nairobiwire.com/2024/02/suspected-mastermind-behind-ksh2-85b-kileleshwa-gold-scam-granted-bail.html
1160792036,20240229,202402,2024,2024.1616,,,,,,,,,,,BUS,LANDLORD,,,,,,BUS,,,1,030,030,03,1,4.0,4,1,4,-4.01891252955082,0,,,,,,,1,Malaysia,MY,MY,2.5,112.5,MY,1,Malaysia,MY,MY,2.5,112.5,MY,20240229,https://nairobiwire.com/2024/02/suspected-mastermind-behind-ksh2-85b-kileleshwa-gold-scam-granted-bail.html
1160792042,20240229,202402,2024,2024.1616,,,,,,,,,,,COP,DETECTIVE,,,,,,COP,,,1,042,042,04,1,1.9,6,1,6,-4.01891252955082,0,,,,,,,4,"Milimani, Coast, Kenya",KE,KE02,-2.52307,40.333,11115698,4,"Milimani, Coast, Kenya",KE,KE02,-2.52307,40.333,11115698,20240229,https://nairobiwire.com/2024/02/suspected-mastermind-behind-ksh2-85b-kileleshwa-gold-scam-granted-bail.html
1160792051,20240229,202402,2024,2024.1616,,,,,,,,,,,EGY,EGYPT,EGY,,,,,,,,1,080,080,08,2,5.0,6,2,6,-2.94305499529379,0,,,,,,,1,Egypt,EG,EG,27,30,EG,1,Egypt,EG,EG,27,30,EG,20240229,https://www.torahmusings.com/2024/02/the-golden-calf-many-costs-a-bit-of-benefit/
1160792150,20240229,202402,2024,2024.1616,AFR,AFRICA,AFR,,,,,,,,INT,FOREIGN NATIONAL,,,,,,INT,,,0,043,043,04,1,2.8,8,1,8,-4.01891252955082,4,"Milimani, Coast, Kenya",KE,KE02,-2.52307,40.333,11115698,1,Congo,CF,CF,-1,15,CF,1,Congo,CF,CF,-1,15,CF,20240229,https://nairobiwire.com/2024/02/suspected-mastermind-behind-ksh2-85b-kileleshwa-gold-scam-granted-bail.html
1160792151,20240229,202402,2024,2024.1616,AFR,AFRICA,AFR,,,,,,,,INT,FOREIGN NATIONAL,,,,,,INT,,,0,043,043,04,1,2.8,2,1,2,-4.01891252955082,1,Congo,CF,CF,-1,15,CF,1,Congo,CF,CF,-1,15,CF,1,Congo,CF,CF,-1,15,CF,20240229,https://nairobiwire.com/2024/02/suspected-mastermind-behind-ksh2-85b-kileleshwa-gold-scam-granted-bail.html
1160792312,20240229,202402,2024,2024.1616,COP,DETECTIVE,,,,,,COP,,,,,,,,,,,,,1,043,043,04,1,2.8,6,1,6,-4.01891252955082,4,"Milimani, Coast, Kenya",KE,KE02,-2.52307,40.333,11115698,0,,,,,,,4,"Milimani, Coast, Kenya",KE,KE02,-2.52307,40.333,11115698,20240229,https://nairobiwire.com/2024/02/suspected-mastermind-behind-ksh2-85b-kileleshwa-gold-scam-granted-bail.html
1160792328,20240229,202402,2024,2024.1616,COP,DETECTIVE,,,,,,COP,,,,,,,,,,,,,0,190,190,19,4,-10.0,10,1,10,-4.01891252955082,1,Malaysia,MY,MY,2.5,112.5,MY,0,,,,,,,1,Malaysia,MY,MY,2.5,112.5,MY,20240229,https://nairobiwire.com/2024/02/suspected-mastermind-behind-ksh2-85b-kileleshwa-gold-scam-granted-bail.html
1160792337,20240229,202402,2024,2024.1616,COP,DETECTIVE,,,,,,COP,,,MYS,MALAYSIA,MYS,,,,,,,,1,043,043,04,1,2.8,4,1,4,-4.01891252955082,1,Malaysia,MY,MY,2.5,112.5,MY,1,Malaysia,MY,MY,2.5,112.5,MY,1,Malaysia,MY,MY,2.5,112.5,MY,20240229,https://nairobiwire.com/2024/02/suspected-mastermind-behind-ksh2-85b-kileleshwa-gold-scam-granted-bail.html
1160792733,20240229,202402,2024,2024.1616,INT,FOREIGN NATIONAL,,,,,,INT,,,AFR,AFRICA,AFR,,,,,,,,0,042,042,04,1,1.9,8,1,8,-4.01891252955082,1,Congo,CF,CF,-1,15,CF,4,"Milimani, Coast, Kenya",KE,KE02,-2.52307,40.333,11115698,1,Congo,CF,CF,-1,15,CF,20240229,https://nairobiwire.com/2024/02/suspected-mastermind-behind-ksh2-85b-kileleshwa-gold-scam-granted-bail.html
1160792734,20240229,202402,2024,2024.1616,INT,FOREIGN NATIONAL,,,,,,INT,,,AFR,AFRICA,AFR,,,,,,,,0,042,042,04,1,1.9,2,1,2,-4.01891252955082,1,Congo,CF,CF,-1,15,CF,1,Congo,CF,CF,-1,15,CF,1,Congo,CF,CF,-1,15,CF,20240229,https://nairobiwire.com/2024/02/suspected-mastermind-behind-ksh2-85b-kileleshwa-gold-scam-granted-bail.html
1160792935,20240229,202402,2024,2024.1616,MYS,MALAYSIA,MYS,,,,,,,,,,,,,,,,,,0,150,150,15,4,-7.2,4,1,4,-4.01891252955082,1,Malaysia,MY,MY,2.5,112.5,MY,0,,,,,,,4,"Milimani, Coast, Kenya",KE,KE02,-2.52307,40.333,11115698,20240229,https://nairobiwire.com/2024/02/suspected-mastermind-behind-ksh2-85b-kileleshwa-gold-scam-granted-bail.html
1160792938,20240229,202402,2024,2024.1616,MYS,MALAYSIA,MYS,,,,,,,,COP,DETECTIVE,,,,,,COP,,,1,042,042,04,1,1.9,4,1,4,-4.01891252955082,1,Malaysia,MY,MY,2.5,112.5,MY,1,Malaysia,MY,MY,2.5,112.5,MY,1,Malaysia,MY,MY,2.5,112.5,MY,20240229,https://nairobiwire.com/2024/02/suspected-mastermind-behind-ksh2-85b-kileleshwa-gold-scam-granted-bail.html
1160792939,20240229,202402,2024,2024.1616,MYS,MALAYSIA,MYS,,,,,,,,COP,DETECTIVE,,,,,,COP,,,1,173,173,17,4,-5.0,4,1,4,-4.01891252955082,1,Malaysia,MY,MY,2.5,112.5,MY,1,Malaysia,MY,MY,2.5,112.5,MY,1,Malaysia,MY,MY,2.5,112.5,MY,20240229,https://nairobiwire.com/2024/02/suspected-mastermind-behind-ksh2-85b-kileleshwa-gold-scam-granted-bail.html
1160793742,20230301,202303,2023,2023.1671,AUS,QUEENSLAND,AUS,,,,,,,,,,,,,,,,,,1,010,010,01,1,0.0,10,1,10,0.66666666666667,0,,,,,,,0,,,,,,,0,,,,,,,20240229,https://www.proactiveinvestors.com.au/companies/news/1042034/cooper-metals-follows-up-spectacular-hits-with-diamond-drilling-at-brumby-ridge-copper-gold-prospect-1042034.html
1160793799,20240229,202402,2024,2024.1616,,,,,,,,,,,AUS,AUSTRALIA,AUS,,,,,,,,1,040,040,04,1,1.0,4,1,4,4.46428571428571,0,,,,,,,4,"Feysville, Western Australia, Australia",AS,AS08,-30.9579,121.597,11456172,4,"Feysville, Western Australia, Australia",AS,AS08,-30.9579,121.597,11456172,20240229,https://www.proactiveinvestors.com.au/companies/news/1042042/astral-resources-delivers-more-high-grade-gold-1042042.html
1160793802,20240229,202402,2024,2024.1616,,,,,,,,,,,AUS,AUSTRALIA,AUS,,,,,,,,1,046,046,04,1,7.0,4,1,4,4.46428571428571,0,,,,,,,4,"Feysville, Western Australia, Australia",AS,AS08,-30.9579,121.597,11456172,4,"Feysville, Western Australia, Australia",AS,AS08,-30.9579,121.597,11456172,20240229,https://www.proactiveinvestors.com.au/companies/news/1042042/astral-resources-delivers-more-high-grade-gold-1042042.html
1160793965,20240229,202402,2024,2024.1616,AUS,AUSTRALIA,AUS,,,,,,,,,,,,,,,,,,1,040,040,04,1,1.0,4,1,4,4.46428571428571,4,"Feysville, Western Australia, Australia",AS,AS08,-30.9579,121.597,11456172,0,,,,,,,4,"Feysville, Western Australia, Australia",AS,AS08,-30.9579,121.597,11456172,20240229,https://www.proactiveinvestors.com.au/companies/news/1042042/astral-resources-delivers-more-high-grade-gold-1042042.html
1160793967,20240229,202402,2024,2024.1616,AUS,AUSTRALIA,AUS,,,,,,,,,,,,,,,,,,1,046,046,04,1,7.0,4,1,4,4.46428571428571,4,"Feysville, Western Australia, Australia",AS,AS08,-30.9579,121.597,11456172,0,,,,,,,4,"Feysville, Western Australia, Australia",AS,AS08,-30.9579,121.597,11456172,20240229,https://www.proactiveinvestors.com.au/companies/news/1042042/astral-resources-delivers-more-high-grade-gold-1042042.html
1160793985,20240229,202402,2024,2024.1616,AUS,AUSTRALIA,AUS,,,,,,,,BUS,COMPANY,,,,,,BUS,,,1,070,070,07,2,7.0,4,1,4,4.46428571428571,4,"Feysville, Western Australia, Australia",AS,AS08,-30.9579,121.597,11456172,4,"Feysville, Western Australia, Australia",AS,AS08,-30.9579,121.597,11456172,4,"Feysville, Western Australia, Australia",AS,AS08,-30.9579,121.597,11456172,20240229,https://www.proactiveinvestors.com.au/companies/news/1042042/astral-resources-delivers-more-high-grade-gold-1042042.html
1160794166,20240229,202402,2024,2024.1616,COP,DETECTIVE,,,,,,COP,,,BUS,COMPANIES,,,,,,BUS,,,0,130,130,13,3,-4.4,5,1,5,-7.95180722891562,3,"Miami, Florida, United States",US,USFL,25.7743,-80.1937,295004,3,"Miami, Florida, United States",US,USFL,25.7743,-80.1937,295004,3,"Miami, Florida, United States",US,USFL,25.7743,-80.1937,295004,20240229,https://www.abc.net.au/news/2024-02-29/police-charge-five-gold-coast-boiler-room-investment-fraud-ring/103526504
1160799499,20240222,202402,2024,2024.1425,REL,MONK,,,,,,,,,,,,,,,,,,,1,010,010,01,1,0.0,3,1,3,-4.34782608695652,3,"Baytown, Texas, United States",US,USTX,29.7355,-94.9774,1380966,0,,,,,,,3,"Baytown, Texas, United States",US,USTX,29.7355,-94.9774,1380966,20240229,https://abc13.com/houston-buddhist-temples-string-of-burglaries-culture-golden-heart-association-unreported-crime/14477459/
1160799500,20240222,202402,2024,2024.1425,REL,MONK,,,,,,,,,,,,,,,,,,,1,010,010,01,1,0.0,3,1,3,-4.34782608695652,2,"Texas, United States",US,USTX,31.106,-97.6475,TX,0,,,,,,,2,"Texas, United States",US,USTX,31.106,-97.6475,TX,20240229,https://abc13.com/houston-buddhist-temples-string-of-burglaries-culture-golden-heart-association-unreported-crime/14477459/
1160799501,20240222,202402,2024,2024.1425,USA,UNITED STATES,USA,,,,,,,,REL,MONK,,,,,,,,,1,013,013,01,1,0.4,2,1,2,-4.34782608695652,3,"Houston, Texas, United States",US,USTX,29.7633,-95.3633,1380948,3,"Houston, Texas, United States",US,USTX,29.7633,-95.3633,1380948,3,"Houston, Texas, United States",US,USTX,29.7633,-95.3633,1380948,20240229,https://abc13.com/houston-buddhist-temples-string-of-burglaries-culture-golden-heart-association-unreported-crime/14477459/
1160799502,20240222,202402,2024,2024.1425,USA,UNITED STATES,USA,,,,,,,,REL,MONK,,,,,,,,,1,013,013,01,1,0.4,2,1,2,-4.34782608695652,3,"Houston, Texas, United States",US,USTX,29.7633,-95.3633,1380948,2,"Texas, United States",US,USTX,31.106,-97.6475,TX,3,"Houston, Texas, United States",US,USTX,29.7633,-95.3633,1380948,20240229,https://abc13.com/houston-buddhist-temples-string-of-burglaries-culture-golden-heart-association-unreported-crime/14477459/
1160799897,20240229,202402,2024,2024.1616,CVL,COMMUNITY,,,,,,CVL,,,,,,,,,,,,,0,160,160,16,4,-4.0,4,1,4,-4.34782608695652,3,"Houston, Texas, United States",US,USTX,29.7633,-95.3633,1380948,0,,,,,,,3,"Houston, Texas, United States",US,USTX,29.7633,-95.3633,1380948,20240229,https://abc13.com/houston-buddhist-temples-string-of-burglaries-culture-golden-heart-association-unreported-crime/14477459/
1160799898,20240229,202402,2024,2024.1616,CVL,COMMUNITY,,,,,,CVL,,,,,,,,,,,,,0,160,160,16,4,-4.0,6,1,6,-4.34782608695652,3,"Baytown, Texas, United States",US,USTX,29.7355,-94.9774,1380966,0,,,,,,,3,"Baytown, Texas, United States",US,USTX,29.7355,-94.9774,1380966,20240229,https://abc13.com/houston-buddhist-temples-string-of-burglaries-culture-golden-heart-association-unreported-crime/14477459/
1160799921,20240229,202402,2024,2024.1616,CVL,COMMUNITY,,,,,,CVL,,,USA,UNITED STATES,USA,,,,,,,,0,036,036,03,1,4.0,4,1,4,-4.34782608695652,3,"Houston, Texas, United States",US,USTX,29.7633,-95.3633,1380948,3,"Houston, Texas, United States",US,USTX,29.7633,-95.3633,1380948,3,"Houston, Texas, United States",US,USTX,29.7633,-95.3633,1380948,20240229,https://abc13.com/houston-buddhist-temples-string-of-burglaries-culture-golden-heart-association-unreported-crime/14477459/
1160800343,20240229,202402,2024,2024.1616,JUD,ATTORNEY,,,,,,JUD,,,CVL,COMMUNITY,,,,,,CVL,,,1,012,012,01,1,-0.4,3,1,3,-4.34782608695652,3,"Baytown, Texas, United States",US,USTX,29.7355,-94.9774,1380966,3,"Baytown, Texas, United States",US,USTX,29.7355,-94.9774,1380966,3,"Baytown, Texas, United States",US,USTX,29.7355,-94.9774,1380966,20240229,https://abc13.com/houston-buddhist-temples-string-of-burglaries-culture-golden-heart-association-unreported-crime/14477459/
1160800779,20240229,202402,2024,2024.1616,USA,UNITED STATES,USA,,,,,,,,CVL,COMMUNITY,,,,,,CVL,,,0,010,010,01,1,0.0,4,1,4,-4.34782608695652,3,"Houston, Texas, United States",US,USTX,29.7633,-95.3633,1380948,3,"Houston, Texas, United States",US,USTX,29.7633,-95.3633,1380948,3,"Houston, Texas, United States",US,USTX,29.7633,-95.3633,1380948,20240229,https://abc13.com/houston-buddhist-temples-string-of-burglaries-culture-golden-heart-association-unreported-crime/14477459/
1160800781,20240229,202402,2024,2024.1616,USA,UNITED STATES,USA,,,,,,,,CVL,COMMUNITY,,,,,,CVL,,,1,012,012,01,1,-0.4,4,1,4,-4.34782608695652,3,"Houston, Texas, United States",US,USTX,29.7633,-95.3633,1380948,3,"Houston, Texas, United States",US,USTX,29.7633,-95.3633,1380948,3,"Houston, Texas, United States",US,USTX,29.7633,-95.3633,1380948,20240229,https://abc13.com/houston-buddhist-temples-string-of-burglaries-culture-golden-heart-association-unreported-crime/14477459/
1160800786,20240229,202402,2024,2024.1616,USA,UNITED STATES,USA,,,,,,,,CVL,COMMUNITY,,,,,,CVL,,,0,036,036,03,1,4.0,4,1,4,-4.34782608695652,3,"Houston, Texas, United States",US,USTX,29.7633,-95.3633,1380948,3,"Houston, Texas, United States",US,USTX,29.7633,-95.3633,1380948,3,"Houston, Texas, United States",US,USTX,29.7633,-95.3633,1380948,20240229,https://abc13.com/houston-buddhist-temples-string-of-burglaries-culture-golden-heart-association-unreported-crime/14477459/
1160807624,20240229,202402,2024,2024.1616,CAN,CANADIAN,CAN,,,,,,,,GOV,GOVERNMENT,,,,,,GOV,,,1,071,071,07,2,7.4,4,2,4,-4.78135936792481,4,"Ottawa, Ontario, Canada",CA,CA08,45.4167,-75.7,-570760,4,"Ottawa, Ontario, Canada",CA,CA08,45.4167,-75.7,-570760,4,"Ottawa, Ontario, Canada",CA,CA08,45.4167,-75.7,-570760,20240229,https://calgarysun.com/opinion/columnists/goldstein-online-harms-bill-an-assault-on-free-speech-civil-liberties-groups-say/wcm/59a49045-302c-44d9-be0f-122f77bbc04b
1160807635,20240229,202402,2024,2024.1616,CANGOV,CANADA,CAN,,,,,GOV,,,LEG,PARLIAMENT,,,,,,LEG,,,1,040,040,04,1,1.0,2,1,2,-4.44856348470806,4,"Calgary, Alberta, Canada",CA,CA01,51.0833,-114.083,-561990,4,"Calgary, Alberta, Canada",CA,CA01,51.0833,-114.083,-561990,4,"Calgary, Alberta, Canada",CA,CA01,51.0833,-114.083,-561990,20240229,https://calgarysun.com/opinion/columnists/goldstein-online-harms-bill-an-assault-on-free-speech-civil-liberties-groups-say/wcm/59a49045-302c-44d9-be0f-122f77bbc04b
1160807636,20240229,202402,2024,2024.1616,CANGOVHRI,CANADIAN,CAN,,,,,GOV,HRI,,CAN,CANADIAN,CAN,,,,,,,,0,0833,083,08,2,5.0,3,1,3,-4.44856348470806,4,"Calgary, Alberta, Canada",CA,CA01,51.0833,-114.083,-561990,4,"Calgary, Alberta, Canada",CA,CA01,51.0833,-114.083,-561990,4,"Calgary, Alberta, Canada",CA,CA01,51.0833,-114.083,-561990,20240229,https://calgarysun.com/opinion/columnists/goldstein-online-harms-bill-an-assault-on-free-speech-civil-liberties-groups-say/wcm/59a49045-302c-44d9-be0f-122f77bbc04b
1160807958,20240229,202402,2024,2024.1616,GOV,JUSTICE MINISTER,,,,,,GOV,,,LEG,PARLIAMENT,,,,,,LEG,,,1,040,040,04,1,1.0,8,1,8,-4.44856348470806,4,"Calgary, Alberta, Canada",CA,CA01,51.0833,-114.083,-561990,4,"Calgary, Alberta, Canada",CA,CA01,51.0833,-114.083,-561990,4,"Calgary, Alberta, Canada",CA,CA01,51.0833,-114.083,-561990,20240229,https://calgarysun.com/opinion/columnists/goldstein-online-harms-bill-an-assault-on-free-speech-civil-liberties-groups-say/wcm/59a49045-302c-44d9-be0f-122f77bbc04b
1160812385,20240229,202402,2024,2024.1616,GOV,KING,,,,,,GOV,,,USAJUD,SEATTLE,USA,,,,,JUD,,,0,173,173,17,4,-5.0,10,1,10,-5.16605166051661,0,,,,,,,0,,,,,,,0,,,,,,,20240229,https://nypost.com/2024/02/29/us-news/seattle-removes-homeless-man-steven-irwins-ticking-time-bomb-cabin-and-gold-mine/
1160814220,20240229,202402,2024,2024.1616,BUS,COMPANY,,,,,,BUS,,,,,,,,,,,,,0,084,084,08,2,7.0,25,1,10,1.38792505204719,4,"Quebec, Quebec, Canada",CA,CA10,47.5,-72,-571850,0,,,,,,,4,"Quebec, Quebec, Canada",CA,CA10,47.5,-72,-571850,20240229,https://www.goldseiten.de/artikel/610420--TSX-Venture-Exchange-Stock-Maintenance-Bulletins.html
1160814221,20240229,202402,2024,2024.1616,BUS,COMPANY,,,,,,BUS,,,,,,,,,,,,,0,084,084,08,2,7.0,10,1,10,1.38792505204719,4,"Abitibi, Canada (general), Canada",CA,CA00,48,-76,-576358,0,,,,,,,4,"Abitibi, Canada (general), Canada",CA,CA00,48,-76,-576358,20240229,https://www.goldseiten.de/artikel/610420--TSX-Venture-Exchange-Stock-Maintenance-Bulletins.html
1160814222,20240229,202402,2024,2024.1616,BUS,COMPANY,,,,,,BUS,,,,,,,,,,,,,0,084,084,08,2,7.0,5,1,5,1.38792505204719,2,"Texas, United States",US,USTX,31.106,-97.6475,TX,0,,,,,,,2,"Texas, United States",US,USTX,31.106,-97.6475,TX,20240229,https://www.goldseiten.de/artikel/610420--TSX-Venture-Exchange-Stock-Maintenance-Bulletins.html
1160814275,20240229,202402,2024,2024.1616,COP,POLICE,,,,,,COP,,,GUY,GUYANA,GUY,,,,,,,,1,112,112,11,3,-2.0,4,1,4,-8,4,"Demerara, Demerara-Mahaica, Guyana",GY,GY12,6.8,-58.1667,-919880,4,"Demerara, Demerara-Mahaica, Guyana",GY,GY12,6.8,-58.1667,-919880,4,"Demerara, Demerara-Mahaica, Guyana",GY,GY12,6.8,-58.1667,-919880,20240229,https://www.stabroeknews.com/2024/02/29/news/guyana/gold-miner-charged-with-malicious-damage/
1160814561,20240229,202402,2024,2024.1616,GUY,DEMERARA,GUY,,,,,,,,,,,,,,,,,,1,173,173,17,4,-5.0,10,1,10,-8,4,"Demerara, Demerara-Mahaica, Guyana",GY,GY12,6.8,-58.1667,-919880,0,,,,,,,4,"Demerara, Demerara-Mahaica, Guyana",GY,GY12,6.8,-58.1667,-919880,20240229,https://www.stabroeknews.com/2024/02/29/news/guyana/gold-miner-charged-with-malicious-damage/
1160814563,20240229,202402,2024,2024.1616,GUY,DEMERARA,GUY,,,,,,,,COP,POLICE,,,,,,COP,,,1,112,112,11,3,-2.0,6,1,6,-8,4,"Demerara, Demerara-Mahaica, Guyana",GY,GY12,6.8,-58.1667,-919880,4,"Demerara, Demerara-Mahaica, Guyana",GY,GY12,6.8,-58.1667,-919880,4,"Demerara, Demerara-Mahaica, Guyana",GY,GY12,6.8,-58.1667,-919880,20240229,https://www.stabroeknews.com/2024/02/29/news/guyana/gold-miner-charged-with-malicious-damage/
1160816855,20240229,202402,2024,2024.1616,MNCUSA,GOLDMAN SACHS,USA,,,,,MNC,,,BUS,CORPORATION,,,,,,BUS,,,0,071,071,07,2,7.4,5,1,5,1.33570792520035,0,,,,,,,0,,,,,,,0,,,,,,,20240229,https://www.etfdailynews.com/2024/02/29/traders-purchase-high-volume-of-the-goldman-sachs-group-call-options-nysegs/
1160818015,20240229,202402,2024,2024.1616,,,,,,,,,,,BUS,INDUSTRY,,,,,,BUS,,,0,042,042,04,1,1.9,68,7,68,1.7745631316126,0,,,,,,,4,"Paris, France (general), France",FR,FR00,48.8667,2.33333,-1456928,4,"Paris, France (general), France",FR,FR00,48.8667,2.33333,-1456928,20240229,https://www.barrons.com/news/south-african-town-sees-gold-in-ostrich-plumes-7dd3df87
1160818151,20240229,202402,2024,2024.1616,AFR,AFRICA,AFR,,,,,,,,ZAF,JOHANNESBURG,ZAF,,,,,,,,1,040,040,04,1,1.0,2,1,2,6.158357771261,4,"Johannesburg, Gauteng, South Africa",SF,SF06,-26.2,28.0833,-1240261,4,"Johannesburg, Gauteng, South Africa",SF,SF06,-26.2,28.0833,-1240261,4,"Johannesburg, Gauteng, South Africa",SF,SF06,-26.2,28.0833,-1240261,20240229,https://www.polity.org.za/article/harmony-gold-board-approves-r79bn-project-on-back-of-superb-half-year-results-2024-02-28
1160818236,20240229,202402,2024,2024.1616,BUS,INDUSTRY,,,,,,BUS,,,,,,,,,,,,,0,043,043,04,1,2.8,68,7,68,1.7745631316126,4,"Paris, France (general), France",FR,FR00,48.8667,2.33333,-1456928,0,,,,,,,4,"Paris, France (general), France",FR,FR00,48.8667,2.33333,-1456928,20240229,https://www.barrons.com/news/south-african-town-sees-gold-in-ostrich-plumes-7dd3df87
1160818244,20240229,202402,2024,2024.1616,BUS,COMPANY,,,,,,BUS,,,,,,,,,,,,,0,193,193,19,4,-10.0,30,6,30,1.58331066653505,4,"Paris, France (general), France",FR,FR00,48.8667,2.33333,-1456928,0,,,,,,,4,"Paris, France (general), France",FR,FR00,48.8667,2.33333,-1456928,20240229,https://www.barrons.com/news/south-african-town-sees-gold-in-ostrich-plumes-7dd3df87
1160818345,20240229,202402,2024,2024.1616,CRM,PERPETRATOR,,,,,,CRM,,,,,,,,,,,,,1,071,071,07,2,7.4,10,1,10,-9.3283582089552,1,United States,US,US,39.828175,-98.5795,US,0,,,,,,,1,United States,US,US,39.828175,-98.5795,US,20240229,https://www.newsindiatimes.com/two-indian-nationals-charged-in-elder-fraud-gold-bar-courier-scam/
1160818367,20240229,202402,2024,2024.1616,CVL,NATIONALS,,,,,,CVL,,,,,,,,,,,,,1,172,172,17,4,-5.0,16,2,16,-4.6641791044776,1,United States,US,US,39.828175,-98.5795,US,0,,,,,,,1,United States,US,US,39.828175,-98.5795,US,20240229,https://www.newsindiatimes.com/two-indian-nationals-charged-in-elder-fraud-gold-bar-courier-scam/
1160819333,20240229,202402,2024,2024.1616,ZAF,JOHANNESBURG,ZAF,,,,,,,,AFR,AFRICA,AFR,,,,,,,,1,040,040,04,1,1.0,2,1,2,6.158357771261,4,"West Wits, Gauteng, South Africa",SF,SF06,-26.35,27.5,-1300891,4,"West Wits, Gauteng, South Africa",SF,SF06,-26.35,27.5,-1300891,4,"West Wits, Gauteng, South Africa",SF,SF06,-26.35,27.5,-1300891,20240229,https://www.polity.org.za/article/harmony-gold-board-approves-r79bn-project-on-back-of-superb-half-year-results-2024-02-28
1160820313,20240229,202402,2024,2024.1616,BRA,BRAZIL,BRA,,,,,,,,BUS,COMPANY,,,,,,BUS,,,1,043,043,04,1,2.8,8,1,8,3.50553505535055,4,"Aurizona, MaranhãBR, Brazil",BR,BR13,-1.28333,-45.7667,-626664,4,"Aurizona, MaranhãBR, Brazil",BR,BR13,-1.28333,-45.7667,-626664,4,"Aurizona, MaranhãBR, Brazil",BR,BR13,-1.28333,-45.7667,-626664,20240229,https://www.wkrb13.com/2024/02/29/haywood-securities-trims-equinox-gold-cveeqx-target-price-to-c10-50.html
1160820330,20240229,202402,2024,2024.1616,BUS,COMPANY,,,,,,BUS,,,BRA,BRAZIL,BRA,,,,,,,,1,042,042,04,1,1.9,8,1,8,3.50553505535055,2,"California, United States",US,USCA,36.17,-119.746,CA,2,"California, United States",US,USCA,36.17,-119.746,CA,2,"California, United States",US,USCA,36.17,-119.746,CA,20240229,https://www.wkrb13.com/2024/02/29/haywood-securities-trims-equinox-gold-cveeqx-target-price-to-c10-50.html
1160820347,20240229,202402,2024,2024.1616,BUS,COMPANY,,,,,,BUS,,,USA,UNITED STATES,USA,,,,,,,,1,042,042,04,1,1.9,4,1,4,3.50553505535055,4,"Aurizona, MaranhãBR, Brazil",BR,BR13,-1.28333,-45.7667,-626664,3,"Castle Mountain, California, United States",US,USCA,35.9391,-120.34,240332,4,"Aurizona, MaranhãBR, Brazil",BR,BR13,-1.28333,-45.7667,-626664,20240229,https://www.wkrb13.com/2024/02/29/haywood-securities-trims-equinox-gold-cveeqx-target-price-to-c10-50.html
1160820557,20240229,202402,2024,2024.1616,GHA,GHANA,GHA,,,,,,,,GOVBUS,CENTRAL BANK,,,,,,GOV,BUS,,1,070,070,07,2,7.0,5,1,5,0.83565459610028,1,Ghana,GH,GH,8,-2,GH,1,Ghana,GH,GH,8,-2,GH,1,Ghana,GH,GH,8,-2,GH,20240229,https://www.myjoyonline.com/gold-for-oil-policy-reduces-forex-pressures-significantly-akufo-addo/
1160820819,20240229,202402,2024,2024.1616,LEG,PARLIAMENT,,,,,,LEG,,,,,,,,,,,,,1,010,010,01,1,0.0,2,1,2,0.83565459610028,1,Ghana,GH,GH,8,-2,GH,0,,,,,,,1,Canada,CA,CA,60,-96,CA,20240229,https://www.myjoyonline.com/gold-for-oil-policy-reduces-forex-pressures-significantly-akufo-addo/
1160821195,20240229,202402,2024,2024.1616,USA,UNITED STATES,USA,,,,,,,,BUS,COMPANY,,,,,,BUS,,,1,043,043,04,1,2.8,4,1,4,3.50553505535055,3,"Castle Mountain, California, United States",US,USCA,35.9391,-120.34,240332,4,"Aurizona, MaranhãBR, Brazil",BR,BR13,-1.28333,-45.7667,-626664,4,"Aurizona, MaranhãBR, Brazil",BR,BR13,-1.28333,-45.7667,-626664,20240229,https://www.wkrb13.com/2024/02/29/haywood-securities-trims-equinox-gold-cveeqx-target-price-to-c10-50.html
1160822454,20240229,202402,2024,2024.1616,,,,,,,,,,,IGOEUREEC,THE EU,EUR,EEC,,,,IGO,,,0,050,050,05,1,3.5,10,1,10,1.84275184275185,0,,,,,,,4,"London, London, City of, United Kingdom",UK,UKH9,51.5,-0.116667,-2601889,4,"London, London, City of, United Kingdom",UK,UKH9,51.5,-0.116667,-2601889,20240229,https://www.investegate.co.uk:443/announcement/rns/katoro-gold--kat/new-chairman-appointment-confirmed-/8062269
1160822455,20240229,202402,2024,2024.1616,,,,,,,,,,,IGOMEAARL,ARAB LEAGUE,MEA,ARL,,,,IGO,,,1,061,061,06,2,6.4,10,1,10,4.90566037735849,0,,,,,,,4,"Amman, (JO11), Jordan",JO,JO11,31.95,35.9333,-970362,4,"Amman, (JO11), Jordan",JO,JO11,31.95,35.9333,-970362,20240229,https://www.albawaba.com/business/gold-prices-amman-today-29-february-2024-1555278
1160822738,20240229,202402,2024,2024.1616,EDU,COLLEGE,,,,,,EDU,,,,,,,,,,,,,1,013,013,01,1,0.4,10,1,10,6.00375234521576,2,"Minnesota, United States",US,USMN,45.7326,-93.9196,MN,0,,,,,,,2,"Minnesota, United States",US,USMN,45.7326,-93.9196,MN,20240229,https://www.marshallindependent.com/news/local-news/2024/02/smsu-gold-college-hosts-successful-kickoff/
1160822767,20240229,202402,2024,2024.1616,EDU,COLLEGE,,,,,,EDU,,,EDUEDU,COLLEGE,,,,,,EDU,EDU,,1,030,030,03,1,4.0,6,1,6,6.00375234521576,2,"Minnesota, United States",US,USMN,45.7326,-93.9196,MN,2,"Minnesota, United States",US,USMN,45.7326,-93.9196,MN,2,"Minnesota, United States",US,USMN,45.7326,-93.9196,MN,20240229,https://www.marshallindependent.com/news/local-news/2024/02/smsu-gold-college-hosts-successful-kickoff/
1160823067,20240229,202402,2024,2024.1616,IGOEUREEC,THE EU,EUR,EEC,,,,IGO,,,,,,,,,,,,,0,050,050,05,1,3.5,10,1,10,1.84275184275185,4,"London, London, City of, United Kingdom",UK,UKH9,51.5,-0.116667,-2601889,0,,,,,,,4,"London, London, City of, United Kingdom",UK,UKH9,51.5,-0.116667,-2601889,20240229,https://www.investegate.co.uk:443/announcement/rns/katoro-gold--kat/new-chairman-appointment-confirmed-/8062269
1160823068,20240229,202402,2024,2024.1616,IGOEUREEC,THE EU,EUR,EEC,,,,IGO,,,,,,,,,,,,,0,060,060,06,2,6.0,10,1,10,1.84275184275185,4,"London, London, City of, United Kingdom",UK,UKH9,51.5,-0.116667,-2601889,0,,,,,,,4,"London, London, City of, United Kingdom",UK,UKH9,51.5,-0.116667,-2601889,20240229,https://www.investegate.co.uk:443/announcement/rns/katoro-gold--kat/new-chairman-appointment-confirmed-/8062269
1160823544,20240229,202402,2024,2024.1616,USA,UNITED STATES,USA,,,,,,,,EDU,COLLEGE,,,,,,EDU,,,0,036,036,03,1,4.0,4,1,4,6.00375234521576,2,"Minnesota, United States",US,USMN,45.7326,-93.9196,MN,2,"Minnesota, United States",US,USMN,45.7326,-93.9196,MN,2,"Minnesota, United States",US,USMN,45.7326,-93.9196,MN,20240229,https://www.marshallindependent.com/news/local-news/2024/02/smsu-gold-college-hosts-successful-kickoff/
1160823548,20240229,202402,2024,2024.1616,USA,UNITED STATES,USA,,,,,,,,EDUEDU,COLLEGE,,,,,,EDU,EDU,,1,030,030,03,1,4.0,4,1,4,6.00375234521576,2,"Minnesota, United States",US,USMN,45.7326,-93.9196,MN,2,"Minnesota, United States",US,USMN,45.7326,-93.9196,MN,2,"Minnesota, United States",US,USMN,45.7326,-93.9196,MN,20240229,https://www.marshallindependent.com/news/local-news/2024/02/smsu-gold-college-hosts-successful-kickoff/
1160831714,20240229,202402,2024,2024.1616,GOV,KING,,,,,,GOV,,,,,,,,,,,,,0,100,100,10,3,-5.0,6,1,6,-3.12151616499442,2,"Connecticut, United States",US,USCT,41.5834,-72.7622,CT,0,,,,,,,2,"Maine, United States",US,USME,44.6074,-69.3977,ME,20240229,https://www.centralmaine.com/2024/02/29/douglas-rooks-rep-golden-confronts-gov-mills-on-guns/
1160832070,20240229,202402,2024,2024.1616,MED,COMMENTATOR,,,,,,MED,,,UAF,GUNMAN,,,,,,UAF,,,1,020,020,02,1,3.0,10,1,10,-3.12151616499442,1,Iraq,IZ,IZ,33,44,IZ,1,Iraq,IZ,IZ,33,44,IZ,1,Iraq,IZ,IZ,33,44,IZ,20240229,https://www.centralmaine.com/2024/02/29/douglas-rooks-rep-golden-confronts-gov-mills-on-guns/
1160832553,20240229,202402,2024,2024.1616,USAGOV,UNITED STATES,USA,,,,,GOV,,,,,,,,,,,,,0,100,100,10,3,-5.0,2,1,2,-3.12151616499442,2,"Connecticut, United States",US,USCT,41.5834,-72.7622,CT,0,,,,,,,2,"Maine, United States",US,USME,44.6074,-69.3977,ME,20240229,https://www.centralmaine.com/2024/02/29/douglas-rooks-rep-golden-confronts-gov-mills-on-guns/
1160838876,20240229,202402,2024,2024.1616,BUS,COMPANY,,,,,,BUS,,,MED,WEBSITE,,,,,,MED,,,1,010,010,01,1,0.0,10,2,10,2.40354909262098,2,"Nevada, United States",US,USNV,38.4199,-117.122,NV,2,"Nevada, United States",US,USNV,38.4199,-117.122,NV,2,"Nevada, United States",US,USNV,38.4199,-117.122,NV,20240229,https://www.themarketsdaily.com/2024/02/29/the-goldman-sachs-group-boosts-floor-decor-nysefnd-price-target-to-79-00.html
1160839906,20240229,202402,2024,2024.1616,aka,ASANTE,,,aka,,,,,,,,,,,,,,,,1,010,010,01,1,0.0,10,1,10,4.50450450450451,4,"Bibiani, Ghana (general), Ghana",GH,GH00,6.46346,-2.31938,-2070987,0,,,,,,,4,"Bibiani, Ghana (general), Ghana",GH,GH00,6.46346,-2.31938,-2070987,20240229,https://www.etfdailynews.com/2024/02/29/asante-gold-co-otcmktsasgof-short-interest-up-2760-0-in-february/
1160841337,20240229,202402,2024,2024.1616,CAN,CANADA,CAN,,,,,,,,,,,,,,,,,,1,010,010,01,1,0.0,24,3,24,5.3180945782089,4,"Eldorado, Saskatchewan, Canada",CA,CA11,59.55,-108.5,-564133,0,,,,,,,4,"Eldorado, Saskatchewan, Canada",CA,CA11,59.55,-108.5,-564133,20240229,https://theenterpriseleader.com/2024/02/29/eldorado-gold-nyseego-pt-lowered-to-13-00-at-td-securities.html
1160841740,20240229,202402,2024,2024.1616,GOVBUS,NATIONAL BANK,,,,,,GOV,BUS,,CAN,CANADA,CAN,,,,,,,,1,010,010,01,1,0.0,18,3,18,5.3180945782089,4,"Eldorado, Saskatchewan, Canada",CA,CA11,59.55,-108.5,-564133,4,"Eldorado, Saskatchewan, Canada",CA,CA11,59.55,-108.5,-564133,4,"Eldorado, Saskatchewan, Canada",CA,CA11,59.55,-108.5,-564133,20240229,https://theenterpriseleader.com/2024/02/29/eldorado-gold-nyseego-pt-lowered-to-13-00-at-td-securities.html
1160854905,20240229,202402,2024,2024.1616,,,,,,,,,,,BUS,COMPANY,,,,,,BUS,,,1,030,030,03,1,4.0,9,3,9,0.788808428425273,0,,,,,,,4,"Dawson Range, Yukon, Canada",CA,CA12,62.25,-137.75,-563375,4,"Dawson Range, Yukon, Canada",CA,CA12,62.25,-137.75,-563375,20240229,https://www.finanznachrichten.de/nachrichten-2024-02/61546723-benjamin-hill-mining-corp-benjamin-hill-intercepts-211-65-metres-of-0-46-grams-tonne-gold-from-two-reconnaissance-diamond-drill-holes-at-alotta-gold-296.htm
1160854906,20240229,202402,2024,2024.1616,,,,,,,,,,,BUS,COMPANY,,,,,,BUS,,,1,030,030,03,1,4.0,6,2,6,0.88170510494947,0,,,,,,,4,"North Vancouver, British Columbia, Canada",CA,CA02,49.3167,-123.067,-570375,4,"North Vancouver, British Columbia, Canada",CA,CA02,49.3167,-123.067,-570375,20240229,https://www.marketscreener.com/quote/stock/BENJAMIN-HILL-MINING-CORP-44995177/news/Benjamin-Hill-Intercepts-211-65-Metres-of-0-46-Grams-Tonne-Gold-from-Two-Reconnaissance-Diamond-Dril-46060051/
1160855010,20240229,202402,2024,2024.1616,,,,,,,,,,,LEG,ASSEMBLAGE,,,,,,LEG,,,0,042,042,04,1,1.9,6,1,6,0.581771170006459,0,,,,,,,4,"Georgetown, Demerara-Mahaica, Guyana",GY,GY12,6.8,-58.15,-919880,4,"Georgetown, Demerara-Mahaica, Guyana",GY,GY12,6.8,-58.15,-919880,20240229,https://www.goldseiten.de/artikel/610454--Golden-Shield-Intersects-90m-Shear-Zone-at-Pancake-Creek-Provides-Assay-Results-of-First-Diamond-Drillhole-at-Mazoa-Hill.html
1160855011,20240229,202402,2024,2024.1616,,,,,,,,,,,LEG,ASSEMBLAGE,,,,,,LEG,,,0,042,042,04,1,1.9,4,1,4,0.581771170006459,0,,,,,,,4,"Marudi Mountain, Upper Takutu-Upper Essequibo, Guyana",GY,GY19,2.3,-59.0167,-921688,4,"Marudi Mountain, Upper Takutu-Upper Essequibo, Guyana",GY,GY19,2.3,-59.0167,-921688,20240229,https://www.goldseiten.de/artikel/610454--Golden-Shield-Intersects-90m-Shear-Zone-at-Pancake-Creek-Provides-Assay-Results-of-First-Diamond-Drillhole-at-Mazoa-Hill.html
1160855196,20240229,202402,2024,2024.1616,BUS,COMPANY,,,,,,BUS,,,,,,,,,,,,,1,051,051,05,1,3.4,6,2,6,0.88170510494947,4,"North Vancouver, British Columbia, Canada",CA,CA02,49.3167,-123.067,-570375,0,,,,,,,4,"North Vancouver, British Columbia, Canada",CA,CA02,49.3167,-123.067,-570375,20240229,https://www.marketscreener.com/quote/stock/BENJAMIN-HILL-MINING-CORP-44995177/news/Benjamin-Hill-Intercepts-211-65-Metres-of-0-46-Grams-Tonne-Gold-from-Two-Reconnaissance-Diamond-Dril-46060051/
1160855210,20240229,202402,2024,2024.1616,BUS,CORPORATION,,,,,,BUS,,,CVL,SETTLEMENT,,,,,,CVL,,,1,100,100,10,3,-5.0,6,1,6,-5.52763819095478,1,Chile,CI,CI,-30,-71,CI,1,Chile,CI,CI,-30,-71,CI,1,Chile,CI,CI,-30,-71,CI,20240229,https://www.goldseiten.de/artikel/610434--Montero-Completes-Debt-Settlement.html
1160855227,20240229,202402,2024,2024.1616,BUS,COMPANY,,,,,,BUS,,,LEG,ASSEMBLAGE,,,,,,LEG,,,1,043,043,04,1,2.8,10,1,10,0.581771170006459,4,"Marudi Mountain, Upper Takutu-Upper Essequibo, Guyana",GY,GY19,2.3,-59.0167,-921688,4,"Marudi Mountain, Upper Takutu-Upper Essequibo, Guyana",GY,GY19,2.3,-59.0167,-921688,4,"Marudi Mountain, Upper Takutu-Upper Essequibo, Guyana",GY,GY19,2.3,-59.0167,-921688,20240229,https://www.goldseiten.de/artikel/610454--Golden-Shield-Intersects-90m-Shear-Zone-at-Pancake-Creek-Provides-Assay-Results-of-First-Diamond-Drillhole-at-Mazoa-Hill.html
1160855255,20240229,202402,2024,2024.1616,CAN,CANADIAN,CAN,,,,,,,,CANBUS,CANADA,CAN,,,,,BUS,,,1,015,015,01,1,0.0,12,3,12,0.996416635189683,4,"Vancouver, British Columbia, Canada",CA,CA02,49.25,-123.133,-575268,4,"Vancouver, British Columbia, Canada",CA,CA02,49.25,-123.133,-575268,4,"Vancouver, British Columbia, Canada",CA,CA02,49.25,-123.133,-575268,20240229,https://www.goldseiten.de/artikel/610442--International-Battery-Metals-Ltd.-Announces-Closing-Of-Private-Placement.html
1160855263,20240229,202402,2024,2024.1616,CANBUS,CANADIAN,CAN,,,,,BUS,,,,,,,,,,,,,1,015,015,01,1,0.0,18,3,18,0.996416635189683,4,"Vancouver, British Columbia, Canada",CA,CA02,49.25,-123.133,-575268,0,,,,,,,4,"Vancouver, British Columbia, Canada",CA,CA02,49.25,-123.133,-575268,20240229,https://www.goldseiten.de/artikel/610442--International-Battery-Metals-Ltd.-Announces-Closing-Of-Private-Placement.html
1160855264,20240229,202402,2024,2024.1616,CANBUS,CANADIAN,CAN,,,,,BUS,,,,,,,,,,,,,1,084,084,08,2,7.0,18,3,18,0.996416635189683,4,"Vancouver, British Columbia, Canada",CA,CA02,49.25,-123.133,-575268,0,,,,,,,4,"Vancouver, British Columbia, Canada",CA,CA02,49.25,-123.133,-575268,20240229,https://www.goldseiten.de/artikel/610442--International-Battery-Metals-Ltd.-Announces-Closing-Of-Private-Placement.html
1160856084,20240229,202402,2024,2024.1616,LEG,ASSEMBLAGE,,,,,,LEG,,,,,,,,,,,,,0,043,043,04,1,2.8,6,1,6,0.581771170006459,4,"Georgetown, Demerara-Mahaica, Guyana",GY,GY12,6.8,-58.15,-919880,0,,,,,,,4,"Georgetown, Demerara-Mahaica, Guyana",GY,GY12,6.8,-58.15,-919880,20240229,https://www.goldseiten.de/artikel/610454--Golden-Shield-Intersects-90m-Shear-Zone-at-Pancake-Creek-Provides-Assay-Results-of-First-Diamond-Drillhole-at-Mazoa-Hill.html
1160856085,20240229,202402,2024,2024.1616,LEG,ASSEMBLAGE,,,,,,LEG,,,,,,,,,,,,,0,043,043,04,1,2.8,4,1,4,0.581771170006459,4,"Marudi Mountain, Upper Takutu-Upper Essequibo, Guyana",GY,GY19,2.3,-59.0167,-921688,0,,,,,,,4,"Marudi Mountain, Upper Takutu-Upper Essequibo, Guyana",GY,GY19,2.3,-59.0167,-921688,20240229,https://www.goldseiten.de/artikel/610454--Golden-Shield-Intersects-90m-Shear-Zone-at-Pancake-Creek-Provides-Assay-Results-of-First-Diamond-Drillhole-at-Mazoa-Hill.html
1160856112,20240229,202402,2024,2024.1616,LEG,ASSEMBLAGE,,,,,,LEG,,,BUS,COMPANY,,,,,,BUS,,,1,042,042,04,1,1.9,10,1,10,0.581771170006459,4,"Marudi Mountain, Upper Takutu-Upper Essequibo, Guyana",GY,GY19,2.3,-59.0167,-921688,4,"Marudi Mountain, Upper Takutu-Upper Essequibo, Guyana",GY,GY19,2.3,-59.0167,-921688,4,"Marudi Mountain, Upper Takutu-Upper Essequibo, Guyana",GY,GY19,2.3,-59.0167,-921688,20240229,https://www.goldseiten.de/artikel/610454--Golden-Shield-Intersects-90m-Shear-Zone-at-Pancake-Creek-Provides-Assay-Results-of-First-Diamond-Drillhole-at-Mazoa-Hill.html
1160856946,20240229,202402,2024,2024.1616,,,,,,,,,,,GBR,UNITED KINGDOM,GBR,,,,,,,,0,190,190,19,4,-10.0,2,1,2,1.00502512562814,0,,,,,,,4,"Sussex, East Sussex, United Kingdom",UK,UKE2,50.9167,-0.083333,-2609142,1,United States,US,US,39.828175,-98.5795,US,20240229,https://www.sussexexpress.co.uk/news/people/in-pictures-bbc-in-sussex-town-filming-for-new-series-of-the-gold-4537611
1160856948,20240229,202402,2024,2024.1616,,,,,,,,,,,GBR,UNITED KINGDOM,GBR,,,,,,,,0,190,190,19,4,-10.0,2,1,2,1.00502512562814,0,,,,,,,4,"Byzantium, Istanbul, Turkey",TU,TU34,41.0186,28.9647,-755070,1,United States,US,US,39.828175,-98.5795,US,20240229,https://www.sussexexpress.co.uk/news/people/in-pictures-bbc-in-sussex-town-filming-for-new-series-of-the-gold-4537611
1160857240,20240229,202402,2024,2024.1616,CAN,CANADA,CAN,,,,,,,,GOVBUS,NATIONAL BANK,,,,,,GOV,BUS,,1,010,010,01,1,0.0,6,1,6,5.77689243027888,4,"Eldorado, Saskatchewan, Canada",CA,CA11,59.55,-108.5,-564133,4,"Eldorado, Saskatchewan, Canada",CA,CA11,59.55,-108.5,-564133,4,"Eldorado, Saskatchewan, Canada",CA,CA11,59.55,-108.5,-564133,20240229,https://www.themarketsdaily.com/2024/02/29/eldorado-gold-co-tseeld-forecasted-to-earn-fy2025-earnings-of-1-30-per-share.html
1160857523,20240229,202402,2024,2024.1616,GBR,UNITED KINGDOM,GBR,,,,,,,,,,,,,,,,,,1,042,042,04,1,1.9,22,5,22,2.89281082569244,1,United States,US,US,39.828175,-98.5795,US,0,,,,,,,1,United States,US,US,39.828175,-98.5795,US,20240229,https://www.sussexexpress.co.uk/news/people/in-pictures-bbc-in-sussex-town-filming-for-new-series-of-the-gold-4537611
1160857754,20240229,202402,2024,2024.1616,GOVBUS,NATIONAL BANK,,,,,,GOV,BUS,,,,,,,,,,,,1,010,010,01,1,0.0,4,2,4,5.36844621513944,4,"Eldorado, Saskatchewan, Canada",CA,CA11,59.55,-108.5,-564133,0,,,,,,,4,"Eldorado, Saskatchewan, Canada",CA,CA11,59.55,-108.5,-564133,20240229,https://www.themarketsdaily.com/2024/02/29/eldorado-gold-co-tseeld-forecasted-to-earn-fy2025-earnings-of-1-30-per-share.html
1160860147,20240229,202402,2024,2024.1616,ARG,ARGENTINA,ARG,,,,,,,,,,,,,,,,,,1,071,071,07,2,7.4,2,2,2,2.97600613984301,2,"Nevada, United States",US,USNV,38.4199,-117.122,NV,0,,,,,,,1,Canada,CA,CA,60,-96,CA,20240229,https://www.streetinsider.com/Business+Wire/Golden+Minerals+Stops+Mining+Operations+at+its+Velarde%C3%B1a+Properties/22857267.html
1160860148,20240229,202402,2024,2024.1616,ARG,ARGENTINA,ARG,,,,,,,,,,,,,,,,,,1,071,071,07,2,7.4,8,2,8,2.97600613984301,2,"Nevada, United States",US,USNV,38.4199,-117.122,NV,0,,,,,,,2,"Nevada, United States",US,USNV,38.4199,-117.122,NV,20240229,https://www.streetinsider.com/Business+Wire/Golden+Minerals+Stops+Mining+Operations+at+its+Velarde%C3%B1a+Properties/22857267.html
1160860201,20240229,202402,2024,2024.1616,BUS,COMPANY,,,,,,BUS,,,BRA,BRAZIL,BRA,,,,,,,,1,084,084,08,2,7.0,20,2,20,2.42837732009987,4,"Lavras, Minas Gerais, Brazil",BR,BR15,-21.2333,-45,-651697,4,"Lavras, Minas Gerais, Brazil",BR,BR15,-21.2333,-45,-651697,4,"Lavras, Minas Gerais, Brazil",BR,BR15,-21.2333,-45,-651697,20240229,https://www.globenewswire.com/news-release/2024/02/29/2837787/0/en/Lavras-Gold-Corp-Intersects-1-0-g-t-Gold-over-173-metres-from-69-metres-at-Fazenda-do-Posto-Gold-Discovery-LDS-Project-Southern-Brazil.html
1160862857,20230301,202303,2023,2023.1671,,,,,,,,,,,PNG,PAPUA NEW GUINEA,PNG,,,,,,,,0,057,057,05,1,8.0,10,1,10,6.17283950617284,0,,,,,,,1,Papua New Guinea,PP,PP,-6,147,PP,1,Papua New Guinea,PP,PP,-6,147,PP,20240229,https://www.mining-technology.com/news/harmony-gold-to-extend-south-africas/
1160862881,20230301,202303,2023,2023.1671,PNG,PAPUA NEW GUINEA,PNG,,,,,,,,,,,,,,,,,,0,057,057,05,1,8.0,10,1,10,6.17283950617284,1,Papua New Guinea,PP,PP,-6,147,PP,0,,,,,,,1,Papua New Guinea,PP,PP,-6,147,PP,20240229,https://www.mining-technology.com/news/harmony-gold-to-extend-south-africas/
1160863132,20240229,202402,2024,2024.1616,BUS,COMPANY,,,,,,BUS,,,,,,,,,,,,,1,010,010,01,1,0.0,10,1,10,5.16717325227964,4,"Gold Fields, Saskatchewan, Canada",CA,CA11,59.45,-108.483,-565338,0,,,,,,,4,"Gold Fields, Saskatchewan, Canada",CA,CA11,59.45,-108.483,-565338,20240229,https://www.etfdailynews.com/2024/02/29/invesco-ltd-boosts-position-in-gold-fields-limited-nysegfi/
1160863173,20240229,202402,2024,2024.1616,CAN,CANADA,CAN,,,,,,,,,,,,,,,,,,1,010,010,01,1,0.0,8,1,8,5.16717325227964,4,"Gold Fields, Saskatchewan, Canada",CA,CA11,59.45,-108.483,-565338,0,,,,,,,4,"Gold Fields, Saskatchewan, Canada",CA,CA11,59.45,-108.483,-565338,20240229,https://www.etfdailynews.com/2024/02/29/invesco-ltd-boosts-position-in-gold-fields-limited-nysegfi/
1160869452,20240229,202402,2024,2024.1616,,,,,,,,,,,COL,SOLEDAD,COL,,,,,,,,0,042,042,04,1,1.9,50,5,50,0.859578430837532,0,,,,,,,5,"Ancash, Ancash, Peru",PE,PE02,-9.5,-77.75,-336820,5,"Ancash, Ancash, Peru",PE,PE02,-9.5,-77.75,-336820,20240229,https://www.finanznachrichten.de/nachrichten-2024-02/61548277-chakana-copper-corp-chakana-drill-program-to-test-mega-gold-la-joya-and-estremadoyro-breccia-soledad-project-peru-296.htm
1160869453,20240229,202402,2024,2024.1616,,,,,,,,,,,COL,SOLEDAD,COL,,,,,,,,0,043,043,04,1,2.8,80,4,40,0.849787598163453,0,,,,,,,4,"La Joya, Lima, Peru",PE,PE15,-12.7961,-76.5631,-350859,4,"La Joya, Lima, Peru",PE,PE15,-12.7961,-76.5631,-350859,20240229,https://www.finanznachrichten.de/nachrichten-2024-02/61548277-chakana-copper-corp-chakana-drill-program-to-test-mega-gold-la-joya-and-estremadoyro-breccia-soledad-project-peru-296.htm
1160869774,20240229,202402,2024,2024.1616,CAN,TORONTO,CAN,,,,,,,,,,,,,,,,,,1,141,141,14,3,-6.5,20,4,20,0.888012912327752,4,"La Joya, Lima, Peru",PE,PE15,-12.7961,-76.5631,-350859,0,,,,,,,4,"La Joya, Lima, Peru",PE,PE15,-12.7961,-76.5631,-350859,20240229,"https://www.streetinsider.com/Newsfile/Chakana+Drill+Program+to+Test+Mega-Gold,+La+Joya,+and+Estremadoyro+Breccia+-+Soledad+Project,+Peru/22857587.html"
1160869775,20240229,202402,2024,2024.1616,CAN,TORONTO,CAN,,,,,,,,,,,,,,,,,,1,141,141,14,3,-6.5,25,5,25,0.859578430837532,4,"Toronto, Ontario, Canada",CA,CA08,43.6667,-79.4167,-574890,0,,,,,,,4,"Toronto, Ontario, Canada",CA,CA08,43.6667,-79.4167,-574890,20240229,https://www.finanznachrichten.de/nachrichten-2024-02/61548277-chakana-copper-corp-chakana-drill-program-to-test-mega-gold-la-joya-and-estremadoyro-breccia-soledad-project-peru-296.htm
1160869776,20240229,202402,2024,2024.1616,CAN,TORONTO,CAN,,,,,,,,,,,,,,,,,,1,141,141,14,3,-6.5,5,1,5,0.74584050487665,1,China,CH,CH,35,105,CH,0,,,,,,,1,China,CH,CH,35,105,CH,20240229,https://www.finanznachrichten.de/nachrichten-2024-02/61548277-chakana-copper-corp-chakana-drill-program-to-test-mega-gold-la-joya-and-estremadoyro-breccia-soledad-project-peru-296.htm
1160869779,20240229,202402,2024,2024.1616,CAN,VANCOUVER,CAN,,,,,,,,COL,SOLEDAD,COL,,,,,,,,1,014,014,01,1,0.0,12,4,12,0.888012912327752,4,"La Joya, Lima, Peru",PE,PE15,-12.7961,-76.5631,-350859,4,"La Joya, Lima, Peru",PE,PE15,-12.7961,-76.5631,-350859,4,"La Joya, Lima, Peru",PE,PE15,-12.7961,-76.5631,-350859,20240229,"https://www.streetinsider.com/Newsfile/Chakana+Drill+Program+to+Test+Mega-Gold,+La+Joya,+and+Estremadoyro+Breccia+-+Soledad+Project,+Peru/22857587.html"
1160869780,20240229,202402,2024,2024.1616,CAN,VANCOUVER,CAN,,,,,,,,COL,SOLEDAD,COL,,,,,,,,1,014,014,01,1,0.0,3,1,3,0.74584050487665,1,China,CH,CH,35,105,CH,1,China,CH,CH,35,105,CH,1,China,CH,CH,35,105,CH,20240229,https://www.finanznachrichten.de/nachrichten-2024-02/61548277-chakana-copper-corp-chakana-drill-program-to-test-mega-gold-la-joya-and-estremadoyro-breccia-soledad-project-peru-296.htm
1160869788,20240229,202402,2024,2024.1616,CAN,VANCOUVER,CAN,,,,,,,,PER,PERU,PER,,,,,,,,1,014,014,01,1,0.0,8,4,8,0.888012912327752,4,"La Joya, Lima, Peru",PE,PE15,-12.7961,-76.5631,-350859,4,"La Joya, Lima, Peru",PE,PE15,-12.7961,-76.5631,-350859,4,"La Joya, Lima, Peru",PE,PE15,-12.7961,-76.5631,-350859,20240229,"https://www.streetinsider.com/Newsfile/Chakana+Drill+Program+to+Test+Mega-Gold,+La+Joya,+and+Estremadoyro+Breccia+-+Soledad+Project,+Peru/22857587.html"
1160869789,20240229,202402,2024,2024.1616,CAN,VANCOUVER,CAN,,,,,,,,PER,PERU,PER,,,,,,,,1,014,014,01,1,0.0,2,1,2,0.74584050487665,1,China,CH,CH,35,105,CH,1,China,CH,CH,35,105,CH,1,China,CH,CH,35,105,CH,20240229,https://www.finanznachrichten.de/nachrichten-2024-02/61548277-chakana-copper-corp-chakana-drill-program-to-test-mega-gold-la-joya-and-estremadoyro-breccia-soledad-project-peru-296.htm
1160869826,20240229,202402,2024,2024.1616,COL,SOLEDAD,COL,,,,,,,,,,,,,,,,,,0,042,042,04,1,1.9,80,4,40,0.849787598163453,4,"La Joya, Lima, Peru",PE,PE15,-12.7961,-76.5631,-350859,0,,,,,,,4,"La Joya, Lima, Peru",PE,PE15,-12.7961,-76.5631,-350859,20240229,https://www.finanznachrichten.de/nachrichten-2024-02/61548277-chakana-copper-corp-chakana-drill-program-to-test-mega-gold-la-joya-and-estremadoyro-breccia-soledad-project-peru-296.htm
1160869827,20240229,202402,2024,2024.1616,COL,SOLEDAD,COL,,,,,,,,,,,,,,,,,,0,043,043,04,1,2.8,50,5,50,0.859578430837532,5,"Ancash, Ancash, Peru",PE,PE02,-9.5,-77.75,-336820,0,,,,,,,5,"Ancash, Ancash, Peru",PE,PE02,-9.5,-77.75,-336820,20240229,https://www.finanznachrichten.de/nachrichten-2024-02/61548277-chakana-copper-corp-chakana-drill-program-to-test-mega-gold-la-joya-and-estremadoyro-breccia-soledad-project-peru-296.htm
1160872262,20240229,202402,2024,2024.1616,,,,,,,,,,,MNCZAF,ANGLOGOLD ASHANTI,ZAF,,,,,MNC,,,1,057,057,05,1,8.0,5,1,5,0.40899795501023,0,,,,,,,1,United States,US,US,39.828175,-98.5795,US,1,United States,US,US,39.828175,-98.5795,US,20240229,https://finance.yahoo.com/news/look-fair-value-anglogold-ashanti-121914384.html
1160872379,20240229,202402,2024,2024.1616,BUS,INVESTOR,,,,,,BUS,,,,,,,,,,,,,0,130,130,13,3,-4.4,8,4,8,0.822480147807755,4,"Courageous Lake, Northwest Territories, Canada",CA,CA13,64.1667,-111.25,-563064,0,,,,,,,4,"Courageous Lake, Northwest Territories, Canada",CA,CA13,64.1667,-111.25,-563064,20240229,https://www.streetinsider.com/Newsfile/Seabridge+Gold+Files+Updated+NI-43-101+Courageous+Lake+Technical+Report/22857795.html
1160872380,20240229,202402,2024,2024.1616,BUS,INVESTOR,,,,,,BUS,,,,,,,,,,,,,0,130,130,13,3,-4.4,24,4,24,0.822480147807755,4,"Toronto, Ontario, Canada",CA,CA08,43.6667,-79.4167,-574890,0,,,,,,,4,"Toronto, Ontario, Canada",CA,CA08,43.6667,-79.4167,-574890,20240229,https://www.streetinsider.com/Newsfile/Seabridge+Gold+Files+Updated+NI-43-101+Courageous+Lake+Technical+Report/22857795.html
1160872381,20240229,202402,2024,2024.1616,BUS,INVESTOR,,,,,,BUS,,,,,,,,,,,,,0,130,130,13,3,-4.4,8,4,8,0.822480147807755,5,"Yukon Territory, Yukon, Canada",CA,CA12,63,-136,-576336,0,,,,,,,5,"Yukon Territory, Yukon, Canada",CA,CA12,63,-136,-576336,20240229,https://www.streetinsider.com/Newsfile/Seabridge+Gold+Files+Updated+NI-43-101+Courageous+Lake+Technical+Report/22857795.html
1160873188,20240229,202402,2024,2024.1616,MNC,SEABRIDGE GOLD,,,,,,MNC,,,,,,,,,,,,,0,010,010,01,1,0.0,8,4,8,0.822480147807755,4,"Courageous Lake, Northwest Territories, Canada",CA,CA13,64.1667,-111.25,-563064,0,,,,,,,4,"Courageous Lake, Northwest Territories, Canada",CA,CA13,64.1667,-111.25,-563064,20240229,https://www.streetinsider.com/Newsfile/Seabridge+Gold+Files+Updated+NI-43-101+Courageous+Lake+Technical+Report/22857795.html
1160873190,20240229,202402,2024,2024.1616,MNC,SEABRIDGE GOLD,,,,,,MNC,,,,,,,,,,,,,0,084,084,08,2,7.0,8,4,8,0.822480147807755,1,United States,US,US,39.828175,-98.5795,US,0,,,,,,,1,United States,US,US,39.828175,-98.5795,US,20240229,https://www.streetinsider.com/Newsfile/Seabridge+Gold+Files+Updated+NI-43-101+Courageous+Lake+Technical+Report/22857795.html
1160873204,20240229,202402,2024,2024.1616,MNCZAF,ANGLOGOLD ASHANTI,ZAF,,,,,MNC,,,,,,,,,,,,,1,057,057,05,1,8.0,5,1,5,0.40899795501023,1,United States,US,US,39.828175,-98.5795,US,0,,,,,,,1,United States,US,US,39.828175,-98.5795,US,20240229,https://finance.yahoo.com/news/look-fair-value-anglogold-ashanti-121914384.html
1160873205,20240229,202402,2024,2024.1616,MNCZAF,ANGLOGOLD ASHANTI,ZAF,,,,,MNC,,,,,,,,,,,,,1,071,071,07,2,7.4,5,1,5,0.40899795501023,1,United States,US,US,39.828175,-98.5795,US,0,,,,,,,1,United States,US,US,39.828175,-98.5795,US,20240229,https://finance.yahoo.com/news/look-fair-value-anglogold-ashanti-121914384.html
1160876310,20240229,202402,2024,2024.1616,,,,,,,,,,,JPN,JAPAN,JPN,,,,,,,,0,043,043,04,1,2.8,10,1,10,1.4933628318584,0,,,,,,,4,"Kushikino, Kagoshima, Japan",JA,JA18,31.7167,130.267,-235234,4,"Kushikino, Kagoshima, Japan",JA,JA18,31.7167,130.267,-235234,20240229,https://www.marketscreener.com/quote/stock/JAPAN-GOLD-CORP-34789985/news/Japan-Gold-Barrick-Alliance-Continues-to-Encounter-Significant-Mineralized-Intervals-in-Drilling-a-46061780/
1160876431,20240229,202402,2024,2024.1616,BUS,COMPANY,,,,,,BUS,,,,,,,,,,,,,1,070,070,07,2,7.0,15,3,15,0.803312045376157,4,"Thunder Bay, Ontario, Canada",CA,CA08,48.4,-89.2333,-574784,0,,,,,,,4,"Thunder Bay, Ontario, Canada",CA,CA08,48.4,-89.2333,-574784,20240229,https://www.marketscreener.com/quote/stock/RIVERSIDE-RESOURCES-INC-6501162/news/Riverside-Samples-21-g-t-Gold-at-PAT-Target-on-the-Pichette-Gold-Project-NW-Ontario-46061783/
1160876440,20240229,202402,2024,2024.1616,BUS,COMPANY,,,,,,BUS,,,,,,,,,,,,,0,130,130,13,3,-4.4,20,2,20,1.40307410999312,4,"Perth, Western Australia, Australia",AS,AS08,-31.9333,115.833,-1594675,0,,,,,,,4,"Perth, Western Australia, Australia",AS,AS08,-31.9333,115.833,-1594675,20240229,https://www.marketscreener.com/quote/stock/JAPAN-GOLD-CORP-34789985/news/Japan-Gold-Barrick-Alliance-Continues-to-Encounter-Significant-Mineralized-Intervals-in-Drilling-a-46061780/
1160876446,20240229,202402,2024,2024.1616,BUS,COMPANIES,,,,,,BUS,,,CAN,NUNAVUT,CAN,,,,,,,,0,042,042,04,1,1.9,10,2,10,3.8182678891768,4,"Frankfurt, Brandenburg, Germany",GM,GM11,52.35,14.55,-1771146,4,"Frankfurt, Brandenburg, Germany",GM,GM11,52.35,14.55,-1771146,4,"Frankfurt, Brandenburg, Germany",GM,GM11,52.35,14.55,-1771146,20240229,https://www.marketscreener.com/quote/stock/BLUE-STAR-GOLD-CORP-50917044/news/Blue-Star-Gold-Corporate-Update-46061777/
1160876477,20240229,202402,2024,2024.1616,CAN,NUNAVUT,CAN,,,,,,,,BUS,COMPANIES,,,,,,BUS,,,0,043,043,04,1,2.8,10,2,10,3.8182678891768,4,"High Lake, Ontario, Canada",CA,CA08,49.7,-95.1333,-566208,4,"High Lake, Ontario, Canada",CA,CA08,49.7,-95.1333,-566208,4,"High Lake, Ontario, Canada",CA,CA08,49.7,-95.1333,-566208,20240229,https://www.marketscreener.com/quote/stock/BLUE-STAR-GOLD-CORP-50917044/news/Blue-Star-Gold-Corporate-Update-46061777/
1160877128,20240229,202402,2024,2024.1616,JPN,JAPAN,JPN,,,,,,,,,,,,,,,,,,0,010,010,01,1,0.0,40,2,20,1.40307410999312,4,"Urushi, Kagoshima, Japan",JA,JA18,31.8167,130.567,-247505,0,,,,,,,4,"Urushi, Kagoshima, Japan",JA,JA18,31.8167,130.567,-247505,20240229,https://www.marketscreener.com/quote/stock/JAPAN-GOLD-CORP-34789985/news/Japan-Gold-Barrick-Alliance-Continues-to-Encounter-Significant-Mineralized-Intervals-in-Drilling-a-46061780/
1160877130,20240229,202402,2024,2024.1616,JPN,JAPAN,JPN,,,,,,,,,,,,,,,,,,0,042,042,04,1,1.9,10,1,10,1.4933628318584,4,"Urushi, Kagoshima, Japan",JA,JA18,31.8167,130.567,-247505,0,,,,,,,4,"Urushi, Kagoshima, Japan",JA,JA18,31.8167,130.567,-247505,20240229,https://www.marketscreener.com/quote/stock/JAPAN-GOLD-CORP-34789985/news/Japan-Gold-Barrick-Alliance-Continues-to-Encounter-Significant-Mineralized-Intervals-in-Drilling-a-46061780/
1160877161,20240229,202402,2024,2024.1616,JUD,PROSECUTOR,,,,,,JUD,,,,,,,,,,,,,1,090,090,09,2,-2.0,6,1,6,-14.622641509434,1,Iran,IR,IR,32,53,IR,0,,,,,,,1,Iran,IR,IR,32,53,IR,20240229,https://www.the-star.co.ke/news/realtime/2024-02-29-two-suspects-let-off-the-hook-in-sh64m-gold-fraud-charges/
1160877167,20240229,202402,2024,2024.1616,JUD,PROSECUTOR,,,,,,JUD,,,COD,CONGOLESE,COD,,,,,,,,1,010,010,01,1,0.0,4,1,4,-14.622641509434,1,Iran,IR,IR,32,53,IR,1,Iran,IR,IR,32,53,IR,1,Iran,IR,IR,32,53,IR,20240229,https://www.the-star.co.ke/news/realtime/2024-02-29-two-suspects-let-off-the-hook-in-sh64m-gold-fraud-charges/
1160877168,20240229,202402,2024,2024.1616,JUD,PROSECUTOR,,,,,,JUD,,,COD,CONGOLESE,COD,,,,,,,,1,090,090,09,2,-2.0,4,1,4,-14.622641509434,1,Iran,IR,IR,32,53,IR,1,Iran,IR,IR,32,53,IR,1,Iran,IR,IR,32,53,IR,20240229,https://www.the-star.co.ke/news/realtime/2024-02-29-two-suspects-let-off-the-hook-in-sh64m-gold-fraud-charges/
1160877179,20240229,202402,2024,2024.1616,JUD,PROSECUTOR,,,,,,JUD,,,IRN,IRAN,IRN,,,,,,,,1,090,090,09,2,-2.0,4,1,4,-14.622641509434,1,Iran,IR,IR,32,53,IR,1,Iran,IR,IR,32,53,IR,1,Iran,IR,IR,32,53,IR,20240229,https://www.the-star.co.ke/news/realtime/2024-02-29-two-suspects-let-off-the-hook-in-sh64m-gold-fraud-charges/
1160877567,20240229,202402,2024,2024.1616,TZA,TANZANIA,TZA,,,,,,,,,,,,,,,,,,1,060,060,06,2,6.0,6,1,6,4.57746478873239,4,"Katoro, Kagera, Tanzania",TZ,TZ19,-1.39972,31.5003,-2564310,0,,,,,,,4,"Katoro, Kagera, Tanzania",TZ,TZ19,-1.39972,31.5003,-2564310,20240229,https://www.marketscreener.com/quote/stock/KATORO-GOLD-PLC-22033612/news/Katoro-formally-appoints-Power-Metal-CEO-as-new-non-executive-chair-46061928/
1160879096,20240229,202402,2024,2024.1616,,,,,,,,,,,PAK,PAKISTAN,PAK,,,,,,,,1,060,060,06,2,6.0,10,1,10,6.25,0,,,,,,,1,Pakistan,PK,PK,30,70,PK,1,Pakistan,PK,PK,30,70,PK,20240229,https://www.brecorder.com/news/40291337/gold-price-per-tola-increases-rs900-in-pakistan
1160879497,20240229,202402,2024,2024.1616,EUR,EUROPE,EUR,,,,,,,,GBR,UNITED KINGDOM,GBR,,,,,,,,1,010,010,01,1,0.0,5,1,5,9.34959349593496,1,United Kingdom,UK,UK,54,-4,UK,1,United Kingdom,UK,UK,54,-4,UK,1,United Kingdom,UK,UK,54,-4,UK,20240229,https://retailtimes.co.uk/tosca-celebrates-gold-award-from-ecovadis-for-outstanding-sustainability-initiatives-in-the-eu/
1160881593,20240229,202402,2024,2024.1616,,,,,,,,,,,ISR,ISRAEL,ISR,,,,,,,,0,045,045,04,1,5.0,5,1,5,0.66938300349243,0,,,,,,,4,"Jerusalem, Israel (general), Israel",IS,IS00,31.7667,35.2333,-797092,4,"Jerusalem, Israel (general), Israel",IS,IS00,31.7667,35.2333,-797092,20240229,https://www.jewishpress.com/judaism/parsha/the-hebrew-identity/ki-tisa-crisis-of-the-golden-calf-2-2/2024/02/29/
1160881613,20240229,202402,2024,2024.1616,,,,,,,,,,,PER,PERU,PER,,,,,,,,0,042,042,04,1,1.9,30,3,30,1.94073341294046,0,,,,,,,4,"Usicayos, Puno, Peru",PE,PE21,-14.1247,-69.9661,-367196,4,"Usicayos, Puno, Peru",PE,PE21,-14.1247,-69.9661,-367196,20240229,https://www.finanznachrichten.de/nachrichten-2024-02/61549440-palamina-corp-palamina-preparing-to-drill-the-heart-of-4-5-km-long-orogenic-gold-trend-at-the-usicayos-gold-project-296.htm
1160881614,20240229,202402,2024,2024.1616,,,,,,,,,,,PER,PERU,PER,,,,,,,,1,042,042,04,1,1.9,6,3,6,1.94073341294046,0,,,,,,,4,"Veta, Huancavelica, Peru",PE,PE09,-13.6528,-75.0589,6343822,4,"Usicayos, Puno, Peru",PE,PE21,-14.1247,-69.9661,-367196,20240229,https://www.finanznachrichten.de/nachrichten-2024-02/61549440-palamina-corp-palamina-preparing-to-drill-the-heart-of-4-5-km-long-orogenic-gold-trend-at-the-usicayos-gold-project-296.htm
1160882044,20240229,202402,2024,2024.1616,GOV,KINGDOM,,,,,,GOV,,,,,,,,,,,,,0,110,110,11,3,-2.0,10,1,10,0.66938300349243,4,"Jerusalem, Israel (general), Israel",IS,IS00,31.7667,35.2333,-797092,0,,,,,,,4,"Jerusalem, Israel (general), Israel",IS,IS00,31.7667,35.2333,-797092,20240229,https://www.jewishpress.com/judaism/parsha/the-hebrew-identity/ki-tisa-crisis-of-the-golden-calf-2-2/2024/02/29/
1160882127,20240229,202402,2024,2024.1616,GOVBUS,NATIONAL BANK,,,,,,GOV,BUS,,,,,,,,,,,,1,010,010,01,1,0.0,10,1,10,4.36781609195403,4,"Lynn Lake, Manitoba, Canada",CA,CA03,56.85,-101.05,-568413,0,,,,,,,4,"Lynn Lake, Manitoba, Canada",CA,CA03,56.85,-101.05,-568413,20240229,https://www.themarketsdaily.com/2024/02/29/alamos-gold-inc-tseagi-declares-0-03-quarterly-dividend.html
1160882543,20240229,202402,2024,2024.1616,PER,PERU,PER,,,,,,,,,,,,,,,,,,1,043,043,04,1,2.8,8,2,8,2.39385874010035,4,"Juliaca, Puno, Peru",PE,PE21,-16.2167,-69.45,-350897,0,,,,,,,4,"Juliaca, Puno, Peru",PE,PE21,-16.2167,-69.45,-350897,20240229,https://www.marketscreener.com/quote/stock/PALAMINA-CORP-49479261/news/Palamina-Preparing-to-Drill-the-Heart-of-4-5-Km-Long-Orogenic-Gold-Trend-at-the-Usicayos-Gold-Projec-46062297/
1160882544,20240229,202402,2024,2024.1616,PER,PERU,PER,,,,,,,,,,,,,,,,,,0,043,043,04,1,2.8,18,3,18,1.94073341294046,4,"Usicayos, Puno, Peru",PE,PE21,-14.1247,-69.9661,-367196,0,,,,,,,4,"Usicayos, Puno, Peru",PE,PE21,-14.1247,-69.9661,-367196,20240229,https://www.marketscreener.com/quote/stock/PALAMINA-CORP-49479261/news/Palamina-Preparing-to-Drill-the-Heart-of-4-5-Km-Long-Orogenic-Gold-Trend-at-the-Usicayos-Gold-Projec-46062297/
1160882545,20240229,202402,2024,2024.1616,PER,PERU,PER,,,,,,,,,,,,,,,,,,1,043,043,04,1,2.8,10,1,10,1.03448275862069,1,China,CH,CH,35,105,CH,0,,,,,,,1,China,CH,CH,35,105,CH,20240229,https://www.finanznachrichten.de/nachrichten-2024-02/61549440-palamina-corp-palamina-preparing-to-drill-the-heart-of-4-5-km-long-orogenic-gold-trend-at-the-usicayos-gold-project-296.htm
1160885557,20240229,202402,2024,2024.1616,BUS,COMPANY,,,,,,BUS,,,,,,,,,,,,,1,051,051,05,1,3.4,4,2,4,5.00317587461709,1,Papua New Guinea,PP,PP,-6,147,PP,0,,,,,,,1,Saudi Arabia,SA,SA,25,45,SA,20240229,https://www.streetinsider.com/Business+Wire/Draslovka+and+Barrick+Gold+Commence+Commercial+Use+of+Glycine+Leaching+Technology+for+Gold+Mining/22858711.html
1160885558,20240229,202402,2024,2024.1616,BUS,COMPANY,,,,,,BUS,,,,,,,,,,,,,1,051,051,05,1,3.4,16,2,16,5.00317587461709,1,Saudi Arabia,SA,SA,25,45,SA,0,,,,,,,1,Saudi Arabia,SA,SA,25,45,SA,20240229,https://www.streetinsider.com/Business+Wire/Draslovka+and+Barrick+Gold+Commence+Commercial+Use+of+Glycine+Leaching+Technology+for+Gold+Mining/22858711.html
1160885571,20240229,202402,2024,2024.1616,BUS,COMPANY,,,,,,BUS,,,CAN,CANADA,CAN,,,,,,,,0,046,046,04,1,7.0,2,1,2,1.11627906976744,4,"Grey River, Newfoundland, Canada",CA,CA05,47.5667,-57.1167,-565645,4,"Grey River, Newfoundland, Canada",CA,CA05,47.5667,-57.1167,-565645,4,"Grey River, Newfoundland, Canada",CA,CA05,47.5667,-57.1167,-565645,20240229,https://www.pr-inside.com/sokoman-minerals-reports-visible-gold-in-two-of-the-first-three-holes-r4987004.htm
1160885604,20240229,202402,2024,2024.1616,CAN,CANADA,CAN,,,,,,,,BUS,COMPANY,,,,,,BUS,,,0,046,046,04,1,7.0,2,2,2,1.29407027081445,4,"Grey River, Newfoundland, Canada",CA,CA05,47.5667,-57.1167,-565645,4,"Baie Verte, Newfoundland, Canada",CA,CA05,49.9167,-56.1833,-560538,4,"Grey River, Newfoundland, Canada",CA,CA05,47.5667,-57.1167,-565645,20240229,https://www.pr-inside.com/sokoman-minerals-reports-visible-gold-in-two-of-the-first-three-holes-r4987004.htm
1160885605,20240229,202402,2024,2024.1616,CAN,CANADA,CAN,,,,,,,,BUS,COMPANY,,,,,,BUS,,,0,046,046,04,1,7.0,2,2,2,1.29407027081445,4,"Grey River, Newfoundland, Canada",CA,CA05,47.5667,-57.1167,-565645,4,"Grey River, Newfoundland, Canada",CA,CA05,47.5667,-57.1167,-565645,4,"Grey River, Newfoundland, Canada",CA,CA05,47.5667,-57.1167,-565645,20240229,https://www.pr-inside.com/sokoman-minerals-reports-visible-gold-in-two-of-the-first-three-holes-r4987004.htm
1160885618,20240229,202402,2024,2024.1616,CANGOV,CANADA,CAN,,,,,GOV,,,LEG,PARLIAMENT,,,,,,LEG,,,1,040,040,04,1,1.0,2,1,2,-5.11415525114155,2,"Texas, United States",US,USTX,31.106,-97.6475,TX,2,"Texas, United States",US,USTX,31.106,-97.6475,TX,2,"Texas, United States",US,USTX,31.106,-97.6475,TX,20240229,https://winnipegsun.com/opinion/columnists/goldstein-online-harms-bill-an-assault-on-free-speech-civil-liberties-groups-say/wcm/52a3a74f-ccc0-475a-ba28-dfd0ae405b23
1160885623,20240229,202402,2024,2024.1616,CANGOVHRI,CANADIAN,CAN,,,,,GOV,HRI,,CAN,CANADIAN,CAN,,,,,,,,0,0833,083,08,2,5.0,3,1,3,-5.11415525114155,4,"Winnipeg, Manitoba, Canada",CA,CA03,49.8833,-97.1667,-576096,4,"Winnipeg, Manitoba, Canada",CA,CA03,49.8833,-97.1667,-576096,4,"Winnipeg, Manitoba, Canada",CA,CA03,49.8833,-97.1667,-576096,20240229,https://winnipegsun.com/opinion/columnists/goldstein-online-harms-bill-an-assault-on-free-speech-civil-liberties-groups-say/wcm/52a3a74f-ccc0-475a-ba28-dfd0ae405b23
1160886003,20240229,202402,2024,2024.1616,GOV,JUSTICE MINISTER,,,,,,GOV,,,LEG,PARLIAMENT,,,,,,LEG,,,1,040,040,04,1,1.0,4,1,4,-5.11415525114155,2,"Texas, United States",US,USTX,31.106,-97.6475,TX,4,"Winnipeg, Manitoba, Canada",CA,CA03,49.8833,-97.1667,-576096,2,"Texas, United States",US,USTX,31.106,-97.6475,TX,20240229,https://winnipegsun.com/opinion/columnists/goldstein-online-harms-bill-an-assault-on-free-speech-civil-liberties-groups-say/wcm/52a3a74f-ccc0-475a-ba28-dfd0ae405b23
1160886004,20240229,202402,2024,2024.1616,GOV,JUSTICE MINISTER,,,,,,GOV,,,LEG,PARLIAMENT,,,,,,LEG,,,1,040,040,04,1,1.0,4,1,4,-5.11415525114155,2,"Texas, United States",US,USTX,31.106,-97.6475,TX,2,"Texas, United States",US,USTX,31.106,-97.6475,TX,2,"Texas, United States",US,USTX,31.106,-97.6475,TX,20240229,https://winnipegsun.com/opinion/columnists/goldstein-online-harms-bill-an-assault-on-free-speech-civil-liberties-groups-say/wcm/52a3a74f-ccc0-475a-ba28-dfd0ae405b23
1160887150,20240229,202402,2024,2024.1616,BUS,COMPANY,,,,,,BUS,,,,,,,,,,,,,1,051,051,05,1,3.4,42,3,42,5.11213647839095,4,"Toronto, Ontario, Canada",CA,CA08,43.6667,-79.4167,-574890,0,,,,,,,4,"Toronto, Ontario, Canada",CA,CA08,43.6667,-79.4167,-574890,20240229,https://www.finanznachrichten.de/nachrichten-2024-02/61549995-draslovka-and-barrick-gold-commence-commercial-use-of-glycine-leaching-technology-for-gold-mining-004.htm
1160887151,20240229,202402,2024,2024.1616,BUS,COMPANY,,,,,,BUS,,,,,,,,,,,,,1,051,051,05,1,3.4,8,1,8,4.50236966824645,4,"Toronto, Ontario, Canada",CA,CA08,43.6667,-79.4167,-574890,0,,,,,,,1,China,CH,CH,35,105,CH,20240229,https://www.finanznachrichten.de/nachrichten-2024-02/61549995-draslovka-and-barrick-gold-commence-commercial-use-of-glycine-leaching-technology-for-gold-mining-004.htm
1160889943,20240229,202402,2024,2024.1616,,,,,,,,,,,BUS,INVESTOR,,,,,,BUS,,,1,043,043,04,1,2.8,3,3,3,1.77369885944552,0,,,,,,,4,"Beauce, Quebec, Canada",CA,CA10,46,-70.75,-560850,4,"Beauce, Quebec, Canada",CA,CA10,46,-70.75,-560850,20240229,https://www.marketscreener.com/quote/stock/BEAUCE-GOLD-FIELDS-INC-54321077/news/Beauce-Gold-Fields-Exhibitor-at-PDAC-2024-in-Toronto-46063140/
1160889950,20240229,202402,2024,2024.1616,,,,,,,,,,,CAN,CANADA,CAN,,,,,,,,1,040,040,04,1,1.0,16,2,16,1.95508091703423,0,,,,,,,4,"Beauce, Quebec, Canada",CA,CA10,46,-70.75,-560850,4,"Beauce, Quebec, Canada",CA,CA10,46,-70.75,-560850,20240229,https://www.marketscreener.com/quote/stock/BEAUCE-GOLD-FIELDS-INC-54321077/news/Beauce-Gold-Fields-Exhibitor-at-PDAC-2024-in-Toronto-46063140/
1160889951,20240229,202402,2024,2024.1616,,,,,,,,,,,CAN,CANADA,CAN,,,,,,,,1,043,043,04,1,2.8,24,3,24,1.77369885944552,0,,,,,,,4,"Beauce, Quebec, Canada",CA,CA10,46,-70.75,-560850,4,"Beauce, Quebec, Canada",CA,CA10,46,-70.75,-560850,20240229,https://www.marketscreener.com/quote/stock/BEAUCE-GOLD-FIELDS-INC-54321077/news/Beauce-Gold-Fields-Exhibitor-at-PDAC-2024-in-Toronto-46063140/
1160890239,20240229,202402,2024,2024.1616,BUS,INVESTOR,,,,,,BUS,,,,,,,,,,,,,1,036,036,03,1,4.0,2,2,2,1.95508091703423,4,"Beauce, Quebec, Canada",CA,CA10,46,-70.75,-560850,0,,,,,,,4,"Beauce, Quebec, Canada",CA,CA10,46,-70.75,-560850,20240229,https://www.marketscreener.com/quote/stock/BEAUCE-GOLD-FIELDS-INC-54321077/news/Beauce-Gold-Fields-Exhibitor-at-PDAC-2024-in-Toronto-46063140/
1160890243,20240229,202402,2024,2024.1616,BUS,INVESTOR,,,,,,BUS,,,,,,,,,,,,,1,042,042,04,1,1.9,3,3,3,1.77369885944552,4,"Beauce, Quebec, Canada",CA,CA10,46,-70.75,-560850,0,,,,,,,4,"Beauce, Quebec, Canada",CA,CA10,46,-70.75,-560850,20240229,https://www.marketscreener.com/quote/stock/BEAUCE-GOLD-FIELDS-INC-54321077/news/Beauce-Gold-Fields-Exhibitor-at-PDAC-2024-in-Toronto-46063140/
1160890271,20240229,202402,2024,2024.1616,BUS,INVESTOR,,,,,,BUS,,,CAN,CANADA,CAN,,,,,,,,1,043,043,04,1,2.8,18,3,18,1.77369885944552,4,"Beauce, Quebec, Canada",CA,CA10,46,-70.75,-560850,4,"Beauce, Quebec, Canada",CA,CA10,46,-70.75,-560850,4,"Beauce, Quebec, Canada",CA,CA10,46,-70.75,-560850,20240229,https://www.marketscreener.com/quote/stock/BEAUCE-GOLD-FIELDS-INC-54321077/news/Beauce-Gold-Fields-Exhibitor-at-PDAC-2024-in-Toronto-46063140/
1160890273,20240229,202402,2024,2024.1616,BUS,COMPANIES,,,,,,BUS,,,CYP,CYPRUS,CYP,,,,,,,,1,040,040,04,1,1.0,10,1,10,-4.88431876606684,1,Cyprus,CY,CY,35,33,CY,1,Cyprus,CY,CY,35,33,CY,1,Cyprus,CY,CY,35,33,CY,20240229,https://in-cyprus.philenews.com/opinion/they-spent-e38-million-on-fools-gold-and-nobody-was-punished/
1160890274,20240229,202402,2024,2024.1616,BUS,COMPANIES,,,,,,BUS,,,CYP,CYPRUS,CYP,,,,,,,,1,071,071,07,2,7.4,8,1,8,-4.88431876606684,4,"Ministry Of Finance, Gaza Strip (general), Gaza Strip",GZ,GZ00,31.5108,34.4359,11268948,4,"Ministry Of Finance, Gaza Strip (general), Gaza Strip",GZ,GZ00,31.5108,34.4359,11268948,4,"Ministry Of Finance, Gaza Strip (general), Gaza Strip",GZ,GZ00,31.5108,34.4359,11268948,20240229,https://in-cyprus.philenews.com/opinion/they-spent-e38-million-on-fools-gold-and-nobody-was-punished/
1160890275,20240229,202402,2024,2024.1616,BUS,COMPANIES,,,,,,BUS,,,CYP,CYPRUS,CYP,,,,,,,,1,071,071,07,2,7.4,2,1,2,-4.88431876606684,4,"Ministry Of Finance, Gaza Strip (general), Gaza Strip",GZ,GZ00,31.5108,34.4359,11268948,4,"Ministry Of Finance, Gaza Strip (general), Gaza Strip",GZ,GZ00,31.5108,34.4359,11268948,1,Israel,IS,IS,31.5,34.75,IS,20240229,https://in-cyprus.philenews.com/opinion/they-spent-e38-million-on-fools-gold-and-nobody-was-punished/
1160890301,20240229,202402,2024,2024.1616,CAN,CANADA,CAN,,,,,,,,,,,,,,,,,,1,040,040,04,1,1.0,32,3,32,1.68300783065116,4,"Beauce, Quebec, Canada",CA,CA10,46,-70.75,-560850,0,,,,,,,4,"Beauce, Quebec, Canada",CA,CA10,46,-70.75,-560850,20240229,https://www.marketscreener.com/quote/stock/BEAUCE-GOLD-FIELDS-INC-54321077/news/Beauce-Gold-Fields-Exhibitor-at-PDAC-2024-in-Toronto-46063140/
1160890302,20240229,202402,2024,2024.1616,CAN,CANADA,CAN,,,,,,,,,,,,,,,,,,1,042,042,04,1,1.9,22,3,22,1.77369885944552,4,"Beauce, Quebec, Canada",CA,CA10,46,-70.75,-560850,0,,,,,,,4,"Beauce, Quebec, Canada",CA,CA10,46,-70.75,-560850,20240229,https://www.marketscreener.com/quote/stock/BEAUCE-GOLD-FIELDS-INC-54321077/news/Beauce-Gold-Fields-Exhibitor-at-PDAC-2024-in-Toronto-46063140/
1160890303,20240229,202402,2024,2024.1616,CAN,CANADA,CAN,,,,,,,,,,,,,,,,,,0,084,084,08,2,7.0,2,1,2,1.96463654223968,4,"Beauce, Quebec, Canada",CA,CA10,46,-70.75,-560850,0,,,,,,,4,"Beauce, Quebec, Canada",CA,CA10,46,-70.75,-560850,20240229,https://www.streetinsider.com/Newsfile/Beauce+Gold+Fields+Exhibitor+at+PDAC+2024+in+Toronto/22859121.html
1160890311,20240229,202402,2024,2024.1616,CAN,CANADA,CAN,,,,,,,,BUS,INVESTOR,,,,,,BUS,,,1,020,020,02,1,3.0,12,3,12,1.77369885944552,4,"Beauce, Quebec, Canada",CA,CA10,46,-70.75,-560850,4,"Beauce, Quebec, Canada",CA,CA10,46,-70.75,-560850,4,"Beauce, Quebec, Canada",CA,CA10,46,-70.75,-560850,20240229,https://www.marketscreener.com/quote/stock/BEAUCE-GOLD-FIELDS-INC-54321077/news/Beauce-Gold-Fields-Exhibitor-at-PDAC-2024-in-Toronto-46063140/
1160890312,20240229,202402,2024,2024.1616,CAN,CANADA,CAN,,,,,,,,BUS,INVESTOR,,,,,,BUS,,,1,036,036,03,1,4.0,14,3,14,1.77369885944552,4,"Beauce, Quebec, Canada",CA,CA10,46,-70.75,-560850,4,"Beauce, Quebec, Canada",CA,CA10,46,-70.75,-560850,4,"Beauce, Quebec, Canada",CA,CA10,46,-70.75,-560850,20240229,https://www.marketscreener.com/quote/stock/BEAUCE-GOLD-FIELDS-INC-54321077/news/Beauce-Gold-Fields-Exhibitor-at-PDAC-2024-in-Toronto-46063140/
1160890314,20240229,202402,2024,2024.1616,CAN,CANADA,CAN,,,,,,,,BUS,INVESTOR,,,,,,BUS,,,1,042,042,04,1,1.9,18,3,18,1.77369885944552,4,"Beauce, Quebec, Canada",CA,CA10,46,-70.75,-560850,4,"Beauce, Quebec, Canada",CA,CA10,46,-70.75,-560850,4,"Beauce, Quebec, Canada",CA,CA10,46,-70.75,-560850,20240229,https://www.marketscreener.com/quote/stock/BEAUCE-GOLD-FIELDS-INC-54321077/news/Beauce-Gold-Fields-Exhibitor-at-PDAC-2024-in-Toronto-46063140/
1160893293,20240229,202402,2024,2024.1616,BUS,INVESTOR,,,,,,BUS,,,,,,,,,,,,,1,036,036,03,1,4.0,1,1,1,1.41093474426808,1,China,CH,CH,35,105,CH,0,,,,,,,4,"Beauce, Quebec, Canada",CA,CA10,46,-70.75,-560850,20240229,https://www.finanznachrichten.de/nachrichten-2024-02/61550645-prospectors-developers-association-of-canada-pdac-beauce-gold-fields-exhibitor-at-pdac-2024-in-toronto-296.htm
1160893361,20240229,202402,2024,2024.1616,BUSMED,COMPANY,,,,,,BUS,MED,,,,,,,,,,,,1,010,010,01,1,0.0,20,4,20,5.57282268248167,4,"Toronto, Ontario, Canada",CA,CA08,43.6667,-79.4167,-574890,0,,,,,,,4,"Toronto, Ontario, Canada",CA,CA08,43.6667,-79.4167,-574890,20240229,https://www.marketscreener.com/quote/stock/BRAVADA-GOLD-CORPORATION-49478546/news/Bravada-Gold-Corp-Invites-You-to-PDAC-2024-in-Toronto-46063204/
1160893363,20240229,202402,2024,2024.1616,BUSMED,COMPANY,,,,,,BUS,MED,,BUS,INVESTOR,,,,,,BUS,,,1,010,010,01,1,0.0,20,4,20,5.57282268248167,4,"Toronto, Ontario, Canada",CA,CA08,43.6667,-79.4167,-574890,4,"Toronto, Ontario, Canada",CA,CA08,43.6667,-79.4167,-574890,4,"Toronto, Ontario, Canada",CA,CA08,43.6667,-79.4167,-574890,20240229,https://www.marketscreener.com/quote/stock/BRAVADA-GOLD-CORPORATION-49478546/news/Bravada-Gold-Corp-Invites-You-to-PDAC-2024-in-Toronto-46063204/
1160893365,20240229,202402,2024,2024.1616,CAN,CANADA,CAN,,,,,,,,,,,,,,,,,,1,042,042,04,1,1.9,2,1,2,1.41093474426808,1,China,CH,CH,35,105,CH,0,,,,,,,4,"Beauce, Quebec, Canada",CA,CA10,46,-70.75,-560850,20240229,https://www.finanznachrichten.de/nachrichten-2024-02/61550645-prospectors-developers-association-of-canada-pdac-beauce-gold-fields-exhibitor-at-pdac-2024-in-toronto-296.htm
1160893375,20240229,202402,2024,2024.1616,CAN,CANADA,CAN,,,,,,,,BUS,INVESTOR,,,,,,BUS,,,1,036,036,03,1,4.0,4,1,4,1.41093474426808,4,"Beauce, Quebec, Canada",CA,CA10,46,-70.75,-560850,1,China,CH,CH,35,105,CH,4,"Beauce, Quebec, Canada",CA,CA10,46,-70.75,-560850,20240229,https://www.finanznachrichten.de/nachrichten-2024-02/61550645-prospectors-developers-association-of-canada-pdac-beauce-gold-fields-exhibitor-at-pdac-2024-in-toronto-296.htm
1160893528,20240229,202402,2024,2024.1616,CVL,VOTER,,,,,,CVL,,,,,,,,,,,,,1,125,125,12,3,-5.0,10,1,10,2.94906166219839,3,"Hollywood, California, United States",US,USCA,34.0983,-118.327,1660757,0,,,,,,,3,"Hollywood, California, United States",US,USCA,34.0983,-118.327,1660757,20240229,https://www.goldderby.com/article/2024/2024-oscar-predictions-anonymous-ballots-best-actress-experts/
1160897478,20240229,202402,2024,2024.1616,CHL,CHILE,CHL,,,,,,,,,,,,,,,,,,0,080,080,08,2,5.0,8,1,8,1.91188694929343,4,"Farellon, Aisédel General Carlos Ibáz del Campo, Chile",CI,CI02,-45.4667,-72.2667,-882573,0,,,,,,,4,"Farellon, Aisédel General Carlos Ibáz del Campo, Chile",CI,CI02,-45.4667,-72.2667,-882573,20240229,https://www.goldseiten.de/artikel/610527--Altiplano-Reports-Q4-2023-Operational-Results-at-Farellon-with-Improved-Cu-Grade-and-Output.html
1160898059,20240229,202402,2024,2024.1616,GHA,GHANA,GHA,,,,,,,,,,,,,,,,,,0,051,051,05,1,3.4,4,1,4,6.45161290322581,4,"Huni Valley, Ghana (general), Ghana",GH,GH00,5.47075,-1.91709,-2073729,0,,,,,,,4,"Huni Valley, Ghana (general), Ghana",GH,GH00,5.47075,-1.91709,-2073729,20240229,https://thebftonline.com/2024/02/29/gold-fields-foundation-donate-assorted-items-to-health-centres-and-security-agencies/
1160898060,20240229,202402,2024,2024.1616,GHA,GHANA,GHA,,,,,,,,,,,,,,,,,,0,051,051,05,1,3.4,2,1,2,6.45161290322581,4,"Prestea, Ghana (general), Ghana",GH,GH00,5.43274,-2.14284,-2078228,0,,,,,,,4,"Huni Valley, Ghana (general), Ghana",GH,GH00,5.47075,-1.91709,-2073729,20240229,https://thebftonline.com/2024/02/29/gold-fields-foundation-donate-assorted-items-to-health-centres-and-security-agencies/
1160898061,20240229,202402,2024,2024.1616,GHA,GHANA,GHA,,,,,,,,,,,,,,,,,,1,070,070,07,2,7.0,10,1,10,6.45161290322581,4,"Huni Valley, Ghana (general), Ghana",GH,GH00,5.47075,-1.91709,-2073729,0,,,,,,,4,"Huni Valley, Ghana (general), Ghana",GH,GH00,5.47075,-1.91709,-2073729,20240229,https://thebftonline.com/2024/02/29/gold-fields-foundation-donate-assorted-items-to-health-centres-and-security-agencies/
1160898116,20240229,202402,2024,2024.1616,GOV,REGULATOR,,,,,,GOV,,,,,,,,,,,,,0,084,084,08,2,7.0,30,3,30,-0.56127814671015,4,"Vancouver, British Columbia, Canada",CA,CA02,49.25,-123.133,-575268,0,,,,,,,4,"Vancouver, British Columbia, Canada",CA,CA02,49.25,-123.133,-575268,20240229,https://www.goldseiten.de/artikel/610532--Element79-Gold-Corp-Completes-Filing-of-Q1-Financial-Statements.html
1160898157,20240229,202402,2024,2024.1616,GOV,REGULATOR,,,,,,GOV,,,CANBUS,CANADIAN,CAN,,,,,BUS,,,0,015,015,01,1,0.0,10,1,10,1.59151193633952,4,"Vancouver, British Columbia, Canada",CA,CA02,49.25,-123.133,-575268,4,"Vancouver, British Columbia, Canada",CA,CA02,49.25,-123.133,-575268,4,"Vancouver, British Columbia, Canada",CA,CA02,49.25,-123.133,-575268,20240229,https://www.goldseiten.de/artikel/610532--Element79-Gold-Corp-Completes-Filing-of-Q1-Financial-Statements.html
1160900270,20240229,202402,2024,2024.1616,,,,,,,,,,,IRL,IRELAND,IRL,,,,,,,,1,043,043,04,1,2.8,6,2,6,-4.5963871419041,0,,,,,,,4,"Enniskerry, Wicklow, Ireland",EI,EI31,53.1925,-6.16917,-1502727,4,"Enniskerry, Wicklow, Ireland",EI,EI31,53.1925,-6.16917,-1502727,20240229,https://www.irishmirror.ie/news/irish-news/tears-court-cheltenham-gold-cup-32241285
1160900273,20240229,202402,2024,2024.1616,,,,,,,,,,,IRL,IRELAND,IRL,,,,,,,,0,130,130,13,3,-4.4,8,2,8,-5.08519774629396,0,,,,,,,4,"Enniskerry, Wicklow, Ireland",EI,EI31,53.1925,-6.16917,-1502727,4,"Enniskerry, Wicklow, Ireland",EI,EI31,53.1925,-6.16917,-1502727,20240229,https://www.irishmirror.ie/news/irish-news/tears-court-cheltenham-gold-cup-32241285
1160900281,20240229,202402,2024,2024.1616,,,,,,,,,,,JUD,LAWYER,,,,,,JUD,,,0,057,057,05,1,8.0,4,1,4,-4.97237569060773,0,,,,,,,4,"Enniskerry, Wicklow, Ireland",EI,EI31,53.1925,-6.16917,-1502727,4,"Enniskerry, Wicklow, Ireland",EI,EI31,53.1925,-6.16917,-1502727,20240229,https://www.irishmirror.ie/news/irish-news/tears-court-cheltenham-gold-cup-32241285
1160900282,20240229,202402,2024,2024.1616,,,,,,,,,,,JUD,LAWYER,,,,,,JUD,,,0,057,057,05,1,8.0,6,1,6,-4.97237569060773,0,,,,,,,4,"Wicklow, Wicklow, Ireland",EI,EI31,52.975,-6.04944,-1506204,4,"Wicklow, Wicklow, Ireland",EI,EI31,52.975,-6.04944,-1506204,20240229,https://www.irishmirror.ie/news/irish-news/tears-court-cheltenham-gold-cup-32241285
1160901185,20240229,202402,2024,2024.1616,IRL,IRELAND,IRL,,,,,,,,,,,,,,,,,,0,042,042,04,1,1.9,2,1,2,-4.97237569060773,4,"Enniskerry, Wicklow, Ireland",EI,EI31,53.1925,-6.16917,-1502727,0,,,,,,,4,"Enniskerry, Wicklow, Ireland",EI,EI31,53.1925,-6.16917,-1502727,20240229,https://www.irishmirror.ie/news/irish-news/tears-court-cheltenham-gold-cup-32241285
1160901187,20240229,202402,2024,2024.1616,IRL,CORK,IRL,,,,,,,,,,,,,,,,,,1,071,071,07,2,7.4,12,2,12,-5.12280509818938,4,"Enniskerry, Wicklow, Ireland",EI,EI31,53.1925,-6.16917,-1502727,0,,,,,,,4,"Enniskerry, Wicklow, Ireland",EI,EI31,53.1925,-6.16917,-1502727,20240229,https://www.irishmirror.ie/news/irish-news/tears-court-cheltenham-gold-cup-32241285
1160901197,20240229,202402,2024,2024.1616,IRLJUD,IRELAND,IRL,,,,,JUD,,,,,,,,,,,,,0,173,173,17,4,-5.0,2,1,2,-4.97237569060773,4,"Wicklow, Wicklow, Ireland",EI,EI31,52.975,-6.04944,-1506204,0,,,,,,,4,"Enniskerry, Wicklow, Ireland",EI,EI31,53.1925,-6.16917,-1502727,20240229,https://www.irishmirror.ie/news/irish-news/tears-court-cheltenham-gold-cup-32241285
1160901198,20240229,202402,2024,2024.1616,IRLJUD,IRELAND,IRL,,,,,JUD,,,IRL,IRELAND,IRL,,,,,,,,0,010,010,01,1,0.0,2,1,2,-4.97237569060773,4,"Wicklow, Wicklow, Ireland",EI,EI31,52.975,-6.04944,-1506204,4,"Enniskerry, Wicklow, Ireland",EI,EI31,53.1925,-6.16917,-1502727,4,"Wicklow, Wicklow, Ireland",EI,EI31,52.975,-6.04944,-1506204,20240229,https://www.irishmirror.ie/news/irish-news/tears-court-cheltenham-gold-cup-32241285
1160901303,20240229,202402,2024,2024.1616,JUD,JUDGE,,,,,,JUD,,,,,,,,,,,,,0,010,010,01,1,0.0,6,1,6,-4.97237569060773,4,"Wicklow, Wicklow, Ireland",EI,EI31,52.975,-6.04944,-1506204,0,,,,,,,4,"Wicklow, Wicklow, Ireland",EI,EI31,52.975,-6.04944,-1506204,20240229,https://www.irishmirror.ie/news/irish-news/tears-court-cheltenham-gold-cup-32241285
1160901310,20240229,202402,2024,2024.1616,JUD,LAWYER,,,,,,JUD,,,,,,,,,,,,,0,057,057,05,1,8.0,18,2,18,-5.12280509818938,4,"Enniskerry, Wicklow, Ireland",EI,EI31,53.1925,-6.16917,-1502727,0,,,,,,,4,"Enniskerry, Wicklow, Ireland",EI,EI31,53.1925,-6.16917,-1502727,20240229,https://www.irishmirror.ie/news/irish-news/tears-court-cheltenham-gold-cup-32241285
1160901311,20240229,202402,2024,2024.1616,JUD,LAWYER,,,,,,JUD,,,,,,,,,,,,,0,057,057,05,1,8.0,6,1,6,-4.97237569060773,4,"Wicklow, Wicklow, Ireland",EI,EI31,52.975,-6.04944,-1506204,0,,,,,,,4,"Wicklow, Wicklow, Ireland",EI,EI31,52.975,-6.04944,-1506204,20240229,https://www.irishmirror.ie/news/irish-news/tears-court-cheltenham-gold-cup-32241285
1160901321,20240229,202402,2024,2024.1616,JUD,JUDGE,,,,,,JUD,,,,,,,,,,,,,0,173,173,17,4,-5.0,2,1,2,-4.97237569060773,4,"Wicklow, Wicklow, Ireland",EI,EI31,52.975,-6.04944,-1506204,0,,,,,,,4,"Enniskerry, Wicklow, Ireland",EI,EI31,53.1925,-6.16917,-1502727,20240229,https://www.irishmirror.ie/news/irish-news/tears-court-cheltenham-gold-cup-32241285
1160901322,20240229,202402,2024,2024.1616,JUD,JUDGE,,,,,,JUD,,,,,,,,,,,,,0,173,173,17,4,-5.0,6,1,6,-4.97237569060773,4,"Wicklow, Wicklow, Ireland",EI,EI31,52.975,-6.04944,-1506204,0,,,,,,,4,"Wicklow, Wicklow, Ireland",EI,EI31,52.975,-6.04944,-1506204,20240229,https://www.irishmirror.ie/news/irish-news/tears-court-cheltenham-gold-cup-32241285
1160901340,20240229,202402,2024,2024.1616,JUD,JUDGE,,,,,,JUD,,,IRL,IRELAND,IRL,,,,,,,,0,010,010,01,1,0.0,2,1,2,-4.97237569060773,4,"Wicklow, Wicklow, Ireland",EI,EI31,52.975,-6.04944,-1506204,4,"Enniskerry, Wicklow, Ireland",EI,EI31,53.1925,-6.16917,-1502727,4,"Enniskerry, Wicklow, Ireland",EI,EI31,53.1925,-6.16917,-1502727,20240229,https://www.irishmirror.ie/news/irish-news/tears-court-cheltenham-gold-cup-32241285
1160901543,20240229,202402,2024,2024.1616,MNCUSAEDU,COCA COLA,USA,,,,,MNC,EDU,,EDU,STUDENT,,,,,,EDU,,,1,060,060,06,2,6.0,10,1,10,6.95652173913043,3,"Orlando, Florida, United States",US,USFL,28.5383,-81.3792,288240,3,"Orlando, Florida, United States",US,USFL,28.5383,-81.3792,288240,3,"Orlando, Florida, United States",US,USFL,28.5383,-81.3792,288240,20240229,https://kiow.com/2024/02/29/niacc-student-named-coca-cola-academic-team-gold-scholar/
1160901544,20240229,202402,2024,2024.1616,MNCUSAEDU,COCA COLA,USA,,,,,MNC,EDU,,EDU,STUDENT,,,,,,EDU,,,1,071,071,07,2,7.4,10,1,10,6.95652173913043,3,"Orlando, Florida, United States",US,USFL,28.5383,-81.3792,288240,3,"Orlando, Florida, United States",US,USFL,28.5383,-81.3792,288240,3,"Orlando, Florida, United States",US,USFL,28.5383,-81.3792,288240,20240229,https://kiow.com/2024/02/29/niacc-student-named-coca-cola-academic-team-gold-scholar/
1160901924,20240229,202402,2024,2024.1616,USA,ORLANDO,USA,,,,,,,,MNCUSAEDU,COCA COLA,USA,,,,,MNC,EDU,,1,017,017,01,1,0.0,5,1,5,6.95652173913043,3,"Orlando, Florida, United States",US,USFL,28.5383,-81.3792,288240,2,"Florida, United States",US,USFL,27.8333,-81.717,FL,2,"Florida, United States",US,USFL,27.8333,-81.717,FL,20240229,https://kiow.com/2024/02/29/niacc-student-named-coca-cola-academic-team-gold-scholar/
1160904478,20240229,202402,2024,2024.1616,,,,,,,,,,,LBR,MONROVIA,LBR,,,,,,,,0,042,042,04,1,1.9,4,1,4,2.03094777562863,0,,,,,,,4,"Arthington, Montserrado, Liberia",LI,LI14,6.51194,-10.6767,-2129773,4,"Arthington, Montserrado, Liberia",LI,LI14,6.51194,-10.6767,-2129773,20240229,https://www.juniorminingnetwork.com/junior-miner-news/press-releases/3316-tsx-venture/zau/156829-zodiac-gold-announces-positive-initial-phase-ii-drill-results-including-9-14-m-at-4-20-g-t-au-and-10-20-m-at-1-23-g-t-au-including-2-81-m-at-2-95-g-t-au.html
1160904479,20240229,202402,2024,2024.1616,,,,,,,,,,,LBR,MONROVIA,LBR,,,,,,,,0,042,042,04,1,1.9,6,1,6,2.03094777562863,0,,,,,,,1,Turkey,TU,TU,39.059012,34.911546,TU,1,Turkey,TU,TU,39.059012,34.911546,TU,20240229,https://www.juniorminingnetwork.com/junior-miner-news/press-releases/3316-tsx-venture/zau/156829-zodiac-gold-announces-positive-initial-phase-ii-drill-results-including-9-14-m-at-4-20-g-t-au-and-10-20-m-at-1-23-g-t-au-including-2-81-m-at-2-95-g-t-au.html
1160904570,20240229,202402,2024,2024.1616,AFR,AFRICA,AFR,,,,,,,,LBR,LIBERIA,LBR,,,,,,,,0,043,043,04,1,2.8,2,1,2,2.03094777562863,4,"Monrovia, Montserrado, Liberia",LI,LI14,6.31056,-10.8047,-2134012,4,"Monrovia, Montserrado, Liberia",LI,LI14,6.31056,-10.8047,-2134012,4,"Arthington, Montserrado, Liberia",LI,LI14,6.51194,-10.6767,-2129773,20240229,https://www.juniorminingnetwork.com/junior-miner-news/press-releases/3316-tsx-venture/zau/156829-zodiac-gold-announces-positive-initial-phase-ii-drill-results-including-9-14-m-at-4-20-g-t-au-and-10-20-m-at-1-23-g-t-au-including-2-81-m-at-2-95-g-t-au.html
1160904571,20240229,202402,2024,2024.1616,AFR,AFRICA,AFR,,,,,,,,LBR,LIBERIA,LBR,,,,,,,,0,043,043,04,1,2.8,3,1,3,2.03094777562863,4,"Monrovia, Montserrado, Liberia",LI,LI14,6.31056,-10.8047,-2134012,4,"Monrovia, Montserrado, Liberia",LI,LI14,6.31056,-10.8047,-2134012,4,"Monrovia, Montserrado, Liberia",LI,LI14,6.31056,-10.8047,-2134012,20240229,https://www.juniorminingnetwork.com/junior-miner-news/press-releases/3316-tsx-venture/zau/156829-zodiac-gold-announces-positive-initial-phase-ii-drill-results-including-9-14-m-at-4-20-g-t-au-and-10-20-m-at-1-23-g-t-au-including-2-81-m-at-2-95-g-t-au.html
1160904651,20240229,202402,2024,2024.1616,BUS,COMPANY,,,,,,BUS,,,,,,,,,,,,,0,131,131,13,3,-5.8,10,1,10,-1.00539480137322,4,"London, London, City of, United Kingdom",UK,UKH9,51.5,-0.116667,-2601889,0,,,,,,,4,"London, London, City of, United Kingdom",UK,UKH9,51.5,-0.116667,-2601889,20240229,https://www.investegate.co.uk:443/announcement/rns/shanta-gold-ltd---shg/confirmation-of-adjournment-of-court-meeting/8064336
1160904658,20240229,202402,2024,2024.1616,BUS,COMPANY,,,,,,BUS,,,CAN,CANADA,CAN,,,,,,,,0,046,046,04,1,7.0,2,1,2,1.47186147186147,4,"Fleur De Lys, Newfoundland, Canada",CA,CA05,50.1333,-56.1,-564704,4,"Fleur De Lys, Newfoundland, Canada",CA,CA05,50.1333,-56.1,-564704,4,"Fleur De Lys, Newfoundland, Canada",CA,CA05,50.1333,-56.1,-564704,20240229,https://www.juniorminingnetwork.com/junior-miner-news/press-releases/2558-tsx-venture/sic/156821-sokoman-minerals-reports-visible-gold-in-two-of-the-first-three-holes-from-552-zone-winter-program-at-the-moosehead-gold-project-central-newfoundland.html
1160904661,20240229,202402,2024,2024.1616,BUS,COMPANY,,,,,,BUS,,,CANGOV,NEWFOUNDLAND AND LABRADOR,CAN,,,,,GOV,,,0,051,051,05,1,3.4,6,1,6,1.47186147186147,4,"Fleur De Lys, Newfoundland, Canada",CA,CA05,50.1333,-56.1,-564704,4,"Fleur De Lys, Newfoundland, Canada",CA,CA05,50.1333,-56.1,-564704,4,"Fleur De Lys, Newfoundland, Canada",CA,CA05,50.1333,-56.1,-564704,20240229,https://www.juniorminingnetwork.com/junior-miner-news/press-releases/2558-tsx-venture/sic/156821-sokoman-minerals-reports-visible-gold-in-two-of-the-first-three-holes-from-552-zone-winter-program-at-the-moosehead-gold-project-central-newfoundland.html
1160904674,20240229,202402,2024,2024.1616,BUS,COMPANY,,,,,,BUS,,,GOV,GOVERNMENT,,,,,,GOV,,,0,051,051,05,1,3.4,4,1,4,1.47186147186147,4,"Fleur De Lys, Newfoundland, Canada",CA,CA05,50.1333,-56.1,-564704,4,"Fleur De Lys, Newfoundland, Canada",CA,CA05,50.1333,-56.1,-564704,4,"Fleur De Lys, Newfoundland, Canada",CA,CA05,50.1333,-56.1,-564704,20240229,https://www.juniorminingnetwork.com/junior-miner-news/press-releases/2558-tsx-venture/sic/156821-sokoman-minerals-reports-visible-gold-in-two-of-the-first-three-holes-from-552-zone-winter-program-at-the-moosehead-gold-project-central-newfoundland.html
1160904697,20240229,202402,2024,2024.1616,CAN,CANADA,CAN,,,,,,,,,,,,,,,,,,0,010,010,01,1,0.0,2,1,2,1.47186147186147,4,"Fleur De Lys, Newfoundland, Canada",CA,CA05,50.1333,-56.1,-564704,0,,,,,,,4,"Fleur De Lys, Newfoundland, Canada",CA,CA05,50.1333,-56.1,-564704,20240229,https://www.juniorminingnetwork.com/junior-miner-news/press-releases/2558-tsx-venture/sic/156821-sokoman-minerals-reports-visible-gold-in-two-of-the-first-three-holes-from-552-zone-winter-program-at-the-moosehead-gold-project-central-newfoundland.html
1160905561,20240229,202402,2024,2024.1616,LBR,MONROVIA,LBR,,,,,,,,,,,,,,,,,,0,043,043,04,1,2.8,10,1,10,2.03094777562863,4,"Monrovia, Montserrado, Liberia",LI,LI14,6.31056,-10.8047,-2134012,0,,,,,,,4,"Monrovia, Montserrado, Liberia",LI,LI14,6.31056,-10.8047,-2134012,20240229,https://www.juniorminingnetwork.com/junior-miner-news/press-releases/3316-tsx-venture/zau/156829-zodiac-gold-announces-positive-initial-phase-ii-drill-results-including-9-14-m-at-4-20-g-t-au-and-10-20-m-at-1-23-g-t-au-including-2-81-m-at-2-95-g-t-au.html
1160905562,20240229,202402,2024,2024.1616,LBR,LIBERIA,LBR,,,,,,,,AFR,AFRICA,AFR,,,,,,,,0,042,042,04,1,1.9,2,1,2,2.03094777562863,4,"Monrovia, Montserrado, Liberia",LI,LI14,6.31056,-10.8047,-2134012,4,"Monrovia, Montserrado, Liberia",LI,LI14,6.31056,-10.8047,-2134012,4,"Arthington, Montserrado, Liberia",LI,LI14,6.51194,-10.6767,-2129773,20240229,https://www.juniorminingnetwork.com/junior-miner-news/press-releases/3316-tsx-venture/zau/156829-zodiac-gold-announces-positive-initial-phase-ii-drill-results-including-9-14-m-at-4-20-g-t-au-and-10-20-m-at-1-23-g-t-au-including-2-81-m-at-2-95-g-t-au.html
1160905563,20240229,202402,2024,2024.1616,LBR,LIBERIA,LBR,,,,,,,,AFR,AFRICA,AFR,,,,,,,,0,042,042,04,1,1.9,3,1,3,2.03094777562863,4,"Monrovia, Montserrado, Liberia",LI,LI14,6.31056,-10.8047,-2134012,4,"Monrovia, Montserrado, Liberia",LI,LI14,6.31056,-10.8047,-2134012,4,"Monrovia, Montserrado, Liberia",LI,LI14,6.31056,-10.8047,-2134012,20240229,https://www.juniorminingnetwork.com/junior-miner-news/press-releases/3316-tsx-venture/zau/156829-zodiac-gold-announces-positive-initial-phase-ii-drill-results-including-9-14-m-at-4-20-g-t-au-and-10-20-m-at-1-23-g-t-au-including-2-81-m-at-2-95-g-t-au.html
1160913748,20240229,202402,2024,2024.1616,GBR,UNITED KINGDOM,GBR,,,,,,,,,,,,,,,,,,0,020,020,02,1,3.0,4,1,4,0.96418732782369,1,United States,US,US,39.828175,-98.5795,US,0,,,,,,,1,United States,US,US,39.828175,-98.5795,US,20240229,https://invezz.com/news/2024/02/29/bitcoin-dogs-focus-as-btc-could-replace-gold/
1160924887,20240229,202402,2024,2024.1616,,,,,,,,,,,USAGOV,JOE BIDEN,USA,,,,,GOV,,,1,130,130,13,3,-4.4,10,1,10,-1.46198830409356,0,,,,,,,0,,,,,,,0,,,,,,,20240229,https://decider.com/2024/02/29/the-view-whoopi-goldberg-joe-biden-throw-every-republican-jail-presidential-immunity/
1160928394,20240229,202402,2024,2024.1616,ITA,SICILY,ITA,,,,,,,,IGOEUREEC,THE EUROPEAN UNION,EUR,EEC,,,,IGO,,,1,090,090,09,2,-2.0,10,1,10,-5.04201680672269,5,"Sicily, Sicilia, Italy",IT,IT15,37.75,14.25,-129695,5,"Sicily, Sicilia, Italy",IT,IT15,37.75,14.25,-129695,5,"Sicily, Sicilia, Italy",IT,IT15,37.75,14.25,-129695,20240229,https://www.marketscreener.com/news/latest/In-drought-hit-Sicily-water-is-gold-46065193/
1160928404,20240229,202402,2024,2024.1616,JPN,JAPANESE,JPN,,,,,,,,CAN,TORONTO,CAN,,,,,,,,1,020,020,02,1,3.0,3,1,3,3.84905660377358,4,"London, London, City of, United Kingdom",UK,UKH9,51.5,-0.116667,-2601889,4,"London, London, City of, United Kingdom",UK,UKH9,51.5,-0.116667,-2601889,4,"London, London, City of, United Kingdom",UK,UKH9,51.5,-0.116667,-2601889,20240229,https://www.guitarplayer.com/gear/joe-yanuziello-gold-paisley-washi-paper-deluxe
1160928405,20240229,202402,2024,2024.1616,JPN,JAPANESE,JPN,,,,,,,,CAN,CANADA,CAN,,,,,,,,1,020,020,02,1,3.0,2,1,2,3.84905660377358,1,Japan,JA,JA,36,138,JA,1,Japan,JA,JA,36,138,JA,1,Japan,JA,JA,36,138,JA,20240229,https://www.guitarplayer.com/gear/joe-yanuziello-gold-paisley-washi-paper-deluxe
1160929500,20240229,202402,2024,2024.1616,,,,,,,,,,,USA,UNITED STATES,USA,,,,,,,,1,040,040,04,1,1.0,2,1,2,1.8705035971223,0,,,,,,,3,"Golconda Summit, Nevada, United States",US,USNV,40.921,-117.392,845474,3,"Golconda Summit, Nevada, United States",US,USNV,40.921,-117.392,845474,20240229,https://www.investegate.co.uk:443/announcement/rns/golden-metal-resources--gmet/total-voting-rights/8064574
1160930743,20240229,202402,2024,2024.1616,USA,UNITED STATES,USA,,,,,,,,,,,,,,,,,,1,040,040,04,1,1.0,2,1,2,1.8705035971223,3,"Golconda Summit, Nevada, United States",US,USNV,40.921,-117.392,845474,0,,,,,,,3,"Golconda Summit, Nevada, United States",US,USNV,40.921,-117.392,845474,20240229,https://www.investegate.co.uk:443/announcement/rns/golden-metal-resources--gmet/total-voting-rights/8064574
1160936167,20240229,202402,2024,2024.1616,DEU,BERLIN,DEU,,,,,,,,GBR,UNITED KINGDOM,GBR,,,,,,,,1,043,043,04,1,2.8,2,1,2,1.47679324894515,4,"Berlin, Berlin, Germany",GM,GM16,52.5167,13.4,-1746443,4,"London, London, City of, United Kingdom",UK,UKH9,51.5,-0.116667,-2601889,4,"London, London, City of, United Kingdom",UK,UKH9,51.5,-0.116667,-2601889,20240229,https://www.heritagefl.com/story/2024/03/01/features/golda-biopic-about-israeli-leader-at-war-wins-top-prize/19655.html
1160936168,20240229,202402,2024,2024.1616,DEU,BERLIN,DEU,,,,,,,,GBR,UNITED KINGDOM,GBR,,,,,,,,1,043,043,04,1,2.8,2,1,2,1.47679324894515,4,"London, London, City of, United Kingdom",UK,UKH9,51.5,-0.116667,-2601889,4,"London, London, City of, United Kingdom",UK,UKH9,51.5,-0.116667,-2601889,4,"London, London, City of, United Kingdom",UK,UKH9,51.5,-0.116667,-2601889,20240229,https://www.heritagefl.com/story/2024/03/01/features/golda-biopic-about-israeli-leader-at-war-wins-top-prize/19655.html
1160936359,20240229,202402,2024,2024.1616,GBR,UNITED KINGDOM,GBR,,,,,,,,DEU,BERLIN,DEU,,,,,,,,1,017,017,01,1,0.0,2,1,2,1.47679324894515,1,Slovak Republic,LO,LO,48.666667,19.5,LO,1,Russia,RS,RS,60,100,RS,1,Slovak Republic,LO,LO,48.666667,19.5,LO,20240229,https://www.heritagefl.com/story/2024/03/01/features/golda-biopic-about-israeli-leader-at-war-wins-top-prize/19655.html
1160936360,20240229,202402,2024,2024.1616,GBR,UNITED KINGDOM,GBR,,,,,,,,DEU,BERLIN,DEU,,,,,,,,1,017,017,01,1,0.0,2,1,2,1.47679324894515,1,Russia,RS,RS,60,100,RS,1,Russia,RS,RS,60,100,RS,1,Russia,RS,RS,60,100,RS,20240229,https://www.heritagefl.com/story/2024/03/01/features/golda-biopic-about-israeli-leader-at-war-wins-top-prize/19655.html
1160936361,20240229,202402,2024,2024.1616,GBR,UNITED KINGDOM,GBR,,,,,,,,DEU,BERLIN,DEU,,,,,,,,1,042,042,04,1,1.9,2,1,2,1.47679324894515,4,"London, London, City of, United Kingdom",UK,UKH9,51.5,-0.116667,-2601889,4,"Berlin, Berlin, Germany",GM,GM16,52.5167,13.4,-1746443,4,"London, London, City of, United Kingdom",UK,UKH9,51.5,-0.116667,-2601889,20240229,https://www.heritagefl.com/story/2024/03/01/features/golda-biopic-about-israeli-leader-at-war-wins-top-prize/19655.html
1160937062,20240229,202402,2024,2024.1616,MNCJPN,HONDA,JPN,,,,,MNC,,,,,,,,,,,,,1,010,010,01,1,0.0,6,1,6,-1.41287284144427,1,United States,US,US,39.828175,-98.5795,US,0,,,,,,,1,United States,US,US,39.828175,-98.5795,US,20240229,https://www.topspeed.com/honda-gold-wing-cbr1000rr-cbr600rr-recalled/
1160944447,20240229,202402,2024,2024.1616,AFR,AFRICA,AFR,,,,,,,,,,,,,,,,,,1,010,010,01,1,0.0,2,1,2,3.17460317460317,4,"Beatrix, North-West, South Africa",SF,SF10,-26.7567,26.7823,-1209639,0,,,,,,,4,"Beatrix, North-West, South Africa",SF,SF10,-26.7567,26.7823,-1209639,20240229,https://www.miningmx.com/news/gold/56116-harmony-targets-increase-in-uranium-through-third-party-supply/
1160945292,20240229,202402,2024,2024.1616,ITA,TURIN,ITA,,,,,,,,USA,AMERICAN,USA,,,,,,,,1,042,042,04,1,1.9,20,1,10,3.21100917431193,2,"Georgia, United States",US,USGA,32.9866,-83.6487,GA,2,"Georgia, United States",US,USGA,32.9866,-83.6487,GA,2,"Georgia, United States",US,USGA,32.9866,-83.6487,GA,20240229,http://thefutoncritic.com/news/2024/02/29/americas-backyard-gold-premieres-on-discovery-channel-on-march-15-326313/20240229discovery01/
1160945981,20240229,202402,2024,2024.1616,USA,AMERICAN,USA,,,,,,,,ITA,TURIN,ITA,,,,,,,,1,043,043,04,1,2.8,20,1,10,3.21100917431193,2,"Georgia, United States",US,USGA,32.9866,-83.6487,GA,2,"Georgia, United States",US,USGA,32.9866,-83.6487,GA,2,"Georgia, United States",US,USGA,32.9866,-83.6487,GA,20240229,http://thefutoncritic.com/news/2024/02/29/americas-backyard-gold-premieres-on-discovery-channel-on-march-15-326313/20240229discovery01/
1160947703,20240229,202402,2024,2024.1616,GBR,UNITED KINGDOM,GBR,,,,,,,,,,,,,,,,,,0,050,050,05,1,3.5,4,1,4,1.5625,3,"Hollywood, California, United States",US,USCA,34.0983,-118.327,1660757,0,,,,,,,3,"Hollywood, California, United States",US,USCA,34.0983,-118.327,1660757,20240229,https://www.goldderby.com/article/2024/oscars-davine-joy-randolph-supporting-actress-the-holdovers/
1160950381,20240229,202402,2024,2024.1616,GOV,REGIME,,,,,,GOV,,,CHN,CHINESE,CHN,,,,,,,,1,172,172,17,4,-5.0,10,1,10,-0.35555555555556,4,"Wang Zhao, Henan, China",CH,CH09,33.2563,113.535,10548626,4,"Wang Zhao, Henan, China",CH,CH09,33.2563,113.535,10548626,4,"Wang Zhao, Henan, China",CH,CH09,33.2563,113.535,10548626,20240229,https://www.theepochtimes.com/china/alibaba-discloses-ccp-state-ownership-holding-golden-shares-in-more-than-12-business-units-5597379
1160951138,20240229,202402,2024,2024.1616,TWN,TAIWAN,TWN,,,,,,,,CHNGOVBUS,CHINA,CHN,,,,,GOV,BUS,,0,100,100,10,3,-5.0,7,1,7,-0.35555555555556,1,Taiwan,TW,TW,24,121,TW,4,"Beijing, Beijing, China",CH,CH22,39.9289,116.388,-1898541,1,Taiwan,TW,TW,24,121,TW,20240229,https://www.theepochtimes.com/china/alibaba-discloses-ccp-state-ownership-holding-golden-shares-in-more-than-12-business-units-5597379
1160952504,20240229,202402,2024,2024.1616,AUS,AUSTRALIA,AUS,,,,,,,,BUS,INDUSTRY,,,,,,BUS,,,1,060,060,06,2,6.0,10,1,10,3.93586005830904,4,"Tugun, Queensland, Australia",AS,AS04,-28.15,153.5,-1605836,4,"Tugun, Queensland, Australia",AS,AS04,-28.15,153.5,-1605836,4,"Tugun, Queensland, Australia",AS,AS04,-28.15,153.5,-1605836,20240229,https://www.realestate.com.au/news/balter-brewing-boss-lists-dreamy-gold-coast-holiday-villas/
1160955518,20240229,202402,2024,2024.1616,HLH,NURSE,,,,,,HLH,,,,,,,,,,,,,0,036,036,03,1,4.0,5,1,5,3.46820809248555,1,United States,US,US,39.828175,-98.5795,US,0,,,,,,,1,United States,US,US,39.828175,-98.5795,US,20240229,https://realtybiznews.com/home-sweet-home-aging-in-place-redefines-the-golden-years/98781077/
1160957227,20240229,202402,2024,2024.1616,,,,,,,,,,,USA,THE US,USA,,,,,,,,1,043,043,04,1,2.8,6,1,6,3.41726618705036,0,,,,,,,1,Ghana,GH,GH,8,-2,GH,1,Ghana,GH,GH,8,-2,GH,20240229,https://www.realestate.com.au/news/trophy-beachfront-home-for-sale-in-palm-beach-gold-coast/
1160957291,20240229,202402,2024,2024.1616,AUS,AUSTRALIA,AUS,,,,,,,,,,,,,,,,,,1,090,090,09,2,-2.0,2,1,2,3.41726618705036,4,"Palm Beach, Queensland, Australia",AS,AS04,-16.75,145.667,244774,0,,,,,,,4,"Palm Beach, Queensland, Australia",AS,AS04,-16.75,145.667,244774,20240229,https://www.realestate.com.au/news/trophy-beachfront-home-for-sale-in-palm-beach-gold-coast/
1160957680,20240229,202402,2024,2024.1616,GHA,GHANA,GHA,,,,,,,,USA,THE US,USA,,,,,,,,1,042,042,04,1,1.9,4,1,4,3.41726618705036,4,"Palm Beach, Queensland, Australia",AS,AS04,-16.75,145.667,244774,4,"Palm Beach, Queensland, Australia",AS,AS04,-16.75,145.667,244774,4,"Palm Beach, Queensland, Australia",AS,AS04,-16.75,145.667,244774,20240229,https://www.realestate.com.au/news/trophy-beachfront-home-for-sale-in-palm-beach-gold-coast/
1160958379,20240229,202402,2024,2024.1616,USA,THE US,USA,,,,,,,,,,,,,,,,,,1,042,042,04,1,1.9,6,1,6,3.41726618705036,4,"Palm Beach, Queensland, Australia",AS,AS04,-16.75,145.667,244774,0,,,,,,,4,"Palm Beach, Queensland, Australia",AS,AS04,-16.75,145.667,244774,20240229,https://www.realestate.com.au/news/trophy-beachfront-home-for-sale-in-palm-beach-gold-coast/
1160958497,20240229,202402,2024,2024.1616,USA,THE US,USA,,,,,,,,GHA,GHANA,GHA,,,,,,,,1,043,043,04,1,2.8,4,1,4,3.41726618705036,1,Ghana,GH,GH,8,-2,GH,1,Ghana,GH,GH,8,-2,GH,1,Ghana,GH,GH,8,-2,GH,20240229,https://www.realestate.com.au/news/trophy-beachfront-home-for-sale-in-palm-beach-gold-coast/
1160962692,20240229,202402,2024,2024.1616,MNCCAN,BANK OF NOVA SCOTIA,CAN,,,,,MNC,,,,,,,,,,,,,1,071,071,07,2,7.4,5,1,5,10.952380952381,0,,,,,,,0,,,,,,,0,,,,,,,20240229,https://theenterpriseleader.com/2024/02/29/cwa-asset-management-group-llc-sells-760-shares-of-ishares-gold-trust-nysearcaiau.html
1160964251,20240229,202402,2024,2024.1616,BEL,WATERLOO,BEL,,,,,,,,,,,,,,,,,,1,051,051,05,1,3.4,5,1,5,6.73575129533679,0,,,,,,,0,,,,,,,0,,,,,,,20240229,https://www.collisionrepairmag.com/getting-the-gold-porsche-centre-oakville-and-kitchener-waterloo-technicians-receive-gold-meister-certifications/
1160964339,20240229,202402,2024,2024.1616,CAN,ONTARIO,CAN,,,,,,,,BEL,WATERLOO,BEL,,,,,,,,1,051,051,05,1,3.4,5,1,5,6.73575129533679,0,,,,,,,0,,,,,,,0,,,,,,,20240229,https://www.collisionrepairmag.com/getting-the-gold-porsche-centre-oakville-and-kitchener-waterloo-technicians-receive-gold-meister-certifications/
1160964667,20240229,202402,2024,2024.1616,ELI,RETIRED,,,,,,ELI,,,,,,,,,,,,,1,051,051,05,1,3.4,10,1,10,1.29659643435981,1,Germany,GM,GM,51.5,10.5,GM,0,,,,,,,1,Germany,GM,GM,51.5,10.5,GM,20240229,https://www.saturdayeveningpost.com/2024/02/review-golden-years-movies-for-the-rest-of-us-with-bill-newcott/
1160970832,20240229,202402,2024,2024.1616,,,,,,,,,,,BRA,BRAZIL,BRA,,,,,,,,0,042,042,04,1,1.9,1,1,1,-3.56652949245542,0,,,,,,,4,"Belo Monte, Bahia, Brazil",BR,BR05,-13.6667,-40.3167,-629155,4,"Ituna, Saskatchewan, Canada",CA,CA11,51.1667,-103.5,-566715,20240229,https://reporterbrasil.org.br/2024/02/lula-urged-to-cancel-bolsonaros-agreement-with-canadian-mining-company-for-largest-gold-mine-in-the-amazon/
1160970840,20240229,202402,2024,2024.1616,,,,,,,,,,,CAN,CANADA,CAN,,,,,,,,0,060,060,06,2,6.0,4,1,4,-3.56652949245542,0,,,,,,,4,"Ituna, Saskatchewan, Canada",CA,CA11,51.1667,-103.5,-566715,4,"Ituna, Saskatchewan, Canada",CA,CA11,51.1667,-103.5,-566715,20240229,https://reporterbrasil.org.br/2024/02/lula-urged-to-cancel-bolsonaros-agreement-with-canadian-mining-company-for-largest-gold-mine-in-the-amazon/
1160970857,20240229,202402,2024,2024.1616,,,,,,,,,,,CVL,COMMUNITY,,,,,,CVL,,,1,051,051,05,1,3.4,1,1,1,9.70394736842105,0,,,,,,,2,"California, United States",US,USCA,36.17,-119.746,CA,3,"Sacramento, California, United States",US,USCA,38.5816,-121.494,1659564,20240229,https://www.dailydemocrat.com/2024/02/29/woodlands-agstart-and-bayer-announce-golden-ticket-competition-for-agrifood-innovators/
1160970926,20240229,202402,2024,2024.1616,,,,,,,,,,,OPP,PROTESTER,,,,,,OPP,,,0,140,140,14,3,-6.5,1,1,1,-3.56652949245542,0,,,,,,,4,"Volta Grande, Piauhy, Brazil",BR,BR20,-8.05,-45.25,-679437,4,"Ituna, Saskatchewan, Canada",CA,CA11,51.1667,-103.5,-566715,20240229,https://reporterbrasil.org.br/2024/02/lula-urged-to-cancel-bolsonaros-agreement-with-canadian-mining-company-for-largest-gold-mine-in-the-amazon/
1160970927,20240229,202402,2024,2024.1616,,,,,,,,,,,OPP,PROTESTER,,,,,,OPP,,,0,140,140,14,3,-6.5,2,1,2,-3.56652949245542,0,,,,,,,4,"Volta Grande, Piauhy, Brazil",BR,BR20,-8.05,-45.25,-679437,4,"Volta Grande, Piauhy, Brazil",BR,BR20,-8.05,-45.25,-679437,20240229,https://reporterbrasil.org.br/2024/02/lula-urged-to-cancel-bolsonaros-agreement-with-canadian-mining-company-for-largest-gold-mine-in-the-amazon/
1160970988,20240229,202402,2024,2024.1616,AGR,FARMER,,,,,,AGR,,,OPP,PROTESTER,,,,,,OPP,,,0,036,036,03,1,4.0,8,1,8,-3.56652949245542,4,"Volta Grande, Piauhy, Brazil",BR,BR20,-8.05,-45.25,-679437,4,"Volta Grande, Piauhy, Brazil",BR,BR20,-8.05,-45.25,-679437,4,"Volta Grande, Piauhy, Brazil",BR,BR20,-8.05,-45.25,-679437,20240229,https://reporterbrasil.org.br/2024/02/lula-urged-to-cancel-bolsonaros-agreement-with-canadian-mining-company-for-largest-gold-mine-in-the-amazon/
1160970989,20240229,202402,2024,2024.1616,AGR,FARMER,,,,,,AGR,,,OPP,PROTESTER,,,,,,OPP,,,0,040,040,04,1,1.0,2,1,2,-3.56652949245542,4,"Volta Grande, Piauhy, Brazil",BR,BR20,-8.05,-45.25,-679437,4,"Volta Grande, Piauhy, Brazil",BR,BR20,-8.05,-45.25,-679437,4,"Ituna, Saskatchewan, Canada",CA,CA11,51.1667,-103.5,-566715,20240229,https://reporterbrasil.org.br/2024/02/lula-urged-to-cancel-bolsonaros-agreement-with-canadian-mining-company-for-largest-gold-mine-in-the-amazon/
1160970990,20240229,202402,2024,2024.1616,AGR,FARMER,,,,,,AGR,,,OPP,PROTESTER,,,,,,OPP,,,0,040,040,04,1,1.0,6,1,6,-3.56652949245542,4,"Volta Grande, Piauhy, Brazil",BR,BR20,-8.05,-45.25,-679437,4,"Volta Grande, Piauhy, Brazil",BR,BR20,-8.05,-45.25,-679437,4,"Volta Grande, Piauhy, Brazil",BR,BR20,-8.05,-45.25,-679437,20240229,https://reporterbrasil.org.br/2024/02/lula-urged-to-cancel-bolsonaros-agreement-with-canadian-mining-company-for-largest-gold-mine-in-the-amazon/
1160971047,20240229,202402,2024,2024.1616,BRA,BRAZIL,BRA,,,,,,,,,,,,,,,,,,0,043,043,04,1,2.8,1,1,1,-3.56652949245542,4,"Belo Monte, Bahia, Brazil",BR,BR05,-13.6667,-40.3167,-629155,0,,,,,,,4,"Ituna, Saskatchewan, Canada",CA,CA11,51.1667,-103.5,-566715,20240229,https://reporterbrasil.org.br/2024/02/lula-urged-to-cancel-bolsonaros-agreement-with-canadian-mining-company-for-largest-gold-mine-in-the-amazon/
1160971049,20240229,202402,2024,2024.1616,BRA,BRAZIL,BRA,,,,,,,,CAN,CANADA,CAN,,,,,,,,0,043,043,04,1,2.8,2,1,2,-3.56652949245542,4,"Belo Monte, Bahia, Brazil",BR,BR05,-13.6667,-40.3167,-629155,4,"Ituna, Saskatchewan, Canada",CA,CA11,51.1667,-103.5,-566715,4,"Ituna, Saskatchewan, Canada",CA,CA11,51.1667,-103.5,-566715,20240229,https://reporterbrasil.org.br/2024/02/lula-urged-to-cancel-bolsonaros-agreement-with-canadian-mining-company-for-largest-gold-mine-in-the-amazon/
1160971051,20240229,202402,2024,2024.1616,BRAAGR,BRAZIL,BRA,,,,,AGR,,,OPP,PROTESTER,,,,,,OPP,,,0,036,036,03,1,4.0,2,1,2,-3.56652949245542,4,"Volta Grande, Piauhy, Brazil",BR,BR20,-8.05,-45.25,-679437,4,"Volta Grande, Piauhy, Brazil",BR,BR20,-8.05,-45.25,-679437,4,"Volta Grande, Piauhy, Brazil",BR,BR20,-8.05,-45.25,-679437,20240229,https://reporterbrasil.org.br/2024/02/lula-urged-to-cancel-bolsonaros-agreement-with-canadian-mining-company-for-largest-gold-mine-in-the-amazon/
1160971052,20240229,202402,2024,2024.1616,BRAAGR,BRAZIL,BRA,,,,,AGR,,,OPP,PROTESTER,,,,,,OPP,,,0,040,040,04,1,1.0,2,1,2,-3.56652949245542,4,"Volta Grande, Piauhy, Brazil",BR,BR20,-8.05,-45.25,-679437,4,"Volta Grande, Piauhy, Brazil",BR,BR20,-8.05,-45.25,-679437,4,"Ituna, Saskatchewan, Canada",CA,CA11,51.1667,-103.5,-566715,20240229,https://reporterbrasil.org.br/2024/02/lula-urged-to-cancel-bolsonaros-agreement-with-canadian-mining-company-for-largest-gold-mine-in-the-amazon/
1160971111,20240229,202402,2024,2024.1616,BUS,COMPANY,,,,,,BUS,,,SET,SETTLER,,,,,,SET,,,0,042,042,04,1,1.9,4,1,4,-3.56652949245542,4,"Ituna, Saskatchewan, Canada",CA,CA11,51.1667,-103.5,-566715,4,"Ituna, Saskatchewan, Canada",CA,CA11,51.1667,-103.5,-566715,4,"Ituna, Saskatchewan, Canada",CA,CA11,51.1667,-103.5,-566715,20240229,https://reporterbrasil.org.br/2024/02/lula-urged-to-cancel-bolsonaros-agreement-with-canadian-mining-company-for-largest-gold-mine-in-the-amazon/
1160971112,20240229,202402,2024,2024.1616,BUS,COMPANY,,,,,,BUS,,,SET,SETTLER,,,,,,SET,,,0,042,042,04,1,1.9,6,1,6,-3.56652949245542,4,"Ressaca, Estado de Mato Grosso, Brazil",BR,BR14,-14.7833,-56.5833,-665792,4,"Ressaca, Estado de Mato Grosso, Brazil",BR,BR14,-14.7833,-56.5833,-665792,4,"Ressaca, Estado de Mato Grosso, Brazil",BR,BR14,-14.7833,-56.5833,-665792,20240229,https://reporterbrasil.org.br/2024/02/lula-urged-to-cancel-bolsonaros-agreement-with-canadian-mining-company-for-largest-gold-mine-in-the-amazon/
1160971130,20240229,202402,2024,2024.1616,CAN,CANADA,CAN,,,,,,,,BRA,BRAZIL,BRA,,,,,,,,0,042,042,04,1,1.9,2,1,2,-3.56652949245542,4,"Ituna, Saskatchewan, Canada",CA,CA11,51.1667,-103.5,-566715,4,"Belo Monte, Bahia, Brazil",BR,BR05,-13.6667,-40.3167,-629155,4,"Ituna, Saskatchewan, Canada",CA,CA11,51.1667,-103.5,-566715,20240229,https://reporterbrasil.org.br/2024/02/lula-urged-to-cancel-bolsonaros-agreement-with-canadian-mining-company-for-largest-gold-mine-in-the-amazon/
1160971151,20240229,202402,2024,2024.1616,CAN,CANADA,CAN,,,,,,,,JUD,PUBLIC DEFENDER,,,,,,JUD,,,0,010,010,01,1,0.0,4,1,4,-3.56652949245542,4,"Ituna, Saskatchewan, Canada",CA,CA11,51.1667,-103.5,-566715,4,"Ituna, Saskatchewan, Canada",CA,CA11,51.1667,-103.5,-566715,4,"Ituna, Saskatchewan, Canada",CA,CA11,51.1667,-103.5,-566715,20240229,https://reporterbrasil.org.br/2024/02/lula-urged-to-cancel-bolsonaros-agreement-with-canadian-mining-company-for-largest-gold-mine-in-the-amazon/
1160971152,20240229,202402,2024,2024.1616,CAN,CANADA,CAN,,,,,,,,JUD,PUBLIC DEFENDER,,,,,,JUD,,,0,013,013,01,1,0.4,3,1,3,-3.56652949245542,4,"Ituna, Saskatchewan, Canada",CA,CA11,51.1667,-103.5,-566715,4,"Ituna, Saskatchewan, Canada",CA,CA11,51.1667,-103.5,-566715,4,"Ituna, Saskatchewan, Canada",CA,CA11,51.1667,-103.5,-566715,20240229,https://reporterbrasil.org.br/2024/02/lula-urged-to-cancel-bolsonaros-agreement-with-canadian-mining-company-for-largest-gold-mine-in-the-amazon/
1160971153,20240229,202402,2024,2024.1616,CAN,CANADIAN,CAN,,,,,,,,OPP,PROTESTER,,,,,,OPP,,,0,175,175,17,4,-9.0,2,1,2,-3.56652949245542,4,"Ituna, Saskatchewan, Canada",CA,CA11,51.1667,-103.5,-566715,4,"Ituna, Saskatchewan, Canada",CA,CA11,51.1667,-103.5,-566715,4,"Ituna, Saskatchewan, Canada",CA,CA11,51.1667,-103.5,-566715,20240229,https://reporterbrasil.org.br/2024/02/lula-urged-to-cancel-bolsonaros-agreement-with-canadian-mining-company-for-largest-gold-mine-in-the-amazon/
1160971154,20240229,202402,2024,2024.1616,CAN,CANADIAN,CAN,,,,,,,,OPP,PROTESTER,,,,,,OPP,,,0,175,175,17,4,-9.0,3,1,3,-3.56652949245542,4,"Volta Grande, Piauhy, Brazil",BR,BR20,-8.05,-45.25,-679437,4,"Volta Grande, Piauhy, Brazil",BR,BR20,-8.05,-45.25,-679437,4,"Volta Grande, Piauhy, Brazil",BR,BR20,-8.05,-45.25,-679437,20240229,https://reporterbrasil.org.br/2024/02/lula-urged-to-cancel-bolsonaros-agreement-with-canadian-mining-company-for-largest-gold-mine-in-the-amazon/
1160971842,20240229,202402,2024,2024.1616,JUD,PUBLIC DEFENDER,,,,,,JUD,,,,,,,,,,,,,0,016,016,01,1,-2.0,4,1,4,-3.56652949245542,4,"Ituna, Saskatchewan, Canada",CA,CA11,51.1667,-103.5,-566715,0,,,,,,,4,"Ituna, Saskatchewan, Canada",CA,CA11,51.1667,-103.5,-566715,20240229,https://reporterbrasil.org.br/2024/02/lula-urged-to-cancel-bolsonaros-agreement-with-canadian-mining-company-for-largest-gold-mine-in-the-amazon/
1160971843,20240229,202402,2024,2024.1616,JUD,PUBLIC DEFENDER,,,,,,JUD,,,,,,,,,,,,,0,016,016,01,1,-2.0,6,1,6,-3.56652949245542,4,"Ressaca, Estado de Mato Grosso, Brazil",BR,BR14,-14.7833,-56.5833,-665792,0,,,,,,,4,"Ressaca, Estado de Mato Grosso, Brazil",BR,BR14,-14.7833,-56.5833,-665792,20240229,https://reporterbrasil.org.br/2024/02/lula-urged-to-cancel-bolsonaros-agreement-with-canadian-mining-company-for-largest-gold-mine-in-the-amazon/
1160971861,20240229,202402,2024,2024.1616,JUD,PUBLIC DEFENDER,,,,,,JUD,,,SET,SETTLER,,,,,,SET,,,0,042,042,04,1,1.9,2,1,2,-3.56652949245542,4,"Ituna, Saskatchewan, Canada",CA,CA11,51.1667,-103.5,-566715,4,"Ituna, Saskatchewan, Canada",CA,CA11,51.1667,-103.5,-566715,4,"Ituna, Saskatchewan, Canada",CA,CA11,51.1667,-103.5,-566715,20240229,https://reporterbrasil.org.br/2024/02/lula-urged-to-cancel-bolsonaros-agreement-with-canadian-mining-company-for-largest-gold-mine-in-the-amazon/
1160971862,20240229,202402,2024,2024.1616,JUD,PUBLIC DEFENDER,,,,,,JUD,,,SET,SETTLER,,,,,,SET,,,0,042,042,04,1,1.9,4,1,4,-3.56652949245542,4,"Ressaca, Estado de Mato Grosso, Brazil",BR,BR14,-14.7833,-56.5833,-665792,4,"Ituna, Saskatchewan, Canada",CA,CA11,51.1667,-103.5,-566715,4,"Ressaca, Estado de Mato Grosso, Brazil",BR,BR14,-14.7833,-56.5833,-665792,20240229,https://reporterbrasil.org.br/2024/02/lula-urged-to-cancel-bolsonaros-agreement-with-canadian-mining-company-for-largest-gold-mine-in-the-amazon/
1160971863,20240229,202402,2024,2024.1616,JUD,PUBLIC DEFENDER,,,,,,JUD,,,SET,SETTLER,,,,,,SET,,,0,042,042,04,1,1.9,4,1,4,-3.56652949245542,4,"Ressaca, Estado de Mato Grosso, Brazil",BR,BR14,-14.7833,-56.5833,-665792,4,"Ressaca, Estado de Mato Grosso, Brazil",BR,BR14,-14.7833,-56.5833,-665792,4,"Ressaca, Estado de Mato Grosso, Brazil",BR,BR14,-14.7833,-56.5833,-665792,20240229,https://reporterbrasil.org.br/2024/02/lula-urged-to-cancel-bolsonaros-agreement-with-canadian-mining-company-for-largest-gold-mine-in-the-amazon/
1160972173,20240229,202402,2024,2024.1616,OPP,PROTESTER,,,,,,OPP,,,,,,,,,,,,,0,175,175,17,4,-9.0,3,1,3,-3.56652949245542,4,"Volta Grande, Piauhy, Brazil",BR,BR20,-8.05,-45.25,-679437,0,,,,,,,4,"Volta Grande, Piauhy, Brazil",BR,BR20,-8.05,-45.25,-679437,20240229,https://reporterbrasil.org.br/2024/02/lula-urged-to-cancel-bolsonaros-agreement-with-canadian-mining-company-for-largest-gold-mine-in-the-amazon/
1160972174,20240229,202402,2024,2024.1616,OPP,PROTESTER,,,,,,OPP,,,AGR,FARMER,,,,,,AGR,,,0,036,036,03,1,4.0,8,1,8,-3.56652949245542,4,"Volta Grande, Piauhy, Brazil",BR,BR20,-8.05,-45.25,-679437,4,"Volta Grande, Piauhy, Brazil",BR,BR20,-8.05,-45.25,-679437,4,"Volta Grande, Piauhy, Brazil",BR,BR20,-8.05,-45.25,-679437,20240229,https://reporterbrasil.org.br/2024/02/lula-urged-to-cancel-bolsonaros-agreement-with-canadian-mining-company-for-largest-gold-mine-in-the-amazon/
1160972175,20240229,202402,2024,2024.1616,OPP,PROTESTER,,,,,,OPP,,,AGR,FARMER,,,,,,AGR,,,0,040,040,04,1,1.0,2,1,2,-3.56652949245542,4,"Volta Grande, Piauhy, Brazil",BR,BR20,-8.05,-45.25,-679437,4,"Volta Grande, Piauhy, Brazil",BR,BR20,-8.05,-45.25,-679437,4,"Ituna, Saskatchewan, Canada",CA,CA11,51.1667,-103.5,-566715,20240229,https://reporterbrasil.org.br/2024/02/lula-urged-to-cancel-bolsonaros-agreement-with-canadian-mining-company-for-largest-gold-mine-in-the-amazon/
1160972176,20240229,202402,2024,2024.1616,OPP,PROTESTER,,,,,,OPP,,,AGR,FARMER,,,,,,AGR,,,0,040,040,04,1,1.0,6,1,6,-3.56652949245542,4,"Volta Grande, Piauhy, Brazil",BR,BR20,-8.05,-45.25,-679437,4,"Volta Grande, Piauhy, Brazil",BR,BR20,-8.05,-45.25,-679437,4,"Volta Grande, Piauhy, Brazil",BR,BR20,-8.05,-45.25,-679437,20240229,https://reporterbrasil.org.br/2024/02/lula-urged-to-cancel-bolsonaros-agreement-with-canadian-mining-company-for-largest-gold-mine-in-the-amazon/
1160972177,20240229,202402,2024,2024.1616,OPP,PROTESTER,,,,,,OPP,,,BRAAGR,BRAZIL,BRA,,,,,AGR,,,0,036,036,03,1,4.0,2,1,2,-3.56652949245542,4,"Volta Grande, Piauhy, Brazil",BR,BR20,-8.05,-45.25,-679437,4,"Volta Grande, Piauhy, Brazil",BR,BR20,-8.05,-45.25,-679437,4,"Volta Grande, Piauhy, Brazil",BR,BR20,-8.05,-45.25,-679437,20240229,https://reporterbrasil.org.br/2024/02/lula-urged-to-cancel-bolsonaros-agreement-with-canadian-mining-company-for-largest-gold-mine-in-the-amazon/
1160972178,20240229,202402,2024,2024.1616,OPP,PROTESTER,,,,,,OPP,,,BRAAGR,BRAZIL,BRA,,,,,AGR,,,0,040,040,04,1,1.0,2,1,2,-3.56652949245542,4,"Volta Grande, Piauhy, Brazil",BR,BR20,-8.05,-45.25,-679437,4,"Volta Grande, Piauhy, Brazil",BR,BR20,-8.05,-45.25,-679437,4,"Ituna, Saskatchewan, Canada",CA,CA11,51.1667,-103.5,-566715,20240229,https://reporterbrasil.org.br/2024/02/lula-urged-to-cancel-bolsonaros-agreement-with-canadian-mining-company-for-largest-gold-mine-in-the-amazon/
1160972179,20240229,202402,2024,2024.1616,OPP,PROTESTER,,,,,,OPP,,,CAN,CANADIAN,CAN,,,,,,,,0,140,140,14,3,-6.5,2,1,2,-3.56652949245542,4,"Ituna, Saskatchewan, Canada",CA,CA11,51.1667,-103.5,-566715,4,"Ituna, Saskatchewan, Canada",CA,CA11,51.1667,-103.5,-566715,4,"Ituna, Saskatchewan, Canada",CA,CA11,51.1667,-103.5,-566715,20240229,https://reporterbrasil.org.br/2024/02/lula-urged-to-cancel-bolsonaros-agreement-with-canadian-mining-company-for-largest-gold-mine-in-the-amazon/
1160972180,20240229,202402,2024,2024.1616,OPP,PROTESTER,,,,,,OPP,,,CAN,CANADA,CAN,,,,,,,,0,140,140,14,3,-6.5,1,1,1,-3.56652949245542,4,"Volta Grande, Piauhy, Brazil",BR,BR20,-8.05,-45.25,-679437,4,"Ituna, Saskatchewan, Canada",CA,CA11,51.1667,-103.5,-566715,4,"Ituna, Saskatchewan, Canada",CA,CA11,51.1667,-103.5,-566715,20240229,https://reporterbrasil.org.br/2024/02/lula-urged-to-cancel-bolsonaros-agreement-with-canadian-mining-company-for-largest-gold-mine-in-the-amazon/
1160972181,20240229,202402,2024,2024.1616,OPP,PROTESTER,,,,,,OPP,,,CAN,CANADIAN,CAN,,,,,,,,0,140,140,14,3,-6.5,2,1,2,-3.56652949245542,4,"Volta Grande, Piauhy, Brazil",BR,BR20,-8.05,-45.25,-679437,4,"Ituna, Saskatchewan, Canada",CA,CA11,51.1667,-103.5,-566715,4,"Volta Grande, Piauhy, Brazil",BR,BR20,-8.05,-45.25,-679437,20240229,https://reporterbrasil.org.br/2024/02/lula-urged-to-cancel-bolsonaros-agreement-with-canadian-mining-company-for-largest-gold-mine-in-the-amazon/
1160972286,20240229,202402,2024,2024.1616,SET,SETTLER,,,,,,SET,,,BUS,COMPANY,,,,,,BUS,,,0,043,043,04,1,2.8,4,1,4,-3.56652949245542,4,"Ituna, Saskatchewan, Canada",CA,CA11,51.1667,-103.5,-566715,4,"Ituna, Saskatchewan, Canada",CA,CA11,51.1667,-103.5,-566715,4,"Ituna, Saskatchewan, Canada",CA,CA11,51.1667,-103.5,-566715,20240229,https://reporterbrasil.org.br/2024/02/lula-urged-to-cancel-bolsonaros-agreement-with-canadian-mining-company-for-largest-gold-mine-in-the-amazon/
1160972287,20240229,202402,2024,2024.1616,SET,SETTLER,,,,,,SET,,,BUS,COMPANY,,,,,,BUS,,,0,043,043,04,1,2.8,6,1,6,-3.56652949245542,4,"Ressaca, Estado de Mato Grosso, Brazil",BR,BR14,-14.7833,-56.5833,-665792,4,"Ressaca, Estado de Mato Grosso, Brazil",BR,BR14,-14.7833,-56.5833,-665792,4,"Ressaca, Estado de Mato Grosso, Brazil",BR,BR14,-14.7833,-56.5833,-665792,20240229,https://reporterbrasil.org.br/2024/02/lula-urged-to-cancel-bolsonaros-agreement-with-canadian-mining-company-for-largest-gold-mine-in-the-amazon/
1160972288,20240229,202402,2024,2024.1616,SET,SETTLER,,,,,,SET,,,BUS,COMPANY,,,,,,BUS,,,0,060,060,06,2,6.0,20,1,10,-3.56652949245542,4,"Ituna, Saskatchewan, Canada",CA,CA11,51.1667,-103.5,-566715,4,"Ituna, Saskatchewan, Canada",CA,CA11,51.1667,-103.5,-566715,4,"Ituna, Saskatchewan, Canada",CA,CA11,51.1667,-103.5,-566715,20240229,https://reporterbrasil.org.br/2024/02/lula-urged-to-cancel-bolsonaros-agreement-with-canadian-mining-company-for-largest-gold-mine-in-the-amazon/
1160972289,20240229,202402,2024,2024.1616,SET,SETTLER,,,,,,SET,,,JUD,PUBLIC DEFENDER,,,,,,JUD,,,0,010,010,01,1,0.0,7,1,7,-3.56652949245542,4,"Ituna, Saskatchewan, Canada",CA,CA11,51.1667,-103.5,-566715,4,"Ituna, Saskatchewan, Canada",CA,CA11,51.1667,-103.5,-566715,4,"Ituna, Saskatchewan, Canada",CA,CA11,51.1667,-103.5,-566715,20240229,https://reporterbrasil.org.br/2024/02/lula-urged-to-cancel-bolsonaros-agreement-with-canadian-mining-company-for-largest-gold-mine-in-the-amazon/
1160972290,20240229,202402,2024,2024.1616,SET,SETTLER,,,,,,SET,,,JUD,PUBLIC DEFENDER,,,,,,JUD,,,0,043,043,04,1,2.8,2,1,2,-3.56652949245542,4,"Ituna, Saskatchewan, Canada",CA,CA11,51.1667,-103.5,-566715,4,"Ituna, Saskatchewan, Canada",CA,CA11,51.1667,-103.5,-566715,4,"Ituna, Saskatchewan, Canada",CA,CA11,51.1667,-103.5,-566715,20240229,https://reporterbrasil.org.br/2024/02/lula-urged-to-cancel-bolsonaros-agreement-with-canadian-mining-company-for-largest-gold-mine-in-the-amazon/
1160972291,20240229,202402,2024,2024.1616,SET,SETTLER,,,,,,SET,,,JUD,PUBLIC DEFENDER,,,,,,JUD,,,0,043,043,04,1,2.8,4,1,4,-3.56652949245542,4,"Ituna, Saskatchewan, Canada",CA,CA11,51.1667,-103.5,-566715,4,"Ressaca, Estado de Mato Grosso, Brazil",BR,BR14,-14.7833,-56.5833,-665792,4,"Ressaca, Estado de Mato Grosso, Brazil",BR,BR14,-14.7833,-56.5833,-665792,20240229,https://reporterbrasil.org.br/2024/02/lula-urged-to-cancel-bolsonaros-agreement-with-canadian-mining-company-for-largest-gold-mine-in-the-amazon/
1160972292,20240229,202402,2024,2024.1616,SET,SETTLER,,,,,,SET,,,JUD,PUBLIC DEFENDER,,,,,,JUD,,,0,043,043,04,1,2.8,4,1,4,-3.56652949245542,4,"Ressaca, Estado de Mato Grosso, Brazil",BR,BR14,-14.7833,-56.5833,-665792,4,"Ressaca, Estado de Mato Grosso, Brazil",BR,BR14,-14.7833,-56.5833,-665792,4,"Ressaca, Estado de Mato Grosso, Brazil",BR,BR14,-14.7833,-56.5833,-665792,20240229,https://reporterbrasil.org.br/2024/02/lula-urged-to-cancel-bolsonaros-agreement-with-canadian-mining-company-for-largest-gold-mine-in-the-amazon/
1160973616,20240229,202402,2024,2024.1616,CAN,CANADIAN,CAN,,,,,,,,CHN,CHINESE,CHN,,,,,,,,1,061,061,06,2,6.4,2,1,2,5.71428571428571,4,"Twin Hills, Western Australia, Australia",AS,AS08,-29.6685,115.364,11459958,4,"Twin Hills, Western Australia, Australia",AS,AS08,-29.6685,115.364,11459958,4,"Twin Hills, Western Australia, Australia",AS,AS08,-29.6685,115.364,11459958,20240229,https://republicofmining.com/2024/02/29/canadian-gold-miner-agrees-to-sell-itself-to-chinese-company-in-possible-test-of-ottawa-policy-by-naimul-karim-financial-post-february-26-2024/
1160973617,20240229,202402,2024,2024.1616,CAN,CANADIAN,CAN,,,,,,,,CHNBUS,CHINESE,CHN,,,,,BUS,,,1,061,061,06,2,6.4,6,1,6,5.71428571428571,4,"Twin Hills, Western Australia, Australia",AS,AS08,-29.6685,115.364,11459958,4,"Twin Hills, Western Australia, Australia",AS,AS08,-29.6685,115.364,11459958,4,"Twin Hills, Western Australia, Australia",AS,AS08,-29.6685,115.364,11459958,20240229,https://republicofmining.com/2024/02/29/canadian-gold-miner-agrees-to-sell-itself-to-chinese-company-in-possible-test-of-ottawa-policy-by-naimul-karim-financial-post-february-26-2024/
1160973629,20240229,202402,2024,2024.1616,CHN,CHINESE,CHN,,,,,,,,CAN,CANADIAN,CAN,,,,,,,,1,061,061,06,2,6.4,2,1,2,5.71428571428571,4,"Xingong, Fujian, China",CH,CH07,25.38,116.153,10999879,4,"Ottawa, Ontario, Canada",CA,CA08,45.4167,-75.7,-570760,4,"Xingong, Fujian, China",CH,CH07,25.38,116.153,10999879,20240229,https://republicofmining.com/2024/02/29/canadian-gold-miner-agrees-to-sell-itself-to-chinese-company-in-possible-test-of-ottawa-policy-by-naimul-karim-financial-post-february-26-2024/
1160973634,20240229,202402,2024,2024.1616,CHNBUS,CHINA,CHN,,,,,BUS,,,CAN,CANADA,CAN,,,,,,,,1,061,061,06,2,6.4,2,1,2,5.71428571428571,4,"Xingong, Fujian, China",CH,CH07,25.38,116.153,10999879,4,"Ottawa, Ontario, Canada",CA,CA08,45.4167,-75.7,-570760,4,"Ottawa, Ontario, Canada",CA,CA08,45.4167,-75.7,-570760,20240229,https://republicofmining.com/2024/02/29/canadian-gold-miner-agrees-to-sell-itself-to-chinese-company-in-possible-test-of-ottawa-policy-by-naimul-karim-financial-post-february-26-2024/
1160973635,20240229,202402,2024,2024.1616,CHNBUS,CHINESE,CHN,,,,,BUS,,,CAN,CANADIAN,CAN,,,,,,,,1,061,061,06,2,6.4,4,1,4,5.71428571428571,4,"Xingong, Fujian, China",CH,CH07,25.38,116.153,10999879,4,"Ottawa, Ontario, Canada",CA,CA08,45.4167,-75.7,-570760,4,"Xingong, Fujian, China",CH,CH07,25.38,116.153,10999879,20240229,https://republicofmining.com/2024/02/29/canadian-gold-miner-agrees-to-sell-itself-to-chinese-company-in-possible-test-of-ottawa-policy-by-naimul-karim-financial-post-february-26-2024/
1160973995,20240229,202402,2024,2024.1616,GOVBUS,NATIONAL BANK,,,,,,GOV,BUS,,CAN,CANADA,CAN,,,,,,,,1,010,010,01,1,0.0,2,1,2,4.96,1,Romania,RO,RO,46,25,RO,4,"Eldorado, Saskatchewan, Canada",CA,CA11,59.55,-108.5,-564133,1,Romania,RO,RO,46,25,RO,20240229,https://www.modernreaders.com/news/2024/02/29/manatuck-hill-partners-llc-purchases-50000-shares-of-eldorado-gold-co-nyseego.html
1160983544,20230301,202303,2023,2023.1671,ISR,ISRAELI,ISR,,,,,,,,,,,,,,,,,,1,010,010,01,1,0.0,3,1,3,0.27855153203343,1,Israel,IS,IS,31.5,34.75,IS,0,,,,,,,1,Israel,IS,IS,31.5,34.75,IS,20240229,https://ny.eater.com/2024/2/29/24086730/goldie-falafel-opens-google-building-manhattan-mike-solomonov-laser-wolf
1160983545,20230301,202303,2023,2023.1671,ISR,ISRAELI,ISR,,,,,,,,USA,UNITED STATES,USA,,,,,,,,1,010,010,01,1,0.0,3,1,3,0.27855153203343,1,Israel,IS,IS,31.5,34.75,IS,2,"New York, United States",US,USNY,42.1497,-74.9384,NY,2,"New York, United States",US,USNY,42.1497,-74.9384,NY,20240229,https://ny.eater.com/2024/2/29/24086730/goldie-falafel-opens-google-building-manhattan-mike-solomonov-laser-wolf
1160983629,20240229,202402,2024,2024.1616,,,,,,,,,,,ESP,SPAIN,ESP,,,,,,,,1,043,043,04,1,2.8,5,1,5,4.46428571428572,0,,,,,,,4,"Costa Del Sol, Spain (general), Spain",SP,SP00,36.6833,-4,-403130,4,"Costa Del Sol, Spain (general), Spain",SP,SP00,36.6833,-4,-403130,20240229,https://www.express.co.uk/news/world/1872449/cost-del-sol-golden-mile
1160983630,20240229,202402,2024,2024.1616,,,,,,,,,,,EUR,EUROPE,EUR,,,,,,,,1,042,042,04,1,1.9,10,1,10,4.46428571428572,0,,,,,,,4,"London, London, City of, United Kingdom",UK,UKH9,51.5,-0.116667,-2601889,4,"London, London, City of, United Kingdom",UK,UKH9,51.5,-0.116667,-2601889,20240229,https://www.express.co.uk/news/world/1872449/cost-del-sol-golden-mile
1160983693,20240229,202402,2024,2024.1616,,,,,,,,,,,USA,BUFFALO,USA,,,,,,,,1,036,036,03,1,4.0,12,1,10,4.7741935483871,0,,,,,,,3,"Buffalo Trace Distillery, Kentucky, United States",US,USKY,38.218,-84.8687,2569520,3,"Buffalo Trace Distillery, Kentucky, United States",US,USKY,38.218,-84.8687,2569520,20240229,https://www.bevnet.com/spirits/2024/sazerac-barrel-select-to-offer-barrel-of-blantons-gold-for-charity-proceeds-benefit-st-jude-childrens-research-hospital
1160983867,20240229,202402,2024,2024.1616,CAN,CANADA,CAN,,,,,,,,,,,,,,,,,,0,080,080,08,2,5.0,16,1,16,-1.17593963113371,4,"Gimli, Manitoba, Canada",CA,CA03,50.6333,-97,-565245,0,,,,,,,4,"Winnipeg, Manitoba, Canada",CA,CA03,49.8833,-97.1667,-576096,20240229,https://winnipegsun.com/opinion/columnists/goldstein-trudeau-tried-to-hide-massive-security-failure-at-winnipeg-biolab/wcm/ec94e7d0-ce02-4315-9a2b-b67f208de0b7
1160983871,20240229,202402,2024,2024.1616,CAN,CANADA,CAN,,,,,,,,,,,,,,,,,,0,112,112,11,3,-2.0,1,1,1,-2.57380772142316,4,"Winnipeg, Manitoba, Canada",CA,CA03,49.8833,-97.1667,-576096,0,,,,,,,2,"Texas, United States",US,USTX,31.106,-97.6475,TX,20240229,https://winnipegsun.com/opinion/columnists/goldstein-trudeau-tried-to-hide-massive-security-failure-at-winnipeg-biolab/wcm/ec94e7d0-ce02-4315-9a2b-b67f208de0b7
1160983872,20240229,202402,2024,2024.1616,CAN,CANADA,CAN,,,,,,,,,,,,,,,,,,0,112,112,11,3,-2.0,1,1,1,-2.57380772142316,2,"Texas, United States",US,USTX,31.106,-97.6475,TX,0,,,,,,,2,"Texas, United States",US,USTX,31.106,-97.6475,TX,20240229,https://winnipegsun.com/opinion/columnists/goldstein-trudeau-tried-to-hide-massive-security-failure-at-winnipeg-biolab/wcm/ec94e7d0-ce02-4315-9a2b-b67f208de0b7
1160983876,20240229,202402,2024,2024.1616,CAN,CANADA,CAN,,,,,,,,BUS,PRODUCER,,,,,,BUS,,,0,010,010,01,1,0.0,2,1,2,6.76691729323308,1,United States,US,US,39.828175,-98.5795,US,1,United States,US,US,39.828175,-98.5795,US,1,United States,US,US,39.828175,-98.5795,US,20240229,https://www.goldseiten.de/artikel/610578--MEG-Energy-announces-President-und-Chief-Executive-Officer-Succession.html
1160983900,20240229,202402,2024,2024.1616,CHN,CHINA,CHN,,,,,,,,,,,,,,,,,,0,015,015,01,1,0.0,1,1,1,-2.57380772142316,2,"Texas, United States",US,USTX,31.106,-97.6475,TX,0,,,,,,,2,"Texas, United States",US,USTX,31.106,-97.6475,TX,20240229,https://winnipegsun.com/opinion/columnists/goldstein-trudeau-tried-to-hide-massive-security-failure-at-winnipeg-biolab/wcm/ec94e7d0-ce02-4315-9a2b-b67f208de0b7
1160984121,20240229,202402,2024,2024.1616,ESP,SPAIN,ESP,,,,,,,,,,,,,,,,,,1,042,042,04,1,1.9,5,1,5,4.46428571428572,4,"Costa Del Sol, Spain (general), Spain",SP,SP00,36.6833,-4,-403130,0,,,,,,,4,"Costa Del Sol, Spain (general), Spain",SP,SP00,36.6833,-4,-403130,20240229,https://www.express.co.uk/news/world/1872449/cost-del-sol-golden-mile
1160984123,20240229,202402,2024,2024.1616,EUR,EUROPE,EUR,,,,,,,,,,,,,,,,,,1,043,043,04,1,2.8,8,1,8,4.46428571428572,4,"Costa Del Sol, Spain (general), Spain",SP,SP00,36.6833,-4,-403130,0,,,,,,,4,"Costa Del Sol, Spain (general), Spain",SP,SP00,36.6833,-4,-403130,20240229,https://www.express.co.uk/news/world/1872449/cost-del-sol-golden-mile
1160984124,20240229,202402,2024,2024.1616,EUR,EUROPE,EUR,,,,,,,,,,,,,,,,,,1,043,043,04,1,2.8,2,1,2,4.46428571428572,4,"Costa Del Sol, Spain (general), Spain",SP,SP00,36.6833,-4,-403130,0,,,,,,,1,United States,US,US,39.828175,-98.5795,US,20240229,https://www.express.co.uk/news/world/1872449/cost-del-sol-golden-mile
1160984351,20240229,202402,2024,2024.1616,IRL,IRELAND,IRL,,,,,,,,USA,LOUISIANA,USA,,,,,,,,0,173,173,17,4,-5.0,2,1,2,4.7741935483871,1,Ireland,EI,EI,53,-8,EI,2,"Louisiana, United States",US,USLA,31.1801,-91.8749,LA,2,"Louisiana, United States",US,USLA,31.1801,-91.8749,LA,20240229,https://www.bevnet.com/spirits/2024/sazerac-barrel-select-to-offer-barrel-of-blantons-gold-for-charity-proceeds-benefit-st-jude-childrens-research-hospital
1160984352,20240229,202402,2024,2024.1616,IRL,IRELAND,IRL,,,,,,,,USA,UNITED STATES,USA,,,,,,,,0,173,173,17,4,-5.0,1,1,1,4.7741935483871,1,United Kingdom,UK,UK,54,-4,UK,2,"Louisiana, United States",US,USLA,31.1801,-91.8749,LA,2,"Louisiana, United States",US,USLA,31.1801,-91.8749,LA,20240229,https://www.bevnet.com/spirits/2024/sazerac-barrel-select-to-offer-barrel-of-blantons-gold-for-charity-proceeds-benefit-st-jude-childrens-research-hospital
1160984364,20240229,202402,2024,2024.1616,ISR,ISRAEL,ISR,,,,,,,,,,,,,,,,,,1,055,055,05,1,7.0,4,1,4,0.27855153203343,1,Israel,IS,IS,31.5,34.75,IS,0,,,,,,,1,Israel,IS,IS,31.5,34.75,IS,20240229,https://ny.eater.com/2024/2/29/24086730/goldie-falafel-opens-google-building-manhattan-mike-solomonov-laser-wolf
1160984380,20240229,202402,2024,2024.1616,ISR,ISRAEL,ISR,,,,,,,,LAB,EMPLOYEE,,,,,,LAB,,,1,051,051,05,1,3.4,2,1,2,0.27855153203343,1,Israel,IS,IS,31.5,34.75,IS,2,"New York, United States",US,USNY,42.1497,-74.9384,NY,1,Israel,IS,IS,31.5,34.75,IS,20240229,https://ny.eater.com/2024/2/29/24086730/goldie-falafel-opens-google-building-manhattan-mike-solomonov-laser-wolf
1160984388,20240229,202402,2024,2024.1616,ISR,ISRAEL,ISR,,,,,,,,PSE,PALESTINE,PSE,,,,,,,,1,051,051,05,1,3.4,4,1,4,0.27855153203343,1,Israel,IS,IS,31.5,34.75,IS,2,"New York, United States",US,USNY,42.1497,-74.9384,NY,2,"New York, United States",US,USNY,42.1497,-74.9384,NY,20240229,https://ny.eater.com/2024/2/29/24086730/goldie-falafel-opens-google-building-manhattan-mike-solomonov-laser-wolf
1160984402,20240229,202402,2024,2024.1616,ISR,ISRAEL,ISR,,,,,,,,USA,UNITED STATES,USA,,,,,,,,1,051,051,05,1,3.4,2,1,2,0.27855153203343,1,Israel,IS,IS,31.5,34.75,IS,2,"New York, United States",US,USNY,42.1497,-74.9384,NY,1,Israel,IS,IS,31.5,34.75,IS,20240229,https://ny.eater.com/2024/2/29/24086730/goldie-falafel-opens-google-building-manhattan-mike-solomonov-laser-wolf
1160984543,20240229,202402,2024,2024.1616,MCOELI,ALBERT,MCO,,,,,ELI,,,,,,,,,,,,,0,051,051,05,1,3.4,6,1,6,4.7741935483871,3,"Buffalo Trace Distillery, Kentucky, United States",US,USKY,38.218,-84.8687,2569520,0,,,,,,,3,"Buffalo Trace Distillery, Kentucky, United States",US,USKY,38.218,-84.8687,2569520,20240229,https://www.bevnet.com/spirits/2024/sazerac-barrel-select-to-offer-barrel-of-blantons-gold-for-charity-proceeds-benefit-st-jude-childrens-research-hospital
1160984544,20240229,202402,2024,2024.1616,MCOELI,ALBERT,MCO,,,,,ELI,,,USA,BUFFALO,USA,,,,,,,,1,036,036,03,1,4.0,8,1,8,4.7741935483871,3,"Buffalo Trace Distillery, Kentucky, United States",US,USKY,38.218,-84.8687,2569520,3,"Buffalo Trace Distillery, Kentucky, United States",US,USKY,38.218,-84.8687,2569520,3,"Buffalo Trace Distillery, Kentucky, United States",US,USKY,38.218,-84.8687,2569520,20240229,https://www.bevnet.com/spirits/2024/sazerac-barrel-select-to-offer-barrel-of-blantons-gold-for-charity-proceeds-benefit-st-jude-childrens-research-hospital
1160984545,20240229,202402,2024,2024.1616,MCOELI,ALBERT,MCO,,,,,ELI,,,USA,UNITED STATES,USA,,,,,,,,0,051,051,05,1,3.4,2,1,2,4.7741935483871,3,"Buffalo Trace Distillery, Kentucky, United States",US,USKY,38.218,-84.8687,2569520,3,"Buffalo Trace Distillery, Kentucky, United States",US,USKY,38.218,-84.8687,2569520,3,"Buffalo Trace Distillery, Kentucky, United States",US,USKY,38.218,-84.8687,2569520,20240229,https://www.bevnet.com/spirits/2024/sazerac-barrel-select-to-offer-barrel-of-blantons-gold-for-charity-proceeds-benefit-st-jude-childrens-research-hospital
1160984619,20240229,202402,2024,2024.1616,NLD,HOLLAND,NLD,,,,,,,,,,,,,,,,,,0,015,015,01,1,0.0,3,1,3,-2.57380772142316,2,"Texas, United States",US,USTX,31.106,-97.6475,TX,0,,,,,,,4,"Winnipeg, Manitoba, Canada",CA,CA03,49.8833,-97.1667,-576096,20240229,https://winnipegsun.com/opinion/columnists/goldstein-trudeau-tried-to-hide-massive-security-failure-at-winnipeg-biolab/wcm/ec94e7d0-ce02-4315-9a2b-b67f208de0b7
1160984621,20240229,202402,2024,2024.1616,NLD,HOLLAND,NLD,,,,,,,,CHN,CHINA,CHN,,,,,,,,0,015,015,01,1,0.0,1,1,1,-2.57380772142316,2,"Texas, United States",US,USTX,31.106,-97.6475,TX,2,"Texas, United States",US,USTX,31.106,-97.6475,TX,2,"Texas, United States",US,USTX,31.106,-97.6475,TX,20240229,https://winnipegsun.com/opinion/columnists/goldstein-trudeau-tried-to-hide-massive-security-failure-at-winnipeg-biolab/wcm/ec94e7d0-ce02-4315-9a2b-b67f208de0b7
1160984668,20240229,202402,2024,2024.1616,PSEOPP,PALESTINE,PSE,,,,,OPP,,,USA,AMERICAN,USA,,,,,,,,1,020,020,02,1,3.0,2,1,2,0.27855153203343,1,Israel,IS,IS,31.5,34.75,IS,1,Israel,IS,IS,31.5,34.75,IS,1,Israel,IS,IS,31.5,34.75,IS,20240229,https://ny.eater.com/2024/2/29/24086730/goldie-falafel-opens-google-building-manhattan-mike-solomonov-laser-wolf
1160984669,20240229,202402,2024,2024.1616,PSEOPP,PALESTINE,PSE,,,,,OPP,,,USA,AMERICAN,USA,,,,,,,,1,020,020,02,1,3.0,2,1,2,0.27855153203343,1,Israel,IS,IS,31.5,34.75,IS,2,"New York, United States",US,USNY,42.1497,-74.9384,NY,2,"New York, United States",US,USNY,42.1497,-74.9384,NY,20240229,https://ny.eater.com/2024/2/29/24086730/goldie-falafel-opens-google-building-manhattan-mike-solomonov-laser-wolf
1160984670,20240229,202402,2024,2024.1616,PSEOPP,PALESTINE,PSE,,,,,OPP,,,USA,AMERICAN,USA,,,,,,,,1,141,141,14,3,-6.5,2,1,2,0.27855153203343,1,Israel,IS,IS,31.5,34.75,IS,1,Israel,IS,IS,31.5,34.75,IS,1,Israel,IS,IS,31.5,34.75,IS,20240229,https://ny.eater.com/2024/2/29/24086730/goldie-falafel-opens-google-building-manhattan-mike-solomonov-laser-wolf
1160984671,20240229,202402,2024,2024.1616,PSEOPP,PALESTINE,PSE,,,,,OPP,,,USA,AMERICAN,USA,,,,,,,,1,141,141,14,3,-6.5,2,1,2,0.27855153203343,2,"New York, United States",US,USNY,42.1497,-74.9384,NY,3,"Philadelphia, Pennsylvania, United States",US,USPA,39.9523,-75.1638,1209052,2,"New York, United States",US,USNY,42.1497,-74.9384,NY,20240229,https://ny.eater.com/2024/2/29/24086730/goldie-falafel-opens-google-building-manhattan-mike-solomonov-laser-wolf
1160984672,20240229,202402,2024,2024.1616,PSEOPP,PALESTINE,PSE,,,,,OPP,,,USAMIL,AMERICAN,USA,,,,,MIL,,,1,020,020,02,1,3.0,6,1,6,0.27855153203343,1,Israel,IS,IS,31.5,34.75,IS,3,"Philadelphia, Pennsylvania, United States",US,USPA,39.9523,-75.1638,1209052,3,"Philadelphia, Pennsylvania, United States",US,USPA,39.9523,-75.1638,1209052,20240229,https://ny.eater.com/2024/2/29/24086730/goldie-falafel-opens-google-building-manhattan-mike-solomonov-laser-wolf
1160984673,20240229,202402,2024,2024.1616,PSEOPP,PALESTINE,PSE,,,,,OPP,,,USAMIL,AMERICAN,USA,,,,,MIL,,,1,141,141,14,3,-6.5,6,1,6,0.27855153203343,1,Israel,IS,IS,31.5,34.75,IS,3,"Philadelphia, Pennsylvania, United States",US,USPA,39.9523,-75.1638,1209052,1,Israel,IS,IS,31.5,34.75,IS,20240229,https://ny.eater.com/2024/2/29/24086730/goldie-falafel-opens-google-building-manhattan-mike-solomonov-laser-wolf
1160984803,20240229,202402,2024,2024.1616,USA,BUFFALO,USA,,,,,,,,,,,,,,,,,,1,036,036,03,1,4.0,12,1,10,4.7741935483871,3,"Buffalo Trace Distillery, Kentucky, United States",US,USKY,38.218,-84.8687,2569520,0,,,,,,,3,"Buffalo Trace Distillery, Kentucky, United States",US,USKY,38.218,-84.8687,2569520,20240229,https://www.bevnet.com/spirits/2024/sazerac-barrel-select-to-offer-barrel-of-blantons-gold-for-charity-proceeds-benefit-st-jude-childrens-research-hospital
1160984811,20240229,202402,2024,2024.1616,USA,UNITED STATES,USA,,,,,,,,,,,,,,,,,,0,051,051,05,1,3.4,2,1,2,4.7741935483871,3,"Buffalo Trace Distillery, Kentucky, United States",US,USKY,38.218,-84.8687,2569520,0,,,,,,,3,"Buffalo Trace Distillery, Kentucky, United States",US,USKY,38.218,-84.8687,2569520,20240229,https://www.bevnet.com/spirits/2024/sazerac-barrel-select-to-offer-barrel-of-blantons-gold-for-charity-proceeds-benefit-st-jude-childrens-research-hospital
1160984823,20240229,202402,2024,2024.1616,USA,LOUISVILLE,USA,,,,,,,,,,,,,,,,,,1,084,084,08,2,7.0,10,1,10,4.7741935483871,1,Canada,CA,CA,60,-96,CA,0,,,,,,,1,Canada,CA,CA,60,-96,CA,20240229,https://www.bevnet.com/spirits/2024/sazerac-barrel-select-to-offer-barrel-of-blantons-gold-for-charity-proceeds-benefit-st-jude-childrens-research-hospital
1160984961,20240229,202402,2024,2024.1616,USA,BUFFALO,USA,,,,,,,,MCOELI,ALBERT,MCO,,,,,ELI,,,1,036,036,03,1,4.0,8,1,8,4.7741935483871,3,"Buffalo Trace Distillery, Kentucky, United States",US,USKY,38.218,-84.8687,2569520,3,"Buffalo Trace Distillery, Kentucky, United States",US,USKY,38.218,-84.8687,2569520,3,"Buffalo Trace Distillery, Kentucky, United States",US,USKY,38.218,-84.8687,2569520,20240229,https://www.bevnet.com/spirits/2024/sazerac-barrel-select-to-offer-barrel-of-blantons-gold-for-charity-proceeds-benefit-st-jude-childrens-research-hospital
1160985842,20240229,202402,2024,2024.1616,BUS,INVESTOR,,,,,,BUS,,,,,,,,,,,,,1,051,051,05,1,3.4,10,2,10,0.868156145631665,4,"Vancouver, British Columbia, Canada",CA,CA02,49.25,-123.133,-575268,0,,,,,,,4,"Vancouver, British Columbia, Canada",CA,CA02,49.25,-123.133,-575268,20240229,https://www.marketscreener.com/quote/stock/WEST-OAK-GOLD-CORP-125884023/news/West-Oak-Announces-Closing-of-Non-Brokered-Private-Placement-46067796/
1160985880,20240229,202402,2024,2024.1616,CAN,VANCOUVER,CAN,,,,,,,,BUS,COMPANY,,,,,,BUS,,,1,045,045,04,1,5.0,10,2,10,0.868156145631665,4,"Vancouver, British Columbia, Canada",CA,CA02,49.25,-123.133,-575268,4,"Vancouver, British Columbia, Canada",CA,CA02,49.25,-123.133,-575268,4,"Vancouver, British Columbia, Canada",CA,CA02,49.25,-123.133,-575268,20240229,https://www.marketscreener.com/quote/stock/WEST-OAK-GOLD-CORP-125884023/news/West-Oak-Announces-Closing-of-Non-Brokered-Private-Placement-46067796/
1160986715,20240229,202402,2024,2024.1616,TCD,CHAD,TCD,,,,,,,,,,,,,,,,,,1,010,010,01,1,0.0,6,1,6,4.20711974110032,2,"Pennsylvania, United States",US,USPA,40.5773,-77.264,PA,0,,,,,,,2,"Pennsylvania, United States",US,USPA,40.5773,-77.264,PA,20240229,https://people.com/rare-gold-lego-bionicle-piece-found-goodwill-sells-18000-8602059
1160986717,20240229,202402,2024,2024.1616,TCD,CHAD,TCD,,,,,,,,USA,UNITED STATES,USA,,,,,,,,1,010,010,01,1,0.0,2,1,2,4.20711974110032,2,"Pennsylvania, United States",US,USPA,40.5773,-77.264,PA,2,"Pennsylvania, United States",US,USPA,40.5773,-77.264,PA,2,"Pennsylvania, United States",US,USPA,40.5773,-77.264,PA,20240229,https://people.com/rare-gold-lego-bionicle-piece-found-goodwill-sells-18000-8602059
