GLOBALEVENTID,SQLDATE,MonthYear,Year,FractionDate,Actor1Code,Actor1Name,Actor1CountryCode,Actor1KnownGroupCode,Actor1EthnicCode,Actor1Religion1Code,Actor1Religion2Code,Actor1Type1Code,Actor1Type2Code,Actor1Type3Code,Actor2Code,Actor2Name,Actor2CountryCode,Actor2KnownGroupCode,Actor2EthnicCode,Actor2Religion1Code,Actor2Religion2Code,Actor2Type1Code,Actor2Type2Code,Actor2Type3Code,IsRootEvent,EventCode,EventBaseCode,EventRootCode,QuadClass,GoldsteinScale,NumMentions,NumSources,NumArticles,AvgTone,Actor1Geo_Type,Actor1Geo_FullName,Actor1Geo_CountryCode,Actor1Geo_ADM1Code,Actor1Geo_Lat,Actor1Geo_Long,Actor1Geo_FeatureID,Actor2Geo_Type,Actor2Geo_FullName,Actor2Geo_CountryCode,Actor2Geo_ADM1Code,Actor2Geo_Lat,Actor2Geo_Long,Actor2Geo_FeatureID,ActionGeo_Type,ActionGeo_FullName,ActionGeo_CountryCode,ActionGeo_ADM1Code,ActionGeo_Lat,ActionGeo_Long,ActionGeo_FeatureID,DATEADDED,SOURCEURL
1178740376,20240530,202405,2024,2024.4110,,,,,,,,,,,MDV,MALE,MDV,,,,,,,,1,043,043,04,1,2.8,6,1,6,5.17970401691332,0,,,,,,,2,"Tennessee, United States",US,USTN,35.7449,-86.7489,TN,2,"Tennessee, United States",US,USTN,35.7449,-86.7489,TN,20240530,https://www.goldderby.com/article/2024/grammys-country-categories-acm-awards/
1178740402,20240530,202405,2024,2024.4110,,,,,,,,,,,NZL,NEW ZEALAND,NZL,,,,,,,,0,015,015,01,1,0.0,3,1,3,-3.13653136531366,0,,,,,,,4,"Slate River, New Zealand (general), New Zealand",NZ,NZ00,-40.75,172.617,-1518157,4,"Slate River, New Zealand (general), New Zealand",NZ,NZ00,-40.75,172.617,-1518157,20240530,https://www.nzherald.co.nz/nz/takaka-man-lands-in-court-after-reporting-gold-mining-equipment-stolen-from-national-park/7NKJYY4745FPPEHJTPYM2B6MXA/
1178740403,20240530,202405,2024,2024.4110,,,,,,,,,,,NZL,NEW ZEALAND,NZL,,,,,,,,0,040,040,04,1,1.0,3,1,3,-3.13653136531366,0,,,,,,,4,"Slate River, New Zealand (general), New Zealand",NZ,NZ00,-40.75,172.617,-1518157,4,"Slate River, New Zealand (general), New Zealand",NZ,NZ00,-40.75,172.617,-1518157,20240530,https://www.nzherald.co.nz/nz/takaka-man-lands-in-court-after-reporting-gold-mining-equipment-stolen-from-national-park/7NKJYY4745FPPEHJTPYM2B6MXA/
1178740455,20240530,202405,2024,2024.4110,,,,,,,,,,,USA,HOUSTON,USA,,,,,,,,1,042,042,04,1,1.9,74,16,72,0.789967902738579,0,,,,,,,3,"Houston, Texas, United States",US,USTX,29.7633,-95.3633,1380948,3,"Houston, Texas, United States",US,USTX,29.7633,-95.3633,1380948,20240530,https://www.goldderby.com/article/2024/grammys-record-of-the-year-trends/
1178740551,20240530,202405,2024,2024.4110,AFR,AFRICA,AFR,,,,,,,,ARE,UNITED ARAB EMIRATES,ARE,,,,,,,,1,061,061,06,2,6.4,20,2,20,-2.19780219780219,1,United Arab Emirates,AE,AE,24,54,AE,1,United Arab Emirates,AE,AE,24,54,AE,1,United Arab Emirates,AE,AE,24,54,AE,20240530,https://www.bloomberg.com/news/articles/2024-05-29/billions-in-african-gold-smuggled-to-uae-yearly-swissaid-says
1178740971,20240530,202405,2024,2024.4110,COP,POLICE,,,,,,COP,,,MED,WRITER,,,,,,MED,,,1,112,112,11,3,-2.0,6,1,6,0.48780487804878,3,"Hollywood, California, United States",US,USCA,34.0983,-118.327,1660757,3,"Hollywood, California, United States",US,USCA,34.0983,-118.327,1660757,3,"Hollywood, California, United States",US,USCA,34.0983,-118.327,1660757,20240530,https://www.goldderby.com/article/2024/riley-keough-under-the-bridge-emmys/
1178740972,20240530,202405,2024,2024.4110,COP,POLICE,,,,,,COP,,,MED,WRITER,,,,,,MED,,,1,190,190,19,4,-10.0,6,1,6,0.48780487804878,3,"Hollywood, California, United States",US,USCA,34.0983,-118.327,1660757,3,"Hollywood, California, United States",US,USCA,34.0983,-118.327,1660757,3,"Hollywood, California, United States",US,USCA,34.0983,-118.327,1660757,20240530,https://www.goldderby.com/article/2024/riley-keough-under-the-bridge-emmys/
1178740984,20240530,202405,2024,2024.4110,COP,POLICE,,,,,,COP,,,USA,UNITED STATES,USA,,,,,,,,1,090,090,09,2,-2.0,2,1,2,0.48780487804878,3,"Hollywood, California, United States",US,USCA,34.0983,-118.327,1660757,3,"Hollywood, California, United States",US,USCA,34.0983,-118.327,1660757,3,"Hollywood, California, United States",US,USCA,34.0983,-118.327,1660757,20240530,https://www.goldderby.com/article/2024/riley-keough-under-the-bridge-emmys/
1178740989,20240530,202405,2024,2024.4110,COP,POLICE,,,,,,COP,,,USA,UNITED STATES,USA,,,,,,,,1,112,112,11,3,-2.0,2,1,2,0.48780487804878,3,"Hollywood, California, United States",US,USCA,34.0983,-118.327,1660757,3,"Hollywood, California, United States",US,USCA,34.0983,-118.327,1660757,3,"Hollywood, California, United States",US,USCA,34.0983,-118.327,1660757,20240530,https://www.goldderby.com/article/2024/riley-keough-under-the-bridge-emmys/
1178740998,20240530,202405,2024,2024.4110,COP,POLICE,,,,,,COP,,,USA,UNITED STATES,USA,,,,,,,,1,190,190,19,4,-10.0,2,1,2,0.48780487804878,3,"Hollywood, California, United States",US,USCA,34.0983,-118.327,1660757,3,"Hollywood, California, United States",US,USCA,34.0983,-118.327,1660757,3,"Hollywood, California, United States",US,USCA,34.0983,-118.327,1660757,20240530,https://www.goldderby.com/article/2024/riley-keough-under-the-bridge-emmys/
1178741001,20240530,202405,2024,2024.4110,COP,POLICE,,,,,,COP,,,USAMED,UNITED STATES,USA,,,,,MED,,,1,112,112,11,3,-2.0,2,1,2,0.48780487804878,3,"Hollywood, California, United States",US,USCA,34.0983,-118.327,1660757,3,"Hollywood, California, United States",US,USCA,34.0983,-118.327,1660757,3,"Hollywood, California, United States",US,USCA,34.0983,-118.327,1660757,20240530,https://www.goldderby.com/article/2024/riley-keough-under-the-bridge-emmys/
1178741408,20240530,202405,2024,2024.4110,GOV,KING,,,,,,GOV,,,CVL,VOTER,,,,,,CVL,,,0,090,090,09,2,-2.0,6,1,6,0.48780487804878,3,"Hollywood, California, United States",US,USCA,34.0983,-118.327,1660757,3,"Hollywood, California, United States",US,USCA,34.0983,-118.327,1660757,3,"Hollywood, California, United States",US,USCA,34.0983,-118.327,1660757,20240530,https://www.goldderby.com/article/2024/riley-keough-under-the-bridge-emmys/
1178741874,20240530,202405,2024,2024.4110,MDV,MALE,MDV,,,,,,,,,,,,,,,,,,1,042,042,04,1,1.9,6,1,6,5.17970401691332,2,"Tennessee, United States",US,USTN,35.7449,-86.7489,TN,0,,,,,,,2,"Tennessee, United States",US,USTN,35.7449,-86.7489,TN,20240530,https://www.goldderby.com/article/2024/grammys-country-categories-acm-awards/
1178741876,20240530,202405,2024,2024.4110,MDV,MALE,MDV,,,,,,,,USA,UNITED STATES,USA,,,,,,,,1,042,042,04,1,1.9,4,1,4,5.17970401691332,2,"Tennessee, United States",US,USTN,35.7449,-86.7489,TN,2,"Tennessee, United States",US,USTN,35.7449,-86.7489,TN,2,"Tennessee, United States",US,USTN,35.7449,-86.7489,TN,20240530,https://www.goldderby.com/article/2024/grammys-country-categories-acm-awards/
1178742038,20240530,202405,2024,2024.4110,NZL,NEW ZEALAND,NZL,,,,,,,,,,,,,,,,,,0,010,010,01,1,0.0,4,1,4,-3.13653136531366,4,"Slate River, New Zealand (general), New Zealand",NZ,NZ00,-40.75,172.617,-1518157,0,,,,,,,4,"Slate River, New Zealand (general), New Zealand",NZ,NZ00,-40.75,172.617,-1518157,20240530,https://www.nzherald.co.nz/nz/takaka-man-lands-in-court-after-reporting-gold-mining-equipment-stolen-from-national-park/7NKJYY4745FPPEHJTPYM2B6MXA/
1178742040,20240530,202405,2024,2024.4110,NZL,NEW ZEALAND,NZL,,,,,,,,,,,,,,,,,,0,040,040,04,1,1.0,3,1,3,-3.13653136531366,4,"Slate River, New Zealand (general), New Zealand",NZ,NZ00,-40.75,172.617,-1518157,0,,,,,,,4,"Slate River, New Zealand (general), New Zealand",NZ,NZ00,-40.75,172.617,-1518157,20240530,https://www.nzherald.co.nz/nz/takaka-man-lands-in-court-after-reporting-gold-mining-equipment-stolen-from-national-park/7NKJYY4745FPPEHJTPYM2B6MXA/
1178742044,20240530,202405,2024,2024.4110,NZL,NEW ZEALAND,NZL,,,,,,,,COP,POLICE,,,,,,COP,,,0,114,114,11,3,-2.0,4,1,4,-3.13653136531366,4,"Slate River, New Zealand (general), New Zealand",NZ,NZ00,-40.75,172.617,-1518157,4,"Slate River, New Zealand (general), New Zealand",NZ,NZ00,-40.75,172.617,-1518157,4,"Slate River, New Zealand (general), New Zealand",NZ,NZ00,-40.75,172.617,-1518157,20240530,https://www.nzherald.co.nz/nz/takaka-man-lands-in-court-after-reporting-gold-mining-equipment-stolen-from-national-park/7NKJYY4745FPPEHJTPYM2B6MXA/
1178742425,20240530,202405,2024,2024.4110,USA,HOUSTON,USA,,,,,,,,,,,,,,,,,,1,043,043,04,1,2.8,73,14,71,0.743541518400955,3,"Houston, Texas, United States",US,USTX,29.7633,-95.3633,1380948,0,,,,,,,3,"Houston, Texas, United States",US,USTX,29.7633,-95.3633,1380948,20240530,https://www.goldderby.com/article/2024/grammys-record-of-the-year-trends/
1178742455,20240530,202405,2024,2024.4110,USA,UNITED STATES,USA,,,,,,,,,,,,,,,,,,1,051,051,05,1,3.4,120,18,91,2.31222314279987,3,"Hollywood, California, United States",US,USCA,34.0983,-118.327,1660757,0,,,,,,,3,"Hollywood, California, United States",US,USCA,34.0983,-118.327,1660757,20240530,https://www.goldderby.com/article/2024/riley-keough-under-the-bridge-emmys/
1178742559,20240530,202405,2024,2024.4110,USA,UNITED STATES,USA,,,,,,,,,,,,,,,,,,1,190,190,19,4,-10.0,35,7,35,0.94316767478534,3,"Hollywood, California, United States",US,USCA,34.0983,-118.327,1660757,0,,,,,,,3,"Hollywood, California, United States",US,USCA,34.0983,-118.327,1660757,20240530,https://www.goldderby.com/article/2024/riley-keough-under-the-bridge-emmys/
1178742656,20240530,202405,2024,2024.4110,USA,UNITED STATES,USA,,,,,,,,CVL,VOTER,,,,,,CVL,,,0,090,090,09,2,-2.0,4,1,4,0.48780487804878,3,"Hollywood, California, United States",US,USCA,34.0983,-118.327,1660757,3,"Hollywood, California, United States",US,USCA,34.0983,-118.327,1660757,3,"Hollywood, California, United States",US,USCA,34.0983,-118.327,1660757,20240530,https://www.goldderby.com/article/2024/riley-keough-under-the-bridge-emmys/
1178742771,20240530,202405,2024,2024.4110,USA,UNITED STATES,USA,,,,,,,,MDV,MALE,MDV,,,,,,,,1,043,043,04,1,2.8,4,1,4,5.17970401691332,2,"Tennessee, United States",US,USTN,35.7449,-86.7489,TN,2,"Tennessee, United States",US,USTN,35.7449,-86.7489,TN,2,"Tennessee, United States",US,USTN,35.7449,-86.7489,TN,20240530,https://www.goldderby.com/article/2024/grammys-country-categories-acm-awards/
1178744596,20240530,202405,2024,2024.4110,GOV,GOVERNMENT,,,,,,GOV,,,,,,,,,,,,,1,090,090,09,2,-2.0,20,2,20,-0.888426125392955,1,"Vietnam, Republic Of",VM,VM,16.166667,107.833333,VM,0,,,,,,,1,"Vietnam, Republic Of",VM,VM,16.166667,107.833333,VM,20240530,https://thoibaotaichinhvietnam.vn/state-commercial-banks-to-directly-sell-gold-to-people-deputy-governor-151859.html
1178746750,20240530,202405,2024,2024.4110,,,,,,,,,,,USA,UNITED STATES,USA,,,,,,,,1,040,040,04,1,1.0,32,5,30,-2.79703036466578,0,,,,,,,2,"Maryland, United States",US,USMD,39.0724,-76.7902,MD,2,"Maryland, United States",US,USMD,39.0724,-76.7902,MD,20240530,https://www.etonline.com/golden-bachelor-alum-susan-noles-claims-this-is-the-real-reason-gerry-turner-and-theresa-nist-split
1178748005,20240530,202405,2024,2024.4110,USA,MARYLAND,USA,,,,,,,,,,,,,,,,,,1,010,010,01,1,0.0,27,7,27,-4.27991119333225,2,"Maryland, United States",US,USMD,39.0724,-76.7902,MD,0,,,,,,,2,"Maryland, United States",US,USMD,39.0724,-76.7902,MD,20240530,https://www.etonline.com/golden-bachelor-alum-susan-noles-claims-this-is-the-real-reason-gerry-turner-and-theresa-nist-split
1178748046,20240530,202405,2024,2024.4110,USA,UNITED STATES,USA,,,,,,,,,,,,,,,,,,1,040,040,04,1,1.0,11,2,11,0.0102154531946533,3,"Charleston, South Carolina, United States",US,USSC,32.7766,-79.9309,1221516,0,,,,,,,3,"Charleston, South Carolina, United States",US,USSC,32.7766,-79.9309,1221516,20240530,https://www.etonline.com/golden-bachelor-alum-susan-noles-claims-this-is-the-real-reason-gerry-turner-and-theresa-nist-split
1178748047,20240530,202405,2024,2024.4110,USA,UNITED STATES,USA,,,,,,,,,,,,,,,,,,1,040,040,04,1,1.0,1,1,1,0.625,3,"Charleston, South Carolina, United States",US,USSC,32.7766,-79.9309,1221516,0,,,,,,,2,"Indiana, United States",US,USIN,39.8647,-86.2604,IN,20240530,https://www.etonline.com/golden-bachelor-alum-susan-noles-claims-this-is-the-real-reason-gerry-turner-and-theresa-nist-split
1178752001,20240530,202405,2024,2024.4110,GOV,GOVERNOR,,,,,,GOV,,,JAM,KINGSTON,JAM,,,,,,,,1,036,036,03,1,4.0,10,1,10,4.34027777777777,0,,,,,,,0,,,,,,,0,,,,,,,20240530,https://www.dailyfreeman.com/2024/05/29/kingston-gets-over-14-million-for-golden-hill-barrel-factory-housing-projects/
1178752193,20240530,202405,2024,2024.4110,JAM,KINGSTON,JAM,,,,,,,,GOV,GOVERNOR,,,,,,GOV,,,1,030,030,03,1,4.0,10,1,10,4.34027777777777,0,,,,,,,0,,,,,,,0,,,,,,,20240530,https://www.dailyfreeman.com/2024/05/29/kingston-gets-over-14-million-for-golden-hill-barrel-factory-housing-projects/
1178752194,20240530,202405,2024,2024.4110,JAM,KINGSTON,JAM,,,,,,,,GOV,GOVERNOR,,,,,,GOV,,,1,036,036,03,1,4.0,10,1,10,4.34027777777777,0,,,,,,,0,,,,,,,0,,,,,,,20240530,https://www.dailyfreeman.com/2024/05/29/kingston-gets-over-14-million-for-golden-hill-barrel-factory-housing-projects/
1178752195,20240530,202405,2024,2024.4110,JAM,KINGSTON,JAM,,,,,,,,GOV,GOVERNOR,,,,,,GOV,,,1,071,071,07,2,7.4,10,1,10,4.34027777777777,0,,,,,,,0,,,,,,,0,,,,,,,20240530,https://www.dailyfreeman.com/2024/05/29/kingston-gets-over-14-million-for-golden-hill-barrel-factory-housing-projects/
1178756177,20240530,202405,2024,2024.4110,BUS,COMPANIES,,,,,,BUS,,,GOV,SOVEREIGN,,,,,,GOV,,,1,071,071,07,2,7.4,35,3,25,2.66162104097961,0,,,,,,,0,,,,,,,0,,,,,,,20240530,https://www.pymnts.com/news/investment-tracker/2024/goldman-sachs-alternatives-raises-largest-loan-partners-fund-since-2008/
1178757521,20240530,202405,2024,2024.4110,,,,,,,,,,,BUS,COMPANIES,,,,,,BUS,,,0,130,130,13,3,-4.4,2,1,2,-0.28275212064091,0,,,,,,,4,"San Juan De Limay, EstelíU, Nicaragua",NU,NU05,13.176,-86.6123,-1114303,4,"Beijing, Beijing, China",CH,CH22,39.9289,116.388,-1898541,20240530,https://havanatimes.org/features/china-seeks-gold-in-nicaragua-receives-13-new-concessions/
1178757523,20240530,202405,2024,2024.4110,,,,,,,,,,,BUS,COMPANIES,,,,,,BUS,,,0,130,130,13,3,-4.4,8,1,8,-0.28275212064091,0,,,,,,,4,"Beijing, Beijing, China",CH,CH22,39.9289,116.388,-1898541,4,"San Juan De Limay, EstelíU, Nicaragua",NU,NU05,13.176,-86.6123,-1114303,20240530,https://havanatimes.org/features/china-seeks-gold-in-nicaragua-receives-13-new-concessions/
1178757600,20240530,202405,2024,2024.4110,,,,,,,,,,,NIC,NICARAGUA,NIC,,,,,,,,0,020,020,02,1,3.0,5,1,5,-0.28275212064091,0,,,,,,,4,"San Juan De Limay, EstelíU, Nicaragua",NU,NU05,13.176,-86.6123,-1114303,4,"San Juan De Limay, EstelíU, Nicaragua",NU,NU05,13.176,-86.6123,-1114303,20240530,https://havanatimes.org/features/china-seeks-gold-in-nicaragua-receives-13-new-concessions/
1178757601,20240530,202405,2024,2024.4110,,,,,,,,,,,NIC,NICARAGUA,NIC,,,,,,,,1,042,042,04,1,1.9,3,1,3,-0.28275212064091,0,,,,,,,4,"Siuna, Atláico Norte, Nicaragua",NU,NU17,13.7332,-84.7773,-1114782,4,"Siuna, Atláico Norte, Nicaragua",NU,NU17,13.7332,-84.7773,-1114782,20240530,https://havanatimes.org/features/china-seeks-gold-in-nicaragua-receives-13-new-concessions/
1178757602,20240530,202405,2024,2024.4110,,,,,,,,,,,NIC,NICARAGUA,NIC,,,,,,,,1,042,042,04,1,1.9,1,1,1,-0.28275212064091,0,,,,,,,4,"Zhong Fu, Jiangxi, China",CH,CH03,28.0076,116.862,10626746,4,"Zhong Fu, Jiangxi, China",CH,CH03,28.0076,116.862,10626746,20240530,https://havanatimes.org/features/china-seeks-gold-in-nicaragua-receives-13-new-concessions/
1178757696,20240530,202405,2024,2024.4110,ARG,ROSARIO,ARG,,,,,,,,CHN,CHINA,CHN,,,,,,,,1,040,040,04,1,1.0,8,1,8,-0.28275212064091,4,"Zhong Fu, Jiangxi, China",CH,CH03,28.0076,116.862,10626746,4,"Zhong Fu, Jiangxi, China",CH,CH03,28.0076,116.862,10626746,4,"Chinandega, Chinandega, Nicaragua",NU,NU03,12.6294,-87.1311,-1110630,20240530,https://havanatimes.org/features/china-seeks-gold-in-nicaragua-receives-13-new-concessions/
1178757828,20240530,202405,2024,2024.4110,CHN,CHINA,CHN,,,,,,,,ARG,ROSARIO,ARG,,,,,,,,1,040,040,04,1,1.0,8,1,8,-0.28275212064091,4,"Zhong Fu, Jiangxi, China",CH,CH03,28.0076,116.862,10626746,4,"Zhong Fu, Jiangxi, China",CH,CH03,28.0076,116.862,10626746,4,"Chinandega, Chinandega, Nicaragua",NU,NU03,12.6294,-87.1311,-1110630,20240530,https://havanatimes.org/features/china-seeks-gold-in-nicaragua-receives-13-new-concessions/
1178757833,20240530,202405,2024,2024.4110,CHN,CHINA,CHN,,,,,,,,NIC,NICARAGUA,NIC,,,,,,,,1,042,042,04,1,1.9,5,1,5,-0.28275212064091,4,"Zhong Fu, Jiangxi, China",CH,CH03,28.0076,116.862,10626746,4,"Siuna, Atláico Norte, Nicaragua",NU,NU17,13.7332,-84.7773,-1114782,4,"Siuna, Atláico Norte, Nicaragua",NU,NU17,13.7332,-84.7773,-1114782,20240530,https://havanatimes.org/features/china-seeks-gold-in-nicaragua-receives-13-new-concessions/
1178757834,20240530,202405,2024,2024.4110,CHN,CHINA,CHN,,,,,,,,NIC,NICARAGUA,NIC,,,,,,,,1,042,042,04,1,1.9,1,1,1,-0.28275212064091,4,"Zhong Fu, Jiangxi, China",CH,CH03,28.0076,116.862,10626746,4,"Zhong Fu, Jiangxi, China",CH,CH03,28.0076,116.862,10626746,4,"Zhong Fu, Jiangxi, China",CH,CH03,28.0076,116.862,10626746,20240530,https://havanatimes.org/features/china-seeks-gold-in-nicaragua-receives-13-new-concessions/
1178757835,20240530,202405,2024,2024.4110,CHN,CHINA,CHN,,,,,,,,NIC,NICARAGUA,NIC,,,,,,,,1,173,173,17,4,-5.0,3,1,3,-0.28275212064091,4,"Zhong Fu, Jiangxi, China",CH,CH03,28.0076,116.862,10626746,4,"Siuna, Atláico Norte, Nicaragua",NU,NU17,13.7332,-84.7773,-1114782,4,"Zhong Fu, Jiangxi, China",CH,CH03,28.0076,116.862,10626746,20240530,https://havanatimes.org/features/china-seeks-gold-in-nicaragua-receives-13-new-concessions/
1178757836,20240530,202405,2024,2024.4110,CHN,CHINA,CHN,,,,,,,,NIC,NICARAGUA,NIC,,,,,,,,1,173,173,17,4,-5.0,1,1,1,-0.28275212064091,4,"Zhong Fu, Jiangxi, China",CH,CH03,28.0076,116.862,10626746,4,"Zhong Fu, Jiangxi, China",CH,CH03,28.0076,116.862,10626746,4,"Zhong Fu, Jiangxi, China",CH,CH03,28.0076,116.862,10626746,20240530,https://havanatimes.org/features/china-seeks-gold-in-nicaragua-receives-13-new-concessions/
1178757837,20240530,202405,2024,2024.4110,CHN,CHINA,CHN,,,,,,,,NICGOV,DANIEL ORTEGA,NIC,,,,,GOV,,,1,040,040,04,1,1.0,10,1,10,-0.28275212064091,4,"San Juan De Limay, EstelíU, Nicaragua",NU,NU05,13.176,-86.6123,-1114303,4,"San Juan De Limay, EstelíU, Nicaragua",NU,NU05,13.176,-86.6123,-1114303,4,"San Juan De Limay, EstelíU, Nicaragua",NU,NU05,13.176,-86.6123,-1114303,20240530,https://havanatimes.org/features/china-seeks-gold-in-nicaragua-receives-13-new-concessions/
1178758211,20240530,202405,2024,2024.4110,GOVBUS,CENTRAL BANK,,,,,,GOV,BUS,,,,,,,,,,,,0,061,061,06,2,6.4,1,1,1,-0.28275212064091,4,"San Juan De Limay, EstelíU, Nicaragua",NU,NU05,13.176,-86.6123,-1114303,0,,,,,,,4,"San Juan De Limay, EstelíU, Nicaragua",NU,NU05,13.176,-86.6123,-1114303,20240530,https://havanatimes.org/features/china-seeks-gold-in-nicaragua-receives-13-new-concessions/
1178758212,20240530,202405,2024,2024.4110,GOVBUS,CENTRAL BANK,,,,,,GOV,BUS,,,,,,,,,,,,0,061,061,06,2,6.4,4,1,4,-0.28275212064091,4,"Beijing, Beijing, China",CH,CH22,39.9289,116.388,-1898541,0,,,,,,,4,"Beijing, Beijing, China",CH,CH22,39.9289,116.388,-1898541,20240530,https://havanatimes.org/features/china-seeks-gold-in-nicaragua-receives-13-new-concessions/
1178758486,20240530,202405,2024,2024.4110,NIC,NICARAGUA,NIC,,,,,,,,,,,,,,,,,,1,043,043,04,1,2.8,3,1,3,-0.28275212064091,4,"Siuna, Atláico Norte, Nicaragua",NU,NU17,13.7332,-84.7773,-1114782,0,,,,,,,4,"Siuna, Atláico Norte, Nicaragua",NU,NU17,13.7332,-84.7773,-1114782,20240530,https://havanatimes.org/features/china-seeks-gold-in-nicaragua-receives-13-new-concessions/
1178758487,20240530,202405,2024,2024.4110,NIC,NICARAGUA,NIC,,,,,,,,,,,,,,,,,,1,043,043,04,1,2.8,1,1,1,-0.28275212064091,4,"Zhong Fu, Jiangxi, China",CH,CH03,28.0076,116.862,10626746,0,,,,,,,4,"Zhong Fu, Jiangxi, China",CH,CH03,28.0076,116.862,10626746,20240530,https://havanatimes.org/features/china-seeks-gold-in-nicaragua-receives-13-new-concessions/
1178758488,20240530,202405,2024,2024.4110,NIC,NICARAGUA,NIC,,,,,,,,CHN,CHINA,CHN,,,,,,,,1,043,043,04,1,2.8,5,1,5,-0.28275212064091,4,"Siuna, Atláico Norte, Nicaragua",NU,NU17,13.7332,-84.7773,-1114782,4,"Zhong Fu, Jiangxi, China",CH,CH03,28.0076,116.862,10626746,4,"Siuna, Atláico Norte, Nicaragua",NU,NU17,13.7332,-84.7773,-1114782,20240530,https://havanatimes.org/features/china-seeks-gold-in-nicaragua-receives-13-new-concessions/
1178758489,20240530,202405,2024,2024.4110,NIC,NICARAGUA,NIC,,,,,,,,CHN,CHINA,CHN,,,,,,,,1,043,043,04,1,2.8,1,1,1,-0.28275212064091,4,"Zhong Fu, Jiangxi, China",CH,CH03,28.0076,116.862,10626746,4,"Zhong Fu, Jiangxi, China",CH,CH03,28.0076,116.862,10626746,4,"Zhong Fu, Jiangxi, China",CH,CH03,28.0076,116.862,10626746,20240530,https://havanatimes.org/features/china-seeks-gold-in-nicaragua-receives-13-new-concessions/
1178758490,20240530,202405,2024,2024.4110,NICGOV,DANIEL ORTEGA,NIC,,,,,GOV,,,CHN,CHINA,CHN,,,,,,,,1,040,040,04,1,1.0,6,1,6,-0.28275212064091,4,"Chinandega, Chinandega, Nicaragua",NU,NU03,12.6294,-87.1311,-1110630,4,"Zhong Fu, Jiangxi, China",CH,CH03,28.0076,116.862,10626746,4,"Chinandega, Chinandega, Nicaragua",NU,NU03,12.6294,-87.1311,-1110630,20240530,https://havanatimes.org/features/china-seeks-gold-in-nicaragua-receives-13-new-concessions/
1178758491,20240530,202405,2024,2024.4110,NICGOV,DANIEL ORTEGA,NIC,,,,,GOV,,,CHN,CHINA,CHN,,,,,,,,1,040,040,04,1,1.0,4,1,4,-0.28275212064091,4,"Zhong Fu, Jiangxi, China",CH,CH03,28.0076,116.862,10626746,4,"Zhong Fu, Jiangxi, China",CH,CH03,28.0076,116.862,10626746,4,"Chinandega, Chinandega, Nicaragua",NU,NU03,12.6294,-87.1311,-1110630,20240530,https://havanatimes.org/features/china-seeks-gold-in-nicaragua-receives-13-new-concessions/
1178762109,20240530,202405,2024,2024.4110,,,,,,,,,,,AFR,AFRICA,AFR,,,,,,,,0,061,061,06,2,6.4,3,1,3,2.07182320441989,0,,,,,,,1,Switzerland,SZ,SZ,47,8,SZ,1,Switzerland,SZ,SZ,47,8,SZ,20240530,https://www.asiaone.com/world/gold-worth-tens-billions-smuggled-uae-each-year
1178762110,20240530,202405,2024,2024.4110,,,,,,,,,,,AFR,AFRICA,AFR,,,,,,,,0,061,061,06,2,6.4,2,1,2,2.07182320441989,0,,,,,,,1,United States,US,US,39.828175,-98.5795,US,1,United States,US,US,39.828175,-98.5795,US,20240530,https://www.asiaone.com/world/gold-worth-tens-billions-smuggled-uae-each-year
1178762319,20240530,202405,2024,2024.4110,AFR,AFRICA,AFR,,,,,,,,,,,,,,,,,,1,061,061,06,2,6.4,144,16,144,2.35659499549185,1,Switzerland,SZ,SZ,47,8,SZ,0,,,,,,,1,Switzerland,SZ,SZ,47,8,SZ,20240530,https://www.asiaone.com/world/gold-worth-tens-billions-smuggled-uae-each-year
1178762320,20240530,202405,2024,2024.4110,AFR,AFRICA,AFR,,,,,,,,,,,,,,,,,,0,061,061,06,2,6.4,46,8,46,2.21882358138312,1,United States,US,US,39.828175,-98.5795,US,0,,,,,,,1,United States,US,US,39.828175,-98.5795,US,20240530,https://www.asiaone.com/world/gold-worth-tens-billions-smuggled-uae-each-year
1178765945,20240530,202405,2024,2024.4110,,,,,,,,,,,ARE,DUBAI,ARE,,,,,,,,1,042,042,04,1,1.9,99,17,99,4.29461792538692,0,,,,,,,4,"Dubai, Dubayy, United Arab Emirates",AE,AE03,25.2522,55.28,-782831,4,"Dubai, Dubayy, United Arab Emirates",AE,AE03,25.2522,55.28,-782831,20240530,https://www.macaubusiness.com/smuggling-of-african-gold-on-the-rise-ngo/
1178766078,20240530,202405,2024,2024.4110,,,,,,,,,,,USA,GOLDEN STATE,USA,,,,,,,,1,042,042,04,1,1.9,10,1,10,4.99168053244593,0,,,,,,,3,"Harrison High School, New Jersey, United States",US,USNJ,40.7473,-74.1538,883402,3,"Harrison High School, New Jersey, United States",US,USNJ,40.7473,-74.1538,883402,20240530,https://www.theobserver.com/2024/05/29/harrison-hss-pardhav-travels-to-the-golden-state-for-international-deca-competition/
1178766119,20240530,202405,2024,2024.4110,ARE,DUBAI,ARE,,,,,,,,,,,,,,,,,,1,043,043,04,1,2.8,99,17,99,4.29461792538692,4,"Dubai, Dubayy, United Arab Emirates",AE,AE03,25.2522,55.28,-782831,0,,,,,,,4,"Dubai, Dubayy, United Arab Emirates",AE,AE03,25.2522,55.28,-782831,20240530,https://www.macaubusiness.com/smuggling-of-african-gold-on-the-rise-ngo/
1178766160,20240530,202405,2024,2024.4110,BUS,COMPANY,,,,,,BUS,,,,,,,,,,,,,1,010,010,01,1,0.0,10,1,10,4.69255663430421,4,"North Island, New Zealand (general), New Zealand",NZ,NZ00,-39,176,-1514775,0,,,,,,,4,"North Island, New Zealand (general), New Zealand",NZ,NZ00,-39,176,-1514775,20240530,https://www.juniorminingnetwork.com/~jmn/junior-miner-news/press-releases/3326-cse/rua/161291-rua-gold-commences-exploration-program-at-the-glamorgan-project-on-the-north-island-of-new-zealand.html
1178766167,20240530,202405,2024,2024.4110,BUS,COMPANY,,,,,,BUS,,,,,,,,,,,,,0,013,013,01,1,0.4,10,1,10,4.40344403444035,4,"Toronto, Ontario, Canada",CA,CA08,43.6667,-79.4167,-574890,0,,,,,,,4,"Toronto, Ontario, Canada",CA,CA08,43.6667,-79.4167,-574890,20240530,https://www.juniorminingnetwork.com/~jmn/junior-miner-news/press-releases/862-tsx/tml/160112-treasury-metals-and-blackwolf-to-create-new-growth-focused-north-american-gold-platform.html
1178766173,20240530,202405,2024,2024.4110,BUS,INVESTOR,,,,,,BUS,,,,,,,,,,,,,0,033,033,03,1,5.2,10,1,10,3.32012827768345,2,"Nevada, United States",US,USNV,38.4199,-117.122,NV,0,,,,,,,2,"Nevada, United States",US,USNV,38.4199,-117.122,NV,20240530,https://www.juniorminingnetwork.com/~jmn/junior-miner-news/press-releases/2960-tsx/gmin/159429-g-mining-ventures-and-reunion-gold-announce-combination-to-set-the-stage-for-a-leading-intermediate-gold-producer-in-the-americas.html
1178766188,20240530,202405,2024,2024.4110,BUS,INDUSTRY,,,,,,BUS,,,,,,,,,,,,,0,110,110,11,3,-2.0,10,1,10,2.17697990865758,4,"North Vancouver, British Columbia, Canada",CA,CA02,49.3167,-123.067,-570375,0,,,,,,,4,"North Vancouver, British Columbia, Canada",CA,CA02,49.3167,-123.067,-570375,20240530,https://www.juniorminingnetwork.com/~jmn/junior-miner-news/press-releases/2643-tsx-venture/vzla/161224-vizsla-silver-reports-several-multi-kilo-silver-and-gold-intercepts-along-napoleon-vein-system.html
1178766192,20240530,202405,2024,2024.4110,BUS,INVESTOR,,,,,,BUS,,,,,,,,,,,,,1,130,130,13,3,-4.4,110,13,110,0.0240764819256236,1,United States,US,US,39.828175,-98.5795,US,0,,,,,,,1,United States,US,US,39.828175,-98.5795,US,20240530,https://www.juniorminingnetwork.com/~jmn/junior-miner-news/press-releases/2643-tsx-venture/vzla/161224-vizsla-silver-reports-several-multi-kilo-silver-and-gold-intercepts-along-napoleon-vein-system.html
1178766236,20240530,202405,2024,2024.4110,CAN,ONTARIO,CAN,,,,,,,,,,,,,,,,,,1,051,051,05,1,3.4,8,1,8,4.40344403444035,4,"Toronto, Ontario, Canada",CA,CA08,43.6667,-79.4167,-574890,0,,,,,,,2,"Alaska, United States",US,USAK,61.385,-152.268,AK,20240530,https://www.juniorminingnetwork.com/~jmn/junior-miner-news/press-releases/862-tsx/tml/160112-treasury-metals-and-blackwolf-to-create-new-growth-focused-north-american-gold-platform.html
1178766237,20240530,202405,2024,2024.4110,CAN,ONTARIO,CAN,,,,,,,,,,,,,,,,,,1,051,051,05,1,3.4,2,1,2,4.40344403444035,2,"Alaska, United States",US,USAK,61.385,-152.268,AK,0,,,,,,,2,"Alaska, United States",US,USAK,61.385,-152.268,AK,20240530,https://www.juniorminingnetwork.com/~jmn/junior-miner-news/press-releases/862-tsx/tml/160112-treasury-metals-and-blackwolf-to-create-new-growth-focused-north-american-gold-platform.html
1178766250,20240530,202405,2024,2024.4110,CAN,CANADIAN,CAN,,,,,,,,BUS,INDUSTRY,,,,,,BUS,,,0,110,110,11,3,-2.0,6,1,6,2.17697990865758,4,"North Vancouver, British Columbia, Canada",CA,CA02,49.3167,-123.067,-570375,4,"North Vancouver, British Columbia, Canada",CA,CA02,49.3167,-123.067,-570375,4,"North Vancouver, British Columbia, Canada",CA,CA02,49.3167,-123.067,-570375,20240530,https://www.juniorminingnetwork.com/~jmn/junior-miner-news/press-releases/2643-tsx-venture/vzla/161224-vizsla-silver-reports-several-multi-kilo-silver-and-gold-intercepts-along-napoleon-vein-system.html
1178766708,20240530,202405,2024,2024.4110,GOVBUS,SECURITIES AND EXCHANGE COMMISSION,,,,,,GOV,BUS,,CAN,CANADA,CAN,,,,,,,,0,010,010,01,1,0.0,10,1,10,3.84985563041386,4,"Castle Mountain, British Columbia, Canada",CA,CA02,56.8667,-132.117,-562305,4,"Castle Mountain, British Columbia, Canada",CA,CA02,56.8667,-132.117,-562305,4,"Castle Mountain, British Columbia, Canada",CA,CA02,56.8667,-132.117,-562305,20240530,https://www.juniorminingnetwork.com/~jmn/junior-miner-news/press-releases/1158-tsx/eqx/159550-equinox-gold-consolidates-ownership-of-the-greenstone-gold-mine-arranges-term-loan-and-bought-deal-equity-financing.html
1178766709,20240530,202405,2024,2024.4110,GOVBUS,SECURITIES AND EXCHANGE COMMISSION,,,,,,GOV,BUS,,USA,UNITED STATES,USA,,,,,,,,0,010,010,01,1,0.0,4,1,4,3.84985563041386,4,"Quebec, Quebec, Canada",CA,CA10,47.5,-72,-571850,4,"Quebec, Quebec, Canada",CA,CA10,47.5,-72,-571850,4,"Quebec, Quebec, Canada",CA,CA10,47.5,-72,-571850,20240530,https://www.juniorminingnetwork.com/~jmn/junior-miner-news/press-releases/1158-tsx/eqx/159550-equinox-gold-consolidates-ownership-of-the-greenstone-gold-mine-arranges-term-loan-and-bought-deal-equity-financing.html
1178766710,20240530,202405,2024,2024.4110,GOVBUS,SECURITIES AND EXCHANGE COMMISSION,,,,,,GOV,BUS,,USA,UNITED STATES,USA,,,,,,,,0,010,010,01,1,0.0,6,1,6,3.84985563041386,4,"Quebec, Quebec, Canada",CA,CA10,47.5,-72,-571850,2,"New York, United States",US,USNY,42.1497,-74.9384,NY,4,"Quebec, Quebec, Canada",CA,CA10,47.5,-72,-571850,20240530,https://www.juniorminingnetwork.com/~jmn/junior-miner-news/press-releases/1158-tsx/eqx/159550-equinox-gold-consolidates-ownership-of-the-greenstone-gold-mine-arranges-term-loan-and-bought-deal-equity-financing.html
1178767054,20240530,202405,2024,2024.4110,MNCUSA,GOLDMAN SACHS,USA,,,,,MNC,,,,,,,,,,,,,0,010,010,01,1,0.0,10,1,10,1.38888888888889,1,Canada,CA,CA,60,-96,CA,0,,,,,,,1,Canada,CA,CA,60,-96,CA,20240530,https://www.dailypolitical.com/2024/05/29/roundview-capital-llc-reduces-holdings-in-the-goldman-sachs-group-inc-nysegs.html
1178767056,20240530,202405,2024,2024.4110,MNCUSA,GOLDMAN SACHS,USA,,,,,MNC,,,BUS,CORPORATION,,,,,,BUS,,,1,071,071,07,2,7.4,5,1,5,1.38888888888889,1,Canada,CA,CA,60,-96,CA,1,Canada,CA,CA,60,-96,CA,1,Canada,CA,CA,60,-96,CA,20240530,https://www.dailypolitical.com/2024/05/29/roundview-capital-llc-reduces-holdings-in-the-goldman-sachs-group-inc-nysegs.html
1178767259,20240530,202405,2024,2024.4110,USA,GOLDEN STATE,USA,,,,,,,,,,,,,,,,,,1,043,043,04,1,2.8,10,1,10,4.99168053244593,3,"Harrison High School, New Jersey, United States",US,USNJ,40.7473,-74.1538,883402,0,,,,,,,3,"Harrison High School, New Jersey, United States",US,USNJ,40.7473,-74.1538,883402,20240530,https://www.theobserver.com/2024/05/29/harrison-hss-pardhav-travels-to-the-golden-state-for-international-deca-competition/
1178770913,20240530,202405,2024,2024.4110,ARE,UNITED ARAB EMIRATES,ARE,,,,,,,,GOV,CUSTOMS OFFICIAL,,,,,,GOV,,,1,043,043,04,1,2.8,2,1,2,0,4,"Delhi, Delhi, India",IN,IN07,28.6667,77.2167,-2094230,4,"Dubai, Dubayy, United Arab Emirates",AE,AE03,25.2522,55.28,-782831,4,"Delhi, Delhi, India",IN,IN07,28.6667,77.2167,-2094230,20240530,https://www.dnaindia.com/india/report-shashi-tharoor-s-personal-assistant-detained-at-delhi-airport-accused-of-smuggling-gold-from-dubai-3091211
1178770914,20240530,202405,2024,2024.4110,ARE,UNITED ARAB EMIRATES,ARE,,,,,,,,GOV,CUSTOMS OFFICIAL,,,,,,GOV,,,1,043,043,04,1,2.8,2,1,2,0,4,"Dubai, Dubayy, United Arab Emirates",AE,AE03,25.2522,55.28,-782831,4,"Dubai, Dubayy, United Arab Emirates",AE,AE03,25.2522,55.28,-782831,4,"Delhi, Delhi, India",IN,IN07,28.6667,77.2167,-2094230,20240530,https://www.dnaindia.com/india/report-shashi-tharoor-s-personal-assistant-detained-at-delhi-airport-accused-of-smuggling-gold-from-dubai-3091211
1178770916,20240530,202405,2024,2024.4110,ARE,DUBAI,ARE,,,,,,,,IND,DELHI,IND,,,,,,,,1,042,042,04,1,1.9,5,2,5,-0.91277890466531,4,"Dubai, Dubayy, United Arab Emirates",AE,AE03,25.2522,55.28,-782831,4,"Delhi, Delhi, India",IN,IN07,28.6667,77.2167,-2094230,4,"Delhi, Delhi, India",IN,IN07,28.6667,77.2167,-2094230,20240530,https://www.dnaindia.com/india/report-shashi-tharoor-s-personal-assistant-detained-at-delhi-airport-accused-of-smuggling-gold-from-dubai-3091211
1178770917,20240530,202405,2024,2024.4110,ARE,UNITED ARAB EMIRATES,ARE,,,,,,,,IND,DELHI,IND,,,,,,,,1,043,043,04,1,2.8,2,1,2,0,4,"Delhi, Delhi, India",IN,IN07,28.6667,77.2167,-2094230,4,"Delhi, Delhi, India",IN,IN07,28.6667,77.2167,-2094230,4,"Delhi, Delhi, India",IN,IN07,28.6667,77.2167,-2094230,20240530,https://www.dnaindia.com/india/report-shashi-tharoor-s-personal-assistant-detained-at-delhi-airport-accused-of-smuggling-gold-from-dubai-3091211
1178770918,20240530,202405,2024,2024.4110,ARE,UNITED ARAB EMIRATES,ARE,,,,,,,,IND,DELHI,IND,,,,,,,,1,043,043,04,1,2.8,2,1,2,0,4,"Dubai, Dubayy, United Arab Emirates",AE,AE03,25.2522,55.28,-782831,4,"Delhi, Delhi, India",IN,IN07,28.6667,77.2167,-2094230,4,"Delhi, Delhi, India",IN,IN07,28.6667,77.2167,-2094230,20240530,https://www.dnaindia.com/india/report-shashi-tharoor-s-personal-assistant-detained-at-delhi-airport-accused-of-smuggling-gold-from-dubai-3091211
1178771291,20240530,202405,2024,2024.4110,GOV,CUSTOMS OFFICIAL,,,,,,GOV,,,ARE,UNITED ARAB EMIRATES,ARE,,,,,,,,1,042,042,04,1,1.9,2,1,2,0,4,"Dubai, Dubayy, United Arab Emirates",AE,AE03,25.2522,55.28,-782831,4,"Delhi, Delhi, India",IN,IN07,28.6667,77.2167,-2094230,4,"Delhi, Delhi, India",IN,IN07,28.6667,77.2167,-2094230,20240530,https://www.dnaindia.com/india/report-shashi-tharoor-s-personal-assistant-detained-at-delhi-airport-accused-of-smuggling-gold-from-dubai-3091211
1178771292,20240530,202405,2024,2024.4110,GOV,CUSTOMS OFFICIAL,,,,,,GOV,,,ARE,UNITED ARAB EMIRATES,ARE,,,,,,,,1,042,042,04,1,1.9,2,1,2,0,4,"Dubai, Dubayy, United Arab Emirates",AE,AE03,25.2522,55.28,-782831,4,"Dubai, Dubayy, United Arab Emirates",AE,AE03,25.2522,55.28,-782831,4,"Delhi, Delhi, India",IN,IN07,28.6667,77.2167,-2094230,20240530,https://www.dnaindia.com/india/report-shashi-tharoor-s-personal-assistant-detained-at-delhi-airport-accused-of-smuggling-gold-from-dubai-3091211
1178771375,20240530,202405,2024,2024.4110,IND,DELHI,IND,,,,,,,,ARE,UNITED ARAB EMIRATES,ARE,,,,,,,,1,042,042,04,1,1.9,2,1,2,0,4,"Delhi, Delhi, India",IN,IN07,28.6667,77.2167,-2094230,4,"Delhi, Delhi, India",IN,IN07,28.6667,77.2167,-2094230,4,"Delhi, Delhi, India",IN,IN07,28.6667,77.2167,-2094230,20240530,https://www.dnaindia.com/india/report-shashi-tharoor-s-personal-assistant-detained-at-delhi-airport-accused-of-smuggling-gold-from-dubai-3091211
1178771376,20240530,202405,2024,2024.4110,IND,DELHI,IND,,,,,,,,ARE,UNITED ARAB EMIRATES,ARE,,,,,,,,1,042,042,04,1,1.9,2,1,2,0,4,"Delhi, Delhi, India",IN,IN07,28.6667,77.2167,-2094230,4,"Dubai, Dubayy, United Arab Emirates",AE,AE03,25.2522,55.28,-782831,4,"Delhi, Delhi, India",IN,IN07,28.6667,77.2167,-2094230,20240530,https://www.dnaindia.com/india/report-shashi-tharoor-s-personal-assistant-detained-at-delhi-airport-accused-of-smuggling-gold-from-dubai-3091211
1178771377,20240530,202405,2024,2024.4110,IND,DELHI,IND,,,,,,,,ARE,DUBAI,ARE,,,,,,,,1,043,043,04,1,2.8,5,2,5,-0.91277890466531,4,"Delhi, Delhi, India",IN,IN07,28.6667,77.2167,-2094230,4,"Dubai, Dubayy, United Arab Emirates",AE,AE03,25.2522,55.28,-782831,4,"Delhi, Delhi, India",IN,IN07,28.6667,77.2167,-2094230,20240530,https://www.dnaindia.com/india/report-shashi-tharoor-s-personal-assistant-detained-at-delhi-airport-accused-of-smuggling-gold-from-dubai-3091211
1178774622,20240530,202405,2024,2024.4110,GOV,CUSTOMS OFFICIAL,,,,,,GOV,,,,,,,,,,,,,1,010,010,01,1,0.0,20,3,20,-2.40286770130002,4,"Dubai, Dubayy, United Arab Emirates",AE,AE03,25.2522,55.28,-782831,0,,,,,,,4,"Dubai, Dubayy, United Arab Emirates",AE,AE03,25.2522,55.28,-782831,20240530,https://timesofindia.indiatimes.com/india/shashi-tharoors-pa-held-by-customs-for-allegedly-smuggling-gold/articleshow/110549109.cms
1178774692,20240530,202405,2024,2024.4110,GOV,MINIST,,,,,,GOV,,,LEG,CONGRESS,,,,,,LEG,,,1,111,111,11,3,-2.0,6,1,6,-0.80321285140562,4,"Delhi, Delhi, India",IN,IN07,28.6667,77.2167,-2094230,4,"Delhi, Delhi, India",IN,IN07,28.6667,77.2167,-2094230,4,"Delhi, Delhi, India",IN,IN07,28.6667,77.2167,-2094230,20240530,https://timesofindia.indiatimes.com/india/shashi-tharoors-pa-held-by-customs-for-allegedly-smuggling-gold/articleshow/110549109.cms
1178774693,20240530,202405,2024,2024.4110,GOV,MINIST,,,,,,GOV,,,LEG,CONGRESS,,,,,,LEG,,,1,111,111,11,3,-2.0,4,1,4,-0.80321285140562,4,"Shiv, Rajasthan, India",IN,IN24,26.1833,71.25,-2111141,4,"Dubai, Dubayy, United Arab Emirates",AE,AE03,25.2522,55.28,-782831,4,"Dubai, Dubayy, United Arab Emirates",AE,AE03,25.2522,55.28,-782831,20240530,https://timesofindia.indiatimes.com/india/shashi-tharoors-pa-held-by-customs-for-allegedly-smuggling-gold/articleshow/110549109.cms
1178775067,20240530,202405,2024,2024.4110,PHL,PHILIPPINE,PHL,,,,,,,,,,,,,,,,,,0,090,090,09,2,-2.0,2,1,2,6.65859564164649,4,"Surigao, Surigao, Philippines",RP,RPF9,9.789,125.495,-2454485,0,,,,,,,4,"Surigao, Surigao, Philippines",RP,RPF9,9.789,125.495,-2454485,20240530,https://mb.com.ph/2024/5/30/reuniting-the-surigao-treasure-ayala-museum-and-bsp-s-historic-gold-exhibit
1178778355,20240530,202405,2024,2024.4110,USA,UNITED STATES,USA,,,,,,,,,,,,,,,,,,1,0874,087,08,2,10.0,4,1,4,-0.54945054945055,2,"New Jersey, United States",US,USNJ,40.314,-74.5089,NJ,0,,,,,,,2,"New Jersey, United States",US,USNJ,40.314,-74.5089,NJ,20240530,https://www.mmafighting.com/2024/5/29/24166614/no-bets-barred-will-dustin-poirier-finish-his-story-at-ufc-302-and-claim-lightweight-gold
1178779151,20240530,202405,2024,2024.4110,,,,,,,,,,,AFR,AFRICA,AFR,,,,,,,,0,061,061,06,2,6.4,6,1,6,2.24378411158278,0,,,,,,,1,Tanzania,TZ,TZ,-6,35,TZ,1,Tanzania,TZ,TZ,-6,35,TZ,20240530,https://menafn.com/1108274097/Hidden-Wealth-Swiss-NGO-Maps-Africas-Undeclared-Gold-Flows
1178779169,20240530,202405,2024,2024.4110,,,,,,,,,,,CHE,SWITZERLAND,CHE,,,,,,,,0,061,061,06,2,6.4,4,1,2,2.24378411158278,0,,,,,,,1,Switzerland,SZ,SZ,47,8,SZ,1,Switzerland,SZ,SZ,47,8,SZ,20240530,https://menafn.com/1108274097/Hidden-Wealth-Swiss-NGO-Maps-Africas-Undeclared-Gold-Flows
1178779175,20240530,202405,2024,2024.4110,,,,,,,,,,,CRM,DEALER,,,,,,CRM,,,1,020,020,02,1,3.0,10,1,10,2.24378411158278,0,,,,,,,1,Switzerland,SZ,SZ,47,8,SZ,1,Switzerland,SZ,SZ,47,8,SZ,20240530,https://menafn.com/1108274097/Hidden-Wealth-Swiss-NGO-Maps-Africas-Undeclared-Gold-Flows
1178779350,20240530,202405,2024,2024.4110,BUSELI,INDUSTRY,,,,,,BUS,ELI,,GBR,LONDON,GBR,,,,,,,,0,042,042,04,1,1.9,10,1,10,2.24378411158278,4,"London, London, City of, United Kingdom",UK,UKH9,51.5,-0.116667,-2601889,4,"London, London, City of, United Kingdom",UK,UKH9,51.5,-0.116667,-2601889,4,"London, London, City of, United Kingdom",UK,UKH9,51.5,-0.116667,-2601889,20240530,https://menafn.com/1108274097/Hidden-Wealth-Swiss-NGO-Maps-Africas-Undeclared-Gold-Flows
1178779359,20240530,202405,2024,2024.4110,CHE,SWISS,CHE,,,,,,,,,,,,,,,,,,1,071,071,07,2,7.4,37,3,27,1.15945067093912,1,Switzerland,SZ,SZ,47,8,SZ,0,,,,,,,1,Switzerland,SZ,SZ,47,8,SZ,20240530,https://menafn.com/1108274097/Hidden-Wealth-Swiss-NGO-Maps-Africas-Undeclared-Gold-Flows
1178779360,20240530,202405,2024,2024.4110,CHE,SWISS,CHE,,,,,,,,AFR,AFRICA,AFR,,,,,,,,1,061,061,06,2,6.4,30,3,28,2.66640429777578,1,Switzerland,SZ,SZ,47,8,SZ,1,Switzerland,SZ,SZ,47,8,SZ,1,Switzerland,SZ,SZ,47,8,SZ,20240530,https://menafn.com/1108274097/Hidden-Wealth-Swiss-NGO-Maps-Africas-Undeclared-Gold-Flows
1178779407,20240530,202405,2024,2024.4110,CRM,SMUGGLER,,,,,,CRM,,,LEG,CONGRESS,,,,,,LEG,,,1,111,111,11,3,-2.0,12,2,12,-0.46048289141192,5,"Kerala, Kerala, India",IN,IN13,10,76.5,-2100307,5,"Kerala, Kerala, India",IN,IN13,10,76.5,-2100307,5,"Kerala, Kerala, India",IN,IN13,10,76.5,-2100307,20240530,https://aninews.in/news/national/general-news/alliance-of-gold-smugglers-rajeev-chandrasekhar-hits-out-at-cpm-congress-after-alleged-aide-of-sashi-tharoor-detained-for-gold-smuggling20240530085005/
1178779408,20240530,202405,2024,2024.4110,CRM,SMUGGLER,,,,,,CRM,,,LEG,CONGRESS,,,,,,LEG,,,1,111,111,11,3,-2.0,3,2,3,-0.46048289141192,4,"Thiruvananthapuram, Kerala, India",IN,IN13,8.50694,76.9569,-2113457,4,"Thiruvananthapuram, Kerala, India",IN,IN13,8.50694,76.9569,-2113457,4,"Thiruvananthapuram, Kerala, India",IN,IN13,8.50694,76.9569,-2113457,20240530,https://aninews.in/news/national/general-news/alliance-of-gold-smugglers-rajeev-chandrasekhar-hits-out-at-cpm-congress-after-alleged-aide-of-sashi-tharoor-detained-for-gold-smuggling20240530085005/
1178779438,20240530,202405,2024,2024.4110,CVL,HUNTER,,,,,,CVL,,,CRM,ORGANIZED CRIME,,,,,,CRM,,,0,051,051,05,1,3.4,6,1,6,2.24378411158278,4,"Paris, France (general), France",FR,FR00,48.8667,2.33333,-1456928,4,"Paris, France (general), France",FR,FR00,48.8667,2.33333,-1456928,4,"Paris, France (general), France",FR,FR00,48.8667,2.33333,-1456928,20240530,https://menafn.com/1108274097/Hidden-Wealth-Swiss-NGO-Maps-Africas-Undeclared-Gold-Flows
1178779502,20240530,202405,2024,2024.4110,FRA,FRANCE,FRA,,,,,,,,CRM,ORGANIZED CRIME,,,,,,CRM,,,0,051,051,05,1,3.4,2,1,2,2.24378411158278,4,"Paris, France (general), France",FR,FR00,48.8667,2.33333,-1456928,4,"Paris, France (general), France",FR,FR00,48.8667,2.33333,-1456928,4,"Paris, France (general), France",FR,FR00,48.8667,2.33333,-1456928,20240530,https://menafn.com/1108274097/Hidden-Wealth-Swiss-NGO-Maps-Africas-Undeclared-Gold-Flows
1178779507,20240530,202405,2024,2024.4110,FRACVL,FRANCE,FRA,,,,,CVL,,,CRM,ORGANIZED CRIME,,,,,,CRM,,,0,051,051,05,1,3.4,2,1,2,2.24378411158278,4,"Paris, France (general), France",FR,FR00,48.8667,2.33333,-1456928,4,"Paris, France (general), France",FR,FR00,48.8667,2.33333,-1456928,4,"Paris, France (general), France",FR,FR00,48.8667,2.33333,-1456928,20240530,https://menafn.com/1108274097/Hidden-Wealth-Swiss-NGO-Maps-Africas-Undeclared-Gold-Flows
1178779522,20240530,202405,2024,2024.4110,GBR,LONDON,GBR,,,,,,,,BUSELI,INDUSTRY,,,,,,BUS,ELI,,0,043,043,04,1,2.8,10,1,10,2.24378411158278,4,"London, London, City of, United Kingdom",UK,UKH9,51.5,-0.116667,-2601889,4,"London, London, City of, United Kingdom",UK,UKH9,51.5,-0.116667,-2601889,4,"London, London, City of, United Kingdom",UK,UKH9,51.5,-0.116667,-2601889,20240530,https://menafn.com/1108274097/Hidden-Wealth-Swiss-NGO-Maps-Africas-Undeclared-Gold-Flows
1178779552,20240530,202405,2024,2024.4110,GOV,AUTHORITIES,,,,,,GOV,,,,,,,,,,,,,1,051,051,05,1,3.4,34,6,34,-1.76604047143118,4,"Shiv, Rajasthan, India",IN,IN24,26.1833,71.25,-2111141,0,,,,,,,4,"Shiv, Rajasthan, India",IN,IN24,26.1833,71.25,-2111141,20240530,https://aninews.in/news/national/general-news/law-must-take-its-own-course-shashi-tharoor-after-customs-detains-his-former-aide-for-smuggling-gold20240530094622/
1178779553,20240530,202405,2024,2024.4110,GOV,AUTHORITIES,,,,,,GOV,,,,,,,,,,,,,1,051,051,05,1,3.4,84,9,84,3.29526686798902,4,"Dubai, Dubayy, United Arab Emirates",AE,AE03,25.2522,55.28,-782831,0,,,,,,,4,"Dubai, Dubayy, United Arab Emirates",AE,AE03,25.2522,55.28,-782831,20240530,https://aninews.in/news/national/general-news/law-must-take-its-own-course-shashi-tharoor-after-customs-detains-his-former-aide-for-smuggling-gold20240530094622/
1178779659,20240530,202405,2024,2024.4110,IND,KERALA,IND,,,,,,,,,,,,,,,,,,1,051,051,05,1,3.4,16,3,16,-0.667250580576108,5,"Kerala, Kerala, India",IN,IN13,10,76.5,-2100307,0,,,,,,,5,"Kerala, Kerala, India",IN,IN13,10,76.5,-2100307,20240530,https://aninews.in/news/national/general-news/alliance-of-gold-smugglers-rajeev-chandrasekhar-hits-out-at-cpm-congress-after-alleged-aide-of-sashi-tharoor-detained-for-gold-smuggling20240530085005/
1178779660,20240530,202405,2024,2024.4110,IND,KERALA,IND,,,,,,,,,,,,,,,,,,0,051,051,05,1,3.4,3,2,3,-0.46048289141192,4,"Thiruvananthapuram, Kerala, India",IN,IN13,8.50694,76.9569,-2113457,0,,,,,,,4,"Thiruvananthapuram, Kerala, India",IN,IN13,8.50694,76.9569,-2113457,20240530,https://aninews.in/news/national/general-news/alliance-of-gold-smugglers-rajeev-chandrasekhar-hits-out-at-cpm-congress-after-alleged-aide-of-sashi-tharoor-detained-for-gold-smuggling20240530085005/
1178780881,20240529,202405,2024,2024.4082,LKA,COLOMBO,LKA,,,,,,,,GOV,STATE MINIST,,,,,,GOV,,,1,172,172,17,4,-5.0,3,1,3,2.11267605633802,4,"Colombo, Western, Sri Lanka",CE,CE36,6.93194,79.8478,-2214877,4,"Colombo, Western, Sri Lanka",CE,CE36,6.93194,79.8478,-2214877,4,"Colombo, Western, Sri Lanka",CE,CE36,6.93194,79.8478,-2214877,20240530,https://www.dailymirror.lk/breaking-news/Jewellers-fined-for-importing-gold-illegally/108-283674
1178780882,20240529,202405,2024,2024.4082,LKA,SRI LANKA,LKA,,,,,,,,GOV,STATE MINIST,,,,,,GOV,,,1,172,172,17,4,-5.0,3,1,3,1.76991150442478,1,Sri Lanka,CE,CE,7,81,CE,1,Sri Lanka,CE,CE,7,81,CE,1,Sri Lanka,CE,CE,7,81,CE,20240530,https://www.dailymirror.lk/print/front-page/Jewellers-fined-for-importing-gold-illegally/238-283667
1178781121,20240530,202405,2024,2024.4110,CAF,CENTRAL AFRICAN,CAF,,,,,,,,,,,,,,,,,,1,010,010,01,1,0.0,10,1,10,3.87931034482759,1,Namibia,WA,WA,-22,17,WA,0,,,,,,,1,Namibia,WA,WA,-22,17,WA,20240530,https://theenterpriseleader.com/2024/05/30/central-african-gold-inc-banc-v-cvebanc-stock-price-up-8-5.html
1178781468,20240530,202405,2024,2024.4110,GOV,STATE MINIST,,,,,,GOV,,,,,,,,,,,,,1,172,172,17,4,-5.0,10,1,10,2.11267605633802,4,"Colombo, Western, Sri Lanka",CE,CE36,6.93194,79.8478,-2214877,0,,,,,,,4,"Colombo, Western, Sri Lanka",CE,CE36,6.93194,79.8478,-2214877,20240530,https://www.dailymirror.lk/breaking-news/Jewellers-fined-for-importing-gold-illegally/108-283674
1178781469,20240530,202405,2024,2024.4110,GOV,STATE MINIST,,,,,,GOV,,,,,,,,,,,,,1,172,172,17,4,-5.0,10,1,10,1.76991150442478,1,Sri Lanka,CE,CE,7,81,CE,0,,,,,,,1,Sri Lanka,CE,CE,7,81,CE,20240530,https://www.dailymirror.lk/print/front-page/Jewellers-fined-for-importing-gold-illegally/238-283667
1178781570,20240530,202405,2024,2024.4110,GUY,GUYANA,GUY,,,,,,,,,,,,,,,,,,1,010,010,01,1,0.0,10,1,10,2.11640211640212,0,,,,,,,0,,,,,,,0,,,,,,,20240530,https://www.themarketsdaily.com/2024/05/30/guyana-goldstrike-cvegya-stock-price-up-25.html
1178781757,20240530,202405,2024,2024.4110,LKA,SRI LANKA,LKA,,,,,,,,,,,,,,,,,,1,172,172,17,4,-5.0,1,1,1,1.76991150442478,1,Sri Lanka,CE,CE,7,81,CE,0,,,,,,,1,Sri Lanka,CE,CE,7,81,CE,20240530,https://www.dailymirror.lk/print/front-page/Jewellers-fined-for-importing-gold-illegally/238-283667
1178782921,20240530,202405,2024,2024.4110,,,,,,,,,,,CHNCVL,CHINA,CHN,,,,,CVL,,,1,043,043,04,1,2.8,2,1,2,0.82758620689655,0,,,,,,,1,China,CH,CH,35,105,CH,1,China,CH,CH,35,105,CH,20240530,https://skift.com/2024/05/30/chinas-golden-week-travel-signals-a-revival-plus-why-u-s-travel-is-still-lagging/
1178783051,20240530,202405,2024,2024.4110,AUT,AUSTRIA,AUT,,,,,,,,CHN,CHINA,CHN,,,,,,,,0,043,043,04,1,2.8,2,1,2,0.82758620689655,1,Austria,AU,AU,47.333333,13.333333,AU,1,China,CH,CH,35,105,CH,1,Austria,AU,AU,47.333333,13.333333,AU,20240530,https://skift.com/2024/05/30/chinas-golden-week-travel-signals-a-revival-plus-why-u-s-travel-is-still-lagging/
1178783052,20240530,202405,2024,2024.4110,AUT,AUSTRIA,AUT,,,,,,,,CHN,CHINA,CHN,,,,,,,,0,043,043,04,1,2.8,2,1,2,0.82758620689655,1,China,CH,CH,35,105,CH,1,China,CH,CH,35,105,CH,1,China,CH,CH,35,105,CH,20240530,https://skift.com/2024/05/30/chinas-golden-week-travel-signals-a-revival-plus-why-u-s-travel-is-still-lagging/
1178783053,20240530,202405,2024,2024.4110,AUT,AUSTRIA,AUT,,,,,,,,TUR,TURKEY,TUR,,,,,,,,0,043,043,04,1,2.8,2,1,2,0.82758620689655,1,Austria,AU,AU,47.333333,13.333333,AU,1,Austria,AU,AU,47.333333,13.333333,AU,1,Austria,AU,AU,47.333333,13.333333,AU,20240530,https://skift.com/2024/05/30/chinas-golden-week-travel-signals-a-revival-plus-why-u-s-travel-is-still-lagging/
1178783054,20240530,202405,2024,2024.4110,AUT,AUSTRIA,AUT,,,,,,,,TUR,TURKEY,TUR,,,,,,,,0,043,043,04,1,2.8,4,1,4,0.82758620689655,1,Austria,AU,AU,47.333333,13.333333,AU,1,Turkey,TU,TU,39.059012,34.911546,TU,1,Austria,AU,AU,47.333333,13.333333,AU,20240530,https://skift.com/2024/05/30/chinas-golden-week-travel-signals-a-revival-plus-why-u-s-travel-is-still-lagging/
1178783063,20240530,202405,2024,2024.4110,BRA,BRAZIL,BRA,,,,,,,,TUR,TURKEY,TUR,,,,,,,,0,043,043,04,1,2.8,2,1,2,0.82758620689655,1,Brazil,BR,BR,-10,-55,BR,1,Austria,AU,AU,47.333333,13.333333,AU,1,Austria,AU,AU,47.333333,13.333333,AU,20240530,https://skift.com/2024/05/30/chinas-golden-week-travel-signals-a-revival-plus-why-u-s-travel-is-still-lagging/
1178783064,20240530,202405,2024,2024.4110,BRA,BRAZIL,BRA,,,,,,,,TUR,TURKEY,TUR,,,,,,,,0,043,043,04,1,2.8,2,1,2,0.82758620689655,1,Brazil,BR,BR,-10,-55,BR,1,Turkey,TU,TU,39.059012,34.911546,TU,1,Austria,AU,AU,47.333333,13.333333,AU,20240530,https://skift.com/2024/05/30/chinas-golden-week-travel-signals-a-revival-plus-why-u-s-travel-is-still-lagging/
1178783072,20240530,202405,2024,2024.4110,BUS,COMPANY,,,,,,BUS,,,,,,,,,,,,,1,071,071,07,2,7.4,10,1,10,1.18483412322274,4,"Committee Bay, Nunavut, Canada",CA,CA14,68.5,-87,-562903,0,,,,,,,4,"Committee Bay, Nunavut, Canada",CA,CA14,68.5,-87,-562903,20240530,https://www.modernreaders.com/news/2024/05/30/fury-gold-mines-limited-nyseamericanfury-sees-significant-increase-in-short-interest.html
1178783110,20240530,202405,2024,2024.4110,CHN,CHINA,CHN,,,,,,,,AUT,AUSTRIA,AUT,,,,,,,,0,042,042,04,1,1.9,1,1,1,0.82758620689655,1,China,CH,CH,35,105,CH,1,Austria,AU,AU,47.333333,13.333333,AU,1,Austria,AU,AU,47.333333,13.333333,AU,20240530,https://skift.com/2024/05/30/chinas-golden-week-travel-signals-a-revival-plus-why-u-s-travel-is-still-lagging/
1178783111,20240530,202405,2024,2024.4110,CHN,CHINA,CHN,,,,,,,,AUT,AUSTRIA,AUT,,,,,,,,0,042,042,04,1,1.9,1,1,1,0.82758620689655,1,China,CH,CH,35,105,CH,1,China,CH,CH,35,105,CH,1,China,CH,CH,35,105,CH,20240530,https://skift.com/2024/05/30/chinas-golden-week-travel-signals-a-revival-plus-why-u-s-travel-is-still-lagging/
1178783112,20240530,202405,2024,2024.4110,CHN,CHINA,CHN,,,,,,,,AUT,AUSTRIA,AUT,,,,,,,,0,042,042,04,1,1.9,1,1,1,0.82758620689655,1,China,CH,CH,35,105,CH,1,China,CH,CH,35,105,CH,1,Hong Kong,HK,HK,22.25,114.166667,HK,20240530,https://skift.com/2024/05/30/chinas-golden-week-travel-signals-a-revival-plus-why-u-s-travel-is-still-lagging/
1178783113,20240530,202405,2024,2024.4110,CHN,CHINA,CHN,,,,,,,,AUT,AUSTRIA,AUT,,,,,,,,0,042,042,04,1,1.9,1,1,1,0.82758620689655,1,China,CH,CH,35,105,CH,1,China,CH,CH,35,105,CH,1,Saudi Arabia,SA,SA,25,45,SA,20240530,https://skift.com/2024/05/30/chinas-golden-week-travel-signals-a-revival-plus-why-u-s-travel-is-still-lagging/
1178783134,20240530,202405,2024,2024.4110,CHNCVL,CHINA,CHN,,,,,CVL,,,,,,,,,,,,,1,042,042,04,1,1.9,1,1,1,0.82758620689655,1,China,CH,CH,35,105,CH,0,,,,,,,1,China,CH,CH,35,105,CH,20240530,https://skift.com/2024/05/30/chinas-golden-week-travel-signals-a-revival-plus-why-u-s-travel-is-still-lagging/
1178783135,20240530,202405,2024,2024.4110,CHNCVL,CHINA,CHN,,,,,CVL,,,,,,,,,,,,,1,042,042,04,1,1.9,1,1,1,0.82758620689655,1,Saudi Arabia,SA,SA,25,45,SA,0,,,,,,,1,Saudi Arabia,SA,SA,25,45,SA,20240530,https://skift.com/2024/05/30/chinas-golden-week-travel-signals-a-revival-plus-why-u-s-travel-is-still-lagging/
1178783255,20240530,202405,2024,2024.4110,EGY,EGYPT,EGY,,,,,,,,TUR,TURKEY,TUR,,,,,,,,0,043,043,04,1,2.8,2,1,2,0.82758620689655,1,Egypt,EG,EG,27,30,EG,1,Turkey,TU,TU,39.059012,34.911546,TU,1,Austria,AU,AU,47.333333,13.333333,AU,20240530,https://skift.com/2024/05/30/chinas-golden-week-travel-signals-a-revival-plus-why-u-s-travel-is-still-lagging/
1178783256,20240530,202405,2024,2024.4110,EGY,EGYPT,EGY,,,,,,,,TUR,TURKEY,TUR,,,,,,,,0,043,043,04,1,2.8,2,1,2,0.82758620689655,2,"Georgia, United States",US,USGA,32.9866,-83.6487,GA,1,Austria,AU,AU,47.333333,13.333333,AU,1,Austria,AU,AU,47.333333,13.333333,AU,20240530,https://skift.com/2024/05/30/chinas-golden-week-travel-signals-a-revival-plus-why-u-s-travel-is-still-lagging/
1178783264,20240530,202405,2024,2024.4110,ESP,SPAIN,ESP,,,,,,,,TUR,TURKEY,TUR,,,,,,,,0,043,043,04,1,2.8,1,1,1,0.82758620689655,1,China,CH,CH,35,105,CH,1,China,CH,CH,35,105,CH,1,United Kingdom,UK,UK,54,-4,UK,20240530,https://skift.com/2024/05/30/chinas-golden-week-travel-signals-a-revival-plus-why-u-s-travel-is-still-lagging/
1178783265,20240530,202405,2024,2024.4110,ESP,SPAIN,ESP,,,,,,,,TUR,TURKEY,TUR,,,,,,,,0,043,043,04,1,2.8,2,1,2,0.82758620689655,1,Egypt,EG,EG,27,30,EG,1,Austria,AU,AU,47.333333,13.333333,AU,1,Austria,AU,AU,47.333333,13.333333,AU,20240530,https://skift.com/2024/05/30/chinas-golden-week-travel-signals-a-revival-plus-why-u-s-travel-is-still-lagging/
1178783266,20240530,202405,2024,2024.4110,ESP,SPAIN,ESP,,,,,,,,TUR,TURKEY,TUR,,,,,,,,0,043,043,04,1,2.8,1,1,1,0.82758620689655,1,Spain,SP,SP,40,-4,SP,1,Spain,SP,SP,40,-4,SP,1,China,CH,CH,35,105,CH,20240530,https://skift.com/2024/05/30/chinas-golden-week-travel-signals-a-revival-plus-why-u-s-travel-is-still-lagging/
1178783267,20240530,202405,2024,2024.4110,ESP,SPAIN,ESP,,,,,,,,TUR,TURKEY,TUR,,,,,,,,0,043,043,04,1,2.8,2,1,2,0.82758620689655,1,Spain,SP,SP,40,-4,SP,1,Turkey,TU,TU,39.059012,34.911546,TU,1,Austria,AU,AU,47.333333,13.333333,AU,20240530,https://skift.com/2024/05/30/chinas-golden-week-travel-signals-a-revival-plus-why-u-s-travel-is-still-lagging/
1178783268,20240530,202405,2024,2024.4110,ESP,SPAIN,ESP,,,,,,,,TUR,TURKEY,TUR,,,,,,,,0,043,043,04,1,2.8,2,1,2,0.82758620689655,1,Spain,SP,SP,40,-4,SP,1,Turkey,TU,TU,39.059012,34.911546,TU,1,China,CH,CH,35,105,CH,20240530,https://skift.com/2024/05/30/chinas-golden-week-travel-signals-a-revival-plus-why-u-s-travel-is-still-lagging/
1178783273,20240530,202405,2024,2024.4110,EUR,EUROPE,EUR,,,,,,,,GBR,UNITED KINGDOM,GBR,,,,,,,,0,042,042,04,1,1.9,3,1,3,0.82758620689655,1,China,CH,CH,35,105,CH,1,China,CH,CH,35,105,CH,1,Saudi Arabia,SA,SA,25,45,SA,20240530,https://skift.com/2024/05/30/chinas-golden-week-travel-signals-a-revival-plus-why-u-s-travel-is-still-lagging/
1178783309,20240530,202405,2024,2024.4110,GBR,UNITED KINGDOM,GBR,,,,,,,,EUR,EUROPE,EUR,,,,,,,,0,043,043,04,1,2.8,1,1,1,0.82758620689655,1,United Kingdom,UK,UK,54,-4,UK,1,Macau,MC,MC,22.157778,113.559722,MC,1,China,CH,CH,35,105,CH,20240530,https://skift.com/2024/05/30/chinas-golden-week-travel-signals-a-revival-plus-why-u-s-travel-is-still-lagging/
1178783310,20240530,202405,2024,2024.4110,GBR,UNITED KINGDOM,GBR,,,,,,,,EUR,EUROPE,EUR,,,,,,,,0,043,043,04,1,2.8,2,1,2,0.82758620689655,1,United Kingdom,UK,UK,54,-4,UK,1,Macau,MC,MC,22.157778,113.559722,MC,1,United Kingdom,UK,UK,54,-4,UK,20240530,https://skift.com/2024/05/30/chinas-golden-week-travel-signals-a-revival-plus-why-u-s-travel-is-still-lagging/
1178783607,20240530,202405,2024,2024.4110,KAZ,KAZAKHSTAN,KAZ,,,,,,,,TUR,TURKEY,TUR,,,,,,,,0,043,043,04,1,2.8,2,1,2,0.82758620689655,1,Kazakhstan,KZ,KZ,48,68,KZ,1,Turkey,TU,TU,39.059012,34.911546,TU,1,Austria,AU,AU,47.333333,13.333333,AU,20240530,https://skift.com/2024/05/30/chinas-golden-week-travel-signals-a-revival-plus-why-u-s-travel-is-still-lagging/
1178783608,20240530,202405,2024,2024.4110,KAZ,KAZAKHSTAN,KAZ,,,,,,,,TUR,TURKEY,TUR,,,,,,,,0,043,043,04,1,2.8,2,1,2,0.82758620689655,1,Spain,SP,SP,40,-4,SP,1,Austria,AU,AU,47.333333,13.333333,AU,1,Austria,AU,AU,47.333333,13.333333,AU,20240530,https://skift.com/2024/05/30/chinas-golden-week-travel-signals-a-revival-plus-why-u-s-travel-is-still-lagging/
1178783718,20240530,202405,2024,2024.4110,MAR,MOROCCO,MAR,,,,,,,,TUR,TURKEY,TUR,,,,,,,,0,043,043,04,1,2.8,2,1,2,0.82758620689655,1,Morocco,MO,MO,32,-5,MO,1,Turkey,TU,TU,39.059012,34.911546,TU,1,Austria,AU,AU,47.333333,13.333333,AU,20240530,https://skift.com/2024/05/30/chinas-golden-week-travel-signals-a-revival-plus-why-u-s-travel-is-still-lagging/
1178783719,20240530,202405,2024,2024.4110,MAR,MOROCCO,MAR,,,,,,,,TUR,TURKEY,TUR,,,,,,,,0,043,043,04,1,2.8,2,1,2,0.82758620689655,1,Turkey,TU,TU,39.059012,34.911546,TU,1,Austria,AU,AU,47.333333,13.333333,AU,1,Austria,AU,AU,47.333333,13.333333,AU,20240530,https://skift.com/2024/05/30/chinas-golden-week-travel-signals-a-revival-plus-why-u-s-travel-is-still-lagging/
1178783762,20240530,202405,2024,2024.4110,MNCCAN,YAMANA GOLD,CAN,,,,,MNC,,,,,,,,,,,,,1,010,010,01,1,0.0,20,2,20,4.71698113207548,1,Argentina,AR,AR,-34,-64,AR,0,,,,,,,1,Argentina,AR,AR,-34,-64,AR,20240530,https://www.modernreaders.com/news/2024/05/30/yamana-gold-lonauy-shares-up-1-1.html
1178783808,20240530,202405,2024,2024.4110,PRT,PORTUGAL,PRT,,,,,,,,TUR,TURKEY,TUR,,,,,,,,0,043,043,04,1,2.8,2,1,2,0.82758620689655,1,Portugal,PO,PO,39.5,-8,PO,1,Turkey,TU,TU,39.059012,34.911546,TU,1,Austria,AU,AU,47.333333,13.333333,AU,20240530,https://skift.com/2024/05/30/chinas-golden-week-travel-signals-a-revival-plus-why-u-s-travel-is-still-lagging/
1178783809,20240530,202405,2024,2024.4110,PRT,PORTUGAL,PRT,,,,,,,,TUR,TURKEY,TUR,,,,,,,,0,043,043,04,1,2.8,2,1,2,0.82758620689655,1,Russia,RS,RS,60,100,RS,1,Austria,AU,AU,47.333333,13.333333,AU,1,Austria,AU,AU,47.333333,13.333333,AU,20240530,https://skift.com/2024/05/30/chinas-golden-week-travel-signals-a-revival-plus-why-u-s-travel-is-still-lagging/
1178783847,20240530,202405,2024,2024.4110,RUS,RUSSIA,RUS,,,,,,,,TUR,TURKEY,TUR,,,,,,,,0,043,043,04,1,2.8,2,1,2,0.82758620689655,1,Morocco,MO,MO,32,-5,MO,1,Austria,AU,AU,47.333333,13.333333,AU,1,Austria,AU,AU,47.333333,13.333333,AU,20240530,https://skift.com/2024/05/30/chinas-golden-week-travel-signals-a-revival-plus-why-u-s-travel-is-still-lagging/
1178783848,20240530,202405,2024,2024.4110,RUS,RUSSIA,RUS,,,,,,,,TUR,TURKEY,TUR,,,,,,,,0,043,043,04,1,2.8,2,1,2,0.82758620689655,1,Russia,RS,RS,60,100,RS,1,Turkey,TU,TU,39.059012,34.911546,TU,1,Austria,AU,AU,47.333333,13.333333,AU,20240530,https://skift.com/2024/05/30/chinas-golden-week-travel-signals-a-revival-plus-why-u-s-travel-is-still-lagging/
1178783880,20240530,202405,2024,2024.4110,TUR,TURKEY,TUR,,,,,,,,AUT,AUSTRIA,AUT,,,,,,,,0,042,042,04,1,1.9,1,1,1,0.82758620689655,1,Austria,AU,AU,47.333333,13.333333,AU,1,Austria,AU,AU,47.333333,13.333333,AU,1,Austria,AU,AU,47.333333,13.333333,AU,20240530,https://skift.com/2024/05/30/chinas-golden-week-travel-signals-a-revival-plus-why-u-s-travel-is-still-lagging/
1178783881,20240530,202405,2024,2024.4110,TUR,TURKEY,TUR,,,,,,,,AUT,AUSTRIA,AUT,,,,,,,,0,042,042,04,1,1.9,3,1,3,0.82758620689655,1,China,CH,CH,35,105,CH,1,China,CH,CH,35,105,CH,1,Saudi Arabia,SA,SA,25,45,SA,20240530,https://skift.com/2024/05/30/chinas-golden-week-travel-signals-a-revival-plus-why-u-s-travel-is-still-lagging/
1178783882,20240530,202405,2024,2024.4110,TUR,TURKEY,TUR,,,,,,,,AUT,AUSTRIA,AUT,,,,,,,,0,042,042,04,1,1.9,2,1,2,0.82758620689655,1,Turkey,TU,TU,39.059012,34.911546,TU,1,Austria,AU,AU,47.333333,13.333333,AU,1,Austria,AU,AU,47.333333,13.333333,AU,20240530,https://skift.com/2024/05/30/chinas-golden-week-travel-signals-a-revival-plus-why-u-s-travel-is-still-lagging/
1178783883,20240530,202405,2024,2024.4110,TUR,TURKEY,TUR,,,,,,,,BRA,BRAZIL,BRA,,,,,,,,0,042,042,04,1,1.9,2,1,2,0.82758620689655,1,Austria,AU,AU,47.333333,13.333333,AU,1,Brazil,BR,BR,-10,-55,BR,1,Austria,AU,AU,47.333333,13.333333,AU,20240530,https://skift.com/2024/05/30/chinas-golden-week-travel-signals-a-revival-plus-why-u-s-travel-is-still-lagging/
1178783884,20240530,202405,2024,2024.4110,TUR,TURKEY,TUR,,,,,,,,BRA,BRAZIL,BRA,,,,,,,,0,042,042,04,1,1.9,2,1,2,0.82758620689655,1,Turkey,TU,TU,39.059012,34.911546,TU,1,Brazil,BR,BR,-10,-55,BR,1,Austria,AU,AU,47.333333,13.333333,AU,20240530,https://skift.com/2024/05/30/chinas-golden-week-travel-signals-a-revival-plus-why-u-s-travel-is-still-lagging/
1178783885,20240530,202405,2024,2024.4110,TUR,TURKEY,TUR,,,,,,,,EGY,EGYPT,EGY,,,,,,,,0,042,042,04,1,1.9,2,1,2,0.82758620689655,1,Austria,AU,AU,47.333333,13.333333,AU,2,"Georgia, United States",US,USGA,32.9866,-83.6487,GA,1,Austria,AU,AU,47.333333,13.333333,AU,20240530,https://skift.com/2024/05/30/chinas-golden-week-travel-signals-a-revival-plus-why-u-s-travel-is-still-lagging/
1178783886,20240530,202405,2024,2024.4110,TUR,TURKEY,TUR,,,,,,,,EGY,EGYPT,EGY,,,,,,,,0,042,042,04,1,1.9,2,1,2,0.82758620689655,1,Turkey,TU,TU,39.059012,34.911546,TU,1,Egypt,EG,EG,27,30,EG,1,Austria,AU,AU,47.333333,13.333333,AU,20240530,https://skift.com/2024/05/30/chinas-golden-week-travel-signals-a-revival-plus-why-u-s-travel-is-still-lagging/
1178783887,20240530,202405,2024,2024.4110,TUR,TURKEY,TUR,,,,,,,,ESP,SPAIN,ESP,,,,,,,,0,042,042,04,1,1.9,2,1,2,0.82758620689655,1,Austria,AU,AU,47.333333,13.333333,AU,1,Egypt,EG,EG,27,30,EG,1,Austria,AU,AU,47.333333,13.333333,AU,20240530,https://skift.com/2024/05/30/chinas-golden-week-travel-signals-a-revival-plus-why-u-s-travel-is-still-lagging/
1178783888,20240530,202405,2024,2024.4110,TUR,TURKEY,TUR,,,,,,,,ESP,SPAIN,ESP,,,,,,,,0,042,042,04,1,1.9,1,1,1,0.82758620689655,1,China,CH,CH,35,105,CH,1,China,CH,CH,35,105,CH,1,United Kingdom,UK,UK,54,-4,UK,20240530,https://skift.com/2024/05/30/chinas-golden-week-travel-signals-a-revival-plus-why-u-s-travel-is-still-lagging/
1178783889,20240530,202405,2024,2024.4110,TUR,TURKEY,TUR,,,,,,,,ESP,SPAIN,ESP,,,,,,,,0,042,042,04,1,1.9,1,1,1,0.82758620689655,1,Spain,SP,SP,40,-4,SP,1,Spain,SP,SP,40,-4,SP,1,China,CH,CH,35,105,CH,20240530,https://skift.com/2024/05/30/chinas-golden-week-travel-signals-a-revival-plus-why-u-s-travel-is-still-lagging/
1178783890,20240530,202405,2024,2024.4110,TUR,TURKEY,TUR,,,,,,,,ESP,SPAIN,ESP,,,,,,,,0,042,042,04,1,1.9,2,1,2,0.82758620689655,1,Turkey,TU,TU,39.059012,34.911546,TU,1,Spain,SP,SP,40,-4,SP,1,Austria,AU,AU,47.333333,13.333333,AU,20240530,https://skift.com/2024/05/30/chinas-golden-week-travel-signals-a-revival-plus-why-u-s-travel-is-still-lagging/
1178783891,20240530,202405,2024,2024.4110,TUR,TURKEY,TUR,,,,,,,,ESP,SPAIN,ESP,,,,,,,,0,042,042,04,1,1.9,2,1,2,0.82758620689655,1,Turkey,TU,TU,39.059012,34.911546,TU,1,Spain,SP,SP,40,-4,SP,1,China,CH,CH,35,105,CH,20240530,https://skift.com/2024/05/30/chinas-golden-week-travel-signals-a-revival-plus-why-u-s-travel-is-still-lagging/
1178783892,20240530,202405,2024,2024.4110,TUR,TURKEY,TUR,,,,,,,,KAZ,KAZAKHSTAN,KAZ,,,,,,,,0,042,042,04,1,1.9,2,1,2,0.82758620689655,1,Austria,AU,AU,47.333333,13.333333,AU,1,Spain,SP,SP,40,-4,SP,1,Austria,AU,AU,47.333333,13.333333,AU,20240530,https://skift.com/2024/05/30/chinas-golden-week-travel-signals-a-revival-plus-why-u-s-travel-is-still-lagging/
1178783893,20240530,202405,2024,2024.4110,TUR,TURKEY,TUR,,,,,,,,KAZ,KAZAKHSTAN,KAZ,,,,,,,,0,042,042,04,1,1.9,2,1,2,0.82758620689655,1,Turkey,TU,TU,39.059012,34.911546,TU,1,Kazakhstan,KZ,KZ,48,68,KZ,1,Austria,AU,AU,47.333333,13.333333,AU,20240530,https://skift.com/2024/05/30/chinas-golden-week-travel-signals-a-revival-plus-why-u-s-travel-is-still-lagging/
1178783894,20240530,202405,2024,2024.4110,TUR,TURKEY,TUR,,,,,,,,MAR,MOROCCO,MAR,,,,,,,,0,042,042,04,1,1.9,2,1,2,0.82758620689655,1,Austria,AU,AU,47.333333,13.333333,AU,1,Turkey,TU,TU,39.059012,34.911546,TU,1,Austria,AU,AU,47.333333,13.333333,AU,20240530,https://skift.com/2024/05/30/chinas-golden-week-travel-signals-a-revival-plus-why-u-s-travel-is-still-lagging/
1178783895,20240530,202405,2024,2024.4110,TUR,TURKEY,TUR,,,,,,,,MAR,MOROCCO,MAR,,,,,,,,0,042,042,04,1,1.9,2,1,2,0.82758620689655,1,Turkey,TU,TU,39.059012,34.911546,TU,1,Morocco,MO,MO,32,-5,MO,1,Austria,AU,AU,47.333333,13.333333,AU,20240530,https://skift.com/2024/05/30/chinas-golden-week-travel-signals-a-revival-plus-why-u-s-travel-is-still-lagging/
1178783896,20240530,202405,2024,2024.4110,TUR,TURKEY,TUR,,,,,,,,PRT,PORTUGAL,PRT,,,,,,,,0,042,042,04,1,1.9,2,1,2,0.82758620689655,1,Austria,AU,AU,47.333333,13.333333,AU,1,Russia,RS,RS,60,100,RS,1,Austria,AU,AU,47.333333,13.333333,AU,20240530,https://skift.com/2024/05/30/chinas-golden-week-travel-signals-a-revival-plus-why-u-s-travel-is-still-lagging/
1178783897,20240530,202405,2024,2024.4110,TUR,TURKEY,TUR,,,,,,,,PRT,PORTUGAL,PRT,,,,,,,,0,042,042,04,1,1.9,2,1,2,0.82758620689655,1,Turkey,TU,TU,39.059012,34.911546,TU,1,Portugal,PO,PO,39.5,-8,PO,1,Austria,AU,AU,47.333333,13.333333,AU,20240530,https://skift.com/2024/05/30/chinas-golden-week-travel-signals-a-revival-plus-why-u-s-travel-is-still-lagging/
1178783898,20240530,202405,2024,2024.4110,TUR,TURKEY,TUR,,,,,,,,RUS,RUSSIA,RUS,,,,,,,,0,042,042,04,1,1.9,2,1,2,0.82758620689655,1,Austria,AU,AU,47.333333,13.333333,AU,1,Morocco,MO,MO,32,-5,MO,1,Austria,AU,AU,47.333333,13.333333,AU,20240530,https://skift.com/2024/05/30/chinas-golden-week-travel-signals-a-revival-plus-why-u-s-travel-is-still-lagging/
1178783899,20240530,202405,2024,2024.4110,TUR,TURKEY,TUR,,,,,,,,RUS,RUSSIA,RUS,,,,,,,,0,042,042,04,1,1.9,2,1,2,0.82758620689655,1,Turkey,TU,TU,39.059012,34.911546,TU,1,Russia,RS,RS,60,100,RS,1,Austria,AU,AU,47.333333,13.333333,AU,20240530,https://skift.com/2024/05/30/chinas-golden-week-travel-signals-a-revival-plus-why-u-s-travel-is-still-lagging/
1178783900,20240530,202405,2024,2024.4110,TUR,TURKEY,TUR,,,,,,,,USA,UNITED STATES,USA,,,,,,,,0,042,042,04,1,1.9,2,1,2,0.82758620689655,1,Austria,AU,AU,47.333333,13.333333,AU,1,Portugal,PO,PO,39.5,-8,PO,1,Austria,AU,AU,47.333333,13.333333,AU,20240530,https://skift.com/2024/05/30/chinas-golden-week-travel-signals-a-revival-plus-why-u-s-travel-is-still-lagging/
1178783901,20240530,202405,2024,2024.4110,TUR,TURKEY,TUR,,,,,,,,USA,UNITED STATES,USA,,,,,,,,0,042,042,04,1,1.9,2,1,2,0.82758620689655,1,Turkey,TU,TU,39.059012,34.911546,TU,2,"Georgia, United States",US,USGA,32.9866,-83.6487,GA,1,Austria,AU,AU,47.333333,13.333333,AU,20240530,https://skift.com/2024/05/30/chinas-golden-week-travel-signals-a-revival-plus-why-u-s-travel-is-still-lagging/
1178784053,20240530,202405,2024,2024.4110,USA,UNITED STATES,USA,,,,,,,,TUR,TURKEY,TUR,,,,,,,,0,043,043,04,1,2.8,2,1,2,0.82758620689655,2,"Georgia, United States",US,USGA,32.9866,-83.6487,GA,1,Turkey,TU,TU,39.059012,34.911546,TU,1,Austria,AU,AU,47.333333,13.333333,AU,20240530,https://skift.com/2024/05/30/chinas-golden-week-travel-signals-a-revival-plus-why-u-s-travel-is-still-lagging/
1178784054,20240530,202405,2024,2024.4110,USA,UNITED STATES,USA,,,,,,,,TUR,TURKEY,TUR,,,,,,,,0,043,043,04,1,2.8,2,1,2,0.82758620689655,1,Portugal,PO,PO,39.5,-8,PO,1,Austria,AU,AU,47.333333,13.333333,AU,1,Austria,AU,AU,47.333333,13.333333,AU,20240530,https://skift.com/2024/05/30/chinas-golden-week-travel-signals-a-revival-plus-why-u-s-travel-is-still-lagging/
1178784798,20240530,202405,2024,2024.4110,,,,,,,,,,,GOV,CHIEF MINISTER,,,,,,GOV,,,0,192,192,19,4,-9.5,4,1,4,-1.45348837209302,0,,,,,,,5,"Kerala, Kerala, India",IN,IN13,10,76.5,-2100307,4,"Thiruvananthapuram, Kerala, India",IN,IN13,8.50694,76.9569,-2113457,20240530,https://www.indiatoday.in/india/story/shashi-tharoor-aide-shiv-kumar-detained-gold-smuggling-delhi-airport-2545564-2024-05-30
1178785217,20240530,202405,2024,2024.4110,COP,POLICE,,,,,,COP,,,,,,,,,,,,,1,010,010,01,1,0.0,14,2,14,-4.09426093263623,4,"Delhi, Delhi, India",IN,IN07,28.6667,77.2167,-2094230,0,,,,,,,4,"Delhi, Delhi, India",IN,IN07,28.6667,77.2167,-2094230,20240530,https://indianexpress.com/article/cities/delhi/shashi-tharoor-staff-member-detained-delhi-customs-gold-smuggling-igi-airport-9360699/
1178785551,20240530,202405,2024,2024.4110,GOV,CHIEF MINISTER,,,,,,GOV,,,IND,THIRUVANANTHAPURAM,IND,,,,,,,,0,192,192,19,4,-9.5,4,1,4,-1.45348837209302,5,"Kerala, Kerala, India",IN,IN13,10,76.5,-2100307,4,"Thiruvananthapuram, Kerala, India",IN,IN13,8.50694,76.9569,-2113457,4,"Thiruvananthapuram, Kerala, India",IN,IN13,8.50694,76.9569,-2113457,20240530,https://www.indiatoday.in/india/story/shashi-tharoor-aide-shiv-kumar-detained-gold-smuggling-delhi-airport-2545564-2024-05-30
1178785668,20240530,202405,2024,2024.4110,IND,DELHI,IND,,,,,,,,,,,,,,,,,,1,060,060,06,2,6.0,4,1,4,-1.45348837209302,4,"Thiruvananthapuram, Kerala, India",IN,IN13,8.50694,76.9569,-2113457,0,,,,,,,5,"Kerala, Kerala, India",IN,IN13,10,76.5,-2100307,20240530,https://www.indiatoday.in/india/story/shashi-tharoor-aide-shiv-kumar-detained-gold-smuggling-delhi-airport-2545564-2024-05-30
1178785675,20240530,202405,2024,2024.4110,IND,DELHI,IND,,,,,,,,COP,POLICE,,,,,,COP,,,0,010,010,01,1,0.0,2,1,2,-0.30674846625767,4,"Delhi, Delhi, India",IN,IN07,28.6667,77.2167,-2094230,4,"Delhi, Delhi, India",IN,IN07,28.6667,77.2167,-2094230,4,"Delhi, Delhi, India",IN,IN07,28.6667,77.2167,-2094230,20240530,https://indianexpress.com/article/cities/delhi/shashi-tharoor-staff-member-detained-delhi-customs-gold-smuggling-igi-airport-9360699/
1178785676,20240530,202405,2024,2024.4110,IND,DELHI,IND,,,,,,,,LEG,CONGRESS,,,,,,LEG,,,1,173,173,17,4,-5.0,6,1,6,-0.25445292620865,4,"Thiruvananthapuram, Kerala, India",IN,IN13,8.50694,76.9569,-2113457,4,"Thiruvananthapuram, Kerala, India",IN,IN13,8.50694,76.9569,-2113457,4,"Thiruvananthapuram, Kerala, India",IN,IN13,8.50694,76.9569,-2113457,20240530,https://zeenews.india.com/india/bjp-takes-alliance-of-gold-smugglers-swipe-after-shashi-tharoors-aide-caught-with-500-gram-gold-2753422.html
1178785677,20240530,202405,2024,2024.4110,INDCOP,DELHI,IND,,,,,COP,,,,,,,,,,,,,0,010,010,01,1,0.0,2,1,2,-0.30674846625767,4,"Delhi, Delhi, India",IN,IN07,28.6667,77.2167,-2094230,0,,,,,,,4,"Delhi, Delhi, India",IN,IN07,28.6667,77.2167,-2094230,20240530,https://indianexpress.com/article/cities/delhi/shashi-tharoor-staff-member-detained-delhi-customs-gold-smuggling-igi-airport-9360699/
1178785679,20240530,202405,2024,2024.4110,INDGOV,KERALA,IND,,,,,GOV,,,IND,THIRUVANANTHAPURAM,IND,,,,,,,,0,192,192,19,4,-9.5,2,1,2,-1.45348837209302,5,"Kerala, Kerala, India",IN,IN13,10,76.5,-2100307,4,"Thiruvananthapuram, Kerala, India",IN,IN13,8.50694,76.9569,-2113457,4,"Thiruvananthapuram, Kerala, India",IN,IN13,8.50694,76.9569,-2113457,20240530,https://www.indiatoday.in/india/story/shashi-tharoor-aide-shiv-kumar-detained-gold-smuggling-delhi-airport-2545564-2024-05-30
1178788944,20240530,202405,2024,2024.4110,EDU,STUDENT,,,,,,EDU,,,BUS,INDUSTRY,,,,,,BUS,,,1,010,010,01,1,0.0,10,1,10,3.80549682875264,1,United States,US,US,39.828175,-98.5795,US,1,United States,US,US,39.828175,-98.5795,US,1,United States,US,US,39.828175,-98.5795,US,20240530,https://www.1011now.com/2024/05/30/golden-apple-award-tech-teacher-leads-award-winning-program-columbus/
1178790554,20240530,202405,2024,2024.4110,,,,,,,,,,,IND,BIHAR,IND,,,,,,,,1,010,010,01,1,0.0,17,2,17,-1.47213459516299,0,,,,,,,4,"Bihar, Bihar, India",IN,IN34,25.1833,85.5167,-2091797,4,"Bihar, Bihar, India",IN,IN34,25.1833,85.5167,-2091797,20240530,https://www.telegraphindia.com/feeds/west-bengal/cooch-behar-three-residents-of-assam-arrested-in-dinhata-for-sale-of-fake-gold-bar/cid/2023396
1178790634,20240530,202405,2024,2024.4110,ARE,DUBAI,ARE,,,,,,,,,,,,,,,,,,1,080,080,08,2,5.0,2,1,2,-0.94637223974764,4,"Dubai, Dubayy, United Arab Emirates",AE,AE03,25.2522,55.28,-782831,0,,,,,,,4,"Shiv, Rajasthan, India",IN,IN24,26.1833,71.25,-2111141,20240530,https://www.theweek.in/news/india/2024/05/30/shashi-tharoor-gold-smuggling-case-former-aide-arrested-congress-leader-reacts.html
1178790635,20240530,202405,2024,2024.4110,ARE,DUBAI,ARE,,,,,,,,,,,,,,,,,,1,080,080,08,2,5.0,8,1,8,-0.94637223974764,4,"Dubai, Dubayy, United Arab Emirates",AE,AE03,25.2522,55.28,-782831,0,,,,,,,4,"Dubai, Dubayy, United Arab Emirates",AE,AE03,25.2522,55.28,-782831,20240530,https://www.theweek.in/news/india/2024/05/30/shashi-tharoor-gold-smuggling-case-former-aide-arrested-congress-leader-reacts.html
1178790827,20240530,202405,2024,2024.4110,COP,POLICE,,,,,,COP,,,,,,,,,,,,,0,010,010,01,1,0.0,8,1,8,0,4,"Dinhata, West Bengal, India",IN,IN28,26.1333,89.4667,-2094996,0,,,,,,,4,"Lakhimpur, Uttar Pradesh, India",IN,IN36,27.95,80.7667,-2102324,20240530,https://www.telegraphindia.com/feeds/west-bengal/cooch-behar-three-residents-of-assam-arrested-in-dinhata-for-sale-of-fake-gold-bar/cid/2023396
1178790828,20240530,202405,2024,2024.4110,COP,POLICE CHIEF,,,,,,COP,,,,,,,,,,,,,0,010,010,01,1,0.0,2,1,2,0,4,"Lakhimpur, Uttar Pradesh, India",IN,IN36,27.95,80.7667,-2102324,0,,,,,,,4,"Lakhimpur, Uttar Pradesh, India",IN,IN36,27.95,80.7667,-2102324,20240530,https://www.telegraphindia.com/feeds/west-bengal/cooch-behar-three-residents-of-assam-arrested-in-dinhata-for-sale-of-fake-gold-bar/cid/2023396
1178790867,20240530,202405,2024,2024.4110,COP,POLICE,,,,,,COP,,,MOS,ISLAM,,,,MOS,,,,,0,173,173,17,4,-5.0,16,1,16,0,4,"Dinhata, West Bengal, India",IN,IN28,26.1333,89.4667,-2094996,4,"Dinhata, West Bengal, India",IN,IN28,26.1333,89.4667,-2094996,4,"Dinhata, West Bengal, India",IN,IN28,26.1333,89.4667,-2094996,20240530,https://www.telegraphindia.com/feeds/west-bengal/cooch-behar-three-residents-of-assam-arrested-in-dinhata-for-sale-of-fake-gold-bar/cid/2023396
1178791109,20240530,202405,2024,2024.4110,GOV,AUTHORITIES,,,,,,GOV,,,,,,,,,,,,,1,051,051,05,1,3.4,40,7,40,-0.424126528853781,4,"Delhi, Delhi, India",IN,IN07,28.6667,77.2167,-2094230,0,,,,,,,4,"Delhi, Delhi, India",IN,IN07,28.6667,77.2167,-2094230,20240530,https://indiapost.com/law-must-take-its-own-course-shashi-tharoor-after-customs-detains-his-former-aide-for-smuggling-gold/
1178791110,20240530,202405,2024,2024.4110,GOV,AUTHORITIES,,,,,,GOV,,,,,,,,,,,,,1,051,051,05,1,3.4,2,1,2,-1.3671875,5,"Kerala, Kerala, India",IN,IN13,10,76.5,-2100307,0,,,,,,,4,"Delhi, Delhi, India",IN,IN07,28.6667,77.2167,-2094230,20240530,https://indiapost.com/law-must-take-its-own-course-shashi-tharoor-after-customs-detains-his-former-aide-for-smuggling-gold/
1178791111,20240530,202405,2024,2024.4110,GOV,AUTHORITIES,,,,,,GOV,,,,,,,,,,,,,1,051,051,05,1,3.4,6,1,6,-1.3671875,5,"Kerala, Kerala, India",IN,IN13,10,76.5,-2100307,0,,,,,,,5,"Kerala, Kerala, India",IN,IN13,10,76.5,-2100307,20240530,https://indiapost.com/law-must-take-its-own-course-shashi-tharoor-after-customs-detains-his-former-aide-for-smuggling-gold/
1178791292,20240530,202405,2024,2024.4110,IND,ASSAM,IND,,,,,,,,INDCVL,ASSAM,IND,,,,,CVL,,,1,061,061,06,2,6.4,20,1,20,0,4,"Dinhata, West Bengal, India",IN,IN28,26.1333,89.4667,-2094996,4,"Dinhata, West Bengal, India",IN,IN28,26.1333,89.4667,-2094996,4,"Cooch Behar, West Bengal, India",IN,IN28,26.3167,89.4333,-2101127,20240530,https://www.telegraphindia.com/feeds/west-bengal/cooch-behar-three-residents-of-assam-arrested-in-dinhata-for-sale-of-fake-gold-bar/cid/2023396
1178791293,20240530,202405,2024,2024.4110,IND,ASSAM,IND,,,,,,,,INDCVL,ASSAM,IND,,,,,CVL,,,1,172,172,17,4,-5.0,20,1,20,0,4,"Dinhata, West Bengal, India",IN,IN28,26.1333,89.4667,-2094996,4,"Dinhata, West Bengal, India",IN,IN28,26.1333,89.4667,-2094996,4,"Cooch Behar, West Bengal, India",IN,IN28,26.3167,89.4333,-2101127,20240530,https://www.telegraphindia.com/feeds/west-bengal/cooch-behar-three-residents-of-assam-arrested-in-dinhata-for-sale-of-fake-gold-bar/cid/2023396
1178791294,20240530,202405,2024,2024.4110,IND,ASSAM,IND,,,,,,,,INDCVL,ASSAM,IND,,,,,CVL,,,1,173,173,17,4,-5.0,20,1,20,0,4,"Dinhata, West Bengal, India",IN,IN28,26.1333,89.4667,-2094996,4,"Dinhata, West Bengal, India",IN,IN28,26.1333,89.4667,-2094996,4,"Dinhata, West Bengal, India",IN,IN28,26.1333,89.4667,-2094996,20240530,https://www.telegraphindia.com/feeds/west-bengal/cooch-behar-three-residents-of-assam-arrested-in-dinhata-for-sale-of-fake-gold-bar/cid/2023396
1178791298,20240530,202405,2024,2024.4110,IND,NEW DELHI,IND,,,,,,,,LEG,CONGRESS,,,,,,LEG,,,1,051,051,05,1,3.4,28,4,28,0.268817204301077,4,"Bangkok, Krung Thep Mahanakhon, Thailand",TH,TH40,13.75,100.517,-3250083,4,"Bangkok, Krung Thep Mahanakhon, Thailand",TH,TH40,13.75,100.517,-3250083,4,"Bangkok, Krung Thep Mahanakhon, Thailand",TH,TH40,13.75,100.517,-3250083,20240530,https://www.siasat.com/will-cooperate-in-probe-says-shashi-tharoor-on-aides-detention-in-gold-smuggling-case-3034878/
1178791300,20240530,202405,2024,2024.4110,INDCVL,ASSAM,IND,,,,,CVL,,,,,,,,,,,,,1,172,172,17,4,-5.0,16,1,16,0,4,"Dinhata, West Bengal, India",IN,IN28,26.1333,89.4667,-2094996,0,,,,,,,4,"Dinhata, West Bengal, India",IN,IN28,26.1333,89.4667,-2094996,20240530,https://www.telegraphindia.com/feeds/west-bengal/cooch-behar-three-residents-of-assam-arrested-in-dinhata-for-sale-of-fake-gold-bar/cid/2023396
1178791301,20240530,202405,2024,2024.4110,INDCVL,ASSAM,IND,,,,,CVL,,,IND,ASSAM,IND,,,,,,,,1,061,061,06,2,6.4,20,1,20,0,4,"Dinhata, West Bengal, India",IN,IN28,26.1333,89.4667,-2094996,4,"Dinhata, West Bengal, India",IN,IN28,26.1333,89.4667,-2094996,4,"Cooch Behar, West Bengal, India",IN,IN28,26.3167,89.4333,-2101127,20240530,https://www.telegraphindia.com/feeds/west-bengal/cooch-behar-three-residents-of-assam-arrested-in-dinhata-for-sale-of-fake-gold-bar/cid/2023396
1178791438,20240530,202405,2024,2024.4110,LEG,CONGRESS,,,,,,LEG,,,,,,,,,,,,,1,051,051,05,1,3.4,18,4,18,0.44867331940899,4,"Bangkok, Krung Thep Mahanakhon, Thailand",TH,TH40,13.75,100.517,-3250083,0,,,,,,,4,"Bangkok, Krung Thep Mahanakhon, Thailand",TH,TH40,13.75,100.517,-3250083,20240530,https://www.siasat.com/will-cooperate-in-probe-says-shashi-tharoor-on-aides-detention-in-gold-smuggling-case-3034878/
1178792812,20240530,202405,2024,2024.4110,,,,,,,,,,,IGOMEAARL,ARAB LEAGUE,MEA,ARL,,,,IGO,,,1,061,061,06,2,6.4,10,1,10,4.84581497797357,0,,,,,,,4,"Amman, (JO11), Jordan",JO,JO11,31.95,35.9333,-970362,4,"Amman, (JO11), Jordan",JO,JO11,31.95,35.9333,-970362,20240530,https://www.albawaba.com/business/gold-prices-jordan-today-30-may-thursday-1569769
1178793312,20240530,202405,2024,2024.4110,GOV,CUSTOMS OFFICIAL,,,,,,GOV,,,,,,,,,,,,,1,010,010,01,1,0.0,5,1,5,-1.4367816091954,4,"Shiv, Rajasthan, India",IN,IN24,26.1833,71.25,-2111141,0,,,,,,,4,"Shiv, Rajasthan, India",IN,IN24,26.1833,71.25,-2111141,20240530,https://timesofindia.indiatimes.com/india/law-must-take-its-own-course-shashi-tharoor-reacts-as-ex-pa-held-by-customs-for-smuggling-gold/articleshow/110549109.cms
1178793372,20240530,202405,2024,2024.4110,GOV,CUSTOMS OFFICIAL,,,,,,GOV,,,IND,DELHI,IND,,,,,,,,1,060,060,06,2,6.0,2,1,2,-1.4367816091954,4,"Delhi, Delhi, India",IN,IN07,28.6667,77.2167,-2094230,4,"Delhi, Delhi, India",IN,IN07,28.6667,77.2167,-2094230,4,"Delhi, Delhi, India",IN,IN07,28.6667,77.2167,-2094230,20240530,https://timesofindia.indiatimes.com/india/law-must-take-its-own-course-shashi-tharoor-reacts-as-ex-pa-held-by-customs-for-smuggling-gold/articleshow/110549109.cms
1178793374,20240530,202405,2024,2024.4110,GOV,CUSTOMS OFFICIAL,,,,,,GOV,,,IND,DELHI,IND,,,,,,,,1,173,173,17,4,-5.0,2,1,2,-1.4367816091954,4,"Shiv, Rajasthan, India",IN,IN24,26.1833,71.25,-2111141,4,"Shiv, Rajasthan, India",IN,IN24,26.1833,71.25,-2111141,4,"Shiv, Rajasthan, India",IN,IN24,26.1833,71.25,-2111141,20240530,https://timesofindia.indiatimes.com/india/law-must-take-its-own-course-shashi-tharoor-reacts-as-ex-pa-held-by-customs-for-smuggling-gold/articleshow/110549109.cms
1178793384,20240530,202405,2024,2024.4110,GOV,CUSTOMS OFFICIAL,,,,,,GOV,,,LEG,CONGRESS,,,,,,LEG,,,1,060,060,06,2,6.0,4,1,4,-1.4367816091954,4,"Delhi, Delhi, India",IN,IN07,28.6667,77.2167,-2094230,4,"Delhi, Delhi, India",IN,IN07,28.6667,77.2167,-2094230,4,"Delhi, Delhi, India",IN,IN07,28.6667,77.2167,-2094230,20240530,https://timesofindia.indiatimes.com/india/law-must-take-its-own-course-shashi-tharoor-reacts-as-ex-pa-held-by-customs-for-smuggling-gold/articleshow/110549109.cms
1178793385,20240530,202405,2024,2024.4110,GOV,MINIST,,,,,,GOV,,,LEG,CONGRESS,,,,,,LEG,,,0,111,111,11,3,-2.0,10,1,10,-1.4367816091954,4,"Shiv, Rajasthan, India",IN,IN24,26.1833,71.25,-2111141,4,"Shiv, Rajasthan, India",IN,IN24,26.1833,71.25,-2111141,4,"Shiv, Rajasthan, India",IN,IN24,26.1833,71.25,-2111141,20240530,https://timesofindia.indiatimes.com/india/law-must-take-its-own-course-shashi-tharoor-reacts-as-ex-pa-held-by-customs-for-smuggling-gold/articleshow/110549109.cms
1178793386,20240530,202405,2024,2024.4110,GOV,CUSTOMS OFFICIAL,,,,,,GOV,,,LEG,CONGRESS,,,,,,LEG,,,1,173,173,17,4,-5.0,2,1,2,-1.4367816091954,4,"Delhi, Delhi, India",IN,IN07,28.6667,77.2167,-2094230,4,"Delhi, Delhi, India",IN,IN07,28.6667,77.2167,-2094230,4,"Delhi, Delhi, India",IN,IN07,28.6667,77.2167,-2094230,20240530,https://timesofindia.indiatimes.com/india/law-must-take-its-own-course-shashi-tharoor-reacts-as-ex-pa-held-by-customs-for-smuggling-gold/articleshow/110549109.cms
1178793387,20240530,202405,2024,2024.4110,GOV,CUSTOMS OFFICIAL,,,,,,GOV,,,LEG,CONGRESS,,,,,,LEG,,,1,173,173,17,4,-5.0,4,1,4,-1.4367816091954,4,"Shiv, Rajasthan, India",IN,IN24,26.1833,71.25,-2111141,4,"Shiv, Rajasthan, India",IN,IN24,26.1833,71.25,-2111141,4,"Shiv, Rajasthan, India",IN,IN24,26.1833,71.25,-2111141,20240530,https://timesofindia.indiatimes.com/india/law-must-take-its-own-course-shashi-tharoor-reacts-as-ex-pa-held-by-customs-for-smuggling-gold/articleshow/110549109.cms
1178793454,20240530,202405,2024,2024.4110,IND,NEW DELHI,IND,,,,,,,,LEG,CONGRESS,,,,,,LEG,,,1,060,060,06,2,6.0,4,1,4,-1.4367816091954,4,"Delhi, Delhi, India",IN,IN07,28.6667,77.2167,-2094230,4,"Delhi, Delhi, India",IN,IN07,28.6667,77.2167,-2094230,4,"Delhi, Delhi, India",IN,IN07,28.6667,77.2167,-2094230,20240530,https://timesofindia.indiatimes.com/india/law-must-take-its-own-course-shashi-tharoor-reacts-as-ex-pa-held-by-customs-for-smuggling-gold/articleshow/110549109.cms
1178793455,20240530,202405,2024,2024.4110,IND,NEW DELHI,IND,,,,,,,,LEG,CONGRESS,,,,,,LEG,,,1,173,173,17,4,-5.0,10,2,10,-0.248907236522585,4,"Shiv, Rajasthan, India",IN,IN24,26.1833,71.25,-2111141,4,"Shiv, Rajasthan, India",IN,IN24,26.1833,71.25,-2111141,4,"Shiv, Rajasthan, India",IN,IN24,26.1833,71.25,-2111141,20240530,https://timesofindia.indiatimes.com/india/law-must-take-its-own-course-shashi-tharoor-reacts-as-ex-pa-held-by-customs-for-smuggling-gold/articleshow/110549109.cms
1178793575,20240530,202405,2024,2024.4110,LEG,CONGRESS,,,,,,LEG,,,,,,,,,,,,,1,010,010,01,1,0.0,10,1,10,-1.4367816091954,4,"Shiv, Rajasthan, India",IN,IN24,26.1833,71.25,-2111141,0,,,,,,,4,"Shiv, Rajasthan, India",IN,IN24,26.1833,71.25,-2111141,20240530,https://timesofindia.indiatimes.com/india/law-must-take-its-own-course-shashi-tharoor-reacts-as-ex-pa-held-by-customs-for-smuggling-gold/articleshow/110549109.cms
1178793583,20240530,202405,2024,2024.4110,LEG,CONGRESS,,,,,,LEG,,,,,,,,,,,,,1,060,060,06,2,6.0,10,1,10,-1.4367816091954,4,"Shiv, Rajasthan, India",IN,IN24,26.1833,71.25,-2111141,0,,,,,,,4,"Shiv, Rajasthan, India",IN,IN24,26.1833,71.25,-2111141,20240530,https://timesofindia.indiatimes.com/india/law-must-take-its-own-course-shashi-tharoor-reacts-as-ex-pa-held-by-customs-for-smuggling-gold/articleshow/110549109.cms
1178795354,20240530,202405,2024,2024.4110,GOV,AUTHORITIES,,,,,,GOV,,,LEG,CONGRESS,,,,,,LEG,,,1,173,173,17,4,-5.0,30,2,30,0.112994350282487,0,,,,,,,0,,,,,,,0,,,,,,,20240530,https://www.telegraphindia.com/india/congress-mp-shashi-tharoors-staff-and-another-person-detained-in-gold-smuggling-case/cid/2023433
1178796891,20240530,202405,2024,2024.4110,GOV,GOVERNMENT,,,,,,GOV,,,,,,,,,,,,,1,010,010,01,1,0.0,15,3,15,2.62703491324783,4,"Golden Temple, Punjab, India",IN,IN23,31.6,74.8667,-2096500,0,,,,,,,4,"Golden Temple, Punjab, India",IN,IN23,31.6,74.8667,-2096500,20240530,https://www.bignewsnetwork.com/news/274389555/mp-cm-mohan-yadav-offers-prayers-at-golden-temple-in-amritsar
1178796896,20240530,202405,2024,2024.4110,GOV,CHIEF MINISTER,,,,,,GOV,,,,,,,,,,,,,1,017,017,01,1,0.0,12,3,12,2.62703491324783,4,"Golden Temple, Punjab, India",IN,IN23,31.6,74.8667,-2096500,0,,,,,,,4,"Golden Temple, Punjab, India",IN,IN23,31.6,74.8667,-2096500,20240530,https://www.bignewsnetwork.com/news/274389555/mp-cm-mohan-yadav-offers-prayers-at-golden-temple-in-amritsar
1178796968,20240530,202405,2024,2024.4110,IND,AMRITSAR,IND,,,,,,,,,,,,,,,,,,1,017,017,01,1,0.0,12,3,12,2.62703491324783,4,"Golden Temple, Punjab, India",IN,IN23,31.6,74.8667,-2096500,0,,,,,,,4,"Golden Temple, Punjab, India",IN,IN23,31.6,74.8667,-2096500,20240530,https://www.bignewsnetwork.com/news/274389555/mp-cm-mohan-yadav-offers-prayers-at-golden-temple-in-amritsar
1178796975,20240530,202405,2024,2024.4110,IND,AMRITSAR,IND,,,,,,,,GOV,CHIEF MINISTER,,,,,,GOV,,,1,017,017,01,1,0.0,2,2,2,2.61780104712042,4,"Amritsar, Punjab, India",IN,IN23,31.6331,74.8656,-2088794,4,"Golden Temple, Punjab, India",IN,IN23,31.6,74.8667,-2096500,4,"Golden Temple, Punjab, India",IN,IN23,31.6,74.8667,-2096500,20240530,https://www.bignewsnetwork.com/news/274389555/mp-cm-mohan-yadav-offers-prayers-at-golden-temple-in-amritsar
1178796976,20240530,202405,2024,2024.4110,IND,AMRITSAR,IND,,,,,,,,GOV,CHIEF MINISTER,,,,,,GOV,,,1,017,017,01,1,0.0,3,3,3,2.62703491324783,4,"Amritsar, Punjab, India",IN,IN23,31.6331,74.8656,-2088794,5,"Madhya Pradesh, Madhya Pradesh, India",IN,IN35,23.5,78.5,-2103026,4,"Golden Temple, Punjab, India",IN,IN23,31.6,74.8667,-2096500,20240530,https://www.bignewsnetwork.com/news/274389555/mp-cm-mohan-yadav-offers-prayers-at-golden-temple-in-amritsar
1178796977,20240530,202405,2024,2024.4110,IND,AMRITSAR,IND,,,,,,,,GOV,CHIEF MINISTER,,,,,,GOV,,,1,017,017,01,1,0.0,5,3,5,2.62703491324783,4,"Golden Temple, Punjab, India",IN,IN23,31.6,74.8667,-2096500,4,"Golden Temple, Punjab, India",IN,IN23,31.6,74.8667,-2096500,4,"Golden Temple, Punjab, India",IN,IN23,31.6,74.8667,-2096500,20240530,https://www.bignewsnetwork.com/news/274389555/mp-cm-mohan-yadav-offers-prayers-at-golden-temple-in-amritsar
1178796978,20240530,202405,2024,2024.4110,IND,THIRUVANANTHAPURAM,IND,,,,,,,,GOV,MINIST,,,,,,GOV,,,1,110,110,11,3,-2.0,12,4,12,-9.01370747759439,4,"Delhi, Delhi, India",IN,IN07,28.6667,77.2167,-2094230,4,"Delhi, Delhi, India",IN,IN07,28.6667,77.2167,-2094230,4,"Delhi, Delhi, India",IN,IN07,28.6667,77.2167,-2094230,20240530,https://www.ndtv.com/india-news/shashi-tharoor-responds-to-aide-getting-caught-at-delhi-airport-with-rs-55-lakh-gold-5776555
1178796980,20240530,202405,2024,2024.4110,IND,AMRITSAR,IND,,,,,,,,INDGOV,MADHYA PRADESH,IND,,,,,GOV,,,1,017,017,01,1,0.0,4,2,4,2.61780104712042,4,"Amritsar, Punjab, India",IN,IN23,31.6331,74.8656,-2088794,5,"Madhya Pradesh, Madhya Pradesh, India",IN,IN35,23.5,78.5,-2103026,4,"Golden Temple, Punjab, India",IN,IN23,31.6,74.8667,-2096500,20240530,https://www.bignewsnetwork.com/news/274389555/mp-cm-mohan-yadav-offers-prayers-at-golden-temple-in-amritsar
1178796983,20240530,202405,2024,2024.4110,IND,DELHI,IND,,,,,,,,LEG,CONGRESS,,,,,,LEG,,,1,010,010,01,1,0.0,2,1,2,-1.36239782016348,4,"Delhi, Delhi, India",IN,IN07,28.6667,77.2167,-2094230,4,"Delhi, Delhi, India",IN,IN07,28.6667,77.2167,-2094230,4,"Delhi, Delhi, India",IN,IN07,28.6667,77.2167,-2094230,20240530,https://www.ndtv.com/india-news/shashi-tharoor-responds-to-aide-getting-caught-at-delhi-airport-with-rs-55-lakh-gold-5776555
1178798160,20240530,202405,2024,2024.4110,,,,,,,,,,,ARE,DUBAI,ARE,,,,,,,,1,042,042,04,1,1.9,3,1,3,2.13815789473684,0,,,,,,,1,Switzerland,SZ,SZ,47,8,SZ,1,Switzerland,SZ,SZ,47,8,SZ,20240530,https://www.scmp.com/news/world/africa/article/3264680/african-gold-worth-tens-billions-smuggled-uae-each-year-report
1178798161,20240530,202405,2024,2024.4110,,,,,,,,,,,ARE,DUBAI,ARE,,,,,,,,1,042,042,04,1,1.9,2,1,2,2.13815789473684,0,,,,,,,1,United States,US,US,39.828175,-98.5795,US,1,United States,US,US,39.828175,-98.5795,US,20240530,https://www.scmp.com/news/world/africa/article/3264680/african-gold-worth-tens-billions-smuggled-uae-each-year-report
1178798289,20240530,202405,2024,2024.4110,ARE,DUBAI,ARE,,,,,,,,,,,,,,,,,,1,043,043,04,1,2.8,4,1,4,2.13815789473684,4,"Dubai, Dubayy, United Arab Emirates",AE,AE03,25.2522,55.28,-782831,0,,,,,,,1,Switzerland,SZ,SZ,47,8,SZ,20240530,https://www.scmp.com/news/world/africa/article/3264680/african-gold-worth-tens-billions-smuggled-uae-each-year-report
1178798290,20240530,202405,2024,2024.4110,ARE,UNITED ARAB EMIRATES,ARE,,,,,,,,,,,,,,,,,,1,043,043,04,1,2.8,1,1,1,2.13815789473684,1,Switzerland,SZ,SZ,47,8,SZ,0,,,,,,,1,Switzerland,SZ,SZ,47,8,SZ,20240530,https://www.scmp.com/news/world/africa/article/3264680/african-gold-worth-tens-billions-smuggled-uae-each-year-report
1178798784,20240530,202405,2024,2024.4110,IND,NEW DELHI,IND,,,,,,,,LEG,CONGRESS,,,,,,LEG,,,1,173,173,17,4,-5.0,1,1,1,-0.225225225225221,4,"Delhi, Delhi, India",IN,IN07,28.6667,77.2167,-2094230,5,"Kerala, Kerala, India",IN,IN13,10,76.5,-2100307,4,"Thiruvananthapuram, Kerala, India",IN,IN13,8.50694,76.9569,-2113457,20240530,https://thelinkpaper.ca/shashi-tharoor-reacts-to-report-of-aide-caught-smuggling-gold-at-delhi-airport/
1178798809,20240530,202405,2024,2024.4110,ITA,MILAN,ITA,,,,,,,,USAMED,REUTERS,USA,,,,,MED,,,1,111,111,11,3,-2.0,8,1,8,7,4,"Milan, Lombardia, Italy",IT,IT09,45.4667,9.2,-121726,4,"Milan, Lombardia, Italy",IT,IT09,45.4667,9.2,-121726,4,"Milan, Lombardia, Italy",IT,IT09,45.4667,9.2,-121726,20240530,https://www.marketscreener.com/news/latest/Sneaker-maker-Golden-Goose-aims-to-list-in-Milan-in-June-46860883/
1178802683,20240530,202405,2024,2024.4110,GOV,AUTHORITIES,,,,,,GOV,,,,,,,,,,,,,1,090,090,09,2,-2.0,104,9,94,-4.11019771672493,4,"Delhi, Delhi, India",IN,IN07,28.6667,77.2167,-2094230,0,,,,,,,4,"Delhi, Delhi, India",IN,IN07,28.6667,77.2167,-2094230,20240530,https://www.firstpost.com/india/congress-shashi-tharoors-pa-shiv-kumar-prasad-caught-smuggling-gold-delhi-airport-bjp-reacts-13776686.html
1178802684,20240530,202405,2024,2024.4110,GOV,AUTHORITIES,,,,,,GOV,,,,,,,,,,,,,0,090,090,09,2,-2.0,6,1,6,0.90225563909775,4,"Thiruvananthapuram, Kerala, India",IN,IN13,8.50694,76.9569,-2113457,0,,,,,,,4,"Thiruvananthapuram, Kerala, India",IN,IN13,8.50694,76.9569,-2113457,20240530,https://www.firstpost.com/india/congress-shashi-tharoors-pa-shiv-kumar-prasad-caught-smuggling-gold-delhi-airport-bjp-reacts-13776686.html
1178802718,20240530,202405,2024,2024.4110,GOV,CUSTOMS OFFICIAL,,,,,,GOV,,,THA,THAILAND,THA,,,,,,,,1,060,060,06,2,6.0,2,1,2,0,4,"Bangkok, Krung Thep Mahanakhon, Thailand",TH,TH40,13.75,100.517,-3250083,4,"Bangkok, Krung Thep Mahanakhon, Thailand",TH,TH40,13.75,100.517,-3250083,4,"Shiv, Rajasthan, India",IN,IN24,26.1833,71.25,-2111141,20240530,https://www.hindustantimes.com/cities/delhi-news/2-including-tharoor-s-aide-held-at-delhi-airport-for-smuggling-gold-officials-101717053792968.html
1178802762,20240530,202405,2024,2024.4110,IND,NEW DELHI,IND,,,,,,,,LEG,CONGRESS,,,,,,LEG,,,1,173,173,17,4,-5.0,6,1,6,0,4,"Bangkok, Krung Thep Mahanakhon, Thailand",TH,TH40,13.75,100.517,-3250083,4,"Bangkok, Krung Thep Mahanakhon, Thailand",TH,TH40,13.75,100.517,-3250083,4,"Bangkok, Krung Thep Mahanakhon, Thailand",TH,TH40,13.75,100.517,-3250083,20240530,https://www.hindustantimes.com/cities/delhi-news/2-including-tharoor-s-aide-held-at-delhi-airport-for-smuggling-gold-officials-101717053792968.html
1178804135,20240530,202405,2024,2024.4110,BOL,SANTA CRUZ,BOL,,,,,,,,,,,,,,,,,,0,020,020,02,1,3.0,10,1,10,0.50062578222779,4,"El Pantano, San Luis, Argentina",AR,AR19,-33.2008,-66.3525,-1008699,0,,,,,,,4,"El Pantano, San Luis, Argentina",AR,AR19,-33.2008,-66.3525,-1008699,20240530,https://www.marketscreener.com/quote/stock/OROSUR-MINING-INC-6582577/news/Orosur-Mining-Inc-Announces-Update-on-the-Progress-of-Exploration-Activities-At-Its-El-Pantano-Gold-46861345/
1178804145,20240530,202405,2024,2024.4110,BUS,COMPANY,,,,,,BUS,,,,,,,,,,,,,1,057,057,05,1,8.0,10,1,10,0.50062578222779,1,Colombia,CO,CO,4,-72,CO,0,,,,,,,1,Colombia,CO,CO,4,-72,CO,20240530,https://www.marketscreener.com/quote/stock/OROSUR-MINING-INC-6582577/news/Orosur-Mining-Inc-Announces-Update-on-the-Progress-of-Exploration-Activities-At-Its-El-Pantano-Gold-46861345/
1178806031,20240530,202405,2024,2024.4110,,,,,,,,,,,ARE,UNITED ARAB EMIRATES,ARE,,,,,,,,0,042,042,04,1,1.9,4,1,4,-1.82555780933062,0,,,,,,,4,"Thiruvananthapuram, Kerala, India",IN,IN13,8.50694,76.9569,-2113457,4,"Thiruvananthapuram, Kerala, India",IN,IN13,8.50694,76.9569,-2113457,20240530,https://economictimes.indiatimes.com/news/india/shocked-law-must-take-its-own-course-shashi-tharoor-said-after-customs-detains-his-former-aide-for-smuggling-gold-at-delhi-airport/articleshow/110552647.cms
1178806032,20240530,202405,2024,2024.4110,,,,,,,,,,,ARE,UNITED ARAB EMIRATES,ARE,,,,,,,,0,051,051,05,1,3.4,4,1,4,-1.82555780933062,0,,,,,,,4,"Dubai, Dubayy, United Arab Emirates",AE,AE03,25.2522,55.28,-782831,4,"Delhi, Delhi, India",IN,IN07,28.6667,77.2167,-2094230,20240530,https://economictimes.indiatimes.com/news/india/shocked-law-must-take-its-own-course-shashi-tharoor-said-after-customs-detains-his-former-aide-for-smuggling-gold-at-delhi-airport/articleshow/110552647.cms
1178806066,20240530,202405,2024,2024.4110,,,,,,,,,,,IND,DELHI,IND,,,,,,,,1,010,010,01,1,0.0,6,1,6,-1.82555780933062,0,,,,,,,4,"Thiruvananthapuram, Kerala, India",IN,IN13,8.50694,76.9569,-2113457,4,"Thiruvananthapuram, Kerala, India",IN,IN13,8.50694,76.9569,-2113457,20240530,https://economictimes.indiatimes.com/news/india/shocked-law-must-take-its-own-course-shashi-tharoor-said-after-customs-detains-his-former-aide-for-smuggling-gold-at-delhi-airport/articleshow/110552647.cms
1178806136,20240530,202405,2024,2024.4110,ARE,UNITED ARAB EMIRATES,ARE,,,,,,,,,,,,,,,,,,0,043,043,04,1,2.8,2,1,2,-1.82555780933062,4,"Dubai, Dubayy, United Arab Emirates",AE,AE03,25.2522,55.28,-782831,0,,,,,,,4,"Delhi, Delhi, India",IN,IN07,28.6667,77.2167,-2094230,20240530,https://economictimes.indiatimes.com/news/india/shocked-law-must-take-its-own-course-shashi-tharoor-said-after-customs-detains-his-former-aide-for-smuggling-gold-at-delhi-airport/articleshow/110552647.cms
1178806137,20240530,202405,2024,2024.4110,ARE,UNITED ARAB EMIRATES,ARE,,,,,,,,,,,,,,,,,,0,043,043,04,1,2.8,2,1,2,-1.82555780933062,4,"Dubai, Dubayy, United Arab Emirates",AE,AE03,25.2522,55.28,-782831,0,,,,,,,4,"Shiv, Rajasthan, India",IN,IN24,26.1833,71.25,-2111141,20240530,https://economictimes.indiatimes.com/news/india/shocked-law-must-take-its-own-course-shashi-tharoor-said-after-customs-detains-his-former-aide-for-smuggling-gold-at-delhi-airport/articleshow/110552647.cms
1178806138,20240530,202405,2024,2024.4110,ARE,DUBAI,ARE,,,,,,,,,,,,,,,,,,0,051,051,05,1,3.4,1,1,1,-1.82555780933062,4,"Shiv, Rajasthan, India",IN,IN24,26.1833,71.25,-2111141,0,,,,,,,4,"Dubai, Dubayy, United Arab Emirates",AE,AE03,25.2522,55.28,-782831,20240530,https://economictimes.indiatimes.com/news/india/shocked-law-must-take-its-own-course-shashi-tharoor-said-after-customs-detains-his-former-aide-for-smuggling-gold-at-delhi-airport/articleshow/110552647.cms
1178806139,20240530,202405,2024,2024.4110,ARE,DUBAI,ARE,,,,,,,,,,,,,,,,,,0,051,051,05,1,3.4,1,1,1,-1.82555780933062,4,"Dubai, Dubayy, United Arab Emirates",AE,AE03,25.2522,55.28,-782831,0,,,,,,,4,"Delhi, Delhi, India",IN,IN07,28.6667,77.2167,-2094230,20240530,https://economictimes.indiatimes.com/news/india/shocked-law-must-take-its-own-course-shashi-tharoor-said-after-customs-detains-his-former-aide-for-smuggling-gold-at-delhi-airport/articleshow/110552647.cms
1178806140,20240530,202405,2024,2024.4110,ARE,DUBAI,ARE,,,,,,,,IND,DELHI,IND,,,,,,,,0,042,042,04,1,1.9,1,1,1,-1.82555780933062,4,"Shiv, Rajasthan, India",IN,IN24,26.1833,71.25,-2111141,4,"Shiv, Rajasthan, India",IN,IN24,26.1833,71.25,-2111141,4,"Shiv, Rajasthan, India",IN,IN24,26.1833,71.25,-2111141,20240530,https://economictimes.indiatimes.com/news/india/shocked-law-must-take-its-own-course-shashi-tharoor-said-after-customs-detains-his-former-aide-for-smuggling-gold-at-delhi-airport/articleshow/110552647.cms
1178806141,20240530,202405,2024,2024.4110,ARE,DUBAI,ARE,,,,,,,,IND,DELHI,IND,,,,,,,,0,051,051,05,1,3.4,1,1,1,-1.82555780933062,4,"Shiv, Rajasthan, India",IN,IN24,26.1833,71.25,-2111141,4,"Shiv, Rajasthan, India",IN,IN24,26.1833,71.25,-2111141,4,"Dubai, Dubayy, United Arab Emirates",AE,AE03,25.2522,55.28,-782831,20240530,https://economictimes.indiatimes.com/news/india/shocked-law-must-take-its-own-course-shashi-tharoor-said-after-customs-detains-his-former-aide-for-smuggling-gold-at-delhi-airport/articleshow/110552647.cms
1178806142,20240530,202405,2024,2024.4110,ARE,DUBAI,ARE,,,,,,,,IND,DELHI,IND,,,,,,,,0,051,051,05,1,3.4,3,1,3,-1.82555780933062,4,"Dubai, Dubayy, United Arab Emirates",AE,AE03,25.2522,55.28,-782831,4,"Delhi, Delhi, India",IN,IN07,28.6667,77.2167,-2094230,4,"Delhi, Delhi, India",IN,IN07,28.6667,77.2167,-2094230,20240530,https://economictimes.indiatimes.com/news/india/shocked-law-must-take-its-own-course-shashi-tharoor-said-after-customs-detains-his-former-aide-for-smuggling-gold-at-delhi-airport/articleshow/110552647.cms
1178806200,20240530,202405,2024,2024.4110,BUS,COMPANY,,,,,,BUS,,,ITA,ITALY,ITA,,,,,,,,1,043,043,04,1,2.8,9,2,9,5.24557165861514,4,"Milan, Lombardia, Italy",IT,IT09,45.4667,9.2,-121726,4,"Milan, Lombardia, Italy",IT,IT09,45.4667,9.2,-121726,4,"Milan, Lombardia, Italy",IT,IT09,45.4667,9.2,-121726,20240530,https://www.drapersonline.com/news/golden-goose-confirms-milan-listing
1178806356,20240530,202405,2024,2024.4110,GBR,BRITISH,GBR,,,,,,,,,,,,,,,,,,1,111,111,11,3,-2.0,7,1,7,9.56521739130435,4,"Milan, Lombardia, Italy",IT,IT09,45.4667,9.2,-121726,0,,,,,,,4,"Milan, Lombardia, Italy",IT,IT09,45.4667,9.2,-121726,20240530,https://www.drapersonline.com/news/golden-goose-confirms-milan-listing
1178806483,20240530,202405,2024,2024.4110,IND,DELHI,IND,,,,,,,,ARE,DUBAI,ARE,,,,,,,,0,043,043,04,1,2.8,1,1,1,-1.82555780933062,4,"Shiv, Rajasthan, India",IN,IN24,26.1833,71.25,-2111141,4,"Shiv, Rajasthan, India",IN,IN24,26.1833,71.25,-2111141,4,"Shiv, Rajasthan, India",IN,IN24,26.1833,71.25,-2111141,20240530,https://economictimes.indiatimes.com/news/india/shocked-law-must-take-its-own-course-shashi-tharoor-said-after-customs-detains-his-former-aide-for-smuggling-gold-at-delhi-airport/articleshow/110552647.cms
1178806538,20240530,202405,2024,2024.4110,ITA,ITALY,ITA,,,,,,,,BUS,COMPANY,,,,,,BUS,,,1,042,042,04,1,1.9,9,2,9,5.24557165861514,4,"Milan, Lombardia, Italy",IT,IT09,45.4667,9.2,-121726,4,"Milan, Lombardia, Italy",IT,IT09,45.4667,9.2,-121726,4,"Milan, Lombardia, Italy",IT,IT09,45.4667,9.2,-121726,20240530,https://www.drapersonline.com/news/golden-goose-confirms-milan-listing
1178806606,20240530,202405,2024,2024.4110,LEG,CONGRESS,,,,,,LEG,,,IND,DELHI,IND,,,,,,,,1,060,060,06,2,6.0,2,1,2,-1.82555780933062,4,"Delhi, Delhi, India",IN,IN07,28.6667,77.2167,-2094230,4,"Delhi, Delhi, India",IN,IN07,28.6667,77.2167,-2094230,4,"Delhi, Delhi, India",IN,IN07,28.6667,77.2167,-2094230,20240530,https://economictimes.indiatimes.com/news/india/shocked-law-must-take-its-own-course-shashi-tharoor-said-after-customs-detains-his-former-aide-for-smuggling-gold-at-delhi-airport/articleshow/110552647.cms
1178814948,20240530,202405,2024,2024.4110,GBR,BRITISH,GBR,,,,,,,,,,,,,,,,,,1,051,051,05,1,3.4,16,1,16,4.84301421468778,4,"Rochdale, Rochdale, United Kingdom",UK,UKL2,53.6167,-2.15,-2606372,0,,,,,,,4,"Rochdale, Rochdale, United Kingdom",UK,UKL2,53.6167,-2.15,-2606372,20240530,https://www.rochdaleonline.co.uk/news-features/2/news-headlines/156267/golden-mosque-honoured-at-the-british-muslim-awards
1178814966,20240530,202405,2024,2024.4110,GBR,UNITED KINGDOM,GBR,,,,,,,,MOS,MUSLIM,,,,MOS,,,,,1,051,051,05,1,3.4,14,1,8,15.0877192982456,4,"Rochdale, Rochdale, United Kingdom",UK,UKL2,53.6167,-2.15,-2606372,4,"Rochdale, Rochdale, United Kingdom",UK,UKL2,53.6167,-2.15,-2606372,4,"Rochdale, Rochdale, United Kingdom",UK,UKL2,53.6167,-2.15,-2606372,20240530,https://www.rochdaleonline.co.uk/news-features/2/news-headlines/156267/golden-mosque-honoured-at-the-british-muslim-awards
1178814967,20240530,202405,2024,2024.4110,GBR,BRITISH,GBR,,,,,,,,MOS,MUSLIM,,,,MOS,,,,,1,070,070,07,2,7.0,10,1,10,15.0877192982456,4,"Rochdale, Rochdale, United Kingdom",UK,UKL2,53.6167,-2.15,-2606372,4,"Rochdale, Rochdale, United Kingdom",UK,UKL2,53.6167,-2.15,-2606372,4,"Rochdale, Rochdale, United Kingdom",UK,UKL2,53.6167,-2.15,-2606372,20240530,https://www.rochdaleonline.co.uk/news-features/2/news-headlines/156267/golden-mosque-honoured-at-the-british-muslim-awards
1178814968,20240530,202405,2024,2024.4110,GBR,BRITISH,GBR,,,,,,,,MOSCVL,MUSLIM,,,,MOS,,CVL,,,1,051,051,05,1,3.4,10,1,10,15.0877192982456,4,"Rochdale, Rochdale, United Kingdom",UK,UKL2,53.6167,-2.15,-2606372,4,"Rochdale, Rochdale, United Kingdom",UK,UKL2,53.6167,-2.15,-2606372,4,"Rochdale, Rochdale, United Kingdom",UK,UKL2,53.6167,-2.15,-2606372,20240530,https://www.rochdaleonline.co.uk/news-features/2/news-headlines/156267/golden-mosque-honoured-at-the-british-muslim-awards
1178817103,20240530,202405,2024,2024.4110,CAN,CANADA,CAN,,,,,,,,,,,,,,,,,,1,010,010,01,1,0.0,6,1,6,3.84615384615385,4,"Eldorado, Saskatchewan, Canada",CA,CA11,59.55,-108.5,-564133,0,,,,,,,4,"Eldorado, Saskatchewan, Canada",CA,CA11,59.55,-108.5,-564133,20240530,https://www.themarketsdaily.com/2024/05/30/eldorado-gold-co-tseeld-director-sells-c4100183-13-in-stock.html
1178817104,20240530,202405,2024,2024.4110,CAN,CANADA,CAN,,,,,,,,,,,,,,,,,,1,010,010,01,1,0.0,2,1,2,3.84615384615385,1,Romania,RO,RO,46,25,RO,0,,,,,,,4,"Eldorado, Saskatchewan, Canada",CA,CA11,59.55,-108.5,-564133,20240530,https://www.themarketsdaily.com/2024/05/30/eldorado-gold-co-tseeld-director-sells-c4100183-13-in-stock.html
1178817331,20240530,202405,2024,2024.4110,GBR,BRITAIN,GBR,,,,,,,,,,,,,,,,,,1,172,172,17,4,-5.0,5,1,5,-1.74563591022444,4,"Richmond Park, Richmond upon Thames, United Kingdom",UK,UKL1,51.45,-0.283333,-2606257,0,,,,,,,4,"Richmond Park, Richmond upon Thames, United Kingdom",UK,UKL1,51.45,-0.283333,-2606257,20240530,https://www.tatler.com/article/inside-the-secret-life-of-lord-zac-goldsmith-britains-most-connected-politician
1178817372,20240530,202405,2024,2024.4110,GOV,PRIME MINISTER,,,,,,GOV,,,,,,,,,,,,,1,010,010,01,1,0.0,10,1,10,-1.74563591022444,4,"Richmond Park, Richmond upon Thames, United Kingdom",UK,UKL1,51.45,-0.283333,-2606257,0,,,,,,,4,"Richmond Park, Richmond upon Thames, United Kingdom",UK,UKL1,51.45,-0.283333,-2606257,20240530,https://www.tatler.com/article/inside-the-secret-life-of-lord-zac-goldsmith-britains-most-connected-politician
1178817792,20240530,202405,2024,2024.4110,MNCJPN,TOYOTA,JPN,,,,,MNC,,,,,,,,,,,,,1,010,010,01,1,0.0,5,1,5,-1.74563591022444,4,"Richmond Park, Richmond upon Thames, United Kingdom",UK,UKL1,51.45,-0.283333,-2606257,0,,,,,,,4,"Richmond Park, Richmond upon Thames, United Kingdom",UK,UKL1,51.45,-0.283333,-2606257,20240530,https://www.tatler.com/article/inside-the-secret-life-of-lord-zac-goldsmith-britains-most-connected-politician
1178817936,20240530,202405,2024,2024.4110,PTY,POLITICIAN,,,,,,,,,,,,,,,,,,,1,010,010,01,1,0.0,10,1,10,-1.74563591022444,4,"Richmond Park, Richmond upon Thames, United Kingdom",UK,UKL1,51.45,-0.283333,-2606257,0,,,,,,,4,"Richmond Park, Richmond upon Thames, United Kingdom",UK,UKL1,51.45,-0.283333,-2606257,20240530,https://www.tatler.com/article/inside-the-secret-life-of-lord-zac-goldsmith-britains-most-connected-politician
1178819339,20240530,202405,2024,2024.4110,,,,,,,,,,,HLH,PHARMACEUTICAL FIRM,,,,,,HLH,,,1,110,110,11,3,-2.0,10,2,10,0.241510250659105,0,,,,,,,1,United Kingdom,UK,UK,54,-4,UK,1,United Kingdom,UK,UK,54,-4,UK,20240530,https://www.telegraph.co.uk/art/reviews/nan-goldin-sisters-saints-sibyls-welsh-presbyterian-review/
1178819355,20240530,202405,2024,2024.4110,,,,,,,,,,,MED,MAGAZINE,,,,,,MED,,,1,040,040,04,1,1.0,10,1,10,-0.19379844961241,0,,,,,,,1,United Kingdom,UK,UK,54,-4,UK,1,United Kingdom,UK,UK,54,-4,UK,20240530,https://www.telegraph.co.uk/art/reviews/nan-goldin-sisters-saints-sibyls-welsh-presbyterian-review/
1178819403,20240530,202405,2024,2024.4110,AFR,AFRICA,AFR,,,,,,,,ARE,UNITED ARAB EMIRATES,ARE,,,,,,,,1,061,061,06,2,6.4,5,2,5,-3.20269512624721,4,"Dubai, Dubayy, United Arab Emirates",AE,AE03,25.2522,55.28,-782831,1,Rwanda,RW,RW,-2,30,RW,1,Uganda,UG,UG,2,33,UG,20240530,https://www.miningweekly.com/article/billions-in-african-gold-smuggled-to-uae-yearly-swissaid-says-2024-05-30
1178819404,20240530,202405,2024,2024.4110,AFR,AFRICA,AFR,,,,,,,,ARE,UNITED ARAB EMIRATES,ARE,,,,,,,,1,061,061,06,2,6.4,8,2,8,-3.20269512624721,4,"Dubai, Dubayy, United Arab Emirates",AE,AE03,25.2522,55.28,-782831,1,Uganda,UG,UG,2,33,UG,1,Uganda,UG,UG,2,33,UG,20240530,https://www.miningweekly.com/article/billions-in-african-gold-smuggled-to-uae-yearly-swissaid-says-2024-05-30
1178819409,20240530,202405,2024,2024.4110,AFR,AFRICA,AFR,,,,,,,,RWA,RWANDA,RWA,,,,,,,,1,042,042,04,1,1.9,4,2,4,-3.20269512624721,4,"Dubai, Dubayy, United Arab Emirates",AE,AE03,25.2522,55.28,-782831,1,Rwanda,RW,RW,-2,30,RW,1,Rwanda,RW,RW,-2,30,RW,20240530,https://www.miningweekly.com/article/billions-in-african-gold-smuggled-to-uae-yearly-swissaid-says-2024-05-30
1178819509,20240530,202405,2024,2024.4110,BUS,COMPANY,,,,,,BUS,,,,,,,,,,,,,1,071,071,07,2,7.4,10,1,10,5.50458715596331,4,"Great Bear, British Columbia, Canada",CA,CA02,53.9167,-121.917,-571807,0,,,,,,,4,"Great Bear, British Columbia, Canada",CA,CA02,53.9167,-121.917,-571807,20240530,https://www.dailypolitical.com/2024/05/30/kinross-gold-co-nysekgc-receives-consensus-recommendation-of-moderate-buy-from-analysts.html
1178819753,20240530,202405,2024,2024.4110,ERI,MASSAWA,ERI,,,,,,,,,,,,,,,,,,1,010,010,01,1,0.0,10,1,10,2.82258064516129,4,"Lafigue, Côd'Ivoire (general), Cote D'ivoire",IV,IV00,8.29321,-4.62166,-2123354,0,,,,,,,4,"Lafigue, Côd'Ivoire (general), Cote D'ivoire",IV,IV00,8.29321,-4.62166,-2123354,20240530,https://www.proactiveinvestors.com/companies/news/1048739/endeavour-mining-starts-commissioning-new-lafigue-gold-mine-1048739.html
1178819860,20240530,202405,2024,2024.4110,GOV,MINIST OF ECONOMY,,,,,,GOV,,,,,,,,,,,,,1,010,010,01,1,0.0,2,1,2,-2.6246719160105,1,Zimbabwe,ZI,ZI,-19,29,ZI,0,,,,,,,4,"Dubai, Dubayy, United Arab Emirates",AE,AE03,25.2522,55.28,-782831,20240530,https://www.miningweekly.com/article/billions-in-african-gold-smuggled-to-uae-yearly-swissaid-says-2024-05-30
1178820237,20240530,202405,2024,2024.4110,MED,MAGAZINE,,,,,,MED,,,,,,,,,,,,,1,040,040,04,1,1.0,74,5,74,-0.601613880059242,1,United Kingdom,UK,UK,54,-4,UK,0,,,,,,,1,United Kingdom,UK,UK,54,-4,UK,20240530,https://www.telegraph.co.uk/art/reviews/nan-goldin-sisters-saints-sibyls-welsh-presbyterian-review/
1178820486,20240530,202405,2024,2024.4110,RWA,RWANDA,RWA,,,,,,,,AFR,AFRICA,AFR,,,,,,,,1,043,043,04,1,2.8,4,2,4,-3.20269512624721,1,Rwanda,RW,RW,-2,30,RW,4,"Dubai, Dubayy, United Arab Emirates",AE,AE03,25.2522,55.28,-782831,1,Rwanda,RW,RW,-2,30,RW,20240530,https://www.miningweekly.com/article/billions-in-african-gold-smuggled-to-uae-yearly-swissaid-says-2024-05-30
1178821780,20240530,202405,2024,2024.4110,,,,,,,,,,,GOV,CHIEF MINISTER,,,,,,GOV,,,0,173,173,17,4,-5.0,6,3,6,-2.2037387866677,0,,,,,,,5,"Kerala, Kerala, India",IN,IN13,10,76.5,-2100307,5,"Kerala, Kerala, India",IN,IN13,10,76.5,-2100307,20240530,https://www.bignewsnetwork.com/news/274389751/i-am-shocked-by-the--tharoor-reacts-after-former-aide-detained-for-smuggling-gold
1178822276,20240530,202405,2024,2024.4110,IND,KERALA,IND,,,,,,,,GOV,CHIEF MINISTER,,,,,,GOV,,,0,173,173,17,4,-5.0,15,3,15,-2.2037387866677,5,"Kerala, Kerala, India",IN,IN13,10,76.5,-2100307,5,"Kerala, Kerala, India",IN,IN13,10,76.5,-2100307,5,"Kerala, Kerala, India",IN,IN13,10,76.5,-2100307,20240530,https://www.bignewsnetwork.com/news/274389751/i-am-shocked-by-the--tharoor-reacts-after-former-aide-detained-for-smuggling-gold
1178822278,20240530,202405,2024,2024.4110,IND,NEW DELHI,IND,,,,,,,,LAB,EMPLOYEE,,,,,,LAB,,,1,010,010,01,1,0.0,4,2,4,-2.19941348973607,4,"Shiv, Rajasthan, India",IN,IN24,26.1833,71.25,-2111141,4,"Delhi, Delhi, India",IN,IN07,28.6667,77.2167,-2094230,4,"Delhi, Delhi, India",IN,IN07,28.6667,77.2167,-2094230,20240530,https://www.bignewsnetwork.com/news/274389751/i-am-shocked-by-the--tharoor-reacts-after-former-aide-detained-for-smuggling-gold
1178822279,20240530,202405,2024,2024.4110,IND,NEW DELHI,IND,,,,,,,,LAB,EMPLOYEE,,,,,,LAB,,,1,010,010,01,1,0.0,4,2,4,-2.19941348973607,4,"Dubai, Dubayy, United Arab Emirates",AE,AE03,25.2522,55.28,-782831,4,"Delhi, Delhi, India",IN,IN07,28.6667,77.2167,-2094230,4,"Delhi, Delhi, India",IN,IN07,28.6667,77.2167,-2094230,20240530,https://www.bignewsnetwork.com/news/274389751/i-am-shocked-by-the--tharoor-reacts-after-former-aide-detained-for-smuggling-gold
1178822280,20240530,202405,2024,2024.4110,IND,NEW DELHI,IND,,,,,,,,LAB,EMPLOYEE,,,,,,LAB,,,1,010,010,01,1,0.0,4,2,4,-2.19941348973607,4,"Dubai, Dubayy, United Arab Emirates",AE,AE03,25.2522,55.28,-782831,4,"Thiruvananthapuram, Kerala, India",IN,IN13,8.50694,76.9569,-2113457,4,"Thiruvananthapuram, Kerala, India",IN,IN13,8.50694,76.9569,-2113457,20240530,https://www.bignewsnetwork.com/news/274389751/i-am-shocked-by-the--tharoor-reacts-after-former-aide-detained-for-smuggling-gold
1178822427,20240530,202405,2024,2024.4110,LEG,CONGRESS,,,,,,LEG,,,LAB,EMPLOYEE,,,,,,LAB,,,1,010,010,01,1,0.0,6,2,6,-2.19941348973607,4,"Dubai, Dubayy, United Arab Emirates",AE,AE03,25.2522,55.28,-782831,4,"Thiruvananthapuram, Kerala, India",IN,IN13,8.50694,76.9569,-2113457,4,"Thiruvananthapuram, Kerala, India",IN,IN13,8.50694,76.9569,-2113457,20240530,https://www.bignewsnetwork.com/news/274389751/i-am-shocked-by-the--tharoor-reacts-after-former-aide-detained-for-smuggling-gold
1178824799,20240530,202405,2024,2024.4110,IND,DELHI,IND,,,,,,,,LEG,CONGRESS,,,,,,LEG,,,1,110,110,11,3,-2.0,3,1,3,-3.55329949238578,4,"Delhi, Delhi, India",IN,IN07,28.6667,77.2167,-2094230,4,"Delhi, Delhi, India",IN,IN07,28.6667,77.2167,-2094230,4,"Delhi, Delhi, India",IN,IN07,28.6667,77.2167,-2094230,20240530,https://www.newsx.com/national/i-was-shocked-to-hear-shashi-tharoor-aide-detained-in-alleged-gold-smuggling-incident-at-delhi-airport/
1178824800,20240530,202405,2024,2024.4110,IND,DELHI,IND,,,,,,,,LEG,CONGRESS,,,,,,LEG,,,1,110,110,11,3,-2.0,1,1,1,-3.55329949238578,4,"Shiv, Rajasthan, India",IN,IN24,26.1833,71.25,-2111141,4,"Delhi, Delhi, India",IN,IN07,28.6667,77.2167,-2094230,4,"Delhi, Delhi, India",IN,IN07,28.6667,77.2167,-2094230,20240530,https://www.newsx.com/national/i-was-shocked-to-hear-shashi-tharoor-aide-detained-in-alleged-gold-smuggling-incident-at-delhi-airport/
1178824801,20240530,202405,2024,2024.4110,IND,DELHI,IND,,,,,,,,LEG,CONGRESS,,,,,,LEG,,,1,110,110,11,3,-2.0,1,1,1,-3.55329949238578,4,"Shiv, Rajasthan, India",IN,IN24,26.1833,71.25,-2111141,4,"Dubai, Dubayy, United Arab Emirates",AE,AE03,25.2522,55.28,-782831,4,"Delhi, Delhi, India",IN,IN07,28.6667,77.2167,-2094230,20240530,https://www.newsx.com/national/i-was-shocked-to-hear-shashi-tharoor-aide-detained-in-alleged-gold-smuggling-incident-at-delhi-airport/
1178825065,20240530,202405,2024,2024.4110,LEG,CONGRESS,,,,,,LEG,,,,,,,,,,,,,1,110,110,11,3,-2.0,2,1,2,-3.55329949238578,4,"Dubai, Dubayy, United Arab Emirates",AE,AE03,25.2522,55.28,-782831,0,,,,,,,4,"Thiruvananthapuram, Kerala, India",IN,IN13,8.50694,76.9569,-2113457,20240530,https://www.newsx.com/national/i-was-shocked-to-hear-shashi-tharoor-aide-detained-in-alleged-gold-smuggling-incident-at-delhi-airport/
1178825073,20240530,202405,2024,2024.4110,LEG,CONGRESS,,,,,,LEG,,,IND,DELHI,IND,,,,,,,,1,173,173,17,4,-5.0,1,1,1,-3.55329949238578,4,"Delhi, Delhi, India",IN,IN07,28.6667,77.2167,-2094230,4,"Shiv, Rajasthan, India",IN,IN24,26.1833,71.25,-2111141,4,"Shiv, Rajasthan, India",IN,IN24,26.1833,71.25,-2111141,20240530,https://www.newsx.com/national/i-was-shocked-to-hear-shashi-tharoor-aide-detained-in-alleged-gold-smuggling-incident-at-delhi-airport/
1178825074,20240530,202405,2024,2024.4110,LEG,CONGRESS,,,,,,LEG,,,IND,DELHI,IND,,,,,,,,1,173,173,17,4,-5.0,1,1,1,-3.55329949238578,4,"Thiruvananthapuram, Kerala, India",IN,IN13,8.50694,76.9569,-2113457,4,"Dubai, Dubayy, United Arab Emirates",AE,AE03,25.2522,55.28,-782831,4,"Dubai, Dubayy, United Arab Emirates",AE,AE03,25.2522,55.28,-782831,20240530,https://www.newsx.com/national/i-was-shocked-to-hear-shashi-tharoor-aide-detained-in-alleged-gold-smuggling-incident-at-delhi-airport/
1178825075,20240530,202405,2024,2024.4110,LEG,CONGRESS,,,,,,LEG,,,IND,DELHI,IND,,,,,,,,1,173,173,17,4,-5.0,1,1,1,-3.55329949238578,4,"Dubai, Dubayy, United Arab Emirates",AE,AE03,25.2522,55.28,-782831,4,"Shiv, Rajasthan, India",IN,IN24,26.1833,71.25,-2111141,4,"Shiv, Rajasthan, India",IN,IN24,26.1833,71.25,-2111141,20240530,https://www.newsx.com/national/i-was-shocked-to-hear-shashi-tharoor-aide-detained-in-alleged-gold-smuggling-incident-at-delhi-airport/
1178826921,20240530,202405,2024,2024.4110,,,,,,,,,,,PER,PERU,PER,,,,,,,,0,042,042,04,1,1.9,8,2,8,2.44915206753577,0,,,,,,,4,"Sorpresa, Lima, Peru",PE,PE15,-11.5078,-77.2239,9222237,4,"Sorpresa, Lima, Peru",PE,PE15,-11.5078,-77.2239,9222237,20240530,https://www.marketscreener.com/quote/stock/COPPEREX-RESOURCES-CORPOR-125884032/news/114-meters-of-0-95-g-t-Gold-including-70m-of-1-27-g-t-Gold-Intercepted-at-CopperEx-s-Inaugural-Drill-46862743/
1178827058,20240530,202405,2024,2024.4110,BUS,COMPANY,,,,,,BUS,,,,,,,,,,,,,0,014,014,01,1,0.0,28,2,20,2.44915206753577,4,"Vancouver, British Columbia, Canada",CA,CA02,49.25,-123.133,-575268,0,,,,,,,4,"Vancouver, British Columbia, Canada",CA,CA02,49.25,-123.133,-575268,20240530,https://www.marketscreener.com/quote/stock/COPPEREX-RESOURCES-CORPOR-125884032/news/114-meters-of-0-95-g-t-Gold-including-70m-of-1-27-g-t-Gold-Intercepted-at-CopperEx-s-Inaugural-Drill-46862743/
1178827059,20240530,202405,2024,2024.4110,BUS,COMPANY,,,,,,BUS,,,,,,,,,,,,,0,014,014,01,1,0.0,12,2,12,2.44915206753577,4,"Sorpresa, Lima, Peru",PE,PE15,-11.5078,-77.2239,9222237,0,,,,,,,4,"Sorpresa, Lima, Peru",PE,PE15,-11.5078,-77.2239,9222237,20240530,https://www.marketscreener.com/quote/stock/COPPEREX-RESOURCES-CORPOR-125884032/news/114-meters-of-0-95-g-t-Gold-including-70m-of-1-27-g-t-Gold-Intercepted-at-CopperEx-s-Inaugural-Drill-46862743/
1178827067,20240530,202405,2024,2024.4110,BUS,COMPANY,,,,,,BUS,,,,,,,,,,,,,1,0311,031,03,1,5.2,10,1,10,3.15236427320491,4,"Vancouver, British Columbia, Canada",CA,CA02,49.25,-123.133,-575268,0,,,,,,,4,"Vancouver, British Columbia, Canada",CA,CA02,49.25,-123.133,-575268,20240530,https://www.goldseiten.de/artikel/620498--Giant-Mining-Corp.-Receives-Approval-for-Reclamation-Cost-Estimate-from-Nevada-Department-of-Conservation-und-Natural-Resources-on-the-Flagship-Majuba-Hi~.html
1178827169,20240530,202405,2024,2024.4110,CHL,CHILE,CHL,,,,,,,,,,,,,,,,,,0,010,010,01,1,0.0,4,2,4,2.44915206753577,4,"Agua De La Piedra, III Region, Chile",CI,CI05,-25.7167,-69.25,-887222,0,,,,,,,4,"Agua De La Piedra, III Region, Chile",CI,CI05,-25.7167,-69.25,-887222,20240530,https://www.marketscreener.com/quote/stock/COPPEREX-RESOURCES-CORPOR-125884032/news/114-meters-of-0-95-g-t-Gold-including-70m-of-1-27-g-t-Gold-Intercepted-at-CopperEx-s-Inaugural-Drill-46862743/
1178827475,20240530,202405,2024,2024.4110,GOV,REGULATOR,,,,,,GOV,,,,,,,,,,,,,0,084,084,08,2,7.0,14,5,14,1.07659626530411,4,"Vancouver, British Columbia, Canada",CA,CA02,49.25,-123.133,-575268,0,,,,,,,4,"Vancouver, British Columbia, Canada",CA,CA02,49.25,-123.133,-575268,20240530,https://www.goldseiten.de/artikel/620498--Giant-Mining-Corp.-Receives-Approval-for-Reclamation-Cost-Estimate-from-Nevada-Department-of-Conservation-und-Natural-Resources-on-the-Flagship-Majuba-Hi~.html
1178827476,20240530,202405,2024,2024.4110,GOV,REGULATOR,,,,,,GOV,,,,,,,,,,,,,0,084,084,08,2,7.0,2,1,2,3.15236427320491,4,"Vancouver, British Columbia, Canada",CA,CA02,49.25,-123.133,-575268,0,,,,,,,2,"Nevada, United States",US,USNV,38.4199,-117.122,NV,20240530,https://www.goldseiten.de/artikel/620498--Giant-Mining-Corp.-Receives-Approval-for-Reclamation-Cost-Estimate-from-Nevada-Department-of-Conservation-und-Natural-Resources-on-the-Flagship-Majuba-Hi~.html
1178827477,20240530,202405,2024,2024.4110,GOV,REGULATOR,,,,,,GOV,,,,,,,,,,,,,0,084,084,08,2,7.0,2,1,2,3.15236427320491,2,"Nevada, United States",US,USNV,38.4199,-117.122,NV,0,,,,,,,4,"Vancouver, British Columbia, Canada",CA,CA02,49.25,-123.133,-575268,20240530,https://www.goldseiten.de/artikel/620498--Giant-Mining-Corp.-Receives-Approval-for-Reclamation-Cost-Estimate-from-Nevada-Department-of-Conservation-und-Natural-Resources-on-the-Flagship-Majuba-Hi~.html
1178827503,20240530,202405,2024,2024.4110,GOV,REGULATOR,,,,,,GOV,,,CANBUS,CANADIAN,CAN,,,,,BUS,,,0,015,015,01,1,0.0,26,4,26,1.20173611504027,4,"Vancouver, British Columbia, Canada",CA,CA02,49.25,-123.133,-575268,4,"Vancouver, British Columbia, Canada",CA,CA02,49.25,-123.133,-575268,4,"Vancouver, British Columbia, Canada",CA,CA02,49.25,-123.133,-575268,20240530,https://www.goldseiten.de/artikel/620498--Giant-Mining-Corp.-Receives-Approval-for-Reclamation-Cost-Estimate-from-Nevada-Department-of-Conservation-und-Natural-Resources-on-the-Flagship-Majuba-Hi~.html
1178827504,20240530,202405,2024,2024.4110,GOV,REGULATOR,,,,,,GOV,,,CANBUS,CANADA,CAN,,,,,BUS,,,0,015,015,01,1,0.0,2,1,2,3.15236427320491,2,"Nevada, United States",US,USNV,38.4199,-117.122,NV,4,"Vancouver, British Columbia, Canada",CA,CA02,49.25,-123.133,-575268,4,"Vancouver, British Columbia, Canada",CA,CA02,49.25,-123.133,-575268,20240530,https://www.goldseiten.de/artikel/620498--Giant-Mining-Corp.-Receives-Approval-for-Reclamation-Cost-Estimate-from-Nevada-Department-of-Conservation-und-Natural-Resources-on-the-Flagship-Majuba-Hi~.html
1178827793,20240530,202405,2024,2024.4110,LEG,ASSEMBLAGE,,,,,,LEG,,,,,,,,,,,,,1,020,020,02,1,3.0,20,2,20,2.44915206753577,4,"Vancouver, British Columbia, Canada",CA,CA02,49.25,-123.133,-575268,0,,,,,,,4,"Vancouver, British Columbia, Canada",CA,CA02,49.25,-123.133,-575268,20240530,https://www.marketscreener.com/quote/stock/COPPEREX-RESOURCES-CORPOR-125884032/news/114-meters-of-0-95-g-t-Gold-including-70m-of-1-27-g-t-Gold-Intercepted-at-CopperEx-s-Inaugural-Drill-46862743/
1178827973,20240530,202405,2024,2024.4110,PER,PERU,PER,,,,,,,,,,,,,,,,,,0,043,043,04,1,2.8,8,2,8,2.44915206753577,4,"Sorpresa, Lima, Peru",PE,PE15,-11.5078,-77.2239,9222237,0,,,,,,,4,"Sorpresa, Lima, Peru",PE,PE15,-11.5078,-77.2239,9222237,20240530,https://www.marketscreener.com/quote/stock/COPPEREX-RESOURCES-CORPOR-125884032/news/114-meters-of-0-95-g-t-Gold-including-70m-of-1-27-g-t-Gold-Intercepted-at-CopperEx-s-Inaugural-Drill-46862743/
1178827974,20240530,202405,2024,2024.4110,PER,PERU,PER,,,,,,,,CHL,CHILE,CHL,,,,,,,,0,010,010,01,1,0.0,2,2,2,2.44915206753577,4,"Sorpresa, Lima, Peru",PE,PE15,-11.5078,-77.2239,9222237,4,"Agua De La Piedra, III Region, Chile",CI,CI05,-25.7167,-69.25,-887222,4,"Agua De La Piedra, III Region, Chile",CI,CI05,-25.7167,-69.25,-887222,20240530,https://www.marketscreener.com/quote/stock/COPPEREX-RESOURCES-CORPOR-125884032/news/114-meters-of-0-95-g-t-Gold-including-70m-of-1-27-g-t-Gold-Intercepted-at-CopperEx-s-Inaugural-Drill-46862743/
1178827975,20240530,202405,2024,2024.4110,PER,PERU,PER,,,,,,,,CHL,CHILE,CHL,,,,,,,,0,010,010,01,1,0.0,2,2,2,2.44915206753577,4,"Sorpresa, Lima, Peru",PE,PE15,-11.5078,-77.2239,9222237,4,"Sorpresa, Lima, Peru",PE,PE15,-11.5078,-77.2239,9222237,4,"Agua De La Piedra, III Region, Chile",CI,CI05,-25.7167,-69.25,-887222,20240530,https://www.marketscreener.com/quote/stock/COPPEREX-RESOURCES-CORPOR-125884032/news/114-meters-of-0-95-g-t-Gold-including-70m-of-1-27-g-t-Gold-Intercepted-at-CopperEx-s-Inaugural-Drill-46862743/
1178830833,20240530,202405,2024,2024.4110,LEG,CONGRESS,,,,,,LEG,,,LAB,EMPLOYEE,,,,,,LAB,,,1,010,010,01,1,0.0,6,2,6,-2.20590143513352,4,"Dubai, Dubayy, United Arab Emirates",AE,AE03,25.2522,55.28,-782831,4,"Thiruvananthapuram, Kerala, India",IN,IN13,8.50694,76.9569,-2113457,4,"Dubai, Dubayy, United Arab Emirates",AE,AE03,25.2522,55.28,-782831,20240530,https://aninews.in/news/world/asia/i-am-shocked-by-the-news-tharoor-reacts-after-former-aide-detained-for-smuggling-gold20240530141303/
1178833756,20240530,202405,2024,2024.4110,LEG,CONGRESS,,,,,,LEG,,,GOV,AUTHORITIES,,,,,,GOV,,,1,030,030,03,1,4.0,2,1,2,-0.63897763578275,4,"Delhi, Delhi, India",IN,IN07,28.6667,77.2167,-2094230,4,"Delhi, Delhi, India",IN,IN07,28.6667,77.2167,-2094230,4,"Delhi, Delhi, India",IN,IN07,28.6667,77.2167,-2094230,20240530,https://www.thestatesman.com/india/law-must-take-its-own-course-says-shashi-tharoor-after-aide-caught-smuggling-gold-1503305229.html
1178833757,20240530,202405,2024,2024.4110,LEG,CONGRESS,,,,,,LEG,,,GOV,AUTHORITIES,,,,,,GOV,,,1,030,030,03,1,4.0,2,1,2,-0.63897763578275,4,"Delhi, Delhi, India",IN,IN07,28.6667,77.2167,-2094230,4,"Shiv, Rajasthan, India",IN,IN24,26.1833,71.25,-2111141,4,"Shiv, Rajasthan, India",IN,IN24,26.1833,71.25,-2111141,20240530,https://www.thestatesman.com/india/law-must-take-its-own-course-says-shashi-tharoor-after-aide-caught-smuggling-gold-1503305229.html
1178833758,20240530,202405,2024,2024.4110,LEG,CONGRESS,,,,,,LEG,,,GOV,AUTHORITIES,,,,,,GOV,,,1,030,030,03,1,4.0,6,1,6,-0.63897763578275,4,"Shiv, Rajasthan, India",IN,IN24,26.1833,71.25,-2111141,4,"Shiv, Rajasthan, India",IN,IN24,26.1833,71.25,-2111141,4,"Shiv, Rajasthan, India",IN,IN24,26.1833,71.25,-2111141,20240530,https://www.thestatesman.com/india/law-must-take-its-own-course-says-shashi-tharoor-after-aide-caught-smuggling-gold-1503305229.html
1178835264,20240530,202405,2024,2024.4110,,,,,,,,,,,IND,DELHI,IND,,,,,,,,1,173,173,17,4,-5.0,1,1,1,-0.30674846625767,0,,,,,,,4,"Thiruvananthapuram, Kerala, India",IN,IN13,8.50694,76.9569,-2113457,4,"Thiruvananthapuram, Kerala, India",IN,IN13,8.50694,76.9569,-2113457,20240530,https://www.indiablooms.com/news-details/N/97493/shashi-tharoor-s-former-pa-arrested-at-delhi-airport-in-gold-smuggling-case-congress-leader-says-law-must-take-its-own-course.html
1178835288,20240530,202405,2024,2024.4110,,,,,,,,,,,LEG,CONGRESS,,,,,,LEG,,,1,173,173,17,4,-5.0,2,1,2,-0.30674846625767,0,,,,,,,4,"Thiruvananthapuram, Kerala, India",IN,IN13,8.50694,76.9569,-2113457,4,"Thiruvananthapuram, Kerala, India",IN,IN13,8.50694,76.9569,-2113457,20240530,https://www.indiablooms.com/news-details/N/97493/shashi-tharoor-s-former-pa-arrested-at-delhi-airport-in-gold-smuggling-case-congress-leader-says-law-must-take-its-own-course.html
1178835407,20240530,202405,2024,2024.4110,AUS,AUSTRALIA,AUS,,,,,,,,,,,,,,,,,,1,111,111,11,3,-2.0,5,1,5,-1.40186915887851,1,Ghana,GH,GH,8,-2,GH,0,,,,,,,1,Ghana,GH,GH,8,-2,GH,20240530,https://www.9news.com.au/national/social-media-account-surfaces-ranks-students-from-foxwell-state-secondary-college-in-coomera-gold-coast-queensland/23418716-2a95-4d74-8159-4588521054ef
1178835504,20240530,202405,2024,2024.4110,CAN,CANADA,CAN,,,,,,,,,,,,,,,,,,1,084,084,08,2,7.0,4,1,4,-0.09250693802035,4,"Sunday Creek, Alberta, Canada",CA,CA01,55.6178,-110.875,428938,0,,,,,,,4,"Sunday Creek, Alberta, Canada",CA,CA01,55.6178,-110.875,428938,20240530,https://www.pr-inside.com/sxg-drills-473-0-gt-gold-over-0-5-metres-at-sunday-creek-r5013212.htm
1178836090,20240530,202405,2024,2024.4110,IND,THIRUVANANTHAPURAM,IND,,,,,,,,OPP,THE OPPOSITION,,,,,,OPP,,,1,111,111,11,3,-2.0,5,1,5,-0.30674846625767,4,"Thiruvananthapuram, Kerala, India",IN,IN13,8.50694,76.9569,-2113457,4,"Thiruvananthapuram, Kerala, India",IN,IN13,8.50694,76.9569,-2113457,4,"Thiruvananthapuram, Kerala, India",IN,IN13,8.50694,76.9569,-2113457,20240530,https://www.indiablooms.com/news-details/N/97493/shashi-tharoor-s-former-pa-arrested-at-delhi-airport-in-gold-smuggling-case-congress-leader-says-law-must-take-its-own-course.html
1178836247,20240530,202405,2024,2024.4110,LEG,CONGRESS,,,,,,LEG,,,IND,DELHI,IND,,,,,,,,1,173,173,17,4,-5.0,2,1,2,-0.30674846625767,4,"Delhi, Delhi, India",IN,IN07,28.6667,77.2167,-2094230,4,"Delhi, Delhi, India",IN,IN07,28.6667,77.2167,-2094230,4,"Delhi, Delhi, India",IN,IN07,28.6667,77.2167,-2094230,20240530,https://www.indiablooms.com/news-details/N/97493/shashi-tharoor-s-former-pa-arrested-at-delhi-airport-in-gold-smuggling-case-congress-leader-says-law-must-take-its-own-course.html
1178836248,20240530,202405,2024,2024.4110,LEG,CONGRESS,,,,,,LEG,,,IND,DELHI,IND,,,,,,,,1,173,173,17,4,-5.0,2,1,2,-0.30674846625767,4,"Thiruvananthapuram, Kerala, India",IN,IN13,8.50694,76.9569,-2113457,4,"Delhi, Delhi, India",IN,IN07,28.6667,77.2167,-2094230,4,"Delhi, Delhi, India",IN,IN07,28.6667,77.2167,-2094230,20240530,https://www.indiablooms.com/news-details/N/97493/shashi-tharoor-s-former-pa-arrested-at-delhi-airport-in-gold-smuggling-case-congress-leader-says-law-must-take-its-own-course.html
1178836249,20240530,202405,2024,2024.4110,LEG,CONGRESS,,,,,,LEG,,,IND,DELHI,IND,,,,,,,,1,173,173,17,4,-5.0,1,1,1,-0.30674846625767,4,"Thiruvananthapuram, Kerala, India",IN,IN13,8.50694,76.9569,-2113457,4,"Thiruvananthapuram, Kerala, India",IN,IN13,8.50694,76.9569,-2113457,4,"Thiruvananthapuram, Kerala, India",IN,IN13,8.50694,76.9569,-2113457,20240530,https://www.indiablooms.com/news-details/N/97493/shashi-tharoor-s-former-pa-arrested-at-delhi-airport-in-gold-smuggling-case-congress-leader-says-law-must-take-its-own-course.html
1178836413,20240530,202405,2024,2024.4110,OPP,THE OPPOSITION,,,,,,OPP,,,,,,,,,,,,,1,111,111,11,3,-2.0,4,1,4,-0.30674846625767,4,"Thiruvananthapuram, Kerala, India",IN,IN13,8.50694,76.9569,-2113457,0,,,,,,,4,"Thiruvananthapuram, Kerala, India",IN,IN13,8.50694,76.9569,-2113457,20240530,https://www.indiablooms.com/news-details/N/97493/shashi-tharoor-s-former-pa-arrested-at-delhi-airport-in-gold-smuggling-case-congress-leader-says-law-must-take-its-own-course.html
1178837985,20240530,202405,2024,2024.4110,AGR,FARMER,,,,,,AGR,,,,,,,,,,,,,1,010,010,01,1,0.0,10,1,10,-0.43668122270742,4,"Vancouver, British Columbia, Canada",CA,CA02,49.25,-123.133,-575268,0,,,,,,,4,"Vancouver, British Columbia, Canada",CA,CA02,49.25,-123.133,-575268,20240530,https://paherald.sk.ca/the-bunge-viterra-merger-may-not-be-the-golden-grain-deal-for-farmers/
1178838142,20240530,202405,2024,2024.4110,CAN,CANADA,CAN,,,,,,,,BUS,COMPANIES,,,,,,BUS,,,0,020,020,02,1,3.0,2,1,2,-0.43668122270742,4,"Vancouver, British Columbia, Canada",CA,CA02,49.25,-123.133,-575268,4,"Vancouver, British Columbia, Canada",CA,CA02,49.25,-123.133,-575268,4,"Vancouver, British Columbia, Canada",CA,CA02,49.25,-123.133,-575268,20240530,https://paherald.sk.ca/the-bunge-viterra-merger-may-not-be-the-golden-grain-deal-for-farmers/
1178845142,20240530,202405,2024,2024.4110,BUS,COMPANY,,,,,,BUS,,,SUR,SURINAME,SUR,,,,,,,,1,071,071,07,2,7.4,20,2,20,-1.07632772062927,4,"Vancouver, British Columbia, Canada",CA,CA02,49.25,-123.133,-575268,4,"Vancouver, British Columbia, Canada",CA,CA02,49.25,-123.133,-575268,4,"Vancouver, British Columbia, Canada",CA,CA02,49.25,-123.133,-575268,20240530,https://www.finanznachrichten.de/nachrichten-2024-05/62365372-founders-metals-inc-founders-metals-intersects-8-0-metres-of-6-64-g-t-gold-and-discovers-new-shear-zone-at-donut-296.htm
1178845173,20240530,202405,2024,2024.4110,CAN,CANADIAN,CAN,,,,,,,,CVL,HUNTER,,,,,,CVL,,,1,030,030,03,1,4.0,10,1,10,6.81818181818181,4,"Rattling Brook, Newfoundland, Canada",CA,CA05,49.6167,-56.1833,-572034,4,"Rattling Brook, Newfoundland, Canada",CA,CA05,49.6167,-56.1833,-572034,4,"Rattling Brook, Newfoundland, Canada",CA,CA05,49.6167,-56.1833,-572034,20240530,https://www.mining-technology.com/news/gold-hunter-gold-projects-magna/
1178845294,20240530,202405,2024,2024.4110,CVL,HUNTER,,,,,,CVL,,,,,,,,,,,,,1,114,114,11,3,-2.0,10,1,10,6.81818181818181,4,"Rattling Brook, Newfoundland, Canada",CA,CA05,49.6167,-56.1833,-572034,0,,,,,,,4,"Rattling Brook, Newfoundland, Canada",CA,CA05,49.6167,-56.1833,-572034,20240530,https://www.mining-technology.com/news/gold-hunter-gold-projects-magna/
1178845301,20240530,202405,2024,2024.4110,CVL,HUNTER,,,,,,CVL,,,CAN,CANADIAN,CAN,,,,,,,,1,030,030,03,1,4.0,10,1,10,6.81818181818181,4,"Rattling Brook, Newfoundland, Canada",CA,CA05,49.6167,-56.1833,-572034,4,"Rattling Brook, Newfoundland, Canada",CA,CA05,49.6167,-56.1833,-572034,4,"Rattling Brook, Newfoundland, Canada",CA,CA05,49.6167,-56.1833,-572034,20240530,https://www.mining-technology.com/news/gold-hunter-gold-projects-magna/
1178845657,20240530,202405,2024,2024.4110,GOV,AUTHORITIES,,,,,,GOV,,,LEG,CONGRESS,,,,,,LEG,,,1,173,173,17,4,-5.0,10,1,10,0.33112582781457,4,"New Delhi, Delhi, India",IN,IN07,28.6,77.2,-2106102,4,"New Delhi, Delhi, India",IN,IN07,28.6,77.2,-2106102,4,"New Delhi, Delhi, India",IN,IN07,28.6,77.2,-2106102,20240530,https://www.sahilonline.org/congress-mp-shashi-tharoors-ex-aide-and-another-person-detained-in-gold-smuggling-case
1178848000,20240530,202405,2024,2024.4110,CAN,CANADA,CAN,,,,,,,,,,,,,,,,,,1,100,100,10,3,-5.0,5,1,5,2.35478806907378,2,"Nevada, United States",US,USNV,38.4199,-117.122,NV,0,,,,,,,2,"Nevada, United States",US,USNV,38.4199,-117.122,NV,20240530,https://www.pr-inside.com/trifecta-gold-announces-1-500-000-private-placement-r5013250.htm
1178850739,20240530,202405,2024,2024.4110,CAN,TORONTO,CAN,,,,,,,,IDN,INDONESIA,IDN,,,,,,,,0,044,044,04,1,2.5,6,2,6,-0.251490590867743,4,"Jakarta, Jakarta Raya, Indonesia",ID,ID04,-6.17444,106.829,-2679652,4,"Jakarta, Jakarta Raya, Indonesia",ID,ID04,-6.17444,106.829,-2679652,4,"Jakarta, Jakarta Raya, Indonesia",ID,ID04,-6.17444,106.829,-2679652,20240530,https://calgaryherald.com:443/entertainment/local-arts/podcast-bre-x-gold-hoax-new-details-mysterious-death
1178850740,20240530,202405,2024,2024.4110,CAN,TORONTO,CAN,,,,,,,,IDN,INDONESIA,IDN,,,,,,,,0,044,044,04,1,2.5,6,2,6,-0.251490590867743,4,"Toronto, Ontario, Canada",CA,CA08,43.6667,-79.4167,-574890,4,"Jakarta, Jakarta Raya, Indonesia",ID,ID04,-6.17444,106.829,-2679652,4,"Jakarta, Jakarta Raya, Indonesia",ID,ID04,-6.17444,106.829,-2679652,20240530,https://calgaryherald.com:443/entertainment/local-arts/podcast-bre-x-gold-hoax-new-details-mysterious-death
1178851493,20240530,202405,2024,2024.4110,PHL,MANILA,PHL,,,,,,,,,,,,,,,,,,0,013,013,01,1,0.4,6,2,6,-0.251490590867743,4,"Manila, Manila, Philippines",RP,RPD9,14.6042,120.982,-2437894,0,,,,,,,4,"Manila, Manila, Philippines",RP,RPD9,14.6042,120.982,-2437894,20240530,https://calgaryherald.com:443/entertainment/local-arts/podcast-bre-x-gold-hoax-new-details-mysterious-death
1178851494,20240530,202405,2024,2024.4110,PHL,MANILA,PHL,,,,,,,,,,,,,,,,,,0,013,013,01,1,0.4,6,2,6,-0.251490590867743,4,"Jakarta, Jakarta Raya, Indonesia",ID,ID04,-6.17444,106.829,-2679652,0,,,,,,,4,"Jakarta, Jakarta Raya, Indonesia",ID,ID04,-6.17444,106.829,-2679652,20240530,https://calgaryherald.com:443/entertainment/local-arts/podcast-bre-x-gold-hoax-new-details-mysterious-death
1178851495,20240530,202405,2024,2024.4110,PHL,MANILA,PHL,,,,,,,,,,,,,,,,,,0,013,013,01,1,0.4,18,2,18,-0.251490590867743,4,"Calgary, Alberta, Canada",CA,CA01,51.0833,-114.083,-561990,0,,,,,,,4,"Calgary, Alberta, Canada",CA,CA01,51.0833,-114.083,-561990,20240530,https://calgaryherald.com:443/entertainment/local-arts/podcast-bre-x-gold-hoax-new-details-mysterious-death
1178851497,20240530,202405,2024,2024.4110,PHL,PHILIPPINE,PHL,,,,,,,,,,,,,,,,,,0,173,173,17,4,-5.0,6,2,6,-0.175215684281415,4,"Calgary, Alberta, Canada",CA,CA01,51.0833,-114.083,-561990,0,,,,,,,4,"Calgary, Alberta, Canada",CA,CA01,51.0833,-114.083,-561990,20240530,https://calgaryherald.com:443/entertainment/local-arts/podcast-bre-x-gold-hoax-new-details-mysterious-death
1178851498,20240530,202405,2024,2024.4110,PHL,PHILIPPINE,PHL,,,,,,,,,,,,,,,,,,0,173,173,17,4,-5.0,2,1,2,-0.16085790884719,4,"Quebec, Quebec, Canada",CA,CA10,47.5,-72,-571850,0,,,,,,,4,"Quebec, Quebec, Canada",CA,CA10,47.5,-72,-571850,20240530,https://calgaryherald.com:443/entertainment/local-arts/podcast-bre-x-gold-hoax-new-details-mysterious-death
1178855076,20240530,202405,2024,2024.4110,USA,WASHINGTON,USA,,,,,,,,USAGOV,JOE BIDEN,USA,,,,,GOV,,,1,043,043,04,1,2.8,10,1,10,1.52091254752852,3,"Washington, District of Columbia, United States",US,USDC,38.8951,-77.0364,531871,3,"Washington, District of Columbia, United States",US,USDC,38.8951,-77.0364,531871,1,China,CH,CH,35,105,CH,20240530,https://www.forbes.com/sites/digital-assets/2024/05/30/goldman-sachs-issues-astonishing-bitcoin-and-ethereum-etf-prediction-after-price-turning-point/
1178855103,20240530,202405,2024,2024.4110,USAGOV,JOE BIDEN,USA,,,,,GOV,,,USA,WASHINGTON,USA,,,,,,,,1,042,042,04,1,1.9,10,1,10,1.52091254752852,3,"Blackrock, Texas, United States",US,USTX,30.7632,-98.4575,1352351,3,"Blackrock, Texas, United States",US,USTX,30.7632,-98.4575,1352351,3,"Blackrock, Texas, United States",US,USTX,30.7632,-98.4575,1352351,20240530,https://www.forbes.com/sites/digital-assets/2024/05/30/goldman-sachs-issues-astonishing-bitcoin-and-ethereum-etf-prediction-after-price-turning-point/
1178856254,20240530,202405,2024,2024.4110,,,,,,,,,,,GHA,GHANA,GHA,,,,,,,,1,043,043,04,1,2.8,9,1,4,-1.80072028811524,0,,,,,,,5,"Ashanti Region, Ashanti, Ghana",GH,GH02,6.75,-1.5,-2069926,5,"Ashanti Region, Ashanti, Ghana",GH,GH02,6.75,-1.5,-2069926,20240530,https://www.ghanaweb.com/GhanaHomePage/regional/World-Menstrual-Hygiene-Day-AngloGold-Ashanti-distributes-sanitary-pads-to-girls-in-Obuasi-1933337
1178856562,20240530,202405,2024,2024.4110,BUS,COMPANY,,,,,,BUS,,,,,,,,,,,,,0,020,020,02,1,3.0,5,1,5,1.07692307692308,4,"Williams Lake, British Columbia, Canada",CA,CA02,52.1167,-122.15,-576014,0,,,,,,,4,"Williams Lake, British Columbia, Canada",CA,CA02,52.1167,-122.15,-576014,20240530,https://www.juniorminingnetwork.com/junior-miner-news/press-releases/3297-cse/redc/161703-red-canyon-commences-drilling-at-its-100-owned-peak-copper-gold-project.html
1178856564,20240530,202405,2024,2024.4110,BUS,COMPANY,,,,,,BUS,,,,,,,,,,,,,0,030,030,03,1,4.0,10,1,10,1.07692307692308,4,"Williams Lake, British Columbia, Canada",CA,CA02,52.1167,-122.15,-576014,0,,,,,,,4,"Williams Lake, British Columbia, Canada",CA,CA02,52.1167,-122.15,-576014,20240530,https://www.juniorminingnetwork.com/junior-miner-news/press-releases/3297-cse/redc/161703-red-canyon-commences-drilling-at-its-100-owned-peak-copper-gold-project.html
1178856572,20240530,202405,2024,2024.4110,BUS,BANK,,,,,,BUS,,,,,,,,,,,,,0,070,070,07,2,7.0,10,1,10,-1.80072028811524,5,"Ashanti Region, Ashanti, Ghana",GH,GH02,6.75,-1.5,-2069926,0,,,,,,,5,"Ashanti Region, Ashanti, Ghana",GH,GH02,6.75,-1.5,-2069926,20240530,https://www.ghanaweb.com/GhanaHomePage/regional/World-Menstrual-Hygiene-Day-AngloGold-Ashanti-distributes-sanitary-pads-to-girls-in-Obuasi-1933337
1178856604,20240530,202405,2024,2024.4110,BUS,COMPANY,,,,,,BUS,,,SUR,SURINAME,SUR,,,,,,,,1,071,071,07,2,7.4,10,1,10,-1.23329907502569,4,"Lima, Lima, Peru",PE,PE15,-12.05,-77.05,-352647,4,"Lima, Lima, Peru",PE,PE15,-12.05,-77.05,-352647,4,"Lima, Lima, Peru",PE,PE15,-12.05,-77.05,-352647,20240530,https://www.juniorminingnetwork.com/junior-miner-news/press-releases/2935-tsx-venture/fdr/161727-founders-metals-intersects-8-0-metres-of-6-64-g-t-gold-and-discovers-new-shear-zone-at-donut.html
1178857185,20240530,202405,2024,2024.4110,GHA,GHANA,GHA,,,,,,,,,,,,,,,,,,0,020,020,02,1,3.0,4,1,4,-1.80072028811524,5,"Ashanti Region, Ashanti, Ghana",GH,GH02,6.75,-1.5,-2069926,0,,,,,,,5,"Ashanti Region, Ashanti, Ghana",GH,GH02,6.75,-1.5,-2069926,20240530,https://www.ghanaweb.com/GhanaHomePage/regional/World-Menstrual-Hygiene-Day-AngloGold-Ashanti-distributes-sanitary-pads-to-girls-in-Obuasi-1933337
1178857186,20240530,202405,2024,2024.4110,GHA,GHANA,GHA,,,,,,,,,,,,,,,,,,0,022,022,02,1,3.2,2,1,2,-1.80072028811524,5,"Ashanti Region, Ashanti, Ghana",GH,GH02,6.75,-1.5,-2069926,0,,,,,,,5,"Ashanti Region, Ashanti, Ghana",GH,GH02,6.75,-1.5,-2069926,20240530,https://www.ghanaweb.com/GhanaHomePage/regional/World-Menstrual-Hygiene-Day-AngloGold-Ashanti-distributes-sanitary-pads-to-girls-in-Obuasi-1933337
1178857187,20240530,202405,2024,2024.4110,GHA,GHANA,GHA,,,,,,,,,,,,,,,,,,1,042,042,04,1,1.9,9,1,4,-1.80072028811524,5,"Ashanti Region, Ashanti, Ghana",GH,GH02,6.75,-1.5,-2069926,0,,,,,,,5,"Ashanti Region, Ashanti, Ghana",GH,GH02,6.75,-1.5,-2069926,20240530,https://www.ghanaweb.com/GhanaHomePage/regional/World-Menstrual-Hygiene-Day-AngloGold-Ashanti-distributes-sanitary-pads-to-girls-in-Obuasi-1933337
1178857188,20240530,202405,2024,2024.4110,GHA,GHANA,GHA,,,,,,,,,,,,,,,,,,1,051,051,05,1,3.4,9,1,4,-1.80072028811524,5,"Ashanti Region, Ashanti, Ghana",GH,GH02,6.75,-1.5,-2069926,0,,,,,,,5,"Ashanti Region, Ashanti, Ghana",GH,GH02,6.75,-1.5,-2069926,20240530,https://www.ghanaweb.com/GhanaHomePage/regional/World-Menstrual-Hygiene-Day-AngloGold-Ashanti-distributes-sanitary-pads-to-girls-in-Obuasi-1933337
1178857190,20240530,202405,2024,2024.4110,GHA,GHANA,GHA,,,,,,,,,,,,,,,,,,0,060,060,06,2,6.0,4,1,4,-1.80072028811524,5,"Ashanti Region, Ashanti, Ghana",GH,GH02,6.75,-1.5,-2069926,0,,,,,,,5,"Ashanti Region, Ashanti, Ghana",GH,GH02,6.75,-1.5,-2069926,20240530,https://www.ghanaweb.com/GhanaHomePage/regional/World-Menstrual-Hygiene-Day-AngloGold-Ashanti-distributes-sanitary-pads-to-girls-in-Obuasi-1933337
1178857192,20240530,202405,2024,2024.4110,GHA,GHANA,GHA,,,,,,,,GOV,AUTHORITIES,,,,,,GOV,,,0,015,015,01,1,0.0,4,1,4,-1.80072028811524,5,"Ashanti Region, Ashanti, Ghana",GH,GH02,6.75,-1.5,-2069926,5,"Ashanti Region, Ashanti, Ghana",GH,GH02,6.75,-1.5,-2069926,5,"Ashanti Region, Ashanti, Ghana",GH,GH02,6.75,-1.5,-2069926,20240530,https://www.ghanaweb.com/GhanaHomePage/regional/World-Menstrual-Hygiene-Day-AngloGold-Ashanti-distributes-sanitary-pads-to-girls-in-Obuasi-1933337
1178857201,20240530,202405,2024,2024.4110,GHA,GHANA,GHA,,,,,,,,MNCZAF,ANGLOGOLD ASHANTI,ZAF,,,,,MNC,,,1,051,051,05,1,3.4,1,1,1,-1.80072028811524,5,"Ashanti Region, Ashanti, Ghana",GH,GH02,6.75,-1.5,-2069926,5,"Ashanti Region, Ashanti, Ghana",GH,GH02,6.75,-1.5,-2069926,5,"Ashanti Region, Ashanti, Ghana",GH,GH02,6.75,-1.5,-2069926,20240530,https://www.ghanaweb.com/GhanaHomePage/regional/World-Menstrual-Hygiene-Day-AngloGold-Ashanti-distributes-sanitary-pads-to-girls-in-Obuasi-1933337
1178857996,20240530,202405,2024,2024.4110,MNCZAF,ANGLOGOLD ASHANTI,ZAF,,,,,MNC,,,,,,,,,,,,,1,051,051,05,1,3.4,6,1,6,-1.80072028811524,5,"Ashanti Region, Ashanti, Ghana",GH,GH02,6.75,-1.5,-2069926,0,,,,,,,5,"Ashanti Region, Ashanti, Ghana",GH,GH02,6.75,-1.5,-2069926,20240530,https://www.ghanaweb.com/GhanaHomePage/regional/World-Menstrual-Hygiene-Day-AngloGold-Ashanti-distributes-sanitary-pads-to-girls-in-Obuasi-1933337
1178857997,20240530,202405,2024,2024.4110,MNCZAF,ANGLOGOLD ASHANTI,ZAF,,,,,MNC,,,GHA,GHANA,GHA,,,,,,,,1,051,051,05,1,3.4,4,1,4,-1.80072028811524,5,"Ashanti Region, Ashanti, Ghana",GH,GH02,6.75,-1.5,-2069926,5,"Ashanti Region, Ashanti, Ghana",GH,GH02,6.75,-1.5,-2069926,5,"Ashanti Region, Ashanti, Ghana",GH,GH02,6.75,-1.5,-2069926,20240530,https://www.ghanaweb.com/GhanaHomePage/regional/World-Menstrual-Hygiene-Day-AngloGold-Ashanti-distributes-sanitary-pads-to-girls-in-Obuasi-1933337
1178860200,20240530,202405,2024,2024.4110,AUS,AUSTRALIA,AUS,,,,,,,,,,,,,,,,,,1,084,084,08,2,7.0,8,2,8,0.32115616218386,4,"Sunday Creek, Queensland, Australia",AS,AS04,-26.0833,151.717,-1602857,0,,,,,,,4,"Sunday Creek, Queensland, Australia",AS,AS04,-26.0833,151.717,-1602857,20240530,https://www.tennesseedaily.com/news/274389837/sxg-drills-4730-gt-gold-over-05-metres-at-sunday-creek
1178865615,20240530,202405,2024,2024.4110,,,,,,,,,,,CAN,ONTARIO,CAN,,,,,,,,0,042,042,04,1,1.9,30,3,30,2.45552476495575,0,,,,,,,4,"Dinorwic, Ontario, Canada",CA,CA08,49.7,-92.5,-563626,4,"Dinorwic, Ontario, Canada",CA,CA08,49.7,-92.5,-563626,20240530,https://www.finanznachrichten.de/nachrichten-2024-05/62366864-dryden-gold-corp-commences-trading-on-the-otcqb-marketplace-in-the-united-states-296.htm
1178865619,20240530,202405,2024,2024.4110,,,,,,,,,,,CAN,ONTARIO,CAN,,,,,,,,0,192,192,19,4,-9.5,30,3,30,2.45552476495575,0,,,,,,,1,United States,US,US,39.828175,-98.5795,US,1,United States,US,US,39.828175,-98.5795,US,20240530,https://www.finanznachrichten.de/nachrichten-2024-05/62366864-dryden-gold-corp-commences-trading-on-the-otcqb-marketplace-in-the-united-states-296.htm
1178865918,20240530,202405,2024,2024.4110,CAN,ONTARIO,CAN,,,,,,,,,,,,,,,,,,0,043,043,04,1,2.8,30,3,30,2.45552476495575,4,"Dinorwic, Ontario, Canada",CA,CA08,49.7,-92.5,-563626,0,,,,,,,4,"Dinorwic, Ontario, Canada",CA,CA08,49.7,-92.5,-563626,20240530,https://www.finanznachrichten.de/nachrichten-2024-05/62366864-dryden-gold-corp-commences-trading-on-the-otcqb-marketplace-in-the-united-states-296.htm
1178865922,20240530,202405,2024,2024.4110,CAN,CANADA,CAN,,,,,,,,,,,,,,,,,,1,173,173,17,4,-5.0,6,2,6,-2.61650712354937,4,"Calgary, Alberta, Canada",CA,CA01,51.0833,-114.083,-561990,0,,,,,,,4,"Calgary, Alberta, Canada",CA,CA01,51.0833,-114.083,-561990,20240530,https://calgarysun.com/entertainment/local-arts/podcast-bre-x-gold-hoax-new-details-mysterious-death/wcm/93b2b2da-1aeb-488c-a755-403fca89e070
1178871261,20240530,202405,2024,2024.4110,,,,,,,,,,,BUS,COMPANY,,,,,,BUS,,,1,042,042,04,1,1.9,10,1,10,1.84956843403206,0,,,,,,,4,"Chachas, Ancash, Peru",PE,PE02,-8.8,-78.15,-341182,4,"Chachas, Ancash, Peru",PE,PE02,-8.8,-78.15,-341182,20240530,https://www.goldseiten.de/artikel/620573--Element79-Gold-To-Provide-Summary-and-Update-on-Active-Exploration-Program-Community-Relations-at-RMEC-on-June-4.html
1178871267,20240530,202405,2024,2024.4110,,,,,,,,,,,CAN,CANADA,CAN,,,,,,,,0,043,043,04,1,2.8,1,1,1,1.87185025197984,0,,,,,,,4,"Red Lake, Ontario, Canada",CA,CA08,51.0333,-93.8333,-572086,4,"Red Lake, Ontario, Canada",CA,CA08,51.0333,-93.8333,-572086,20240530,https://www.goldseiten.de/artikel/620574--Resource-Maven-Gwen-Preston-Lands-Senior-Position-at-West-Red-Lake-Gold.html
1178871488,20240530,202405,2024,2024.4110,BUS,INVESTOR,,,,,,BUS,,,,,,,,,,,,,0,010,010,01,1,0.0,1,1,1,1.87185025197984,4,"Red Lake, Ontario, Canada",CA,CA08,51.0333,-93.8333,-572086,0,,,,,,,4,"Red Lake, Ontario, Canada",CA,CA08,51.0333,-93.8333,-572086,20240530,https://www.goldseiten.de/artikel/620574--Resource-Maven-Gwen-Preston-Lands-Senior-Position-at-West-Red-Lake-Gold.html
1178871497,20240530,202405,2024,2024.4110,BUS,COMPANY,,,,,,BUS,,,,,,,,,,,,,1,043,043,04,1,2.8,7,1,7,1.84956843403206,4,"Chachas, Ancash, Peru",PE,PE02,-8.8,-78.15,-341182,0,,,,,,,4,"Chachas, Ancash, Peru",PE,PE02,-8.8,-78.15,-341182,20240530,https://www.goldseiten.de/artikel/620573--Element79-Gold-To-Provide-Summary-and-Update-on-Active-Exploration-Program-Community-Relations-at-RMEC-on-June-4.html
1178871498,20240530,202405,2024,2024.4110,BUS,COMPANY,,,,,,BUS,,,,,,,,,,,,,1,043,043,04,1,2.8,3,1,3,1.84956843403206,1,Canada,CA,CA,60,-96,CA,0,,,,,,,1,Canada,CA,CA,60,-96,CA,20240530,https://www.goldseiten.de/artikel/620573--Element79-Gold-To-Provide-Summary-and-Update-on-Active-Exploration-Program-Community-Relations-at-RMEC-on-June-4.html
1178871505,20240530,202405,2024,2024.4110,BUS,INVESTOR,,,,,,BUS,,,,,,,,,,,,,1,071,071,07,2,7.4,6,1,6,1.84956843403206,4,"Apacheta, Arequipa, Peru",PE,PE04,-15.6147,-71.0981,-337272,0,,,,,,,4,"Apacheta, Arequipa, Peru",PE,PE04,-15.6147,-71.0981,-337272,20240530,https://www.goldseiten.de/artikel/620573--Element79-Gold-To-Provide-Summary-and-Update-on-Active-Exploration-Program-Community-Relations-at-RMEC-on-June-4.html
1178871506,20240530,202405,2024,2024.4110,BUS,INVESTOR,,,,,,BUS,,,,,,,,,,,,,1,071,071,07,2,7.4,4,1,4,1.84956843403206,4,"Chachas, Ancash, Peru",PE,PE02,-8.8,-78.15,-341182,0,,,,,,,4,"Chachas, Ancash, Peru",PE,PE02,-8.8,-78.15,-341182,20240530,https://www.goldseiten.de/artikel/620573--Element79-Gold-To-Provide-Summary-and-Update-on-Active-Exploration-Program-Community-Relations-at-RMEC-on-June-4.html
1178871518,20240530,202405,2024,2024.4110,BUS,INVESTOR,,,,,,BUS,,,CAN,CANADA,CAN,,,,,,,,0,010,010,01,1,0.0,2,1,2,1.87185025197984,4,"Red Lake, Ontario, Canada",CA,CA08,51.0333,-93.8333,-572086,4,"Red Lake, Ontario, Canada",CA,CA08,51.0333,-93.8333,-572086,4,"Red Lake, Ontario, Canada",CA,CA08,51.0333,-93.8333,-572086,20240530,https://www.goldseiten.de/artikel/620574--Resource-Maven-Gwen-Preston-Lands-Senior-Position-at-West-Red-Lake-Gold.html
1178871548,20240530,202405,2024,2024.4110,CAN,CANADA,CAN,,,,,,,,,,,,,,,,,,1,010,010,01,1,0.0,9,1,4,1.87185025197984,4,"Red Lake, Ontario, Canada",CA,CA08,51.0333,-93.8333,-572086,0,,,,,,,4,"Red Lake, Ontario, Canada",CA,CA08,51.0333,-93.8333,-572086,20240530,https://www.goldseiten.de/artikel/620574--Resource-Maven-Gwen-Preston-Lands-Senior-Position-at-West-Red-Lake-Gold.html
1178871552,20240530,202405,2024,2024.4110,CAN,CANADA,CAN,,,,,,,,,,,,,,,,,,0,042,042,04,1,1.9,1,1,1,1.87185025197984,4,"Red Lake, Ontario, Canada",CA,CA08,51.0333,-93.8333,-572086,0,,,,,,,4,"Red Lake, Ontario, Canada",CA,CA08,51.0333,-93.8333,-572086,20240530,https://www.goldseiten.de/artikel/620574--Resource-Maven-Gwen-Preston-Lands-Senior-Position-at-West-Red-Lake-Gold.html
1178871556,20240530,202405,2024,2024.4110,CAN,CANADA,CAN,,,,,,,,BUS,INVESTOR,,,,,,BUS,,,0,010,010,01,1,0.0,4,1,4,1.87185025197984,4,"Red Lake, Ontario, Canada",CA,CA08,51.0333,-93.8333,-572086,4,"Red Lake, Ontario, Canada",CA,CA08,51.0333,-93.8333,-572086,4,"Red Lake, Ontario, Canada",CA,CA08,51.0333,-93.8333,-572086,20240530,https://www.goldseiten.de/artikel/620574--Resource-Maven-Gwen-Preston-Lands-Senior-Position-at-West-Red-Lake-Gold.html
1178871557,20240530,202405,2024,2024.4110,CAN,CANADA,CAN,,,,,,,,BUSMED,COMPANY,,,,,,BUS,MED,,0,090,090,09,2,-2.0,5,1,5,1.87185025197984,4,"Red Lake, Ontario, Canada",CA,CA08,51.0333,-93.8333,-572086,4,"Red Lake, Ontario, Canada",CA,CA08,51.0333,-93.8333,-572086,4,"Red Lake, Ontario, Canada",CA,CA08,51.0333,-93.8333,-572086,20240530,https://www.goldseiten.de/artikel/620574--Resource-Maven-Gwen-Preston-Lands-Senior-Position-at-West-Red-Lake-Gold.html
1178871558,20240530,202405,2024,2024.4110,CAN,CANADA,CAN,,,,,,,,CHN,BEIJING,CHN,,,,,,,,0,013,013,01,1,0.4,4,1,4,1.87185025197984,4,"Red Lake, Ontario, Canada",CA,CA08,51.0333,-93.8333,-572086,4,"Beijing, Beijing, China",CH,CH22,39.9289,116.388,-1898541,4,"Red Lake, Ontario, Canada",CA,CA08,51.0333,-93.8333,-572086,20240530,https://www.goldseiten.de/artikel/620574--Resource-Maven-Gwen-Preston-Lands-Senior-Position-at-West-Red-Lake-Gold.html
1178871567,20240530,202405,2024,2024.4110,CHN,BEIJING,CHN,,,,,,,,,,,,,,,,,,0,010,010,01,1,0.0,3,1,3,1.87185025197984,4,"Red Lake, Ontario, Canada",CA,CA08,51.0333,-93.8333,-572086,0,,,,,,,4,"Red Lake, Ontario, Canada",CA,CA08,51.0333,-93.8333,-572086,20240530,https://www.goldseiten.de/artikel/620574--Resource-Maven-Gwen-Preston-Lands-Senior-Position-at-West-Red-Lake-Gold.html
1178871719,20240530,202405,2024,2024.4110,CVL,COMMUNITY,,,,,,CVL,,,MED,MEDIA,,,,,,MED,,,1,036,036,03,1,4.0,7,1,7,1.84956843403206,1,Canada,CA,CA,60,-96,CA,1,Canada,CA,CA,60,-96,CA,1,Canada,CA,CA,60,-96,CA,20240530,https://www.goldseiten.de/artikel/620573--Element79-Gold-To-Provide-Summary-and-Update-on-Active-Exploration-Program-Community-Relations-at-RMEC-on-June-4.html
1178871723,20240530,202405,2024,2024.4110,CVL,COMMUNITY,,,,,,CVL,,,REB,GUERILLA,,,,,,REB,,,1,036,036,03,1,4.0,7,1,7,1.84956843403206,4,"Chachas, Ancash, Peru",PE,PE02,-8.8,-78.15,-341182,4,"Chachas, Ancash, Peru",PE,PE02,-8.8,-78.15,-341182,4,"Chachas, Ancash, Peru",PE,PE02,-8.8,-78.15,-341182,20240530,https://www.goldseiten.de/artikel/620573--Element79-Gold-To-Provide-Summary-and-Update-on-Active-Exploration-Program-Community-Relations-at-RMEC-on-June-4.html
1178872017,20240530,202405,2024,2024.4110,GOV,REGULATOR,,,,,,GOV,,,,,,,,,,,,,1,084,084,08,2,7.0,30,3,30,3.54864396484919,1,Canada,CA,CA,60,-96,CA,0,,,,,,,1,Canada,CA,CA,60,-96,CA,20240530,https://www.goldseiten.de/artikel/620573--Element79-Gold-To-Provide-Summary-and-Update-on-Active-Exploration-Program-Community-Relations-at-RMEC-on-June-4.html
1178872032,20240530,202405,2024,2024.4110,GOV,PRESIDENT,,,,,,GOV,,,CAN,CANADA,CAN,,,,,,,,1,013,013,01,1,0.4,3,1,3,1.87185025197984,4,"Red Lake, Ontario, Canada",CA,CA08,51.0333,-93.8333,-572086,4,"Red Lake, Ontario, Canada",CA,CA08,51.0333,-93.8333,-572086,4,"Red Lake, Ontario, Canada",CA,CA08,51.0333,-93.8333,-572086,20240530,https://www.goldseiten.de/artikel/620574--Resource-Maven-Gwen-Preston-Lands-Senior-Position-at-West-Red-Lake-Gold.html
1178872033,20240530,202405,2024,2024.4110,GOV,REGULATOR,,,,,,GOV,,,CANBUS,CANADIAN,CAN,,,,,BUS,,,0,015,015,01,1,0.0,10,1,10,1.84956843403206,1,Canada,CA,CA,60,-96,CA,1,Canada,CA,CA,60,-96,CA,1,Canada,CA,CA,60,-96,CA,20240530,https://www.goldseiten.de/artikel/620573--Element79-Gold-To-Provide-Summary-and-Update-on-Active-Exploration-Program-Community-Relations-at-RMEC-on-June-4.html
1178872463,20240530,202405,2024,2024.4110,MED,MEDIA,,,,,,MED,,,CVL,COMMUNITY,,,,,,CVL,,,1,036,036,03,1,4.0,7,1,7,1.84956843403206,4,"Chachas, Ancash, Peru",PE,PE02,-8.8,-78.15,-341182,4,"Chachas, Ancash, Peru",PE,PE02,-8.8,-78.15,-341182,4,"Chachas, Ancash, Peru",PE,PE02,-8.8,-78.15,-341182,20240530,https://www.goldseiten.de/artikel/620573--Element79-Gold-To-Provide-Summary-and-Update-on-Active-Exploration-Program-Community-Relations-at-RMEC-on-June-4.html
1178872673,20240530,202405,2024,2024.4110,REB,GUERILLA,,,,,,REB,,,CVL,COMMUNITY,,,,,,CVL,,,1,036,036,03,1,4.0,7,1,7,1.84956843403206,4,"Chachas, Ancash, Peru",PE,PE02,-8.8,-78.15,-341182,4,"Chachas, Ancash, Peru",PE,PE02,-8.8,-78.15,-341182,4,"Chachas, Ancash, Peru",PE,PE02,-8.8,-78.15,-341182,20240530,https://www.goldseiten.de/artikel/620573--Element79-Gold-To-Provide-Summary-and-Update-on-Active-Exploration-Program-Community-Relations-at-RMEC-on-June-4.html
1178874885,20240530,202405,2024,2024.4110,CVL,RESIDENTS,,,,,,CVL,,,GOV,MAYOR,,,,,,GOV,,,1,100,100,10,3,-5.0,1,1,1,1.96078431372549,1,Ghana,GH,GH,8,-2,GH,1,Ghana,GH,GH,8,-2,GH,1,Ghana,GH,GH,8,-2,GH,20240530,https://www.greenleft.org.au/content/gold-coast-residents-call-mayor-sever-ties-israeli-city
1178874886,20240530,202405,2024,2024.4110,CVL,RESIDENTS,,,,,,CVL,,,ISR,ISRAELI,ISR,,,,,,,,1,161,161,16,4,-4.0,1,1,1,1.96078431372549,1,Ghana,GH,GH,8,-2,GH,4,"Gaza, Israel (general), Israel",IS,IS00,31.4167,34.3333,-797156,4,"Gaza, Israel (general), Israel",IS,IS00,31.4167,34.3333,-797156,20240530,https://www.greenleft.org.au/content/gold-coast-residents-call-mayor-sever-ties-israeli-city
1178875085,20240530,202405,2024,2024.4110,GHA,GHANA,GHA,,,,,,,,GOV,MAYOR,,,,,,GOV,,,1,100,100,10,3,-5.0,1,1,1,1.96078431372549,4,"Gaza, Israel (general), Israel",IS,IS00,31.4167,34.3333,-797156,1,Ghana,GH,GH,8,-2,GH,4,"Gaza, Israel (general), Israel",IS,IS00,31.4167,34.3333,-797156,20240530,https://www.greenleft.org.au/content/gold-coast-residents-call-mayor-sever-ties-israeli-city
1178875086,20240530,202405,2024,2024.4110,GHA,GHANA,GHA,,,,,,,,GOV,MAYOR,,,,,,GOV,,,1,100,100,10,3,-5.0,3,1,3,1.96078431372549,4,"Gaza, Israel (general), Israel",IS,IS00,31.4167,34.3333,-797156,1,Ghana,GH,GH,8,-2,GH,1,Ghana,GH,GH,8,-2,GH,20240530,https://www.greenleft.org.au/content/gold-coast-residents-call-mayor-sever-ties-israeli-city
1178875087,20240530,202405,2024,2024.4110,GHA,GHANA,GHA,,,,,,,,ISR,ISRAELI,ISR,,,,,,,,1,161,161,16,4,-4.0,6,1,6,1.96078431372549,1,Ghana,GH,GH,8,-2,GH,4,"Gaza, Israel (general), Israel",IS,IS00,31.4167,34.3333,-797156,4,"Gaza, Israel (general), Israel",IS,IS00,31.4167,34.3333,-797156,20240530,https://www.greenleft.org.au/content/gold-coast-residents-call-mayor-sever-ties-israeli-city
1178875091,20240530,202405,2024,2024.4110,GHAGOV,GHANA,GHA,,,,,GOV,,,ISR,ISRAEL,ISR,,,,,,,,1,020,020,02,1,3.0,2,1,2,1.96078431372549,4,"Gaza, Israel (general), Israel",IS,IS00,31.4167,34.3333,-797156,4,"Gaza, Israel (general), Israel",IS,IS00,31.4167,34.3333,-797156,1,Ghana,GH,GH,8,-2,GH,20240530,https://www.greenleft.org.au/content/gold-coast-residents-call-mayor-sever-ties-israeli-city
1178875092,20240530,202405,2024,2024.4110,GHAGOV,GHANA,GHA,,,,,GOV,,,ISR,ISRAELI,ISR,,,,,,,,1,020,020,02,1,3.0,6,1,6,1.96078431372549,1,Ghana,GH,GH,8,-2,GH,4,"Gaza, Israel (general), Israel",IS,IS00,31.4167,34.3333,-797156,1,Ghana,GH,GH,8,-2,GH,20240530,https://www.greenleft.org.au/content/gold-coast-residents-call-mayor-sever-ties-israeli-city
1178875093,20240530,202405,2024,2024.4110,GHAGOV,GHANA,GHA,,,,,GOV,,,ISR,ISRAEL,ISR,,,,,,,,1,120,120,12,3,-4.0,1,1,1,1.96078431372549,4,"Gaza, Israel (general), Israel",IS,IS00,31.4167,34.3333,-797156,4,"Gaza, Israel (general), Israel",IS,IS00,31.4167,34.3333,-797156,1,Ghana,GH,GH,8,-2,GH,20240530,https://www.greenleft.org.au/content/gold-coast-residents-call-mayor-sever-ties-israeli-city
1178875094,20240530,202405,2024,2024.4110,GHAGOV,GHANA,GHA,,,,,GOV,,,ISR,ISRAEL,ISR,,,,,,,,1,120,120,12,3,-4.0,2,1,2,1.96078431372549,4,"Gaza, Israel (general), Israel",IS,IS00,31.4167,34.3333,-797156,1,Ghana,GH,GH,8,-2,GH,1,Ghana,GH,GH,8,-2,GH,20240530,https://www.greenleft.org.au/content/gold-coast-residents-call-mayor-sever-ties-israeli-city
1178875095,20240530,202405,2024,2024.4110,GHAGOV,GHANA,GHA,,,,,GOV,,,ISR,ISRAELI,ISR,,,,,,,,1,120,120,12,3,-4.0,5,1,5,1.96078431372549,1,Ghana,GH,GH,8,-2,GH,4,"Gaza, Israel (general), Israel",IS,IS00,31.4167,34.3333,-797156,1,Ghana,GH,GH,8,-2,GH,20240530,https://www.greenleft.org.au/content/gold-coast-residents-call-mayor-sever-ties-israeli-city
1178875167,20240530,202405,2024,2024.4110,GOV,MAYOR,,,,,,GOV,,,ISR,ISRAELI,ISR,,,,,,,,1,020,020,02,1,3.0,2,1,2,1.96078431372549,1,Ghana,GH,GH,8,-2,GH,4,"Gaza, Israel (general), Israel",IS,IS00,31.4167,34.3333,-797156,1,Ghana,GH,GH,8,-2,GH,20240530,https://www.greenleft.org.au/content/gold-coast-residents-call-mayor-sever-ties-israeli-city
1178875172,20240530,202405,2024,2024.4110,GOV,MAYOR,,,,,,GOV,,,ISR,ISRAELI,ISR,,,,,,,,1,120,120,12,3,-4.0,1,1,1,1.96078431372549,4,"Gaza, Israel (general), Israel",IS,IS00,31.4167,34.3333,-797156,1,Ghana,GH,GH,8,-2,GH,1,Ghana,GH,GH,8,-2,GH,20240530,https://www.greenleft.org.au/content/gold-coast-residents-call-mayor-sever-ties-israeli-city
1178875173,20240530,202405,2024,2024.4110,GOV,MAYOR,,,,,,GOV,,,ISR,ISRAELI,ISR,,,,,,,,1,120,120,12,3,-4.0,1,1,1,1.96078431372549,1,Ghana,GH,GH,8,-2,GH,4,"Gaza, Israel (general), Israel",IS,IS00,31.4167,34.3333,-797156,1,Ghana,GH,GH,8,-2,GH,20240530,https://www.greenleft.org.au/content/gold-coast-residents-call-mayor-sever-ties-israeli-city
1178876001,20240530,202405,2024,2024.4110,USA,UNITED STATES,USA,,,,,,,,,,,,,,,,,,1,125,125,12,3,-5.0,14,3,14,-3.70304116056543,2,"New York, United States",US,USNY,42.1497,-74.9384,NY,0,,,,,,,2,"New York, United States",US,USNY,42.1497,-74.9384,NY,20240530,https://finance.yahoo.com/news/billionaire-bill-gates-mcdonalds-gold-140011115.html
1178877837,20240530,202405,2024,2024.4110,AFR,AFRICA,AFR,,,,,,,,,,,,,,,,,,0,061,061,06,2,6.4,10,1,10,-0.399201596806391,4,"Dubai, Dubayy, United Arab Emirates",AE,AE03,25.2522,55.28,-782831,0,,,,,,,4,"Dubai, Dubayy, United Arab Emirates",AE,AE03,25.2522,55.28,-782831,20240530,https://www.middleeasteye.net/news/uae-receives-most-africas-smuggled-gold-says-report
1178877838,20240530,202405,2024,2024.4110,AFR,AFRICA,AFR,,,,,,,,CHE,SWITZERLAND,CHE,,,,,,,,1,112,112,11,3,-2.0,10,1,10,-0.399201596806391,1,Congo,CF,CF,-1,15,CF,1,Congo,CF,CF,-1,15,CF,1,Congo,CF,CF,-1,15,CF,20240530,https://www.middleeasteye.net/news/uae-receives-most-africas-smuggled-gold-says-report
1178878719,20240530,202405,2024,2024.4110,MLI,MALI,MLI,,,,,,,,AFR,AFRICA,AFR,,,,,,,,0,090,090,09,2,-2.0,8,1,8,-0.399201596806391,1,Mali,ML,ML,17,-4,ML,1,Zimbabwe,ZI,ZI,-19,29,ZI,1,Zimbabwe,ZI,ZI,-19,29,ZI,20240530,https://www.middleeasteye.net/news/uae-receives-most-africas-smuggled-gold-says-report
1178878720,20240530,202405,2024,2024.4110,MLI,MALI,MLI,,,,,,,,AFR,AFRICA,AFR,,,,,,,,0,090,090,09,2,-2.0,2,1,2,-0.399201596806391,1,Sudan,SU,SU,16,30,SU,1,Zimbabwe,ZI,ZI,-19,29,ZI,1,Zimbabwe,ZI,ZI,-19,29,ZI,20240530,https://www.middleeasteye.net/news/uae-receives-most-africas-smuggled-gold-says-report
1178878912,20240530,202405,2024,2024.4110,SDN,SUDAN,SDN,,,,,,,,AFR,AFRICA,AFR,,,,,,,,0,090,090,09,2,-2.0,10,1,10,-0.399201596806391,1,Sudan,SU,SU,16,30,SU,1,Zimbabwe,ZI,ZI,-19,29,ZI,1,Zimbabwe,ZI,ZI,-19,29,ZI,20240530,https://www.middleeasteye.net/news/uae-receives-most-africas-smuggled-gold-says-report
1178879181,20240530,202405,2024,2024.4110,ZWE,ZIMBABWE,ZWE,,,,,,,,AFR,AFRICA,AFR,,,,,,,,0,090,090,09,2,-2.0,2,1,2,-0.399201596806391,1,Mali,ML,ML,17,-4,ML,1,Zimbabwe,ZI,ZI,-19,29,ZI,1,Zimbabwe,ZI,ZI,-19,29,ZI,20240530,https://www.middleeasteye.net/news/uae-receives-most-africas-smuggled-gold-says-report
1178879182,20240530,202405,2024,2024.4110,ZWE,ZIMBABWE,ZWE,,,,,,,,AFR,AFRICA,AFR,,,,,,,,0,090,090,09,2,-2.0,8,1,8,-0.399201596806391,1,Zimbabwe,ZI,ZI,-19,29,ZI,1,Zimbabwe,ZI,ZI,-19,29,ZI,1,Zimbabwe,ZI,ZI,-19,29,ZI,20240530,https://www.middleeasteye.net/news/uae-receives-most-africas-smuggled-gold-says-report
1178880218,20240530,202405,2024,2024.4110,,,,,,,,,,,RUSLEG,SAKHA,RUS,,,,,LEG,,,0,173,173,17,4,-5.0,8,1,8,-1.92307692307692,0,,,,,,,4,"Tyanya, Sakha (Yakutiya), Russia",RS,RS63,59.0528,119.788,-3023094,4,"Tyanya, Sakha (Yakutiya), Russia",RS,RS63,59.0528,119.788,-3023094,20240530,https://www.themoscowtimes.com/2024/05/30/their-ancestral-traditions-under-threat-a-village-in-russias-far-east-stands-up-to-gold-mining-giant-a85269
1178880301,20240530,202405,2024,2024.4110,AUS,AUSTRALIA,AUS,,,,,,,,RUS,RUSSIA,RUS,,,,,,,,0,043,043,04,1,2.8,1,1,1,-1.92307692307692,5,"Yakutia, Sakha (Yakutiya), Russia",RS,RS63,65,130,-3038508,5,"Yakutia, Sakha (Yakutiya), Russia",RS,RS63,65,130,-3038508,5,"Yakutia, Sakha (Yakutiya), Russia",RS,RS63,65,130,-3038508,20240530,https://www.themoscowtimes.com/2024/05/30/their-ancestral-traditions-under-threat-a-village-in-russias-far-east-stands-up-to-gold-mining-giant-a85269
1178880302,20240530,202405,2024,2024.4110,AUS,AUSTRALIA,AUS,,,,,,,,RUS,RUSSIA,RUS,,,,,,,,0,043,043,04,1,2.8,1,1,1,-1.92307692307692,1,Australia,AS,AS,-25,135,AS,4,"Moscow, Moskva, Russia",RS,RS48,55.7522,37.6156,-2960561,5,"Yakutia, Sakha (Yakutiya), Russia",RS,RS63,65,130,-3038508,20240530,https://www.themoscowtimes.com/2024/05/30/their-ancestral-traditions-under-threat-a-village-in-russias-far-east-stands-up-to-gold-mining-giant-a85269
1178880364,20240530,202405,2024,2024.4110,BUS,AIRLINE,,,,,,BUS,,,,,,,,,,,,,1,173,173,17,4,-5.0,22,3,22,-2.95170280368979,4,"Kannur, Kerala, India",IN,IN13,11.8667,75.3653,-2092528,0,,,,,,,4,"Kannur, Kerala, India",IN,IN13,11.8667,75.3653,-2092528,20240530,https://www.ndtv.com/india-news/air-hostess-from-kolkata-arrested-after-nearly-1-kg-gold-found-in-rectum-5779472
1178880365,20240530,202405,2024,2024.4110,BUS,AIRLINE,,,,,,BUS,,,,,,,,,,,,,1,173,173,17,4,-5.0,8,3,8,-2.95170280368979,5,"Kerala, Kerala, India",IN,IN13,10,76.5,-2100307,0,,,,,,,5,"Kerala, Kerala, India",IN,IN13,10,76.5,-2100307,20240530,https://www.ndtv.com/india-news/air-hostess-from-kolkata-arrested-after-nearly-1-kg-gold-found-in-rectum-5779472
1178880478,20240530,202405,2024,2024.4110,COP,DEPUTY,,,,,,COP,,,RUS,RUSSIA,RUS,,,,,,,,0,111,111,11,3,-2.0,1,1,1,-1.92307692307692,4,"Moscow, Moskva, Russia",RS,RS48,55.7522,37.6156,-2960561,4,"Moscow, Moskva, Russia",RS,RS48,55.7522,37.6156,-2960561,4,"Moscow, Moskva, Russia",RS,RS48,55.7522,37.6156,-2960561,20240530,https://www.themoscowtimes.com/2024/05/30/their-ancestral-traditions-under-threat-a-village-in-russias-far-east-stands-up-to-gold-mining-giant-a85269
1178880479,20240530,202405,2024,2024.4110,COP,DEPUTY,,,,,,COP,,,RUS,RUSSIA,RUS,,,,,,,,0,111,111,11,3,-2.0,4,1,4,-1.92307692307692,4,"Tyanya, Sakha (Yakutiya), Russia",RS,RS63,59.0528,119.788,-3023094,4,"Tyanya, Sakha (Yakutiya), Russia",RS,RS63,59.0528,119.788,-3023094,4,"Tyanya, Sakha (Yakutiya), Russia",RS,RS63,59.0528,119.788,-3023094,20240530,https://www.themoscowtimes.com/2024/05/30/their-ancestral-traditions-under-threat-a-village-in-russias-far-east-stands-up-to-gold-mining-giant-a85269
1178880493,20240530,202405,2024,2024.4110,CRM,GANG,,,,,,CRM,,,,,,,,,,,,,0,010,010,01,1,0.0,2,1,2,-2.84552845528456,5,"Kerala, Kerala, India",IN,IN13,10,76.5,-2100307,0,,,,,,,5,"Kerala, Kerala, India",IN,IN13,10,76.5,-2100307,20240530,https://www.ndtv.com/india-news/air-hostess-from-kolkata-arrested-after-nearly-1-kg-gold-found-in-rectum-5779472
1178880548,20240530,202405,2024,2024.4110,CVL,RESIDENTS,,,,,,CVL,,,RUS,MOSCOW,RUS,,,,,,,,0,013,013,01,1,0.4,3,1,3,-1.92307692307692,4,"Moscow, Moskva, Russia",RS,RS48,55.7522,37.6156,-2960561,4,"Moscow, Moskva, Russia",RS,RS48,55.7522,37.6156,-2960561,4,"Moscow, Moskva, Russia",RS,RS48,55.7522,37.6156,-2960561,20240530,https://www.themoscowtimes.com/2024/05/30/their-ancestral-traditions-under-threat-a-village-in-russias-far-east-stands-up-to-gold-mining-giant-a85269
1178880803,20240530,202405,2024,2024.4110,GOVCVL,ADMINISTRATION,,,,,,GOV,CVL,,RUS,RUSSIA,RUS,,,,,,,,0,013,013,01,1,0.4,2,1,2,-1.92307692307692,4,"Tyanya, Sakha (Yakutiya), Russia",RS,RS63,59.0528,119.788,-3023094,4,"Moscow, Moskva, Russia",RS,RS48,55.7522,37.6156,-2960561,4,"Moscow, Moskva, Russia",RS,RS48,55.7522,37.6156,-2960561,20240530,https://www.themoscowtimes.com/2024/05/30/their-ancestral-traditions-under-threat-a-village-in-russias-far-east-stands-up-to-gold-mining-giant-a85269
1178880876,20240530,202405,2024,2024.4110,IND,KERALA,IND,,,,,,,,CRM,GANG,,,,,,CRM,,,0,010,010,01,1,0.0,5,1,5,-2.84552845528456,5,"Kerala, Kerala, India",IN,IN13,10,76.5,-2100307,5,"Kerala, Kerala, India",IN,IN13,10,76.5,-2100307,5,"Kerala, Kerala, India",IN,IN13,10,76.5,-2100307,20240530,https://www.ndtv.com/india-news/air-hostess-from-kolkata-arrested-after-nearly-1-kg-gold-found-in-rectum-5779472
1178881287,20240530,202405,2024,2024.4110,RAD,EXTREMIST,,,,,,RAD,,,COP,DEPUTY,,,,,,COP,,,0,111,111,11,3,-2.0,1,1,1,-1.92307692307692,4,"Moscow, Moskva, Russia",RS,RS48,55.7522,37.6156,-2960561,4,"Moscow, Moskva, Russia",RS,RS48,55.7522,37.6156,-2960561,4,"Moscow, Moskva, Russia",RS,RS48,55.7522,37.6156,-2960561,20240530,https://www.themoscowtimes.com/2024/05/30/their-ancestral-traditions-under-threat-a-village-in-russias-far-east-stands-up-to-gold-mining-giant-a85269
1178881288,20240530,202405,2024,2024.4110,RAD,EXTREMIST,,,,,,RAD,,,COP,DEPUTY,,,,,,COP,,,0,111,111,11,3,-2.0,4,1,4,-1.92307692307692,4,"Moscow, Moskva, Russia",RS,RS48,55.7522,37.6156,-2960561,4,"Tyanya, Sakha (Yakutiya), Russia",RS,RS63,59.0528,119.788,-3023094,4,"Tyanya, Sakha (Yakutiya), Russia",RS,RS63,59.0528,119.788,-3023094,20240530,https://www.themoscowtimes.com/2024/05/30/their-ancestral-traditions-under-threat-a-village-in-russias-far-east-stands-up-to-gold-mining-giant-a85269
1178881301,20240530,202405,2024,2024.4110,RUS,RUSSIA,RUS,,,,,,,,AUS,AUSTRALIA,AUS,,,,,,,,0,042,042,04,1,1.9,1,1,1,-1.92307692307692,4,"Moscow, Moskva, Russia",RS,RS48,55.7522,37.6156,-2960561,1,Australia,AS,AS,-25,135,AS,5,"Yakutia, Sakha (Yakutiya), Russia",RS,RS63,65,130,-3038508,20240530,https://www.themoscowtimes.com/2024/05/30/their-ancestral-traditions-under-threat-a-village-in-russias-far-east-stands-up-to-gold-mining-giant-a85269
1178881302,20240530,202405,2024,2024.4110,RUS,RUSSIA,RUS,,,,,,,,AUS,AUSTRALIA,AUS,,,,,,,,0,042,042,04,1,1.9,1,1,1,-1.92307692307692,5,"Yakutia, Sakha (Yakutiya), Russia",RS,RS63,65,130,-3038508,5,"Yakutia, Sakha (Yakutiya), Russia",RS,RS63,65,130,-3038508,5,"Yakutia, Sakha (Yakutiya), Russia",RS,RS63,65,130,-3038508,20240530,https://www.themoscowtimes.com/2024/05/30/their-ancestral-traditions-under-threat-a-village-in-russias-far-east-stands-up-to-gold-mining-giant-a85269
1178881303,20240530,202405,2024,2024.4110,RUS,RUSSIA,RUS,,,,,,,,CVL,COMMUNITY,,,,,,CVL,,,0,010,010,01,1,0.0,2,1,2,-1.92307692307692,4,"Tyanya, Sakha (Yakutiya), Russia",RS,RS63,59.0528,119.788,-3023094,4,"Kremlin, Moskva, Russia",RS,RS48,55.7522,37.6156,-2960561,4,"Tyanya, Sakha (Yakutiya), Russia",RS,RS63,59.0528,119.788,-3023094,20240530,https://www.themoscowtimes.com/2024/05/30/their-ancestral-traditions-under-threat-a-village-in-russias-far-east-stands-up-to-gold-mining-giant-a85269
1178881304,20240530,202405,2024,2024.4110,RUS,RUSSIA,RUS,,,,,,,,CVL,COMMUNITY,,,,,,CVL,,,0,010,010,01,1,0.0,2,1,2,-1.92307692307692,4,"Tyanya, Sakha (Yakutiya), Russia",RS,RS63,59.0528,119.788,-3023094,4,"Tyanya, Sakha (Yakutiya), Russia",RS,RS63,59.0528,119.788,-3023094,4,"Tyanya, Sakha (Yakutiya), Russia",RS,RS63,59.0528,119.788,-3023094,20240530,https://www.themoscowtimes.com/2024/05/30/their-ancestral-traditions-under-threat-a-village-in-russias-far-east-stands-up-to-gold-mining-giant-a85269
1178881312,20240530,202405,2024,2024.4110,RUS,MOSCOW,RUS,,,,,,,,RUSGOV,RUSSIA,RUS,,,,,GOV,,,0,111,111,11,3,-2.0,1,1,1,-1.92307692307692,5,"Yakutia, Sakha (Yakutiya), Russia",RS,RS63,65,130,-3038508,5,"Yakutia, Sakha (Yakutiya), Russia",RS,RS63,65,130,-3038508,5,"Yakutia, Sakha (Yakutiya), Russia",RS,RS63,65,130,-3038508,20240530,https://www.themoscowtimes.com/2024/05/30/their-ancestral-traditions-under-threat-a-village-in-russias-far-east-stands-up-to-gold-mining-giant-a85269
1178881313,20240530,202405,2024,2024.4110,RUS,RUSSIA,RUS,,,,,,,,RUSLEG,SAKHA,RUS,,,,,LEG,,,0,173,173,17,4,-5.0,2,1,2,-1.92307692307692,4,"Tyanya, Sakha (Yakutiya), Russia",RS,RS63,59.0528,119.788,-3023094,4,"Tyanya, Sakha (Yakutiya), Russia",RS,RS63,59.0528,119.788,-3023094,4,"Tyanya, Sakha (Yakutiya), Russia",RS,RS63,59.0528,119.788,-3023094,20240530,https://www.themoscowtimes.com/2024/05/30/their-ancestral-traditions-under-threat-a-village-in-russias-far-east-stands-up-to-gold-mining-giant-a85269
1178881314,20240530,202405,2024,2024.4110,RUS,RUSSIA,RUS,,,,,,,,RUSMED,SAKHA,RUS,,,,,MED,,,0,010,010,01,1,0.0,4,1,4,-1.92307692307692,4,"Tyanya, Sakha (Yakutiya), Russia",RS,RS63,59.0528,119.788,-3023094,4,"Tyanya, Sakha (Yakutiya), Russia",RS,RS63,59.0528,119.788,-3023094,4,"Tyanya, Sakha (Yakutiya), Russia",RS,RS63,59.0528,119.788,-3023094,20240530,https://www.themoscowtimes.com/2024/05/30/their-ancestral-traditions-under-threat-a-village-in-russias-far-east-stands-up-to-gold-mining-giant-a85269
1178881329,20240530,202405,2024,2024.4110,RUSMED,SAKHA,RUS,,,,,MED,,,,,,,,,,,,,0,010,010,01,1,0.0,6,1,6,-1.92307692307692,4,"Tyanya, Sakha (Yakutiya), Russia",RS,RS63,59.0528,119.788,-3023094,0,,,,,,,4,"Tyanya, Sakha (Yakutiya), Russia",RS,RS63,59.0528,119.788,-3023094,20240530,https://www.themoscowtimes.com/2024/05/30/their-ancestral-traditions-under-threat-a-village-in-russias-far-east-stands-up-to-gold-mining-giant-a85269
1178881623,20240530,202405,2024,2024.4110,idgCVL,INDIGENOUS,,,idg,,,CVL,,,RUS,RUSSIAN,RUS,,,,,,,,1,100,100,10,3,-5.0,10,1,10,-1.92307692307692,4,"Moscow, Moskva, Russia",RS,RS48,55.7522,37.6156,-2960561,4,"Moscow, Moskva, Russia",RS,RS48,55.7522,37.6156,-2960561,4,"Moscow, Moskva, Russia",RS,RS48,55.7522,37.6156,-2960561,20240530,https://www.themoscowtimes.com/2024/05/30/their-ancestral-traditions-under-threat-a-village-in-russias-far-east-stands-up-to-gold-mining-giant-a85269
1178882954,20240530,202405,2024,2024.4110,AFR,AFRICA,AFR,,,,,,,,ARE,UNITED ARAB EMIRATES,ARE,,,,,,,,1,061,061,06,2,6.4,7,1,7,-3.78071833648393,4,"Dubai, Dubayy, United Arab Emirates",AE,AE03,25.2522,55.28,-782831,4,"Dubai, Dubayy, United Arab Emirates",AE,AE03,25.2522,55.28,-782831,4,"Dubai, Dubayy, United Arab Emirates",AE,AE03,25.2522,55.28,-782831,20240530,https://www.biznews.com/gold/2024/05/30/african-gold-smuggling-uae
1178882967,20240530,202405,2024,2024.4110,ARE,DUBAI,ARE,,,,,,,,RWA,RWANDA,RWA,,,,,,,,1,043,043,04,1,2.8,5,1,5,-3.78071833648393,4,"Dubai, Dubayy, United Arab Emirates",AE,AE03,25.2522,55.28,-782831,1,Rwanda,RW,RW,-2,30,RW,1,Uganda,UG,UG,2,33,UG,20240530,https://www.biznews.com/gold/2024/05/30/african-gold-smuggling-uae
1178882968,20240530,202405,2024,2024.4110,ARE,UNITED ARAB EMIRATES,ARE,,,,,,,,RWA,RWANDA,RWA,,,,,,,,1,043,043,04,1,2.8,2,1,2,-3.78071833648393,1,Rwanda,RW,RW,-2,30,RW,1,Uganda,UG,UG,2,33,UG,1,Uganda,UG,UG,2,33,UG,20240530,https://www.biznews.com/gold/2024/05/30/african-gold-smuggling-uae
1178882969,20240530,202405,2024,2024.4110,ARE,DUBAI,ARE,,,,,,,,UGA,UGANDA,UGA,,,,,,,,1,043,043,04,1,2.8,5,1,5,-3.78071833648393,4,"Dubai, Dubayy, United Arab Emirates",AE,AE03,25.2522,55.28,-782831,1,Uganda,UG,UG,2,33,UG,1,Uganda,UG,UG,2,33,UG,20240530,https://www.biznews.com/gold/2024/05/30/african-gold-smuggling-uae
1178882970,20240530,202405,2024,2024.4110,ARE,UNITED ARAB EMIRATES,ARE,,,,,,,,UGA,UGANDA,UGA,,,,,,,,1,043,043,04,1,2.8,2,1,2,-3.78071833648393,1,Rwanda,RW,RW,-2,30,RW,1,Uganda,UG,UG,2,33,UG,1,Uganda,UG,UG,2,33,UG,20240530,https://www.biznews.com/gold/2024/05/30/african-gold-smuggling-uae
1178884027,20240530,202405,2024,2024.4110,RWA,RWANDA,RWA,,,,,,,,ARE,DUBAI,ARE,,,,,,,,1,042,042,04,1,1.9,5,1,5,-3.78071833648393,1,Rwanda,RW,RW,-2,30,RW,4,"Dubai, Dubayy, United Arab Emirates",AE,AE03,25.2522,55.28,-782831,1,Uganda,UG,UG,2,33,UG,20240530,https://www.biznews.com/gold/2024/05/30/african-gold-smuggling-uae
1178884028,20240530,202405,2024,2024.4110,RWA,RWANDA,RWA,,,,,,,,ARE,UNITED ARAB EMIRATES,ARE,,,,,,,,1,042,042,04,1,1.9,2,1,2,-3.78071833648393,1,Uganda,UG,UG,2,33,UG,1,Rwanda,RW,RW,-2,30,RW,1,Uganda,UG,UG,2,33,UG,20240530,https://www.biznews.com/gold/2024/05/30/african-gold-smuggling-uae
1178884076,20240530,202405,2024,2024.4110,UGA,UGANDA,UGA,,,,,,,,ARE,DUBAI,ARE,,,,,,,,1,042,042,04,1,1.9,7,1,7,-3.78071833648393,4,"Dubai, Dubayy, United Arab Emirates",AE,AE03,25.2522,55.28,-782831,4,"Dubai, Dubayy, United Arab Emirates",AE,AE03,25.2522,55.28,-782831,4,"Dubai, Dubayy, United Arab Emirates",AE,AE03,25.2522,55.28,-782831,20240530,https://www.biznews.com/gold/2024/05/30/african-gold-smuggling-uae
1178886258,20240530,202405,2024,2024.4110,GOV,GOVERNMENT,,,,,,GOV,,,EDU,ACADEMICS,,,,,,EDU,,,1,020,020,02,1,3.0,5,1,5,1.21703853955375,1,United States,US,US,39.828175,-98.5795,US,1,United States,US,US,39.828175,-98.5795,US,1,United States,US,US,39.828175,-98.5795,US,20240530,https://www.firstpost.com/world/smuggled-african-gold-worth-billions-ends-up-in-uae-us-europe-report-13776928.html
1178886260,20240530,202405,2024,2024.4110,GOV,GOVERNMENT,,,,,,GOV,,,EDU,ACADEMICS,,,,,,EDU,,,1,130,130,13,3,-4.4,5,1,5,1.21703853955375,1,United Arab Emirates,AE,AE,24,54,AE,1,United Arab Emirates,AE,AE,24,54,AE,1,United Arab Emirates,AE,AE,24,54,AE,20240530,https://www.firstpost.com/world/smuggled-african-gold-worth-billions-ends-up-in-uae-us-europe-report-13776928.html
1178886720,20240530,202405,2024,2024.4110,OMN,MUSCAT,OMN,,,,,,,,BUS,AIRLINE,,,,,,BUS,,,1,173,173,17,4,-5.0,16,2,16,-3.0047899778924,5,"Kerala, Kerala, India",IN,IN13,10,76.5,-2100307,5,"Kerala, Kerala, India",IN,IN13,10,76.5,-2100307,5,"Kerala, Kerala, India",IN,IN13,10,76.5,-2100307,20240530,https://www.devdiscourse.com/article/law-order/2955430-airline-crew-member-busted-for-smuggling-gold-in-rectum-at-kannur-airport
1178889357,20240530,202405,2024,2024.4110,,,,,,,,,,,BUS,COMPANY,,,,,,BUS,,,0,057,057,05,1,8.0,10,1,10,1.18665811417575,0,,,,,,,4,"Tembo, Morogoro, Tanzania",TZ,TZ10,-6.11667,37.1167,-2573980,4,"Tembo, Morogoro, Tanzania",TZ,TZ10,-6.11667,37.1167,-2573980,20240530,https://www.marketscreener.com/quote/stock/LAKE-VICTORIA-GOLD-LTD-49479047/news/Lake-Victoria-Gold-Q1-2024-MD-A-46866220/
1178889384,20240530,202405,2024,2024.4110,,,,,,,,,,,CVL,VILLAGE,,,,,,CVL,,,0,043,043,04,1,2.8,10,1,10,1.18665811417575,0,,,,,,,4,"Tembo, Morogoro, Tanzania",TZ,TZ10,-6.11667,37.1167,-2573980,4,"Tembo, Morogoro, Tanzania",TZ,TZ10,-6.11667,37.1167,-2573980,20240530,https://www.marketscreener.com/quote/stock/LAKE-VICTORIA-GOLD-LTD-49479047/news/Lake-Victoria-Gold-Q1-2024-MD-A-46866220/
1178889408,20240530,202405,2024,2024.4110,,,,,,,,,,,GOV,KING,,,,,,GOV,,,0,010,010,01,1,0.0,9,3,9,2.75035416015787,0,,,,,,,3,"Kings Canyon, Utah, United States",US,USUT,39.9227,-109.82,1429359,3,"Kings Canyon, Utah, United States",US,USUT,39.9227,-109.82,1429359,20240530,https://www.finanznachrichten.de/nachrichten-2024-05/62368135-infield-minerals-corp-infield-minerals-announces-agreement-to-acquire-interests-in-the-kings-canyon-gold-property-200.htm
1178889409,20240530,202405,2024,2024.4110,,,,,,,,,,,GOV,KING,,,,,,GOV,,,0,010,010,01,1,0.0,3,3,3,2.75035416015787,0,,,,,,,2,"Nevada, United States",US,USNV,38.4199,-117.122,NV,2,"Utah, United States",US,USUT,40.1135,-111.854,UT,20240530,https://www.finanznachrichten.de/nachrichten-2024-05/62368135-infield-minerals-corp-infield-minerals-announces-agreement-to-acquire-interests-in-the-kings-canyon-gold-property-200.htm
1178889414,20240530,202405,2024,2024.4110,,,,,,,,,,,GOV,KING,,,,,,GOV,,,0,042,042,04,1,1.9,6,3,6,2.75035416015787,0,,,,,,,3,"Kings Canyon, Utah, United States",US,USUT,39.9227,-109.82,1429359,3,"Kings Canyon, Utah, United States",US,USUT,39.9227,-109.82,1429359,20240530,https://www.finanznachrichten.de/nachrichten-2024-05/62368135-infield-minerals-corp-infield-minerals-announces-agreement-to-acquire-interests-in-the-kings-canyon-gold-property-200.htm
1178889487,20240530,202405,2024,2024.4110,,,,,,,,,,,USA,UNITED STATES,USA,,,,,,,,0,010,010,01,1,0.0,6,3,6,2.75035416015787,0,,,,,,,3,"Kings Canyon, Utah, United States",US,USUT,39.9227,-109.82,1429359,3,"Kings Canyon, Utah, United States",US,USUT,39.9227,-109.82,1429359,20240530,https://www.finanznachrichten.de/nachrichten-2024-05/62368135-infield-minerals-corp-infield-minerals-announces-agreement-to-acquire-interests-in-the-kings-canyon-gold-property-200.htm
1178889488,20240530,202405,2024,2024.4110,,,,,,,,,,,USA,UNITED STATES,USA,,,,,,,,0,010,010,01,1,0.0,6,3,6,2.75035416015787,0,,,,,,,2,"Utah, United States",US,USUT,40.1135,-111.854,UT,3,"Kings Canyon, Utah, United States",US,USUT,39.9227,-109.82,1429359,20240530,https://www.finanznachrichten.de/nachrichten-2024-05/62368135-infield-minerals-corp-infield-minerals-announces-agreement-to-acquire-interests-in-the-kings-canyon-gold-property-200.htm
1178889497,20240530,202405,2024,2024.4110,,,,,,,,,,,USA,UNITED STATES,USA,,,,,,,,1,040,040,04,1,1.0,1,1,1,-0.29717682020802,0,,,,,,,2,"Indiana, United States",US,USIN,39.8647,-86.2604,IN,2,"Indiana, United States",US,USIN,39.8647,-86.2604,IN,20240530,https://nypost.com/2024/05/30/entertainment/why-golden-bachelor-gerry-turner-theresa-nist-really-split-co-star/
1178889501,20240530,202405,2024,2024.4110,,,,,,,,,,,USA,UNITED STATES,USA,,,,,,,,0,042,042,04,1,1.9,18,3,14,2.75035416015787,0,,,,,,,3,"Kings Canyon, Utah, United States",US,USUT,39.9227,-109.82,1429359,3,"Kings Canyon, Utah, United States",US,USUT,39.9227,-109.82,1429359,20240530,https://www.finanznachrichten.de/nachrichten-2024-05/62368135-infield-minerals-corp-infield-minerals-announces-agreement-to-acquire-interests-in-the-kings-canyon-gold-property-200.htm
1178889506,20240530,202405,2024,2024.4110,,,,,,,,,,,USA,UNITED STATES,USA,,,,,,,,0,042,042,04,1,1.9,6,3,6,2.75035416015787,0,,,,,,,2,"Utah, United States",US,USUT,40.1135,-111.854,UT,3,"Kings Canyon, Utah, United States",US,USUT,39.9227,-109.82,1429359,20240530,https://www.finanznachrichten.de/nachrichten-2024-05/62368135-infield-minerals-corp-infield-minerals-announces-agreement-to-acquire-interests-in-the-kings-canyon-gold-property-200.htm
1178889600,20240530,202405,2024,2024.4110,BUS,COMPANY,,,,,,BUS,,,,,,,,,,,,,1,030,030,03,1,4.0,10,1,10,1.18665811417575,4,"Tembo, Morogoro, Tanzania",TZ,TZ10,-6.11667,37.1167,-2573980,0,,,,,,,4,"Tembo, Morogoro, Tanzania",TZ,TZ10,-6.11667,37.1167,-2573980,20240530,https://www.marketscreener.com/quote/stock/LAKE-VICTORIA-GOLD-LTD-49479047/news/Lake-Victoria-Gold-Q1-2024-MD-A-46866220/
1178889607,20240530,202405,2024,2024.4110,BUS,COMPANY,,,,,,BUS,,,,,,,,,,,,,0,057,057,05,1,8.0,10,1,10,1.18665811417575,4,"Tembo, Morogoro, Tanzania",TZ,TZ10,-6.11667,37.1167,-2573980,0,,,,,,,4,"Tembo, Morogoro, Tanzania",TZ,TZ10,-6.11667,37.1167,-2573980,20240530,https://www.marketscreener.com/quote/stock/LAKE-VICTORIA-GOLD-LTD-49479047/news/Lake-Victoria-Gold-Q1-2024-MD-A-46866220/
1178889655,20240530,202405,2024,2024.4110,BUS,COMPANY,,,,,,BUS,,,TZA,TANZANIAN,TZA,,,,,,,,0,030,030,03,1,4.0,1,1,1,1.18665811417575,4,"Tembo, Morogoro, Tanzania",TZ,TZ10,-6.11667,37.1167,-2573980,4,"Tembo, Morogoro, Tanzania",TZ,TZ10,-6.11667,37.1167,-2573980,4,"Tembo, Morogoro, Tanzania",TZ,TZ10,-6.11667,37.1167,-2573980,20240530,https://www.marketscreener.com/quote/stock/LAKE-VICTORIA-GOLD-LTD-49479047/news/Lake-Victoria-Gold-Q1-2024-MD-A-46866220/
1178889656,20240530,202405,2024,2024.4110,BUS,COMPANY,,,,,,BUS,,,TZA,TANZANIAN,TZA,,,,,,,,0,030,030,03,1,4.0,1,1,1,1.18665811417575,4,"Vancouver, British Columbia, Canada",CA,CA02,49.25,-123.133,-575268,4,"Vancouver, British Columbia, Canada",CA,CA02,49.25,-123.133,-575268,4,"Vancouver, British Columbia, Canada",CA,CA02,49.25,-123.133,-575268,20240530,https://www.marketscreener.com/quote/stock/LAKE-VICTORIA-GOLD-LTD-49479047/news/Lake-Victoria-Gold-Q1-2024-MD-A-46866220/
1178889797,20240530,202405,2024,2024.4110,CVL,VILLAGE,,,,,,CVL,,,,,,,,,,,,,0,042,042,04,1,1.9,10,1,10,1.18665811417575,4,"Tembo, Morogoro, Tanzania",TZ,TZ10,-6.11667,37.1167,-2573980,0,,,,,,,4,"Tembo, Morogoro, Tanzania",TZ,TZ10,-6.11667,37.1167,-2573980,20240530,https://www.marketscreener.com/quote/stock/LAKE-VICTORIA-GOLD-LTD-49479047/news/Lake-Victoria-Gold-Q1-2024-MD-A-46866220/
1178890042,20240530,202405,2024,2024.4110,GOV,KING,,,,,,GOV,,,,,,,,,,,,,0,043,043,04,1,2.8,6,3,6,2.75035416015787,3,"Kings Canyon, Utah, United States",US,USUT,39.9227,-109.82,1429359,0,,,,,,,3,"Kings Canyon, Utah, United States",US,USUT,39.9227,-109.82,1429359,20240530,https://www.finanznachrichten.de/nachrichten-2024-05/62368135-infield-minerals-corp-infield-minerals-announces-agreement-to-acquire-interests-in-the-kings-canyon-gold-property-200.htm
1178890165,20240530,202405,2024,2024.4110,GOV,KING,,,,,,GOV,,,USA,NEVADA,USA,,,,,,,,0,043,043,04,1,2.8,11,3,10,2.75035416015787,3,"Kings Canyon, Utah, United States",US,USUT,39.9227,-109.82,1429359,3,"Kings Canyon, Utah, United States",US,USUT,39.9227,-109.82,1429359,3,"Kings Canyon, Utah, United States",US,USUT,39.9227,-109.82,1429359,20240530,https://www.finanznachrichten.de/nachrichten-2024-05/62368135-infield-minerals-corp-infield-minerals-announces-agreement-to-acquire-interests-in-the-kings-canyon-gold-property-200.htm
1178890166,20240530,202405,2024,2024.4110,GOV,KING,,,,,,GOV,,,USA,UNITED STATES,USA,,,,,,,,0,043,043,04,1,2.8,5,3,5,2.75035416015787,2,"Nevada, United States",US,USNV,38.4199,-117.122,NV,2,"Nevada, United States",US,USNV,38.4199,-117.122,NV,2,"Nevada, United States",US,USNV,38.4199,-117.122,NV,20240530,https://www.finanznachrichten.de/nachrichten-2024-05/62368135-infield-minerals-corp-infield-minerals-announces-agreement-to-acquire-interests-in-the-kings-canyon-gold-property-200.htm
1178890946,20240530,202405,2024,2024.4110,TZA,TANZANIA,TZA,,,,,,,,,,,,,,,,,,0,010,010,01,1,0.0,10,1,10,1.18665811417575,4,"Tembo, Morogoro, Tanzania",TZ,TZ10,-6.11667,37.1167,-2573980,0,,,,,,,4,"Tembo, Morogoro, Tanzania",TZ,TZ10,-6.11667,37.1167,-2573980,20240530,https://www.marketscreener.com/quote/stock/LAKE-VICTORIA-GOLD-LTD-49479047/news/Lake-Victoria-Gold-Q1-2024-MD-A-46866220/
1178890947,20240530,202405,2024,2024.4110,TZA,TANZANIA,TZA,,,,,,,,,,,,,,,,,,0,084,084,08,2,7.0,6,1,6,-0.81665986116782,4,"Tembo, Morogoro, Tanzania",TZ,TZ10,-6.11667,37.1167,-2573980,0,,,,,,,4,"Tembo, Morogoro, Tanzania",TZ,TZ10,-6.11667,37.1167,-2573980,20240530,https://www.marketscreener.com/quote/stock/LAKE-VICTORIA-GOLD-LTD-49479047/news/Lake-Victoria-Gold-Q1-2024-Financial-Statements-46866221/
1178891010,20240530,202405,2024,2024.4110,USA,UNITED STATES,USA,,,,,,,,,,,,,,,,,,1,040,040,04,1,1.0,1,1,1,-0.29717682020802,2,"Indiana, United States",US,USIN,39.8647,-86.2604,IN,0,,,,,,,2,"Indiana, United States",US,USIN,39.8647,-86.2604,IN,20240530,https://nypost.com/2024/05/30/entertainment/why-golden-bachelor-gerry-turner-theresa-nist-really-split-co-star/
1178891015,20240530,202405,2024,2024.4110,USA,UNITED STATES,USA,,,,,,,,,,,,,,,,,,0,043,043,04,1,2.8,14,3,12,2.75035416015787,3,"Kings Canyon, Utah, United States",US,USUT,39.9227,-109.82,1429359,0,,,,,,,3,"Kings Canyon, Utah, United States",US,USUT,39.9227,-109.82,1429359,20240530,https://www.finanznachrichten.de/nachrichten-2024-05/62368135-infield-minerals-corp-infield-minerals-announces-agreement-to-acquire-interests-in-the-kings-canyon-gold-property-200.htm
1178891018,20240530,202405,2024,2024.4110,USA,UNITED STATES,USA,,,,,,,,,,,,,,,,,,0,043,043,04,1,2.8,4,2,4,2.52326922327169,2,"Utah, United States",US,USUT,40.1135,-111.854,UT,0,,,,,,,3,"Kings Canyon, Utah, United States",US,USUT,39.9227,-109.82,1429359,20240530,https://www.finanznachrichten.de/nachrichten-2024-05/62368135-infield-minerals-corp-infield-minerals-announces-agreement-to-acquire-interests-in-the-kings-canyon-gold-property-200.htm
1178891113,20240530,202405,2024,2024.4110,USA,NEVADA,USA,,,,,,,,GOV,KING,,,,,,GOV,,,0,042,042,04,1,1.9,8,3,8,2.75035416015787,3,"Kings Canyon, Utah, United States",US,USUT,39.9227,-109.82,1429359,3,"Kings Canyon, Utah, United States",US,USUT,39.9227,-109.82,1429359,3,"Kings Canyon, Utah, United States",US,USUT,39.9227,-109.82,1429359,20240530,https://www.finanznachrichten.de/nachrichten-2024-05/62368135-infield-minerals-corp-infield-minerals-announces-agreement-to-acquire-interests-in-the-kings-canyon-gold-property-200.htm
1178891114,20240530,202405,2024,2024.4110,USA,NEVADA,USA,,,,,,,,GOV,KING,,,,,,GOV,,,0,042,042,04,1,1.9,6,2,6,2.52326922327169,2,"Nevada, United States",US,USNV,38.4199,-117.122,NV,3,"Kings Canyon, Utah, United States",US,USUT,39.9227,-109.82,1429359,3,"Kings Canyon, Utah, United States",US,USUT,39.9227,-109.82,1429359,20240530,https://www.finanznachrichten.de/nachrichten-2024-05/62368135-infield-minerals-corp-infield-minerals-announces-agreement-to-acquire-interests-in-the-kings-canyon-gold-property-200.htm
1178891115,20240530,202405,2024,2024.4110,USA,UNITED STATES,USA,,,,,,,,GOV,KING,,,,,,GOV,,,0,042,042,04,1,1.9,6,3,6,2.75035416015787,2,"Nevada, United States",US,USNV,38.4199,-117.122,NV,2,"Nevada, United States",US,USNV,38.4199,-117.122,NV,2,"Nevada, United States",US,USNV,38.4199,-117.122,NV,20240530,https://www.finanznachrichten.de/nachrichten-2024-05/62368135-infield-minerals-corp-infield-minerals-announces-agreement-to-acquire-interests-in-the-kings-canyon-gold-property-200.htm
1178892907,20240530,202405,2024,2024.4110,USA,INDIANAPOLIS,USA,,,,,,,,,,,,,,,,,,1,051,051,05,1,3.4,10,1,10,7.00179533213644,3,"Indianapolis, Indiana, United States",US,USIN,39.7684,-86.158,452890,0,,,,,,,3,"Indianapolis, Indiana, United States",US,USIN,39.7684,-86.158,452890,20240530,https://wishtv.com/golden-apple/a-sneak-peek-at-mays-golden-apple-award-winner/
1178895431,20240530,202405,2024,2024.4110,COD,CONGOLESE,COD,,,,,,,,,,,,,,,,,,1,112,112,11,3,-2.0,10,2,10,-0.091074681238615,1,Uganda,UG,UG,2,33,UG,0,,,,,,,1,Uganda,UG,UG,2,33,UG,20240530,https://www.northernminer.com/news/billions-in-african-gold-smuggled-to-uae-report/1003867959/
1178895825,20240530,202405,2024,2024.4110,GOV,MINIST OF ECONOMY,,,,,,GOV,,,,,,,,,,,,,1,010,010,01,1,0.0,20,2,20,-0.091074681238615,1,Uganda,UG,UG,2,33,UG,0,,,,,,,1,Uganda,UG,UG,2,33,UG,20240530,https://www.northernminer.com/news/billions-in-african-gold-smuggled-to-uae-report/1003867959/
1178897576,20240530,202405,2024,2024.4110,COL,COLOMBIA,COL,,,,,,,,COP,POLICE,,,,,,COP,,,0,020,020,02,1,3.0,10,1,10,-0.52962595167163,4,"Quebradona, CaquetáO, Colombia",CO,CO08,1.25646,-75.9376,10875698,4,"Siguiri, Prefecture de Siguiri, Guinea",GV,GV39,11.4167,-9.16667,-1185188,4,"Siguiri, Prefecture de Siguiri, Guinea",GV,GV39,11.4167,-9.16667,-1185188,20240530,https://www.marketscreener.com/quote/stock/ANGLOGOLD-ASHANTI-PLC-11712/news/AngloGold-Ashanti-2023-Report-to-the-Plenary-Session-of-the-Voluntary-Principles-on-Security-and-H-46866626/
1178897577,20240530,202405,2024,2024.4110,COL,COLOMBIA,COL,,,,,,,,GIN,GUINEA,GIN,,,,,,,,0,010,010,01,1,0.0,8,1,8,-0.52962595167163,4,"Ashanti, Ghana (general), Ghana",GH,GH00,6.91428,0.536667,-2069925,4,"Ashanti, Ghana (general), Ghana",GH,GH00,6.91428,0.536667,-2069925,4,"Ashanti, Ghana (general), Ghana",GH,GH00,6.91428,0.536667,-2069925,20240530,https://www.marketscreener.com/quote/stock/ANGLOGOLD-ASHANTI-PLC-11712/news/AngloGold-Ashanti-2023-Report-to-the-Plenary-Session-of-the-Voluntary-Principles-on-Security-and-H-46866626/
1178897578,20240530,202405,2024,2024.4110,COL,COLOMBIA,COL,,,,,,,,GIN,GUINEA,GIN,,,,,,,,0,010,010,01,1,0.0,2,1,2,-0.52962595167163,4,"Quebradona, CaquetáO, Colombia",CO,CO08,1.25646,-75.9376,10875698,4,"Siguiri, Prefecture de Siguiri, Guinea",GV,GV39,11.4167,-9.16667,-1185188,4,"Siguiri, Prefecture de Siguiri, Guinea",GV,GV39,11.4167,-9.16667,-1185188,20240530,https://www.marketscreener.com/quote/stock/ANGLOGOLD-ASHANTI-PLC-11712/news/AngloGold-Ashanti-2023-Report-to-the-Plenary-Session-of-the-Voluntary-Principles-on-Security-and-H-46866626/
1178897910,20240530,202405,2024,2024.4110,GHA,GHANA,GHA,,,,,,,,,,,,,,,,,,0,010,010,01,1,0.0,4,1,4,-0.52962595167163,4,"Ashanti, Ghana (general), Ghana",GH,GH00,6.91428,0.536667,-2069925,0,,,,,,,4,"Ashanti, Ghana (general), Ghana",GH,GH00,6.91428,0.536667,-2069925,20240530,https://www.marketscreener.com/quote/stock/ANGLOGOLD-ASHANTI-PLC-11712/news/AngloGold-Ashanti-2023-Report-to-the-Plenary-Session-of-the-Voluntary-Principles-on-Security-and-H-46866626/
1178897914,20240530,202405,2024,2024.4110,GHA,GHANA,GHA,,,,,,,,COP,POLICE,,,,,,COP,,,0,020,020,02,1,3.0,8,1,8,-0.52962595167163,4,"Ashanti, Ghana (general), Ghana",GH,GH00,6.91428,0.536667,-2069925,4,"Siguiri, Prefecture de Siguiri, Guinea",GV,GV39,11.4167,-9.16667,-1185188,4,"Siguiri, Prefecture de Siguiri, Guinea",GV,GV39,11.4167,-9.16667,-1185188,20240530,https://www.marketscreener.com/quote/stock/ANGLOGOLD-ASHANTI-PLC-11712/news/AngloGold-Ashanti-2023-Report-to-the-Plenary-Session-of-the-Voluntary-Principles-on-Security-and-H-46866626/
1178897915,20240530,202405,2024,2024.4110,GHA,GHANA,GHA,,,,,,,,COP,POLICE,,,,,,COP,,,0,020,020,02,1,3.0,2,1,2,-0.52962595167163,4,"Geita, Mwanza, Tanzania",TZ,TZ12,-2.86667,32.1667,-2562528,4,"Siguiri, Prefecture de Siguiri, Guinea",GV,GV39,11.4167,-9.16667,-1185188,4,"Siguiri, Prefecture de Siguiri, Guinea",GV,GV39,11.4167,-9.16667,-1185188,20240530,https://www.marketscreener.com/quote/stock/ANGLOGOLD-ASHANTI-PLC-11712/news/AngloGold-Ashanti-2023-Report-to-the-Plenary-Session-of-the-Voluntary-Principles-on-Security-and-H-46866626/
1178897916,20240530,202405,2024,2024.4110,GHA,GHANA,GHA,,,,,,,,GIN,GUINEA,GIN,,,,,,,,0,010,010,01,1,0.0,8,1,8,-0.52962595167163,4,"Ashanti, Ghana (general), Ghana",GH,GH00,6.91428,0.536667,-2069925,4,"Siguiri, Prefecture de Siguiri, Guinea",GV,GV39,11.4167,-9.16667,-1185188,4,"Siguiri, Prefecture de Siguiri, Guinea",GV,GV39,11.4167,-9.16667,-1185188,20240530,https://www.marketscreener.com/quote/stock/ANGLOGOLD-ASHANTI-PLC-11712/news/AngloGold-Ashanti-2023-Report-to-the-Plenary-Session-of-the-Voluntary-Principles-on-Security-and-H-46866626/
1178897917,20240530,202405,2024,2024.4110,GHA,GHANA,GHA,,,,,,,,GIN,GUINEA,GIN,,,,,,,,0,010,010,01,1,0.0,2,1,2,-0.52962595167163,4,"Geita, Mwanza, Tanzania",TZ,TZ12,-2.86667,32.1667,-2562528,4,"Ashanti, Ghana (general), Ghana",GH,GH00,6.91428,0.536667,-2069925,4,"Siguiri, Prefecture de Siguiri, Guinea",GV,GV39,11.4167,-9.16667,-1185188,20240530,https://www.marketscreener.com/quote/stock/ANGLOGOLD-ASHANTI-PLC-11712/news/AngloGold-Ashanti-2023-Report-to-the-Plenary-Session-of-the-Voluntary-Principles-on-Security-and-H-46866626/
1178897919,20240530,202405,2024,2024.4110,GIN,GUINEA,GIN,,,,,,,,COP,POLICE,,,,,,COP,,,0,020,020,02,1,3.0,8,1,8,-0.52962595167163,4,"Siguiri, Prefecture de Siguiri, Guinea",GV,GV39,11.4167,-9.16667,-1185188,4,"Siguiri, Prefecture de Siguiri, Guinea",GV,GV39,11.4167,-9.16667,-1185188,4,"Siguiri, Prefecture de Siguiri, Guinea",GV,GV39,11.4167,-9.16667,-1185188,20240530,https://www.marketscreener.com/quote/stock/ANGLOGOLD-ASHANTI-PLC-11712/news/AngloGold-Ashanti-2023-Report-to-the-Plenary-Session-of-the-Voluntary-Principles-on-Security-and-H-46866626/
1178897920,20240530,202405,2024,2024.4110,GIN,GUINEA,GIN,,,,,,,,COP,POLICE,,,,,,COP,,,0,020,020,02,1,3.0,2,1,2,-0.52962595167163,4,"Ashanti, Ghana (general), Ghana",GH,GH00,6.91428,0.536667,-2069925,4,"Siguiri, Prefecture de Siguiri, Guinea",GV,GV39,11.4167,-9.16667,-1185188,4,"Siguiri, Prefecture de Siguiri, Guinea",GV,GV39,11.4167,-9.16667,-1185188,20240530,https://www.marketscreener.com/quote/stock/ANGLOGOLD-ASHANTI-PLC-11712/news/AngloGold-Ashanti-2023-Report-to-the-Plenary-Session-of-the-Voluntary-Principles-on-Security-and-H-46866626/
1178897943,20240530,202405,2024,2024.4110,GOV,GOVERNMENT,,,,,,GOV,,,,,,,,,,,,,0,072,072,07,2,8.3,10,1,10,-0.52962595167163,4,"Ashanti, Ghana (general), Ghana",GH,GH00,6.91428,0.536667,-2069925,0,,,,,,,4,"Ashanti, Ghana (general), Ghana",GH,GH00,6.91428,0.536667,-2069925,20240530,https://www.marketscreener.com/quote/stock/ANGLOGOLD-ASHANTI-PLC-11712/news/AngloGold-Ashanti-2023-Report-to-the-Plenary-Session-of-the-Voluntary-Principles-on-Security-and-H-46866626/
1178898467,20240530,202405,2024,2024.4110,MNCZAF,ANGLOGOLD ASHANTI,ZAF,,,,,MNC,,,,,,,,,,,,,0,010,010,01,1,0.0,2,1,2,-0.52962595167163,4,"Ashanti, Ghana (general), Ghana",GH,GH00,6.91428,0.536667,-2069925,0,,,,,,,4,"Ashanti, Ghana (general), Ghana",GH,GH00,6.91428,0.536667,-2069925,20240530,https://www.marketscreener.com/quote/stock/ANGLOGOLD-ASHANTI-PLC-11712/news/AngloGold-Ashanti-2023-Report-to-the-Plenary-Session-of-the-Voluntary-Principles-on-Security-and-H-46866626/
1178898468,20240530,202405,2024,2024.4110,MNCZAF,ANGLOGOLD ASHANTI,ZAF,,,,,MNC,,,BUS,COMPANY,,,,,,BUS,,,0,0332,033,03,1,5.2,2,1,2,-0.52962595167163,4,"Ashanti, Ghana (general), Ghana",GH,GH00,6.91428,0.536667,-2069925,4,"Ashanti, Ghana (general), Ghana",GH,GH00,6.91428,0.536667,-2069925,4,"Ashanti, Ghana (general), Ghana",GH,GH00,6.91428,0.536667,-2069925,20240530,https://www.marketscreener.com/quote/stock/ANGLOGOLD-ASHANTI-PLC-11712/news/AngloGold-Ashanti-2023-Report-to-the-Plenary-Session-of-the-Voluntary-Principles-on-Security-and-H-46866626/
1178898469,20240530,202405,2024,2024.4110,MNCZAF,ANGLOGOLD ASHANTI,ZAF,,,,,MNC,,,GHA,GHANA,GHA,,,,,,,,0,010,010,01,1,0.0,4,1,4,-0.52962595167163,4,"Ashanti, Ghana (general), Ghana",GH,GH00,6.91428,0.536667,-2069925,4,"Ashanti, Ghana (general), Ghana",GH,GH00,6.91428,0.536667,-2069925,4,"Ashanti, Ghana (general), Ghana",GH,GH00,6.91428,0.536667,-2069925,20240530,https://www.marketscreener.com/quote/stock/ANGLOGOLD-ASHANTI-PLC-11712/news/AngloGold-Ashanti-2023-Report-to-the-Plenary-Session-of-the-Voluntary-Principles-on-Security-and-H-46866626/
1178898665,20240530,202405,2024,2024.4110,TZA,TANZANIA,TZA,,,,,,,,COP,POLICE,,,,,,COP,,,0,020,020,02,1,3.0,8,1,8,-0.52962595167163,4,"Geita, Mwanza, Tanzania",TZ,TZ12,-2.86667,32.1667,-2562528,4,"Siguiri, Prefecture de Siguiri, Guinea",GV,GV39,11.4167,-9.16667,-1185188,4,"Siguiri, Prefecture de Siguiri, Guinea",GV,GV39,11.4167,-9.16667,-1185188,20240530,https://www.marketscreener.com/quote/stock/ANGLOGOLD-ASHANTI-PLC-11712/news/AngloGold-Ashanti-2023-Report-to-the-Plenary-Session-of-the-Voluntary-Principles-on-Security-and-H-46866626/
1178898666,20240530,202405,2024,2024.4110,TZA,TANZANIA,TZA,,,,,,,,COP,POLICE,,,,,,COP,,,0,020,020,02,1,3.0,2,1,2,-0.52962595167163,4,"Quebradona, CaquetáO, Colombia",CO,CO08,1.25646,-75.9376,10875698,4,"Siguiri, Prefecture de Siguiri, Guinea",GV,GV39,11.4167,-9.16667,-1185188,4,"Siguiri, Prefecture de Siguiri, Guinea",GV,GV39,11.4167,-9.16667,-1185188,20240530,https://www.marketscreener.com/quote/stock/ANGLOGOLD-ASHANTI-PLC-11712/news/AngloGold-Ashanti-2023-Report-to-the-Plenary-Session-of-the-Voluntary-Principles-on-Security-and-H-46866626/
1178898667,20240530,202405,2024,2024.4110,TZA,TANZANIA,TZA,,,,,,,,GIN,GUINEA,GIN,,,,,,,,0,010,010,01,1,0.0,8,1,8,-0.52962595167163,4,"Geita, Mwanza, Tanzania",TZ,TZ12,-2.86667,32.1667,-2562528,4,"Siguiri, Prefecture de Siguiri, Guinea",GV,GV39,11.4167,-9.16667,-1185188,4,"Siguiri, Prefecture de Siguiri, Guinea",GV,GV39,11.4167,-9.16667,-1185188,20240530,https://www.marketscreener.com/quote/stock/ANGLOGOLD-ASHANTI-PLC-11712/news/AngloGold-Ashanti-2023-Report-to-the-Plenary-Session-of-the-Voluntary-Principles-on-Security-and-H-46866626/
1178898668,20240530,202405,2024,2024.4110,TZA,TANZANIA,TZA,,,,,,,,GIN,GUINEA,GIN,,,,,,,,0,010,010,01,1,0.0,2,1,2,-0.52962595167163,4,"Quebradona, CaquetáO, Colombia",CO,CO08,1.25646,-75.9376,10875698,4,"Ashanti, Ghana (general), Ghana",GH,GH00,6.91428,0.536667,-2069925,4,"Siguiri, Prefecture de Siguiri, Guinea",GV,GV39,11.4167,-9.16667,-1185188,20240530,https://www.marketscreener.com/quote/stock/ANGLOGOLD-ASHANTI-PLC-11712/news/AngloGold-Ashanti-2023-Report-to-the-Plenary-Session-of-the-Voluntary-Principles-on-Security-and-H-46866626/
1178898670,20240530,202405,2024,2024.4110,UAF,PRIVATE SECURITY FORCE,,,,,,UAF,,,BUS,COMPANY,,,,,,BUS,,,0,010,010,01,1,0.0,10,1,10,-0.52962595167163,4,"Ashanti, Ghana (general), Ghana",GH,GH00,6.91428,0.536667,-2069925,4,"Ashanti, Ghana (general), Ghana",GH,GH00,6.91428,0.536667,-2069925,4,"Ashanti, Ghana (general), Ghana",GH,GH00,6.91428,0.536667,-2069925,20240530,https://www.marketscreener.com/quote/stock/ANGLOGOLD-ASHANTI-PLC-11712/news/AngloGold-Ashanti-2023-Report-to-the-Plenary-Session-of-the-Voluntary-Principles-on-Security-and-H-46866626/
1178900864,20240530,202405,2024,2024.4110,LAB,EMPLOYEE,,,,,,LAB,,,ISR,ISRAELI,ISR,,,,,,,,0,181,181,18,4,-9.0,10,1,10,-4.19847328244275,4,"Jerusalem, Israel (general), Israel",IS,IS00,31.7667,35.2333,-797092,4,"Jerusalem, Israel (general), Israel",IS,IS00,31.7667,35.2333,-797092,4,"Jerusalem, Israel (general), Israel",IS,IS00,31.7667,35.2333,-797092,20240530,https://www.theyeshivaworld.com/news/israel-news/2286992/goldknopf-evicts-unwra-from-its-jerusalem-offices.html
1178903649,20240530,202405,2024,2024.4110,,,,,,,,,,,LEG,SENATOR,,,,,,LEG,,,1,040,040,04,1,1.0,6,1,6,-2.01863354037267,0,,,,,,,2,"California, United States",US,USCA,36.17,-119.746,CA,2,"California, United States",US,USCA,36.17,-119.746,CA,20240530,https://www.oann.com/newsroom/democrat-calif-senator-erupts-against-own-party-over-the-sentencing-of-pedophiles-in-the-golden-state/
1178903678,20240530,202405,2024,2024.4110,,,,,,,,,,,THA,BANGKOK,THA,,,,,,,,1,042,042,04,1,1.9,4,1,4,-3.88888888888889,0,,,,,,,4,"Delhi, Delhi, India",IN,IN07,28.6667,77.2167,-2094230,4,"Delhi, Delhi, India",IN,IN07,28.6667,77.2167,-2094230,20240530,https://www.newindianexpress.com/nation/2024/May/30/shashi-tharoor-shocked-after-aide-arrested-at-delhi-airport-for-smuggling-500-grams-gold
1178903679,20240530,202405,2024,2024.4110,,,,,,,,,,,THA,BANGKOK,THA,,,,,,,,1,042,042,04,1,1.9,6,1,6,-3.88888888888889,0,,,,,,,4,"Shiv, Rajasthan, India",IN,IN24,26.1833,71.25,-2111141,4,"Shiv, Rajasthan, India",IN,IN24,26.1833,71.25,-2111141,20240530,https://www.newindianexpress.com/nation/2024/May/30/shashi-tharoor-shocked-after-aide-arrested-at-delhi-airport-for-smuggling-500-grams-gold
1178904702,20240530,202405,2024,2024.4110,LEG,SENATOR,,,,,,LEG,,,,,,,,,,,,,1,040,040,04,1,1.0,6,1,6,-2.01863354037267,2,"California, United States",US,USCA,36.17,-119.746,CA,0,,,,,,,2,"California, United States",US,USCA,36.17,-119.746,CA,20240530,https://www.oann.com/newsroom/democrat-calif-senator-erupts-against-own-party-over-the-sentencing-of-pedophiles-in-the-golden-state/
1178904730,20240530,202405,2024,2024.4110,LEG,SENATOR,,,,,,LEG,,,USA,UNITED STATES,USA,,,,,,,,1,040,040,04,1,1.0,2,1,2,-2.01863354037267,2,"California, United States",US,USCA,36.17,-119.746,CA,2,"California, United States",US,USCA,36.17,-119.746,CA,2,"California, United States",US,USCA,36.17,-119.746,CA,20240530,https://www.oann.com/newsroom/democrat-calif-senator-erupts-against-own-party-over-the-sentencing-of-pedophiles-in-the-golden-state/
1178905001,20240530,202405,2024,2024.4110,THA,BANGKOK,THA,,,,,,,,,,,,,,,,,,1,043,043,04,1,2.8,2,1,2,-3.88888888888889,4,"Bangkok, Krung Thep Mahanakhon, Thailand",TH,TH40,13.75,100.517,-3250083,0,,,,,,,4,"Delhi, Delhi, India",IN,IN07,28.6667,77.2167,-2094230,20240530,https://www.newindianexpress.com/nation/2024/May/30/shashi-tharoor-shocked-after-aide-arrested-at-delhi-airport-for-smuggling-500-grams-gold
1178905221,20240530,202405,2024,2024.4110,USA,CALIFORNIA,USA,,,,,,,,COP,PRISON,,,,,,COP,,,1,173,173,17,4,-5.0,10,1,10,-2.01863354037267,2,"California, United States",US,USCA,36.17,-119.746,CA,2,"California, United States",US,USCA,36.17,-119.746,CA,2,"California, United States",US,USCA,36.17,-119.746,CA,20240530,https://www.oann.com/newsroom/democrat-calif-senator-erupts-against-own-party-over-the-sentencing-of-pedophiles-in-the-golden-state/
1178905296,20240530,202405,2024,2024.4110,USA,UNITED STATES,USA,,,,,,,,LEG,SENATOR,,,,,,LEG,,,1,040,040,04,1,1.0,2,1,2,-2.01863354037267,2,"California, United States",US,USCA,36.17,-119.746,CA,2,"California, United States",US,USCA,36.17,-119.746,CA,2,"California, United States",US,USCA,36.17,-119.746,CA,20240530,https://www.oann.com/newsroom/democrat-calif-senator-erupts-against-own-party-over-the-sentencing-of-pedophiles-in-the-golden-state/
1178905347,20240530,202405,2024,2024.4110,USA,UNITED STATES,USA,,,,,,,,USALEG,UNITED STATES,USA,,,,,LEG,,,1,040,040,04,1,1.0,2,1,2,-2.01863354037267,2,"California, United States",US,USCA,36.17,-119.746,CA,2,"California, United States",US,USCA,36.17,-119.746,CA,2,"California, United States",US,USCA,36.17,-119.746,CA,20240530,https://www.oann.com/newsroom/democrat-calif-senator-erupts-against-own-party-over-the-sentencing-of-pedophiles-in-the-golden-state/
1178905406,20240530,202405,2024,2024.4110,USALEG,UNITED STATES,USA,,,,,LEG,,,USA,UNITED STATES,USA,,,,,,,,1,040,040,04,1,1.0,2,1,2,-2.01863354037267,2,"California, United States",US,USCA,36.17,-119.746,CA,2,"California, United States",US,USCA,36.17,-119.746,CA,2,"California, United States",US,USCA,36.17,-119.746,CA,20240530,https://www.oann.com/newsroom/democrat-calif-senator-erupts-against-own-party-over-the-sentencing-of-pedophiles-in-the-golden-state/
1178905622,20240530,202405,2024,2024.4110,AFR,AFRICA,AFR,,,,,,,,,,,,,,,,,,0,061,061,06,2,6.4,1,1,1,1.74291938997822,1,Switzerland,SZ,SZ,47,8,SZ,0,,,,,,,1,India,IN,IN,20,77,IN,20240530,https://www.al-monitor.com/originals/2024/05/uae-main-destination-smuggled-african-gold-report-claims
1178905623,20240530,202405,2024,2024.4110,AFR,AFRICA,AFR,,,,,,,,,,,,,,,,,,0,061,061,06,2,6.4,4,1,4,1.74291938997822,1,Switzerland,SZ,SZ,47,8,SZ,0,,,,,,,1,South Africa,SF,SF,-30,26,SF,20240530,https://www.al-monitor.com/originals/2024/05/uae-main-destination-smuggled-african-gold-report-claims
1178905626,20240530,202405,2024,2024.4110,AFR,AFRICA,AFR,,,,,,,,CHE,SWITZERLAND,CHE,,,,,,,,1,042,042,04,1,1.9,5,1,5,1.74291938997822,1,Switzerland,SZ,SZ,47,8,SZ,1,Switzerland,SZ,SZ,47,8,SZ,1,Switzerland,SZ,SZ,47,8,SZ,20240530,https://www.al-monitor.com/originals/2024/05/uae-main-destination-smuggled-african-gold-report-claims
1178905726,20240530,202405,2024,2024.4110,CHE,SWITZERLAND,CHE,,,,,,,,AFR,AFRICA,AFR,,,,,,,,1,043,043,04,1,2.8,2,1,2,1.74291938997822,1,India,IN,IN,20,77,IN,1,India,IN,IN,20,77,IN,1,India,IN,IN,20,77,IN,20240530,https://www.al-monitor.com/originals/2024/05/uae-main-destination-smuggled-african-gold-report-claims
1178905727,20240530,202405,2024,2024.4110,CHE,SWITZERLAND,CHE,,,,,,,,AFR,AFRICA,AFR,,,,,,,,1,043,043,04,1,2.8,3,1,3,1.74291938997822,1,Switzerland,SZ,SZ,47,8,SZ,1,India,IN,IN,20,77,IN,1,India,IN,IN,20,77,IN,20240530,https://www.al-monitor.com/originals/2024/05/uae-main-destination-smuggled-african-gold-report-claims
1178909045,20240530,202405,2024,2024.4110,CAN,CANADA,CAN,,,,,,,,,,,,,,,,,,0,011,011,01,1,-0.1,12,3,12,-0.785759874093873,4,"Muddy Water, Manitoba, Canada",CA,CA03,55.5833,-99.5833,-560235,0,,,,,,,4,"Muddy Water, Manitoba, Canada",CA,CA03,55.5833,-99.5833,-560235,20240530,https://www.marketscreener.com/quote/stock/MAYFAIR-GOLD-CORP-120405752/news/Leading-Proxy-Advisory-Firm-Glass-Lewis-Recommends-that-Mayfair-Gold-Shareholders-Vote-FOR-All-Compa-46866858/
1178913411,20240530,202405,2024,2024.4110,,,,,,,,,,,NIC,NICARAGUA,NIC,,,,,,,,0,042,042,04,1,1.9,4,1,4,3.53817504655493,0,,,,,,,1,India,IN,IN,20,77,IN,1,India,IN,IN,20,77,IN,20240530,https://www.pr-inside.com/condor-gold-plc-share-based-payment-directorpdmr-shareholding-r5013412.htm
1178913412,20240530,202405,2024,2024.4110,,,,,,,,,,,NIC,NICARAGUA,NIC,,,,,,,,0,042,042,04,1,1.9,1,1,1,3.53817504655493,0,,,,,,,1,United States,US,US,39.828175,-98.5795,US,1,United States,US,US,39.828175,-98.5795,US,20240530,https://www.pr-inside.com/condor-gold-plc-share-based-payment-directorpdmr-shareholding-r5013412.htm
1178913575,20240530,202405,2024,2024.4110,CAN,CALGARY,CAN,,,,,,,,CVL,RESIDENTS,,,,,,CVL,,,0,020,020,02,1,3.0,30,1,30,0.407452474966404,4,"Calgary, Alberta, Canada",CA,CA01,51.0833,-114.083,-561990,4,"Calgary, Alberta, Canada",CA,CA01,51.0833,-114.083,-561990,4,"Calgary, Alberta, Canada",CA,CA01,51.0833,-114.083,-561990,20240530,https://calgarysun.com/entertainment/local-arts/podcast-bre-x-gold-hoax-new-details-mysterious-death
1178914486,20240530,202405,2024,2024.4110,NIC,NICARAGUA,NIC,,,,,,,,,,,,,,,,,,0,043,043,04,1,2.8,1,1,1,3.53817504655493,1,India,IN,IN,20,77,IN,0,,,,,,,1,India,IN,IN,20,77,IN,20240530,https://www.pr-inside.com/condor-gold-plc-share-based-payment-directorpdmr-shareholding-r5013412.htm
1178916721,20240530,202405,2024,2024.4110,,,,,,,,,,,AFR,AFRICA,AFR,,,,,,,,0,061,061,06,2,6.4,90,8,90,2.82031119431125,0,,,,,,,4,"Geneva, Genè, Switzerland",SZ,SZ07,46.1956,6.14811,-2552151,4,"Geneva, Genè, Switzerland",SZ,SZ07,46.1956,6.14811,-2552151,20240530,https://www.startribune.com/tens-of-billions-of-dollars-in-gold-flows-illegally-out-of-africa-each-year-a-new-report-says/600369767/
1178916910,20240530,202405,2024,2024.4110,AFR,AFRICA,AFR,,,,,,,,USAMED,THE ASSOCIATED PRESS,USA,,,,,MED,,,1,013,013,01,1,0.4,24,7,24,2.82401288429783,4,"Geneva, Genè, Switzerland",SZ,SZ07,46.1956,6.14811,-2552151,4,"Geneva, Genè, Switzerland",SZ,SZ07,46.1956,6.14811,-2552151,4,"Geneva, Genè, Switzerland",SZ,SZ07,46.1956,6.14811,-2552151,20240530,https://www.startribune.com/tens-of-billions-of-dollars-in-gold-flows-illegally-out-of-africa-each-year-a-new-report-says/600369767/
1178917052,20240530,202405,2024,2024.4110,CHE,SWITZERLAND,CHE,,,,,,,,AFR,AFRICA,AFR,,,,,,,,1,061,061,06,2,6.4,86,8,86,2.82031119431125,4,"Geneva, Genè, Switzerland",SZ,SZ07,46.1956,6.14811,-2552151,4,"Geneva, Genè, Switzerland",SZ,SZ07,46.1956,6.14811,-2552151,4,"Geneva, Genè, Switzerland",SZ,SZ07,46.1956,6.14811,-2552151,20240530,https://www.startribune.com/tens-of-billions-of-dollars-in-gold-flows-illegally-out-of-africa-each-year-a-new-report-says/600369767/
1178917127,20240530,202405,2024,2024.4110,CRIGOV,COSTA RICA,CRI,,,,,GOV,,,,,,,,,,,,,0,010,010,01,1,0.0,2,1,2,0,1,Costa Rica,CS,CS,10,-84,CS,0,,,,,,,1,Costa Rica,CS,CS,10,-84,CS,20240530,https://qcostarica.com/opening-of-electricity-and-recope-ciudad-gobierno-marina-de-limon-and-gas-and-gold-exploitation-could-go-to-a-referendum/
1178917186,20240530,202405,2024,2024.4110,CVL,VOTER,,,,,,CVL,,,USA,UNITED STATES,USA,,,,,,,,0,040,040,04,1,1.0,4,1,4,2.63157894736842,1,United States,US,US,39.828175,-98.5795,US,1,United States,US,US,39.828175,-98.5795,US,1,United States,US,US,39.828175,-98.5795,US,20240530,https://www.thewrap.com/the-view-whoopi-goldberg-trump-apprentice-racial-slur/
1178917400,20240530,202405,2024,2024.4110,GHA,GHANA,GHA,,,,,,,,USAMED,THE ASSOCIATED PRESS,USA,,,,,MED,,,1,013,013,01,1,0.4,16,7,16,2.82401288429783,4,"Geneva, Genè, Switzerland",SZ,SZ07,46.1956,6.14811,-2552151,4,"Geneva, Genè, Switzerland",SZ,SZ07,46.1956,6.14811,-2552151,4,"Geneva, Genè, Switzerland",SZ,SZ07,46.1956,6.14811,-2552151,20240530,https://www.startribune.com/tens-of-billions-of-dollars-in-gold-flows-illegally-out-of-africa-each-year-a-new-report-says/600369767/
1178917406,20240530,202405,2024,2024.4110,GOV,MINIST,,,,,,GOV,,,,,,,,,,,,,0,010,010,01,1,0.0,8,1,8,0,1,Costa Rica,CS,CS,10,-84,CS,0,,,,,,,1,Costa Rica,CS,CS,10,-84,CS,20240530,https://qcostarica.com/opening-of-electricity-and-recope-ciudad-gobierno-marina-de-limon-and-gas-and-gold-exploitation-could-go-to-a-referendum/
1178917453,20240530,202405,2024,2024.4110,GOV,PRESIDENT,,,,,,GOV,,,CVL,COMMUNITY,,,,,,CVL,,,0,010,010,01,1,0.0,6,1,6,2.4745269286754,2,"Florida, United States",US,USFL,27.8333,-81.717,FL,2,"Florida, United States",US,USFL,27.8333,-81.717,FL,2,"Florida, United States",US,USFL,27.8333,-81.717,FL,20240530,https://health.wusf.usf.edu/health-news-florida/2024-05-30/pace-center-to-bring-gold-standard-of-care-for-some-central-florida-seniors
1178917641,20240530,202405,2024,2024.4110,ISR,TEL AVIV,ISR,,,,,,,,ISREDU,TEL AVIV,ISR,,,,,EDU,,,1,071,071,07,2,7.4,5,1,5,5.3781512605042,4,"Jerusalem, Israel (general), Israel",IS,IS00,31.7667,35.2333,-797092,4,"Jerusalem, Israel (general), Israel",IS,IS00,31.7667,35.2333,-797092,4,"Jerusalem, Israel (general), Israel",IS,IS00,31.7667,35.2333,-797092,20240530,https://www.ancient-origins.net/news-history-archaeology/hellenistic-gold-ring-0020865
1178918305,20240530,202405,2024,2024.4110,USA,UNITED STATES,USA,,,,,,,,CVL,COMMUNITY,,,,,,CVL,,,0,010,010,01,1,0.0,2,1,2,2.4745269286754,2,"Florida, United States",US,USFL,27.8333,-81.717,FL,3,"Volusia, Florida, United States",US,USFL,29.1686,-81.5209,306545,2,"Florida, United States",US,USFL,27.8333,-81.717,FL,20240530,https://health.wusf.usf.edu/health-news-florida/2024-05-30/pace-center-to-bring-gold-standard-of-care-for-some-central-florida-seniors
1178918307,20240530,202405,2024,2024.4110,USA,UNITED STATES,USA,,,,,,,,CVL,VOTER,,,,,,CVL,,,0,040,040,04,1,1.0,4,1,4,2.63157894736842,1,United States,US,US,39.828175,-98.5795,US,1,United States,US,US,39.828175,-98.5795,US,1,United States,US,US,39.828175,-98.5795,US,20240530,https://www.thewrap.com/the-view-whoopi-goldberg-trump-apprentice-racial-slur/
1178918510,20240530,202405,2024,2024.4110,USAMED,ASSOCIATED PRESS,USA,,,,,MED,,,CHE,GENEVA,CHE,,,,,,,,0,070,070,07,2,7.0,72,8,72,2.82031119431125,4,"Geneva, Genè, Switzerland",SZ,SZ07,46.1956,6.14811,-2552151,4,"Geneva, Genè, Switzerland",SZ,SZ07,46.1956,6.14811,-2552151,4,"Geneva, Genè, Switzerland",SZ,SZ07,46.1956,6.14811,-2552151,20240530,https://www.startribune.com/tens-of-billions-of-dollars-in-gold-flows-illegally-out-of-africa-each-year-a-new-report-says/600369767/
1178919933,20240530,202405,2024,2024.4110,GBR,LONDON,GBR,,,,,,,,BUS,COMPANY,,,,,,BUS,,,1,036,036,03,1,4.0,2,1,2,1.61616161616161,4,"London, London, City of, United Kingdom",UK,UKH9,51.5,-0.116667,-2601889,1,Senegal,SG,SG,14,-14,SG,1,Burkina Faso,UV,UV,13,-2,UV,20240530,https://www.goldseiten.de/artikel/620598--Endeavour-Announces-Results-of-Annual-General-Meeting.html
1178920079,20240530,202405,2024,2024.4110,GOV,KING,,,,,,GOV,,,USA,NEVADA,USA,,,,,,,,0,043,043,04,1,2.8,4,1,4,2.86022665947113,3,"Great Basin, Nevada, United States",US,USNV,40.6667,-117.667,2087988,3,"Great Basin, Nevada, United States",US,USNV,40.6667,-117.667,2087988,3,"Great Basin, Nevada, United States",US,USNV,40.6667,-117.667,2087988,20240530,https://www.juniorminingnetwork.com/junior-miner-news/press-releases/3002-tsx-venture/infd/161758-infield-minerals-announces-agreement-to-acquire-interests-in-the-kings-canyon-gold-property.html
1178920608,20240530,202405,2024,2024.4110,USA,UNITED STATES,USA,,,,,,,,,,,,,,,,,,0,043,043,04,1,2.8,6,1,6,2.86022665947113,3,"Great Basin, Nevada, United States",US,USNV,40.6667,-117.667,2087988,0,,,,,,,3,"Great Basin, Nevada, United States",US,USNV,40.6667,-117.667,2087988,20240530,https://www.juniorminingnetwork.com/junior-miner-news/press-releases/3002-tsx-venture/infd/161758-infield-minerals-announces-agreement-to-acquire-interests-in-the-kings-canyon-gold-property.html
1178921759,20240530,202405,2024,2024.4110,,,,,,,,,,,BUS,COMPANY,,,,,,BUS,,,1,050,050,05,1,3.5,10,1,10,2.7027027027027,0,,,,,,,1,Peru,PE,PE,-10,-76,PE,1,Peru,PE,PE,-10,-76,PE,20240530,https://www.marketscreener.com/quote/stock/INCA-ONE-GOLD-CORP-55241361/news/Inca-One-Provides-Update-on-OCIM-Loan-Default-46867185/
1178921911,20240530,202405,2024,2024.4110,,,,,,,,,,,USA,CALIFORNIA,USA,,,,,,,,0,042,042,04,1,1.9,3,1,3,5.34458509142053,0,,,,,,,2,"California, United States",US,USCA,36.17,-119.746,CA,1,Morocco,MO,MO,32,-5,MO,20240530,https://www.gbtribune.com/news/life/great-things-happening-golden-belt-community-concerts/
1178921994,20240530,202405,2024,2024.4110,BUS,COMPANY,,,,,,BUS,,,,,,,,,,,,,1,050,050,05,1,3.5,30,2,30,2.5025025025025,1,Peru,PE,PE,-10,-76,PE,0,,,,,,,1,Peru,PE,PE,-10,-76,PE,20240530,https://www.marketscreener.com/quote/stock/INCA-ONE-GOLD-CORP-55241361/news/Inca-One-Provides-Update-on-OCIM-Loan-Default-46867185/
1178922307,20240530,202405,2024,2024.4110,EDU,STUDENT,,,,,,EDU,,,,,,,,,,,,,1,051,051,05,1,3.4,4,1,4,6.8678459937565,4,"London, London, City of, United Kingdom",UK,UKH9,51.5,-0.116667,-2601889,0,,,,,,,4,"Manchester, Manchester, United Kingdom",UK,UKI2,53.5,-2.21667,-2602512,20240530,https://www.manchestereveningnews.co.uk/news/tv/phoenix-boys-talented-golden-buzzer-29265501
1178922308,20240530,202405,2024,2024.4110,EDU,STUDENT,,,,,,EDU,,,,,,,,,,,,,1,051,051,05,1,3.4,4,1,4,6.8678459937565,4,"Manchester, Manchester, United Kingdom",UK,UKI2,53.5,-2.21667,-2602512,0,,,,,,,4,"Manchester, Manchester, United Kingdom",UK,UKI2,53.5,-2.21667,-2602512,20240530,https://www.manchestereveningnews.co.uk/news/tv/phoenix-boys-talented-golden-buzzer-29265501
1178922310,20240530,202405,2024,2024.4110,EDU,STUDENT,,,,,,EDU,,,,,,,,,,,,,1,051,051,05,1,3.4,2,1,2,6.8678459937565,3,"Phoenix, Arizona, United States",US,USAZ,33.4484,-112.074,44784,0,,,,,,,3,"Phoenix, Arizona, United States",US,USAZ,33.4484,-112.074,44784,20240530,https://www.manchestereveningnews.co.uk/news/tv/phoenix-boys-talented-golden-buzzer-29265501
1178922945,20240530,202405,2024,2024.4110,MDV,MALE,MDV,,,,,,,,,,,,,,,,,,0,070,070,07,2,7.0,2,1,2,6.8678459937565,4,"London, London, City of, United Kingdom",UK,UKH9,51.5,-0.116667,-2601889,0,,,,,,,4,"London, London, City of, United Kingdom",UK,UKH9,51.5,-0.116667,-2601889,20240530,https://www.manchestereveningnews.co.uk/news/tv/phoenix-boys-talented-golden-buzzer-29265501
1178922946,20240530,202405,2024,2024.4110,MDV,MALE,MDV,,,,,,,,,,,,,,,,,,0,070,070,07,2,7.0,8,1,8,6.8678459937565,4,"Manchester, Manchester, United Kingdom",UK,UKI2,53.5,-2.21667,-2602512,0,,,,,,,4,"Manchester, Manchester, United Kingdom",UK,UKI2,53.5,-2.21667,-2602512,20240530,https://www.manchestereveningnews.co.uk/news/tv/phoenix-boys-talented-golden-buzzer-29265501
1178923274,20240530,202405,2024,2024.4110,USA,CALIFORNIA,USA,,,,,,,,,,,,,,,,,,0,043,043,04,1,2.8,3,1,3,5.34458509142053,2,"California, United States",US,USCA,36.17,-119.746,CA,0,,,,,,,1,Morocco,MO,MO,32,-5,MO,20240530,https://www.gbtribune.com/news/life/great-things-happening-golden-belt-community-concerts/
1178924093,20240530,202405,2024,2024.4110,GBR,UNITED KINGDOM,GBR,,,,,,,,,,,,,,,,,,1,010,010,01,1,0.0,8,1,8,4.42477876106195,4,"Westhaven, Angus, United Kingdom",UK,UKT7,56.5,-2.7,-2611276,0,,,,,,,4,"Westhaven, Angus, United Kingdom",UK,UKT7,56.5,-2.7,-2611276,20240530,https://www.modernreaders.com/news/2024/05/30/westhaven-gold-corp-otcmktswthvf-sees-large-drop-in-short-interest.html
1178924099,20240530,202405,2024,2024.4110,GBR,UNITED KINGDOM,GBR,,,,,,,,,,,,,,,,,,1,120,120,12,3,-4.0,2,1,2,4.42477876106195,4,"Westhaven, Angus, United Kingdom",UK,UKT7,56.5,-2.7,-2611276,0,,,,,,,4,"Westhaven, Angus, United Kingdom",UK,UKT7,56.5,-2.7,-2611276,20240530,https://www.modernreaders.com/news/2024/05/30/westhaven-gold-corp-otcmktswthvf-sees-large-drop-in-short-interest.html
1178924100,20240530,202405,2024,2024.4110,GBR,UNITED KINGDOM,GBR,,,,,,,,,,,,,,,,,,1,120,120,12,3,-4.0,4,1,4,4.42477876106195,1,Canada,CA,CA,60,-96,CA,0,,,,,,,4,"Westhaven, Angus, United Kingdom",UK,UKT7,56.5,-2.7,-2611276,20240530,https://www.modernreaders.com/news/2024/05/30/westhaven-gold-corp-otcmktswthvf-sees-large-drop-in-short-interest.html
1178924738,20240530,202405,2024,2024.4110,USA,UNITED STATES,USA,,,,,,,,,,,,,,,,,,1,084,084,08,2,7.0,6,1,6,3.47003154574132,3,"Gold Basin, Arizona, United States",US,USAZ,35.7858,-114.18,22952,0,,,,,,,3,"Gold Basin, Arizona, United States",US,USAZ,35.7858,-114.18,22952,20240530,https://www.proactiveinvestors.com/companies/news/1048798/gold-basin-resource-new-drilling-programme-kicks-off-mid-june-1048798.html
1178926743,20240530,202405,2024,2024.4110,,,,,,,,,,,USA,NEW YORK CITY,USA,,,,,,,,1,042,042,04,1,1.9,4,1,4,-1.93103448275862,0,,,,,,,1,Lebanon,LE,LE,33.833333,35.833333,LE,1,Lebanon,LE,LE,33.833333,35.833333,LE,20240530,https://nypost.com/2024/05/30/us-news/gold-bar-sen-bob-menendez-has-enough-signatures-to-run-as-independent-in-new-jersey-report/
1178926868,20240530,202405,2024,2024.4110,BRA,BRAZIL,BRA,,,,,,,,,,,,,,,,,,0,031,031,03,1,5.2,4,1,4,-1.03703703703704,1,Brazil,BR,BR,-10,-55,BR,0,,,,,,,1,Brazil,BR,BR,-10,-55,BR,20240530,https://bloodyelbow.com/2024/05/30/paulo-costa-plots-worldwide-release-for-his-infamous-secret-juice-after-ufc-302-its-my-goldmine/
1178926869,20240530,202405,2024,2024.4110,BRA,BRAZIL,BRA,,,,,,,,,,,,,,,,,,1,084,084,08,2,7.0,4,1,4,-1.03703703703704,1,Chad,CD,CD,15,19,CD,0,,,,,,,1,Chad,CD,CD,15,19,CD,20240530,https://bloodyelbow.com/2024/05/30/paulo-costa-plots-worldwide-release-for-his-infamous-secret-juice-after-ufc-302-its-my-goldmine/
1178926886,20240530,202405,2024,2024.4110,BUS,COMPANY,,,,,,BUS,,,,,,,,,,,,,1,071,071,07,2,7.4,45,3,40,-0.477152347607502,4,"Toronto, Ontario, Canada",CA,CA08,43.6667,-79.4167,-574890,0,,,,,,,4,"Toronto, Ontario, Canada",CA,CA08,43.6667,-79.4167,-574890,20240530,https://www.marketscreener.com/quote/stock/AVIDIAN-GOLD-CORP-49479235/news/Avidian-Gold-Condensed-Interim-Consolidated-Financial-Statements-For-the-three-months-and-nine-mon-46867308/
1178926888,20240530,202405,2024,2024.4110,BUS,INVESTOR,,,,,,BUS,,,,,,,,,,,,,0,130,130,13,3,-4.4,20,2,20,1.20514567879167,4,"Omai, Cuyuni-Mazaruni, Guyana",GY,GY11,5.43333,-58.75,-922140,0,,,,,,,4,"Omai, Cuyuni-Mazaruni, Guyana",GY,GY11,5.43333,-58.75,-922140,20240530,https://www.marketscreener.com/quote/stock/OMAI-GOLD-MINES-CORP-49478628/news/Omai-Gold-Mines-Corp-Announces-10-Million-Brokered-Private-Placement-46867272/
1178926924,20240530,202405,2024,2024.4110,BUS,COMPANY,,,,,,BUS,,,USA,A US,USA,,,,,,,,1,051,051,05,1,3.4,10,1,10,1.19760479041916,4,"Omai, Cuyuni-Mazaruni, Guyana",GY,GY11,5.43333,-58.75,-922140,4,"Omai, Cuyuni-Mazaruni, Guyana",GY,GY11,5.43333,-58.75,-922140,4,"Omai, Cuyuni-Mazaruni, Guyana",GY,GY11,5.43333,-58.75,-922140,20240530,https://www.marketscreener.com/quote/stock/OMAI-GOLD-MINES-CORP-49478628/news/Omai-Gold-Mines-Corp-Announces-10-Million-Brokered-Private-Placement-46867272/
1178927396,20240530,202405,2024,2024.4110,GUY,GUYANA,GUY,,,,,,,,,,,,,,,,,,0,010,010,01,1,0.0,8,2,8,1.20514567879167,4,"Omai, Cuyuni-Mazaruni, Guyana",GY,GY11,5.43333,-58.75,-922140,0,,,,,,,4,"Omai, Cuyuni-Mazaruni, Guyana",GY,GY11,5.43333,-58.75,-922140,20240530,https://www.marketscreener.com/quote/stock/OMAI-GOLD-MINES-CORP-49478628/news/Omai-Gold-Mines-Corp-Announces-10-Million-Brokered-Private-Placement-46867272/
1178927397,20240530,202405,2024,2024.4110,GUY,GUYANA,GUY,,,,,,,,,,,,,,,,,,0,120,120,12,3,-4.0,8,2,8,1.20514567879167,4,"Omai, Cuyuni-Mazaruni, Guyana",GY,GY11,5.43333,-58.75,-922140,0,,,,,,,4,"Omai, Cuyuni-Mazaruni, Guyana",GY,GY11,5.43333,-58.75,-922140,20240530,https://www.marketscreener.com/quote/stock/OMAI-GOLD-MINES-CORP-49478628/news/Omai-Gold-Mines-Corp-Announces-10-Million-Brokered-Private-Placement-46867272/
1178927568,20240530,202405,2024,2024.4110,JUD,FEDERAL COURT,,,,,,JUD,,,USA,NEW YORK,USA,,,,,,,,0,042,042,04,1,1.9,1,1,1,-1.93103448275862,3,"Fairleigh Dickinson University, New Jersey, United States",US,USNJ,40.8984,-74.0282,876260,3,"Fairleigh Dickinson University, New Jersey, United States",US,USNJ,40.8984,-74.0282,876260,1,Jersey,JE,JE,49.216667,-2.116667,JE,20240530,https://nypost.com/2024/05/30/us-news/gold-bar-sen-bob-menendez-has-enough-signatures-to-run-as-independent-in-new-jersey-report/
1178927569,20240530,202405,2024,2024.4110,JUD,FEDERAL COURT,,,,,,JUD,,,USA,UNITED STATES,USA,,,,,,,,0,042,042,04,1,1.9,1,1,1,-1.93103448275862,3,"Fairleigh Dickinson University, New Jersey, United States",US,USNJ,40.8984,-74.0282,876260,1,Jersey,JE,JE,49.216667,-2.116667,JE,1,Jersey,JE,JE,49.216667,-2.116667,JE,20240530,https://nypost.com/2024/05/30/us-news/gold-bar-sen-bob-menendez-has-enough-signatures-to-run-as-independent-in-new-jersey-report/
1178927570,20240530,202405,2024,2024.4110,JUD,FEDERAL COURT,,,,,,JUD,,,USA,UNITED STATES,USA,,,,,,,,0,042,042,04,1,1.9,2,1,2,-1.93103448275862,1,Jersey,JE,JE,49.216667,-2.116667,JE,1,Jersey,JE,JE,49.216667,-2.116667,JE,1,Jersey,JE,JE,49.216667,-2.116667,JE,20240530,https://nypost.com/2024/05/30/us-news/gold-bar-sen-bob-menendez-has-enough-signatures-to-run-as-independent-in-new-jersey-report/
1178927571,20240530,202405,2024,2024.4110,JUD,FEDERAL COURT,,,,,,JUD,,,USA,NEW YORK CITY,USA,,,,,,,,0,042,042,04,1,1.9,7,1,5,-1.93103448275862,2,"New York, United States",US,USNY,42.1497,-74.9384,NY,2,"New York, United States",US,USNY,42.1497,-74.9384,NY,1,Jersey,JE,JE,49.216667,-2.116667,JE,20240530,https://nypost.com/2024/05/30/us-news/gold-bar-sen-bob-menendez-has-enough-signatures-to-run-as-independent-in-new-jersey-report/
1178927637,20240530,202405,2024,2024.4110,LEG,SENATOR,,,,,,LEG,,,CRM,CRIMINAL,,,,,,CRM,,,0,173,173,17,4,-5.0,4,1,4,-1.93103448275862,1,Jersey,JE,JE,49.216667,-2.116667,JE,1,Jersey,JE,JE,49.216667,-2.116667,JE,1,Jersey,JE,JE,49.216667,-2.116667,JE,20240530,https://nypost.com/2024/05/30/us-news/gold-bar-sen-bob-menendez-has-enough-signatures-to-run-as-independent-in-new-jersey-report/
1178927638,20240530,202405,2024,2024.4110,LEG,SENATOR,,,,,,LEG,,,CRM,CRIMINAL,,,,,,CRM,,,0,173,173,17,4,-5.0,6,1,6,-1.93103448275862,1,Lebanon,LE,LE,33.833333,35.833333,LE,1,Lebanon,LE,LE,33.833333,35.833333,LE,1,Lebanon,LE,LE,33.833333,35.833333,LE,20240530,https://nypost.com/2024/05/30/us-news/gold-bar-sen-bob-menendez-has-enough-signatures-to-run-as-independent-in-new-jersey-report/
1178927916,20240530,202405,2024,2024.4110,USA,NEW JERSEY,USA,,,,,,,,,,,,,,,,,,1,057,057,05,1,8.0,1,1,1,-1.93103448275862,1,Jersey,JE,JE,49.216667,-2.116667,JE,0,,,,,,,1,Jersey,JE,JE,49.216667,-2.116667,JE,20240530,https://nypost.com/2024/05/30/us-news/gold-bar-sen-bob-menendez-has-enough-signatures-to-run-as-independent-in-new-jersey-report/
1178927917,20240530,202405,2024,2024.4110,USA,NEW JERSEY,USA,,,,,,,,,,,,,,,,,,1,057,057,05,1,8.0,4,1,4,-1.93103448275862,1,Lebanon,LE,LE,33.833333,35.833333,LE,0,,,,,,,1,Lebanon,LE,LE,33.833333,35.833333,LE,20240530,https://nypost.com/2024/05/30/us-news/gold-bar-sen-bob-menendez-has-enough-signatures-to-run-as-independent-in-new-jersey-report/
1178928034,20240530,202405,2024,2024.4110,USA,NEW YORK,USA,,,,,,,,JUD,FEDERAL COURT,,,,,,JUD,,,0,043,043,04,1,2.8,1,1,1,-1.93103448275862,3,"Fairleigh Dickinson University, New Jersey, United States",US,USNJ,40.8984,-74.0282,876260,3,"Fairleigh Dickinson University, New Jersey, United States",US,USNJ,40.8984,-74.0282,876260,1,Jersey,JE,JE,49.216667,-2.116667,JE,20240530,https://nypost.com/2024/05/30/us-news/gold-bar-sen-bob-menendez-has-enough-signatures-to-run-as-independent-in-new-jersey-report/
1178928035,20240530,202405,2024,2024.4110,USA,UNITED STATES,USA,,,,,,,,JUD,FEDERAL COURT,,,,,,JUD,,,0,043,043,04,1,2.8,1,1,1,-1.93103448275862,1,Jersey,JE,JE,49.216667,-2.116667,JE,3,"Fairleigh Dickinson University, New Jersey, United States",US,USNJ,40.8984,-74.0282,876260,1,Jersey,JE,JE,49.216667,-2.116667,JE,20240530,https://nypost.com/2024/05/30/us-news/gold-bar-sen-bob-menendez-has-enough-signatures-to-run-as-independent-in-new-jersey-report/
1178928036,20240530,202405,2024,2024.4110,USA,UNITED STATES,USA,,,,,,,,JUD,FEDERAL COURT,,,,,,JUD,,,0,043,043,04,1,2.8,2,1,2,-1.93103448275862,1,Jersey,JE,JE,49.216667,-2.116667,JE,1,Jersey,JE,JE,49.216667,-2.116667,JE,1,Jersey,JE,JE,49.216667,-2.116667,JE,20240530,https://nypost.com/2024/05/30/us-news/gold-bar-sen-bob-menendez-has-enough-signatures-to-run-as-independent-in-new-jersey-report/
1178928037,20240530,202405,2024,2024.4110,USA,NEW YORK CITY,USA,,,,,,,,JUD,FEDERAL COURT,,,,,,JUD,,,0,043,043,04,1,2.8,7,1,5,-1.93103448275862,2,"New York, United States",US,USNY,42.1497,-74.9384,NY,2,"New York, United States",US,USNY,42.1497,-74.9384,NY,1,Jersey,JE,JE,49.216667,-2.116667,JE,20240530,https://nypost.com/2024/05/30/us-news/gold-bar-sen-bob-menendez-has-enough-signatures-to-run-as-independent-in-new-jersey-report/
1178928991,20240530,202405,2024,2024.4110,BUS,COMPANY,,,,,,BUS,,,USA,A US,USA,,,,,,,,1,051,051,05,1,3.4,10,1,10,1.21268656716418,1,United States,US,US,39.828175,-98.5795,US,4,"Omai, Cuyuni-Mazaruni, Guyana",GY,GY11,5.43333,-58.75,-922140,4,"Omai, Cuyuni-Mazaruni, Guyana",GY,GY11,5.43333,-58.75,-922140,20240530,https://www.finanznachrichten.de/nachrichten-2024-05/62369532-omai-gold-mines-corp-announces-dollar-10-million-brokered-private-placement-296.htm
1178934420,20240530,202405,2024,2024.4110,NZL,NEW ZEALAND,NZL,,,,,,,,,,,,,,,,,,1,051,051,05,1,3.4,4,1,4,0.99403578528827,5,"Otago, Otago, New Zealand",NZ,NZF7,-45.25,169.5,11483306,0,,,,,,,5,"Otago, Otago, New Zealand",NZ,NZF7,-45.25,169.5,11483306,20240530,https://www.odt.co.nz/business/gold-mine-could-create-400-jobs-santana
1178935766,20240530,202405,2024,2024.4110,BUS,PRODUCER,,,,,,BUS,,,THA,THAILAND,THA,,,,,,,,1,040,040,04,1,1.0,4,1,4,5.90405904059041,1,Thailand,TH,TH,15,100,TH,1,Thailand,TH,TH,15,100,TH,1,Thailand,TH,TH,15,100,TH,20240530,https://menafn.com/1108277442/Kingsgate-Consolidated-Advances-Chatree-Gold-Mine-Operations
1178936663,20240530,202405,2024,2024.4110,THA,THAILAND,THA,,,,,,,,BUS,PRODUCER,,,,,,BUS,,,1,040,040,04,1,1.0,4,1,4,5.90405904059041,1,Thailand,TH,TH,15,100,TH,1,Thailand,TH,TH,15,100,TH,1,Thailand,TH,TH,15,100,TH,20240530,https://menafn.com/1108277442/Kingsgate-Consolidated-Advances-Chatree-Gold-Mine-Operations
1178940267,20240530,202405,2024,2024.4110,BUS,BANK,,,,,,BUS,,,,,,,,,,,,,1,071,071,07,2,7.4,4,1,4,2.08,3,"Miami, Florida, United States",US,USFL,25.7743,-80.1937,295004,0,,,,,,,3,"Miami, Florida, United States",US,USFL,25.7743,-80.1937,295004,20240530,https://www.bnnbloomberg.ca/citadel-securities-taps-goldman-s-esposito-as-new-president-1.2079321
1178940271,20240530,202405,2024,2024.4110,BUS,BANK,,,,,,BUS,,,CRM,DEALER,,,,,,CRM,,,1,045,045,04,1,5.0,10,1,10,2.08,3,"Manhattan, New York, United States",US,USNY,40.7834,-73.9662,971945,3,"Manhattan, New York, United States",US,USNY,40.7834,-73.9662,971945,3,"Manhattan, New York, United States",US,USNY,40.7834,-73.9662,971945,20240530,https://www.bnnbloomberg.ca/citadel-securities-taps-goldman-s-esposito-as-new-president-1.2079321
1178940276,20240530,202405,2024,2024.4110,BUS,BANK,,,,,,BUS,,,GOV,GOVERNMENT,,,,,,GOV,,,1,071,071,07,2,7.4,5,1,5,2.08,3,"Manhattan, New York, United States",US,USNY,40.7834,-73.9662,971945,3,"Manhattan, New York, United States",US,USNY,40.7834,-73.9662,971945,3,"Manhattan, New York, United States",US,USNY,40.7834,-73.9662,971945,20240530,https://www.bnnbloomberg.ca/citadel-securities-taps-goldman-s-esposito-as-new-president-1.2079321
1178940437,20240530,202405,2024,2024.4110,CVL,TOURIST,,,,,,CVL,,,AUS,BRISBANE,AUS,,,,,,,,1,0874,087,08,2,10.0,1,1,1,0.62972292191436,4,"Sydney, New South Wales, Australia",AS,AS02,-33.8833,151.217,-1603135,4,"Sydney, New South Wales, Australia",AS,AS02,-33.8833,151.217,-1603135,4,"Sydney, New South Wales, Australia",AS,AS02,-33.8833,151.217,-1603135,20240530,https://www.abc.net.au/news/2024-05-31/population-growing-pains-halt-gold-sunshine-coast-movers/103911734
1178940438,20240530,202405,2024,2024.4110,CVL,TOURIST,,,,,,CVL,,,AUS,BRISBANE,AUS,,,,,,,,1,0874,087,08,2,10.0,4,1,4,0.62972292191436,1,Ghana,GH,GH,8,-2,GH,1,Ghana,GH,GH,8,-2,GH,1,Ghana,GH,GH,8,-2,GH,20240530,https://www.abc.net.au/news/2024-05-31/population-growing-pains-halt-gold-sunshine-coast-movers/103911734
1178943973,20240530,202405,2024,2024.4110,BUS,INVESTOR,,,,,,BUS,,,,,,,,,,,,,1,040,040,04,1,1.0,10,1,10,6.31313131313131,4,"Kirkland Lake, Ontario, Canada",CA,CA08,48.15,-80.0333,-567330,0,,,,,,,4,"Kirkland Lake, Ontario, Canada",CA,CA08,48.15,-80.0333,-567330,20240530,https://www.finanznachrichten.de/nachrichten-2024-05/62370219-vid-media-advanced-gold-exploration-to-participate-in-the-mining-investment-event-of-the-north-canada-s-only-tier-i-global-mining-investment-confere-296.htm
1178943992,20240530,202405,2024,2024.4110,BUS,INVESTOR,,,,,,BUS,,,CAN,CANADA,CAN,,,,,,,,1,020,020,02,1,3.0,5,1,5,6.31313131313131,4,"Kirkland Lake, Ontario, Canada",CA,CA08,48.15,-80.0333,-567330,4,"Kirkland Lake, Ontario, Canada",CA,CA08,48.15,-80.0333,-567330,4,"Kirkland Lake, Ontario, Canada",CA,CA08,48.15,-80.0333,-567330,20240530,https://www.finanznachrichten.de/nachrichten-2024-05/62370219-vid-media-advanced-gold-exploration-to-participate-in-the-mining-investment-event-of-the-north-canada-s-only-tier-i-global-mining-investment-confere-296.htm
1178945883,20240530,202405,2024,2024.4110,AFR,AFRICA,AFR,,,,,,,,USAMED,THE ASSOCIATED PRESS,USA,,,,,MED,,,1,013,013,01,1,0.4,6,2,6,2.87771439087228,1,Switzerland,SZ,SZ,47,8,SZ,1,Switzerland,SZ,SZ,47,8,SZ,1,Switzerland,SZ,SZ,47,8,SZ,20240530,https://www.newsday.com/news/nation/gold-smuggling-africa-uae-switzerland-g04430
1178946205,20240530,202405,2024,2024.4110,GHA,GHANA,GHA,,,,,,,,USAMED,THE ASSOCIATED PRESS,USA,,,,,MED,,,1,013,013,01,1,0.4,4,2,4,2.87771439087228,1,Switzerland,SZ,SZ,47,8,SZ,1,Switzerland,SZ,SZ,47,8,SZ,1,Switzerland,SZ,SZ,47,8,SZ,20240530,https://www.newsday.com/news/nation/gold-smuggling-africa-uae-switzerland-g04430
1178949521,20240530,202405,2024,2024.4110,,,,,,,,,,,BUS,CONGLOMERATE,,,,,,BUS,,,1,110,110,11,3,-2.0,20,1,10,-0.62578222778473,0,,,,,,,4,"Chhattisgarh, Chhattisgarh, India",IN,IN37,21.5,81.75,-2093188,4,"Chhattisgarh, Chhattisgarh, India",IN,IN37,21.5,81.75,-2093188,20240530,https://www.npr.org/sections/goats-and-soda/2024/05/23/1252745311/forests-coal-mine-india-goldman-environmental-prize
1178949817,20240530,202405,2024,2024.4110,COP,PRISON,,,,,,COP,,,CRM,GANG,,,,,,CRM,,,1,190,190,19,4,-10.0,3,1,3,-10.0970873786408,2,"New York, United States",US,USNY,42.1497,-74.9384,NY,2,"New York, United States",US,USNY,42.1497,-74.9384,NY,2,"New York, United States",US,USNY,42.1497,-74.9384,NY,20240530,https://nypost.com/2024/05/30/us-news/nyc-no-love-city-gang-leader-sentenced-for-shooting-rival-crew-in-fight-over-his-stolen-gold-chain-prosecutors/
1178949880,20240530,202405,2024,2024.4110,CVL,COMMUNITY,,,,,,CVL,,,IND,CHHATTISGARH,IND,,,,,,,,0,046,046,04,1,7.0,2,1,2,-0.62578222778473,4,"Chhattisgarh, Chhattisgarh, India",IN,IN37,21.5,81.75,-2093188,2,"New York, United States",US,USNY,42.1497,-74.9384,NY,4,"Chhattisgarh, Chhattisgarh, India",IN,IN37,21.5,81.75,-2093188,20240530,https://www.npr.org/sections/goats-and-soda/2024/05/23/1252745311/forests-coal-mine-india-goldman-environmental-prize
1178950145,20240530,202405,2024,2024.4110,IND,CHHATTISGARH,IND,,,,,,,,CVL,COMMUNITY,,,,,,CVL,,,0,046,046,04,1,7.0,2,1,2,-0.62578222778473,2,"New York, United States",US,USNY,42.1497,-74.9384,NY,4,"Chhattisgarh, Chhattisgarh, India",IN,IN37,21.5,81.75,-2093188,4,"Chhattisgarh, Chhattisgarh, India",IN,IN37,21.5,81.75,-2093188,20240530,https://www.npr.org/sections/goats-and-soda/2024/05/23/1252745311/forests-coal-mine-india-goldman-environmental-prize
1178950219,20240530,202405,2024,2024.4110,JUD,JUDGE,,,,,,JUD,,,,,,,,,,,,,1,116,116,11,3,-2.0,2,1,2,-10.0970873786408,3,"Brooklyn, New York, United States",US,USNY,42.3442,-75.1704,944840,0,,,,,,,3,"Brooklyn, New York, United States",US,USNY,42.3442,-75.1704,944840,20240530,https://nypost.com/2024/05/30/us-news/nyc-no-love-city-gang-leader-sentenced-for-shooting-rival-crew-in-fight-over-his-stolen-gold-chain-prosecutors/
1178950239,20240530,202405,2024,2024.4110,JUD,JUDGE,,,,,,JUD,,,USA,UNITED STATES,USA,,,,,,,,1,116,116,11,3,-2.0,4,1,4,-10.0970873786408,2,"New York, United States",US,USNY,42.1497,-74.9384,NY,2,"New York, United States",US,USNY,42.1497,-74.9384,NY,2,"New York, United States",US,USNY,42.1497,-74.9384,NY,20240530,https://nypost.com/2024/05/30/us-news/nyc-no-love-city-gang-leader-sentenced-for-shooting-rival-crew-in-fight-over-his-stolen-gold-chain-prosecutors/
1178950242,20240530,202405,2024,2024.4110,JUD,JUDGE,,,,,,JUD,,,USAJUD,UNITED STATES,USA,,,,,JUD,,,1,116,116,11,3,-2.0,4,1,4,-10.0970873786408,3,"Brooklyn, New York, United States",US,USNY,42.3442,-75.1704,944840,3,"Brooklyn, New York, United States",US,USNY,42.3442,-75.1704,944840,3,"Brooklyn, New York, United States",US,USNY,42.3442,-75.1704,944840,20240530,https://nypost.com/2024/05/30/us-news/nyc-no-love-city-gang-leader-sentenced-for-shooting-rival-crew-in-fight-over-his-stolen-gold-chain-prosecutors/
1178950578,20240530,202405,2024,2024.4110,USA,UNITED STATES,USA,,,,,,,,,,,,,,,,,,1,015,015,01,1,0.0,6,2,6,-7.18529582607254,3,"Brooklyn, New York, United States",US,USNY,42.3442,-75.1704,944840,0,,,,,,,3,"Brooklyn, New York, United States",US,USNY,42.3442,-75.1704,944840,20240530,https://nypost.com/2024/05/30/us-news/nyc-no-love-city-gang-leader-sentenced-for-shooting-rival-crew-in-fight-over-his-stolen-gold-chain-prosecutors/
1178950648,20240530,202405,2024,2024.4110,USA,ARIZONA,USA,,,,,,,,,,,,,,,,,,1,173,173,17,4,-5.0,4,1,4,-2.43161094224924,3,"Poway, California, United States",US,USCA,32.9628,-117.036,1661258,0,,,,,,,3,"Poway, California, United States",US,USCA,32.9628,-117.036,1661258,20240530,https://www.sandiegoreader.com/news/2024/may/30/golden-dreams-a-rattlensakes-rattle-is-a-warning/
1178950649,20240530,202405,2024,2024.4110,USA,ARIZONA,USA,,,,,,,,,,,,,,,,,,1,173,173,17,4,-5.0,1,1,1,-2.43161094224924,3,"San Diego, California, United States",US,USCA,32.7153,-117.157,1661377,0,,,,,,,3,"Poway, California, United States",US,USCA,32.9628,-117.036,1661258,20240530,https://www.sandiegoreader.com/news/2024/may/30/golden-dreams-a-rattlensakes-rattle-is-a-warning/
1178950713,20240530,202405,2024,2024.4110,USA,UNITED STATES,USA,,,,,,,,CRM,GANG,,,,,,CRM,,,1,190,190,19,4,-10.0,2,1,2,-10.0970873786408,3,"Brooklyn, New York, United States",US,USNY,42.3442,-75.1704,944840,3,"Brooklyn, New York, United States",US,USNY,42.3442,-75.1704,944840,3,"Brooklyn, New York, United States",US,USNY,42.3442,-75.1704,944840,20240530,https://nypost.com/2024/05/30/us-news/nyc-no-love-city-gang-leader-sentenced-for-shooting-rival-crew-in-fight-over-his-stolen-gold-chain-prosecutors/
1178951674,20240530,202405,2024,2024.4110,AUS,MELBOURNE,AUS,,,,,,,,EDU,STUDENT,,,,,,EDU,,,1,120,120,12,3,-4.0,10,1,10,-3.69127516778524,4,"Melbourne, Victoria, Australia",AS,AS07,-37.8167,144.967,-1586844,4,"Melbourne, Victoria, Australia",AS,AS07,-37.8167,144.967,-1586844,1,Ghana,GH,GH,8,-2,GH,20240530,https://www.news.com.au/national/queensland/news/gold-coast-female-high-school-students-ranked-as-unrapeable-and-abduction-material/news-story/dcf8308eb4a2f6b73b4257ec2db713d2
1178951683,20240530,202405,2024,2024.4110,AUSCOP,QUEENSLAND,AUS,,,,,COP,,,EDU,STUDENT,,,,,,EDU,,,1,090,090,09,2,-2.0,10,1,10,-3.69127516778524,1,Ghana,GH,GH,8,-2,GH,1,Ghana,GH,GH,8,-2,GH,1,Ghana,GH,GH,8,-2,GH,20240530,https://www.news.com.au/national/queensland/news/gold-coast-female-high-school-students-ranked-as-unrapeable-and-abduction-material/news-story/dcf8308eb4a2f6b73b4257ec2db713d2
1178953712,20240530,202405,2024,2024.4110,,,,,,,,,,,EGYHLH,SINAI,EGY,,,,,HLH,,,1,046,046,04,1,7.0,4,1,4,1.79372197309417,0,,,,,,,3,"Marriottsville, Maryland, United States",US,USMD,39.3501,-76.8994,590745,3,"Marriottsville, Maryland, United States",US,USMD,39.3501,-76.8994,590745,20240530,https://www.jewishtimes.com/guiding-medical-institutions-with-david-goldner/
1178953713,20240530,202405,2024,2024.4110,,,,,,,,,,,EGYHLH,SINAI,EGY,,,,,HLH,,,1,046,046,04,1,7.0,6,1,6,1.79372197309417,0,,,,,,,3,"Baltimore, Maryland, United States",US,USMD,39.2904,-76.6122,597040,3,"Baltimore, Maryland, United States",US,USMD,39.2904,-76.6122,597040,20240530,https://www.jewishtimes.com/guiding-medical-institutions-with-david-goldner/
1178954189,20240530,202405,2024,2024.4110,EGYHLH,SINAI,EGY,,,,,HLH,,,,,,,,,,,,,1,046,046,04,1,7.0,10,1,10,1.79372197309417,3,"Marriottsville, Maryland, United States",US,USMD,39.3501,-76.8994,590745,0,,,,,,,3,"Marriottsville, Maryland, United States",US,USMD,39.3501,-76.8994,590745,20240530,https://www.jewishtimes.com/guiding-medical-institutions-with-david-goldner/
1178955968,20240530,202405,2024,2024.4110,AFR,AFRICA,AFR,,,,,,,,USAMED,THE ASSOCIATED PRESS,USA,,,,,MED,,,1,013,013,01,1,0.4,3,1,3,2.79069767441861,3,"Washington, District of Columbia, United States",US,USDC,38.8951,-77.0364,531871,3,"Washington, District of Columbia, United States",US,USDC,38.8951,-77.0364,531871,3,"Washington, District of Columbia, United States",US,USDC,38.8951,-77.0364,531871,20240530,https://www.washingtontimes.com/news/2024/may/30/tens-of-billions-of-dollars-worth-of-gold-flows-il/
1178956092,20240530,202405,2024,2024.4110,CHE,SWITZERLAND,CHE,,,,,,,,AFR,AFRICA,AFR,,,,,,,,1,061,061,06,2,6.4,4,1,4,2.79069767441861,4,"Geneva, Genè, Switzerland",SZ,SZ07,46.1956,6.14811,-2552151,3,"Washington, District of Columbia, United States",US,USDC,38.8951,-77.0364,531871,4,"Geneva, Genè, Switzerland",SZ,SZ07,46.1956,6.14811,-2552151,20240530,https://www.washingtontimes.com/news/2024/may/30/tens-of-billions-of-dollars-worth-of-gold-flows-il/
1178956362,20240530,202405,2024,2024.4110,GHA,GHANA,GHA,,,,,,,,USAMED,THE ASSOCIATED PRESS,USA,,,,,MED,,,1,013,013,01,1,0.4,2,1,2,2.79069767441861,3,"Washington, District of Columbia, United States",US,USDC,38.8951,-77.0364,531871,3,"Washington, District of Columbia, United States",US,USDC,38.8951,-77.0364,531871,3,"Washington, District of Columbia, United States",US,USDC,38.8951,-77.0364,531871,20240530,https://www.washingtontimes.com/news/2024/may/30/tens-of-billions-of-dollars-worth-of-gold-flows-il/
1178956941,20240530,202405,2024,2024.4110,USA,UNITED STATES,USA,,,,,,,,,,,,,,,,,,1,051,051,05,1,3.4,4,1,4,5.74324324324324,3,"Essex Junction, Vermont, United States",US,USVT,44.4906,-73.111,1457378,0,,,,,,,3,"Essex Junction, Vermont, United States",US,USVT,44.4906,-73.111,1457378,20240530,https://www.manchesterjournal.com/education/southwest-tech-junior-wins-golden-wrench-award-takes-home-700-worth-of-tools/article_c436ae0e-1eb1-11ef-8fab-a34b03203448.html
1178957044,20240530,202405,2024,2024.4110,USA,UNITED STATES,USA,,,,,,,,EDU,STUDENT,,,,,,EDU,,,1,013,013,01,1,0.4,4,1,4,5.74324324324324,2,"Vermont, United States",US,USVT,44.0407,-72.7093,VT,2,"Vermont, United States",US,USVT,44.0407,-72.7093,VT,2,"Vermont, United States",US,USVT,44.0407,-72.7093,VT,20240530,https://www.manchesterjournal.com/education/southwest-tech-junior-wins-golden-wrench-award-takes-home-700-worth-of-tools/article_c436ae0e-1eb1-11ef-8fab-a34b03203448.html
1178957978,20240530,202405,2024,2024.4110,CHN,CHINA,CHN,,,,,,,,,,,,,,,,,,0,130,130,13,3,-4.4,10,1,10,3.00751879699248,5,"Tibet, Xizang, China",CH,CH14,32,90,-1934604,0,,,,,,,5,"Tibet, Xizang, China",CH,CH14,32,90,-1934604,20240530,https://www.goldseiten.de/artikel/620646--China-Gold-International-Resources-Announces-the-Resumption-of-Operations-at-its-Jiama-Copper-Gold-Polymetallic-Mine.html
1178958718,20240530,202405,2024,2024.4110,TZA,TANZANIA,TZA,,,,,,,,,,,,,,,,,,1,051,051,05,1,3.4,8,2,8,2.67805978971825,4,"Kilimani, Zanzibar North, Tanzania",TZ,TZ22,-6.03333,39.2,-2565041,0,,,,,,,4,"Kilimani, Zanzibar North, Tanzania",TZ,TZ22,-6.03333,39.2,-2565041,20240530,https://www.marketscreener.com/quote/stock/PERSEUS-MINING-LIMITED-6497696/news/Perseus-provides-update-on-Nyanzaga-Gold-Project-46868443/
1178959994,20240530,202405,2024,2024.4110,GBR,LONDON,GBR,,,,,,,,,,,,,,,,,,1,110,110,11,3,-2.0,10,1,10,2.35546038543898,4,"London, London, City of, United Kingdom",UK,UKH9,51.5,-0.116667,-2601889,0,,,,,,,4,"Nagpur, Maharashtra, India",IN,IN16,21.15,79.1,-2105396,20240530,https://timesofindia.indiatimes.com/business/india-business/rbi-moves-100-tonnes-gold-from-uk-to-its-vaults-in-india/articleshow/110574276.cms
1178960051,20240530,202405,2024,2024.4110,GOV,OFFICIAL SOURCE,,,,,,GOV,,,,,,,,,,,,,1,042,042,04,1,1.9,10,1,10,2.35546038543898,4,"Nagpur, Maharashtra, India",IN,IN16,21.15,79.1,-2105396,0,,,,,,,4,"Nagpur, Maharashtra, India",IN,IN16,21.15,79.1,-2105396,20240530,https://timesofindia.indiatimes.com/business/india-business/rbi-moves-100-tonnes-gold-from-uk-to-its-vaults-in-india/articleshow/110574276.cms
1178961550,20240530,202405,2024,2024.4110,,,,,,,,,,,GRC,GREECE,GRC,,,,,,,,0,042,042,04,1,1.9,4,1,4,1.94250194250195,0,,,,,,,4,"Bali, Perifereia Kritis, Greece",GR,GR60,35.4167,24.7833,-815869,4,"Bali, Perifereia Kritis, Greece",GR,GR60,35.4167,24.7833,-815869,20240530,https://www.cntraveller.com/article/the-golden-rules-of-european-summer-travel
1178961559,20240530,202405,2024,2024.4110,,,,,,,,,,,IDN,BALI,IDN,,,,,,,,0,042,042,04,1,1.9,2,1,2,1.94250194250195,0,,,,,,,4,"Bali, Perifereia Kritis, Greece",GR,GR60,35.4167,24.7833,-815869,4,"Bali, Perifereia Kritis, Greece",GR,GR60,35.4167,24.7833,-815869,20240530,https://www.cntraveller.com/article/the-golden-rules-of-european-summer-travel
1178961560,20240530,202405,2024,2024.4110,,,,,,,,,,,IDN,BALI,IDN,,,,,,,,0,042,042,04,1,1.9,4,1,4,1.94250194250195,0,,,,,,,1,Italy,IT,IT,42.833333,12.833333,IT,1,Italy,IT,IT,42.833333,12.833333,IT,20240530,https://www.cntraveller.com/article/the-golden-rules-of-european-summer-travel
1178961871,20240530,202405,2024,2024.4110,CVL,COMMUNITY,,,,,,CVL,,,CVLLEG,COMMUNITY,,,,,,CVL,LEG,,1,010,010,01,1,0.0,10,1,10,5.93301435406698,4,"Coomera, Queensland, Australia",AS,AS04,-27.8833,153.3,-1567125,4,"Coomera, Queensland, Australia",AS,AS04,-27.8833,153.3,-1567125,4,"Coomera, Queensland, Australia",AS,AS04,-27.8833,153.3,-1567125,20240530,https://www.miragenews.com/record-gold-coast-health-budget-fuels-coomera-1246624/
1178961979,20240530,202405,2024,2024.4110,FRA,FRANCE,FRA,,,,,,,,ITA,ITALY,ITA,,,,,,,,0,043,043,04,1,2.8,2,1,2,1.94250194250195,4,"Paris, France (general), France",FR,FR00,48.8667,2.33333,-1456928,4,"Paris, France (general), France",FR,FR00,48.8667,2.33333,-1456928,4,"Paris, France (general), France",FR,FR00,48.8667,2.33333,-1456928,20240530,https://www.cntraveller.com/article/the-golden-rules-of-european-summer-travel
1178961980,20240530,202405,2024,2024.4110,FRA,PARIS,FRA,,,,,,,,ITA,ITALY,ITA,,,,,,,,0,043,043,04,1,2.8,8,1,8,1.94250194250195,4,"Paris, France (general), France",FR,FR00,48.8667,2.33333,-1456928,1,Italy,IT,IT,42.833333,12.833333,IT,4,"Paris, France (general), France",FR,FR00,48.8667,2.33333,-1456928,20240530,https://www.cntraveller.com/article/the-golden-rules-of-european-summer-travel
1178962091,20240530,202405,2024,2024.4110,GRC,GREECE,GRC,,,,,,,,,,,,,,,,,,0,043,043,04,1,2.8,8,1,4,1.94250194250195,4,"Bali, Perifereia Kritis, Greece",GR,GR60,35.4167,24.7833,-815869,0,,,,,,,4,"Bali, Perifereia Kritis, Greece",GR,GR60,35.4167,24.7833,-815869,20240530,https://www.cntraveller.com/article/the-golden-rules-of-european-summer-travel
1178962102,20240530,202405,2024,2024.4110,GRC,GREECE,GRC,,,,,,,,IDN,BALI,IDN,,,,,,,,0,042,042,04,1,1.9,4,1,4,1.94250194250195,4,"Bali, Perifereia Kritis, Greece",GR,GR60,35.4167,24.7833,-815869,4,"Bali, Perifereia Kritis, Greece",GR,GR60,35.4167,24.7833,-815869,4,"Bali, Perifereia Kritis, Greece",GR,GR60,35.4167,24.7833,-815869,20240530,https://www.cntraveller.com/article/the-golden-rules-of-european-summer-travel
1178962103,20240530,202405,2024,2024.4110,GRC,GREECE,GRC,,,,,,,,IDN,BALI,IDN,,,,,,,,0,042,042,04,1,1.9,2,1,2,1.94250194250195,1,Italy,IT,IT,42.833333,12.833333,IT,1,Italy,IT,IT,42.833333,12.833333,IT,1,Italy,IT,IT,42.833333,12.833333,IT,20240530,https://www.cntraveller.com/article/the-golden-rules-of-european-summer-travel
1178962127,20240530,202405,2024,2024.4110,IDN,BALI,IDN,,,,,,,,,,,,,,,,,,0,043,043,04,1,2.8,6,1,4,1.94250194250195,4,"Bali, Perifereia Kritis, Greece",GR,GR60,35.4167,24.7833,-815869,0,,,,,,,4,"Bali, Perifereia Kritis, Greece",GR,GR60,35.4167,24.7833,-815869,20240530,https://www.cntraveller.com/article/the-golden-rules-of-european-summer-travel
1178962128,20240530,202405,2024,2024.4110,IDN,BALI,IDN,,,,,,,,GRC,GREECE,GRC,,,,,,,,0,043,043,04,1,2.8,6,1,4,1.94250194250195,4,"Bali, Perifereia Kritis, Greece",GR,GR60,35.4167,24.7833,-815869,4,"Bali, Perifereia Kritis, Greece",GR,GR60,35.4167,24.7833,-815869,4,"Bali, Perifereia Kritis, Greece",GR,GR60,35.4167,24.7833,-815869,20240530,https://www.cntraveller.com/article/the-golden-rules-of-european-summer-travel
1178962166,20240530,202405,2024,2024.4110,ITA,ITALY,ITA,,,,,,,,FRA,FRANCE,FRA,,,,,,,,0,036,036,03,1,4.0,1,1,1,1.94250194250195,4,"Paris, France (general), France",FR,FR00,48.8667,2.33333,-1456928,4,"Paris, France (general), France",FR,FR00,48.8667,2.33333,-1456928,1,Italy,IT,IT,42.833333,12.833333,IT,20240530,https://www.cntraveller.com/article/the-golden-rules-of-european-summer-travel
1178962167,20240530,202405,2024,2024.4110,ITA,ITALY,ITA,,,,,,,,FRA,PARIS,FRA,,,,,,,,0,036,036,03,1,4.0,4,1,4,1.94250194250195,1,Italy,IT,IT,42.833333,12.833333,IT,4,"Paris, France (general), France",FR,FR00,48.8667,2.33333,-1456928,1,Italy,IT,IT,42.833333,12.833333,IT,20240530,https://www.cntraveller.com/article/the-golden-rules-of-european-summer-travel
1178962168,20240530,202405,2024,2024.4110,ITA,ITALY,ITA,,,,,,,,FRA,FRANCE,FRA,,,,,,,,0,042,042,04,1,1.9,2,1,2,1.94250194250195,4,"Paris, France (general), France",FR,FR00,48.8667,2.33333,-1456928,4,"Paris, France (general), France",FR,FR00,48.8667,2.33333,-1456928,4,"Paris, France (general), France",FR,FR00,48.8667,2.33333,-1456928,20240530,https://www.cntraveller.com/article/the-golden-rules-of-european-summer-travel
1178962169,20240530,202405,2024,2024.4110,ITA,ITALY,ITA,,,,,,,,FRA,PARIS,FRA,,,,,,,,0,042,042,04,1,1.9,8,1,8,1.94250194250195,1,Italy,IT,IT,42.833333,12.833333,IT,4,"Paris, France (general), France",FR,FR00,48.8667,2.33333,-1456928,4,"Paris, France (general), France",FR,FR00,48.8667,2.33333,-1456928,20240530,https://www.cntraveller.com/article/the-golden-rules-of-european-summer-travel
