GLOBALEVENTID,SQLDATE,MonthYear,Year,FractionDate,Actor1Code,Actor1Name,Actor1CountryCode,Actor1KnownGroupCode,Actor1EthnicCode,Actor1Religion1Code,Actor1Religion2Code,Actor1Type1Code,Actor1Type2Code,Actor1Type3Code,Actor2Code,Actor2Name,Actor2CountryCode,Actor2KnownGroupCode,Actor2EthnicCode,Actor2Religion1Code,Actor2Religion2Code,Actor2Type1Code,Actor2Type2Code,Actor2Type3Code,IsRootEvent,EventCode,EventBaseCode,EventRootCode,QuadClass,GoldsteinScale,NumMentions,NumSources,NumArticles,AvgTone,Actor1Geo_Type,Actor1Geo_FullName,Actor1Geo_CountryCode,Actor1Geo_ADM1Code,Actor1Geo_Lat,Actor1Geo_Long,Actor1Geo_FeatureID,Actor2Geo_Type,Actor2Geo_FullName,Actor2Geo_CountryCode,Actor2Geo_ADM1Code,Actor2Geo_Lat,Actor2Geo_Long,Actor2Geo_FeatureID,ActionGeo_Type,ActionGeo_FullName,ActionGeo_CountryCode,ActionGeo_ADM1Code,ActionGeo_Lat,ActionGeo_Long,ActionGeo_FeatureID,DATEADDED,SOURCEURL
1166172653,20240327,202403,2024,2024.2384,MDG,MADAGASCAR,MDG,,,,,,,,,,,,,,,,,,1,010,010,01,1,0.0,24,3,24,2.08184239912506,1,Madagascar,MA,MA,-20,47,MA,0,,,,,,,1,Madagascar,MA,MA,-20,47,MA,20240327,https://www.goldcoastbulletin.com.au/entertainment/celebrity-life/surf-legend-mick-fannings-emotional-tribute-to-dead-brother/news-story/1c410f1f1baea2fa478aef49b75e2206?nk=ee5ebf07232bd976295e63dbc150dea7-1711496831
1166172654,20240327,202403,2024,2024.2384,MDG,MADAGASCAR,MDG,,,,,,,,,,,,,,,,,,1,017,017,01,1,0.0,2114,81,1066,2.64088794555289,1,Madagascar,MA,MA,-20,47,MA,0,,,,,,,1,Madagascar,MA,MA,-20,47,MA,20240327,https://www.goldcoastbulletin.com.au/entertainment/celebrity-life/surf-legend-mick-fannings-emotional-tribute-to-dead-brother/news-story/1c410f1f1baea2fa478aef49b75e2206?nk=ee5ebf07232bd976295e63dbc150dea7-1711496831
1166172655,20240327,202403,2024,2024.2384,MDG,MADAGASCAR,MDG,,,,,,,,,,,,,,,,,,1,017,017,01,1,0.0,30,2,30,-1.28245141154773,1,South Africa,SF,SF,-30,26,SF,0,,,,,,,1,South Africa,SF,SF,-30,26,SF,20240327,https://www.goldcoastbulletin.com.au/entertainment/celebrity-life/surf-legend-mick-fannings-emotional-tribute-to-dead-brother/news-story/1c410f1f1baea2fa478aef49b75e2206?nk=ee5ebf07232bd976295e63dbc150dea7-1711496831
1166172656,20240327,202403,2024,2024.2384,MDG,MADAGASCAR,MDG,,,,,,,,,,,,,,,,,,1,051,051,05,1,3.4,16,1,8,-0.37593984962406,1,Madagascar,MA,MA,-20,47,MA,0,,,,,,,1,Madagascar,MA,MA,-20,47,MA,20240327,https://www.goldcoastbulletin.com.au/entertainment/celebrity-life/surf-legend-mick-fannings-emotional-tribute-to-dead-brother/news-story/1c410f1f1baea2fa478aef49b75e2206?nk=ee5ebf07232bd976295e63dbc150dea7-1711496831
1166175227,20240327,202403,2024,2024.2384,,,,,,,,,,,CAN,CANADA,CAN,,,,,,,,0,020,020,02,1,3.0,1,1,1,-2.29568411386594,0,,,,,,,4,"Ottawa, Ontario, Canada",CA,CA08,45.4167,-75.7,-570760,4,"Ottawa, Ontario, Canada",CA,CA08,45.4167,-75.7,-570760,20240327,https://www.theglobeandmail.com/politics/article-core-dynasty-gold-china/
1166175228,20240327,202403,2024,2024.2384,,,,,,,,,,,CAN,CANADA,CAN,,,,,,,,1,030,030,03,1,4.0,11,2,11,-2.18950872359963,0,,,,,,,4,"Ottawa, Ontario, Canada",CA,CA08,45.4167,-75.7,-570760,4,"Ottawa, Ontario, Canada",CA,CA08,45.4167,-75.7,-570760,20240327,https://www.theglobeandmail.com/politics/article-core-dynasty-gold-china/
1166175730,20240327,202403,2024,2024.2384,CAN,CANADIAN,CAN,,,,,,,,CHN,CHINA,CHN,,,,,,,,1,070,070,07,2,7.0,8,1,8,-2.29568411386594,4,"Ottawa, Ontario, Canada",CA,CA08,45.4167,-75.7,-570760,4,"Ottawa, Ontario, Canada",CA,CA08,45.4167,-75.7,-570760,4,"Ottawa, Ontario, Canada",CA,CA08,45.4167,-75.7,-570760,20240327,https://www.theglobeandmail.com/politics/article-core-dynasty-gold-china/
1166181684,20240327,202403,2024,2024.2384,,,,,,,,,,,CAN,CANADA,CAN,,,,,,,,0,042,042,04,1,1.9,2,1,2,5.18134715025907,0,,,,,,,4,"Blackfeet, Saskatchewan, Canada",CA,CA11,54.5,-103,-559873,4,"Blackfeet, Saskatchewan, Canada",CA,CA11,54.5,-103,-559873,20240327,https://missoulian.com/news/local/indigenous/blackfeet-nation-honors-actress-lily-gladstone-stand-up-headdress-oscar-golden-globe-browning/article_0b84add8-ebb8-11ee-8679-038f07d28c93.html
1166181685,20240327,202403,2024,2024.2384,,,,,,,,,,,CAN,CANADA,CAN,,,,,,,,0,043,043,04,1,2.8,10,1,10,5.18134715025907,0,,,,,,,4,"Blackfeet, Saskatchewan, Canada",CA,CA11,54.5,-103,-559873,4,"Blackfeet, Saskatchewan, Canada",CA,CA11,54.5,-103,-559873,20240327,https://missoulian.com/news/local/indigenous/blackfeet-nation-honors-actress-lily-gladstone-stand-up-headdress-oscar-golden-globe-browning/article_0b84add8-ebb8-11ee-8679-038f07d28c93.html
1166181686,20240327,202403,2024,2024.2384,,,,,,,,,,,CAN,CANADA,CAN,,,,,,,,0,051,051,05,1,3.4,2,1,2,5.18134715025907,0,,,,,,,4,"Blackfeet, Saskatchewan, Canada",CA,CA11,54.5,-103,-559873,4,"Blackfeet, Saskatchewan, Canada",CA,CA11,54.5,-103,-559873,20240327,https://missoulian.com/news/local/indigenous/blackfeet-nation-honors-actress-lily-gladstone-stand-up-headdress-oscar-golden-globe-browning/article_0b84add8-ebb8-11ee-8679-038f07d28c93.html
1166182118,20240327,202403,2024,2024.2384,CAN,CANADA,CAN,,,,,,,,,,,,,,,,,,0,042,042,04,1,1.9,730,49,730,5.20898624544179,4,"Blackfeet, Saskatchewan, Canada",CA,CA11,54.5,-103,-559873,0,,,,,,,4,"Blackfeet, Saskatchewan, Canada",CA,CA11,54.5,-103,-559873,20240327,https://missoulian.com/news/local/indigenous/blackfeet-nation-honors-actress-lily-gladstone-stand-up-headdress-oscar-golden-globe-browning/article_0b84add8-ebb8-11ee-8679-038f07d28c93.html
1166182119,20240327,202403,2024,2024.2384,CAN,CANADA,CAN,,,,,,,,,,,,,,,,,,0,043,043,04,1,2.8,722,49,722,5.20898624544179,4,"Blackfeet, Saskatchewan, Canada",CA,CA11,54.5,-103,-559873,0,,,,,,,4,"Blackfeet, Saskatchewan, Canada",CA,CA11,54.5,-103,-559873,20240327,https://missoulian.com/news/local/indigenous/blackfeet-nation-honors-actress-lily-gladstone-stand-up-headdress-oscar-golden-globe-browning/article_0b84add8-ebb8-11ee-8679-038f07d28c93.html
1166182120,20240327,202403,2024,2024.2384,CAN,CANADA,CAN,,,,,,,,,,,,,,,,,,1,051,051,05,1,3.4,619,52,483,5.23136250309148,4,"Blackfeet, Saskatchewan, Canada",CA,CA11,54.5,-103,-559873,0,,,,,,,4,"Blackfeet, Saskatchewan, Canada",CA,CA11,54.5,-103,-559873,20240327,https://missoulian.com/news/local/indigenous/blackfeet-nation-honors-actress-lily-gladstone-stand-up-headdress-oscar-golden-globe-browning/article_0b84add8-ebb8-11ee-8679-038f07d28c93.html
1166183840,20240327,202403,2024,2024.2384,USAELIBUS,GEORGE SOROS,USA,,,,,ELI,BUS,,,,,,,,,,,,0,112,112,11,3,-2.0,10,1,10,-2.3278370514064,2,"Louisiana, United States",US,USLA,31.1801,-91.8749,LA,0,,,,,,,2,"Louisiana, United States",US,USLA,31.1801,-91.8749,LA,20240327,https://news.harvard.edu/gazette/story/2024/03/decline-of-golden-age-for-american-jews/
1166184909,20240327,202403,2024,2024.2384,BUS,COMPANY,,,,,,BUS,,,,,,,,,,,,,1,071,071,07,2,7.4,10,1,10,3.93120393120393,4,"Quebec, Quebec, Canada",CA,CA10,47.5,-72,-571850,0,,,,,,,4,"Quebec, Quebec, Canada",CA,CA10,47.5,-72,-571850,20240327,https://www.juniorminingnetwork.com/junior-miner-news/press-releases/754-tsx/prb/158087-probe-gold-files-pea-update-technical-report-for-the-novador-project-quebec.html
1166185819,20240327,202403,2024,2024.2384,MNCUSA,GOLDMAN SACHS,USA,,,,,MNC,,,BUS,CORPORATION,,,,,,BUS,,,1,071,071,07,2,7.4,25,3,25,1.90168319706871,0,,,,,,,0,,,,,,,0,,,,,,,20240327,https://www.wkrb13.com/2024/03/27/kozak-associates-inc-cuts-stock-position-in-the-goldman-sachs-group-inc-nysegs.html
1166191908,20240327,202403,2024,2024.2384,AUS,AUSTRALIA,AUS,,,,,,,,,,,,,,,,,,1,051,051,05,1,3.4,4,2,4,3.94511149228131,4,"Karratha, Western Australia, Australia",AS,AS08,-20.739,116.843,11430566,0,,,,,,,4,"Karratha, Western Australia, Australia",AS,AS08,-20.739,116.843,11430566,20240327,https://www.proactiveinvestors.com/companies/news/1044055/novo-resources-upgrades-nunyerry-north-gold-hits-after-reviewing-drill-data-appoints-new-director-1044055.html
1166191910,20240327,202403,2024,2024.2384,AUS,AUSTRALIAN,AUS,,,,,,,,,,,,,,,,,,1,071,071,07,2,7.4,4,2,4,3.94511149228131,4,"Nunyerry, Western Australia, Australia",AS,AS08,-21.4833,117.95,-1592533,0,,,,,,,4,"Nunyerry, Western Australia, Australia",AS,AS08,-21.4833,117.95,-1592533,20240327,https://www.proactiveinvestors.com/companies/news/1044055/novo-resources-upgrades-nunyerry-north-gold-hits-after-reviewing-drill-data-appoints-new-director-1044055.html
1166192830,20240327,202403,2024,2024.2384,MNCUSA,GOLDMAN SACHS,USA,,,,,MNC,,,,,,,,,,,,,1,010,010,01,1,0.0,22,3,22,2.04001143555157,2,"Nevada, United States",US,USNV,38.4199,-117.122,NV,0,,,,,,,2,"Nevada, United States",US,USNV,38.4199,-117.122,NV,20240327,https://www.dailypolitical.com/2024/03/26/canvas-wealth-advisors-llc-sells-5091-shares-of-goldman-sachs-activebeta-u-s-large-cap-equity-etf-nysearcagslc.html
1166192831,20240327,202403,2024,2024.2384,MNCUSA,GOLDMAN SACHS,USA,,,,,MNC,,,,,,,,,,,,,1,071,071,07,2,7.4,22,3,22,2.04001143555157,2,"Nevada, United States",US,USNV,38.4199,-117.122,NV,0,,,,,,,2,"Nevada, United States",US,USNV,38.4199,-117.122,NV,20240327,https://www.dailypolitical.com/2024/03/26/canvas-wealth-advisors-llc-sells-5091-shares-of-goldman-sachs-activebeta-u-s-large-cap-equity-etf-nysearcagslc.html
1166192833,20240327,202403,2024,2024.2384,MNCUSA,GOLDMAN SACHS,USA,,,,,MNC,,,USA,UNITED STATES,USA,,,,,,,,1,010,010,01,1,0.0,4,2,4,2.12389380530973,2,"Nevada, United States",US,USNV,38.4199,-117.122,NV,2,"Nevada, United States",US,USNV,38.4199,-117.122,NV,2,"Nevada, United States",US,USNV,38.4199,-117.122,NV,20240327,https://www.dailypolitical.com/2024/03/26/canvas-wealth-advisors-llc-sells-5091-shares-of-goldman-sachs-activebeta-u-s-large-cap-equity-etf-nysearcagslc.html
1166192834,20240327,202403,2024,2024.2384,MNCUSA,GOLDMAN SACHS,USA,,,,,MNC,,,USA,UNITED STATES,USA,,,,,,,,1,071,071,07,2,7.4,4,2,4,2.12389380530973,2,"Nevada, United States",US,USNV,38.4199,-117.122,NV,2,"Nevada, United States",US,USNV,38.4199,-117.122,NV,2,"Nevada, United States",US,USNV,38.4199,-117.122,NV,20240327,https://www.dailypolitical.com/2024/03/26/canvas-wealth-advisors-llc-sells-5091-shares-of-goldman-sachs-activebeta-u-s-large-cap-equity-etf-nysearcagslc.html
1166193144,20240327,202403,2024,2024.2384,USA,UNITED STATES,USA,,,,,,,,,,,,,,,,,,1,071,071,07,2,7.4,19,4,19,2.98650445606533,2,"Nevada, United States",US,USNV,38.4199,-117.122,NV,0,,,,,,,2,"Nevada, United States",US,USNV,38.4199,-117.122,NV,20240327,https://www.dailypolitical.com/2024/03/26/canvas-wealth-advisors-llc-sells-5091-shares-of-goldman-sachs-activebeta-u-s-large-cap-equity-etf-nysearcagslc.html
1166193603,20240327,202403,2024,2024.2384,,,,,,,,,,,USA,NEW YORK,USA,,,,,,,,1,112,112,11,3,-2.0,3,1,3,-5.25252525252525,0,,,,,,,1,Russia,RS,RS,60,100,RS,1,Russia,RS,RS,60,100,RS,20240327,https://nypost.com/2024/03/26/us-news/tony-bobulinski-threatens-to-sue-rep-dan-goldman-for-defamatory-commentary/
1166193609,20240327,202403,2024,2024.2384,,,,,,,,,,,USA,UNITED STATES,USA,,,,,,,,1,173,173,17,4,-5.0,2,1,2,-5.25252525252525,0,,,,,,,1,China,CH,CH,35,105,CH,2,"New York, United States",US,USNY,42.1497,-74.9384,NY,20240327,https://nypost.com/2024/03/26/us-news/tony-bobulinski-threatens-to-sue-rep-dan-goldman-for-defamatory-commentary/
1166193747,20240327,202403,2024,2024.2384,CHN,CHINA,CHN,,,,,,,,CVL,HUNTER,,,,,,CVL,,,0,040,040,04,1,1.0,2,1,2,-5.25252525252525,1,China,CH,CH,35,105,CH,1,China,CH,CH,35,105,CH,2,"New York, United States",US,USNY,42.1497,-74.9384,NY,20240327,https://nypost.com/2024/03/26/us-news/tony-bobulinski-threatens-to-sue-rep-dan-goldman-for-defamatory-commentary/
1166193753,20240327,202403,2024,2024.2384,CHN,CHINA,CHN,,,,,,,,RUS,RUSSIA,RUS,,,,,,,,0,040,040,04,1,1.0,1,1,1,-5.25252525252525,1,China,CH,CH,35,105,CH,1,China,CH,CH,35,105,CH,1,China,CH,CH,35,105,CH,20240327,https://nypost.com/2024/03/26/us-news/tony-bobulinski-threatens-to-sue-rep-dan-goldman-for-defamatory-commentary/
1166193756,20240327,202403,2024,2024.2384,CHN,CHINA,CHN,,,,,,,,USA,UNITED STATES,USA,,,,,,,,1,080,080,08,2,5.0,2,1,2,-5.25252525252525,1,China,CH,CH,35,105,CH,2,"New York, United States",US,USNY,42.1497,-74.9384,NY,2,"New York, United States",US,USNY,42.1497,-74.9384,NY,20240327,https://nypost.com/2024/03/26/us-news/tony-bobulinski-threatens-to-sue-rep-dan-goldman-for-defamatory-commentary/
1166193838,20240327,202403,2024,2024.2384,CVL,HUNTER,,,,,,CVL,,,GOV,PRESIDENT,,,,,,GOV,,,0,111,111,11,3,-2.0,6,1,6,-5.25252525252525,1,Russia,RS,RS,60,100,RS,1,Russia,RS,RS,60,100,RS,1,Russia,RS,RS,60,100,RS,20240327,https://nypost.com/2024/03/26/us-news/tony-bobulinski-threatens-to-sue-rep-dan-goldman-for-defamatory-commentary/
1166193841,20240327,202403,2024,2024.2384,CVL,HUNTER,,,,,,CVL,,,RUS,RUSSIAN,RUS,,,,,,,,0,040,040,04,1,1.0,6,1,6,-5.25252525252525,1,Russia,RS,RS,60,100,RS,1,Russia,RS,RS,60,100,RS,1,Russia,RS,RS,60,100,RS,20240327,https://nypost.com/2024/03/26/us-news/tony-bobulinski-threatens-to-sue-rep-dan-goldman-for-defamatory-commentary/
1166193842,20240327,202403,2024,2024.2384,CVL,HUNTER,,,,,,CVL,,,RUS,RUSSIAN,RUS,,,,,,,,0,110,110,11,3,-2.0,6,1,6,-5.25252525252525,1,Russia,RS,RS,60,100,RS,1,Russia,RS,RS,60,100,RS,1,Russia,RS,RS,60,100,RS,20240327,https://nypost.com/2024/03/26/us-news/tony-bobulinski-threatens-to-sue-rep-dan-goldman-for-defamatory-commentary/
1166193848,20240327,202403,2024,2024.2384,CVL,HUNTER,,,,,,CVL,,,USA,UNITED STATES,USA,,,,,,,,1,080,080,08,2,5.0,2,1,2,-5.25252525252525,1,China,CH,CH,35,105,CH,2,"New York, United States",US,USNY,42.1497,-74.9384,NY,2,"New York, United States",US,USNY,42.1497,-74.9384,NY,20240327,https://nypost.com/2024/03/26/us-news/tony-bobulinski-threatens-to-sue-rep-dan-goldman-for-defamatory-commentary/
1166194139,20240327,202403,2024,2024.2384,JUD,ATTORNEY,,,,,,JUD,,,GOV,ADMINISTRATION,,,,,,GOV,,,0,160,160,16,4,-4.0,3,1,3,-5.25252525252525,2,"New York, United States",US,USNY,42.1497,-74.9384,NY,2,"New York, United States",US,USNY,42.1497,-74.9384,NY,2,"New York, United States",US,USNY,42.1497,-74.9384,NY,20240327,https://nypost.com/2024/03/26/us-news/tony-bobulinski-threatens-to-sue-rep-dan-goldman-for-defamatory-commentary/
1166194152,20240327,202403,2024,2024.2384,JUD,LAWYER,,,,,,JUD,,,USA,NEW YORK,USA,,,,,,,,1,112,112,11,3,-2.0,2,1,2,-5.25252525252525,1,China,CH,CH,35,105,CH,2,"New York, United States",US,USNY,42.1497,-74.9384,NY,2,"New York, United States",US,USNY,42.1497,-74.9384,NY,20240327,https://nypost.com/2024/03/26/us-news/tony-bobulinski-threatens-to-sue-rep-dan-goldman-for-defamatory-commentary/
1166194153,20240327,202403,2024,2024.2384,JUD,LAWYER,,,,,,JUD,,,USA,UNITED STATES,USA,,,,,,,,1,112,112,11,3,-2.0,1,1,1,-5.25252525252525,1,China,CH,CH,35,105,CH,1,Russia,RS,RS,60,100,RS,1,Russia,RS,RS,60,100,RS,20240327,https://nypost.com/2024/03/26/us-news/tony-bobulinski-threatens-to-sue-rep-dan-goldman-for-defamatory-commentary/
1166194156,20240327,202403,2024,2024.2384,JUD,LAWYER,,,,,,JUD,,,USA,NEW YORK,USA,,,,,,,,1,112,112,11,3,-2.0,2,1,2,-5.25252525252525,1,Russia,RS,RS,60,100,RS,1,Russia,RS,RS,60,100,RS,1,Russia,RS,RS,60,100,RS,20240327,https://nypost.com/2024/03/26/us-news/tony-bobulinski-threatens-to-sue-rep-dan-goldman-for-defamatory-commentary/
1166194513,20240327,202403,2024,2024.2384,USA,UNITED STATES,USA,,,,,,,,CHN,CHINA,CHN,,,,,,,,1,010,010,01,1,0.0,2,1,2,-5.25252525252525,2,"New York, United States",US,USNY,42.1497,-74.9384,NY,1,China,CH,CH,35,105,CH,2,"New York, United States",US,USNY,42.1497,-74.9384,NY,20240327,https://nypost.com/2024/03/26/us-news/tony-bobulinski-threatens-to-sue-rep-dan-goldman-for-defamatory-commentary/
1166194523,20240327,202403,2024,2024.2384,USA,UNITED STATES,USA,,,,,,,,CVL,HUNTER,,,,,,CVL,,,1,010,010,01,1,0.0,2,1,2,-5.25252525252525,2,"New York, United States",US,USNY,42.1497,-74.9384,NY,1,China,CH,CH,35,105,CH,2,"New York, United States",US,USNY,42.1497,-74.9384,NY,20240327,https://nypost.com/2024/03/26/us-news/tony-bobulinski-threatens-to-sue-rep-dan-goldman-for-defamatory-commentary/
1166194538,20240327,202403,2024,2024.2384,USA,UNITED STATES,USA,,,,,,,,CVL,HUNTER,,,,,,CVL,,,0,110,110,11,3,-2.0,2,1,2,-5.25252525252525,2,"New York, United States",US,USNY,42.1497,-74.9384,NY,1,China,CH,CH,35,105,CH,1,China,CH,CH,35,105,CH,20240327,https://nypost.com/2024/03/26/us-news/tony-bobulinski-threatens-to-sue-rep-dan-goldman-for-defamatory-commentary/
1166194539,20240327,202403,2024,2024.2384,USA,UNITED STATES,USA,,,,,,,,CVL,HUNTER,,,,,,CVL,,,0,110,110,11,3,-2.0,2,1,2,-5.25252525252525,2,"New York, United States",US,USNY,42.1497,-74.9384,NY,1,Russia,RS,RS,60,100,RS,1,Russia,RS,RS,60,100,RS,20240327,https://nypost.com/2024/03/26/us-news/tony-bobulinski-threatens-to-sue-rep-dan-goldman-for-defamatory-commentary/
1166194563,20240327,202403,2024,2024.2384,USA,UNITED STATES,USA,,,,,,,,GOV,PRESIDENT,,,,,,GOV,,,0,111,111,11,3,-2.0,4,1,4,-5.25252525252525,2,"New York, United States",US,USNY,42.1497,-74.9384,NY,1,China,CH,CH,35,105,CH,1,China,CH,CH,35,105,CH,20240327,https://nypost.com/2024/03/26/us-news/tony-bobulinski-threatens-to-sue-rep-dan-goldman-for-defamatory-commentary/
1166194575,20240327,202403,2024,2024.2384,USA,UNITED STATES,USA,,,,,,,,JUD,COUNSEL,,,,,,JUD,,,0,160,160,16,4,-4.0,2,1,2,-5.25252525252525,2,"New York, United States",US,USNY,42.1497,-74.9384,NY,2,"New York, United States",US,USNY,42.1497,-74.9384,NY,2,"New York, United States",US,USNY,42.1497,-74.9384,NY,20240327,https://nypost.com/2024/03/26/us-news/tony-bobulinski-threatens-to-sue-rep-dan-goldman-for-defamatory-commentary/
1166194580,20240327,202403,2024,2024.2384,USA,UNITED STATES,USA,,,,,,,,LEG,LAWMAKER,,,,,,LEG,,,1,013,013,01,1,0.4,5,2,5,-2.77846962778469,2,"New York, United States",US,USNY,42.1497,-74.9384,NY,2,"New York, United States",US,USNY,42.1497,-74.9384,NY,2,"New York, United States",US,USNY,42.1497,-74.9384,NY,20240327,https://nypost.com/2024/03/26/us-news/tony-bobulinski-threatens-to-sue-rep-dan-goldman-for-defamatory-commentary/
1166194657,20240327,202403,2024,2024.2384,USAJUD,UNITED STATES,USA,,,,,JUD,,,USA,NEW YORK,USA,,,,,,,,1,112,112,11,3,-2.0,8,3,8,-8.39361355490387,2,"New York, United States",US,USNY,42.1497,-74.9384,NY,2,"New York, United States",US,USNY,42.1497,-74.9384,NY,2,"New York, United States",US,USNY,42.1497,-74.9384,NY,20240327,https://nypost.com/2024/03/26/us-news/tony-bobulinski-threatens-to-sue-rep-dan-goldman-for-defamatory-commentary/
1166195759,20240327,202403,2024,2024.2384,BGR,SOFIA,BGR,,,,,,,,MNCUSA,NETFLIX,USA,,,,,MNC,,,1,051,051,05,1,3.4,10,1,10,2.2911051212938,3,"Hollywood, California, United States",US,USCA,34.0983,-118.327,1660757,3,"Hollywood, California, United States",US,USCA,34.0983,-118.327,1660757,3,"Hollywood, California, United States",US,USCA,34.0983,-118.327,1660757,20240327,https://www.goldderby.com/article/2024/griselda-sofia-vergara-emmys/
1166195879,20240327,202403,2024,2024.2384,COL,COLOMBIA,COL,,,,,,,,USA,MIAMI,USA,,,,,,,,1,080,080,08,2,5.0,7,1,7,2.2911051212938,1,Colombia,CO,CO,4,-72,CO,3,"Miami, Florida, United States",US,USFL,25.7743,-80.1937,295004,1,Colombia,CO,CO,4,-72,CO,20240327,https://www.goldderby.com/article/2024/griselda-sofia-vergara-emmys/
1166195880,20240327,202403,2024,2024.2384,COL,COLOMBIA,COL,,,,,,,,USA,MIAMI,USA,,,,,,,,1,080,080,08,2,5.0,3,1,3,2.2911051212938,1,Colombia,CO,CO,4,-72,CO,1,Colombia,CO,CO,4,-72,CO,1,Colombia,CO,CO,4,-72,CO,20240327,https://www.goldderby.com/article/2024/griselda-sofia-vergara-emmys/
1166197026,20240327,202403,2024,2024.2384,,,,,,,,,,,HRV,ZAGREB,HRV,,,,,,,,0,180,180,18,4,-9.0,1,1,1,-1.5224358974359,0,,,,,,,4,"Zagreb, Zagreb, Grad, Croatia",HR,HR21,45.8,16,-101579,4,"Bressanone, Trentino-Alto Adige, Italy",IT,IT17,46.7167,11.65,-112159,20240327,https://www.washingtonpost.com/obituaries/2024/03/26/helma-goldmark-holocaust-dead/
1166197027,20240327,202403,2024,2024.2384,,,,,,,,,,,HRV,CROATIA,HRV,,,,,,,,0,180,180,18,4,-9.0,1,1,1,-1.5224358974359,0,,,,,,,4,"Bressanone, Trentino-Alto Adige, Italy",IT,IT17,46.7167,11.65,-112159,1,Austria,AU,AU,47.333333,13.333333,AU,20240327,https://www.washingtonpost.com/obituaries/2024/03/26/helma-goldmark-holocaust-dead/
1166197028,20240327,202403,2024,2024.2384,,,,,,,,,,,HRV,CROATIA,HRV,,,,,,,,0,180,180,18,4,-9.0,1,1,1,-1.5224358974359,0,,,,,,,4,"Jasenovac, Sisacko-Moslavacka, Croatia",HR,HR14,45.2717,16.9117,-83411,4,"Zagreb, Zagreb, Grad, Croatia",HR,HR21,45.8,16,-101579,20240327,https://www.washingtonpost.com/obituaries/2024/03/26/helma-goldmark-holocaust-dead/
1166197029,20240327,202403,2024,2024.2384,,,,,,,,,,,HRV,CROATIA,HRV,,,,,,,,0,180,180,18,4,-9.0,1,1,1,-1.5224358974359,0,,,,,,,4,"Jasenovac, Sisacko-Moslavacka, Croatia",HR,HR14,45.2717,16.9117,-83411,4,"Bressanone, Trentino-Alto Adige, Italy",IT,IT17,46.7167,11.65,-112159,20240327,https://www.washingtonpost.com/obituaries/2024/03/26/helma-goldmark-holocaust-dead/
1166197030,20240327,202403,2024,2024.2384,,,,,,,,,,,HRV,CROATIA,HRV,,,,,,,,0,180,180,18,4,-9.0,1,1,1,-1.5224358974359,0,,,,,,,4,"Jasenovac, Sisacko-Moslavacka, Croatia",HR,HR14,45.2717,16.9117,-83411,1,Austria,AU,AU,47.333333,13.333333,AU,20240327,https://www.washingtonpost.com/obituaries/2024/03/26/helma-goldmark-holocaust-dead/
1166197162,20240327,202403,2024,2024.2384,AUT,AUSTRIA,AUT,,,,,,,,ITA,ITALY,ITA,,,,,,,,0,042,042,04,1,1.9,2,1,2,-1.5224358974359,1,Austria,AU,AU,47.333333,13.333333,AU,4,"Bressanone, Trentino-Alto Adige, Italy",IT,IT17,46.7167,11.65,-112159,4,"Bressanone, Trentino-Alto Adige, Italy",IT,IT17,46.7167,11.65,-112159,20240327,https://www.washingtonpost.com/obituaries/2024/03/26/helma-goldmark-holocaust-dead/
1166197163,20240327,202403,2024,2024.2384,AUT,AUSTRIA,AUT,,,,,,,,ITA,ITALY,ITA,,,,,,,,0,042,042,04,1,1.9,2,1,2,-1.5224358974359,1,Austria,AU,AU,47.333333,13.333333,AU,1,Austria,AU,AU,47.333333,13.333333,AU,1,Austria,AU,AU,47.333333,13.333333,AU,20240327,https://www.washingtonpost.com/obituaries/2024/03/26/helma-goldmark-holocaust-dead/
1166197164,20240327,202403,2024,2024.2384,AUT,AUSTRIA,AUT,,,,,,,,ITA,ITALIAN,ITA,,,,,,,,0,046,046,04,1,7.0,1,1,1,-1.5224358974359,1,Austria,AU,AU,47.333333,13.333333,AU,4,"Zagreb, Zagreb, Grad, Croatia",HR,HR21,45.8,16,-101579,4,"Jasenovac, Sisacko-Moslavacka, Croatia",HR,HR14,45.2717,16.9117,-83411,20240327,https://www.washingtonpost.com/obituaries/2024/03/26/helma-goldmark-holocaust-dead/
1166197165,20240327,202403,2024,2024.2384,AUT,AUSTRIA,AUT,,,,,,,,ITA,ITALIAN,ITA,,,,,,,,0,046,046,04,1,7.0,1,1,1,-1.5224358974359,1,Austria,AU,AU,47.333333,13.333333,AU,4,"Bressanone, Trentino-Alto Adige, Italy",IT,IT17,46.7167,11.65,-112159,1,Germany,GM,GM,51.5,10.5,GM,20240327,https://www.washingtonpost.com/obituaries/2024/03/26/helma-goldmark-holocaust-dead/
1166197166,20240327,202403,2024,2024.2384,AUT,AUSTRIA,AUT,,,,,,,,ITA,ITALY,ITA,,,,,,,,0,090,090,09,2,-2.0,1,1,1,-1.5224358974359,1,Austria,AU,AU,47.333333,13.333333,AU,4,"Zagreb, Zagreb, Grad, Croatia",HR,HR21,45.8,16,-101579,4,"Zagreb, Zagreb, Grad, Croatia",HR,HR21,45.8,16,-101579,20240327,https://www.washingtonpost.com/obituaries/2024/03/26/helma-goldmark-holocaust-dead/
1166197167,20240327,202403,2024,2024.2384,AUT,AUSTRIA,AUT,,,,,,,,ITA,ITALY,ITA,,,,,,,,0,090,090,09,2,-2.0,1,1,1,-1.5224358974359,1,Austria,AU,AU,47.333333,13.333333,AU,4,"Bressanone, Trentino-Alto Adige, Italy",IT,IT17,46.7167,11.65,-112159,4,"Bressanone, Trentino-Alto Adige, Italy",IT,IT17,46.7167,11.65,-112159,20240327,https://www.washingtonpost.com/obituaries/2024/03/26/helma-goldmark-holocaust-dead/
1166197168,20240327,202403,2024,2024.2384,AUT,AUSTRIA,AUT,,,,,,,,MED,PUBLISHER,,,,,,MED,,,0,042,042,04,1,1.9,1,1,1,-1.5224358974359,1,Austria,AU,AU,47.333333,13.333333,AU,1,Austria,AU,AU,47.333333,13.333333,AU,1,Austria,AU,AU,47.333333,13.333333,AU,20240327,https://www.washingtonpost.com/obituaries/2024/03/26/helma-goldmark-holocaust-dead/
1166197169,20240327,202403,2024,2024.2384,AUT,AUSTRIA,AUT,,,,,,,,MED,PUBLISHER,,,,,,MED,,,0,042,042,04,1,1.9,1,1,1,-1.5224358974359,2,"Washington, United States",US,USWA,47.3917,-121.571,WA,1,Austria,AU,AU,47.333333,13.333333,AU,2,"Washington, United States",US,USWA,47.3917,-121.571,WA,20240327,https://www.washingtonpost.com/obituaries/2024/03/26/helma-goldmark-holocaust-dead/
1166197170,20240327,202403,2024,2024.2384,AUT,AUSTRIA,AUT,,,,,,,,MED,PUBLISHER,,,,,,MED,,,0,042,042,04,1,1.9,3,1,3,-1.5224358974359,2,"Washington, United States",US,USWA,47.3917,-121.571,WA,2,"Washington, United States",US,USWA,47.3917,-121.571,WA,2,"Washington, United States",US,USWA,47.3917,-121.571,WA,20240327,https://www.washingtonpost.com/obituaries/2024/03/26/helma-goldmark-holocaust-dead/
1166197171,20240327,202403,2024,2024.2384,AUT,AUSTRIA,AUT,,,,,,,,USA,UNITED STATES,USA,,,,,,,,0,010,010,01,1,0.0,1,1,1,-1.5224358974359,1,Austria,AU,AU,47.333333,13.333333,AU,2,"Washington, United States",US,USWA,47.3917,-121.571,WA,1,Austria,AU,AU,47.333333,13.333333,AU,20240327,https://www.washingtonpost.com/obituaries/2024/03/26/helma-goldmark-holocaust-dead/
1166197172,20240327,202403,2024,2024.2384,AUT,AUSTRIA,AUT,,,,,,,,USA,UNITED STATES,USA,,,,,,,,0,010,010,01,1,0.0,2,1,2,-1.5224358974359,2,"Washington, United States",US,USWA,47.3917,-121.571,WA,2,"Washington, United States",US,USWA,47.3917,-121.571,WA,2,"Washington, United States",US,USWA,47.3917,-121.571,WA,20240327,https://www.washingtonpost.com/obituaries/2024/03/26/helma-goldmark-holocaust-dead/
1166197224,20240327,202403,2024,2024.2384,CAN,CANADA,CAN,,,,,,,,,,,,,,,,,,1,051,051,05,1,3.4,337,45,337,5.2168353876852,3,"Blackfoot, Montana, United States",US,USMT,48.5753,-112.877,802043,0,,,,,,,3,"Blackfoot, Montana, United States",US,USMT,48.5753,-112.877,802043,20240327,https://tulsaworld.com/life-entertainment/local/movies-tv/blackfeet-nation-honors-actress-lily-gladstone-stand-up-headdress-oscar-golden-globe-browning/article_f09a4101-56ff-5386-ab9c-7eef99f62111.html
1166197381,20240327,202403,2024,2024.2384,DEU,GERMAN,DEU,,,,,,,,ITA,ITALY,ITA,,,,,,,,0,042,042,04,1,1.9,6,1,6,-1.5224358974359,1,Germany,GM,GM,51.5,10.5,GM,4,"Bressanone, Trentino-Alto Adige, Italy",IT,IT17,46.7167,11.65,-112159,4,"Bressanone, Trentino-Alto Adige, Italy",IT,IT17,46.7167,11.65,-112159,20240327,https://www.washingtonpost.com/obituaries/2024/03/26/helma-goldmark-holocaust-dead/
1166197382,20240327,202403,2024,2024.2384,DEU,GERMAN,DEU,,,,,,,,ITA,ROME,ITA,,,,,,,,0,042,042,04,1,1.9,3,1,3,-1.5224358974359,1,Germany,GM,GM,51.5,10.5,GM,4,"Rome, Lazio, Italy",IT,IT07,41.9,12.4833,-126693,4,"Rome, Lazio, Italy",IT,IT07,41.9,12.4833,-126693,20240327,https://www.washingtonpost.com/obituaries/2024/03/26/helma-goldmark-holocaust-dead/
1166197383,20240327,202403,2024,2024.2384,DEU,GERMAN,DEU,,,,,,,,ITA,ITALIAN,ITA,,,,,,,,0,046,046,04,1,7.0,3,1,3,-1.5224358974359,1,Germany,GM,GM,51.5,10.5,GM,4,"Bressanone, Trentino-Alto Adige, Italy",IT,IT17,46.7167,11.65,-112159,1,Germany,GM,GM,51.5,10.5,GM,20240327,https://www.washingtonpost.com/obituaries/2024/03/26/helma-goldmark-holocaust-dead/
1166197384,20240327,202403,2024,2024.2384,DEU,GERMAN,DEU,,,,,,,,ITA,ITALIAN,ITA,,,,,,,,0,090,090,09,2,-2.0,6,1,6,-1.5224358974359,1,Germany,GM,GM,51.5,10.5,GM,4,"Bressanone, Trentino-Alto Adige, Italy",IT,IT17,46.7167,11.65,-112159,4,"Bressanone, Trentino-Alto Adige, Italy",IT,IT17,46.7167,11.65,-112159,20240327,https://www.washingtonpost.com/obituaries/2024/03/26/helma-goldmark-holocaust-dead/
1166197591,20240327,202403,2024,2024.2384,HRV,ZAGREB,HRV,,,,,,,,,,,,,,,,,,0,010,010,01,1,0.0,1,1,1,-1.5224358974359,4,"Zagreb, Zagreb, Grad, Croatia",HR,HR21,45.8,16,-101579,0,,,,,,,4,"Zagreb, Zagreb, Grad, Croatia",HR,HR21,45.8,16,-101579,20240327,https://www.washingtonpost.com/obituaries/2024/03/26/helma-goldmark-holocaust-dead/
1166197592,20240327,202403,2024,2024.2384,HRV,ZAGREB,HRV,,,,,,,,,,,,,,,,,,0,010,010,01,1,0.0,3,1,3,-1.5224358974359,2,"Washington, United States",US,USWA,47.3917,-121.571,WA,0,,,,,,,2,"Washington, United States",US,USWA,47.3917,-121.571,WA,20240327,https://www.washingtonpost.com/obituaries/2024/03/26/helma-goldmark-holocaust-dead/
1166197593,20240327,202403,2024,2024.2384,HRV,CROATIA,HRV,,,,,,,,AUT,AUSTRIA,AUT,,,,,,,,0,010,010,01,1,0.0,1,1,1,-1.5224358974359,1,Austria,AU,AU,47.333333,13.333333,AU,1,Austria,AU,AU,47.333333,13.333333,AU,1,Austria,AU,AU,47.333333,13.333333,AU,20240327,https://www.washingtonpost.com/obituaries/2024/03/26/helma-goldmark-holocaust-dead/
1166197594,20240327,202403,2024,2024.2384,HRV,CROATIA,HRV,,,,,,,,AUT,AUSTRIA,AUT,,,,,,,,0,010,010,01,1,0.0,1,1,1,-1.5224358974359,2,"Washington, United States",US,USWA,47.3917,-121.571,WA,1,Austria,AU,AU,47.333333,13.333333,AU,1,Austria,AU,AU,47.333333,13.333333,AU,20240327,https://www.washingtonpost.com/obituaries/2024/03/26/helma-goldmark-holocaust-dead/
1166197595,20240327,202403,2024,2024.2384,HRV,CROATIA,HRV,,,,,,,,AUT,AUSTRIA,AUT,,,,,,,,0,013,013,01,1,0.4,1,1,1,-1.5224358974359,4,"Zagreb, Zagreb, Grad, Croatia",HR,HR21,45.8,16,-101579,1,Austria,AU,AU,47.333333,13.333333,AU,1,Austria,AU,AU,47.333333,13.333333,AU,20240327,https://www.washingtonpost.com/obituaries/2024/03/26/helma-goldmark-holocaust-dead/
1166197596,20240327,202403,2024,2024.2384,HRV,CROATIA,HRV,,,,,,,,AUT,AUSTRIA,AUT,,,,,,,,0,013,013,01,1,0.4,1,1,1,-1.5224358974359,4,"Bressanone, Trentino-Alto Adige, Italy",IT,IT17,46.7167,11.65,-112159,1,Austria,AU,AU,47.333333,13.333333,AU,1,Austria,AU,AU,47.333333,13.333333,AU,20240327,https://www.washingtonpost.com/obituaries/2024/03/26/helma-goldmark-holocaust-dead/
1166197690,20240327,202403,2024,2024.2384,ITA,ITALY,ITA,,,,,,,,AUT,AUSTRIA,AUT,,,,,,,,0,043,043,04,1,2.8,2,1,2,-1.5224358974359,4,"Bressanone, Trentino-Alto Adige, Italy",IT,IT17,46.7167,11.65,-112159,1,Austria,AU,AU,47.333333,13.333333,AU,4,"Bressanone, Trentino-Alto Adige, Italy",IT,IT17,46.7167,11.65,-112159,20240327,https://www.washingtonpost.com/obituaries/2024/03/26/helma-goldmark-holocaust-dead/
1166197691,20240327,202403,2024,2024.2384,ITA,ITALY,ITA,,,,,,,,AUT,AUSTRIA,AUT,,,,,,,,0,043,043,04,1,2.8,2,1,2,-1.5224358974359,1,Austria,AU,AU,47.333333,13.333333,AU,1,Austria,AU,AU,47.333333,13.333333,AU,1,Austria,AU,AU,47.333333,13.333333,AU,20240327,https://www.washingtonpost.com/obituaries/2024/03/26/helma-goldmark-holocaust-dead/
1166197692,20240327,202403,2024,2024.2384,ITA,ITALIAN,ITA,,,,,,,,AUT,AUSTRIA,AUT,,,,,,,,0,046,046,04,1,7.0,1,1,1,-1.5224358974359,4,"Zagreb, Zagreb, Grad, Croatia",HR,HR21,45.8,16,-101579,1,Austria,AU,AU,47.333333,13.333333,AU,4,"Jasenovac, Sisacko-Moslavacka, Croatia",HR,HR14,45.2717,16.9117,-83411,20240327,https://www.washingtonpost.com/obituaries/2024/03/26/helma-goldmark-holocaust-dead/
1166197693,20240327,202403,2024,2024.2384,ITA,ITALIAN,ITA,,,,,,,,AUT,AUSTRIA,AUT,,,,,,,,0,046,046,04,1,7.0,1,1,1,-1.5224358974359,4,"Bressanone, Trentino-Alto Adige, Italy",IT,IT17,46.7167,11.65,-112159,1,Austria,AU,AU,47.333333,13.333333,AU,1,Germany,GM,GM,51.5,10.5,GM,20240327,https://www.washingtonpost.com/obituaries/2024/03/26/helma-goldmark-holocaust-dead/
1166197696,20240327,202403,2024,2024.2384,ITA,ITALY,ITA,,,,,,,,DEU,GERMAN,DEU,,,,,,,,0,043,043,04,1,2.8,6,1,6,-1.5224358974359,4,"Bressanone, Trentino-Alto Adige, Italy",IT,IT17,46.7167,11.65,-112159,1,Germany,GM,GM,51.5,10.5,GM,4,"Bressanone, Trentino-Alto Adige, Italy",IT,IT17,46.7167,11.65,-112159,20240327,https://www.washingtonpost.com/obituaries/2024/03/26/helma-goldmark-holocaust-dead/
1166197697,20240327,202403,2024,2024.2384,ITA,ROME,ITA,,,,,,,,DEU,GERMAN,DEU,,,,,,,,0,043,043,04,1,2.8,3,1,3,-1.5224358974359,4,"Rome, Lazio, Italy",IT,IT07,41.9,12.4833,-126693,1,Germany,GM,GM,51.5,10.5,GM,4,"Rome, Lazio, Italy",IT,IT07,41.9,12.4833,-126693,20240327,https://www.washingtonpost.com/obituaries/2024/03/26/helma-goldmark-holocaust-dead/
1166197698,20240327,202403,2024,2024.2384,ITA,ITALIAN,ITA,,,,,,,,DEU,GERMAN,DEU,,,,,,,,0,046,046,04,1,7.0,3,1,3,-1.5224358974359,4,"Bressanone, Trentino-Alto Adige, Italy",IT,IT17,46.7167,11.65,-112159,1,Germany,GM,GM,51.5,10.5,GM,1,Germany,GM,GM,51.5,10.5,GM,20240327,https://www.washingtonpost.com/obituaries/2024/03/26/helma-goldmark-holocaust-dead/
1166197699,20240327,202403,2024,2024.2384,ITA,ROME,ITA,,,,,,,,USA,UNITED STATES,USA,,,,,,,,0,043,043,04,1,2.8,4,1,4,-1.5224358974359,4,"Rome, Lazio, Italy",IT,IT07,41.9,12.4833,-126693,2,"Washington, United States",US,USWA,47.3917,-121.571,WA,4,"Rome, Lazio, Italy",IT,IT07,41.9,12.4833,-126693,20240327,https://www.washingtonpost.com/obituaries/2024/03/26/helma-goldmark-holocaust-dead/
1166197700,20240327,202403,2024,2024.2384,ITA,ROME,ITA,,,,,,,,USA,UNITED STATES,USA,,,,,,,,0,043,043,04,1,2.8,1,1,1,-1.5224358974359,4,"Mandelbaum Gate, Israel (general), Israel",IS,IS00,31.7833,35.2167,-780569,1,Austria,AU,AU,47.333333,13.333333,AU,4,"Mandelbaum Gate, Israel (general), Israel",IS,IS00,31.7833,35.2167,-780569,20240327,https://www.washingtonpost.com/obituaries/2024/03/26/helma-goldmark-holocaust-dead/
1166197807,20240327,202403,2024,2024.2384,MED,PUBLISHER,,,,,,MED,,,AUT,AUSTRIA,AUT,,,,,,,,0,043,043,04,1,2.8,3,1,3,-1.5224358974359,4,"Zagreb, Zagreb, Grad, Croatia",HR,HR21,45.8,16,-101579,1,Austria,AU,AU,47.333333,13.333333,AU,1,Austria,AU,AU,47.333333,13.333333,AU,20240327,https://www.washingtonpost.com/obituaries/2024/03/26/helma-goldmark-holocaust-dead/
1166197808,20240327,202403,2024,2024.2384,MED,PUBLISHER,,,,,,MED,,,AUT,AUSTRIA,AUT,,,,,,,,0,043,043,04,1,2.8,1,1,1,-1.5224358974359,1,Austria,AU,AU,47.333333,13.333333,AU,1,Austria,AU,AU,47.333333,13.333333,AU,1,Austria,AU,AU,47.333333,13.333333,AU,20240327,https://www.washingtonpost.com/obituaries/2024/03/26/helma-goldmark-holocaust-dead/
1166197809,20240327,202403,2024,2024.2384,MED,PUBLISHER,,,,,,MED,,,AUT,AUSTRIA,AUT,,,,,,,,0,043,043,04,1,2.8,1,1,1,-1.5224358974359,2,"New York, United States",US,USNY,42.1497,-74.9384,NY,2,"New York, United States",US,USNY,42.1497,-74.9384,NY,2,"New York, United States",US,USNY,42.1497,-74.9384,NY,20240327,https://www.washingtonpost.com/obituaries/2024/03/26/helma-goldmark-holocaust-dead/
1166198208,20240327,202403,2024,2024.2384,USA,UNITED STATES,USA,,,,,,,,ITA,ROME,ITA,,,,,,,,0,042,042,04,1,1.9,1,1,1,-1.5224358974359,1,Austria,AU,AU,47.333333,13.333333,AU,4,"Mandelbaum Gate, Israel (general), Israel",IS,IS00,31.7833,35.2167,-780569,4,"Mandelbaum Gate, Israel (general), Israel",IS,IS00,31.7833,35.2167,-780569,20240327,https://www.washingtonpost.com/obituaries/2024/03/26/helma-goldmark-holocaust-dead/
1166198209,20240327,202403,2024,2024.2384,USA,UNITED STATES,USA,,,,,,,,ITA,ROME,ITA,,,,,,,,0,042,042,04,1,1.9,4,1,4,-1.5224358974359,2,"Washington, United States",US,USWA,47.3917,-121.571,WA,4,"Rome, Lazio, Italy",IT,IT07,41.9,12.4833,-126693,4,"Rome, Lazio, Italy",IT,IT07,41.9,12.4833,-126693,20240327,https://www.washingtonpost.com/obituaries/2024/03/26/helma-goldmark-holocaust-dead/
1166199354,20240327,202403,2024,2024.2384,,,,,,,,,,,USA,UNITED STATES,USA,,,,,,,,0,080,080,08,2,5.0,2,1,2,-4.5045045045045,0,,,,,,,2,"New York, United States",US,USNY,42.1497,-74.9384,NY,2,"New York, United States",US,USNY,42.1497,-74.9384,NY,20240327,https://townhall.com/tipsheet/rebeccadowns/2024/03/26/tony-bobulinskis-lawyers-threaten-dan-goldman-with-defamation-lawsuit-n2637000
1166199618,20240327,202403,2024,2024.2384,CVL,HUNTER,,,,,,CVL,,,MED,MEDIA,,,,,,MED,,,0,180,180,18,4,-9.0,6,1,6,-4.5045045045045,2,"New York, United States",US,USNY,42.1497,-74.9384,NY,2,"New York, United States",US,USNY,42.1497,-74.9384,NY,2,"New York, United States",US,USNY,42.1497,-74.9384,NY,20240327,https://townhall.com/tipsheet/rebeccadowns/2024/03/26/tony-bobulinskis-lawyers-threaten-dan-goldman-with-defamation-lawsuit-n2637000
1166199621,20240327,202403,2024,2024.2384,CVL,HUNTER,,,,,,CVL,,,USA,UNITED STATES,USA,,,,,,,,0,080,080,08,2,5.0,2,1,2,-4.5045045045045,2,"New York, United States",US,USNY,42.1497,-74.9384,NY,2,"New York, United States",US,USNY,42.1497,-74.9384,NY,2,"New York, United States",US,USNY,42.1497,-74.9384,NY,20240327,https://townhall.com/tipsheet/rebeccadowns/2024/03/26/tony-bobulinskis-lawyers-threaten-dan-goldman-with-defamation-lawsuit-n2637000
1166199622,20240327,202403,2024,2024.2384,CVL,HUNTER,,,,,,CVL,,,USA,UNITED STATES,USA,,,,,,,,0,180,180,18,4,-9.0,2,1,2,-4.5045045045045,2,"New York, United States",US,USNY,42.1497,-74.9384,NY,2,"New York, United States",US,USNY,42.1497,-74.9384,NY,2,"New York, United States",US,USNY,42.1497,-74.9384,NY,20240327,https://townhall.com/tipsheet/rebeccadowns/2024/03/26/tony-bobulinskis-lawyers-threaten-dan-goldman-with-defamation-lawsuit-n2637000
1166200477,20240327,202403,2024,2024.2384,USA,UNITED STATES,USA,,,,,,,,CVL,HUNTER,,,,,,CVL,,,1,010,010,01,1,0.0,13,3,13,-2.74024983877372,2,"New York, United States",US,USNY,42.1497,-74.9384,NY,2,"New York, United States",US,USNY,42.1497,-74.9384,NY,2,"New York, United States",US,USNY,42.1497,-74.9384,NY,20240327,https://townhall.com/tipsheet/rebeccadowns/2024/03/26/tony-bobulinskis-lawyers-threaten-dan-goldman-with-defamation-lawsuit-n2637000
1166200687,20240327,202403,2024,2024.2384,,,,,,,,,,,BUS,COMPANIES,,,,,,BUS,,,0,112,112,11,3,-2.0,1,1,1,-2.66920877025738,0,,,,,,,4,"Accra, Greater Accra, Ghana",GH,GH01,5.55,-0.216667,-2067935,4,"Accra, Greater Accra, Ghana",GH,GH01,5.55,-0.216667,-2067935,20240327,https://www.ghanaweb.com/GhanaHomePage/NewsArchive/Menzgold-Case-State-Prosecutors-close-case-in-NAM1-trial-over-GHc340M-customers-funds-1923307
1166200838,20240327,202403,2024,2024.2384,BUS,BUSINESS,,,,,,BUS,,,,,,,,,,,,,1,010,010,01,1,0.0,25,3,25,-2.33103077405448,4,"Accra, Greater Accra, Ghana",GH,GH01,5.55,-0.216667,-2067935,0,,,,,,,4,"Accra, Greater Accra, Ghana",GH,GH01,5.55,-0.216667,-2067935,20240327,https://www.ghanaweb.com/GhanaHomePage/NewsArchive/Menzgold-Case-State-Prosecutors-close-case-in-NAM1-trial-over-GHc340M-customers-funds-1923307
1166200852,20240327,202403,2024,2024.2384,BUS,COMPANIES,,,,,,BUS,,,,,,,,,,,,,0,112,112,11,3,-2.0,12,2,12,-2.67046411415981,4,"Accra, Greater Accra, Ghana",GH,GH01,5.55,-0.216667,-2067935,0,,,,,,,4,"Accra, Greater Accra, Ghana",GH,GH01,5.55,-0.216667,-2067935,20240327,https://www.ghanaweb.com/GhanaHomePage/NewsArchive/Menzgold-Case-State-Prosecutors-close-case-in-NAM1-trial-over-GHc340M-customers-funds-1923307
1166201302,20240327,202403,2024,2024.2384,JUD,PROSECUTOR,,,,,,JUD,,,GHA,GHANA,GHA,,,,,,,,1,173,173,17,4,-5.0,30,2,30,-2.67088256212729,4,"Accra, Greater Accra, Ghana",GH,GH01,5.55,-0.216667,-2067935,4,"Accra, Greater Accra, Ghana",GH,GH01,5.55,-0.216667,-2067935,4,"Accra, Greater Accra, Ghana",GH,GH01,5.55,-0.216667,-2067935,20240327,https://www.ghanaweb.com/GhanaHomePage/NewsArchive/Menzgold-Case-State-Prosecutors-close-case-in-NAM1-trial-over-GHc340M-customers-funds-1923307
1166201303,20240327,202403,2024,2024.2384,JUD,PROSECUTOR,,,,,,JUD,,,GOV,CHIEF EXECUTIVE,,,,,,GOV,,,1,160,160,16,4,-4.0,30,2,30,-2.67088256212729,4,"Accra, Greater Accra, Ghana",GH,GH01,5.55,-0.216667,-2067935,4,"Accra, Greater Accra, Ghana",GH,GH01,5.55,-0.216667,-2067935,4,"Accra, Greater Accra, Ghana",GH,GH01,5.55,-0.216667,-2067935,20240327,https://www.ghanaweb.com/GhanaHomePage/NewsArchive/Menzgold-Case-State-Prosecutors-close-case-in-NAM1-trial-over-GHc340M-customers-funds-1923307
1166203230,20240327,202403,2024,2024.2384,USA,UNITED STATES,USA,,,,,,,,,,,,,,,,,,1,040,040,04,1,1.0,8,2,8,-1.06666666666667,3,"Bears Ears, Utah, United States",US,USUT,37.63,-109.868,1438507,0,,,,,,,3,"Bears Ears, Utah, United States",US,USUT,37.63,-109.868,1438507,20240327,https://www.8newsnow.com/news/local-news/basin-and-range-gold-butte-monument-plans-overdue-lawsuit-against-blm-says/
1166203237,20240327,202403,2024,2024.2384,USA,UNITED STATES,USA,,,,,,,,,,,,,,,,,,1,040,040,04,1,1.0,8,2,8,-1.06666666666667,2,"Utah, United States",US,USUT,40.1135,-111.854,UT,0,,,,,,,3,"Bears Ears, Utah, United States",US,USUT,37.63,-109.868,1438507,20240327,https://www.8newsnow.com/news/local-news/basin-and-range-gold-butte-monument-plans-overdue-lawsuit-against-blm-says/
1166203952,20240327,202403,2024,2024.2384,,,,,,,,,,,USA,UNITED STATES,USA,,,,,,,,1,046,046,04,1,7.0,24,3,24,-1.61529136132073,0,,,,,,,2,"Alaska, United States",US,USAK,61.385,-152.268,AK,2,"Alaska, United States",US,USAK,61.385,-152.268,AK,20240327,https://www.ktoo.org/2024/03/26/kensington-gold-mine-reports-105000-gallon-tailing-spill-earlier-this-winter/
1166204335,20240327,202403,2024,2024.2384,GOV,ADMINISTRATION,,,,,,GOV,,,,,,,,,,,,,1,010,010,01,1,0.0,20,2,20,-3.53361302567176,3,"Kensington Mine, Alaska, United States",US,USAK,58.8647,-135.082,1423033,0,,,,,,,3,"Kensington Mine, Alaska, United States",US,USAK,58.8647,-135.082,1423033,20240327,https://www.ktoo.org/2024/03/26/kensington-gold-mine-reports-105000-gallon-tailing-spill-earlier-this-winter/
1166204348,20240327,202403,2024,2024.2384,GOV,ADMINISTRATION,,,,,,GOV,,,,,,,,,,,,,1,020,020,02,1,3.0,16,2,16,-3.53361302567176,3,"Kensington Mine, Alaska, United States",US,USAK,58.8647,-135.082,1423033,0,,,,,,,3,"Kensington Mine, Alaska, United States",US,USAK,58.8647,-135.082,1423033,20240327,https://www.ktoo.org/2024/03/26/kensington-gold-mine-reports-105000-gallon-tailing-spill-earlier-this-winter/
1166206012,20240327,202403,2024,2024.2384,BUS,COMPANY,,,,,,BUS,,,GOV,AUTHORITIES,,,,,,GOV,,,1,010,010,01,1,0.0,40,4,40,0.755197248956302,0,,,,,,,0,,,,,,,0,,,,,,,20240327,https://menafn.com/1108025034/JK-Golden-Card-Scheme-CEO-Claims-Insurance-Company-Has-Not-Withdrawn
1166206391,20240327,202403,2024,2024.2384,IND,BHARAT,IND,,,,,,,,GOV,AUTHORITIES,,,,,,GOV,,,1,010,010,01,1,0.0,10,2,10,0.232453914189135,0,,,,,,,0,,,,,,,0,,,,,,,20240327,https://menafn.com/1108025034/JK-Golden-Card-Scheme-CEO-Claims-Insurance-Company-Has-Not-Withdrawn
1166207462,20240327,202403,2024,2024.2384,,,,,,,,,,,BUS,COMPANY,,,,,,BUS,,,1,040,040,04,1,1.0,6,2,6,2.95233758348513,0,,,,,,,4,"Mocoa, Putumayo, Colombia",CO,CO22,1.14933,-76.6466,-592628,4,"Vancouver, British Columbia, Canada",CA,CA02,49.25,-123.133,-575268,20240327,https://www.goldseiten.de/artikel/613113--Libero-Copper-Announces-Stock-Option-Grant.html
1166207465,20240327,202403,2024,2024.2384,,,,,,,,,,,CAN,CANADA,CAN,,,,,,,,1,046,046,04,1,7.0,1,1,1,0.32467532467532,0,,,,,,,1,Canada,CA,CA,60,-96,CA,1,Canada,CA,CA,60,-96,CA,20240327,https://www.goldseiten.de/artikel/613109--GoGold-Announces-Results-of-Annual-Meeting.html
1166207529,20240327,202403,2024,2024.2384,,,,,,,,,,,THA,THAILAND,THA,,,,,,,,1,042,042,04,1,1.9,11,7,11,1.89035916824197,0,,,,,,,4,"Chiang Rai, Chiang Rai, Thailand",TH,TH03,19.9086,99.8325,-3247118,4,"Chiang Mai, Chiang Mai, Thailand",TH,TH02,18.7904,98.9847,-3247115,20240327,https://www.goldcoastbulletin.com.au/news/phuket-still-has-it-as-a-holiday-destination-but-you-should-definitely-check-out-the-rest-of-thailand/news-story/be24a62d2b923b3ac5582f0c1a0cdf1f?nk=affafe1dd6fd2f76d7feb0fb65791671-1711511196
1166207530,20240327,202403,2024,2024.2384,,,,,,,,,,,THA,THAILAND,THA,,,,,,,,1,042,042,04,1,1.9,139,9,139,1.83481417446544,0,,,,,,,4,"Phuket, Phuket, Thailand",TH,TH62,7.83333,98.3833,-3253342,4,"Phuket, Phuket, Thailand",TH,TH62,7.83333,98.3833,-3253342,20240327,https://www.goldcoastbulletin.com.au/news/phuket-still-has-it-as-a-holiday-destination-but-you-should-definitely-check-out-the-rest-of-thailand/news-story/be24a62d2b923b3ac5582f0c1a0cdf1f?nk=affafe1dd6fd2f76d7feb0fb65791671-1711511196
1166207583,20240327,202403,2024,2024.2384,AUS,AUSTRALIAN,AUS,,,,,,,,CVL,COMMUNITY,,,,,,CVL,,,1,051,051,05,1,3.4,10,1,10,0.90029874930376,4,"Pilbara, Western Australia, Australia",AS,AS08,-21.25,118.3,-1594999,4,"Pilbara, Western Australia, Australia",AS,AS08,-21.25,118.3,-1594999,4,"Pilbara, Western Australia, Australia",AS,AS08,-21.25,118.3,-1594999,20240327,https://www.miragenews.com/flood-impacted-pilbara-midwest-goldfields-get-1204017/
1166207587,20240327,202403,2024,2024.2384,AUS,AUSTRALIAN,AUS,,,,,,,,GOV,GOVERNMENT,,,,,,GOV,,,1,051,051,05,1,3.4,10,1,10,0.90029874930376,4,"Pilbara, Western Australia, Australia",AS,AS08,-21.25,118.3,-1594999,4,"Pilbara, Western Australia, Australia",AS,AS08,-21.25,118.3,-1594999,4,"Pilbara, Western Australia, Australia",AS,AS08,-21.25,118.3,-1594999,20240327,https://www.miragenews.com/flood-impacted-pilbara-midwest-goldfields-get-1204017/
1166207638,20240327,202403,2024,2024.2384,BUS,COMPANY,,,,,,BUS,,,,,,,,,,,,,1,040,040,04,1,1.0,2,1,2,1.91256830601092,4,"Mocoa, Putumayo, Colombia",CO,CO22,1.14933,-76.6466,-592628,0,,,,,,,4,"Mocoa, Putumayo, Colombia",CO,CO22,1.14933,-76.6466,-592628,20240327,https://www.goldseiten.de/artikel/613113--Libero-Copper-Announces-Stock-Option-Grant.html
1166207667,20240327,202403,2024,2024.2384,CAN,CANADA,CAN,,,,,,,,,,,,,,,,,,1,036,036,03,1,4.0,1,1,1,0.32467532467532,4,"Los Ricos, Guanajuato, Mexico",MX,MX11,21.0175,-100.812,6217347,0,,,,,,,4,"Los Ricos, Guanajuato, Mexico",MX,MX11,21.0175,-100.812,6217347,20240327,https://www.goldseiten.de/artikel/613109--GoGold-Announces-Results-of-Annual-Meeting.html
1166207669,20240327,202403,2024,2024.2384,CAN,CANADA,CAN,,,,,,,,,,,,,,,,,,1,046,046,04,1,7.0,27,3,27,2.02020202020202,1,Canada,CA,CA,60,-96,CA,0,,,,,,,1,Canada,CA,CA,60,-96,CA,20240327,https://www.goldseiten.de/artikel/613109--GoGold-Announces-Results-of-Annual-Meeting.html
1166207862,20240327,202403,2024,2024.2384,GOV,MINIST,,,,,,GOV,,,,,,,,,,,,,1,030,030,03,1,4.0,4,1,4,0.91954022988506,4,"Wiluna, Western Australia, Australia",AS,AS08,-26.5921,120.224,-1609930,0,,,,,,,4,"Wiluna, Western Australia, Australia",AS,AS08,-26.5921,120.224,-1609930,20240327,https://www.miragenews.com/flood-impacted-pilbara-midwest-goldfields-get-1204017/
1166207863,20240327,202403,2024,2024.2384,GOV,MINIST,,,,,,GOV,,,,,,,,,,,,,1,033,033,03,1,5.2,4,1,4,0.91954022988506,4,"Wiluna, Western Australia, Australia",AS,AS08,-26.5921,120.224,-1609930,0,,,,,,,4,"Wiluna, Western Australia, Australia",AS,AS08,-26.5921,120.224,-1609930,20240327,https://www.miragenews.com/flood-impacted-pilbara-midwest-goldfields-get-1204017/
1166207866,20240327,202403,2024,2024.2384,GOV,GOVERNMENT,,,,,,GOV,,,,,,,,,,,,,1,071,071,07,2,7.4,4,1,4,0.90029874930376,4,"Pilbara, Western Australia, Australia",AS,AS08,-21.25,118.3,-1594999,0,,,,,,,4,"Pilbara, Western Australia, Australia",AS,AS08,-21.25,118.3,-1594999,20240327,https://www.miragenews.com/flood-impacted-pilbara-midwest-goldfields-get-1204017/
1166207873,20240327,202403,2024,2024.2384,GOV,MINIST,,,,,,GOV,,,AUS,MURRAY,AUS,,,,,,,,1,030,030,03,1,4.0,16,1,16,0.90029874930376,4,"Wiluna, Western Australia, Australia",AS,AS08,-26.5921,120.224,-1609930,4,"Wiluna, Western Australia, Australia",AS,AS08,-26.5921,120.224,-1609930,4,"Wiluna, Western Australia, Australia",AS,AS08,-26.5921,120.224,-1609930,20240327,https://www.miragenews.com/flood-impacted-pilbara-midwest-goldfields-get-1204017/
1166207874,20240327,202403,2024,2024.2384,GOV,MINIST,,,,,,GOV,,,AUS,MURRAY,AUS,,,,,,,,1,033,033,03,1,5.2,16,1,16,0.90029874930376,4,"Wiluna, Western Australia, Australia",AS,AS08,-26.5921,120.224,-1609930,4,"Wiluna, Western Australia, Australia",AS,AS08,-26.5921,120.224,-1609930,4,"Wiluna, Western Australia, Australia",AS,AS08,-26.5921,120.224,-1609930,20240327,https://www.miragenews.com/flood-impacted-pilbara-midwest-goldfields-get-1204017/
1166207876,20240327,202403,2024,2024.2384,GOV,GOVERNMENT,,,,,,GOV,,,AUS,AUSTRALIA,AUS,,,,,,,,1,071,071,07,2,7.4,16,1,16,0.90029874930376,4,"Pilbara, Western Australia, Australia",AS,AS08,-21.25,118.3,-1594999,4,"Pilbara, Western Australia, Australia",AS,AS08,-21.25,118.3,-1594999,4,"Pilbara, Western Australia, Australia",AS,AS08,-21.25,118.3,-1594999,20240327,https://www.miragenews.com/flood-impacted-pilbara-midwest-goldfields-get-1204017/
1166208311,20240327,202403,2024,2024.2384,THA,THAILAND,THA,,,,,,,,,,,,,,,,,,1,043,043,04,1,2.8,150,9,150,1.83481417446544,4,"Phuket, Phuket, Thailand",TH,TH62,7.83333,98.3833,-3253342,0,,,,,,,4,"Phuket, Phuket, Thailand",TH,TH62,7.83333,98.3833,-3253342,20240327,https://www.goldcoastbulletin.com.au/news/phuket-still-has-it-as-a-holiday-destination-but-you-should-definitely-check-out-the-rest-of-thailand/news-story/be24a62d2b923b3ac5582f0c1a0cdf1f?nk=affafe1dd6fd2f76d7feb0fb65791671-1711511196
1166209860,20240327,202403,2024,2024.2384,USA,LOS ANGELES,USA,,,,,,,,MED,PRESS ASSOCIATION,,,,,,MED,,,1,163,163,16,4,-8.0,10,1,10,3.81231671554252,3,"Hollywood, California, United States",US,USCA,34.0983,-118.327,1660757,3,"Hollywood, California, United States",US,USCA,34.0983,-118.327,1660757,3,"Hollywood, California, United States",US,USCA,34.0983,-118.327,1660757,20240327,https://www.newdelhitimes.com/golden-globes-land-5-year-deal-to-air-on-cbs-stream-on-paramount/
1166213724,20240327,202403,2024,2024.2384,BUS,COMPANY,,,,,,BUS,,,,,,,,,,,,,1,013,013,01,1,0.4,11,2,11,1.74639057613555,1,United Kingdom,UK,UK,54,-4,UK,0,,,,,,,1,United Kingdom,UK,UK,54,-4,UK,20240327,https://www.lse.co.uk/media/ALBA/george-frangeskides-exec-chair-at-alba-mineral-resources-discusses-grades-at-the-clogau-gold-mine-m5gt4s0bq6ospuc.html
1166213747,20240327,202403,2024,2024.2384,BUS,COMPANY,,,,,,BUS,,,GBR,UNITED KINGDOM,GBR,,,,,,,,1,013,013,01,1,0.4,4,1,4,2.60586319218241,1,United Kingdom,UK,UK,54,-4,UK,1,United Kingdom,UK,UK,54,-4,UK,1,United Kingdom,UK,UK,54,-4,UK,20240327,https://www.lse.co.uk/media/ALBA/george-frangeskides-exec-chair-at-alba-mineral-resources-discusses-grades-at-the-clogau-gold-mine-m5gt4s0bq6ospuc.html
1166215349,20240327,202403,2024,2024.2384,COP,POLICE,,,,,,COP,,,,,,,,,,,,,1,173,173,17,4,-5.0,10,1,10,-8.95522388059702,4,"Jalandhar, Punjab, India",IN,IN23,31.3256,75.5792,-2098769,0,,,,,,,4,"Jalandhar, Punjab, India",IN,IN23,31.3256,75.5792,-2098769,20240327,https://www.tribuneindia.com/news/jalandhar/elderly-man-robbed-of-gold-ring-cell-phone-604582
1166215386,20240327,202403,2024,2024.2384,CRM,ROBBER,,,,,,CRM,,,,,,,,,,,,,1,1712,171,17,4,-9.2,10,1,10,-8.95522388059702,4,"Jalandhar, Punjab, India",IN,IN23,31.3256,75.5792,-2098769,0,,,,,,,4,"Jalandhar, Punjab, India",IN,IN23,31.3256,75.5792,-2098769,20240327,https://www.tribuneindia.com/news/jalandhar/elderly-man-robbed-of-gold-ring-cell-phone-604582
1166221072,20240327,202403,2024,2024.2384,CVL,TRAVELLER,,,,,,CVL,,,,,,,,,,,,,0,012,012,01,1,-0.4,10,1,10,4.76190476190476,1,Poland,PL,PL,52,20,PL,0,,,,,,,1,Poland,PL,PL,52,20,PL,20240327,https://www.fmiblog.com/2024/03/27/europes-golden-generation-travel-market-growth/
1166221089,20240327,202403,2024,2024.2384,DEU,GERMANY,DEU,,,,,,,,ITA,ITALY,ITA,,,,,,,,1,042,042,04,1,1.9,8,1,8,4.76190476190476,1,Germany,GM,GM,51.5,10.5,GM,1,Italy,IT,IT,42.833333,12.833333,IT,1,Austria,AU,AU,47.333333,13.333333,AU,20240327,https://www.fmiblog.com/2024/03/27/europes-golden-generation-travel-market-growth/
1166221090,20240327,202403,2024,2024.2384,DEU,GERMANY,DEU,,,,,,,,ITA,ITALY,ITA,,,,,,,,1,042,042,04,1,1.9,2,1,2,4.76190476190476,1,Spain,SP,SP,40,-4,SP,1,Italy,IT,IT,42.833333,12.833333,IT,1,Italy,IT,IT,42.833333,12.833333,IT,20240327,https://www.fmiblog.com/2024/03/27/europes-golden-generation-travel-market-growth/
1166221129,20240327,202403,2024,2024.2384,ESP,SPAIN,ESP,,,,,,,,ITA,ITALY,ITA,,,,,,,,1,042,042,04,1,1.9,2,1,2,4.76190476190476,1,France,FR,FR,46,2,FR,1,Italy,IT,IT,42.833333,12.833333,IT,1,Italy,IT,IT,42.833333,12.833333,IT,20240327,https://www.fmiblog.com/2024/03/27/europes-golden-generation-travel-market-growth/
1166221130,20240327,202403,2024,2024.2384,ESP,SPAIN,ESP,,,,,,,,ITA,ITALY,ITA,,,,,,,,1,042,042,04,1,1.9,8,1,8,4.76190476190476,1,Spain,SP,SP,40,-4,SP,1,Italy,IT,IT,42.833333,12.833333,IT,1,Austria,AU,AU,47.333333,13.333333,AU,20240327,https://www.fmiblog.com/2024/03/27/europes-golden-generation-travel-market-growth/
1166221142,20240327,202403,2024,2024.2384,FRA,FRANCE,FRA,,,,,,,,ITA,ITALY,ITA,,,,,,,,1,042,042,04,1,1.9,10,1,10,4.76190476190476,2,"New York, United States",US,USNY,42.1497,-74.9384,NY,2,"New York, United States",US,USNY,42.1497,-74.9384,NY,2,"New York, United States",US,USNY,42.1497,-74.9384,NY,20240327,https://www.fmiblog.com/2024/03/27/europes-golden-generation-travel-market-growth/
1166221291,20240327,202403,2024,2024.2384,ITA,ITALY,ITA,,,,,,,,DEU,GERMANY,DEU,,,,,,,,1,043,043,04,1,2.8,8,1,8,4.76190476190476,1,Italy,IT,IT,42.833333,12.833333,IT,1,Germany,GM,GM,51.5,10.5,GM,1,Austria,AU,AU,47.333333,13.333333,AU,20240327,https://www.fmiblog.com/2024/03/27/europes-golden-generation-travel-market-growth/
1166221292,20240327,202403,2024,2024.2384,ITA,ITALY,ITA,,,,,,,,DEU,GERMANY,DEU,,,,,,,,1,043,043,04,1,2.8,2,1,2,4.76190476190476,1,Italy,IT,IT,42.833333,12.833333,IT,1,Spain,SP,SP,40,-4,SP,1,Italy,IT,IT,42.833333,12.833333,IT,20240327,https://www.fmiblog.com/2024/03/27/europes-golden-generation-travel-market-growth/
1166221293,20240327,202403,2024,2024.2384,ITA,ITALY,ITA,,,,,,,,ESP,SPAIN,ESP,,,,,,,,1,043,043,04,1,2.8,2,1,2,4.76190476190476,1,Italy,IT,IT,42.833333,12.833333,IT,1,France,FR,FR,46,2,FR,1,Italy,IT,IT,42.833333,12.833333,IT,20240327,https://www.fmiblog.com/2024/03/27/europes-golden-generation-travel-market-growth/
1166221294,20240327,202403,2024,2024.2384,ITA,ITALY,ITA,,,,,,,,ESP,SPAIN,ESP,,,,,,,,1,043,043,04,1,2.8,8,1,8,4.76190476190476,1,Italy,IT,IT,42.833333,12.833333,IT,1,Spain,SP,SP,40,-4,SP,1,Austria,AU,AU,47.333333,13.333333,AU,20240327,https://www.fmiblog.com/2024/03/27/europes-golden-generation-travel-market-growth/
1166221295,20240327,202403,2024,2024.2384,ITA,ITALY,ITA,,,,,,,,FRA,FRANCE,FRA,,,,,,,,1,043,043,04,1,2.8,8,1,8,4.76190476190476,1,Italy,IT,IT,42.833333,12.833333,IT,1,France,FR,FR,46,2,FR,1,Austria,AU,AU,47.333333,13.333333,AU,20240327,https://www.fmiblog.com/2024/03/27/europes-golden-generation-travel-market-growth/
1166221296,20240327,202403,2024,2024.2384,ITA,ITALY,ITA,,,,,,,,FRA,FRANCE,FRA,,,,,,,,1,043,043,04,1,2.8,2,1,2,4.76190476190476,1,Italy,IT,IT,42.833333,12.833333,IT,1,France,FR,FR,46,2,FR,1,Italy,IT,IT,42.833333,12.833333,IT,20240327,https://www.fmiblog.com/2024/03/27/europes-golden-generation-travel-market-growth/
1166222781,20240327,202403,2024,2024.2384,USA,UNITED STATES,USA,,,,,,,,,,,,,,,,,,1,010,010,01,1,0.0,4,1,4,-0.72463768115942,3,"Dover Police Department, Delaware, United States",US,USDE,39.1545,-75.5292,2131086,0,,,,,,,3,"Dover Police Department, Delaware, United States",US,USDE,39.1545,-75.5292,2131086,20240327,https://milfordlive.com/gold-alert-issued-for-missing-clayton-woman/
1166222782,20240327,202403,2024,2024.2384,USA,UNITED STATES,USA,,,,,,,,,,,,,,,,,,1,010,010,01,1,0.0,4,1,4,0,3,"Dover, Delaware, United States",US,USDE,39.1582,-75.5244,217882,0,,,,,,,3,"Dover, Delaware, United States",US,USDE,39.1582,-75.5244,217882,20240327,https://www.wgmd.com/gold-alert-issued-by-dover-police-for-missing-clayton-woman/
1166223599,20240327,202403,2024,2024.2384,,,,,,,,,,,KEN,KENYA,KEN,,,,,,,,0,043,043,04,1,2.8,4,1,4,-6.34920634920635,0,,,,,,,4,"Marsabit, Eastern, Kenya",KE,KE03,2.32839,37.9899,-2255226,4,"Marsabit, Eastern, Kenya",KE,KE03,2.32839,37.9899,-2255226,20240327,https://www.the-star.co.ke/news/realtime/2024-03-27-police-arrest-7-more-ethiopian-miners-at-closed-gold-mine-in-moyale/
1166223763,20240327,202403,2024,2024.2384,COP,POLICE,,,,,,COP,,,ETH,ETHIOPIAN,ETH,,,,,,,,1,173,173,17,4,-5.0,10,1,10,-6.34920634920635,4,"Marsabit, Eastern, Kenya",KE,KE03,2.32839,37.9899,-2255226,4,"Marsabit, Eastern, Kenya",KE,KE03,2.32839,37.9899,-2255226,4,"Marsabit, Eastern, Kenya",KE,KE03,2.32839,37.9899,-2255226,20240327,https://www.the-star.co.ke/news/realtime/2024-03-27-police-arrest-7-more-ethiopian-miners-at-closed-gold-mine-in-moyale/
1166223864,20240327,202403,2024,2024.2384,ETH,ETHIOPIAN,ETH,,,,,,,,,,,,,,,,,,1,042,042,04,1,1.9,54,6,54,0.23062597213148,1,Ethiopia,ET,ET,8,38,ET,0,,,,,,,1,Ethiopia,ET,ET,8,38,ET,20240327,https://www.the-star.co.ke/news/realtime/2024-03-27-police-arrest-7-more-ethiopian-miners-at-closed-gold-mine-in-moyale/
1166223865,20240327,202403,2024,2024.2384,ETH,ETHIOPIAN,ETH,,,,,,,,KEN,KENYA,KEN,,,,,,,,1,043,043,04,1,2.8,8,1,8,-6.34920634920635,1,Ethiopia,ET,ET,8,38,ET,4,"Moyale, Eastern, Kenya",KE,KE03,3.5167,39.0584,-2256634,1,Ethiopia,ET,ET,8,38,ET,20240327,https://www.the-star.co.ke/news/realtime/2024-03-27-police-arrest-7-more-ethiopian-miners-at-closed-gold-mine-in-moyale/
1166224070,20240327,202403,2024,2024.2384,KEN,KENYA,KEN,,,,,,,,,,,,,,,,,,0,042,042,04,1,1.9,4,1,4,-6.34920634920635,4,"Marsabit, Eastern, Kenya",KE,KE03,2.32839,37.9899,-2255226,0,,,,,,,4,"Marsabit, Eastern, Kenya",KE,KE03,2.32839,37.9899,-2255226,20240327,https://www.the-star.co.ke/news/realtime/2024-03-27-police-arrest-7-more-ethiopian-miners-at-closed-gold-mine-in-moyale/
1166224075,20240327,202403,2024,2024.2384,KEN,KENYA,KEN,,,,,,,,,,,,,,,,,,0,1721,172,17,4,-5.0,8,1,8,-6.34920634920635,4,"Marsabit, Eastern, Kenya",KE,KE03,2.32839,37.9899,-2255226,0,,,,,,,4,"Marsabit, Eastern, Kenya",KE,KE03,2.32839,37.9899,-2255226,20240327,https://www.the-star.co.ke/news/realtime/2024-03-27-police-arrest-7-more-ethiopian-miners-at-closed-gold-mine-in-moyale/
1166224076,20240327,202403,2024,2024.2384,KEN,KENYA,KEN,,,,,,,,,,,,,,,,,,0,173,173,17,4,-5.0,4,1,4,-6.34920634920635,4,"Marsabit, Eastern, Kenya",KE,KE03,2.32839,37.9899,-2255226,0,,,,,,,4,"Marsabit, Eastern, Kenya",KE,KE03,2.32839,37.9899,-2255226,20240327,https://www.the-star.co.ke/news/realtime/2024-03-27-police-arrest-7-more-ethiopian-miners-at-closed-gold-mine-in-moyale/
1166224078,20240327,202403,2024,2024.2384,KEN,KENYA,KEN,,,,,,,,ETH,ETHIOPIAN,ETH,,,,,,,,1,042,042,04,1,1.9,8,1,8,-6.34920634920635,4,"Moyale, Eastern, Kenya",KE,KE03,3.5167,39.0584,-2256634,1,Ethiopia,ET,ET,8,38,ET,1,Ethiopia,ET,ET,8,38,ET,20240327,https://www.the-star.co.ke/news/realtime/2024-03-27-police-arrest-7-more-ethiopian-miners-at-closed-gold-mine-in-moyale/
1166224079,20240327,202403,2024,2024.2384,KEN,KENYA,KEN,,,,,,,,ETH,ETHIOPIA,ETH,,,,,,,,1,173,173,17,4,-5.0,8,1,8,-6.34920634920635,4,"Moyale, Eastern, Kenya",KE,KE03,3.5167,39.0584,-2256634,1,Ethiopia,ET,ET,8,38,ET,1,Ethiopia,ET,ET,8,38,ET,20240327,https://www.the-star.co.ke/news/realtime/2024-03-27-police-arrest-7-more-ethiopian-miners-at-closed-gold-mine-in-moyale/
1166224335,20240327,202403,2024,2024.2384,USA,UNITED STATES,USA,,,,,,,,,,,,,,,,,,1,017,017,01,1,0.0,48,5,32,1.05152454914796,1,United States,US,US,39.828175,-98.5795,US,0,,,,,,,1,United States,US,US,39.828175,-98.5795,US,20240327,https://hiphopdx.com/news/mf-doom-madlib-madvillainy-certified-gold
1166225449,20240327,202403,2024,2024.2384,AUS,VICTORIA,AUS,,,,,,,,,,,,,,,,,,1,173,173,17,4,-5.0,10,1,10,6.37065637065637,0,,,,,,,0,,,,,,,0,,,,,,,20240327,https://www.miragenews.com/golden-opportunities-to-find-nugget-this-easter-1204135/
1166225579,20240327,202403,2024,2024.2384,CRM,CRIMINAL,,,,,,CRM,,,,,,,,,,,,,1,128,128,12,3,-5.0,5,1,5,-10.8870967741935,4,"Kuala Lumpur, Kuala Lumpur, Malaysia",MY,MY14,3.16667,101.7,-2403010,0,,,,,,,4,"Kuala Lumpur, Kuala Lumpur, Malaysia",MY,MY14,3.16667,101.7,-2403010,20240327,https://www.freemalaysiatoday.com/category/nation/2024/03/27/bank-officer-claims-trial-to-rm6mil-fraudulent-gold-transactions/
1166225983,20240327,202403,2024,2024.2384,MYS,KUALA LUMPUR,MYS,,,,,,,,BUS,CORPORATION,,,,,,BUS,,,1,016,016,01,1,-2.0,10,1,10,-10.8870967741935,4,"Kuala Lumpur, Kuala Lumpur, Malaysia",MY,MY14,3.16667,101.7,-2403010,4,"Kuala Lumpur, Kuala Lumpur, Malaysia",MY,MY14,3.16667,101.7,-2403010,4,"Kuala Lumpur, Kuala Lumpur, Malaysia",MY,MY14,3.16667,101.7,-2403010,20240327,https://www.freemalaysiatoday.com/category/nation/2024/03/27/bank-officer-claims-trial-to-rm6mil-fraudulent-gold-transactions/
1166227321,20240327,202403,2024,2024.2384,GOV,GOVERNMENT,,,,,,GOV,,,,,,,,,,,,,1,030,030,03,1,4.0,10,1,10,3.03030303030303,1,India,IN,IN,20,77,IN,0,,,,,,,1,India,IN,IN,20,77,IN,20240327,https://economictimes.indiatimes.com/wealth/invest/sovereign-gold-bond-2016-series-ii-final-redemption-on-march-28-3-things-these-sgb-investors-need-to-check-before-maturity/articleshow/108811254.cms
1166228805,20240327,202403,2024,2024.2384,,,,,,,,,,,AFR,AFRICA,AFR,,,,,,,,0,020,020,02,1,3.0,8,2,8,-1.37233028163309,0,,,,,,,4,"Cape Town, Western Cape, South Africa",SF,SF11,-33.9167,18.4167,-1217214,4,"Cape Town, Western Cape, South Africa",SF,SF11,-33.9167,18.4167,-1217214,20240327,https://nypost.com/2024/03/27/lifestyle/world-travelers-paige-goldstein-chantel-wright-surprise-security-guard-with-helicopter-ride-over-south-africa/
1166228905,20240327,202403,2024,2024.2384,,,,,,,,,,,USA,HAWAII,USA,,,,,,,,0,042,042,04,1,1.9,1,1,1,2.5844930417495,0,,,,,,,4,"Cape Town, Western Cape, South Africa",SF,SF11,-33.9167,18.4167,-1217214,4,"Cape Town, Western Cape, South Africa",SF,SF11,-33.9167,18.4167,-1217214,20240327,https://nypost.com/2024/03/27/lifestyle/world-travelers-paige-goldstein-chantel-wright-surprise-security-guard-with-helicopter-ride-over-south-africa/
1166228943,20240327,202403,2024,2024.2384,AFR,AFRICA,AFR,,,,,,,,USA,MASSACHUSETTS,USA,,,,,,,,1,010,010,01,1,0.0,4,2,4,1.55820396768326,4,"Cape Town, Western Cape, South Africa",SF,SF11,-33.9167,18.4167,-1217214,4,"Cape Town, Western Cape, South Africa",SF,SF11,-33.9167,18.4167,-1217214,4,"Cape Town, Western Cape, South Africa",SF,SF11,-33.9167,18.4167,-1217214,20240327,https://nypost.com/2024/03/27/lifestyle/world-travelers-paige-goldstein-chantel-wright-surprise-security-guard-with-helicopter-ride-over-south-africa/
1166228944,20240327,202403,2024,2024.2384,AFR,AFRICA,AFR,,,,,,,,USA,UNITED STATES,USA,,,,,,,,1,010,010,01,1,0.0,1,1,1,2.5844930417495,2,"Hawaii, United States",US,USHI,21.1098,-157.531,HI,4,"Cape Town, Western Cape, South Africa",SF,SF11,-33.9167,18.4167,-1217214,4,"Cape Town, Western Cape, South Africa",SF,SF11,-33.9167,18.4167,-1217214,20240327,https://nypost.com/2024/03/27/lifestyle/world-travelers-paige-goldstein-chantel-wright-surprise-security-guard-with-helicopter-ride-over-south-africa/
1166228945,20240327,202403,2024,2024.2384,AFR,AFRICA,AFR,,,,,,,,USA,MASSACHUSETTS,USA,,,,,,,,1,010,010,01,1,0.0,1,1,1,2.5844930417495,2,"Hawaii, United States",US,USHI,21.1098,-157.531,HI,2,"Hawaii, United States",US,USHI,21.1098,-157.531,HI,4,"Cape Town, Western Cape, South Africa",SF,SF11,-33.9167,18.4167,-1217214,20240327,https://nypost.com/2024/03/27/lifestyle/world-travelers-paige-goldstein-chantel-wright-surprise-security-guard-with-helicopter-ride-over-south-africa/
1166228986,20240327,202403,2024,2024.2384,AUT,AUSTRIAN,AUT,,,,,,,,AUTAGR,AUSTRIA,AUT,,,,,AGR,,,0,173,173,17,4,-5.0,4,1,4,-6.85393258426967,1,Austria,AU,AU,47.333333,13.333333,AU,1,Austria,AU,AU,47.333333,13.333333,AU,1,Austria,AU,AU,47.333333,13.333333,AU,20240327,https://original.antiwar.com/Ariel_Gold/2024/03/26/israels-conscientious-objectors-stand-on-the-shoulders-of-giants/
1166228987,20240327,202403,2024,2024.2384,AUTAGR,AUSTRIAN,AUT,,,,,AGR,,,,,,,,,,,,,0,173,173,17,4,-5.0,3,1,3,-6.85393258426967,1,Austria,AU,AU,47.333333,13.333333,AU,0,,,,,,,1,Austria,AU,AU,47.333333,13.333333,AU,20240327,https://original.antiwar.com/Ariel_Gold/2024/03/26/israels-conscientious-objectors-stand-on-the-shoulders-of-giants/
1166229105,20240327,202403,2024,2024.2384,CHRPRO210,LUTHERAN,,,,CHR,PRO,,,,CHRPRO310,QUAKER,,,,CHR,PRO,,,,1,030,030,03,1,4.0,20,2,20,-4.91950360556767,1,United Kingdom,UK,UK,54,-4,UK,1,United Kingdom,UK,UK,54,-4,UK,1,United Kingdom,UK,UK,54,-4,UK,20240327,https://original.antiwar.com/Ariel_Gold/2024/03/26/israels-conscientious-objectors-stand-on-the-shoulders-of-giants/
1166229106,20240327,202403,2024,2024.2384,CHRPRO210,LUTHERAN,,,,CHR,PRO,,,,DEU,GERMAN,DEU,,,,,,,,1,030,030,03,1,4.0,20,2,20,-4.91950360556767,1,United Kingdom,UK,UK,54,-4,UK,1,United Kingdom,UK,UK,54,-4,UK,1,United Kingdom,UK,UK,54,-4,UK,20240327,https://original.antiwar.com/Ariel_Gold/2024/03/26/israels-conscientious-objectors-stand-on-the-shoulders-of-giants/
1166229107,20240327,202403,2024,2024.2384,CHRPRO310,QUAKER,,,,CHR,PRO,,,,CHRPRO210,LUTHERAN,,,,CHR,PRO,,,,1,030,030,03,1,4.0,20,2,20,-4.91950360556767,1,United Kingdom,UK,UK,54,-4,UK,1,United Kingdom,UK,UK,54,-4,UK,1,United Kingdom,UK,UK,54,-4,UK,20240327,https://original.antiwar.com/Ariel_Gold/2024/03/26/israels-conscientious-objectors-stand-on-the-shoulders-of-giants/
1166229108,20240327,202403,2024,2024.2384,CHRPRO310,QUAKER,,,,CHR,PRO,,,,DEU,GERMAN,DEU,,,,,,,,1,030,030,03,1,4.0,10,1,10,-6.85393258426967,4,"Gaza, Israel (general), Israel",IS,IS00,31.4167,34.3333,-797156,4,"Gaza, Israel (general), Israel",IS,IS00,31.4167,34.3333,-797156,4,"Gaza, Israel (general), Israel",IS,IS00,31.4167,34.3333,-797156,20240327,https://original.antiwar.com/Ariel_Gold/2024/03/26/israels-conscientious-objectors-stand-on-the-shoulders-of-giants/
1166229113,20240327,202403,2024,2024.2384,COP,PRISON,,,,,,COP,,,BGR,SOFIA,BGR,,,,,,,,0,173,173,17,4,-5.0,10,1,10,-6.85393258426967,4,"Gaza, Israel (general), Israel",IS,IS00,31.4167,34.3333,-797156,4,"Gaza, Israel (general), Israel",IS,IS00,31.4167,34.3333,-797156,4,"Gaza, Israel (general), Israel",IS,IS00,31.4167,34.3333,-797156,20240327,https://original.antiwar.com/Ariel_Gold/2024/03/26/israels-conscientious-objectors-stand-on-the-shoulders-of-giants/
1166229135,20240327,202403,2024,2024.2384,CVL,TRAVELER,,,,,,CVL,,,,,,,,,,,,,0,010,010,01,1,0.0,2,1,2,2.5844930417495,3,"Boston, Massachusetts, United States",US,USMA,42.3584,-71.0598,617565,0,,,,,,,2,"Massachusetts, United States",US,USMA,42.2373,-71.5314,MA,20240327,https://nypost.com/2024/03/27/lifestyle/world-travelers-paige-goldstein-chantel-wright-surprise-security-guard-with-helicopter-ride-over-south-africa/
1166229136,20240327,202403,2024,2024.2384,CVL,TRAVELER,,,,,,CVL,,,,,,,,,,,,,1,010,010,01,1,0.0,39,6,39,-2.31354914426729,2,"Massachusetts, United States",US,USMA,42.2373,-71.5314,MA,0,,,,,,,2,"Massachusetts, United States",US,USMA,42.2373,-71.5314,MA,20240327,https://nypost.com/2024/03/27/lifestyle/world-travelers-paige-goldstein-chantel-wright-surprise-security-guard-with-helicopter-ride-over-south-africa/
1166229190,20240327,202403,2024,2024.2384,DEU,GERMAN,DEU,,,,,,,,CHRPRO210,LUTHERAN,,,,CHR,PRO,,,,1,030,030,03,1,4.0,20,2,20,-4.91950360556767,1,United Kingdom,UK,UK,54,-4,UK,1,United Kingdom,UK,UK,54,-4,UK,1,United Kingdom,UK,UK,54,-4,UK,20240327,https://original.antiwar.com/Ariel_Gold/2024/03/26/israels-conscientious-objectors-stand-on-the-shoulders-of-giants/
1166229191,20240327,202403,2024,2024.2384,DEU,GERMAN,DEU,,,,,,,,CHRPRO310,QUAKER,,,,CHR,PRO,,,,1,030,030,03,1,4.0,20,2,20,-4.91950360556767,1,United Kingdom,UK,UK,54,-4,UK,1,United Kingdom,UK,UK,54,-4,UK,1,United Kingdom,UK,UK,54,-4,UK,20240327,https://original.antiwar.com/Ariel_Gold/2024/03/26/israels-conscientious-objectors-stand-on-the-shoulders-of-giants/
1166229938,20240327,202403,2024,2024.2384,USA,BOSTON,USA,,,,,,,,,,,,,,,,,,1,010,010,01,1,0.0,60,11,43,0.929193540214927,2,"Hawaii, United States",US,USHI,21.1098,-157.531,HI,0,,,,,,,2,"Hawaii, United States",US,USHI,21.1098,-157.531,HI,20240327,https://nypost.com/2024/03/27/lifestyle/world-travelers-paige-goldstein-chantel-wright-surprise-security-guard-with-helicopter-ride-over-south-africa/
1166229949,20240327,202403,2024,2024.2384,USA,HAWAII,USA,,,,,,,,,,,,,,,,,,0,043,043,04,1,2.8,1,1,1,2.5844930417495,4,"Cape Town, Western Cape, South Africa",SF,SF11,-33.9167,18.4167,-1217214,0,,,,,,,4,"Cape Town, Western Cape, South Africa",SF,SF11,-33.9167,18.4167,-1217214,20240327,https://nypost.com/2024/03/27/lifestyle/world-travelers-paige-goldstein-chantel-wright-surprise-security-guard-with-helicopter-ride-over-south-africa/
1166230113,20240327,202403,2024,2024.2384,ZAF,CAPE TOWN,ZAF,,,,,,,,,,,,,,,,,,0,010,010,01,1,0.0,5,1,5,2.5844930417495,4,"Cape Town, Western Cape, South Africa",SF,SF11,-33.9167,18.4167,-1217214,0,,,,,,,4,"Cape Town, Western Cape, South Africa",SF,SF11,-33.9167,18.4167,-1217214,20240327,https://nypost.com/2024/03/27/lifestyle/world-travelers-paige-goldstein-chantel-wright-surprise-security-guard-with-helicopter-ride-over-south-africa/
1166231045,20240327,202403,2024,2024.2384,,,,,,,,,,,IGOMEAARL,ARAB LEAGUE,MEA,ARL,,,,IGO,,,1,061,061,06,2,6.4,10,1,10,4.68085106382979,0,,,,,,,4,"Amman, (JO11), Jordan",JO,JO11,31.95,35.9333,-970362,4,"Amman, (JO11), Jordan",JO,JO11,31.95,35.9333,-970362,20240327,https://www.albawaba.com/business/gold-prices-amman-wednesday-27-march-2024-1559146
1166231138,20240327,202403,2024,2024.2384,AUSGOV,AUSTRALIAN,AUS,,,,,GOV,,,CVL,COMMUNITY,,,,,,CVL,,,1,051,051,05,1,3.4,6,1,6,0.88105726872246,4,"Pilbara, Western Australia, Australia",AS,AS08,-21.25,118.3,-1594999,4,"Pilbara, Western Australia, Australia",AS,AS08,-21.25,118.3,-1594999,4,"Pilbara, Western Australia, Australia",AS,AS08,-21.25,118.3,-1594999,20240327,https://www.miragenews.com/flood-hit-pilbara-midwest-goldfields-get-1204170/
1166231139,20240327,202403,2024,2024.2384,AUSGOV,AUSTRALIAN,AUS,,,,,GOV,,,GOV,GOVERNMENT,,,,,,GOV,,,1,051,051,05,1,3.4,6,1,6,0.88105726872246,4,"Pilbara, Western Australia, Australia",AS,AS08,-21.25,118.3,-1594999,4,"Pilbara, Western Australia, Australia",AS,AS08,-21.25,118.3,-1594999,4,"Pilbara, Western Australia, Australia",AS,AS08,-21.25,118.3,-1594999,20240327,https://www.miragenews.com/flood-hit-pilbara-midwest-goldfields-get-1204170/
1166231853,20240327,202403,2024,2024.2384,MED,MEDIA,,,,,,MED,,,AUS,WESTERN AUSTRALIA,AUS,,,,,,,,1,060,060,06,2,6.0,2,1,2,0.88105726872246,4,"Pilbara, Western Australia, Australia",AS,AS08,-21.25,118.3,-1594999,4,"Pilbara, Western Australia, Australia",AS,AS08,-21.25,118.3,-1594999,4,"Pilbara, Western Australia, Australia",AS,AS08,-21.25,118.3,-1594999,20240327,https://www.miragenews.com/flood-hit-pilbara-midwest-goldfields-get-1204170/
1166231854,20240327,202403,2024,2024.2384,MED,MEDIA,,,,,,MED,,,AUS,WESTERN AUSTRALIA,AUS,,,,,,,,1,084,084,08,2,7.0,2,1,2,0.88105726872246,4,"Pilbara, Western Australia, Australia",AS,AS08,-21.25,118.3,-1594999,4,"Pilbara, Western Australia, Australia",AS,AS08,-21.25,118.3,-1594999,4,"Pilbara, Western Australia, Australia",AS,AS08,-21.25,118.3,-1594999,20240327,https://www.miragenews.com/flood-hit-pilbara-midwest-goldfields-get-1204170/
1166233100,20240327,202403,2024,2024.2384,BRA,BRAZIL,BRA,,,,,,,,BUS,COMPANY,,,,,,BUS,,,1,043,043,04,1,2.8,16,2,16,4.15879017013232,4,"Aurizona, MaranhãBR, Brazil",BR,BR13,-1.28333,-45.7667,-626664,4,"Aurizona, MaranhãBR, Brazil",BR,BR13,-1.28333,-45.7667,-626664,4,"Aurizona, MaranhãBR, Brazil",BR,BR13,-1.28333,-45.7667,-626664,20240327,https://www.themarketsdaily.com/2024/03/27/equinox-gold-corp-cveeqx-given-average-rating-of-moderate-buy-by-brokerages.html
1166233131,20240327,202403,2024,2024.2384,BUS,BANK,,,,,,BUS,,,,,,,,,,,,,1,084,084,08,2,7.0,5,1,5,5.0925925925926,1,Hong Kong,HK,HK,22.25,114.166667,HK,0,,,,,,,1,Hong Kong,HK,HK,22.25,114.166667,HK,20240327,https://www.coindesk.com/policy/2024/03/27/hsbcs-gold-token-goes-live-for-retail-investors-in-hong-kong/
1166233138,20240327,202403,2024,2024.2384,BUS,COMPANY,,,,,,BUS,,,BRA,BRAZIL,BRA,,,,,,,,1,042,042,04,1,1.9,16,2,16,4.15879017013232,2,"California, United States",US,USCA,36.17,-119.746,CA,2,"California, United States",US,USCA,36.17,-119.746,CA,2,"California, United States",US,USCA,36.17,-119.746,CA,20240327,https://www.themarketsdaily.com/2024/03/27/equinox-gold-corp-cveeqx-given-average-rating-of-moderate-buy-by-brokerages.html
1166233150,20240327,202403,2024,2024.2384,BUS,ENTREPRENEUR,,,,,,BUS,,,LAB,EMPLOYEE,,,,,,LAB,,,0,043,043,04,1,2.8,12,2,12,1.57829292121858,1,Russia,RS,RS,60,100,RS,1,Russia,RS,RS,60,100,RS,1,Russia,RS,RS,60,100,RS,20240327,https://www.barrons.com/news/in-uzbekistan-economic-reforms-spark-modern-day-gold-rush-9ed9dbd0
1166233156,20240327,202403,2024,2024.2384,BUS,COMPANY,,,,,,BUS,,,USA,UNITED STATES,USA,,,,,,,,1,042,042,04,1,1.9,8,2,8,4.15879017013232,4,"Aurizona, MaranhãBR, Brazil",BR,BR13,-1.28333,-45.7667,-626664,3,"Castle Mountain, California, United States",US,USCA,35.9391,-120.34,240332,4,"Aurizona, MaranhãBR, Brazil",BR,BR13,-1.28333,-45.7667,-626664,20240327,https://www.themarketsdaily.com/2024/03/27/equinox-gold-corp-cveeqx-given-average-rating-of-moderate-buy-by-brokerages.html
1166233158,20240327,202403,2024,2024.2384,BUS,ENTREPRENEUR,,,,,,BUS,,,UZB,UZBEKISTAN,UZB,,,,,,,,0,042,042,04,1,1.9,2,1,2,1.79856115107914,4,"Navoi, Navoiy, Uzbekistan",UZ,UZ07,40.0844,65.3792,-2578281,4,"Navoi, Navoiy, Uzbekistan",UZ,UZ07,40.0844,65.3792,-2578281,4,"Navoi, Navoiy, Uzbekistan",UZ,UZ07,40.0844,65.3792,-2578281,20240327,https://www.barrons.com/news/in-uzbekistan-economic-reforms-spark-modern-day-gold-rush-9ed9dbd0
1166233159,20240327,202403,2024,2024.2384,BUS,ENTREPRENEUR,,,,,,BUS,,,UZB,UZBEKISTAN,UZB,,,,,,,,0,042,042,04,1,1.9,6,2,6,1.57829292121858,4,"Tashkent, Toshkent Shahri, Uzbekistan",UZ,UZ13,41.3167,69.25,-2579372,4,"Tashkent, Toshkent Shahri, Uzbekistan",UZ,UZ13,41.3167,69.25,-2579372,4,"Tashkent, Toshkent Shahri, Uzbekistan",UZ,UZ13,41.3167,69.25,-2579372,20240327,https://www.barrons.com/news/in-uzbekistan-economic-reforms-spark-modern-day-gold-rush-9ed9dbd0
1166233607,20240327,202403,2024,2024.2384,LAB,EMPLOYEE,,,,,,LAB,,,BUS,ENTREPRENEUR,,,,,,BUS,,,0,042,042,04,1,1.9,9,2,9,1.57829292121858,4,"Tashkent, Toshkent Shahri, Uzbekistan",UZ,UZ13,41.3167,69.25,-2579372,4,"Tashkent, Toshkent Shahri, Uzbekistan",UZ,UZ13,41.3167,69.25,-2579372,4,"Tashkent, Toshkent Shahri, Uzbekistan",UZ,UZ13,41.3167,69.25,-2579372,20240327,https://www.barrons.com/news/in-uzbekistan-economic-reforms-spark-modern-day-gold-rush-9ed9dbd0
1166233608,20240327,202403,2024,2024.2384,LAB,EMPLOYEE,,,,,,LAB,,,BUS,ENTREPRENEUR,,,,,,BUS,,,0,042,042,04,1,1.9,3,1,3,1.79856115107914,1,Russia,RS,RS,60,100,RS,1,Russia,RS,RS,60,100,RS,1,Russia,RS,RS,60,100,RS,20240327,https://www.barrons.com/news/in-uzbekistan-economic-reforms-spark-modern-day-gold-rush-9ed9dbd0
1166233878,20240327,202403,2024,2024.2384,UKR,UKRAINIAN,UKR,,,,,,,,,,,,,,,,,,1,090,090,09,2,-2.0,3,1,3,-2.18834128767378,4,"Asuncion, Villeta, Paraguay",PA,PA06,-25.2667,-57.6667,-910015,0,,,,,,,4,"Asuncion, Villeta, Paraguay",PA,PA06,-25.2667,-57.6667,-910015,20240327,https://www.usnews.com/news/world/articles/2024-03-27/most-rescue-efforts-at-russian-gold-mine-have-been-suspended-due-to-risk-of-another-collapse-tass
1166233889,20240327,202403,2024,2024.2384,UKR,UKRAINIAN,UKR,,,,,,,,RUS,RUSSIAN,RUS,,,,,,,,1,090,090,09,2,-2.0,31,1,31,-2.88985575667174,4,"Asuncion, Villeta, Paraguay",PA,PA06,-25.2667,-57.6667,-910015,4,"Asuncion, Villeta, Paraguay",PA,PA06,-25.2667,-57.6667,-910015,4,"Asuncion, Villeta, Paraguay",PA,PA06,-25.2667,-57.6667,-910015,20240327,https://www.usnews.com/news/world/articles/2024-03-27/most-rescue-efforts-at-russian-gold-mine-have-been-suspended-due-to-risk-of-another-collapse-tass
1166233931,20240327,202403,2024,2024.2384,USA,UNITED STATES,USA,,,,,,,,BUS,COMPANY,,,,,,BUS,,,1,043,043,04,1,2.8,8,2,8,4.15879017013232,3,"Castle Mountain, California, United States",US,USCA,35.9391,-120.34,240332,4,"Aurizona, MaranhãBR, Brazil",BR,BR13,-1.28333,-45.7667,-626664,4,"Aurizona, MaranhãBR, Brazil",BR,BR13,-1.28333,-45.7667,-626664,20240327,https://www.themarketsdaily.com/2024/03/27/equinox-gold-corp-cveeqx-given-average-rating-of-moderate-buy-by-brokerages.html
1166234031,20240327,202403,2024,2024.2384,UZB,UZBEKISTAN,UZB,,,,,,,,BUS,ENTREPRENEUR,,,,,,BUS,,,0,043,043,04,1,2.8,8,2,8,1.57829292121858,4,"Navoi, Navoiy, Uzbekistan",UZ,UZ07,40.0844,65.3792,-2578281,4,"Navoi, Navoiy, Uzbekistan",UZ,UZ07,40.0844,65.3792,-2578281,4,"Navoi, Navoiy, Uzbekistan",UZ,UZ07,40.0844,65.3792,-2578281,20240327,https://www.barrons.com/news/in-uzbekistan-economic-reforms-spark-modern-day-gold-rush-9ed9dbd0
1166237569,20240327,202403,2024,2024.2384,GOV,PRESIDENT,,,,,,GOV,,,BUS,SECURITIES EXCHANGE,,,,,,BUS,,,1,010,010,01,1,0.0,10,2,10,1.47719808403386,1,United Kingdom,UK,UK,54,-4,UK,1,United Kingdom,UK,UK,54,-4,UK,1,United Kingdom,UK,UK,54,-4,UK,20240327,https://www.etfdailynews.com/2024/03/27/ovintiv-nyseovv-price-target-raised-to-56-00-at-the-goldman-sachs-group/
1166237916,20240327,202403,2024,2024.2384,RUS,MOSCOW,RUS,,,,,,,,GOVMED,STATE NEWS AGENCY,,,,,,GOV,MED,,1,073,073,07,2,7.4,9,4,9,-2.53226517955504,4,"Moscow, Moskva, Russia",RS,RS48,55.7522,37.6156,-2960561,4,"Moscow, Moskva, Russia",RS,RS48,55.7522,37.6156,-2960561,4,"Moscow, Moskva, Russia",RS,RS48,55.7522,37.6156,-2960561,20240327,https://www.marketscreener.com/news/latest/Most-rescue-efforts-suspended-at-Russian-gold-mine-due-to-collapse-risk-TASS-46294724/
1166239375,20240327,202403,2024,2024.2384,ERI,MASSAWA,ERI,,,,,,,,,,,,,,,,,,0,010,010,01,1,0.0,5,1,5,-0.29138590420689,4,"London, London, City of, United Kingdom",UK,UKH9,51.5,-0.116667,-2601889,0,,,,,,,4,"London, London, City of, United Kingdom",UK,UKH9,51.5,-0.116667,-2601889,20240327,https://www.goldseiten.de/artikel/613135--Endeavour-Reports-Strong-FY-2023-Results.html
1166239376,20240327,202403,2024,2024.2384,ERI,MASSAWA,ERI,,,,,,,,GIN,GUINEA,GIN,,,,,,,,0,043,043,04,1,2.8,2,1,2,-0.29138590420689,4,"Sabodala, Region de Kedougou, Senegal",SG,SG17,13.1612,-12.1127,-2273359,4,"Cavally, Guinea (general), Guinea",GV,GV00,4.36667,-7.53333,-1178371,4,"Sabodala, Region de Kedougou, Senegal",SG,SG17,13.1612,-12.1127,-2273359,20240327,https://www.goldseiten.de/artikel/613135--Endeavour-Reports-Strong-FY-2023-Results.html
1166239412,20240327,202403,2024,2024.2384,GBR,LONDON,GBR,,,,,,,,GOV,PRESIDENT,,,,,,GOV,,,1,090,090,09,2,-2.0,2,1,2,-0.85679314565484,4,"Toronto, Ontario, Canada",CA,CA08,43.6667,-79.4167,-574890,4,"Toronto, Ontario, Canada",CA,CA08,43.6667,-79.4167,-574890,4,"Toronto, Ontario, Canada",CA,CA08,43.6667,-79.4167,-574890,20240327,https://www.goldseiten.de/artikel/613136--Endeavour-Announces-Completion-of-Investigation-and-Key-Findings.html
1166239436,20240327,202403,2024,2024.2384,GIN,GUINEA,GIN,,,,,,,,ERI,MASSAWA,ERI,,,,,,,,0,042,042,04,1,1.9,1,1,1,-0.29138590420689,4,"Cavally, Guinea (general), Guinea",GV,GV00,4.36667,-7.53333,-1178371,4,"Sabodala, Region de Kedougou, Senegal",SG,SG17,13.1612,-12.1127,-2273359,4,"Sabodala, Region de Kedougou, Senegal",SG,SG17,13.1612,-12.1127,-2273359,20240327,https://www.goldseiten.de/artikel/613135--Endeavour-Reports-Strong-FY-2023-Results.html
1166239437,20240327,202403,2024,2024.2384,GIN,GUINEA,GIN,,,,,,,,ERI,MASSAWA,ERI,,,,,,,,0,042,042,04,1,1.9,1,1,1,-0.29138590420689,4,"London, London, City of, United Kingdom",UK,UKH9,51.5,-0.116667,-2601889,4,"London, London, City of, United Kingdom",UK,UKH9,51.5,-0.116667,-2601889,4,"London, London, City of, United Kingdom",UK,UKH9,51.5,-0.116667,-2601889,20240327,https://www.goldseiten.de/artikel/613135--Endeavour-Reports-Strong-FY-2023-Results.html
1166239438,20240327,202403,2024,2024.2384,GIN,GUINEA,GIN,,,,,,,,SEN,SENEGAL,SEN,,,,,,,,0,042,042,04,1,1.9,3,1,3,-0.29138590420689,4,"Cavally, Guinea (general), Guinea",GV,GV00,4.36667,-7.53333,-1178371,4,"Sabodala, Region de Kedougou, Senegal",SG,SG17,13.1612,-12.1127,-2273359,4,"Sabodala, Region de Kedougou, Senegal",SG,SG17,13.1612,-12.1127,-2273359,20240327,https://www.goldseiten.de/artikel/613135--Endeavour-Reports-Strong-FY-2023-Results.html
1166239439,20240327,202403,2024,2024.2384,GIN,GUINEA,GIN,,,,,,,,SEN,SENEGAL,SEN,,,,,,,,0,042,042,04,1,1.9,4,1,4,-0.29138590420689,4,"London, London, City of, United Kingdom",UK,UKH9,51.5,-0.116667,-2601889,4,"London, London, City of, United Kingdom",UK,UKH9,51.5,-0.116667,-2601889,4,"London, London, City of, United Kingdom",UK,UKH9,51.5,-0.116667,-2601889,20240327,https://www.goldseiten.de/artikel/613135--Endeavour-Reports-Strong-FY-2023-Results.html
1166239440,20240327,202403,2024,2024.2384,GIN,GUINEA,GIN,,,,,,,,SEN,SENEGAL,SEN,,,,,,,,0,042,042,04,1,1.9,1,1,1,-0.29138590420689,4,"Greenfields, Western Australia, Australia",AS,AS08,-33.2552,115.783,11460456,4,"Greenfields, Western Australia, Australia",AS,AS08,-33.2552,115.783,11460456,4,"Greenfields, Western Australia, Australia",AS,AS08,-33.2552,115.783,11460456,20240327,https://www.goldseiten.de/artikel/613135--Endeavour-Reports-Strong-FY-2023-Results.html
1166240112,20240327,202403,2024,2024.2384,SEN,SENEGAL,SEN,,,,,,,,,,,,,,,,,,0,084,084,08,2,7.0,4,1,4,-0.29138590420689,4,"Sabodala, Region de Kedougou, Senegal",SG,SG17,13.1612,-12.1127,-2273359,0,,,,,,,4,"Sabodala, Region de Kedougou, Senegal",SG,SG17,13.1612,-12.1127,-2273359,20240327,https://www.goldseiten.de/artikel/613135--Endeavour-Reports-Strong-FY-2023-Results.html
1166240113,20240327,202403,2024,2024.2384,SEN,SENEGAL,SEN,,,,,,,,GIN,GUINEA,GIN,,,,,,,,0,043,043,04,1,2.8,6,1,6,-0.29138590420689,4,"Sabodala, Region de Kedougou, Senegal",SG,SG17,13.1612,-12.1127,-2273359,4,"Cavally, Guinea (general), Guinea",GV,GV00,4.36667,-7.53333,-1178371,4,"Sabodala, Region de Kedougou, Senegal",SG,SG17,13.1612,-12.1127,-2273359,20240327,https://www.goldseiten.de/artikel/613135--Endeavour-Reports-Strong-FY-2023-Results.html
1166240114,20240327,202403,2024,2024.2384,SEN,SENEGAL,SEN,,,,,,,,GIN,GUINEA,GIN,,,,,,,,0,043,043,04,1,2.8,2,1,2,-0.29138590420689,4,"Greenfields, Western Australia, Australia",AS,AS08,-33.2552,115.783,11460456,4,"Greenfields, Western Australia, Australia",AS,AS08,-33.2552,115.783,11460456,4,"Greenfields, Western Australia, Australia",AS,AS08,-33.2552,115.783,11460456,20240327,https://www.goldseiten.de/artikel/613135--Endeavour-Reports-Strong-FY-2023-Results.html
1166246816,20240327,202403,2024,2024.2384,PAK,PAKISTAN,PAK,,,,,,,,,,,,,,,,,,1,193,193,19,4,-10.0,5,1,5,8,4,"Multan, Punjab, Pakistan",PK,PK04,30.1956,71.4753,-2769709,0,,,,,,,4,"Multan, Punjab, Pakistan",PK,PK04,30.1956,71.4753,-2769709,20240327,https://www.samaa.tv/2087312083-gold-prices-in-pakistan-continues-to-rise
1166248091,20240327,202403,2024,2024.2384,,,,,,,,,,,CHN,CHINA,CHN,,,,,,,,1,0841,084,08,2,7.0,6,2,6,1.05997698400163,0,,,,,,,1,China,CH,CH,35,105,CH,1,China,CH,CH,35,105,CH,20240327,https://www.peoplesreview.com.np/2024/03/27/maharas-long-association-with-gold-smugglers/
1166248750,20240327,202403,2024,2024.2384,JAN,JAIN,,,,JAN,,,,,,,,,,,,,,,1,010,010,01,1,0.0,10,1,10,11.5755627009646,0,,,,,,,0,,,,,,,0,,,,,,,20240327,https://www.pc-tablet.co.in/goldmedal-electricals-launches-opus-prime-bldc-fan/13475/
1166250300,20240327,202403,2024,2024.2384,,,,,,,,,,,IND,AMRITSAR,IND,,,,,,,,1,018,018,01,1,3.4,2,1,2,5.99078341013825,0,,,,,,,4,"Amritsar, Punjab, India",IN,IN23,31.6331,74.8656,-2088794,4,"Amritsar, Punjab, India",IN,IN23,31.6331,74.8656,-2088794,20240327,https://www.pinkvilla.com/tv/news/maniesh-paul-pays-respect-at-golden-temple-with-his-wife-we-always-come-to-ask-for-something-1289928
1166250301,20240327,202403,2024,2024.2384,,,,,,,,,,,IND,AMRITSAR,IND,,,,,,,,1,018,018,01,1,3.4,1,1,1,5.99078341013825,0,,,,,,,4,"Golden Temple, Punjab, India",IN,IN23,31.6,74.8667,-2096500,4,"Amritsar, Punjab, India",IN,IN23,31.6331,74.8656,-2088794,20240327,https://www.pinkvilla.com/tv/news/maniesh-paul-pays-respect-at-golden-temple-with-his-wife-we-always-come-to-ask-for-something-1289928
1166250303,20240327,202403,2024,2024.2384,,,,,,,,,,,IND,AMRITSAR,IND,,,,,,,,1,042,042,04,1,1.9,2,1,2,5.99078341013825,0,,,,,,,4,"Amritsar, Punjab, India",IN,IN23,31.6331,74.8656,-2088794,4,"Amritsar, Punjab, India",IN,IN23,31.6331,74.8656,-2088794,20240327,https://www.pinkvilla.com/tv/news/maniesh-paul-pays-respect-at-golden-temple-with-his-wife-we-always-come-to-ask-for-something-1289928
1166250304,20240327,202403,2024,2024.2384,,,,,,,,,,,IND,AMRITSAR,IND,,,,,,,,1,042,042,04,1,1.9,2,1,2,5.99078341013825,0,,,,,,,4,"Golden Temple, Punjab, India",IN,IN23,31.6,74.8667,-2096500,4,"Golden Temple, Punjab, India",IN,IN23,31.6,74.8667,-2096500,20240327,https://www.pinkvilla.com/tv/news/maniesh-paul-pays-respect-at-golden-temple-with-his-wife-we-always-come-to-ask-for-something-1289928
1166250305,20240327,202403,2024,2024.2384,,,,,,,,,,,IND,AMRITSAR,IND,,,,,,,,1,043,043,04,1,2.8,6,1,6,5.99078341013825,0,,,,,,,4,"Amritsar Golden Temple, Punjab, India",IN,IN23,31.6,74.8667,-2096500,4,"Amritsar Golden Temple, Punjab, India",IN,IN23,31.6,74.8667,-2096500,20240327,https://www.pinkvilla.com/tv/news/maniesh-paul-pays-respect-at-golden-temple-with-his-wife-we-always-come-to-ask-for-something-1289928
1166250705,20240327,202403,2024,2024.2384,EDU,COLLEGE,,,,,,EDU,,,JAM,KINGSTON,JAM,,,,,,,,1,042,042,04,1,1.9,4,1,4,5.01113585746102,4,"Moore Town, Portland, Jamaica",JM,JM07,18.0777,-76.4258,-3752847,4,"Moore Town, Portland, Jamaica",JM,JM07,18.0777,-76.4258,-3752847,4,"Moore Town, Portland, Jamaica",JM,JM07,18.0777,-76.4258,-3752847,20240327,https://jamaica-gleaner.com/article/news/20240327/vivian-crawford-gets-musgrave-gold-medal
1166250706,20240327,202403,2024,2024.2384,EDU,COLLEGE,,,,,,EDU,,,JAM,KINGSTON,JAM,,,,,,,,1,042,042,04,1,1.9,6,1,6,5.01113585746102,4,"University Of The West Indies, Saint Andrew, Jamaica",JM,JM08,18.001,-76.7409,-3754208,4,"University Of The West Indies, Saint Andrew, Jamaica",JM,JM08,18.001,-76.7409,-3754208,4,"University Of The West Indies, Saint Andrew, Jamaica",JM,JM08,18.001,-76.7409,-3754208,20240327,https://jamaica-gleaner.com/article/news/20240327/vivian-crawford-gets-musgrave-gold-medal
1166250986,20240327,202403,2024,2024.2384,IND,AMRITSAR,IND,,,,,,,,,,,,,,,,,,1,018,018,01,1,3.4,6,1,6,5.99078341013825,4,"Amritsar Golden Temple, Punjab, India",IN,IN23,31.6,74.8667,-2096500,0,,,,,,,4,"Golden Temple, Punjab, India",IN,IN23,31.6,74.8667,-2096500,20240327,https://www.pinkvilla.com/tv/news/maniesh-paul-pays-respect-at-golden-temple-with-his-wife-we-always-come-to-ask-for-something-1289928
1166250993,20240327,202403,2024,2024.2384,IND,AMRITSAR,IND,,,,,,,,,,,,,,,,,,1,042,042,04,1,1.9,6,1,6,5.99078341013825,4,"Amritsar Golden Temple, Punjab, India",IN,IN23,31.6,74.8667,-2096500,0,,,,,,,4,"Amritsar Golden Temple, Punjab, India",IN,IN23,31.6,74.8667,-2096500,20240327,https://www.pinkvilla.com/tv/news/maniesh-paul-pays-respect-at-golden-temple-with-his-wife-we-always-come-to-ask-for-something-1289928
1166250994,20240327,202403,2024,2024.2384,IND,AMRITSAR,IND,,,,,,,,,,,,,,,,,,1,043,043,04,1,2.8,3,1,3,5.99078341013825,4,"Amritsar, Punjab, India",IN,IN23,31.6331,74.8656,-2088794,0,,,,,,,4,"Golden Temple, Punjab, India",IN,IN23,31.6,74.8667,-2096500,20240327,https://www.pinkvilla.com/tv/news/maniesh-paul-pays-respect-at-golden-temple-with-his-wife-we-always-come-to-ask-for-something-1289928
1166250995,20240327,202403,2024,2024.2384,IND,AMRITSAR,IND,,,,,,,,,,,,,,,,,,1,043,043,04,1,2.8,1,1,1,5.99078341013825,4,"Golden Temple, Punjab, India",IN,IN23,31.6,74.8667,-2096500,0,,,,,,,4,"Golden Temple, Punjab, India",IN,IN23,31.6,74.8667,-2096500,20240327,https://www.pinkvilla.com/tv/news/maniesh-paul-pays-respect-at-golden-temple-with-his-wife-we-always-come-to-ask-for-something-1289928
1166251165,20240327,202403,2024,2024.2384,JAM,KINGSTON,JAM,,,,,,,,EDU,COLLEGE,,,,,,EDU,,,1,043,043,04,1,2.8,4,1,4,5.01113585746102,4,"Moore Town, Portland, Jamaica",JM,JM07,18.0777,-76.4258,-3752847,4,"Moore Town, Portland, Jamaica",JM,JM07,18.0777,-76.4258,-3752847,4,"Moore Town, Portland, Jamaica",JM,JM07,18.0777,-76.4258,-3752847,20240327,https://jamaica-gleaner.com/article/news/20240327/vivian-crawford-gets-musgrave-gold-medal
1166251166,20240327,202403,2024,2024.2384,JAM,KINGSTON,JAM,,,,,,,,EDU,COLLEGE,,,,,,EDU,,,1,043,043,04,1,2.8,6,1,6,5.01113585746102,4,"Moore Town, Portland, Jamaica",JM,JM07,18.0777,-76.4258,-3752847,4,"University Of The West Indies, Saint Andrew, Jamaica",JM,JM08,18.001,-76.7409,-3754208,4,"Moore Town, Portland, Jamaica",JM,JM07,18.0777,-76.4258,-3752847,20240327,https://jamaica-gleaner.com/article/news/20240327/vivian-crawford-gets-musgrave-gold-medal
1166252895,20240327,202403,2024,2024.2384,,,,,,,,,,,USA,UNITED STATES,USA,,,,,,,,1,046,046,04,1,7.0,3,1,3,0.98231827111984,0,,,,,,,2,"Massachusetts, United States",US,USMA,42.2373,-71.5314,MA,2,"Massachusetts, United States",US,USMA,42.2373,-71.5314,MA,20240327,https://ny.eater.com/2024/3/27/24112661/sungold-arlo-hotel-williamsburg-now-open
1166253249,20240327,202403,2024,2024.2384,GOV,KING,,,,,,GOV,,,,,,,,,,,,,1,0841,084,08,2,7.0,3,1,3,0.98231827111984,2,"Massachusetts, United States",US,USMA,42.2373,-71.5314,MA,0,,,,,,,2,"Massachusetts, United States",US,USMA,42.2373,-71.5314,MA,20240327,https://ny.eater.com/2024/3/27/24112661/sungold-arlo-hotel-williamsburg-now-open
1166253778,20240327,202403,2024,2024.2384,USA,UNITED STATES,USA,,,,,,,,,,,,,,,,,,1,046,046,04,1,7.0,5,2,5,0.137802245100555,2,"Massachusetts, United States",US,USMA,42.2373,-71.5314,MA,0,,,,,,,2,"Massachusetts, United States",US,USMA,42.2373,-71.5314,MA,20240327,https://ny.eater.com/2024/3/27/24112661/sungold-arlo-hotel-williamsburg-now-open
1166253788,20240327,202403,2024,2024.2384,USA,UNITED STATES,USA,,,,,,,,,,,,,,,,,,1,0841,084,08,2,7.0,1,1,1,0.98231827111984,2,"Massachusetts, United States",US,USMA,42.2373,-71.5314,MA,0,,,,,,,2,"Massachusetts, United States",US,USMA,42.2373,-71.5314,MA,20240327,https://ny.eater.com/2024/3/27/24112661/sungold-arlo-hotel-williamsburg-now-open
1166253871,20240327,202403,2024,2024.2384,USAGOV,UNITED STATES,USA,,,,,GOV,,,,,,,,,,,,,1,0841,084,08,2,7.0,1,1,1,0.98231827111984,2,"Massachusetts, United States",US,USMA,42.2373,-71.5314,MA,0,,,,,,,2,"Massachusetts, United States",US,USMA,42.2373,-71.5314,MA,20240327,https://ny.eater.com/2024/3/27/24112661/sungold-arlo-hotel-williamsburg-now-open
1166257148,20240327,202403,2024,2024.2384,,,,,,,,,,,BUS,COMPANY,,,,,,BUS,,,1,141,141,14,3,-6.5,4,2,4,-2.57880185466838,0,,,,,,,4,"Bea Mountain, Grand Cape Mount, Liberia",LI,LI12,7.13333,-11,-2130103,4,"Bea Mountain, Grand Cape Mount, Liberia",LI,LI12,7.13333,-11,-2130103,20240327,https://frontpageafricaonline.com/news/liberia-mng-gold-ceo-visits-pres-boakai/
1166257235,20240327,202403,2024,2024.2384,,,,,,,,,,,LBR,LIBERIA,LBR,,,,,,,,1,043,043,04,1,2.8,16,2,16,-2.57880185466838,0,,,,,,,5,"Grand Cape Mount County, Grand Cape Mount, Liberia",LI,LI12,7.16667,-11,-2132275,4,"Bea Mountain, Grand Cape Mount, Liberia",LI,LI12,7.13333,-11,-2130103,20240327,https://frontpageafricaonline.com/news/liberia-mng-gold-ceo-visits-pres-boakai/
1166257377,20240327,202403,2024,2024.2384,BUS,COMPANY,,,,,,BUS,,,,,,,,,,,,,0,020,020,02,1,3.0,30,2,20,-2.57880185466838,5,"Grand Cape Mount County, Grand Cape Mount, Liberia",LI,LI12,7.16667,-11,-2132275,0,,,,,,,5,"Grand Cape Mount County, Grand Cape Mount, Liberia",LI,LI12,7.16667,-11,-2132275,20240327,https://frontpageafricaonline.com/news/liberia-mng-gold-ceo-visits-pres-boakai/
1166257500,20240327,202403,2024,2024.2384,COP,DEPUTY,,,,,,COP,,,,,,,,,,,,,0,030,030,03,1,4.0,10,2,10,-2.57880185466838,5,"Grand Cape Mount County, Grand Cape Mount, Liberia",LI,LI12,7.16667,-11,-2132275,0,,,,,,,5,"Grand Cape Mount County, Grand Cape Mount, Liberia",LI,LI12,7.16667,-11,-2132275,20240327,https://frontpageafricaonline.com/news/liberia-mng-gold-ceo-visits-pres-boakai/
1166257515,20240327,202403,2024,2024.2384,COP,POLICE,,,,,,COP,,,CVL,CITIZEN,,,,,,CVL,,,1,1712,171,17,4,-9.2,10,2,10,-2.57880185466838,4,"Bea Mountain, Grand Cape Mount, Liberia",LI,LI12,7.13333,-11,-2130103,4,"Bea Mountain, Grand Cape Mount, Liberia",LI,LI12,7.13333,-11,-2130103,4,"Bea Mountain, Grand Cape Mount, Liberia",LI,LI12,7.13333,-11,-2130103,20240327,https://frontpageafricaonline.com/news/liberia-mng-gold-ceo-visits-pres-boakai/
1166257516,20240327,202403,2024,2024.2384,COP,POLICE,,,,,,COP,,,CVL,CITIZEN,,,,,,CVL,,,1,180,180,18,4,-9.0,10,2,10,-2.57880185466838,4,"Bea Mountain, Grand Cape Mount, Liberia",LI,LI12,7.13333,-11,-2130103,4,"Bea Mountain, Grand Cape Mount, Liberia",LI,LI12,7.13333,-11,-2130103,4,"Bea Mountain, Grand Cape Mount, Liberia",LI,LI12,7.13333,-11,-2130103,20240327,https://frontpageafricaonline.com/news/liberia-mng-gold-ceo-visits-pres-boakai/
1166257568,20240327,202403,2024,2024.2384,CVL,COMMUNITY,,,,,,CVL,,,,,,,,,,,,,1,120,120,12,3,-4.0,6,1,6,9.35251798561151,3,"Village Of Liberty, New York, United States",US,USNY,41.7966,-74.7436,2390940,0,,,,,,,3,"Village Of Liberty, New York, United States",US,USNY,41.7966,-74.7436,2390940,20240327,https://radioink.com/2024/03/27/bold-gold-media-opens-catskills-studios-for-audio-production/
1166257572,20240327,202403,2024,2024.2384,CVL,CITIZEN,,,,,,CVL,,,,,,,,,,,,,1,180,180,18,4,-9.0,10,2,10,-2.57880185466838,4,"Bea Mountain, Grand Cape Mount, Liberia",LI,LI12,7.13333,-11,-2130103,0,,,,,,,4,"Bea Mountain, Grand Cape Mount, Liberia",LI,LI12,7.13333,-11,-2130103,20240327,https://frontpageafricaonline.com/news/liberia-mng-gold-ceo-visits-pres-boakai/
1166257576,20240327,202403,2024,2024.2384,CVL,CITIZEN,,,,,,CVL,,,BUS,COMPANY,,,,,,BUS,,,0,141,141,14,3,-6.5,20,2,20,-2.57880185466838,5,"Grand Cape Mount County, Grand Cape Mount, Liberia",LI,LI12,7.16667,-11,-2132275,5,"Grand Cape Mount County, Grand Cape Mount, Liberia",LI,LI12,7.16667,-11,-2132275,5,"Grand Cape Mount County, Grand Cape Mount, Liberia",LI,LI12,7.16667,-11,-2132275,20240327,https://frontpageafricaonline.com/news/liberia-mng-gold-ceo-visits-pres-boakai/
1166257836,20240327,202403,2024,2024.2384,GOV,CHIEF EXECUTIVE,,,,,,GOV,,,LBRGOV,JOSEPH BOAKAI,LBR,,,,,GOV,,,1,042,042,04,1,1.9,6,2,6,-2.57880185466838,4,"Monrovia, Montserrado, Liberia",LI,LI14,6.31056,-10.8047,-2134012,4,"Bea Mountain, Grand Cape Mount, Liberia",LI,LI12,7.13333,-11,-2130103,4,"Bea Mountain, Grand Cape Mount, Liberia",LI,LI12,7.13333,-11,-2130103,20240327,https://frontpageafricaonline.com/news/liberia-mng-gold-ceo-visits-pres-boakai/
1166257837,20240327,202403,2024,2024.2384,GOV,CHIEF EXECUTIVE,,,,,,GOV,,,LBRGOV,JOSEPH BOAKAI,LBR,,,,,GOV,,,1,042,042,04,1,1.9,2,2,2,-2.57880185466838,4,"Monrovia, Montserrado, Liberia",LI,LI14,6.31056,-10.8047,-2134012,4,"Bea Mountain, Grand Cape Mount, Liberia",LI,LI12,7.13333,-11,-2130103,4,"Monrovia, Montserrado, Liberia",LI,LI14,6.31056,-10.8047,-2134012,20240327,https://frontpageafricaonline.com/news/liberia-mng-gold-ceo-visits-pres-boakai/
1166257838,20240327,202403,2024,2024.2384,GOV,CHIEF EXECUTIVE,,,,,,GOV,,,LBRGOV,JOSEPH BOAKAI,LBR,,,,,GOV,,,1,042,042,04,1,1.9,2,2,2,-2.57880185466838,4,"Monrovia, Montserrado, Liberia",LI,LI14,6.31056,-10.8047,-2134012,4,"Monrovia, Montserrado, Liberia",LI,LI14,6.31056,-10.8047,-2134012,4,"Monrovia, Montserrado, Liberia",LI,LI14,6.31056,-10.8047,-2134012,20240327,https://frontpageafricaonline.com/news/liberia-mng-gold-ceo-visits-pres-boakai/
1166258188,20240327,202403,2024,2024.2384,LBR,LIBERIA,LBR,,,,,,,,,,,,,,,,,,1,042,042,04,1,1.9,16,2,16,-2.57880185466838,5,"Grand Cape Mount County, Grand Cape Mount, Liberia",LI,LI12,7.16667,-11,-2132275,0,,,,,,,4,"Bea Mountain, Grand Cape Mount, Liberia",LI,LI12,7.13333,-11,-2130103,20240327,https://frontpageafricaonline.com/news/liberia-mng-gold-ceo-visits-pres-boakai/
1166258192,20240327,202403,2024,2024.2384,LBR,LIBERIA,LBR,,,,,,,,BUS,COMPANY,,,,,,BUS,,,1,141,141,14,3,-6.5,16,2,16,-2.57880185466838,4,"Bea Mountain, Grand Cape Mount, Liberia",LI,LI12,7.13333,-11,-2130103,4,"Bea Mountain, Grand Cape Mount, Liberia",LI,LI12,7.13333,-11,-2130103,4,"Bea Mountain, Grand Cape Mount, Liberia",LI,LI12,7.13333,-11,-2130103,20240327,https://frontpageafricaonline.com/news/liberia-mng-gold-ceo-visits-pres-boakai/
1166258203,20240327,202403,2024,2024.2384,LBR,MONROVIA,LBR,,,,,,,,LBRGOV,JOSEPH BOAKAI,LBR,,,,,GOV,,,1,042,042,04,1,1.9,20,2,20,-2.57880185466838,5,"Grand Cape Mount County, Grand Cape Mount, Liberia",LI,LI12,7.16667,-11,-2132275,5,"Grand Cape Mount County, Grand Cape Mount, Liberia",LI,LI12,7.16667,-11,-2132275,5,"Grand Cape Mount County, Grand Cape Mount, Liberia",LI,LI12,7.16667,-11,-2132275,20240327,https://frontpageafricaonline.com/news/liberia-mng-gold-ceo-visits-pres-boakai/
1166258206,20240327,202403,2024,2024.2384,LBRGOV,JOSEPH BOAKAI,LBR,,,,,GOV,,,GOV,CHIEF EXECUTIVE,,,,,,GOV,,,1,043,043,04,1,2.8,6,2,6,-2.57880185466838,4,"Bea Mountain, Grand Cape Mount, Liberia",LI,LI12,7.13333,-11,-2130103,4,"Monrovia, Montserrado, Liberia",LI,LI14,6.31056,-10.8047,-2134012,4,"Bea Mountain, Grand Cape Mount, Liberia",LI,LI12,7.13333,-11,-2130103,20240327,https://frontpageafricaonline.com/news/liberia-mng-gold-ceo-visits-pres-boakai/
1166258207,20240327,202403,2024,2024.2384,LBRGOV,JOSEPH BOAKAI,LBR,,,,,GOV,,,GOV,CHIEF EXECUTIVE,,,,,,GOV,,,1,043,043,04,1,2.8,2,2,2,-2.57880185466838,4,"Bea Mountain, Grand Cape Mount, Liberia",LI,LI12,7.13333,-11,-2130103,4,"Monrovia, Montserrado, Liberia",LI,LI14,6.31056,-10.8047,-2134012,4,"Monrovia, Montserrado, Liberia",LI,LI14,6.31056,-10.8047,-2134012,20240327,https://frontpageafricaonline.com/news/liberia-mng-gold-ceo-visits-pres-boakai/
1166258208,20240327,202403,2024,2024.2384,LBRGOV,JOSEPH BOAKAI,LBR,,,,,GOV,,,GOV,CHIEF EXECUTIVE,,,,,,GOV,,,1,043,043,04,1,2.8,2,2,2,-2.57880185466838,4,"Monrovia, Montserrado, Liberia",LI,LI14,6.31056,-10.8047,-2134012,4,"Monrovia, Montserrado, Liberia",LI,LI14,6.31056,-10.8047,-2134012,4,"Monrovia, Montserrado, Liberia",LI,LI14,6.31056,-10.8047,-2134012,20240327,https://frontpageafricaonline.com/news/liberia-mng-gold-ceo-visits-pres-boakai/
1166258210,20240327,202403,2024,2024.2384,LBRGOV,JOSEPH BOAKAI,LBR,,,,,GOV,,,LBR,MONROVIA,LBR,,,,,,,,1,043,043,04,1,2.8,16,2,16,-2.57880185466838,4,"Bea Mountain, Grand Cape Mount, Liberia",LI,LI12,7.13333,-11,-2130103,4,"Monrovia, Montserrado, Liberia",LI,LI14,6.31056,-10.8047,-2134012,4,"Monrovia, Montserrado, Liberia",LI,LI14,6.31056,-10.8047,-2134012,20240327,https://frontpageafricaonline.com/news/liberia-mng-gold-ceo-visits-pres-boakai/
1166258211,20240327,202403,2024,2024.2384,LBRGOV,JOSEPH BOAKAI,LBR,,,,,GOV,,,LBR,MONROVIA,LBR,,,,,,,,1,043,043,04,1,2.8,4,2,4,-2.57880185466838,4,"Monrovia, Montserrado, Liberia",LI,LI14,6.31056,-10.8047,-2134012,4,"Monrovia, Montserrado, Liberia",LI,LI14,6.31056,-10.8047,-2134012,4,"Monrovia, Montserrado, Liberia",LI,LI14,6.31056,-10.8047,-2134012,20240327,https://frontpageafricaonline.com/news/liberia-mng-gold-ceo-visits-pres-boakai/
1166258212,20240327,202403,2024,2024.2384,LBRLEG,LIBERIA,LBR,,,,,LEG,,,LBR,LIBERIAN,LBR,,,,,,,,0,010,010,01,1,0.0,4,2,4,-2.57880185466838,5,"Grand Cape Mount County, Grand Cape Mount, Liberia",LI,LI12,7.16667,-11,-2132275,5,"Grand Cape Mount County, Grand Cape Mount, Liberia",LI,LI12,7.16667,-11,-2132275,5,"Grand Cape Mount County, Grand Cape Mount, Liberia",LI,LI12,7.16667,-11,-2132275,20240327,https://frontpageafricaonline.com/news/liberia-mng-gold-ceo-visits-pres-boakai/
1166258213,20240327,202403,2024,2024.2384,LBRLEG,LIBERIA,LBR,,,,,LEG,,,LEG,SENATE,,,,,,LEG,,,0,010,010,01,1,0.0,4,2,4,-2.57880185466838,5,"Grand Cape Mount County, Grand Cape Mount, Liberia",LI,LI12,7.16667,-11,-2132275,5,"Grand Cape Mount County, Grand Cape Mount, Liberia",LI,LI12,7.16667,-11,-2132275,5,"Grand Cape Mount County, Grand Cape Mount, Liberia",LI,LI12,7.16667,-11,-2132275,20240327,https://frontpageafricaonline.com/news/liberia-mng-gold-ceo-visits-pres-boakai/
1166258214,20240327,202403,2024,2024.2384,LEG,SENATOR,,,,,,LEG,,,,,,,,,,,,,0,010,010,01,1,0.0,12,2,12,-2.57880185466838,5,"Grand Cape Mount County, Grand Cape Mount, Liberia",LI,LI12,7.16667,-11,-2132275,0,,,,,,,5,"Grand Cape Mount County, Grand Cape Mount, Liberia",LI,LI12,7.16667,-11,-2132275,20240327,https://frontpageafricaonline.com/news/liberia-mng-gold-ceo-visits-pres-boakai/
1166258231,20240327,202403,2024,2024.2384,LEG,LAWMAKER,,,,,,LEG,,,CVL,CITIZEN,,,,,,CVL,,,0,020,020,02,1,3.0,20,2,20,-2.57880185466838,5,"Grand Cape Mount County, Grand Cape Mount, Liberia",LI,LI12,7.16667,-11,-2132275,5,"Grand Cape Mount County, Grand Cape Mount, Liberia",LI,LI12,7.16667,-11,-2132275,5,"Grand Cape Mount County, Grand Cape Mount, Liberia",LI,LI12,7.16667,-11,-2132275,20240327,https://frontpageafricaonline.com/news/liberia-mng-gold-ceo-visits-pres-boakai/
1166258244,20240327,202403,2024,2024.2384,LEG,SENATOR,,,,,,LEG,,,LBR,LIBERIAN,LBR,,,,,,,,0,010,010,01,1,0.0,8,2,4,-2.57880185466838,5,"Grand Cape Mount County, Grand Cape Mount, Liberia",LI,LI12,7.16667,-11,-2132275,5,"Grand Cape Mount County, Grand Cape Mount, Liberia",LI,LI12,7.16667,-11,-2132275,5,"Grand Cape Mount County, Grand Cape Mount, Liberia",LI,LI12,7.16667,-11,-2132275,20240327,https://frontpageafricaonline.com/news/liberia-mng-gold-ceo-visits-pres-boakai/
1166258245,20240327,202403,2024,2024.2384,LEG,SENATOR,,,,,,LEG,,,LBRLEG,LIBERIAN,LBR,,,,,LEG,,,0,010,010,01,1,0.0,12,2,12,-2.57880185466838,5,"Grand Cape Mount County, Grand Cape Mount, Liberia",LI,LI12,7.16667,-11,-2132275,5,"Grand Cape Mount County, Grand Cape Mount, Liberia",LI,LI12,7.16667,-11,-2132275,5,"Grand Cape Mount County, Grand Cape Mount, Liberia",LI,LI12,7.16667,-11,-2132275,20240327,https://frontpageafricaonline.com/news/liberia-mng-gold-ceo-visits-pres-boakai/
1166258740,20240327,202403,2024,2024.2384,USA,UNITED STATES,USA,,,,,,,,CVL,COMMUNITY,,,,,,CVL,,,1,120,120,12,3,-4.0,1,1,1,9.35251798561151,3,"Village Of Liberty, New York, United States",US,USNY,41.7966,-74.7436,2390940,3,"Village Of Liberty, New York, United States",US,USNY,41.7966,-74.7436,2390940,3,"Village Of Liberty, New York, United States",US,USNY,41.7966,-74.7436,2390940,20240327,https://radioink.com/2024/03/27/bold-gold-media-opens-catskills-studios-for-audio-production/
1166258741,20240327,202403,2024,2024.2384,USA,UNITED STATES,USA,,,,,,,,CVL,COMMUNITY,,,,,,CVL,,,1,120,120,12,3,-4.0,1,1,1,9.35251798561151,2,"New York, United States",US,USNY,42.1497,-74.9384,NY,3,"Village Of Liberty, New York, United States",US,USNY,41.7966,-74.7436,2390940,3,"Village Of Liberty, New York, United States",US,USNY,41.7966,-74.7436,2390940,20240327,https://radioink.com/2024/03/27/bold-gold-media-opens-catskills-studios-for-audio-production/
1166258742,20240327,202403,2024,2024.2384,USA,UNITED STATES,USA,,,,,,,,CVL,COMMUNITY,,,,,,CVL,,,1,120,120,12,3,-4.0,2,1,2,9.35251798561151,2,"New York, United States",US,USNY,42.1497,-74.9384,NY,2,"New York, United States",US,USNY,42.1497,-74.9384,NY,2,"New York, United States",US,USNY,42.1497,-74.9384,NY,20240327,https://radioink.com/2024/03/27/bold-gold-media-opens-catskills-studios-for-audio-production/
1166258899,20240327,202403,2024,2024.2384,USAMED,NEW YORK,USA,,,,,MED,,,MED,MEDIA,,,,,,MED,,,1,051,051,05,1,3.4,6,1,6,9.35251798561151,3,"Village Of Liberty, New York, United States",US,USNY,41.7966,-74.7436,2390940,3,"Village Of Liberty, New York, United States",US,USNY,41.7966,-74.7436,2390940,3,"Village Of Liberty, New York, United States",US,USNY,41.7966,-74.7436,2390940,20240327,https://radioink.com/2024/03/27/bold-gold-media-opens-catskills-studios-for-audio-production/
1166258900,20240327,202403,2024,2024.2384,USAMED,NEW YORK,USA,,,,,MED,,,MED,MEDIA,,,,,,MED,,,1,051,051,05,1,3.4,2,1,2,9.35251798561151,2,"New York, United States",US,USNY,42.1497,-74.9384,NY,3,"Village Of Liberty, New York, United States",US,USNY,41.7966,-74.7436,2390940,3,"Village Of Liberty, New York, United States",US,USNY,41.7966,-74.7436,2390940,20240327,https://radioink.com/2024/03/27/bold-gold-media-opens-catskills-studios-for-audio-production/
1166263210,20240327,202403,2024,2024.2384,,,,,,,,,,,ARG,ARGENTINA,ARG,,,,,,,,1,071,071,07,2,7.4,14,3,12,3.72199880340993,0,,,,,,,1,Argentina,AR,AR,-34,-64,AR,1,Argentina,AR,AR,-34,-64,AR,20240327,https://www.streetinsider.com/Business+Wire/Golden+Minerals+Announces+Return+of+El+Quevar+Silver+Project/22983227.html
1166263211,20240327,202403,2024,2024.2384,,,,,,,,,,,ARG,ARGENTINA,ARG,,,,,,,,1,071,071,07,2,7.4,5,3,5,3.72199880340993,0,,,,,,,1,Canada,CA,CA,60,-96,CA,4,"Yoquivo, Chihuahua, Mexico",MX,MX06,27.0167,-107.517,-1708908,20240327,https://www.streetinsider.com/Business+Wire/Golden+Minerals+Announces+Return+of+El+Quevar+Silver+Project/22983227.html
1166263212,20240327,202403,2024,2024.2384,,,,,,,,,,,ARG,ARGENTINA,ARG,,,,,,,,1,071,071,07,2,7.4,5,3,5,3.72199880340993,0,,,,,,,1,Canada,CA,CA,60,-96,CA,1,Canada,CA,CA,60,-96,CA,20240327,https://www.streetinsider.com/Business+Wire/Golden+Minerals+Announces+Return+of+El+Quevar+Silver+Project/22983227.html
1166263447,20240327,202403,2024,2024.2384,BUS,COMPANY,,,,,,BUS,,,ARG,ARGENTINA,ARG,,,,,,,,1,0874,087,08,2,10.0,2,1,2,3.82882882882883,1,Argentina,AR,AR,-34,-64,AR,1,Argentina,AR,AR,-34,-64,AR,1,Argentina,AR,AR,-34,-64,AR,20240327,https://www.streetinsider.com/Business+Wire/Golden+Minerals+Announces+Return+of+El+Quevar+Silver+Project/22983227.html
1166263462,20240327,202403,2024,2024.2384,BUS,COMPANY,,,,,,BUS,,,MNCCAN,BARRICK GOLD CORPORATION,CAN,,,,,MNC,,,1,0874,087,08,2,10.0,4,1,4,3.82882882882883,4,"Yoquivo, Chihuahua, Mexico",MX,MX06,27.0167,-107.517,-1708908,4,"Yoquivo, Chihuahua, Mexico",MX,MX06,27.0167,-107.517,-1708908,4,"Yoquivo, Chihuahua, Mexico",MX,MX06,27.0167,-107.517,-1708908,20240327,https://www.streetinsider.com/Business+Wire/Golden+Minerals+Announces+Return+of+El+Quevar+Silver+Project/22983227.html
1166263463,20240327,202403,2024,2024.2384,BUS,COMPANY,,,,,,BUS,,,MNCCAN,BARRICK GOLD CORPORATION,CAN,,,,,MNC,,,1,0874,087,08,2,10.0,1,1,1,3.82882882882883,1,Canada,CA,CA,60,-96,CA,1,Canada,CA,CA,60,-96,CA,1,Canada,CA,CA,60,-96,CA,20240327,https://www.streetinsider.com/Business+Wire/Golden+Minerals+Announces+Return+of+El+Quevar+Silver+Project/22983227.html
1166263483,20240327,202403,2024,2024.2384,CAN,CANADIAN,CAN,,,,,,,,,,,,,,,,,,1,010,010,01,1,0.0,5,1,5,-0.77639751552795,5,"Yukon Territory, Yukon, Canada",CA,CA12,63,-136,-576336,0,,,,,,,5,"Yukon Territory, Yukon, Canada",CA,CA12,63,-136,-576336,20240327,https://ca.finance.yahoo.com/news/western-copper-gold-announces-metallurgical-103000304.html
1166264606,20240327,202403,2024,2024.2384,,,,,,,,,,,BUS,COMPANY,,,,,,BUS,,,0,036,036,03,1,4.0,1,1,1,-0.15961691939346,0,,,,,,,4,"Hamburg, Hamburg, Germany",GM,GM04,53.55,10,-1785434,4,"Hamburg, Hamburg, Germany",GM,GM04,53.55,10,-1785434,20240327,https://www.goldseiten.de/artikel/613153--Ares-Strategic-Mining-Inc.-Concludes-an-MOU-with-Cremer-Erzkontor-North-America.html
1166264607,20240327,202403,2024,2024.2384,,,,,,,,,,,BUS,COMPANY,,,,,,BUS,,,0,036,036,03,1,4.0,4,1,4,-0.15961691939346,0,,,,,,,1,Sweden,SW,SW,62,15,SW,1,Sweden,SW,SW,62,15,SW,20240327,https://www.goldseiten.de/artikel/613153--Ares-Strategic-Mining-Inc.-Concludes-an-MOU-with-Cremer-Erzkontor-North-America.html
1166264802,20240327,202403,2024,2024.2384,BUS,COMPANY,,,,,,BUS,,,,,,,,,,,,,0,036,036,03,1,4.0,5,1,5,-0.15961691939346,2,"Utah, United States",US,USUT,40.1135,-111.854,UT,0,,,,,,,2,"Utah, United States",US,USUT,40.1135,-111.854,UT,20240327,https://www.goldseiten.de/artikel/613153--Ares-Strategic-Mining-Inc.-Concludes-an-MOU-with-Cremer-Erzkontor-North-America.html
1166267164,20240327,202403,2024,2024.2384,,,,,,,,,,,BUS,COMPANY,,,,,,BUS,,,0,042,042,04,1,1.9,4,2,4,-1.22017827257198,0,,,,,,,4,"Granite Creek, Queensland, Australia",AS,AS04,-21.1667,140.367,-1576308,4,"Granite Creek, Queensland, Australia",AS,AS04,-21.1667,140.367,-1576308,20240327,https://www.globenewswire.com/news-release/2024/03/27/2853020/0/en/White-Gold-Corp-Identifies-Multiple-Prospective-IP-Chargeability-Anomalies-on-Two-Large-Multi-Element-Porphyry-Targets-in-Close-Proximity-to-the-Casino-Copper-Gold-Porphyry-Deposit.html
1166267165,20240327,202403,2024,2024.2384,,,,,,,,,,,BUS,COMPANY,,,,,,BUS,,,0,042,042,04,1,1.9,16,2,16,-1.22017827257198,0,,,,,,,4,"Granite Creek, Queensland, Australia",AS,AS04,-21.1667,140.367,-1576308,4,"Dawson Range, Yukon, Canada",CA,CA12,62.25,-137.75,-563375,20240327,https://www.globenewswire.com/news-release/2024/03/27/2853020/0/en/White-Gold-Corp-Identifies-Multiple-Prospective-IP-Chargeability-Anomalies-on-Two-Large-Multi-Element-Porphyry-Targets-in-Close-Proximity-to-the-Casino-Copper-Gold-Porphyry-Deposit.html
1166267173,20240327,202403,2024,2024.2384,,,,,,,,,,,CAN,CANADA,CAN,,,,,,,,0,042,042,04,1,1.9,24,3,24,-1.21619425540789,0,,,,,,,4,"Dawson Range, Yukon, Canada",CA,CA12,62.25,-137.75,-563375,4,"Dawson Range, Yukon, Canada",CA,CA12,62.25,-137.75,-563375,20240327,https://www.globenewswire.com/news-release/2024/03/27/2853020/0/en/White-Gold-Corp-Identifies-Multiple-Prospective-IP-Chargeability-Anomalies-on-Two-Large-Multi-Element-Porphyry-Targets-in-Close-Proximity-to-the-Casino-Copper-Gold-Porphyry-Deposit.html
1166267174,20240327,202403,2024,2024.2384,,,,,,,,,,,CAN,YUKON,CAN,,,,,,,,1,042,042,04,1,1.9,15,3,15,-1.21619425540789,0,,,,,,,2,"Alaska, United States",US,USAK,61.385,-152.268,AK,2,"Alaska, United States",US,USAK,61.385,-152.268,AK,20240327,https://www.globenewswire.com/news-release/2024/03/27/2853020/0/en/White-Gold-Corp-Identifies-Multiple-Prospective-IP-Chargeability-Anomalies-on-Two-Large-Multi-Element-Porphyry-Targets-in-Close-Proximity-to-the-Casino-Copper-Gold-Porphyry-Deposit.html
1166267322,20240327,202403,2024,2024.2384,,,,,,,,,,,USA,UNITED STATES,USA,,,,,,,,0,042,042,04,1,1.9,40,5,40,0.774552711277686,0,,,,,,,3,"Spring Valley, Nevada, United States",US,USNV,36.108,-115.245,1867350,3,"Spring Valley, Nevada, United States",US,USNV,36.108,-115.245,1867350,20240327,https://www.finanznachrichten.de/nachrichten-2024-03/61796208-sailfish-royalty-corp-spring-valley-gold-mine-begins-preparing-for-environmental-impact-statement-296.htm
1166267415,20240327,202403,2024,2024.2384,AUS,AUSTRALIA,AUS,,,,,,,,BUS,COMPANY,,,,,,BUS,,,0,040,040,04,1,1.0,4,2,4,-1.22017827257198,4,"Granite Creek, Queensland, Australia",AS,AS04,-21.1667,140.367,-1576308,4,"Granite Creek, Queensland, Australia",AS,AS04,-21.1667,140.367,-1576308,4,"Granite Creek, Queensland, Australia",AS,AS04,-21.1667,140.367,-1576308,20240327,https://www.globenewswire.com/news-release/2024/03/27/2853020/0/en/White-Gold-Corp-Identifies-Multiple-Prospective-IP-Chargeability-Anomalies-on-Two-Large-Multi-Element-Porphyry-Targets-in-Close-Proximity-to-the-Casino-Copper-Gold-Porphyry-Deposit.html
1166267510,20240327,202403,2024,2024.2384,BUS,COMPANY,,,,,,BUS,,,,,,,,,,,,,0,010,010,01,1,0.0,4,2,4,0.564575587870795,3,"Spring Valley, Nevada, United States",US,USNV,36.108,-115.245,1867350,0,,,,,,,3,"Spring Valley, Nevada, United States",US,USNV,36.108,-115.245,1867350,20240327,https://www.finanznachrichten.de/nachrichten-2024-03/61796208-sailfish-royalty-corp-spring-valley-gold-mine-begins-preparing-for-environmental-impact-statement-296.htm
1166267525,20240327,202403,2024,2024.2384,BUS,COMPANY,,,,,,BUS,,,,,,,,,,,,,0,043,043,04,1,2.8,4,2,4,-1.22017827257198,4,"Granite Creek, Queensland, Australia",AS,AS04,-21.1667,140.367,-1576308,0,,,,,,,4,"Granite Creek, Queensland, Australia",AS,AS04,-21.1667,140.367,-1576308,20240327,https://www.globenewswire.com/news-release/2024/03/27/2853020/0/en/White-Gold-Corp-Identifies-Multiple-Prospective-IP-Chargeability-Anomalies-on-Two-Large-Multi-Element-Porphyry-Targets-in-Close-Proximity-to-the-Casino-Copper-Gold-Porphyry-Deposit.html
1166267526,20240327,202403,2024,2024.2384,BUS,COMPANY,,,,,,BUS,,,,,,,,,,,,,0,043,043,04,1,2.8,16,2,16,-1.22017827257198,4,"Granite Creek, Queensland, Australia",AS,AS04,-21.1667,140.367,-1576308,0,,,,,,,4,"Dawson Range, Yukon, Canada",CA,CA12,62.25,-137.75,-563375,20240327,https://www.globenewswire.com/news-release/2024/03/27/2853020/0/en/White-Gold-Corp-Identifies-Multiple-Prospective-IP-Chargeability-Anomalies-on-Two-Large-Multi-Element-Porphyry-Targets-in-Close-Proximity-to-the-Casino-Copper-Gold-Porphyry-Deposit.html
1166267531,20240327,202403,2024,2024.2384,BUS,COMPANY,,,,,,BUS,,,,,,,,,,,,,0,060,060,06,2,6.0,30,3,30,-1.21619425540789,4,"Dawson Range, Yukon, Canada",CA,CA12,62.25,-137.75,-563375,0,,,,,,,4,"Dawson Range, Yukon, Canada",CA,CA12,62.25,-137.75,-563375,20240327,https://www.globenewswire.com/news-release/2024/03/27/2853020/0/en/White-Gold-Corp-Identifies-Multiple-Prospective-IP-Chargeability-Anomalies-on-Two-Large-Multi-Element-Porphyry-Targets-in-Close-Proximity-to-the-Casino-Copper-Gold-Porphyry-Deposit.html
1166267536,20240327,202403,2024,2024.2384,BUS,COMPANY,,,,,,BUS,,,,,,,,,,,,,0,071,071,07,2,7.4,15,3,15,-1.21619425540789,4,"Dawson Range, Yukon, Canada",CA,CA12,62.25,-137.75,-563375,0,,,,,,,4,"Dawson Range, Yukon, Canada",CA,CA12,62.25,-137.75,-563375,20240327,https://www.globenewswire.com/news-release/2024/03/27/2853020/0/en/White-Gold-Corp-Identifies-Multiple-Prospective-IP-Chargeability-Anomalies-on-Two-Large-Multi-Element-Porphyry-Targets-in-Close-Proximity-to-the-Casino-Copper-Gold-Porphyry-Deposit.html
1166267556,20240327,202403,2024,2024.2384,BUS,COMPANY,,,,,,BUS,,,AUS,AUSTRALIA,AUS,,,,,,,,0,040,040,04,1,1.0,4,2,4,-1.22017827257198,4,"Granite Creek, Queensland, Australia",AS,AS04,-21.1667,140.367,-1576308,4,"Granite Creek, Queensland, Australia",AS,AS04,-21.1667,140.367,-1576308,4,"Granite Creek, Queensland, Australia",AS,AS04,-21.1667,140.367,-1576308,20240327,https://www.globenewswire.com/news-release/2024/03/27/2853020/0/en/White-Gold-Corp-Identifies-Multiple-Prospective-IP-Chargeability-Anomalies-on-Two-Large-Multi-Element-Porphyry-Targets-in-Close-Proximity-to-the-Casino-Copper-Gold-Porphyry-Deposit.html
1166267604,20240327,202403,2024,2024.2384,BUS,COMPANY,,,,,,BUS,,,USA,UNITED STATES,USA,,,,,,,,0,010,010,01,1,0.0,18,5,18,0.774552711277686,3,"Spring Valley, Nevada, United States",US,USNV,36.108,-115.245,1867350,3,"Spring Valley, Nevada, United States",US,USNV,36.108,-115.245,1867350,3,"Spring Valley, Nevada, United States",US,USNV,36.108,-115.245,1867350,20240327,https://www.finanznachrichten.de/nachrichten-2024-03/61796208-sailfish-royalty-corp-spring-valley-gold-mine-begins-preparing-for-environmental-impact-statement-296.htm
1166267605,20240327,202403,2024,2024.2384,BUS,COMPANY,,,,,,BUS,,,USA,UNITED STATES,USA,,,,,,,,0,010,010,01,1,0.0,14,3,14,0.961132452959875,2,"Nevada, United States",US,USNV,38.4199,-117.122,NV,2,"Nevada, United States",US,USNV,38.4199,-117.122,NV,2,"Nevada, United States",US,USNV,38.4199,-117.122,NV,20240327,https://www.streetinsider.com/Newsfile/Spring+Valley+Gold+Mine+Begins+Preparing+for+Environmental+Impact+Statement/22983379.html
1166267619,20240327,202403,2024,2024.2384,CAN,CANADA,CAN,,,,,,,,,,,,,,,,,,0,043,043,04,1,2.8,24,3,24,-1.21619425540789,4,"Dawson Range, Yukon, Canada",CA,CA12,62.25,-137.75,-563375,0,,,,,,,4,"Dawson Range, Yukon, Canada",CA,CA12,62.25,-137.75,-563375,20240327,https://www.globenewswire.com/news-release/2024/03/27/2853020/0/en/White-Gold-Corp-Identifies-Multiple-Prospective-IP-Chargeability-Anomalies-on-Two-Large-Multi-Element-Porphyry-Targets-in-Close-Proximity-to-the-Casino-Copper-Gold-Porphyry-Deposit.html
1166269671,20240327,202403,2024,2024.2384,USA,UNITED STATES,USA,,,,,,,,,,,,,,,,,,0,010,010,01,1,0.0,10,5,10,0.774552711277686,3,"Spring Valley, Nevada, United States",US,USNV,36.108,-115.245,1867350,0,,,,,,,3,"Spring Valley, Nevada, United States",US,USNV,36.108,-115.245,1867350,20240327,https://www.finanznachrichten.de/nachrichten-2024-03/61796208-sailfish-royalty-corp-spring-valley-gold-mine-begins-preparing-for-environmental-impact-statement-296.htm
1166269699,20240327,202403,2024,2024.2384,USA,UNITED STATES,USA,,,,,,,,,,,,,,,,,,0,043,043,04,1,2.8,40,5,40,0.774552711277686,3,"Spring Valley, Nevada, United States",US,USNV,36.108,-115.245,1867350,0,,,,,,,3,"Spring Valley, Nevada, United States",US,USNV,36.108,-115.245,1867350,20240327,https://www.finanznachrichten.de/nachrichten-2024-03/61796208-sailfish-royalty-corp-spring-valley-gold-mine-begins-preparing-for-environmental-impact-statement-296.htm
1166274639,20240327,202403,2024,2024.2384,,,,,,,,,,,CAN,CANADA,CAN,,,,,,,,0,042,042,04,1,1.9,14,3,14,3.20492501496069,0,,,,,,,4,"Abitibi, Canada (general), Canada",CA,CA00,48,-76,-576358,4,"Abitibi, Canada (general), Canada",CA,CA00,48,-76,-576358,20240327,https://www.goldseiten.de/artikel/613166--Falco-Reaches-Another-Major-Milestone-and-Confirms-Admissibility-of-Its-Horne-5-Projects-Environmental-Impact-Assessment.html
1166274853,20240327,202403,2024,2024.2384,BUS,INVESTOR,,,,,,BUS,,,,,,,,,,,,,1,060,060,06,2,6.0,11,1,11,3.70718323910874,1,India,IN,IN,20,77,IN,0,,,,,,,1,India,IN,IN,20,77,IN,20240327,https://www.businesstoday.in/personal-finance/investment/story/sovereign-gold-bonds-final-redemption-date-price-sgb-scheme-2016-ii-announced-check-details-423091-2024-03-27
1166274864,20240327,202403,2024,2024.2384,BUS,INVESTOR,,,,,,BUS,,,,,,,,,,,,,1,121,121,12,3,-4.0,10,1,10,3.8659793814433,1,India,IN,IN,20,77,IN,0,,,,,,,1,India,IN,IN,20,77,IN,20240327,https://www.businesstoday.in/personal-finance/investment/story/sovereign-gold-bonds-final-redemption-date-price-sgb-scheme-2016-ii-announced-check-details-423091-2024-03-27
1166274904,20240327,202403,2024,2024.2384,CAN,CANADA,CAN,,,,,,,,,,,,,,,,,,0,043,043,04,1,2.8,18,3,18,3.20492501496069,4,"Abitibi, Canada (general), Canada",CA,CA00,48,-76,-576358,0,,,,,,,4,"Abitibi, Canada (general), Canada",CA,CA00,48,-76,-576358,20240327,https://www.goldseiten.de/artikel/613166--Falco-Reaches-Another-Major-Milestone-and-Confirms-Admissibility-of-Its-Horne-5-Projects-Environmental-Impact-Assessment.html
1166275039,20240327,202403,2024,2024.2384,CVL,CITIZEN,,,,,,CVL,,,,,,,,,,,,,1,090,090,09,2,-2.0,20,1,10,2.72873194221509,2,"Colorado, United States",US,USCO,39.0646,-105.327,CO,0,,,,,,,2,"Colorado, United States",US,USCO,39.0646,-105.327,CO,20240327,https://www.americanthinker.com/blog/2024/03/gold_hill_school_a_symbol_of_freedom_in_colorado.html
1166276040,20240327,202403,2024,2024.2384,USA,COLORADO,USA,,,,,,,,EDU,SCHOOL,,,,,,EDU,,,0,030,030,03,1,4.0,10,1,10,2.72873194221509,2,"Colorado, United States",US,USCO,39.0646,-105.327,CO,2,"Colorado, United States",US,USCO,39.0646,-105.327,CO,2,"Colorado, United States",US,USCO,39.0646,-105.327,CO,20240327,https://www.americanthinker.com/blog/2024/03/gold_hill_school_a_symbol_of_freedom_in_colorado.html
1166277952,20240327,202403,2024,2024.2384,GOV,GOVERNMENT,,,,,,GOV,,,,,,,,,,,,,0,012,012,01,1,-0.4,10,1,10,3.41328413284133,4,"Perth, Western Australia, Australia",AS,AS08,-31.9333,115.833,-1594675,0,,,,,,,4,"Perth, Western Australia, Australia",AS,AS08,-31.9333,115.833,-1594675,20240327,https://www.postcourier.com.pg/gold-refining-a-business-of-slim-margins-part-2/
1166278262,20240327,202403,2024,2024.2384,JPN,NAHA,JPN,,,,,,,,JPNCVL,NAHA,JPN,,,,,CVL,,,1,190,190,19,4,-10.0,10,1,10,-6.60792951541851,0,,,,,,,0,,,,,,,0,,,,,,,20240327,https://www.eyeradio.org/four-kapoeta-east-gold-miners-drown-as-heavy-rain-floods-pits/
1166279040,20240327,202403,2024,2024.2384,,,,,,,,,,,ARG,ARGENTINA,ARG,,,,,,,,1,0356,035,03,1,7.0,2,1,2,5,0,,,,,,,1,Argentina,AR,AR,-34,-64,AR,1,Argentina,AR,AR,-34,-64,AR,20240327,https://seekingalpha.com/news/4084169-barrick-to-opt-out-from-earn-in-pact-with-golden-minerals
1166283066,20240327,202403,2024,2024.2384,MOZ,MOZAMBIQUE,MOZ,,,,,,,,,,,,,,,,,,1,010,010,01,1,0.0,4,1,4,0.35211267605633,4,"London, London, City of, United Kingdom",UK,UKH9,51.5,-0.116667,-2601889,0,,,,,,,4,"London, London, City of, United Kingdom",UK,UKH9,51.5,-0.116667,-2601889,20240327,https://www.miningmx.com/news/diamonds/56432-gemfields-looking-for-fillip-from-mozambique-gold-prospect/
1166287568,20240327,202403,2024,2024.2384,,,,,,,,,,,MNCUSA,GOLDMAN SACHS,USA,,,,,MNC,,,1,042,042,04,1,1.9,80,6,60,-0.778086344124078,0,,,,,,,0,,,,,,,0,,,,,,,20240327,https://www.wkrb13.com/2024/03/27/heartwood-wealth-advisors-llc-acquires-new-stake-in-goldman-sachs-future-tech-leaders-equity-etf-nysearcagtek.html
1166288503,20240327,202403,2024,2024.2384,MNCUSA,GOLDMAN SACHS,USA,,,,,MNC,,,,,,,,,,,,,1,043,043,04,1,2.8,80,6,60,-0.778086344124078,0,,,,,,,0,,,,,,,0,,,,,,,20240327,https://www.wkrb13.com/2024/03/27/heartwood-wealth-advisors-llc-acquires-new-stake-in-goldman-sachs-future-tech-leaders-equity-etf-nysearcagtek.html
1166292110,20240327,202403,2024,2024.2384,JEW,JEWISH,,,,JEW,,,,,,,,,,,,,,,0,020,020,02,1,3.0,3,1,3,-2.51396648044693,2,"Texas, United States",US,USTX,31.106,-97.6475,TX,0,,,,,,,2,"Texas, United States",US,USTX,31.106,-97.6475,TX,20240327,https://forward.com/fast-forward/596719/comstock-act-abortion-emma-goldman-forward/
1166292111,20240327,202403,2024,2024.2384,JEW,JEWISH,,,,JEW,,,,,,,,,,,,,,,0,026,026,02,1,4.0,3,1,3,-2.51396648044693,2,"Texas, United States",US,USTX,31.106,-97.6475,TX,0,,,,,,,2,"Texas, United States",US,USTX,31.106,-97.6475,TX,20240327,https://forward.com/fast-forward/596719/comstock-act-abortion-emma-goldman-forward/
1166292775,20240327,202403,2024,2024.2384,USA,UNITED STATES,USA,,,,,,,,JEW,JEWISH,,,,JEW,,,,,0,020,020,02,1,3.0,2,1,2,-2.51396648044693,2,"Texas, United States",US,USTX,31.106,-97.6475,TX,2,"Texas, United States",US,USTX,31.106,-97.6475,TX,2,"Texas, United States",US,USTX,31.106,-97.6475,TX,20240327,https://forward.com/fast-forward/596719/comstock-act-abortion-emma-goldman-forward/
1166292776,20240327,202403,2024,2024.2384,USA,UNITED STATES,USA,,,,,,,,JEW,JEWISH,,,,JEW,,,,,0,026,026,02,1,4.0,2,1,2,-2.51396648044693,2,"Texas, United States",US,USTX,31.106,-97.6475,TX,2,"Texas, United States",US,USTX,31.106,-97.6475,TX,2,"Texas, United States",US,USTX,31.106,-97.6475,TX,20240327,https://forward.com/fast-forward/596719/comstock-act-abortion-emma-goldman-forward/
1166294311,20240327,202403,2024,2024.2384,CAN,CANADA,CAN,,,,,,,,,,,,,,,,,,0,084,084,08,2,7.0,8,1,8,-0.47619047619048,4,"Rockland, Ontario, Canada",CA,CA08,45.5333,-75.2833,-572393,0,,,,,,,4,"Rockland, Ontario, Canada",CA,CA08,45.5333,-75.2833,-572393,20240327,https://www.finanznachrichten.de/nachrichten-2024-03/61797158-rockland-resources-ltd-rockland-resources-finds-important-historical-data-for-its-100-owned-cole-gold-mines-project-red-lake-ontario-200.htm
1166294454,20240327,202403,2024,2024.2384,COP,POLICE,,,,,,COP,,,JUD,MAGISTRATE,,,,,,JUD,,,1,043,043,04,1,2.8,1,1,1,-11.5646258503401,4,"Lagos, Lagos, Nigeria",NI,NI05,6.45306,3.39583,-2017355,4,"Badagry, Lagos, Nigeria",NI,NI05,6.41667,2.88333,-2001402,4,"Badagry, Lagos, Nigeria",NI,NI05,6.41667,2.88333,-2001402,20240327,https://theeagleonline.com.ng/two-brothers-docked-for-allegedly-stealing-gold-necklace/
1166294480,20240327,202403,2024,2024.2384,CVL,RESIDENTS,,,,,,CVL,,,,,,,,,,,,,0,020,020,02,1,3.0,10,1,10,1.52284263959391,4,"Longridge, Lancashire, United Kingdom",UK,UKH2,53.8333,-2.58333,-2601988,0,,,,,,,4,"Longridge, Lancashire, United Kingdom",UK,UKH2,53.8333,-2.58333,-2601988,20240327,https://www.lancashiretelegraph.co.uk/news/24214067.clitheroe-castle-go-green-mark-ribble-valleys-golden-jubilee/
1166295158,20240327,202403,2024,2024.2384,JUD,MAGISTRATE,,,,,,JUD,,,COP,POLICE,,,,,,COP,,,1,042,042,04,1,1.9,2,2,2,-11.5646258503401,4,"Lagos, Lagos, Nigeria",NI,NI05,6.45306,3.39583,-2017355,4,"Lagos, Lagos, Nigeria",NI,NI05,6.45306,3.39583,-2017355,4,"Lagos, Lagos, Nigeria",NI,NI05,6.45306,3.39583,-2017355,20240327,https://theeagleonline.com.ng/two-brothers-docked-for-allegedly-stealing-gold-necklace/
1166295159,20240327,202403,2024,2024.2384,JUD,MAGISTRATE,,,,,,JUD,,,COP,POLICE,,,,,,COP,,,1,173,173,17,4,-5.0,5,1,5,-11.5646258503401,4,"Badagry, Lagos, Nigeria",NI,NI05,6.41667,2.88333,-2001402,4,"Lagos, Lagos, Nigeria",NI,NI05,6.45306,3.39583,-2017355,4,"Lagos, Lagos, Nigeria",NI,NI05,6.45306,3.39583,-2017355,20240327,https://theeagleonline.com.ng/two-brothers-docked-for-allegedly-stealing-gold-necklace/
1166295168,20240327,202403,2024,2024.2384,JUD,COUNSEL,,,,,,JUD,,,NGA,NIGERIA,NGA,,,,,,,,1,010,010,01,1,0.0,11,2,11,-11.5646258503401,4,"Badagry, Lagos, Nigeria",NI,NI05,6.41667,2.88333,-2001402,4,"Badagry, Lagos, Nigeria",NI,NI05,6.41667,2.88333,-2001402,4,"Badagry, Lagos, Nigeria",NI,NI05,6.41667,2.88333,-2001402,20240327,https://theeagleonline.com.ng/two-brothers-docked-for-allegedly-stealing-gold-necklace/
1166295169,20240327,202403,2024,2024.2384,JUD,COUNSEL,,,,,,JUD,,,NGA,LAGOS,NGA,,,,,,,,1,010,010,01,1,0.0,5,2,5,-11.5646258503401,4,"Badagry, Lagos, Nigeria",NI,NI05,6.41667,2.88333,-2001402,4,"Lagos, Lagos, Nigeria",NI,NI05,6.45306,3.39583,-2017355,4,"Badagry, Lagos, Nigeria",NI,NI05,6.41667,2.88333,-2001402,20240327,https://theeagleonline.com.ng/two-brothers-docked-for-allegedly-stealing-gold-necklace/
1166295170,20240327,202403,2024,2024.2384,JUD,MAGISTRATE,,,,,,JUD,,,NGA,NIGERIA,NGA,,,,,,,,1,042,042,04,1,1.9,2,1,2,-11.5646258503401,4,"Lagos, Lagos, Nigeria",NI,NI05,6.45306,3.39583,-2017355,4,"Lagos, Lagos, Nigeria",NI,NI05,6.45306,3.39583,-2017355,4,"Badagry, Lagos, Nigeria",NI,NI05,6.41667,2.88333,-2001402,20240327,https://theeagleonline.com.ng/two-brothers-docked-for-allegedly-stealing-gold-necklace/
1166295171,20240327,202403,2024,2024.2384,JUD,MAGISTRATE,,,,,,JUD,,,NGA,LAGOS,NGA,,,,,,,,1,042,042,04,1,1.9,14,2,14,-11.5646258503401,4,"Lagos, Lagos, Nigeria",NI,NI05,6.45306,3.39583,-2017355,4,"Lagos, Lagos, Nigeria",NI,NI05,6.45306,3.39583,-2017355,4,"Lagos, Lagos, Nigeria",NI,NI05,6.45306,3.39583,-2017355,20240327,https://theeagleonline.com.ng/two-brothers-docked-for-allegedly-stealing-gold-necklace/
1166295416,20240327,202403,2024,2024.2384,NGA,NIGERIA,NGA,,,,,,,,,,,,,,,,,,1,180,180,18,4,-9.0,7,2,7,-11.5646258503401,4,"Badagry, Lagos, Nigeria",NI,NI05,6.41667,2.88333,-2001402,0,,,,,,,4,"Lagos, Lagos, Nigeria",NI,NI05,6.45306,3.39583,-2017355,20240327,https://theeagleonline.com.ng/two-brothers-docked-for-allegedly-stealing-gold-necklace/
1166295423,20240327,202403,2024,2024.2384,NGA,NIGERIA,NGA,,,,,,,,JUD,MAGISTRATE,,,,,,JUD,,,1,043,043,04,1,2.8,16,2,16,-11.5646258503401,4,"Badagry, Lagos, Nigeria",NI,NI05,6.41667,2.88333,-2001402,4,"Badagry, Lagos, Nigeria",NI,NI05,6.41667,2.88333,-2001402,4,"Badagry, Lagos, Nigeria",NI,NI05,6.41667,2.88333,-2001402,20240327,https://theeagleonline.com.ng/two-brothers-docked-for-allegedly-stealing-gold-necklace/
1166295424,20240327,202403,2024,2024.2384,NGA,LAGOS,NGA,,,,,,,,JUD,MAGISTRATE,,,,,,JUD,,,1,043,043,04,1,2.8,1,1,1,-11.5646258503401,4,"Lagos, Lagos, Nigeria",NI,NI05,6.45306,3.39583,-2017355,4,"Badagry, Lagos, Nigeria",NI,NI05,6.41667,2.88333,-2001402,4,"Badagry, Lagos, Nigeria",NI,NI05,6.41667,2.88333,-2001402,20240327,https://theeagleonline.com.ng/two-brothers-docked-for-allegedly-stealing-gold-necklace/
1166296530,20240327,202403,2024,2024.2384,COP,POLICE,,,,,,COP,,,JUD,MAGISTRATE,,,,,,JUD,,,1,043,043,04,1,2.8,1,1,1,-11.5646258503401,5,"Lagos State, Lagos, Nigeria",NI,NI05,6.58333,3.75,-2017361,4,"Badagry, Lagos, Nigeria",NI,NI05,6.41667,2.88333,-2001402,4,"Badagry, Lagos, Nigeria",NI,NI05,6.41667,2.88333,-2001402,20240327,https://promptnewsonline.com/2-brothers-docked-for-allegedly-stealing-gold-necklace/
1166297111,20240327,202403,2024,2024.2384,JUD,MAGISTRATE,,,,,,JUD,,,COP,POLICE,,,,,,COP,,,1,173,173,17,4,-5.0,5,1,5,-11.5646258503401,4,"Badagry, Lagos, Nigeria",NI,NI05,6.41667,2.88333,-2001402,5,"Lagos State, Lagos, Nigeria",NI,NI05,6.58333,3.75,-2017361,5,"Lagos State, Lagos, Nigeria",NI,NI05,6.58333,3.75,-2017361,20240327,https://promptnewsonline.com/2-brothers-docked-for-allegedly-stealing-gold-necklace/
1166297133,20240327,202403,2024,2024.2384,JUD,MAGISTRATE,,,,,,JUD,,,NGA,NIGERIA,NGA,,,,,,,,1,042,042,04,1,1.9,2,1,2,-11.5646258503401,5,"Lagos State, Lagos, Nigeria",NI,NI05,6.58333,3.75,-2017361,4,"Lagos, Lagos, Nigeria",NI,NI05,6.45306,3.39583,-2017355,5,"Lagos State, Lagos, Nigeria",NI,NI05,6.58333,3.75,-2017361,20240327,https://promptnewsonline.com/2-brothers-docked-for-allegedly-stealing-gold-necklace/
1166297355,20240327,202403,2024,2024.2384,NGA,LAGOS,NGA,,,,,,,,JUD,MAGISTRATE,,,,,,JUD,,,1,043,043,04,1,2.8,1,1,1,-11.5646258503401,5,"Lagos State, Lagos, Nigeria",NI,NI05,6.58333,3.75,-2017361,4,"Badagry, Lagos, Nigeria",NI,NI05,6.41667,2.88333,-2001402,4,"Badagry, Lagos, Nigeria",NI,NI05,6.41667,2.88333,-2001402,20240327,https://promptnewsonline.com/2-brothers-docked-for-allegedly-stealing-gold-necklace/
1166297798,20240327,202403,2024,2024.2384,USA,UNITED STATES,USA,,,,,,,,USABUS,AMERICAN,USA,,,,,BUS,,,0,111,111,11,3,-2.0,2,1,2,6.03015075376884,1,United States,US,US,39.828175,-98.5795,US,1,United States,US,US,39.828175,-98.5795,US,1,United States,US,US,39.828175,-98.5795,US,20240327,https://fortune.com/recommends/credit-cards/delta-business-gold-amex-worth-it/
1166297824,20240327,202403,2024,2024.2384,USABUS,AMERICAN,USA,,,,,BUS,,,,,,,,,,,,,0,111,111,11,3,-2.0,6,1,6,6.03015075376884,1,United States,US,US,39.828175,-98.5795,US,0,,,,,,,1,United States,US,US,39.828175,-98.5795,US,20240327,https://fortune.com/recommends/credit-cards/delta-business-gold-amex-worth-it/
1166299267,20240327,202403,2024,2024.2384,CAN,CANADA,CAN,,,,,,,,,,,,,,,,,,1,010,010,01,1,0.0,36,5,36,4.07677980690863,4,"Eldorado, Saskatchewan, Canada",CA,CA11,59.55,-108.5,-564133,0,,,,,,,4,"Eldorado, Saskatchewan, Canada",CA,CA11,59.55,-108.5,-564133,20240327,https://www.wkrb13.com/2024/03/27/eldorado-gold-co-tseeld-senior-officer-sells-c166531-20-in-stock.html
1166299741,20240327,202403,2024,2024.2384,GOVBUS,NATIONAL BANK,,,,,,GOV,BUS,,CAN,CANADA,CAN,,,,,,,,1,010,010,01,1,0.0,4,2,4,4.3557168784029,4,"Eldorado, Saskatchewan, Canada",CA,CA11,59.55,-108.5,-564133,4,"Eldorado, Saskatchewan, Canada",CA,CA11,59.55,-108.5,-564133,4,"Eldorado, Saskatchewan, Canada",CA,CA11,59.55,-108.5,-564133,20240327,https://www.wkrb13.com/2024/03/27/eldorado-gold-co-tseeld-senior-officer-sells-c166531-20-in-stock.html
1166300443,20240327,202403,2024,2024.2384,USA,UNITED STATES,USA,,,,,,,,CAN,CANADA,CAN,,,,,,,,1,013,013,01,1,0.4,1,1,1,1.95530726256983,4,"Quebec, Quebec, Canada",CA,CA10,47.5,-72,-571850,4,"Quebec, Quebec, Canada",CA,CA10,47.5,-72,-571850,4,"Quebec, Quebec, Canada",CA,CA10,47.5,-72,-571850,20240327,https://www.goldseiten.de/artikel/613205--Fury-Gold-Mines-Consolidates-Eleonore-South~-CEO-Tim-Clark-Lays-Out-His-Master-Plan.html
1166300444,20240327,202403,2024,2024.2384,USA,UNITED STATES,USA,,,,,,,,CAN,CANADA,CAN,,,,,,,,1,013,013,01,1,0.4,1,1,1,1.95530726256983,1,United States,US,US,39.828175,-98.5795,US,1,United States,US,US,39.828175,-98.5795,US,1,United States,US,US,39.828175,-98.5795,US,20240327,https://www.goldseiten.de/artikel/613205--Fury-Gold-Mines-Consolidates-Eleonore-South~-CEO-Tim-Clark-Lays-Out-His-Master-Plan.html
1166301997,20240327,202403,2024,2024.2384,BUS,INVESTOR,,,,,,BUS,,,,,,,,,,,,,1,192,192,19,4,-9.5,10,1,10,3.96600566572238,1,Guyana,GY,GY,5,-59,GY,0,,,,,,,1,Guyana,GY,GY,5,-59,GY,20240327,https://www.cnbc.com/2024/03/27/three-stocks-on-the-verge-of-forming-a-bullish-golden-cross-pattern.html
1166302279,20240327,202403,2024,2024.2384,EDU,UNIVERSITY,,,,,,EDU,,,,,,,,,,,,,1,071,071,07,2,7.4,12,2,12,-0.13839791902888,2,"Georgia, United States",US,USGA,32.9866,-83.6487,GA,0,,,,,,,2,"Georgia, United States",US,USGA,32.9866,-83.6487,GA,20240327,https://www.unionrecorder.com/opinion/williams-week-11-under-the-gold-dome/article_122b3c66-ec34-11ee-b9eb-1fe51b3d20c0.html
1166302800,20240327,202403,2024,2024.2384,LEG,SENATE,,,,,,LEG,,,,,,,,,,,,,1,010,010,01,1,0.0,2,1,2,0.19342359767892,4,"Athens, AttikíR, Greece",GR,GR35,37.9833,23.7333,-814876,0,,,,,,,4,"Athens, AttikíR, Greece",GR,GR35,37.9833,23.7333,-814876,20240327,https://www.unionrecorder.com/opinion/williams-week-11-under-the-gold-dome/article_122b3c66-ec34-11ee-b9eb-1fe51b3d20c0.html
1166303471,20240327,202403,2024,2024.2384,USAEDU,UNITED STATES,USA,,,,,EDU,,,,,,,,,,,,,0,071,071,07,2,7.4,2,1,2,0.19342359767892,4,"Athens, AttikíR, Greece",GR,GR35,37.9833,23.7333,-814876,0,,,,,,,4,"Athens, AttikíR, Greece",GR,GR35,37.9833,23.7333,-814876,20240327,https://www.unionrecorder.com/opinion/williams-week-11-under-the-gold-dome/article_122b3c66-ec34-11ee-b9eb-1fe51b3d20c0.html
1166303472,20240327,202403,2024,2024.2384,USAEDU,UNITED STATES,USA,,,,,EDU,,,,,,,,,,,,,0,071,071,07,2,7.4,6,1,6,0.19342359767892,2,"Georgia, United States",US,USGA,32.9866,-83.6487,GA,0,,,,,,,2,"Georgia, United States",US,USGA,32.9866,-83.6487,GA,20240327,https://www.unionrecorder.com/opinion/williams-week-11-under-the-gold-dome/article_122b3c66-ec34-11ee-b9eb-1fe51b3d20c0.html
1166303502,20240327,202403,2024,2024.2384,USALEG,UNITED STATES,USA,,,,,LEG,,,,,,,,,,,,,1,010,010,01,1,0.0,6,1,6,0.19342359767892,4,"Athens, AttikíR, Greece",GR,GR35,37.9833,23.7333,-814876,0,,,,,,,4,"Athens, AttikíR, Greece",GR,GR35,37.9833,23.7333,-814876,20240327,https://www.unionrecorder.com/opinion/williams-week-11-under-the-gold-dome/article_122b3c66-ec34-11ee-b9eb-1fe51b3d20c0.html
1166304936,20240327,202403,2024,2024.2384,COP,POLICE,,,,,,COP,,,GOV,SOVEREIGN,,,,,,GOV,,,1,173,173,17,4,-5.0,3,1,3,-3.7037037037037,4,"Kancheepuram, Tamil Nadu, India",IN,IN25,12.8333,79.7167,-2099397,4,"Kancheepuram, Tamil Nadu, India",IN,IN25,12.8333,79.7167,-2099397,4,"Kancheepuram, Tamil Nadu, India",IN,IN25,12.8333,79.7167,-2099397,20240327,https://www.thehindu.com/news/cities/chennai/kancheepuram-police-arrest-30-year-old-man-from-andhra-pradesh-for-stealing-gold-jewellery-cash/article67998096.ece
1166304937,20240327,202403,2024,2024.2384,COP,POLICE,,,,,,COP,,,IND,ANDHRA PRADESH,IND,,,,,,,,1,173,173,17,4,-5.0,7,1,6,-3.7037037037037,4,"Kancheepuram, Tamil Nadu, India",IN,IN25,12.8333,79.7167,-2099397,4,"Kancheepuram, Tamil Nadu, India",IN,IN25,12.8333,79.7167,-2099397,4,"Kancheepuram, Tamil Nadu, India",IN,IN25,12.8333,79.7167,-2099397,20240327,https://www.thehindu.com/news/cities/chennai/kancheepuram-police-arrest-30-year-old-man-from-andhra-pradesh-for-stealing-gold-jewellery-cash/article67998096.ece
1166304938,20240327,202403,2024,2024.2384,COP,POLICE,,,,,,COP,,,IND,ANDHRA PRADESH,IND,,,,,,,,1,173,173,17,4,-5.0,8,1,8,-3.7037037037037,4,"Visakhapatnam, Andhra Pradesh, India",IN,IN02,17.7,83.3,-2114520,4,"Visakhapatnam, Andhra Pradesh, India",IN,IN02,17.7,83.3,-2114520,4,"Visakhapatnam, Andhra Pradesh, India",IN,IN02,17.7,83.3,-2114520,20240327,https://www.thehindu.com/news/cities/chennai/kancheepuram-police-arrest-30-year-old-man-from-andhra-pradesh-for-stealing-gold-jewellery-cash/article67998096.ece
1166305816,20240327,202403,2024,2024.2384,USA,OHIO,USA,,,,,,,,,,,,,,,,,,1,173,173,17,4,-5.0,10,1,10,3.57142857142857,3,"Springfield, Ohio, United States",US,USOH,39.9242,-83.8088,1065370,0,,,,,,,3,"Springfield, Ohio, United States",US,USOH,39.9242,-83.8088,1065370,20240327,https://www.springfieldnewssun.com/news/great-golden-egg-hunt-expected-to-bring-thousands-to-downtown-springfield/25RQ5N4Y7JA2RDTRXNSRQKYW6Y/
1166309436,20230328,202303,2023,2023.2411,COL,COLOMBIA,COL,,,,,,,,PER,PERUVIAN,PER,,,,,,,,0,040,040,04,1,1.0,1,1,1,-3.3195020746888,1,Colombia,CO,CO,4,-72,CO,4,"Lima, Lima, Peru",PE,PE15,-12.05,-77.05,-352647,4,"Lima, Lima, Peru",PE,PE15,-12.05,-77.05,-352647,20240327,https://news.mongabay.com/2024/03/amazon-prosecutors-get-sharper-impact-tool-to-charge-illegal-gold-dealers/
1166309446,20230328,202303,2023,2023.2411,ECU,ECUADOR,ECU,,,,,,,,PER,PERUVIAN,PER,,,,,,,,0,040,040,04,1,1.0,1,1,1,-3.3195020746888,1,Ecuador,EC,EC,-2,-77.5,EC,4,"Lima, Lima, Peru",PE,PE15,-12.05,-77.05,-352647,4,"Lima, Lima, Peru",PE,PE15,-12.05,-77.05,-352647,20240327,https://news.mongabay.com/2024/03/amazon-prosecutors-get-sharper-impact-tool-to-charge-illegal-gold-dealers/
1166309505,20240327,202403,2024,2024.2384,,,,,,,,,,,BUS,COMPANIES,,,,,,BUS,,,0,112,112,11,3,-2.0,6,1,6,-3.3195020746888,0,,,,,,,4,"Madre De Dios, Piura, Peru",PE,PE20,-4.58361,-80.4683,-353796,4,"Madre De Dios, Piura, Peru",PE,PE20,-4.58361,-80.4683,-353796,20240327,https://news.mongabay.com/2024/03/amazon-prosecutors-get-sharper-impact-tool-to-charge-illegal-gold-dealers/
1166309714,20240327,202403,2024,2024.2384,BUS,COMPANIES,,,,,,BUS,,,,,,,,,,,,,0,173,173,17,4,-5.0,10,1,10,-3.3195020746888,1,Brazil,BR,BR,-10,-55,BR,0,,,,,,,1,Brazil,BR,BR,-10,-55,BR,20240327,https://news.mongabay.com/2024/03/amazon-prosecutors-get-sharper-impact-tool-to-charge-illegal-gold-dealers/
1166312354,20240327,202403,2024,2024.2384,BUS,INDUSTRY,,,,,,BUS,,,CAN,CANADA,CAN,,,,,,,,1,057,057,05,1,8.0,1,1,1,2.45901639344262,4,"London, London, City of, United Kingdom",UK,UKH9,51.5,-0.116667,-2601889,4,"London, London, City of, United Kingdom",UK,UKH9,51.5,-0.116667,-2601889,4,"Redhill, North Somerset, United Kingdom",UK,UKJ4,51.3658,-2.72028,-2606098,20240327,https://www.thespec.com/entertainment/music/redhill-valleys-pay-homage-to-golden-age-of-the-cosmic-cowboy-in-new-single/article_7817d3cd-7060-5b01-a0ad-ba6e55b47cb1.html
1166312355,20240327,202403,2024,2024.2384,BUS,INDUSTRY,,,,,,BUS,,,CAN,CANADA,CAN,,,,,,,,1,057,057,05,1,8.0,1,1,1,2.45901639344262,4,"Redhill, North Somerset, United Kingdom",UK,UKJ4,51.3658,-2.72028,-2606098,4,"Redhill, North Somerset, United Kingdom",UK,UKJ4,51.3658,-2.72028,-2606098,4,"Orillia, Ontario, Canada",CA,CA08,44.6,-79.4167,-570717,20240327,https://www.thespec.com/entertainment/music/redhill-valleys-pay-homage-to-golden-age-of-the-cosmic-cowboy-in-new-single/article_7817d3cd-7060-5b01-a0ad-ba6e55b47cb1.html
1166312356,20240327,202403,2024,2024.2384,BUS,INDUSTRY,,,,,,BUS,,,CAN,CANADIAN,CAN,,,,,,,,1,057,057,05,1,8.0,3,1,3,2.45901639344262,4,"Orillia, Ontario, Canada",CA,CA08,44.6,-79.4167,-570717,4,"Orillia, Ontario, Canada",CA,CA08,44.6,-79.4167,-570717,4,"Orillia, Ontario, Canada",CA,CA08,44.6,-79.4167,-570717,20240327,https://www.thespec.com/entertainment/music/redhill-valleys-pay-homage-to-golden-age-of-the-cosmic-cowboy-in-new-single/article_7817d3cd-7060-5b01-a0ad-ba6e55b47cb1.html
1166312394,20240327,202403,2024,2024.2384,CAN,CANADIAN,CAN,,,,,,,,,,,,,,,,,,0,171,171,17,4,-9.2,2,1,2,2.45901639344262,4,"Redhill, North Somerset, United Kingdom",UK,UKJ4,51.3658,-2.72028,-2606098,0,,,,,,,4,"Redhill, North Somerset, United Kingdom",UK,UKJ4,51.3658,-2.72028,-2606098,20240327,https://www.thespec.com/entertainment/music/redhill-valleys-pay-homage-to-golden-age-of-the-cosmic-cowboy-in-new-single/article_7817d3cd-7060-5b01-a0ad-ba6e55b47cb1.html
1166312395,20240327,202403,2024,2024.2384,CAN,CANADIAN,CAN,,,,,,,,,,,,,,,,,,0,171,171,17,4,-9.2,8,1,8,2.45901639344262,4,"Orillia, Ontario, Canada",CA,CA08,44.6,-79.4167,-570717,0,,,,,,,4,"Orillia, Ontario, Canada",CA,CA08,44.6,-79.4167,-570717,20240327,https://www.thespec.com/entertainment/music/redhill-valleys-pay-homage-to-golden-age-of-the-cosmic-cowboy-in-new-single/article_7817d3cd-7060-5b01-a0ad-ba6e55b47cb1.html
1166312400,20240327,202403,2024,2024.2384,CAN,CANADIAN,CAN,,,,,,,,BUS,INDUSTRY,,,,,,BUS,,,1,057,057,05,1,8.0,5,1,5,2.45901639344262,4,"Orillia, Ontario, Canada",CA,CA08,44.6,-79.4167,-570717,4,"Orillia, Ontario, Canada",CA,CA08,44.6,-79.4167,-570717,4,"Orillia, Ontario, Canada",CA,CA08,44.6,-79.4167,-570717,20240327,https://www.thespec.com/entertainment/music/redhill-valleys-pay-homage-to-golden-age-of-the-cosmic-cowboy-in-new-single/article_7817d3cd-7060-5b01-a0ad-ba6e55b47cb1.html
1166314830,20240327,202403,2024,2024.2384,,,,,,,,,,,AFR,AFRICA,AFR,,,,,,,,0,057,057,05,1,8.0,12,2,12,1.72117039586919,0,,,,,,,4,"Rietberg, Northern Cape, South Africa",SF,SF08,-29.4857,17.8824,-1275839,4,"Rietberg, Northern Cape, South Africa",SF,SF08,-29.4857,17.8824,-1275839,20240327,https://www.miningweekly.com/article/drdgold-to-determine-economic-viability-of-copper-recovery-from-copper-360s-tailings-dams-2024-03-27
1166315024,20240327,202403,2024,2024.2384,AFR,AFRICA,AFR,,,,,,,,,,,,,,,,,,0,057,057,05,1,8.0,12,2,12,1.72117039586919,4,"Far West Rand, North-West, South Africa",SF,SF10,-26.8667,26.6667,-1228136,0,,,,,,,4,"Far West Rand, North-West, South Africa",SF,SF10,-26.8667,26.6667,-1228136,20240327,https://www.miningweekly.com/article/drdgold-to-determine-economic-viability-of-copper-recovery-from-copper-360s-tailings-dams-2024-03-27
1166319258,20240327,202403,2024,2024.2384,BUS,COMPANY,,,,,,BUS,,,,,,,,,,,,,1,0831,083,08,2,5.0,50,5,50,1.13942770790599,1,Canada,CA,CA,60,-96,CA,0,,,,,,,1,Canada,CA,CA,60,-96,CA,20240327,https://www.streetinsider.com/Globe+Newswire/Mayfair+Gold+Initiates+Pre-Feasibility+Study+for+Fenn-Gib+Gold+Project/22985511.html
1166322370,20240327,202403,2024,2024.2384,COP,DETECTIVE,,,,,,COP,,,,,,,,,,,,,1,051,051,05,1,3.4,10,1,10,2.64993026499303,3,"Hollywood, California, United States",US,USCA,34.0983,-118.327,1660757,0,,,,,,,3,"Hollywood, California, United States",US,USCA,34.0983,-118.327,1660757,20240327,https://www.goldderby.com/article/2024/true-detective-night-country-emmys/
1166323458,20240327,202403,2024,2024.2384,USA,UNITED STATES,USA,,,,,,,,,,,,,,,,,,1,190,190,19,4,-10.0,14,4,14,-1.73276671091984,2,"Alaska, United States",US,USAK,61.385,-152.268,AK,0,,,,,,,2,"Alaska, United States",US,USAK,61.385,-152.268,AK,20240327,https://www.goldderby.com/article/2024/true-detective-night-country-emmys/
1166325949,20240327,202403,2024,2024.2384,LBRMED,LIBERIA,LBR,,,,,MED,,,,,,,,,,,,,1,010,010,01,1,0.0,1,1,1,-4.47761194029851,1,Liberia,LI,LI,6.5,-9.5,LI,0,,,,,,,1,Liberia,LI,LI,6.5,-9.5,LI,20240327,https://www.barrons.com/news/liberia-gold-mine-caves-in-killing-13-0956e0f8
1166325986,20240327,202403,2024,2024.2384,MED,SPOKESMAN,,,,,,MED,,,,,,,,,,,,,1,010,010,01,1,0.0,3,1,3,-4.47761194029851,1,Liberia,LI,LI,6.5,-9.5,LI,0,,,,,,,1,Liberia,LI,LI,6.5,-9.5,LI,20240327,https://www.barrons.com/news/liberia-gold-mine-caves-in-killing-13-0956e0f8
1166326013,20240327,202403,2024,2024.2384,MED,SPOKESMAN,,,,,,MED,,,LBR,LIBERIA,LBR,,,,,,,,1,010,010,01,1,0.0,1,1,1,-4.47761194029851,1,Liberia,LI,LI,6.5,-9.5,LI,1,Liberia,LI,LI,6.5,-9.5,LI,1,Liberia,LI,LI,6.5,-9.5,LI,20240327,https://www.barrons.com/news/liberia-gold-mine-caves-in-killing-13-0956e0f8
1166327180,20240327,202403,2024,2024.2384,CAN,TORONTO,CAN,,,,,,,,BUS,COMPANY,,,,,,BUS,,,1,036,036,03,1,4.0,8,1,8,4.63258785942492,4,"Manitou, Manitoba, Canada",CA,CA03,49.2333,-98.5333,-568645,4,"Manitou, Manitoba, Canada",CA,CA03,49.2333,-98.5333,-568645,4,"Manitou, Manitoba, Canada",CA,CA03,49.2333,-98.5333,-568645,20240327,https://www.saultstar.com:443/news/local-news/acquisition-planned-for-dubreuilville-area-gold-companies
1166327181,20240327,202403,2024,2024.2384,CAN,TORONTO,CAN,,,,,,,,BUS,COMPANY,,,,,,BUS,,,1,036,036,03,1,4.0,2,1,2,4.63258785942492,4,"Manitou, Manitoba, Canada",CA,CA03,49.2333,-98.5333,-568645,4,"Toronto, Ontario, Canada",CA,CA08,43.6667,-79.4167,-574890,4,"Toronto, Ontario, Canada",CA,CA08,43.6667,-79.4167,-574890,20240327,https://www.saultstar.com:443/news/local-news/acquisition-planned-for-dubreuilville-area-gold-companies
1166333289,20240327,202403,2024,2024.2384,AUS,AUSTRALIA,AUS,,,,,,,,,,,,,,,,,,1,010,010,01,1,0.0,2,1,2,2.71739130434782,2,"California, United States",US,USCA,36.17,-119.746,CA,0,,,,,,,2,"California, United States",US,USCA,36.17,-119.746,CA,20240327,https://www.businessinsider.in/science/space/news/galactic-gold-rush-astronomers-discover-49-new-galaxies-in-less-than-3-hours/articleshow/108823722.cms
1166336879,20240327,202403,2024,2024.2384,,,,,,,,,,,EDU,SCHOOL,,,,,,EDU,,,0,043,043,04,1,2.8,4,1,4,-2.62257696693273,0,,,,,,,2,"Montana, United States",US,USMT,46.9048,-110.326,MT,2,"Montana, United States",US,USMT,46.9048,-110.326,MT,20240327,https://journalistsresource.org/media/migrant-children-labor-abuse-goldmith/
1166336880,20240327,202403,2024,2024.2384,,,,,,,,,,,EDU,SCHOOL,,,,,,EDU,,,0,043,043,04,1,2.8,1,1,1,-2.62257696693273,0,,,,,,,2,"South Dakota, United States",US,USSD,44.2853,-99.4632,SD,2,"South Dakota, United States",US,USSD,44.2853,-99.4632,SD,20240327,https://journalistsresource.org/media/migrant-children-labor-abuse-goldmith/
1166337362,20240327,202403,2024,2024.2384,CVL,MIGRANT,,,,,,CVL,,,USA,GRAND RAPIDS,USA,,,,,,,,1,043,043,04,1,2.8,1,1,1,-2.62257696693273,3,"Grand Rapids, Michigan, United States",US,USMI,42.9634,-85.6681,627105,3,"Grand Rapids, Michigan, United States",US,USMI,42.9634,-85.6681,627105,2,"Michigan, United States",US,USMI,43.3504,-84.5603,MI,20240327,https://journalistsresource.org/media/migrant-children-labor-abuse-goldmith/
1166337363,20240327,202403,2024,2024.2384,CVL,MIGRANT,,,,,,CVL,,,USA,GRAND RAPIDS,USA,,,,,,,,1,043,043,04,1,2.8,4,1,4,-2.62257696693273,2,"Michigan, United States",US,USMI,43.3504,-84.5603,MI,3,"Grand Rapids, Michigan, United States",US,USMI,42.9634,-85.6681,627105,2,"Michigan, United States",US,USMI,43.3504,-84.5603,MI,20240327,https://journalistsresource.org/media/migrant-children-labor-abuse-goldmith/
1166337406,20240327,202403,2024,2024.2384,EDU,SCHOOL,,,,,,EDU,,,,,,,,,,,,,0,042,042,04,1,1.9,4,1,4,-2.62257696693273,2,"Montana, United States",US,USMT,46.9048,-110.326,MT,0,,,,,,,2,"Montana, United States",US,USMT,46.9048,-110.326,MT,20240327,https://journalistsresource.org/media/migrant-children-labor-abuse-goldmith/
1166337407,20240327,202403,2024,2024.2384,EDU,SCHOOL,,,,,,EDU,,,,,,,,,,,,,0,042,042,04,1,1.9,1,1,1,-2.62257696693273,2,"South Dakota, United States",US,USSD,44.2853,-99.4632,SD,0,,,,,,,2,"South Dakota, United States",US,USSD,44.2853,-99.4632,SD,20240327,https://journalistsresource.org/media/migrant-children-labor-abuse-goldmith/
1166337421,20240327,202403,2024,2024.2384,EDU,SCHOOL,,,,,,EDU,,,,,,,,,,,,,1,120,120,12,3,-4.0,3,1,3,-2.62257696693273,3,"Cincinnati, Ohio, United States",US,USOH,39.162,-84.4569,1066650,0,,,,,,,3,"Cincinnati, Ohio, United States",US,USOH,39.162,-84.4569,1066650,20240327,https://journalistsresource.org/media/migrant-children-labor-abuse-goldmith/
1166337422,20240327,202403,2024,2024.2384,EDU,SCHOOL,,,,,,EDU,,,,,,,,,,,,,1,120,120,12,3,-4.0,2,1,2,-2.62257696693273,2,"New York, United States",US,USNY,42.1497,-74.9384,NY,0,,,,,,,2,"New York, United States",US,USNY,42.1497,-74.9384,NY,20240327,https://journalistsresource.org/media/migrant-children-labor-abuse-goldmith/
1166337602,20240327,202403,2024,2024.2384,GOV,GOVERNMENT,,,,,,GOV,,,,,,,,,,,,,0,173,173,17,4,-5.0,8,1,8,-2.62257696693273,3,"Cincinnati, Ohio, United States",US,USOH,39.162,-84.4569,1066650,0,,,,,,,3,"Cincinnati, Ohio, United States",US,USOH,39.162,-84.4569,1066650,20240327,https://journalistsresource.org/media/migrant-children-labor-abuse-goldmith/
1166337637,20240327,202403,2024,2024.2384,GOV,CHIEF OF STAFF,,,,,,GOV,,,ITA,ROME,ITA,,,,,,,,0,026,026,02,1,4.0,1,1,1,-4.11764705882353,3,"White House, District of Columbia, United States",US,USDC,38.8951,-77.0364,531871,4,"Rome, Lazio, Italy",IT,IT07,41.9,12.4833,-126693,3,"White House, District of Columbia, United States",US,USDC,38.8951,-77.0364,531871,20240327,https://www.theepochtimes.com/us/tony-bobulinski-threatens-to-sue-rep-dan-goldman-5616349
1166337638,20240327,202403,2024,2024.2384,GOV,CHIEF OF STAFF,,,,,,GOV,,,ITA,ROME,ITA,,,,,,,,0,026,026,02,1,4.0,1,1,1,-4.11764705882353,2,"Georgia, United States",US,USGA,32.9866,-83.6487,GA,2,"Georgia, United States",US,USGA,32.9866,-83.6487,GA,2,"Georgia, United States",US,USGA,32.9866,-83.6487,GA,20240327,https://www.theepochtimes.com/us/tony-bobulinski-threatens-to-sue-rep-dan-goldman-5616349
1166337948,20240327,202403,2024,2024.2384,LEG,CONGRESSMAN,,,,,,LEG,,,,,,,,,,,,,1,115,115,11,3,-2.0,2,1,2,-4.11764705882353,3,"White House, District of Columbia, United States",US,USDC,38.8951,-77.0364,531871,0,,,,,,,3,"White House, District of Columbia, United States",US,USDC,38.8951,-77.0364,531871,20240327,https://www.theepochtimes.com/us/tony-bobulinski-threatens-to-sue-rep-dan-goldman-5616349
1166337949,20240327,202403,2024,2024.2384,LEG,CONGRESSMAN,,,,,,LEG,,,,,,,,,,,,,1,115,115,11,3,-2.0,3,1,3,-4.11764705882353,2,"Georgia, United States",US,USGA,32.9866,-83.6487,GA,0,,,,,,,2,"Georgia, United States",US,USGA,32.9866,-83.6487,GA,20240327,https://www.theepochtimes.com/us/tony-bobulinski-threatens-to-sue-rep-dan-goldman-5616349
1166338537,20240327,202403,2024,2024.2384,USA,GRAND RAPIDS,USA,,,,,,,,CVL,MIGRANT,,,,,,CVL,,,1,042,042,04,1,1.9,3,1,3,-2.62257696693273,3,"Cincinnati, Ohio, United States",US,USOH,39.162,-84.4569,1066650,3,"Cincinnati, Ohio, United States",US,USOH,39.162,-84.4569,1066650,3,"Cincinnati, Ohio, United States",US,USOH,39.162,-84.4569,1066650,20240327,https://journalistsresource.org/media/migrant-children-labor-abuse-goldmith/
1166338654,20240327,202403,2024,2024.2384,USA,UNITED STATES,USA,,,,,,,,USAGOV,UNITED STATES,USA,,,,,GOV,,,0,026,026,02,1,4.0,4,1,4,-4.11764705882353,3,"White House, District of Columbia, United States",US,USDC,38.8951,-77.0364,531871,3,"White House, District of Columbia, United States",US,USDC,38.8951,-77.0364,531871,3,"White House, District of Columbia, United States",US,USDC,38.8951,-77.0364,531871,20240327,https://www.theepochtimes.com/us/tony-bobulinski-threatens-to-sue-rep-dan-goldman-5616349
1166338721,20240327,202403,2024,2024.2384,USAGOV,UNITED STATES,USA,,,,,GOV,,,ITA,ITALY,ITA,,,,,,,,0,026,026,02,1,4.0,4,1,4,-4.11764705882353,3,"White House, District of Columbia, United States",US,USDC,38.8951,-77.0364,531871,4,"Rome, Lazio, Italy",IT,IT07,41.9,12.4833,-126693,3,"White House, District of Columbia, United States",US,USDC,38.8951,-77.0364,531871,20240327,https://www.theepochtimes.com/us/tony-bobulinski-threatens-to-sue-rep-dan-goldman-5616349
1166345680,20240327,202403,2024,2024.2384,GOV,CONSULATE,,,,,,GOV,,,IRN,IRANIAN,IRN,,,,,,,,1,042,042,04,1,1.9,20,1,10,4.61538461538461,1,Iran,IR,IR,32,53,IR,1,Iran,IR,IR,32,53,IR,1,Iran,IR,IR,32,53,IR,20240327,https://www.app.com.pk/national/iranian-cultural-consulate-hosts-3-day-quran-exhibition-at-safa-gold-mall/
1166345826,20240327,202403,2024,2024.2384,IRN,IRAN,IRN,,,,,,,,GOV,CONSULATE,,,,,,GOV,,,1,043,043,04,1,2.8,2,1,2,4.61538461538461,4,"Islamabad, Islamabad, Pakistan",PK,PK08,33.7,73.1667,-2762812,4,"Islamabad, Islamabad, Pakistan",PK,PK08,33.7,73.1667,-2762812,4,"Islamabad, Islamabad, Pakistan",PK,PK08,33.7,73.1667,-2762812,20240327,https://www.app.com.pk/national/iranian-cultural-consulate-hosts-3-day-quran-exhibition-at-safa-gold-mall/
1166345827,20240327,202403,2024,2024.2384,IRN,IRANIAN,IRN,,,,,,,,GOV,CONSULATE,,,,,,GOV,,,1,043,043,04,1,2.8,4,1,4,4.61538461538461,4,"Islamabad, Islamabad, Pakistan",PK,PK08,33.7,73.1667,-2762812,4,"Islamabad, Islamabad, Pakistan",PK,PK08,33.7,73.1667,-2762812,1,Turkey,TU,TU,39.059012,34.911546,TU,20240327,https://www.app.com.pk/national/iranian-cultural-consulate-hosts-3-day-quran-exhibition-at-safa-gold-mall/
1166345828,20240327,202403,2024,2024.2384,IRN,IRANIAN,IRN,,,,,,,,GOV,CONSULATE,,,,,,GOV,,,1,043,043,04,1,2.8,2,1,2,4.61538461538461,1,Iran,IR,IR,32,53,IR,4,"Islamabad, Islamabad, Pakistan",PK,PK08,33.7,73.1667,-2762812,4,"Islamabad, Islamabad, Pakistan",PK,PK08,33.7,73.1667,-2762812,20240327,https://www.app.com.pk/national/iranian-cultural-consulate-hosts-3-day-quran-exhibition-at-safa-gold-mall/
1166345829,20240327,202403,2024,2024.2384,IRN,IRANIAN,IRN,,,,,,,,GOV,CONSULATE,,,,,,GOV,,,1,043,043,04,1,2.8,12,1,10,4.61538461538461,1,Iran,IR,IR,32,53,IR,1,Iran,IR,IR,32,53,IR,1,Iran,IR,IR,32,53,IR,20240327,https://www.app.com.pk/national/iranian-cultural-consulate-hosts-3-day-quran-exhibition-at-safa-gold-mall/
1166345832,20240327,202403,2024,2024.2384,IRNGOV,IRAN,IRN,,,,,GOV,,,PAK,ISLAMABAD,PAK,,,,,,,,1,042,042,04,1,1.9,7,1,7,4.61538461538461,1,Iran,IR,IR,32,53,IR,4,"Islamabad, Islamabad, Pakistan",PK,PK08,33.7,73.1667,-2762812,1,Iran,IR,IR,32,53,IR,20240327,https://www.app.com.pk/national/iranian-cultural-consulate-hosts-3-day-quran-exhibition-at-safa-gold-mall/
1166346172,20240327,202403,2024,2024.2384,PAK,ISLAMABAD,PAK,,,,,,,,IRNGOV,IRAN,IRN,,,,,GOV,,,1,043,043,04,1,2.8,7,1,7,4.61538461538461,4,"Islamabad, Islamabad, Pakistan",PK,PK08,33.7,73.1667,-2762812,1,Iran,IR,IR,32,53,IR,1,Iran,IR,IR,32,53,IR,20240327,https://www.app.com.pk/national/iranian-cultural-consulate-hosts-3-day-quran-exhibition-at-safa-gold-mall/
1166352315,20240327,202403,2024,2024.2384,CAN,CANADA,CAN,,,,,,,,,,,,,,,,,,1,010,010,01,1,0.0,4,2,4,3.45073645566256,4,"Sapes, Perifereia Anatolikis Makedonias kai Thrakis, Greece",GR,GR53,41.0286,25.6931,-827774,0,,,,,,,1,Romania,RO,RO,46,25,RO,20240327,https://theenterpriseleader.com/2024/03/27/eldorado-gold-tseeld-sets-new-12-month-high-at-19-00.html
1166352481,20240327,202403,2024,2024.2384,CRI,COSTA RICA,CRI,,,,,,,,,,,,,,,,,,1,061,061,06,2,6.4,10,1,10,10.1289134438306,1,Costa Rica,CS,CS,10,-84,CS,0,,,,,,,1,Costa Rica,CS,CS,10,-84,CS,20240327,https://thecostaricanews.com/dont-miss-out-on-savoring-the-golden-grain-of-costa-rica/
1166352851,20240327,202403,2024,2024.2384,GOVBUS,NATIONAL BANK,,,,,,GOV,BUS,,CAN,CANADA,CAN,,,,,,,,1,010,010,01,1,0.0,2,2,2,3.45073645566256,4,"Sapes, Perifereia Anatolikis Makedonias kai Thrakis, Greece",GR,GR53,41.0286,25.6931,-827774,4,"Eldorado, Saskatchewan, Canada",CA,CA11,59.55,-108.5,-564133,4,"Sapes, Perifereia Anatolikis Makedonias kai Thrakis, Greece",GR,GR53,41.0286,25.6931,-827774,20240327,https://theenterpriseleader.com/2024/03/27/eldorado-gold-tseeld-sets-new-12-month-high-at-19-00.html
1166352852,20240327,202403,2024,2024.2384,GOVBUS,NATIONAL BANK,,,,,,GOV,BUS,,CAN,CANADA,CAN,,,,,,,,1,010,010,01,1,0.0,2,2,2,3.45073645566256,1,Romania,RO,RO,46,25,RO,4,"Eldorado, Saskatchewan, Canada",CA,CA11,59.55,-108.5,-564133,4,"Eldorado, Saskatchewan, Canada",CA,CA11,59.55,-108.5,-564133,20240327,https://theenterpriseleader.com/2024/03/27/eldorado-gold-tseeld-sets-new-12-month-high-at-19-00.html
1166353553,20240327,202403,2024,2024.2384,USA,PORTLAND,USA,,,,,,,,,,,,,,,,,,1,172,172,17,4,-5.0,10,1,10,2.38568588469185,3,"Portland, Oregon, United States",US,USOR,45.5235,-122.676,1136645,0,,,,,,,3,"Portland, Oregon, United States",US,USOR,45.5235,-122.676,1136645,20240327,https://www.streetinsider.com/PRNewswire/Block+216+Receives+LEED+Gold+Certification/22985667.html
1166353686,20240327,202403,2024,2024.2384,USA,PORTLAND,USA,,,,,,,,USAGOV,UNITED STATES,USA,,,,,GOV,,,1,051,051,05,1,3.4,4,1,4,2.38568588469185,3,"Portland, Oregon, United States",US,USOR,45.5235,-122.676,1136645,3,"Portland, Oregon, United States",US,USOR,45.5235,-122.676,1136645,3,"Portland, Oregon, United States",US,USOR,45.5235,-122.676,1136645,20240327,https://www.streetinsider.com/PRNewswire/Block+216+Receives+LEED+Gold+Certification/22985667.html
1166353720,20240327,202403,2024,2024.2384,USAGOV,PORTLAND,USA,,,,,GOV,,,,,,,,,,,,,1,051,051,05,1,3.4,6,1,6,2.38568588469185,3,"Portland, Oregon, United States",US,USOR,45.5235,-122.676,1136645,0,,,,,,,3,"Portland, Oregon, United States",US,USOR,45.5235,-122.676,1136645,20240327,https://www.streetinsider.com/PRNewswire/Block+216+Receives+LEED+Gold+Certification/22985667.html
1166355209,20240327,202403,2024,2024.2384,FRA,FRANCE,FRA,,,,,,,,USA,UNITED STATES,USA,,,,,,,,1,043,043,04,1,2.8,1,1,1,-8.81057268722465,3,"American Cemetery, Ohio, United States",US,USOH,39.1662,-84.4138,1037401,3,"American Cemetery, Ohio, United States",US,USOH,39.1662,-84.4138,1037401,4,"Suresnes, France (general), France",FR,FR00,48.8714,2.22929,-1471805,20240327,https://www.newsmax.com/murdock/atlantic-bloodbath-goldberg/2024/03/27/id/1158803/
1166355213,20240327,202403,2024,2024.2384,FRA,FRANCE,FRA,,,,,,,,USA,UNITED STATES,USA,,,,,,,,1,160,160,16,4,-4.0,1,1,1,-8.81057268722465,4,"Suresnes, France (general), France",FR,FR00,48.8714,2.22929,-1471805,4,"Suresnes, France (general), France",FR,FR00,48.8714,2.22929,-1471805,4,"Suresnes, France (general), France",FR,FR00,48.8714,2.22929,-1471805,20240327,https://www.newsmax.com/murdock/atlantic-bloodbath-goldberg/2024/03/27/id/1158803/
1166355214,20240327,202403,2024,2024.2384,FRA,FRANCE,FRA,,,,,,,,USA,UNITED STATES,USA,,,,,,,,1,160,160,16,4,-4.0,1,1,1,-8.81057268722465,4,"Suresnes, France (general), France",FR,FR00,48.8714,2.22929,-1471805,3,"American Cemetery, Ohio, United States",US,USOH,39.1662,-84.4138,1037401,4,"Suresnes, France (general), France",FR,FR00,48.8714,2.22929,-1471805,20240327,https://www.newsmax.com/murdock/atlantic-bloodbath-goldberg/2024/03/27/id/1158803/
1166355215,20240327,202403,2024,2024.2384,FRA,FRANCE,FRA,,,,,,,,USA,AMERICAN,USA,,,,,,,,1,160,160,16,4,-4.0,2,1,2,-8.81057268722465,3,"American Cemetery, Ohio, United States",US,USOH,39.1662,-84.4138,1037401,3,"American Cemetery, Ohio, United States",US,USOH,39.1662,-84.4138,1037401,4,"Suresnes, France (general), France",FR,FR00,48.8714,2.22929,-1471805,20240327,https://www.newsmax.com/murdock/atlantic-bloodbath-goldberg/2024/03/27/id/1158803/
1166355216,20240327,202403,2024,2024.2384,FRA,FRANCE,FRA,,,,,,,,USA,AMERICAN,USA,,,,,,,,1,160,160,16,4,-4.0,2,1,2,-8.81057268722465,3,"American Cemetery, Ohio, United States",US,USOH,39.1662,-84.4138,1037401,3,"American Cemetery, Ohio, United States",US,USOH,39.1662,-84.4138,1037401,3,"American Cemetery, Ohio, United States",US,USOH,39.1662,-84.4138,1037401,20240327,https://www.newsmax.com/murdock/atlantic-bloodbath-goldberg/2024/03/27/id/1158803/
1166355421,20240327,202403,2024,2024.2384,IRQ,IRAQ,IRQ,,,,,,,,,,,,,,,,,,0,030,030,03,1,4.0,4,1,4,-8.81057268722465,1,Iraq,IZ,IZ,33,44,IZ,0,,,,,,,1,Iraq,IZ,IZ,33,44,IZ,20240327,https://www.newsmax.com/murdock/atlantic-bloodbath-goldberg/2024/03/27/id/1158803/
1166355931,20240327,202403,2024,2024.2384,USA,WASHINGTON,USA,,,,,,,,,,,,,,,,,,0,111,111,11,3,-2.0,4,1,4,-8.81057268722465,1,Iraq,IZ,IZ,33,44,IZ,0,,,,,,,1,Iraq,IZ,IZ,33,44,IZ,20240327,https://www.newsmax.com/murdock/atlantic-bloodbath-goldberg/2024/03/27/id/1158803/
1166355993,20240327,202403,2024,2024.2384,USA,UNITED STATES,USA,,,,,,,,CHN,CHINESE,CHN,,,,,,,,0,111,111,11,3,-2.0,2,1,2,-8.81057268722465,3,"Dayton, Ohio, United States",US,USOH,39.7589,-84.1916,1064514,2,"Ohio, United States",US,USOH,40.3736,-82.7755,OH,2,"Ohio, United States",US,USOH,40.3736,-82.7755,OH,20240327,https://www.newsmax.com/murdock/atlantic-bloodbath-goldberg/2024/03/27/id/1158803/
1166355994,20240327,202403,2024,2024.2384,USA,OHIO,USA,,,,,,,,CHN,CHINESE,CHN,,,,,,,,0,111,111,11,3,-2.0,1,1,1,-8.81057268722465,1,Iraq,IZ,IZ,33,44,IZ,1,Iraq,IZ,IZ,33,44,IZ,1,Iraq,IZ,IZ,33,44,IZ,20240327,https://www.newsmax.com/murdock/atlantic-bloodbath-goldberg/2024/03/27/id/1158803/
1166355995,20240327,202403,2024,2024.2384,USA,OHIO,USA,,,,,,,,CHN,CHINESE,CHN,,,,,,,,0,111,111,11,3,-2.0,2,1,2,-8.81057268722465,2,"Ohio, United States",US,USOH,40.3736,-82.7755,OH,2,"Ohio, United States",US,USOH,40.3736,-82.7755,OH,2,"Ohio, United States",US,USOH,40.3736,-82.7755,OH,20240327,https://www.newsmax.com/murdock/atlantic-bloodbath-goldberg/2024/03/27/id/1158803/
1166356045,20240327,202403,2024,2024.2384,USA,UNITED STATES,USA,,,,,,,,FRA,FRANCE,FRA,,,,,,,,1,042,042,04,1,1.9,1,1,1,-8.81057268722465,3,"American Cemetery, Ohio, United States",US,USOH,39.1662,-84.4138,1037401,3,"American Cemetery, Ohio, United States",US,USOH,39.1662,-84.4138,1037401,4,"Suresnes, France (general), France",FR,FR00,48.8714,2.22929,-1471805,20240327,https://www.newsmax.com/murdock/atlantic-bloodbath-goldberg/2024/03/27/id/1158803/
1166356046,20240327,202403,2024,2024.2384,USA,NEVADA,USA,,,,,,,,FRA,FRANCE,FRA,,,,,,,,1,125,125,12,3,-5.0,2,1,2,-8.81057268722465,1,Iraq,IZ,IZ,33,44,IZ,1,Iraq,IZ,IZ,33,44,IZ,1,Iraq,IZ,IZ,33,44,IZ,20240327,https://www.newsmax.com/murdock/atlantic-bloodbath-goldberg/2024/03/27/id/1158803/
1166356047,20240327,202403,2024,2024.2384,USA,NEVADA,USA,,,,,,,,FRA,FRANCE,FRA,,,,,,,,1,125,125,12,3,-5.0,2,1,2,-8.81057268722465,2,"New Hampshire, United States",US,USNH,43.4108,-71.5653,NH,1,Iraq,IZ,IZ,33,44,IZ,1,Iraq,IZ,IZ,33,44,IZ,20240327,https://www.newsmax.com/murdock/atlantic-bloodbath-goldberg/2024/03/27/id/1158803/
1166356048,20240327,202403,2024,2024.2384,USA,NEVADA,USA,,,,,,,,FRA,FRANCE,FRA,,,,,,,,1,125,125,12,3,-5.0,6,1,6,-8.81057268722465,2,"New Hampshire, United States",US,USNH,43.4108,-71.5653,NH,2,"New Hampshire, United States",US,USNH,43.4108,-71.5653,NH,2,"New Hampshire, United States",US,USNH,43.4108,-71.5653,NH,20240327,https://www.newsmax.com/murdock/atlantic-bloodbath-goldberg/2024/03/27/id/1158803/
1166356049,20240327,202403,2024,2024.2384,USA,AMERICAN,USA,,,,,,,,FRA,PARIS,FRA,,,,,,,,1,160,160,16,4,-4.0,1,1,1,-8.81057268722465,3,"American Cemetery, Ohio, United States",US,USOH,39.1662,-84.4138,1037401,4,"Paris, France (general), France",FR,FR00,48.8667,2.33333,-1456928,4,"Suresnes, France (general), France",FR,FR00,48.8714,2.22929,-1471805,20240327,https://www.newsmax.com/murdock/atlantic-bloodbath-goldberg/2024/03/27/id/1158803/
1166357911,20240327,202403,2024,2024.2384,AGR,FARMER,,,,,,AGR,,,IRL,IRELAND,IRL,,,,,,,,1,057,057,05,1,8.0,10,1,10,0,4,"Lurrig, Cork, Ireland",EI,EI04,51.8528,-8.15222,340712,4,"Lurrig, Cork, Ireland",EI,EI04,51.8528,-8.15222,340712,4,"Lurrig, Cork, Ireland",EI,EI04,51.8528,-8.15222,340712,20240327,https://www.farmersjournal.ie/news/news/dairygold-applies-for-15-acre-solar-farm-in-mitchelstown-810448
1166358498,20240327,202403,2024,2024.2384,IRL,IRELAND,IRL,,,,,,,,AGR,FARMER,,,,,,AGR,,,1,030,030,03,1,4.0,10,1,10,0,4,"Lurrig, Cork, Ireland",EI,EI04,51.8528,-8.15222,340712,4,"Lurrig, Cork, Ireland",EI,EI04,51.8528,-8.15222,340712,4,"Lurrig, Cork, Ireland",EI,EI04,51.8528,-8.15222,340712,20240327,https://www.farmersjournal.ie/news/news/dairygold-applies-for-15-acre-solar-farm-in-mitchelstown-810448
1166358499,20240327,202403,2024,2024.2384,IRL,IRELAND,IRL,,,,,,,,AGR,FARMER,,,,,,AGR,,,1,057,057,05,1,8.0,10,1,10,0,4,"Lurrig, Cork, Ireland",EI,EI04,51.8528,-8.15222,340712,4,"Lurrig, Cork, Ireland",EI,EI04,51.8528,-8.15222,340712,4,"Lurrig, Cork, Ireland",EI,EI04,51.8528,-8.15222,340712,20240327,https://www.farmersjournal.ie/news/news/dairygold-applies-for-15-acre-solar-farm-in-mitchelstown-810448
1166359392,20240327,202403,2024,2024.2384,UZB,UZBEKISTAN,UZB,,,,,,,,,,,,,,,,,,1,173,173,17,4,-5.0,2,1,2,1.49863760217984,4,"Navoi, Navoiy, Uzbekistan",UZ,UZ07,40.0844,65.3792,-2578281,0,,,,,,,4,"Navoi, Navoiy, Uzbekistan",UZ,UZ07,40.0844,65.3792,-2578281,20240327,https://www.gulftoday.ae/opinion/2024/03/27/uzbekistan-reforms-spark-modern-day-gold-rush
1166359393,20240327,202403,2024,2024.2384,UZB,UZBEKISTAN,UZB,,,,,,,,,,,,,,,,,,1,173,173,17,4,-5.0,2,1,2,1.49863760217984,4,"Tashkent, Toshkent Shahri, Uzbekistan",UZ,UZ13,41.3167,69.25,-2579372,0,,,,,,,4,"Tashkent, Toshkent Shahri, Uzbekistan",UZ,UZ13,41.3167,69.25,-2579372,20240327,https://www.gulftoday.ae/opinion/2024/03/27/uzbekistan-reforms-spark-modern-day-gold-rush
1166360266,20240327,202403,2024,2024.2384,,,,,,,,,,,CAN,CANADA,CAN,,,,,,,,0,042,042,04,1,1.9,4,1,4,0.31982942430704,0,,,,,,,4,"Abitibi, Canada (general), Canada",CA,CA00,48,-76,-576358,4,"Quebec, Quebec, Canada",CA,CA10,47.5,-72,-571850,20240327,https://www.goldseiten.de/artikel/613214--Orford-Shareholders-Approve-Plan-Of-Arrangement.html
1166360426,20240327,202403,2024,2024.2384,,,,,,,,,,,ZWE,ZIMBABWE,ZWE,,,,,,,,0,112,112,11,3,-2.0,6,1,6,-2.36348818255909,0,,,,,,,4,"Penhalonga, Manicaland, Zimbabwe",ZI,ZI01,-18.8911,32.6978,-2319701,4,"Penhalonga, Manicaland, Zimbabwe",ZI,ZI01,-18.8911,32.6978,-2319701,20240327,https://www.zimbabwesituation.com/news/zimbabwes-toxic-gold-rush-how-would-be-treasure-hunters-are-causing-ecological-disaster/
1166360450,20240327,202403,2024,2024.2384,AUS,BRISBANE,AUS,,,,,,,,,,,,,,,,,,1,172,172,17,4,-5.0,1,1,1,5.47945205479452,4,"Brisbane, Queensland, Australia",AS,AS04,-27.5,153.017,-1561728,0,,,,,,,4,"Brisbane, Queensland, Australia",AS,AS04,-27.5,153.017,-1561728,20240327,https://viewngr.com/Hire-Gold-Coast-Brisbane-3907594.html
1166360648,20240327,202403,2024,2024.2384,CVL,RESIDENTS,,,,,,CVL,,,,,,,,,,,,,1,012,012,01,1,-0.4,2,2,2,-2.66048715967141,4,"Penhalonga, Manicaland, Zimbabwe",ZI,ZI01,-18.8911,32.6978,-2319701,0,,,,,,,4,"Penhalonga, Manicaland, Zimbabwe",ZI,ZI01,-18.8911,32.6978,-2319701,20240327,https://www.zimbabwesituation.com/news/zimbabwes-toxic-gold-rush-how-would-be-treasure-hunters-are-causing-ecological-disaster/
1166360723,20240327,202403,2024,2024.2384,EDU,SCHOOL,,,,,,EDU,,,,,,,,,,,,,1,1712,171,17,4,-9.2,10,2,10,-2.66048715967141,4,"Chimanimani, Zimbabwe (general), Zimbabwe",ZI,ZI00,-19.8,32.8667,-2308753,0,,,,,,,4,"Chimanimani, Zimbabwe (general), Zimbabwe",ZI,ZI00,-19.8,32.8667,-2308753,20240327,https://www.zimbabwesituation.com/news/zimbabwes-toxic-gold-rush-how-would-be-treasure-hunters-are-causing-ecological-disaster/
1166360861,20240327,202403,2024,2024.2384,GHA,GHANA,GHA,,,,,,,,AUS,AUSTRALIA,AUS,,,,,,,,1,172,172,17,4,-5.0,4,1,4,5.47945205479452,4,"Brisbane, Queensland, Australia",AS,AS04,-27.5,153.017,-1561728,4,"Brisbane, Queensland, Australia",AS,AS04,-27.5,153.017,-1561728,4,"Brisbane, Queensland, Australia",AS,AS04,-27.5,153.017,-1561728,20240327,https://viewngr.com/Hire-Gold-Coast-Brisbane-3907594.html
1166362175,20240327,202403,2024,2024.2384,ZWE,ZIMBABWE,ZWE,,,,,,,,,,,,,,,,,,0,010,010,01,1,0.0,10,2,10,-2.66048715967141,4,"Penhalonga, Manicaland, Zimbabwe",ZI,ZI01,-18.8911,32.6978,-2319701,0,,,,,,,4,"Penhalonga, Manicaland, Zimbabwe",ZI,ZI01,-18.8911,32.6978,-2319701,20240327,https://www.zimbabwesituation.com/news/zimbabwes-toxic-gold-rush-how-would-be-treasure-hunters-are-causing-ecological-disaster/
1166362176,20240327,202403,2024,2024.2384,ZWE,ZIMBABWE,ZWE,,,,,,,,,,,,,,,,,,0,057,057,05,1,8.0,20,2,20,-2.66048715967141,4,"Penhalonga, Manicaland, Zimbabwe",ZI,ZI01,-18.8911,32.6978,-2319701,0,,,,,,,4,"Penhalonga, Manicaland, Zimbabwe",ZI,ZI01,-18.8911,32.6978,-2319701,20240327,https://www.zimbabwesituation.com/news/zimbabwes-toxic-gold-rush-how-would-be-treasure-hunters-are-causing-ecological-disaster/
1166362177,20240327,202403,2024,2024.2384,ZWE,ZIMBABWE,ZWE,,,,,,,,,,,,,,,,,,0,071,071,07,2,7.4,1,1,1,-2.36348818255909,4,"Kadoma, Osaka, Japan",JA,JA32,34.7333,135.583,-231498,0,,,,,,,4,"Kadoma, Osaka, Japan",JA,JA32,34.7333,135.583,-231498,20240327,https://www.zimbabwesituation.com/news/zimbabwes-toxic-gold-rush-how-would-be-treasure-hunters-are-causing-ecological-disaster/
1166362178,20240327,202403,2024,2024.2384,ZWE,ZIMBABWE,ZWE,,,,,,,,,,,,,,,,,,0,071,071,07,2,7.4,8,2,8,-2.66048715967141,4,"Penhalonga, Manicaland, Zimbabwe",ZI,ZI01,-18.8911,32.6978,-2319701,0,,,,,,,4,"Penhalonga, Manicaland, Zimbabwe",ZI,ZI01,-18.8911,32.6978,-2319701,20240327,https://www.zimbabwesituation.com/news/zimbabwes-toxic-gold-rush-how-would-be-treasure-hunters-are-causing-ecological-disaster/
1166362179,20240327,202403,2024,2024.2384,ZWE,ZIMBABWE,ZWE,,,,,,,,,,,,,,,,,,0,172,172,17,4,-5.0,20,2,20,-2.66048715967141,4,"Penhalonga, Manicaland, Zimbabwe",ZI,ZI01,-18.8911,32.6978,-2319701,0,,,,,,,4,"Penhalonga, Manicaland, Zimbabwe",ZI,ZI01,-18.8911,32.6978,-2319701,20240327,https://www.zimbabwesituation.com/news/zimbabwes-toxic-gold-rush-how-would-be-treasure-hunters-are-causing-ecological-disaster/
1166362180,20240327,202403,2024,2024.2384,ZWE,ZIMBABWE,ZWE,,,,,,,,ZWECVL,ZIMBABWE,ZWE,,,,,CVL,,,1,012,012,01,1,-0.4,8,2,8,-2.66048715967141,4,"Penhalonga, Manicaland, Zimbabwe",ZI,ZI01,-18.8911,32.6978,-2319701,4,"Penhalonga, Manicaland, Zimbabwe",ZI,ZI01,-18.8911,32.6978,-2319701,4,"Penhalonga, Manicaland, Zimbabwe",ZI,ZI01,-18.8911,32.6978,-2319701,20240327,https://www.zimbabwesituation.com/news/zimbabwes-toxic-gold-rush-how-would-be-treasure-hunters-are-causing-ecological-disaster/
1166362181,20240327,202403,2024,2024.2384,ZWECVL,ZIMBABWE,ZWE,,,,,CVL,,,,,,,,,,,,,1,012,012,01,1,-0.4,4,2,4,-2.66048715967141,4,"Penhalonga, Manicaland, Zimbabwe",ZI,ZI01,-18.8911,32.6978,-2319701,0,,,,,,,4,"Penhalonga, Manicaland, Zimbabwe",ZI,ZI01,-18.8911,32.6978,-2319701,20240327,https://www.zimbabwesituation.com/news/zimbabwes-toxic-gold-rush-how-would-be-treasure-hunters-are-causing-ecological-disaster/
1166363002,20240327,202403,2024,2024.2384,,,,,,,,,,,AUS,AUSTRALIA,AUS,,,,,,,,1,042,042,04,1,1.9,24,4,24,-1.1201267899289,0,,,,,,,4,"Red Lake, Western Australia, Australia",AS,AS08,-33.15,121.717,-1597153,4,"Red Lake, Western Australia, Australia",AS,AS08,-33.15,121.717,-1597153,20240327,https://www.finanznachrichten.de/nachrichten-2024-03/61802705-renegade-gold-inc-renegade-gold-arranges-dollar-3-400-000-private-placement-296.htm
1166363155,20240327,202403,2024,2024.2384,AUS,AUSTRALIA,AUS,,,,,,,,,,,,,,,,,,1,043,043,04,1,2.8,18,3,18,-1.71328260635208,1,United States,US,US,39.828175,-98.5795,US,0,,,,,,,1,United States,US,US,39.828175,-98.5795,US,20240327,https://www.finanznachrichten.de/nachrichten-2024-03/61802705-renegade-gold-inc-renegade-gold-arranges-dollar-3-400-000-private-placement-296.htm
1166363874,20240327,202403,2024,2024.2384,LEG,LEGISLATOR,,,,,,LEG,,,,,,,,,,,,,1,042,042,04,1,1.9,8,1,8,2.58899676375404,3,"Houston, Texas, United States",US,USTX,29.7633,-95.3633,1380948,0,,,,,,,3,"Houston, Texas, United States",US,USTX,29.7633,-95.3633,1380948,20240327,https://www.natlawreview.com/article/gold-dome-report-legislative-day-39-0
1166363875,20240327,202403,2024,2024.2384,LEG,LEGISLATOR,,,,,,LEG,,,,,,,,,,,,,1,042,042,04,1,1.9,2,1,2,2.58899676375404,1,Georgia,GG,GG,41.999981,43.499905,GG,0,,,,,,,1,Georgia,GG,GG,41.999981,43.499905,GG,20240327,https://www.natlawreview.com/article/gold-dome-report-legislative-day-39-0
1166366637,20240327,202403,2024,2024.2384,ZWE,ZIMBABWE,ZWE,,,,,,,,,,,,,,,,,,0,071,071,07,2,7.4,1,1,1,-2.95748613678373,4,"Kadoma, Osaka, Japan",JA,JA32,34.7333,135.583,-231498,0,,,,,,,4,"Penhalonga, Manicaland, Zimbabwe",ZI,ZI01,-18.8911,32.6978,-2319701,20240327,https://www.thezimbabwean.co/2024/03/zimbabwes-toxic-gold-rush-how-would-be-treasure-hunters-are-causing-ecological-disaster/
1166370834,20240327,202403,2024,2024.2384,TUN,ARIANA,TUN,,,,,,,,USA,UNITED STATES,USA,,,,,,,,1,036,036,03,1,4.0,3,1,2,5.82120582120582,3,"Hollywood, California, United States",US,USCA,34.0983,-118.327,1660757,3,"Hollywood, California, United States",US,USCA,34.0983,-118.327,1660757,3,"Hollywood, California, United States",US,USCA,34.0983,-118.327,1660757,20240327,https://www.goldderby.com/article/2024/ariana-debose-tony-awards-host/
1166370835,20240327,202403,2024,2024.2384,TUN,ARIANA,TUN,,,,,,,,USA,UNITED STATES,USA,,,,,,,,1,042,042,04,1,1.9,2,1,2,5.82120582120582,3,"Hollywood, California, United States",US,USCA,34.0983,-118.327,1660757,3,"Hollywood, California, United States",US,USCA,34.0983,-118.327,1660757,3,"Hollywood, California, United States",US,USCA,34.0983,-118.327,1660757,20240327,https://www.goldderby.com/article/2024/ariana-debose-tony-awards-host/
1166371137,20240327,202403,2024,2024.2384,USA,UNITED STATES,USA,,,,,,,,TUN,ARIANA,TUN,,,,,,,,1,036,036,03,1,4.0,3,1,2,5.82120582120582,3,"Hollywood, California, United States",US,USCA,34.0983,-118.327,1660757,3,"Hollywood, California, United States",US,USCA,34.0983,-118.327,1660757,3,"Hollywood, California, United States",US,USCA,34.0983,-118.327,1660757,20240327,https://www.goldderby.com/article/2024/ariana-debose-tony-awards-host/
1166371138,20240327,202403,2024,2024.2384,USA,UNITED STATES,USA,,,,,,,,TUN,ARIANA,TUN,,,,,,,,1,043,043,04,1,2.8,2,1,2,5.82120582120582,3,"Hollywood, California, United States",US,USCA,34.0983,-118.327,1660757,3,"Hollywood, California, United States",US,USCA,34.0983,-118.327,1660757,3,"Hollywood, California, United States",US,USCA,34.0983,-118.327,1660757,20240327,https://www.goldderby.com/article/2024/ariana-debose-tony-awards-host/
1166373928,20240327,202403,2024,2024.2384,AUS,AUSTRALIA,AUS,,,,,,,,,,,,,,,,,,1,043,043,04,1,2.8,6,1,6,0.65934065934066,4,"Red Lake, Western Australia, Australia",AS,AS08,-33.15,121.717,-1597153,0,,,,,,,4,"Red Lake, Western Australia, Australia",AS,AS08,-33.15,121.717,-1597153,20240327,https://www.juniorminingnetwork.com/junior-miner-news/press-releases/2121-tsx-venture/rage/158143-renegade-gold-arranges-3-400-000-private-placement.html
1166374762,20240327,202403,2024,2024.2384,MEX,MEXICO,MEX,,,,,,,,,,,,,,,,,,1,010,010,01,1,0.0,4,1,4,8.63309352517986,1,Canada,CA,CA,60,-96,CA,0,,,,,,,1,Canada,CA,CA,60,-96,CA,20240327,https://www.proactiveinvestors.com/companies/news/1044159/alamos-gold-to-acquire-argonaut-gold-and-merge-ontario-mines-1044159.html
1166378401,20240327,202403,2024,2024.2384,BUS,COMPANY,,,,,,BUS,,,,,,,,,,,,,1,010,010,01,1,0.0,36,6,36,0.869474697257345,4,"Abitibi, Canada (general), Canada",CA,CA00,48,-76,-576358,0,,,,,,,4,"Abitibi, Canada (general), Canada",CA,CA00,48,-76,-576358,20240327,https://www.marketscreener.com/quote/stock/DORE-COPPER-MINING-CORP-111381372/news/Dore-Copper-Identifies-Gold-Exploration-Potential-at-Norhart-Zone-Just-North-of-the-Former-Joe-Mann-46304303/
1166378423,20240327,202403,2024,2024.2384,BUS,COMPANY,,,,,,BUS,,,,,,,,,,,,,1,084,084,08,2,7.0,36,6,36,0.869474697257345,4,"Abitibi, Canada (general), Canada",CA,CA00,48,-76,-576358,0,,,,,,,2,"New York, United States",US,USNY,42.1497,-74.9384,NY,20240327,https://www.marketscreener.com/quote/stock/DORE-COPPER-MINING-CORP-111381372/news/Dore-Copper-Identifies-Gold-Exploration-Potential-at-Norhart-Zone-Just-North-of-the-Former-Joe-Mann-46304303/
1166378463,20240327,202403,2024,2024.2384,CAN,CANADA,CAN,,,,,,,,,,,,,,,,,,1,084,084,08,2,7.0,14,6,14,0.869474697257345,4,"Toronto, Ontario, Canada",CA,CA08,43.6667,-79.4167,-574890,0,,,,,,,4,"Toronto, Ontario, Canada",CA,CA08,43.6667,-79.4167,-574890,20240327,"https://www.streetinsider.com/Globe+Newswire/Dore+Copper+Identifies+Gold+Exploration+Potential+at+Norhart+Zone,+Just+North+of+the+Former+Joe+Mann+Mine/22989199.html"
1166378465,20240327,202403,2024,2024.2384,CAN,CANADA,CAN,,,,,,,,,,,,,,,,,,1,084,084,08,2,7.0,10,5,10,0.854899570189966,4,"Abitibi, Canada (general), Canada",CA,CA00,48,-76,-576358,0,,,,,,,4,"Abitibi, Canada (general), Canada",CA,CA00,48,-76,-576358,20240327,https://www.marketscreener.com/quote/stock/DORE-COPPER-MINING-CORP-111381372/news/Dore-Copper-Identifies-Gold-Exploration-Potential-at-Norhart-Zone-Just-North-of-the-Former-Joe-Mann-46304303/
1166378466,20240327,202403,2024,2024.2384,CAN,TORONTO,CAN,,,,,,,,BUS,COMPANY,,,,,,BUS,,,1,030,030,03,1,4.0,30,3,30,1.57771628730169,4,"Toronto, Ontario, Canada",CA,CA08,43.6667,-79.4167,-574890,4,"Toronto, Ontario, Canada",CA,CA08,43.6667,-79.4167,-574890,4,"Toronto, Ontario, Canada",CA,CA08,43.6667,-79.4167,-574890,20240327,https://www.streetinsider.com/Newsfile/Advanced+Gold+Exploration+Announces+Proposed+Debt+Settlement/22989021.html
1166378467,20240327,202403,2024,2024.2384,CAN,TORONTO,CAN,,,,,,,,BUS,COMPANY,,,,,,BUS,,,1,0312,031,03,1,5.2,30,3,30,1.57771628730169,4,"Toronto, Ontario, Canada",CA,CA08,43.6667,-79.4167,-574890,4,"Toronto, Ontario, Canada",CA,CA08,43.6667,-79.4167,-574890,4,"Toronto, Ontario, Canada",CA,CA08,43.6667,-79.4167,-574890,20240327,https://www.streetinsider.com/Newsfile/Advanced+Gold+Exploration+Announces+Proposed+Debt+Settlement/22989021.html
1166380304,20240327,202403,2024,2024.2384,BUS,COMPANY,,,,,,BUS,,,,,,,,,,,,,1,010,010,01,1,0.0,4,2,4,0.879733044303115,4,"Abitibi, Canada (general), Canada",CA,CA00,48,-76,-576358,0,,,,,,,4,"Toronto, Ontario, Canada",CA,CA08,43.6667,-79.4167,-574890,20240327,https://markets.businessinsider.com/news/stocks/dore-copper-identifies-gold-exploration-potential-at-norhart-zone-just-north-of-the-former-joe-mann-mine-1033203049
1166380310,20240327,202403,2024,2024.2384,BUS,INDUSTRY,,,,,,BUS,,,,,,,,,,,,,1,040,040,04,1,1.0,6,1,6,2.99727520435967,2,"North Dakota, United States",US,USND,47.5362,-99.793,ND,0,,,,,,,2,"North Dakota, United States",US,USND,47.5362,-99.793,ND,20240327,https://www.naturalnews.com/2024-03-27-putin-successfully-using-gold-defeat-international-sanctions.html
1166380318,20240327,202403,2024,2024.2384,BUS,COMPANY,,,,,,BUS,,,,,,,,,,,,,1,084,084,08,2,7.0,4,2,4,0.879733044303115,4,"Abitibi, Canada (general), Canada",CA,CA00,48,-76,-576358,0,,,,,,,4,"Toronto, Ontario, Canada",CA,CA08,43.6667,-79.4167,-574890,20240327,https://markets.businessinsider.com/news/stocks/dore-copper-identifies-gold-exploration-potential-at-norhart-zone-just-north-of-the-former-joe-mann-mine-1033203049
1166380320,20240327,202403,2024,2024.2384,BUS,CONGLOMERATE,,,,,,BUS,,,,,,,,,,,,,0,111,111,11,3,-2.0,3,1,3,3.42612419700214,4,"Saint Laurent, Pays de la Loire, France",FR,FRB5,47.3511,-0.949375,-1466568,0,,,,,,,4,"Saint Laurent, Pays de la Loire, France",FR,FRB5,47.3511,-0.949375,-1466568,20240327,https://fortune.com/2024/03/27/birkin-hermes-better-investment-than-gold/
1166380331,20240327,202403,2024,2024.2384,BUS,INDUSTRY,,,,,,BUS,,,RUS,RUSSIA,RUS,,,,,,,,1,040,040,04,1,1.0,2,1,2,2.99727520435967,4,"Moscow, Moskva, Russia",RS,RS48,55.7522,37.6156,-2960561,4,"Moscow, Moskva, Russia",RS,RS48,55.7522,37.6156,-2960561,2,"North Dakota, United States",US,USND,47.5362,-99.793,ND,20240327,https://www.naturalnews.com/2024-03-27-putin-successfully-using-gold-defeat-international-sanctions.html
1166380332,20240327,202403,2024,2024.2384,BUS,INDUSTRY,,,,,,BUS,,,RUS,RUSSIA,RUS,,,,,,,,1,040,040,04,1,1.0,2,1,2,2.99727520435967,2,"North Dakota, United States",US,USND,47.5362,-99.793,ND,2,"North Dakota, United States",US,USND,47.5362,-99.793,ND,2,"North Dakota, United States",US,USND,47.5362,-99.793,ND,20240327,https://www.naturalnews.com/2024-03-27-putin-successfully-using-gold-defeat-international-sanctions.html
1166380340,20240327,202403,2024,2024.2384,BUS,BUSINESS,,,,,,BUS,,,USAGOV,JOE BIDEN,USA,,,,,GOV,,,0,040,040,04,1,1.0,1,1,1,2.99727520435967,2,"North Dakota, United States",US,USND,47.5362,-99.793,ND,2,"Texas, United States",US,USTX,31.106,-97.6475,TX,2,"Texas, United States",US,USTX,31.106,-97.6475,TX,20240327,https://www.naturalnews.com/2024-03-27-putin-successfully-using-gold-defeat-international-sanctions.html
1166381403,20240327,202403,2024,2024.2384,USA,UNITED STATES,USA,,,,,,,,RUS,RUSSIA,RUS,,,,,,,,0,070,070,07,2,7.0,2,1,2,2.99727520435967,2,"North Dakota, United States",US,USND,47.5362,-99.793,ND,4,"Moscow, Moskva, Russia",RS,RS48,55.7522,37.6156,-2960561,4,"Moscow, Moskva, Russia",RS,RS48,55.7522,37.6156,-2960561,20240327,https://www.naturalnews.com/2024-03-27-putin-successfully-using-gold-defeat-international-sanctions.html
1166381404,20240327,202403,2024,2024.2384,USA,AMERICAN,USA,,,,,,,,RUS,RUSSIAN,RUS,,,,,,,,0,070,070,07,2,7.0,5,1,5,2.99727520435967,2,"North Dakota, United States",US,USND,47.5362,-99.793,ND,4,"Moscow, Moskva, Russia",RS,RS48,55.7522,37.6156,-2960561,2,"North Dakota, United States",US,USND,47.5362,-99.793,ND,20240327,https://www.naturalnews.com/2024-03-27-putin-successfully-using-gold-defeat-international-sanctions.html
1166381425,20240327,202403,2024,2024.2384,USA,TEXAS,USA,,,,,,,,USAGOV,JOE BIDEN,USA,,,,,GOV,,,0,040,040,04,1,1.0,6,1,6,2.99727520435967,2,"Texas, United States",US,USTX,31.106,-97.6475,TX,4,"Moscow, Moskva, Russia",RS,RS48,55.7522,37.6156,-2960561,4,"Moscow, Moskva, Russia",RS,RS48,55.7522,37.6156,-2960561,20240327,https://www.naturalnews.com/2024-03-27-putin-successfully-using-gold-defeat-international-sanctions.html
1166381478,20240327,202403,2024,2024.2384,USAGOV,JOE BIDEN,USA,,,,,GOV,,,BUS,BUSINESS,,,,,,BUS,,,0,040,040,04,1,1.0,1,1,1,2.99727520435967,2,"Texas, United States",US,USTX,31.106,-97.6475,TX,2,"North Dakota, United States",US,USND,47.5362,-99.793,ND,2,"Texas, United States",US,USTX,31.106,-97.6475,TX,20240327,https://www.naturalnews.com/2024-03-27-putin-successfully-using-gold-defeat-international-sanctions.html
1166381484,20240327,202403,2024,2024.2384,USAGOV,JOE BIDEN,USA,,,,,GOV,,,USA,TEXAS,USA,,,,,,,,0,040,040,04,1,1.0,6,1,6,2.99727520435967,4,"Moscow, Moskva, Russia",RS,RS48,55.7522,37.6156,-2960561,2,"Texas, United States",US,USTX,31.106,-97.6475,TX,4,"Moscow, Moskva, Russia",RS,RS48,55.7522,37.6156,-2960561,20240327,https://www.naturalnews.com/2024-03-27-putin-successfully-using-gold-defeat-international-sanctions.html
1166383233,20240327,202403,2024,2024.2384,PTY,POLITICIAN,,,,,,,,,EDU,COLLEGE,,,,,,EDU,,,0,020,020,02,1,3.0,10,1,10,-1.5177065767285,2,"Florida, United States",US,USFL,27.8333,-81.717,FL,2,"Florida, United States",US,USFL,27.8333,-81.717,FL,2,"Florida, United States",US,USFL,27.8333,-81.717,FL,20240327,https://triblive.com/opinion/jonah-goldberg-why-trumps-running-mate-is-less-likely-to-be-marco-rubio-than-marjorie-taylor-greene/
1166383350,20240327,202403,2024,2024.2384,USA,UNITED STATES,USA,,,,,,,,,,,,,,,,,,0,125,125,12,3,-5.0,2,1,2,-1.5177065767285,2,"Florida, United States",US,USFL,27.8333,-81.717,FL,0,,,,,,,2,"Florida, United States",US,USFL,27.8333,-81.717,FL,20240327,https://triblive.com/opinion/jonah-goldberg-why-trumps-running-mate-is-less-likely-to-be-marco-rubio-than-marjorie-taylor-greene/
1166386601,20240327,202403,2024,2024.2384,CAN,CANADA,CAN,,,,,,,,,,,,,,,,,,0,090,090,09,2,-2.0,2,1,2,-1.98618307426597,2,"New York, United States",US,USNY,42.1497,-74.9384,NY,0,,,,,,,2,"New York, United States",US,USNY,42.1497,-74.9384,NY,20240327,https://torontosun.com/opinion/columnists/goldstein-how-the-liberals-blew-their-credibility-on-the-carbon-tax
1166386615,20240327,202403,2024,2024.2384,CANBUS,EDMONTON,CAN,,,,,BUS,,,CAN,CANADA,CAN,,,,,,,,0,051,051,05,1,3.4,2,1,2,0.75839653304442,2,"New York, United States",US,USNY,42.1497,-74.9384,NY,2,"New York, United States",US,USNY,42.1497,-74.9384,NY,2,"New York, United States",US,USNY,42.1497,-74.9384,NY,20240327,https://torontosun.com/entertainment/television/whoopi-goldberg-storms-off-the-view-stage-to-confront-audience-member
1166386890,20240327,202403,2024,2024.2384,GOV,GOVERNMENT,,,,,,GOV,,,,,,,,,,,,,0,014,014,01,1,0.0,10,1,10,-1.98618307426597,4,"Toronto, Ontario, Canada",CA,CA08,43.6667,-79.4167,-574890,0,,,,,,,4,"Toronto, Ontario, Canada",CA,CA08,43.6667,-79.4167,-574890,20240327,https://torontosun.com/opinion/columnists/goldstein-how-the-liberals-blew-their-credibility-on-the-carbon-tax
1166391145,20240327,202403,2024,2024.2384,USA,UNITED STATES,USA,,,,,,,,,,,,,,,,,,1,030,030,03,1,4.0,6,1,6,6.55172413793103,2,"Maine, United States",US,USME,44.6074,-69.3977,ME,0,,,,,,,2,"Maine, United States",US,USME,44.6074,-69.3977,ME,20240327,https://b985.fm/ixp/698/p/york-beach-maine-goldenrod-most-famous/
1166392212,20240327,202403,2024,2024.2384,CAN,CANADA,CAN,,,,,,,,,,,,,,,,,,0,090,090,09,2,-2.0,4,1,4,-2.38532110091743,4,"Winnipeg, Manitoba, Canada",CA,CA03,49.8833,-97.1667,-576096,0,,,,,,,4,"Winnipeg, Manitoba, Canada",CA,CA03,49.8833,-97.1667,-576096,20240327,https://edmontonsun.com/opinion/columnists/goldstein-how-the-liberals-blew-their-credibility-on-the-carbon-tax/wcm/7b4fc56b-7456-41f1-8218-d644ff5d1503
1166392237,20240327,202403,2024,2024.2384,CANGOV,ALBERTA,CAN,,,,,GOV,,,CAN,EDMONTON,CAN,,,,,,,,1,012,012,01,1,-0.4,79,1,70,-0.855421367010509,4,"Winnipeg, Manitoba, Canada",CA,CA03,49.8833,-97.1667,-576096,4,"Winnipeg, Manitoba, Canada",CA,CA03,49.8833,-97.1667,-576096,4,"Winnipeg, Manitoba, Canada",CA,CA03,49.8833,-97.1667,-576096,20240327,https://edmontonsun.com/entertainment/television/whoopi-goldberg-storms-off-the-view-stage-to-confront-audience-member
1166392522,20240327,202403,2024,2024.2384,GOV,GOVERNMENT,,,,,,GOV,,,,,,,,,,,,,0,014,014,01,1,0.0,10,1,10,-2.38532110091743,4,"Winnipeg, Manitoba, Canada",CA,CA03,49.8833,-97.1667,-576096,0,,,,,,,4,"Winnipeg, Manitoba, Canada",CA,CA03,49.8833,-97.1667,-576096,20240327,https://edmontonsun.com/opinion/columnists/goldstein-how-the-liberals-blew-their-credibility-on-the-carbon-tax/wcm/7b4fc56b-7456-41f1-8218-d644ff5d1503
1166393336,20240327,202403,2024,2024.2384,USAELI,UNITED STATES,USA,,,,,ELI,,,USA,MAINE,USA,,,,,,,,1,060,060,06,2,6.0,2,1,2,1.38568129330254,3,"Aroostook County, Maine, United States",US,USME,46.6667,-68.5,581287,3,"Aroostook County, Maine, United States",US,USME,46.6667,-68.5,581287,3,"Aroostook County, Maine, United States",US,USME,46.6667,-68.5,581287,20240327,https://www.themainewire.com/2024/03/trump-endorses-austin-theriault-for-maine-cd2-slams-jared-golden-as-beholden-to-radical-left/
1166394008,20240327,202403,2024,2024.2384,BUS,COMPANY,,,,,,BUS,,,,,,,,,,,,,0,010,010,01,1,0.0,10,1,10,0.52521008403362,4,"Vancouver, British Columbia, Canada",CA,CA02,49.25,-123.133,-575268,0,,,,,,,4,"Vancouver, British Columbia, Canada",CA,CA02,49.25,-123.133,-575268,20240327,https://www.goldseiten.de/artikel/613248--VR-Closes-Financing-and-finalizes-plans-to-mobilize-drill-program-at-New-Boston.html
1166394817,20240327,202403,2024,2024.2384,USA,BOSTON,USA,,,,,,,,,,,,,,,,,,1,014,014,01,1,0.0,10,1,10,0.52521008403362,4,"Vancouver, British Columbia, Canada",CA,CA02,49.25,-123.133,-575268,0,,,,,,,4,"Vancouver, British Columbia, Canada",CA,CA02,49.25,-123.133,-575268,20240327,https://www.goldseiten.de/artikel/613248--VR-Closes-Financing-and-finalizes-plans-to-mobilize-drill-program-at-New-Boston.html
1166394818,20240327,202403,2024,2024.2384,USA,BOSTON,USA,,,,,,,,,,,,,,,,,,1,014,014,01,1,0.0,10,1,10,0.52521008403362,2,"Nevada, United States",US,USNV,38.4199,-117.122,NV,0,,,,,,,2,"Nevada, United States",US,USNV,38.4199,-117.122,NV,20240327,https://www.goldseiten.de/artikel/613248--VR-Closes-Financing-and-finalizes-plans-to-mobilize-drill-program-at-New-Boston.html
