GLOBALEVENTID,SQLDATE,MonthYear,Year,FractionDate,Actor1Code,Actor1Name,Actor1CountryCode,Actor1KnownGroupCode,Actor1EthnicCode,Actor1Religion1Code,Actor1Religion2Code,Actor1Type1Code,Actor1Type2Code,Actor1Type3Code,Actor2Code,Actor2Name,Actor2CountryCode,Actor2KnownGroupCode,Actor2EthnicCode,Actor2Religion1Code,Actor2Religion2Code,Actor2Type1Code,Actor2Type2Code,Actor2Type3Code,IsRootEvent,EventCode,EventBaseCode,EventRootCode,QuadClass,GoldsteinScale,NumMentions,NumSources,NumArticles,AvgTone,Actor1Geo_Type,Actor1Geo_FullName,Actor1Geo_CountryCode,Actor1Geo_ADM1Code,Actor1Geo_Lat,Actor1Geo_Long,Actor1Geo_FeatureID,Actor2Geo_Type,Actor2Geo_FullName,Actor2Geo_CountryCode,Actor2Geo_ADM1Code,Actor2Geo_Lat,Actor2Geo_Long,Actor2Geo_FeatureID,ActionGeo_Type,ActionGeo_FullName,ActionGeo_CountryCode,ActionGeo_ADM1Code,ActionGeo_Lat,ActionGeo_Long,ActionGeo_FeatureID,DATEADDED,SOURCEURL
1173687518,20240504,202405,2024,2024.3397,,,,,,,,,,,CVL,NEIGHBOURHOOD,,,,,,CVL,,,1,040,040,04,1,1.0,5,1,5,-4.48877805486285,0,,,,,,,2,"Virginia, United States",US,USVA,37.768,-78.2057,VA,2,"Virginia, United States",US,USVA,37.768,-78.2057,VA,20240504,https://winnipeg.ctvnews.ca/winnipeg-s-newest-tool-to-combat-arson-scooby-the-golden-lab-1.6872829
1173688009,20240504,202405,2024,2024.3397,CVL,NEIGHBOURHOOD,,,,,,CVL,,,,,,,,,,,,,1,040,040,04,1,1.0,5,1,5,-4.48877805486285,2,"Virginia, United States",US,USVA,37.768,-78.2057,VA,0,,,,,,,2,"Virginia, United States",US,USVA,37.768,-78.2057,VA,20240504,https://winnipeg.ctvnews.ca/winnipeg-s-newest-tool-to-combat-arson-scooby-the-golden-lab-1.6872829
1173694773,20240504,202405,2024,2024.3397,AUS,AUSTRALIA,AUS,,,,,,,,,,,,,,,,,,0,182,182,18,4,-9.5,2,1,2,-0.75187969924812,4,"Coffs Harbour, New South Wales, Australia",AS,AS02,-30.2963,153.114,-1566281,0,,,,,,,4,"Coffs Harbour, New South Wales, Australia",AS,AS02,-30.2963,153.114,-1566281,20240504,https://www.news.com.au/national/nsw-act/crime/heart-of-gold-tributes-for-slain-surfer-kye-schaefer/news-story/c016e6bb256fed2ad8ae906d1368198a
1173694774,20240504,202405,2024,2024.3397,AUS,AUSTRALIA,AUS,,,,,,,,,,,,,,,,,,0,182,182,18,4,-9.5,2,1,2,-0.75187969924812,4,"Coffs Harbour, New South Wales, Australia",AS,AS02,-30.2963,153.114,-1566281,0,,,,,,,1,Ghana,GH,GH,8,-2,GH,20240504,https://www.news.com.au/national/nsw-act/crime/heart-of-gold-tributes-for-slain-surfer-kye-schaefer/news-story/c016e6bb256fed2ad8ae906d1368198a
1173695140,20240504,202405,2024,2024.3397,GHA,GHANA,GHA,,,,,,,,AUS,AUSTRALIA,AUS,,,,,,,,1,010,010,01,1,0.0,4,1,4,-0.75187969924812,4,"Sydney, New South Wales, Australia",AS,AS02,-33.8833,151.217,-1603135,4,"Sydney, New South Wales, Australia",AS,AS02,-33.8833,151.217,-1603135,4,"Sydney, New South Wales, Australia",AS,AS02,-33.8833,151.217,-1603135,20240504,https://www.news.com.au/national/nsw-act/crime/heart-of-gold-tributes-for-slain-surfer-kye-schaefer/news-story/c016e6bb256fed2ad8ae906d1368198a
1173695141,20240504,202405,2024,2024.3397,GHA,GHANA,GHA,,,,,,,,GOV,GOVERNMENT,,,,,,GOV,,,1,020,020,02,1,3.0,14,2,14,-4.62949941234968,1,Ghana,GH,GH,8,-2,GH,1,Ghana,GH,GH,8,-2,GH,1,Ghana,GH,GH,8,-2,GH,20240504,https://www.news.com.au/national/nsw-act/crime/heart-of-gold-tributes-for-slain-surfer-kye-schaefer/news-story/c016e6bb256fed2ad8ae906d1368198a
1173695391,20240504,202405,2024,2024.3397,JUD,JUDGE,,,,,,JUD,,,,,,,,,,,,,1,051,051,05,1,3.4,16,2,16,-3.207074319563,2,"Massachusetts, United States",US,USMA,42.2373,-71.5314,MA,0,,,,,,,2,"Massachusetts, United States",US,USMA,42.2373,-71.5314,MA,20240504,https://www.wbur.org/news/2024/05/03/disciplinary-hearings-cannabis-commission-obrien-goldberg
1173695426,20240504,202405,2024,2024.3397,JUD,JUDGE,,,,,,JUD,,,USA,UNITED STATES,USA,,,,,,,,1,051,051,05,1,3.4,4,1,4,-5.75079872204473,2,"Massachusetts, United States",US,USMA,42.2373,-71.5314,MA,2,"Massachusetts, United States",US,USMA,42.2373,-71.5314,MA,2,"Massachusetts, United States",US,USMA,42.2373,-71.5314,MA,20240504,https://www.wbur.org/news/2024/05/03/disciplinary-hearings-cannabis-commission-obrien-goldberg
1173695880,20240504,202405,2024,2024.3397,USA,UNITED STATES,USA,,,,,,,,,,,,,,,,,,1,120,120,12,3,-4.0,4,1,4,-5.75079872204473,2,"Massachusetts, United States",US,USMA,42.2373,-71.5314,MA,0,,,,,,,2,"Massachusetts, United States",US,USMA,42.2373,-71.5314,MA,20240504,https://www.wbur.org/news/2024/05/03/disciplinary-hearings-cannabis-commission-obrien-goldberg
1173696307,20240504,202405,2024,2024.3397,CAN,CANADA,CAN,,,,,,,,,,,,,,,,,,1,010,010,01,1,0.0,16,2,16,4.29338103756708,4,"Eldorado, Saskatchewan, Canada",CA,CA11,59.55,-108.5,-564133,0,,,,,,,4,"Eldorado, Saskatchewan, Canada",CA,CA11,59.55,-108.5,-564133,20240504,https://www.dailypolitical.com/2024/05/03/insider-selling-eldorado-gold-co-tseeld-senior-officer-sells-7542-shares-of-stock.html
1173698107,20240504,202405,2024,2024.3397,COP,PRISON,,,,,,COP,,,,,,,,,,,,,1,173,173,17,4,-5.0,10,1,10,-4.43548387096778,4,"Athens, AttikíR, Greece",GR,GR35,37.9833,23.7333,-814876,0,,,,,,,4,"Athens, AttikíR, Greece",GR,GR35,37.9833,23.7333,-814876,20240504,https://www.newdelhitimes.com/head-of-greek-extreme-far-right-golden-dawn-party-is-granted-early-release-from-prison/
1173698140,20240504,202405,2024,2024.3397,CRM,CRIMINAL,,,,,,CRM,,,LEG,LAWMAKER,,,,,,LEG,,,1,173,173,17,4,-5.0,10,1,10,-4.43548387096778,4,"Athens, AttikíR, Greece",GR,GR35,37.9833,23.7333,-814876,4,"Athens, AttikíR, Greece",GR,GR35,37.9833,23.7333,-814876,4,"Athens, AttikíR, Greece",GR,GR35,37.9833,23.7333,-814876,20240504,https://www.newdelhitimes.com/head-of-greek-extreme-far-right-golden-dawn-party-is-granted-early-release-from-prison/
1173698384,20240504,202405,2024,2024.3397,GRC,ATHENS,GRC,,,,,,,,,,,,,,,,,,1,160,160,16,4,-4.0,10,1,10,-4.43548387096778,4,"Athens, AttikíR, Greece",GR,GR35,37.9833,23.7333,-814876,0,,,,,,,4,"Athens, AttikíR, Greece",GR,GR35,37.9833,23.7333,-814876,20240504,https://www.newdelhitimes.com/head-of-greek-extreme-far-right-golden-dawn-party-is-granted-early-release-from-prison/
1173698385,20240504,202405,2024,2024.3397,GRC,GREECE,GRC,,,,,,,,COP,PRISON,,,,,,COP,,,1,0841,084,08,2,7.0,4,1,4,-4.43548387096778,4,"Athens, AttikíR, Greece",GR,GR35,37.9833,23.7333,-814876,4,"Athens, AttikíR, Greece",GR,GR35,37.9833,23.7333,-814876,4,"Athens, AttikíR, Greece",GR,GR35,37.9833,23.7333,-814876,20240504,https://www.newdelhitimes.com/head-of-greek-extreme-far-right-golden-dawn-party-is-granted-early-release-from-prison/
1173698386,20240504,202405,2024,2024.3397,GRC,GREEK,GRC,,,,,,,,INDCOP,NEW DELHI,IND,,,,,COP,,,1,0841,084,08,2,7.0,6,1,6,-4.43548387096778,4,"Athens, AttikíR, Greece",GR,GR35,37.9833,23.7333,-814876,4,"Athens, AttikíR, Greece",GR,GR35,37.9833,23.7333,-814876,4,"Athens, AttikíR, Greece",GR,GR35,37.9833,23.7333,-814876,20240504,https://www.newdelhitimes.com/head-of-greek-extreme-far-right-golden-dawn-party-is-granted-early-release-from-prison/
1173698467,20240504,202405,2024,2024.3397,JUD,COUNCIL OF JUDGES,,,,,,JUD,,,,,,,,,,,,,1,020,020,02,1,3.0,6,1,6,-4.43548387096778,4,"Athens, AttikíR, Greece",GR,GR35,37.9833,23.7333,-814876,0,,,,,,,4,"Athens, AttikíR, Greece",GR,GR35,37.9833,23.7333,-814876,20240504,https://www.newdelhitimes.com/head-of-greek-extreme-far-right-golden-dawn-party-is-granted-early-release-from-prison/
1173698468,20240504,202405,2024,2024.3397,JUD,COUNCIL OF JUDGES,,,,,,JUD,,,,,,,,,,,,,1,030,030,03,1,4.0,6,1,6,-4.43548387096778,4,"Athens, AttikíR, Greece",GR,GR35,37.9833,23.7333,-814876,0,,,,,,,4,"Athens, AttikíR, Greece",GR,GR35,37.9833,23.7333,-814876,20240504,https://www.newdelhitimes.com/head-of-greek-extreme-far-right-golden-dawn-party-is-granted-early-release-from-prison/
1173698471,20240504,202405,2024,2024.3397,JUD,COUNCIL OF JUDGES,,,,,,JUD,,,,,,,,,,,,,1,084,084,08,2,7.0,6,1,6,-4.43548387096778,4,"Athens, AttikíR, Greece",GR,GR35,37.9833,23.7333,-814876,0,,,,,,,4,"Athens, AttikíR, Greece",GR,GR35,37.9833,23.7333,-814876,20240504,https://www.newdelhitimes.com/head-of-greek-extreme-far-right-golden-dawn-party-is-granted-early-release-from-prison/
1173698481,20240504,202405,2024,2024.3397,JUD,COUNCIL OF JUDGES,,,,,,JUD,,,GRC,GREECE,GRC,,,,,,,,1,020,020,02,1,3.0,4,1,4,-4.43548387096778,4,"Athens, AttikíR, Greece",GR,GR35,37.9833,23.7333,-814876,4,"Athens, AttikíR, Greece",GR,GR35,37.9833,23.7333,-814876,4,"Athens, AttikíR, Greece",GR,GR35,37.9833,23.7333,-814876,20240504,https://www.newdelhitimes.com/head-of-greek-extreme-far-right-golden-dawn-party-is-granted-early-release-from-prison/
1173698482,20240504,202405,2024,2024.3397,JUD,COUNCIL OF JUDGES,,,,,,JUD,,,GRC,GREECE,GRC,,,,,,,,1,030,030,03,1,4.0,4,1,4,-4.43548387096778,4,"Athens, AttikíR, Greece",GR,GR35,37.9833,23.7333,-814876,4,"Athens, AttikíR, Greece",GR,GR35,37.9833,23.7333,-814876,4,"Athens, AttikíR, Greece",GR,GR35,37.9833,23.7333,-814876,20240504,https://www.newdelhitimes.com/head-of-greek-extreme-far-right-golden-dawn-party-is-granted-early-release-from-prison/
1173698483,20240504,202405,2024,2024.3397,JUD,COUNCIL OF JUDGES,,,,,,JUD,,,GRC,GREECE,GRC,,,,,,,,1,084,084,08,2,7.0,4,1,4,-4.43548387096778,4,"Athens, AttikíR, Greece",GR,GR35,37.9833,23.7333,-814876,4,"Athens, AttikíR, Greece",GR,GR35,37.9833,23.7333,-814876,4,"Athens, AttikíR, Greece",GR,GR35,37.9833,23.7333,-814876,20240504,https://www.newdelhitimes.com/head-of-greek-extreme-far-right-golden-dawn-party-is-granted-early-release-from-prison/
1173699740,20240504,202405,2024,2024.3397,BUS,BANK,,,,,,BUS,,,,,,,,,,,,,1,172,172,17,4,-5.0,5,1,5,2,4,"Saigon, H? Chíinh, Vietnam, Republic Of",VM,VM20,10.75,106.667,-3730078,0,,,,,,,4,"Saigon, H? Chíinh, Vietnam, Republic Of",VM,VM20,10.75,106.667,-3730078,20240504,https://thoibaotaichinhvietnam.vn/central-bank-cancels-gold-auction-for-third-time-150050.html
1173700077,20240504,202405,2024,2024.3397,GOV,PRESIDENT,,,,,,GOV,,,VNM,VIETNAM,VNM,,,,,,,,1,020,020,02,1,3.0,3,1,3,2,4,"Saigon, H? Chíinh, Vietnam, Republic Of",VM,VM20,10.75,106.667,-3730078,4,"Saigon, H? Chíinh, Vietnam, Republic Of",VM,VM20,10.75,106.667,-3730078,4,"Saigon, H? Chíinh, Vietnam, Republic Of",VM,VM20,10.75,106.667,-3730078,20240504,https://thoibaotaichinhvietnam.vn/central-bank-cancels-gold-auction-for-third-time-150050.html
1173700190,20240504,202405,2024,2024.3397,ITA,ITALY,ITA,,,,,,,,,,,,,,,,,,1,051,051,05,1,3.4,8,2,8,0.66566310080499,1,Italy,IT,IT,42.833333,12.833333,IT,0,,,,,,,1,Italy,IT,IT,42.833333,12.833333,IT,20240504,https://pagesix.com/2024/05/03/gossip/hope-hicks-engaged-to-goldman-sachs-exec-jim-donovan/
1173700659,20240504,202405,2024,2024.3397,USA,NEW YORK,USA,,,,,,,,USAGOV,THE WHITE HOUSE,USA,,,,,GOV,,,1,040,040,04,1,1.0,1,1,1,-1.24378109452736,1,Italy,IT,IT,42.833333,12.833333,IT,1,Italy,IT,IT,42.833333,12.833333,IT,1,Italy,IT,IT,42.833333,12.833333,IT,20240504,https://pagesix.com/2024/05/03/gossip/hope-hicks-engaged-to-goldman-sachs-exec-jim-donovan/
1173700660,20240504,202405,2024,2024.3397,USA,NEW YORK,USA,,,,,,,,USAGOV,THE WHITE HOUSE,USA,,,,,GOV,,,1,040,040,04,1,1.0,2,1,2,-1.24378109452736,2,"New York, United States",US,USNY,42.1497,-74.9384,NY,3,"White House, District of Columbia, United States",US,USDC,38.8951,-77.0364,531871,2,"New York, United States",US,USNY,42.1497,-74.9384,NY,20240504,https://pagesix.com/2024/05/03/gossip/hope-hicks-engaged-to-goldman-sachs-exec-jim-donovan/
1173700700,20240504,202405,2024,2024.3397,USAGOV,THE WHITE HOUSE,USA,,,,,GOV,,,USA,NEW YORK,USA,,,,,,,,1,040,040,04,1,1.0,1,1,1,-1.24378109452736,3,"White House, District of Columbia, United States",US,USDC,38.8951,-77.0364,531871,2,"New York, United States",US,USNY,42.1497,-74.9384,NY,2,"New York, United States",US,USNY,42.1497,-74.9384,NY,20240504,https://pagesix.com/2024/05/03/gossip/hope-hicks-engaged-to-goldman-sachs-exec-jim-donovan/
1173700701,20240504,202405,2024,2024.3397,USAGOV,THE WHITE HOUSE,USA,,,,,GOV,,,USA,NEW YORK,USA,,,,,,,,1,040,040,04,1,1.0,1,1,1,-1.24378109452736,1,Italy,IT,IT,42.833333,12.833333,IT,1,Italy,IT,IT,42.833333,12.833333,IT,1,Italy,IT,IT,42.833333,12.833333,IT,20240504,https://pagesix.com/2024/05/03/gossip/hope-hicks-engaged-to-goldman-sachs-exec-jim-donovan/
1173700737,20240504,202405,2024,2024.3397,VNM,VIETNAM,VNM,,,,,,,,GOV,PRESIDENT,,,,,,GOV,,,1,020,020,02,1,3.0,4,1,4,2,4,"Saigon, H? Chíinh, Vietnam, Republic Of",VM,VM20,10.75,106.667,-3730078,4,"Saigon, H? Chíinh, Vietnam, Republic Of",VM,VM20,10.75,106.667,-3730078,4,"Saigon, H? Chíinh, Vietnam, Republic Of",VM,VM20,10.75,106.667,-3730078,20240504,https://thoibaotaichinhvietnam.vn/central-bank-cancels-gold-auction-for-third-time-150050.html
1173700740,20240504,202405,2024,2024.3397,VNMBUS,VIETNAM,VNM,,,,,BUS,,,,,,,,,,,,,1,111,111,11,3,-2.0,6,1,6,2,4,"Saigon, H? Chíinh, Vietnam, Republic Of",VM,VM20,10.75,106.667,-3730078,0,,,,,,,4,"Saigon, H? Chíinh, Vietnam, Republic Of",VM,VM20,10.75,106.667,-3730078,20240504,https://thoibaotaichinhvietnam.vn/central-bank-cancels-gold-auction-for-third-time-150050.html
1173700741,20240504,202405,2024,2024.3397,VNMBUS,VIETNAM,VNM,,,,,BUS,,,VNM,VIETNAM,VNM,,,,,,,,1,111,111,11,3,-2.0,4,1,4,2,4,"Saigon, H? Chíinh, Vietnam, Republic Of",VM,VM20,10.75,106.667,-3730078,4,"Saigon, H? Chíinh, Vietnam, Republic Of",VM,VM20,10.75,106.667,-3730078,4,"Saigon, H? Chíinh, Vietnam, Republic Of",VM,VM20,10.75,106.667,-3730078,20240504,https://thoibaotaichinhvietnam.vn/central-bank-cancels-gold-auction-for-third-time-150050.html
1173701581,20240504,202405,2024,2024.3397,,,,,,,,,,,AFG,AFGHANISTAN,AFG,,,,,,,,0,020,020,02,1,3.0,4,1,4,1.21107266435987,0,,,,,,,4,"Kabul, Kabol, Afghanistan",AF,AF13,34.5167,69.1833,-3378435,4,"Kabul, Kabol, Afghanistan",AF,AF13,34.5167,69.1833,-3378435,20240504,https://timesofindia.indiatimes.com/city/mumbai/afghan-diplomat-caught-in-mumbai-with-25kg-gold/articleshow/109827531.cms
1173701738,20240504,202405,2024,2024.3397,AFG,AFGHAN,AFG,,,,,,,,AFGCVL,AFGHANISTAN,AFG,,,,,CVL,,,0,060,060,06,2,6.0,1,1,1,1.21107266435987,4,"Mumbai, Maharashtra, India",IN,IN16,18.975,72.8258,-2092174,4,"Mumbai, Maharashtra, India",IN,IN16,18.975,72.8258,-2092174,4,"Mumbai, Maharashtra, India",IN,IN16,18.975,72.8258,-2092174,20240504,https://timesofindia.indiatimes.com/city/mumbai/afghan-diplomat-caught-in-mumbai-with-25kg-gold/articleshow/109827531.cms
1173701739,20240504,202405,2024,2024.3397,AFG,AFGHAN,AFG,,,,,,,,AFGCVL,AFGHANISTAN,AFG,,,,,CVL,,,0,060,060,06,2,6.0,1,1,1,1.21107266435987,4,"Kabul, Kabol, Afghanistan",AF,AF13,34.5167,69.1833,-3378435,4,"Kabul, Kabol, Afghanistan",AF,AF13,34.5167,69.1833,-3378435,4,"Kabul, Kabol, Afghanistan",AF,AF13,34.5167,69.1833,-3378435,20240504,https://timesofindia.indiatimes.com/city/mumbai/afghan-diplomat-caught-in-mumbai-with-25kg-gold/articleshow/109827531.cms
1173701740,20240504,202405,2024,2024.3397,AFG,AFGHANISTAN,AFG,,,,,,,,IND,MUMBAI,IND,,,,,,,,0,042,042,04,1,1.9,2,1,2,1.21107266435987,4,"Mumbai, Maharashtra, India",IN,IN16,18.975,72.8258,-2092174,4,"Mumbai, Maharashtra, India",IN,IN16,18.975,72.8258,-2092174,4,"Kabul, Kabol, Afghanistan",AF,AF13,34.5167,69.1833,-3378435,20240504,https://timesofindia.indiatimes.com/city/mumbai/afghan-diplomat-caught-in-mumbai-with-25kg-gold/articleshow/109827531.cms
1173701741,20240504,202405,2024,2024.3397,AFG,AFGHANISTAN,AFG,,,,,,,,IND,MUMBAI,IND,,,,,,,,0,042,042,04,1,1.9,2,1,2,1.21107266435987,4,"Kabul, Kabol, Afghanistan",AF,AF13,34.5167,69.1833,-3378435,4,"Delhi, Delhi, India",IN,IN07,28.6667,77.2167,-2094230,4,"Delhi, Delhi, India",IN,IN07,28.6667,77.2167,-2094230,20240504,https://timesofindia.indiatimes.com/city/mumbai/afghan-diplomat-caught-in-mumbai-with-25kg-gold/articleshow/109827531.cms
1173701742,20240504,202405,2024,2024.3397,AFGCVL,AFGHAN,AFG,,,,,CVL,,,,,,,,,,,,,0,060,060,06,2,6.0,6,1,6,1.21107266435987,4,"Kabul, Kabol, Afghanistan",AF,AF13,34.5167,69.1833,-3378435,0,,,,,,,4,"Kabul, Kabol, Afghanistan",AF,AF13,34.5167,69.1833,-3378435,20240504,https://timesofindia.indiatimes.com/city/mumbai/afghan-diplomat-caught-in-mumbai-with-25kg-gold/articleshow/109827531.cms
1173701743,20240504,202405,2024,2024.3397,AFGINSTALGOV,TALIBAN,AFG,TAL,,,,INS,GOV,,AFGCVL,AFGHANISTAN,AFG,,,,,CVL,,,0,070,070,07,2,7.0,1,1,1,1.21107266435987,4,"Mumbai, Maharashtra, India",IN,IN16,18.975,72.8258,-2092174,4,"Kabul, Kabol, Afghanistan",AF,AF13,34.5167,69.1833,-3378435,4,"Hyderabad, Andhra Pradesh, India",IN,IN02,17.3753,78.4744,-2097701,20240504,https://timesofindia.indiatimes.com/city/mumbai/afghan-diplomat-caught-in-mumbai-with-25kg-gold/articleshow/109827531.cms
1173701744,20240504,202405,2024,2024.3397,AFGINSTALGOV,TALIBAN,AFG,TAL,,,,INS,GOV,,AFGCVL,AFGHANISTAN,AFG,,,,,CVL,,,0,070,070,07,2,7.0,1,1,1,1.21107266435987,4,"Kabul, Kabol, Afghanistan",AF,AF13,34.5167,69.1833,-3378435,4,"Mumbai, Maharashtra, India",IN,IN16,18.975,72.8258,-2092174,4,"Mumbai, Maharashtra, India",IN,IN16,18.975,72.8258,-2092174,20240504,https://timesofindia.indiatimes.com/city/mumbai/afghan-diplomat-caught-in-mumbai-with-25kg-gold/articleshow/109827531.cms
1173702173,20240504,202405,2024,2024.3397,IND,MUMBAI,IND,,,,,,,,AFG,AFGHANISTAN,AFG,,,,,,,,0,043,043,04,1,2.8,4,1,4,0.932868574405795,4,"Mumbai, Maharashtra, India",IN,IN16,18.975,72.8258,-2092174,4,"Kabul, Kabol, Afghanistan",AF,AF13,34.5167,69.1833,-3378435,4,"Mumbai, Maharashtra, India",IN,IN16,18.975,72.8258,-2092174,20240504,https://timesofindia.indiatimes.com/city/mumbai/afghan-diplomat-caught-in-mumbai-with-25kg-gold/articleshow/109827531.cms
1173702174,20240504,202405,2024,2024.3397,IND,MUMBAI,IND,,,,,,,,AFG,AFGHANISTAN,AFG,,,,,,,,0,043,043,04,1,2.8,4,1,4,0.932868574405795,4,"Kabul, Kabol, Afghanistan",AF,AF13,34.5167,69.1833,-3378435,4,"Kabul, Kabol, Afghanistan",AF,AF13,34.5167,69.1833,-3378435,4,"Kabul, Kabol, Afghanistan",AF,AF13,34.5167,69.1833,-3378435,20240504,https://timesofindia.indiatimes.com/city/mumbai/afghan-diplomat-caught-in-mumbai-with-25kg-gold/articleshow/109827531.cms
1173703007,20240504,202405,2024,2024.3397,AUS,AUSTRALIA,AUS,,,,,,,,,,,,,,,,,,1,051,051,05,1,3.4,475,40,471,6.80850053930566,1,Australia,AS,AS,-25,135,AS,0,,,,,,,1,Australia,AS,AS,-25,135,AS,20240504,https://www.goldcoastbulletin.com.au/news/opinion/cmon-australia-lets-give-nicole-the-love-she-deserves/news-story/4c378d266fd54238e75417395af908db?nk=3b62fad7a2bf0d304502a6ba26036942-1714789029
1173703301,20240504,202405,2024,2024.3397,GBR,UNITED KINGDOM,GBR,,,,,,,,,,,,,,,,,,1,160,160,16,4,-4.0,6,2,6,1.64643779855393,4,"London, London, City of, United Kingdom",UK,UKH9,51.5,-0.116667,-2601889,0,,,,,,,4,"London, London, City of, United Kingdom",UK,UKH9,51.5,-0.116667,-2601889,20240504,https://themusic.com.au/industry/royel-otis-go-gold-with-sophie-ellis-bextor-cover/TW3zQUBDQkU/04-05-24
1173703637,20240504,202405,2024,2024.3397,MNCUSAMED,GOOGLE,USA,,,,,MNC,MED,,,,,,,,,,,,0,010,010,01,1,0.0,5,1,5,4.6583850931677,4,"Gusau, Zamfara, Nigeria",NI,NI57,12.1628,6.66135,-2009875,0,,,,,,,4,"Gusau, Zamfara, Nigeria",NI,NI57,12.1628,6.66135,-2009875,20240504,https://quicknews-africa.net/zamfara-cbn-inks-n5bn-gold-deal/
1173703832,20240504,202405,2024,2024.3397,USA,AMERICAN,USA,,,,,,,,,,,,,,,,,,1,051,051,05,1,3.4,168,8,168,4.58176584956838,1,Australia,AS,AS,-25,135,AS,0,,,,,,,1,Australia,AS,AS,-25,135,AS,20240504,https://www.goldcoastbulletin.com.au/news/opinion/cmon-australia-lets-give-nicole-the-love-she-deserves/news-story/4c378d266fd54238e75417395af908db?nk=3b62fad7a2bf0d304502a6ba26036942-1714789029
1173704735,20240504,202405,2024,2024.3397,EDU,PROFESSOR,,,,,,EDU,,,GBR,LONDON,GBR,,,,,,,,1,043,043,04,1,2.8,87,20,83,-4.09435347078261,4,"London, London, City of, United Kingdom",UK,UKH9,51.5,-0.116667,-2601889,4,"London, London, City of, United Kingdom",UK,UKH9,51.5,-0.116667,-2601889,4,"London, London, City of, United Kingdom",UK,UKH9,51.5,-0.116667,-2601889,20240504,https://artdaily.com/news/168952/Lesley-Lokko-receives-King-s-Royal-Gold-Medal-for-Architecture
1173704754,20240504,202405,2024,2024.3397,EDU,PROFESSOR,,,,,,EDU,,,USA,PORTLAND,USA,,,,,,,,1,043,043,04,1,2.8,4,1,4,4.76190476190476,4,"London, London, City of, United Kingdom",UK,UKH9,51.5,-0.116667,-2601889,4,"London, London, City of, United Kingdom",UK,UKH9,51.5,-0.116667,-2601889,4,"London, London, City of, United Kingdom",UK,UKH9,51.5,-0.116667,-2601889,20240504,https://artdaily.com/news/168952/Lesley-Lokko-receives-King-s-Royal-Gold-Medal-for-Architecture
1173704808,20240504,202405,2024,2024.3397,GBR,LONDON,GBR,,,,,,,,EDU,PROFESSOR,,,,,,EDU,,,1,017,017,01,1,0.0,6,2,6,-0.06265664160401,4,"London, London, City of, United Kingdom",UK,UKH9,51.5,-0.116667,-2601889,4,"London, London, City of, United Kingdom",UK,UKH9,51.5,-0.116667,-2601889,4,"London, London, City of, United Kingdom",UK,UKH9,51.5,-0.116667,-2601889,20240504,https://artdaily.com/news/168952/Lesley-Lokko-receives-King-s-Royal-Gold-Medal-for-Architecture
1173704809,20240504,202405,2024,2024.3397,GBR,LONDON,GBR,,,,,,,,EDU,PROFESSOR,,,,,,EDU,,,1,042,042,04,1,1.9,1,1,1,4.76190476190476,4,"London, London, City of, United Kingdom",UK,UKH9,51.5,-0.116667,-2601889,1,Ghana,GH,GH,8,-2,GH,4,"London, London, City of, United Kingdom",UK,UKH9,51.5,-0.116667,-2601889,20240504,https://artdaily.com/news/168952/Lesley-Lokko-receives-King-s-Royal-Gold-Medal-for-Architecture
1173704810,20240504,202405,2024,2024.3397,GBR,UNITED KINGDOM,GBR,,,,,,,,EDU,PROFESSOR,,,,,,EDU,,,1,042,042,04,1,1.9,2,1,2,4.76190476190476,4,"London, London, City of, United Kingdom",UK,UKH9,51.5,-0.116667,-2601889,1,Ghana,GH,GH,8,-2,GH,1,Ghana,GH,GH,8,-2,GH,20240504,https://artdaily.com/news/168952/Lesley-Lokko-receives-King-s-Royal-Gold-Medal-for-Architecture
1173704811,20240504,202405,2024,2024.3397,GBR,LONDON,GBR,,,,,,,,EDU,PROFESSOR,,,,,,EDU,,,1,042,042,04,1,1.9,1,1,1,4.76190476190476,1,Ghana,GH,GH,8,-2,GH,1,Ghana,GH,GH,8,-2,GH,1,Ghana,GH,GH,8,-2,GH,20240504,https://artdaily.com/news/168952/Lesley-Lokko-receives-King-s-Royal-Gold-Medal-for-Architecture
1173704812,20240504,202405,2024,2024.3397,GBR,LONDON,GBR,,,,,,,,EDU,PROFESSOR,,,,,,EDU,,,1,051,051,05,1,3.4,8,2,8,0.684523809523805,4,"London, London, City of, United Kingdom",UK,UKH9,51.5,-0.116667,-2601889,4,"London, London, City of, United Kingdom",UK,UKH9,51.5,-0.116667,-2601889,4,"London, London, City of, United Kingdom",UK,UKH9,51.5,-0.116667,-2601889,20240504,https://artdaily.com/news/168952/Lesley-Lokko-receives-King-s-Royal-Gold-Medal-for-Architecture
1173704814,20240504,202405,2024,2024.3397,GBR,LONDON,GBR,,,,,,,,GBREDU,UNITED KINGDOM,GBR,,,,,EDU,,,1,017,017,01,1,0.0,1,1,1,4.76190476190476,4,"London, London, City of, United Kingdom",UK,UKH9,51.5,-0.116667,-2601889,4,"London, London, City of, United Kingdom",UK,UKH9,51.5,-0.116667,-2601889,4,"London, London, City of, United Kingdom",UK,UKH9,51.5,-0.116667,-2601889,20240504,https://artdaily.com/news/168952/Lesley-Lokko-receives-King-s-Royal-Gold-Medal-for-Architecture
1173704815,20240504,202405,2024,2024.3397,GBR,LONDON,GBR,,,,,,,,GBREDU,UNITED KINGDOM,GBR,,,,,EDU,,,1,042,042,04,1,1.9,1,1,1,4.76190476190476,4,"London, London, City of, United Kingdom",UK,UKH9,51.5,-0.116667,-2601889,1,Ghana,GH,GH,8,-2,GH,1,Ghana,GH,GH,8,-2,GH,20240504,https://artdaily.com/news/168952/Lesley-Lokko-receives-King-s-Royal-Gold-Medal-for-Architecture
1173704816,20240504,202405,2024,2024.3397,GBR,LONDON,GBR,,,,,,,,GBREDU,UNITED KINGDOM,GBR,,,,,EDU,,,1,051,051,05,1,3.4,1,1,1,4.76190476190476,4,"London, London, City of, United Kingdom",UK,UKH9,51.5,-0.116667,-2601889,4,"London, London, City of, United Kingdom",UK,UKH9,51.5,-0.116667,-2601889,4,"London, London, City of, United Kingdom",UK,UKH9,51.5,-0.116667,-2601889,20240504,https://artdaily.com/news/168952/Lesley-Lokko-receives-King-s-Royal-Gold-Medal-for-Architecture
1173704825,20240504,202405,2024,2024.3397,GBREDU,UNITED KINGDOM,GBR,,,,,EDU,,,GBR,LONDON,GBR,,,,,,,,1,043,043,04,1,2.8,1,1,1,4.76190476190476,4,"London, London, City of, United Kingdom",UK,UKH9,51.5,-0.116667,-2601889,4,"London, London, City of, United Kingdom",UK,UKH9,51.5,-0.116667,-2601889,4,"London, London, City of, United Kingdom",UK,UKH9,51.5,-0.116667,-2601889,20240504,https://artdaily.com/news/168952/Lesley-Lokko-receives-King-s-Royal-Gold-Medal-for-Architecture
1173704826,20240504,202405,2024,2024.3397,GBREDU,UNITED KINGDOM,GBR,,,,,EDU,,,USA,PORTLAND,USA,,,,,,,,1,043,043,04,1,2.8,1,1,1,4.76190476190476,4,"London, London, City of, United Kingdom",UK,UKH9,51.5,-0.116667,-2601889,4,"London, London, City of, United Kingdom",UK,UKH9,51.5,-0.116667,-2601889,4,"London, London, City of, United Kingdom",UK,UKH9,51.5,-0.116667,-2601889,20240504,https://artdaily.com/news/168952/Lesley-Lokko-receives-King-s-Royal-Gold-Medal-for-Architecture
1173705369,20240504,202405,2024,2024.3397,USA,PORTLAND,USA,,,,,,,,EDU,PROFESSOR,,,,,,EDU,,,1,017,017,01,1,0.0,4,1,4,4.76190476190476,4,"London, London, City of, United Kingdom",UK,UKH9,51.5,-0.116667,-2601889,4,"London, London, City of, United Kingdom",UK,UKH9,51.5,-0.116667,-2601889,4,"London, London, City of, United Kingdom",UK,UKH9,51.5,-0.116667,-2601889,20240504,https://artdaily.com/news/168952/Lesley-Lokko-receives-King-s-Royal-Gold-Medal-for-Architecture
1173705372,20240504,202405,2024,2024.3397,USA,PORTLAND,USA,,,,,,,,EDU,PROFESSOR,,,,,,EDU,,,1,042,042,04,1,1.9,1,1,1,4.76190476190476,4,"London, London, City of, United Kingdom",UK,UKH9,51.5,-0.116667,-2601889,1,Ghana,GH,GH,8,-2,GH,4,"London, London, City of, United Kingdom",UK,UKH9,51.5,-0.116667,-2601889,20240504,https://artdaily.com/news/168952/Lesley-Lokko-receives-King-s-Royal-Gold-Medal-for-Architecture
1173705373,20240504,202405,2024,2024.3397,USA,PORTLAND,USA,,,,,,,,EDU,PROFESSOR,,,,,,EDU,,,1,042,042,04,1,1.9,3,1,3,4.76190476190476,4,"London, London, City of, United Kingdom",UK,UKH9,51.5,-0.116667,-2601889,1,Ghana,GH,GH,8,-2,GH,1,Ghana,GH,GH,8,-2,GH,20240504,https://artdaily.com/news/168952/Lesley-Lokko-receives-King-s-Royal-Gold-Medal-for-Architecture
1173705378,20240504,202405,2024,2024.3397,USA,PORTLAND,USA,,,,,,,,EDU,PROFESSOR,,,,,,EDU,,,1,051,051,05,1,3.4,4,1,4,4.76190476190476,4,"London, London, City of, United Kingdom",UK,UKH9,51.5,-0.116667,-2601889,4,"London, London, City of, United Kingdom",UK,UKH9,51.5,-0.116667,-2601889,4,"London, London, City of, United Kingdom",UK,UKH9,51.5,-0.116667,-2601889,20240504,https://artdaily.com/news/168952/Lesley-Lokko-receives-King-s-Royal-Gold-Medal-for-Architecture
1173705400,20240504,202405,2024,2024.3397,USA,PORTLAND,USA,,,,,,,,GBREDU,UNITED KINGDOM,GBR,,,,,EDU,,,1,017,017,01,1,0.0,1,1,1,4.76190476190476,4,"London, London, City of, United Kingdom",UK,UKH9,51.5,-0.116667,-2601889,4,"London, London, City of, United Kingdom",UK,UKH9,51.5,-0.116667,-2601889,4,"London, London, City of, United Kingdom",UK,UKH9,51.5,-0.116667,-2601889,20240504,https://artdaily.com/news/168952/Lesley-Lokko-receives-King-s-Royal-Gold-Medal-for-Architecture
1173705401,20240504,202405,2024,2024.3397,USA,PORTLAND,USA,,,,,,,,GBREDU,UNITED KINGDOM,GBR,,,,,EDU,,,1,042,042,04,1,1.9,1,1,1,4.76190476190476,4,"London, London, City of, United Kingdom",UK,UKH9,51.5,-0.116667,-2601889,1,Ghana,GH,GH,8,-2,GH,1,Ghana,GH,GH,8,-2,GH,20240504,https://artdaily.com/news/168952/Lesley-Lokko-receives-King-s-Royal-Gold-Medal-for-Architecture
1173705402,20240504,202405,2024,2024.3397,USA,PORTLAND,USA,,,,,,,,GBREDU,UNITED KINGDOM,GBR,,,,,EDU,,,1,051,051,05,1,3.4,1,1,1,4.76190476190476,4,"London, London, City of, United Kingdom",UK,UKH9,51.5,-0.116667,-2601889,4,"London, London, City of, United Kingdom",UK,UKH9,51.5,-0.116667,-2601889,4,"London, London, City of, United Kingdom",UK,UKH9,51.5,-0.116667,-2601889,20240504,https://artdaily.com/news/168952/Lesley-Lokko-receives-King-s-Royal-Gold-Medal-for-Architecture
1173707557,20240504,202405,2024,2024.3397,ELI,ACTOR,,,,,,ELI,,,,,,,,,,,,,0,010,010,01,1,0.0,24,4,24,1.60730123088438,4,"London, London, City of, United Kingdom",UK,UKH9,51.5,-0.116667,-2601889,0,,,,,,,4,"London, London, City of, United Kingdom",UK,UKH9,51.5,-0.116667,-2601889,20240504,https://www.kingdomfm.co.uk/news/showbiz/is-now-a-golden-age-for-original-musicals-on-the-west-end/
1173707559,20240504,202405,2024,2024.3397,ELI,ACTOR,,,,,,ELI,,,,,,,,,,,,,1,010,010,01,1,0.0,12,2,12,-0.379068315768075,1,United Kingdom,UK,UK,54,-4,UK,0,,,,,,,1,United Kingdom,UK,UK,54,-4,UK,20240504,https://www.seasideradio.co.uk/news/entertainment/item/101227-is-now-a-golden-age-for-original-musicals-on-the-west-end
1173707564,20240504,202405,2024,2024.3397,ELI,ACTOR,,,,,,ELI,,,USA,UNITED STATES,USA,,,,,,,,0,010,010,01,1,0.0,16,4,16,1.60730123088438,4,"London, London, City of, United Kingdom",UK,UKH9,51.5,-0.116667,-2601889,4,"London, London, City of, United Kingdom",UK,UKH9,51.5,-0.116667,-2601889,4,"London, London, City of, United Kingdom",UK,UKH9,51.5,-0.116667,-2601889,20240504,https://www.kingdomfm.co.uk/news/showbiz/is-now-a-golden-age-for-original-musicals-on-the-west-end/
1173707565,20240504,202405,2024,2024.3397,ELI,ACTOR,,,,,,ELI,,,USA,UNITED STATES,USA,,,,,,,,1,010,010,01,1,0.0,4,1,4,1.82584269662922,1,United Kingdom,UK,UK,54,-4,UK,1,United Kingdom,UK,UK,54,-4,UK,1,United Kingdom,UK,UK,54,-4,UK,20240504,https://www.seasideradio.co.uk/news/entertainment/item/101227-is-now-a-golden-age-for-original-musicals-on-the-west-end
1173707735,20240504,202405,2024,2024.3397,ITA,SICILY,ITA,,,,,,,,,,,,,,,,,,1,010,010,01,1,0.0,30,3,30,7.52688172043011,3,"Miami, Florida, United States",US,USFL,25.7743,-80.1937,295004,0,,,,,,,3,"Miami, Florida, United States",US,USFL,25.7743,-80.1937,295004,20240504,https://www.saobserver.net/community/friends-sought-to-stay-golden-for-north-okanagan-fundraiser-7353767
1173707995,20240504,202405,2024,2024.3397,USA,UNITED STATES,USA,,,,,,,,,,,,,,,,,,0,051,051,05,1,3.4,1,1,1,2.55033557046979,3,"Sonoma, California, United States",US,USCA,38.2919,-122.458,277617,0,,,,,,,3,"San Francisco, California, United States",US,USCA,37.7749,-122.419,277593,20240504,https://www.marinij.com/2024/05/03/golden-gate-bridge-district-plans-for-post-pandemic-future/
1173707996,20240504,202405,2024,2024.3397,USA,UNITED STATES,USA,,,,,,,,,,,,,,,,,,0,051,051,05,1,3.4,1,1,1,2.55033557046979,3,"Sonoma, California, United States",US,USCA,38.2919,-122.458,277617,0,,,,,,,3,"Sonoma, California, United States",US,USCA,38.2919,-122.458,277617,20240504,https://www.marinij.com/2024/05/03/golden-gate-bridge-district-plans-for-post-pandemic-future/
1173708526,20240504,202405,2024,2024.3397,,,,,,,,,,,AUS,VICTORIA,AUS,,,,,,,,1,036,036,03,1,4.0,18,1,10,3.26530612244898,0,,,,,,,4,"Mount Gambier, South Australia, Australia",AS,AS05,-37.8318,140.779,-1589313,4,"Mount Gambier, South Australia, Australia",AS,AS05,-37.8318,140.779,-1589313,20240504,https://borderwatch.com.au/news/2024/05/04/new-book-relives-golden-era-of-radio/
1173708562,20240504,202405,2024,2024.3397,,,,,,,,,,,MEX,MEXICO,MEX,,,,,,,,1,042,042,04,1,1.9,8,1,8,0.28235294117647,0,,,,,,,4,"San Enrique, Tabasco, Mexico",MX,MX27,17.9417,-91.4167,6227887,4,"San Enrique, Tabasco, Mexico",MX,MX27,17.9417,-91.4167,6227887,20240504,https://www.goldseiten.de/artikel/617459--Vizsla-Silver-Provides-Further-Update-On-Acquisition-Of-Large-Claim-Package-Along-Highly-Prospective-Structural-Trend-South-Of-Panuco.html
1173708575,20240504,202405,2024,2024.3397,,,,,,,,,,,USA,UNITED STATES,USA,,,,,,,,1,036,036,03,1,4.0,17,5,17,3.38135599706263,0,,,,,,,3,"Hollywood, California, United States",US,USCA,34.0983,-118.327,1660757,3,"Hollywood, California, United States",US,USCA,34.0983,-118.327,1660757,20240504,https://www.eonline.com/news/1400808/whoopi-goldberg-reveals-who-she-wants-to-inherit-her-s60-million-fortune
1173708598,20240504,202405,2024,2024.3397,AUS,VICTORIA,AUS,,,,,,,,,,,,,,,,,,1,036,036,03,1,4.0,18,1,10,3.26530612244898,4,"Mount Gambier, South Australia, Australia",AS,AS05,-37.8318,140.779,-1589313,0,,,,,,,4,"Mount Gambier, South Australia, Australia",AS,AS05,-37.8318,140.779,-1589313,20240504,https://borderwatch.com.au/news/2024/05/04/new-book-relives-golden-era-of-radio/
1173708599,20240504,202405,2024,2024.3397,AUS,VICTORIA,AUS,,,,,,,,,,,,,,,,,,1,084,084,08,2,7.0,10,1,10,3.26530612244898,4,"Mount Gambier, South Australia, Australia",AS,AS05,-37.8318,140.779,-1589313,0,,,,,,,4,"Mount Gambier, South Australia, Australia",AS,AS05,-37.8318,140.779,-1589313,20240504,https://borderwatch.com.au/news/2024/05/04/new-book-relives-golden-era-of-radio/
1173708619,20240504,202405,2024,2024.3397,BUS,INDUSTRY,,,,,,BUS,,,,,,,,,,,,,0,110,110,11,3,-2.0,5,1,5,0.28235294117647,4,"Vancouver, British Columbia, Canada",CA,CA02,49.25,-123.133,-575268,0,,,,,,,4,"Vancouver, British Columbia, Canada",CA,CA02,49.25,-123.133,-575268,20240504,https://www.goldseiten.de/artikel/617459--Vizsla-Silver-Provides-Further-Update-On-Acquisition-Of-Large-Claim-Package-Along-Highly-Prospective-Structural-Trend-South-Of-Panuco.html
1173708621,20240504,202405,2024,2024.3397,BUS,INVESTOR,,,,,,BUS,,,,,,,,,,,,,0,130,130,13,3,-4.4,48,5,48,1.53512109411271,4,"Vancouver, British Columbia, Canada",CA,CA02,49.25,-123.133,-575268,0,,,,,,,4,"Vancouver, British Columbia, Canada",CA,CA02,49.25,-123.133,-575268,20240504,https://www.goldseiten.de/artikel/617459--Vizsla-Silver-Provides-Further-Update-On-Acquisition-Of-Large-Claim-Package-Along-Highly-Prospective-Structural-Trend-South-Of-Panuco.html
1173708622,20240504,202405,2024,2024.3397,BUS,INVESTOR,,,,,,BUS,,,,,,,,,,,,,0,130,130,13,3,-4.4,2,1,2,0.28235294117647,4,"San Enrique, Tabasco, Mexico",MX,MX27,17.9417,-91.4167,6227887,0,,,,,,,4,"San Enrique, Tabasco, Mexico",MX,MX27,17.9417,-91.4167,6227887,20240504,https://www.goldseiten.de/artikel/617459--Vizsla-Silver-Provides-Further-Update-On-Acquisition-Of-Large-Claim-Package-Along-Highly-Prospective-Structural-Trend-South-Of-Panuco.html
1173708633,20240504,202405,2024,2024.3397,CAN,CANADIAN,CAN,,,,,,,,BUS,INDUSTRY,,,,,,BUS,,,0,110,110,11,3,-2.0,3,1,3,0.28235294117647,4,"Vancouver, British Columbia, Canada",CA,CA02,49.25,-123.133,-575268,4,"Vancouver, British Columbia, Canada",CA,CA02,49.25,-123.133,-575268,4,"Vancouver, British Columbia, Canada",CA,CA02,49.25,-123.133,-575268,20240504,https://www.goldseiten.de/artikel/617459--Vizsla-Silver-Provides-Further-Update-On-Acquisition-Of-Large-Claim-Package-Along-Highly-Prospective-Structural-Trend-South-Of-Panuco.html
1173708923,20240504,202405,2024,2024.3397,MEX,MEXICO,MEX,,,,,,,,,,,,,,,,,,1,020,020,02,1,3.0,2,1,2,0.28235294117647,4,"San Enrique, Tabasco, Mexico",MX,MX27,17.9417,-91.4167,6227887,0,,,,,,,4,"San Enrique, Tabasco, Mexico",MX,MX27,17.9417,-91.4167,6227887,20240504,https://www.goldseiten.de/artikel/617459--Vizsla-Silver-Provides-Further-Update-On-Acquisition-Of-Large-Claim-Package-Along-Highly-Prospective-Structural-Trend-South-Of-Panuco.html
1173708924,20240504,202405,2024,2024.3397,MEX,MEXICO,MEX,,,,,,,,,,,,,,,,,,1,043,043,04,1,2.8,8,1,8,0.28235294117647,4,"San Enrique, Tabasco, Mexico",MX,MX27,17.9417,-91.4167,6227887,0,,,,,,,4,"San Enrique, Tabasco, Mexico",MX,MX27,17.9417,-91.4167,6227887,20240504,https://www.goldseiten.de/artikel/617459--Vizsla-Silver-Provides-Further-Update-On-Acquisition-Of-Large-Claim-Package-Along-Highly-Prospective-Structural-Trend-South-Of-Panuco.html
1173709529,20230505,202305,2023,2023.3425,BUS,ENTREPRENEUR,,,,,,BUS,,,GBR,BRITANNIA,GBR,,,,,,,,0,0311,031,03,1,5.2,5,1,5,4.81927710843374,4,"Mumbai, Maharashtra, India",IN,IN16,18.975,72.8258,-2092174,4,"Mumbai, Maharashtra, India",IN,IN16,18.975,72.8258,-2092174,4,"Mumbai, Maharashtra, India",IN,IN16,18.975,72.8258,-2092174,20240504,https://yourstory.com:443/2020/07/homemaker-homepreneur-britannia-marie-gold-entrepreneur
1173709662,20240504,202405,2024,2024.3397,BUS,BUSINESS,,,,,,BUS,,,,,,,,,,,,,0,035,035,03,1,7.0,5,1,5,4.81927710843374,4,"Mumbai, Maharashtra, India",IN,IN16,18.975,72.8258,-2092174,0,,,,,,,4,"Mumbai, Maharashtra, India",IN,IN16,18.975,72.8258,-2092174,20240504,https://yourstory.com:443/2020/07/homemaker-homepreneur-britannia-marie-gold-entrepreneur
1173709663,20240504,202405,2024,2024.3397,BUS,BUSINESS,,,,,,BUS,,,,,,,,,,,,,0,035,035,03,1,7.0,5,1,5,4.81927710843374,4,"Hyderabad, Andhra Pradesh, India",IN,IN02,17.3753,78.4744,-2097701,0,,,,,,,4,"Hyderabad, Andhra Pradesh, India",IN,IN02,17.3753,78.4744,-2097701,20240504,https://yourstory.com:443/2020/07/homemaker-homepreneur-britannia-marie-gold-entrepreneur
1173709668,20240504,202405,2024,2024.3397,BUS,ENTREPRENEUR,,,,,,BUS,,,GBR,BRITANNIA,GBR,,,,,,,,0,0311,031,03,1,5.2,5,1,5,4.81927710843374,4,"Mumbai, Maharashtra, India",IN,IN16,18.975,72.8258,-2092174,4,"Mumbai, Maharashtra, India",IN,IN16,18.975,72.8258,-2092174,4,"Mumbai, Maharashtra, India",IN,IN16,18.975,72.8258,-2092174,20240504,https://yourstory.com:443/2020/07/homemaker-homepreneur-britannia-marie-gold-entrepreneur
1173709843,20240504,202405,2024,2024.3397,GBR,BRITANNIA,GBR,,,,,,,,,,,,,,,,,,1,071,071,07,2,7.4,5,1,5,4.81927710843374,4,"Mumbai, Maharashtra, India",IN,IN16,18.975,72.8258,-2092174,0,,,,,,,4,"Mumbai, Maharashtra, India",IN,IN16,18.975,72.8258,-2092174,20240504,https://yourstory.com:443/2020/07/homemaker-homepreneur-britannia-marie-gold-entrepreneur
1173715034,20240504,202405,2024,2024.3397,,,,,,,,,,,ESP,SPAIN,ESP,,,,,,,,0,043,043,04,1,2.8,4,1,4,0.29133284777859,0,,,,,,,4,"Gondomar, Galicia, Spain",SP,SP58,42.1116,-8.74971,-384162,4,"Gondomar, Galicia, Spain",SP,SP58,42.1116,-8.74971,-384162,20240504,https://www.vulture.com/article/mary-and-george-recap-episode-5-the-golden-city.html
1173715367,20240504,202405,2024,2024.3397,ESP,SPAIN,ESP,,,,,,,,,,,,,,,,,,0,042,042,04,1,1.9,4,1,4,0.29133284777859,4,"Gondomar, Galicia, Spain",SP,SP58,42.1116,-8.74971,-384162,0,,,,,,,4,"Gondomar, Galicia, Spain",SP,SP58,42.1116,-8.74971,-384162,20240504,https://www.vulture.com/article/mary-and-george-recap-episode-5-the-golden-city.html
1173715531,20240504,202405,2024,2024.3397,GUY,GUYANA,GUY,,,,,,,,,,,,,,,,,,1,090,090,09,2,-2.0,5,1,5,0.29133284777859,4,"Gondomar, Galicia, Spain",SP,SP58,42.1116,-8.74971,-384162,0,,,,,,,4,"Gondomar, Galicia, Spain",SP,SP58,42.1116,-8.74971,-384162,20240504,https://www.vulture.com/article/mary-and-george-recap-episode-5-the-golden-city.html
1173726735,20240504,202405,2024,2024.3397,BUS,COMPANY,,,,,,BUS,,,,,,,,,,,,,1,010,010,01,1,0.0,10,1,10,1.89035916824197,4,"Mediolanum, Lombardia, Italy",IT,IT09,45.4667,9.2,-121726,0,,,,,,,4,"Mediolanum, Lombardia, Italy",IT,IT09,45.4667,9.2,-121726,20240504,https://www.kopsource.com/2024/05/04/the-goldman-sachs-group-nysegs-shares-down-0-1-after-insider-selling.html
1173726739,20240504,202405,2024,2024.3397,BUS,COMPANY,,,,,,BUS,,,,,,,,,,,,,0,071,071,07,2,7.4,10,1,10,1.89035916824197,4,"Mediolanum, Lombardia, Italy",IT,IT09,45.4667,9.2,-121726,0,,,,,,,4,"Mediolanum, Lombardia, Italy",IT,IT09,45.4667,9.2,-121726,20240504,https://www.kopsource.com/2024/05/04/the-goldman-sachs-group-nysegs-shares-down-0-1-after-insider-selling.html
1173727322,20240504,202405,2024,2024.3397,MNCUSA,GOLDMAN SACHS,USA,,,,,MNC,,,,,,,,,,,,,0,010,010,01,1,0.0,10,1,10,1.89035916824197,4,"Mediolanum, Lombardia, Italy",IT,IT09,45.4667,9.2,-121726,0,,,,,,,4,"Mediolanum, Lombardia, Italy",IT,IT09,45.4667,9.2,-121726,20240504,https://www.kopsource.com/2024/05/04/the-goldman-sachs-group-nysegs-shares-down-0-1-after-insider-selling.html
1173727325,20240504,202405,2024,2024.3397,MNCUSA,GOLDMAN SACHS,USA,,,,,MNC,,,BUS,CORPORATION,,,,,,BUS,,,0,071,071,07,2,7.4,5,1,5,1.89035916824197,4,"Mediolanum, Lombardia, Italy",IT,IT09,45.4667,9.2,-121726,4,"Mediolanum, Lombardia, Italy",IT,IT09,45.4667,9.2,-121726,4,"Mediolanum, Lombardia, Italy",IT,IT09,45.4667,9.2,-121726,20240504,https://www.kopsource.com/2024/05/04/the-goldman-sachs-group-nysegs-shares-down-0-1-after-insider-selling.html
1173727524,20240504,202405,2024,2024.3397,USA,UNITED STATES,USA,,,,,,,,,,,,,,,,,,1,193,193,19,4,-10.0,28,3,12,2.06876552173752,3,"Dallas, Texas, United States",US,USTX,32.7831,-96.8067,1380944,0,,,,,,,3,"Dallas, Texas, United States",US,USTX,32.7831,-96.8067,1380944,20240504,https://www.bignewsnetwork.com/news/274338910/golden-knights-score-twice-in-3rd-to-force-game-7-vs-stars
1173728893,20240504,202405,2024,2024.3397,HLH,HOSPITAL,,,,,,HLH,,,COP,POLICE,,,,,,COP,,,1,190,190,19,4,-10.0,1,1,1,-7.43243243243243,2,"California, United States",US,USCA,36.17,-119.746,CA,3,"Fairmont, California, United States",US,USCA,34.7347,-118.425,252888,2,"California, United States",US,USCA,36.17,-119.746,CA,20240504,https://indianewengland.com/shooting-victim-in-california-not-goldy-brar-confirm-us-police/
1173728894,20240504,202405,2024,2024.3397,HLH,HOSPITAL,,,,,,HLH,,,COP,POLICE,,,,,,COP,,,1,190,190,19,4,-10.0,4,1,4,-7.43243243243243,2,"California, United States",US,USCA,36.17,-119.746,CA,2,"California, United States",US,USCA,36.17,-119.746,CA,2,"California, United States",US,USCA,36.17,-119.746,CA,20240504,https://indianewengland.com/shooting-victim-in-california-not-goldy-brar-confirm-us-police/
1173729294,20240504,202405,2024,2024.3397,USA,WASHINGTON,USA,,,,,,,,CAN,CANADA,CAN,,,,,,,,1,016,016,01,1,-2.0,1,1,1,-7.43243243243243,3,"Fairmont, California, United States",US,USCA,34.7347,-118.425,252888,2,"California, United States",US,USCA,36.17,-119.746,CA,2,"California, United States",US,USCA,36.17,-119.746,CA,20240504,https://indianewengland.com/shooting-victim-in-california-not-goldy-brar-confirm-us-police/
1173729295,20240504,202405,2024,2024.3397,USA,WASHINGTON,USA,,,,,,,,CAN,CANADA,CAN,,,,,,,,1,016,016,01,1,-2.0,1,1,1,-7.43243243243243,2,"California, United States",US,USCA,36.17,-119.746,CA,2,"California, United States",US,USCA,36.17,-119.746,CA,2,"California, United States",US,USCA,36.17,-119.746,CA,20240504,https://indianewengland.com/shooting-victim-in-california-not-goldy-brar-confirm-us-police/
1173729296,20240504,202405,2024,2024.3397,USA,WASHINGTON,USA,,,,,,,,CAN,CANADA,CAN,,,,,,,,1,190,190,19,4,-10.0,1,1,1,-7.43243243243243,3,"Washington, District of Columbia, United States",US,USDC,38.8951,-77.0364,531871,1,Canada,CA,CA,60,-96,CA,2,"California, United States",US,USCA,36.17,-119.746,CA,20240504,https://indianewengland.com/shooting-victim-in-california-not-goldy-brar-confirm-us-police/
1173729297,20240504,202405,2024,2024.3397,USA,WASHINGTON,USA,,,,,,,,CAN,CANADA,CAN,,,,,,,,1,190,190,19,4,-10.0,1,1,1,-7.43243243243243,3,"Washington, District of Columbia, United States",US,USDC,38.8951,-77.0364,531871,2,"California, United States",US,USCA,36.17,-119.746,CA,2,"California, United States",US,USCA,36.17,-119.746,CA,20240504,https://indianewengland.com/shooting-victim-in-california-not-goldy-brar-confirm-us-police/
1173730093,20240504,202405,2024,2024.3397,,,,,,,,,,,USA,INDIANA,USA,,,,,,,,0,036,036,03,1,4.0,10,1,10,-0.35971223021583,0,,,,,,,2,"Indiana, United States",US,USIN,39.8647,-86.2604,IN,2,"Indiana, United States",US,USIN,39.8647,-86.2604,IN,20240504,https://journalstar.com/news/local/jim-mckee-gordon-neb-and-black-hills-gold-have-something-in-common/article_01345ba0-a778-11ee-8bb1-8f0a6f45ea30.html
1173730097,20240504,202405,2024,2024.3397,,,,,,,,,,,USA,UNITED STATES,USA,,,,,,,,0,042,042,04,1,1.9,4,1,4,-0.35971223021583,0,,,,,,,3,"Sioux City, Iowa, United States",US,USIA,42.5,-96.4003,461653,3,"Sioux City, Iowa, United States",US,USIA,42.5,-96.4003,461653,20240504,https://journalstar.com/news/local/jim-mckee-gordon-neb-and-black-hills-gold-have-something-in-common/article_01345ba0-a778-11ee-8bb1-8f0a6f45ea30.html
1173730108,20240504,202405,2024,2024.3397,,,,,,,,,,,USA,UNITED STATES,USA,,,,,,,,0,173,173,17,4,-5.0,2,1,2,-0.35971223021583,0,,,,,,,3,"Sioux City, Iowa, United States",US,USIA,42.5,-96.4003,461653,3,"Sioux City, Iowa, United States",US,USIA,42.5,-96.4003,461653,20240504,https://journalstar.com/news/local/jim-mckee-gordon-neb-and-black-hills-gold-have-something-in-common/article_01345ba0-a778-11ee-8bb1-8f0a6f45ea30.html
1173730111,20240504,202405,2024,2024.3397,,,,,,,,,,,dak,SIOUX,,,dak,,,,,,0,042,042,04,1,1.9,2,1,2,-0.35971223021583,0,,,,,,,3,"Sioux City, Iowa, United States",US,USIA,42.5,-96.4003,461653,3,"Sioux City, Iowa, United States",US,USIA,42.5,-96.4003,461653,20240504,https://journalstar.com/news/local/jim-mckee-gordon-neb-and-black-hills-gold-have-something-in-common/article_01345ba0-a778-11ee-8bb1-8f0a6f45ea30.html
1173730112,20240504,202405,2024,2024.3397,,,,,,,,,,,dak,SIOUX,,,dak,,,,,,1,042,042,04,1,1.9,1,1,1,-0.35971223021583,0,,,,,,,2,"Illinois, United States",US,USIL,40.3363,-89.0022,IL,2,"Illinois, United States",US,USIL,40.3363,-89.0022,IL,20240504,https://journalstar.com/news/local/jim-mckee-gordon-neb-and-black-hills-gold-have-something-in-common/article_01345ba0-a778-11ee-8bb1-8f0a6f45ea30.html
1173730113,20240504,202405,2024,2024.3397,,,,,,,,,,,dak,SIOUX,,,dak,,,,,,1,042,042,04,1,1.9,3,1,3,-0.35971223021583,0,,,,,,,2,"South Dakota, United States",US,USSD,44.2853,-99.4632,SD,2,"South Dakota, United States",US,USSD,44.2853,-99.4632,SD,20240504,https://journalstar.com/news/local/jim-mckee-gordon-neb-and-black-hills-gold-have-something-in-common/article_01345ba0-a778-11ee-8bb1-8f0a6f45ea30.html
1173730114,20240504,202405,2024,2024.3397,,,,,,,,,,,dak,SIOUX,,,dak,,,,,,0,173,173,17,4,-5.0,1,1,1,-0.35971223021583,0,,,,,,,3,"Sioux City, Iowa, United States",US,USIA,42.5,-96.4003,461653,3,"Sioux City, Iowa, United States",US,USIA,42.5,-96.4003,461653,20240504,https://journalstar.com/news/local/jim-mckee-gordon-neb-and-black-hills-gold-have-something-in-common/article_01345ba0-a778-11ee-8bb1-8f0a6f45ea30.html
1173730234,20240504,202405,2024,2024.3397,CVL,SETTLEMENT,,,,,,CVL,,,USA,MISSOURI,USA,,,,,,,,0,043,043,04,1,2.8,1,1,1,-0.35971223021583,2,"Iowa, United States",US,USIA,42.0046,-93.214,IA,2,"Indiana, United States",US,USIN,39.8647,-86.2604,IN,2,"Iowa, United States",US,USIA,42.0046,-93.214,IA,20240504,https://journalstar.com/news/local/jim-mckee-gordon-neb-and-black-hills-gold-have-something-in-common/article_01345ba0-a778-11ee-8bb1-8f0a6f45ea30.html
1173730235,20240504,202405,2024,2024.3397,CVL,SETTLEMENT,,,,,,CVL,,,USA,MISSOURI,USA,,,,,,,,0,043,043,04,1,2.8,1,1,1,-0.35971223021583,2,"Iowa, United States",US,USIA,42.0046,-93.214,IA,2,"Missouri, United States",US,USMO,38.4623,-92.302,MO,2,"Missouri, United States",US,USMO,38.4623,-92.302,MO,20240504,https://journalstar.com/news/local/jim-mckee-gordon-neb-and-black-hills-gold-have-something-in-common/article_01345ba0-a778-11ee-8bb1-8f0a6f45ea30.html
1173730236,20240504,202405,2024,2024.3397,CVL,SETTLEMENT,,,,,,CVL,,,USA,MISSOURI,USA,,,,,,,,1,043,043,04,1,2.8,26,3,26,-1.67632431020164,2,"Missouri, United States",US,USMO,38.4623,-92.302,MO,2,"Missouri, United States",US,USMO,38.4623,-92.302,MO,2,"Missouri, United States",US,USMO,38.4623,-92.302,MO,20240504,https://journalstar.com/news/local/jim-mckee-gordon-neb-and-black-hills-gold-have-something-in-common/article_01345ba0-a778-11ee-8bb1-8f0a6f45ea30.html
1173730390,20240504,202405,2024,2024.3397,GOV,GOVERNMENT,,,,,,GOV,,,USA,SOUTH DAKOTA,USA,,,,,,,,0,042,042,04,1,1.9,1,1,1,-0.35971223021583,2,"Illinois, United States",US,USIL,40.3363,-89.0022,IL,2,"Illinois, United States",US,USIL,40.3363,-89.0022,IL,2,"Illinois, United States",US,USIL,40.3363,-89.0022,IL,20240504,https://journalstar.com/news/local/jim-mckee-gordon-neb-and-black-hills-gold-have-something-in-common/article_01345ba0-a778-11ee-8bb1-8f0a6f45ea30.html
1173730391,20240504,202405,2024,2024.3397,GOV,GOVERNMENT,,,,,,GOV,,,USA,SOUTH DAKOTA,USA,,,,,,,,0,042,042,04,1,1.9,4,1,4,-0.35971223021583,2,"South Dakota, United States",US,USSD,44.2853,-99.4632,SD,2,"South Dakota, United States",US,USSD,44.2853,-99.4632,SD,2,"South Dakota, United States",US,USSD,44.2853,-99.4632,SD,20240504,https://journalstar.com/news/local/jim-mckee-gordon-neb-and-black-hills-gold-have-something-in-common/article_01345ba0-a778-11ee-8bb1-8f0a6f45ea30.html
1173730560,20240504,202405,2024,2024.3397,MIL,ARMY,,,,,,MIL,,,JUD,JUDGE,,,,,,JUD,,,0,084,084,08,2,7.0,1,1,1,-0.35971223021583,3,"Black Hills, South Dakota, United States",US,USSD,44.4167,-103.709,1267020,2,"Iowa, United States",US,USIA,42.0046,-93.214,IA,2,"Iowa, United States",US,USIA,42.0046,-93.214,IA,20240504,https://journalstar.com/news/local/jim-mckee-gordon-neb-and-black-hills-gold-have-something-in-common/article_01345ba0-a778-11ee-8bb1-8f0a6f45ea30.html
1173730561,20240504,202405,2024,2024.3397,MIL,ARMY,,,,,,MIL,,,JUD,JUDGE,,,,,,JUD,,,0,084,084,08,2,7.0,3,1,3,-0.35971223021583,2,"Indiana, United States",US,USIN,39.8647,-86.2604,IN,3,"Black Hills, South Dakota, United States",US,USSD,44.4167,-103.709,1267020,3,"Black Hills, South Dakota, United States",US,USSD,44.4167,-103.709,1267020,20240504,https://journalstar.com/news/local/jim-mckee-gordon-neb-and-black-hills-gold-have-something-in-common/article_01345ba0-a778-11ee-8bb1-8f0a6f45ea30.html
1173730562,20240504,202405,2024,2024.3397,MIL,ARMY,,,,,,MIL,,,JUD,JUDGE,,,,,,JUD,,,0,084,084,08,2,7.0,1,1,1,-0.35971223021583,2,"Indiana, United States",US,USIN,39.8647,-86.2604,IN,3,"Black Hills, South Dakota, United States",US,USSD,44.4167,-103.709,1267020,2,"Iowa, United States",US,USIA,42.0046,-93.214,IA,20240504,https://journalstar.com/news/local/jim-mckee-gordon-neb-and-black-hills-gold-have-something-in-common/article_01345ba0-a778-11ee-8bb1-8f0a6f45ea30.html
1173730705,20240504,202405,2024,2024.3397,USA,INDIANA,USA,,,,,,,,,,,,,,,,,,1,036,036,03,1,4.0,12,2,12,0.67484473959294,2,"Indiana, United States",US,USIN,39.8647,-86.2604,IN,0,,,,,,,2,"Indiana, United States",US,USIN,39.8647,-86.2604,IN,20240504,https://journalstar.com/news/local/jim-mckee-gordon-neb-and-black-hills-gold-have-something-in-common/article_01345ba0-a778-11ee-8bb1-8f0a6f45ea30.html
1173730708,20240504,202405,2024,2024.3397,USA,UNITED STATES,USA,,,,,,,,,,,,,,,,,,1,043,043,04,1,2.8,8,1,4,-0.35971223021583,3,"Sioux City, Iowa, United States",US,USIA,42.5,-96.4003,461653,0,,,,,,,3,"Sioux City, Iowa, United States",US,USIA,42.5,-96.4003,461653,20240504,https://journalstar.com/news/local/jim-mckee-gordon-neb-and-black-hills-gold-have-something-in-common/article_01345ba0-a778-11ee-8bb1-8f0a6f45ea30.html
1173730721,20240504,202405,2024,2024.3397,USA,UNITED STATES,USA,,,,,,,,,,,,,,,,,,1,072,072,07,2,8.3,2,1,2,-0.35971223021583,3,"Sioux City, Iowa, United States",US,USIA,42.5,-96.4003,461653,0,,,,,,,3,"Sioux City, Iowa, United States",US,USIA,42.5,-96.4003,461653,20240504,https://journalstar.com/news/local/jim-mckee-gordon-neb-and-black-hills-gold-have-something-in-common/article_01345ba0-a778-11ee-8bb1-8f0a6f45ea30.html
1173730722,20240504,202405,2024,2024.3397,USA,UNITED STATES,USA,,,,,,,,,,,,,,,,,,1,072,072,07,2,8.3,2,1,2,-0.35971223021583,3,"Sioux City, Iowa, United States",US,USIA,42.5,-96.4003,461653,0,,,,,,,2,"Iowa, United States",US,USIA,42.0046,-93.214,IA,20240504,https://journalstar.com/news/local/jim-mckee-gordon-neb-and-black-hills-gold-have-something-in-common/article_01345ba0-a778-11ee-8bb1-8f0a6f45ea30.html
1173730756,20240504,202405,2024,2024.3397,USA,MISSOURI,USA,,,,,,,,CVL,SETTLEMENT,,,,,,CVL,,,0,042,042,04,1,1.9,1,1,1,-0.35971223021583,2,"Indiana, United States",US,USIN,39.8647,-86.2604,IN,2,"Iowa, United States",US,USIA,42.0046,-93.214,IA,2,"Iowa, United States",US,USIA,42.0046,-93.214,IA,20240504,https://journalstar.com/news/local/jim-mckee-gordon-neb-and-black-hills-gold-have-something-in-common/article_01345ba0-a778-11ee-8bb1-8f0a6f45ea30.html
1173730757,20240504,202405,2024,2024.3397,USA,MISSOURI,USA,,,,,,,,CVL,SETTLEMENT,,,,,,CVL,,,0,042,042,04,1,1.9,1,1,1,-0.35971223021583,2,"Missouri, United States",US,USMO,38.4623,-92.302,MO,2,"Iowa, United States",US,USIA,42.0046,-93.214,IA,2,"Missouri, United States",US,USMO,38.4623,-92.302,MO,20240504,https://journalstar.com/news/local/jim-mckee-gordon-neb-and-black-hills-gold-have-something-in-common/article_01345ba0-a778-11ee-8bb1-8f0a6f45ea30.html
1173730758,20240504,202405,2024,2024.3397,USA,MISSOURI,USA,,,,,,,,CVL,SETTLEMENT,,,,,,CVL,,,1,042,042,04,1,1.9,26,3,26,-1.67632431020164,2,"Missouri, United States",US,USMO,38.4623,-92.302,MO,2,"Missouri, United States",US,USMO,38.4623,-92.302,MO,2,"Missouri, United States",US,USMO,38.4623,-92.302,MO,20240504,https://journalstar.com/news/local/jim-mckee-gordon-neb-and-black-hills-gold-have-something-in-common/article_01345ba0-a778-11ee-8bb1-8f0a6f45ea30.html
1173730774,20240504,202405,2024,2024.3397,USA,SOUTH DAKOTA,USA,,,,,,,,GOV,GOVERNMENT,,,,,,GOV,,,0,043,043,04,1,2.8,1,1,1,-0.35971223021583,2,"Illinois, United States",US,USIL,40.3363,-89.0022,IL,2,"Illinois, United States",US,USIL,40.3363,-89.0022,IL,2,"Illinois, United States",US,USIL,40.3363,-89.0022,IL,20240504,https://journalstar.com/news/local/jim-mckee-gordon-neb-and-black-hills-gold-have-something-in-common/article_01345ba0-a778-11ee-8bb1-8f0a6f45ea30.html
1173730775,20240504,202405,2024,2024.3397,USA,SOUTH DAKOTA,USA,,,,,,,,GOV,GOVERNMENT,,,,,,GOV,,,0,043,043,04,1,2.8,4,1,4,-0.35971223021583,2,"South Dakota, United States",US,USSD,44.2853,-99.4632,SD,2,"South Dakota, United States",US,USSD,44.2853,-99.4632,SD,2,"South Dakota, United States",US,USSD,44.2853,-99.4632,SD,20240504,https://journalstar.com/news/local/jim-mckee-gordon-neb-and-black-hills-gold-have-something-in-common/article_01345ba0-a778-11ee-8bb1-8f0a6f45ea30.html
1173730817,20240504,202405,2024,2024.3397,USA,UNITED STATES,USA,,,,,,,,dak,SIOUX,,,dak,,,,,,0,042,042,04,1,1.9,1,1,1,-0.35971223021583,3,"Sioux City, Iowa, United States",US,USIA,42.5,-96.4003,461653,3,"Sioux City, Iowa, United States",US,USIA,42.5,-96.4003,461653,3,"Sioux City, Iowa, United States",US,USIA,42.5,-96.4003,461653,20240504,https://journalstar.com/news/local/jim-mckee-gordon-neb-and-black-hills-gold-have-something-in-common/article_01345ba0-a778-11ee-8bb1-8f0a6f45ea30.html
1173730818,20240504,202405,2024,2024.3397,USA,UNITED STATES,USA,,,,,,,,dak,SIOUX,,,dak,,,,,,0,042,042,04,1,1.9,1,1,1,-0.35971223021583,2,"Iowa, United States",US,USIA,42.0046,-93.214,IA,3,"Sioux City, Iowa, United States",US,USIA,42.5,-96.4003,461653,3,"Sioux City, Iowa, United States",US,USIA,42.5,-96.4003,461653,20240504,https://journalstar.com/news/local/jim-mckee-gordon-neb-and-black-hills-gold-have-something-in-common/article_01345ba0-a778-11ee-8bb1-8f0a6f45ea30.html
1173730819,20240504,202405,2024,2024.3397,USA,UNITED STATES,USA,,,,,,,,dak,SIOUX,,,dak,,,,,,0,042,042,04,1,1.9,2,1,2,-0.35971223021583,2,"Iowa, United States",US,USIA,42.0046,-93.214,IA,2,"Iowa, United States",US,USIA,42.0046,-93.214,IA,2,"Iowa, United States",US,USIA,42.0046,-93.214,IA,20240504,https://journalstar.com/news/local/jim-mckee-gordon-neb-and-black-hills-gold-have-something-in-common/article_01345ba0-a778-11ee-8bb1-8f0a6f45ea30.html
1173730820,20240504,202405,2024,2024.3397,USA,UNITED STATES,USA,,,,,,,,dak,SIOUX,,,dak,,,,,,1,042,042,04,1,1.9,1,1,1,-0.35971223021583,2,"Illinois, United States",US,USIL,40.3363,-89.0022,IL,2,"Illinois, United States",US,USIL,40.3363,-89.0022,IL,2,"Illinois, United States",US,USIL,40.3363,-89.0022,IL,20240504,https://journalstar.com/news/local/jim-mckee-gordon-neb-and-black-hills-gold-have-something-in-common/article_01345ba0-a778-11ee-8bb1-8f0a6f45ea30.html
1173730821,20240504,202405,2024,2024.3397,USA,UNITED STATES,USA,,,,,,,,dak,SIOUX,,,dak,,,,,,1,042,042,04,1,1.9,1,1,1,-0.35971223021583,2,"South Dakota, United States",US,USSD,44.2853,-99.4632,SD,2,"South Dakota, United States",US,USSD,44.2853,-99.4632,SD,2,"South Dakota, United States",US,USSD,44.2853,-99.4632,SD,20240504,https://journalstar.com/news/local/jim-mckee-gordon-neb-and-black-hills-gold-have-something-in-common/article_01345ba0-a778-11ee-8bb1-8f0a6f45ea30.html
1173730822,20240504,202405,2024,2024.3397,USA,UNITED STATES,USA,,,,,,,,dak,SIOUX,,,dak,,,,,,0,173,173,17,4,-5.0,1,1,1,-0.35971223021583,3,"Sioux City, Iowa, United States",US,USIA,42.5,-96.4003,461653,3,"Sioux City, Iowa, United States",US,USIA,42.5,-96.4003,461653,2,"Iowa, United States",US,USIA,42.0046,-93.214,IA,20240504,https://journalstar.com/news/local/jim-mckee-gordon-neb-and-black-hills-gold-have-something-in-common/article_01345ba0-a778-11ee-8bb1-8f0a6f45ea30.html
1173730823,20240504,202405,2024,2024.3397,USA,UNITED STATES,USA,,,,,,,,dak,SIOUX,,,dak,,,,,,0,173,173,17,4,-5.0,1,1,1,-0.35971223021583,2,"Iowa, United States",US,USIA,42.0046,-93.214,IA,3,"Sioux City, Iowa, United States",US,USIA,42.5,-96.4003,461653,2,"Iowa, United States",US,USIA,42.0046,-93.214,IA,20240504,https://journalstar.com/news/local/jim-mckee-gordon-neb-and-black-hills-gold-have-something-in-common/article_01345ba0-a778-11ee-8bb1-8f0a6f45ea30.html
1173730824,20240504,202405,2024,2024.3397,USA,UNITED STATES,USA,,,,,,,,dak,SIOUX,,,dak,,,,,,0,173,173,17,4,-5.0,2,1,2,-0.35971223021583,2,"Iowa, United States",US,USIA,42.0046,-93.214,IA,2,"Iowa, United States",US,USIA,42.0046,-93.214,IA,2,"Iowa, United States",US,USIA,42.0046,-93.214,IA,20240504,https://journalstar.com/news/local/jim-mckee-gordon-neb-and-black-hills-gold-have-something-in-common/article_01345ba0-a778-11ee-8bb1-8f0a6f45ea30.html
1173730853,20240504,202405,2024,2024.3397,dak,SIOUX,,,dak,,,,,,,,,,,,,,,,1,043,043,04,1,2.8,1,1,1,-0.35971223021583,3,"Black Hills, South Dakota, United States",US,USSD,44.4167,-103.709,1267020,0,,,,,,,3,"Black Hills, South Dakota, United States",US,USSD,44.4167,-103.709,1267020,20240504,https://journalstar.com/news/local/jim-mckee-gordon-neb-and-black-hills-gold-have-something-in-common/article_01345ba0-a778-11ee-8bb1-8f0a6f45ea30.html
1173730854,20240504,202405,2024,2024.3397,dak,SIOUX,,,dak,,,,,,,,,,,,,,,,1,043,043,04,1,2.8,5,1,3,-0.35971223021583,3,"Sioux City, Iowa, United States",US,USIA,42.5,-96.4003,461653,0,,,,,,,3,"Sioux City, Iowa, United States",US,USIA,42.5,-96.4003,461653,20240504,https://journalstar.com/news/local/jim-mckee-gordon-neb-and-black-hills-gold-have-something-in-common/article_01345ba0-a778-11ee-8bb1-8f0a6f45ea30.html
1173730855,20240504,202405,2024,2024.3397,dak,SIOUX,,,dak,,,,,,USA,UNITED STATES,USA,,,,,,,,1,043,043,04,1,2.8,1,1,1,-0.35971223021583,3,"Black Hills, South Dakota, United States",US,USSD,44.4167,-103.709,1267020,3,"Black Hills, South Dakota, United States",US,USSD,44.4167,-103.709,1267020,3,"Black Hills, South Dakota, United States",US,USSD,44.4167,-103.709,1267020,20240504,https://journalstar.com/news/local/jim-mckee-gordon-neb-and-black-hills-gold-have-something-in-common/article_01345ba0-a778-11ee-8bb1-8f0a6f45ea30.html
1173730856,20240504,202405,2024,2024.3397,dak,SIOUX,,,dak,,,,,,USA,UNITED STATES,USA,,,,,,,,1,043,043,04,1,2.8,2,1,1,-0.35971223021583,3,"Sioux City, Iowa, United States",US,USIA,42.5,-96.4003,461653,3,"Sioux City, Iowa, United States",US,USIA,42.5,-96.4003,461653,3,"Sioux City, Iowa, United States",US,USIA,42.5,-96.4003,461653,20240504,https://journalstar.com/news/local/jim-mckee-gordon-neb-and-black-hills-gold-have-something-in-common/article_01345ba0-a778-11ee-8bb1-8f0a6f45ea30.html
1173730857,20240504,202405,2024,2024.3397,dak,SIOUX,,,dak,,,,,,USA,UNITED STATES,USA,,,,,,,,0,043,043,04,1,2.8,1,1,1,-0.35971223021583,3,"Sioux City, Iowa, United States",US,USIA,42.5,-96.4003,461653,2,"Iowa, United States",US,USIA,42.0046,-93.214,IA,3,"Sioux City, Iowa, United States",US,USIA,42.5,-96.4003,461653,20240504,https://journalstar.com/news/local/jim-mckee-gordon-neb-and-black-hills-gold-have-something-in-common/article_01345ba0-a778-11ee-8bb1-8f0a6f45ea30.html
1173730858,20240504,202405,2024,2024.3397,dak,SIOUX,,,dak,,,,,,USA,UNITED STATES,USA,,,,,,,,0,043,043,04,1,2.8,2,1,2,-0.35971223021583,2,"Iowa, United States",US,USIA,42.0046,-93.214,IA,2,"Iowa, United States",US,USIA,42.0046,-93.214,IA,2,"Iowa, United States",US,USIA,42.0046,-93.214,IA,20240504,https://journalstar.com/news/local/jim-mckee-gordon-neb-and-black-hills-gold-have-something-in-common/article_01345ba0-a778-11ee-8bb1-8f0a6f45ea30.html
1173732662,20240504,202405,2024,2024.3397,,,,,,,,,,,ARE,UNITED ARAB EMIRATES,ARE,,,,,,,,1,042,042,04,1,1.9,6,2,6,-0.20886078726476,0,,,,,,,4,"Mumbai, Maharashtra, India",IN,IN16,18.975,72.8258,-2092174,4,"Mumbai, Maharashtra, India",IN,IN16,18.975,72.8258,-2092174,20240504,https://economictimes.indiatimes.com/news/india/customs-catches-afghan-diplomat-with-25-kg-gold-at-mumbai-airport-concealed-in-legging-jacket-belt-knee-cap/articleshow/109834994.cms
1173732663,20240504,202405,2024,2024.3397,,,,,,,,,,,ARE,UNITED ARAB EMIRATES,ARE,,,,,,,,0,042,042,04,1,1.9,2,1,2,0.65466448445172,0,,,,,,,4,"Dubai, Dubayy, United Arab Emirates",AE,AE03,25.2522,55.28,-782831,4,"Mumbai, Maharashtra, India",IN,IN16,18.975,72.8258,-2092174,20240504,https://economictimes.indiatimes.com/news/india/customs-catches-afghan-diplomat-with-25-kg-gold-at-mumbai-airport-concealed-in-legging-jacket-belt-knee-cap/articleshow/109834994.cms
1173732768,20240504,202405,2024,2024.3397,AFG,AFGHAN,AFG,,,,,,,,AFGCVL,AFGHANISTAN,AFG,,,,,CVL,,,0,110,110,11,3,-2.0,1,1,1,0.65466448445172,4,"Mumbai, Maharashtra, India",IN,IN16,18.975,72.8258,-2092174,4,"Mumbai, Maharashtra, India",IN,IN16,18.975,72.8258,-2092174,4,"Mumbai, Maharashtra, India",IN,IN16,18.975,72.8258,-2092174,20240504,https://economictimes.indiatimes.com/news/india/customs-catches-afghan-diplomat-with-25-kg-gold-at-mumbai-airport-concealed-in-legging-jacket-belt-knee-cap/articleshow/109834994.cms
1173732769,20240504,202405,2024,2024.3397,AFG,AFGHAN,AFG,,,,,,,,AFGCVL,AFGHANISTAN,AFG,,,,,CVL,,,0,110,110,11,3,-2.0,1,1,1,0.65466448445172,4,"Kabul, Kabol, Afghanistan",AF,AF13,34.5167,69.1833,-3378435,4,"Kabul, Kabol, Afghanistan",AF,AF13,34.5167,69.1833,-3378435,4,"Kabul, Kabol, Afghanistan",AF,AF13,34.5167,69.1833,-3378435,20240504,https://economictimes.indiatimes.com/news/india/customs-catches-afghan-diplomat-with-25-kg-gold-at-mumbai-airport-concealed-in-legging-jacket-belt-knee-cap/articleshow/109834994.cms
1173732770,20240504,202405,2024,2024.3397,AFG,AFGHAN,AFG,,,,,,,,AFGGOV,KABUL,AFG,,,,,GOV,,,0,050,050,05,1,3.5,1,1,1,0.65466448445172,4,"Kabul, Kabol, Afghanistan",AF,AF13,34.5167,69.1833,-3378435,4,"Hyderabad, Andhra Pradesh, India",IN,IN02,17.3753,78.4744,-2097701,4,"Hyderabad, Andhra Pradesh, India",IN,IN02,17.3753,78.4744,-2097701,20240504,https://economictimes.indiatimes.com/news/india/customs-catches-afghan-diplomat-with-25-kg-gold-at-mumbai-airport-concealed-in-legging-jacket-belt-knee-cap/articleshow/109834994.cms
1173732771,20240504,202405,2024,2024.3397,AFG,AFGHAN,AFG,,,,,,,,AFGGOV,KABUL,AFG,,,,,GOV,,,0,050,050,05,1,3.5,1,1,1,0.65466448445172,4,"Kabul, Kabol, Afghanistan",AF,AF13,34.5167,69.1833,-3378435,4,"Kabul, Kabol, Afghanistan",AF,AF13,34.5167,69.1833,-3378435,4,"Delhi, Delhi, India",IN,IN07,28.6667,77.2167,-2094230,20240504,https://economictimes.indiatimes.com/news/india/customs-catches-afghan-diplomat-with-25-kg-gold-at-mumbai-airport-concealed-in-legging-jacket-belt-knee-cap/articleshow/109834994.cms
1173732772,20240504,202405,2024,2024.3397,AFG,AFGHAN,AFG,,,,,,,,AFGGOV,KABUL,AFG,,,,,GOV,,,0,161,161,16,4,-4.0,1,1,1,0.65466448445172,4,"Kabul, Kabol, Afghanistan",AF,AF13,34.5167,69.1833,-3378435,4,"Hyderabad, Andhra Pradesh, India",IN,IN02,17.3753,78.4744,-2097701,4,"Mumbai, Maharashtra, India",IN,IN16,18.975,72.8258,-2092174,20240504,https://economictimes.indiatimes.com/news/india/customs-catches-afghan-diplomat-with-25-kg-gold-at-mumbai-airport-concealed-in-legging-jacket-belt-knee-cap/articleshow/109834994.cms
1173732773,20240504,202405,2024,2024.3397,AFG,AFGHAN,AFG,,,,,,,,AFGGOV,KABUL,AFG,,,,,GOV,,,0,161,161,16,4,-4.0,1,1,1,0.65466448445172,4,"Kabul, Kabol, Afghanistan",AF,AF13,34.5167,69.1833,-3378435,4,"Kabul, Kabol, Afghanistan",AF,AF13,34.5167,69.1833,-3378435,4,"Delhi, Delhi, India",IN,IN07,28.6667,77.2167,-2094230,20240504,https://economictimes.indiatimes.com/news/india/customs-catches-afghan-diplomat-with-25-kg-gold-at-mumbai-airport-concealed-in-legging-jacket-belt-knee-cap/articleshow/109834994.cms
1173732774,20240504,202405,2024,2024.3397,AFG,AFGHANISTAN,AFG,,,,,,,,IND,MUMBAI,IND,,,,,,,,0,042,042,04,1,1.9,2,1,2,0.65466448445172,4,"Kabul, Kabol, Afghanistan",AF,AF13,34.5167,69.1833,-3378435,4,"Mumbai, Maharashtra, India",IN,IN16,18.975,72.8258,-2092174,4,"Mumbai, Maharashtra, India",IN,IN16,18.975,72.8258,-2092174,20240504,https://economictimes.indiatimes.com/news/india/customs-catches-afghan-diplomat-with-25-kg-gold-at-mumbai-airport-concealed-in-legging-jacket-belt-knee-cap/articleshow/109834994.cms
1173732775,20240504,202405,2024,2024.3397,AFG,AFGHANISTAN,AFG,,,,,,,,IND,MUMBAI,IND,,,,,,,,0,042,042,04,1,1.9,2,1,2,0.65466448445172,4,"Kabul, Kabol, Afghanistan",AF,AF13,34.5167,69.1833,-3378435,4,"Kabul, Kabol, Afghanistan",AF,AF13,34.5167,69.1833,-3378435,4,"Kabul, Kabol, Afghanistan",AF,AF13,34.5167,69.1833,-3378435,20240504,https://economictimes.indiatimes.com/news/india/customs-catches-afghan-diplomat-with-25-kg-gold-at-mumbai-airport-concealed-in-legging-jacket-belt-knee-cap/articleshow/109834994.cms
1173732776,20240504,202405,2024,2024.3397,AFGCVL,AFGHAN,AFG,,,,,CVL,,,,,,,,,,,,,0,110,110,11,3,-2.0,6,1,6,0.65466448445172,4,"Kabul, Kabol, Afghanistan",AF,AF13,34.5167,69.1833,-3378435,0,,,,,,,4,"Kabul, Kabol, Afghanistan",AF,AF13,34.5167,69.1833,-3378435,20240504,https://economictimes.indiatimes.com/news/india/customs-catches-afghan-diplomat-with-25-kg-gold-at-mumbai-airport-concealed-in-legging-jacket-belt-knee-cap/articleshow/109834994.cms
1173732783,20240504,202405,2024,2024.3397,ARE,UNITED ARAB EMIRATES,ARE,,,,,,,,,,,,,,,,,,1,043,043,04,1,2.8,4,2,4,-0.20886078726476,4,"Mumbai, Maharashtra, India",IN,IN16,18.975,72.8258,-2092174,0,,,,,,,4,"Mumbai, Maharashtra, India",IN,IN16,18.975,72.8258,-2092174,20240504,https://economictimes.indiatimes.com/news/india/customs-catches-afghan-diplomat-with-25-kg-gold-at-mumbai-airport-concealed-in-legging-jacket-belt-knee-cap/articleshow/109834994.cms
1173732784,20240504,202405,2024,2024.3397,ARE,UNITED ARAB EMIRATES,ARE,,,,,,,,,,,,,,,,,,1,043,043,04,1,2.8,8,3,8,-1.1648815504842,4,"Dubai, Dubayy, United Arab Emirates",AE,AE03,25.2522,55.28,-782831,0,,,,,,,4,"Mumbai, Maharashtra, India",IN,IN16,18.975,72.8258,-2092174,20240504,https://economictimes.indiatimes.com/news/india/customs-catches-afghan-diplomat-with-25-kg-gold-at-mumbai-airport-concealed-in-legging-jacket-belt-knee-cap/articleshow/109834994.cms
1173732785,20240504,202405,2024,2024.3397,ARE,DUBAI,ARE,,,,,,,,IND,MUMBAI,IND,,,,,,,,0,042,042,04,1,1.9,2,1,2,0.65466448445172,4,"Dubai, Dubayy, United Arab Emirates",AE,AE03,25.2522,55.28,-782831,4,"Mumbai, Maharashtra, India",IN,IN16,18.975,72.8258,-2092174,4,"Mumbai, Maharashtra, India",IN,IN16,18.975,72.8258,-2092174,20240504,https://economictimes.indiatimes.com/news/india/customs-catches-afghan-diplomat-with-25-kg-gold-at-mumbai-airport-concealed-in-legging-jacket-belt-knee-cap/articleshow/109834994.cms
1173732936,20240504,202405,2024,2024.3397,EDU,STUDENT,,,,,,EDU,,,,,,,,,,,,,1,051,051,05,1,3.4,3,1,3,5.04672897196262,3,"Stanford, California, United States",US,USCA,37.4241,-122.166,1867061,0,,,,,,,3,"Stanford, California, United States",US,USCA,37.4241,-122.166,1867061,20240504,https://indiaeducationdiary.in/stanford-celebrates-five-undergraduates-named-2024-goldwater-scholars/
1173733011,20240504,202405,2024,2024.3397,GOV,GOVERNMENT,,,,,,GOV,,,,,,,,,,,,,0,040,040,04,1,1.0,10,1,10,0.65466448445172,4,"Kabul, Kabol, Afghanistan",AF,AF13,34.5167,69.1833,-3378435,0,,,,,,,4,"Kabul, Kabol, Afghanistan",AF,AF13,34.5167,69.1833,-3378435,20240504,https://economictimes.indiatimes.com/news/india/customs-catches-afghan-diplomat-with-25-kg-gold-at-mumbai-airport-concealed-in-legging-jacket-belt-knee-cap/articleshow/109834994.cms
1173733023,20240504,202405,2024,2024.3397,GOV,DIPLOMAT,,,,,,GOV,,,,,,,,,,,,,1,173,173,17,4,-5.0,2,1,2,0.65466448445172,4,"Delhi, Delhi, India",IN,IN07,28.6667,77.2167,-2094230,0,,,,,,,4,"Kabul, Kabol, Afghanistan",AF,AF13,34.5167,69.1833,-3378435,20240504,https://economictimes.indiatimes.com/news/india/customs-catches-afghan-diplomat-with-25-kg-gold-at-mumbai-airport-concealed-in-legging-jacket-belt-knee-cap/articleshow/109834994.cms
1173733024,20240504,202405,2024,2024.3397,GOV,DIPLOMAT,,,,,,GOV,,,,,,,,,,,,,1,173,173,17,4,-5.0,2,1,2,0.65466448445172,4,"Hyderabad, Andhra Pradesh, India",IN,IN02,17.3753,78.4744,-2097701,0,,,,,,,4,"Kabul, Kabol, Afghanistan",AF,AF13,34.5167,69.1833,-3378435,20240504,https://economictimes.indiatimes.com/news/india/customs-catches-afghan-diplomat-with-25-kg-gold-at-mumbai-airport-concealed-in-legging-jacket-belt-knee-cap/articleshow/109834994.cms
1173733025,20240504,202405,2024,2024.3397,GOV,DIPLOMAT,,,,,,GOV,,,,,,,,,,,,,1,173,173,17,4,-5.0,6,1,6,0.65466448445172,4,"Kabul, Kabol, Afghanistan",AF,AF13,34.5167,69.1833,-3378435,0,,,,,,,4,"Kabul, Kabol, Afghanistan",AF,AF13,34.5167,69.1833,-3378435,20240504,https://economictimes.indiatimes.com/news/india/customs-catches-afghan-diplomat-with-25-kg-gold-at-mumbai-airport-concealed-in-legging-jacket-belt-knee-cap/articleshow/109834994.cms
1173733103,20240504,202405,2024,2024.3397,IND,MUMBAI,IND,,,,,,,,ARE,DUBAI,ARE,,,,,,,,1,043,043,04,1,2.8,8,3,8,-1.1648815504842,4,"Mumbai, Maharashtra, India",IN,IN16,18.975,72.8258,-2092174,4,"Dubai, Dubayy, United Arab Emirates",AE,AE03,25.2522,55.28,-782831,4,"Mumbai, Maharashtra, India",IN,IN16,18.975,72.8258,-2092174,20240504,https://economictimes.indiatimes.com/news/india/customs-catches-afghan-diplomat-with-25-kg-gold-at-mumbai-airport-concealed-in-legging-jacket-belt-knee-cap/articleshow/109834994.cms
1173733521,20240504,202405,2024,2024.3397,USA,UNITED STATES,USA,,,,,,,,,,,,,,,,,,1,051,051,05,1,3.4,4,1,4,4.17495029821074,1,"Vietnam, Republic Of",VM,VM,16.166667,107.833333,VM,0,,,,,,,1,"Vietnam, Republic Of",VM,VM,16.166667,107.833333,VM,20240504,https://www.ironmountaindailynews.com/lifestyles/life/2024/05/formolo-speaks-at-golden-k-meeting-2/
1173734313,20240504,202405,2024,2024.3397,AFR,AFRICA,AFR,,,,,,,,USA,UNITED STATES,USA,,,,,,,,1,010,010,01,1,0.0,4,1,4,6.27450980392157,4,"Cotswold, Eastern Cape, South Africa",SF,SF05,-33.9389,25.5475,-1218774,1,United States,US,US,39.828175,-98.5795,US,4,"Cotswold, Eastern Cape, South Africa",SF,SF05,-33.9389,25.5475,-1218774,20240504,https://www.cotswoldjournal.co.uk/news/24297765.100-gold-coins-17th-century-discovered-oxfordshire/
1173734745,20240504,202405,2024,2024.3397,USA,UNITED STATES,USA,,,,,,,,GBRIMY,ISLE OF MAN,GBR,,,,,,,,1,010,010,01,1,0.0,6,1,6,6.27450980392157,1,United States,US,US,39.828175,-98.5795,US,4,"Cotswold, Eastern Cape, South Africa",SF,SF05,-33.9389,25.5475,-1218774,4,"Cotswold, Eastern Cape, South Africa",SF,SF05,-33.9389,25.5475,-1218774,20240504,https://www.cotswoldjournal.co.uk/news/24297765.100-gold-coins-17th-century-discovered-oxfordshire/
1173736015,20240504,202405,2024,2024.3397,PAK,PAKISTAN,PAK,,,,,,,,,,,,,,,,,,1,051,051,05,1,3.4,1,1,1,4.64547677261614,4,"Peshawar, North-West Frontier, Pakistan",PK,PK03,34.0078,71.5733,-2771364,0,,,,,,,4,"Peshawar, North-West Frontier, Pakistan",PK,PK03,34.0078,71.5733,-2771364,20240504,https://www.news18.com/movies/throwback-gold-rishi-kapoor-anil-kapoor-and-jackie-shroff-at-raj-kapoors-birthday-party-8877491.html
1173736016,20240504,202405,2024,2024.3397,PAK,PAKISTAN,PAK,,,,,,,,,,,,,,,,,,1,051,051,05,1,3.4,1,1,1,4.64547677261614,4,"Peshawar, North-West Frontier, Pakistan",PK,PK03,34.0078,71.5733,-2771364,0,,,,,,,1,Poland,PL,PL,52,20,PL,20240504,https://www.news18.com/movies/throwback-gold-rishi-kapoor-anil-kapoor-and-jackie-shroff-at-raj-kapoors-birthday-party-8877491.html
1173736025,20240504,202405,2024,2024.3397,POL,POLAND,POL,,,,,,,,,,,,,,,,,,1,051,051,05,1,3.4,1,1,1,4.64547677261614,1,Poland,PL,PL,52,20,PL,0,,,,,,,4,"Peshawar, North-West Frontier, Pakistan",PK,PK03,34.0078,71.5733,-2771364,20240504,https://www.news18.com/movies/throwback-gold-rishi-kapoor-anil-kapoor-and-jackie-shroff-at-raj-kapoors-birthday-party-8877491.html
1173736026,20240504,202405,2024,2024.3397,POL,POLAND,POL,,,,,,,,,,,,,,,,,,1,051,051,05,1,3.4,1,1,1,4.64547677261614,1,Poland,PL,PL,52,20,PL,0,,,,,,,1,Poland,PL,PL,52,20,PL,20240504,https://www.news18.com/movies/throwback-gold-rishi-kapoor-anil-kapoor-and-jackie-shroff-at-raj-kapoors-birthday-party-8877491.html
1173736784,20240504,202405,2024,2024.3397,,,,,,,,,,,IND,MUMBAI,IND,,,,,,,,1,042,042,04,1,1.9,24,4,24,2.82630614795631,0,,,,,,,4,"Haryana, Haryana, India",IN,IN10,29.6161,76.9806,6210381,4,"Haryana, Haryana, India",IN,IN10,29.6161,76.9806,6210381,20240504,https://www.bignewsnetwork.com/news/274339410/successful-conclusion-of-osho-celebrations-of-sojat-golden-bhavan-in-mumbai
1173737195,20240504,202405,2024,2024.3397,MNCUSA,GOLDMAN SACHS,USA,,,,,MNC,,,BUS,CORPORATION,,,,,,BUS,,,0,071,071,07,2,7.4,5,1,5,1.88087774294671,1,Canada,CA,CA,60,-96,CA,1,Canada,CA,CA,60,-96,CA,1,Canada,CA,CA,60,-96,CA,20240504,https://www.themarketsdaily.com/2024/05/04/david-a-viniar-sells-5000-shares-of-the-goldman-sachs-group-inc-nysegs-stock.html
1173745345,20240504,202405,2024,2024.3397,USA,UNITED STATES,USA,,,,,,,,USAEDU,MICHIGAN,USA,,,,,EDU,,,1,043,043,04,1,2.8,2,1,2,5.25,2,"Michigan, United States",US,USMI,43.3504,-84.5603,MI,2,"Michigan, United States",US,USMI,43.3504,-84.5603,MI,2,"Michigan, United States",US,USMI,43.3504,-84.5603,MI,20240504,https://nypost.com/2024/05/04/us-news/james-earl-jones-nominated-for-congressional-gold-medal-on-may-the-4th/
1173745346,20240504,202405,2024,2024.3397,USA,UNITED STATES,USA,,,,,,,,USAEDU,MICHIGAN,USA,,,,,EDU,,,1,043,043,04,1,2.8,2,1,2,5.25,2,"Michigan, United States",US,USMI,43.3504,-84.5603,MI,2,"New York, United States",US,USNY,42.1497,-74.9384,NY,2,"Michigan, United States",US,USMI,43.3504,-84.5603,MI,20240504,https://nypost.com/2024/05/04/us-news/james-earl-jones-nominated-for-congressional-gold-medal-on-may-the-4th/
1173745356,20240504,202405,2024,2024.3397,USAEDU,MICHIGAN,USA,,,,,EDU,,,USA,UNITED STATES,USA,,,,,,,,1,042,042,04,1,1.9,4,1,4,5.25,2,"New York, United States",US,USNY,42.1497,-74.9384,NY,2,"New York, United States",US,USNY,42.1497,-74.9384,NY,2,"New York, United States",US,USNY,42.1497,-74.9384,NY,20240504,https://nypost.com/2024/05/04/us-news/james-earl-jones-nominated-for-congressional-gold-medal-on-may-the-4th/
1173748910,20240504,202405,2024,2024.3397,AFG,AFGHAN,AFG,,,,,,,,AFGINSTAL,TALIBAN,AFG,TAL,,,,INS,,,0,010,010,01,1,0.0,6,1,6,-1.63934426229508,4,"Kabul, Kabol, Afghanistan",AF,AF13,34.5167,69.1833,-3378435,4,"Kabul, Kabol, Afghanistan",AF,AF13,34.5167,69.1833,-3378435,4,"Kabul, Kabol, Afghanistan",AF,AF13,34.5167,69.1833,-3378435,20240504,https://www.hindustantimes.com/india-news/afghan-diplomat-resigns-after-charge-of-gold-smuggling-101714817032726.html
1173748911,20240504,202405,2024,2024.3397,AFG,AFGHAN,AFG,,,,,,,,ARE,UNITED ARAB EMIRATES,ARE,,,,,,,,0,010,010,01,1,0.0,2,1,2,-1.63934426229508,4,"New Delhi, Delhi, India",IN,IN07,28.6,77.2,-2106102,4,"Dubai, Dubayy, United Arab Emirates",AE,AE03,25.2522,55.28,-782831,4,"Kolkata, West Bengal, India",IN,IN28,22.5697,88.3697,-2092511,20240504,https://www.hindustantimes.com/india-news/afghan-diplomat-resigns-after-charge-of-gold-smuggling-101714817032726.html
1173748912,20240504,202405,2024,2024.3397,AFG,AFGHAN,AFG,,,,,,,,ARE,UNITED ARAB EMIRATES,ARE,,,,,,,,0,010,010,01,1,0.0,2,1,2,-1.63934426229508,4,"Kabul, Kabol, Afghanistan",AF,AF13,34.5167,69.1833,-3378435,4,"Dubai, Dubayy, United Arab Emirates",AE,AE03,25.2522,55.28,-782831,4,"Dubai, Dubayy, United Arab Emirates",AE,AE03,25.2522,55.28,-782831,20240504,https://www.hindustantimes.com/india-news/afghan-diplomat-resigns-after-charge-of-gold-smuggling-101714817032726.html
1173748934,20240504,202405,2024,2024.3397,ARE,UNITED ARAB EMIRATES,ARE,,,,,,,,,,,,,,,,,,1,042,042,04,1,1.9,2,1,2,-1.63934426229508,4,"Kabul, Kabol, Afghanistan",AF,AF13,34.5167,69.1833,-3378435,0,,,,,,,4,"Kabul, Kabol, Afghanistan",AF,AF13,34.5167,69.1833,-3378435,20240504,https://www.hindustantimes.com/india-news/afghan-diplomat-resigns-after-charge-of-gold-smuggling-101714817032726.html
1173748935,20240504,202405,2024,2024.3397,ARE,UNITED ARAB EMIRATES,ARE,,,,,,,,GOV,DIPLOMAT,,,,,,GOV,,,0,043,043,04,1,2.8,2,1,2,-1.63934426229508,4,"Dubai, Dubayy, United Arab Emirates",AE,AE03,25.2522,55.28,-782831,4,"Kabul, Kabol, Afghanistan",AF,AF13,34.5167,69.1833,-3378435,4,"Dubai, Dubayy, United Arab Emirates",AE,AE03,25.2522,55.28,-782831,20240504,https://www.hindustantimes.com/india-news/afghan-diplomat-resigns-after-charge-of-gold-smuggling-101714817032726.html
1173748936,20240504,202405,2024,2024.3397,ARE,UNITED ARAB EMIRATES,ARE,,,,,,,,GOV,DIPLOMAT,,,,,,GOV,,,0,043,043,04,1,2.8,2,1,2,-1.63934426229508,4,"Dubai, Dubayy, United Arab Emirates",AE,AE03,25.2522,55.28,-782831,1,Pakistan,PK,PK,30,70,PK,4,"Dubai, Dubayy, United Arab Emirates",AE,AE03,25.2522,55.28,-782831,20240504,https://www.hindustantimes.com/india-news/afghan-diplomat-resigns-after-charge-of-gold-smuggling-101714817032726.html
1173749301,20240504,202405,2024,2024.3397,GOV,DIPLOMAT,,,,,,GOV,,,ARE,UNITED ARAB EMIRATES,ARE,,,,,,,,0,042,042,04,1,1.9,2,1,2,-1.63934426229508,4,"Kabul, Kabol, Afghanistan",AF,AF13,34.5167,69.1833,-3378435,4,"Dubai, Dubayy, United Arab Emirates",AE,AE03,25.2522,55.28,-782831,4,"Dubai, Dubayy, United Arab Emirates",AE,AE03,25.2522,55.28,-782831,20240504,https://www.hindustantimes.com/india-news/afghan-diplomat-resigns-after-charge-of-gold-smuggling-101714817032726.html
1173749302,20240504,202405,2024,2024.3397,GOV,DIPLOMAT,,,,,,GOV,,,ARE,UNITED ARAB EMIRATES,ARE,,,,,,,,0,042,042,04,1,1.9,2,1,2,-1.63934426229508,1,Pakistan,PK,PK,30,70,PK,4,"Dubai, Dubayy, United Arab Emirates",AE,AE03,25.2522,55.28,-782831,4,"Dubai, Dubayy, United Arab Emirates",AE,AE03,25.2522,55.28,-782831,20240504,https://www.hindustantimes.com/india-news/afghan-diplomat-resigns-after-charge-of-gold-smuggling-101714817032726.html
1173750996,20240504,202405,2024,2024.3397,AFG,AFGHANISTAN,AFG,,,,,,,,,,,,,,,,,,1,1121,112,11,3,-2.0,3,2,3,-4.34111366966716,1,Afghanistan,AF,AF,33,66,AF,0,,,,,,,1,Afghanistan,AF,AF,33,66,AF,20240504,https://www.khaama.com/afghan-diplomat-zakia-wardak-resigns-amid-allegations-of-smuggling-25kg-gold/
1173750997,20240504,202405,2024,2024.3397,AFG,AFGHANISTAN,AFG,,,,,,,,,,,,,,,,,,1,172,172,17,4,-5.0,1,1,1,-1.37741046831956,4,"Amritsar, Punjab, India",IN,IN23,31.6331,74.8656,-2088794,0,,,,,,,1,Afghanistan,AF,AF,33,66,AF,20240504,https://www.hindustantimes.com/india-news/afghan-diplomat-caught-smuggling-25-kg-gold-at-mumbai-airport-report-101714793548148.html
1173750998,20240504,202405,2024,2024.3397,AFG,AFGHANISTAN,AFG,,,,,,,,,,,,,,,,,,1,172,172,17,4,-5.0,1,1,1,-1.37741046831956,1,Afghanistan,AF,AF,33,66,AF,0,,,,,,,4,"Amritsar, Punjab, India",IN,IN23,31.6331,74.8656,-2088794,20240504,https://www.hindustantimes.com/india-news/afghan-diplomat-caught-smuggling-25-kg-gold-at-mumbai-airport-report-101714793548148.html
1173750999,20240504,202405,2024,2024.3397,AFG,AFGHANISTAN,AFG,,,,,,,,,,,,,,,,,,1,172,172,17,4,-5.0,2,1,2,-1.37741046831956,1,Afghanistan,AF,AF,33,66,AF,0,,,,,,,1,Afghanistan,AF,AF,33,66,AF,20240504,https://www.hindustantimes.com/india-news/afghan-diplomat-caught-smuggling-25-kg-gold-at-mumbai-airport-report-101714793548148.html
1173751000,20240504,202405,2024,2024.3397,AFG,AFGHANISTAN,AFG,,,,,,,,ARE,DUBAI,ARE,,,,,,,,1,1121,112,11,3,-2.0,4,2,4,-4.34111366966716,1,Afghanistan,AF,AF,33,66,AF,4,"Mumbai, Maharashtra, India",IN,IN16,18.975,72.8258,-2092174,4,"Mumbai, Maharashtra, India",IN,IN16,18.975,72.8258,-2092174,20240504,https://www.khaama.com/afghan-diplomat-zakia-wardak-resigns-amid-allegations-of-smuggling-25kg-gold/
1173751001,20240504,202405,2024,2024.3397,AFG,AFGHANISTAN,AFG,,,,,,,,ARE,DUBAI,ARE,,,,,,,,1,1121,112,11,3,-2.0,4,2,4,-4.34111366966716,1,Afghanistan,AF,AF,33,66,AF,4,"Dubai, Dubayy, United Arab Emirates",AE,AE03,25.2522,55.28,-782831,4,"Mumbai, Maharashtra, India",IN,IN16,18.975,72.8258,-2092174,20240504,https://www.khaama.com/afghan-diplomat-zakia-wardak-resigns-amid-allegations-of-smuggling-25kg-gold/
1173751004,20240504,202405,2024,2024.3397,AFG,AFGHAN,AFG,,,,,,,,IND,MUMBAI,IND,,,,,,,,1,042,042,04,1,1.9,1,1,1,-1.37741046831956,4,"Amritsar, Punjab, India",IN,IN23,31.6331,74.8656,-2088794,4,"Amritsar, Punjab, India",IN,IN23,31.6331,74.8656,-2088794,4,"Amritsar, Punjab, India",IN,IN23,31.6331,74.8656,-2088794,20240504,https://www.hindustantimes.com/india-news/afghan-diplomat-caught-smuggling-25-kg-gold-at-mumbai-airport-report-101714793548148.html
1173751005,20240504,202405,2024,2024.3397,AFG,AFGHAN,AFG,,,,,,,,IND,MUMBAI,IND,,,,,,,,1,042,042,04,1,1.9,3,2,3,-1.62203856749312,1,Afghanistan,AF,AF,33,66,AF,1,Afghanistan,AF,AF,33,66,AF,1,Afghanistan,AF,AF,33,66,AF,20240504,https://www.hindustantimes.com/india-news/afghan-diplomat-caught-smuggling-25-kg-gold-at-mumbai-airport-report-101714793548148.html
1173751006,20240504,202405,2024,2024.3397,AFG,AFGHANISTAN,AFG,,,,,,,,MED,MEDIA,,,,,,MED,,,1,0831,083,08,2,5.0,12,3,12,-6.48381936952167,1,Afghanistan,AF,AF,33,66,AF,1,Afghanistan,AF,AF,33,66,AF,1,Afghanistan,AF,AF,33,66,AF,20240504,https://www.khaama.com/afghan-diplomat-zakia-wardak-resigns-amid-allegations-of-smuggling-25kg-gold/
1173751007,20240504,202405,2024,2024.3397,AFGGOV,AFGHANISTAN,AFG,,,,,GOV,,,ARE,UNITED ARAB EMIRATES,ARE,,,,,,,,1,042,042,04,1,1.9,4,1,4,-1.37741046831956,1,Afghanistan,AF,AF,33,66,AF,4,"Amritsar, Punjab, India",IN,IN23,31.6331,74.8656,-2088794,1,Afghanistan,AF,AF,33,66,AF,20240504,https://www.hindustantimes.com/india-news/afghan-diplomat-caught-smuggling-25-kg-gold-at-mumbai-airport-report-101714793548148.html
1173751008,20240504,202405,2024,2024.3397,AFGGOV,AFGHAN,AFG,,,,,GOV,,,IND,MUMBAI,IND,,,,,,,,1,042,042,04,1,1.9,2,1,2,-1.37741046831956,1,Afghanistan,AF,AF,33,66,AF,4,"Amritsar, Punjab, India",IN,IN23,31.6331,74.8656,-2088794,4,"Amritsar, Punjab, India",IN,IN23,31.6331,74.8656,-2088794,20240504,https://www.hindustantimes.com/india-news/afghan-diplomat-caught-smuggling-25-kg-gold-at-mumbai-airport-report-101714793548148.html
1173751013,20240504,202405,2024,2024.3397,ARE,UNITED ARAB EMIRATES,ARE,,,,,,,,AFGGOV,AFGHANISTAN,AFG,,,,,GOV,,,1,043,043,04,1,2.8,2,1,2,-1.37741046831956,4,"Mumbai, Maharashtra, India",IN,IN16,18.975,72.8258,-2092174,1,Afghanistan,AF,AF,33,66,AF,1,Afghanistan,AF,AF,33,66,AF,20240504,https://www.hindustantimes.com/india-news/afghan-diplomat-caught-smuggling-25-kg-gold-at-mumbai-airport-report-101714793548148.html
1173751014,20240504,202405,2024,2024.3397,ARE,UNITED ARAB EMIRATES,ARE,,,,,,,,AFGGOV,AFGHANISTAN,AFG,,,,,GOV,,,1,043,043,04,1,2.8,2,1,2,-1.37741046831956,4,"Dubai, Dubayy, United Arab Emirates",AE,AE03,25.2522,55.28,-782831,1,Afghanistan,AF,AF,33,66,AF,1,Afghanistan,AF,AF,33,66,AF,20240504,https://www.hindustantimes.com/india-news/afghan-diplomat-caught-smuggling-25-kg-gold-at-mumbai-airport-report-101714793548148.html
1173751079,20240504,202405,2024,2024.3397,COP,POLICE,,,,,,COP,,,IND,AMRITSAR,IND,,,,,,,,1,173,173,17,4,-5.0,3,1,3,-1.37741046831956,4,"Amritsar, Punjab, India",IN,IN23,31.6331,74.8656,-2088794,4,"Amritsar, Punjab, India",IN,IN23,31.6331,74.8656,-2088794,4,"Amritsar, Punjab, India",IN,IN23,31.6331,74.8656,-2088794,20240504,https://www.hindustantimes.com/india-news/afghan-diplomat-caught-smuggling-25-kg-gold-at-mumbai-airport-report-101714793548148.html
1173751195,20240504,202405,2024,2024.3397,GOV,CONSUL,,,,,,GOV,,,AFGGOV,AFGHANISTAN,AFG,,,,,GOV,,,1,1121,112,11,3,-2.0,2,1,2,-4.41176470588236,1,Afghanistan,AF,AF,33,66,AF,1,Afghanistan,AF,AF,33,66,AF,1,Afghanistan,AF,AF,33,66,AF,20240504,https://www.khaama.com/afghan-diplomat-zakia-wardak-resigns-amid-allegations-of-smuggling-25kg-gold/
1173751269,20240504,202405,2024,2024.3397,IND,MUMBAI,IND,,,,,,,,AFG,AFGHAN,AFG,,,,,,,,1,043,043,04,1,2.8,4,3,4,-1.43882106465582,4,"Mumbai, Maharashtra, India",IN,IN16,18.975,72.8258,-2092174,1,Afghanistan,AF,AF,33,66,AF,4,"Mumbai, Maharashtra, India",IN,IN16,18.975,72.8258,-2092174,20240504,https://www.hindustantimes.com/india-news/afghan-diplomat-caught-smuggling-25-kg-gold-at-mumbai-airport-report-101714793548148.html
1173751270,20240504,202405,2024,2024.3397,IND,MUMBAI,IND,,,,,,,,AFG,AFGHAN,AFG,,,,,,,,1,043,043,04,1,2.8,1,1,1,-1.37741046831956,1,Afghanistan,AF,AF,33,66,AF,4,"Mumbai, Maharashtra, India",IN,IN16,18.975,72.8258,-2092174,4,"Mumbai, Maharashtra, India",IN,IN16,18.975,72.8258,-2092174,20240504,https://www.hindustantimes.com/india-news/afghan-diplomat-caught-smuggling-25-kg-gold-at-mumbai-airport-report-101714793548148.html
1173751271,20240504,202405,2024,2024.3397,IND,MUMBAI,IND,,,,,,,,AFGGOV,AFGHAN,AFG,,,,,GOV,,,1,043,043,04,1,2.8,2,1,2,-1.37741046831956,4,"Mumbai, Maharashtra, India",IN,IN16,18.975,72.8258,-2092174,1,Afghanistan,AF,AF,33,66,AF,1,Afghanistan,AF,AF,33,66,AF,20240504,https://www.hindustantimes.com/india-news/afghan-diplomat-caught-smuggling-25-kg-gold-at-mumbai-airport-report-101714793548148.html
1173751283,20240504,202405,2024,2024.3397,INDGOV,MUMBAI,IND,,,,,GOV,,,AFG,AFGHANISTAN,AFG,,,,,,,,1,1121,112,11,3,-2.0,2,2,2,-4.34111366966716,4,"Mumbai, Maharashtra, India",IN,IN16,18.975,72.8258,-2092174,1,Afghanistan,AF,AF,33,66,AF,1,Afghanistan,AF,AF,33,66,AF,20240504,https://www.khaama.com/afghan-diplomat-zakia-wardak-resigns-amid-allegations-of-smuggling-25kg-gold/
1173751284,20240504,202405,2024,2024.3397,INDGOV,MUMBAI,IND,,,,,GOV,,,AFG,AFGHANISTAN,AFG,,,,,,,,1,1121,112,11,3,-2.0,1,1,1,-4.41176470588236,1,Afghanistan,AF,AF,33,66,AF,1,Afghanistan,AF,AF,33,66,AF,1,Afghanistan,AF,AF,33,66,AF,20240504,https://www.khaama.com/afghan-diplomat-zakia-wardak-resigns-amid-allegations-of-smuggling-25kg-gold/
1173751285,20240504,202405,2024,2024.3397,INDGOV,MUMBAI,IND,,,,,GOV,,,AFGGOV,AFGHANISTAN,AFG,,,,,GOV,,,1,1121,112,11,3,-2.0,2,2,2,-4.34111366966716,4,"Mumbai, Maharashtra, India",IN,IN16,18.975,72.8258,-2092174,1,Afghanistan,AF,AF,33,66,AF,1,Afghanistan,AF,AF,33,66,AF,20240504,https://www.khaama.com/afghan-diplomat-zakia-wardak-resigns-amid-allegations-of-smuggling-25kg-gold/
1173751367,20240504,202405,2024,2024.3397,MED,MEDIA,,,,,,MED,,,ARE,UNITED ARAB EMIRATES,ARE,,,,,,,,1,0831,083,08,2,5.0,4,2,4,-4.34111366966716,4,"Mumbai, Maharashtra, India",IN,IN16,18.975,72.8258,-2092174,4,"Dubai, Dubayy, United Arab Emirates",AE,AE03,25.2522,55.28,-782831,4,"Mumbai, Maharashtra, India",IN,IN16,18.975,72.8258,-2092174,20240504,https://www.khaama.com/afghan-diplomat-zakia-wardak-resigns-amid-allegations-of-smuggling-25kg-gold/
1173751368,20240504,202405,2024,2024.3397,MED,MEDIA,,,,,,MED,,,ARE,UNITED ARAB EMIRATES,ARE,,,,,,,,1,0831,083,08,2,5.0,4,2,4,-4.34111366966716,4,"Mumbai, Maharashtra, India",IN,IN16,18.975,72.8258,-2092174,1,Afghanistan,AF,AF,33,66,AF,1,Afghanistan,AF,AF,33,66,AF,20240504,https://www.khaama.com/afghan-diplomat-zakia-wardak-resigns-amid-allegations-of-smuggling-25kg-gold/
1173751369,20240504,202405,2024,2024.3397,MED,MEDIA,,,,,,MED,,,ARE,DUBAI,ARE,,,,,,,,1,1121,112,11,3,-2.0,12,2,12,-4.34111366966716,4,"Mumbai, Maharashtra, India",IN,IN16,18.975,72.8258,-2092174,4,"Dubai, Dubayy, United Arab Emirates",AE,AE03,25.2522,55.28,-782831,4,"Mumbai, Maharashtra, India",IN,IN16,18.975,72.8258,-2092174,20240504,https://www.khaama.com/afghan-diplomat-zakia-wardak-resigns-amid-allegations-of-smuggling-25kg-gold/
1173751373,20240504,202405,2024,2024.3397,MED,MEDIA,,,,,,MED,,,IND,MUMBAI,IND,,,,,,,,1,0831,083,08,2,5.0,4,3,4,-6.48381936952167,4,"Mumbai, Maharashtra, India",IN,IN16,18.975,72.8258,-2092174,4,"Mumbai, Maharashtra, India",IN,IN16,18.975,72.8258,-2092174,4,"Mumbai, Maharashtra, India",IN,IN16,18.975,72.8258,-2092174,20240504,https://www.khaama.com/afghan-diplomat-zakia-wardak-resigns-amid-allegations-of-smuggling-25kg-gold/
1173751374,20240504,202405,2024,2024.3397,MED,MEDIA,,,,,,MED,,,IND,MUMBAI,IND,,,,,,,,1,0831,083,08,2,5.0,2,2,2,-4.34111366966716,4,"Mumbai, Maharashtra, India",IN,IN16,18.975,72.8258,-2092174,1,Afghanistan,AF,AF,33,66,AF,1,Afghanistan,AF,AF,33,66,AF,20240504,https://www.khaama.com/afghan-diplomat-zakia-wardak-resigns-amid-allegations-of-smuggling-25kg-gold/
1173751395,20240504,202405,2024,2024.3397,MOS,ISLAMIC,,,,MOS,,,,,AFG,AFGHANISTAN,AFG,,,,,,,,0,173,173,17,4,-5.0,4,1,4,-1.37741046831956,1,Afghanistan,AF,AF,33,66,AF,1,Afghanistan,AF,AF,33,66,AF,1,Afghanistan,AF,AF,33,66,AF,20240504,https://www.hindustantimes.com/india-news/afghan-diplomat-caught-smuggling-25-kg-gold-at-mumbai-airport-report-101714793548148.html
1173752366,20240504,202405,2024,2024.3397,,,,,,,,,,,ARE,UNITED ARAB EMIRATES,ARE,,,,,,,,1,042,042,04,1,1.9,4,1,4,-3.07692307692308,0,,,,,,,1,Afghanistan,AF,AF,33,66,AF,1,Afghanistan,AF,AF,33,66,AF,20240504,https://indianexpress.com/article/cities/mumbai/afghanistan-consul-general-resigns-dri-gold-mumbai-airport-9307706/
1173752462,20240504,202405,2024,2024.3397,AFG,AFGHANISTAN,AFG,,,,,,,,,,,,,,,,,,1,1121,112,11,3,-2.0,1,1,1,-4.27046263345196,4,"Delhi, Delhi, India",IN,IN07,28.6667,77.2167,-2094230,0,,,,,,,1,Afghanistan,AF,AF,33,66,AF,20240504,https://menafn.com/1108173030/Afghan-Diplomat-Zakia-Wardak-Resigns-Amid-Allegations-Of-Smuggling-25Kg-Gold
1173752482,20240504,202405,2024,2024.3397,ARE,DUBAI,ARE,,,,,,,,IND,MUMBAI,IND,,,,,,,,1,042,042,04,1,1.9,4,1,4,-3.07692307692308,1,Afghanistan,AF,AF,33,66,AF,1,Afghanistan,AF,AF,33,66,AF,1,Afghanistan,AF,AF,33,66,AF,20240504,https://indianexpress.com/article/cities/mumbai/afghanistan-consul-general-resigns-dri-gold-mumbai-airport-9307706/
1173752900,20240504,202405,2024,2024.3397,GOV,CONSUL,,,,,,GOV,,,AFGGOV,AFGHANISTAN,AFG,,,,,GOV,,,1,1121,112,11,3,-2.0,2,1,2,-4.27046263345196,4,"Mumbai, Maharashtra, India",IN,IN16,18.975,72.8258,-2092174,1,Afghanistan,AF,AF,33,66,AF,1,Afghanistan,AF,AF,33,66,AF,20240504,https://menafn.com/1108173030/Afghan-Diplomat-Zakia-Wardak-Resigns-Amid-Allegations-Of-Smuggling-25Kg-Gold
1173752992,20240504,202405,2024,2024.3397,INDGOV,MUMBAI,IND,,,,,GOV,,,AFG,AFGHANISTAN,AFG,,,,,,,,1,1121,112,11,3,-2.0,1,1,1,-4.27046263345196,1,Afghanistan,AF,AF,33,66,AF,4,"Delhi, Delhi, India",IN,IN07,28.6667,77.2167,-2094230,1,Afghanistan,AF,AF,33,66,AF,20240504,https://menafn.com/1108173030/Afghan-Diplomat-Zakia-Wardak-Resigns-Amid-Allegations-Of-Smuggling-25Kg-Gold
1173757255,20240504,202405,2024,2024.3397,AFG,AFGHANISTAN,AFG,,,,,,,,,,,,,,,,,,0,012,012,01,1,-0.4,1,1,1,-1.07238605898124,1,Afghanistan,AF,AF,33,66,AF,0,,,,,,,4,"Hyderabad, Andhra Pradesh, India",IN,IN02,17.3753,78.4744,-2097701,20240504,https://www.arabtimesonline.com/news/afghan-diplomat-caught-with-25kg-gold-at-mumbai-airport/
1173757256,20240504,202405,2024,2024.3397,AFG,AFGHANISTAN,AFG,,,,,,,,,,,,,,,,,,0,012,012,01,1,-0.4,2,1,2,-1.07238605898124,1,Afghanistan,AF,AF,33,66,AF,0,,,,,,,1,Afghanistan,AF,AF,33,66,AF,20240504,https://www.arabtimesonline.com/news/afghan-diplomat-caught-with-25kg-gold-at-mumbai-airport/
1173757257,20240504,202405,2024,2024.3397,AFG,AFGHANISTAN,AFG,,,,,,,,,,,,,,,,,,0,031,031,03,1,5.2,1,1,1,-1.07238605898124,1,Afghanistan,AF,AF,33,66,AF,0,,,,,,,4,"Hyderabad, Andhra Pradesh, India",IN,IN02,17.3753,78.4744,-2097701,20240504,https://www.arabtimesonline.com/news/afghan-diplomat-caught-with-25kg-gold-at-mumbai-airport/
1173757258,20240504,202405,2024,2024.3397,AFG,AFGHANISTAN,AFG,,,,,,,,,,,,,,,,,,0,031,031,03,1,5.2,2,1,2,-1.07238605898124,1,Afghanistan,AF,AF,33,66,AF,0,,,,,,,1,Afghanistan,AF,AF,33,66,AF,20240504,https://www.arabtimesonline.com/news/afghan-diplomat-caught-with-25kg-gold-at-mumbai-airport/
1173757262,20240504,202405,2024,2024.3397,AFG,AFGHANISTAN,AFG,,,,,,,,IND,MUMBAI,IND,,,,,,,,1,042,042,04,1,1.9,2,1,2,-1.07238605898124,4,"Mumbai, Maharashtra, India",IN,IN16,18.975,72.8258,-2092174,4,"Mumbai, Maharashtra, India",IN,IN16,18.975,72.8258,-2092174,4,"Mumbai, Maharashtra, India",IN,IN16,18.975,72.8258,-2092174,20240504,https://www.arabtimesonline.com/news/afghan-diplomat-caught-with-25kg-gold-at-mumbai-airport/
1173757263,20240504,202405,2024,2024.3397,AFG,AFGHANISTAN,AFG,,,,,,,,IND,MUMBAI,IND,,,,,,,,1,042,042,04,1,1.9,2,1,2,-1.07238605898124,1,Afghanistan,AF,AF,33,66,AF,4,"Mumbai, Maharashtra, India",IN,IN16,18.975,72.8258,-2092174,4,"Mumbai, Maharashtra, India",IN,IN16,18.975,72.8258,-2092174,20240504,https://www.arabtimesonline.com/news/afghan-diplomat-caught-with-25kg-gold-at-mumbai-airport/
1173757268,20240504,202405,2024,2024.3397,ARE,DUBAI,ARE,,,,,,,,IND,MUMBAI,IND,,,,,,,,1,042,042,04,1,1.9,2,1,2,-1.07238605898124,4,"Mumbai, Maharashtra, India",IN,IN16,18.975,72.8258,-2092174,4,"Mumbai, Maharashtra, India",IN,IN16,18.975,72.8258,-2092174,4,"Mumbai, Maharashtra, India",IN,IN16,18.975,72.8258,-2092174,20240504,https://www.arabtimesonline.com/news/afghan-diplomat-caught-with-25kg-gold-at-mumbai-airport/
1173757615,20240504,202405,2024,2024.3397,IND,MUMBAI,IND,,,,,,,,AFG,AFGHANISTAN,AFG,,,,,,,,1,043,043,04,1,2.8,3,2,3,-1.46952636282395,1,Afghanistan,AF,AF,33,66,AF,1,Afghanistan,AF,AF,33,66,AF,1,Afghanistan,AF,AF,33,66,AF,20240504,https://www.arabtimesonline.com/news/afghan-diplomat-caught-with-25kg-gold-at-mumbai-airport/
1173760639,20240504,202405,2024,2024.3397,GOVBUS,NATIONAL BANK,,,,,,GOV,BUS,,,,,,,,,,,,1,010,010,01,1,0.0,10,1,10,1.57790927021696,4,"Vancouver, British Columbia, Canada",CA,CA02,49.25,-123.133,-575268,0,,,,,,,4,"Vancouver, British Columbia, Canada",CA,CA02,49.25,-123.133,-575268,20240504,https://www.wkrb13.com/2024/05/04/oceanagold-tseogc-price-target-lowered-to-c4-50-at-national-bankshares.html
1173760813,20240504,202405,2024,2024.3397,MLT,MALTA,MLT,,,,,,,,,,,,,,,,,,0,016,016,01,1,-2.0,3,1,3,-9.04977375565608,1,France,FR,FR,46,2,FR,0,,,,,,,1,France,FR,FR,46,2,FR,20240504,https://timesofmalta.com/article/thief-stole-gold-medals-no-idea-worth-400000-lawyer-says.1091945
1173763495,20240504,202405,2024,2024.3397,BRA,BRAZIL,BRA,,,,,,,,,,,,,,,,,,1,010,010,01,1,0.0,12,2,12,4.66830466830466,4,"Lavras, Minas Gerais, Brazil",BR,BR15,-21.2333,-45,-651697,0,,,,,,,4,"Lavras, Minas Gerais, Brazil",BR,BR15,-21.2333,-45,-651697,20240504,https://www.dailypolitical.com/2024/05/04/lavras-gold-corp-cvelgc-director-rostislav-christov-raykov-acquires-9100-shares.html
1173763496,20240504,202405,2024,2024.3397,BRA,BRAZIL,BRA,,,,,,,,,,,,,,,,,,1,010,010,01,1,0.0,4,2,4,4.66830466830466,4,"Rio Grande Do Sul, Rio Grande do Sul, Brazil",BR,BR23,-32.0333,-52.0833,-666679,0,,,,,,,4,"Toronto, Ontario, Canada",CA,CA08,43.6667,-79.4167,-574890,20240504,https://www.dailypolitical.com/2024/05/04/lavras-gold-corp-cvelgc-director-rostislav-christov-raykov-acquires-9100-shares.html
1173765625,20240504,202405,2024,2024.3397,USA,UNITED STATES,USA,,,,,,,,,,,,,,,,,,1,043,043,04,1,2.8,2,1,2,-1.22249388753056,3,"Coney Island, New York, United States",US,USNY,40.5779,-73.994,947270,0,,,,,,,3,"Coney Island, New York, United States",US,USNY,40.5779,-73.994,947270,20240504,https://nypost.com/2024/05/04/lifestyle/how-whoopi-goldberg-survived-double-doses-of-grief/
1173767872,20230505,202305,2023,2023.3425,AFGGOV,AFGHANISTAN,AFG,,,,,GOV,,,GOV,EMBASSY,,,,,,GOV,,,0,050,050,05,1,3.5,4,1,4,0.42826552462526,4,"Kabul, Kabol, Afghanistan",AF,AF13,34.5167,69.1833,-3378435,4,"New Delhi, Delhi, India",IN,IN07,28.6,77.2,-2106102,4,"Kabul, Kabol, Afghanistan",AF,AF13,34.5167,69.1833,-3378435,20240504,https://www.news18.com/world/afghan-diplomat-steps-down-days-after-she-was-caught-smuggling-gold-from-dubai-8877968.html
1173767873,20230505,202305,2023,2023.3425,AFGGOV,KABUL,AFG,,,,,GOV,,,INDGOV,NEW DELHI,IND,,,,,GOV,,,0,050,050,05,1,3.5,2,1,2,0.42826552462526,4,"Hyderabad, Andhra Pradesh, India",IN,IN02,17.3753,78.4744,-2097701,4,"Hyderabad, Andhra Pradesh, India",IN,IN02,17.3753,78.4744,-2097701,4,"Kabul, Kabol, Afghanistan",AF,AF13,34.5167,69.1833,-3378435,20240504,https://www.news18.com/world/afghan-diplomat-steps-down-days-after-she-was-caught-smuggling-gold-from-dubai-8877968.html
1173767874,20230505,202305,2023,2023.3425,AFGGOV,KABUL,AFG,,,,,GOV,,,INDGOV,NEW DELHI,IND,,,,,GOV,,,0,050,050,05,1,3.5,4,1,4,0.42826552462526,4,"Kabul, Kabol, Afghanistan",AF,AF13,34.5167,69.1833,-3378435,4,"New Delhi, Delhi, India",IN,IN07,28.6,77.2,-2106102,4,"Kabul, Kabol, Afghanistan",AF,AF13,34.5167,69.1833,-3378435,20240504,https://www.news18.com/world/afghan-diplomat-steps-down-days-after-she-was-caught-smuggling-gold-from-dubai-8877968.html
1173772958,20240504,202405,2024,2024.3397,AFG,AFGHANISTAN,AFG,,,,,,,,GOV,GOVERNMENT,,,,,,GOV,,,0,051,051,05,1,3.4,8,2,8,0.118483412322275,4,"Mumbai, Maharashtra, India",IN,IN16,18.975,72.8258,-2092174,4,"Mumbai, Maharashtra, India",IN,IN16,18.975,72.8258,-2092174,4,"Mumbai, Maharashtra, India",IN,IN16,18.975,72.8258,-2092174,20240504,https://www.ndtv.com/india-news/days-after-she-was-caught-smuggling-gold-afghan-diplomat-steps-down-5587332
1173776160,20240504,202405,2024,2024.3397,,,,,,,,,,,FIN,FINN,FIN,,,,,,,,1,036,036,03,1,4.0,5,1,5,1.09170305676856,0,,,,,,,1,United States,US,US,39.828175,-98.5795,US,1,United States,US,US,39.828175,-98.5795,US,20240504,https://www.newsweek.com/livid-golden-retriever-refuses-owner-apology-1896614
1173776504,20240504,202405,2024,2024.3397,FIN,FINN,FIN,,,,,,,,,,,,,,,,,,1,010,010,01,1,0.0,5,1,5,1.09170305676856,1,United States,US,US,39.828175,-98.5795,US,0,,,,,,,1,United States,US,US,39.828175,-98.5795,US,20240504,https://www.newsweek.com/livid-golden-retriever-refuses-owner-apology-1896614
1173776505,20240504,202405,2024,2024.3397,FIN,FINN,FIN,,,,,,,,,,,,,,,,,,1,036,036,03,1,4.0,5,1,5,1.09170305676856,1,United States,US,US,39.828175,-98.5795,US,0,,,,,,,1,United States,US,US,39.828175,-98.5795,US,20240504,https://www.newsweek.com/livid-golden-retriever-refuses-owner-apology-1896614
1173776506,20240504,202405,2024,2024.3397,FIN,FINN,FIN,,,,,,,,,,,,,,,,,,1,056,056,05,1,7.0,5,1,5,1.09170305676856,1,United States,US,US,39.828175,-98.5795,US,0,,,,,,,1,United States,US,US,39.828175,-98.5795,US,20240504,https://www.newsweek.com/livid-golden-retriever-refuses-owner-apology-1896614
1173777051,20240504,202405,2024,2024.3397,PSEREB,HAMAS,PSE,,,,,REB,,,,,,,,,,,,,0,122,122,12,3,-4.0,10,1,10,-3.73066424021838,4,"Gaza, Israel (general), Israel",IS,IS00,31.4167,34.3333,-797156,0,,,,,,,3,"Washington, District of Columbia, United States",US,USDC,38.8951,-77.0364,531871,20240504,http://www.ruthfullyyours.com/2024/05/04/reconstructing-gaza-the-international-communitys-cycle-of-impotence-the-people-of-gaza-are-not-going-to-invite-a-bullet-from-hamas-by-renouncing-them-in-return-for-the-fools-gold-o/
1173777126,20240504,202405,2024,2024.3397,UIS,THE INTERNATIONAL COMMUNITY,,,,,,UIS,,,PSEREB,HAMAS,PSE,,,,,REB,,,0,040,040,04,1,1.0,8,1,8,-3.73066424021838,2,"Michigan, United States",US,USMI,43.3504,-84.5603,MI,4,"Gaza, Israel (general), Israel",IS,IS00,31.4167,34.3333,-797156,4,"Gaza, Israel (general), Israel",IS,IS00,31.4167,34.3333,-797156,20240504,http://www.ruthfullyyours.com/2024/05/04/reconstructing-gaza-the-international-communitys-cycle-of-impotence-the-people-of-gaza-are-not-going-to-invite-a-bullet-from-hamas-by-renouncing-them-in-return-for-the-fools-gold-o/
1173777127,20240504,202405,2024,2024.3397,UIS,THE INTERNATIONAL COMMUNITY,,,,,,UIS,,,PSEREB,HAMAS,PSE,,,,,REB,,,0,040,040,04,1,1.0,2,1,2,-3.73066424021838,2,"Michigan, United States",US,USMI,43.3504,-84.5603,MI,4,"Gaza, Israel (general), Israel",IS,IS00,31.4167,34.3333,-797156,2,"Michigan, United States",US,USMI,43.3504,-84.5603,MI,20240504,http://www.ruthfullyyours.com/2024/05/04/reconstructing-gaza-the-international-communitys-cycle-of-impotence-the-people-of-gaza-are-not-going-to-invite-a-bullet-from-hamas-by-renouncing-them-in-return-for-the-fools-gold-o/
1173777236,20240504,202405,2024,2024.3397,USA,WASHINGTON,USA,,,,,,,,UIS,THE INTERNATIONAL COMMUNITY,,,,,,UIS,,,0,010,010,01,1,0.0,10,1,10,-3.73066424021838,3,"Washington, District of Columbia, United States",US,USDC,38.8951,-77.0364,531871,3,"Washington, District of Columbia, United States",US,USDC,38.8951,-77.0364,531871,3,"Washington, District of Columbia, United States",US,USDC,38.8951,-77.0364,531871,20240504,http://www.ruthfullyyours.com/2024/05/04/reconstructing-gaza-the-international-communitys-cycle-of-impotence-the-people-of-gaza-are-not-going-to-invite-a-bullet-from-hamas-by-renouncing-them-in-return-for-the-fools-gold-o/
1173777972,20240504,202405,2024,2024.3397,,,,,,,,,,,ITA,MILANO,ITA,,,,,,,,1,042,042,04,1,1.9,6,1,6,7.80287474332649,0,,,,,,,3,"Wesmere, Illinois, United States",US,USIL,41.56,-88.2244,2355609,3,"Wesmere, Illinois, United States",US,USIL,41.56,-88.2244,2355609,20240504,https://www.wjol.com/central-elementary-school-kindergarten-teacher-earns-golden-apple-award-of-excellence-in-teaching-plainfield-school-district-202/
1173777996,20240504,202405,2024,2024.3397,,,,,,,,,,,USA,UNITED STATES,USA,,,,,,,,1,036,036,03,1,4.0,1,1,1,7.80287474332649,0,,,,,,,3,"Central Elementary School, Illinois, United States",US,USIL,37.157,-88.7273,405875,3,"Central Elementary School, Illinois, United States",US,USIL,37.157,-88.7273,405875,20240504,https://www.wjol.com/central-elementary-school-kindergarten-teacher-earns-golden-apple-award-of-excellence-in-teaching-plainfield-school-district-202/
1173777999,20240504,202405,2024,2024.3397,,,,,,,,,,,USA,UNITED STATES,USA,,,,,,,,1,042,042,04,1,1.9,2,1,2,7.80287474332649,0,,,,,,,3,"Wesmere, Illinois, United States",US,USIL,41.56,-88.2244,2355609,3,"Wesmere, Illinois, United States",US,USIL,41.56,-88.2244,2355609,20240504,https://www.wjol.com/central-elementary-school-kindergarten-teacher-earns-golden-apple-award-of-excellence-in-teaching-plainfield-school-district-202/
1173778345,20240504,202405,2024,2024.3397,IND,MUMBAI,IND,,,,,,,,,,,,,,,,,,1,010,010,01,1,0.0,3,1,3,-0.80645161290322,4,"Hyderabad, Andhra Pradesh, India",IN,IN02,17.3753,78.4744,-2097701,0,,,,,,,4,"Hyderabad, Andhra Pradesh, India",IN,IN02,17.3753,78.4744,-2097701,20240504,https://www.thehindu.com/news/national/telangana/gold-and-silver-jewellery-worth-23-crore-seized-near-airport/article68138931.ece
1173778415,20240504,202405,2024,2024.3397,ITA,MILANO,ITA,,,,,,,,,,,,,,,,,,1,043,043,04,1,2.8,6,1,6,7.80287474332649,2,"Illinois, United States",US,USIL,40.3363,-89.0022,IL,0,,,,,,,2,"Illinois, United States",US,USIL,40.3363,-89.0022,IL,20240504,https://www.wjol.com/central-elementary-school-kindergarten-teacher-earns-golden-apple-award-of-excellence-in-teaching-plainfield-school-district-202/
1173778419,20240504,202405,2024,2024.3397,ITA,MILANO,ITA,,,,,,,,USA,UNITED STATES,USA,,,,,,,,1,036,036,03,1,4.0,1,1,1,7.80287474332649,3,"Central Elementary School, Illinois, United States",US,USIL,37.157,-88.7273,405875,3,"Northwestern University, Illinois, United States",US,USIL,42.0556,-87.6745,414709,3,"Central Elementary School, Illinois, United States",US,USIL,37.157,-88.7273,405875,20240504,https://www.wjol.com/central-elementary-school-kindergarten-teacher-earns-golden-apple-award-of-excellence-in-teaching-plainfield-school-district-202/
1173778420,20240504,202405,2024,2024.3397,ITA,MILANO,ITA,,,,,,,,USA,UNITED STATES,USA,,,,,,,,1,043,043,04,1,2.8,2,1,2,7.80287474332649,3,"Central Elementary School, Illinois, United States",US,USIL,37.157,-88.7273,405875,3,"Central Elementary School, Illinois, United States",US,USIL,37.157,-88.7273,405875,3,"Central Elementary School, Illinois, United States",US,USIL,37.157,-88.7273,405875,20240504,https://www.wjol.com/central-elementary-school-kindergarten-teacher-earns-golden-apple-award-of-excellence-in-teaching-plainfield-school-district-202/
1173778669,20240504,202405,2024,2024.3397,USA,UNITED STATES,USA,,,,,,,,,,,,,,,,,,1,036,036,03,1,4.0,1,1,1,7.80287474332649,3,"Central Elementary School, Illinois, United States",US,USIL,37.157,-88.7273,405875,0,,,,,,,3,"Central Elementary School, Illinois, United States",US,USIL,37.157,-88.7273,405875,20240504,https://www.wjol.com/central-elementary-school-kindergarten-teacher-earns-golden-apple-award-of-excellence-in-teaching-plainfield-school-district-202/
1173778675,20240504,202405,2024,2024.3397,USA,UNITED STATES,USA,,,,,,,,,,,,,,,,,,1,043,043,04,1,2.8,2,1,2,7.80287474332649,3,"Central Elementary School, Illinois, United States",US,USIL,37.157,-88.7273,405875,0,,,,,,,3,"Central Elementary School, Illinois, United States",US,USIL,37.157,-88.7273,405875,20240504,https://www.wjol.com/central-elementary-school-kindergarten-teacher-earns-golden-apple-award-of-excellence-in-teaching-plainfield-school-district-202/
1173778724,20240504,202405,2024,2024.3397,USA,UNITED STATES,USA,,,,,,,,ITA,MILANO,ITA,,,,,,,,1,036,036,03,1,4.0,1,1,1,7.80287474332649,3,"Northwestern University, Illinois, United States",US,USIL,42.0556,-87.6745,414709,3,"Central Elementary School, Illinois, United States",US,USIL,37.157,-88.7273,405875,3,"Central Elementary School, Illinois, United States",US,USIL,37.157,-88.7273,405875,20240504,https://www.wjol.com/central-elementary-school-kindergarten-teacher-earns-golden-apple-award-of-excellence-in-teaching-plainfield-school-district-202/
1173778725,20240504,202405,2024,2024.3397,USA,UNITED STATES,USA,,,,,,,,ITA,MILANO,ITA,,,,,,,,1,042,042,04,1,1.9,2,1,2,7.80287474332649,3,"Wesmere, Illinois, United States",US,USIL,41.56,-88.2244,2355609,3,"Wesmere, Illinois, United States",US,USIL,41.56,-88.2244,2355609,3,"Wesmere, Illinois, United States",US,USIL,41.56,-88.2244,2355609,20240504,https://www.wjol.com/central-elementary-school-kindergarten-teacher-earns-golden-apple-award-of-excellence-in-teaching-plainfield-school-district-202/
1173779392,20240504,202405,2024,2024.3397,AFG,AFGHAN,AFG,,,,,,,,AFGGOV,AFGHANISTAN,AFG,,,,,GOV,,,0,051,051,05,1,3.4,6,3,6,-2.21146982542141,1,Afghanistan,AF,AF,33,66,AF,1,Afghanistan,AF,AF,33,66,AF,4,"New Delhi, Delhi, India",IN,IN07,28.6,77.2,-2106102,20240504,https://economictimes.indiatimes.com/news/international/world-news/senior-most-afghan-diplomat-in-india-resigns-following-reports-of-gold-smuggling/articleshow/109843530.cms
1173779393,20240504,202405,2024,2024.3397,AFG,AFGHAN,AFG,,,,,,,,AFGGOV,AFGHANISTAN,AFG,,,,,GOV,,,0,051,051,05,1,3.4,6,3,6,-2.21146982542141,1,Afghanistan,AF,AF,33,66,AF,1,Afghanistan,AF,AF,33,66,AF,1,Afghanistan,AF,AF,33,66,AF,20240504,https://economictimes.indiatimes.com/news/international/world-news/senior-most-afghan-diplomat-in-india-resigns-following-reports-of-gold-smuggling/articleshow/109843530.cms
1173779394,20240504,202405,2024,2024.3397,AFGGOV,AFGHAN,AFG,,,,,GOV,,,AFG,AFGHAN,AFG,,,,,,,,0,051,051,05,1,3.4,12,3,12,-2.21146982542141,1,Afghanistan,AF,AF,33,66,AF,1,Afghanistan,AF,AF,33,66,AF,4,"New Delhi, Delhi, India",IN,IN07,28.6,77.2,-2106102,20240504,https://economictimes.indiatimes.com/news/international/world-news/senior-most-afghan-diplomat-in-india-resigns-following-reports-of-gold-smuggling/articleshow/109843530.cms
1173779395,20240504,202405,2024,2024.3397,AFGGOV,AFGHANISTAN,AFG,,,,,GOV,,,AFG,AFGHANISTAN,AFG,,,,,,,,0,051,051,05,1,3.4,6,3,6,-2.21146982542141,1,Afghanistan,AF,AF,33,66,AF,1,Afghanistan,AF,AF,33,66,AF,1,Afghanistan,AF,AF,33,66,AF,20240504,https://economictimes.indiatimes.com/news/international/world-news/senior-most-afghan-diplomat-in-india-resigns-following-reports-of-gold-smuggling/articleshow/109843530.cms
1173779883,20240504,202405,2024,2024.3397,SPY,INTELLIGENCE,,,,,,SPY,,,,,,,,,,,,,1,192,192,19,4,-9.5,12,3,12,-2.21146982542141,4,"New Delhi, Delhi, India",IN,IN07,28.6,77.2,-2106102,0,,,,,,,4,"New Delhi, Delhi, India",IN,IN07,28.6,77.2,-2106102,20240504,https://economictimes.indiatimes.com/news/international/world-news/senior-most-afghan-diplomat-in-india-resigns-following-reports-of-gold-smuggling/articleshow/109843530.cms
1173779884,20240504,202405,2024,2024.3397,SPY,INTELLIGENCE,,,,,,SPY,,,,,,,,,,,,,1,192,192,19,4,-9.5,4,1,4,-2.11946050096339,1,Afghanistan,AF,AF,33,66,AF,0,,,,,,,1,Afghanistan,AF,AF,33,66,AF,20240504,https://www.devdiscourse.com/article/law-order/2927576-afghan-ambassador-to-india-resigns-amidst-gold-smuggling-allegations
1173779887,20240504,202405,2024,2024.3397,SPY,INTELLIGENCE,,,,,,SPY,,,IND,MUMBAI,IND,,,,,,,,1,192,192,19,4,-9.5,12,3,12,-2.21146982542141,4,"New Delhi, Delhi, India",IN,IN07,28.6,77.2,-2106102,4,"New Delhi, Delhi, India",IN,IN07,28.6,77.2,-2106102,4,"New Delhi, Delhi, India",IN,IN07,28.6,77.2,-2106102,20240504,https://economictimes.indiatimes.com/news/international/world-news/senior-most-afghan-diplomat-in-india-resigns-following-reports-of-gold-smuggling/articleshow/109843530.cms
1173779888,20240504,202405,2024,2024.3397,SPY,INTELLIGENCE,,,,,,SPY,,,IND,MUMBAI,IND,,,,,,,,1,192,192,19,4,-9.5,4,1,4,-2.11946050096339,1,Afghanistan,AF,AF,33,66,AF,4,"New Delhi, Delhi, India",IN,IN07,28.6,77.2,-2106102,1,Afghanistan,AF,AF,33,66,AF,20240504,https://www.devdiscourse.com/article/law-order/2927576-afghan-ambassador-to-india-resigns-amidst-gold-smuggling-allegations
1173779889,20240504,202405,2024,2024.3397,SPY,INTELLIGENCE,,,,,,SPY,,,IND,MUMBAI,IND,,,,,,,,1,192,192,19,4,-9.5,8,4,8,-2.18846749430691,1,Afghanistan,AF,AF,33,66,AF,1,Afghanistan,AF,AF,33,66,AF,1,Afghanistan,AF,AF,33,66,AF,20240504,https://www.devdiscourse.com/article/law-order/2927576-afghan-ambassador-to-india-resigns-amidst-gold-smuggling-allegations
1173790894,20240504,202405,2024,2024.3397,JPN,JAPAN,JPN,,,,,,,,FRA,PARIS,FRA,,,,,,,,1,084,084,08,2,7.0,4,1,4,1.20481927710843,4,"Tokyo, Tokyo, Japan",JA,JA40,35.685,139.751,-246227,4,"Tokyo, Tokyo, Japan",JA,JA40,35.685,139.751,-246227,4,"Tokyo, Tokyo, Japan",JA,JA40,35.685,139.751,-246227,20240504,https://www.cagesideseats.com/wwe/2024/5/4/24148753/gable-steveson-released-wwe-report-olympic-gold-medalist
1173791886,20240504,202405,2024,2024.3397,,,,,,,,,,,CAN,ONTARIO,CAN,,,,,,,,0,042,042,04,1,1.9,18,1,10,3.17460317460317,0,,,,,,,4,"Red Lake, Ontario, Canada",CA,CA08,51.0333,-93.8333,-572086,4,"Red Lake, Ontario, Canada",CA,CA08,51.0333,-93.8333,-572086,20240504,https://www.netnewsledger.com/2024/05/04/west-red-lake-gold-unlocks-significant-value-from-madsen-mill-cleanup/
1173791988,20240504,202405,2024,2024.3397,BUS,COMPANY,,,,,,BUS,,,,,,,,,,,,,1,030,030,03,1,4.0,5,1,5,2.78145695364239,2,"Nevada, United States",US,USNV,38.4199,-117.122,NV,0,,,,,,,2,"Nevada, United States",US,USNV,38.4199,-117.122,NV,20240504,https://www.netnewsledger.com/2024/05/04/getchell-gold-corp-announces-closing-of-debenture-financing/
1173791989,20240504,202405,2024,2024.3397,BUS,COMPANY,,,,,,BUS,,,,,,,,,,,,,1,033,033,03,1,5.2,5,1,5,2.78145695364239,4,"Vancouver, British Columbia, Canada",CA,CA02,49.25,-123.133,-575268,0,,,,,,,4,"Vancouver, British Columbia, Canada",CA,CA02,49.25,-123.133,-575268,20240504,https://www.netnewsledger.com/2024/05/04/getchell-gold-corp-announces-closing-of-debenture-financing/
1173791990,20240504,202405,2024,2024.3397,BUS,COMPANY,,,,,,BUS,,,,,,,,,,,,,1,051,051,05,1,3.4,5,1,5,3.17460317460317,4,"Red Lake, Ontario, Canada",CA,CA08,51.0333,-93.8333,-572086,0,,,,,,,4,"Red Lake, Ontario, Canada",CA,CA08,51.0333,-93.8333,-572086,20240504,https://www.netnewsledger.com/2024/05/04/west-red-lake-gold-unlocks-significant-value-from-madsen-mill-cleanup/
1173791991,20240504,202405,2024,2024.3397,BUS,COMPANY,,,,,,BUS,,,,,,,,,,,,,1,100,100,10,3,-5.0,5,1,5,2.78145695364239,2,"Nevada, United States",US,USNV,38.4199,-117.122,NV,0,,,,,,,2,"Nevada, United States",US,USNV,38.4199,-117.122,NV,20240504,https://www.netnewsledger.com/2024/05/04/getchell-gold-corp-announces-closing-of-debenture-financing/
1173791993,20240504,202405,2024,2024.3397,BUS,BUSINESS,,,,,,BUS,,,BUSGOV,BUSINESS,,,,,,BUS,GOV,,1,020,020,02,1,3.0,5,1,5,5.4862842892768,0,,,,,,,0,,,,,,,0,,,,,,,20240504,https://www.forbes.com/sites/goldiechan/2024/05/04/how-to-grow-as-a-leader/
1173792012,20240504,202405,2024,2024.3397,CAN,ONTARIO,CAN,,,,,,,,,,,,,,,,,,0,043,043,04,1,2.8,18,1,10,3.17460317460317,4,"Red Lake, Ontario, Canada",CA,CA08,51.0333,-93.8333,-572086,0,,,,,,,4,"Red Lake, Ontario, Canada",CA,CA08,51.0333,-93.8333,-572086,20240504,https://www.netnewsledger.com/2024/05/04/west-red-lake-gold-unlocks-significant-value-from-madsen-mill-cleanup/
1173792013,20240504,202405,2024,2024.3397,CAN,ONTARIO,CAN,,,,,,,,,,,,,,,,,,0,080,080,08,2,5.0,10,1,10,3.17460317460317,4,"Red Lake, Ontario, Canada",CA,CA08,51.0333,-93.8333,-572086,0,,,,,,,4,"Red Lake, Ontario, Canada",CA,CA08,51.0333,-93.8333,-572086,20240504,https://www.netnewsledger.com/2024/05/04/west-red-lake-gold-unlocks-significant-value-from-madsen-mill-cleanup/
1173792014,20240504,202405,2024,2024.3397,CAN,CANADA,CAN,,,,,,,,,,,,,,,,,,1,090,090,09,2,-2.0,8,1,8,3.17460317460317,4,"Red Lake, Ontario, Canada",CA,CA08,51.0333,-93.8333,-572086,0,,,,,,,4,"Red Lake, Ontario, Canada",CA,CA08,51.0333,-93.8333,-572086,20240504,https://www.netnewsledger.com/2024/05/04/west-red-lake-gold-unlocks-significant-value-from-madsen-mill-cleanup/
1173793327,20240504,202405,2024,2024.3397,AFG,AFGHAN,AFG,,,,,,,,AFGGOV,AFGHANISTAN,AFG,,,,,GOV,,,0,011,011,01,1,-0.1,20,4,20,-3.20987654320988,1,Afghanistan,AF,AF,33,66,AF,1,Afghanistan,AF,AF,33,66,AF,1,Afghanistan,AF,AF,33,66,AF,20240504,https://www.easternriverinachronicle.com.au/story/8617274/only-female-afghan-diplomat-faces-gold-smuggling-claims/?cs=6364
1173793328,20240504,202405,2024,2024.3397,AFG,AFGHAN,AFG,,,,,,,,AFGGOV,AFGHANISTAN,AFG,,,,,GOV,,,0,0241,024,02,1,-0.3,20,4,20,-3.20987654320988,1,Afghanistan,AF,AF,33,66,AF,1,Afghanistan,AF,AF,33,66,AF,1,Afghanistan,AF,AF,33,66,AF,20240504,https://www.easternriverinachronicle.com.au/story/8617274/only-female-afghan-diplomat-faces-gold-smuggling-claims/?cs=6364
1173793329,20240504,202405,2024,2024.3397,AFGGOV,AFGHAN,AFG,,,,,GOV,,,,,,,,,,,,,0,011,011,01,1,-0.1,30,4,30,-3.20987654320988,1,Afghanistan,AF,AF,33,66,AF,0,,,,,,,1,Afghanistan,AF,AF,33,66,AF,20240504,https://www.easternriverinachronicle.com.au/story/8617274/only-female-afghan-diplomat-faces-gold-smuggling-claims/?cs=6364
1173793330,20240504,202405,2024,2024.3397,AFGGOV,AFGHAN,AFG,,,,,GOV,,,,,,,,,,,,,0,0241,024,02,1,-0.3,30,4,30,-3.20987654320988,1,Afghanistan,AF,AF,33,66,AF,0,,,,,,,1,Afghanistan,AF,AF,33,66,AF,20240504,https://www.easternriverinachronicle.com.au/story/8617274/only-female-afghan-diplomat-faces-gold-smuggling-claims/?cs=6364
1173795021,20240504,202405,2024,2024.3397,SPY,INTELLIGENCE,,,,,,SPY,,,,,,,,,,,,,1,192,192,19,4,-9.5,4,1,4,-2.94117647058824,4,"Mumbai, Maharashtra, India",IN,IN16,18.975,72.8258,-2092174,0,,,,,,,4,"Mumbai, Maharashtra, India",IN,IN16,18.975,72.8258,-2092174,20240504,https://www.outlookindia.com/international/senior-most-afghan-diplomat-in-india-resigns-following-reports-of-gold-smuggling
1173795026,20240504,202405,2024,2024.3397,SPY,INTELLIGENCE,,,,,,SPY,,,IND,MUMBAI,IND,,,,,,,,1,192,192,19,4,-9.5,6,1,6,-2.94117647058824,4,"Mumbai, Maharashtra, India",IN,IN16,18.975,72.8258,-2092174,4,"Mumbai, Maharashtra, India",IN,IN16,18.975,72.8258,-2092174,4,"Mumbai, Maharashtra, India",IN,IN16,18.975,72.8258,-2092174,20240504,https://www.outlookindia.com/international/senior-most-afghan-diplomat-in-india-resigns-following-reports-of-gold-smuggling
1173795847,20240504,202405,2024,2024.3397,CVL,CITIZEN,,,,,,CVL,,,,,,,,,,,,,1,172,172,17,4,-5.0,1,1,1,-2.79898218829516,3,"Montgomery County, Maryland, United States",US,USMD,39.1501,-77.1997,1712500,0,,,,,,,3,"Montgomery County, Maryland, United States",US,USMD,39.1501,-77.1997,1712500,20240504,https://www.nbcbayarea.com/news/national-international/fake-federal-agent-arrested-after-attempting-to-scam-senior-citizen-into-handing-over-life-savings-as-gold-bars/3529456/
1173795849,20240504,202405,2024,2024.3397,CVL,CITIZEN,,,,,,CVL,,,COP,POLICE,,,,,,COP,,,1,172,172,17,4,-5.0,1,1,1,-2.79898218829516,3,"Montgomery County, Maryland, United States",US,USMD,39.1501,-77.1997,1712500,3,"Montgomery County, Maryland, United States",US,USMD,39.1501,-77.1997,1712500,3,"Montgomery County, Maryland, United States",US,USMD,39.1501,-77.1997,1712500,20240504,https://www.nbcbayarea.com/news/national-international/fake-federal-agent-arrested-after-attempting-to-scam-senior-citizen-into-handing-over-life-savings-as-gold-bars/3529456/
1173795859,20240504,202405,2024,2024.3397,DEU,GERMANY,DEU,,,,,,,,,,,,,,,,,,1,172,172,17,4,-5.0,14,2,14,-4.80085163836527,1,Germany,GM,GM,51.5,10.5,GM,0,,,,,,,1,Germany,GM,GM,51.5,10.5,GM,20240504,https://www.nbcbayarea.com/news/national-international/fake-federal-agent-arrested-after-attempting-to-scam-senior-citizen-into-handing-over-life-savings-as-gold-bars/3529456/
1173796137,20240504,202405,2024,2024.3397,JUD,JUDGE,,,,,,JUD,,,DEU,GERMANY,DEU,,,,,,,,0,173,173,17,4,-5.0,4,1,4,-2.79898218829516,1,Germany,GM,GM,51.5,10.5,GM,1,Germany,GM,GM,51.5,10.5,GM,1,Germany,GM,GM,51.5,10.5,GM,20240504,https://www.nbcbayarea.com/news/national-international/fake-federal-agent-arrested-after-attempting-to-scam-senior-citizen-into-handing-over-life-savings-as-gold-bars/3529456/
1173796455,20240504,202405,2024,2024.3397,USA,MARYLAND,USA,,,,,,,,COP,POLICE,,,,,,COP,,,1,080,080,08,2,5.0,2,1,2,-2.79898218829516,3,"Silver Spring, Maryland, United States",US,USMD,38.9907,-77.0261,591290,3,"Silver Spring, Maryland, United States",US,USMD,38.9907,-77.0261,591290,3,"Silver Spring, Maryland, United States",US,USMD,38.9907,-77.0261,591290,20240504,https://www.nbcbayarea.com/news/national-international/fake-federal-agent-arrested-after-attempting-to-scam-senior-citizen-into-handing-over-life-savings-as-gold-bars/3529456/
1173796456,20240504,202405,2024,2024.3397,USA,MARYLAND,USA,,,,,,,,COP,POLICE,,,,,,COP,,,1,080,080,08,2,5.0,8,1,8,-2.79898218829516,2,"California, United States",US,USCA,36.17,-119.746,CA,2,"California, United States",US,USCA,36.17,-119.746,CA,2,"California, United States",US,USCA,36.17,-119.746,CA,20240504,https://www.nbcbayarea.com/news/national-international/fake-federal-agent-arrested-after-attempting-to-scam-senior-citizen-into-handing-over-life-savings-as-gold-bars/3529456/
1173796459,20240504,202405,2024,2024.3397,USA,UNITED STATES,USA,,,,,,,,COP,POLICE,,,,,,COP,,,1,172,172,17,4,-5.0,6,1,6,-2.79898218829516,3,"Montgomery County, Maryland, United States",US,USMD,39.1501,-77.1997,1712500,3,"Montgomery County, Maryland, United States",US,USMD,39.1501,-77.1997,1712500,3,"Montgomery County, Maryland, United States",US,USMD,39.1501,-77.1997,1712500,20240504,https://www.nbcbayarea.com/news/national-international/fake-federal-agent-arrested-after-attempting-to-scam-senior-citizen-into-handing-over-life-savings-as-gold-bars/3529456/
1173796460,20240504,202405,2024,2024.3397,USA,MARYLAND,USA,,,,,,,,COP,POLICE,,,,,,COP,,,1,172,172,17,4,-5.0,10,1,10,-2.79898218829516,2,"Maryland, United States",US,USMD,39.0724,-76.7902,MD,2,"Maryland, United States",US,USMD,39.0724,-76.7902,MD,2,"Maryland, United States",US,USMD,39.0724,-76.7902,MD,20240504,https://www.nbcbayarea.com/news/national-international/fake-federal-agent-arrested-after-attempting-to-scam-senior-citizen-into-handing-over-life-savings-as-gold-bars/3529456/
1173796470,20240504,202405,2024,2024.3397,USA,UNITED STATES,USA,,,,,,,,CVL,CITIZEN,,,,,,CVL,,,1,172,172,17,4,-5.0,2,1,2,-2.79898218829516,3,"Montgomery County, Maryland, United States",US,USMD,39.1501,-77.1997,1712500,3,"Montgomery County, Maryland, United States",US,USMD,39.1501,-77.1997,1712500,3,"Montgomery County, Maryland, United States",US,USMD,39.1501,-77.1997,1712500,20240504,https://www.nbcbayarea.com/news/national-international/fake-federal-agent-arrested-after-attempting-to-scam-senior-citizen-into-handing-over-life-savings-as-gold-bars/3529456/
1173796506,20240504,202405,2024,2024.3397,USA,UNITED STATES,USA,,,,,,,,JEWEDU,JEWISH,,,,JEW,,EDU,,,1,020,020,02,1,3.0,6,1,6,-4.3424317617866,3,"Chicago, Illinois, United States",US,USIL,41.85,-87.6501,423587,3,"Chicago, Illinois, United States",US,USIL,41.85,-87.6501,423587,3,"Chicago, Illinois, United States",US,USIL,41.85,-87.6501,423587,20240504,https://www.postbulletin.com/opinion/columns/david-goldenberg-and-rebecca-weininger-believe-jewish-students-when-they-say-they-are-not-ok
1173796539,20240504,202405,2024,2024.3397,USACOP,UNITED STATES,USA,,,,,COP,,,DEU,GERMANY,DEU,,,,,,,,1,173,173,17,4,-5.0,1,1,1,-2.79898218829516,3,"Montgomery County, Maryland, United States",US,USMD,39.1501,-77.1997,1712500,1,Germany,GM,GM,51.5,10.5,GM,3,"Montgomery County, Maryland, United States",US,USMD,39.1501,-77.1997,1712500,20240504,https://www.nbcbayarea.com/news/national-international/fake-federal-agent-arrested-after-attempting-to-scam-senior-citizen-into-handing-over-life-savings-as-gold-bars/3529456/
1173796540,20240504,202405,2024,2024.3397,USACOP,UNITED STATES,USA,,,,,COP,,,DEU,GERMANY,DEU,,,,,,,,1,173,173,17,4,-5.0,1,1,1,-2.79898218829516,1,Germany,GM,GM,51.5,10.5,GM,1,Germany,GM,GM,51.5,10.5,GM,1,Germany,GM,GM,51.5,10.5,GM,20240504,https://www.nbcbayarea.com/news/national-international/fake-federal-agent-arrested-after-attempting-to-scam-senior-citizen-into-handing-over-life-savings-as-gold-bars/3529456/
1173796547,20240504,202405,2024,2024.3397,USAEDU,CHICAGO,USA,,,,,EDU,,,JEWEDU,JEWISH,,,,JEW,,EDU,,,1,020,020,02,1,3.0,4,1,4,-4.3424317617866,3,"Chicago, Illinois, United States",US,USIL,41.85,-87.6501,423587,3,"Chicago, Illinois, United States",US,USIL,41.85,-87.6501,423587,3,"Chicago, Illinois, United States",US,USIL,41.85,-87.6501,423587,20240504,https://www.postbulletin.com/opinion/columns/david-goldenberg-and-rebecca-weininger-believe-jewish-students-when-they-say-they-are-not-ok
1173797188,20240504,202405,2024,2024.3397,AFG,AFGHAN,AFG,,,,,,,,GOV,DIPLOMAT,,,,,,GOV,,,1,0831,083,08,2,5.0,4,1,4,-2.64550264550265,4,"Mumbai, Maharashtra, India",IN,IN16,18.975,72.8258,-2092174,4,"Mumbai, Maharashtra, India",IN,IN16,18.975,72.8258,-2092174,4,"Mumbai, Maharashtra, India",IN,IN16,18.975,72.8258,-2092174,20240504,https://www.newindianexpress.com/nation/2024/May/04/lone-afghan-woman-diplomat-in-india-steps-down-amid-allegations-of-gold-smuggling
1173797189,20240504,202405,2024,2024.3397,AFG,AFGHAN,AFG,,,,,,,,GOV,DIPLOMAT,,,,,,GOV,,,1,0831,083,08,2,5.0,6,1,6,-2.64550264550265,4,"Dubai, Dubayy, United Arab Emirates",AE,AE03,25.2522,55.28,-782831,4,"Dubai, Dubayy, United Arab Emirates",AE,AE03,25.2522,55.28,-782831,4,"Dubai, Dubayy, United Arab Emirates",AE,AE03,25.2522,55.28,-782831,20240504,https://www.newindianexpress.com/nation/2024/May/04/lone-afghan-woman-diplomat-in-india-steps-down-amid-allegations-of-gold-smuggling
1173797211,20240504,202405,2024,2024.3397,ARE,DUBAI,ARE,,,,,,,,IND,NEW DELHI,IND,,,,,,,,1,173,173,17,4,-5.0,10,1,10,-2.64550264550265,4,"Dubai, Dubayy, United Arab Emirates",AE,AE03,25.2522,55.28,-782831,4,"Mumbai, Maharashtra, India",IN,IN16,18.975,72.8258,-2092174,4,"Dubai, Dubayy, United Arab Emirates",AE,AE03,25.2522,55.28,-782831,20240504,https://www.newindianexpress.com/nation/2024/May/04/lone-afghan-woman-diplomat-in-india-steps-down-amid-allegations-of-gold-smuggling
1173797489,20240504,202405,2024,2024.3397,GOV,CONSULATE,,,,,,GOV,,,,,,,,,,,,,1,0831,083,08,2,5.0,2,1,2,-2.64550264550265,1,Afghanistan,AF,AF,33,66,AF,0,,,,,,,4,"Mumbai, Maharashtra, India",IN,IN16,18.975,72.8258,-2092174,20240504,https://www.newindianexpress.com/nation/2024/May/04/lone-afghan-woman-diplomat-in-india-steps-down-amid-allegations-of-gold-smuggling
1173797490,20240504,202405,2024,2024.3397,GOV,CONSULATE,,,,,,GOV,,,,,,,,,,,,,1,0831,083,08,2,5.0,8,1,8,-2.64550264550265,1,Afghanistan,AF,AF,33,66,AF,0,,,,,,,1,Afghanistan,AF,AF,33,66,AF,20240504,https://www.newindianexpress.com/nation/2024/May/04/lone-afghan-woman-diplomat-in-india-steps-down-amid-allegations-of-gold-smuggling
1173798005,20240504,202405,2024,2024.3397,SPY,INTELLIGENCE,,,,,,SPY,,,ARE,DUBAI,ARE,,,,,,,,1,173,173,17,4,-5.0,1,1,1,-2.64550264550265,4,"Mumbai, Maharashtra, India",IN,IN16,18.975,72.8258,-2092174,4,"Mumbai, Maharashtra, India",IN,IN16,18.975,72.8258,-2092174,4,"Mumbai, Maharashtra, India",IN,IN16,18.975,72.8258,-2092174,20240504,https://www.newindianexpress.com/nation/2024/May/04/lone-afghan-woman-diplomat-in-india-steps-down-amid-allegations-of-gold-smuggling
1173798006,20240504,202405,2024,2024.3397,SPY,INTELLIGENCE,,,,,,SPY,,,ARE,DUBAI,ARE,,,,,,,,1,173,173,17,4,-5.0,1,1,1,-2.64550264550265,4,"Mumbai, Maharashtra, India",IN,IN16,18.975,72.8258,-2092174,4,"Dubai, Dubayy, United Arab Emirates",AE,AE03,25.2522,55.28,-782831,4,"Mumbai, Maharashtra, India",IN,IN16,18.975,72.8258,-2092174,20240504,https://www.newindianexpress.com/nation/2024/May/04/lone-afghan-woman-diplomat-in-india-steps-down-amid-allegations-of-gold-smuggling
1173798007,20240504,202405,2024,2024.3397,SPY,INTELLIGENCE,,,,,,SPY,,,ARE,DUBAI,ARE,,,,,,,,1,173,173,17,4,-5.0,3,1,3,-2.64550264550265,4,"Dubai, Dubayy, United Arab Emirates",AE,AE03,25.2522,55.28,-782831,4,"Dubai, Dubayy, United Arab Emirates",AE,AE03,25.2522,55.28,-782831,4,"Dubai, Dubayy, United Arab Emirates",AE,AE03,25.2522,55.28,-782831,20240504,https://www.newindianexpress.com/nation/2024/May/04/lone-afghan-woman-diplomat-in-india-steps-down-amid-allegations-of-gold-smuggling
1173805567,20240504,202405,2024,2024.3397,AFG,AFGHAN,AFG,,,,,,,,AFGGOV,AFGHANISTAN,AFG,,,,,GOV,,,1,160,160,16,4,-4.0,1,1,1,-6.25,4,"Dubai, Dubayy, United Arab Emirates",AE,AE03,25.2522,55.28,-782831,4,"Dubai, Dubayy, United Arab Emirates",AE,AE03,25.2522,55.28,-782831,4,"Dubai, Dubayy, United Arab Emirates",AE,AE03,25.2522,55.28,-782831,20240504,https://www.dw.com/en/india-afghan-consul-quits-after-reports-of-gold-smuggling/a-68999081
1173805568,20240504,202405,2024,2024.3397,AFG,AFGHAN,AFG,,,,,,,,AFGGOV,AFGHANISTAN,AFG,,,,,GOV,,,1,160,160,16,4,-4.0,1,1,1,-6.25,4,"Dubai, Dubayy, United Arab Emirates",AE,AE03,25.2522,55.28,-782831,4,"Dubai, Dubayy, United Arab Emirates",AE,AE03,25.2522,55.28,-782831,1,Afghanistan,AF,AF,33,66,AF,20240504,https://www.dw.com/en/india-afghan-consul-quits-after-reports-of-gold-smuggling/a-68999081
1173805687,20240504,202405,2024,2024.3397,EDU,SCHOOL,,,,,,EDU,,,AFG,AFGHANISTAN,AFG,,,,,,,,1,172,172,17,4,-5.0,1,1,1,-6.25,4,"Dubai, Dubayy, United Arab Emirates",AE,AE03,25.2522,55.28,-782831,4,"Mumbai, Maharashtra, India",IN,IN16,18.975,72.8258,-2092174,4,"Dubai, Dubayy, United Arab Emirates",AE,AE03,25.2522,55.28,-782831,20240504,https://www.dw.com/en/india-afghan-consul-quits-after-reports-of-gold-smuggling/a-68999081
1173805688,20240504,202405,2024,2024.3397,EDU,SCHOOL,,,,,,EDU,,,AFG,AFGHANISTAN,AFG,,,,,,,,1,172,172,17,4,-5.0,1,1,1,-6.25,4,"Dubai, Dubayy, United Arab Emirates",AE,AE03,25.2522,55.28,-782831,4,"Dubai, Dubayy, United Arab Emirates",AE,AE03,25.2522,55.28,-782831,4,"Dubai, Dubayy, United Arab Emirates",AE,AE03,25.2522,55.28,-782831,20240504,https://www.dw.com/en/india-afghan-consul-quits-after-reports-of-gold-smuggling/a-68999081
1173805689,20240504,202405,2024,2024.3397,EDU,SCHOOL,,,,,,EDU,,,AFG,AFGHANISTAN,AFG,,,,,,,,1,172,172,17,4,-5.0,3,1,3,-6.25,1,Afghanistan,AF,AF,33,66,AF,4,"Dubai, Dubayy, United Arab Emirates",AE,AE03,25.2522,55.28,-782831,4,"Dubai, Dubayy, United Arab Emirates",AE,AE03,25.2522,55.28,-782831,20240504,https://www.dw.com/en/india-afghan-consul-quits-after-reports-of-gold-smuggling/a-68999081
1173812471,20240504,202405,2024,2024.3397,AUS,AUSTRALIA,AUS,,,,,,,,,,,,,,,,,,1,173,173,17,4,-5.0,6,1,6,-5.6140350877193,4,"Mill Park, Victoria, Australia",AS,AS07,-37.6667,145.067,-1587676,0,,,,,,,4,"Mill Park, Victoria, Australia",AS,AS07,-37.6667,145.067,-1587676,20240504,https://www.singaporestar.com/news/274341133/three-irish-men-charged-with-turning-aussie-suburbs-into-their-personal-pot-of-gold
1173814375,20240504,202405,2024,2024.3397,,,,,,,,,,,COP,POLICE,,,,,,COP,,,0,0841,084,08,2,7.0,10,1,10,-7.82997762863534,0,,,,,,,1,Afghanistan,AF,AF,33,66,AF,1,Afghanistan,AF,AF,33,66,AF,20240504,https://www.thenews.com.pk/print/1185500-factory-owner-three-others-arrested-for-robbing-gold
1173814432,20240504,202405,2024,2024.3397,AFG,AFGHANISTAN,AFG,,,,,,,,COP,POLICE,,,,,,COP,,,1,010,010,01,1,0.0,4,1,4,-7.82997762863534,1,Afghanistan,AF,AF,33,66,AF,1,Afghanistan,AF,AF,33,66,AF,1,Afghanistan,AF,AF,33,66,AF,20240504,https://www.thenews.com.pk/print/1185500-factory-owner-three-others-arrested-for-robbing-gold
1173814506,20240504,202405,2024,2024.3397,COP,POLICE,,,,,,COP,,,,,,,,,,,,,1,010,010,01,1,0.0,6,1,6,-7.82997762863534,1,Afghanistan,AF,AF,33,66,AF,0,,,,,,,1,Afghanistan,AF,AF,33,66,AF,20240504,https://www.thenews.com.pk/print/1185500-factory-owner-three-others-arrested-for-robbing-gold
1173814513,20240504,202405,2024,2024.3397,COP,POLICE OFFICIALS,,,,,,COP,,,AFG,AFGHAN,AFG,,,,,,,,0,173,173,17,4,-5.0,4,1,4,-7.82997762863534,1,Afghanistan,AF,AF,33,66,AF,1,Afghanistan,AF,AF,33,66,AF,1,Afghanistan,AF,AF,33,66,AF,20240504,https://www.thenews.com.pk/print/1185500-factory-owner-three-others-arrested-for-robbing-gold
1173814514,20240504,202405,2024,2024.3397,COP,POLICE OFFICIALS,,,,,,COP,,,AFGSEACRM,AFGHAN,AFG,,,,,CRM,,,0,173,173,17,4,-5.0,6,1,6,-7.82997762863534,1,Afghanistan,AF,AF,33,66,AF,1,Afghanistan,AF,AF,33,66,AF,1,Afghanistan,AF,AF,33,66,AF,20240504,https://www.thenews.com.pk/print/1185500-factory-owner-three-others-arrested-for-robbing-gold
1173815704,20240504,202405,2024,2024.3397,DEU,GERMAN,DEU,,,,,,,,DEUBUS,GERMANY,DEU,,,,,BUS,,,0,112,112,11,3,-2.0,4,1,4,0.28248587570621,1,China,CH,CH,35,105,CH,1,China,CH,CH,35,105,CH,1,China,CH,CH,35,105,CH,20240504,https://www.benzinga.com/markets/equities/24/05/38631004/teslas-china-fsd-goldmine-rivian-receives-much-needed-cash-boost-fisker-lands-in-another-legal-m
1173815712,20240504,202405,2024,2024.3397,DEUBUS,GERMAN,DEU,,,,,BUS,,,,,,,,,,,,,0,112,112,11,3,-2.0,6,1,6,0.28248587570621,1,China,CH,CH,35,105,CH,0,,,,,,,1,China,CH,CH,35,105,CH,20240504,https://www.benzinga.com/markets/equities/24/05/38631004/teslas-china-fsd-goldmine-rivian-receives-much-needed-cash-boost-fisker-lands-in-another-legal-m
1173815970,20240504,202405,2024,2024.3397,RUS,RUSSIA,RUS,,,,,,,,,,,,,,,,,,1,051,051,05,1,3.4,6,1,6,0,3,"Hollywood, California, United States",US,USCA,34.0983,-118.327,1660757,0,,,,,,,3,"Hollywood, California, United States",US,USCA,34.0983,-118.327,1660757,20240504,https://collider.com/goldfinger-pussy-galore-censorship/
1173816015,20240504,202405,2024,2024.3397,USA,AMERICAN,USA,,,,,,,,,,,,,,,,,,1,138,138,13,3,-7.0,2,1,2,0,1,Russia,RS,RS,60,100,RS,0,,,,,,,1,Russia,RS,RS,60,100,RS,20240504,https://collider.com/goldfinger-pussy-galore-censorship/
1173816718,20240504,202405,2024,2024.3397,ELI,ACTOR,,,,,,ELI,,,,,,,,,,,,,1,017,017,01,1,0.0,6,1,6,6.69975186104219,3,"Hollywood, California, United States",US,USCA,34.0983,-118.327,1660757,0,,,,,,,3,"Hollywood, California, United States",US,USCA,34.0983,-118.327,1660757,20240504,https://www.goldderby.com/article/2024/oscars-jack-nicholson-terms-of-endearment/
1173816721,20240504,202405,2024,2024.3397,ELI,ACTOR,,,,,,ELI,,,,,,,,,,,,,0,051,051,05,1,3.4,3,1,3,6.69975186104219,3,"Cross Creek, California, United States",US,USCA,36.1311,-119.635,241121,0,,,,,,,3,"Cross Creek, California, United States",US,USCA,36.1311,-119.635,241121,20240504,https://www.goldderby.com/article/2024/oscars-jack-nicholson-terms-of-endearment/
1173816722,20240504,202405,2024,2024.3397,ELI,ACTOR,,,,,,ELI,,,,,,,,,,,,,0,051,051,05,1,3.4,2,1,2,6.69975186104219,2,"New York, United States",US,USNY,42.1497,-74.9384,NY,0,,,,,,,2,"New York, United States",US,USNY,42.1497,-74.9384,NY,20240504,https://www.goldderby.com/article/2024/oscars-jack-nicholson-terms-of-endearment/
1173817025,20240504,202405,2024,2024.3397,USA,UNITED STATES,USA,,,,,,,,ELI,ACTOR,,,,,,ELI,,,1,017,017,01,1,0.0,4,1,4,6.69975186104219,3,"Hollywood, California, United States",US,USCA,34.0983,-118.327,1660757,3,"Hollywood, California, United States",US,USCA,34.0983,-118.327,1660757,3,"Hollywood, California, United States",US,USCA,34.0983,-118.327,1660757,20240504,https://www.goldderby.com/article/2024/oscars-jack-nicholson-terms-of-endearment/
1173818485,20240504,202405,2024,2024.3397,CHRCTH,CATHOLIC,,,,CHR,CTH,,,,MED,MAGAZINE,,,,,,MED,,,1,010,010,01,1,0.0,3,1,3,-7.07070707070707,1,United States,US,US,39.828175,-98.5795,US,1,United States,US,US,39.828175,-98.5795,US,1,United States,US,US,39.828175,-98.5795,US,20240504,https://allhiphop.com/news/donald-trump-attacked-by-whoopi-goldberg-over-anti-white-comments/
1173818870,20240504,202405,2024,2024.3397,USA,UNITED STATES,USA,,,,,,,,MED,MAGAZINE,,,,,,MED,,,1,013,013,01,1,0.4,2,1,2,-7.07070707070707,1,United States,US,US,39.828175,-98.5795,US,1,United States,US,US,39.828175,-98.5795,US,1,United States,US,US,39.828175,-98.5795,US,20240504,https://allhiphop.com/news/donald-trump-attacked-by-whoopi-goldberg-over-anti-white-comments/
