GLOBALEVENTID,SQLDATE,MonthYear,Year,FractionDate,Actor1Code,Actor1Name,Actor1CountryCode,Actor1KnownGroupCode,Actor1EthnicCode,Actor1Religion1Code,Actor1Religion2Code,Actor1Type1Code,Actor1Type2Code,Actor1Type3Code,Actor2Code,Actor2Name,Actor2CountryCode,Actor2KnownGroupCode,Actor2EthnicCode,Actor2Religion1Code,Actor2Religion2Code,Actor2Type1Code,Actor2Type2Code,Actor2Type3Code,IsRootEvent,EventCode,EventBaseCode,EventRootCode,QuadClass,GoldsteinScale,NumMentions,NumSources,NumArticles,AvgTone,Actor1Geo_Type,Actor1Geo_FullName,Actor1Geo_CountryCode,Actor1Geo_ADM1Code,Actor1Geo_Lat,Actor1Geo_Long,Actor1Geo_FeatureID,Actor2Geo_Type,Actor2Geo_FullName,Actor2Geo_CountryCode,Actor2Geo_ADM1Code,Actor2Geo_Lat,Actor2Geo_Long,Actor2Geo_FeatureID,ActionGeo_Type,ActionGeo_FullName,ActionGeo_CountryCode,ActionGeo_ADM1Code,ActionGeo_Lat,ActionGeo_Long,ActionGeo_FeatureID,DATEADDED,SOURCEURL
1231288559,20250311,202503,2025,2025.1945,,,,,,,,,,,EGY,EGYPTIAN,EGY,,,,,,,,0,051,051,05,1,3.4,6,1,6,4.20070011668611,0,,,,,,,3,"Carnegie Hall, New York, United States",US,USNY,40.7651,-73.9799,945868,3,"Carnegie Hall, New York, United States",US,USNY,40.7651,-73.9799,945868,20250311,https://www.nuvo.net/arts/indianapolis-chamber-orchestra-richly-illuminates-charlie-chaplins-the-gold-rush/article_0d64cff4-fde4-11ef-b949-03f74be09d3e.html
1231288560,20250311,202503,2025,2025.1945,,,,,,,,,,,EGY,EGYPTIAN,EGY,,,,,,,,1,051,051,05,1,3.4,20,4,20,4.04906254741286,0,,,,,,,1,Egypt,EG,EG,27,30,EG,1,Egypt,EG,EG,27,30,EG,20250311,https://www.nuvo.net/arts/indianapolis-chamber-orchestra-richly-illuminates-charlie-chaplins-the-gold-rush/article_0d64cff4-fde4-11ef-b949-03f74be09d3e.html
1231288943,20250311,202503,2025,2025.1945,CAN,CANADIAN,CAN,,,,,,,,,,,,,,,,,,1,010,010,01,1,0.0,10,1,10,4.88888888888889,4,"Flin Flon, Manitoba, Canada",CA,CA03,54.7667,-101.883,-564707,0,,,,,,,4,"Flin Flon, Manitoba, Canada",CA,CA03,54.7667,-101.883,-564707,20250311,https://www.modernreaders.com/news/2025/03/10/canadian-gold-cvecgc-trading-11-1-higher-time-to-buy.html
1231290809,20250311,202503,2025,2025.1945,USA,INDIANAPOLIS,USA,,,,,,,,,,,,,,,,,,0,030,030,03,1,4.0,1,1,1,4.20070011668611,3,"Sierra Nevada, California, United States",US,USCA,36.5785,-118.293,253582,0,,,,,,,3,"Sierra Nevada, California, United States",US,USCA,36.5785,-118.293,253582,20250311,https://www.nuvo.net/arts/indianapolis-chamber-orchestra-richly-illuminates-charlie-chaplins-the-gold-rush/article_0d64cff4-fde4-11ef-b949-03f74be09d3e.html
1231290810,20250311,202503,2025,2025.1945,USA,INDIANAPOLIS,USA,,,,,,,,,,,,,,,,,,0,030,030,03,1,4.0,1,1,1,4.20070011668611,3,"Carnegie Hall, New York, United States",US,USNY,40.7651,-73.9799,945868,0,,,,,,,3,"Sierra Nevada, California, United States",US,USCA,36.5785,-118.293,253582,20250311,https://www.nuvo.net/arts/indianapolis-chamber-orchestra-richly-illuminates-charlie-chaplins-the-gold-rush/article_0d64cff4-fde4-11ef-b949-03f74be09d3e.html
1231290811,20250311,202503,2025,2025.1945,USA,INDIANAPOLIS,USA,,,,,,,,,,,,,,,,,,0,030,030,03,1,4.0,3,1,3,4.20070011668611,3,"Carnegie Hall, New York, United States",US,USNY,40.7651,-73.9799,945868,0,,,,,,,3,"Carnegie Hall, New York, United States",US,USNY,40.7651,-73.9799,945868,20250311,https://www.nuvo.net/arts/indianapolis-chamber-orchestra-richly-illuminates-charlie-chaplins-the-gold-rush/article_0d64cff4-fde4-11ef-b949-03f74be09d3e.html
1231290883,20250311,202503,2025,2025.1945,USA,UNITED STATES,USA,,,,,,,,,,,,,,,,,,0,051,051,05,1,3.4,2,1,2,4.20070011668611,3,"Sierra Nevada, California, United States",US,USCA,36.5785,-118.293,253582,0,,,,,,,3,"Sierra Nevada, California, United States",US,USCA,36.5785,-118.293,253582,20250311,https://www.nuvo.net/arts/indianapolis-chamber-orchestra-richly-illuminates-charlie-chaplins-the-gold-rush/article_0d64cff4-fde4-11ef-b949-03f74be09d3e.html
1231290884,20250311,202503,2025,2025.1945,USA,UNITED STATES,USA,,,,,,,,,,,,,,,,,,0,051,051,05,1,3.4,2,1,2,4.20070011668611,3,"Sierra Nevada, California, United States",US,USCA,36.5785,-118.293,253582,0,,,,,,,3,"Carnegie Hall, New York, United States",US,USNY,40.7651,-73.9799,945868,20250311,https://www.nuvo.net/arts/indianapolis-chamber-orchestra-richly-illuminates-charlie-chaplins-the-gold-rush/article_0d64cff4-fde4-11ef-b949-03f74be09d3e.html
1231291633,20250311,202503,2025,2025.1945,,,,,,,,,,,LEG,SENATE,,,,,,LEG,,,1,040,040,04,1,1.0,10,1,10,4.54545454545454,0,,,,,,,2,"North Dakota, United States",US,USND,47.5362,-99.793,ND,2,"North Dakota, United States",US,USND,47.5362,-99.793,ND,20250311,https://www.valleynewslive.com/2025/03/10/senate-discusses-bill-calling-gold-silver-investments/
1231292172,20250311,202503,2025,2025.1945,GOV,MINIST,,,,,,GOV,,,,,,,,,,,,,1,010,010,01,1,0.0,57,6,57,-1.4009404190796,4,"Bengaluru, Karnataka, India",IN,IN19,12.9833,77.5833,-2090174,0,,,,,,,4,"Bengaluru, Karnataka, India",IN,IN19,12.9833,77.5833,-2090174,20250311,https://timesofindia.indiatimes.com/india/actors-arrest-in-gold-case-sparks-bjp-congress-slugfest/articleshow/118863736.cms
1231292173,20250311,202503,2025,2025.1945,GOV,MINIST,,,,,,GOV,,,,,,,,,,,,,0,010,010,01,1,0.0,4,1,4,-3.25814536340852,4,"Tumakuru, Karnataka, India",IN,IN19,13.3422,77.1017,-2113532,0,,,,,,,4,"Tumakuru, Karnataka, India",IN,IN19,13.3422,77.1017,-2113532,20250311,https://timesofindia.indiatimes.com/india/actors-arrest-in-gold-case-sparks-bjp-congress-slugfest/articleshow/118863736.cms
1231292569,20250311,202503,2025,2025.1945,LEG,SENATOR,,,,,,LEG,,,,,,,,,,,,,1,020,020,02,1,3.0,26,2,16,0.19546779750861,2,"North Dakota, United States",US,USND,47.5362,-99.793,ND,0,,,,,,,2,"North Dakota, United States",US,USND,47.5362,-99.793,ND,20250311,https://www.valleynewslive.com/2025/03/10/senate-discusses-bill-calling-gold-silver-investments/
1231292572,20250311,202503,2025,2025.1945,LEG,SENATE,,,,,,LEG,,,,,,,,,,,,,1,040,040,04,1,1.0,50,2,30,1.83261183261183,2,"North Dakota, United States",US,USND,47.5362,-99.793,ND,0,,,,,,,2,"North Dakota, United States",US,USND,47.5362,-99.793,ND,20250311,https://www.valleynewslive.com/2025/03/10/senate-discusses-bill-calling-gold-silver-investments/
1231292583,20250311,202503,2025,2025.1945,LEG,CONGRESS,,,,,,LEG,,,ELI,ACTOR,,,,,,ELI,,,1,173,173,17,4,-5.0,12,1,10,-3.25814536340852,4,"Bengaluru, Karnataka, India",IN,IN19,12.9833,77.5833,-2090174,4,"Bengaluru, Karnataka, India",IN,IN19,12.9833,77.5833,-2090174,4,"Bengaluru, Karnataka, India",IN,IN19,12.9833,77.5833,-2090174,20250311,https://timesofindia.indiatimes.com/india/actors-arrest-in-gold-case-sparks-bjp-congress-slugfest/articleshow/118863736.cms
1231292584,20250311,202503,2025,2025.1945,LEG,CONGRESS,,,,,,LEG,,,ELI,ACTOR,,,,,,ELI,,,1,173,173,17,4,-5.0,2,1,2,-3.25814536340852,4,"Bengaluru, Karnataka, India",IN,IN19,12.9833,77.5833,-2090174,4,"Tumakuru, Karnataka, India",IN,IN19,13.3422,77.1017,-2113532,4,"Tumakuru, Karnataka, India",IN,IN19,13.3422,77.1017,-2113532,20250311,https://timesofindia.indiatimes.com/india/actors-arrest-in-gold-case-sparks-bjp-congress-slugfest/articleshow/118863736.cms
1231292585,20250311,202503,2025,2025.1945,LEG,CONGRESS,,,,,,LEG,,,ELI,ACTOR,,,,,,ELI,,,1,173,173,17,4,-5.0,6,1,6,-3.25814536340852,4,"Tumakuru, Karnataka, India",IN,IN19,13.3422,77.1017,-2113532,4,"Tumakuru, Karnataka, India",IN,IN19,13.3422,77.1017,-2113532,4,"Tumakuru, Karnataka, India",IN,IN19,13.3422,77.1017,-2113532,20250311,https://timesofindia.indiatimes.com/india/actors-arrest-in-gold-case-sparks-bjp-congress-slugfest/articleshow/118863736.cms
1231298380,20250311,202503,2025,2025.1945,,,,,,,,,,,USA,UNITED STATES,USA,,,,,,,,1,040,040,04,1,1.0,2,1,2,2.04081632653062,0,,,,,,,3,"El Paso, Texas, United States",US,USTX,31.7587,-106.487,1380946,3,"El Paso, Texas, United States",US,USTX,31.7587,-106.487,1380946,20250311,https://kfoxtv.com/news/local/el-paso-celebrates-reopening-of-community-pool-after-years-of-renovations-delays-texas-tx-leo-cancellare-memorial-chris-canales-gus-goldie-westside-natatorium-district-8
1231298522,20250311,202503,2025,2025.1945,BUS,INVESTOR,,,,,,BUS,,,,,,,,,,,,,0,010,010,01,1,0.0,5,1,5,0.73421439060205,4,"Minas Gerais, Acre, Brazil",BR,BR01,-8.96667,-72.7833,-655150,0,,,,,,,4,"Minas Gerais, Acre, Brazil",BR,BR01,-8.96667,-72.7833,-655150,20250311,https://www.goldseiten.de/artikel/650251--Stakeholder-Closes-Private-Placement.html
1231298560,20250311,202503,2025,2025.1945,BUS,COMPANY,,,,,,BUS,,,CAN,OTTAWA,CAN,,,,,,,,1,010,010,01,1,0.0,2,1,2,0.73710073710074,1,United States,US,US,39.828175,-98.5795,US,1,United States,US,US,39.828175,-98.5795,US,1,United States,US,US,39.828175,-98.5795,US,20250311,https://www.goldseiten.de/artikel/650256--Focus-Graphite-Completes-its-Previously-Disclosed-Non-Brokered-Private-Placement.html
1231298564,20250311,202503,2025,2025.1945,BUS,COMPANY,,,,,,BUS,,,CAN,OTTAWA,CAN,,,,,,,,1,045,045,04,1,5.0,2,1,2,0.73710073710074,4,"Ottawa, Ontario, Canada",CA,CA08,45.4167,-75.7,-570760,4,"Ottawa, Ontario, Canada",CA,CA08,45.4167,-75.7,-570760,4,"Ottawa, Ontario, Canada",CA,CA08,45.4167,-75.7,-570760,20250311,https://www.goldseiten.de/artikel/650256--Focus-Graphite-Completes-its-Previously-Disclosed-Non-Brokered-Private-Placement.html
1231298607,20250311,202503,2025,2025.1945,CAN,TORONTO,CAN,,,,,,,,BUS,COMPANY,,,,,,BUS,,,1,051,051,05,1,3.4,2,1,2,-0.39370078740157,5,"Province Of Quebec, Quebec, Canada",CA,CA10,54,-72,-571854,5,"Province Of Quebec, Quebec, Canada",CA,CA10,54,-72,-571854,5,"Province Of Quebec, Quebec, Canada",CA,CA10,54,-72,-571854,20250311,https://www.goldseiten.de/artikel/650261--EV-Minerals-Announces-Resignation-and-Appointment-of-CFO.html
1231298608,20250311,202503,2025,2025.1945,CAN,TORONTO,CAN,,,,,,,,BUS,COMPANY,,,,,,BUS,,,1,070,070,07,2,7.0,2,1,2,-0.39370078740157,4,"Toronto, Ontario, Canada",CA,CA08,43.6667,-79.4167,-574890,4,"Toronto, Ontario, Canada",CA,CA08,43.6667,-79.4167,-574890,4,"Toronto, Ontario, Canada",CA,CA08,43.6667,-79.4167,-574890,20250311,https://www.goldseiten.de/artikel/650261--EV-Minerals-Announces-Resignation-and-Appointment-of-CFO.html
1231299923,20250311,202503,2025,2025.1945,USA,UNITED STATES,USA,,,,,,,,,,,,,,,,,,1,040,040,04,1,1.0,38,2,38,-1.55393586005831,3,"El Paso, Texas, United States",US,USTX,31.7587,-106.487,1380946,0,,,,,,,3,"El Paso, Texas, United States",US,USTX,31.7587,-106.487,1380946,20250311,https://kfoxtv.com/news/local/el-paso-celebrates-reopening-of-community-pool-after-years-of-renovations-delays-texas-tx-leo-cancellare-memorial-chris-canales-gus-goldie-westside-natatorium-district-8
1231300090,20250311,202503,2025,2025.1945,USA,TEXAS,USA,,,,,,,,CVL,COMMUNITY,,,,,,CVL,,,1,051,051,05,1,3.4,30,2,18,2.04081632653062,3,"El Paso, Texas, United States",US,USTX,31.7587,-106.487,1380946,3,"El Paso, Texas, United States",US,USTX,31.7587,-106.487,1380946,3,"El Paso, Texas, United States",US,USTX,31.7587,-106.487,1380946,20250311,https://kfoxtv.com/news/local/el-paso-celebrates-reopening-of-community-pool-after-years-of-renovations-delays-texas-tx-leo-cancellare-memorial-chris-canales-gus-goldie-westside-natatorium-district-8
1231300092,20250311,202503,2025,2025.1945,USA,TEXAS,USA,,,,,,,,CVL,COMMUNITY,,,,,,CVL,,,1,051,051,05,1,3.4,4,2,4,2.04081632653062,2,"Texas, United States",US,USTX,31.106,-97.6475,TX,3,"El Paso, Texas, United States",US,USTX,31.7587,-106.487,1380946,3,"El Paso, Texas, United States",US,USTX,31.7587,-106.487,1380946,20250311,https://kfoxtv.com/news/local/el-paso-celebrates-reopening-of-community-pool-after-years-of-renovations-delays-texas-tx-leo-cancellare-memorial-chris-canales-gus-goldie-westside-natatorium-district-8
1231303336,20250311,202503,2025,2025.1945,,,,,,,,,,,BUS,INVESTOR,,,,,,BUS,,,0,042,042,04,1,1.9,5,1,5,-0.53272450532724,0,,,,,,,4,"Mumbai, Maharashtra, India",IN,IN16,18.975,72.8258,-2092174,4,"Mumbai, Maharashtra, India",IN,IN16,18.975,72.8258,-2092174,20250311,https://www.hindustantimes.com/india-news/sc-golden-forests-and-the-perils-of-mega-financial-disputes-101741654300107.html
1231303340,20250311,202503,2025,2025.1945,,,,,,,,,,,BUS,COMPANY,,,,,,BUS,,,1,100,100,10,3,-5.0,36,4,36,4.07171667533923,0,,,,,,,4,"Mumbai, Maharashtra, India",IN,IN16,18.975,72.8258,-2092174,4,"Mumbai, Maharashtra, India",IN,IN16,18.975,72.8258,-2092174,20250311,https://www.hindustantimes.com/india-news/sc-golden-forests-and-the-perils-of-mega-financial-disputes-101741654300107.html
1231303555,20250311,202503,2025,2025.1945,BUS,INVESTOR,,,,,,BUS,,,,,,,,,,,,,0,043,043,04,1,2.8,5,1,5,-0.53272450532724,4,"Mumbai, Maharashtra, India",IN,IN16,18.975,72.8258,-2092174,0,,,,,,,4,"Mumbai, Maharashtra, India",IN,IN16,18.975,72.8258,-2092174,20250311,https://www.hindustantimes.com/india-news/sc-golden-forests-and-the-perils-of-mega-financial-disputes-101741654300107.html
1231303900,20250311,202503,2025,2025.1945,GOV,REGULATOR,,,,,,GOV,,,,,,,,,,,,,0,090,090,09,2,-2.0,5,1,5,-0.53272450532724,4,"Mumbai, Maharashtra, India",IN,IN16,18.975,72.8258,-2092174,0,,,,,,,4,"Mumbai, Maharashtra, India",IN,IN16,18.975,72.8258,-2092174,20250311,https://www.hindustantimes.com/india-news/sc-golden-forests-and-the-perils-of-mega-financial-disputes-101741654300107.html
1231304073,20250311,202503,2025,2025.1945,JUD,HIGH COURT,,,,,,JUD,,,,,,,,,,,,,0,016,016,01,1,-2.0,2,1,2,-0.53272450532724,4,"Delhi, Delhi, India",IN,IN07,28.6667,77.2167,-2094230,0,,,,,,,4,"Delhi, Delhi, India",IN,IN07,28.6667,77.2167,-2094230,20250311,https://www.hindustantimes.com/india-news/sc-golden-forests-and-the-perils-of-mega-financial-disputes-101741654300107.html
1231308619,20250311,202503,2025,2025.1945,USALEG,NORTH DAKOTA,USA,,,,,LEG,,,,,,,,,,,,,1,020,020,02,1,3.0,6,1,6,3.66492146596859,2,"North Dakota, United States",US,USND,47.5362,-99.793,ND,0,,,,,,,2,"North Dakota, United States",US,USND,47.5362,-99.793,ND,20250311,https://www.kvrr.com/2025/03/10/north-dakota-may-begin-investing-in-gold-and-silver-bullion/
1231308620,20250311,202503,2025,2025.1945,USALEG,UNITED STATES,USA,,,,,LEG,,,USA,UNITED STATES,USA,,,,,,,,1,020,020,02,1,3.0,2,1,2,3.66492146596859,2,"North Dakota, United States",US,USND,47.5362,-99.793,ND,2,"North Dakota, United States",US,USND,47.5362,-99.793,ND,3,"Treasure Island, Texas, United States",US,USTX,29.6044,-98.0389,1348740,20250311,https://www.kvrr.com/2025/03/10/north-dakota-may-begin-investing-in-gold-and-silver-bullion/
1231308621,20250311,202503,2025,2025.1945,USALEG,UNITED STATES,USA,,,,,LEG,,,USA,UNITED STATES,USA,,,,,,,,1,020,020,02,1,3.0,2,1,2,3.66492146596859,2,"North Dakota, United States",US,USND,47.5362,-99.793,ND,2,"North Dakota, United States",US,USND,47.5362,-99.793,ND,2,"North Dakota, United States",US,USND,47.5362,-99.793,ND,20250311,https://www.kvrr.com/2025/03/10/north-dakota-may-begin-investing-in-gold-and-silver-bullion/
1231309891,20250311,202503,2025,2025.1945,,,,,,,,,,,USA,DENVER,USA,,,,,,,,1,042,042,04,1,1.9,77,9,77,3.06955198237206,0,,,,,,,3,"Denver, Colorado, United States",US,USCO,39.7392,-104.985,201738,3,"Denver, Colorado, United States",US,USCO,39.7392,-104.985,201738,20250311,https://www.kktv.com/2025/03/11/gold-rush-denver-two-former-49ers-sign-help-broncos-defense/
1231311210,20250311,202503,2025,2025.1945,USA,DENVER,USA,,,,,,,,,,,,,,,,,,1,043,043,04,1,2.8,86,10,86,1.37243600233579,3,"Denver, Colorado, United States",US,USCO,39.7392,-104.985,201738,0,,,,,,,3,"Denver, Colorado, United States",US,USCO,39.7392,-104.985,201738,20250311,https://www.kktv.com/2025/03/11/gold-rush-denver-two-former-49ers-sign-help-broncos-defense/
1231313350,20250311,202503,2025,2025.1945,ARE,UNITED ARAB EMIRATES,ARE,,,,,,,,,,,,,,,,,,1,173,173,17,4,-5.0,4,2,4,-4.52423008357457,4,"Dubai, Dubayy, United Arab Emirates",AE,AE03,25.2522,55.28,-782831,0,,,,,,,4,"Bengaluru, Karnataka, India",IN,IN19,12.9833,77.5833,-2090174,20250311,https://timesofindia.indiatimes.com/entertainment/kannada/movies/news/ranya-rao-named-mastermind-in-rs-12-56-crore-gold-smuggling-case-one-more-arrested/articleshow/118866638.cms
1231313889,20250311,202503,2025,2025.1945,JUD,JUDGE,,,,,,JUD,,,COP,PRISON,,,,,,COP,,,1,120,120,12,3,-4.0,10,1,10,-4.68164794007491,4,"Dubai, Dubayy, United Arab Emirates",AE,AE03,25.2522,55.28,-782831,4,"Dubai, Dubayy, United Arab Emirates",AE,AE03,25.2522,55.28,-782831,4,"Dubai, Dubayy, United Arab Emirates",AE,AE03,25.2522,55.28,-782831,20250311,https://timesofindia.indiatimes.com/entertainment/kannada/movies/news/ranya-rao-named-mastermind-in-rs-12-56-crore-gold-smuggling-case-one-more-arrested/articleshow/118866638.cms
1231314439,20250311,202503,2025,2025.1945,kanELI,KANNADA,,,kan,,,ELI,,,SPY,INTELLIGENCE,,,,,,SPY,,,1,1121,112,11,3,-2.0,6,1,6,-4.68164794007491,5,"Karnataka, Karnataka, India",IN,IN19,13.5,76,-2099860,5,"Karnataka, Karnataka, India",IN,IN19,13.5,76,-2099860,5,"Karnataka, Karnataka, India",IN,IN19,13.5,76,-2099860,20250311,https://timesofindia.indiatimes.com/entertainment/kannada/movies/news/ranya-rao-named-mastermind-in-rs-12-56-crore-gold-smuggling-case-one-more-arrested/articleshow/118866638.cms
1231314440,20250311,202503,2025,2025.1945,kanELI,KANNADA,,,kan,,,ELI,,,SPY,INTELLIGENCE,,,,,,SPY,,,1,1121,112,11,3,-2.0,4,1,4,-4.68164794007491,4,"Dubai, Dubayy, United Arab Emirates",AE,AE03,25.2522,55.28,-782831,4,"Dubai, Dubayy, United Arab Emirates",AE,AE03,25.2522,55.28,-782831,4,"Dubai, Dubayy, United Arab Emirates",AE,AE03,25.2522,55.28,-782831,20250311,https://timesofindia.indiatimes.com/entertainment/kannada/movies/news/ranya-rao-named-mastermind-in-rs-12-56-crore-gold-smuggling-case-one-more-arrested/articleshow/118866638.cms
1231314973,20250311,202503,2025,2025.1945,,,,,,,,,,,AUS,AUSTRALIA,AUS,,,,,,,,1,042,042,04,1,1.9,6,1,6,2.88461538461539,0,,,,,,,4,"Norseman, Western Australia, Australia",AS,AS08,-32.1977,121.779,-1591950,4,"Norseman, Western Australia, Australia",AS,AS08,-32.1977,121.779,-1591950,20250311,https://www.proactiveinvestors.com/companies/news/1067677/pantoro-strikes-high-grade-gold-zones-in-first-pass-drilling-at-polar-bear-1067677.html
1231315006,20250311,202503,2025,2025.1945,,,,,,,,,,,ECU,ECUADOR,ECU,,,,,,,,1,046,046,04,1,7.0,10,1,10,5.28846153846154,0,,,,,,,4,"Cerro Verde, Loja, Ecuador",EC,EC12,-4.15,-80.25,-925485,4,"Cerro Verde, Loja, Ecuador",EC,EC12,-4.15,-80.25,-925485,20250311,https://www.proactiveinvestors.com.au/companies/news/1067674/titan-minerals-new-high-grade-gold-drill-results.html
1231315143,20250311,202503,2025,2025.1945,AUS,AUSTRALIA,AUS,,,,,,,,,,,,,,,,,,1,043,043,04,1,2.8,6,1,6,2.88461538461539,4,"Norseman, Western Australia, Australia",AS,AS08,-32.1977,121.779,-1591950,0,,,,,,,4,"Norseman, Western Australia, Australia",AS,AS08,-32.1977,121.779,-1591950,20250311,https://www.proactiveinvestors.com/companies/news/1067677/pantoro-strikes-high-grade-gold-zones-in-first-pass-drilling-at-polar-bear-1067677.html
1231315196,20250311,202503,2025,2025.1945,BUS,COMPANY,,,,,,BUS,,,,,,,,,,,,,1,160,160,16,4,-4.0,10,1,10,5.28846153846154,4,"Cerro Verde, Loja, Ecuador",EC,EC12,-4.15,-80.25,-925485,0,,,,,,,4,"Cerro Verde, Loja, Ecuador",EC,EC12,-4.15,-80.25,-925485,20250311,https://www.proactiveinvestors.com.au/companies/news/1067674/titan-minerals-new-high-grade-gold-drill-results.html
1231315348,20250311,202503,2025,2025.1945,ECU,ECUADOR,ECU,,,,,,,,,,,,,,,,,,1,046,046,04,1,7.0,10,1,10,5.28846153846154,4,"Cerro Verde, Loja, Ecuador",EC,EC12,-4.15,-80.25,-925485,0,,,,,,,4,"Cerro Verde, Loja, Ecuador",EC,EC12,-4.15,-80.25,-925485,20250311,https://www.proactiveinvestors.com.au/companies/news/1067674/titan-minerals-new-high-grade-gold-drill-results.html
1231318679,20250311,202503,2025,2025.1945,,,,,,,,,,,GOV,PRESIDENT,,,,,,GOV,,,0,043,043,04,1,2.8,6,1,6,-3.51767635753342,0,,,,,,,4,"Dubai, Dubayy, United Arab Emirates",AE,AE03,25.2522,55.28,-782831,4,"Dubai, Dubayy, United Arab Emirates",AE,AE03,25.2522,55.28,-782831,20250311,https://timesofindia.indiatimes.com/city/bengaluru/dubai-connection-who-is-tarun-raju-dri-probes-bizmans-role-in-ranya-rao-gold-smuggling-case/articleshow/118867265.cms
1231319096,20250311,202503,2025,2025.1945,GOV,PRESIDENT,,,,,,GOV,,,,,,,,,,,,,0,042,042,04,1,1.9,6,1,6,-3.51767635753342,4,"Dubai, Dubayy, United Arab Emirates",AE,AE03,25.2522,55.28,-782831,0,,,,,,,4,"Dubai, Dubayy, United Arab Emirates",AE,AE03,25.2522,55.28,-782831,20250311,https://timesofindia.indiatimes.com/city/bengaluru/dubai-connection-who-is-tarun-raju-dri-probes-bizmans-role-in-ranya-rao-gold-smuggling-case/articleshow/118867265.cms
1231319208,20250311,202503,2025,2025.1945,IND,NEW DELHI,IND,,,,,,,,,,,,,,,,,,1,111,111,11,3,-2.0,18,4,18,1.74331182257557,4,"New Delhi, Delhi, India",IN,IN07,28.6,77.2,-2106102,0,,,,,,,4,"New Delhi, Delhi, India",IN,IN07,28.6,77.2,-2106102,20250311,https://www.bignewsnetwork.com/news/278082183/aap-sandeep-pathak-criticizes-bjp-for-failing-to-transform-railways-despite-having-golden-opportunity
1231319210,20250311,202503,2025,2025.1945,IND,GUJARAT,IND,,,,,,,,,,,,,,,,,,1,173,173,17,4,-5.0,10,1,10,-5.07246376811594,4,"Vapi, India (general), India",IN,IN00,20.3667,72.9,-2114672,0,,,,,,,4,"Vapi, India (general), India",IN,IN00,20.3667,72.9,-2114672,20250311,https://www.freepressjournal.in/mumbai/mumbai-crime-dri-arrests-key-gold-smuggling-syndicate-member-from-vapi-linked-to-double-crossing-informant
1231319215,20250311,202503,2025,2025.1945,IND,MUMBAI,IND,,,,,,,,SPY,INTELLIGENCE,,,,,,SPY,,,1,173,173,17,4,-5.0,6,1,6,-5.07246376811594,4,"Vapi, India (general), India",IN,IN00,20.3667,72.9,-2114672,4,"Vapi, India (general), India",IN,IN00,20.3667,72.9,-2114672,4,"Vapi, India (general), India",IN,IN00,20.3667,72.9,-2114672,20250311,https://www.freepressjournal.in/mumbai/mumbai-crime-dri-arrests-key-gold-smuggling-syndicate-member-from-vapi-linked-to-double-crossing-informant
1231319387,20250311,202503,2025,2025.1945,MNCUSA,NETFLIX,USA,,,,,MNC,,,,,,,,,,,,,1,192,192,19,4,-9.5,14,2,14,1.91946757103346,2,"New York, United States",US,USNY,42.1497,-74.9384,NY,0,,,,,,,2,"New York, United States",US,USNY,42.1497,-74.9384,NY,20250311,https://cartermatt.com/684280/you-season-5-trailer-who-can-stop-joe-goldberg/
1231319569,20250311,202503,2025,2025.1945,SPY,INTELLIGENCE,,,,,,SPY,,,,,,,,,,,,,1,173,173,17,4,-5.0,4,1,4,-5.07246376811594,4,"Vapi, India (general), India",IN,IN00,20.3667,72.9,-2114672,0,,,,,,,4,"Vapi, India (general), India",IN,IN00,20.3667,72.9,-2114672,20250311,https://www.freepressjournal.in/mumbai/mumbai-crime-dri-arrests-key-gold-smuggling-syndicate-member-from-vapi-linked-to-double-crossing-informant
1231319571,20250311,202503,2025,2025.1945,SPY,INTELLIGENCE,,,,,,SPY,,,JAN,JAIN,,,,JAN,,,,,0,010,010,01,1,0.0,10,1,10,-5.07246376811594,4,"Vapi, India (general), India",IN,IN00,20.3667,72.9,-2114672,4,"Vapi, India (general), India",IN,IN00,20.3667,72.9,-2114672,4,"Vapi, India (general), India",IN,IN00,20.3667,72.9,-2114672,20250311,https://www.freepressjournal.in/mumbai/mumbai-crime-dri-arrests-key-gold-smuggling-syndicate-member-from-vapi-linked-to-double-crossing-informant
1231321110,20250311,202503,2025,2025.1945,USA,ILLINOIS,USA,,,,,,,,,,,,,,,,,,0,030,030,03,1,4.0,10,1,10,-1.68067226890757,2,"Illinois, United States",US,USIL,40.3363,-89.0022,IL,0,,,,,,,2,"Illinois, United States",US,USIL,40.3363,-89.0022,IL,20250311,https://www.newsweek.com/cctv-golden-retriever-crate-doggy-day-care-2042124
1231324987,20250311,202503,2025,2025.1945,AGR,FARMER,,,,,,AGR,,,LAB,WORKER,,,,,,LAB,,,1,042,042,04,1,1.9,20,2,20,-1.28913443830571,4,"Ashanti, Ghana (general), Ghana",GH,GH00,6.91428,0.536667,-2069925,4,"Ashanti, Ghana (general), Ghana",GH,GH00,6.91428,0.536667,-2069925,4,"Ashanti, Ghana (general), Ghana",GH,GH00,6.91428,0.536667,-2069925,20250311,https://www.foodnavigator-usa.com/Article/2025/03/10/cocoa-prices-driven-up-by-gold-mining/
1231325201,20250311,202503,2025,2025.1945,EGY,EGYPT,EGY,,,,,,,,,,,,,,,,,,1,070,070,07,2,7.0,10,1,10,2.92758089368259,4,"Karnak, Muhafazat al Uqsur, Egypt",EG,EG28,25.7152,32.6524,-290357,0,,,,,,,4,"Karnak, Muhafazat al Uqsur, Egypt",EG,EG28,25.7152,32.6524,-290357,20250311,https://timesofindia.indiatimes.com/etimes/trending/2600-year-old-gold-pot-found-at-egypts-ancient-temple-offers-new-insights-into-the-past/articleshow/118853445.cms
1231325202,20250311,202503,2025,2025.1945,EGY,EGYPT,EGY,,,,,,,,,,,,,,,,,,1,120,120,12,3,-4.0,10,1,10,2.92758089368259,4,"Karnak, Muhafazat al Uqsur, Egypt",EG,EG28,25.7152,32.6524,-290357,0,,,,,,,4,"Karnak, Muhafazat al Uqsur, Egypt",EG,EG28,25.7152,32.6524,-290357,20250311,https://timesofindia.indiatimes.com/etimes/trending/2600-year-old-gold-pot-found-at-egypts-ancient-temple-offers-new-insights-into-the-past/articleshow/118853445.cms
1231325504,20250311,202503,2025,2025.1945,LAB,WORKER,,,,,,LAB,,,AGR,FARMER,,,,,,AGR,,,1,043,043,04,1,2.8,20,2,20,-1.28913443830571,4,"Ashanti, Ghana (general), Ghana",GH,GH00,6.91428,0.536667,-2069925,4,"Ashanti, Ghana (general), Ghana",GH,GH00,6.91428,0.536667,-2069925,4,"Ashanti, Ghana (general), Ghana",GH,GH00,6.91428,0.536667,-2069925,20250311,https://www.foodnavigator-usa.com/Article/2025/03/10/cocoa-prices-driven-up-by-gold-mining/
1231328502,20250311,202503,2025,2025.1945,COP,DEPUTY,,,,,,COP,,,GOV,STATE MINIST,,,,,,GOV,,,1,016,016,01,1,-2.0,4,1,4,-3.98773006134969,5,"Karnataka, Karnataka, India",IN,IN19,13.5,76,-2099860,5,"Karnataka, Karnataka, India",IN,IN19,13.5,76,-2099860,5,"Karnataka, Karnataka, India",IN,IN19,13.5,76,-2099860,20250311,https://timesofindia.indiatimes.com/city/bengaluru/political-gossip-karnataka-deputy-cm-dk-shivakumar-denies-ministers-links-in-ramya-rao-gold-smuggling-case/articleshow/118871080.cms
1231328504,20250311,202503,2025,2025.1945,COP,DEPUTY,,,,,,COP,,,GOV,MINIST,,,,,,GOV,,,1,120,120,12,3,-4.0,4,1,4,-3.98773006134969,4,"Delhi, Delhi, India",IN,IN07,28.6667,77.2167,-2094230,4,"Delhi, Delhi, India",IN,IN07,28.6667,77.2167,-2094230,4,"Delhi, Delhi, India",IN,IN07,28.6667,77.2167,-2094230,20250311,https://timesofindia.indiatimes.com/city/bengaluru/political-gossip-karnataka-deputy-cm-dk-shivakumar-denies-ministers-links-in-ramya-rao-gold-smuggling-case/articleshow/118871080.cms
1231328505,20250311,202503,2025,2025.1945,COP,PRISON,,,,,,COP,,,JUD,SPECIAL COURT,,,,,,JUD,,,1,173,173,17,4,-5.0,2,1,2,-2.76497695852535,4,"Dubai, Dubayy, United Arab Emirates",AE,AE03,25.2522,55.28,-782831,4,"Bengaluru, Karnataka, India",IN,IN19,12.9833,77.5833,-2090174,4,"Bengaluru, Karnataka, India",IN,IN19,12.9833,77.5833,-2090174,20250311,https://indianexpress.com/article/cities/bangalore/second-arrest-bengaluru-airport-gold-smuggling-case-dri-nabs-actor-ranya-rao-associate-9880097/
1231328506,20250311,202503,2025,2025.1945,COP,PRISON,,,,,,COP,,,JUD,SPECIAL COURT,,,,,,JUD,,,1,173,173,17,4,-5.0,8,1,8,-2.76497695852535,4,"Dubai, Dubayy, United Arab Emirates",AE,AE03,25.2522,55.28,-782831,4,"Dubai, Dubayy, United Arab Emirates",AE,AE03,25.2522,55.28,-782831,4,"Dubai, Dubayy, United Arab Emirates",AE,AE03,25.2522,55.28,-782831,20250311,https://indianexpress.com/article/cities/bangalore/second-arrest-bengaluru-airport-gold-smuggling-case-dri-nabs-actor-ranya-rao-associate-9880097/
1231328508,20250311,202503,2025,2025.1945,COPGOV,DEPUTY,,,,,,COP,GOV,,GOV,STATE MINIST,,,,,,GOV,,,1,016,016,01,1,-2.0,4,1,4,-3.98773006134969,5,"Karnataka, Karnataka, India",IN,IN19,13.5,76,-2099860,5,"Karnataka, Karnataka, India",IN,IN19,13.5,76,-2099860,5,"Karnataka, Karnataka, India",IN,IN19,13.5,76,-2099860,20250311,https://timesofindia.indiatimes.com/city/bengaluru/political-gossip-karnataka-deputy-cm-dk-shivakumar-denies-ministers-links-in-ramya-rao-gold-smuggling-case/articleshow/118871080.cms
1231328590,20250311,202503,2025,2025.1945,ELI,ACTOR,,,,,,ELI,,,COP,POLICE,,,,,,COP,,,1,090,090,09,2,-2.0,2,1,2,-4.19847328244274,4,"Dubai, Dubayy, United Arab Emirates",AE,AE03,25.2522,55.28,-782831,4,"Bengaluru, Karnataka, India",IN,IN19,12.9833,77.5833,-2090174,4,"Dubai, Dubayy, United Arab Emirates",AE,AE03,25.2522,55.28,-782831,20250311,https://timesofindia.indiatimes.com/city/bengaluru/ranya-rao-gold-smuggling-case-karnataka-govt-orders-probe-into-misuse-of-protocol-service-at-airport/articleshow/118871217.cms
1231328649,20250311,202503,2025,2025.1945,GOV,AUTHORITIES,,,,,,GOV,,,,,,,,,,,,,0,172,172,17,4,-5.0,2,1,2,-3.98773006134969,4,"Bengaluru, Karnataka, India",IN,IN19,12.9833,77.5833,-2090174,0,,,,,,,4,"Bengaluru, Karnataka, India",IN,IN19,12.9833,77.5833,-2090174,20250311,https://timesofindia.indiatimes.com/city/bengaluru/political-gossip-karnataka-deputy-cm-dk-shivakumar-denies-ministers-links-in-ramya-rao-gold-smuggling-case/articleshow/118871080.cms
1231328650,20250311,202503,2025,2025.1945,GOV,AUTHORITIES,,,,,,GOV,,,,,,,,,,,,,0,172,172,17,4,-5.0,8,1,8,-3.98773006134969,4,"Dubai, Dubayy, United Arab Emirates",AE,AE03,25.2522,55.28,-782831,0,,,,,,,4,"Dubai, Dubayy, United Arab Emirates",AE,AE03,25.2522,55.28,-782831,20250311,https://timesofindia.indiatimes.com/city/bengaluru/political-gossip-karnataka-deputy-cm-dk-shivakumar-denies-ministers-links-in-ramya-rao-gold-smuggling-case/articleshow/118871080.cms
1231328674,20250311,202503,2025,2025.1945,GOV,PRIME MINISTER,,,,,,GOV,,,MUS,MAURITIUS,MUS,,,,,,,,1,071,071,07,2,7.4,4,1,4,-1.44927536231884,1,Mauritius,MP,MP,16,146,MP,1,Mauritius,MP,MP,16,146,MP,1,Mauritius,MP,MP,16,146,MP,20250311,https://indianexpress.com/shorts/cities/bangalore/second-arrest-bengaluru-airport-gold-smuggling-case-dri-nabs-actor-ranya-rao-associate-9880097/
1231328698,20250311,202503,2025,2025.1945,GOV,CHIEF MINISTER,,,,,,GOV,,,kan,KANNADA,,,kan,,,,,,0,093,093,09,2,-2.0,2,1,2,-3.98773006134969,5,"Karnataka, Karnataka, India",IN,IN19,13.5,76,-2099860,4,"Delhi, Delhi, India",IN,IN07,28.6667,77.2167,-2094230,5,"Karnataka, Karnataka, India",IN,IN19,13.5,76,-2099860,20250311,https://timesofindia.indiatimes.com/city/bengaluru/political-gossip-karnataka-deputy-cm-dk-shivakumar-denies-ministers-links-in-ramya-rao-gold-smuggling-case/articleshow/118871080.cms
1231328733,20250311,202503,2025,2025.1945,IND,KARNATAKA,IND,,,,,,,,,,,,,,,,,,1,090,090,09,2,-2.0,35,7,35,-2.0011493880319,4,"Bengaluru, Karnataka, India",IN,IN19,12.9833,77.5833,-2090174,0,,,,,,,4,"Bengaluru, Karnataka, India",IN,IN19,12.9833,77.5833,-2090174,20250311,https://timesofindia.indiatimes.com/city/bengaluru/ranya-rao-gold-smuggling-case-karnataka-govt-orders-probe-into-misuse-of-protocol-service-at-airport/articleshow/118871217.cms
1231328734,20250311,202503,2025,2025.1945,IND,KARNATAKA,IND,,,,,,,,,,,,,,,,,,1,090,090,09,2,-2.0,9,1,9,-2.39863783882616,4,"Dubai, Dubayy, United Arab Emirates",AE,AE03,25.2522,55.28,-782831,0,,,,,,,4,"Dubai, Dubayy, United Arab Emirates",AE,AE03,25.2522,55.28,-782831,20250311,https://timesofindia.indiatimes.com/city/bengaluru/ranya-rao-gold-smuggling-case-karnataka-govt-orders-probe-into-misuse-of-protocol-service-at-airport/articleshow/118871217.cms
1231328737,20250311,202503,2025,2025.1945,IND,KARNATAKA,IND,,,,,,,,,,,,,,,,,,1,1014,101,10,3,-5.0,9,1,9,-2.53734329154441,5,"Karnataka, Karnataka, India",IN,IN19,13.5,76,-2099860,0,,,,,,,5,"Karnataka, Karnataka, India",IN,IN19,13.5,76,-2099860,20250311,https://timesofindia.indiatimes.com/city/bengaluru/political-gossip-karnataka-deputy-cm-dk-shivakumar-denies-ministers-links-in-ramya-rao-gold-smuggling-case/articleshow/118871080.cms
1231328738,20250311,202503,2025,2025.1945,IND,KARNATAKA,IND,,,,,,,,ELI,ACTOR,,,,,,ELI,,,1,090,090,09,2,-2.0,9,2,9,-4.39073332589614,5,"Karnataka, Karnataka, India",IN,IN19,13.5,76,-2099860,5,"Karnataka, Karnataka, India",IN,IN19,13.5,76,-2099860,5,"Karnataka, Karnataka, India",IN,IN19,13.5,76,-2099860,20250311,https://timesofindia.indiatimes.com/city/bengaluru/ranya-rao-gold-smuggling-case-karnataka-govt-orders-probe-into-misuse-of-protocol-service-at-airport/articleshow/118871217.cms
1231328739,20250311,202503,2025,2025.1945,IND,NEW DELHI,IND,,,,,,,,GOV,STATE MINIST,,,,,,GOV,,,1,016,016,01,1,-2.0,2,1,2,-3.98773006134969,4,"Bengaluru, Karnataka, India",IN,IN19,12.9833,77.5833,-2090174,5,"Karnataka, Karnataka, India",IN,IN19,13.5,76,-2099860,4,"Delhi, Delhi, India",IN,IN07,28.6667,77.2167,-2094230,20250311,https://timesofindia.indiatimes.com/city/bengaluru/political-gossip-karnataka-deputy-cm-dk-shivakumar-denies-ministers-links-in-ramya-rao-gold-smuggling-case/articleshow/118871080.cms
1231328740,20250311,202503,2025,2025.1945,IND,KARNATAKA,IND,,,,,,,,GOV,STATE MINIST,,,,,,GOV,,,1,016,016,01,1,-2.0,2,1,2,-3.98773006134969,4,"Bengaluru, Karnataka, India",IN,IN19,12.9833,77.5833,-2090174,5,"Karnataka, Karnataka, India",IN,IN19,13.5,76,-2099860,5,"Karnataka, Karnataka, India",IN,IN19,13.5,76,-2099860,20250311,https://timesofindia.indiatimes.com/city/bengaluru/political-gossip-karnataka-deputy-cm-dk-shivakumar-denies-ministers-links-in-ramya-rao-gold-smuggling-case/articleshow/118871080.cms
1231328741,20250311,202503,2025,2025.1945,IND,NEW DELHI,IND,,,,,,,,GOV,STATE MINIST,,,,,,GOV,,,1,016,016,01,1,-2.0,2,1,2,-3.98773006134969,4,"Delhi, Delhi, India",IN,IN07,28.6667,77.2167,-2094230,4,"Bengaluru, Karnataka, India",IN,IN19,12.9833,77.5833,-2090174,5,"Karnataka, Karnataka, India",IN,IN19,13.5,76,-2099860,20250311,https://timesofindia.indiatimes.com/city/bengaluru/political-gossip-karnataka-deputy-cm-dk-shivakumar-denies-ministers-links-in-ramya-rao-gold-smuggling-case/articleshow/118871080.cms
1231328742,20250311,202503,2025,2025.1945,IND,NEW DELHI,IND,,,,,,,,GOV,STATE MINIST,,,,,,GOV,,,1,016,016,01,1,-2.0,2,1,2,-3.98773006134969,4,"Delhi, Delhi, India",IN,IN07,28.6667,77.2167,-2094230,5,"Karnataka, Karnataka, India",IN,IN19,13.5,76,-2099860,5,"Karnataka, Karnataka, India",IN,IN19,13.5,76,-2099860,20250311,https://timesofindia.indiatimes.com/city/bengaluru/political-gossip-karnataka-deputy-cm-dk-shivakumar-denies-ministers-links-in-ramya-rao-gold-smuggling-case/articleshow/118871080.cms
1231328743,20250311,202503,2025,2025.1945,IND,KARNATAKA,IND,,,,,,,,GOV,STATE MINIST,,,,,,GOV,,,1,016,016,01,1,-2.0,2,1,2,-3.98773006134969,5,"Karnataka, Karnataka, India",IN,IN19,13.5,76,-2099860,5,"Karnataka, Karnataka, India",IN,IN19,13.5,76,-2099860,5,"Karnataka, Karnataka, India",IN,IN19,13.5,76,-2099860,20250311,https://timesofindia.indiatimes.com/city/bengaluru/political-gossip-karnataka-deputy-cm-dk-shivakumar-denies-ministers-links-in-ramya-rao-gold-smuggling-case/articleshow/118871080.cms
1231328744,20250311,202503,2025,2025.1945,IND,KARNATAKA,IND,,,,,,,,GOV,MINIST,,,,,,GOV,,,1,120,120,12,3,-4.0,2,1,2,-3.98773006134969,4,"Delhi, Delhi, India",IN,IN07,28.6667,77.2167,-2094230,5,"Karnataka, Karnataka, India",IN,IN19,13.5,76,-2099860,5,"Karnataka, Karnataka, India",IN,IN19,13.5,76,-2099860,20250311,https://timesofindia.indiatimes.com/city/bengaluru/political-gossip-karnataka-deputy-cm-dk-shivakumar-denies-ministers-links-in-ramya-rao-gold-smuggling-case/articleshow/118871080.cms
1231328745,20250311,202503,2025,2025.1945,IND,KARNATAKA,IND,,,,,,,,GOV,MINIST,,,,,,GOV,,,1,120,120,12,3,-4.0,2,1,2,-3.98773006134969,5,"Karnataka, Karnataka, India",IN,IN19,13.5,76,-2099860,5,"Karnataka, Karnataka, India",IN,IN19,13.5,76,-2099860,5,"Karnataka, Karnataka, India",IN,IN19,13.5,76,-2099860,20250311,https://timesofindia.indiatimes.com/city/bengaluru/political-gossip-karnataka-deputy-cm-dk-shivakumar-denies-ministers-links-in-ramya-rao-gold-smuggling-case/articleshow/118871080.cms
1231328748,20250311,202503,2025,2025.1945,INDCOP,KARNATAKA,IND,,,,,COP,,,GOV,STATE MINIST,,,,,,GOV,,,1,016,016,01,1,-2.0,2,1,2,-3.98773006134969,5,"Karnataka, Karnataka, India",IN,IN19,13.5,76,-2099860,5,"Karnataka, Karnataka, India",IN,IN19,13.5,76,-2099860,5,"Karnataka, Karnataka, India",IN,IN19,13.5,76,-2099860,20250311,https://timesofindia.indiatimes.com/city/bengaluru/political-gossip-karnataka-deputy-cm-dk-shivakumar-denies-ministers-links-in-ramya-rao-gold-smuggling-case/articleshow/118871080.cms
1231328749,20250311,202503,2025,2025.1945,INDCOP,KARNATAKA,IND,,,,,COP,,,GOV,MINIST,,,,,,GOV,,,1,120,120,12,3,-4.0,2,1,2,-3.98773006134969,4,"Delhi, Delhi, India",IN,IN07,28.6667,77.2167,-2094230,4,"Delhi, Delhi, India",IN,IN07,28.6667,77.2167,-2094230,4,"Delhi, Delhi, India",IN,IN07,28.6667,77.2167,-2094230,20250311,https://timesofindia.indiatimes.com/city/bengaluru/political-gossip-karnataka-deputy-cm-dk-shivakumar-denies-ministers-links-in-ramya-rao-gold-smuggling-case/articleshow/118871080.cms
1231328750,20250311,202503,2025,2025.1945,INDELI,KARNATAKA,IND,,,,,ELI,,,kan,KANNADA,,,kan,,,,,,0,093,093,09,2,-2.0,1,1,1,-3.98773006134969,5,"Karnataka, Karnataka, India",IN,IN19,13.5,76,-2099860,4,"Delhi, Delhi, India",IN,IN07,28.6667,77.2167,-2094230,5,"Karnataka, Karnataka, India",IN,IN19,13.5,76,-2099860,20250311,https://timesofindia.indiatimes.com/city/bengaluru/political-gossip-karnataka-deputy-cm-dk-shivakumar-denies-ministers-links-in-ramya-rao-gold-smuggling-case/articleshow/118871080.cms
1231328843,20250311,202503,2025,2025.1945,MUSGOV,MAURITIUS,MUS,,,,,GOV,,,MUS,MAURITIUS,MUS,,,,,,,,1,071,071,07,2,7.4,1,1,1,-1.44927536231884,1,Mauritius,MP,MP,16,146,MP,1,Mauritius,MP,MP,16,146,MP,1,Mauritius,MP,MP,16,146,MP,20250311,https://indianexpress.com/shorts/cities/bangalore/second-arrest-bengaluru-airport-gold-smuggling-case-dri-nabs-actor-ranya-rao-associate-9880097/
1231329891,20250311,202503,2025,2025.1945,ARE,UNITED ARAB EMIRATES,ARE,,,,,,,,SPY,INTELLIGENCE,,,,,,SPY,,,1,043,043,04,1,2.8,8,4,8,-2.18748568393077,4,"Bengaluru, Karnataka, India",IN,IN19,12.9833,77.5833,-2090174,4,"Bengaluru, Karnataka, India",IN,IN19,12.9833,77.5833,-2090174,4,"Bengaluru, Karnataka, India",IN,IN19,12.9833,77.5833,-2090174,20250311,https://www.deccanchronicle.com/southern-states/karnataka/dk-shivakumar-rejects-reports-linking-ministers-with-gold-smuggling-case-1866174
1231329892,20250311,202503,2025,2025.1945,ARE,DUBAI,ARE,,,,,,,,SPY,INTELLIGENCE,,,,,,SPY,,,1,043,043,04,1,2.8,40,5,40,-2.3637992888326,4,"Dubai, Dubayy, United Arab Emirates",AE,AE03,25.2522,55.28,-782831,4,"Bengaluru, Karnataka, India",IN,IN19,12.9833,77.5833,-2090174,4,"Bengaluru, Karnataka, India",IN,IN19,12.9833,77.5833,-2090174,20250311,https://www.deccanchronicle.com/southern-states/karnataka/dk-shivakumar-rejects-reports-linking-ministers-with-gold-smuggling-case-1866174
1231329934,20250311,202503,2025,2025.1945,CAN,CANADA,CAN,,,,,,,,,,,,,,,,,,1,010,010,01,1,0.0,2,1,2,3.48101265822785,3,"Hollywood, California, United States",US,USCA,34.0983,-118.327,1660757,0,,,,,,,4,"Toronto, Ontario, Canada",CA,CA08,43.6667,-79.4167,-574890,20250311,https://www.hellomagazine.com/celebrities/819263/goldie-hawns-son-oliver-hudson-reveals-major-disappointment-involving-son-wilder/
1231330751,20250311,202503,2025,2025.1945,SPY,INTELLIGENCE,,,,,,SPY,,,,,,,,,,,,,1,172,172,17,4,-5.0,22,5,22,-2.29509118855458,4,"Bengaluru, Karnataka, India",IN,IN19,12.9833,77.5833,-2090174,0,,,,,,,4,"Bengaluru, Karnataka, India",IN,IN19,12.9833,77.5833,-2090174,20250311,https://www.deccanchronicle.com/southern-states/karnataka/dk-shivakumar-rejects-reports-linking-ministers-with-gold-smuggling-case-1866174
1231330752,20250311,202503,2025,2025.1945,SPY,INTELLIGENCE,,,,,,SPY,,,,,,,,,,,,,1,172,172,17,4,-5.0,20,5,20,-2.3637992888326,4,"Bengaluru, Karnataka, India",IN,IN19,12.9833,77.5833,-2090174,0,,,,,,,4,"Dubai, Dubayy, United Arab Emirates",AE,AE03,25.2522,55.28,-782831,20250311,https://www.deccanchronicle.com/southern-states/karnataka/dk-shivakumar-rejects-reports-linking-ministers-with-gold-smuggling-case-1866174
1231330753,20250311,202503,2025,2025.1945,SPY,INTELLIGENCE,,,,,,SPY,,,ARE,UNITED ARAB EMIRATES,ARE,,,,,,,,1,042,042,04,1,1.9,17,5,17,-2.3637992888326,4,"Bengaluru, Karnataka, India",IN,IN19,12.9833,77.5833,-2090174,4,"Bengaluru, Karnataka, India",IN,IN19,12.9833,77.5833,-2090174,4,"Bengaluru, Karnataka, India",IN,IN19,12.9833,77.5833,-2090174,20250311,https://www.deccanchronicle.com/southern-states/karnataka/dk-shivakumar-rejects-reports-linking-ministers-with-gold-smuggling-case-1866174
1231330754,20250311,202503,2025,2025.1945,SPY,INTELLIGENCE,,,,,,SPY,,,ARE,DUBAI,ARE,,,,,,,,1,042,042,04,1,1.9,32,5,32,-2.3637992888326,4,"Bengaluru, Karnataka, India",IN,IN19,12.9833,77.5833,-2090174,4,"Dubai, Dubayy, United Arab Emirates",AE,AE03,25.2522,55.28,-782831,4,"Bengaluru, Karnataka, India",IN,IN19,12.9833,77.5833,-2090174,20250311,https://www.deccanchronicle.com/southern-states/karnataka/dk-shivakumar-rejects-reports-linking-ministers-with-gold-smuggling-case-1866174
1231331737,20250311,202503,2025,2025.1945,BUS,INDUSTRY,,,,,,BUS,,,EDU,SCHOOL,,,,,,EDU,,,1,040,040,04,1,1.0,15,2,15,6.94065940990217,0,,,,,,,0,,,,,,,0,,,,,,,20250311,https://www.businesswireindia.com/vibgyor-group-of-schools-wins-gold-at-techedu-india-awards-strengthens-commitment-to-future-ready-learning-93871.html
1231331738,20250311,202503,2025,2025.1945,BUS,INDUSTRY,,,,,,BUS,,,EDU,SCHOOL,,,,,,EDU,,,1,046,046,04,1,7.0,15,2,15,10.5717983858687,0,,,,,,,0,,,,,,,0,,,,,,,20250311,https://www.businesswireindia.com/vibgyor-group-of-schools-wins-gold-at-techedu-india-awards-strengthens-commitment-to-future-ready-learning-93871.html
1231331829,20250311,202503,2025,2025.1945,EDU,SCHOOL,,,,,,EDU,,,BUS,INDUSTRY,,,,,,BUS,,,1,040,040,04,1,1.0,35,3,35,3.3344601397337,0,,,,,,,0,,,,,,,0,,,,,,,20250311,https://www.businesswireindia.com/vibgyor-group-of-schools-wins-gold-at-techedu-india-awards-strengthens-commitment-to-future-ready-learning-93871.html
1231331830,20250311,202503,2025,2025.1945,EDU,SCHOOL,,,,,,EDU,,,BUS,INDUSTRY,,,,,,BUS,,,1,046,046,04,1,7.0,15,2,15,10.5717983858687,0,,,,,,,0,,,,,,,0,,,,,,,20250311,https://www.businesswireindia.com/vibgyor-group-of-schools-wins-gold-at-techedu-india-awards-strengthens-commitment-to-future-ready-learning-93871.html
1231342749,20250311,202503,2025,2025.1945,,,,,,,,,,,ESP,SPANISH,ESP,,,,,,,,1,040,040,04,1,1.0,5,1,5,1.11111111111111,0,,,,,,,4,"Benidorm, Valenciana, Spain",SP,SP60,38.5392,-0.136386,-373226,4,"Benidorm, Valenciana, Spain",SP,SP60,38.5392,-0.136386,-373226,20250311,https://www.bristolpost.co.uk/news/uk-world-news/government-warning-spain-golden-visa-10009855
1231342793,20250311,202503,2025,2025.1945,,,,,,,,,,,LEG,CONGRESS,,,,,,LEG,,,1,112,112,11,3,-2.0,10,1,10,-1.08695652173913,0,,,,,,,5,"Karnataka, Karnataka, India",IN,IN19,13.5,76,-2099860,5,"Karnataka, Karnataka, India",IN,IN19,13.5,76,-2099860,20250311,https://economictimes.indiatimes.com/news/india/ranya-rao-gold-smuggling-case-karnataka-govt-orders-investigation-states-additional-chief-secretary-to-lead-probe/articleshow/118877402.cms
1231343151,20250311,202503,2025,2025.1945,ESP,SPANISH,ESP,,,,,,,,,,,,,,,,,,1,040,040,04,1,1.0,5,1,5,1.11111111111111,4,"Benidorm, Valenciana, Spain",SP,SP60,38.5392,-0.136386,-373226,0,,,,,,,4,"Benidorm, Valenciana, Spain",SP,SP60,38.5392,-0.136386,-373226,20250311,https://www.bristolpost.co.uk/news/uk-world-news/government-warning-spain-golden-visa-10009855
1231343152,20250311,202503,2025,2025.1945,ESP,SPANISH,ESP,,,,,,,,ESPGOV,SPAIN,ESP,,,,,GOV,,,1,010,010,01,1,0.0,2,1,2,1.11111111111111,4,"Benidorm, Valenciana, Spain",SP,SP60,38.5392,-0.136386,-373226,4,"Benidorm, Valenciana, Spain",SP,SP60,38.5392,-0.136386,-373226,4,"Benidorm, Valenciana, Spain",SP,SP60,38.5392,-0.136386,-373226,20250311,https://www.bristolpost.co.uk/news/uk-world-news/government-warning-spain-golden-visa-10009855
1231343153,20250311,202503,2025,2025.1945,ESPGOV,SPANISH,ESP,,,,,GOV,,,,,,,,,,,,,1,010,010,01,1,0.0,6,1,6,1.11111111111111,4,"Benidorm, Valenciana, Spain",SP,SP60,38.5392,-0.136386,-373226,0,,,,,,,4,"Benidorm, Valenciana, Spain",SP,SP60,38.5392,-0.136386,-373226,20250311,https://www.bristolpost.co.uk/news/uk-world-news/government-warning-spain-golden-visa-10009855
1231343154,20250311,202503,2025,2025.1945,ESPGOV,SPAIN,ESP,,,,,GOV,,,ESP,SPAIN,ESP,,,,,,,,1,080,080,08,2,5.0,2,1,2,1.11111111111111,4,"Benidorm, Valenciana, Spain",SP,SP60,38.5392,-0.136386,-373226,4,"Benidorm, Valenciana, Spain",SP,SP60,38.5392,-0.136386,-373226,4,"Benidorm, Valenciana, Spain",SP,SP60,38.5392,-0.136386,-373226,20250311,https://www.bristolpost.co.uk/news/uk-world-news/government-warning-spain-golden-visa-10009855
1231343224,20250311,202503,2025,2025.1945,GBRCVL,UNITED KINGDOM,GBR,,,,,CVL,,,ESP,SPAIN,ESP,,,,,,,,1,020,020,02,1,3.0,10,1,10,1.11111111111111,4,"Manchester, Manchester, United Kingdom",UK,UKI2,53.5,-2.21667,-2602512,4,"Manchester, Manchester, United Kingdom",UK,UKI2,53.5,-2.21667,-2602512,4,"Manchester, Manchester, United Kingdom",UK,UKI2,53.5,-2.21667,-2602512,20250311,https://www.bristolpost.co.uk/news/uk-world-news/government-warning-spain-golden-visa-10009855
1231343242,20250311,202503,2025,2025.1945,GOV,GOVERNMENT,,,,,,GOV,,,,,,,,,,,,,1,010,010,01,1,0.0,67,8,67,-3.34254902948499,5,"Karnataka, Karnataka, India",IN,IN19,13.5,76,-2099860,0,,,,,,,5,"Karnataka, Karnataka, India",IN,IN19,13.5,76,-2099860,20250311,https://economictimes.indiatimes.com/news/india/ranya-rao-gold-smuggling-case-karnataka-govt-orders-investigation-states-additional-chief-secretary-to-lead-probe/articleshow/118877402.cms
1231343292,20250311,202503,2025,2025.1945,GOV,FOREIGN OFFICE,,,,,,GOV,,,ESP,SPANISH,ESP,,,,,,,,0,020,020,02,1,3.0,4,1,4,1.11111111111111,4,"Benidorm, Valenciana, Spain",SP,SP60,38.5392,-0.136386,-373226,4,"Benidorm, Valenciana, Spain",SP,SP60,38.5392,-0.136386,-373226,4,"Benidorm, Valenciana, Spain",SP,SP60,38.5392,-0.136386,-373226,20250311,https://www.bristolpost.co.uk/news/uk-world-news/government-warning-spain-golden-visa-10009855
1231343293,20250311,202503,2025,2025.1945,GOV,FOREIGN OFFICE,,,,,,GOV,,,ESPGOV,SPANISH,ESP,,,,,GOV,,,0,020,020,02,1,3.0,6,1,6,1.11111111111111,4,"Benidorm, Valenciana, Spain",SP,SP60,38.5392,-0.136386,-373226,4,"Benidorm, Valenciana, Spain",SP,SP60,38.5392,-0.136386,-373226,4,"Benidorm, Valenciana, Spain",SP,SP60,38.5392,-0.136386,-373226,20250311,https://www.bristolpost.co.uk/news/uk-world-news/government-warning-spain-golden-visa-10009855
1231343377,20250311,202503,2025,2025.1945,GOV,GOVERNMENT,,,,,,GOV,,,kan,KANNADA,,,kan,,,,,,1,1014,101,10,3,-5.0,8,1,8,-3.16553974369054,5,"Karnataka, Karnataka, India",IN,IN19,13.5,76,-2099860,5,"Karnataka, Karnataka, India",IN,IN19,13.5,76,-2099860,5,"Karnataka, Karnataka, India",IN,IN19,13.5,76,-2099860,20250311,https://economictimes.indiatimes.com/news/india/ranya-rao-gold-smuggling-case-karnataka-govt-orders-investigation-states-additional-chief-secretary-to-lead-probe/articleshow/118877402.cms
1231343467,20250311,202503,2025,2025.1945,IND,KARNATAKA,IND,,,,,,,,kan,KANNADA,,,kan,,,,,,1,1014,101,10,3,-5.0,8,1,8,-3.16553974369054,5,"Karnataka, Karnataka, India",IN,IN19,13.5,76,-2099860,5,"Karnataka, Karnataka, India",IN,IN19,13.5,76,-2099860,5,"Karnataka, Karnataka, India",IN,IN19,13.5,76,-2099860,20250311,https://economictimes.indiatimes.com/news/india/ranya-rao-gold-smuggling-case-karnataka-govt-orders-investigation-states-additional-chief-secretary-to-lead-probe/articleshow/118877402.cms
1231343478,20250311,202503,2025,2025.1945,INDGOV,KARNATAKA,IND,,,,,GOV,,,kan,KANNADA,,,kan,,,,,,1,1014,101,10,3,-5.0,4,1,4,-3.16553974369054,5,"Karnataka, Karnataka, India",IN,IN19,13.5,76,-2099860,5,"Karnataka, Karnataka, India",IN,IN19,13.5,76,-2099860,5,"Karnataka, Karnataka, India",IN,IN19,13.5,76,-2099860,20250311,https://economictimes.indiatimes.com/news/india/ranya-rao-gold-smuggling-case-karnataka-govt-orders-investigation-states-additional-chief-secretary-to-lead-probe/articleshow/118877402.cms
1231343985,20250311,202503,2025,2025.1945,SPY,INTELLIGENCE,,,,,,SPY,,,ARE,UNITED ARAB EMIRATES,ARE,,,,,,,,1,173,173,17,4,-5.0,2,1,2,-1.08695652173913,5,"Karnataka, Karnataka, India",IN,IN19,13.5,76,-2099860,4,"Dubai, Dubayy, United Arab Emirates",AE,AE03,25.2522,55.28,-782831,4,"Dubai, Dubayy, United Arab Emirates",AE,AE03,25.2522,55.28,-782831,20250311,https://economictimes.indiatimes.com/news/india/ranya-rao-gold-smuggling-case-karnataka-govt-orders-investigation-states-additional-chief-secretary-to-lead-probe/articleshow/118877402.cms
1231343986,20250311,202503,2025,2025.1945,SPY,INTELLIGENCE,,,,,,SPY,,,ARE,UNITED ARAB EMIRATES,ARE,,,,,,,,1,173,173,17,4,-5.0,54,7,54,-2.5261309764496,4,"Dubai, Dubayy, United Arab Emirates",AE,AE03,25.2522,55.28,-782831,4,"Dubai, Dubayy, United Arab Emirates",AE,AE03,25.2522,55.28,-782831,4,"Dubai, Dubayy, United Arab Emirates",AE,AE03,25.2522,55.28,-782831,20250311,https://economictimes.indiatimes.com/news/india/ranya-rao-gold-smuggling-case-karnataka-govt-orders-investigation-states-additional-chief-secretary-to-lead-probe/articleshow/118877402.cms
1231346656,20250311,202503,2025,2025.1945,,,,,,,,,,,ARE,DUBAI,ARE,,,,,,,,0,042,042,04,1,1.9,2,1,2,-2.08333333333333,0,,,,,,,5,"Karnataka, Karnataka, India",IN,IN19,13.5,76,-2099860,5,"Karnataka, Karnataka, India",IN,IN19,13.5,76,-2099860,20250311,https://www.news18.com/india/ranya-rao-took-advantage-of-vip-protocol-karnataka-govt-orders-probe-in-gold-smuggling-case-9257362.html
1231346780,20250311,202503,2025,2025.1945,ARE,DUBAI,ARE,,,,,,,,,,,,,,,,,,0,043,043,04,1,2.8,2,1,2,-2.08333333333333,5,"Karnataka, Karnataka, India",IN,IN19,13.5,76,-2099860,0,,,,,,,5,"Karnataka, Karnataka, India",IN,IN19,13.5,76,-2099860,20250311,https://www.news18.com/india/ranya-rao-took-advantage-of-vip-protocol-karnataka-govt-orders-probe-in-gold-smuggling-case-9257362.html
1231346781,20250311,202503,2025,2025.1945,ARE,UNITED ARAB EMIRATES,ARE,,,,,,,,GOV,GOVERNMENT OFFICIAL,,,,,,GOV,,,1,010,010,01,1,0.0,3,1,3,-1.09204368174727,4,"Dubai, Dubayy, United Arab Emirates",AE,AE03,25.2522,55.28,-782831,4,"Dubai, Dubayy, United Arab Emirates",AE,AE03,25.2522,55.28,-782831,4,"Dubai, Dubayy, United Arab Emirates",AE,AE03,25.2522,55.28,-782831,20250311,https://www.news18.com/india/gold-smuggling-surge-digital-assets-analysis-brought-actor-ranya-rao-under-scanner-after-confidants-tip-off-9257317.html
1231346782,20250311,202503,2025,2025.1945,ARE,UNITED ARAB EMIRATES,ARE,,,,,,,,GOV,GOVERNMENT OFFICIAL,,,,,,GOV,,,1,020,020,02,1,3.0,3,1,3,-1.09204368174727,4,"Dubai, Dubayy, United Arab Emirates",AE,AE03,25.2522,55.28,-782831,4,"Dubai, Dubayy, United Arab Emirates",AE,AE03,25.2522,55.28,-782831,4,"Dubai, Dubayy, United Arab Emirates",AE,AE03,25.2522,55.28,-782831,20250311,https://www.news18.com/india/gold-smuggling-surge-digital-assets-analysis-brought-actor-ranya-rao-under-scanner-after-confidants-tip-off-9257317.html
1231347097,20250311,202503,2025,2025.1945,ESP,SPANISH,ESP,,,,,,,,,,,,,,,,,,1,051,051,05,1,3.4,19,5,19,0.381239608571472,4,"Madrid, Madrid, Spain",SP,SP29,40.4,-3.68333,-390625,0,,,,,,,4,"Madrid, Madrid, Spain",SP,SP29,40.4,-3.68333,-390625,20250311,https://www.liverpoolecho.co.uk/travel/spain-golden-visa-urgent-deadline-31169017
1231347204,20250311,202503,2025,2025.1945,GBRCVL,UNITED KINGDOM,GBR,,,,,CVL,,,GBR,BRITISH,GBR,,,,,,,,1,020,020,02,1,3.0,2,1,2,1.7426273458445,4,"Edinburgh, Edinburgh, City of, United Kingdom",UK,UKU8,55.95,-3.2,-2595386,4,"Manchester, Manchester, United Kingdom",UK,UKI2,53.5,-2.21667,-2602512,4,"Manchester, Manchester, United Kingdom",UK,UKI2,53.5,-2.21667,-2602512,20250311,https://www.liverpoolecho.co.uk/travel/spain-golden-visa-urgent-deadline-31169017
1231347205,20250311,202503,2025,2025.1945,GBRCVL,UNITED KINGDOM,GBR,,,,,CVL,,,GBR,BRITISH,GBR,,,,,,,,1,020,020,02,1,3.0,2,1,2,1.7426273458445,4,"Manchester, Manchester, United Kingdom",UK,UKI2,53.5,-2.21667,-2602512,4,"Manchester, Manchester, United Kingdom",UK,UKI2,53.5,-2.21667,-2602512,4,"Manchester, Manchester, United Kingdom",UK,UKI2,53.5,-2.21667,-2602512,20250311,https://www.liverpoolecho.co.uk/travel/spain-golden-visa-urgent-deadline-31169017
1231347206,20250311,202503,2025,2025.1945,GBRCVL,UNITED KINGDOM,GBR,,,,,CVL,,,GBRCVL,BRITISH,GBR,,,,,CVL,,,1,020,020,02,1,3.0,6,1,6,1.7426273458445,4,"Manchester, Manchester, United Kingdom",UK,UKI2,53.5,-2.21667,-2602512,4,"Manchester, Manchester, United Kingdom",UK,UKI2,53.5,-2.21667,-2602512,4,"Manchester, Manchester, United Kingdom",UK,UKI2,53.5,-2.21667,-2602512,20250311,https://www.liverpoolecho.co.uk/travel/spain-golden-visa-urgent-deadline-31169017
1231347233,20250311,202503,2025,2025.1945,GOV,GOVERNMENT,,,,,,GOV,,,,,,,,,,,,,1,090,090,09,2,-2.0,74,14,66,-2.37253139382167,5,"Karnataka, Karnataka, India",IN,IN19,13.5,76,-2099860,0,,,,,,,5,"Karnataka, Karnataka, India",IN,IN19,13.5,76,-2099860,20250311,https://www.news18.com/india/ranya-rao-took-advantage-of-vip-protocol-karnataka-govt-orders-probe-in-gold-smuggling-case-9257362.html
1231347235,20250311,202503,2025,2025.1945,GOV,GOVERNMENT,,,,,,GOV,,,,,,,,,,,,,1,090,090,09,2,-2.0,1,1,1,-2.08333333333333,4,"Dubai, Dubayy, United Arab Emirates",AE,AE03,25.2522,55.28,-782831,0,,,,,,,4,"Dubai, Dubayy, United Arab Emirates",AE,AE03,25.2522,55.28,-782831,20250311,https://www.news18.com/india/ranya-rao-took-advantage-of-vip-protocol-karnataka-govt-orders-probe-in-gold-smuggling-case-9257362.html
1231347248,20250311,202503,2025,2025.1945,GOV,AUTHORITIES,,,,,,GOV,,,,,,,,,,,,,0,173,173,17,4,-5.0,6,1,6,-2.08333333333333,4,"Bengaluru, Karnataka, India",IN,IN19,12.9833,77.5833,-2090174,0,,,,,,,4,"Bengaluru, Karnataka, India",IN,IN19,12.9833,77.5833,-2090174,20250311,https://www.news18.com/india/ranya-rao-took-advantage-of-vip-protocol-karnataka-govt-orders-probe-in-gold-smuggling-case-9257362.html
1231347370,20250311,202503,2025,2025.1945,GOV,GOVERNMENT,,,,,,GOV,,,kanELI,KANNADA,,,kan,,,ELI,,,1,090,090,09,2,-2.0,4,1,4,-2.08333333333333,5,"Karnataka, Karnataka, India",IN,IN19,13.5,76,-2099860,5,"Karnataka, Karnataka, India",IN,IN19,13.5,76,-2099860,5,"Karnataka, Karnataka, India",IN,IN19,13.5,76,-2099860,20250311,https://www.news18.com/india/ranya-rao-took-advantage-of-vip-protocol-karnataka-govt-orders-probe-in-gold-smuggling-case-9257362.html
1231347460,20250311,202503,2025,2025.1945,IND,KARNATAKA,IND,,,,,,,,GOV,GOVERNMENT,,,,,,GOV,,,1,090,090,09,2,-2.0,49,12,49,-1.86593384498913,5,"Karnataka, Karnataka, India",IN,IN19,13.5,76,-2099860,5,"Karnataka, Karnataka, India",IN,IN19,13.5,76,-2099860,5,"Karnataka, Karnataka, India",IN,IN19,13.5,76,-2099860,20250311,https://www.news18.com/india/ranya-rao-took-advantage-of-vip-protocol-karnataka-govt-orders-probe-in-gold-smuggling-case-9257362.html
1231347461,20250311,202503,2025,2025.1945,IND,KARNATAKA,IND,,,,,,,,GOV,GOVERNMENT,,,,,,GOV,,,1,090,090,09,2,-2.0,1,1,1,-2.08333333333333,4,"Dubai, Dubayy, United Arab Emirates",AE,AE03,25.2522,55.28,-782831,4,"Dubai, Dubayy, United Arab Emirates",AE,AE03,25.2522,55.28,-782831,4,"Dubai, Dubayy, United Arab Emirates",AE,AE03,25.2522,55.28,-782831,20250311,https://www.news18.com/india/ranya-rao-took-advantage-of-vip-protocol-karnataka-govt-orders-probe-in-gold-smuggling-case-9257362.html
1231347466,20250311,202503,2025,2025.1945,IND,KARNATAKA,IND,,,,,,,,kanELI,KANNADA,,,kan,,,ELI,,,1,090,090,09,2,-2.0,4,1,4,-2.08333333333333,5,"Karnataka, Karnataka, India",IN,IN19,13.5,76,-2099860,5,"Karnataka, Karnataka, India",IN,IN19,13.5,76,-2099860,5,"Karnataka, Karnataka, India",IN,IN19,13.5,76,-2099860,20250311,https://www.news18.com/india/ranya-rao-took-advantage-of-vip-protocol-karnataka-govt-orders-probe-in-gold-smuggling-case-9257362.html
1231347467,20250311,202503,2025,2025.1945,INDGOV,KARNATAKA,IND,,,,,GOV,,,,,,,,,,,,,1,090,090,09,2,-2.0,17,9,17,-2.23772573705409,5,"Karnataka, Karnataka, India",IN,IN19,13.5,76,-2099860,0,,,,,,,5,"Karnataka, Karnataka, India",IN,IN19,13.5,76,-2099860,20250311,https://www.news18.com/india/ranya-rao-took-advantage-of-vip-protocol-karnataka-govt-orders-probe-in-gold-smuggling-case-9257362.html
1231347469,20250311,202503,2025,2025.1945,INDGOV,KARNATAKA,IND,,,,,GOV,,,kanELI,KANNADA,,,kan,,,ELI,,,1,090,090,09,2,-2.0,2,1,2,-2.08333333333333,5,"Karnataka, Karnataka, India",IN,IN19,13.5,76,-2099860,5,"Karnataka, Karnataka, India",IN,IN19,13.5,76,-2099860,5,"Karnataka, Karnataka, India",IN,IN19,13.5,76,-2099860,20250311,https://www.news18.com/india/ranya-rao-took-advantage-of-vip-protocol-karnataka-govt-orders-probe-in-gold-smuggling-case-9257362.html
1231347805,20250311,202503,2025,2025.1945,SPY,INTELLIGENCE,,,,,,SPY,,,,,,,,,,,,,1,090,090,09,2,-2.0,6,1,6,-1.09204368174727,4,"Bengaluru, Karnataka, India",IN,IN19,12.9833,77.5833,-2090174,0,,,,,,,4,"Bengaluru, Karnataka, India",IN,IN19,12.9833,77.5833,-2090174,20250311,https://www.news18.com/india/gold-smuggling-surge-digital-assets-analysis-brought-actor-ranya-rao-under-scanner-after-confidants-tip-off-9257317.html
1231347806,20250311,202503,2025,2025.1945,SPY,INTELLIGENCE,,,,,,SPY,,,,,,,,,,,,,1,090,090,09,2,-2.0,14,1,10,-1.09204368174727,4,"Dubai, Dubayy, United Arab Emirates",AE,AE03,25.2522,55.28,-782831,0,,,,,,,4,"Dubai, Dubayy, United Arab Emirates",AE,AE03,25.2522,55.28,-782831,20250311,https://www.news18.com/india/gold-smuggling-surge-digital-assets-analysis-brought-actor-ranya-rao-under-scanner-after-confidants-tip-off-9257317.html
1231347807,20250311,202503,2025,2025.1945,SPY,INTELLIGENCE,,,,,,SPY,,,,,,,,,,,,,0,190,190,19,4,-10.0,6,1,6,-2.08333333333333,4,"Bengaluru, Karnataka, India",IN,IN19,12.9833,77.5833,-2090174,0,,,,,,,4,"Bengaluru, Karnataka, India",IN,IN19,12.9833,77.5833,-2090174,20250311,https://www.news18.com/india/ranya-rao-took-advantage-of-vip-protocol-karnataka-govt-orders-probe-in-gold-smuggling-case-9257362.html
1231347808,20250311,202503,2025,2025.1945,SPY,INTELLIGENCE,,,,,,SPY,,,,,,,,,,,,,0,190,190,19,4,-10.0,2,1,2,-2.08333333333333,5,"Karnataka, Karnataka, India",IN,IN19,13.5,76,-2099860,0,,,,,,,5,"Karnataka, Karnataka, India",IN,IN19,13.5,76,-2099860,20250311,https://www.news18.com/india/ranya-rao-took-advantage-of-vip-protocol-karnataka-govt-orders-probe-in-gold-smuggling-case-9257362.html
1231347978,20250311,202503,2025,2025.1945,USA,UNITED STATES,USA,,,,,,,,GOV,GOVERNMENT,,,,,,GOV,,,1,100,100,10,3,-5.0,3,2,3,0.58169865122899,1,United States,US,US,39.828175,-98.5795,US,1,United States,US,US,39.828175,-98.5795,US,1,United States,US,US,39.828175,-98.5795,US,20250311,https://www.mondaq.com:443/unitedstates/general-immigration/1595350/trump-administration-announces-gold-card-permanent-residence-program-and-registration-requirement
1231349669,20250311,202503,2025,2025.1945,GOV,CHIEF EXECUTIVE,,,,,,GOV,,,SAU,SAUDI ARABIA,SAU,,,,,,,,1,030,030,03,1,4.0,2,1,2,3.04568527918782,1,Saudi Arabia,SA,SA,25,45,SA,1,Saudi Arabia,SA,SA,25,45,SA,1,Saudi Arabia,SA,SA,25,45,SA,20250311,https://pakobserver.net/gold-prices-in-saudi-arabia-today-11-march-2025/
1231349670,20250311,202503,2025,2025.1945,GOV,CHIEF EXECUTIVE,,,,,,GOV,,,SAUGOV,SAUDI ARABIA,SAU,,,,,GOV,,,1,030,030,03,1,4.0,2,1,2,3.04568527918782,1,Saudi Arabia,SA,SA,25,45,SA,1,Saudi Arabia,SA,SA,25,45,SA,1,Saudi Arabia,SA,SA,25,45,SA,20250311,https://pakobserver.net/gold-prices-in-saudi-arabia-today-11-march-2025/
1231349738,20250311,202503,2025,2025.1945,IND,CHENNAI,IND,,,,,,,,,,,,,,,,,,1,120,120,12,3,-4.0,3,1,3,4.50450450450451,4,"Chennai, Tamil Nadu, India",IN,IN25,13.0833,80.2833,-2103041,0,,,,,,,4,"Chennai, Tamil Nadu, India",IN,IN25,13.0833,80.2833,-2103041,20250311,https://newstodaynet.com/2025/03/11/gold-prices-drop-by-%E2%82%B9240-per-sovereign/
1231350109,20250311,202503,2025,2025.1945,PAK,PAKISTAN,PAK,,,,,,,,SAU,SAUDI ARABIA,SAU,,,,,,,,1,057,057,05,1,8.0,10,1,10,3.04568527918782,1,Saudi Arabia,SA,SA,25,45,SA,1,Saudi Arabia,SA,SA,25,45,SA,1,Saudi Arabia,SA,SA,25,45,SA,20250311,https://pakobserver.net/gold-prices-in-saudi-arabia-today-11-march-2025/
1231350203,20250311,202503,2025,2025.1945,SAU,SAUDI ARABIA,SAU,,,,,,,,GOV,CHIEF EXECUTIVE,,,,,,GOV,,,1,030,030,03,1,4.0,7,2,7,-1.14569668624878,1,Saudi Arabia,SA,SA,25,45,SA,1,Saudi Arabia,SA,SA,25,45,SA,1,Saudi Arabia,SA,SA,25,45,SA,20250311,https://pakobserver.net/gold-prices-in-saudi-arabia-today-11-march-2025/
1231350204,20250311,202503,2025,2025.1945,SAU,SAUDI ARABIA,SAU,,,,,,,,PAK,PAKISTAN,PAK,,,,,,,,1,057,057,05,1,8.0,2,1,2,3.04568527918782,4,"Lahore, Punjab, Pakistan",PK,PK04,31.5497,74.3436,-2767043,4,"Lahore, Punjab, Pakistan",PK,PK04,31.5497,74.3436,-2767043,4,"Lahore, Punjab, Pakistan",PK,PK04,31.5497,74.3436,-2767043,20250311,https://pakobserver.net/gold-prices-in-saudi-arabia-today-11-march-2025/
1231350205,20250311,202503,2025,2025.1945,SAU,SAUDI ARABIA,SAU,,,,,,,,PAK,PAKISTAN,PAK,,,,,,,,1,057,057,05,1,8.0,2,1,2,3.04568527918782,4,"Lahore, Punjab, Pakistan",PK,PK04,31.5497,74.3436,-2767043,4,"Lahore, Punjab, Pakistan",PK,PK04,31.5497,74.3436,-2767043,1,Saudi Arabia,SA,SA,25,45,SA,20250311,https://pakobserver.net/gold-prices-in-saudi-arabia-today-11-march-2025/
1231350206,20250311,202503,2025,2025.1945,SAU,SAUDI ARABIA,SAU,,,,,,,,PAK,PAKISTAN,PAK,,,,,,,,1,057,057,05,1,8.0,6,1,6,3.04568527918782,1,Saudi Arabia,SA,SA,25,45,SA,4,"Lahore, Punjab, Pakistan",PK,PK04,31.5497,74.3436,-2767043,1,Saudi Arabia,SA,SA,25,45,SA,20250311,https://pakobserver.net/gold-prices-in-saudi-arabia-today-11-march-2025/
1231350212,20250311,202503,2025,2025.1945,SAUGOV,SAUDI ARABIA,SAU,,,,,GOV,,,GOV,CHIEF EXECUTIVE,,,,,,GOV,,,1,030,030,03,1,4.0,2,1,2,3.04568527918782,1,Saudi Arabia,SA,SA,25,45,SA,1,Saudi Arabia,SA,SA,25,45,SA,1,Saudi Arabia,SA,SA,25,45,SA,20250311,https://pakobserver.net/gold-prices-in-saudi-arabia-today-11-march-2025/
1231350283,20250311,202503,2025,2025.1945,UKR,UKRAINIAN,UKR,,,,,,,,USA,THE US,USA,,,,,,,,1,030,030,03,1,4.0,26,5,26,0.579455713323964,1,Ukraine,UP,UP,49,32,UP,1,Ukraine,UP,UP,49,32,UP,1,Ukraine,UP,UP,49,32,UP,20250311,https://www.khaleejtimes.com/business/markets/gold-prices-slip-in-dubai-as-yellow-metal-trades-below-2900-globally
1231350291,20250311,202503,2025,2025.1945,UKRGOV,UKRAINIAN,UKR,,,,,GOV,,,USA,THE US,USA,,,,,,,,1,010,010,01,1,0.0,3,1,3,0.43478260869565,1,Ukraine,UP,UP,49,32,UP,1,Ukraine,UP,UP,49,32,UP,1,Ukraine,UP,UP,49,32,UP,20250311,https://www.khaleejtimes.com/business/markets/gold-prices-slip-in-dubai-as-yellow-metal-trades-below-2900-globally
1231350292,20250311,202503,2025,2025.1945,UKRGOV,UKRAINIAN,UKR,,,,,GOV,,,USA,THE US,USA,,,,,,,,1,030,030,03,1,4.0,6,1,6,0.43478260869565,1,Ukraine,UP,UP,49,32,UP,1,Ukraine,UP,UP,49,32,UP,1,Ukraine,UP,UP,49,32,UP,20250311,https://www.khaleejtimes.com/business/markets/gold-prices-slip-in-dubai-as-yellow-metal-trades-below-2900-globally
1231350427,20250311,202503,2025,2025.1945,USA,THE US,USA,,,,,,,,UKR,UKRAINE,UKR,,,,,,,,1,010,010,01,1,0.0,23,4,23,-0.608488931215385,1,Ukraine,UP,UP,49,32,UP,1,Ukraine,UP,UP,49,32,UP,1,Ukraine,UP,UP,49,32,UP,20250311,https://www.khaleejtimes.com/business/markets/gold-prices-slip-in-dubai-as-yellow-metal-trades-below-2900-globally
1231350428,20250311,202503,2025,2025.1945,USA,THE US,USA,,,,,,,,UKR,UKRAINIAN,UKR,,,,,,,,1,030,030,03,1,4.0,12,2,12,1.02384291725105,1,Ukraine,UP,UP,49,32,UP,1,Ukraine,UP,UP,49,32,UP,1,Ukraine,UP,UP,49,32,UP,20250311,https://www.khaleejtimes.com/business/markets/gold-prices-slip-in-dubai-as-yellow-metal-trades-below-2900-globally
1231350433,20250311,202503,2025,2025.1945,USA,THE US,USA,,,,,,,,UKRGOV,UKRAINIAN,UKR,,,,,GOV,,,1,010,010,01,1,0.0,3,1,3,0.43478260869565,1,Ukraine,UP,UP,49,32,UP,1,Ukraine,UP,UP,49,32,UP,1,Ukraine,UP,UP,49,32,UP,20250311,https://www.khaleejtimes.com/business/markets/gold-prices-slip-in-dubai-as-yellow-metal-trades-below-2900-globally
1231350434,20250311,202503,2025,2025.1945,USA,THE US,USA,,,,,,,,UKRGOV,UKRAINIAN,UKR,,,,,GOV,,,1,030,030,03,1,4.0,6,1,6,0.43478260869565,1,Ukraine,UP,UP,49,32,UP,1,Ukraine,UP,UP,49,32,UP,1,Ukraine,UP,UP,49,32,UP,20250311,https://www.khaleejtimes.com/business/markets/gold-prices-slip-in-dubai-as-yellow-metal-trades-below-2900-globally
1231351469,20250311,202503,2025,2025.1945,,,,,,,,,,,ARE,DUBAI,ARE,,,,,,,,0,042,042,04,1,1.9,2,1,2,-4.06779661016949,0,,,,,,,4,"Bengaluru, Karnataka, India",IN,IN19,12.9833,77.5833,-2090174,4,"Bengaluru, Karnataka, India",IN,IN19,12.9833,77.5833,-2090174,20250311,https://www.news18.com/india/ranya-raos-associate-nabbed-in-second-arrest-in-bengaluru-airport-gold-smuggling-case-who-is-tarun-raju-9257504.html
1231351470,20250311,202503,2025,2025.1945,,,,,,,,,,,ARE,UNITED ARAB EMIRATES,ARE,,,,,,,,0,042,042,04,1,1.9,2,1,2,-4.06779661016949,0,,,,,,,4,"Dubai, Dubayy, United Arab Emirates",AE,AE03,25.2522,55.28,-782831,4,"Bengaluru, Karnataka, India",IN,IN19,12.9833,77.5833,-2090174,20250311,https://www.news18.com/india/ranya-raos-associate-nabbed-in-second-arrest-in-bengaluru-airport-gold-smuggling-case-who-is-tarun-raju-9257504.html
1231351508,20250311,202503,2025,2025.1945,,,,,,,,,,,ELI,ACTOR,,,,,,ELI,,,1,043,043,04,1,2.8,14,2,14,1.91524805330722,0,,,,,,,4,"Jaipur, Rajasthan, India",IN,IN24,26.9167,75.8167,-2098033,4,"Jaipur, Rajasthan, India",IN,IN24,26.9167,75.8167,-2098033,20250311,https://www.news18.com/lifestyle/madhuri-dixit-brings-boss-woman-energy-to-iifa-2025-in-a-classic-black-pantsuit-with-gold-accents-9257480.html
1231351527,20250311,202503,2025,2025.1945,,,,,,,,,,,JUD,JUDGE,,,,,,JUD,,,0,040,040,04,1,1.0,2,1,2,-4.62287104622871,0,,,,,,,4,"Bengaluru, Karnataka, India",IN,IN19,12.9833,77.5833,-2090174,4,"Bengaluru, Karnataka, India",IN,IN19,12.9833,77.5833,-2090174,20250311,https://www.hindustantimes.com/india-news/bengaluru-hoteliers-grandson-arrested-in-gold-smuggling-case-linked-to-kannada-actor-ranya-rao-101741673488630.html
1231351528,20250311,202503,2025,2025.1945,,,,,,,,,,,JUD,JUDGE,,,,,,JUD,,,0,040,040,04,1,1.0,3,1,3,-4.62287104622871,0,,,,,,,5,"Karnataka, Karnataka, India",IN,IN19,13.5,76,-2099860,5,"Karnataka, Karnataka, India",IN,IN19,13.5,76,-2099860,20250311,https://www.hindustantimes.com/india-news/bengaluru-hoteliers-grandson-arrested-in-gold-smuggling-case-linked-to-kannada-actor-ranya-rao-101741673488630.html
1231351605,20250311,202503,2025,2025.1945,ARE,DUBAI,ARE,,,,,,,,,,,,,,,,,,0,043,043,04,1,2.8,2,1,2,-4.06779661016949,4,"Bengaluru, Karnataka, India",IN,IN19,12.9833,77.5833,-2090174,0,,,,,,,4,"Bengaluru, Karnataka, India",IN,IN19,12.9833,77.5833,-2090174,20250311,https://www.news18.com/india/ranya-raos-associate-nabbed-in-second-arrest-in-bengaluru-airport-gold-smuggling-case-who-is-tarun-raju-9257504.html
1231351606,20250311,202503,2025,2025.1945,ARE,UNITED ARAB EMIRATES,ARE,,,,,,,,,,,,,,,,,,0,043,043,04,1,2.8,2,1,2,-4.06779661016949,4,"Dubai, Dubayy, United Arab Emirates",AE,AE03,25.2522,55.28,-782831,0,,,,,,,4,"Bengaluru, Karnataka, India",IN,IN19,12.9833,77.5833,-2090174,20250311,https://www.news18.com/india/ranya-raos-associate-nabbed-in-second-arrest-in-bengaluru-airport-gold-smuggling-case-who-is-tarun-raju-9257504.html
1231351607,20250311,202503,2025,2025.1945,ARE,DUBAI,ARE,,,,,,,,kan,KANNADA,,,kan,,,,,,1,043,043,04,1,2.8,2,1,2,-4.62287104622871,4,"Bengaluru, Karnataka, India",IN,IN19,12.9833,77.5833,-2090174,4,"Bengaluru, Karnataka, India",IN,IN19,12.9833,77.5833,-2090174,4,"Bengaluru, Karnataka, India",IN,IN19,12.9833,77.5833,-2090174,20250311,https://www.hindustantimes.com/india-news/bengaluru-hoteliers-grandson-arrested-in-gold-smuggling-case-linked-to-kannada-actor-ranya-rao-101741673488630.html
1231351608,20250311,202503,2025,2025.1945,ARE,DUBAI,ARE,,,,,,,,kan,KANNADA,,,kan,,,,,,1,043,043,04,1,2.8,8,1,8,-4.62287104622871,4,"Dubai, Dubayy, United Arab Emirates",AE,AE03,25.2522,55.28,-782831,4,"Bengaluru, Karnataka, India",IN,IN19,12.9833,77.5833,-2090174,4,"Dubai, Dubayy, United Arab Emirates",AE,AE03,25.2522,55.28,-782831,20250311,https://www.hindustantimes.com/india-news/bengaluru-hoteliers-grandson-arrested-in-gold-smuggling-case-linked-to-kannada-actor-ranya-rao-101741673488630.html
1231351609,20250311,202503,2025,2025.1945,ARE,DUBAI,ARE,,,,,,,,kan,KANNADA,,,kan,,,,,,1,173,173,17,4,-5.0,2,1,2,-4.62287104622871,4,"Bengaluru, Karnataka, India",IN,IN19,12.9833,77.5833,-2090174,4,"Bengaluru, Karnataka, India",IN,IN19,12.9833,77.5833,-2090174,4,"Bengaluru, Karnataka, India",IN,IN19,12.9833,77.5833,-2090174,20250311,https://www.hindustantimes.com/india-news/bengaluru-hoteliers-grandson-arrested-in-gold-smuggling-case-linked-to-kannada-actor-ranya-rao-101741673488630.html
1231351610,20250311,202503,2025,2025.1945,ARE,DUBAI,ARE,,,,,,,,kan,KANNADA,,,kan,,,,,,1,173,173,17,4,-5.0,2,1,2,-4.62287104622871,4,"Dubai, Dubayy, United Arab Emirates",AE,AE03,25.2522,55.28,-782831,4,"Bengaluru, Karnataka, India",IN,IN19,12.9833,77.5833,-2090174,4,"Bengaluru, Karnataka, India",IN,IN19,12.9833,77.5833,-2090174,20250311,https://www.hindustantimes.com/india-news/bengaluru-hoteliers-grandson-arrested-in-gold-smuggling-case-linked-to-kannada-actor-ranya-rao-101741673488630.html
1231351611,20250311,202503,2025,2025.1945,ARE,DUBAI,ARE,,,,,,,,kan,KANNADA,,,kan,,,,,,1,173,173,17,4,-5.0,6,1,6,-4.62287104622871,4,"Dubai, Dubayy, United Arab Emirates",AE,AE03,25.2522,55.28,-782831,4,"Bengaluru, Karnataka, India",IN,IN19,12.9833,77.5833,-2090174,4,"Dubai, Dubayy, United Arab Emirates",AE,AE03,25.2522,55.28,-782831,20250311,https://www.hindustantimes.com/india-news/bengaluru-hoteliers-grandson-arrested-in-gold-smuggling-case-linked-to-kannada-actor-ranya-rao-101741673488630.html
1231351809,20250311,202503,2025,2025.1945,ELI,ACTOR,,,,,,ELI,,,,,,,,,,,,,1,042,042,04,1,1.9,4,1,4,4.47427293064877,4,"Delhi, Delhi, India",IN,IN07,28.6667,77.2167,-2094230,0,,,,,,,4,"Delhi, Delhi, India",IN,IN07,28.6667,77.2167,-2094230,20250311,https://www.news18.com/lifestyle/madhuri-dixit-brings-boss-woman-energy-to-iifa-2025-in-a-classic-black-pantsuit-with-gold-accents-9257480.html
1231351811,20250311,202503,2025,2025.1945,ELI,ACTOR,,,,,,ELI,,,IND,JAIPUR,IND,,,,,,,,1,042,042,04,1,1.9,2,1,2,4.47427293064877,4,"Delhi, Delhi, India",IN,IN07,28.6667,77.2167,-2094230,4,"Delhi, Delhi, India",IN,IN07,28.6667,77.2167,-2094230,4,"Delhi, Delhi, India",IN,IN07,28.6667,77.2167,-2094230,20250311,https://www.news18.com/lifestyle/madhuri-dixit-brings-boss-woman-energy-to-iifa-2025-in-a-classic-black-pantsuit-with-gold-accents-9257480.html
1231351812,20250311,202503,2025,2025.1945,ELI,ACTOR,,,,,,ELI,,,IND,JAIPUR,IND,,,,,,,,1,042,042,04,1,1.9,4,1,4,4.47427293064877,4,"Jaipur, Rajasthan, India",IN,IN24,26.9167,75.8167,-2098033,4,"Jaipur, Rajasthan, India",IN,IN24,26.9167,75.8167,-2098033,4,"Jaipur, Rajasthan, India",IN,IN24,26.9167,75.8167,-2098033,20250311,https://www.news18.com/lifestyle/madhuri-dixit-brings-boss-woman-energy-to-iifa-2025-in-a-classic-black-pantsuit-with-gold-accents-9257480.html
1231351996,20250311,202503,2025,2025.1945,IND,JAIPUR,IND,,,,,,,,ELI,ACTOR,,,,,,ELI,,,1,043,043,04,1,2.8,6,1,6,4.47427293064877,4,"Jaipur, Rajasthan, India",IN,IN24,26.9167,75.8167,-2098033,4,"Jaipur, Rajasthan, India",IN,IN24,26.9167,75.8167,-2098033,4,"Jaipur, Rajasthan, India",IN,IN24,26.9167,75.8167,-2098033,20250311,https://www.news18.com/lifestyle/madhuri-dixit-brings-boss-woman-energy-to-iifa-2025-in-a-classic-black-pantsuit-with-gold-accents-9257480.html
1231352062,20250311,202503,2025,2025.1945,JUD,SPECIAL COURT,,,,,,JUD,,,,,,,,,,,,,0,030,030,03,1,4.0,10,1,10,-4.06779661016949,4,"Bengaluru, Karnataka, India",IN,IN19,12.9833,77.5833,-2090174,0,,,,,,,4,"Bengaluru, Karnataka, India",IN,IN19,12.9833,77.5833,-2090174,20250311,https://www.news18.com/india/ranya-raos-associate-nabbed-in-second-arrest-in-bengaluru-airport-gold-smuggling-case-who-is-tarun-raju-9257504.html
1231352063,20250311,202503,2025,2025.1945,JUD,JUDGE,,,,,,JUD,,,,,,,,,,,,,0,040,040,04,1,1.0,2,1,2,-4.62287104622871,4,"Bengaluru, Karnataka, India",IN,IN19,12.9833,77.5833,-2090174,0,,,,,,,4,"Bengaluru, Karnataka, India",IN,IN19,12.9833,77.5833,-2090174,20250311,https://www.hindustantimes.com/india-news/bengaluru-hoteliers-grandson-arrested-in-gold-smuggling-case-linked-to-kannada-actor-ranya-rao-101741673488630.html
1231352064,20250311,202503,2025,2025.1945,JUD,JUDGE,,,,,,JUD,,,,,,,,,,,,,1,040,040,04,1,1.0,5,2,5,-5.3286769024247,5,"Karnataka, Karnataka, India",IN,IN19,13.5,76,-2099860,0,,,,,,,5,"Karnataka, Karnataka, India",IN,IN19,13.5,76,-2099860,20250311,https://www.hindustantimes.com/india-news/bengaluru-hoteliers-grandson-arrested-in-gold-smuggling-case-linked-to-kannada-actor-ranya-rao-101741673488630.html
1231352571,20250311,202503,2025,2025.1945,kan,KANNADA,,,kan,,,,,,ARE,DUBAI,ARE,,,,,,,,1,042,042,04,1,1.9,2,1,2,-4.62287104622871,4,"Bengaluru, Karnataka, India",IN,IN19,12.9833,77.5833,-2090174,4,"Bengaluru, Karnataka, India",IN,IN19,12.9833,77.5833,-2090174,4,"Bengaluru, Karnataka, India",IN,IN19,12.9833,77.5833,-2090174,20250311,https://www.hindustantimes.com/india-news/bengaluru-hoteliers-grandson-arrested-in-gold-smuggling-case-linked-to-kannada-actor-ranya-rao-101741673488630.html
1231352572,20250311,202503,2025,2025.1945,kan,KANNADA,,,kan,,,,,,ARE,DUBAI,ARE,,,,,,,,1,042,042,04,1,1.9,8,1,8,-4.62287104622871,4,"Bengaluru, Karnataka, India",IN,IN19,12.9833,77.5833,-2090174,4,"Dubai, Dubayy, United Arab Emirates",AE,AE03,25.2522,55.28,-782831,4,"Dubai, Dubayy, United Arab Emirates",AE,AE03,25.2522,55.28,-782831,20250311,https://www.hindustantimes.com/india-news/bengaluru-hoteliers-grandson-arrested-in-gold-smuggling-case-linked-to-kannada-actor-ranya-rao-101741673488630.html
1231352573,20250311,202503,2025,2025.1945,kanELI,KANNADA,,,kan,,,ELI,,,SPY,INTELLIGENCE,,,,,,SPY,,,1,173,173,17,4,-5.0,20,2,20,-4.3067406874336,5,"Karnataka, Karnataka, India",IN,IN19,13.5,76,-2099860,5,"Karnataka, Karnataka, India",IN,IN19,13.5,76,-2099860,5,"Karnataka, Karnataka, India",IN,IN19,13.5,76,-2099860,20250311,https://www.hindustantimes.com/india-news/bengaluru-hoteliers-grandson-arrested-in-gold-smuggling-case-linked-to-kannada-actor-ranya-rao-101741673488630.html
1231353422,20250311,202503,2025,2025.1945,,,,,,,,,,,BUS,INDUSTRY,,,,,,BUS,,,1,040,040,04,1,1.0,5,1,5,8.6206896551724,0,,,,,,,4,"Mumbai, Maharashtra, India",IN,IN16,18.975,72.8258,-2092174,4,"Mumbai, Maharashtra, India",IN,IN16,18.975,72.8258,-2092174,20250311,https://aninews.in/news/business/vibgyor-group-of-schools-wins-gold-at-techedu-india-awards-strengthens-commitment-to-future-ready-learning20250311103959/
1231353424,20250311,202503,2025,2025.1945,,,,,,,,,,,BUS,INDUSTRY,,,,,,BUS,,,1,046,046,04,1,7.0,5,1,5,8.6206896551724,0,,,,,,,4,"Mumbai, Maharashtra, India",IN,IN16,18.975,72.8258,-2092174,4,"Mumbai, Maharashtra, India",IN,IN16,18.975,72.8258,-2092174,20250311,https://aninews.in/news/business/vibgyor-group-of-schools-wins-gold-at-techedu-india-awards-strengthens-commitment-to-future-ready-learning20250311103959/
1231353547,20250311,202503,2025,2025.1945,ARE,DUBAI,ARE,,,,,,,,BUS,BUSINESS,,,,,,BUS,,,0,043,043,04,1,2.8,4,3,4,-1.36583467377383,5,"Karnataka, Karnataka, India",IN,IN19,13.5,76,-2099860,5,"Karnataka, Karnataka, India",IN,IN19,13.5,76,-2099860,5,"Karnataka, Karnataka, India",IN,IN19,13.5,76,-2099860,20250311,https://aninews.in/news/national/politics/ranya-rao-gold-smuggling-case-karnataka-cm-orders-probe-into-protocol-violations-role-of-ips-officer20250311124924/
1231353641,20250311,202503,2025,2025.1945,BRAJUD,BRAZIL,BRA,,,,,JUD,,,,,,,,,,,,,1,010,010,01,1,0.0,2,1,2,-5.249343832021,1,Brazil,BR,BR,-10,-55,BR,0,,,,,,,1,Brazil,BR,BR,-10,-55,BR,20250311,https://www.stabroeknews.com/2025/03/11/news/guyana/brazilian-woman-charged-over-26-2m-gold-purchase-granted-75000-bail/
1231353659,20250311,202503,2025,2025.1945,BUS,INDUSTRY,,,,,,BUS,,,,,,,,,,,,,1,040,040,04,1,1.0,19,2,19,4.78252063395615,4,"Mumbai, Maharashtra, India",IN,IN16,18.975,72.8258,-2092174,0,,,,,,,4,"Mumbai, Maharashtra, India",IN,IN16,18.975,72.8258,-2092174,20250311,https://aninews.in/news/business/vibgyor-group-of-schools-wins-gold-at-techedu-india-awards-strengthens-commitment-to-future-ready-learning20250311103959/
1231353661,20250311,202503,2025,2025.1945,BUS,INDUSTRY,,,,,,BUS,,,,,,,,,,,,,1,046,046,04,1,7.0,5,1,5,8.6206896551724,4,"Mumbai, Maharashtra, India",IN,IN16,18.975,72.8258,-2092174,0,,,,,,,4,"Mumbai, Maharashtra, India",IN,IN16,18.975,72.8258,-2092174,20250311,https://aninews.in/news/business/vibgyor-group-of-schools-wins-gold-at-techedu-india-awards-strengthens-commitment-to-future-ready-learning20250311103959/
1231353672,20250311,202503,2025,2025.1945,BUS,BUSINESS,,,,,,BUS,,,ARE,DUBAI,ARE,,,,,,,,0,042,042,04,1,1.9,4,3,4,-1.36583467377383,5,"Karnataka, Karnataka, India",IN,IN19,13.5,76,-2099860,5,"Karnataka, Karnataka, India",IN,IN19,13.5,76,-2099860,5,"Karnataka, Karnataka, India",IN,IN19,13.5,76,-2099860,20250311,https://aninews.in/news/national/politics/ranya-rao-gold-smuggling-case-karnataka-cm-orders-probe-into-protocol-violations-role-of-ips-officer20250311124924/
1231353676,20250311,202503,2025,2025.1945,BUS,INDUSTRY,,,,,,BUS,,,EDU,SCHOOL,,,,,,EDU,,,1,040,040,04,1,1.0,5,1,5,8.6206896551724,4,"Mumbai, Maharashtra, India",IN,IN16,18.975,72.8258,-2092174,4,"Mumbai, Maharashtra, India",IN,IN16,18.975,72.8258,-2092174,4,"Mumbai, Maharashtra, India",IN,IN16,18.975,72.8258,-2092174,20250311,https://aninews.in/news/business/vibgyor-group-of-schools-wins-gold-at-techedu-india-awards-strengthens-commitment-to-future-ready-learning20250311103959/
1231353677,20250311,202503,2025,2025.1945,BUS,INDUSTRY,,,,,,BUS,,,EDU,SCHOOL,,,,,,EDU,,,1,046,046,04,1,7.0,5,1,5,8.6206896551724,4,"Mumbai, Maharashtra, India",IN,IN16,18.975,72.8258,-2092174,4,"Mumbai, Maharashtra, India",IN,IN16,18.975,72.8258,-2092174,4,"Mumbai, Maharashtra, India",IN,IN16,18.975,72.8258,-2092174,20250311,https://aninews.in/news/business/vibgyor-group-of-schools-wins-gold-at-techedu-india-awards-strengthens-commitment-to-future-ready-learning20250311103959/
1231353770,20250311,202503,2025,2025.1945,COP,POLICE,,,,,,COP,,,BRA,BRAZIL,BRA,,,,,,,,0,084,084,08,2,7.0,2,1,2,-5.249343832021,1,Brazil,BR,BR,-10,-55,BR,1,Brazil,BR,BR,-10,-55,BR,1,Brazil,BR,BR,-10,-55,BR,20250311,https://www.stabroeknews.com/2025/03/11/news/guyana/brazilian-woman-charged-over-26-2m-gold-purchase-granted-75000-bail/
1231353882,20250311,202503,2025,2025.1945,EDU,SCHOOL,,,,,,EDU,,,BUS,INDUSTRY,,,,,,BUS,,,1,040,040,04,1,1.0,5,1,5,8.6206896551724,4,"Mumbai, Maharashtra, India",IN,IN16,18.975,72.8258,-2092174,4,"Mumbai, Maharashtra, India",IN,IN16,18.975,72.8258,-2092174,4,"Mumbai, Maharashtra, India",IN,IN16,18.975,72.8258,-2092174,20250311,https://aninews.in/news/business/vibgyor-group-of-schools-wins-gold-at-techedu-india-awards-strengthens-commitment-to-future-ready-learning20250311103959/
1231353883,20250311,202503,2025,2025.1945,EDU,SCHOOL,,,,,,EDU,,,BUS,INDUSTRY,,,,,,BUS,,,1,046,046,04,1,7.0,5,1,5,8.6206896551724,4,"Mumbai, Maharashtra, India",IN,IN16,18.975,72.8258,-2092174,4,"Mumbai, Maharashtra, India",IN,IN16,18.975,72.8258,-2092174,4,"Mumbai, Maharashtra, India",IN,IN16,18.975,72.8258,-2092174,20250311,https://aninews.in/news/business/vibgyor-group-of-schools-wins-gold-at-techedu-india-awards-strengthens-commitment-to-future-ready-learning20250311103959/
1231354018,20250311,202503,2025,2025.1945,GOV,CHIEF MINISTER,,,,,,GOV,,,,,,,,,,,,,1,090,090,09,2,-2.0,62,12,62,-1.96523485806235,4,"Bengaluru, Karnataka, India",IN,IN19,12.9833,77.5833,-2090174,0,,,,,,,4,"Bengaluru, Karnataka, India",IN,IN19,12.9833,77.5833,-2090174,20250311,https://aninews.in/news/national/politics/ranya-rao-gold-smuggling-case-karnataka-cm-orders-probe-into-protocol-violations-role-of-ips-officer20250311124924/
1231354212,20250311,202503,2025,2025.1945,IND,MUMBAI,IND,,,,,,,,EDU,SCHOOL,,,,,,EDU,,,1,051,051,05,1,3.4,14,2,14,7.15125391849529,4,"Mumbai, Maharashtra, India",IN,IN16,18.975,72.8258,-2092174,4,"Mumbai, Maharashtra, India",IN,IN16,18.975,72.8258,-2092174,4,"Mumbai, Maharashtra, India",IN,IN16,18.975,72.8258,-2092174,20250311,https://aninews.in/news/business/vibgyor-group-of-schools-wins-gold-at-techedu-india-awards-strengthens-commitment-to-future-ready-learning20250311103959/
1231354213,20250311,202503,2025,2025.1945,IND,KARNATAKA,IND,,,,,,,,GOV,CHIEF MINISTER,,,,,,GOV,,,1,090,090,09,2,-2.0,2,2,2,-1.19863365146383,4,"Bengaluru, Karnataka, India",IN,IN19,12.9833,77.5833,-2090174,5,"Karnataka, Karnataka, India",IN,IN19,13.5,76,-2099860,5,"Karnataka, Karnataka, India",IN,IN19,13.5,76,-2099860,20250311,https://aninews.in/news/national/politics/ranya-rao-gold-smuggling-case-karnataka-cm-orders-probe-into-protocol-violations-role-of-ips-officer20250311124924/
1231354217,20250311,202503,2025,2025.1945,IND,KARNATAKA,IND,,,,,,,,INDGOV,KARNATAKA,IND,,,,,GOV,,,1,090,090,09,2,-2.0,2,2,2,-1.19863365146383,4,"Bengaluru, Karnataka, India",IN,IN19,12.9833,77.5833,-2090174,4,"Bengaluru, Karnataka, India",IN,IN19,12.9833,77.5833,-2090174,4,"Bengaluru, Karnataka, India",IN,IN19,12.9833,77.5833,-2090174,20250311,https://aninews.in/news/national/politics/ranya-rao-gold-smuggling-case-karnataka-cm-orders-probe-into-protocol-violations-role-of-ips-officer20250311124924/
1231354218,20250311,202503,2025,2025.1945,IND,KARNATAKA,IND,,,,,,,,INDGOV,KARNATAKA,IND,,,,,GOV,,,1,090,090,09,2,-2.0,2,2,2,-1.19863365146383,5,"Karnataka, Karnataka, India",IN,IN19,13.5,76,-2099860,5,"Karnataka, Karnataka, India",IN,IN19,13.5,76,-2099860,5,"Karnataka, Karnataka, India",IN,IN19,13.5,76,-2099860,20250311,https://aninews.in/news/national/politics/ranya-rao-gold-smuggling-case-karnataka-cm-orders-probe-into-protocol-violations-role-of-ips-officer20250311124924/
1231354292,20250311,202503,2025,2025.1945,JUD,ATTORNEY,,,,,,JUD,,,,,,,,,,,,,1,010,010,01,1,0.0,6,1,6,-5.249343832021,1,Brazil,BR,BR,-10,-55,BR,0,,,,,,,1,Brazil,BR,BR,-10,-55,BR,20250311,https://www.stabroeknews.com/2025/03/11/news/guyana/brazilian-woman-charged-over-26-2m-gold-purchase-granted-75000-bail/
1231354299,20250311,202503,2025,2025.1945,JUD,ATTORNEY,,,,,,JUD,,,BRA,BRAZIL,BRA,,,,,,,,1,010,010,01,1,0.0,2,1,2,-5.249343832021,1,Brazil,BR,BR,-10,-55,BR,1,Brazil,BR,BR,-10,-55,BR,1,Brazil,BR,BR,-10,-55,BR,20250311,https://www.stabroeknews.com/2025/03/11/news/guyana/brazilian-woman-charged-over-26-2m-gold-purchase-granted-75000-bail/
1231354376,20250311,202503,2025,2025.1945,MED,MEDIA,,,,,,MED,,,SPY,INTELLIGENCE,,,,,,SPY,,,1,100,100,10,3,-5.0,18,3,18,-1.2781964959764,5,"Karnataka, Karnataka, India",IN,IN19,13.5,76,-2099860,4,"Dubai, Dubayy, United Arab Emirates",AE,AE03,25.2522,55.28,-782831,5,"Karnataka, Karnataka, India",IN,IN19,13.5,76,-2099860,20250311,https://aninews.in/news/national/politics/ranya-rao-gold-smuggling-case-karnataka-cm-orders-probe-into-protocol-violations-role-of-ips-officer20250311124924/
1231354377,20250311,202503,2025,2025.1945,MED,MEDIA,,,,,,MED,,,SPY,INTELLIGENCE,,,,,,SPY,,,1,100,100,10,3,-5.0,24,3,24,-1.36583467377383,4,"Dubai, Dubayy, United Arab Emirates",AE,AE03,25.2522,55.28,-782831,4,"Dubai, Dubayy, United Arab Emirates",AE,AE03,25.2522,55.28,-782831,4,"Dubai, Dubayy, United Arab Emirates",AE,AE03,25.2522,55.28,-782831,20250311,https://aninews.in/news/national/politics/ranya-rao-gold-smuggling-case-karnataka-cm-orders-probe-into-protocol-violations-role-of-ips-officer20250311124924/
1231354671,20250311,202503,2025,2025.1945,SPY,INTELLIGENCE,,,,,,SPY,,,ARE,DUBAI,ARE,,,,,,,,1,173,173,17,4,-5.0,52,3,40,-1.21863213215958,4,"Bengaluru, Karnataka, India",IN,IN19,12.9833,77.5833,-2090174,4,"Dubai, Dubayy, United Arab Emirates",AE,AE03,25.2522,55.28,-782831,4,"Bengaluru, Karnataka, India",IN,IN19,12.9833,77.5833,-2090174,20250311,https://aninews.in/news/national/politics/ranya-rao-gold-smuggling-case-karnataka-cm-orders-probe-into-protocol-violations-role-of-ips-officer20250311124924/
1231354672,20250311,202503,2025,2025.1945,SPY,INTELLIGENCE,,,,,,SPY,,,ARE,UNITED ARAB EMIRATES,ARE,,,,,,,,1,173,173,17,4,-5.0,10,3,10,-1.2781964959764,4,"Bengaluru, Karnataka, India",IN,IN19,12.9833,77.5833,-2090174,4,"Dubai, Dubayy, United Arab Emirates",AE,AE03,25.2522,55.28,-782831,5,"Karnataka, Karnataka, India",IN,IN19,13.5,76,-2099860,20250311,https://aninews.in/news/national/politics/ranya-rao-gold-smuggling-case-karnataka-cm-orders-probe-into-protocol-violations-role-of-ips-officer20250311124924/
1231354673,20250311,202503,2025,2025.1945,SPY,INTELLIGENCE,,,,,,SPY,,,ARE,DUBAI,ARE,,,,,,,,1,173,173,17,4,-5.0,8,3,8,-1.13243259120569,4,"Dubai, Dubayy, United Arab Emirates",AE,AE03,25.2522,55.28,-782831,5,"Karnataka, Karnataka, India",IN,IN19,13.5,76,-2099860,4,"Dubai, Dubayy, United Arab Emirates",AE,AE03,25.2522,55.28,-782831,20250311,https://aninews.in/news/national/politics/ranya-rao-gold-smuggling-case-karnataka-cm-orders-probe-into-protocol-violations-role-of-ips-officer20250311124924/
1231355856,20240311,202403,2024,2024.1945,,,,,,,,,,,BUS,COMPANY,,,,,,BUS,,,1,042,042,04,1,1.9,5,1,5,4.02930402930403,0,,,,,,,4,"Gradina, , Serbia",RI,RI00,43.0025,22.8031,-82127,4,"Gradina, , Serbia",RI,RI00,43.0025,22.8031,-82127,20250311,https://thewest.com.au/business/bulls-n-bears/strickland-targets-serbian-gold-copper-with-50000m-drilling-program-c-18003630
1231355857,20240311,202403,2024,2024.1945,BUS,COMPANY,,,,,,BUS,,,,,,,,,,,,,1,043,043,04,1,2.8,5,1,5,4.02930402930403,4,"Rogozna, , Serbia",RI,RI00,43.0861,20.6358,-94537,0,,,,,,,4,"Rogozna, , Serbia",RI,RI00,43.0861,20.6358,-94537,20250311,https://thewest.com.au/business/bulls-n-bears/strickland-targets-serbian-gold-copper-with-50000m-drilling-program-c-18003630
1231356028,20250311,202503,2025,2025.1945,,,,,,,,,,,SCGSRB,SERBIA,SRB,,,,,,,,1,042,042,04,1,1.9,3,1,3,4.02930402930403,0,,,,,,,4,"Rogozna, , Serbia",RI,RI00,43.0861,20.6358,-94537,4,"Rogozna, , Serbia",RI,RI00,43.0861,20.6358,-94537,20250311,https://thewest.com.au/business/bulls-n-bears/strickland-targets-serbian-gold-copper-with-50000m-drilling-program-c-18003630
1231356148,20250311,202503,2025,2025.1945,BUS,BUSINESS,,,,,,BUS,,,,,,,,,,,,,1,192,192,19,4,-9.5,9,3,9,-2.77617305346941,1,Ghana,GH,GH,8,-2,GH,0,,,,,,,1,Ghana,GH,GH,8,-2,GH,20250311,https://www.smh.com.au/national/surf-s-up-but-all-s-not-swell-on-gold-coast-as-beaches-swept-away-20250311-p5liqz.html
1231356325,20250311,202503,2025,2025.1945,CVL,SCIENTIST,,,,,,CVL,,,,,,,,,,,,,1,010,010,01,1,0.0,20,2,20,-1.71676918189956,4,"Madre De Dios, Piura, Peru",PE,PE20,-4.58361,-80.4683,-353796,0,,,,,,,4,"Madre De Dios, Piura, Peru",PE,PE20,-4.58361,-80.4683,-353796,20250311,https://www.miragenews.com/gold-mining-ravages-peruvian-peatlands-in-2-1423439/
1231356489,20250311,202503,2025,2025.1945,GHA,GHANA,GHA,,,,,,,,,,,,,,,,,,1,192,192,19,4,-9.5,6,3,6,-2.77617305346941,1,Ghana,GH,GH,8,-2,GH,0,,,,,,,1,Ghana,GH,GH,8,-2,GH,20250311,https://www.smh.com.au/national/surf-s-up-but-all-s-not-swell-on-gold-coast-as-beaches-swept-away-20250311-p5liqz.html
1231357246,20250311,202503,2025,2025.1945,SCGSRB,SERBIA,SRB,,,,,,,,,,,,,,,,,,1,043,043,04,1,2.8,3,1,3,4.02930402930403,4,"Rogozna, , Serbia",RI,RI00,43.0861,20.6358,-94537,0,,,,,,,4,"Rogozna, , Serbia",RI,RI00,43.0861,20.6358,-94537,20250311,https://thewest.com.au/business/bulls-n-bears/strickland-targets-serbian-gold-copper-with-50000m-drilling-program-c-18003630
1231357265,20250311,202503,2025,2025.1945,SPY,INTELLIGENCE,,,,,,SPY,,,ARE,DUBAI,ARE,,,,,,,,1,172,172,17,4,-5.0,30,3,30,-0.905683600741887,0,,,,,,,0,,,,,,,0,,,,,,,20250311,https://timesofindia.indiatimes.com/entertainment/kannada/movies/news/karnataka-launches-probe-into-ranya-raos-vip-privileges-in-rs-12-crore-gold-smuggling-case/articleshow/118879769.cms
1231357270,20250311,202503,2025,2025.1945,SPY,INTELLIGENCE,,,,,,SPY,,,INDGOV,KARNATAKA,IND,,,,,GOV,,,1,173,173,17,4,-5.0,10,1,10,-1.58227848101266,0,,,,,,,0,,,,,,,0,,,,,,,20250311,https://timesofindia.indiatimes.com/entertainment/kannada/movies/news/karnataka-launches-probe-into-ranya-raos-vip-privileges-in-rs-12-crore-gold-smuggling-case/articleshow/118879769.cms
1231358751,20250311,202503,2025,2025.1945,,,,,,,,,,,GOV,AUTHORITIES,,,,,,GOV,,,0,057,057,05,1,8.0,6,1,6,-5.82329317269076,0,,,,,,,4,"Bengaluru, Karnataka, India",IN,IN19,12.9833,77.5833,-2090174,4,"Bengaluru, Karnataka, India",IN,IN19,12.9833,77.5833,-2090174,20250311,https://www.freepressjournal.in/india/ranya-rao-gold-smuggling-case-karnataka-government-orders-probe-into-airport-protocol-breach-bengaluru-hoteliers-grandson-arrested-latest-updates
1231358752,20250311,202503,2025,2025.1945,,,,,,,,,,,GOV,AUTHORITIES,,,,,,GOV,,,0,057,057,05,1,8.0,4,1,4,-5.82329317269076,0,,,,,,,5,"Karnataka, Karnataka, India",IN,IN19,13.5,76,-2099860,5,"Karnataka, Karnataka, India",IN,IN19,13.5,76,-2099860,20250311,https://www.freepressjournal.in/india/ranya-rao-gold-smuggling-case-karnataka-government-orders-probe-into-airport-protocol-breach-bengaluru-hoteliers-grandson-arrested-latest-updates
1231358803,20250311,202503,2025,2025.1945,,,,,,,,,,,SPY,INTELLIGENCE,,,,,,SPY,,,1,173,173,17,4,-5.0,10,1,10,-5.82329317269076,0,,,,,,,4,"Bengaluru, Karnataka, India",IN,IN19,12.9833,77.5833,-2090174,4,"Bengaluru, Karnataka, India",IN,IN19,12.9833,77.5833,-2090174,20250311,https://www.freepressjournal.in/india/ranya-rao-gold-smuggling-case-karnataka-government-orders-probe-into-airport-protocol-breach-bengaluru-hoteliers-grandson-arrested-latest-updates
1231358862,20250311,202503,2025,2025.1945,ARE,DUBAI,ARE,,,,,,,,MED,MEDIA,,,,,,MED,,,0,173,173,17,4,-5.0,2,1,2,-1.79028132992327,5,"Karnataka, Karnataka, India",IN,IN19,13.5,76,-2099860,4,"Dubai, Dubayy, United Arab Emirates",AE,AE03,25.2522,55.28,-782831,5,"Karnataka, Karnataka, India",IN,IN19,13.5,76,-2099860,20250311,https://www.thehindu.com/news/national/karnataka/ranya-rao-gold-smuggling-case-karnataka-government-orders-probe-into-role-of-dgp-ramachandra-rao-misuse-of-protocol-by-actress-at-bengaluru-airport/article69316348.ece
1231358863,20250311,202503,2025,2025.1945,ARE,DUBAI,ARE,,,,,,,,MED,MEDIA,,,,,,MED,,,0,173,173,17,4,-5.0,2,1,2,-1.79028132992327,4,"Dubai, Dubayy, United Arab Emirates",AE,AE03,25.2522,55.28,-782831,5,"Karnataka, Karnataka, India",IN,IN19,13.5,76,-2099860,5,"Karnataka, Karnataka, India",IN,IN19,13.5,76,-2099860,20250311,https://www.thehindu.com/news/national/karnataka/ranya-rao-gold-smuggling-case-karnataka-government-orders-probe-into-role-of-dgp-ramachandra-rao-misuse-of-protocol-by-actress-at-bengaluru-airport/article69316348.ece
1231358864,20250311,202503,2025,2025.1945,ARE,DUBAI,ARE,,,,,,,,MED,MEDIA,,,,,,MED,,,0,173,173,17,4,-5.0,6,1,6,-1.79028132992327,4,"Dubai, Dubayy, United Arab Emirates",AE,AE03,25.2522,55.28,-782831,4,"Dubai, Dubayy, United Arab Emirates",AE,AE03,25.2522,55.28,-782831,4,"Dubai, Dubayy, United Arab Emirates",AE,AE03,25.2522,55.28,-782831,20250311,https://www.thehindu.com/news/national/karnataka/ranya-rao-gold-smuggling-case-karnataka-government-orders-probe-into-role-of-dgp-ramachandra-rao-misuse-of-protocol-by-actress-at-bengaluru-airport/article69316348.ece
1231359157,20250311,202503,2025,2025.1945,ELI,ACTOR,,,,,,ELI,,,SPY,INTELLIGENCE,,,,,,SPY,,,1,173,173,17,4,-5.0,4,1,4,-1.79028132992327,5,"Karnataka, Karnataka, India",IN,IN19,13.5,76,-2099860,5,"Karnataka, Karnataka, India",IN,IN19,13.5,76,-2099860,5,"Karnataka, Karnataka, India",IN,IN19,13.5,76,-2099860,20250311,https://www.thehindu.com/news/national/karnataka/ranya-rao-gold-smuggling-case-karnataka-government-orders-probe-into-role-of-dgp-ramachandra-rao-misuse-of-protocol-by-actress-at-bengaluru-airport/article69316348.ece
1231359243,20250311,202503,2025,2025.1945,GOV,AUTHORITIES,,,,,,GOV,,,,,,,,,,,,,0,057,057,05,1,8.0,6,1,6,-5.82329317269076,4,"Bengaluru, Karnataka, India",IN,IN19,12.9833,77.5833,-2090174,0,,,,,,,4,"Bengaluru, Karnataka, India",IN,IN19,12.9833,77.5833,-2090174,20250311,https://www.freepressjournal.in/india/ranya-rao-gold-smuggling-case-karnataka-government-orders-probe-into-airport-protocol-breach-bengaluru-hoteliers-grandson-arrested-latest-updates
1231359244,20250311,202503,2025,2025.1945,GOV,AUTHORITIES,,,,,,GOV,,,,,,,,,,,,,0,057,057,05,1,8.0,4,1,4,-5.82329317269076,5,"Karnataka, Karnataka, India",IN,IN19,13.5,76,-2099860,0,,,,,,,5,"Karnataka, Karnataka, India",IN,IN19,13.5,76,-2099860,20250311,https://www.freepressjournal.in/india/ranya-rao-gold-smuggling-case-karnataka-government-orders-probe-into-airport-protocol-breach-bengaluru-hoteliers-grandson-arrested-latest-updates
1231359269,20250311,202503,2025,2025.1945,GOV,GOVERNMENT,,,,,,GOV,,,CRM,CRIMINAL,,,,,,CRM,,,1,1014,101,10,3,-5.0,13,1,13,-2.34968611950709,4,"Bengaluru, Karnataka, India",IN,IN19,12.9833,77.5833,-2090174,4,"Bengaluru, Karnataka, India",IN,IN19,12.9833,77.5833,-2090174,4,"Bengaluru, Karnataka, India",IN,IN19,12.9833,77.5833,-2090174,20250311,https://www.thehindu.com/news/national/karnataka/ranya-rao-gold-smuggling-case-karnataka-government-orders-probe-into-role-of-dgp-ramachandra-rao-misuse-of-protocol-by-actress-at-bengaluru-airport/article69316348.ece
1231359270,20250311,202503,2025,2025.1945,GOV,GOVERNMENT,,,,,,GOV,,,CRM,CRIMINAL,,,,,,CRM,,,1,1014,101,10,3,-5.0,17,3,17,-2.76314931504881,5,"Karnataka, Karnataka, India",IN,IN19,13.5,76,-2099860,5,"Karnataka, Karnataka, India",IN,IN19,13.5,76,-2099860,5,"Karnataka, Karnataka, India",IN,IN19,13.5,76,-2099860,20250311,https://www.thehindu.com/news/national/karnataka/ranya-rao-gold-smuggling-case-karnataka-government-orders-probe-into-role-of-dgp-ramachandra-rao-misuse-of-protocol-by-actress-at-bengaluru-airport/article69316348.ece
1231359312,20250311,202503,2025,2025.1945,GOV,CHIEF MINISTER,,,,,,GOV,,,MED,MEDIA,,,,,,MED,,,1,010,010,01,1,0.0,16,4,16,-1.06718117408907,4,"Bengaluru, Karnataka, India",IN,IN19,12.9833,77.5833,-2090174,4,"Bengaluru, Karnataka, India",IN,IN19,12.9833,77.5833,-2090174,4,"Bengaluru, Karnataka, India",IN,IN19,12.9833,77.5833,-2090174,20250311,https://www.dailyexcelsior.com/karnataka-govt-orders-probe-against-dgp-rank-officer-ramachandra-rao-in-gold-smuggling-case/
1231359313,20250311,202503,2025,2025.1945,GOV,CHIEF MINISTER,,,,,,GOV,,,MED,MEDIA,,,,,,MED,,,1,010,010,01,1,0.0,6,3,6,-0.470527279737807,4,"Bengaluru, Karnataka, India",IN,IN19,12.9833,77.5833,-2090174,5,"Karnataka, Karnataka, India",IN,IN19,13.5,76,-2099860,4,"Bengaluru, Karnataka, India",IN,IN19,12.9833,77.5833,-2090174,20250311,https://www.dailyexcelsior.com/karnataka-govt-orders-probe-against-dgp-rank-officer-ramachandra-rao-in-gold-smuggling-case/
1231359314,20250311,202503,2025,2025.1945,GOV,CHIEF MINISTER,,,,,,GOV,,,MED,MEDIA,,,,,,MED,,,1,010,010,01,1,0.0,45,7,45,-0.181727694839764,5,"Karnataka, Karnataka, India",IN,IN19,13.5,76,-2099860,5,"Karnataka, Karnataka, India",IN,IN19,13.5,76,-2099860,5,"Karnataka, Karnataka, India",IN,IN19,13.5,76,-2099860,20250311,https://www.dailyexcelsior.com/karnataka-govt-orders-probe-against-dgp-rank-officer-ramachandra-rao-in-gold-smuggling-case/
1231359627,20250311,202503,2025,2025.1945,MED,MEDIA,,,,,,MED,,,ARE,DUBAI,ARE,,,,,,,,0,172,172,17,4,-5.0,4,2,4,-3.39514066496164,5,"Karnataka, Karnataka, India",IN,IN19,13.5,76,-2099860,4,"Dubai, Dubayy, United Arab Emirates",AE,AE03,25.2522,55.28,-782831,4,"Dubai, Dubayy, United Arab Emirates",AE,AE03,25.2522,55.28,-782831,20250311,https://www.thehindu.com/news/national/karnataka/ranya-rao-gold-smuggling-case-karnataka-government-orders-probe-into-role-of-dgp-ramachandra-rao-misuse-of-protocol-by-actress-at-bengaluru-airport/article69316348.ece
1231359628,20250311,202503,2025,2025.1945,MED,MEDIA,,,,,,MED,,,ARE,DUBAI,ARE,,,,,,,,0,172,172,17,4,-5.0,2,1,2,-1.79028132992327,4,"Dubai, Dubayy, United Arab Emirates",AE,AE03,25.2522,55.28,-782831,5,"Karnataka, Karnataka, India",IN,IN19,13.5,76,-2099860,5,"Karnataka, Karnataka, India",IN,IN19,13.5,76,-2099860,20250311,https://www.thehindu.com/news/national/karnataka/ranya-rao-gold-smuggling-case-karnataka-government-orders-probe-into-role-of-dgp-ramachandra-rao-misuse-of-protocol-by-actress-at-bengaluru-airport/article69316348.ece
1231359629,20250311,202503,2025,2025.1945,MED,MEDIA,,,,,,MED,,,ARE,DUBAI,ARE,,,,,,,,0,172,172,17,4,-5.0,12,2,12,-3.39514066496164,4,"Dubai, Dubayy, United Arab Emirates",AE,AE03,25.2522,55.28,-782831,4,"Dubai, Dubayy, United Arab Emirates",AE,AE03,25.2522,55.28,-782831,4,"Dubai, Dubayy, United Arab Emirates",AE,AE03,25.2522,55.28,-782831,20250311,https://www.thehindu.com/news/national/karnataka/ranya-rao-gold-smuggling-case-karnataka-government-orders-probe-into-role-of-dgp-ramachandra-rao-misuse-of-protocol-by-actress-at-bengaluru-airport/article69316348.ece
1231359867,20250311,202503,2025,2025.1945,SPY,INTELLIGENCE,,,,,,SPY,,,,,,,,,,,,,1,172,172,17,4,-5.0,3,1,3,-1.79028132992327,4,"Dubai, Dubayy, United Arab Emirates",AE,AE03,25.2522,55.28,-782831,0,,,,,,,4,"Dubai, Dubayy, United Arab Emirates",AE,AE03,25.2522,55.28,-782831,20250311,https://www.thehindu.com/news/national/karnataka/ranya-rao-gold-smuggling-case-karnataka-government-orders-probe-into-role-of-dgp-ramachandra-rao-misuse-of-protocol-by-actress-at-bengaluru-airport/article69316348.ece
1231359868,20250311,202503,2025,2025.1945,SPY,INTELLIGENCE,,,,,,SPY,,,ARE,UNITED ARAB EMIRATES,ARE,,,,,,,,1,172,172,17,4,-5.0,2,1,2,-1.79028132992327,5,"Karnataka, Karnataka, India",IN,IN19,13.5,76,-2099860,4,"Dubai, Dubayy, United Arab Emirates",AE,AE03,25.2522,55.28,-782831,4,"Dubai, Dubayy, United Arab Emirates",AE,AE03,25.2522,55.28,-782831,20250311,https://www.thehindu.com/news/national/karnataka/ranya-rao-gold-smuggling-case-karnataka-government-orders-probe-into-role-of-dgp-ramachandra-rao-misuse-of-protocol-by-actress-at-bengaluru-airport/article69316348.ece
1231359869,20250311,202503,2025,2025.1945,SPY,INTELLIGENCE,,,,,,SPY,,,ARE,DUBAI,ARE,,,,,,,,1,172,172,17,4,-5.0,5,1,5,-1.79028132992327,4,"Dubai, Dubayy, United Arab Emirates",AE,AE03,25.2522,55.28,-782831,4,"Dubai, Dubayy, United Arab Emirates",AE,AE03,25.2522,55.28,-782831,4,"Dubai, Dubayy, United Arab Emirates",AE,AE03,25.2522,55.28,-782831,20250311,https://www.thehindu.com/news/national/karnataka/ranya-rao-gold-smuggling-case-karnataka-government-orders-probe-into-role-of-dgp-ramachandra-rao-misuse-of-protocol-by-actress-at-bengaluru-airport/article69316348.ece
1231360231,20250311,202503,2025,2025.1945,kan,KANNADA,,,kan,,,,,,ELI,ACTOR,,,,,,ELI,,,1,173,173,17,4,-5.0,6,1,6,-1.79028132992327,4,"Dubai, Dubayy, United Arab Emirates",AE,AE03,25.2522,55.28,-782831,4,"Dubai, Dubayy, United Arab Emirates",AE,AE03,25.2522,55.28,-782831,4,"Dubai, Dubayy, United Arab Emirates",AE,AE03,25.2522,55.28,-782831,20250311,https://www.thehindu.com/news/national/karnataka/ranya-rao-gold-smuggling-case-karnataka-government-orders-probe-into-role-of-dgp-ramachandra-rao-misuse-of-protocol-by-actress-at-bengaluru-airport/article69316348.ece
1231361246,20250304,202503,2025,2025.1753,ELI,ACTOR,,,,,,ELI,,,,,,,,,,,,,1,090,090,09,2,-2.0,10,1,10,-3.72960372960373,4,"Bengaluru, Karnataka, India",IN,IN19,12.9833,77.5833,-2090174,0,,,,,,,4,"Bengaluru, Karnataka, India",IN,IN19,12.9833,77.5833,-2090174,20250311,https://www.ndtv.com/india-news/actor-ranya-raos-friend-tarun-konduraju-who-went-to-dubai-with-her-arrested-in-gold-case-7898102
1231361261,20250311,202503,2025,2025.1945,,,,,,,,,,,ARE,UNITED ARAB EMIRATES,ARE,,,,,,,,1,010,010,01,1,0.0,22,8,22,-2.46810281000289,0,,,,,,,4,"Dubai, Dubayy, United Arab Emirates",AE,AE03,25.2522,55.28,-782831,4,"Dubai, Dubayy, United Arab Emirates",AE,AE03,25.2522,55.28,-782831,20250311,https://www.ndtv.com/india-news/actor-ranya-raos-friend-tarun-konduraju-who-went-to-dubai-with-her-arrested-in-gold-case-7898102
1231361341,20250311,202503,2025,2025.1945,ARE,UNITED ARAB EMIRATES,ARE,,,,,,,,,,,,,,,,,,1,172,172,17,4,-5.0,1,1,1,-3.72960372960373,5,"Karnataka, Karnataka, India",IN,IN19,13.5,76,-2099860,0,,,,,,,5,"Karnataka, Karnataka, India",IN,IN19,13.5,76,-2099860,20250311,https://www.ndtv.com/india-news/actor-ranya-raos-friend-tarun-konduraju-who-went-to-dubai-with-her-arrested-in-gold-case-7898102
1231361342,20250311,202503,2025,2025.1945,ARE,UNITED ARAB EMIRATES,ARE,,,,,,,,,,,,,,,,,,1,172,172,17,4,-5.0,1,1,1,-3.72960372960373,5,"Karnataka, Karnataka, India",IN,IN19,13.5,76,-2099860,0,,,,,,,4,"Dubai, Dubayy, United Arab Emirates",AE,AE03,25.2522,55.28,-782831,20250311,https://www.ndtv.com/india-news/actor-ranya-raos-friend-tarun-konduraju-who-went-to-dubai-with-her-arrested-in-gold-case-7898102
1231361343,20250311,202503,2025,2025.1945,ARE,DUBAI,ARE,,,,,,,,ELI,ACTOR,,,,,,ELI,,,0,043,043,04,1,2.8,2,1,2,-3.72960372960373,5,"Karnataka, Karnataka, India",IN,IN19,13.5,76,-2099860,5,"Karnataka, Karnataka, India",IN,IN19,13.5,76,-2099860,5,"Karnataka, Karnataka, India",IN,IN19,13.5,76,-2099860,20250311,https://www.ndtv.com/india-news/actor-ranya-raos-friend-tarun-konduraju-who-went-to-dubai-with-her-arrested-in-gold-case-7898102
1231361344,20250311,202503,2025,2025.1945,ARE,DUBAI,ARE,,,,,,,,ELI,ACTOR,,,,,,ELI,,,0,043,043,04,1,2.8,8,1,8,-3.72960372960373,4,"Dubai, Dubayy, United Arab Emirates",AE,AE03,25.2522,55.28,-782831,4,"Dubai, Dubayy, United Arab Emirates",AE,AE03,25.2522,55.28,-782831,4,"Dubai, Dubayy, United Arab Emirates",AE,AE03,25.2522,55.28,-782831,20250311,https://www.ndtv.com/india-news/actor-ranya-raos-friend-tarun-konduraju-who-went-to-dubai-with-her-arrested-in-gold-case-7898102
1231361345,20250311,202503,2025,2025.1945,ARE,UNITED ARAB EMIRATES,ARE,,,,,,,,SPY,INTELLIGENCE,,,,,,SPY,,,1,090,090,09,2,-2.0,1,1,1,-3.72960372960373,4,"Dubai, Dubayy, United Arab Emirates",AE,AE03,25.2522,55.28,-782831,4,"Bengaluru, Karnataka, India",IN,IN19,12.9833,77.5833,-2090174,4,"Bengaluru, Karnataka, India",IN,IN19,12.9833,77.5833,-2090174,20250311,https://www.ndtv.com/india-news/actor-ranya-raos-friend-tarun-konduraju-who-went-to-dubai-with-her-arrested-in-gold-case-7898102
1231361346,20250311,202503,2025,2025.1945,ARE,DUBAI,ARE,,,,,,,,SPY,INTELLIGENCE,,,,,,SPY,,,1,090,090,09,2,-2.0,2,1,2,-3.72960372960373,4,"Dubai, Dubayy, United Arab Emirates",AE,AE03,25.2522,55.28,-782831,4,"Dubai, Dubayy, United Arab Emirates",AE,AE03,25.2522,55.28,-782831,4,"Bengaluru, Karnataka, India",IN,IN19,12.9833,77.5833,-2090174,20250311,https://www.ndtv.com/india-news/actor-ranya-raos-friend-tarun-konduraju-who-went-to-dubai-with-her-arrested-in-gold-case-7898102
1231361347,20250311,202503,2025,2025.1945,AREELI,UNITED ARAB EMIRATES,ARE,,,,,ELI,,,SPY,INTELLIGENCE,,,,,,SPY,,,1,090,090,09,2,-2.0,2,1,2,-3.72960372960373,4,"Dubai, Dubayy, United Arab Emirates",AE,AE03,25.2522,55.28,-782831,4,"Bengaluru, Karnataka, India",IN,IN19,12.9833,77.5833,-2090174,4,"Bengaluru, Karnataka, India",IN,IN19,12.9833,77.5833,-2090174,20250311,https://www.ndtv.com/india-news/actor-ranya-raos-friend-tarun-konduraju-who-went-to-dubai-with-her-arrested-in-gold-case-7898102
1231361454,20250311,202503,2025,2025.1945,COP,POLICE,,,,,,COP,,,ELI,ACTOR,,,,,,ELI,,,0,090,090,09,2,-2.0,4,1,4,-3.72960372960373,5,"Karnataka, Karnataka, India",IN,IN19,13.5,76,-2099860,5,"Karnataka, Karnataka, India",IN,IN19,13.5,76,-2099860,5,"Karnataka, Karnataka, India",IN,IN19,13.5,76,-2099860,20250311,https://www.ndtv.com/india-news/actor-ranya-raos-friend-tarun-konduraju-who-went-to-dubai-with-her-arrested-in-gold-case-7898102
1231361548,20250311,202503,2025,2025.1945,ELI,ACTOR,,,,,,ELI,,,,,,,,,,,,,0,172,172,17,4,-5.0,1,1,1,-3.72960372960373,5,"Karnataka, Karnataka, India",IN,IN19,13.5,76,-2099860,0,,,,,,,4,"Dubai, Dubayy, United Arab Emirates",AE,AE03,25.2522,55.28,-782831,20250311,https://www.ndtv.com/india-news/actor-ranya-raos-friend-tarun-konduraju-who-went-to-dubai-with-her-arrested-in-gold-case-7898102
1231361549,20250311,202503,2025,2025.1945,ELI,ACTOR,,,,,,ELI,,,,,,,,,,,,,1,172,172,17,4,-5.0,17,2,17,-2.16420306240666,4,"Dubai, Dubayy, United Arab Emirates",AE,AE03,25.2522,55.28,-782831,0,,,,,,,4,"Dubai, Dubayy, United Arab Emirates",AE,AE03,25.2522,55.28,-782831,20250311,https://www.ndtv.com/india-news/actor-ranya-raos-friend-tarun-konduraju-who-went-to-dubai-with-her-arrested-in-gold-case-7898102
1231361550,20250311,202503,2025,2025.1945,ELI,ACTOR,,,,,,ELI,,,ARE,DUBAI,ARE,,,,,,,,0,042,042,04,1,1.9,2,1,2,-3.72960372960373,5,"Karnataka, Karnataka, India",IN,IN19,13.5,76,-2099860,5,"Karnataka, Karnataka, India",IN,IN19,13.5,76,-2099860,5,"Karnataka, Karnataka, India",IN,IN19,13.5,76,-2099860,20250311,https://www.ndtv.com/india-news/actor-ranya-raos-friend-tarun-konduraju-who-went-to-dubai-with-her-arrested-in-gold-case-7898102
1231361551,20250311,202503,2025,2025.1945,ELI,ACTOR,,,,,,ELI,,,ARE,DUBAI,ARE,,,,,,,,0,042,042,04,1,1.9,8,1,8,-3.72960372960373,4,"Dubai, Dubayy, United Arab Emirates",AE,AE03,25.2522,55.28,-782831,4,"Dubai, Dubayy, United Arab Emirates",AE,AE03,25.2522,55.28,-782831,4,"Dubai, Dubayy, United Arab Emirates",AE,AE03,25.2522,55.28,-782831,20250311,https://www.ndtv.com/india-news/actor-ranya-raos-friend-tarun-konduraju-who-went-to-dubai-with-her-arrested-in-gold-case-7898102
1231361554,20250311,202503,2025,2025.1945,ELI,ACTOR,,,,,,ELI,,,SPY,INTELLIGENCE,,,,,,SPY,,,1,090,090,09,2,-2.0,1,1,1,-3.72960372960373,4,"Bengaluru, Karnataka, India",IN,IN19,12.9833,77.5833,-2090174,4,"Bengaluru, Karnataka, India",IN,IN19,12.9833,77.5833,-2090174,4,"Bengaluru, Karnataka, India",IN,IN19,12.9833,77.5833,-2090174,20250311,https://www.ndtv.com/india-news/actor-ranya-raos-friend-tarun-konduraju-who-went-to-dubai-with-her-arrested-in-gold-case-7898102
1231361555,20250311,202503,2025,2025.1945,ELI,ACTOR,,,,,,ELI,,,SPY,INTELLIGENCE,,,,,,SPY,,,1,090,090,09,2,-2.0,2,1,2,-3.72960372960373,4,"Bengaluru, Karnataka, India",IN,IN19,12.9833,77.5833,-2090174,4,"Dubai, Dubayy, United Arab Emirates",AE,AE03,25.2522,55.28,-782831,4,"Bengaluru, Karnataka, India",IN,IN19,12.9833,77.5833,-2090174,20250311,https://www.ndtv.com/india-news/actor-ranya-raos-friend-tarun-konduraju-who-went-to-dubai-with-her-arrested-in-gold-case-7898102
1231361556,20250311,202503,2025,2025.1945,ELI,ACTOR,,,,,,ELI,,,SPY,INTELLIGENCE,,,,,,SPY,,,1,090,090,09,2,-2.0,2,1,2,-3.72960372960373,4,"Dubai, Dubayy, United Arab Emirates",AE,AE03,25.2522,55.28,-782831,4,"Bengaluru, Karnataka, India",IN,IN19,12.9833,77.5833,-2090174,4,"Bengaluru, Karnataka, India",IN,IN19,12.9833,77.5833,-2090174,20250311,https://www.ndtv.com/india-news/actor-ranya-raos-friend-tarun-konduraju-who-went-to-dubai-with-her-arrested-in-gold-case-7898102
1231361698,20250311,202503,2025,2025.1945,GOV,GOVERNMENT,,,,,,GOV,,,COP,POLICE PERSONNEL,,,,,,COP,,,1,1014,101,10,3,-5.0,4,1,4,-3.72960372960373,5,"Karnataka, Karnataka, India",IN,IN19,13.5,76,-2099860,5,"Karnataka, Karnataka, India",IN,IN19,13.5,76,-2099860,5,"Karnataka, Karnataka, India",IN,IN19,13.5,76,-2099860,20250311,https://www.ndtv.com/india-news/actor-ranya-raos-friend-tarun-konduraju-who-went-to-dubai-with-her-arrested-in-gold-case-7898102
1231361803,20250311,202503,2025,2025.1945,IND,NEW DELHI,IND,,,,,,,,,,,,,,,,,,1,111,111,11,3,-2.0,4,2,4,8.30903790087464,4,"Andheri, Maharashtra, India",IN,IN16,19.1167,72.8333,-2088871,0,,,,,,,4,"Andheri, Maharashtra, India",IN,IN16,19.1167,72.8333,-2088871,20250311,https://aninews.in/news/business/why-another-jewelry-brand-the-wite-amp-gold-story20250311135942/
1231361808,20250311,202503,2025,2025.1945,IND,KARNATAKA,IND,,,,,,,,COP,POLICE PERSONNEL,,,,,,COP,,,1,1014,101,10,3,-5.0,2,1,2,-3.72960372960373,5,"Karnataka, Karnataka, India",IN,IN19,13.5,76,-2099860,4,"Dubai, Dubayy, United Arab Emirates",AE,AE03,25.2522,55.28,-782831,5,"Karnataka, Karnataka, India",IN,IN19,13.5,76,-2099860,20250311,https://www.ndtv.com/india-news/actor-ranya-raos-friend-tarun-konduraju-who-went-to-dubai-with-her-arrested-in-gold-case-7898102
1231361809,20250311,202503,2025,2025.1945,IND,KARNATAKA,IND,,,,,,,,COP,POLICE PERSONNEL,,,,,,COP,,,1,1014,101,10,3,-5.0,3,2,3,-2.16420306240666,4,"Dubai, Dubayy, United Arab Emirates",AE,AE03,25.2522,55.28,-782831,4,"Dubai, Dubayy, United Arab Emirates",AE,AE03,25.2522,55.28,-782831,4,"Dubai, Dubayy, United Arab Emirates",AE,AE03,25.2522,55.28,-782831,20250311,https://www.ndtv.com/india-news/actor-ranya-raos-friend-tarun-konduraju-who-went-to-dubai-with-her-arrested-in-gold-case-7898102
1231361819,20250311,202503,2025,2025.1945,INDGOV,KARNATAKA,IND,,,,,GOV,,,COP,POLICE PERSONNEL,,,,,,COP,,,1,1014,101,10,3,-5.0,2,1,2,-3.72960372960373,5,"Karnataka, Karnataka, India",IN,IN19,13.5,76,-2099860,5,"Karnataka, Karnataka, India",IN,IN19,13.5,76,-2099860,5,"Karnataka, Karnataka, India",IN,IN19,13.5,76,-2099860,20250311,https://www.ndtv.com/india-news/actor-ranya-raos-friend-tarun-konduraju-who-went-to-dubai-with-her-arrested-in-gold-case-7898102
1231362146,20250311,202503,2025,2025.1945,SPY,INTELLIGENCE,,,,,,SPY,,,ARE,UNITED ARAB EMIRATES,ARE,,,,,,,,1,173,173,17,4,-5.0,1,1,1,-3.72960372960373,4,"Bengaluru, Karnataka, India",IN,IN19,12.9833,77.5833,-2090174,4,"Bengaluru, Karnataka, India",IN,IN19,12.9833,77.5833,-2090174,4,"Dubai, Dubayy, United Arab Emirates",AE,AE03,25.2522,55.28,-782831,20250311,https://www.ndtv.com/india-news/actor-ranya-raos-friend-tarun-konduraju-who-went-to-dubai-with-her-arrested-in-gold-case-7898102
1231362147,20250311,202503,2025,2025.1945,SPY,INTELLIGENCE,,,,,,SPY,,,ARE,UNITED ARAB EMIRATES,ARE,,,,,,,,1,173,173,17,4,-5.0,1,1,1,-3.72960372960373,4,"Bengaluru, Karnataka, India",IN,IN19,12.9833,77.5833,-2090174,4,"Dubai, Dubayy, United Arab Emirates",AE,AE03,25.2522,55.28,-782831,4,"Dubai, Dubayy, United Arab Emirates",AE,AE03,25.2522,55.28,-782831,20250311,https://www.ndtv.com/india-news/actor-ranya-raos-friend-tarun-konduraju-who-went-to-dubai-with-her-arrested-in-gold-case-7898102
1231362148,20250311,202503,2025,2025.1945,SPY,INTELLIGENCE,,,,,,SPY,,,ARE,UNITED ARAB EMIRATES,ARE,,,,,,,,1,173,173,17,4,-5.0,3,2,3,-2.79542792233148,4,"Dubai, Dubayy, United Arab Emirates",AE,AE03,25.2522,55.28,-782831,5,"Karnataka, Karnataka, India",IN,IN19,13.5,76,-2099860,5,"Karnataka, Karnataka, India",IN,IN19,13.5,76,-2099860,20250311,https://www.ndtv.com/india-news/actor-ranya-raos-friend-tarun-konduraju-who-went-to-dubai-with-her-arrested-in-gold-case-7898102
1231366042,20250311,202503,2025,2025.1945,,,,,,,,,,,BUS,COMPANY,,,,,,BUS,,,1,042,042,04,1,1.9,1,1,1,-2.25806451612904,0,,,,,,,4,"Bengaluru, Karnataka, India",IN,IN19,12.9833,77.5833,-2090174,4,"Tumakuru, Karnataka, India",IN,IN19,13.3422,77.1017,-2113532,20250311,https://timesofindia.indiatimes.com/city/bengaluru/is-she-an-industrialist-or-a-smuggler-congress-mla-arshad-on-ranya-raos-gold-smuggling-case/articleshow/118882502.cms
1231366044,20250311,202503,2025,2025.1945,,,,,,,,,,,BUS,COMPANY,,,,,,BUS,,,1,042,042,04,1,1.9,6,1,6,-2.25806451612904,0,,,,,,,4,"Tumakuru, Karnataka, India",IN,IN19,13.3422,77.1017,-2113532,4,"Tumakuru, Karnataka, India",IN,IN19,13.3422,77.1017,-2113532,20250311,https://timesofindia.indiatimes.com/city/bengaluru/is-she-an-industrialist-or-a-smuggler-congress-mla-arshad-on-ranya-raos-gold-smuggling-case/articleshow/118882502.cms
1231366140,20250311,202503,2025,2025.1945,ARE,UNITED ARAB EMIRATES,ARE,,,,,,,,SPY,INTELLIGENCE,,,,,,SPY,,,1,173,173,17,4,-5.0,2,1,2,-2.25806451612904,4,"Bengaluru, Karnataka, India",IN,IN19,12.9833,77.5833,-2090174,4,"Bengaluru, Karnataka, India",IN,IN19,12.9833,77.5833,-2090174,4,"Bengaluru, Karnataka, India",IN,IN19,12.9833,77.5833,-2090174,20250311,https://timesofindia.indiatimes.com/city/bengaluru/is-she-an-industrialist-or-a-smuggler-congress-mla-arshad-on-ranya-raos-gold-smuggling-case/articleshow/118882502.cms
1231366141,20250311,202503,2025,2025.1945,ARE,DUBAI,ARE,,,,,,,,SPY,INTELLIGENCE,,,,,,SPY,,,1,173,173,17,4,-5.0,8,1,8,-2.25806451612904,4,"Dubai, Dubayy, United Arab Emirates",AE,AE03,25.2522,55.28,-782831,4,"Bengaluru, Karnataka, India",IN,IN19,12.9833,77.5833,-2090174,4,"Bengaluru, Karnataka, India",IN,IN19,12.9833,77.5833,-2090174,20250311,https://timesofindia.indiatimes.com/city/bengaluru/is-she-an-industrialist-or-a-smuggler-congress-mla-arshad-on-ranya-raos-gold-smuggling-case/articleshow/118882502.cms
1231366175,20250311,202503,2025,2025.1945,BUS,COMPANY,,,,,,BUS,,,,,,,,,,,,,1,043,043,04,1,2.8,1,1,1,-2.25806451612904,4,"Bengaluru, Karnataka, India",IN,IN19,12.9833,77.5833,-2090174,0,,,,,,,4,"Bengaluru, Karnataka, India",IN,IN19,12.9833,77.5833,-2090174,20250311,https://timesofindia.indiatimes.com/city/bengaluru/is-she-an-industrialist-or-a-smuggler-congress-mla-arshad-on-ranya-raos-gold-smuggling-case/articleshow/118882502.cms
1231366176,20250311,202503,2025,2025.1945,BUS,COMPANY,,,,,,BUS,,,,,,,,,,,,,1,043,043,04,1,2.8,1,1,1,-2.25806451612904,4,"Bengaluru, Karnataka, India",IN,IN19,12.9833,77.5833,-2090174,0,,,,,,,4,"Tumakuru, Karnataka, India",IN,IN19,13.3422,77.1017,-2113532,20250311,https://timesofindia.indiatimes.com/city/bengaluru/is-she-an-industrialist-or-a-smuggler-congress-mla-arshad-on-ranya-raos-gold-smuggling-case/articleshow/118882502.cms
1231366178,20250311,202503,2025,2025.1945,BUS,COMPANY,,,,,,BUS,,,,,,,,,,,,,1,043,043,04,1,2.8,6,1,6,-2.25806451612904,4,"Tumakuru, Karnataka, India",IN,IN19,13.3422,77.1017,-2113532,0,,,,,,,4,"Tumakuru, Karnataka, India",IN,IN19,13.3422,77.1017,-2113532,20250311,https://timesofindia.indiatimes.com/city/bengaluru/is-she-an-industrialist-or-a-smuggler-congress-mla-arshad-on-ranya-raos-gold-smuggling-case/articleshow/118882502.cms
1231366203,20250311,202503,2025,2025.1945,BUS,COMPANY,,,,,,BUS,,,IND,NEW DELHI,IND,,,,,,,,1,043,043,04,1,2.8,2,1,2,-2.25806451612904,4,"Bengaluru, Karnataka, India",IN,IN19,12.9833,77.5833,-2090174,4,"Bengaluru, Karnataka, India",IN,IN19,12.9833,77.5833,-2090174,4,"Bengaluru, Karnataka, India",IN,IN19,12.9833,77.5833,-2090174,20250311,https://timesofindia.indiatimes.com/city/bengaluru/is-she-an-industrialist-or-a-smuggler-congress-mla-arshad-on-ranya-raos-gold-smuggling-case/articleshow/118882502.cms
1231366204,20250311,202503,2025,2025.1945,BUS,COMPANY,,,,,,BUS,,,IND,NEW DELHI,IND,,,,,,,,1,043,043,04,1,2.8,2,1,2,-2.25806451612904,4,"Bengaluru, Karnataka, India",IN,IN19,12.9833,77.5833,-2090174,4,"Bengaluru, Karnataka, India",IN,IN19,12.9833,77.5833,-2090174,4,"Tumakuru, Karnataka, India",IN,IN19,13.3422,77.1017,-2113532,20250311,https://timesofindia.indiatimes.com/city/bengaluru/is-she-an-industrialist-or-a-smuggler-congress-mla-arshad-on-ranya-raos-gold-smuggling-case/articleshow/118882502.cms
1231366205,20250311,202503,2025,2025.1945,BUS,COMPANY,,,,,,BUS,,,IND,NEW DELHI,IND,,,,,,,,1,043,043,04,1,2.8,6,1,6,-2.25806451612904,4,"Tumakuru, Karnataka, India",IN,IN19,13.3422,77.1017,-2113532,4,"Bengaluru, Karnataka, India",IN,IN19,12.9833,77.5833,-2090174,4,"Tumakuru, Karnataka, India",IN,IN19,13.3422,77.1017,-2113532,20250311,https://timesofindia.indiatimes.com/city/bengaluru/is-she-an-industrialist-or-a-smuggler-congress-mla-arshad-on-ranya-raos-gold-smuggling-case/articleshow/118882502.cms
1231366401,20250311,202503,2025,2025.1945,GOV,GOVERNMENT,,,,,,GOV,,,,,,,,,,,,,1,016,016,01,1,-2.0,20,2,20,-2.04768989172659,4,"Bengaluru, Karnataka, India",IN,IN19,12.9833,77.5833,-2090174,0,,,,,,,4,"Bengaluru, Karnataka, India",IN,IN19,12.9833,77.5833,-2090174,20250311,https://www.dnaindia.com/india/report-ranya-rao-gold-smuggling-case-karnataka-dy-cm-shivakumar-denies-minister-involvement-terms-reports-as-3138090
1231366429,20250311,202503,2025,2025.1945,GOV,GOVERNMENT,,,,,,GOV,,,COP,POLICE,,,,,,COP,,,1,090,090,09,2,-2.0,4,1,4,-0.25839793281654,5,"Karnataka, Karnataka, India",IN,IN19,13.5,76,-2099860,5,"Karnataka, Karnataka, India",IN,IN19,13.5,76,-2099860,5,"Karnataka, Karnataka, India",IN,IN19,13.5,76,-2099860,20250311,https://www.moneycontrol.com/news/india/ranya-rao-s-father-dgp-ramachandra-to-be-probed-in-gold-smuggling-case-12961963.html
1231366503,20250311,202503,2025,2025.1945,IND,NEW DELHI,IND,,,,,,,,BUS,COMPANY,,,,,,BUS,,,1,042,042,04,1,1.9,2,1,2,-2.25806451612904,4,"Bengaluru, Karnataka, India",IN,IN19,12.9833,77.5833,-2090174,4,"Hampi, Karnataka, India",IN,IN19,15.3333,76.4667,-2097092,4,"Hampi, Karnataka, India",IN,IN19,15.3333,76.4667,-2097092,20250311,https://timesofindia.indiatimes.com/city/bengaluru/is-she-an-industrialist-or-a-smuggler-congress-mla-arshad-on-ranya-raos-gold-smuggling-case/articleshow/118882502.cms
1231366504,20250311,202503,2025,2025.1945,IND,NEW DELHI,IND,,,,,,,,BUS,COMPANY,,,,,,BUS,,,1,042,042,04,1,1.9,2,1,2,-2.25806451612904,4,"Hampi, Karnataka, India",IN,IN19,15.3333,76.4667,-2097092,4,"Hampi, Karnataka, India",IN,IN19,15.3333,76.4667,-2097092,4,"Hampi, Karnataka, India",IN,IN19,15.3333,76.4667,-2097092,20250311,https://timesofindia.indiatimes.com/city/bengaluru/is-she-an-industrialist-or-a-smuggler-congress-mla-arshad-on-ranya-raos-gold-smuggling-case/articleshow/118882502.cms
1231366505,20250311,202503,2025,2025.1945,IND,NEW DELHI,IND,,,,,,,,BUS,COMPANY,,,,,,BUS,,,1,042,042,04,1,1.9,6,1,6,-2.25806451612904,4,"Dubai, Dubayy, United Arab Emirates",AE,AE03,25.2522,55.28,-782831,4,"Hampi, Karnataka, India",IN,IN19,15.3333,76.4667,-2097092,4,"Hampi, Karnataka, India",IN,IN19,15.3333,76.4667,-2097092,20250311,https://timesofindia.indiatimes.com/city/bengaluru/is-she-an-industrialist-or-a-smuggler-congress-mla-arshad-on-ranya-raos-gold-smuggling-case/articleshow/118882502.cms
1231366506,20250311,202503,2025,2025.1945,IND,NEW DELHI,IND,,,,,,,,BUS,COMPANY,,,,,,BUS,,,1,173,173,17,4,-5.0,2,1,2,-2.25806451612904,4,"Bengaluru, Karnataka, India",IN,IN19,12.9833,77.5833,-2090174,4,"Bengaluru, Karnataka, India",IN,IN19,12.9833,77.5833,-2090174,4,"Bengaluru, Karnataka, India",IN,IN19,12.9833,77.5833,-2090174,20250311,https://timesofindia.indiatimes.com/city/bengaluru/is-she-an-industrialist-or-a-smuggler-congress-mla-arshad-on-ranya-raos-gold-smuggling-case/articleshow/118882502.cms
1231366507,20250311,202503,2025,2025.1945,IND,NEW DELHI,IND,,,,,,,,BUS,COMPANY,,,,,,BUS,,,1,173,173,17,4,-5.0,6,1,6,-2.25806451612904,4,"Bengaluru, Karnataka, India",IN,IN19,12.9833,77.5833,-2090174,4,"Tumakuru, Karnataka, India",IN,IN19,13.3422,77.1017,-2113532,4,"Tumakuru, Karnataka, India",IN,IN19,13.3422,77.1017,-2113532,20250311,https://timesofindia.indiatimes.com/city/bengaluru/is-she-an-industrialist-or-a-smuggler-congress-mla-arshad-on-ranya-raos-gold-smuggling-case/articleshow/118882502.cms
1231366528,20250311,202503,2025,2025.1945,INDGOV,KARNATAKA,IND,,,,,GOV,,,GOV,DIRECTOR GENERAL,,,,,,GOV,,,1,090,090,09,2,-2.0,4,2,4,-1.53106812528678,5,"Karnataka, Karnataka, India",IN,IN19,13.5,76,-2099860,5,"Karnataka, Karnataka, India",IN,IN19,13.5,76,-2099860,5,"Karnataka, Karnataka, India",IN,IN19,13.5,76,-2099860,20250311,https://www.moneycontrol.com/news/india/ranya-rao-s-father-dgp-ramachandra-to-be-probed-in-gold-smuggling-case-12961963.html
1231366793,20250311,202503,2025,2025.1945,SPY,INTELLIGENCE,,,,,,SPY,,,ARE,DUBAI,ARE,,,,,,,,0,172,172,17,4,-5.0,22,3,22,-1.75966744280698,4,"Bengaluru, Karnataka, India",IN,IN19,12.9833,77.5833,-2090174,4,"Bengaluru, Karnataka, India",IN,IN19,12.9833,77.5833,-2090174,4,"Bengaluru, Karnataka, India",IN,IN19,12.9833,77.5833,-2090174,20250311,https://www.moneycontrol.com/news/india/ranya-rao-s-father-dgp-ramachandra-to-be-probed-in-gold-smuggling-case-12961963.html
1231368099,20250311,202503,2025,2025.1945,ARE,UNITED ARAB EMIRATES,ARE,,,,,,,,EUR,EUROPE,EUR,,,,,,,,1,042,042,04,1,1.9,1,1,1,-1.60642570281124,4,"Bengaluru, Karnataka, India",IN,IN19,12.9833,77.5833,-2090174,4,"Dubai, Dubayy, United Arab Emirates",AE,AE03,25.2522,55.28,-782831,4,"Bengaluru, Karnataka, India",IN,IN19,12.9833,77.5833,-2090174,20250311,https://www.moneycontrol.com/news/india/ranya-rao-gold-smuggling-case-bengaluru-hotelier-s-grandson-arrested-over-links-to-kannada-actor-12962008.html
1231368100,20250311,202503,2025,2025.1945,ARE,UNITED ARAB EMIRATES,ARE,,,,,,,,EUR,EUROPE,EUR,,,,,,,,1,042,042,04,1,1.9,1,1,1,-1.60642570281124,4,"Dubai, Dubayy, United Arab Emirates",AE,AE03,25.2522,55.28,-782831,1,Saudi Arabia,SA,SA,25,45,SA,4,"Dubai, Dubayy, United Arab Emirates",AE,AE03,25.2522,55.28,-782831,20250311,https://www.moneycontrol.com/news/india/ranya-rao-gold-smuggling-case-bengaluru-hotelier-s-grandson-arrested-over-links-to-kannada-actor-12962008.html
1231368101,20250311,202503,2025,2025.1945,ARE,UNITED ARAB EMIRATES,ARE,,,,,,,,SAU,SAUDI ARABIA,SAU,,,,,,,,1,010,010,01,1,0.0,1,1,1,-1.60642570281124,4,"Bengaluru, Karnataka, India",IN,IN19,12.9833,77.5833,-2090174,4,"Dubai, Dubayy, United Arab Emirates",AE,AE03,25.2522,55.28,-782831,4,"Bengaluru, Karnataka, India",IN,IN19,12.9833,77.5833,-2090174,20250311,https://www.moneycontrol.com/news/india/ranya-rao-gold-smuggling-case-bengaluru-hotelier-s-grandson-arrested-over-links-to-kannada-actor-12962008.html
1231368102,20250311,202503,2025,2025.1945,ARE,UNITED ARAB EMIRATES,ARE,,,,,,,,SAU,SAUDI ARABIA,SAU,,,,,,,,1,010,010,01,1,0.0,1,1,1,-1.60642570281124,4,"Dubai, Dubayy, United Arab Emirates",AE,AE03,25.2522,55.28,-782831,1,Saudi Arabia,SA,SA,25,45,SA,4,"Dubai, Dubayy, United Arab Emirates",AE,AE03,25.2522,55.28,-782831,20250311,https://www.moneycontrol.com/news/india/ranya-rao-gold-smuggling-case-bengaluru-hotelier-s-grandson-arrested-over-links-to-kannada-actor-12962008.html
1231368103,20250311,202503,2025,2025.1945,ARE,UNITED ARAB EMIRATES,ARE,,,,,,,,SAU,SAUDI ARABIA,SAU,,,,,,,,1,042,042,04,1,1.9,1,1,1,-1.60642570281124,4,"Bengaluru, Karnataka, India",IN,IN19,12.9833,77.5833,-2090174,4,"Dubai, Dubayy, United Arab Emirates",AE,AE03,25.2522,55.28,-782831,4,"Bengaluru, Karnataka, India",IN,IN19,12.9833,77.5833,-2090174,20250311,https://www.moneycontrol.com/news/india/ranya-rao-gold-smuggling-case-bengaluru-hotelier-s-grandson-arrested-over-links-to-kannada-actor-12962008.html
1231368104,20250311,202503,2025,2025.1945,ARE,UNITED ARAB EMIRATES,ARE,,,,,,,,SAU,SAUDI ARABIA,SAU,,,,,,,,1,042,042,04,1,1.9,1,1,1,-1.60642570281124,4,"Dubai, Dubayy, United Arab Emirates",AE,AE03,25.2522,55.28,-782831,1,Saudi Arabia,SA,SA,25,45,SA,4,"Dubai, Dubayy, United Arab Emirates",AE,AE03,25.2522,55.28,-782831,20250311,https://www.moneycontrol.com/news/india/ranya-rao-gold-smuggling-case-bengaluru-hotelier-s-grandson-arrested-over-links-to-kannada-actor-12962008.html
1231368105,20250311,202503,2025,2025.1945,ARE,UNITED ARAB EMIRATES,ARE,,,,,,,,USA,UNITED STATES,USA,,,,,,,,1,042,042,04,1,1.9,1,1,1,-1.60642570281124,4,"Bengaluru, Karnataka, India",IN,IN19,12.9833,77.5833,-2090174,4,"Dubai, Dubayy, United Arab Emirates",AE,AE03,25.2522,55.28,-782831,4,"Bengaluru, Karnataka, India",IN,IN19,12.9833,77.5833,-2090174,20250311,https://www.moneycontrol.com/news/india/ranya-rao-gold-smuggling-case-bengaluru-hotelier-s-grandson-arrested-over-links-to-kannada-actor-12962008.html
1231368106,20250311,202503,2025,2025.1945,ARE,UNITED ARAB EMIRATES,ARE,,,,,,,,USA,UNITED STATES,USA,,,,,,,,1,042,042,04,1,1.9,1,1,1,-1.60642570281124,4,"Dubai, Dubayy, United Arab Emirates",AE,AE03,25.2522,55.28,-782831,1,United States,US,US,39.828175,-98.5795,US,4,"Dubai, Dubayy, United Arab Emirates",AE,AE03,25.2522,55.28,-782831,20250311,https://www.moneycontrol.com/news/india/ranya-rao-gold-smuggling-case-bengaluru-hotelier-s-grandson-arrested-over-links-to-kannada-actor-12962008.html
1231368385,20250311,202503,2025,2025.1945,EUR,EUROPE,EUR,,,,,,,,ARE,UNITED ARAB EMIRATES,ARE,,,,,,,,1,043,043,04,1,2.8,1,1,1,-1.60642570281124,4,"Dubai, Dubayy, United Arab Emirates",AE,AE03,25.2522,55.28,-782831,4,"Bengaluru, Karnataka, India",IN,IN19,12.9833,77.5833,-2090174,4,"Bengaluru, Karnataka, India",IN,IN19,12.9833,77.5833,-2090174,20250311,https://www.moneycontrol.com/news/india/ranya-rao-gold-smuggling-case-bengaluru-hotelier-s-grandson-arrested-over-links-to-kannada-actor-12962008.html
1231368386,20250311,202503,2025,2025.1945,EUR,EUROPE,EUR,,,,,,,,ARE,UNITED ARAB EMIRATES,ARE,,,,,,,,1,043,043,04,1,2.8,1,1,1,-1.60642570281124,1,Saudi Arabia,SA,SA,25,45,SA,4,"Dubai, Dubayy, United Arab Emirates",AE,AE03,25.2522,55.28,-782831,4,"Dubai, Dubayy, United Arab Emirates",AE,AE03,25.2522,55.28,-782831,20250311,https://www.moneycontrol.com/news/india/ranya-rao-gold-smuggling-case-bengaluru-hotelier-s-grandson-arrested-over-links-to-kannada-actor-12962008.html
1231369041,20250311,202503,2025,2025.1945,SAU,SAUDI ARABIA,SAU,,,,,,,,ARE,UNITED ARAB EMIRATES,ARE,,,,,,,,1,043,043,04,1,2.8,1,1,1,-1.60642570281124,4,"Dubai, Dubayy, United Arab Emirates",AE,AE03,25.2522,55.28,-782831,4,"Bengaluru, Karnataka, India",IN,IN19,12.9833,77.5833,-2090174,4,"Bengaluru, Karnataka, India",IN,IN19,12.9833,77.5833,-2090174,20250311,https://www.moneycontrol.com/news/india/ranya-rao-gold-smuggling-case-bengaluru-hotelier-s-grandson-arrested-over-links-to-kannada-actor-12962008.html
1231369042,20250311,202503,2025,2025.1945,SAU,SAUDI ARABIA,SAU,,,,,,,,ARE,UNITED ARAB EMIRATES,ARE,,,,,,,,1,043,043,04,1,2.8,1,1,1,-1.60642570281124,1,Saudi Arabia,SA,SA,25,45,SA,4,"Dubai, Dubayy, United Arab Emirates",AE,AE03,25.2522,55.28,-782831,4,"Dubai, Dubayy, United Arab Emirates",AE,AE03,25.2522,55.28,-782831,20250311,https://www.moneycontrol.com/news/india/ranya-rao-gold-smuggling-case-bengaluru-hotelier-s-grandson-arrested-over-links-to-kannada-actor-12962008.html
1231369253,20250311,202503,2025,2025.1945,USA,UNITED STATES,USA,,,,,,,,ARE,UNITED ARAB EMIRATES,ARE,,,,,,,,1,043,043,04,1,2.8,1,1,1,-1.60642570281124,4,"Dubai, Dubayy, United Arab Emirates",AE,AE03,25.2522,55.28,-782831,4,"Bengaluru, Karnataka, India",IN,IN19,12.9833,77.5833,-2090174,4,"Bengaluru, Karnataka, India",IN,IN19,12.9833,77.5833,-2090174,20250311,https://www.moneycontrol.com/news/india/ranya-rao-gold-smuggling-case-bengaluru-hotelier-s-grandson-arrested-over-links-to-kannada-actor-12962008.html
1231369254,20250311,202503,2025,2025.1945,USA,UNITED STATES,USA,,,,,,,,ARE,UNITED ARAB EMIRATES,ARE,,,,,,,,1,043,043,04,1,2.8,1,1,1,-1.60642570281124,1,United States,US,US,39.828175,-98.5795,US,4,"Dubai, Dubayy, United Arab Emirates",AE,AE03,25.2522,55.28,-782831,4,"Dubai, Dubayy, United Arab Emirates",AE,AE03,25.2522,55.28,-782831,20250311,https://www.moneycontrol.com/news/india/ranya-rao-gold-smuggling-case-bengaluru-hotelier-s-grandson-arrested-over-links-to-kannada-actor-12962008.html
1231369406,20250311,202503,2025,2025.1945,kanELI,KANNADA,,,kan,,,ELI,,,SPY,INTELLIGENCE,,,,,,SPY,,,1,173,173,17,4,-5.0,10,1,10,-1.60642570281124,4,"Dubai, Dubayy, United Arab Emirates",AE,AE03,25.2522,55.28,-782831,4,"Dubai, Dubayy, United Arab Emirates",AE,AE03,25.2522,55.28,-782831,4,"Dubai, Dubayy, United Arab Emirates",AE,AE03,25.2522,55.28,-782831,20250311,https://www.moneycontrol.com/news/india/ranya-rao-gold-smuggling-case-bengaluru-hotelier-s-grandson-arrested-over-links-to-kannada-actor-12962008.html
1231371108,20250311,202503,2025,2025.1945,ETH,ETHIOPIA,ETH,,,,,,,,,,,,,,,,,,1,030,030,03,1,4.0,12,2,12,4.09082093643559,1,Ethiopia,ET,ET,8,38,ET,0,,,,,,,1,Ethiopia,ET,ET,8,38,ET,20250311,https://www.proactiveinvestors.co.uk/companies/news/1067694/kefi-gold-and-copper-sees-key-project-financing-milestones-in-coming-weeks-1067694.html
1231374116,20250311,202503,2025,2025.1945,ELI,ACTOR,,,,,,ELI,,,,,,,,,,,,,1,090,090,09,2,-2.0,2,1,2,-5.24412296564195,4,"Dubai, Dubayy, United Arab Emirates",AE,AE03,25.2522,55.28,-782831,0,,,,,,,4,"Dubai, Dubayy, United Arab Emirates",AE,AE03,25.2522,55.28,-782831,20250311,https://timesofindia.indiatimes.com/city/bengaluru/ranya-rao-gold-smuggling-case-karnataka-govt-orders-probe-into-airport-protocol-violation-role-of-actors-dgp-father-under-scanner/articleshow/118877583.cms
1231374120,20250311,202503,2025,2025.1945,ELI,ACTOR,,,,,,ELI,,,kan,KANNADA,,,kan,,,,,,1,1014,101,10,3,-5.0,3,1,3,-5.24412296564195,4,"Dubai, Dubayy, United Arab Emirates",AE,AE03,25.2522,55.28,-782831,4,"Dubai, Dubayy, United Arab Emirates",AE,AE03,25.2522,55.28,-782831,4,"Dubai, Dubayy, United Arab Emirates",AE,AE03,25.2522,55.28,-782831,20250311,https://timesofindia.indiatimes.com/city/bengaluru/ranya-rao-gold-smuggling-case-karnataka-govt-orders-probe-into-airport-protocol-violation-role-of-actors-dgp-father-under-scanner/articleshow/118877583.cms
1231374387,20250311,202503,2025,2025.1945,GOV,GOVERNMENT,,,,,,GOV,,,INDGOV,KARNATAKA,IND,,,,,GOV,,,1,173,173,17,4,-5.0,2,1,2,-2.80373831775701,5,"Karnataka, Karnataka, India",IN,IN19,13.5,76,-2099860,5,"Karnataka, Karnataka, India",IN,IN19,13.5,76,-2099860,5,"Karnataka, Karnataka, India",IN,IN19,13.5,76,-2099860,20250311,https://theshillongtimes.com/2025/03/11/gold-smuggling-case-ktaka-govt-orders-probe-against-ranyas-father-dgp-ramachandra-rao/
1231374421,20250311,202503,2025,2025.1945,GOV,CHIEF MINISTER,,,,,,GOV,,,MED,MEDIA,,,,,,MED,,,1,010,010,01,1,0.0,4,2,4,-0.35709308807135,5,"Karnataka, Karnataka, India",IN,IN19,13.5,76,-2099860,4,"Bengaluru, Karnataka, India",IN,IN19,12.9833,77.5833,-2090174,4,"Bengaluru, Karnataka, India",IN,IN19,12.9833,77.5833,-2090174,20250311,https://www.rediff.com/news/report/was-ranya-raos-dgp-father-involved-in-gold-smuggling-ktaka-govt-orders-probe/20250311.htm
1231374422,20250311,202503,2025,2025.1945,GOV,CHIEF MINISTER,,,,,,GOV,,,MED,MEDIA,,,,,,MED,,,1,010,010,01,1,0.0,4,1,4,1.44927536231884,5,"Karnataka, Karnataka, India",IN,IN19,13.5,76,-2099860,4,"Bengaluru, Karnataka, India",IN,IN19,12.9833,77.5833,-2090174,5,"Karnataka, Karnataka, India",IN,IN19,13.5,76,-2099860,20250311,https://www.rediff.com/news/report/was-ranya-raos-dgp-father-involved-in-gold-smuggling-ktaka-govt-orders-probe/20250311.htm
1231374636,20250311,202503,2025,2025.1945,IND,KARNATAKA,IND,,,,,,,,ELI,ACTOR,,,,,,ELI,,,1,090,090,09,2,-2.0,1,1,1,-5.24412296564195,4,"Dubai, Dubayy, United Arab Emirates",AE,AE03,25.2522,55.28,-782831,4,"Dubai, Dubayy, United Arab Emirates",AE,AE03,25.2522,55.28,-782831,4,"Dubai, Dubayy, United Arab Emirates",AE,AE03,25.2522,55.28,-782831,20250311,https://timesofindia.indiatimes.com/city/bengaluru/ranya-rao-gold-smuggling-case-karnataka-govt-orders-probe-into-airport-protocol-violation-role-of-actors-dgp-father-under-scanner/articleshow/118877583.cms
1231374641,20250311,202503,2025,2025.1945,IND,KARNATAKA,IND,,,,,,,,GOV,GOVERNMENT,,,,,,GOV,,,1,090,090,09,2,-2.0,3,2,3,-2.52546466449648,4,"Bengaluru, Karnataka, India",IN,IN19,12.9833,77.5833,-2090174,4,"Bengaluru, Karnataka, India",IN,IN19,12.9833,77.5833,-2090174,4,"Bengaluru, Karnataka, India",IN,IN19,12.9833,77.5833,-2090174,20250311,https://theshillongtimes.com/2025/03/11/gold-smuggling-case-ktaka-govt-orders-probe-against-ranyas-father-dgp-ramachandra-rao/
1231374642,20250311,202503,2025,2025.1945,IND,KARNATAKA,IND,,,,,,,,GOV,GOVERNMENT,,,,,,GOV,,,1,090,090,09,2,-2.0,1,1,1,-2.80373831775701,4,"Bengaluru, Karnataka, India",IN,IN19,12.9833,77.5833,-2090174,5,"Karnataka, Karnataka, India",IN,IN19,13.5,76,-2099860,4,"Bengaluru, Karnataka, India",IN,IN19,12.9833,77.5833,-2090174,20250311,https://theshillongtimes.com/2025/03/11/gold-smuggling-case-ktaka-govt-orders-probe-against-ranyas-father-dgp-ramachandra-rao/
1231375894,20250311,202503,2025,2025.1945,kan,KANNADA,,,kan,,,,,,GOV,GOVERNMENT,,,,,,GOV,,,1,112,112,11,3,-2.0,10,1,8,-5.24412296564195,5,"Karnataka, Karnataka, India",IN,IN19,13.5,76,-2099860,5,"Karnataka, Karnataka, India",IN,IN19,13.5,76,-2099860,5,"Karnataka, Karnataka, India",IN,IN19,13.5,76,-2099860,20250311,https://timesofindia.indiatimes.com/city/bengaluru/ranya-rao-gold-smuggling-case-karnataka-govt-orders-probe-into-airport-protocol-violation-role-of-actors-dgp-father-under-scanner/articleshow/118877583.cms
1231375895,20250311,202503,2025,2025.1945,kan,KANNADA,,,kan,,,,,,INDGOV,KARNATAKA,IND,,,,,GOV,,,1,112,112,11,3,-2.0,3,1,2,-5.24412296564195,5,"Karnataka, Karnataka, India",IN,IN19,13.5,76,-2099860,5,"Karnataka, Karnataka, India",IN,IN19,13.5,76,-2099860,5,"Karnataka, Karnataka, India",IN,IN19,13.5,76,-2099860,20250311,https://timesofindia.indiatimes.com/city/bengaluru/ranya-rao-gold-smuggling-case-karnataka-govt-orders-probe-into-airport-protocol-violation-role-of-actors-dgp-father-under-scanner/articleshow/118877583.cms
1231377226,20250311,202503,2025,2025.1945,BUS,COMPANY,,,,,,BUS,,,,,,,,,,,,,1,020,020,02,1,3.0,16,1,10,3.86266094420601,4,"Perth, Western Australia, Australia",AS,AS08,-31.9333,115.833,-1594675,0,,,,,,,4,"Perth, Western Australia, Australia",AS,AS08,-31.9333,115.833,-1594675,20250311,https://www.goldseiten.de/artikel/650287--Hot-Chili-Announces-Board-Changes.html
1231377229,20250311,202503,2025,2025.1945,BUS,COMPANY,,,,,,BUS,,,,,,,,,,,,,0,043,043,04,1,2.8,2,1,2,1.09785202863962,4,"Vancouver, British Columbia, Canada",CA,CA02,49.25,-123.133,-575268,0,,,,,,,4,"Vancouver, British Columbia, Canada",CA,CA02,49.25,-123.133,-575268,20250311,https://www.goldseiten.de/artikel/650275--Tocvan-Core-Drilling-Returns-10.3-g~t-Gold-Over-9.7-meters-within-83.5-meters-of-1.3-g~t-Gold-Includes-60.6-g~t-Gold-Over-1.6-meters-Highest-Grade-Interv~.html
1231377240,20250311,202503,2025,2025.1945,BUS,COMPANY,,,,,,BUS,,,AUS,AUSTRALIA,AUS,,,,,,,,1,020,020,02,1,3.0,4,1,4,3.86266094420601,4,"Perth, Western Australia, Australia",AS,AS08,-31.9333,115.833,-1594675,4,"Perth, Western Australia, Australia",AS,AS08,-31.9333,115.833,-1594675,4,"Perth, Western Australia, Australia",AS,AS08,-31.9333,115.833,-1594675,20250311,https://www.goldseiten.de/artikel/650287--Hot-Chili-Announces-Board-Changes.html
1231377259,20250311,202503,2025,2025.1945,BUS,COMPANY,,,,,,BUS,,,MEX,MEXICO,MEX,,,,,,,,0,043,043,04,1,2.8,8,1,8,1.09785202863962,4,"Vancouver, British Columbia, Canada",CA,CA02,49.25,-123.133,-575268,4,"Vancouver, British Columbia, Canada",CA,CA02,49.25,-123.133,-575268,4,"Vancouver, British Columbia, Canada",CA,CA02,49.25,-123.133,-575268,20250311,https://www.goldseiten.de/artikel/650275--Tocvan-Core-Drilling-Returns-10.3-g~t-Gold-Over-9.7-meters-within-83.5-meters-of-1.3-g~t-Gold-Includes-60.6-g~t-Gold-Over-1.6-meters-Highest-Grade-Interv~.html
1231377270,20250311,202503,2025,2025.1945,CAN,CANADIAN,CAN,,,,,,,,,,,,,,,,,,0,084,084,08,2,7.0,22,4,22,2.06184164803774,4,"Vancouver, British Columbia, Canada",CA,CA02,49.25,-123.133,-575268,0,,,,,,,4,"Vancouver, British Columbia, Canada",CA,CA02,49.25,-123.133,-575268,20250311,https://www.goldseiten.de/artikel/650275--Tocvan-Core-Drilling-Returns-10.3-g~t-Gold-Over-9.7-meters-within-83.5-meters-of-1.3-g~t-Gold-Includes-60.6-g~t-Gold-Over-1.6-meters-Highest-Grade-Interv~.html
1231377276,20250311,202503,2025,2025.1945,CANBUS,CANADIAN,CAN,,,,,BUS,,,,,,,,,,,,,0,084,084,08,2,7.0,18,3,18,2.06606208809403,4,"Vancouver, British Columbia, Canada",CA,CA02,49.25,-123.133,-575268,0,,,,,,,4,"Vancouver, British Columbia, Canada",CA,CA02,49.25,-123.133,-575268,20250311,https://www.goldseiten.de/artikel/650275--Tocvan-Core-Drilling-Returns-10.3-g~t-Gold-Over-9.7-meters-within-83.5-meters-of-1.3-g~t-Gold-Includes-60.6-g~t-Gold-Over-1.6-meters-Highest-Grade-Interv~.html
1231379858,20250311,202503,2025,2025.1945,BUS,COMPANY,,,,,,BUS,,,,,,,,,,,,,0,020,020,02,1,3.0,2,1,2,1.03550295857989,4,"El Pilar, Chihuahua, Mexico",MX,MX06,28.1167,-108.6,-3851743,0,,,,,,,4,"El Pilar, Chihuahua, Mexico",MX,MX06,28.1167,-108.6,-3851743,20250311,https://www.finanznachrichten.de/nachrichten-2025-03/64787338-colibri-resource-corporation-colibri-partner-drill-83-5-metres-at-1-3-grams-per-tonne-gold-including-10-3-grams-per-tonne-gold-over-9-7-metres-at-296.htm
1231379860,20250311,202503,2025,2025.1945,BUS,COMPANY,,,,,,BUS,,,,,,,,,,,,,0,020,020,02,1,3.0,3,1,3,1.03550295857989,4,"Sierra Madre, Colima, Mexico",MX,MX08,19.1167,-104.393,6267704,0,,,,,,,4,"Sierra Madre, Colima, Mexico",MX,MX08,19.1167,-104.393,6267704,20250311,https://www.finanznachrichten.de/nachrichten-2025-03/64787338-colibri-resource-corporation-colibri-partner-drill-83-5-metres-at-1-3-grams-per-tonne-gold-including-10-3-grams-per-tonne-gold-over-9-7-metres-at-296.htm
1231380298,20250311,202503,2025,2025.1945,GOV,GOVERNMENT,,,,,,GOV,,,,,,,,,,,,,1,1014,101,10,3,-5.0,28,4,28,-2.725225770991,4,"Bengaluru, Karnataka, India",IN,IN19,12.9833,77.5833,-2090174,0,,,,,,,4,"Bengaluru, Karnataka, India",IN,IN19,12.9833,77.5833,-2090174,20250311,https://www.orissapost.com/karnataka-orders-probe-against-dgp-rank-officer-ramachandra-rao-in-gold-smuggling-case/
1231380299,20250311,202503,2025,2025.1945,GOV,GOVERNMENT,,,,,,GOV,,,,,,,,,,,,,1,1014,101,10,3,-5.0,12,3,12,-2.6965527013481,5,"Karnataka, Karnataka, India",IN,IN19,13.5,76,-2099860,0,,,,,,,5,"Karnataka, Karnataka, India",IN,IN19,13.5,76,-2099860,20250311,https://www.orissapost.com/karnataka-orders-probe-against-dgp-rank-officer-ramachandra-rao-in-gold-smuggling-case/
1231380890,20250311,202503,2025,2025.1945,SPY,INTELLIGENCE,,,,,,SPY,,,,,,,,,,,,,0,192,192,19,4,-9.5,18,2,18,-2.5103021978022,4,"Bengaluru, Karnataka, India",IN,IN19,12.9833,77.5833,-2090174,0,,,,,,,4,"Bengaluru, Karnataka, India",IN,IN19,12.9833,77.5833,-2090174,20250311,https://www.orissapost.com/karnataka-orders-probe-against-dgp-rank-officer-ramachandra-rao-in-gold-smuggling-case/
1231382289,20250311,202503,2025,2025.1945,,,,,,,,,,,CHNGOV,CHINA,CHN,,,,,GOV,,,1,111,111,11,3,-2.0,3,2,3,1.03185852654316,0,,,,,,,1,China,CH,CH,35,105,CH,1,China,CH,CH,35,105,CH,20250311,https://www.cnbc.com/2025/03/11/goldman-sachs-upgrades-ge-healthcare-as-sales-in-china-improve.html
1231382414,20250311,202503,2025,2025.1945,,,,,,,,,,,SAU,SAUDI ARABIA,SAU,,,,,,,,1,042,042,04,1,1.9,3,1,3,-3.75586854460094,0,,,,,,,4,"Mysuru, Karnataka, India",IN,IN19,12.3072,76.6497,-2105255,4,"Mysuru, Karnataka, India",IN,IN19,12.3072,76.6497,-2105255,20250311,https://indianexpress.com/article/cities/bangalore/saudi-arabia-school-teacher-mysuru-woman-gold-theft-medical-expenses-9880751/
1231382415,20250311,202503,2025,2025.1945,,,,,,,,,,,SAU,SAUDI ARABIA,SAU,,,,,,,,1,042,042,04,1,1.9,6,1,6,-3.75586854460094,0,,,,,,,1,Saudi Arabia,SA,SA,25,45,SA,4,"Mysuru, Karnataka, India",IN,IN19,12.3072,76.6497,-2105255,20250311,https://indianexpress.com/article/cities/bangalore/saudi-arabia-school-teacher-mysuru-woman-gold-theft-medical-expenses-9880751/
1231382530,20250311,202503,2025,2025.1945,BUS,COMPANY,,,,,,BUS,,,CHNGOV,CHINA,CHN,,,,,GOV,,,1,111,111,11,3,-2.0,1,1,1,1.26050420168068,1,China,CH,CH,35,105,CH,1,China,CH,CH,35,105,CH,1,China,CH,CH,35,105,CH,20250311,https://www.cnbc.com/2025/03/11/goldman-sachs-upgrades-ge-healthcare-as-sales-in-china-improve.html
1231382575,20250311,202503,2025,2025.1945,CHN,CHINA,CHN,,,,,,,,GOV,PRESIDENT,,,,,,GOV,,,1,111,111,11,3,-2.0,2,1,2,1.26050420168068,1,China,CH,CH,35,105,CH,1,China,CH,CH,35,105,CH,1,China,CH,CH,35,105,CH,20250311,https://www.cnbc.com/2025/03/11/goldman-sachs-upgrades-ge-healthcare-as-sales-in-china-improve.html
1231382611,20250311,202503,2025,2025.1945,COP,POLICE,,,,,,COP,,,,,,,,,,,,,0,190,190,19,4,-10.0,10,1,10,-3.75586854460094,4,"Mysuru, Karnataka, India",IN,IN19,12.3072,76.6497,-2105255,0,,,,,,,4,"Mysuru, Karnataka, India",IN,IN19,12.3072,76.6497,-2105255,20250311,https://indianexpress.com/article/cities/bangalore/saudi-arabia-school-teacher-mysuru-woman-gold-theft-medical-expenses-9880751/
1231382757,20250311,202503,2025,2025.1945,EDU,SCHOOL,,,,,,EDU,,,SAU,SAUDI ARABIA,SAU,,,,,,,,1,071,071,07,2,7.4,7,1,7,-3.75586854460094,4,"Mysuru, Karnataka, India",IN,IN19,12.3072,76.6497,-2105255,4,"Mysuru, Karnataka, India",IN,IN19,12.3072,76.6497,-2105255,4,"Mysuru, Karnataka, India",IN,IN19,12.3072,76.6497,-2105255,20250311,https://indianexpress.com/article/cities/bangalore/saudi-arabia-school-teacher-mysuru-woman-gold-theft-medical-expenses-9880751/
1231383613,20250311,202503,2025,2025.1945,SAU,SAUDI ARABIA,SAU,,,,,,,,,,,,,,,,,,1,043,043,04,1,2.8,8,1,8,-3.75586854460094,1,Saudi Arabia,SA,SA,25,45,SA,0,,,,,,,4,"Mysuru, Karnataka, India",IN,IN19,12.3072,76.6497,-2105255,20250311,https://indianexpress.com/article/cities/bangalore/saudi-arabia-school-teacher-mysuru-woman-gold-theft-medical-expenses-9880751/
1231383961,20250311,202503,2025,2025.1945,kan,KANNADA,,,kan,,,,,,,,,,,,,,,,1,173,173,17,4,-5.0,2,1,2,-4.40251572327044,4,"Bengaluru, Karnataka, India",IN,IN19,12.9833,77.5833,-2090174,0,,,,,,,4,"Bengaluru, Karnataka, India",IN,IN19,12.9833,77.5833,-2090174,20250311,http://indiablooms.com/news/gold-smuggling-case-kannada-actress-ranya-raos-associate-nabbed-by-dri/details
1231383962,20250311,202503,2025,2025.1945,kan,KANNADA,,,kan,,,,,,,,,,,,,,,,1,173,173,17,4,-5.0,2,1,2,-4.40251572327044,4,"Bengaluru, Karnataka, India",IN,IN19,12.9833,77.5833,-2090174,0,,,,,,,4,"Dubai, Dubayy, United Arab Emirates",AE,AE03,25.2522,55.28,-782831,20250311,http://indiablooms.com/news/gold-smuggling-case-kannada-actress-ranya-raos-associate-nabbed-by-dri/details
1231383963,20250311,202503,2025,2025.1945,kan,KANNADA,,,kan,,,,,,,,,,,,,,,,1,173,173,17,4,-5.0,6,1,6,-4.40251572327044,4,"Dubai, Dubayy, United Arab Emirates",AE,AE03,25.2522,55.28,-782831,0,,,,,,,4,"Dubai, Dubayy, United Arab Emirates",AE,AE03,25.2522,55.28,-782831,20250311,http://indiablooms.com/news/gold-smuggling-case-kannada-actress-ranya-raos-associate-nabbed-by-dri/details
1231388963,20250311,202503,2025,2025.1945,BUS,COMPANY,,,,,,BUS,,,ETH,ETHIOPIA,ETH,,,,,,,,1,046,046,04,1,7.0,40,2,40,2.89882133271094,1,Ethiopia,ET,ET,8,38,ET,1,Ethiopia,ET,ET,8,38,ET,1,Ethiopia,ET,ET,8,38,ET,20250311,https://www.proactiveinvestors.com/companies/news/1067707/kefi-gold-and-copper-gets-green-light-to-progress-with-tulu-kapi-project-in-ethiopia.html
1231389250,20250311,202503,2025,2025.1945,ETH,ETHIOPIA,ETH,,,,,,,,BUS,COMPANY,,,,,,BUS,,,1,046,046,04,1,7.0,40,2,40,2.89882133271094,1,Ethiopia,ET,ET,8,38,ET,1,Ethiopia,ET,ET,8,38,ET,1,Ethiopia,ET,ET,8,38,ET,20250311,https://www.proactiveinvestors.com/companies/news/1067707/kefi-gold-and-copper-gets-green-light-to-progress-with-tulu-kapi-project-in-ethiopia.html
1231389274,20250311,202503,2025,2025.1945,GBR,BRITISH,GBR,,,,,,,,,,,,,,,,,,1,020,020,02,1,3.0,10,1,10,-0.303030303030299,4,"Alicante, Valenciana, Spain",SP,SP60,38.3462,-0.487722,-370210,0,,,,,,,4,"Alicante, Valenciana, Spain",SP,SP60,38.3462,-0.487722,-370210,20250311,https://www.theolivepress.es/spain-news/2025/03/11/brits-race-to-gain-residency-in-spain-just-weeks-before-golden-visa-scheme-ends/
1231389540,20250311,202503,2025,2025.1945,IGOEUREEC,EUROPEAN COMMISSION,EUR,EEC,,,,IGO,,,,,,,,,,,,,1,025,025,02,1,-0.3,10,1,10,-0.303030303030299,4,"Costa Blanca, Spain (general), Spain",SP,SP00,38.9217,-0.084376,-373665,0,,,,,,,4,"Costa Blanca, Spain (general), Spain",SP,SP00,38.9217,-0.084376,-373665,20250311,https://www.theolivepress.es/spain-news/2025/03/11/brits-race-to-gain-residency-in-spain-just-weeks-before-golden-visa-scheme-ends/
1231389594,20250311,202503,2025,2025.1945,INDGOV,KARNATAKA,IND,,,,,GOV,,,IND,KARNATAKA,IND,,,,,,,,1,090,090,09,2,-2.0,2,1,2,-2.85714285714286,5,"Karnataka, Karnataka, India",IN,IN19,13.5,76,-2099860,5,"Karnataka, Karnataka, India",IN,IN19,13.5,76,-2099860,5,"Karnataka, Karnataka, India",IN,IN19,13.5,76,-2099860,20250311,https://www.dnaindia.com/india/report-karnataka-govt-orders-probe-against-dgp-k-ramachandra-rao-ranya-rao-s-alleged-misuse-of-vip-protocols-in-gold-smuggling-case-3138120
1231390133,20250311,202503,2025,2025.1945,SPY,INTELLIGENCE,,,,,,SPY,,,,,,,,,,,,,0,172,172,17,4,-5.0,2,1,2,-2.85714285714286,5,"Karnataka, Karnataka, India",IN,IN19,13.5,76,-2099860,0,,,,,,,5,"Karnataka, Karnataka, India",IN,IN19,13.5,76,-2099860,20250311,https://www.dnaindia.com/india/report-karnataka-govt-orders-probe-against-dgp-k-ramachandra-rao-ranya-rao-s-alleged-misuse-of-vip-protocols-in-gold-smuggling-case-3138120
1231390134,20250311,202503,2025,2025.1945,SPY,INTELLIGENCE,,,,,,SPY,,,,,,,,,,,,,0,192,192,19,4,-9.5,2,1,2,-2.85714285714286,5,"Karnataka, Karnataka, India",IN,IN19,13.5,76,-2099860,0,,,,,,,5,"Karnataka, Karnataka, India",IN,IN19,13.5,76,-2099860,20250311,https://www.dnaindia.com/india/report-karnataka-govt-orders-probe-against-dgp-k-ramachandra-rao-ranya-rao-s-alleged-misuse-of-vip-protocols-in-gold-smuggling-case-3138120
1231391703,20250311,202503,2025,2025.1945,,,,,,,,,,,GBR,UNITED KINGDOM,GBR,,,,,,,,0,042,042,04,1,1.9,8,1,8,9.01639344262299,0,,,,,,,4,"Dunbeath, Highland, United Kingdom",UK,UKV3,58.25,-3.41667,-2594837,4,"Dunbeath, Highland, United Kingdom",UK,UKV3,58.25,-3.41667,-2594837,20250311,https://www.johnogroat-journal.co.uk/news/she-s-the-bee-s-knees-carol-from-ackergill-takes-gold-at-pr-376641/
1231391706,20250311,202503,2025,2025.1945,,,,,,,,,,,GBR,UNITED KINGDOM,GBR,,,,,,,,0,043,043,04,1,2.8,2,1,2,9.01639344262299,0,,,,,,,4,"Dunbeath, Highland, United Kingdom",UK,UKV3,58.25,-3.41667,-2594837,4,"Dunbeath, Highland, United Kingdom",UK,UKV3,58.25,-3.41667,-2594837,20250311,https://www.johnogroat-journal.co.uk/news/she-s-the-bee-s-knees-carol-from-ackergill-takes-gold-at-pr-376641/
1231391743,20250311,202503,2025,2025.1945,,,,,,,,,,,JUD,JUDGE,,,,,,JUD,,,1,100,100,10,3,-5.0,10,1,10,9.01639344262299,0,,,,,,,4,"Dunbeath, Highland, United Kingdom",UK,UKV3,58.25,-3.41667,-2594837,1,Italy,IT,IT,42.833333,12.833333,IT,20250311,https://www.johnogroat-journal.co.uk/news/she-s-the-bee-s-knees-carol-from-ackergill-takes-gold-at-pr-376641/
1231391758,20250311,202503,2025,2025.1945,,,,,,,,,,,POL,KRAKOW,POL,,,,,,,,1,036,036,03,1,4.0,10,1,10,9.01639344262299,0,,,,,,,4,"Dunbeath, Highland, United Kingdom",UK,UKV3,58.25,-3.41667,-2594837,4,"Dunbeath, Highland, United Kingdom",UK,UKV3,58.25,-3.41667,-2594837,20250311,https://www.johnogroat-journal.co.uk/news/she-s-the-bee-s-knees-carol-from-ackergill-takes-gold-at-pr-376641/
1231392145,20250311,202503,2025,2025.1945,GBR,UNITED KINGDOM,GBR,,,,,,,,,,,,,,,,,,0,042,042,04,1,1.9,2,1,2,9.01639344262299,4,"Dunbeath, Highland, United Kingdom",UK,UKV3,58.25,-3.41667,-2594837,0,,,,,,,4,"Dunbeath, Highland, United Kingdom",UK,UKV3,58.25,-3.41667,-2594837,20250311,https://www.johnogroat-journal.co.uk/news/she-s-the-bee-s-knees-carol-from-ackergill-takes-gold-at-pr-376641/
1231392146,20250311,202503,2025,2025.1945,GBR,UNITED KINGDOM,GBR,,,,,,,,,,,,,,,,,,0,043,043,04,1,2.8,8,1,8,9.01639344262299,4,"Dunbeath, Highland, United Kingdom",UK,UKV3,58.25,-3.41667,-2594837,0,,,,,,,4,"Dunbeath, Highland, United Kingdom",UK,UKV3,58.25,-3.41667,-2594837,20250311,https://www.johnogroat-journal.co.uk/news/she-s-the-bee-s-knees-carol-from-ackergill-takes-gold-at-pr-376641/
1231392457,20250311,202503,2025,2025.1945,JUD,JUDGE,,,,,,JUD,,,,,,,,,,,,,1,010,010,01,1,0.0,10,1,10,9.01639344262299,4,"Dunbeath, Highland, United Kingdom",UK,UKV3,58.25,-3.41667,-2594837,0,,,,,,,4,"Dunbeath, Highland, United Kingdom",UK,UKV3,58.25,-3.41667,-2594837,20250311,https://www.johnogroat-journal.co.uk/news/she-s-the-bee-s-knees-carol-from-ackergill-takes-gold-at-pr-376641/
1231392757,20250311,202503,2025,2025.1945,POL,KRAKOW,POL,,,,,,,,,,,,,,,,,,1,036,036,03,1,4.0,10,1,10,9.01639344262299,4,"Dunbeath, Highland, United Kingdom",UK,UKV3,58.25,-3.41667,-2594837,0,,,,,,,4,"Dunbeath, Highland, United Kingdom",UK,UKV3,58.25,-3.41667,-2594837,20250311,https://www.johnogroat-journal.co.uk/news/she-s-the-bee-s-knees-carol-from-ackergill-takes-gold-at-pr-376641/
1231393297,20250311,202503,2025,2025.1945,,,,,,,,,,,BUS,BUSINESS,,,,,,BUS,,,0,112,112,11,3,-2.0,5,1,5,-10.5263157894737,0,,,,,,,1,Somalia,SO,SO,6,48,SO,1,Somalia,SO,SO,6,48,SO,20250311,https://gamerant.com/asmongold-no-sympathy-johnny-somali/
1231393299,20250311,202503,2025,2025.1945,,,,,,,,,,,BUS,BUSINESS,,,,,,BUS,,,0,173,173,17,4,-5.0,5,1,5,-10.5263157894737,0,,,,,,,1,Somalia,SO,SO,6,48,SO,1,Somalia,SO,SO,6,48,SO,20250311,https://gamerant.com/asmongold-no-sympathy-johnny-somali/
1231393306,20250311,202503,2025,2025.1945,,,,,,,,,,,CAN,CANADA,CAN,,,,,,,,1,043,043,04,1,2.8,2,1,2,0.61601642710472,0,,,,,,,4,"Otter Creek, Ontario, Canada",CA,CA08,44.0833,-81.1333,-570767,4,"Surprise Lake, Quebec, Canada",CA,CA10,49.3333,-74.8667,-574377,20250311,https://www.finanznachrichten.de/nachrichten-2025-03/64788416-geologica-resource-corp-geologica-announces-anomalous-gold-zone-at-lincoln-296.htm
1231393353,20250311,202503,2025,2025.1945,,,,,,,,,,,JPN,JAPAN,JPN,,,,,,,,0,112,112,11,3,-2.0,5,1,5,-10.5263157894737,0,,,,,,,4,"Hiroshima, Hiroshima, Japan",JA,JA11,34.4,132.45,-229436,4,"Hiroshima, Hiroshima, Japan",JA,JA11,34.4,132.45,-229436,20250311,https://gamerant.com/asmongold-no-sympathy-johnny-somali/
1231393387,20250311,202503,2025,2025.1945,,,,,,,,,,,SOM,SOMALIA,SOM,,,,,,,,0,112,112,11,3,-2.0,1,1,1,-10.5263157894737,0,,,,,,,1,South Korea,KS,KS,37,127.5,KS,1,Somalia,SO,SO,6,48,SO,20250311,https://gamerant.com/asmongold-no-sympathy-johnny-somali/
1231393388,20250311,202503,2025,2025.1945,,,,,,,,,,,SOM,SOMALI,SOM,,,,,,,,0,112,112,11,3,-2.0,2,1,2,-10.5263157894737,0,,,,,,,1,Somalia,SO,SO,6,48,SO,1,Somalia,SO,SO,6,48,SO,20250311,https://gamerant.com/asmongold-no-sympathy-johnny-somali/
1231393510,20250311,202503,2025,2025.1945,BUS,BUSINESS,,,,,,BUS,,,SOM,SOMALIA,SOM,,,,,,,,0,112,112,11,3,-2.0,2,1,2,-10.5263157894737,1,Somalia,SO,SO,6,48,SO,1,South Korea,KS,KS,37,127.5,KS,1,Somalia,SO,SO,6,48,SO,20250311,https://gamerant.com/asmongold-no-sympathy-johnny-somali/
1231393511,20250311,202503,2025,2025.1945,BUS,BUSINESS,,,,,,BUS,,,SOM,SOMALI,SOM,,,,,,,,0,112,112,11,3,-2.0,3,1,3,-10.5263157894737,1,Somalia,SO,SO,6,48,SO,1,Somalia,SO,SO,6,48,SO,1,Somalia,SO,SO,6,48,SO,20250311,https://gamerant.com/asmongold-no-sympathy-johnny-somali/
1231394058,20250311,202503,2025,2025.1945,KOR,SOUTH KOREA,KOR,,,,,,,,SOM,SOMALI,SOM,,,,,,,,0,173,173,17,4,-5.0,10,1,10,-10.5263157894737,4,"Hiroshima, Hiroshima, Japan",JA,JA11,34.4,132.45,-229436,4,"Hiroshima, Hiroshima, Japan",JA,JA11,34.4,132.45,-229436,4,"Hiroshima, Hiroshima, Japan",JA,JA11,34.4,132.45,-229436,20250311,https://gamerant.com/asmongold-no-sympathy-johnny-somali/
1231394319,20250311,202503,2025,2025.1945,SOM,SOMALI,SOM,,,,,,,,BUS,BUSINESS,,,,,,BUS,,,0,112,112,11,3,-2.0,1,1,1,-10.5263157894737,1,South Korea,KS,KS,37,127.5,KS,1,Somalia,SO,SO,6,48,SO,1,Somalia,SO,SO,6,48,SO,20250311,https://gamerant.com/asmongold-no-sympathy-johnny-somali/
1231394320,20250311,202503,2025,2025.1945,SOM,SOMALI,SOM,,,,,,,,BUS,BUSINESS,,,,,,BUS,,,0,112,112,11,3,-2.0,1,1,1,-10.5263157894737,1,Somalia,SO,SO,6,48,SO,1,Somalia,SO,SO,6,48,SO,1,Somalia,SO,SO,6,48,SO,20250311,https://gamerant.com/asmongold-no-sympathy-johnny-somali/
1231396577,20250311,202503,2025,2025.1945,GOV,REGIME,,,,,,GOV,,,LEG,CONGRESS,,,,,,LEG,,,1,043,043,04,1,2.8,5,1,5,-3.15217391304347,5,"Karnataka, Karnataka, India",IN,IN19,13.5,76,-2099860,5,"Karnataka, Karnataka, India",IN,IN19,13.5,76,-2099860,5,"Karnataka, Karnataka, India",IN,IN19,13.5,76,-2099860,20250311,https://www.thestar.com.my/aseanplus/aseanplus-news/2025/03/11/indian-actress-ranya-rao-sent-to-15-day-directorate-of-revenue-intelligence-dri-custody-in-gold-smuggling-case
1231396978,20250311,202503,2025,2025.1945,LEG,CONGRESS,,,,,,LEG,,,GOV,REGIME,,,,,,GOV,,,1,042,042,04,1,1.9,5,1,5,-3.15217391304347,5,"Karnataka, Karnataka, India",IN,IN19,13.5,76,-2099860,5,"Karnataka, Karnataka, India",IN,IN19,13.5,76,-2099860,5,"Karnataka, Karnataka, India",IN,IN19,13.5,76,-2099860,20250311,https://www.thestar.com.my/aseanplus/aseanplus-news/2025/03/11/indian-actress-ranya-rao-sent-to-15-day-directorate-of-revenue-intelligence-dri-custody-in-gold-smuggling-case
1231400542,20250311,202503,2025,2025.1945,BUS,COMPANY,,,,,,BUS,,,,,,,,,,,,,1,080,080,08,2,5.0,20,2,20,9.22476397966594,4,"Kraaipan, North-West, South Africa",SF,SF10,-26.2833,25.3,-1247921,0,,,,,,,4,"Kraaipan, North-West, South Africa",SF,SF10,-26.2833,25.3,-1247921,20250311,https://www.dailypolitical.com/2025/03/11/harmony-gold-mining-company-limited-nysehmy-declares-dividend-increase-0-12-per-share.html
1231400930,20250311,202503,2025,2025.1945,GOV,CHIEF MINISTER,,,,,,GOV,,,COP,POLICEMEN,,,,,,COP,,,1,1014,101,10,3,-5.0,1,1,1,-1.36518771331058,4,"Bengaluru, Karnataka, India",IN,IN19,12.9833,77.5833,-2090174,4,"Dubai, Dubayy, United Arab Emirates",AE,AE03,25.2522,55.28,-782831,4,"Dubai, Dubayy, United Arab Emirates",AE,AE03,25.2522,55.28,-782831,20250311,https://economictimes.indiatimes.com/news/politics-and-nation/ranya-rao-gold-smuggling-case-cm-siddaramaiah-orders-probe-into-dgps-role-in-extending-protocol-to-accused-daughter/articleshow/118890209.cms
1231400931,20250311,202503,2025,2025.1945,GOV,CHIEF MINISTER,,,,,,GOV,,,COP,POLICEMEN,,,,,,COP,,,1,1014,101,10,3,-5.0,4,1,4,-1.36518771331058,4,"Dubai, Dubayy, United Arab Emirates",AE,AE03,25.2522,55.28,-782831,4,"Dubai, Dubayy, United Arab Emirates",AE,AE03,25.2522,55.28,-782831,4,"Dubai, Dubayy, United Arab Emirates",AE,AE03,25.2522,55.28,-782831,20250311,https://economictimes.indiatimes.com/news/politics-and-nation/ranya-rao-gold-smuggling-case-cm-siddaramaiah-orders-probe-into-dgps-role-in-extending-protocol-to-accused-daughter/articleshow/118890209.cms
1231400941,20250311,202503,2025,2025.1945,GOV,CHIEF MINISTER,,,,,,GOV,,,ELI,ACTOR,,,,,,ELI,,,1,1014,101,10,3,-5.0,1,1,1,-1.36518771331058,4,"Bengaluru, Karnataka, India",IN,IN19,12.9833,77.5833,-2090174,4,"Dubai, Dubayy, United Arab Emirates",AE,AE03,25.2522,55.28,-782831,4,"Dubai, Dubayy, United Arab Emirates",AE,AE03,25.2522,55.28,-782831,20250311,https://economictimes.indiatimes.com/news/politics-and-nation/ranya-rao-gold-smuggling-case-cm-siddaramaiah-orders-probe-into-dgps-role-in-extending-protocol-to-accused-daughter/articleshow/118890209.cms
1231400942,20250311,202503,2025,2025.1945,GOV,CHIEF MINISTER,,,,,,GOV,,,ELI,ACTOR,,,,,,ELI,,,1,1014,101,10,3,-5.0,4,1,4,-1.36518771331058,4,"Dubai, Dubayy, United Arab Emirates",AE,AE03,25.2522,55.28,-782831,4,"Dubai, Dubayy, United Arab Emirates",AE,AE03,25.2522,55.28,-782831,4,"Dubai, Dubayy, United Arab Emirates",AE,AE03,25.2522,55.28,-782831,20250311,https://economictimes.indiatimes.com/news/politics-and-nation/ranya-rao-gold-smuggling-case-cm-siddaramaiah-orders-probe-into-dgps-role-in-extending-protocol-to-accused-daughter/articleshow/118890209.cms
1231401389,20250311,202503,2025,2025.1945,MNCZAF,HARMONY GOLD MINING,ZAF,,,,,MNC,,,,,,,,,,,,,1,010,010,01,1,0.0,20,2,20,9.22476397966594,4,"Kraaipan, North-West, South Africa",SF,SF10,-26.2833,25.3,-1247921,0,,,,,,,4,"Kraaipan, North-West, South Africa",SF,SF10,-26.2833,25.3,-1247921,20250311,https://www.dailypolitical.com/2025/03/11/harmony-gold-mining-company-limited-nysehmy-declares-dividend-increase-0-12-per-share.html
1231402276,20250311,202503,2025,2025.1945,BUS,INVESTOR,,,,,,BUS,,,,,,,,,,,,,1,050,050,05,1,3.5,6,1,6,1.61527165932452,3,"Washington, District of Columbia, United States",US,USDC,38.8951,-77.0364,531871,0,,,,,,,3,"Washington, District of Columbia, United States",US,USDC,38.8951,-77.0364,531871,20250311,https://thefrontierpost.com/trumps-gold-card-a-new-path-to-us-citizenship/
1231402447,20250311,202503,2025,2025.1945,CVL,IMMIGRANT,,,,,,CVL,,,,,,,,,,,,,1,172,172,17,4,-5.0,14,2,14,0.73630915348537,3,"Washington, District of Columbia, United States",US,USDC,38.8951,-77.0364,531871,0,,,,,,,3,"Washington, District of Columbia, United States",US,USDC,38.8951,-77.0364,531871,20250311,https://thefrontierpost.com/trumps-gold-card-a-new-path-to-us-citizenship/
1231402711,20250311,202503,2025,2025.1945,GOV,HOME MINIST,,,,,,GOV,,,IND,KARNATAKA,IND,,,,,,,,0,090,090,09,2,-2.0,4,1,4,-3.55450236966824,5,"Karnataka, Karnataka, India",IN,IN19,13.5,76,-2099860,5,"Karnataka, Karnataka, India",IN,IN19,13.5,76,-2099860,5,"Karnataka, Karnataka, India",IN,IN19,13.5,76,-2099860,20250311,https://www.thestatesman.com/india/karnataka-govt-orders-cid-probe-into-ranya-rao-gold-smuggling-case-1503406904.html
1231402721,20250311,202503,2025,2025.1945,GOV,HOME MINIST,,,,,,GOV,,,LEG,CONGRESS,,,,,,LEG,,,0,090,090,09,2,-2.0,4,1,4,-3.55450236966824,5,"Karnataka, Karnataka, India",IN,IN19,13.5,76,-2099860,5,"Karnataka, Karnataka, India",IN,IN19,13.5,76,-2099860,5,"Karnataka, Karnataka, India",IN,IN19,13.5,76,-2099860,20250311,https://www.thestatesman.com/india/karnataka-govt-orders-cid-probe-into-ranya-rao-gold-smuggling-case-1503406904.html
1231403012,20250311,202503,2025,2025.1945,MIL,MILITARY,,,,,,MIL,,,,,,,,,,,,,0,051,051,05,1,3.4,2,1,2,0.9765625,4,"Korat, Nakhon Ratchasima, Thailand",TH,TH27,14.9716,102.083,-3251558,0,,,,,,,4,"Korat, Nakhon Ratchasima, Thailand",TH,TH27,14.9716,102.083,-3251558,20250311,https://www.stripes.com/theaters/asia_pacific/2025-03-11/cobra-gold-thailand-cyber-drones-17103950.html
1231403013,20250311,202503,2025,2025.1945,MIL,MILITARY,,,,,,MIL,,,,,,,,,,,,,0,051,051,05,1,3.4,13,2,13,-1.64948597090261,1,South Korea,KS,KS,37,127.5,KS,0,,,,,,,1,South Korea,KS,KS,37,127.5,KS,20250311,https://www.stripes.com/theaters/asia_pacific/2025-03-11/cobra-gold-thailand-cyber-drones-17103950.html
1231403014,20250311,202503,2025,2025.1945,MIL,MILITARY,,,,,,MIL,,,,,,,,,,,,,1,150,150,15,4,-7.2,2,1,2,0.9765625,4,"Korat, Nakhon Ratchasima, Thailand",TH,TH27,14.9716,102.083,-3251558,0,,,,,,,4,"Korat, Nakhon Ratchasima, Thailand",TH,TH27,14.9716,102.083,-3251558,20250311,https://www.stripes.com/theaters/asia_pacific/2025-03-11/cobra-gold-thailand-cyber-drones-17103950.html
1231403015,20250311,202503,2025,2025.1945,MIL,MILITARY,,,,,,MIL,,,,,,,,,,,,,1,150,150,15,4,-7.2,3,1,3,0.9765625,1,South Korea,KS,KS,37,127.5,KS,0,,,,,,,1,South Korea,KS,KS,37,127.5,KS,20250311,https://www.stripes.com/theaters/asia_pacific/2025-03-11/cobra-gold-thailand-cyber-drones-17103950.html
1231403016,20250311,202503,2025,2025.1945,MIL,NAVY,,,,,,MIL,,,,,,,,,,,,,1,195,195,19,4,-10.0,2,1,2,0.9765625,4,"Korat, Nakhon Ratchasima, Thailand",TH,TH27,14.9716,102.083,-3251558,0,,,,,,,4,"Korat, Nakhon Ratchasima, Thailand",TH,TH27,14.9716,102.083,-3251558,20250311,https://www.stripes.com/theaters/asia_pacific/2025-03-11/cobra-gold-thailand-cyber-drones-17103950.html
1231403017,20250311,202503,2025,2025.1945,MIL,NAVY,,,,,,MIL,,,,,,,,,,,,,1,195,195,19,4,-10.0,3,1,3,0.9765625,1,South Korea,KS,KS,37,127.5,KS,0,,,,,,,1,South Korea,KS,KS,37,127.5,KS,20250311,https://www.stripes.com/theaters/asia_pacific/2025-03-11/cobra-gold-thailand-cyber-drones-17103950.html
1231403082,20250311,202503,2025,2025.1945,OPP,THE OPPOSITION,,,,,,OPP,,,LEGGOV,CONGRESS,,,,,,LEG,GOV,,0,110,110,11,3,-2.0,10,1,10,-3.55450236966824,5,"Karnataka, Karnataka, India",IN,IN19,13.5,76,-2099860,5,"Karnataka, Karnataka, India",IN,IN19,13.5,76,-2099860,5,"Karnataka, Karnataka, India",IN,IN19,13.5,76,-2099860,20250311,https://www.thestatesman.com/india/karnataka-govt-orders-cid-probe-into-ranya-rao-gold-smuggling-case-1503406904.html
1231403083,20250311,202503,2025,2025.1945,OPP,THE OPPOSITION,,,,,,OPP,,,LEGGOV,CONGRESS,,,,,,LEG,GOV,,0,112,112,11,3,-2.0,10,1,10,-3.55450236966824,5,"Karnataka, Karnataka, India",IN,IN19,13.5,76,-2099860,5,"Karnataka, Karnataka, India",IN,IN19,13.5,76,-2099860,5,"Karnataka, Karnataka, India",IN,IN19,13.5,76,-2099860,20250311,https://www.thestatesman.com/india/karnataka-govt-orders-cid-probe-into-ranya-rao-gold-smuggling-case-1503406904.html
1231403322,20250311,202503,2025,2025.1945,USA,UNITED STATES,USA,,,,,,,,BUS,INVESTOR,,,,,,BUS,,,1,050,050,05,1,3.5,4,1,4,1.61527165932452,3,"Washington, District of Columbia, United States",US,USDC,38.8951,-77.0364,531871,3,"Washington, District of Columbia, United States",US,USDC,38.8951,-77.0364,531871,3,"Washington, District of Columbia, United States",US,USDC,38.8951,-77.0364,531871,20250311,https://thefrontierpost.com/trumps-gold-card-a-new-path-to-us-citizenship/
1231405093,20250311,202503,2025,2025.1945,EDU,SCHOOL,,,,,,EDU,,,USA,UNITED STATES,USA,,,,,,,,1,043,043,04,1,2.8,1,1,1,3.67965367965368,3,"Porter County, Indiana, United States",US,USIN,41.4731,-87.0611,450382,3,"Porter County, Indiana, United States",US,USIN,41.4731,-87.0611,450382,3,"Porter County, Indiana, United States",US,USIN,41.4731,-87.0611,450382,20250311,https://tribtown.com/2025/03/11/rose-acres-vice-president-receives-golden-egg-and-distinguished-service-award/
1231405094,20250311,202503,2025,2025.1945,EDU,SCHOOL,,,,,,EDU,,,USA,UNITED STATES,USA,,,,,,,,1,043,043,04,1,2.8,1,1,1,3.67965367965368,3,"Porter County, Indiana, United States",US,USIN,41.4731,-87.0611,450382,2,"California, United States",US,USCA,36.17,-119.746,CA,3,"Porter County, Indiana, United States",US,USIN,41.4731,-87.0611,450382,20250311,https://tribtown.com/2025/03/11/rose-acres-vice-president-receives-golden-egg-and-distinguished-service-award/
1231405097,20250311,202503,2025,2025.1945,EDU,SCHOOL,,,,,,EDU,,,USAEDU,ARKANSAS,USA,,,,,EDU,,,1,042,042,04,1,1.9,4,1,4,3.67965367965368,2,"Indiana, United States",US,USIN,39.8647,-86.2604,IN,2,"Indiana, United States",US,USIN,39.8647,-86.2604,IN,2,"Indiana, United States",US,USIN,39.8647,-86.2604,IN,20250311,https://tribtown.com/2025/03/11/rose-acres-vice-president-receives-golden-egg-and-distinguished-service-award/
1231406089,20250311,202503,2025,2025.1945,USA,UNITED STATES,USA,,,,,,,,,,,,,,,,,,1,141,141,14,3,-6.5,14,2,14,-0.0293320386778351,2,"Indiana, United States",US,USIN,39.8647,-86.2604,IN,0,,,,,,,2,"Indiana, United States",US,USIN,39.8647,-86.2604,IN,20250311,https://tribtown.com/2025/03/11/rose-acres-vice-president-receives-golden-egg-and-distinguished-service-award/
1231406138,20250311,202503,2025,2025.1945,USA,UNITED STATES,USA,,,,,,,,EDU,SCHOOL,,,,,,EDU,,,1,042,042,04,1,1.9,2,1,2,3.67965367965368,2,"Indiana, United States",US,USIN,39.8647,-86.2604,IN,2,"Indiana, United States",US,USIN,39.8647,-86.2604,IN,2,"Indiana, United States",US,USIN,39.8647,-86.2604,IN,20250311,https://tribtown.com/2025/03/11/rose-acres-vice-president-receives-golden-egg-and-distinguished-service-award/
1231406258,20250311,202503,2025,2025.1945,USAEDU,ARKANSAS,USA,,,,,EDU,,,EDU,SCHOOL,,,,,,EDU,,,1,043,043,04,1,2.8,4,1,4,3.67965367965368,3,"Porter County, Indiana, United States",US,USIN,41.4731,-87.0611,450382,3,"Porter County, Indiana, United States",US,USIN,41.4731,-87.0611,450382,3,"Porter County, Indiana, United States",US,USIN,41.4731,-87.0611,450382,20250311,https://tribtown.com/2025/03/11/rose-acres-vice-president-receives-golden-egg-and-distinguished-service-award/
1231410225,20250311,202503,2025,2025.1945,CRM,CRIMINAL,,,,,,CRM,,,GOV,GOVERNMENT,,,,,,GOV,,,1,080,080,08,2,5.0,10,1,10,-1.86125211505923,5,"Karnataka, Karnataka, India",IN,IN19,13.5,76,-2099860,5,"Karnataka, Karnataka, India",IN,IN19,13.5,76,-2099860,5,"Karnataka, Karnataka, India",IN,IN19,13.5,76,-2099860,20250311,https://aninews.in/news/national/politics/nobody-from-state-govt-is-involved-in-any-criminal-activity-congress-rizwan-arshad-on-gold-smuggling-case20250311173300/
1231410468,20250311,202503,2025,2025.1945,GOV,PRESIDENT,,,,,,GOV,,,,,,,,,,,,,0,020,020,02,1,3.0,10,1,10,-3.9906103286385,5,"Karnataka, Karnataka, India",IN,IN19,13.5,76,-2099860,0,,,,,,,5,"Karnataka, Karnataka, India",IN,IN19,13.5,76,-2099860,20250311,https://economictimes.indiatimes.com/news/india/dri-probe-businessman-tarun-rajus-role-in-ranya-rao-gold-smuggling-case-heres-all-you-need-to-know-about-him/articleshow/118891348.cms
1231410664,20250311,202503,2025,2025.1945,IND,KARNATAKA,IND,,,,,,,,GOV,GOVERNMENT,,,,,,GOV,,,1,010,010,01,1,0.0,1,1,1,-1.86125211505923,5,"Karnataka, Karnataka, India",IN,IN19,13.5,76,-2099860,4,"Bengaluru, Karnataka, India",IN,IN19,12.9833,77.5833,-2090174,4,"Bengaluru, Karnataka, India",IN,IN19,12.9833,77.5833,-2090174,20250311,https://aninews.in/news/national/politics/nobody-from-state-govt-is-involved-in-any-criminal-activity-congress-rizwan-arshad-on-gold-smuggling-case20250311173300/
1231410665,20250311,202503,2025,2025.1945,IND,KARNATAKA,IND,,,,,,,,GOV,GOVERNMENT,,,,,,GOV,,,1,010,010,01,1,0.0,3,1,3,-1.86125211505923,4,"Dubai, Dubayy, United Arab Emirates",AE,AE03,25.2522,55.28,-782831,4,"Dubai, Dubayy, United Arab Emirates",AE,AE03,25.2522,55.28,-782831,4,"Dubai, Dubayy, United Arab Emirates",AE,AE03,25.2522,55.28,-782831,20250311,https://aninews.in/news/national/politics/nobody-from-state-govt-is-involved-in-any-criminal-activity-congress-rizwan-arshad-on-gold-smuggling-case20250311173300/
1231410666,20250311,202503,2025,2025.1945,IND,KARNATAKA,IND,,,,,,,,GOV,CHIEF MINISTER,,,,,,GOV,,,1,090,090,09,2,-2.0,2,1,2,-0.9208103130755,4,"New Delhi, Delhi, India",IN,IN07,28.6,77.2,-2106102,5,"Karnataka, Karnataka, India",IN,IN19,13.5,76,-2099860,5,"Karnataka, Karnataka, India",IN,IN19,13.5,76,-2099860,20250311,https://aninews.in/news/national/politics/very-serious-matter-bjps-jagadish-shettar-on-ranya-raos-gold-smuggling-case20250311173153/
1231410667,20250311,202503,2025,2025.1945,IND,KARNATAKA,IND,,,,,,,,GOV,CHIEF MINISTER,,,,,,GOV,,,1,090,090,09,2,-2.0,2,1,2,-0.9208103130755,4,"New Delhi, Delhi, India",IN,IN07,28.6,77.2,-2106102,4,"New Delhi, Delhi, India",IN,IN07,28.6,77.2,-2106102,4,"New Delhi, Delhi, India",IN,IN07,28.6,77.2,-2106102,20250311,https://aninews.in/news/national/politics/very-serious-matter-bjps-jagadish-shettar-on-ranya-raos-gold-smuggling-case20250311173153/
1231410815,20250311,202503,2025,2025.1945,LEG,CONGRESS,,,,,,LEG,,,GOV,GOVERNMENT,,,,,,GOV,,,1,010,010,01,1,0.0,1,1,1,-1.86125211505923,4,"Bengaluru, Karnataka, India",IN,IN19,12.9833,77.5833,-2090174,4,"Bengaluru, Karnataka, India",IN,IN19,12.9833,77.5833,-2090174,4,"Bengaluru, Karnataka, India",IN,IN19,12.9833,77.5833,-2090174,20250311,https://aninews.in/news/national/politics/nobody-from-state-govt-is-involved-in-any-criminal-activity-congress-rizwan-arshad-on-gold-smuggling-case20250311173300/
1231410816,20250311,202503,2025,2025.1945,LEG,CONGRESS,,,,,,LEG,,,GOV,GOVERNMENT,,,,,,GOV,,,1,010,010,01,1,0.0,5,1,5,-1.86125211505923,4,"Dubai, Dubayy, United Arab Emirates",AE,AE03,25.2522,55.28,-782831,4,"Dubai, Dubayy, United Arab Emirates",AE,AE03,25.2522,55.28,-782831,4,"Dubai, Dubayy, United Arab Emirates",AE,AE03,25.2522,55.28,-782831,20250311,https://aninews.in/news/national/politics/nobody-from-state-govt-is-involved-in-any-criminal-activity-congress-rizwan-arshad-on-gold-smuggling-case20250311173300/
1231410855,20250311,202503,2025,2025.1945,MED,MEDIA,,,,,,MED,,,SPY,INTELLIGENCE,,,,,,SPY,,,1,100,100,10,3,-5.0,2,1,2,-0.9208103130755,4,"New Delhi, Delhi, India",IN,IN07,28.6,77.2,-2106102,4,"Bangalore, Karnataka, India",IN,IN19,12.9833,77.5833,-2090174,4,"New Delhi, Delhi, India",IN,IN07,28.6,77.2,-2106102,20250311,https://aninews.in/news/national/politics/very-serious-matter-bjps-jagadish-shettar-on-ranya-raos-gold-smuggling-case20250311173153/
1231410856,20250311,202503,2025,2025.1945,MED,MEDIA,,,,,,MED,,,SPY,INTELLIGENCE,,,,,,SPY,,,1,100,100,10,3,-5.0,2,1,2,-0.9208103130755,4,"New Delhi, Delhi, India",IN,IN07,28.6,77.2,-2106102,4,"Dubai, Dubayy, United Arab Emirates",AE,AE03,25.2522,55.28,-782831,4,"New Delhi, Delhi, India",IN,IN07,28.6,77.2,-2106102,20250311,https://aninews.in/news/national/politics/very-serious-matter-bjps-jagadish-shettar-on-ranya-raos-gold-smuggling-case20250311173153/
1231411102,20250311,202503,2025,2025.1945,SPY,INTELLIGENCE,,,,,,SPY,,,ARE,UNITED ARAB EMIRATES,ARE,,,,,,,,1,173,173,17,4,-5.0,2,1,2,-0.9208103130755,4,"Bengaluru, Karnataka, India",IN,IN19,12.9833,77.5833,-2090174,4,"Dubai, Dubayy, United Arab Emirates",AE,AE03,25.2522,55.28,-782831,4,"New Delhi, Delhi, India",IN,IN07,28.6,77.2,-2106102,20250311,https://aninews.in/news/national/politics/very-serious-matter-bjps-jagadish-shettar-on-ranya-raos-gold-smuggling-case20250311173153/
1231411103,20250311,202503,2025,2025.1945,SPY,INTELLIGENCE,,,,,,SPY,,,ARE,UNITED ARAB EMIRATES,ARE,,,,,,,,1,173,173,17,4,-5.0,2,1,2,-0.9208103130755,5,"Karnataka, Karnataka, India",IN,IN19,13.5,76,-2099860,4,"New Delhi, Delhi, India",IN,IN07,28.6,77.2,-2106102,4,"New Delhi, Delhi, India",IN,IN07,28.6,77.2,-2106102,20250311,https://aninews.in/news/national/politics/very-serious-matter-bjps-jagadish-shettar-on-ranya-raos-gold-smuggling-case20250311173153/
1231411104,20250311,202503,2025,2025.1945,SPY,INTELLIGENCE,,,,,,SPY,,,ARE,DUBAI,ARE,,,,,,,,1,173,173,17,4,-5.0,2,1,2,-0.9208103130755,4,"Dubai, Dubayy, United Arab Emirates",AE,AE03,25.2522,55.28,-782831,4,"New Delhi, Delhi, India",IN,IN07,28.6,77.2,-2106102,4,"Dubai, Dubayy, United Arab Emirates",AE,AE03,25.2522,55.28,-782831,20250311,https://aninews.in/news/national/politics/very-serious-matter-bjps-jagadish-shettar-on-ranya-raos-gold-smuggling-case20250311173153/
1231414447,20250311,202503,2025,2025.1945,MIL,GARRISON,,,,,,MIL,,,USA,NORTH DAKOTA,USA,,,,,,,,1,036,036,03,1,4.0,20,1,20,5.33333333333333,2,"North Dakota, United States",US,USND,47.5362,-99.793,ND,2,"North Dakota, United States",US,USND,47.5362,-99.793,ND,2,"North Dakota, United States",US,USND,47.5362,-99.793,ND,20250311,https://www.minotdailynews.com/news/local-news/2025/03/fort-stevenson-holds-leprechauns-gold-geocache/
1231414922,20250311,202503,2025,2025.1945,USA,NORTH DAKOTA,USA,,,,,,,,MIL,GARRISON,,,,,,MIL,,,1,036,036,03,1,4.0,20,1,20,5.33333333333333,2,"North Dakota, United States",US,USND,47.5362,-99.793,ND,2,"North Dakota, United States",US,USND,47.5362,-99.793,ND,2,"North Dakota, United States",US,USND,47.5362,-99.793,ND,20250311,https://www.minotdailynews.com/news/local-news/2025/03/fort-stevenson-holds-leprechauns-gold-geocache/
1231419070,20250311,202503,2025,2025.1945,BUS,INVESTOR,,,,,,BUS,,,,,,,,,,,,,0,130,130,13,3,-4.4,12,2,12,2.76304819884446,4,"Quebec, Quebec, Canada",CA,CA10,47.5,-72,-571850,0,,,,,,,4,"Quebec, Quebec, Canada",CA,CA10,47.5,-72,-571850,20250311,https://www.finanznachrichten.de/nachrichten-2025-03/64790385-esgold-corp-esgold-highlights-significant-near-surface-mineralization-from-historical-drill-program-at-montauban-validating-ant-survey-exploration-296.htm
1231419531,20250311,202503,2025,2025.1945,GOV,GOVERNMENT,,,,,,GOV,,,,,,,,,,,,,1,090,090,09,2,-2.0,10,1,10,-4.36681222707423,4,"Yelwal, Karnataka, India",IN,IN19,12.3592,76.5333,-2095463,0,,,,,,,4,"Yelwal, Karnataka, India",IN,IN19,12.3592,76.5333,-2095463,20250311,https://starofmysore.com/gold-smuggling-racket-actress-ranya-rao-misused-vip-airport-protocols-fresh-probe-ordered/
1231419704,20250311,202503,2025,2025.1945,IND,KERALA,IND,,,,,,,,COP,POLICE,,,,,,COP,,,0,112,112,11,3,-2.0,3,1,3,-4.36681222707423,5,"Kerala, Kerala, India",IN,IN13,10,76.5,-2100307,5,"Kerala, Kerala, India",IN,IN13,10,76.5,-2100307,5,"Kerala, Kerala, India",IN,IN13,10,76.5,-2100307,20250311,https://starofmysore.com/gold-smuggling-racket-actress-ranya-rao-misused-vip-airport-protocols-fresh-probe-ordered/
1231419705,20250311,202503,2025,2025.1945,IND,KERALA,IND,,,,,,,,COP,POLICE,,,,,,COP,,,0,112,112,11,3,-2.0,1,1,1,-4.36681222707423,4,"Mysuru, Karnataka, India",IN,IN19,12.3072,76.6497,-2105255,4,"Mysuru, Karnataka, India",IN,IN19,12.3072,76.6497,-2105255,4,"Mysuru, Karnataka, India",IN,IN19,12.3072,76.6497,-2105255,20250311,https://starofmysore.com/gold-smuggling-racket-actress-ranya-rao-misused-vip-airport-protocols-fresh-probe-ordered/
1231422569,20250311,202503,2025,2025.1945,MED,MAGAZINE,,,,,,MED,,,,,,,,,,,,,1,040,040,04,1,1.0,6,1,6,1.23152709359606,4,"Paris, France (general), France",FR,FR00,48.8667,2.33333,-1456928,0,,,,,,,4,"Paris, France (general), France",FR,FR00,48.8667,2.33333,-1456928,20250311,https://www.dazeddigital.com/art-photography/article/66334/1/wojtek-serowiktake-care-of-yourself-nan-goldin-sophie-calle-photography
1231423400,20250311,202503,2025,2025.1945,,,,,,,,,,,POL,POLSKA,POL,,,,,,,,0,052,052,05,1,3.5,2,1,2,3.61445783132531,0,,,,,,,4,"Warsaw, (PL67), Poland",PL,PL67,52.25,21,-534433,4,"Warsaw, (PL67), Poland",PL,PL67,52.25,21,-534433,20250311,https://www.poweronline.com/doc/goldenpeaks-capital-signs-power-purchase-agreement-with-ngk-ceramics-polska-0001
1231423401,20250311,202503,2025,2025.1945,,,,,,,,,,,POL,POLSKA,POL,,,,,,,,0,070,070,07,2,7.0,2,1,2,3.61445783132531,0,,,,,,,4,"Warsaw, (PL67), Poland",PL,PL67,52.25,21,-534433,4,"Warsaw, (PL67), Poland",PL,PL67,52.25,21,-534433,20250311,https://www.poweronline.com/doc/goldenpeaks-capital-signs-power-purchase-agreement-with-ngk-ceramics-polska-0001
1231423519,20250311,202503,2025,2025.1945,BUS,COMPANY,,,,,,BUS,,,,,,,,,,,,,1,051,051,05,1,3.4,18,3,18,2.0402474663026,4,"Vancouver, British Columbia, Canada",CA,CA02,49.25,-123.133,-575268,0,,,,,,,4,"Vancouver, British Columbia, Canada",CA,CA02,49.25,-123.133,-575268,20250311,https://www.juniorminingnetwork.com/junior-miner-news/press-releases/2760-cse/wg/176629-westward-gold-welcomes-dr-john-mark-staude-as-newest-strategic-advisor.html
1231423521,20250311,202503,2025,2025.1945,BUS,COMPANY,,,,,,BUS,,,,,,,,,,,,,0,070,070,07,2,7.0,5,1,5,3.61445783132531,4,"Warsaw, (PL67), Poland",PL,PL67,52.25,21,-534433,0,,,,,,,4,"Warsaw, (PL67), Poland",PL,PL67,52.25,21,-534433,20250311,https://www.poweronline.com/doc/goldenpeaks-capital-signs-power-purchase-agreement-with-ngk-ceramics-polska-0001
1231423532,20250311,202503,2025,2025.1945,BUS,COMPANY,,,,,,BUS,,,CAN,CANADA,CAN,,,,,,,,1,051,051,05,1,3.4,4,1,4,2.6984126984127,4,"Vancouver, British Columbia, Canada",CA,CA02,49.25,-123.133,-575268,4,"Vancouver, British Columbia, Canada",CA,CA02,49.25,-123.133,-575268,4,"Vancouver, British Columbia, Canada",CA,CA02,49.25,-123.133,-575268,20250311,https://www.juniorminingnetwork.com/junior-miner-news/press-releases/2760-cse/wg/176629-westward-gold-welcomes-dr-john-mark-staude-as-newest-strategic-advisor.html
1231423690,20250311,202503,2025,2025.1945,CVL,HUNTER,,,,,,CVL,,,,,,,,,,,,,1,051,051,05,1,3.4,3,1,3,3.39892665474061,4,"Vancouver, British Columbia, Canada",CA,CA02,49.25,-123.133,-575268,0,,,,,,,4,"Vancouver, British Columbia, Canada",CA,CA02,49.25,-123.133,-575268,20250311,https://www.juniorminingnetwork.com/junior-miner-news/press-releases/2921-cse/hunt/176608-gold-hunter-closes-40-oversubscribed-non-brokered-private-placement.html
1231423705,20250311,202503,2025,2025.1945,CVL,HUNTER,,,,,,CVL,,,GBR,UNITED KINGDOM,GBR,,,,,,,,1,051,051,05,1,3.4,2,1,2,3.39892665474061,4,"Vancouver, British Columbia, Canada",CA,CA02,49.25,-123.133,-575268,4,"Vancouver, British Columbia, Canada",CA,CA02,49.25,-123.133,-575268,4,"Vancouver, British Columbia, Canada",CA,CA02,49.25,-123.133,-575268,20250311,https://www.juniorminingnetwork.com/junior-miner-news/press-releases/2921-cse/hunt/176608-gold-hunter-closes-40-oversubscribed-non-brokered-private-placement.html
1231424047,20250311,202503,2025,2025.1945,IND,KARNATAKA,IND,,,,,,,,GOV,GOVERNMENT,,,,,,GOV,,,1,090,090,09,2,-2.0,2,1,2,-2.24719101123596,5,"Karnataka, Karnataka, India",IN,IN19,13.5,76,-2099860,4,"Bengaluru, Karnataka, India",IN,IN19,12.9833,77.5833,-2090174,4,"Bengaluru, Karnataka, India",IN,IN19,12.9833,77.5833,-2090174,20250311,https://www.mangalorean.com/gold-smuggling-case-ktaka-govt-orders-probe-against-ranyas-father-dgp-ramachandra-rao/
1231424260,20250311,202503,2025,2025.1945,MED,MEDIA,,,,,,MED,,,BUS,COMPANY,,,,,,BUS,,,0,060,060,06,2,6.0,20,2,20,2.55016711782124,1,United Kingdom,UK,UK,54,-4,UK,1,United Kingdom,UK,UK,54,-4,UK,1,United Kingdom,UK,UK,54,-4,UK,20250311,https://www.juniorminingnetwork.com/junior-miner-news/press-releases/2760-cse/wg/176629-westward-gold-welcomes-dr-john-mark-staude-as-newest-strategic-advisor.html
1231424424,20250311,202503,2025,2025.1945,POL,POLAND,POL,,,,,,,,,,,,,,,,,,0,070,070,07,2,7.0,2,1,2,3.61445783132531,4,"Warsaw, (PL67), Poland",PL,PL67,52.25,21,-534433,0,,,,,,,4,"Warsaw, (PL67), Poland",PL,PL67,52.25,21,-534433,20250311,https://www.poweronline.com/doc/goldenpeaks-capital-signs-power-purchase-agreement-with-ngk-ceramics-polska-0001
1231426250,20250311,202503,2025,2025.1945,AUS,AUSTRALIA,AUS,,,,,,,,,,,,,,,,,,1,073,073,07,2,7.4,6,1,6,-6.82788051209104,4,"Byron Bay, New South Wales, Australia",AS,AS02,-28.642,153.612,-1563414,0,,,,,,,4,"Byron Bay, New South Wales, Australia",AS,AS02,-28.642,153.612,-1563414,20250311,https://www.dailyrecord.co.uk/news/uk-world-news/australias-popular-gold-coast-region-34838746
1231426253,20250311,202503,2025,2025.1945,AUS,BRISBANE,AUS,,,,,,,,MIL,MILITARY PERSONNEL,,,,,,MIL,,,1,182,182,18,4,-9.5,3,1,3,-6.82788051209104,4,"Byron Bay, New South Wales, Australia",AS,AS02,-28.642,153.612,-1563414,4,"Byron Bay, New South Wales, Australia",AS,AS02,-28.642,153.612,-1563414,4,"Byron Bay, New South Wales, Australia",AS,AS02,-28.642,153.612,-1563414,20250311,https://www.dailyrecord.co.uk/news/uk-world-news/australias-popular-gold-coast-region-34838746
1231428801,20250311,202503,2025,2025.1945,AUS,AUSTRALIA,AUS,,,,,,,,,,,,,,,,,,1,061,061,06,2,6.4,14,3,14,-0.624744555380397,3,"Washington, District of Columbia, United States",US,USDC,38.8951,-77.0364,531871,0,,,,,,,3,"Washington, District of Columbia, United States",US,USDC,38.8951,-77.0364,531871,20250311,https://www.theguardian.com/australia-news/2025/mar/12/australias-record-gold-exports-to-us-set-back-its-case-for-tariff-relief-as-trump-trade-war-looms
1231428802,20250311,202503,2025,2025.1945,AUS,AUSTRALIA,AUS,,,,,,,,,,,,,,,,,,1,061,061,06,2,6.4,728,53,372,-2.02902303724288,1,Australia,AS,AS,-25,135,AS,0,,,,,,,1,Australia,AS,AS,-25,135,AS,20250311,https://www.theguardian.com/australia-news/2025/mar/12/australias-record-gold-exports-to-us-set-back-its-case-for-tariff-relief-as-trump-trade-war-looms
1231428806,20250311,202503,2025,2025.1945,AUS,AUSTRALIA,AUS,,,,,,,,BUS,INVESTOR,,,,,,BUS,,,1,014,014,01,1,0.0,3,1,3,-3.03030303030303,1,Australia,AS,AS,-25,135,AS,1,Australia,AS,AS,-25,135,AS,1,Australia,AS,AS,-25,135,AS,20250311,https://www.theguardian.com/australia-news/2025/mar/12/australias-record-gold-exports-to-us-set-back-its-case-for-tariff-relief-as-trump-trade-war-looms
1231428807,20250311,202503,2025,2025.1945,AUS,AUSTRALIA,AUS,,,,,,,,BUS,INVESTOR,,,,,,BUS,,,1,061,061,06,2,6.4,3,1,3,-3.03030303030303,1,Australia,AS,AS,-25,135,AS,1,Australia,AS,AS,-25,135,AS,1,Australia,AS,AS,-25,135,AS,20250311,https://www.theguardian.com/australia-news/2025/mar/12/australias-record-gold-exports-to-us-set-back-its-case-for-tariff-relief-as-trump-trade-war-looms
1231428811,20250311,202503,2025,2025.1945,AUS,AUSTRALIA,AUS,,,,,,,,USA,UNITED STATES,USA,,,,,,,,0,043,043,04,1,2.8,2,1,2,-3.03030303030303,1,Australia,AS,AS,-25,135,AS,3,"Washington, District of Columbia, United States",US,USDC,38.8951,-77.0364,531871,1,Australia,AS,AS,-25,135,AS,20250311,https://www.theguardian.com/australia-news/2025/mar/12/australias-record-gold-exports-to-us-set-back-its-case-for-tariff-relief-as-trump-trade-war-looms
1231428812,20250311,202503,2025,2025.1945,AUS,AUSTRALIA,AUS,,,,,,,,USA,UNITED STATES,USA,,,,,,,,0,043,043,04,1,2.8,2,1,2,-3.03030303030303,1,Australia,AS,AS,-25,135,AS,1,Australia,AS,AS,-25,135,AS,1,Australia,AS,AS,-25,135,AS,20250311,https://www.theguardian.com/australia-news/2025/mar/12/australias-record-gold-exports-to-us-set-back-its-case-for-tariff-relief-as-trump-trade-war-looms
1231428813,20250311,202503,2025,2025.1945,AUS,AUSTRALIA,AUS,,,,,,,,USA,THE US,USA,,,,,,,,0,061,061,06,2,6.4,43,12,43,-1.32849778316215,1,Australia,AS,AS,-25,135,AS,3,"Washington, District of Columbia, United States",US,USDC,38.8951,-77.0364,531871,3,"Washington, District of Columbia, United States",US,USDC,38.8951,-77.0364,531871,20250311,https://www.theguardian.com/australia-news/2025/mar/12/australias-record-gold-exports-to-us-set-back-its-case-for-tariff-relief-as-trump-trade-war-looms
1231428814,20250311,202503,2025,2025.1945,AUS,AUSTRALIA,AUS,,,,,,,,USA,THE US,USA,,,,,,,,0,061,061,06,2,6.4,2,1,2,-3.03030303030303,1,Australia,AS,AS,-25,135,AS,3,"Washington, District of Columbia, United States",US,USDC,38.8951,-77.0364,531871,1,Australia,AS,AS,-25,135,AS,20250311,https://www.theguardian.com/australia-news/2025/mar/12/australias-record-gold-exports-to-us-set-back-its-case-for-tariff-relief-as-trump-trade-war-looms
1231429127,20250311,202503,2025,2025.1945,EDU,ECONOMIST,,,,,,EDU,,,AUS,AUSTRALIA,AUS,,,,,,,,1,061,061,06,2,6.4,7,1,7,-3.03030303030303,1,Australia,AS,AS,-25,135,AS,1,Australia,AS,AS,-25,135,AS,1,Australia,AS,AS,-25,135,AS,20250311,https://www.theguardian.com/australia-news/2025/mar/12/australias-record-gold-exports-to-us-set-back-its-case-for-tariff-relief-as-trump-trade-war-looms
1231429128,20250311,202503,2025,2025.1945,EDU,ECONOMIST,,,,,,EDU,,,BUS,INVESTOR,,,,,,BUS,,,1,014,014,01,1,0.0,7,1,7,-3.03030303030303,1,Australia,AS,AS,-25,135,AS,1,Australia,AS,AS,-25,135,AS,1,Australia,AS,AS,-25,135,AS,20250311,https://www.theguardian.com/australia-news/2025/mar/12/australias-record-gold-exports-to-us-set-back-its-case-for-tariff-relief-as-trump-trade-war-looms
1231429328,20250311,202503,2025,2025.1945,GOV,ADMINISTRATION,,,,,,GOV,,,,,,,,,,,,,0,033,033,03,1,5.2,3,1,3,-3.03030303030303,1,Australia,AS,AS,-25,135,AS,0,,,,,,,1,Australia,AS,AS,-25,135,AS,20250311,https://www.theguardian.com/australia-news/2025/mar/12/australias-record-gold-exports-to-us-set-back-its-case-for-tariff-relief-as-trump-trade-war-looms
1231429368,20250311,202503,2025,2025.1945,GOV,ADMINISTRATION,,,,,,GOV,,,AUS,AUSTRALIA,AUS,,,,,,,,0,061,061,06,2,6.4,2,1,2,-3.03030303030303,1,Australia,AS,AS,-25,135,AS,1,Australia,AS,AS,-25,135,AS,1,Australia,AS,AS,-25,135,AS,20250311,https://www.theguardian.com/australia-news/2025/mar/12/australias-record-gold-exports-to-us-set-back-its-case-for-tariff-relief-as-trump-trade-war-looms
1231430279,20250311,202503,2025,2025.1945,USA,UNITED STATES,USA,,,,,,,,AUS,AUSTRALIA,AUS,,,,,,,,0,042,042,04,1,1.9,2,1,2,-3.03030303030303,3,"Washington, District of Columbia, United States",US,USDC,38.8951,-77.0364,531871,1,Australia,AS,AS,-25,135,AS,1,Australia,AS,AS,-25,135,AS,20250311,https://www.theguardian.com/australia-news/2025/mar/12/australias-record-gold-exports-to-us-set-back-its-case-for-tariff-relief-as-trump-trade-war-looms
1231430280,20250311,202503,2025,2025.1945,USA,UNITED STATES,USA,,,,,,,,AUS,AUSTRALIA,AUS,,,,,,,,0,042,042,04,1,1.9,2,1,2,-3.03030303030303,1,Australia,AS,AS,-25,135,AS,1,Australia,AS,AS,-25,135,AS,1,Australia,AS,AS,-25,135,AS,20250311,https://www.theguardian.com/australia-news/2025/mar/12/australias-record-gold-exports-to-us-set-back-its-case-for-tariff-relief-as-trump-trade-war-looms
1231430281,20250311,202503,2025,2025.1945,USA,THE US,USA,,,,,,,,AUS,AUSTRALIA,AUS,,,,,,,,0,061,061,06,2,6.4,4,1,4,-3.03030303030303,3,"Washington, District of Columbia, United States",US,USDC,38.8951,-77.0364,531871,1,Australia,AS,AS,-25,135,AS,1,Australia,AS,AS,-25,135,AS,20250311,https://www.theguardian.com/australia-news/2025/mar/12/australias-record-gold-exports-to-us-set-back-its-case-for-tariff-relief-as-trump-trade-war-looms
1231430282,20250311,202503,2025,2025.1945,USA,THE US,USA,,,,,,,,AUS,AUSTRALIA,AUS,,,,,,,,1,061,061,06,2,6.4,202,48,202,-2.1885185502934,1,Australia,AS,AS,-25,135,AS,1,Australia,AS,AS,-25,135,AS,1,Australia,AS,AS,-25,135,AS,20250311,https://www.theguardian.com/australia-news/2025/mar/12/australias-record-gold-exports-to-us-set-back-its-case-for-tariff-relief-as-trump-trade-war-looms
1231430349,20250311,202503,2025,2025.1945,USA,UNITED STATES,USA,,,,,,,,GOV,ADMINISTRATION,,,,,,GOV,,,0,033,033,03,1,5.2,2,1,2,-3.03030303030303,3,"Washington, District of Columbia, United States",US,USDC,38.8951,-77.0364,531871,3,"Washington, District of Columbia, United States",US,USDC,38.8951,-77.0364,531871,3,"Washington, District of Columbia, United States",US,USDC,38.8951,-77.0364,531871,20250311,https://www.theguardian.com/australia-news/2025/mar/12/australias-record-gold-exports-to-us-set-back-its-case-for-tariff-relief-as-trump-trade-war-looms
1231437167,20250311,202503,2025,2025.1945,ARE,DUBAI,ARE,,,,,,,,,,,,,,,,,,1,043,043,04,1,2.8,8,1,8,3.44827586206896,4,"Dubai, Dubayy, United Arab Emirates",AE,AE03,25.2522,55.28,-782831,0,,,,,,,1,India,IN,IN,20,77,IN,20250311,https://timesofindia.indiatimes.com/india/how-much-gold-can-you-bring-from-dubai-to-india-a-complete-guide/articleshow/118886756.cms
1231437168,20250311,202503,2025,2025.1945,ARE,UNITED ARAB EMIRATES,ARE,,,,,,,,,,,,,,,,,,1,043,043,04,1,2.8,2,1,2,3.44827586206896,1,India,IN,IN,20,77,IN,0,,,,,,,1,India,IN,IN,20,77,IN,20250311,https://timesofindia.indiatimes.com/india/how-much-gold-can-you-bring-from-dubai-to-india-a-complete-guide/articleshow/118886756.cms
1231437427,20250311,202503,2025,2025.1945,CVL,TRAVELER,,,,,,CVL,,,,,,,,,,,,,1,060,060,06,2,6.0,10,1,10,3.44827586206896,4,"Dubai, Dubayy, United Arab Emirates",AE,AE03,25.2522,55.28,-782831,0,,,,,,,1,India,IN,IN,20,77,IN,20250311,https://timesofindia.indiatimes.com/india/how-much-gold-can-you-bring-from-dubai-to-india-a-complete-guide/articleshow/118886756.cms
1231440836,20250311,202503,2025,2025.1945,,,,,,,,,,,CAN,CANADA,CAN,,,,,,,,1,042,042,04,1,1.9,8,1,8,5.24137931034483,0,,,,,,,1,Canada,CA,CA,60,-96,CA,2,"Maine, United States",US,USME,44.6074,-69.3977,ME,20250311,https://www.firstcomicsnews.com/just-joshing-the-golden-tiki/
1231440837,20250311,202503,2025,2025.1945,,,,,,,,,,,CAN,CANADA,CAN,,,,,,,,1,042,042,04,1,1.9,2,1,2,5.24137931034483,0,,,,,,,2,"Maine, United States",US,USME,44.6074,-69.3977,ME,2,"Maine, United States",US,USME,44.6074,-69.3977,ME,20250311,https://www.firstcomicsnews.com/just-joshing-the-golden-tiki/
1231441134,20250311,202503,2025,2025.1945,CAN,CANADA,CAN,,,,,,,,,,,,,,,,,,1,043,043,04,1,2.8,8,1,8,5.24137931034483,1,Canada,CA,CA,60,-96,CA,0,,,,,,,2,"Maine, United States",US,USME,44.6074,-69.3977,ME,20250311,https://www.firstcomicsnews.com/just-joshing-the-golden-tiki/
1231441135,20250311,202503,2025,2025.1945,CAN,CANADA,CAN,,,,,,,,,,,,,,,,,,1,043,043,04,1,2.8,2,1,2,5.24137931034483,2,"Maine, United States",US,USME,44.6074,-69.3977,ME,0,,,,,,,2,"Maine, United States",US,USME,44.6074,-69.3977,ME,20250311,https://www.firstcomicsnews.com/just-joshing-the-golden-tiki/
1231441277,20250311,202503,2025,2025.1945,CRM,PIRATE,,,,,,CRM,,,,,,,,,,,,,1,0333,033,03,1,5.2,6,1,6,5.24137931034483,2,"Maine, United States",US,USME,44.6074,-69.3977,ME,0,,,,,,,2,"Maine, United States",US,USME,44.6074,-69.3977,ME,20250311,https://www.firstcomicsnews.com/just-joshing-the-golden-tiki/
1231441278,20250311,202503,2025,2025.1945,CRM,PIRATE,,,,,,CRM,,,,,,,,,,,,,1,073,073,07,2,7.4,6,1,6,5.24137931034483,2,"Maine, United States",US,USME,44.6074,-69.3977,ME,0,,,,,,,2,"Maine, United States",US,USME,44.6074,-69.3977,ME,20250311,https://www.firstcomicsnews.com/just-joshing-the-golden-tiki/
1231442427,20250311,202503,2025,2025.1945,USA,UNITED STATES,USA,,,,,,,,,,,,,,,,,,1,0333,033,03,1,5.2,4,1,4,5.24137931034483,2,"Maine, United States",US,USME,44.6074,-69.3977,ME,0,,,,,,,2,"Maine, United States",US,USME,44.6074,-69.3977,ME,20250311,https://www.firstcomicsnews.com/just-joshing-the-golden-tiki/
1231442448,20250311,202503,2025,2025.1945,USA,UNITED STATES,USA,,,,,,,,,,,,,,,,,,1,073,073,07,2,7.4,4,1,4,5.24137931034483,2,"Maine, United States",US,USME,44.6074,-69.3977,ME,0,,,,,,,2,"Maine, United States",US,USME,44.6074,-69.3977,ME,20250311,https://www.firstcomicsnews.com/just-joshing-the-golden-tiki/
1231442848,20250311,202503,2025,2025.1945,,,,,,,,,,,CRM,ROBBER,,,,,,CRM,,,1,190,190,19,4,-10.0,10,1,10,-5.42635658914731,0,,,,,,,1,China,CH,CH,35,105,CH,1,China,CH,CH,35,105,CH,20250311,https://www.thezimbabwemail.com/main/police-hold-chinese-sierra-leonean-gang-on-gold-smuggling-and-armed-robbery-charges/
1231443065,20250311,202503,2025,2025.1945,CHNCVL,CHINESE,CHN,,,,,CVL,,,SLE,SIERRA LEONEAN,SLE,,,,,,,,1,042,042,04,1,1.9,3,1,3,-5.42635658914731,1,China,CH,CH,35,105,CH,1,China,CH,CH,35,105,CH,1,China,CH,CH,35,105,CH,20250311,https://www.thezimbabwemail.com/main/police-hold-chinese-sierra-leonean-gang-on-gold-smuggling-and-armed-robbery-charges/
1231443185,20250311,202503,2025,2025.1945,EDU,SCHOOL,,,,,,EDU,,,,,,,,,,,,,1,012,012,01,1,-0.4,5,1,5,-6.78851174934726,4,"Pankese, Ghana (general), Ghana",GH,GH00,6.51166,-0.844049,-2077955,0,,,,,,,4,"Pankese, Ghana (general), Ghana",GH,GH00,6.51166,-0.844049,-2077955,20250311,https://www.pulse.com.gh/articles/news/galamsey-hits-er-illegal-miners-dig-for-gold-on-junior-high-school-land-2025031112572718771
1231443206,20250311,202503,2025,2025.1945,EDU,SCHOOL,,,,,,EDU,,,,,,,,,,,,,1,192,192,19,4,-9.5,10,1,10,-6.78851174934726,4,"Pankese, Ghana (general), Ghana",GH,GH00,6.51166,-0.844049,-2077955,0,,,,,,,4,"Pankese, Ghana (general), Ghana",GH,GH00,6.51166,-0.844049,-2077955,20250311,https://www.pulse.com.gh/articles/news/galamsey-hits-er-illegal-miners-dig-for-gold-on-junior-high-school-land-2025031112572718771
1231443833,20250311,202503,2025,2025.1945,SLE,SIERRA LEONEAN,SLE,,,,,,,,CHNCVL,CHINESE,CHN,,,,,CVL,,,1,043,043,04,1,2.8,2,1,2,-5.42635658914731,1,Sierra Leone,SL,SL,8.5,-11.5,SL,1,China,CH,CH,35,105,CH,4,"Karoi, Mashonaland Central, Zimbabwe",ZI,ZI03,-16.5639,31.5841,-2313414,20250311,https://www.thezimbabwemail.com/main/police-hold-chinese-sierra-leonean-gang-on-gold-smuggling-and-armed-robbery-charges/
1231443834,20250311,202503,2025,2025.1945,SLE,SIERRA LEONE,SLE,,,,,,,,CHNCVL,CHINA,CHN,,,,,CVL,,,1,043,043,04,1,2.8,1,1,1,-5.42635658914731,1,Zambia,ZA,ZA,-15,30,ZA,1,China,CH,CH,35,105,CH,4,"Karoi, Mashonaland Central, Zimbabwe",ZI,ZI03,-16.5639,31.5841,-2313414,20250311,https://www.thezimbabwemail.com/main/police-hold-chinese-sierra-leonean-gang-on-gold-smuggling-and-armed-robbery-charges/
1231445952,20240311,202403,2024,2024.1945,NZL,NEW ZEALAND,NZL,,,,,,,,,,,,,,,,,,1,172,172,17,4,-5.0,4,1,4,0.37878787878788,4,"Wellington, New Zealand (general), New Zealand",NZ,NZ00,-41.3,174.783,-1521348,0,,,,,,,4,"Wellington, New Zealand (general), New Zealand",NZ,NZ00,-41.3,174.783,-1521348,20250311,https://www.nzherald.co.nz/nz/auckland-restaurants-lucky-8-and-jungle-8-expanding-to-wellingtons-golden-mile/ZLYZ4RYJPZEJTNIBBICQ7SK5QQ/
1231445971,20250304,202503,2025,2025.1753,CAN,CANADA,CAN,,,,,,,,CVLBUS,IMMIGRANT,,,,,,CVL,BUS,,0,010,010,01,1,0.0,8,1,8,0.26501766784452,4,"Markdale, Ontario, Canada",CA,CA08,44.3167,-80.65,-568751,4,"Markdale, Ontario, Canada",CA,CA08,44.3167,-80.65,-568751,4,"Markdale, Ontario, Canada",CA,CA08,44.3167,-80.65,-568751,20250311,https://windsorstar.com:443/news/economy/trump-gold-card-citizenship-program-could-work-for-canada
1231445972,20250304,202503,2025,2025.1753,CAN,CANADA,CAN,,,,,,,,CVLBUS,IMMIGRANT,,,,,,CVL,BUS,,0,010,010,01,1,0.0,2,1,2,0.26501766784452,4,"Quebec, Quebec, Canada",CA,CA10,47.5,-72,-571850,4,"Quebec, Quebec, Canada",CA,CA10,47.5,-72,-571850,4,"Quebec, Quebec, Canada",CA,CA10,47.5,-72,-571850,20250311,https://windsorstar.com:443/news/economy/trump-gold-card-citizenship-program-could-work-for-canada
1231445973,20250304,202503,2025,2025.1753,CAN,CANADA,CAN,,,,,,,,CVLBUS,IMMIGRANT,,,,,,CVL,BUS,,0,0311,031,03,1,5.2,8,1,8,0.26501766784452,4,"Markdale, Ontario, Canada",CA,CA08,44.3167,-80.65,-568751,4,"Markdale, Ontario, Canada",CA,CA08,44.3167,-80.65,-568751,4,"Markdale, Ontario, Canada",CA,CA08,44.3167,-80.65,-568751,20250311,https://windsorstar.com:443/news/economy/trump-gold-card-citizenship-program-could-work-for-canada
1231445974,20250304,202503,2025,2025.1753,CAN,CANADA,CAN,,,,,,,,CVLBUS,IMMIGRANT,,,,,,CVL,BUS,,0,0311,031,03,1,5.2,2,1,2,0.26501766784452,4,"Quebec, Quebec, Canada",CA,CA10,47.5,-72,-571850,4,"Quebec, Quebec, Canada",CA,CA10,47.5,-72,-571850,4,"Quebec, Quebec, Canada",CA,CA10,47.5,-72,-571850,20250311,https://windsorstar.com:443/news/economy/trump-gold-card-citizenship-program-could-work-for-canada
1231446008,20250311,202503,2025,2025.1945,,,,,,,,,,,CAN,CANADA,CAN,,,,,,,,0,014,014,01,1,0.0,12,2,12,-0.76569475889211,0,,,,,,,4,"Quebec, Quebec, Canada",CA,CA10,47.5,-72,-571850,4,"Quebec, Quebec, Canada",CA,CA10,47.5,-72,-571850,20250311,https://windsorstar.com:443/news/economy/trump-gold-card-citizenship-program-could-work-for-canada
1231446046,20250311,202503,2025,2025.1945,,,,,,,,,,,GBR,UNITED KINGDOM,GBR,,,,,,,,1,173,173,17,4,-5.0,1,1,1,4.64285714285714,0,,,,,,,4,"Yorkshire, North Yorkshire, United Kingdom",UK,UKJ7,54,-1.5,-2612324,4,"London, London, City of, United Kingdom",UK,UKH9,51.5,-0.116667,-2601889,20250311,https://bakeryinfo.co.uk/events/bakers-grab-golds-at-farm-shop-and-deli-product-awards-2025/702041.article
1231446047,20250311,202503,2025,2025.1945,,,,,,,,,,,GBR,UNITED KINGDOM,GBR,,,,,,,,1,173,173,17,4,-5.0,1,1,1,4.64285714285714,0,,,,,,,4,"Yorkshire, North Yorkshire, United Kingdom",UK,UKJ7,54,-1.5,-2612324,4,"Yorkshire, North Yorkshire, United Kingdom",UK,UKJ7,54,-1.5,-2612324,20250311,https://bakeryinfo.co.uk/events/bakers-grab-golds-at-farm-shop-and-deli-product-awards-2025/702041.article
1231446049,20250311,202503,2025,2025.1945,,,,,,,,,,,GOV,ADMINISTRATION,,,,,,GOV,,,0,033,033,03,1,5.2,6,1,6,0.26501766784452,0,,,,,,,4,"Owen Sound, Ontario, Canada",CA,CA08,44.5667,-80.85,-570814,4,"Owen Sound, Ontario, Canada",CA,CA08,44.5667,-80.85,-570814,20250311,https://windsorstar.com:443/news/economy/trump-gold-card-citizenship-program-could-work-for-canada
1231446106,20250311,202503,2025,2025.1945,,,,,,,,,,,USA,UNITED STATES,USA,,,,,,,,0,033,033,03,1,5.2,4,2,4,1.23429267442593,0,,,,,,,2,"New York, United States",US,USNY,42.1497,-74.9384,NY,4,"Ottawa, Ontario, Canada",CA,CA08,45.4167,-75.7,-570760,20250311,https://windsorstar.com:443/news/economy/trump-gold-card-citizenship-program-could-work-for-canada
1231446107,20250311,202503,2025,2025.1945,,,,,,,,,,,USA,UNITED STATES,USA,,,,,,,,0,033,033,03,1,5.2,4,2,4,1.23429267442593,0,,,,,,,2,"New York, United States",US,USNY,42.1497,-74.9384,NY,2,"New York, United States",US,USNY,42.1497,-74.9384,NY,20250311,https://windsorstar.com:443/news/economy/trump-gold-card-citizenship-program-could-work-for-canada
1231446226,20250311,202503,2025,2025.1945,BUS,ENTREPRENEUR,,,,,,BUS,,,BUSCVL,INVESTOR,,,,,,BUS,CVL,,0,036,036,03,1,4.0,10,1,10,0.26501766784452,4,"Quebec, Quebec, Canada",CA,CA10,47.5,-72,-571850,4,"Quebec, Quebec, Canada",CA,CA10,47.5,-72,-571850,4,"Quebec, Quebec, Canada",CA,CA10,47.5,-72,-571850,20250311,https://windsorstar.com:443/news/economy/trump-gold-card-citizenship-program-could-work-for-canada
1231446227,20250311,202503,2025,2025.1945,BUS,ENTREPRENEUR,,,,,,BUS,,,CAN,CANADA,CAN,,,,,,,,0,020,020,02,1,3.0,10,1,10,0.26501766784452,4,"Quebec, Quebec, Canada",CA,CA10,47.5,-72,-571850,4,"Quebec, Quebec, Canada",CA,CA10,47.5,-72,-571850,4,"Quebec, Quebec, Canada",CA,CA10,47.5,-72,-571850,20250311,https://windsorstar.com:443/news/economy/trump-gold-card-citizenship-program-could-work-for-canada
1231446236,20250311,202503,2025,2025.1945,BUS,BUSINESS,,,,,,BUS,,,CVL,THE POOR,,,,,,CVL,,,0,112,112,11,3,-2.0,3,1,3,0.26501766784452,4,"Quebec, Quebec, Canada",CA,CA10,47.5,-72,-571850,4,"Quebec, Quebec, Canada",CA,CA10,47.5,-72,-571850,4,"Quebec, Quebec, Canada",CA,CA10,47.5,-72,-571850,20250311,https://windsorstar.com:443/news/economy/trump-gold-card-citizenship-program-could-work-for-canada
1231446260,20250311,202503,2025,2025.1945,BUSCVL,INVESTOR,,,,,,BUS,CVL,,BUS,ENTREPRENEUR,,,,,,BUS,,,0,036,036,03,1,4.0,10,1,10,0.26501766784452,4,"Quebec, Quebec, Canada",CA,CA10,47.5,-72,-571850,4,"Quebec, Quebec, Canada",CA,CA10,47.5,-72,-571850,4,"Quebec, Quebec, Canada",CA,CA10,47.5,-72,-571850,20250311,https://windsorstar.com:443/news/economy/trump-gold-card-citizenship-program-could-work-for-canada
1231446268,20250311,202503,2025,2025.1945,CAN,ONTARIO,CAN,,,,,,,,,,,,,,,,,,0,051,051,05,1,3.4,92,1,92,-0.572806835407594,4,"Markdale, Ontario, Canada",CA,CA08,44.3167,-80.65,-568751,0,,,,,,,4,"Markdale, Ontario, Canada",CA,CA08,44.3167,-80.65,-568751,20250311,https://windsorstar.com:443/news/economy/trump-gold-card-citizenship-program-could-work-for-canada
1231446289,20250311,202503,2025,2025.1945,CAN,CANADA,CAN,,,,,,,,CVL,THE POOR,,,,,,CVL,,,0,112,112,11,3,-2.0,4,1,4,0.26501766784452,4,"Quebec, Quebec, Canada",CA,CA10,47.5,-72,-571850,4,"Quebec, Quebec, Canada",CA,CA10,47.5,-72,-571850,4,"Quebec, Quebec, Canada",CA,CA10,47.5,-72,-571850,20250311,https://windsorstar.com:443/news/economy/trump-gold-card-citizenship-program-could-work-for-canada
1231446301,20250311,202503,2025,2025.1945,CAN,ONTARIO,CAN,,,,,,,,USA,UNITED STATES,USA,,,,,,,,0,051,051,05,1,3.4,4,1,4,0.26501766784452,2,"New York, United States",US,USNY,42.1497,-74.9384,NY,2,"New York, United States",US,USNY,42.1497,-74.9384,NY,2,"New York, United States",US,USNY,42.1497,-74.9384,NY,20250311,https://windsorstar.com:443/news/economy/trump-gold-card-citizenship-program-could-work-for-canada
1231446440,20250311,202503,2025,2025.1945,CVL,VILLAGE,,,,,,CVL,,,,,,,,,,,,,1,051,051,05,1,3.4,10,1,10,2.70935960591133,4,"Sussex, East Sussex, United Kingdom",UK,UKE2,50.9167,-0.083333,-2609142,0,,,,,,,4,"Sussex, East Sussex, United Kingdom",UK,UKE2,50.9167,-0.083333,-2609142,20250311,https://www.express.co.uk/travel/uk/2025658/hamptons-uk-seaside-village-golden
1231447199,20250311,202503,2025,2025.1945,NZL,NEW ZEALAND,NZL,,,,,,,,CHN,CHINESE,CHN,,,,,,,,0,010,010,01,1,0.0,1,1,1,0.37878787878788,4,"Wellington, New Zealand (general), New Zealand",NZ,NZ00,-41.3,174.783,-1521348,4,"Wellington, New Zealand (general), New Zealand",NZ,NZ00,-41.3,174.783,-1521348,4,"Wellington, New Zealand (general), New Zealand",NZ,NZ00,-41.3,174.783,-1521348,20250311,https://www.nzherald.co.nz/nz/auckland-restaurants-lucky-8-and-jungle-8-expanding-to-wellingtons-golden-mile/ZLYZ4RYJPZEJTNIBBICQ7SK5QQ/
1231447200,20250311,202503,2025,2025.1945,NZL,NEW ZEALAND,NZL,,,,,,,,CHN,CHINESE,CHN,,,,,,,,0,010,010,01,1,0.0,1,1,1,0.37878787878788,4,"Wellington, New Zealand (general), New Zealand",NZ,NZ00,-41.3,174.783,-1521348,1,China,CH,CH,35,105,CH,4,"Wellington, New Zealand (general), New Zealand",NZ,NZ00,-41.3,174.783,-1521348,20250311,https://www.nzherald.co.nz/nz/auckland-restaurants-lucky-8-and-jungle-8-expanding-to-wellingtons-golden-mile/ZLYZ4RYJPZEJTNIBBICQ7SK5QQ/
1231447201,20250311,202503,2025,2025.1945,NZL,NEW ZEALAND,NZL,,,,,,,,JPN,JAPAN,JPN,,,,,,,,0,010,010,01,1,0.0,2,1,2,0.37878787878788,4,"Wellington, New Zealand (general), New Zealand",NZ,NZ00,-41.3,174.783,-1521348,4,"Ponsonby, New Zealand (general), New Zealand",NZ,NZ00,-36.85,174.733,-1516365,4,"Wellington, New Zealand (general), New Zealand",NZ,NZ00,-41.3,174.783,-1521348,20250311,https://www.nzherald.co.nz/nz/auckland-restaurants-lucky-8-and-jungle-8-expanding-to-wellingtons-golden-mile/ZLYZ4RYJPZEJTNIBBICQ7SK5QQ/
1231447202,20250311,202503,2025,2025.1945,NZL,NEW ZEALAND,NZL,,,,,,,,JPN,JAPAN,JPN,,,,,,,,0,010,010,01,1,0.0,2,1,2,0.37878787878788,4,"Wellington, New Zealand (general), New Zealand",NZ,NZ00,-41.3,174.783,-1521348,1,Japan,JA,JA,36,138,JA,4,"Wellington, New Zealand (general), New Zealand",NZ,NZ00,-41.3,174.783,-1521348,20250311,https://www.nzherald.co.nz/nz/auckland-restaurants-lucky-8-and-jungle-8-expanding-to-wellingtons-golden-mile/ZLYZ4RYJPZEJTNIBBICQ7SK5QQ/
1231447300,20250311,202503,2025,2025.1945,RUS,RUSSIAN,RUS,,,,,,,,,,,,,,,,,,0,020,020,02,1,3.0,1,1,1,0.26501766784452,2,"New York, United States",US,USNY,42.1497,-74.9384,NY,0,,,,,,,1,Russia,RS,RS,60,100,RS,20250311,https://windsorstar.com:443/news/economy/trump-gold-card-citizenship-program-could-work-for-canada
1231447361,20250311,202503,2025,2025.1945,SPY,INTELLIGENCE,,,,,,SPY,,,,,,,,,,,,,0,172,172,17,4,-5.0,1,1,1,-3.0690537084399,5,"Karnataka, Karnataka, India",IN,IN19,13.5,76,-2099860,0,,,,,,,4,"Dubai, Dubayy, United Arab Emirates",AE,AE03,25.2522,55.28,-782831,20250311,https://economictimes.indiatimes.com/news/politics-and-nation/gold-smuggling-case-rejecting-ministers-links-an-attempt-to-influence-probe-says-bjp/articleshow/118897956.cms
1231447445,20250311,202503,2025,2025.1945,USA,UNITED STATES,USA,,,,,,,,,,,,,,,,,,1,020,020,02,1,3.0,2,1,2,0.26501766784452,4,"Markdale, Ontario, Canada",CA,CA08,44.3167,-80.65,-568751,0,,,,,,,4,"Markdale, Ontario, Canada",CA,CA08,44.3167,-80.65,-568751,20250311,https://windsorstar.com:443/news/economy/trump-gold-card-citizenship-program-could-work-for-canada
1231447446,20250311,202503,2025,2025.1945,USA,UNITED STATES,USA,,,,,,,,,,,,,,,,,,1,020,020,02,1,3.0,2,1,2,0.26501766784452,4,"Owen Sound, Ontario, Canada",CA,CA08,44.5667,-80.85,-570814,0,,,,,,,4,"Owen Sound, Ontario, Canada",CA,CA08,44.5667,-80.85,-570814,20250311,https://windsorstar.com:443/news/economy/trump-gold-card-citizenship-program-could-work-for-canada
1231450823,20250311,202503,2025,2025.1945,GBR,UNITED KINGDOM,GBR,,,,,,,,,,,,,,,,,,1,173,173,17,4,-5.0,3,3,3,-1.86046511627907,4,"Blenheim Palace, Oxfordshire, United Kingdom",UK,UKK2,51.85,-1.36667,-2590238,0,,,,,,,4,"Blenheim Palace, Oxfordshire, United Kingdom",UK,UKK2,51.85,-1.36667,-2590238,20250311,https://www.thisisoxfordshire.co.uk/news/24999128.gold-toilet-blenheim-palace-theft-evidence-doe-ends/
1231450824,20250311,202503,2025,2025.1945,GBR,UNITED KINGDOM,GBR,,,,,,,,,,,,,,,,,,1,173,173,17,4,-5.0,3,3,3,-1.86046511627907,4,"Blenheim Palace, Oxfordshire, United Kingdom",UK,UKK2,51.85,-1.36667,-2590238,0,,,,,,,4,"London, London, City of, United Kingdom",UK,UKH9,51.5,-0.116667,-2601889,20250311,https://www.thisisoxfordshire.co.uk/news/24999128.gold-toilet-blenheim-palace-theft-evidence-doe-ends/
1231452201,20250311,202503,2025,2025.1945,USAELI,UNITED STATES,USA,,,,,ELI,,,,,,,,,,,,,0,128,128,12,3,-5.0,2,1,2,1.24740124740124,2,"New York, United States",US,USNY,42.1497,-74.9384,NY,0,,,,,,,2,"New York, United States",US,USNY,42.1497,-74.9384,NY,20250311,https://www.philstar.com/business/2025/03/12/2427666/bsp-chief-defends-gold-sale-amid-rising-prices
1231452202,20250311,202503,2025,2025.1945,USAELI,UNITED STATES,USA,,,,,ELI,,,GOV,PRESIDENT,,,,,,GOV,,,0,112,112,11,3,-2.0,2,1,2,1.24740124740124,2,"New York, United States",US,USNY,42.1497,-74.9384,NY,2,"New York, United States",US,USNY,42.1497,-74.9384,NY,2,"New York, United States",US,USNY,42.1497,-74.9384,NY,20250311,https://www.philstar.com/business/2025/03/12/2427666/bsp-chief-defends-gold-sale-amid-rising-prices
1231454201,20250311,202503,2025,2025.1945,,,,,,,,,,,BUS,BUSINESS,,,,,,BUS,,,1,040,040,04,1,1.0,5,1,5,2.97872340425532,0,,,,,,,4,"Loch Lomond, United Kingdom (general), United Kingdom",UK,UK00,56.0833,-4.6,-2601882,4,"Loch Lomond, United Kingdom (general), United Kingdom",UK,UK00,56.0833,-4.6,-2601882,20250311,https://www.thenational.scot/news/25000080.scotlands-gold-mine-purchased-south-african-company/
1231454401,20250311,202503,2025,2025.1945,BUS,BUSINESS,,,,,,BUS,,,,,,,,,,,,,1,040,040,04,1,1.0,5,1,5,2.97872340425532,4,"Loch Lomond, United Kingdom (general), United Kingdom",UK,UK00,56.0833,-4.6,-2601882,0,,,,,,,4,"London, London, City of, United Kingdom",UK,UKH9,51.5,-0.116667,-2601889,20250311,https://www.thenational.scot/news/25000080.scotlands-gold-mine-purchased-south-african-company/
1231454740,20250311,202503,2025,2025.1945,GBR,UNITED KINGDOM,GBR,,,,,,,,,,,,,,,,,,1,051,051,05,1,3.4,4,1,4,2.97872340425532,4,"Loch Lomond, United Kingdom (general), United Kingdom",UK,UK00,56.0833,-4.6,-2601882,0,,,,,,,4,"Loch Lomond, United Kingdom (general), United Kingdom",UK,UK00,56.0833,-4.6,-2601882,20250311,https://www.thenational.scot/news/25000080.scotlands-gold-mine-purchased-south-african-company/
1231454792,20250311,202503,2025,2025.1945,GOV,GOVERNMENT,,,,,,GOV,,,,,,,,,,,,,1,012,012,01,1,-0.4,10,1,10,-1.91780821917808,4,"Manipur, Uttar Pradesh, India",IN,IN36,27.0529,79.3583,10452605,0,,,,,,,4,"Manipur, Uttar Pradesh, India",IN,IN36,27.0529,79.3583,10452605,20250311,https://economictimes.indiatimes.com/news/politics-and-nation/bjp-brought-back-countrys-gold-mortgaged-by-upa-sambit-patra/articleshow/118898771.cms
1231454826,20250311,202503,2025,2025.1945,GOV,GOVERNMENT,,,,,,GOV,,,,,,,,,,,,,1,110,110,11,3,-2.0,10,1,10,-1.91780821917808,4,"Manipur, Uttar Pradesh, India",IN,IN36,27.0529,79.3583,10452605,0,,,,,,,4,"Manipur, Uttar Pradesh, India",IN,IN36,27.0529,79.3583,10452605,20250311,https://economictimes.indiatimes.com/news/politics-and-nation/bjp-brought-back-countrys-gold-mortgaged-by-upa-sambit-patra/articleshow/118898771.cms
1231455862,20250311,202503,2025,2025.1945,USA,NEW YORK,USA,,,,,,,,GOV,PREMIER,,,,,,GOV,,,1,015,015,01,1,0.0,2,1,2,-0.5249343832021,3,"Eldorado, Illinois, United States",US,USIL,37.8137,-88.4381,407845,3,"Eldorado, Illinois, United States",US,USIL,37.8137,-88.4381,407845,3,"Eldorado, Illinois, United States",US,USIL,37.8137,-88.4381,407845,20250311,https://www.prnewswire.com/news-releases/investor-alert-pomerantz-law-firm-investigates-claims-on-behalf-of-investors-of-eldorado-gold-corporation---ego-302398663.html
1231456505,20250311,202503,2025,2025.1945,CVL,SCIENTIST,,,,,,CVL,,,USAGOV,NASA,USA,,,,,GOV,,,1,070,070,07,2,7.0,9,1,9,1.8018018018018,3,"Silver Spring, Maryland, United States",US,USMD,38.9907,-77.0261,591290,3,"Silver Spring, Maryland, United States",US,USMD,38.9907,-77.0261,591290,3,"Silver Spring, Maryland, United States",US,USMD,38.9907,-77.0261,591290,20250311,https://dailycoffeenews.com/2025/03/11/celtic-cup-coffee-brews-pots-of-gold-in-silver-spring-maryland/
1231456909,20250311,202503,2025,2025.1945,IRL,IRELAND,IRL,,,,,,,,USA,UNITED STATES,USA,,,,,,,,0,042,042,04,1,1.9,1,1,1,1.8018018018018,3,"Silver Spring, Maryland, United States",US,USMD,38.9907,-77.0261,591290,3,"Silver Spring, Maryland, United States",US,USMD,38.9907,-77.0261,591290,3,"Silver Spring, Maryland, United States",US,USMD,38.9907,-77.0261,591290,20250311,https://dailycoffeenews.com/2025/03/11/celtic-cup-coffee-brews-pots-of-gold-in-silver-spring-maryland/
1231456910,20250311,202503,2025,2025.1945,IRL,IRELAND,IRL,,,,,,,,USA,UNITED STATES,USA,,,,,,,,0,042,042,04,1,1.9,1,1,1,1.8018018018018,1,Ireland,EI,EI,53,-8,EI,3,"Silver Spring, Maryland, United States",US,USMD,38.9907,-77.0261,591290,3,"Silver Spring, Maryland, United States",US,USMD,38.9907,-77.0261,591290,20250311,https://dailycoffeenews.com/2025/03/11/celtic-cup-coffee-brews-pots-of-gold-in-silver-spring-maryland/
1231457070,20250311,202503,2025,2025.1945,LEG,PARLIAMENT,,,,,,LEG,,,GOV,GOVERNMENT,,,,,,GOV,,,1,071,071,07,2,7.4,10,1,10,0,1,Ghana,GH,GH,8,-2,GH,1,Ghana,GH,GH,8,-2,GH,1,Ghana,GH,GH,8,-2,GH,20250311,https://www.myjoyonline.com/goldbod-funds-are-going-to-be-looted-and-shared-among-ndc-cronies-minority-claims/
1231457129,20250311,202503,2025,2025.1945,MED,MEDIA,,,,,,MED,,,LEG,PARLIAMENT,,,,,,LEG,,,1,111,111,11,3,-2.0,10,1,10,0,1,Ghana,GH,GH,8,-2,GH,1,Ghana,GH,GH,8,-2,GH,1,Ghana,GH,GH,8,-2,GH,20250311,https://www.myjoyonline.com/goldbod-funds-are-going-to-be-looted-and-shared-among-ndc-cronies-minority-claims/
1231457401,20250311,202503,2025,2025.1945,USA,UNITED STATES,USA,,,,,,,,,,,,,,,,,,1,010,010,01,1,0.0,2,1,2,1.8018018018018,3,"Silver Spring, Maryland, United States",US,USMD,38.9907,-77.0261,591290,0,,,,,,,3,"Silver Spring, Maryland, United States",US,USMD,38.9907,-77.0261,591290,20250311,https://dailycoffeenews.com/2025/03/11/celtic-cup-coffee-brews-pots-of-gold-in-silver-spring-maryland/
1231457560,20250311,202503,2025,2025.1945,USA,UNITED STATES,USA,,,,,,,,IRL,IRELAND,IRL,,,,,,,,0,043,043,04,1,2.8,1,1,1,1.8018018018018,3,"Silver Spring, Maryland, United States",US,USMD,38.9907,-77.0261,591290,3,"Silver Spring, Maryland, United States",US,USMD,38.9907,-77.0261,591290,3,"Silver Spring, Maryland, United States",US,USMD,38.9907,-77.0261,591290,20250311,https://dailycoffeenews.com/2025/03/11/celtic-cup-coffee-brews-pots-of-gold-in-silver-spring-maryland/
1231457561,20250311,202503,2025,2025.1945,USA,UNITED STATES,USA,,,,,,,,IRL,IRELAND,IRL,,,,,,,,0,043,043,04,1,2.8,1,1,1,1.8018018018018,3,"Silver Spring, Maryland, United States",US,USMD,38.9907,-77.0261,591290,1,Ireland,EI,EI,53,-8,EI,3,"Silver Spring, Maryland, United States",US,USMD,38.9907,-77.0261,591290,20250311,https://dailycoffeenews.com/2025/03/11/celtic-cup-coffee-brews-pots-of-gold-in-silver-spring-maryland/
1231461781,20250311,202503,2025,2025.1945,,,,,,,,,,,ERI,ERITREA,ERI,,,,,,,,0,020,020,02,1,3.0,3,1,3,-2.9639175257732,0,,,,,,,1,Eritrea,ER,ER,15,39,ER,1,Philippines,RP,RP,13,122,RP,20250311,https://economictimes.indiatimes.com/opinion/et-commentary/is-donald-trumps-5-million-gold-card-really-worth-the-price/articleshow/118900402.cms
1231461782,20250311,202503,2025,2025.1945,,,,,,,,,,,ERI,ERITREA,ERI,,,,,,,,0,020,020,02,1,3.0,1,1,1,-2.9639175257732,0,,,,,,,1,Philippines,RP,RP,13,122,RP,1,Philippines,RP,RP,13,122,RP,20250311,https://economictimes.indiatimes.com/opinion/et-commentary/is-donald-trumps-5-million-gold-card-really-worth-the-price/articleshow/118900402.cms
1231461783,20250311,202503,2025,2025.1945,,,,,,,,,,,ERI,ERITREA,ERI,,,,,,,,0,020,020,02,1,3.0,1,1,1,-2.9639175257732,0,,,,,,,1,Philippines,RP,RP,13,122,RP,1,United States,US,US,39.828175,-98.5795,US,20250311,https://economictimes.indiatimes.com/opinion/et-commentary/is-donald-trumps-5-million-gold-card-really-worth-the-price/articleshow/118900402.cms
1231462074,20250311,202503,2025,2025.1945,CRM,CRIMINAL,,,,,,CRM,,,COP,POLICE,,,,,,COP,,,1,128,128,12,3,-5.0,10,1,10,-4.43548387096775,0,,,,,,,0,,,,,,,0,,,,,,,20250311,https://timesofindia.indiatimes.com/city/goa/godmen-cheat-woman-of-gold-worth-rs-8-5-lakh-arrested/articleshow/118900498.cms
1231462612,20250311,202503,2025,2025.1945,MED,MEDIA,,,,,,MED,,,USA,UNITED STATES,USA,,,,,,,,0,080,080,08,2,5.0,1,1,1,-2.9639175257732,1,Philippines,RP,RP,13,122,RP,1,Philippines,RP,RP,13,122,RP,1,Philippines,RP,RP,13,122,RP,20250311,https://economictimes.indiatimes.com/opinion/et-commentary/is-donald-trumps-5-million-gold-card-really-worth-the-price/articleshow/118900402.cms
1231462613,20250311,202503,2025,2025.1945,MED,MEDIA,,,,,,MED,,,USA,AMERICAN,USA,,,,,,,,0,080,080,08,2,5.0,7,1,7,-2.9639175257732,1,United States,US,US,39.828175,-98.5795,US,1,United States,US,US,39.828175,-98.5795,US,1,United States,US,US,39.828175,-98.5795,US,20250311,https://economictimes.indiatimes.com/opinion/et-commentary/is-donald-trumps-5-million-gold-card-really-worth-the-price/articleshow/118900402.cms
1231463006,20250311,202503,2025,2025.1945,USA,UNITED STATES,USA,,,,,,,,USALEG,THE US,USA,,,,,LEG,,,1,010,010,01,1,0.0,2,1,2,-2.9639175257732,1,United States,US,US,39.828175,-98.5795,US,1,United States,US,US,39.828175,-98.5795,US,1,United States,US,US,39.828175,-98.5795,US,20250311,https://economictimes.indiatimes.com/opinion/et-commentary/is-donald-trumps-5-million-gold-card-really-worth-the-price/articleshow/118900402.cms
1231465085,20250311,202503,2025,2025.1945,AFR,AFRICA,AFR,,,,,,,,BUS,COMPANY,,,,,,BUS,,,1,042,042,04,1,1.9,10,1,10,-2.5974025974026,1,South Africa,SF,SF,-30,26,SF,1,South Africa,SF,SF,-30,26,SF,1,South Africa,SF,SF,-30,26,SF,20250311,https://www.timeslive.co.za/news/south-africa/2025-03-11-third-party-outside-sa-accessed-some-pam-golding-customer-information/
1231465164,20250311,202503,2025,2025.1945,BUS,COMPANY,,,,,,BUS,,,AFR,AFRICA,AFR,,,,,,,,1,043,043,04,1,2.8,10,1,10,-2.5974025974026,1,South Africa,SF,SF,-30,26,SF,1,South Africa,SF,SF,-30,26,SF,1,South Africa,SF,SF,-30,26,SF,20250311,https://www.timeslive.co.za/news/south-africa/2025-03-11-third-party-outside-sa-accessed-some-pam-golding-customer-information/
1231466797,20250311,202503,2025,2025.1945,,,,,,,,,,,GOV,ADMINISTRATION,,,,,,GOV,,,0,033,033,03,1,5.2,6,1,6,2.20356768100734,0,,,,,,,2,"New York, United States",US,USNY,42.1497,-74.9384,NY,2,"New York, United States",US,USNY,42.1497,-74.9384,NY,20250311,https://calgaryherald.com:443/news/economy/trump-gold-card-citizenship-program-could-work-for-canada/wcm/f85ef88a-2a84-4e6f-a9a2-6700f6ccb243
1231470619,20250311,202503,2025,2025.1945,COP,POLICEMEN,,,,,,COP,,,,,,,,,,,,,1,1014,101,10,3,-5.0,2,1,2,-0.59880239520958,4,"Dubai, Dubayy, United Arab Emirates",AE,AE03,25.2522,55.28,-782831,0,,,,,,,4,"Dubai, Dubayy, United Arab Emirates",AE,AE03,25.2522,55.28,-782831,20250311,https://economictimes.indiatimes.com/news/politics-and-nation/gold-smuggling-karnataka-cm-orders-probe-into-dgps-role/articleshow/118901913.cms
1231470757,20250311,202503,2025,2025.1945,ELI,ACTOR,,,,,,ELI,,,COP,POLICEMEN,,,,,,COP,,,1,1014,101,10,3,-5.0,2,1,2,-0.59880239520958,4,"Dubai, Dubayy, United Arab Emirates",AE,AE03,25.2522,55.28,-782831,4,"Dubai, Dubayy, United Arab Emirates",AE,AE03,25.2522,55.28,-782831,4,"Dubai, Dubayy, United Arab Emirates",AE,AE03,25.2522,55.28,-782831,20250311,https://economictimes.indiatimes.com/news/politics-and-nation/gold-smuggling-karnataka-cm-orders-probe-into-dgps-role/articleshow/118901913.cms
1231471030,20250311,202503,2025,2025.1945,IND,KARNATAKA,IND,,,,,,,,ELI,ACTOR,,,,,,ELI,,,1,1014,101,10,3,-5.0,5,1,5,-0.59880239520958,5,"Karnataka, Karnataka, India",IN,IN19,13.5,76,-2099860,5,"Karnataka, Karnataka, India",IN,IN19,13.5,76,-2099860,5,"Karnataka, Karnataka, India",IN,IN19,13.5,76,-2099860,20250311,https://economictimes.indiatimes.com/news/politics-and-nation/gold-smuggling-karnataka-cm-orders-probe-into-dgps-role/articleshow/118901913.cms
1231476145,20250311,202503,2025,2025.1945,IND,KARNATAKA,IND,,,,,,,,CRM,CRIMINAL,,,,,,CRM,,,1,1014,101,10,3,-5.0,1,1,1,-2.99401197604791,4,"Bengaluru, Karnataka, India",IN,IN19,12.9833,77.5833,-2090174,5,"Karnataka, Karnataka, India",IN,IN19,13.5,76,-2099860,5,"Karnataka, Karnataka, India",IN,IN19,13.5,76,-2099860,20250311,https://www.mangalorean.com/gold-smuggling-case-ktaka-govt-orders-cid-probe-into-police-lapses/
1231476146,20250311,202503,2025,2025.1945,IND,KARNATAKA,IND,,,,,,,,LEG,CONGRESS,,,,,,LEG,,,1,1121,112,11,3,-2.0,2,1,2,-3.67553865652725,5,"Karnataka, Karnataka, India",IN,IN19,13.5,76,-2099860,4,"Bengaluru, Karnataka, India",IN,IN19,12.9833,77.5833,-2090174,4,"Bengaluru, Karnataka, India",IN,IN19,12.9833,77.5833,-2090174,20250311,https://www.mangalorean.com/ranya-rao-arrest-case-cong-led-ktaka-govt-directly-involved-in-gold-smuggling-case-says-bjp/
1231477191,20250311,202503,2025,2025.1945,CAN,CANADIAN,CAN,,,,,,,,,,,,,,,,,,0,084,084,08,2,7.0,8,2,8,1.55485826302796,4,"Quesnelle, British Columbia, Canada",CA,CA02,52.9667,-122.483,-571878,0,,,,,,,4,"Quesnelle, British Columbia, Canada",CA,CA02,52.9667,-122.483,-571878,20250311,https://www.goldseiten.de/artikel/650363--Golden-Cariboo-Resources-Ltd.-Closes-Private-Placement-Tranche-Two.html
1231477194,20250311,202503,2025,2025.1945,CAN,VANCOUVER,CAN,,,,,,,,BUS,COMPANY,,,,,,BUS,,,1,045,045,04,1,5.0,3,1,3,1.64986251145738,1,United States,US,US,39.828175,-98.5795,US,1,United States,US,US,39.828175,-98.5795,US,1,United States,US,US,39.828175,-98.5795,US,20250311,https://www.goldseiten.de/artikel/650363--Golden-Cariboo-Resources-Ltd.-Closes-Private-Placement-Tranche-Two.html
1231477195,20250311,202503,2025,2025.1945,CAN,CANADIAN,CAN,,,,,,,,CANBUS,CANADA,CAN,,,,,BUS,,,0,015,015,01,1,0.0,8,2,8,1.55485826302796,1,United States,US,US,39.828175,-98.5795,US,1,United States,US,US,39.828175,-98.5795,US,1,United States,US,US,39.828175,-98.5795,US,20250311,https://www.goldseiten.de/artikel/650363--Golden-Cariboo-Resources-Ltd.-Closes-Private-Placement-Tranche-Two.html
1231477217,20250311,202503,2025,2025.1945,CANBUS,CANADIAN,CAN,,,,,BUS,,,,,,,,,,,,,0,015,015,01,1,0.0,3,1,3,1.64986251145738,4,"Quesnelle, British Columbia, Canada",CA,CA02,52.9667,-122.483,-571878,0,,,,,,,4,"Quesnelle, British Columbia, Canada",CA,CA02,52.9667,-122.483,-571878,20250311,https://www.goldseiten.de/artikel/650363--Golden-Cariboo-Resources-Ltd.-Closes-Private-Placement-Tranche-Two.html
1231477218,20250311,202503,2025,2025.1945,CANBUS,CANADIAN,CAN,,,,,BUS,,,,,,,,,,,,,0,015,015,01,1,0.0,9,2,9,1.55485826302796,1,United States,US,US,39.828175,-98.5795,US,0,,,,,,,1,United States,US,US,39.828175,-98.5795,US,20250311,https://www.goldseiten.de/artikel/650363--Golden-Cariboo-Resources-Ltd.-Closes-Private-Placement-Tranche-Two.html
1231477219,20250311,202503,2025,2025.1945,CANBUS,CANADIAN,CAN,,,,,BUS,,,,,,,,,,,,,0,084,084,08,2,7.0,12,2,12,1.55485826302796,4,"Quesnelle, British Columbia, Canada",CA,CA02,52.9667,-122.483,-571878,0,,,,,,,4,"Quesnelle, British Columbia, Canada",CA,CA02,52.9667,-122.483,-571878,20250311,https://www.goldseiten.de/artikel/650363--Golden-Cariboo-Resources-Ltd.-Closes-Private-Placement-Tranche-Two.html
1231479970,20250311,202503,2025,2025.1945,CHN,CHINA,CHN,,,,,,,,IGOSEAASN,ASEAN,SEA,ASN,,,,IGO,,,1,043,043,04,1,2.8,10,1,10,1.77619893428064,1,China,CH,CH,35,105,CH,1,Philippines,RP,RP,13,122,RP,1,Hong Kong,HK,HK,22.25,114.166667,HK,20250311,https://www.thestandard.com.hk/section-news/section/17/270840/Asean-is-a-gold-mine-just-waiting-to-be-tapped
1231479983,20250311,202503,2025,2025.1945,CHN,CHINA,CHN,,,,,,,,USA,UNITED STATES,USA,,,,,,,,1,050,050,05,1,3.5,8,1,8,1.77619893428064,1,China,CH,CH,35,105,CH,3,"White House, District of Columbia, United States",US,USDC,38.8951,-77.0364,531871,1,China,CH,CH,35,105,CH,20250311,https://www.thestandard.com.hk/section-news/section/17/270840/Asean-is-a-gold-mine-just-waiting-to-be-tapped
1231479984,20250311,202503,2025,2025.1945,CHN,CHINA,CHN,,,,,,,,USA,UNITED STATES,USA,,,,,,,,1,050,050,05,1,3.5,2,1,2,1.77619893428064,1,China,CH,CH,35,105,CH,1,China,CH,CH,35,105,CH,1,China,CH,CH,35,105,CH,20250311,https://www.thestandard.com.hk/section-news/section/17/270840/Asean-is-a-gold-mine-just-waiting-to-be-tapped
1231480481,20250311,202503,2025,2025.1945,IGOSEAASN,ASEAN,SEA,ASN,,,,IGO,,,CHN,CHINA,CHN,,,,,,,,1,042,042,04,1,1.9,10,1,10,1.77619893428064,1,Hong Kong,HK,HK,22.25,114.166667,HK,1,Hong Kong,HK,HK,22.25,114.166667,HK,1,Hong Kong,HK,HK,22.25,114.166667,HK,20250311,https://www.thestandard.com.hk/section-news/section/17/270840/Asean-is-a-gold-mine-just-waiting-to-be-tapped
1231480482,20250311,202503,2025,2025.1945,IGOSEAASN,ASEAN,SEA,ASN,,,,IGO,,,TWN,TAIWAN,TWN,,,,,,,,1,042,042,04,1,1.9,2,1,2,1.77619893428064,1,Philippines,RP,RP,13,122,RP,1,China,CH,CH,35,105,CH,1,Hong Kong,HK,HK,22.25,114.166667,HK,20250311,https://www.thestandard.com.hk/section-news/section/17/270840/Asean-is-a-gold-mine-just-waiting-to-be-tapped
1231480483,20250311,202503,2025,2025.1945,IGOSEAASN,ASEAN,SEA,ASN,,,,IGO,,,TWN,TAIWAN,TWN,,,,,,,,1,042,042,04,1,1.9,8,1,8,1.77619893428064,1,Philippines,RP,RP,13,122,RP,1,Taiwan,TW,TW,24,121,TW,1,Hong Kong,HK,HK,22.25,114.166667,HK,20250311,https://www.thestandard.com.hk/section-news/section/17/270840/Asean-is-a-gold-mine-just-waiting-to-be-tapped
1231480847,20250311,202503,2025,2025.1945,NER,NIGER,NER,,,,,,,,,,,,,,,,,,1,010,010,01,1,0.0,4,1,4,-8.72093023255814,4,"Bangi, Tahoua, Niger",NG,NG06,13.6741,6.17546,-1078298,0,,,,,,,4,"Bangi, Tahoua, Niger",NG,NG06,13.6741,6.17546,-1078298,20250311,https://dailypost.ng/2025/03/11/goldsmith-arrested-with-vandalised-aluminium-cables-in-niger/
1231481058,20250311,202503,2025,2025.1945,SPY,OPERATIVE,,,,,,SPY,,,GOV,GOVERNMENT,,,,,,GOV,,,1,173,173,17,4,-5.0,4,1,4,-8.72093023255814,4,"Bangi, Tahoua, Niger",NG,NG06,13.6741,6.17546,-1078298,4,"Bangi, Tahoua, Niger",NG,NG06,13.6741,6.17546,-1078298,4,"Bangi, Tahoua, Niger",NG,NG06,13.6741,6.17546,-1078298,20250311,https://dailypost.ng/2025/03/11/goldsmith-arrested-with-vandalised-aluminium-cables-in-niger/
1231481059,20250311,202503,2025,2025.1945,SPY,OPERATIVE,,,,,,SPY,,,NER,NIGER,NER,,,,,,,,1,173,173,17,4,-5.0,6,1,6,-8.72093023255814,4,"Bangi, Tahoua, Niger",NG,NG06,13.6741,6.17546,-1078298,4,"Bangi, Tahoua, Niger",NG,NG06,13.6741,6.17546,-1078298,4,"Bangi, Tahoua, Niger",NG,NG06,13.6741,6.17546,-1078298,20250311,https://dailypost.ng/2025/03/11/goldsmith-arrested-with-vandalised-aluminium-cables-in-niger/
1231481088,20250311,202503,2025,2025.1945,TWN,TAIWAN,TWN,,,,,,,,IGOSEAASN,ASEAN,SEA,ASN,,,,IGO,,,1,043,043,04,1,2.8,2,1,2,1.77619893428064,1,China,CH,CH,35,105,CH,1,Philippines,RP,RP,13,122,RP,1,Hong Kong,HK,HK,22.25,114.166667,HK,20250311,https://www.thestandard.com.hk/section-news/section/17/270840/Asean-is-a-gold-mine-just-waiting-to-be-tapped
1231481089,20250311,202503,2025,2025.1945,TWN,TAIWAN,TWN,,,,,,,,IGOSEAASN,ASEAN,SEA,ASN,,,,IGO,,,1,043,043,04,1,2.8,8,1,8,1.77619893428064,1,Taiwan,TW,TW,24,121,TW,1,Philippines,RP,RP,13,122,RP,1,Hong Kong,HK,HK,22.25,114.166667,HK,20250311,https://www.thestandard.com.hk/section-news/section/17/270840/Asean-is-a-gold-mine-just-waiting-to-be-tapped
1231482865,20250311,202503,2025,2025.1945,CVL,COMMUNITY,,,,,,CVL,,,,,,,,,,,,,1,071,071,07,2,7.4,11,1,7,9.32203389830508,1,Austria,AU,AU,47.333333,13.333333,AU,0,,,,,,,1,Austria,AU,AU,47.333333,13.333333,AU,20250311,https://qns.com/2025/03/aigner-chocolate-golden-ticket-willy-wonka/
1231482868,20250311,202503,2025,2025.1945,CVL,COMMUNITY,,,,,,CVL,,,,,,,,,,,,,1,172,172,17,4,-5.0,11,1,7,9.32203389830508,1,Austria,AU,AU,47.333333,13.333333,AU,0,,,,,,,1,Austria,AU,AU,47.333333,13.333333,AU,20250311,https://qns.com/2025/03/aigner-chocolate-golden-ticket-willy-wonka/
1231482952,20250311,202503,2025,2025.1945,EDU,SCHOOL,,,,,,EDU,,,,,,,,,,,,,1,110,110,11,3,-2.0,5,1,5,9.32203389830508,1,Austria,AU,AU,47.333333,13.333333,AU,0,,,,,,,1,Austria,AU,AU,47.333333,13.333333,AU,20250311,https://qns.com/2025/03/aigner-chocolate-golden-ticket-willy-wonka/
1231482964,20250311,202503,2025,2025.1945,EDU,SCHOOL,,,,,,EDU,,,CVL,COMMUNITY,,,,,,CVL,,,1,110,110,11,3,-2.0,5,1,5,9.32203389830508,1,Austria,AU,AU,47.333333,13.333333,AU,1,Austria,AU,AU,47.333333,13.333333,AU,1,Austria,AU,AU,47.333333,13.333333,AU,20250311,https://qns.com/2025/03/aigner-chocolate-golden-ticket-willy-wonka/
1231497717,20250311,202503,2025,2025.1945,,,,,,,,,,,USA,CALIFORNIA,USA,,,,,,,,1,042,042,04,1,1.9,10,1,10,1.55440414507772,0,,,,,,,4,"Toronto, Ontario, Canada",CA,CA08,43.6667,-79.4167,-574890,4,"Toronto, Ontario, Canada",CA,CA08,43.6667,-79.4167,-574890,20250311,https://www.finanznachrichten.de/nachrichten-2025-03/64794548-lode-gold-resources-inc-lode-gold-shareholders-approve-plan-of-arrangement-for-spin-out-of-gold-orogen-296.htm
1231497720,20250311,202503,2025,2025.1945,,,,,,,,,,,USA,UNITED STATES,USA,,,,,,,,0,042,042,04,1,1.9,6,1,6,1.55440414507772,0,,,,,,,3,"Mariposa County, California, United States",US,USCA,37.5499,-119.901,277286,3,"Mariposa County, California, United States",US,USCA,37.5499,-119.901,277286,20250311,https://www.finanznachrichten.de/nachrichten-2025-03/64794548-lode-gold-resources-inc-lode-gold-shareholders-approve-plan-of-arrangement-for-spin-out-of-gold-orogen-296.htm
1231498462,20250311,202503,2025,2025.1945,NZL,WAIKATO,NZL,,,,,,,,,,,,,,,,,,1,010,010,01,1,0.0,40,2,40,-3.29063467492259,5,"Waikato, Waikato, New Zealand",NZ,NZG1,-38,175.5,11483309,0,,,,,,,5,"Waikato, Waikato, New Zealand",NZ,NZG1,-38,175.5,11483309,20250311,https://www.nzherald.co.nz/waikato-news/news/golden-dodder-invasive-weed-spreads-across-waikato/3HKIMYL7KVB6HP4K3UZ5E7KU7M/
1231498640,20250311,202503,2025,2025.1945,USA,UNITED STATES,USA,,,,,,,,,,,,,,,,,,1,043,043,04,1,2.8,14,1,8,1.55440414507772,3,"Mariposa County, California, United States",US,USCA,37.5499,-119.901,277286,0,,,,,,,3,"Mariposa County, California, United States",US,USCA,37.5499,-119.901,277286,20250311,https://www.finanznachrichten.de/nachrichten-2025-03/64794548-lode-gold-resources-inc-lode-gold-shareholders-approve-plan-of-arrangement-for-spin-out-of-gold-orogen-296.htm
1231498643,20250311,202503,2025,2025.1945,USA,CALIFORNIA,USA,,,,,,,,,,,,,,,,,,1,043,043,04,1,2.8,2,1,2,1.55440414507772,2,"California, United States",US,USCA,36.17,-119.746,CA,0,,,,,,,3,"Mariposa County, California, United States",US,USCA,37.5499,-119.901,277286,20250311,https://www.finanznachrichten.de/nachrichten-2025-03/64794548-lode-gold-resources-inc-lode-gold-shareholders-approve-plan-of-arrangement-for-spin-out-of-gold-orogen-296.htm
1231506720,20250311,202503,2025,2025.1945,,,,,,,,,,,USA,UNITED STATES,USA,,,,,,,,1,042,042,04,1,1.9,2,1,2,2.92682926829268,0,,,,,,,3,"Wintersville, Ohio, United States",US,USOH,40.3753,-80.7037,1080508,3,"Wintersville, Ohio, United States",US,USOH,40.3753,-80.7037,1080508,20250311,https://wtov9.com/news/local/gold-gala-celebrates-community-impact-with-future-leaders-stories-and-silent-auction
1231506721,20250311,202503,2025,2025.1945,,,,,,,,,,,USA,UNITED STATES,USA,,,,,,,,1,042,042,04,1,1.9,2,1,2,2.92682926829268,0,,,,,,,3,"Wintersville, Ohio, United States",US,USOH,40.3753,-80.7037,1080508,2,"Ohio, United States",US,USOH,40.3736,-82.7755,OH,20250311,https://wtov9.com/news/local/gold-gala-celebrates-community-impact-with-future-leaders-stories-and-silent-auction
1231506792,20250311,202503,2025,2025.1945,BUS,COMPANY,,,,,,BUS,,,CVL,COMMUNITY,,,,,,CVL,,,0,036,036,03,1,4.0,10,1,10,1.52235965746908,4,"Wandong, Victoria, Australia",AS,AS07,-37.3719,145.032,-1607671,4,"Wandong, Victoria, Australia",AS,AS07,-37.3719,145.032,-1607671,4,"Wandong, Victoria, Australia",AS,AS07,-37.3719,145.032,-1607671,20250311,https://www.finanznachrichten.de/nachrichten-2025-03/64795163-southern-cross-gold-consolidated-ltd-southern-cross-gold-commences-permitting-process-for-sunday-creek-exploration-tunnel-200.htm
1231506923,20250311,202503,2025,2025.1945,CVL,COMMUNITY,,,,,,CVL,,,,,,,,,,,,,1,020,020,02,1,3.0,10,1,10,1.52235965746908,4,"Southern Cross, Victoria, Australia",AS,AS07,-38.3,142.4,-1601296,0,,,,,,,4,"Southern Cross, Victoria, Australia",AS,AS07,-38.3,142.4,-1601296,20250311,https://www.finanznachrichten.de/nachrichten-2025-03/64795163-southern-cross-gold-consolidated-ltd-southern-cross-gold-commences-permitting-process-for-sunday-creek-exploration-tunnel-200.htm
1231506933,20250311,202503,2025,2025.1945,CVL,COMMUNITY,,,,,,CVL,,,BUS,COMPANY,,,,,,BUS,,,0,036,036,03,1,4.0,10,1,10,1.52235965746908,4,"Wandong, Victoria, Australia",AS,AS07,-37.3719,145.032,-1607671,4,"Wandong, Victoria, Australia",AS,AS07,-37.3719,145.032,-1607671,4,"Wandong, Victoria, Australia",AS,AS07,-37.3719,145.032,-1607671,20250311,https://www.finanznachrichten.de/nachrichten-2025-03/64795163-southern-cross-gold-consolidated-ltd-southern-cross-gold-commences-permitting-process-for-sunday-creek-exploration-tunnel-200.htm
1231507617,20250311,202503,2025,2025.1945,USA,OHIO,USA,,,,,,,,,,,,,,,,,,1,043,043,04,1,2.8,5,1,5,2.92682926829268,3,"Wintersville, Ohio, United States",US,USOH,40.3753,-80.7037,1080508,0,,,,,,,3,"Wintersville, Ohio, United States",US,USOH,40.3753,-80.7037,1080508,20250311,https://wtov9.com/news/local/gold-gala-celebrates-community-impact-with-future-leaders-stories-and-silent-auction
1231508734,20250304,202503,2025,2025.1753,GOV,PRESIDENT,,,,,,GOV,,,,,,,,,,,,,1,031,031,03,1,5.2,10,1,10,-0.810810810810811,1,Portugal,PO,PO,39.5,-8,PO,0,,,,,,,1,Portugal,PO,PO,39.5,-8,PO,20250311,https://www.aol.com/finance/selling-citizenship-trump-gold-card-152200670.html
1231509193,20250311,202503,2025,2025.1945,FIN,FINNISH,FIN,,,,,,,,MLTBUS,MALTA,MLT,,,,,BUS,,,1,190,190,19,4,-10.0,2,1,2,-0.810810810810811,1,Finland,FI,FI,64,26,FI,1,Malta,MT,MT,35.916667,14.433333,MT,1,Finland,FI,FI,64,26,FI,20250311,https://www.aol.com/finance/selling-citizenship-trump-gold-card-152200670.html
1231509194,20250311,202503,2025,2025.1945,FIN,FINNISH,FIN,,,,,,,,MLTBUS,MALTA,MLT,,,,,BUS,,,1,190,190,19,4,-10.0,1,1,1,-0.810810810810811,1,Finland,FI,FI,64,26,FI,1,Malta,MT,MT,35.916667,14.433333,MT,1,Malta,MT,MT,35.916667,14.433333,MT,20250311,https://www.aol.com/finance/selling-citizenship-trump-gold-card-152200670.html
1231509195,20250311,202503,2025,2025.1945,FINCOP,FINNISH,FIN,,,,,COP,,,FINBUS,FINLAND,FIN,,,,,BUS,,,1,190,190,19,4,-10.0,6,1,6,-0.810810810810811,1,Finland,FI,FI,64,26,FI,1,Finland,FI,FI,64,26,FI,1,Finland,FI,FI,64,26,FI,20250311,https://www.aol.com/finance/selling-citizenship-trump-gold-card-152200670.html
1231509693,20250311,202503,2025,2025.1945,USA,ALASKA,USA,,,,,,,,,,,,,,,,,,1,036,036,03,1,4.0,8,1,8,1.58730158730159,1,Canada,CA,CA,60,-96,CA,0,,,,,,,2,"Alaska, United States",US,USAK,61.385,-152.268,AK,20250311,https://www.newsminer.com/news/local_news/historian-shining-a-light-on-gold-rush-era-secret-society/article_cef34e62-fec4-11ef-8dd1-d76fc0126625.html
1231510687,20250311,202503,2025,2025.1945,COP,POLICE,,,,,,COP,,,,,,,,,,,,,1,010,010,01,1,0.0,10,1,10,-2.07253886010363,4,"Bengaluru, Karnataka, India",IN,IN19,12.9833,77.5833,-2090174,0,,,,,,,4,"Bengaluru, Karnataka, India",IN,IN19,12.9833,77.5833,-2090174,20250311,https://timesofindia.indiatimes.com/india/dgp-dad-to-be-probed-in-ranya-gold-case-brothers-crypto-links-also-under-scanner/articleshow/118907374.cms
1231510711,20250311,202503,2025,2025.1945,COP,CONSTABLE,,,,,,COP,,,SPY,INTELLIGENCE,,,,,,SPY,,,1,172,172,17,4,-5.0,10,1,10,-2.07253886010363,4,"Bengaluru, Karnataka, India",IN,IN19,12.9833,77.5833,-2090174,4,"Bengaluru, Karnataka, India",IN,IN19,12.9833,77.5833,-2090174,4,"Bengaluru, Karnataka, India",IN,IN19,12.9833,77.5833,-2090174,20250311,https://timesofindia.indiatimes.com/india/dgp-dad-to-be-probed-in-ranya-gold-case-brothers-crypto-links-also-under-scanner/articleshow/118907374.cms
1231511017,20250311,202503,2025,2025.1945,GOV,ADMINISTRATION,,,,,,GOV,,,USA,UNITED STATES,USA,,,,,,,,0,020,020,02,1,3.0,4,2,4,-1.54373927958834,2,"Maine, United States",US,USME,44.6074,-69.3977,ME,2,"Connecticut, United States",US,USCT,41.5834,-72.7622,CT,2,"Connecticut, United States",US,USCT,41.5834,-72.7622,CT,20250311,https://www.pressherald.com/2025/03/11/rep-golden-votes-with-republicans-as-house-passes-temporary-funding-bill/
1231511092,20250311,202503,2025,2025.1945,IND,KARNATAKA,IND,,,,,,,,,,,,,,,,,,0,173,173,17,4,-5.0,4,1,4,-2.07253886010363,5,"Karnataka, Karnataka, India",IN,IN19,13.5,76,-2099860,0,,,,,,,5,"Karnataka, Karnataka, India",IN,IN19,13.5,76,-2099860,20250311,https://timesofindia.indiatimes.com/india/dgp-dad-to-be-probed-in-ranya-gold-case-brothers-crypto-links-also-under-scanner/articleshow/118907374.cms
1231511093,20250311,202503,2025,2025.1945,IND,KARNATAKA,IND,,,,,,,,,,,,,,,,,,0,173,173,17,4,-5.0,2,1,2,-2.07253886010363,4,"Dubai, Dubayy, United Arab Emirates",AE,AE03,25.2522,55.28,-782831,0,,,,,,,5,"Karnataka, Karnataka, India",IN,IN19,13.5,76,-2099860,20250311,https://timesofindia.indiatimes.com/india/dgp-dad-to-be-probed-in-ranya-gold-case-brothers-crypto-links-also-under-scanner/articleshow/118907374.cms
1231511094,20250311,202503,2025,2025.1945,IND,KARNATAKA,IND,,,,,,,,COP,POLICE,,,,,,COP,,,1,090,090,09,2,-2.0,4,1,4,-2.07253886010363,5,"Karnataka, Karnataka, India",IN,IN19,13.5,76,-2099860,5,"Karnataka, Karnataka, India",IN,IN19,13.5,76,-2099860,5,"Karnataka, Karnataka, India",IN,IN19,13.5,76,-2099860,20250311,https://timesofindia.indiatimes.com/india/dgp-dad-to-be-probed-in-ranya-gold-case-brothers-crypto-links-also-under-scanner/articleshow/118907374.cms
1231511099,20250311,202503,2025,2025.1945,IND,KARNATAKA,IND,,,,,,,,LEG,CONGRESS,,,,,,LEG,,,1,090,090,09,2,-2.0,4,1,4,-2.07253886010363,4,"Bengaluru, Karnataka, India",IN,IN19,12.9833,77.5833,-2090174,4,"Bengaluru, Karnataka, India",IN,IN19,12.9833,77.5833,-2090174,5,"Karnataka, Karnataka, India",IN,IN19,13.5,76,-2099860,20250311,https://timesofindia.indiatimes.com/india/dgp-dad-to-be-probed-in-ranya-gold-case-brothers-crypto-links-also-under-scanner/articleshow/118907374.cms
1231511102,20250311,202503,2025,2025.1945,INDLEG,KARNATAKA,IND,,,,,LEG,,,COP,POLICE,,,,,,COP,,,1,090,090,09,2,-2.0,2,1,2,-2.07253886010363,4,"Bengaluru, Karnataka, India",IN,IN19,12.9833,77.5833,-2090174,4,"Bengaluru, Karnataka, India",IN,IN19,12.9833,77.5833,-2090174,5,"Karnataka, Karnataka, India",IN,IN19,13.5,76,-2099860,20250311,https://timesofindia.indiatimes.com/india/dgp-dad-to-be-probed-in-ranya-gold-case-brothers-crypto-links-also-under-scanner/articleshow/118907374.cms
1231511214,20250311,202503,2025,2025.1945,LEG,CONGRESS,,,,,,LEG,,,COP,POLICE,,,,,,COP,,,1,090,090,09,2,-2.0,4,1,4,-2.07253886010363,4,"Bengaluru, Karnataka, India",IN,IN19,12.9833,77.5833,-2090174,4,"Bengaluru, Karnataka, India",IN,IN19,12.9833,77.5833,-2090174,5,"Karnataka, Karnataka, India",IN,IN19,13.5,76,-2099860,20250311,https://timesofindia.indiatimes.com/india/dgp-dad-to-be-probed-in-ranya-gold-case-brothers-crypto-links-also-under-scanner/articleshow/118907374.cms
1231511449,20250311,202503,2025,2025.1945,USA,UNITED STATES,USA,,,,,,,,,,,,,,,,,,0,020,020,02,1,3.0,4,2,4,-1.54373927958834,2,"Maine, United States",US,USME,44.6074,-69.3977,ME,0,,,,,,,2,"Connecticut, United States",US,USCT,41.5834,-72.7622,CT,20250311,https://www.pressherald.com/2025/03/11/rep-golden-votes-with-republicans-as-house-passes-temporary-funding-bill/
1231514663,20250311,202503,2025,2025.1945,GHAGOV,GHANA,GHA,,,,,GOV,,,GHA,GHANA,GHA,,,,,,,,1,030,030,03,1,4.0,2,1,2,0.6,1,Ghana,GH,GH,8,-2,GH,1,Ghana,GH,GH,8,-2,GH,1,Ghana,GH,GH,8,-2,GH,20250311,https://www.abc.net.au/news/2025-03-12/gold-coast-council-work-restore-cyclone-beaches-by-easter/105036706
