GLOBALEVENTID,SQLDATE,MonthYear,Year,FractionDate,Actor1Code,Actor1Name,Actor1CountryCode,Actor1KnownGroupCode,Actor1EthnicCode,Actor1Religion1Code,Actor1Religion2Code,Actor1Type1Code,Actor1Type2Code,Actor1Type3Code,Actor2Code,Actor2Name,Actor2CountryCode,Actor2KnownGroupCode,Actor2EthnicCode,Actor2Religion1Code,Actor2Religion2Code,Actor2Type1Code,Actor2Type2Code,Actor2Type3Code,IsRootEvent,EventCode,EventBaseCode,EventRootCode,QuadClass,GoldsteinScale,NumMentions,NumSources,NumArticles,AvgTone,Actor1Geo_Type,Actor1Geo_FullName,Actor1Geo_CountryCode,Actor1Geo_ADM1Code,Actor1Geo_Lat,Actor1Geo_Long,Actor1Geo_FeatureID,Actor2Geo_Type,Actor2Geo_FullName,Actor2Geo_CountryCode,Actor2Geo_ADM1Code,Actor2Geo_Lat,Actor2Geo_Long,Actor2Geo_FeatureID,ActionGeo_Type,ActionGeo_FullName,ActionGeo_CountryCode,ActionGeo_ADM1Code,ActionGeo_Lat,ActionGeo_Long,ActionGeo_FeatureID,DATEADDED,SOURCEURL
1223329650,20250129,202501,2025,2025.0795,BUS,COMPANY,,,,,,BUS,,,,,,,,,,,,,1,020,020,02,1,3.0,30,3,30,-0.404191775342113,4,"Invermere, British Columbia, Canada",CA,CA02,50.5,-116.033,-566626,0,,,,,,,4,"Invermere, British Columbia, Canada",CA,CA02,50.5,-116.033,-566626,20250129,https://www.finanznachrichten.de/nachrichten-2025-01/64406511-green-river-gold-corp-requests-management-cease-trade-order-to-allow-for-finalization-of-pending-annual-financial-statements-and-management-s-discuss-296.htm
1223339924,20250129,202501,2025,2025.0795,BRA,BRAZIL,BRA,,,,,,,,NLD,NETHERLANDS,NLD,,,,,,,,1,043,043,04,1,2.8,10,3,10,-0.120947411366328,1,Netherlands,NL,NL,52.5,5.75,NL,1,Netherlands,NL,NL,52.5,5.75,NL,1,Netherlands,NL,NL,52.5,5.75,NL,20250129,https://menafn.com/1109140340/Rereading-Rembrandt-How-The-Slave-Trade-Helped-Establish-The-Golden-Age-Of-Dutch-Painting
1223340195,20250129,202501,2025,2025.0795,COP,POLICE,,,,,,COP,,,IGOCOPITP,INTERPOL,,ITP,,,,IGO,COP,,1,060,060,06,2,6.0,1,1,1,-3.89221556886228,4,"Bucharest, Bucuresti, Romania",RO,RO10,44.4333,26.1,-1153951,4,"Oisterwijk, Noord-Brabant, Netherlands",NL,NL06,51.5835,5.20856,-2150611,4,"Oisterwijk, Noord-Brabant, Netherlands",NL,NL06,51.5835,5.20856,-2150611,20250129,https://www.artforum.com/news/thieves-dynamite-door-of-dutch-museum-steal-gold-artifacts-1234726041/
1223340196,20250129,202501,2025,2025.0795,COP,POLICE,,,,,,COP,,,IGOCOPITP,INTERPOL,,ITP,,,,IGO,COP,,1,060,060,06,2,6.0,4,1,4,-3.89221556886228,4,"Oisterwijk, Noord-Brabant, Netherlands",NL,NL06,51.5835,5.20856,-2150611,4,"Oisterwijk, Noord-Brabant, Netherlands",NL,NL06,51.5835,5.20856,-2150611,4,"Oisterwijk, Noord-Brabant, Netherlands",NL,NL06,51.5835,5.20856,-2150611,20250129,https://www.artforum.com/news/thieves-dynamite-door-of-dutch-museum-steal-gold-artifacts-1234726041/
1223340371,20250129,202501,2025,2025.0795,EDU,SCHOOL,,,,,,EDU,,,NLD,DUTCH,NLD,,,,,,,,1,042,042,04,1,1.9,25,3,25,-0.120947411366328,1,Netherlands,NL,NL,52.5,5.75,NL,1,Netherlands,NL,NL,52.5,5.75,NL,1,Netherlands,NL,NL,52.5,5.75,NL,20250129,https://menafn.com/1109140340/Rereading-Rembrandt-How-The-Slave-Trade-Helped-Establish-The-Golden-Age-Of-Dutch-Painting
1223341176,20250129,202501,2025,2025.0795,NLD,NETHERLANDS,NLD,,,,,,,,BRA,BRAZIL,BRA,,,,,,,,1,042,042,04,1,1.9,10,3,10,-0.120947411366328,1,Netherlands,NL,NL,52.5,5.75,NL,1,Netherlands,NL,NL,52.5,5.75,NL,1,Netherlands,NL,NL,52.5,5.75,NL,20250129,https://menafn.com/1109140340/Rereading-Rembrandt-How-The-Slave-Trade-Helped-Establish-The-Golden-Age-Of-Dutch-Painting
1223341178,20250129,202501,2025,2025.0795,NLD,DUTCH,NLD,,,,,,,,EDU,SCHOOL,,,,,,EDU,,,1,043,043,04,1,2.8,25,3,25,-0.120947411366328,1,Netherlands,NL,NL,52.5,5.75,NL,1,Netherlands,NL,NL,52.5,5.75,NL,1,Netherlands,NL,NL,52.5,5.75,NL,20250129,https://menafn.com/1109140340/Rereading-Rembrandt-How-The-Slave-Trade-Helped-Establish-The-Golden-Age-Of-Dutch-Painting
1223342963,20250129,202501,2025,2025.0795,,,,,,,,,,,USA,UNITED STATES,USA,,,,,,,,0,020,020,02,1,3.0,2,1,2,2.19178082191781,0,,,,,,,3,"Oklahoma City, Oklahoma, United States",US,USOK,35.4676,-97.5164,1102140,3,"Oklahoma City, Oklahoma, United States",US,USOK,35.4676,-97.5164,1102140,20250129,https://journalrecord.com/2025/01/28/okc-council-approves-3m-loan-for-gold-dome-redevelopment/
1223342988,20250129,202501,2025,2025.0795,,,,,,,,,,,USA,UNITED STATES,USA,,,,,,,,0,110,110,11,3,-2.0,2,1,2,2.19178082191781,0,,,,,,,3,"Oklahoma City, Oklahoma, United States",US,USOK,35.4676,-97.5164,1102140,3,"Oklahoma City, Oklahoma, United States",US,USOK,35.4676,-97.5164,1102140,20250129,https://journalrecord.com/2025/01/28/okc-council-approves-3m-loan-for-gold-dome-redevelopment/
1223343070,20250129,202501,2025,2025.0795,BUS,COMPANY,,,,,,BUS,,,,,,,,,,,,,0,020,020,02,1,3.0,5,1,5,0.13774104683195,4,"Fontaine Lake, Saskatchewan, Canada",CA,CA11,59.7,-106.417,-564739,0,,,,,,,4,"Fontaine Lake, Saskatchewan, Canada",CA,CA11,59.7,-106.417,-564739,20250129,https://www.goldseiten.de/artikel/645621--Terra-Balcanica-Announces-Private-Placement-Financing.html
1223343117,20250129,202501,2025,2025.0795,CAN,CANADA,CAN,,,,,,,,,,,,,,,,,,1,020,020,02,1,3.0,3,1,3,0.44150110375276,2,"Missouri, United States",US,USMO,38.4623,-92.302,MO,0,,,,,,,2,"Missouri, United States",US,USMO,38.4623,-92.302,MO,20250129,https://www.goldseiten.de/artikel/645628--Ascot-Resources-Provides-Update-on-CEO-Review-and-Postpones-Scheduled-Conference-Call.html
1223343545,20250129,202501,2025,2025.0795,GOV,PRESIDENT,,,,,,GOV,,,,,,,,,,,,,0,010,010,01,1,0.0,9,2,9,-0.15906335390239,3,"Oklahoma City, Oklahoma, United States",US,USOK,35.4676,-97.5164,1102140,0,,,,,,,3,"Oklahoma City, Oklahoma, United States",US,USOK,35.4676,-97.5164,1102140,20250129,https://journalrecord.com/2025/01/28/okc-council-approves-3m-loan-for-gold-dome-redevelopment/
1223343577,20250129,202501,2025,2025.0795,GOV,PRESIDENT,,,,,,GOV,,,,,,,,,,,,,0,071,071,07,2,7.4,6,1,6,2.19178082191781,3,"Oklahoma City, Oklahoma, United States",US,USOK,35.4676,-97.5164,1102140,0,,,,,,,3,"Oklahoma City, Oklahoma, United States",US,USOK,35.4676,-97.5164,1102140,20250129,https://journalrecord.com/2025/01/28/okc-council-approves-3m-loan-for-gold-dome-redevelopment/
1223343655,20250129,202501,2025,2025.0795,GOV,MAYOR,,,,,,GOV,,,USA,OKLAHOMA CITY,USA,,,,,,,,0,020,020,02,1,3.0,8,1,8,2.19178082191781,3,"Oklahoma City, Oklahoma, United States",US,USOK,35.4676,-97.5164,1102140,3,"Oklahoma City, Oklahoma, United States",US,USOK,35.4676,-97.5164,1102140,3,"Oklahoma City, Oklahoma, United States",US,USOK,35.4676,-97.5164,1102140,20250129,https://journalrecord.com/2025/01/28/okc-council-approves-3m-loan-for-gold-dome-redevelopment/
1223343672,20250129,202501,2025,2025.0795,GOV,PRESIDENT,,,,,,GOV,,,USA,UNITED STATES,USA,,,,,,,,0,071,071,07,2,7.4,2,1,2,2.19178082191781,3,"Oklahoma City, Oklahoma, United States",US,USOK,35.4676,-97.5164,1102140,3,"Oklahoma City, Oklahoma, United States",US,USOK,35.4676,-97.5164,1102140,3,"Oklahoma City, Oklahoma, United States",US,USOK,35.4676,-97.5164,1102140,20250129,https://journalrecord.com/2025/01/28/okc-council-approves-3m-loan-for-gold-dome-redevelopment/
1223344130,20250129,202501,2025,2025.0795,USA,UNITED STATES,USA,,,,,,,,,,,,,,,,,,1,010,010,01,1,0.0,4,1,4,2.19178082191781,3,"Oklahoma City, Oklahoma, United States",US,USOK,35.4676,-97.5164,1102140,0,,,,,,,3,"Oklahoma City, Oklahoma, United States",US,USOK,35.4676,-97.5164,1102140,20250129,https://journalrecord.com/2025/01/28/okc-council-approves-3m-loan-for-gold-dome-redevelopment/
1223344176,20250129,202501,2025,2025.0795,USA,UNITED STATES,USA,,,,,,,,,,,,,,,,,,0,036,036,03,1,4.0,4,1,4,2.19178082191781,3,"Oklahoma City, Oklahoma, United States",US,USOK,35.4676,-97.5164,1102140,0,,,,,,,3,"Oklahoma City, Oklahoma, United States",US,USOK,35.4676,-97.5164,1102140,20250129,https://journalrecord.com/2025/01/28/okc-council-approves-3m-loan-for-gold-dome-redevelopment/
1223344468,20250129,202501,2025,2025.0795,USAGOV,UNITED STATES,USA,,,,,GOV,,,,,,,,,,,,,0,071,071,07,2,7.4,2,1,2,2.19178082191781,3,"Oklahoma City, Oklahoma, United States",US,USOK,35.4676,-97.5164,1102140,0,,,,,,,3,"Oklahoma City, Oklahoma, United States",US,USOK,35.4676,-97.5164,1102140,20250129,https://journalrecord.com/2025/01/28/okc-council-approves-3m-loan-for-gold-dome-redevelopment/
1223344491,20250129,202501,2025,2025.0795,USAGOV,UNITED STATES,USA,,,,,GOV,,,USA,UNITED STATES,USA,,,,,,,,0,013,013,01,1,0.4,1,1,1,2.19178082191781,3,"Oklahoma City, Oklahoma, United States",US,USOK,35.4676,-97.5164,1102140,3,"Oklahoma City, Oklahoma, United States",US,USOK,35.4676,-97.5164,1102140,3,"Oklahoma City, Oklahoma, United States",US,USOK,35.4676,-97.5164,1102140,20250129,https://journalrecord.com/2025/01/28/okc-council-approves-3m-loan-for-gold-dome-redevelopment/
1223344492,20250129,202501,2025,2025.0795,USAGOV,UNITED STATES,USA,,,,,GOV,,,USA,UNITED STATES,USA,,,,,,,,0,020,020,02,1,3.0,2,1,2,2.19178082191781,3,"Oklahoma City, Oklahoma, United States",US,USOK,35.4676,-97.5164,1102140,3,"Oklahoma City, Oklahoma, United States",US,USOK,35.4676,-97.5164,1102140,3,"Oklahoma City, Oklahoma, United States",US,USOK,35.4676,-97.5164,1102140,20250129,https://journalrecord.com/2025/01/28/okc-council-approves-3m-loan-for-gold-dome-redevelopment/
1223350332,20250129,202501,2025,2025.0795,,,,,,,,,,,GOV,CONSULATE,,,,,,GOV,,,1,193,193,19,4,-10.0,10,1,10,-3.3195020746888,0,,,,,,,4,"Tamaulipas, Sinaloa, Mexico",MX,MX25,24.9086,-107.594,-1703946,4,"Tamaulipas, Sinaloa, Mexico",MX,MX25,24.9086,-107.594,-1703946,20250129,https://101gold.com/2025/01/28/warning-from-us-consulate-concerning-travel-to-mexico/
1223350364,20250129,202501,2025,2025.0795,,,,,,,,,,,MEX,MEXICO,MEX,,,,,,,,1,042,042,04,1,1.9,6,1,6,-3.3195020746888,0,,,,,,,4,"Tamaulipas, Sinaloa, Mexico",MX,MX25,24.9086,-107.594,-1703946,4,"Tamaulipas, Sinaloa, Mexico",MX,MX25,24.9086,-107.594,-1703946,20250129,https://101gold.com/2025/01/28/warning-from-us-consulate-concerning-travel-to-mexico/
1223350920,20250129,202501,2025,2025.0795,GOV,CONSULATE,,,,,,GOV,,,,,,,,,,,,,1,193,193,19,4,-10.0,10,1,10,-3.3195020746888,4,"Tamaulipas, Sinaloa, Mexico",MX,MX25,24.9086,-107.594,-1703946,0,,,,,,,4,"Tamaulipas, Sinaloa, Mexico",MX,MX25,24.9086,-107.594,-1703946,20250129,https://101gold.com/2025/01/28/warning-from-us-consulate-concerning-travel-to-mexico/
1223351287,20250129,202501,2025,2025.0795,MEX,MEXICO,MEX,,,,,,,,,,,,,,,,,,0,014,014,01,1,0.0,7,1,7,-3.3195020746888,4,"Tamaulipas, Sinaloa, Mexico",MX,MX25,24.9086,-107.594,-1703946,0,,,,,,,4,"Tamaulipas, Sinaloa, Mexico",MX,MX25,24.9086,-107.594,-1703946,20250129,https://101gold.com/2025/01/28/warning-from-us-consulate-concerning-travel-to-mexico/
1223351288,20250129,202501,2025,2025.0795,MEX,MEXICO,MEX,,,,,,,,,,,,,,,,,,1,043,043,04,1,2.8,6,1,6,-3.3195020746888,4,"Tamaulipas, Sinaloa, Mexico",MX,MX25,24.9086,-107.594,-1703946,0,,,,,,,4,"Tamaulipas, Sinaloa, Mexico",MX,MX25,24.9086,-107.594,-1703946,20250129,https://101gold.com/2025/01/28/warning-from-us-consulate-concerning-travel-to-mexico/
1223351297,20250129,202501,2025,2025.0795,MEXGOV,MEXICO,MEX,,,,,GOV,,,CRM,CRIMINAL,,,,,,CRM,,,1,110,110,11,3,-2.0,5,1,5,-3.3195020746888,4,"Tamaulipas, Sinaloa, Mexico",MX,MX25,24.9086,-107.594,-1703946,4,"Tamaulipas, Sinaloa, Mexico",MX,MX25,24.9086,-107.594,-1703946,4,"Tamaulipas, Sinaloa, Mexico",MX,MX25,24.9086,-107.594,-1703946,20250129,https://101gold.com/2025/01/28/warning-from-us-consulate-concerning-travel-to-mexico/
1223351300,20250129,202501,2025,2025.0795,MEXGOV,MEXICO,MEX,,,,,GOV,,,GOV,EMBASSY,,,,,,GOV,,,1,130,130,13,3,-4.4,5,1,5,-3.3195020746888,4,"Tamaulipas, Sinaloa, Mexico",MX,MX25,24.9086,-107.594,-1703946,4,"Tamaulipas, Sinaloa, Mexico",MX,MX25,24.9086,-107.594,-1703946,4,"Tamaulipas, Sinaloa, Mexico",MX,MX25,24.9086,-107.594,-1703946,20250129,https://101gold.com/2025/01/28/warning-from-us-consulate-concerning-travel-to-mexico/
1223351301,20250129,202501,2025,2025.0795,MEXGOV,MEXICO,MEX,,,,,GOV,,,MEX,MEXICAN,MEX,,,,,,,,1,160,160,16,4,-4.0,2,1,2,-3.3195020746888,4,"Tamaulipas, Sinaloa, Mexico",MX,MX25,24.9086,-107.594,-1703946,4,"Tamaulipas, Sinaloa, Mexico",MX,MX25,24.9086,-107.594,-1703946,4,"Tamaulipas, Sinaloa, Mexico",MX,MX25,24.9086,-107.594,-1703946,20250129,https://101gold.com/2025/01/28/warning-from-us-consulate-concerning-travel-to-mexico/
1223351302,20250129,202501,2025,2025.0795,MEXGOV,MEXICO,MEX,,,,,GOV,,,MEX,MEXICAN,MEX,,,,,,,,1,160,160,16,4,-4.0,3,1,3,-3.3195020746888,4,"Tamaulipas, Sinaloa, Mexico",MX,MX25,24.9086,-107.594,-1703946,4,"Tamaulipas, Sinaloa, Mexico",MX,MX25,24.9086,-107.594,-1703946,1,United States,US,US,39.828175,-98.5795,US,20250129,https://101gold.com/2025/01/28/warning-from-us-consulate-concerning-travel-to-mexico/
1223351303,20250129,202501,2025,2025.0795,MEXGOV,MEXICO,MEX,,,,,GOV,,,USA,AMERICAN,USA,,,,,,,,1,130,130,13,3,-4.4,2,1,2,-3.3195020746888,4,"Tamaulipas, Sinaloa, Mexico",MX,MX25,24.9086,-107.594,-1703946,4,"Tamaulipas, Sinaloa, Mexico",MX,MX25,24.9086,-107.594,-1703946,4,"Tamaulipas, Sinaloa, Mexico",MX,MX25,24.9086,-107.594,-1703946,20250129,https://101gold.com/2025/01/28/warning-from-us-consulate-concerning-travel-to-mexico/
1223351304,20250129,202501,2025,2025.0795,MEXGOV,MEXICO,MEX,,,,,GOV,,,USACVL,AMERICAN,USA,,,,,CVL,,,1,130,130,13,3,-4.4,3,1,3,-3.3195020746888,4,"Tamaulipas, Sinaloa, Mexico",MX,MX25,24.9086,-107.594,-1703946,4,"Tamaulipas, Sinaloa, Mexico",MX,MX25,24.9086,-107.594,-1703946,4,"Tamaulipas, Sinaloa, Mexico",MX,MX25,24.9086,-107.594,-1703946,20250129,https://101gold.com/2025/01/28/warning-from-us-consulate-concerning-travel-to-mexico/
1223351669,20250129,202501,2025,2025.0795,USA,AMERICAN,USA,,,,,,,,CRM,CRIMINAL,,,,,,CRM,,,1,110,110,11,3,-2.0,2,1,2,-3.3195020746888,1,United States,US,US,39.828175,-98.5795,US,4,"Tamaulipas, Sinaloa, Mexico",MX,MX25,24.9086,-107.594,-1703946,4,"Tamaulipas, Sinaloa, Mexico",MX,MX25,24.9086,-107.594,-1703946,20250129,https://101gold.com/2025/01/28/warning-from-us-consulate-concerning-travel-to-mexico/
1223351800,20250129,202501,2025,2025.0795,USA,AMERICAN,USA,,,,,,,,MEX,MEXICO,MEX,,,,,,,,1,130,130,13,3,-4.4,2,1,2,-3.3195020746888,4,"Tamaulipas, Sinaloa, Mexico",MX,MX25,24.9086,-107.594,-1703946,4,"Tamaulipas, Sinaloa, Mexico",MX,MX25,24.9086,-107.594,-1703946,4,"Tamaulipas, Sinaloa, Mexico",MX,MX25,24.9086,-107.594,-1703946,20250129,https://101gold.com/2025/01/28/warning-from-us-consulate-concerning-travel-to-mexico/
1223351878,20250129,202501,2025,2025.0795,USACVL,AMERICAN,USA,,,,,CVL,,,CRM,CRIMINAL,,,,,,CRM,,,1,110,110,11,3,-2.0,3,1,3,-3.3195020746888,1,United States,US,US,39.828175,-98.5795,US,4,"Tamaulipas, Sinaloa, Mexico",MX,MX25,24.9086,-107.594,-1703946,4,"Tamaulipas, Sinaloa, Mexico",MX,MX25,24.9086,-107.594,-1703946,20250129,https://101gold.com/2025/01/28/warning-from-us-consulate-concerning-travel-to-mexico/
1223351881,20250129,202501,2025,2025.0795,USACVL,AMERICAN,USA,,,,,CVL,,,MEX,MEXICAN,MEX,,,,,,,,1,130,130,13,3,-4.4,3,1,3,-3.3195020746888,4,"Tamaulipas, Sinaloa, Mexico",MX,MX25,24.9086,-107.594,-1703946,4,"Tamaulipas, Sinaloa, Mexico",MX,MX25,24.9086,-107.594,-1703946,4,"Tamaulipas, Sinaloa, Mexico",MX,MX25,24.9086,-107.594,-1703946,20250129,https://101gold.com/2025/01/28/warning-from-us-consulate-concerning-travel-to-mexico/
1223351882,20250129,202501,2025,2025.0795,USACVL,AMERICAN,USA,,,,,CVL,,,MEX,MEXICAN,MEX,,,,,,,,1,160,160,16,4,-4.0,3,1,3,-3.3195020746888,1,United States,US,US,39.828175,-98.5795,US,4,"Tamaulipas, Sinaloa, Mexico",MX,MX25,24.9086,-107.594,-1703946,1,United States,US,US,39.828175,-98.5795,US,20250129,https://101gold.com/2025/01/28/warning-from-us-consulate-concerning-travel-to-mexico/
1223354290,20250129,202501,2025,2025.0795,,,,,,,,,,,BUS,COMPANY,,,,,,BUS,,,0,057,057,05,1,8.0,6,1,6,-1.43022806339389,0,,,,,,,4,"Unuk River, British Columbia, Canada",CA,CA02,56.05,-131.117,-575179,4,"Unuk River, British Columbia, Canada",CA,CA02,56.05,-131.117,-575179,20250129,https://www.ktoo.org/2025/01/28/worlds-largest-undeveloped-gold-mine-faces-legal-challenges-from-canada-and-alaska-tribal-nations/
1223354291,20250129,202501,2025,2025.0795,,,,,,,,,,,BUS,COMPANY,,,,,,BUS,,,0,057,057,05,1,8.0,4,1,4,-1.43022806339389,0,,,,,,,1,United Kingdom,UK,UK,54,-4,UK,1,United Kingdom,UK,UK,54,-4,UK,20250129,https://www.ktoo.org/2025/01/28/worlds-largest-undeveloped-gold-mine-faces-legal-challenges-from-canada-and-alaska-tribal-nations/
1223354296,20250129,202501,2025,2025.0795,,,,,,,,,,,CAN,BRITISH COLUMBIA,CAN,,,,,,,,0,040,040,04,1,1.0,2,1,2,-1.43022806339389,0,,,,,,,1,United Kingdom,UK,UK,54,-4,UK,1,United Kingdom,UK,UK,54,-4,UK,20250129,https://www.ktoo.org/2025/01/28/worlds-largest-undeveloped-gold-mine-faces-legal-challenges-from-canada-and-alaska-tribal-nations/
1223354579,20250129,202501,2025,2025.0795,BUS,COMPANY,,,,,,BUS,,,,,,,,,,,,,0,057,057,05,1,8.0,6,1,6,-1.43022806339389,4,"Unuk River, British Columbia, Canada",CA,CA02,56.05,-131.117,-575179,0,,,,,,,4,"Unuk River, British Columbia, Canada",CA,CA02,56.05,-131.117,-575179,20250129,https://www.ktoo.org/2025/01/28/worlds-largest-undeveloped-gold-mine-faces-legal-challenges-from-canada-and-alaska-tribal-nations/
1223354580,20250129,202501,2025,2025.0795,BUS,COMPANY,,,,,,BUS,,,,,,,,,,,,,1,057,057,05,1,8.0,14,2,14,-0.070368706100555,1,United Kingdom,UK,UK,54,-4,UK,0,,,,,,,1,United Kingdom,UK,UK,54,-4,UK,20250129,https://www.ktoo.org/2025/01/28/worlds-largest-undeveloped-gold-mine-faces-legal-challenges-from-canada-and-alaska-tribal-nations/
1223354623,20250129,202501,2025,2025.0795,CAN,BRITISH COLUMBIA,CAN,,,,,,,,,,,,,,,,,,0,040,040,04,1,1.0,2,1,2,-1.43022806339389,1,United Kingdom,UK,UK,54,-4,UK,0,,,,,,,1,United Kingdom,UK,UK,54,-4,UK,20250129,https://www.ktoo.org/2025/01/28/worlds-largest-undeveloped-gold-mine-faces-legal-challenges-from-canada-and-alaska-tribal-nations/
1223354640,20250129,202501,2025,2025.0795,CAN,BRITISH COLUMBIA,CAN,,,,,,,,USACVL,AMERICAN,USA,,,,,CVL,,,0,190,190,19,4,-10.0,2,1,2,-1.43022806339389,1,United Kingdom,UK,UK,54,-4,UK,3,"Washington, District of Columbia, United States",US,USDC,38.8951,-77.0364,531871,4,"Unuk River, British Columbia, Canada",CA,CA02,56.05,-131.117,-575179,20250129,https://www.ktoo.org/2025/01/28/worlds-largest-undeveloped-gold-mine-faces-legal-challenges-from-canada-and-alaska-tribal-nations/
1223354775,20250129,202501,2025,2025.0795,CVL,POPULATION,,,,,,CVL,,,CAN,CANADA,CAN,,,,,,,,0,130,130,13,3,-4.4,2,1,2,-1.43022806339389,1,United Kingdom,UK,UK,54,-4,UK,1,United Kingdom,UK,UK,54,-4,UK,1,United Kingdom,UK,UK,54,-4,UK,20250129,https://www.ktoo.org/2025/01/28/worlds-largest-undeveloped-gold-mine-faces-legal-challenges-from-canada-and-alaska-tribal-nations/
1223354776,20250129,202501,2025,2025.0795,CVL,POPULATION,,,,,,CVL,,,CANJUD,CANADA,CAN,,,,,JUD,,,0,130,130,13,3,-4.4,2,1,2,-1.43022806339389,1,United Kingdom,UK,UK,54,-4,UK,1,United Kingdom,UK,UK,54,-4,UK,1,United Kingdom,UK,UK,54,-4,UK,20250129,https://www.ktoo.org/2025/01/28/worlds-largest-undeveloped-gold-mine-faces-legal-challenges-from-canada-and-alaska-tribal-nations/
1223354782,20250129,202501,2025,2025.0795,CVL,POPULATION,,,,,,CVL,,,JUD,ATTORNEY,,,,,,JUD,,,0,130,130,13,3,-4.4,3,1,3,-1.43022806339389,4,"Unuk River, British Columbia, Canada",CA,CA02,56.05,-131.117,-575179,4,"Unuk River, British Columbia, Canada",CA,CA02,56.05,-131.117,-575179,4,"Unuk River, British Columbia, Canada",CA,CA02,56.05,-131.117,-575179,20250129,https://www.ktoo.org/2025/01/28/worlds-largest-undeveloped-gold-mine-faces-legal-challenges-from-canada-and-alaska-tribal-nations/
1223354783,20250129,202501,2025,2025.0795,CVL,POPULATION,,,,,,CVL,,,JUD,ATTORNEY,,,,,,JUD,,,0,130,130,13,3,-4.4,3,1,3,-1.43022806339389,1,United Kingdom,UK,UK,54,-4,UK,1,United Kingdom,UK,UK,54,-4,UK,1,United Kingdom,UK,UK,54,-4,UK,20250129,https://www.ktoo.org/2025/01/28/worlds-largest-undeveloped-gold-mine-faces-legal-challenges-from-canada-and-alaska-tribal-nations/
1223354918,20250129,202501,2025,2025.0795,GBR,UNITED KINGDOM,GBR,,,,,,,,,,,,,,,,,,0,120,120,12,3,-4.0,2,1,2,-1.43022806339389,1,United Kingdom,UK,UK,54,-4,UK,0,,,,,,,2,"Alaska, United States",US,USAK,61.385,-152.268,AK,20250129,https://www.ktoo.org/2025/01/28/worlds-largest-undeveloped-gold-mine-faces-legal-challenges-from-canada-and-alaska-tribal-nations/
1223354920,20250129,202501,2025,2025.0795,GBR,UNITED KINGDOM,GBR,,,,,,,,,,,,,,,,,,1,173,173,17,4,-5.0,35,9,31,-3.63589501044966,1,United Kingdom,UK,UK,54,-4,UK,0,,,,,,,1,United Kingdom,UK,UK,54,-4,UK,20250129,https://www.ktoo.org/2025/01/28/worlds-largest-undeveloped-gold-mine-faces-legal-challenges-from-canada-and-alaska-tribal-nations/
1223354937,20250129,202501,2025,2025.0795,GBR,BRITISH,GBR,,,,,,,,USA,UNITED STATES,USA,,,,,,,,0,040,040,04,1,1.0,1,1,1,-1.43022806339389,2,"Alaska, United States",US,USAK,61.385,-152.268,AK,2,"Alaska, United States",US,USAK,61.385,-152.268,AK,2,"Alaska, United States",US,USAK,61.385,-152.268,AK,20250129,https://www.ktoo.org/2025/01/28/worlds-largest-undeveloped-gold-mine-faces-legal-challenges-from-canada-and-alaska-tribal-nations/
1223354938,20250129,202501,2025,2025.0795,GBR,BRITISH,GBR,,,,,,,,USA,UNITED STATES,USA,,,,,,,,0,040,040,04,1,1.0,1,1,1,-1.43022806339389,1,United Kingdom,UK,UK,54,-4,UK,2,"Alaska, United States",US,USAK,61.385,-152.268,AK,2,"Alaska, United States",US,USAK,61.385,-152.268,AK,20250129,https://www.ktoo.org/2025/01/28/worlds-largest-undeveloped-gold-mine-faces-legal-challenges-from-canada-and-alaska-tribal-nations/
1223354939,20250129,202501,2025,2025.0795,GBR,UNITED KINGDOM,GBR,,,,,,,,USA,UNITED STATES,USA,,,,,,,,0,040,040,04,1,1.0,4,1,4,-1.43022806339389,1,United Kingdom,UK,UK,54,-4,UK,2,"Alaska, United States",US,USAK,61.385,-152.268,AK,1,United Kingdom,UK,UK,54,-4,UK,20250129,https://www.ktoo.org/2025/01/28/worlds-largest-undeveloped-gold-mine-faces-legal-challenges-from-canada-and-alaska-tribal-nations/
1223354945,20250129,202501,2025,2025.0795,GBR,BRITISH,GBR,,,,,,,,USACVL,UNITED STATES,USA,,,,,CVL,,,0,190,190,19,4,-10.0,2,1,2,-1.43022806339389,4,"Unuk River, British Columbia, Canada",CA,CA02,56.05,-131.117,-575179,4,"Unuk River, British Columbia, Canada",CA,CA02,56.05,-131.117,-575179,4,"Unuk River, British Columbia, Canada",CA,CA02,56.05,-131.117,-575179,20250129,https://www.ktoo.org/2025/01/28/worlds-largest-undeveloped-gold-mine-faces-legal-challenges-from-canada-and-alaska-tribal-nations/
1223354946,20250129,202501,2025,2025.0795,GBR,UNITED KINGDOM,GBR,,,,,,,,USACVL,UNITED STATES,USA,,,,,CVL,,,0,190,190,19,4,-10.0,6,1,6,-1.43022806339389,1,United Kingdom,UK,UK,54,-4,UK,3,"Washington, District of Columbia, United States",US,USDC,38.8951,-77.0364,531871,4,"Unuk River, British Columbia, Canada",CA,CA02,56.05,-131.117,-575179,20250129,https://www.ktoo.org/2025/01/28/worlds-largest-undeveloped-gold-mine-faces-legal-challenges-from-canada-and-alaska-tribal-nations/
1223355626,20250129,202501,2025,2025.0795,USA,WASHINGTON,USA,,,,,,,,,,,,,,,,,,0,010,010,01,1,0.0,2,1,2,-1.43022806339389,4,"Unuk River, British Columbia, Canada",CA,CA02,56.05,-131.117,-575179,0,,,,,,,3,"Washington, District of Columbia, United States",US,USDC,38.8951,-77.0364,531871,20250129,https://www.ktoo.org/2025/01/28/worlds-largest-undeveloped-gold-mine-faces-legal-challenges-from-canada-and-alaska-tribal-nations/
1223355845,20250129,202501,2025,2025.0795,USA,UNITED STATES,USA,,,,,,,,GBR,BRITISH,GBR,,,,,,,,0,040,040,04,1,1.0,1,1,1,-1.43022806339389,2,"Alaska, United States",US,USAK,61.385,-152.268,AK,2,"Alaska, United States",US,USAK,61.385,-152.268,AK,2,"Alaska, United States",US,USAK,61.385,-152.268,AK,20250129,https://www.ktoo.org/2025/01/28/worlds-largest-undeveloped-gold-mine-faces-legal-challenges-from-canada-and-alaska-tribal-nations/
1223355846,20250129,202501,2025,2025.0795,USA,UNITED STATES,USA,,,,,,,,GBR,BRITISH,GBR,,,,,,,,0,040,040,04,1,1.0,1,1,1,-1.43022806339389,2,"Alaska, United States",US,USAK,61.385,-152.268,AK,1,United Kingdom,UK,UK,54,-4,UK,2,"Alaska, United States",US,USAK,61.385,-152.268,AK,20250129,https://www.ktoo.org/2025/01/28/worlds-largest-undeveloped-gold-mine-faces-legal-challenges-from-canada-and-alaska-tribal-nations/
1223355847,20250129,202501,2025,2025.0795,USA,UNITED STATES,USA,,,,,,,,GBR,UNITED KINGDOM,GBR,,,,,,,,0,040,040,04,1,1.0,4,1,4,-1.43022806339389,2,"Alaska, United States",US,USAK,61.385,-152.268,AK,1,United Kingdom,UK,UK,54,-4,UK,1,United Kingdom,UK,UK,54,-4,UK,20250129,https://www.ktoo.org/2025/01/28/worlds-largest-undeveloped-gold-mine-faces-legal-challenges-from-canada-and-alaska-tribal-nations/
1223355870,20250129,202501,2025,2025.0795,USA,ALASKA,USA,,,,,,,,GOV,GOVERNMENT,,,,,,GOV,,,0,113,113,11,3,-2.0,6,1,6,-1.43022806339389,2,"Alaska, United States",US,USAK,61.385,-152.268,AK,2,"Alaska, United States",US,USAK,61.385,-152.268,AK,2,"Alaska, United States",US,USAK,61.385,-152.268,AK,20250129,https://www.ktoo.org/2025/01/28/worlds-largest-undeveloped-gold-mine-faces-legal-challenges-from-canada-and-alaska-tribal-nations/
1223355871,20250129,202501,2025,2025.0795,USA,ALASKA,USA,,,,,,,,GOV,GOVERNMENT,,,,,,GOV,,,0,113,113,11,3,-2.0,2,1,2,-1.43022806339389,2,"Alaska, United States",US,USAK,61.385,-152.268,AK,1,United Kingdom,UK,UK,54,-4,UK,1,United Kingdom,UK,UK,54,-4,UK,20250129,https://www.ktoo.org/2025/01/28/worlds-largest-undeveloped-gold-mine-faces-legal-challenges-from-canada-and-alaska-tribal-nations/
1223355872,20250129,202501,2025,2025.0795,USA,ALASKA,USA,,,,,,,,GOV,GOVERNMENT,,,,,,GOV,,,0,113,113,11,3,-2.0,2,1,2,-1.43022806339389,1,United Kingdom,UK,UK,54,-4,UK,1,United Kingdom,UK,UK,54,-4,UK,1,United Kingdom,UK,UK,54,-4,UK,20250129,https://www.ktoo.org/2025/01/28/worlds-largest-undeveloped-gold-mine-faces-legal-challenges-from-canada-and-alaska-tribal-nations/
1223355873,20250129,202501,2025,2025.0795,USA,ALASKA,USA,,,,,,,,GOV,GOVERNMENT,,,,,,GOV,,,0,114,114,11,3,-2.0,6,1,6,-1.43022806339389,2,"Alaska, United States",US,USAK,61.385,-152.268,AK,2,"Alaska, United States",US,USAK,61.385,-152.268,AK,2,"Alaska, United States",US,USAK,61.385,-152.268,AK,20250129,https://www.ktoo.org/2025/01/28/worlds-largest-undeveloped-gold-mine-faces-legal-challenges-from-canada-and-alaska-tribal-nations/
1223355874,20250129,202501,2025,2025.0795,USA,ALASKA,USA,,,,,,,,GOV,GOVERNMENT,,,,,,GOV,,,0,114,114,11,3,-2.0,2,1,2,-1.43022806339389,2,"Alaska, United States",US,USAK,61.385,-152.268,AK,1,United Kingdom,UK,UK,54,-4,UK,2,"Alaska, United States",US,USAK,61.385,-152.268,AK,20250129,https://www.ktoo.org/2025/01/28/worlds-largest-undeveloped-gold-mine-faces-legal-challenges-from-canada-and-alaska-tribal-nations/
1223355875,20250129,202501,2025,2025.0795,USA,ALASKA,USA,,,,,,,,GOV,GOVERNMENT,,,,,,GOV,,,0,114,114,11,3,-2.0,2,1,2,-1.43022806339389,1,United Kingdom,UK,UK,54,-4,UK,1,United Kingdom,UK,UK,54,-4,UK,1,United Kingdom,UK,UK,54,-4,UK,20250129,https://www.ktoo.org/2025/01/28/worlds-largest-undeveloped-gold-mine-faces-legal-challenges-from-canada-and-alaska-tribal-nations/
1223356013,20250129,202501,2025,2025.0795,USA,ALASKA,USA,,,,,,,,idg,INDIGENOUS,,,idg,,,,,,1,012,012,01,1,-0.4,3,1,3,-1.43022806339389,1,United Kingdom,UK,UK,54,-4,UK,1,United Kingdom,UK,UK,54,-4,UK,1,United Kingdom,UK,UK,54,-4,UK,20250129,https://www.ktoo.org/2025/01/28/worlds-largest-undeveloped-gold-mine-faces-legal-challenges-from-canada-and-alaska-tribal-nations/
1223356034,20250129,202501,2025,2025.0795,USACVL,AMERICAN,USA,,,,,CVL,,,CAN,BRITISH COLUMBIA,CAN,,,,,,,,0,185,185,18,4,-8.0,2,1,2,-1.43022806339389,3,"Washington, District of Columbia, United States",US,USDC,38.8951,-77.0364,531871,1,United Kingdom,UK,UK,54,-4,UK,4,"Unuk River, British Columbia, Canada",CA,CA02,56.05,-131.117,-575179,20250129,https://www.ktoo.org/2025/01/28/worlds-largest-undeveloped-gold-mine-faces-legal-challenges-from-canada-and-alaska-tribal-nations/
1223356035,20250129,202501,2025,2025.0795,USACVL,UNITED STATES,USA,,,,,CVL,,,GBR,BRITISH,GBR,,,,,,,,0,185,185,18,4,-8.0,2,1,2,-1.43022806339389,4,"Unuk River, British Columbia, Canada",CA,CA02,56.05,-131.117,-575179,4,"Unuk River, British Columbia, Canada",CA,CA02,56.05,-131.117,-575179,4,"Unuk River, British Columbia, Canada",CA,CA02,56.05,-131.117,-575179,20250129,https://www.ktoo.org/2025/01/28/worlds-largest-undeveloped-gold-mine-faces-legal-challenges-from-canada-and-alaska-tribal-nations/
1223356036,20250129,202501,2025,2025.0795,USACVL,UNITED STATES,USA,,,,,CVL,,,GBR,UNITED KINGDOM,GBR,,,,,,,,0,185,185,18,4,-8.0,4,1,4,-1.43022806339389,3,"Washington, District of Columbia, United States",US,USDC,38.8951,-77.0364,531871,1,United Kingdom,UK,UK,54,-4,UK,4,"Unuk River, British Columbia, Canada",CA,CA02,56.05,-131.117,-575179,20250129,https://www.ktoo.org/2025/01/28/worlds-largest-undeveloped-gold-mine-faces-legal-challenges-from-canada-and-alaska-tribal-nations/
1223356037,20250129,202501,2025,2025.0795,USACVL,UNITED STATES,USA,,,,,CVL,,,GBR,UNITED KINGDOM,GBR,,,,,,,,0,185,185,18,4,-8.0,2,1,2,-1.43022806339389,3,"Washington, District of Columbia, United States",US,USDC,38.8951,-77.0364,531871,1,United Kingdom,UK,UK,54,-4,UK,3,"Washington, District of Columbia, United States",US,USDC,38.8951,-77.0364,531871,20250129,https://www.ktoo.org/2025/01/28/worlds-largest-undeveloped-gold-mine-faces-legal-challenges-from-canada-and-alaska-tribal-nations/
1223359014,20250129,202501,2025,2025.0795,,,,,,,,,,,GOV,PRESIDENT,,,,,,GOV,,,1,042,042,04,1,1.9,3,1,3,7.03125,0,,,,,,,4,"Kirkuk, At Ta'mim, Iraq",IZ,IZ13,35.4681,44.3922,-3107115,4,"Kirkuk, At Ta'mim, Iraq",IZ,IZ13,35.4681,44.3922,-3107115,20250129,https://www.iraq-businessnews.com/2025/01/29/kirkuk-airport-opens-gold-testing-and-hallmarking-unit/
1223359490,20250129,202501,2025,2025.0795,GOV,PRESIDENT,,,,,,GOV,,,,,,,,,,,,,1,043,043,04,1,2.8,3,1,3,7.03125,4,"Kirkuk, At Ta'mim, Iraq",IZ,IZ13,35.4681,44.3922,-3107115,0,,,,,,,4,"Kirkuk, At Ta'mim, Iraq",IZ,IZ13,35.4681,44.3922,-3107115,20250129,https://www.iraq-businessnews.com/2025/01/29/kirkuk-airport-opens-gold-testing-and-hallmarking-unit/
1223359530,20250129,202501,2025,2025.0795,GOV,PRESIDENT,,,,,,GOV,,,IRQ,IRAQ,IRQ,,,,,,,,1,043,043,04,1,2.8,2,1,2,7.03125,4,"Kirkuk, At Ta'mim, Iraq",IZ,IZ13,35.4681,44.3922,-3107115,4,"Kirkuk, At Ta'mim, Iraq",IZ,IZ13,35.4681,44.3922,-3107115,4,"Kirkuk, At Ta'mim, Iraq",IZ,IZ13,35.4681,44.3922,-3107115,20250129,https://www.iraq-businessnews.com/2025/01/29/kirkuk-airport-opens-gold-testing-and-hallmarking-unit/
1223359630,20250129,202501,2025,2025.0795,IRQ,IRAQ,IRQ,,,,,,,,GOV,PRESIDENT,,,,,,GOV,,,1,042,042,04,1,1.9,2,1,2,7.03125,4,"Kirkuk, At Ta'mim, Iraq",IZ,IZ13,35.4681,44.3922,-3107115,4,"Kirkuk, At Ta'mim, Iraq",IZ,IZ13,35.4681,44.3922,-3107115,4,"Kirkuk, At Ta'mim, Iraq",IZ,IZ13,35.4681,44.3922,-3107115,20250129,https://www.iraq-businessnews.com/2025/01/29/kirkuk-airport-opens-gold-testing-and-hallmarking-unit/
1223359723,20250129,202501,2025,2025.0795,LEG,HOUSE SPEAKER,,,,,,LEG,,,OPP,PROTESTER,,,,,,OPP,,,0,080,080,08,2,5.0,88,11,88,1.10650911978644,1,United States,US,US,39.828175,-98.5795,US,1,United States,US,US,39.828175,-98.5795,US,1,United States,US,US,39.828175,-98.5795,US,20250129,https://www.dailyfreeman.com/2025/01/28/jonah-goldberg-party-unity-no-easy-feat-with-a-leader-like-trump/
1223360073,20250129,202501,2025,2025.0795,USA,UNITED STATES,USA,,,,,,,,,,,,,,,,,,1,114,114,11,3,-2.0,16,4,16,0.87552488464416,1,United States,US,US,39.828175,-98.5795,US,0,,,,,,,1,United States,US,US,39.828175,-98.5795,US,20250129,https://www.dailyfreeman.com/2025/01/28/jonah-goldberg-party-unity-no-easy-feat-with-a-leader-like-trump/
1223360233,20250129,202501,2025,2025.0795,USALEG,UNITED STATES,USA,,,,,LEG,,,OPP,PROTESTER,,,,,,OPP,,,0,080,080,08,2,5.0,22,11,22,1.10650911978644,1,United States,US,US,39.828175,-98.5795,US,1,United States,US,US,39.828175,-98.5795,US,1,United States,US,US,39.828175,-98.5795,US,20250129,https://www.dailyfreeman.com/2025/01/28/jonah-goldberg-party-unity-no-easy-feat-with-a-leader-like-trump/
1223360658,20250129,202501,2025,2025.0795,,,,,,,,,,,GHA,GHANA,GHA,,,,,,,,0,043,043,04,1,2.8,2,1,2,1.87014820042343,0,,,,,,,4,"Esaase, Ghana (general), Ghana",GH,GH00,5.87184,-1.81516,-2072929,4,"Esaase, Ghana (general), Ghana",GH,GH00,5.87184,-1.81516,-2072929,20250129,https://www.juniorminingnetwork.com/junior-miner-news/press-releases/1114-tsx/gau/174338-galiano-gold-announces-2025-guidance-and-provides-mineral-reserve-and-mineral-resource-update.html
1223361132,20250129,202501,2025,2025.0795,GHA,GHANA,GHA,,,,,,,,,,,,,,,,,,0,042,042,04,1,1.9,2,1,2,1.87014820042343,4,"Nkran, Ghana (general), Ghana",GH,GH00,5.32304,-1.81752,-2076792,0,,,,,,,4,"Nkran, Ghana (general), Ghana",GH,GH00,5.32304,-1.81752,-2076792,20250129,https://www.juniorminingnetwork.com/junior-miner-news/press-releases/1114-tsx/gau/174338-galiano-gold-announces-2025-guidance-and-provides-mineral-reserve-and-mineral-resource-update.html
1223366326,20250129,202501,2025,2025.0795,CVL,RESIDENTS,,,,,,CVL,,,GOV,AUTHORITIES,,,,,,GOV,,,1,112,112,11,3,-2.0,20,2,20,-4.04325913652294,0,,,,,,,0,,,,,,,0,,,,,,,20250129,https://www.standardmedia.co.ke/article/2001510580/scramble-for-brown-gold-leaves-lake-victoria-s-shoreline-in-limbo
1223369861,20250129,202501,2025,2025.0795,USA,UNITED STATES,USA,,,,,,,,,,,,,,,,,,0,012,012,01,1,-0.4,1,1,1,-2.68041237113402,2,"Texas, United States",US,USTX,31.106,-97.6475,TX,0,,,,,,,2,"California, United States",US,USCA,36.17,-119.746,CA,20250129,https://www.dailycal.org/opinion/the_soapbox/bad-policy-is-hardly-unique-to-the-golden-state/article_74d2e91e-ddeb-11ef-896e-8b47d484b8b3.html
1223369913,20250129,202501,2025,2025.0795,USA,UNITED STATES,USA,,,,,,,,,,,,,,,,,,1,112,112,11,3,-2.0,41,13,41,-4.93289520704658,2,"California, United States",US,USCA,36.17,-119.746,CA,0,,,,,,,2,"California, United States",US,USCA,36.17,-119.746,CA,20250129,https://www.dailycal.org/opinion/the_soapbox/bad-policy-is-hardly-unique-to-the-golden-state/article_74d2e91e-ddeb-11ef-896e-8b47d484b8b3.html
1223372256,20250129,202501,2025,2025.0795,GOV,AUDITOR GENERAL,,,,,,GOV,,,,,,,,,,,,,1,071,071,07,2,7.4,10,1,10,1.15606936416185,4,"Palwal, Haryana, India",IN,IN10,28.15,77.3333,-2106947,0,,,,,,,4,"Palwal, Haryana, India",IN,IN10,28.15,77.3333,-2106947,20250129,https://indianexpress.com/article/cities/chandigarh/haryana-acb-recovers-gold-retired-panchayat-dept-official-9804955/
1223374108,20250129,202501,2025,2025.0795,IGONAMDEV,INTER AMERICAN DEVELOPMENT BANK,NAM,,,,,IGO,DEV,,,,,,,,,,,,1,084,084,08,2,7.0,1,1,1,0.72727272727273,1,United States,US,US,39.828175,-98.5795,US,0,,,,,,,1,United States,US,US,39.828175,-98.5795,US,20250129,https://aldianews.com/en/leadership/entrepreneurs/gold-mine-under-threat
1223374192,20250129,202501,2025,2025.0795,LAB,WORKER,,,,,,LAB,,,,,,,,,,,,,1,030,030,03,1,4.0,20,2,20,-1.19886363636363,1,United States,US,US,39.828175,-98.5795,US,0,,,,,,,1,United States,US,US,39.828175,-98.5795,US,20250129,https://aldianews.com/en/leadership/entrepreneurs/gold-mine-under-threat
1223374210,20250129,202501,2025,2025.0795,LEG,SENATOR,,,,,,LEG,,,,,,,,,,,,,1,110,110,11,3,-2.0,3,2,3,-5.06353627905884,2,"New York, United States",US,USNY,42.1497,-74.9384,NY,0,,,,,,,2,"New York, United States",US,USNY,42.1497,-74.9384,NY,20250129,https://newswithviews.com/rfk-jr-science-and-the-golden-age/
1223374382,20250129,202501,2025,2025.0795,USA,AMERICAN,USA,,,,,,,,BUS,BANK,,,,,,BUS,,,1,084,084,08,2,7.0,13,2,13,1.82705099778271,1,United States,US,US,39.828175,-98.5795,US,1,United States,US,US,39.828175,-98.5795,US,1,United States,US,US,39.828175,-98.5795,US,20250129,https://aldianews.com/en/leadership/entrepreneurs/gold-mine-under-threat
1223374384,20250129,202501,2025,2025.0795,USA,UNITED STATES,USA,,,,,,,,COP,PRISON,,,,,,COP,,,1,173,173,17,4,-5.0,9,3,9,-5.02048549977527,3,"Washington, District of Columbia, United States",US,USDC,38.8951,-77.0364,531871,3,"Washington, District of Columbia, United States",US,USDC,38.8951,-77.0364,531871,3,"Washington, District of Columbia, United States",US,USDC,38.8951,-77.0364,531871,20250129,https://newswithviews.com/rfk-jr-science-and-the-golden-age/
1223376493,20240130,202401,2024,2024.0822,,,,,,,,,,,USA,UNITED STATES,USA,,,,,,,,0,190,190,19,4,-10.0,136,35,136,-5.93397258331199,0,,,,,,,3,"Washington, District of Columbia, United States",US,USDC,38.8951,-77.0364,531871,4,"Cairo, Al Qahirah, Egypt",EG,EG11,30.05,31.25,-290692,20250129,https://ktar.com/national-news/judge-set-to-sentence-former-sen-bob-menendez-who-was-convicted-of-taking-bribes-of-cash-and-gold/5654134/
1223376494,20240130,202401,2024,2024.0822,,,,,,,,,,,USA,UNITED STATES,USA,,,,,,,,0,190,190,19,4,-10.0,14,4,14,-6.05312941098613,0,,,,,,,2,"New York, United States",US,USNY,42.1497,-74.9384,NY,4,"Cairo, Al Qahirah, Egypt",EG,EG11,30.05,31.25,-290692,20250129,https://www.winnipegfreepress.com/world/2025/01/28/judge-set-to-sentence-former-sen-bob-menendez-who-was-convicted-of-taking-bribes-of-cash-and-gold
1223376506,20240130,202401,2024,2024.0822,USA,UNITED STATES,USA,,,,,,,,,,,,,,,,,,0,190,190,19,4,-10.0,4,2,4,-6.13815904183264,3,"Washington, District of Columbia, United States",US,USDC,38.8951,-77.0364,531871,0,,,,,,,4,"Cairo, Al Qahirah, Egypt",EG,EG11,30.05,31.25,-290692,20250129,https://ktar.com/national-news/judge-set-to-sentence-former-sen-bob-menendez-who-was-convicted-of-taking-bribes-of-cash-and-gold/5654134/
1223376507,20240130,202401,2024,2024.0822,USA,UNITED STATES,USA,,,,,,,,,,,,,,,,,,0,190,190,19,4,-10.0,2,1,2,-5.62293274531422,2,"New York, United States",US,USNY,42.1497,-74.9384,NY,0,,,,,,,4,"Cairo, Al Qahirah, Egypt",EG,EG11,30.05,31.25,-290692,20250129,https://www.winnipegfreepress.com/world/2025/01/28/judge-set-to-sentence-former-sen-bob-menendez-who-was-convicted-of-taking-bribes-of-cash-and-gold
1223377096,20250129,202501,2025,2025.0795,IND,NEW DELHI,IND,,,,,,,,,,,,,,,,,,1,010,010,01,1,0.0,5,1,5,9.09090909090908,4,"Kolkata, West Bengal, India",IN,IN28,22.5697,88.3697,-2092511,0,,,,,,,4,"Kolkata, West Bengal, India",IN,IN28,22.5697,88.3697,-2092511,20250129,https://www.news18.com/business/savings-and-investments/gold-silver-prices-fall-on-january-29-check-precious-metal-prices-in-your-city-today-9206200.html
1223377156,20250129,202501,2025,2025.0795,JUD,LAWYER,,,,,,JUD,,,,,,,,,,,,,0,010,010,01,1,0.0,2,1,2,-5.62293274531422,3,"Turtle Island, New Jersey, United States",US,USNJ,39.546,-74.4018,881307,0,,,,,,,3,"Turtle Island, New Jersey, United States",US,USNJ,39.546,-74.4018,881307,20250129,https://www.winnipegfreepress.com/world/2025/01/28/judge-set-to-sentence-former-sen-bob-menendez-who-was-convicted-of-taking-bribes-of-cash-and-gold
1223377157,20250129,202501,2025,2025.0795,JUD,LAWYER,,,,,,JUD,,,,,,,,,,,,,0,010,010,01,1,0.0,586,91,556,-4.21129928842201,3,"Union City, New Jersey, United States",US,USNJ,40.7795,-74.0238,881349,0,,,,,,,3,"Union City, New Jersey, United States",US,USNJ,40.7795,-74.0238,881349,20250129,https://www.winnipegfreepress.com/world/2025/01/28/judge-set-to-sentence-former-sen-bob-menendez-who-was-convicted-of-taking-bribes-of-cash-and-gold
1223377159,20250129,202501,2025,2025.0795,JUD,LAWYER,,,,,,JUD,,,,,,,,,,,,,1,010,010,01,1,0.0,404,61,404,-5.81966101221703,2,"New Jersey, United States",US,USNJ,40.314,-74.5089,NJ,0,,,,,,,2,"New Jersey, United States",US,USNJ,40.314,-74.5089,NJ,20250129,https://ktar.com/national-news/judge-set-to-sentence-former-sen-bob-menendez-who-was-convicted-of-taking-bribes-of-cash-and-gold/5654134/
1223377170,20250129,202501,2025,2025.0795,JUD,JUDGE,,,,,,JUD,,,,,,,,,,,,,1,173,173,17,4,-5.0,132,39,132,-6.11301625656817,2,"Florida, United States",US,USFL,27.8333,-81.717,FL,0,,,,,,,2,"Florida, United States",US,USFL,27.8333,-81.717,FL,20250129,https://www.winnipegfreepress.com/world/2025/01/28/judge-set-to-sentence-former-sen-bob-menendez-who-was-convicted-of-taking-bribes-of-cash-and-gold
1223377180,20250129,202501,2025,2025.0795,JUD,LAWYER,,,,,,JUD,,,USA,UNITED STATES,USA,,,,,,,,0,010,010,01,1,0.0,2,1,2,-5.62293274531422,3,"Turtle Island, New Jersey, United States",US,USNJ,39.546,-74.4018,881307,2,"New York, United States",US,USNY,42.1497,-74.9384,NY,3,"Turtle Island, New Jersey, United States",US,USNJ,39.546,-74.4018,881307,20250129,https://www.winnipegfreepress.com/world/2025/01/28/judge-set-to-sentence-former-sen-bob-menendez-who-was-convicted-of-taking-bribes-of-cash-and-gold
1223377189,20250129,202501,2025,2025.0795,JUD,JUDGE,,,,,,JUD,,,USA,UNITED STATES,USA,,,,,,,,1,173,173,17,4,-5.0,44,37,44,-6.09549378247304,2,"Florida, United States",US,USFL,27.8333,-81.717,FL,2,"Florida, United States",US,USFL,27.8333,-81.717,FL,2,"Florida, United States",US,USFL,27.8333,-81.717,FL,20250129,https://www.winnipegfreepress.com/world/2025/01/28/judge-set-to-sentence-former-sen-bob-menendez-who-was-convicted-of-taking-bribes-of-cash-and-gold
1223377190,20250129,202501,2025,2025.0795,JUD,JUDGE,,,,,,JUD,,,USA,UNITED STATES,USA,,,,,,,,1,173,173,17,4,-5.0,69,29,64,-6.37588911102006,2,"New Jersey, United States",US,USNJ,40.314,-74.5089,NJ,2,"New Jersey, United States",US,USNJ,40.314,-74.5089,NJ,2,"New Jersey, United States",US,USNJ,40.314,-74.5089,NJ,20250129,https://www.winnipegfreepress.com/world/2025/01/28/judge-set-to-sentence-former-sen-bob-menendez-who-was-convicted-of-taking-bribes-of-cash-and-gold
1223377231,20250129,202501,2025,2025.0795,LEG,SENATOR,,,,,,LEG,,,,,,,,,,,,,0,173,173,17,4,-5.0,70,35,70,-6.12600618628201,3,"Union City, New Jersey, United States",US,USNJ,40.7795,-74.0238,881349,0,,,,,,,3,"Union City, New Jersey, United States",US,USNJ,40.7795,-74.0238,881349,20250129,https://ktar.com/national-news/judge-set-to-sentence-former-sen-bob-menendez-who-was-convicted-of-taking-bribes-of-cash-and-gold/5654134/
1223377232,20250129,202501,2025,2025.0795,LEG,SENATOR,,,,,,LEG,,,,,,,,,,,,,0,173,173,17,4,-5.0,1094,126,1086,-4.8958799573471,2,"Florida, United States",US,USFL,27.8333,-81.717,FL,0,,,,,,,2,"Florida, United States",US,USFL,27.8333,-81.717,FL,20250129,https://ktar.com/national-news/judge-set-to-sentence-former-sen-bob-menendez-who-was-convicted-of-taking-bribes-of-cash-and-gold/5654134/
1223377583,20250129,202501,2025,2025.0795,USA,NEW JERSEY,USA,,,,,,,,LEG,SENATOR,,,,,,LEG,,,1,173,173,17,4,-5.0,288,56,288,-6.27645675103712,2,"Florida, United States",US,USFL,27.8333,-81.717,FL,2,"Florida, United States",US,USFL,27.8333,-81.717,FL,2,"Florida, United States",US,USFL,27.8333,-81.717,FL,20250129,https://ktar.com/national-news/judge-set-to-sentence-former-sen-bob-menendez-who-was-convicted-of-taking-bribes-of-cash-and-gold/5654134/
1223377584,20250129,202501,2025,2025.0795,USA,NEW JERSEY,USA,,,,,,,,LEG,SENATOR,,,,,,LEG,,,1,173,173,17,4,-5.0,260,66,256,-6.42276688690913,2,"New Jersey, United States",US,USNJ,40.314,-74.5089,NJ,2,"New Jersey, United States",US,USNJ,40.314,-74.5089,NJ,2,"New Jersey, United States",US,USNJ,40.314,-74.5089,NJ,20250129,https://www.winnipegfreepress.com/world/2025/01/28/judge-set-to-sentence-former-sen-bob-menendez-who-was-convicted-of-taking-bribes-of-cash-and-gold
1223377585,20250129,202501,2025,2025.0795,USA,NEW JERSEY,USA,,,,,,,,LEG,SENATOR,,,,,,LEG,,,1,173,173,17,4,-5.0,2,1,2,-5.62293274531422,2,"New York, United States",US,USNY,42.1497,-74.9384,NY,2,"New Jersey, United States",US,USNJ,40.314,-74.5089,NJ,2,"New York, United States",US,USNY,42.1497,-74.9384,NY,20250129,https://www.winnipegfreepress.com/world/2025/01/28/judge-set-to-sentence-former-sen-bob-menendez-who-was-convicted-of-taking-bribes-of-cash-and-gold
1223378256,20250129,202501,2025,2025.0795,,,,,,,,,,,CAN,CANADIAN,CAN,,,,,,,,1,040,040,04,1,1.0,20,2,20,6.66691154863356,0,,,,,,,4,"Quebec, Quebec, Canada",CA,CA10,47.5,-72,-571850,4,"Quebec, Quebec, Canada",CA,CA10,47.5,-72,-571850,20250129,https://menafn.com/1109141694/Troilus-Gold-Corp
1223378312,20250129,202501,2025,2025.0795,,,,,,,,,,,GRC,GREEK,GRC,,,,,,,,1,042,042,04,1,1.9,6,2,6,2.38224900764837,0,,,,,,,4,"Santorini, Perifereia Notiou Aigaiou, Greece",GR,GR61,36.3956,25.4592,-829276,4,"Santorini, Perifereia Notiou Aigaiou, Greece",GR,GR61,36.3956,25.4592,-829276,20250129,https://en.protothema.gr/2025/01/29/golden-visa-94-of-properties-return-to-the-rental-market/
1223378404,20250129,202501,2025,2025.0795,BUS,COMPANIES,,,,,,BUS,,,,,,,,,,,,,1,010,010,01,1,0.0,5,1,5,-0.15974440894569,4,"Santorini, Perifereia Notiou Aigaiou, Greece",GR,GR61,36.3956,25.4592,-829276,0,,,,,,,4,"Santorini, Perifereia Notiou Aigaiou, Greece",GR,GR61,36.3956,25.4592,-829276,20250129,https://en.protothema.gr/2025/01/29/golden-visa-94-of-properties-return-to-the-rental-market/
1223378459,20250129,202501,2025,2025.0795,CAN,CANADIAN,CAN,,,,,,,,,,,,,,,,,,1,040,040,04,1,1.0,20,2,20,6.66691154863356,4,"Detour Lake, Northwest Territories, Canada",CA,CA13,62.65,-112.917,-563554,0,,,,,,,4,"Detour Lake, Northwest Territories, Canada",CA,CA13,62.65,-112.917,-563554,20250129,https://menafn.com/1109141694/Troilus-Gold-Corp
1223378882,20250129,202501,2025,2025.0795,GRC,GREEK,GRC,,,,,,,,,,,,,,,,,,1,043,043,04,1,2.8,4,1,4,-0.15974440894569,4,"Mykonos, Perifereia Notiou Aigaiou, Greece",GR,GR61,37.45,25.3333,-823958,0,,,,,,,4,"Mykonos, Perifereia Notiou Aigaiou, Greece",GR,GR61,37.45,25.3333,-823958,20250129,https://en.protothema.gr/2025/01/29/golden-visa-94-of-properties-return-to-the-rental-market/
1223378883,20250129,202501,2025,2025.0795,GRC,GREECE,GRC,,,,,,,,,,,,,,,,,,1,043,043,04,1,2.8,1,1,1,-0.15974440894569,4,"Mykonos, Perifereia Notiou Aigaiou, Greece",GR,GR61,37.45,25.3333,-823958,0,,,,,,,1,Russia,RS,RS,60,100,RS,20250129,https://en.protothema.gr/2025/01/29/golden-visa-94-of-properties-return-to-the-rental-market/
1223380240,20250129,202501,2025,2025.0795,CAN,CANADA,CAN,,,,,,,,BFA,BURKINA FASO,BFA,,,,,,,,1,010,010,01,1,0.0,1,1,1,-1.66666666666666,1,Canada,CA,CA,60,-96,CA,4,"Bamako, Bamako, Mali",ML,ML01,12.65,-8,-1064708,1,Niger,NG,NG,16,8,NG,20250129,https://www.firstpost.com/world/mali-seizes-290-mn-in-gold-from-canadian-mine-as-sahel-juntas-push-for-resource-control-13857382.html
1223380241,20250129,202501,2025,2025.0795,CAN,CANADIAN,CAN,,,,,,,,BFA,BURKINA FASO,BFA,,,,,,,,1,010,010,01,1,0.0,4,1,4,-1.66666666666666,1,Canada,CA,CA,60,-96,CA,1,Burkina Faso,UV,UV,13,-2,UV,1,Niger,NG,NG,16,8,NG,20250129,https://www.firstpost.com/world/mali-seizes-290-mn-in-gold-from-canadian-mine-as-sahel-juntas-push-for-resource-control-13857382.html
1223380243,20250129,202501,2025,2025.0795,CAN,CANADIAN,CAN,,,,,,,,MLIGOV,MALI,MLI,,,,,GOV,,,1,010,010,01,1,0.0,5,1,5,-1.66666666666666,4,"Bamako, Bamako, Mali",ML,ML01,12.65,-8,-1064708,4,"Bamako, Bamako, Mali",ML,ML01,12.65,-8,-1064708,4,"Bamako, Bamako, Mali",ML,ML01,12.65,-8,-1064708,20250129,https://www.firstpost.com/world/mali-seizes-290-mn-in-gold-from-canadian-mine-as-sahel-juntas-push-for-resource-control-13857382.html
1223380244,20250129,202501,2025,2025.0795,CAN,CANADIAN,CAN,,,,,,,,NER,NIGER,NER,,,,,,,,1,010,010,01,1,0.0,5,1,5,-1.66666666666666,1,Canada,CA,CA,60,-96,CA,1,Niger,NG,NG,16,8,NG,1,Niger,NG,NG,16,8,NG,20250129,https://www.firstpost.com/world/mali-seizes-290-mn-in-gold-from-canadian-mine-as-sahel-juntas-push-for-resource-control-13857382.html
1223380343,20250129,202501,2025,2025.0795,CVL,SETTLEMENT,,,,,,CVL,,,AUS,AUSTRALIAN,AUS,,,,,,,,1,173,173,17,4,-5.0,5,1,5,-1.66666666666666,4,"Bamako, Bamako, Mali",ML,ML01,12.65,-8,-1064708,4,"Bamako, Bamako, Mali",ML,ML01,12.65,-8,-1064708,4,"Bamako, Bamako, Mali",ML,ML01,12.65,-8,-1064708,20250129,https://www.firstpost.com/world/mali-seizes-290-mn-in-gold-from-canadian-mine-as-sahel-juntas-push-for-resource-control-13857382.html
1223380344,20250129,202501,2025,2025.0795,CVL,SETTLEMENT,,,,,,CVL,,,AUS,AUSTRALIAN,AUS,,,,,,,,1,173,173,17,4,-5.0,3,1,3,-1.66666666666666,1,Canada,CA,CA,60,-96,CA,1,Australia,AS,AS,-25,135,AS,1,Australia,AS,AS,-25,135,AS,20250129,https://www.firstpost.com/world/mali-seizes-290-mn-in-gold-from-canadian-mine-as-sahel-juntas-push-for-resource-control-13857382.html
1223380828,20250129,202501,2025,2025.0795,NERGOV,NIGER,NER,,,,,GOV,,,FRA,FRENCH,FRA,,,,,,,,0,192,192,19,4,-9.5,8,1,8,-1.66666666666666,1,Niger,NG,NG,16,8,NG,1,France,FR,FR,46,2,FR,1,France,FR,FR,46,2,FR,20250129,https://www.firstpost.com/world/mali-seizes-290-mn-in-gold-from-canadian-mine-as-sahel-juntas-push-for-resource-control-13857382.html
1223380829,20250129,202501,2025,2025.0795,NERGOV,NIGER,NER,,,,,GOV,,,FRA,FRANCE,FRA,,,,,,,,0,192,192,19,4,-9.5,2,1,2,-1.66666666666666,1,Niger,NG,NG,16,8,NG,1,France,FR,FR,46,2,FR,1,Niger,NG,NG,16,8,NG,20250129,https://www.firstpost.com/world/mali-seizes-290-mn-in-gold-from-canadian-mine-as-sahel-juntas-push-for-resource-control-13857382.html
1223380907,20250129,202501,2025,2025.0795,RUS,RUSSIA,RUS,,,,,,,,CHN,CHINA,CHN,,,,,,,,0,130,130,13,3,-4.4,1,1,1,-1.66666666666666,1,China,CH,CH,35,105,CH,1,China,CH,CH,35,105,CH,1,China,CH,CH,35,105,CH,20250129,https://www.firstpost.com/world/mali-seizes-290-mn-in-gold-from-canadian-mine-as-sahel-juntas-push-for-resource-control-13857382.html
1223380908,20250129,202501,2025,2025.0795,RUS,RUSSIA,RUS,,,,,,,,CHN,CHINA,CHN,,,,,,,,0,130,130,13,3,-4.4,4,1,4,-1.66666666666666,1,Russia,RS,RS,60,100,RS,1,China,CH,CH,35,105,CH,1,China,CH,CH,35,105,CH,20250129,https://www.firstpost.com/world/mali-seizes-290-mn-in-gold-from-canadian-mine-as-sahel-juntas-push-for-resource-control-13857382.html
1223380915,20250129,202501,2025,2025.0795,RUS,RUSSIA,RUS,,,,,,,,TUR,TURKEY,TUR,,,,,,,,0,130,130,13,3,-4.4,1,1,1,-1.66666666666666,1,China,CH,CH,35,105,CH,1,Turkey,TU,TU,39.059012,34.911546,TU,1,China,CH,CH,35,105,CH,20250129,https://www.firstpost.com/world/mali-seizes-290-mn-in-gold-from-canadian-mine-as-sahel-juntas-push-for-resource-control-13857382.html
1223380916,20250129,202501,2025,2025.0795,RUS,RUSSIA,RUS,,,,,,,,TUR,TURKEY,TUR,,,,,,,,0,130,130,13,3,-4.4,4,1,4,-1.66666666666666,1,Russia,RS,RS,60,100,RS,1,Turkey,TU,TU,39.059012,34.911546,TU,1,China,CH,CH,35,105,CH,20250129,https://www.firstpost.com/world/mali-seizes-290-mn-in-gold-from-canadian-mine-as-sahel-juntas-push-for-resource-control-13857382.html
1223385529,20250129,202501,2025,2025.0795,,,,,,,,,,,GOV,PRESIDENT,,,,,,GOV,,,1,043,043,04,1,2.8,15,15,15,2.81191588785047,0,,,,,,,3,"Anchorage, Alaska, United States",US,USAK,61.2181,-149.9,1398242,3,"Anchorage, Alaska, United States",US,USAK,61.2181,-149.9,1398242,20250129,https://www.theusnews.com/news/274997427/anchorage-museum-others-win-auction-for-railroad-golden-spike
1223385530,20250129,202501,2025,2025.0795,,,,,,,,,,,GOV,PRESIDENT,,,,,,GOV,,,1,043,043,04,1,2.8,45,15,45,2.81191588785047,0,,,,,,,3,"Anchorage, Alaska, United States",US,USAK,61.2181,-149.9,1398242,3,"Nenana, Alaska, United States",US,USAK,64.5639,-149.093,1406940,20250129,https://www.theusnews.com/news/274997427/anchorage-museum-others-win-auction-for-railroad-golden-spike
1223386002,20250129,202501,2025,2025.0795,GOV,PRESIDENT,,,,,,GOV,,,,,,,,,,,,,1,017,017,01,1,0.0,15,15,15,2.81191588785047,3,"Anchorage, Alaska, United States",US,USAK,61.2181,-149.9,1398242,0,,,,,,,3,"Anchorage, Alaska, United States",US,USAK,61.2181,-149.9,1398242,20250129,https://www.theusnews.com/news/274997427/anchorage-museum-others-win-auction-for-railroad-golden-spike
1223386003,20250129,202501,2025,2025.0795,GOV,PRESIDENT,,,,,,GOV,,,,,,,,,,,,,1,017,017,01,1,0.0,45,15,45,2.81191588785047,3,"Anchorage, Alaska, United States",US,USAK,61.2181,-149.9,1398242,0,,,,,,,3,"Nenana, Alaska, United States",US,USAK,64.5639,-149.093,1406940,20250129,https://www.theusnews.com/news/274997427/anchorage-museum-others-win-auction-for-railroad-golden-spike
1223386014,20250129,202501,2025,2025.0795,GOV,PRESIDENT,,,,,,GOV,,,,,,,,,,,,,1,042,042,04,1,1.9,15,15,15,2.81191588785047,3,"Anchorage, Alaska, United States",US,USAK,61.2181,-149.9,1398242,0,,,,,,,3,"Anchorage, Alaska, United States",US,USAK,61.2181,-149.9,1398242,20250129,https://www.theusnews.com/news/274997427/anchorage-museum-others-win-auction-for-railroad-golden-spike
1223386015,20250129,202501,2025,2025.0795,GOV,PRESIDENT,,,,,,GOV,,,,,,,,,,,,,1,042,042,04,1,1.9,45,15,45,2.81191588785047,3,"Anchorage, Alaska, United States",US,USAK,61.2181,-149.9,1398242,0,,,,,,,3,"Nenana, Alaska, United States",US,USAK,64.5639,-149.093,1406940,20250129,https://www.theusnews.com/news/274997427/anchorage-museum-others-win-auction-for-railroad-golden-spike
1223386106,20250129,202501,2025,2025.0795,GOV,PRESIDENT,,,,,,GOV,,,USA,UNITED STATES,USA,,,,,,,,1,017,017,01,1,0.0,15,15,15,2.81191588785047,3,"Anchorage, Alaska, United States",US,USAK,61.2181,-149.9,1398242,3,"Nenana, Alaska, United States",US,USAK,64.5639,-149.093,1406940,3,"Anchorage, Alaska, United States",US,USAK,61.2181,-149.9,1398242,20250129,https://www.theusnews.com/news/274997427/anchorage-museum-others-win-auction-for-railroad-golden-spike
1223386107,20250129,202501,2025,2025.0795,GOV,PRESIDENT,,,,,,GOV,,,USA,UNITED STATES,USA,,,,,,,,1,017,017,01,1,0.0,75,15,75,2.81191588785047,3,"Anchorage, Alaska, United States",US,USAK,61.2181,-149.9,1398242,3,"Nenana, Alaska, United States",US,USAK,64.5639,-149.093,1406940,3,"Nenana, Alaska, United States",US,USAK,64.5639,-149.093,1406940,20250129,https://www.theusnews.com/news/274997427/anchorage-museum-others-win-auction-for-railroad-golden-spike
1223386111,20250129,202501,2025,2025.0795,GOV,PRESIDENT,,,,,,GOV,,,USA,UNITED STATES,USA,,,,,,,,1,042,042,04,1,1.9,15,15,15,2.81191588785047,3,"Anchorage, Alaska, United States",US,USAK,61.2181,-149.9,1398242,3,"Nenana, Alaska, United States",US,USAK,64.5639,-149.093,1406940,3,"Anchorage, Alaska, United States",US,USAK,61.2181,-149.9,1398242,20250129,https://www.theusnews.com/news/274997427/anchorage-museum-others-win-auction-for-railroad-golden-spike
1223386112,20250129,202501,2025,2025.0795,GOV,PRESIDENT,,,,,,GOV,,,USA,UNITED STATES,USA,,,,,,,,1,042,042,04,1,1.9,75,15,75,2.81191588785047,3,"Anchorage, Alaska, United States",US,USAK,61.2181,-149.9,1398242,3,"Nenana, Alaska, United States",US,USAK,64.5639,-149.093,1406940,3,"Nenana, Alaska, United States",US,USAK,64.5639,-149.093,1406940,20250129,https://www.theusnews.com/news/274997427/anchorage-museum-others-win-auction-for-railroad-golden-spike
1223386421,20250129,202501,2025,2025.0795,MIL,ARMY,,,,,,MIL,,,,,,,,,,,,,1,051,051,05,1,3.4,15,15,15,2.81191588785047,3,"Anchorage, Alaska, United States",US,USAK,61.2181,-149.9,1398242,0,,,,,,,3,"Anchorage, Alaska, United States",US,USAK,61.2181,-149.9,1398242,20250129,https://www.theusnews.com/news/274997427/anchorage-museum-others-win-auction-for-railroad-golden-spike
1223386426,20250129,202501,2025,2025.0795,MIL,ARMY,,,,,,MIL,,,CVL,ENGINEER,,,,,,CVL,,,1,051,051,05,1,3.4,15,15,15,2.81191588785047,3,"Anchorage, Alaska, United States",US,USAK,61.2181,-149.9,1398242,3,"Anchorage, Alaska, United States",US,USAK,61.2181,-149.9,1398242,3,"Anchorage, Alaska, United States",US,USAK,61.2181,-149.9,1398242,20250129,https://www.theusnews.com/news/274997427/anchorage-museum-others-win-auction-for-railroad-golden-spike
1223386438,20250129,202501,2025,2025.0795,MIL,ARMY,,,,,,MIL,,,USA,UNITED STATES,USA,,,,,,,,1,051,051,05,1,3.4,15,15,15,2.81191588785047,3,"Anchorage, Alaska, United States",US,USAK,61.2181,-149.9,1398242,3,"Anchorage, Alaska, United States",US,USAK,61.2181,-149.9,1398242,3,"Anchorage, Alaska, United States",US,USAK,61.2181,-149.9,1398242,20250129,https://www.theusnews.com/news/274997427/anchorage-museum-others-win-auction-for-railroad-golden-spike
1223386439,20250129,202501,2025,2025.0795,MIL,ARMY,,,,,,MIL,,,USA,UNITED STATES,USA,,,,,,,,1,051,051,05,1,3.4,75,15,75,2.81191588785047,2,"Alaska, United States",US,USAK,61.385,-152.268,AK,3,"Anchorage, Alaska, United States",US,USAK,61.2181,-149.9,1398242,3,"Anchorage, Alaska, United States",US,USAK,61.2181,-149.9,1398242,20250129,https://www.theusnews.com/news/274997427/anchorage-museum-others-win-auction-for-railroad-golden-spike
1223386440,20250129,202501,2025,2025.0795,MIL,ARMY,,,,,,MIL,,,USA,UNITED STATES,USA,,,,,,,,1,051,051,05,1,3.4,15,15,15,2.81191588785047,2,"Alaska, United States",US,USAK,61.385,-152.268,AK,3,"Anchorage, Alaska, United States",US,USAK,61.2181,-149.9,1398242,2,"Alaska, United States",US,USAK,61.385,-152.268,AK,20250129,https://www.theusnews.com/news/274997427/anchorage-museum-others-win-auction-for-railroad-golden-spike
1223386441,20250129,202501,2025,2025.0795,MIL,ARMY,,,,,,MIL,,,USA,UNITED STATES,USA,,,,,,,,1,051,051,05,1,3.4,15,15,15,2.81191588785047,2,"California, United States",US,USCA,36.17,-119.746,CA,2,"California, United States",US,USCA,36.17,-119.746,CA,3,"Anchorage, Alaska, United States",US,USAK,61.2181,-149.9,1398242,20250129,https://www.theusnews.com/news/274997427/anchorage-museum-others-win-auction-for-railroad-golden-spike
1223386855,20250129,202501,2025,2025.0795,USA,UNITED STATES,USA,,,,,,,,GOV,PRESIDENT,,,,,,GOV,,,1,043,043,04,1,2.8,15,15,15,2.81191588785047,3,"Nenana, Alaska, United States",US,USAK,64.5639,-149.093,1406940,3,"Anchorage, Alaska, United States",US,USAK,61.2181,-149.9,1398242,3,"Anchorage, Alaska, United States",US,USAK,61.2181,-149.9,1398242,20250129,https://www.theusnews.com/news/274997427/anchorage-museum-others-win-auction-for-railroad-golden-spike
1223386856,20250129,202501,2025,2025.0795,USA,UNITED STATES,USA,,,,,,,,GOV,PRESIDENT,,,,,,GOV,,,1,043,043,04,1,2.8,75,15,75,2.81191588785047,3,"Nenana, Alaska, United States",US,USAK,64.5639,-149.093,1406940,3,"Anchorage, Alaska, United States",US,USAK,61.2181,-149.9,1398242,3,"Nenana, Alaska, United States",US,USAK,64.5639,-149.093,1406940,20250129,https://www.theusnews.com/news/274997427/anchorage-museum-others-win-auction-for-railroad-golden-spike
1223387829,20250129,202501,2025,2025.0795,,,,,,,,,,,COP,POLICE,,,,,,COP,,,1,112,112,11,3,-2.0,1,1,1,-10.1694915254238,0,,,,,,,2,"New York, United States",US,USNY,42.1497,-74.9384,NY,4,"Golden Grove, Cuyuni-Mazaruni, Guyana",GY,GY11,6.70347,-58.1831,-919916,20250129,https://www.stabroeknews.com/2025/01/29/news/guyana/woman-charged-with-malicious-damage-to-1-6m-in-items-at-golden-grove/
1223387963,20250129,202501,2025,2025.0795,,,,,,,,,,,USA,NEW YORK,USA,,,,,,,,1,173,173,17,4,-5.0,5,1,5,-10.1694915254238,0,,,,,,,4,"Demerara, Demerara-Mahaica, Guyana",GY,GY12,6.8,-58.1667,-919880,4,"Demerara, Demerara-Mahaica, Guyana",GY,GY12,6.8,-58.1667,-919880,20250129,https://www.stabroeknews.com/2025/01/29/news/guyana/woman-charged-with-malicious-damage-to-1-6m-in-items-at-golden-grove/
1223388178,20250129,202501,2025,2025.0795,COP,POLICE,,,,,,COP,,,GUY,GUYANA,GUY,,,,,,,,1,112,112,11,3,-2.0,4,1,4,-10.1694915254238,4,"Golden Grove, Cuyuni-Mazaruni, Guyana",GY,GY11,6.70347,-58.1831,-919916,4,"Golden Grove, Cuyuni-Mazaruni, Guyana",GY,GY11,6.70347,-58.1831,-919916,4,"Golden Grove, Cuyuni-Mazaruni, Guyana",GY,GY11,6.70347,-58.1831,-919916,20250129,https://www.stabroeknews.com/2025/01/29/news/guyana/woman-charged-with-malicious-damage-to-1-6m-in-items-at-golden-grove/
1223388501,20250129,202501,2025,2025.0795,GUY,GUYANESE,GUY,,,,,,,,,,,,,,,,,,1,020,020,02,1,3.0,11,2,11,-5.788195835002,1,Guyana,GY,GY,5,-59,GY,0,,,,,,,1,Guyana,GY,GY,5,-59,GY,20250129,https://www.stabroeknews.com/2025/01/29/news/guyana/holder-bharrat-differ-over-gold-bauxite-progress/
1223388506,20250129,202501,2025,2025.0795,GUY,GUYANA,GUY,,,,,,,,,,,,,,,,,,1,110,110,11,3,-2.0,2,1,2,-3.97727272727272,1,United States,US,US,39.828175,-98.5795,US,0,,,,,,,1,United States,US,US,39.828175,-98.5795,US,20250129,https://www.stabroeknews.com/2025/01/29/news/guyana/holder-bharrat-differ-over-gold-bauxite-progress/
1223388509,20250129,202501,2025,2025.0795,GUY,GUYANA,GUY,,,,,,,,COP,POLICE,,,,,,COP,,,1,112,112,11,3,-2.0,4,1,4,-10.1694915254238,4,"Golden Grove, Cuyuni-Mazaruni, Guyana",GY,GY11,6.70347,-58.1831,-919916,2,"New York, United States",US,USNY,42.1497,-74.9384,NY,4,"Golden Grove, Cuyuni-Mazaruni, Guyana",GY,GY11,6.70347,-58.1831,-919916,20250129,https://www.stabroeknews.com/2025/01/29/news/guyana/woman-charged-with-malicious-damage-to-1-6m-in-items-at-golden-grove/
1223388512,20250129,202501,2025,2025.0795,GUYBUS,DEMERARA,GUY,,,,,BUS,,,,,,,,,,,,,1,173,173,17,4,-5.0,3,1,3,-10.1694915254238,4,"Demerara, Demerara-Mahaica, Guyana",GY,GY12,6.8,-58.1667,-919880,0,,,,,,,4,"Demerara, Demerara-Mahaica, Guyana",GY,GY12,6.8,-58.1667,-919880,20250129,https://www.stabroeknews.com/2025/01/29/news/guyana/woman-charged-with-malicious-damage-to-1-6m-in-items-at-golden-grove/
1223388513,20250129,202501,2025,2025.0795,GUYBUS,DEMERARA,GUY,,,,,BUS,,,COP,POLICE,,,,,,COP,,,1,112,112,11,3,-2.0,1,1,1,-10.1694915254238,4,"Demerara, Demerara-Mahaica, Guyana",GY,GY12,6.8,-58.1667,-919880,2,"New York, United States",US,USNY,42.1497,-74.9384,NY,4,"Golden Grove, Cuyuni-Mazaruni, Guyana",GY,GY11,6.70347,-58.1831,-919916,20250129,https://www.stabroeknews.com/2025/01/29/news/guyana/woman-charged-with-malicious-damage-to-1-6m-in-items-at-golden-grove/
1223389014,20250129,202501,2025,2025.0795,USA,NEW YORK,USA,,,,,,,,,,,,,,,,,,1,173,173,17,4,-5.0,2,1,2,-10.1694915254238,4,"Demerara, Demerara-Mahaica, Guyana",GY,GY12,6.8,-58.1667,-919880,0,,,,,,,4,"Demerara, Demerara-Mahaica, Guyana",GY,GY12,6.8,-58.1667,-919880,20250129,https://www.stabroeknews.com/2025/01/29/news/guyana/woman-charged-with-malicious-damage-to-1-6m-in-items-at-golden-grove/
1223389072,20250129,202501,2025,2025.0795,USA,AMERICAN,USA,,,,,,,,GUY,GUYANA,GUY,,,,,,,,1,020,020,02,1,3.0,2,1,2,-3.97727272727272,1,United States,US,US,39.828175,-98.5795,US,1,Guyana,GY,GY,5,-59,GY,1,Guyana,GY,GY,5,-59,GY,20250129,https://www.stabroeknews.com/2025/01/29/news/guyana/holder-bharrat-differ-over-gold-bauxite-progress/
1223389073,20250129,202501,2025,2025.0795,USA,AMERICAN,USA,,,,,,,,GUY,GUYANA,GUY,,,,,,,,1,026,026,02,1,4.0,1,1,1,-3.97727272727272,1,United States,US,US,39.828175,-98.5795,US,1,Guyana,GY,GY,5,-59,GY,1,Guyana,GY,GY,5,-59,GY,20250129,https://www.stabroeknews.com/2025/01/29/news/guyana/holder-bharrat-differ-over-gold-bauxite-progress/
1223389074,20250129,202501,2025,2025.0795,USA,AMERICAN,USA,,,,,,,,GUY,GUYANA,GUY,,,,,,,,1,026,026,02,1,4.0,1,1,1,-3.97727272727272,1,United States,US,US,39.828175,-98.5795,US,1,Guyana,GY,GY,5,-59,GY,1,United States,US,US,39.828175,-98.5795,US,20250129,https://www.stabroeknews.com/2025/01/29/news/guyana/holder-bharrat-differ-over-gold-bauxite-progress/
1223393603,20240130,202401,2024,2024.0822,NZL,NEW ZEALAND,NZL,,,,,,,,,,,,,,,,,,1,030,030,03,1,4.0,2,1,2,3.1021897810219,4,"Delhi, Delhi, India",IN,IN07,28.6667,77.2167,-2094230,0,,,,,,,4,"Wellington, New Zealand (general), New Zealand",NZ,NZ00,-41.3,174.783,-1521348,20250129,https://www.news18.com/viral/young-chefs-take-on-gordon-ramsays-idiot-sandwich-joke-is-pure-gold-aa-9206370.html
1223393604,20240130,202401,2024,2024.0822,NZL,WELLINGTON,NZL,,,,,,,,,,,,,,,,,,1,030,030,03,1,4.0,6,1,6,3.1021897810219,4,"Delhi, Delhi, India",IN,IN07,28.6667,77.2167,-2094230,0,,,,,,,4,"Delhi, Delhi, India",IN,IN07,28.6667,77.2167,-2094230,20250129,https://www.news18.com/viral/young-chefs-take-on-gordon-ramsays-idiot-sandwich-joke-is-pure-gold-aa-9206370.html
1223393782,20250129,202501,2025,2025.0795,BUS,BUSINESS,,,,,,BUS,,,,,,,,,,,,,0,111,111,11,3,-2.0,20,2,20,-1.14155251141552,1,Maldives,MV,MV,3.2,73,MV,0,,,,,,,1,Maldives,MV,MV,3.2,73,MV,20250129,https://www.dailymail.co.uk/money/bills/article-14321945/Owe-debt-publicly-named-Register-Judgments-STEPHEN-GOLD.html
1223394366,20250129,202501,2025,2025.0795,NZL,NEW ZEALAND,NZL,,,,,,,,,,,,,,,,,,1,015,015,01,1,0.0,3,1,3,3.1021897810219,4,"Wellington, New Zealand (general), New Zealand",NZ,NZ00,-41.3,174.783,-1521348,0,,,,,,,4,"Wellington, New Zealand (general), New Zealand",NZ,NZ00,-41.3,174.783,-1521348,20250129,https://www.news18.com/viral/young-chefs-take-on-gordon-ramsays-idiot-sandwich-joke-is-pure-gold-aa-9206370.html
1223394367,20250129,202501,2025,2025.0795,NZL,NEW ZEALAND,NZL,,,,,,,,,,,,,,,,,,0,030,030,03,1,4.0,2,1,2,3.1021897810219,4,"Wellington, New Zealand (general), New Zealand",NZ,NZ00,-41.3,174.783,-1521348,0,,,,,,,4,"Wellington, New Zealand (general), New Zealand",NZ,NZ00,-41.3,174.783,-1521348,20250129,https://www.news18.com/viral/young-chefs-take-on-gordon-ramsays-idiot-sandwich-joke-is-pure-gold-aa-9206370.html
1223396455,20250129,202501,2025,2025.0795,USAREL,PROVIDENCE,USA,,,,,,,,,,,,,,,,,,1,071,071,07,2,7.4,5,1,5,9.15032679738564,2,"California, United States",US,USCA,36.17,-119.746,CA,0,,,,,,,2,"California, United States",US,USCA,36.17,-119.746,CA,20250129,https://www.prunderground.com/providence-saint-johns-health-center-honors-native-sons-of-the-golden-west-for-decades-of-support-to-the-cleft-palate-center/00348309/
1223396456,20250129,202501,2025,2025.0795,USAREL,PROVIDENCE,USA,,,,,,,,USA,PROVIDENCE,USA,,,,,,,,1,051,051,05,1,3.4,10,1,10,9.15032679738564,2,"California, United States",US,USCA,36.17,-119.746,CA,2,"California, United States",US,USCA,36.17,-119.746,CA,2,"California, United States",US,USCA,36.17,-119.746,CA,20250129,https://www.prunderground.com/providence-saint-johns-health-center-honors-native-sons-of-the-golden-west-for-decades-of-support-to-the-cleft-palate-center/00348309/
1223399049,20250122,202501,2025,2025.0603,JAM,JAMAICA,JAM,,,,,,,,,,,,,,,,,,1,090,090,09,2,-2.0,4,1,4,-1.48305084745762,4,"Stewart Town, Trelawny, Jamaica",JM,JM15,18.3873,-77.4475,-3753895,0,,,,,,,4,"Stewart Town, Trelawny, Jamaica",JM,JM15,18.3873,-77.4475,-3753895,20250129,https://jamaica-gleaner.com/article/news/20250129/we-will-not-change-course-golding
1223399496,20250129,202501,2025,2025.0795,GBR,BRITISH,GBR,,,,,,,,GBRGOV,UNITED KINGDOM,GBR,,,,,GOV,,,1,020,020,02,1,3.0,4,1,4,-1.48305084745762,4,"Stewart Town, Trelawny, Jamaica",JM,JM15,18.3873,-77.4475,-3753895,4,"Stewart Town, Trelawny, Jamaica",JM,JM15,18.3873,-77.4475,-3753895,4,"Stewart Town, Trelawny, Jamaica",JM,JM15,18.3873,-77.4475,-3753895,20250129,https://jamaica-gleaner.com/article/news/20250129/we-will-not-change-course-golding
1223399559,20250129,202501,2025,2025.0795,GOV,GOVERNMENT,,,,,,GOV,,,,,,,,,,,,,0,070,070,07,2,7.0,15,1,5,5.23364485981308,4,"Mumbai, Maharashtra, India",IN,IN16,18.975,72.8258,-2092174,0,,,,,,,4,"Mumbai, Maharashtra, India",IN,IN16,18.975,72.8258,-2092174,20250129,https://www.freepressjournal.in/business/union-budget-2025-as-gold-prices-reach-82000-what-are-the-expectations-of-the-sector
1223399771,20250129,202501,2025,2025.0795,JAM,JAMAICAN,JAM,,,,,,,,,,,,,,,,,,1,120,120,12,3,-4.0,1,1,1,-1.48305084745762,4,"Stewart Town, Trelawny, Jamaica",JM,JM15,18.3873,-77.4475,-3753895,0,,,,,,,4,"Stewart Town, Trelawny, Jamaica",JM,JM15,18.3873,-77.4475,-3753895,20250129,https://jamaica-gleaner.com/article/news/20250129/we-will-not-change-course-golding
1223399772,20250129,202501,2025,2025.0795,JAM,JAMAICAN,JAM,,,,,,,,,,,,,,,,,,1,120,120,12,3,-4.0,1,1,1,-1.48305084745762,1,United Kingdom,UK,UK,54,-4,UK,0,,,,,,,4,"Stewart Town, Trelawny, Jamaica",JM,JM15,18.3873,-77.4475,-3753895,20250129,https://jamaica-gleaner.com/article/news/20250129/we-will-not-change-course-golding
1223401321,20250129,202501,2025,2025.0795,BUS,INDUSTRY,,,,,,BUS,,,,,,,,,,,,,0,010,010,01,1,0.0,3,1,3,2.85204991087344,4,"Malabar, Kerala, India",IN,IN13,9.96667,76.2333,-2093645,0,,,,,,,4,"Malabar, Kerala, India",IN,IN13,9.96667,76.2333,-2093645,20250129,https://www.moneycontrol.com/budget/budget-2025-experts-expect-gold-import-duty-to-be-cut-by-3-seek-tax-reforms-article-12922614.html
1223401323,20250129,202501,2025,2025.0795,BUS,MANUFACTURER,,,,,,BUS,,,,,,,,,,,,,0,020,020,02,1,3.0,5,1,5,2.85204991087344,4,"Malabar, Kerala, India",IN,IN13,9.96667,76.2333,-2093645,0,,,,,,,4,"Malabar, Kerala, India",IN,IN13,9.96667,76.2333,-2093645,20250129,https://www.moneycontrol.com/budget/budget-2025-experts-expect-gold-import-duty-to-be-cut-by-3-seek-tax-reforms-article-12922614.html
1223401569,20250129,202501,2025,2025.0795,GOV,GOVERNMENT,,,,,,GOV,,,,,,,,,,,,,0,051,051,05,1,3.4,10,1,10,2.85204991087344,4,"Malabar, Kerala, India",IN,IN13,9.96667,76.2333,-2093645,0,,,,,,,4,"Malabar, Kerala, India",IN,IN13,9.96667,76.2333,-2093645,20250129,https://www.moneycontrol.com/budget/budget-2025-experts-expect-gold-import-duty-to-be-cut-by-3-seek-tax-reforms-article-12922614.html
1223401741,20250129,202501,2025,2025.0795,JUD,JUDGE,,,,,,JUD,,,,,,,,,,,,,1,173,173,17,4,-5.0,104,32,98,-2.68720653102507,3,"Washington, District of Columbia, United States",US,USDC,38.8951,-77.0364,531871,0,,,,,,,3,"Washington, District of Columbia, United States",US,USDC,38.8951,-77.0364,531871,20250129,https://www.mymotherlode.com/news/national/us-government/3494168/judge-set-to-sentence-former-sen-bob-menendez-who-was-convicted-of-taking-bribes-of-cash-and-gold.html
1223401746,20250129,202501,2025,2025.0795,JUD,JUDGE,,,,,,JUD,,,USA,UNITED STATES,USA,,,,,,,,1,173,173,17,4,-5.0,7,3,7,-6.36086011095941,3,"Washington, District of Columbia, United States",US,USDC,38.8951,-77.0364,531871,3,"Washington, District of Columbia, United States",US,USDC,38.8951,-77.0364,531871,3,"Washington, District of Columbia, United States",US,USDC,38.8951,-77.0364,531871,20250129,https://www.mymotherlode.com/news/national/us-government/3494168/judge-set-to-sentence-former-sen-bob-menendez-who-was-convicted-of-taking-bribes-of-cash-and-gold.html
1223409107,20250129,202501,2025,2025.0795,,,,,,,,,,,CAN,ONTARIO,CAN,,,,,,,,0,042,042,04,1,1.9,54,3,30,0.02749885728609,0,,,,,,,4,"Red Lake, Ontario, Canada",CA,CA08,51.0333,-93.8333,-572086,4,"Red Lake, Ontario, Canada",CA,CA08,51.0333,-93.8333,-572086,20250129,https://www.manilatimes.net/2025/01/29/tmt-newswire/globenewswire/west-red-lake-gold-highlights-new-targets-from-regional-surface-sampling-at-madsen/2046376
1223409335,20250129,202501,2025,2025.0795,CAN,CANADA,CAN,,,,,,,,,,,,,,,,,,0,010,010,01,1,0.0,24,3,24,0.02749885728609,4,"Red Lake, Ontario, Canada",CA,CA08,51.0333,-93.8333,-572086,0,,,,,,,4,"Red Lake, Ontario, Canada",CA,CA08,51.0333,-93.8333,-572086,20250129,https://www.manilatimes.net/2025/01/29/tmt-newswire/globenewswire/west-red-lake-gold-highlights-new-targets-from-regional-surface-sampling-at-madsen/2046376
1223409338,20250129,202501,2025,2025.0795,CAN,ONTARIO,CAN,,,,,,,,,,,,,,,,,,0,043,043,04,1,2.8,54,3,30,0.02749885728609,4,"Red Lake, Ontario, Canada",CA,CA08,51.0333,-93.8333,-572086,0,,,,,,,4,"Red Lake, Ontario, Canada",CA,CA08,51.0333,-93.8333,-572086,20250129,https://www.manilatimes.net/2025/01/29/tmt-newswire/globenewswire/west-red-lake-gold-highlights-new-targets-from-regional-surface-sampling-at-madsen/2046376
1223409339,20250129,202501,2025,2025.0795,CAN,ONTARIO,CAN,,,,,,,,,,,,,,,,,,0,080,080,08,2,5.0,30,3,30,0.02749885728609,4,"Red Lake, Ontario, Canada",CA,CA08,51.0333,-93.8333,-572086,0,,,,,,,4,"Red Lake, Ontario, Canada",CA,CA08,51.0333,-93.8333,-572086,20250129,https://www.manilatimes.net/2025/01/29/tmt-newswire/globenewswire/west-red-lake-gold-highlights-new-targets-from-regional-surface-sampling-at-madsen/2046376
1223411498,20250129,202501,2025,2025.0795,GBR,UNITED KINGDOM,GBR,,,,,,,,,,,,,,,,,,1,010,010,01,1,0.0,8,1,8,5.16431924882629,4,"Westhaven, Angus, United Kingdom",UK,UKT7,56.5,-2.7,-2611276,0,,,,,,,4,"Westhaven, Angus, United Kingdom",UK,UKT7,56.5,-2.7,-2611276,20250129,https://www.dailypolitical.com/2025/01/29/westhaven-gold-corp-otcmktswthvf-sees-large-decrease-in-short-interest.html
1223411502,20250129,202501,2025,2025.0795,GBR,UNITED KINGDOM,GBR,,,,,,,,,,,,,,,,,,1,120,120,12,3,-4.0,2,1,2,5.16431924882629,4,"Westhaven, Angus, United Kingdom",UK,UKT7,56.5,-2.7,-2611276,0,,,,,,,4,"Westhaven, Angus, United Kingdom",UK,UKT7,56.5,-2.7,-2611276,20250129,https://www.dailypolitical.com/2025/01/29/westhaven-gold-corp-otcmktswthvf-sees-large-decrease-in-short-interest.html
1223411503,20250129,202501,2025,2025.0795,GBR,UNITED KINGDOM,GBR,,,,,,,,,,,,,,,,,,1,120,120,12,3,-4.0,4,1,4,5.16431924882629,1,Canada,CA,CA,60,-96,CA,0,,,,,,,4,"Westhaven, Angus, United Kingdom",UK,UKT7,56.5,-2.7,-2611276,20250129,https://www.dailypolitical.com/2025/01/29/westhaven-gold-corp-otcmktswthvf-sees-large-decrease-in-short-interest.html
1223411881,20250129,202501,2025,2025.0795,NLD,DUTCH,NLD,,,,,,,,CRM,THIEVES,,,,,,CRM,,,1,030,030,03,1,4.0,2,1,2,-2.80373831775701,1,Netherlands,NL,NL,52.5,5.75,NL,4,"Bucharest, Bucuresti, Romania",RO,RO10,44.4333,26.1,-1153951,1,Netherlands,NL,NL,52.5,5.75,NL,20250129,https://www.dailysabah.com/arts/romania-outraged-over-theft-of-dacian-gold-artifacts/news
1223411882,20250129,202501,2025,2025.0795,NLD,DUTCH,NLD,,,,,,,,CRM,THIEVES,,,,,,CRM,,,1,030,030,03,1,4.0,2,1,2,-2.80373831775701,1,Netherlands,NL,NL,52.5,5.75,NL,1,Netherlands,NL,NL,52.5,5.75,NL,1,Netherlands,NL,NL,52.5,5.75,NL,20250129,https://www.dailysabah.com/arts/romania-outraged-over-theft-of-dacian-gold-artifacts/news
1223411884,20250129,202501,2025,2025.0795,NLDGOV,DUTCH,NLD,,,,,GOV,,,CRM,THIEVES,,,,,,CRM,,,1,030,030,03,1,4.0,6,1,6,-2.80373831775701,1,Netherlands,NL,NL,52.5,5.75,NL,4,"Bucharest, Bucuresti, Romania",RO,RO10,44.4333,26.1,-1153951,1,Netherlands,NL,NL,52.5,5.75,NL,20250129,https://www.dailysabah.com/arts/romania-outraged-over-theft-of-dacian-gold-artifacts/news
1223411972,20250129,202501,2025,2025.0795,ROU,ROMANIA,,,,,,,,,NLD,DUTCH,NLD,,,,,,,,1,111,111,11,3,-2.0,2,1,2,-2.80373831775701,4,"Bucharest, Bucuresti, Romania",RO,RO10,44.4333,26.1,-1153951,4,"Bucharest, Bucuresti, Romania",RO,RO10,44.4333,26.1,-1153951,4,"Bucharest, Bucuresti, Romania",RO,RO10,44.4333,26.1,-1153951,20250129,https://www.dailysabah.com/arts/romania-outraged-over-theft-of-dacian-gold-artifacts/news
1223411973,20250129,202501,2025,2025.0795,ROU,ROMANIA,,,,,,,,,NLD,DUTCH,NLD,,,,,,,,1,111,111,11,3,-2.0,8,1,8,-2.80373831775701,4,"Bucharest, Bucuresti, Romania",RO,RO10,44.4333,26.1,-1153951,4,"Bucharest, Bucuresti, Romania",RO,RO10,44.4333,26.1,-1153951,1,Russia,RS,RS,60,100,RS,20250129,https://www.dailysabah.com/arts/romania-outraged-over-theft-of-dacian-gold-artifacts/news
1223411974,20250129,202501,2025,2025.0795,ROUGOV,ROMANIA,,,,,,GOV,,,ROU,ROMANIA,,,,,,,,,1,120,120,12,3,-4.0,10,1,10,-2.80373831775701,4,"Bucharest, Bucuresti, Romania",RO,RO10,44.4333,26.1,-1153951,4,"Bucharest, Bucuresti, Romania",RO,RO10,44.4333,26.1,-1153951,4,"Bucharest, Bucuresti, Romania",RO,RO10,44.4333,26.1,-1153951,20250129,https://www.dailysabah.com/arts/romania-outraged-over-theft-of-dacian-gold-artifacts/news
1223413668,20250129,202501,2025,2025.0795,MNCMEXMED,GRUPO TELEVISA,MEX,,,,,MNC,MED,,,,,,,,,,,,1,010,010,01,1,0.0,20,2,20,1.03086732164939,1,United States,US,US,39.828175,-98.5795,US,0,,,,,,,1,United States,US,US,39.828175,-98.5795,US,20250129,https://theenterpriseleader.com/2025/01/29/grupo-televisa-s-a-b-nysetv-given-new-2-20-price-target-at-the-goldman-sachs-group.html
1223415230,20250129,202501,2025,2025.0795,AUS,AUSTRALIAN,AUS,,,,,,,,,,,,,,,,,,1,020,020,02,1,3.0,10,1,10,-1.04011887072808,4,"Marine Park, New South Wales, Australia",AS,AS02,-33.6318,151.318,11355035,0,,,,,,,4,"Marine Park, New South Wales, Australia",AS,AS02,-33.6318,151.318,11355035,20250129,https://www.abc.net.au/news/2025-01-29/esperance-desalination-goldfields-kalgoorlie-water-supply-wa/104872804
1223415231,20250129,202501,2025,2025.0795,AUS,AUSTRALIAN,AUS,,,,,,,,,,,,,,,,,,1,051,051,05,1,3.4,8,1,8,-1.04011887072808,4,"Marine Park, New South Wales, Australia",AS,AS02,-33.6318,151.318,11355035,0,,,,,,,4,"Marine Park, New South Wales, Australia",AS,AS02,-33.6318,151.318,11355035,20250129,https://www.abc.net.au/news/2025-01-29/esperance-desalination-goldfields-kalgoorlie-water-supply-wa/104872804
1223415232,20250129,202501,2025,2025.0795,AUS,AUSTRALIAN,AUS,,,,,,,,,,,,,,,,,,1,080,080,08,2,5.0,8,1,8,-1.04011887072808,4,"Marine Park, New South Wales, Australia",AS,AS02,-33.6318,151.318,11355035,0,,,,,,,4,"Marine Park, New South Wales, Australia",AS,AS02,-33.6318,151.318,11355035,20250129,https://www.abc.net.au/news/2025-01-29/esperance-desalination-goldfields-kalgoorlie-water-supply-wa/104872804
1223415381,20250129,202501,2025,2025.0795,CVL,NATIONALS,,,,,,CVL,,,,,,,,,,,,,1,0331,033,03,1,5.2,10,1,10,-1.04011887072808,4,"Water Bank, Western Australia, Australia",AS,AS08,-17.7945,122.234,11457486,0,,,,,,,4,"Water Bank, Western Australia, Australia",AS,AS08,-17.7945,122.234,11457486,20250129,https://www.abc.net.au/news/2025-01-29/esperance-desalination-goldfields-kalgoorlie-water-supply-wa/104872804
1223415383,20250129,202501,2025,2025.0795,CVL,NATIONALS,,,,,,CVL,,,,,,,,,,,,,1,071,071,07,2,7.4,6,1,6,-1.04011887072808,4,"Perth, Western Australia, Australia",AS,AS08,-31.9333,115.833,-1594675,0,,,,,,,4,"Perth, Western Australia, Australia",AS,AS08,-31.9333,115.833,-1594675,20250129,https://www.abc.net.au/news/2025-01-29/esperance-desalination-goldfields-kalgoorlie-water-supply-wa/104872804
1223415384,20250129,202501,2025,2025.0795,CVL,NATIONALS,,,,,,CVL,,,,,,,,,,,,,1,071,071,07,2,7.4,10,1,10,-1.04011887072808,4,"Marine Park, New South Wales, Australia",AS,AS02,-33.6318,151.318,11355035,0,,,,,,,4,"Marine Park, New South Wales, Australia",AS,AS02,-33.6318,151.318,11355035,20250129,https://www.abc.net.au/news/2025-01-29/esperance-desalination-goldfields-kalgoorlie-water-supply-wa/104872804
1223415392,20250129,202501,2025,2025.0795,CVL,NATIONALS,,,,,,CVL,,,AUS,AUSTRALIA,AUS,,,,,,,,1,071,071,07,2,7.4,4,1,4,-1.04011887072808,4,"Perth, Western Australia, Australia",AS,AS08,-31.9333,115.833,-1594675,4,"Perth, Western Australia, Australia",AS,AS08,-31.9333,115.833,-1594675,4,"Perth, Western Australia, Australia",AS,AS08,-31.9333,115.833,-1594675,20250129,https://www.abc.net.au/news/2025-01-29/esperance-desalination-goldfields-kalgoorlie-water-supply-wa/104872804
1223415520,20250129,202501,2025,2025.0795,GOV,GOVERNMENT,,,,,,GOV,,,,,,,,,,,,,1,020,020,02,1,3.0,10,1,10,-1.04011887072808,4,"Marine Park, New South Wales, Australia",AS,AS02,-33.6318,151.318,11355035,0,,,,,,,4,"Marine Park, New South Wales, Australia",AS,AS02,-33.6318,151.318,11355035,20250129,https://www.abc.net.au/news/2025-01-29/esperance-desalination-goldfields-kalgoorlie-water-supply-wa/104872804
1223415877,20250129,202501,2025,2025.0795,OPP,OPPOSITION LEADER,,,,,,OPP,,,,,,,,,,,,,0,010,010,01,1,0.0,10,1,10,-1.04011887072808,4,"Water Bank, Western Australia, Australia",AS,AS08,-17.7945,122.234,11457486,0,,,,,,,4,"Water Bank, Western Australia, Australia",AS,AS08,-17.7945,122.234,11457486,20250129,https://www.abc.net.au/news/2025-01-29/esperance-desalination-goldfields-kalgoorlie-water-supply-wa/104872804
1223417241,20250129,202501,2025,2025.0795,BRA,BRAZIL,BRA,,,,,,,,,,,,,,,,,,1,010,010,01,1,0.0,8,1,8,4.49101796407186,4,"Lavras, Minas Gerais, Brazil",BR,BR15,-21.2333,-45,-651697,0,,,,,,,4,"Lavras, Minas Gerais, Brazil",BR,BR15,-21.2333,-45,-651697,20250129,https://www.wkrb13.com/2025/01/29/lavras-gold-corp-cvelgc-insider-2176423-ontario-ltd-sells-16100-shares.html
1223417389,20250129,202501,2025,2025.0795,DEU,GERMAN,DEU,,,,,,,,,,,,,,,,,,1,111,111,11,3,-2.0,19,1,8,4.67032967032967,4,"Saxony, Sachsen, Germany",GM,GM13,51,13,-1854401,0,,,,,,,4,"Saxony, Sachsen, Germany",GM,GM13,51,13,-1854401,20250129,https://www.hindustantimes.com/lifestyle/fashion/mammootty-extravagant-rs-90-lakh-watch-with-a-rose-gold-dial-is-a-beauty-find-out-its-price-and-other-details-101738140752982.html
1223417393,20250129,202501,2025,2025.0795,DEU,GERMANY,DEU,,,,,,,,DEUGOV,GERMANY,DEU,,,,,GOV,,,1,111,111,11,3,-2.0,2,1,2,4.67032967032967,4,"Saxony, Sachsen, Germany",GM,GM13,51,13,-1854401,4,"Saxony, Sachsen, Germany",GM,GM13,51,13,-1854401,4,"Saxony, Sachsen, Germany",GM,GM13,51,13,-1854401,20250129,https://www.hindustantimes.com/lifestyle/fashion/mammootty-extravagant-rs-90-lakh-watch-with-a-rose-gold-dial-is-a-beauty-find-out-its-price-and-other-details-101738140752982.html
1223417396,20250129,202501,2025,2025.0795,DEU,GERMAN,DEU,,,,,,,,GOV,KINGDOM,,,,,,GOV,,,1,111,111,11,3,-2.0,3,1,3,4.67032967032967,4,"Saxony, Sachsen, Germany",GM,GM13,51,13,-1854401,4,"Saxony, Sachsen, Germany",GM,GM13,51,13,-1854401,4,"Saxony, Sachsen, Germany",GM,GM13,51,13,-1854401,20250129,https://www.hindustantimes.com/lifestyle/fashion/mammootty-extravagant-rs-90-lakh-watch-with-a-rose-gold-dial-is-a-beauty-find-out-its-price-and-other-details-101738140752982.html
1223417560,20250129,202501,2025,2025.0795,GOV,AUTHORITIES,,,,,,GOV,,,COP,POLICE,,,,,,COP,,,1,073,073,07,2,7.4,2,1,2,-3.63321799307958,4,"Buffelsfontein, North-West, South Africa",SF,SF10,-26.9215,26.8175,-1216101,4,"Buffelsfontein, North-West, South Africa",SF,SF10,-26.9215,26.8175,-1216101,4,"Delhi, Delhi, India",IN,IN07,28.6667,77.2167,-2094230,20250129,https://www.news18.com/viral/when-miners-trapped-inside-south-africas-illegal-gold-mines-resorted-to-cannibalism-aa-9206873.html
1223417561,20250129,202501,2025,2025.0795,GOV,AUTHORITIES,,,,,,GOV,,,COP,POLICE,,,,,,COP,,,1,073,073,07,2,7.4,8,1,8,-3.63321799307958,4,"Delhi, Delhi, India",IN,IN07,28.6667,77.2167,-2094230,4,"Delhi, Delhi, India",IN,IN07,28.6667,77.2167,-2094230,4,"Delhi, Delhi, India",IN,IN07,28.6667,77.2167,-2094230,20250129,https://www.news18.com/viral/when-miners-trapped-inside-south-africas-illegal-gold-mines-resorted-to-cannibalism-aa-9206873.html
1223423387,20250129,202501,2025,2025.0795,,,,,,,,,,,JUD,JUDGE,,,,,,JUD,,,1,036,036,03,1,4.0,4,2,4,-5.62969461045014,0,,,,,,,3,"Manhattan, New York, United States",US,USNY,40.7834,-73.9662,971945,3,"Manhattan, New York, United States",US,USNY,40.7834,-73.9662,971945,20250129,https://www.marketscreener.com/quote/index/FTSE-EGYPT-INDEX-121232409/news/Bob-Menendez-to-be-sentenced-in-gold-bar-bribery-case-that-ended-US-Senate-career-48900553/
1223423446,20250129,202501,2025,2025.0795,,,,,,,,,,,USAJUD,UNITED STATES,USA,,,,,JUD,,,1,036,036,03,1,4.0,2,2,2,-5.62969461045014,0,,,,,,,3,"Manhattan, New York, United States",US,USNY,40.7834,-73.9662,971945,3,"Manhattan, New York, United States",US,USNY,40.7834,-73.9662,971945,20250129,https://www.marketscreener.com/quote/index/FTSE-EGYPT-INDEX-121232409/news/Bob-Menendez-to-be-sentenced-in-gold-bar-bribery-case-that-ended-US-Senate-career-48900553/
1223423489,20250129,202501,2025,2025.0795,BUS,COMPANY,,,,,,BUS,,,,,,,,,,,,,1,080,080,08,2,5.0,30,3,30,4.27047464898443,4,"Toronto, Ontario, Canada",CA,CA08,43.6667,-79.4167,-574890,0,,,,,,,4,"Toronto, Ontario, Canada",CA,CA08,43.6667,-79.4167,-574890,20250129,https://www.finanznachrichten.de/nachrichten-2025-01/64410422-calibre-mining-corp-calibre-pours-its-1-millionth-ounce-of-gold-in-nicaragua-and-declares-an-initial-mineral-resource-at-talavera-located-3-kilometr-399.htm
1223424079,20250129,202501,2025,2025.0795,JUD,PROSECUTOR,,,,,,JUD,,,COP,PRISON,,,,,,COP,,,1,020,020,02,1,3.0,39,7,39,-7.34969124146494,3,"Manhattan, New York, United States",US,USNY,40.7834,-73.9662,971945,1,Egypt,EG,EG,27,30,EG,3,"Manhattan, New York, United States",US,USNY,40.7834,-73.9662,971945,20250129,https://www.marketscreener.com/quote/index/FTSE-EGYPT-INDEX-121232409/news/Bob-Menendez-to-be-sentenced-in-gold-bar-bribery-case-that-ended-US-Senate-career-48900553/
1223424095,20250129,202501,2025,2025.0795,JUD,DEFENSE LAWYER,,,,,,JUD,,,LEGGOV,SENATE,,,,,,LEG,GOV,,0,172,172,17,4,-5.0,9,3,9,-6.41219906603608,2,"New Jersey, United States",US,USNJ,40.314,-74.5089,NJ,2,"New Jersey, United States",US,USNJ,40.314,-74.5089,NJ,2,"New Jersey, United States",US,USNJ,40.314,-74.5089,NJ,20250129,https://www.marketscreener.com/quote/index/FTSE-EGYPT-INDEX-121232409/news/Bob-Menendez-to-be-sentenced-in-gold-bar-bribery-case-that-ended-US-Senate-career-48900553/
1223424096,20250129,202501,2025,2025.0795,JUD,DEFENSE LAWYER,,,,,,JUD,,,LEGGOV,SENATE,,,,,,LEG,GOV,,0,172,172,17,4,-5.0,4,2,4,-5.62969461045014,2,"New York, United States",US,USNY,42.1497,-74.9384,NY,2,"New York, United States",US,USNY,42.1497,-74.9384,NY,2,"New York, United States",US,USNY,42.1497,-74.9384,NY,20250129,https://www.marketscreener.com/quote/index/FTSE-EGYPT-INDEX-121232409/news/Bob-Menendez-to-be-sentenced-in-gold-bar-bribery-case-that-ended-US-Senate-career-48900553/
1223424099,20250129,202501,2025,2025.0795,JUD,PROSECUTOR,,,,,,JUD,,,USA,UNITED STATES,USA,,,,,,,,1,020,020,02,1,3.0,31,6,31,-6.04611033803364,3,"Manhattan, New York, United States",US,USNY,40.7834,-73.9662,971945,3,"Manhattan, New York, United States",US,USNY,40.7834,-73.9662,971945,3,"Manhattan, New York, United States",US,USNY,40.7834,-73.9662,971945,20250129,https://www.marketscreener.com/quote/index/FTSE-EGYPT-INDEX-121232409/news/Bob-Menendez-to-be-sentenced-in-gold-bar-bribery-case-that-ended-US-Senate-career-48900553/
1223424100,20250129,202501,2025,2025.0795,JUD,JUDGE,,,,,,JUD,,,USA,UNITED STATES,USA,,,,,,,,1,036,036,03,1,4.0,2,2,2,-5.62969461045014,3,"Manhattan, New York, United States",US,USNY,40.7834,-73.9662,971945,3,"Manhattan, New York, United States",US,USNY,40.7834,-73.9662,971945,3,"Manhattan, New York, United States",US,USNY,40.7834,-73.9662,971945,20250129,https://www.marketscreener.com/quote/index/FTSE-EGYPT-INDEX-121232409/news/Bob-Menendez-to-be-sentenced-in-gold-bar-bribery-case-that-ended-US-Senate-career-48900553/
1223424111,20250129,202501,2025,2025.0795,JUD,JUDGE,,,,,,JUD,,,USAJUD,UNITED STATES,USA,,,,,JUD,,,1,036,036,03,1,4.0,2,2,2,-5.62969461045014,3,"Manhattan, New York, United States",US,USNY,40.7834,-73.9662,971945,3,"Manhattan, New York, United States",US,USNY,40.7834,-73.9662,971945,3,"Manhattan, New York, United States",US,USNY,40.7834,-73.9662,971945,20250129,https://www.marketscreener.com/quote/index/FTSE-EGYPT-INDEX-121232409/news/Bob-Menendez-to-be-sentenced-in-gold-bar-bribery-case-that-ended-US-Senate-career-48900553/
1223424112,20250129,202501,2025,2025.0795,JUD,JUDGE,,,,,,JUD,,,USAJUD,UNITED STATES,USA,,,,,JUD,,,1,036,036,03,1,4.0,8,2,8,-5.62969461045014,2,"New York, United States",US,USNY,42.1497,-74.9384,NY,2,"New York, United States",US,USNY,42.1497,-74.9384,NY,2,"New York, United States",US,USNY,42.1497,-74.9384,NY,20250129,https://www.marketscreener.com/quote/index/FTSE-EGYPT-INDEX-121232409/news/Bob-Menendez-to-be-sentenced-in-gold-bar-bribery-case-that-ended-US-Senate-career-48900553/
1223424475,20250129,202501,2025,2025.0795,USA,UNITED STATES,USA,,,,,,,,JUD,JUDGE,,,,,,JUD,,,1,036,036,03,1,4.0,2,2,2,-5.62969461045014,3,"Manhattan, New York, United States",US,USNY,40.7834,-73.9662,971945,3,"Manhattan, New York, United States",US,USNY,40.7834,-73.9662,971945,3,"Manhattan, New York, United States",US,USNY,40.7834,-73.9662,971945,20250129,https://www.marketscreener.com/quote/index/FTSE-EGYPT-INDEX-121232409/news/Bob-Menendez-to-be-sentenced-in-gold-bar-bribery-case-that-ended-US-Senate-career-48900553/
1223424482,20250129,202501,2025,2025.0795,USA,UNITED STATES,USA,,,,,,,,LEG,SENATE,,,,,,LEG,,,1,172,172,17,4,-5.0,8,2,8,-5.62969461045014,2,"New York, United States",US,USNY,42.1497,-74.9384,NY,2,"New York, United States",US,USNY,42.1497,-74.9384,NY,2,"New York, United States",US,USNY,42.1497,-74.9384,NY,20250129,https://www.marketscreener.com/quote/index/FTSE-EGYPT-INDEX-121232409/news/Bob-Menendez-to-be-sentenced-in-gold-bar-bribery-case-that-ended-US-Senate-career-48900553/
1223424483,20250129,202501,2025,2025.0795,USA,UNITED STATES,USA,,,,,,,,LEG,SENATE,,,,,,LEG,,,1,173,173,17,4,-5.0,4,2,4,-5.62969461045014,2,"New York, United States",US,USNY,42.1497,-74.9384,NY,2,"New Jersey, United States",US,USNJ,40.314,-74.5089,NJ,2,"New Jersey, United States",US,USNJ,40.314,-74.5089,NJ,20250129,https://www.marketscreener.com/quote/index/FTSE-EGYPT-INDEX-121232409/news/Bob-Menendez-to-be-sentenced-in-gold-bar-bribery-case-that-ended-US-Senate-career-48900553/
1223424530,20250129,202501,2025,2025.0795,USAJUD,UNITED STATES,USA,,,,,JUD,,,,,,,,,,,,,1,036,036,03,1,4.0,2,2,2,-5.62969461045014,3,"Manhattan, New York, United States",US,USNY,40.7834,-73.9662,971945,0,,,,,,,3,"Manhattan, New York, United States",US,USNY,40.7834,-73.9662,971945,20250129,https://www.marketscreener.com/quote/index/FTSE-EGYPT-INDEX-121232409/news/Bob-Menendez-to-be-sentenced-in-gold-bar-bribery-case-that-ended-US-Senate-career-48900553/
1223424539,20250129,202501,2025,2025.0795,USAJUD,UNITED STATES,USA,,,,,JUD,,,JUD,JUDGE,,,,,,JUD,,,1,036,036,03,1,4.0,10,2,10,-5.62969461045014,3,"Manhattan, New York, United States",US,USNY,40.7834,-73.9662,971945,3,"Manhattan, New York, United States",US,USNY,40.7834,-73.9662,971945,3,"Manhattan, New York, United States",US,USNY,40.7834,-73.9662,971945,20250129,https://www.marketscreener.com/quote/index/FTSE-EGYPT-INDEX-121232409/news/Bob-Menendez-to-be-sentenced-in-gold-bar-bribery-case-that-ended-US-Senate-career-48900553/
1223424541,20250129,202501,2025,2025.0795,USAJUD,UNITED STATES,USA,,,,,JUD,,,USAJUD,UNITED STATES,USA,,,,,JUD,,,1,036,036,03,1,4.0,4,2,2,-5.62969461045014,3,"Manhattan, New York, United States",US,USNY,40.7834,-73.9662,971945,3,"Manhattan, New York, United States",US,USNY,40.7834,-73.9662,971945,3,"Manhattan, New York, United States",US,USNY,40.7834,-73.9662,971945,20250129,https://www.marketscreener.com/quote/index/FTSE-EGYPT-INDEX-121232409/news/Bob-Menendez-to-be-sentenced-in-gold-bar-bribery-case-that-ended-US-Senate-career-48900553/
1223429031,20250129,202501,2025,2025.0795,SAU,SAUDI ARABIA,SAU,,,,,,,,,,,,,,,,,,1,051,051,05,1,3.4,6,3,6,4.14720412468893,4,"Riyadh, Ar Riya?, Saudi Arabia",SA,SA10,24.6408,46.7728,-3093009,0,,,,,,,4,"Riyadh, Ar Riya?, Saudi Arabia",SA,SA10,24.6408,46.7728,-3093009,20250129,https://keyt.com/lifestyle/entertainment/cnn-style/2025/01/29/the-middle-easts-first-super-luxury-train-will-gleam-gold/
1223430279,20250129,202501,2025,2025.0795,,,,,,,,,,,CAN,YUKON TERRITORY,CAN,,,,,,,,1,036,036,03,1,4.0,10,1,10,2.81385281385281,0,,,,,,,5,"Yukon Territory, Yukon, Canada",CA,CA12,63,-136,-576336,5,"Yukon Territory, Yukon, Canada",CA,CA12,63,-136,-576336,20250129,https://www.finanznachrichten.de/nachrichten-2025-01/64410745-onyx-gold-corp-onyx-gold-announces-proposed-warrant-amendments-and-corporate-updates-296.htm
1223430483,20250129,202501,2025,2025.0795,CAN,YUKON TERRITORY,CAN,,,,,,,,,,,,,,,,,,1,036,036,03,1,4.0,10,1,10,2.81385281385281,5,"Yukon Territory, Yukon, Canada",CA,CA12,63,-136,-576336,0,,,,,,,5,"Yukon Territory, Yukon, Canada",CA,CA12,63,-136,-576336,20250129,https://www.finanznachrichten.de/nachrichten-2025-01/64410745-onyx-gold-corp-onyx-gold-announces-proposed-warrant-amendments-and-corporate-updates-296.htm
1223430797,20250129,202501,2025,2025.0795,GHA,GHANA,GHA,,,,,,,,,,,,,,,,,,1,070,070,07,2,7.0,45,5,45,3.68853853282253,1,Ghana,GH,GH,8,-2,GH,0,,,,,,,1,Ghana,GH,GH,8,-2,GH,20250129,https://northafricapost.com/83826-ghana-to-launch-gold-board-to-boost-earnings-curb-smuggling.html
1223435367,20250129,202501,2025,2025.0795,,,,,,,,,,,GHA,GHANA,GHA,,,,,,,,0,025,025,02,1,-0.3,10,1,10,6.20347394540939,0,,,,,,,1,Ghana,GH,GH,8,-2,GH,1,Ghana,GH,GH,8,-2,GH,20250129,https://newsghana.com.gh/ghana-inaugurates-gold-board-to-boost-currency-stability-and-formalize-gold-sector/
1223435445,20250129,202501,2025,2025.0795,,,,,,,,,,,ROU,ROMANIAN,,,,,,,,,0,046,046,04,1,7.0,2,1,2,-1.41643059490085,0,,,,,,,4,"Bucharest, Bucuresti, Romania",RO,RO10,44.4333,26.1,-1153951,4,"Bucharest, Bucuresti, Romania",RO,RO10,44.4333,26.1,-1153951,20250129,https://www.dutchnews.nl/2025/01/police-find-gold-heist-clues-thieves-may-be-from-noord-holland/
1223435447,20250129,202501,2025,2025.0795,,,,,,,,,,,ROUGOV,ROMANIAN,,,,,,GOV,,,0,046,046,04,1,7.0,6,1,6,-1.41643059490085,0,,,,,,,4,"Bucharest, Bucuresti, Romania",RO,RO10,44.4333,26.1,-1153951,4,"Bucharest, Bucuresti, Romania",RO,RO10,44.4333,26.1,-1153951,20250129,https://www.dutchnews.nl/2025/01/police-find-gold-heist-clues-thieves-may-be-from-noord-holland/
1223435675,20250129,202501,2025,2025.0795,COP,POLICE,,,,,,COP,,,NLD,NETHERLANDS,NLD,,,,,,,,1,010,010,01,1,0.0,1,1,1,-1.41643059490085,4,"Alkmaar, Noord-Holland, Netherlands",NL,NL07,52.6358,4.75561,-2140374,4,"Alkmaar, Noord-Holland, Netherlands",NL,NL07,52.6358,4.75561,-2140374,4,"Alkmaar, Noord-Holland, Netherlands",NL,NL07,52.6358,4.75561,-2140374,20250129,https://www.dutchnews.nl/2025/01/police-find-gold-heist-clues-thieves-may-be-from-noord-holland/
1223435676,20250129,202501,2025,2025.0795,COP,POLICE,,,,,,COP,,,NLD,NETHERLANDS,NLD,,,,,,,,1,0214,021,02,1,3.4,1,1,1,-1.41643059490085,4,"Alkmaar, Noord-Holland, Netherlands",NL,NL07,52.6358,4.75561,-2140374,4,"Alkmaar, Noord-Holland, Netherlands",NL,NL07,52.6358,4.75561,-2140374,4,"Alkmaar, Noord-Holland, Netherlands",NL,NL07,52.6358,4.75561,-2140374,20250129,https://www.dutchnews.nl/2025/01/police-find-gold-heist-clues-thieves-may-be-from-noord-holland/
1223435696,20250129,202501,2025,2025.0795,CRM,THIEVES,,,,,,CRM,,,NLD,HOLLAND,NLD,,,,,,,,1,061,061,06,2,6.4,5,1,5,-1.41643059490085,4,"Alkmaar, Noord-Holland, Netherlands",NL,NL07,52.6358,4.75561,-2140374,4,"Alkmaar, Noord-Holland, Netherlands",NL,NL07,52.6358,4.75561,-2140374,4,"Alkmaar, Noord-Holland, Netherlands",NL,NL07,52.6358,4.75561,-2140374,20250129,https://www.dutchnews.nl/2025/01/police-find-gold-heist-clues-thieves-may-be-from-noord-holland/
1223436002,20250129,202501,2025,2025.0795,GOV,FINANCE MINIST,,,,,,GOV,,,GHA,GHANA,GHA,,,,,,,,1,010,010,01,1,0.0,13,2,13,2.30598100453493,1,Ghana,GH,GH,8,-2,GH,1,Ghana,GH,GH,8,-2,GH,1,Ghana,GH,GH,8,-2,GH,20250129,https://newsghana.com.gh/ghana-inaugurates-gold-board-to-boost-currency-stability-and-formalize-gold-sector/
1223436283,20250129,202501,2025,2025.0795,JUD,JUDGE,,,,,,JUD,,,USA,UNITED STATES,USA,,,,,,,,1,173,173,17,4,-5.0,3,3,3,-6.03197724470891,2,"New Jersey, United States",US,USNJ,40.314,-74.5089,NJ,2,"Florida, United States",US,USFL,27.8333,-81.717,FL,2,"Florida, United States",US,USFL,27.8333,-81.717,FL,20250129,https://www.wfmj.com/story/52272877/judge-set-to-sentence-former-sen-bob-menendez-who-was-convicted-of-taking-bribes-of-cash-and-gold
1223436502,20250129,202501,2025,2025.0795,NLD,DUTCH,NLD,,,,,,,,,,,,,,,,,,0,050,050,05,1,3.5,3,1,3,-1.41643059490085,4,"Alkmaar, Noord-Holland, Netherlands",NL,NL07,52.6358,4.75561,-2140374,0,,,,,,,4,"Alkmaar, Noord-Holland, Netherlands",NL,NL07,52.6358,4.75561,-2140374,20250129,https://www.dutchnews.nl/2025/01/police-find-gold-heist-clues-thieves-may-be-from-noord-holland/
1223436505,20250129,202501,2025,2025.0795,NLD,DUTCH,NLD,,,,,,,,,,,,,,,,,,0,110,110,11,3,-2.0,3,1,3,-1.41643059490085,4,"Alkmaar, Noord-Holland, Netherlands",NL,NL07,52.6358,4.75561,-2140374,0,,,,,,,4,"Alkmaar, Noord-Holland, Netherlands",NL,NL07,52.6358,4.75561,-2140374,20250129,https://www.dutchnews.nl/2025/01/police-find-gold-heist-clues-thieves-may-be-from-noord-holland/
1223436511,20250129,202501,2025,2025.0795,NLD,DUTCH,NLD,,,,,,,,MED,SPOKESMAN,,,,,,MED,,,1,010,010,01,1,0.0,2,1,2,-1.41643059490085,4,"Bucharest, Bucuresti, Romania",RO,RO10,44.4333,26.1,-1153951,4,"Alkmaar, Noord-Holland, Netherlands",NL,NL07,52.6358,4.75561,-2140374,4,"Alkmaar, Noord-Holland, Netherlands",NL,NL07,52.6358,4.75561,-2140374,20250129,https://www.dutchnews.nl/2025/01/police-find-gold-heist-clues-thieves-may-be-from-noord-holland/
1223436512,20250129,202501,2025,2025.0795,NLD,DUTCH,NLD,,,,,,,,MED,SPOKESMAN,,,,,,MED,,,1,010,010,01,1,0.0,4,1,4,-1.41643059490085,4,"Alkmaar, Noord-Holland, Netherlands",NL,NL07,52.6358,4.75561,-2140374,4,"Bucharest, Bucuresti, Romania",RO,RO10,44.4333,26.1,-1153951,4,"Bucharest, Bucuresti, Romania",RO,RO10,44.4333,26.1,-1153951,20250129,https://www.dutchnews.nl/2025/01/police-find-gold-heist-clues-thieves-may-be-from-noord-holland/
1223436513,20250129,202501,2025,2025.0795,NLD,THE NETHERLAND,NLD,,,,,,,,MED,SPOKESMAN,,,,,,MED,,,1,010,010,01,1,0.0,1,1,1,-1.41643059490085,4,"Alkmaar, Noord-Holland, Netherlands",NL,NL07,52.6358,4.75561,-2140374,4,"Alkmaar, Noord-Holland, Netherlands",NL,NL07,52.6358,4.75561,-2140374,4,"Bucharest, Bucuresti, Romania",RO,RO10,44.4333,26.1,-1153951,20250129,https://www.dutchnews.nl/2025/01/police-find-gold-heist-clues-thieves-may-be-from-noord-holland/
1223436656,20250129,202501,2025,2025.0795,ROU,ROMANIAN,,,,,,,,,ROUGOV,ROMANIA,,,,,,GOV,,,1,111,111,11,3,-2.0,2,1,2,-1.41643059490085,4,"Cotofenesti, Romania (general), Romania",RO,RO00,46.15,26.9833,-1156981,4,"Cotofenesti, Romania (general), Romania",RO,RO00,46.15,26.9833,-1156981,4,"Cotofenesti, Romania (general), Romania",RO,RO00,46.15,26.9833,-1156981,20250129,https://www.dutchnews.nl/2025/01/police-find-gold-heist-clues-thieves-may-be-from-noord-holland/
1223436657,20250129,202501,2025,2025.0795,ROU,ROMANIAN,,,,,,,,,ROUGOV,ROMANIA,,,,,,GOV,,,1,111,111,11,3,-2.0,2,1,2,-1.41643059490085,4,"Alkmaar, Noord-Holland, Netherlands",NL,NL07,52.6358,4.75561,-2140374,4,"Alkmaar, Noord-Holland, Netherlands",NL,NL07,52.6358,4.75561,-2140374,4,"Alkmaar, Noord-Holland, Netherlands",NL,NL07,52.6358,4.75561,-2140374,20250129,https://www.dutchnews.nl/2025/01/police-find-gold-heist-clues-thieves-may-be-from-noord-holland/
1223436658,20250129,202501,2025,2025.0795,ROUGOV,ROMANIAN,,,,,,GOV,,,,,,,,,,,,,1,111,111,11,3,-2.0,3,1,3,-1.41643059490085,4,"Cotofenesti, Romania (general), Romania",RO,RO00,46.15,26.9833,-1156981,0,,,,,,,4,"Cotofenesti, Romania (general), Romania",RO,RO00,46.15,26.9833,-1156981,20250129,https://www.dutchnews.nl/2025/01/police-find-gold-heist-clues-thieves-may-be-from-noord-holland/
1223436659,20250129,202501,2025,2025.0795,ROUGOV,ROMANIAN,,,,,,GOV,,,,,,,,,,,,,1,111,111,11,3,-2.0,3,1,3,-1.41643059490085,4,"Alkmaar, Noord-Holland, Netherlands",NL,NL07,52.6358,4.75561,-2140374,0,,,,,,,4,"Alkmaar, Noord-Holland, Netherlands",NL,NL07,52.6358,4.75561,-2140374,20250129,https://www.dutchnews.nl/2025/01/police-find-gold-heist-clues-thieves-may-be-from-noord-holland/
1223436663,20250129,202501,2025,2025.0795,ROUGOV,ROMANIA,,,,,,GOV,,,ROU,ROMANIAN,,,,,,,,,0,046,046,04,1,7.0,2,1,2,-1.41643059490085,4,"Bucharest, Bucuresti, Romania",RO,RO10,44.4333,26.1,-1153951,4,"Bucharest, Bucuresti, Romania",RO,RO10,44.4333,26.1,-1153951,4,"Bucharest, Bucuresti, Romania",RO,RO10,44.4333,26.1,-1153951,20250129,https://www.dutchnews.nl/2025/01/police-find-gold-heist-clues-thieves-may-be-from-noord-holland/
1223436905,20250129,202501,2025,2025.0795,USA,NEW JERSEY,USA,,,,,,,,LEG,SENATOR,,,,,,LEG,,,1,173,173,17,4,-5.0,3,3,3,-6.03197724470891,2,"New Jersey, United States",US,USNJ,40.314,-74.5089,NJ,2,"Florida, United States",US,USFL,27.8333,-81.717,FL,2,"Florida, United States",US,USFL,27.8333,-81.717,FL,20250129,https://www.wfmj.com/story/52272877/judge-set-to-sentence-former-sen-bob-menendez-who-was-convicted-of-taking-bribes-of-cash-and-gold
1223438019,20250129,202501,2025,2025.0795,,,,,,,,,,,CAN,CANADA,CAN,,,,,,,,0,042,042,04,1,1.9,4,1,4,1.50193798449612,0,,,,,,,4,"Larder Lake, Ontario, Canada",CA,CA08,48.1,-79.7167,-567733,4,"Larder Lake, Ontario, Canada",CA,CA08,48.1,-79.7167,-567733,20250129,https://www.finanznachrichten.de/nachrichten-2025-01/64411496-caprock-mining-corp-caprock-outlines-systematic-exploration-plan-for-its-destiny-gold-project-in-quebec-296.htm
1223438021,20250129,202501,2025,2025.0795,,,,,,,,,,,CAN,CANADA,CAN,,,,,,,,0,0874,087,08,2,10.0,2,1,2,1.50193798449612,0,,,,,,,4,"Quebec, Quebec, Canada",CA,CA10,47.5,-72,-571850,4,"Quebec, Quebec, Canada",CA,CA10,47.5,-72,-571850,20250129,https://www.finanznachrichten.de/nachrichten-2025-01/64411496-caprock-mining-corp-caprock-outlines-systematic-exploration-plan-for-its-destiny-gold-project-in-quebec-296.htm
1223438022,20250129,202501,2025,2025.0795,,,,,,,,,,,CAN,CANADA,CAN,,,,,,,,0,0874,087,08,2,10.0,2,1,2,1.50193798449612,0,,,,,,,4,"Tashota, Ontario, Canada",CA,CA08,50.2333,-87.6667,-574556,4,"Tashota, Ontario, Canada",CA,CA08,50.2333,-87.6667,-574556,20250129,https://www.finanznachrichten.de/nachrichten-2025-01/64411496-caprock-mining-corp-caprock-outlines-systematic-exploration-plan-for-its-destiny-gold-project-in-quebec-296.htm
1223438028,20250129,202501,2025,2025.0795,,,,,,,,,,,CHL,SANTIAGO DE CHILE,CHL,,,,,,,,0,042,042,04,1,1.9,10,1,10,0.4079254079254,0,,,,,,,1,Argentina,AR,AR,-34,-64,AR,1,Argentina,AR,AR,-34,-64,AR,20250129,https://www.juniorminingnetwork.com/junior-miner-news/press-releases/659-tsx-venture/grg/174361-golden-arrow-reports-a-strong-finish-to-phase-2-drilling-including-224m-0-2-copper-at-san-pietro-project-chile.html
1223438269,20250129,202501,2025,2025.0795,CAN,CANADA,CAN,,,,,,,,,,,,,,,,,,0,043,043,04,1,2.8,2,1,2,1.50193798449612,4,"Larder Lake, Ontario, Canada",CA,CA08,48.1,-79.7167,-567733,0,,,,,,,4,"Larder Lake, Ontario, Canada",CA,CA08,48.1,-79.7167,-567733,20250129,https://www.finanznachrichten.de/nachrichten-2025-01/64411496-caprock-mining-corp-caprock-outlines-systematic-exploration-plan-for-its-destiny-gold-project-in-quebec-296.htm
1223438282,20250129,202501,2025,2025.0795,CAN,CANADIAN,CAN,,,,,,,,CANBUS,CANADA,CAN,,,,,BUS,,,0,015,015,01,1,0.0,4,1,4,1.50193798449612,4,"Quebec, Quebec, Canada",CA,CA10,47.5,-72,-571850,4,"Quebec, Quebec, Canada",CA,CA10,47.5,-72,-571850,4,"Quebec, Quebec, Canada",CA,CA10,47.5,-72,-571850,20250129,https://www.finanznachrichten.de/nachrichten-2025-01/64411496-caprock-mining-corp-caprock-outlines-systematic-exploration-plan-for-its-destiny-gold-project-in-quebec-296.htm
1223438294,20250129,202501,2025,2025.0795,CANBUS,CANADIAN,CAN,,,,,BUS,,,,,,,,,,,,,0,015,015,01,1,0.0,6,1,6,1.50193798449612,4,"Tashota, Ontario, Canada",CA,CA08,50.2333,-87.6667,-574556,0,,,,,,,4,"Tashota, Ontario, Canada",CA,CA08,50.2333,-87.6667,-574556,20250129,https://www.finanznachrichten.de/nachrichten-2025-01/64411496-caprock-mining-corp-caprock-outlines-systematic-exploration-plan-for-its-destiny-gold-project-in-quebec-296.htm
1223438299,20250129,202501,2025,2025.0795,CHL,SANTIAGO DE CHILE,CHL,,,,,,,,,,,,,,,,,,1,043,043,04,1,2.8,12,2,12,4.34904042416995,4,"Santiago, Regióetropolitana, Chile",CI,CI12,-33.45,-70.6667,-901202,0,,,,,,,4,"Santiago, Regióetropolitana, Chile",CI,CI12,-33.45,-70.6667,-901202,20250129,https://www.juniorminingnetwork.com/junior-miner-news/press-releases/659-tsx-venture/grg/174361-golden-arrow-reports-a-strong-finish-to-phase-2-drilling-including-224m-0-2-copper-at-san-pietro-project-chile.html
1223440701,20250129,202501,2025,2025.0795,,,,,,,,,,,BUS,COMPANY,,,,,,BUS,,,0,0356,035,03,1,7.0,5,1,5,2.73752012882448,0,,,,,,,4,"Quebec, Quebec, Canada",CA,CA10,47.5,-72,-571850,4,"Quebec, Quebec, Canada",CA,CA10,47.5,-72,-571850,20250129,https://www.manilatimes.net/2025/01/29/tmt-newswire/globenewswire/canadian-gold-reveals-promising-airborne-magnetic-survey-results-for-robidoux-property-appoints-director-and-allocates-stock-options/2046498
1223440749,20250129,202501,2025,2025.0795,,,,,,,,,,,IRL,IRELAND,IRL,,,,,,,,1,036,036,03,1,4.0,10,1,10,4.43548387096774,0,,,,,,,4,"Lough Inchin, Cavan, Ireland",EI,EI02,54.0219,-7.41,380239,4,"Lough Inchin, Cavan, Ireland",EI,EI02,54.0219,-7.41,380239,20250129,https://www.anglocelt.ie/2025/01/29/golden-opportunity-to-see-golden-eye/
1223440750,20250129,202501,2025,2025.0795,,,,,,,,,,,IRL,IRELAND,IRL,,,,,,,,1,040,040,04,1,1.0,10,1,10,4.43548387096774,0,,,,,,,4,"Lough Inchin, Cavan, Ireland",EI,EI02,54.0219,-7.41,380239,4,"Lough Inchin, Cavan, Ireland",EI,EI02,54.0219,-7.41,380239,20250129,https://www.anglocelt.ie/2025/01/29/golden-opportunity-to-see-golden-eye/
1223440877,20250129,202501,2025,2025.0795,BUS,COMPANY,,,,,,BUS,,,,,,,,,,,,,0,0356,035,03,1,7.0,5,1,5,2.73752012882448,4,"Quebec, Quebec, Canada",CA,CA10,47.5,-72,-571850,0,,,,,,,4,"Quebec, Quebec, Canada",CA,CA10,47.5,-72,-571850,20250129,https://www.manilatimes.net/2025/01/29/tmt-newswire/globenewswire/canadian-gold-reveals-promising-airborne-magnetic-survey-results-for-robidoux-property-appoints-director-and-allocates-stock-options/2046498
1223440881,20250129,202501,2025,2025.0795,BUS,COMPANY,,,,,,BUS,,,,,,,,,,,,,1,060,060,06,2,6.0,5,1,5,2.73752012882448,4,"Quebec, Quebec, Canada",CA,CA10,47.5,-72,-571850,0,,,,,,,4,"Quebec, Quebec, Canada",CA,CA10,47.5,-72,-571850,20250129,https://www.manilatimes.net/2025/01/29/tmt-newswire/globenewswire/canadian-gold-reveals-promising-airborne-magnetic-survey-results-for-robidoux-property-appoints-director-and-allocates-stock-options/2046498
1223441379,20250129,202501,2025,2025.0795,IRL,IRELAND,IRL,,,,,,,,,,,,,,,,,,1,026,026,02,1,4.0,10,1,10,4.43548387096774,4,"Lough Inchin, Cavan, Ireland",EI,EI02,54.0219,-7.41,380239,0,,,,,,,4,"Lough Inchin, Cavan, Ireland",EI,EI02,54.0219,-7.41,380239,20250129,https://www.anglocelt.ie/2025/01/29/golden-opportunity-to-see-golden-eye/
1223441380,20250129,202501,2025,2025.0795,IRL,IRELAND,IRL,,,,,,,,,,,,,,,,,,1,036,036,03,1,4.0,10,1,10,4.43548387096774,4,"Lough Inchin, Cavan, Ireland",EI,EI02,54.0219,-7.41,380239,0,,,,,,,4,"Lough Inchin, Cavan, Ireland",EI,EI02,54.0219,-7.41,380239,20250129,https://www.anglocelt.ie/2025/01/29/golden-opportunity-to-see-golden-eye/
1223441381,20250129,202501,2025,2025.0795,IRL,IRELAND,IRL,,,,,,,,,,,,,,,,,,1,040,040,04,1,1.0,10,1,10,4.43548387096774,4,"Lough Inchin, Cavan, Ireland",EI,EI02,54.0219,-7.41,380239,0,,,,,,,4,"Lough Inchin, Cavan, Ireland",EI,EI02,54.0219,-7.41,380239,20250129,https://www.anglocelt.ie/2025/01/29/golden-opportunity-to-see-golden-eye/
1223444585,20250129,202501,2025,2025.0795,CAN,CANADIAN,CAN,,,,,,,,BUS,INVESTOR,,,,,,BUS,,,1,060,060,06,2,6.0,2,1,2,3.19148936170213,1,Finland,FI,FI,64,26,FI,4,"Otjikoto, Otjozondjupa, Namibia",WA,WA39,-22.0333,17.2,-2585555,4,"Otjikoto, Otjozondjupa, Namibia",WA,WA39,-22.0333,17.2,-2585555,20250129,https://www.namibian.com.na/b2gold-closes-us460-million-offer-of-security-notes-to-fund-working-capital/
1223444586,20250129,202501,2025,2025.0795,CAN,CANADIAN,CAN,,,,,,,,BUS,INVESTOR,,,,,,BUS,,,1,060,060,06,2,6.0,2,1,2,3.19148936170213,1,Mali,ML,ML,17,-4,ML,4,"Otjikoto, Otjozondjupa, Namibia",WA,WA39,-22.0333,17.2,-2585555,4,"Otjikoto, Otjozondjupa, Namibia",WA,WA39,-22.0333,17.2,-2585555,20250129,https://www.namibian.com.na/b2gold-closes-us460-million-offer-of-security-notes-to-fund-working-capital/
1223444613,20250129,202501,2025,2025.0795,CANBUS,CANADIAN,CAN,,,,,BUS,,,BUS,INVESTOR,,,,,,BUS,,,1,060,060,06,2,6.0,6,1,6,3.19148936170213,1,Finland,FI,FI,64,26,FI,4,"Otjikoto, Otjozondjupa, Namibia",WA,WA39,-22.0333,17.2,-2585555,4,"Otjikoto, Otjozondjupa, Namibia",WA,WA39,-22.0333,17.2,-2585555,20250129,https://www.namibian.com.na/b2gold-closes-us460-million-offer-of-security-notes-to-fund-working-capital/
1223447041,20250129,202501,2025,2025.0795,,,,,,,,,,,POL,POLAND,POL,,,,,,,,0,042,042,04,1,1.9,4,1,4,2.88461538461538,0,,,,,,,2,"New York, United States",US,USNY,42.1497,-74.9384,NY,2,"New York, United States",US,USNY,42.1497,-74.9384,NY,20250129,https://www.pinkvilla.com/entertainment/hollywood/a-real-pain-where-to-watch-this-years-golden-globe-winner-online-1369914
1223447042,20250129,202501,2025,2025.0795,,,,,,,,,,,POL,POLAND,POL,,,,,,,,0,051,051,05,1,3.4,2,1,2,2.88461538461538,0,,,,,,,2,"New York, United States",US,USNY,42.1497,-74.9384,NY,2,"New York, United States",US,USNY,42.1497,-74.9384,NY,20250129,https://www.pinkvilla.com/entertainment/hollywood/a-real-pain-where-to-watch-this-years-golden-globe-winner-online-1369914
1223447688,20250129,202501,2025,2025.0795,GOV,PRESIDENT,,,,,,GOV,,,USA,UNITED STATES,USA,,,,,,,,1,114,114,11,3,-2.0,14,7,14,1.23850011129631,1,United States,US,US,39.828175,-98.5795,US,1,United States,US,US,39.828175,-98.5795,US,1,United States,US,US,39.828175,-98.5795,US,20250129,https://wcfcourier.com/opinion/column/jonah-goldberg-party-unity-is-no-easy-feat-with-a-leader-like-trump/article_ee49a28c-ce94-5f0a-a3b7-731cd099759e.html
1223448041,20250129,202501,2025,2025.0795,POL,POLAND,POL,,,,,,,,,,,,,,,,,,0,043,043,04,1,2.8,2,1,2,2.88461538461538,2,"New York, United States",US,USNY,42.1497,-74.9384,NY,0,,,,,,,2,"New York, United States",US,USNY,42.1497,-74.9384,NY,20250129,https://www.pinkvilla.com/entertainment/hollywood/a-real-pain-where-to-watch-this-years-golden-globe-winner-online-1369914
1223448305,20250129,202501,2025,2025.0795,USAGOV,UNITED STATES,USA,,,,,GOV,,,,,,,,,,,,,1,114,114,11,3,-2.0,14,7,14,1.23850011129631,1,United States,US,US,39.828175,-98.5795,US,0,,,,,,,1,United States,US,US,39.828175,-98.5795,US,20250129,https://wcfcourier.com/opinion/column/jonah-goldberg-party-unity-is-no-easy-feat-with-a-leader-like-trump/article_ee49a28c-ce94-5f0a-a3b7-731cd099759e.html
1223448422,20250129,202501,2025,2025.0795,,,,,,,,,,,BUS,CORPORATION,,,,,,BUS,,,1,040,040,04,1,1.0,15,3,15,1.08216171750199,0,,,,,,,4,"Toronto, Ontario, Canada",CA,CA08,43.6667,-79.4167,-574890,4,"Toronto, Ontario, Canada",CA,CA08,43.6667,-79.4167,-574890,20250129,https://www.goldseiten.de/artikel/645695--NEO-Battery-Materials-Provides-Commercialization-Update-on-Windsor-Silicon-Anode-Manufacturing-Plant.html
1223448630,20250129,202501,2025,2025.0795,BUS,CORPORATION,,,,,,BUS,,,,,,,,,,,,,1,040,040,04,1,1.0,10,2,10,0.464302178901985,1,South Korea,KS,KS,37,127.5,KS,0,,,,,,,1,South Korea,KS,KS,37,127.5,KS,20250129,https://www.goldseiten.de/artikel/645695--NEO-Battery-Materials-Provides-Commercialization-Update-on-Windsor-Silicon-Anode-Manufacturing-Plant.html
1223448639,20250129,202501,2025,2025.0795,BUS,INVESTOR,,,,,,BUS,,,,,,,,,,,,,0,120,120,12,3,-4.0,10,1,10,0.35056967572305,4,"Toronto, Ontario, Canada",CA,CA08,43.6667,-79.4167,-574890,0,,,,,,,4,"Toronto, Ontario, Canada",CA,CA08,43.6667,-79.4167,-574890,20250129,https://www.goldseiten.de/artikel/645695--NEO-Battery-Materials-Provides-Commercialization-Update-on-Windsor-Silicon-Anode-Manufacturing-Plant.html
1223448677,20250129,202501,2025,2025.0795,CAN,CANADA,CAN,,,,,,,,,,,,,,,,,,0,020,020,02,1,3.0,8,1,8,2.28061477441745,4,"Golden Ridge, Saskatchewan, Canada",CA,CA11,54.3264,-109.1,429932,0,,,,,,,4,"Golden Ridge, Saskatchewan, Canada",CA,CA11,54.3264,-109.1,429932,20250129,https://www.goldseiten.de/artikel/645696--Golden-Ridge-Announces-Proposed-C2-Million-Best-Efforts-Private-Placement-in-Furtherance-of-Previously-Announced-Acquisition-of-a-Majority-Interest-in-Br~.html
1223448678,20250129,202501,2025,2025.0795,CAN,CANADA,CAN,,,,,,,,,,,,,,,,,,0,030,030,03,1,4.0,8,1,8,2.28061477441745,4,"Golden Ridge, Saskatchewan, Canada",CA,CA11,54.3264,-109.1,429932,0,,,,,,,4,"Golden Ridge, Saskatchewan, Canada",CA,CA11,54.3264,-109.1,429932,20250129,https://www.goldseiten.de/artikel/645696--Golden-Ridge-Announces-Proposed-C2-Million-Best-Efforts-Private-Placement-in-Furtherance-of-Previously-Announced-Acquisition-of-a-Majority-Interest-in-Br~.html
1223462635,20250129,202501,2025,2025.0795,ARE,UNITED ARAB EMIRATES,ARE,,,,,,,,EGY,EGYPTIAN,EGY,,,,,,,,1,061,061,06,2,6.4,7,1,7,4.50704225352113,1,Egypt,EG,EG,27,30,EG,1,Egypt,EG,EG,27,30,EG,1,Egypt,EG,EG,27,30,EG,20250129,https://meobserver.org/business-economix/industry-insights/2025/01/29/egypts-gold-export-boom-uae-and-switzerland-lead-the-surge/
1223463747,20250129,202501,2025,2025.0795,TUR,TURKEY,TUR,,,,,,,,,,,,,,,,,,1,120,120,12,3,-4.0,7,1,7,4.50704225352113,4,"Arabiya, Batman, Turkey",TU,TU76,37.755,41.0947,6283363,0,,,,,,,4,"Arabiya, Batman, Turkey",TU,TU76,37.755,41.0947,6283363,20250129,https://meobserver.org/business-economix/industry-insights/2025/01/29/egypts-gold-export-boom-uae-and-switzerland-lead-the-surge/
1223463748,20250129,202501,2025,2025.0795,TUR,TURKEY,TUR,,,,,,,,,,,,,,,,,,1,120,120,12,3,-4.0,3,1,3,4.50704225352113,1,Egypt,EG,EG,27,30,EG,0,,,,,,,1,Egypt,EG,EG,27,30,EG,20250129,https://meobserver.org/business-economix/industry-insights/2025/01/29/egypts-gold-export-boom-uae-and-switzerland-lead-the-surge/
1223465652,20250129,202501,2025,2025.0795,EDU,PROFESSOR,,,,,,EDU,,,ISR,ISRAEL,ISR,,,,,,,,0,1124,112,11,3,-2.0,20,2,20,-3.24022346368715,4,"Gaza, Israel (general), Israel",IS,IS00,31.4167,34.3333,-797156,4,"Gaza, Israel (general), Israel",IS,IS00,31.4167,34.3333,-797156,4,"Gaza, Israel (general), Israel",IS,IS00,31.4167,34.3333,-797156,20250129,https://www.mercurynews.com/2025/01/29/goldberg-trumps-plan-to-crush-the-academic-left/
1223466002,20250129,202501,2025,2025.0795,JUD,PROSECUTOR,,,,,,JUD,,,COP,PRISON,,,,,,COP,,,0,010,010,01,1,0.0,26,3,26,-6.5043557046147,2,"New Jersey, United States",US,USNJ,40.314,-74.5089,NJ,2,"New Jersey, United States",US,USNJ,40.314,-74.5089,NJ,2,"New Jersey, United States",US,USNJ,40.314,-74.5089,NJ,20250129,https://www.nbcnews.com/politics/justice-department/former-sen-bob-menendez-sentenced-gold-bar-bribery-case-rcna189044
1223466003,20250129,202501,2025,2025.0795,JUD,PROSECUTOR,,,,,,JUD,,,COP,PRISON,,,,,,COP,,,0,010,010,01,1,0.0,4,1,4,-5.69620253164557,2,"New York, United States",US,USNY,42.1497,-74.9384,NY,2,"New York, United States",US,USNY,42.1497,-74.9384,NY,2,"New York, United States",US,USNY,42.1497,-74.9384,NY,20250129,https://www.nbcnews.com/politics/justice-department/former-sen-bob-menendez-sentenced-gold-bar-bribery-case-rcna189044
1223466006,20250129,202501,2025,2025.0795,JUD,ATTORNEY,,,,,,JUD,,,USA,UNITED STATES,USA,,,,,,,,1,020,020,02,1,3.0,2,1,2,-5.69620253164557,2,"New York, United States",US,USNY,42.1497,-74.9384,NY,2,"New Jersey, United States",US,USNJ,40.314,-74.5089,NJ,2,"New Jersey, United States",US,USNJ,40.314,-74.5089,NJ,20250129,https://www.nbcnews.com/politics/justice-department/former-sen-bob-menendez-sentenced-gold-bar-bribery-case-rcna189044
1223466011,20250129,202501,2025,2025.0795,JUD,ATTORNEY,,,,,,JUD,,,USA,NEW JERSEY,USA,,,,,,,,0,173,173,17,4,-5.0,16,2,16,-5.83317589268846,2,"New York, United States",US,USNY,42.1497,-74.9384,NY,2,"New Jersey, United States",US,USNJ,40.314,-74.5089,NJ,2,"New Jersey, United States",US,USNJ,40.314,-74.5089,NJ,20250129,https://www.nbcnews.com/politics/justice-department/former-sen-bob-menendez-sentenced-gold-bar-bribery-case-rcna189044
1223466050,20250129,202501,2025,2025.0795,LEG,SENATOR,,,,,,LEG,,,CRM,CRIMINAL,,,,,,CRM,,,0,173,173,17,4,-5.0,11,4,11,-6.92645954954537,2,"New Jersey, United States",US,USNJ,40.314,-74.5089,NJ,2,"New Jersey, United States",US,USNJ,40.314,-74.5089,NJ,2,"New Jersey, United States",US,USNJ,40.314,-74.5089,NJ,20250129,https://www.nbcnews.com/politics/justice-department/former-sen-bob-menendez-sentenced-gold-bar-bribery-case-rcna189044
1223466414,20250129,202501,2025,2025.0795,USA,UNITED STATES,USA,,,,,,,,,,,,,,,,,,1,172,172,17,4,-5.0,2,1,2,-5.69620253164557,2,"Florida, United States",US,USFL,27.8333,-81.717,FL,0,,,,,,,2,"New York, United States",US,USNY,42.1497,-74.9384,NY,20250129,https://www.nbcnews.com/politics/justice-department/former-sen-bob-menendez-sentenced-gold-bar-bribery-case-rcna189044
1223466501,20250129,202501,2025,2025.0795,USA,UNITED STATES,USA,,,,,,,,LEG,SENATOR,,,,,,LEG,,,1,173,173,17,4,-5.0,14,3,10,-6.80029183975389,2,"New York, United States",US,USNY,42.1497,-74.9384,NY,2,"New York, United States",US,USNY,42.1497,-74.9384,NY,2,"New York, United States",US,USNY,42.1497,-74.9384,NY,20250129,https://www.nbcnews.com/politics/justice-department/former-sen-bob-menendez-sentenced-gold-bar-bribery-case-rcna189044
1223472645,20250129,202501,2025,2025.0795,MNCUSA,FRANKLIN TEMPLETON,USA,,,,,MNC,,,EUR,EUROPEAN,EUR,,,,,,,,1,010,010,01,1,0.0,3,1,3,4.46428571428571,4,"London, London, City of, United Kingdom",UK,UKH9,51.5,-0.116667,-2601889,4,"London, London, City of, United Kingdom",UK,UKH9,51.5,-0.116667,-2601889,4,"London, London, City of, United Kingdom",UK,UKH9,51.5,-0.116667,-2601889,20250129,https://www.moneymarketing.co.uk/news/goldman-sachs-unveils-first-emea-active-etfs/
1223472646,20250129,202501,2025,2025.0795,MNCUSA,FRANKLIN TEMPLETON,USA,,,,,MNC,,,GBR,UNITED KINGDOM,GBR,,,,,,,,1,010,010,01,1,0.0,2,1,2,4.46428571428571,4,"London, London, City of, United Kingdom",UK,UKH9,51.5,-0.116667,-2601889,4,"London, London, City of, United Kingdom",UK,UKH9,51.5,-0.116667,-2601889,4,"London, London, City of, United Kingdom",UK,UKH9,51.5,-0.116667,-2601889,20250129,https://www.moneymarketing.co.uk/news/goldman-sachs-unveils-first-emea-active-etfs/
1223478677,20250129,202501,2025,2025.0795,,,,,,,,,,,USA,UNITED STATES,USA,,,,,,,,1,042,042,04,1,1.9,4,1,4,3.45864661654135,0,,,,,,,2,"Maryland, United States",US,USMD,39.0724,-76.7902,MD,3,"Hampshire, Maryland, United States",US,USMD,39.5162,-76.5555,593641,20250129,https://gazettenet.com/Hatfield-centenarian-Irma-Donnis-gets-gold-cane-and-certificate-on-her-birthday-59151188
1223478799,20250129,202501,2025,2025.0795,BUS,BOSS,,,,,,BUS,,,,,,,,,,,,,1,010,010,01,1,0.0,2,1,2,3.45864661654135,3,"Hampshire, Maryland, United States",US,USMD,39.5162,-76.5555,593641,0,,,,,,,3,"Hampshire, Maryland, United States",US,USMD,39.5162,-76.5555,593641,20250129,https://gazettenet.com/Hatfield-centenarian-Irma-Donnis-gets-gold-cane-and-certificate-on-her-birthday-59151188
1223478800,20250129,202501,2025,2025.0795,BUS,BOSS,,,,,,BUS,,,,,,,,,,,,,1,010,010,01,1,0.0,2,1,2,3.45864661654135,2,"Ohio, United States",US,USOH,40.3736,-82.7755,OH,0,,,,,,,3,"Hampshire, Maryland, United States",US,USMD,39.5162,-76.5555,593641,20250129,https://gazettenet.com/Hatfield-centenarian-Irma-Donnis-gets-gold-cane-and-certificate-on-her-birthday-59151188
1223479093,20250129,202501,2025,2025.0795,EGY,ALEXANDRIA,EGY,,,,,,,,USA,UNITED STATES,USA,,,,,,,,1,061,061,06,2,6.4,1,1,1,3.45864661654135,4,"Alexandria, Al Iskandariyah, Egypt",EG,EG06,31.1981,29.9192,-290263,3,"Hampshire, Maryland, United States",US,USMD,39.5162,-76.5555,593641,3,"Memorial Town Hall, Massachusetts, United States",US,USMA,42.0995,-72.3162,1978273,20250129,https://gazettenet.com/Hatfield-centenarian-Irma-Donnis-gets-gold-cane-and-certificate-on-her-birthday-59151188
1223479094,20250129,202501,2025,2025.0795,EGY,ALEXANDRIA,EGY,,,,,,,,USA,UNITED STATES,USA,,,,,,,,1,061,061,06,2,6.4,1,1,1,3.45864661654135,3,"Hampshire, Maryland, United States",US,USMD,39.5162,-76.5555,593641,3,"Hampshire, Maryland, United States",US,USMD,39.5162,-76.5555,593641,3,"Memorial Town Hall, Massachusetts, United States",US,USMA,42.0995,-72.3162,1978273,20250129,https://gazettenet.com/Hatfield-centenarian-Irma-Donnis-gets-gold-cane-and-certificate-on-her-birthday-59151188
1223479849,20250129,202501,2025,2025.0795,USA,UNITED STATES,USA,,,,,,,,,,,,,,,,,,1,043,043,04,1,2.8,2,1,2,3.45864661654135,3,"Hampshire, Maryland, United States",US,USMD,39.5162,-76.5555,593641,0,,,,,,,3,"Hampshire, Maryland, United States",US,USMD,39.5162,-76.5555,593641,20250129,https://gazettenet.com/Hatfield-centenarian-Irma-Donnis-gets-gold-cane-and-certificate-on-her-birthday-59151188
1223479850,20250129,202501,2025,2025.0795,USA,UNITED STATES,USA,,,,,,,,,,,,,,,,,,1,043,043,04,1,2.8,2,1,2,3.45864661654135,3,"Hampshire, Maryland, United States",US,USMD,39.5162,-76.5555,593641,0,,,,,,,3,"Boston, Massachusetts, United States",US,USMA,42.3584,-71.0598,617565,20250129,https://gazettenet.com/Hatfield-centenarian-Irma-Donnis-gets-gold-cane-and-certificate-on-her-birthday-59151188
1223479852,20250129,202501,2025,2025.0795,USA,KENTUCKY,USA,,,,,,,,,,,,,,,,,,1,043,043,04,1,2.8,6,1,6,3.45864661654135,2,"Kentucky, United States",US,USKY,37.669,-84.6514,KY,0,,,,,,,3,"Boston, Massachusetts, United States",US,USMA,42.3584,-71.0598,617565,20250129,https://gazettenet.com/Hatfield-centenarian-Irma-Donnis-gets-gold-cane-and-certificate-on-her-birthday-59151188
1223479932,20250129,202501,2025,2025.0795,USA,UNITED STATES,USA,,,,,,,,EGY,EGYPT,EGY,,,,,,,,1,061,061,06,2,6.4,1,1,1,3.45864661654135,4,"Alexandria, Al Iskandariyah, Egypt",EG,EG06,31.1981,29.9192,-290263,4,"Alexandria, Al Iskandariyah, Egypt",EG,EG06,31.1981,29.9192,-290263,3,"Memorial Town Hall, Massachusetts, United States",US,USMA,42.0995,-72.3162,1978273,20250129,https://gazettenet.com/Hatfield-centenarian-Irma-Donnis-gets-gold-cane-and-certificate-on-her-birthday-59151188
1223479933,20250129,202501,2025,2025.0795,USA,VIRGINIA,USA,,,,,,,,EGY,ALEXANDRIA,EGY,,,,,,,,1,061,061,06,2,6.4,2,1,2,3.45864661654135,2,"Virginia, United States",US,USVA,37.768,-78.2057,VA,4,"Alexandria, Al Iskandariyah, Egypt",EG,EG06,31.1981,29.9192,-290263,3,"Memorial Town Hall, Massachusetts, United States",US,USMA,42.0995,-72.3162,1978273,20250129,https://gazettenet.com/Hatfield-centenarian-Irma-Donnis-gets-gold-cane-and-certificate-on-her-birthday-59151188
1223484555,20250129,202501,2025,2025.0795,JUD,COUNSEL,,,,,,JUD,,,GOV,PRESIDENT,,,,,,GOV,,,0,013,013,01,1,0.4,5,1,5,6.15384615384615,1,Ghana,GH,GH,8,-2,GH,1,Ghana,GH,GH,8,-2,GH,1,Ghana,GH,GH,8,-2,GH,20250129,https://newsghana.com.gh/ghana-moves-to-formalize-gold-sector-with-new-gold-board/
1223488074,20250129,202501,2025,2025.0795,HLH,PHYSICIAN,,,,,,HLH,,,GOV,PUBLIC SECTOR,,,,,,GOV,,,0,114,114,11,3,-2.0,10,1,10,-3.53833192923336,4,"Damascus, Dimashq, Syria",SY,SY13,33.5,36.3,-2541260,4,"Damascus, Dimashq, Syria",SY,SY13,33.5,36.3,-2541260,4,"Damascus, Dimashq, Syria",SY,SY13,33.5,36.3,-2541260,20250129,"https://www.thechiefleader.com/stories/teacher-sages-and-golden-retrievers,53795"
1223488349,20250129,202501,2025,2025.0795,LAB,UNIONS,,,,,,LAB,,,LEG,LEGISLATOR,,,,,,LEG,,,0,022,022,02,1,3.2,10,1,10,-3.53833192923336,2,"New York, United States",US,USNY,42.1497,-74.9384,NY,2,"New York, United States",US,USNY,42.1497,-74.9384,NY,2,"New York, United States",US,USNY,42.1497,-74.9384,NY,20250129,"https://www.thechiefleader.com/stories/teacher-sages-and-golden-retrievers,53795"
1223493250,20250129,202501,2025,2025.0795,BUS,COMPANY,,,,,,BUS,,,GIN,GUINEA,GIN,,,,,,,,1,020,020,02,1,3.0,12,3,12,1.94255946118691,1,Canada,CA,CA,60,-96,CA,1,Canada,CA,CA,60,-96,CA,1,Canada,CA,CA,60,-96,CA,20250129,https://www.goldseiten.de/artikel/645733--Robex-Announces-Closing-of-Offering-of-Common-Shares.html
1223493270,20250129,202501,2025,2025.0795,BUS,INVESTOR,,,,,,BUS,,,USAMED,REUTERS,USA,,,,,MED,,,1,071,071,07,2,7.4,30,1,30,2.09694707370766,1,China,CH,CH,35,105,CH,1,China,CH,CH,35,105,CH,1,China,CH,CH,35,105,CH,20250129,https://www.insidermonkey.com/blog/goldman-sachs-35-ai-superstars-1435845/
1223493385,20250129,202501,2025,2025.0795,COL,COLOMBIA,COL,,,,,,,,,,,,,,,,,,1,080,080,08,2,5.0,8,1,8,1.74621653084983,4,"Quimbaya, QuindíCO, Colombia",CO,CO23,4.62306,-75.7628,-596224,0,,,,,,,4,"Quimbaya, QuindíCO, Colombia",CO,CO23,4.62306,-75.7628,-596224,20250129,https://www.juniorminingnetwork.com/junior-miner-news/press-releases/3115-cse/qim/174376-quimbaya-gold-samples-yield-up-to-5-86-g-t-gold-and-133-g-t-silver-at-tahami-north.html
1223493425,20250129,202501,2025,2025.0795,COP,DEPUTIES,,,,,,COP,,,ITA,NAPLES,ITA,,,,,,,,1,112,112,11,3,-2.0,10,1,10,-5.71428571428571,0,,,,,,,0,,,,,,,0,,,,,,,20250129,https://www.nbc-2.com/article/naples-florida-deputies-high-speed-chase-golden-gate-estates/63602276
1223494445,20250129,202501,2025,2025.0795,SLV,EL SALVADOR,SLV,,,,,,,,,,,,,,,,,,0,010,010,01,1,0.0,4,1,4,0.23094688221709,4,"Cerro Blanco, La UnióS, El Salvador",ES,ES07,13.3986,-87.9625,-1148486,0,,,,,,,4,"Cerro Blanco, La UnióS, El Salvador",ES,ES07,13.3986,-87.9625,-1148486,20250129,https://www.juniorminingnetwork.com/junior-miner-news/press-releases/3051-tsx-venture/slg/174389-san-lorenzo-completes-second-phase-of-drilling-on-arco-de-oro-target-of-the-salvadora-gold-copper-project-in-chile.html
1223494603,20250129,202501,2025,2025.0795,USA,UNITED STATES,USA,,,,,,,,BUS,INVESTOR,,,,,,BUS,,,0,130,130,13,3,-4.4,2,1,2,0.42625745950554,3,"Blanco Creek, Idaho, United States",US,USID,45.7121,-115.357,377846,3,"Blanco Creek, Idaho, United States",US,USID,45.7121,-115.357,377846,3,"Blanco Creek, Idaho, United States",US,USID,45.7121,-115.357,377846,20250129,https://www.juniorminingnetwork.com/junior-miner-news/press-releases/2211-tsx-venture/bmm/174391-black-mammoth-metals-options-the-high-grade-clover-gold-property-in-nevada.html
1223495473,20250129,202501,2025,2025.0795,GBR,LONDON,GBR,,,,,,,,BUS,BANK,,,,,,BUS,,,1,0874,087,08,2,10.0,5,1,5,-1.19617224880383,2,"New York, United States",US,USNY,42.1497,-74.9384,NY,2,"New York, United States",US,USNY,42.1497,-74.9384,NY,2,"New York, United States",US,USNY,42.1497,-74.9384,NY,20250129,https://nypost.com/2025/01/29/business/london-faces-gold-shortage-as-traders-ship-to-nyc-fearing-trump-tariffs/
1223497566,20240130,202401,2024,2024.0822,,,,,,,,,,,USA,UNITED STATES,USA,,,,,,,,0,190,190,19,4,-10.0,30,10,30,-6.06111994945336,0,,,,,,,3,"Washington, District of Columbia, United States",US,USDC,38.8951,-77.0364,531871,1,Egypt,EG,EG,27,30,EG,20250129,https://www.nsnews.com/world-news/judge-set-to-sentence-former-sen-bob-menendez-who-was-convicted-of-taking-bribes-of-cash-and-gold-10149407
1223497590,20240130,202401,2024,2024.0822,USA,UNITED STATES,USA,,,,,,,,,,,,,,,,,,0,190,190,19,4,-10.0,10,5,10,-6.04468158738942,3,"Washington, District of Columbia, United States",US,USDC,38.8951,-77.0364,531871,0,,,,,,,1,Egypt,EG,EG,27,30,EG,20250129,https://www.nsnews.com/world-news/judge-set-to-sentence-former-sen-bob-menendez-who-was-convicted-of-taking-bribes-of-cash-and-gold-10149407
1223498620,20250129,202501,2025,2025.0795,JUD,PROSECUTOR,,,,,,JUD,,,COP,PRISON,,,,,,COP,,,1,020,020,02,1,3.0,22,11,22,-5.94427811576195,2,"New Jersey, United States",US,USNJ,40.314,-74.5089,NJ,3,"Washington, District of Columbia, United States",US,USDC,38.8951,-77.0364,531871,3,"Washington, District of Columbia, United States",US,USDC,38.8951,-77.0364,531871,20250129,https://www.nsnews.com/world-news/judge-set-to-sentence-former-sen-bob-menendez-who-was-convicted-of-taking-bribes-of-cash-and-gold-10149407
1223498621,20250129,202501,2025,2025.0795,JUD,PROSECUTOR,,,,,,JUD,,,COP,PRISON,,,,,,COP,,,1,020,020,02,1,3.0,32,16,32,-6.56101409342498,2,"New Jersey, United States",US,USNJ,40.314,-74.5089,NJ,3,"Washington, District of Columbia, United States",US,USDC,38.8951,-77.0364,531871,2,"New Jersey, United States",US,USNJ,40.314,-74.5089,NJ,20250129,https://www.nsnews.com/world-news/judge-set-to-sentence-former-sen-bob-menendez-who-was-convicted-of-taking-bribes-of-cash-and-gold-10149407
1223498622,20250129,202501,2025,2025.0795,JUD,PROSECUTOR,,,,,,JUD,,,COP,PRISON,,,,,,COP,,,1,020,020,02,1,3.0,143,18,107,-6.71956300160528,2,"New Jersey, United States",US,USNJ,40.314,-74.5089,NJ,2,"New Jersey, United States",US,USNJ,40.314,-74.5089,NJ,2,"New Jersey, United States",US,USNJ,40.314,-74.5089,NJ,20250129,https://www.nsnews.com/world-news/judge-set-to-sentence-former-sen-bob-menendez-who-was-convicted-of-taking-bribes-of-cash-and-gold-10149407
1223498644,20250129,202501,2025,2025.0795,JUD,JUDGE,,,,,,JUD,,,LEG,SENATOR,,,,,,LEG,,,1,173,173,17,4,-5.0,6,6,6,-6.10548670506779,3,"Union City, New Jersey, United States",US,USNJ,40.7795,-74.0238,881349,2,"Florida, United States",US,USFL,27.8333,-81.717,FL,2,"Florida, United States",US,USFL,27.8333,-81.717,FL,20250129,https://www.nsnews.com/world-news/judge-set-to-sentence-former-sen-bob-menendez-who-was-convicted-of-taking-bribes-of-cash-and-gold-10149407
1223498645,20250129,202501,2025,2025.0795,JUD,JUDGE,,,,,,JUD,,,LEG,SENATOR,,,,,,LEG,,,1,173,173,17,4,-5.0,59,12,59,-6.05630798271112,2,"Florida, United States",US,USFL,27.8333,-81.717,FL,2,"Florida, United States",US,USFL,27.8333,-81.717,FL,2,"Florida, United States",US,USFL,27.8333,-81.717,FL,20250129,https://www.nsnews.com/world-news/judge-set-to-sentence-former-sen-bob-menendez-who-was-convicted-of-taking-bribes-of-cash-and-gold-10149407
1223498683,20250129,202501,2025,2025.0795,JUD,PROSECUTOR,,,,,,JUD,,,USAJUD,UNITED STATES,USA,,,,,JUD,,,1,020,020,02,1,3.0,22,11,22,-5.94427811576195,2,"New Jersey, United States",US,USNJ,40.314,-74.5089,NJ,3,"Washington, District of Columbia, United States",US,USDC,38.8951,-77.0364,531871,2,"New Jersey, United States",US,USNJ,40.314,-74.5089,NJ,20250129,https://www.nsnews.com/world-news/judge-set-to-sentence-former-sen-bob-menendez-who-was-convicted-of-taking-bribes-of-cash-and-gold-10149407
1223498718,20250129,202501,2025,2025.0795,LEG,SENATOR,,,,,,LEG,,,,,,,,,,,,,0,173,173,17,4,-5.0,20,10,20,-6.05701035893737,3,"Washington, District of Columbia, United States",US,USDC,38.8951,-77.0364,531871,0,,,,,,,3,"Union City, New Jersey, United States",US,USNJ,40.7795,-74.0238,881349,20250129,https://www.nsnews.com/world-news/judge-set-to-sentence-former-sen-bob-menendez-who-was-convicted-of-taking-bribes-of-cash-and-gold-10149407
1223503719,20250129,202501,2025,2025.0795,JUD,PROSECUTOR,,,,,,JUD,,,,,,,,,,,,,0,112,112,11,3,-2.0,172,86,172,-4.29362068003733,3,"Union City, New Jersey, United States",US,USNJ,40.7795,-74.0238,881349,0,,,,,,,3,"Union City, New Jersey, United States",US,USNJ,40.7795,-74.0238,881349,20250129,https://www.brandonsun.com/world/2025/01/29/judge-set-to-sentence-former-sen-bob-menendez-who-was-convicted-of-taking-bribes-of-cash-and-gold
1223503731,20250129,202501,2025,2025.0795,JUD,JUDGE,,,,,,JUD,,,LEG,SENATOR,,,,,,LEG,,,1,173,173,17,4,-5.0,8,1,8,-6.01427115188583,2,"New York, United States",US,USNY,42.1497,-74.9384,NY,2,"New Jersey, United States",US,USNJ,40.314,-74.5089,NJ,2,"New Jersey, United States",US,USNJ,40.314,-74.5089,NJ,20250129,https://www.brandonsun.com/world/2025/01/29/judge-set-to-sentence-former-sen-bob-menendez-who-was-convicted-of-taking-bribes-of-cash-and-gold
1223503747,20250129,202501,2025,2025.0795,JUD,JUDGE,,,,,,JUD,,,USA,UNITED STATES,USA,,,,,,,,1,173,173,17,4,-5.0,2,1,2,-6.01427115188583,3,"Union City, New Jersey, United States",US,USNJ,40.7795,-74.0238,881349,3,"Union City, New Jersey, United States",US,USNJ,40.7795,-74.0238,881349,3,"Union City, New Jersey, United States",US,USNJ,40.7795,-74.0238,881349,20250129,https://www.brandonsun.com/world/2025/01/29/judge-set-to-sentence-former-sen-bob-menendez-who-was-convicted-of-taking-bribes-of-cash-and-gold
1223503769,20250129,202501,2025,2025.0795,LEG,SENATOR,,,,,,LEG,,,,,,,,,,,,,0,173,173,17,4,-5.0,37,8,25,-5.70627939784845,2,"New York, United States",US,USNY,42.1497,-74.9384,NY,0,,,,,,,2,"New York, United States",US,USNY,42.1497,-74.9384,NY,20250129,https://www.brandonsun.com/world/2025/01/29/judge-set-to-sentence-former-sen-bob-menendez-who-was-convicted-of-taking-bribes-of-cash-and-gold
1223503859,20250129,202501,2025,2025.0795,MNCESP,BANCO SANTANDER,ESP,,,,,MNC,,,,,,,,,,,,,1,071,071,07,2,7.4,5,1,5,6.97211155378486,0,,,,,,,0,,,,,,,0,,,,,,,20250129,https://theenterpriseleader.com/2025/01/29/allen-capital-group-llc-decreases-stake-in-spdr-gold-shares-nysearcagld.html
1223504283,20250129,202501,2025,2025.0795,USA,NEW YORK,USA,,,,,,,,JUD,FEDERAL COURT,,,,,,JUD,,,1,043,043,04,1,2.8,133,21,133,-4.4474885961599,2,"New York, United States",US,USNY,42.1497,-74.9384,NY,2,"New York, United States",US,USNY,42.1497,-74.9384,NY,2,"New York, United States",US,USNY,42.1497,-74.9384,NY,20250129,https://www.brandonsun.com/world/2025/01/29/judge-set-to-sentence-former-sen-bob-menendez-who-was-convicted-of-taking-bribes-of-cash-and-gold
1223507073,20250129,202501,2025,2025.0795,JUD,JUDGE,,,,,,JUD,,,LEG,SENATOR,,,,,,LEG,,,1,173,173,17,4,-5.0,6,1,6,-4.8169556840077,4,"Cairo, Al Qahirah, Egypt",EG,EG11,30.05,31.25,-290692,4,"Cairo, Al Qahirah, Egypt",EG,EG11,30.05,31.25,-290692,4,"Cairo, Al Qahirah, Egypt",EG,EG11,30.05,31.25,-290692,20250129,https://www.semissourian.com/world/judge-set-to-sentence-former-sen-bob-menendez-who-was-convicted-of-taking-bribes-of-cash-and-gold-fc8720f8
1223507074,20250129,202501,2025,2025.0795,JUD,JUDGE,,,,,,JUD,,,LEG,SENATOR,,,,,,LEG,,,1,173,173,17,4,-5.0,4,1,4,-4.8169556840077,3,"Washington, District of Columbia, United States",US,USDC,38.8951,-77.0364,531871,4,"Cairo, Al Qahirah, Egypt",EG,EG11,30.05,31.25,-290692,4,"Cairo, Al Qahirah, Egypt",EG,EG11,30.05,31.25,-290692,20250129,https://www.semissourian.com/world/judge-set-to-sentence-former-sen-bob-menendez-who-was-convicted-of-taking-bribes-of-cash-and-gold-fc8720f8
1223507427,20250129,202501,2025,2025.0795,USA,UNITED STATES,USA,,,,,,,,,,,,,,,,,,1,010,010,01,1,0.0,2,1,2,6.2200956937799,1,Central African Republic,CT,CT,7,21,CT,0,,,,,,,1,Central African Republic,CT,CT,7,21,CT,20250129,https://gulfnews.com/uae/central-african-republic-joins-hands-with-sml-gold-to-trial-gift-1.500024936
1223507911,20250129,202501,2025,2025.0795,,,,,,,,,,,IND,DELHI,IND,,,,,,,,0,0841,084,08,2,7.0,6,1,6,-1.70454545454545,0,,,,,,,4,"Delhi, Delhi, India",IN,IN07,28.6667,77.2167,-2094230,4,"Delhi, Delhi, India",IN,IN07,28.6667,77.2167,-2094230,20250129,https://www.mid-day.com/news/india-news/article/delhi-assembly-elections-2025-kejriwal-will-win-gold-medal-in-olympics-for-corruption-says-maharashtra-cm-fadnavis-in-poll-rally-23474490
1223508100,20250129,202501,2025,2025.0795,BUSGOV,COMPANY,,,,,,BUS,GOV,,MED,JOURNALIST,,,,,,MED,,,1,013,013,01,1,0.4,2,1,2,4.05405405405405,1,Ecuador,EC,EC,-2,-77.5,EC,1,Canada,CA,CA,60,-96,CA,1,Canada,CA,CA,60,-96,CA,20250129,https://www.mining.com/web/lundin-gold-expects-ecuador-mine-to-produce-475000-525000-oz-through-2027/
1223508101,20250129,202501,2025,2025.0795,BUSGOV,COMPANY,,,,,,BUS,GOV,,MED,JOURNALIST,,,,,,MED,,,1,013,013,01,1,0.4,1,1,1,4.05405405405405,1,Ecuador,EC,EC,-2,-77.5,EC,1,Canada,CA,CA,60,-96,CA,1,Ecuador,EC,EC,-2,-77.5,EC,20250129,https://www.mining.com/web/lundin-gold-expects-ecuador-mine-to-produce-475000-525000-oz-through-2027/
1223508276,20250129,202501,2025,2025.0795,ECU,ECUADOR,ECU,,,,,,,,MED,JOURNALIST,,,,,,MED,,,1,013,013,01,1,0.4,2,1,2,4.05405405405405,1,Ecuador,EC,EC,-2,-77.5,EC,1,Ecuador,EC,EC,-2,-77.5,EC,1,Ecuador,EC,EC,-2,-77.5,EC,20250129,https://www.mining.com/web/lundin-gold-expects-ecuador-mine-to-produce-475000-525000-oz-through-2027/
1223508277,20250129,202501,2025,2025.0795,ECUGOV,ECUADOR,ECU,,,,,GOV,,,MED,JOURNALIST,,,,,,MED,,,1,013,013,01,1,0.4,1,1,1,4.05405405405405,1,Ecuador,EC,EC,-2,-77.5,EC,1,Ecuador,EC,EC,-2,-77.5,EC,1,Ecuador,EC,EC,-2,-77.5,EC,20250129,https://www.mining.com/web/lundin-gold-expects-ecuador-mine-to-produce-475000-525000-oz-through-2027/
1223510957,20240130,202401,2024,2024.0822,,,,,,,,,,,EGY,EGYPT,EGY,,,,,,,,0,173,173,17,4,-5.0,46,12,46,-4.16772743499582,0,,,,,,,4,"Cairo, Al Qahirah, Egypt",EG,EG11,30.05,31.25,-290692,4,"Cairo, Al Qahirah, Egypt",EG,EG11,30.05,31.25,-290692,20250129,https://panow.com/2025/01/29/judge-set-to-sentence-former-sen-bob-menendez-who-was-convicted-of-taking-bribes-of-cash-and-gold/
1223510958,20240130,202401,2024,2024.0822,,,,,,,,,,,EGY,EGYPT,EGY,,,,,,,,0,173,173,17,4,-5.0,1,1,1,-6.11510791366906,0,,,,,,,1,Canada,CA,CA,60,-96,CA,1,Canada,CA,CA,60,-96,CA,20250129,https://panow.com/2025/01/29/judge-set-to-sentence-former-sen-bob-menendez-who-was-convicted-of-taking-bribes-of-cash-and-gold/
1223510959,20240130,202401,2024,2024.0822,,,,,,,,,,,EGY,EGYPT,EGY,,,,,,,,0,173,173,17,4,-5.0,1,1,1,-6.11510791366906,0,,,,,,,2,"New Jersey, United States",US,USNJ,40.314,-74.5089,NJ,2,"New Jersey, United States",US,USNJ,40.314,-74.5089,NJ,20250129,https://panow.com/2025/01/29/judge-set-to-sentence-former-sen-bob-menendez-who-was-convicted-of-taking-bribes-of-cash-and-gold/
1223510960,20240130,202401,2024,2024.0822,,,,,,,,,,,EGY,EGYPT,EGY,,,,,,,,0,190,190,19,4,-10.0,66,9,66,-4.17560572784497,0,,,,,,,4,"Cairo, Al Qahirah, Egypt",EG,EG11,30.05,31.25,-290692,4,"Cairo, Al Qahirah, Egypt",EG,EG11,30.05,31.25,-290692,20250129,https://panow.com/2025/01/29/judge-set-to-sentence-former-sen-bob-menendez-who-was-convicted-of-taking-bribes-of-cash-and-gold/
1223510961,20240130,202401,2024,2024.0822,,,,,,,,,,,EGY,EGYPT,EGY,,,,,,,,0,190,190,19,4,-10.0,2,1,2,-6.11510791366906,0,,,,,,,4,"Cairo, Al Qahirah, Egypt",EG,EG11,30.05,31.25,-290692,2,"New Jersey, United States",US,USNJ,40.314,-74.5089,NJ,20250129,https://panow.com/2025/01/29/judge-set-to-sentence-former-sen-bob-menendez-who-was-convicted-of-taking-bribes-of-cash-and-gold/
1223510966,20240130,202401,2024,2024.0822,EGY,EGYPT,EGY,,,,,,,,,,,,,,,,,,0,190,190,19,4,-10.0,2,1,2,-6.11510791366906,4,"Cairo, Al Qahirah, Egypt",EG,EG11,30.05,31.25,-290692,0,,,,,,,4,"Cairo, Al Qahirah, Egypt",EG,EG11,30.05,31.25,-290692,20250129,https://panow.com/2025/01/29/judge-set-to-sentence-former-sen-bob-menendez-who-was-convicted-of-taking-bribes-of-cash-and-gold/
1223510967,20240130,202401,2024,2024.0822,EGY,EGYPT,EGY,,,,,,,,,,,,,,,,,,0,190,190,19,4,-10.0,2,1,2,-6.11510791366906,4,"Cairo, Al Qahirah, Egypt",EG,EG11,30.05,31.25,-290692,0,,,,,,,2,"New Jersey, United States",US,USNJ,40.314,-74.5089,NJ,20250129,https://panow.com/2025/01/29/judge-set-to-sentence-former-sen-bob-menendez-who-was-convicted-of-taking-bribes-of-cash-and-gold/
1223511167,20250129,202501,2025,2025.0795,BEL,BELGIUM,BEL,,,,,,,,ROU,ROMANIA,,,,,,,,,1,173,173,17,4,-5.0,14,7,14,-2.48432400143428,4,"Cotofenesti, Romania (general), Romania",RO,RO00,46.15,26.9833,-1156981,4,"Cotofenesti, Romania (general), Romania",RO,RO00,46.15,26.9833,-1156981,1,Netherlands,NL,NL,52.5,5.75,NL,20250129,https://abcnews.go.com/International/wireStory/dutch-police-arrest-suspects-after-theft-priceless-golden-118232481
1223511168,20250129,202501,2025,2025.0795,BEL,BRUSSELS,BEL,,,,,,,,ROU,ROMANIA,,,,,,,,,1,173,173,17,4,-5.0,66,8,66,-2.29816161070773,4,"Brussels, Bruxelles-Capitale, Belgium",BE,BE11,50.8333,4.33333,-1955538,4,"Cotofenesti, Romania (general), Romania",RO,RO00,46.15,26.9833,-1156981,1,Netherlands,NL,NL,52.5,5.75,NL,20250129,https://abcnews.go.com/International/wireStory/dutch-police-arrest-suspects-after-theft-priceless-golden-118232481
1223511814,20250129,202501,2025,2025.0795,JUD,JUDGE,,,,,,JUD,,,,,,,,,,,,,1,173,173,17,4,-5.0,3,1,3,-6.11510791366906,1,Canada,CA,CA,60,-96,CA,0,,,,,,,1,Canada,CA,CA,60,-96,CA,20250129,https://panow.com/2025/01/29/judge-set-to-sentence-former-sen-bob-menendez-who-was-convicted-of-taking-bribes-of-cash-and-gold/
1223511823,20250129,202501,2025,2025.0795,JUD,LAWYER,,,,,,JUD,,,EGY,EGYPT,EGY,,,,,,,,0,010,010,01,1,0.0,2,1,2,-6.11510791366906,2,"New Jersey, United States",US,USNJ,40.314,-74.5089,NJ,4,"Cairo, Al Qahirah, Egypt",EG,EG11,30.05,31.25,-290692,4,"Cairo, Al Qahirah, Egypt",EG,EG11,30.05,31.25,-290692,20250129,https://panow.com/2025/01/29/judge-set-to-sentence-former-sen-bob-menendez-who-was-convicted-of-taking-bribes-of-cash-and-gold/
1223511824,20250129,202501,2025,2025.0795,JUD,JUDGE,,,,,,JUD,,,EGY,EGYPT,EGY,,,,,,,,1,173,173,17,4,-5.0,1,1,1,-6.11510791366906,1,Canada,CA,CA,60,-96,CA,1,Canada,CA,CA,60,-96,CA,1,Canada,CA,CA,60,-96,CA,20250129,https://panow.com/2025/01/29/judge-set-to-sentence-former-sen-bob-menendez-who-was-convicted-of-taking-bribes-of-cash-and-gold/
1223511825,20250129,202501,2025,2025.0795,JUD,JUDGE,,,,,,JUD,,,EGY,EGYPT,EGY,,,,,,,,1,173,173,17,4,-5.0,1,1,1,-6.11510791366906,2,"New Jersey, United States",US,USNJ,40.314,-74.5089,NJ,2,"New Jersey, United States",US,USNJ,40.314,-74.5089,NJ,2,"New Jersey, United States",US,USNJ,40.314,-74.5089,NJ,20250129,https://panow.com/2025/01/29/judge-set-to-sentence-former-sen-bob-menendez-who-was-convicted-of-taking-bribes-of-cash-and-gold/
1223512050,20250129,202501,2025,2025.0795,NLD,DUTCH,NLD,,,,,,,,NLDCOP,NETHERLANDS,NLD,,,,,COP,,,1,090,090,09,2,-2.0,32,8,32,-2.29816161070773,1,Netherlands,NL,NL,52.5,5.75,NL,1,Netherlands,NL,NL,52.5,5.75,NL,1,Netherlands,NL,NL,52.5,5.75,NL,20250129,https://abcnews.go.com/International/wireStory/dutch-police-arrest-suspects-after-theft-priceless-golden-118232481
1223512051,20250129,202501,2025,2025.0795,NLD,DUTCH,NLD,,,,,,,,ROU,ROMANIA,,,,,,,,,1,173,173,17,4,-5.0,32,8,32,-2.408158501255,4,"Dacia, Romania (general), Romania",RO,RO00,47.7333,22.7167,-1157628,4,"Dacia, Romania (general), Romania",RO,RO00,47.7333,22.7167,-1157628,4,"Dacia, Romania (general), Romania",RO,RO00,47.7333,22.7167,-1157628,20250129,https://abcnews.go.com/International/wireStory/dutch-police-arrest-suspects-after-theft-priceless-golden-118232481
1223512056,20250129,202501,2025,2025.0795,NLDCOP,DUTCH,NLD,,,,,COP,,,,,,,,,,,,,1,090,090,09,2,-2.0,48,8,48,-2.29816161070773,1,Netherlands,NL,NL,52.5,5.75,NL,0,,,,,,,1,Netherlands,NL,NL,52.5,5.75,NL,20250129,https://abcnews.go.com/International/wireStory/dutch-police-arrest-suspects-after-theft-priceless-golden-118232481
1223512057,20250129,202501,2025,2025.0795,NLDCOP,DUTCH,NLD,,,,,COP,,,ROU,ROMANIA,,,,,,,,,1,173,173,17,4,-5.0,48,8,48,-2.408158501255,4,"Dacia, Romania (general), Romania",RO,RO00,47.7333,22.7167,-1157628,4,"Dacia, Romania (general), Romania",RO,RO00,47.7333,22.7167,-1157628,4,"Dacia, Romania (general), Romania",RO,RO00,47.7333,22.7167,-1157628,20250129,https://abcnews.go.com/International/wireStory/dutch-police-arrest-suspects-after-theft-priceless-golden-118232481
1223512129,20250129,202501,2025,2025.0795,ROUGOV,ROMANIA,,,,,,GOV,,,ROU,ROMANIA,,,,,,,,,1,070,070,07,2,7.0,16,8,16,-2.29816161070773,4,"Cotofenesti, Romania (general), Romania",RO,RO00,46.15,26.9833,-1156981,4,"Cotofenesti, Romania (general), Romania",RO,RO00,46.15,26.9833,-1156981,4,"Cotofenesti, Romania (general), Romania",RO,RO00,46.15,26.9833,-1156981,20250129,https://abcnews.go.com/International/wireStory/dutch-police-arrest-suspects-after-theft-priceless-golden-118232481
1223514511,20250129,202501,2025,2025.0795,JUD,ATTORNEY,,,,,,JUD,,,,,,,,,,,,,0,051,051,05,1,3.4,10,1,10,5.91016548463357,1,Georgia,GG,GG,41.999981,43.499905,GG,0,,,,,,,1,Georgia,GG,GG,41.999981,43.499905,GG,20250129,https://www.covnews.com/opinion/strickland-one-week-under-gold-dome/
1223517306,20250129,202501,2025,2025.0795,JUD,LAWYER,,,,,,JUD,,,,,,,,,,,,,1,173,173,17,4,-5.0,26,3,26,-7.49163194963125,2,"New Jersey, United States",US,USNJ,40.314,-74.5089,NJ,0,,,,,,,2,"New Jersey, United States",US,USNJ,40.314,-74.5089,NJ,20250129,https://www.startribune.com/judge-set-to-sentence-former-sen-bob-menendez-who-was-convicted-of-taking-bribes-of-cash-and-gold/601213270
1223517665,20250129,202501,2025,2025.0795,USA,UNITED STATES,USA,,,,,,,,,,,,,,,,,,0,080,080,08,2,5.0,2,1,2,2.05533596837944,3,"Albuquerque, New Mexico, United States",US,USNM,35.0845,-106.651,928679,0,,,,,,,3,"Albuquerque, New Mexico, United States",US,USNM,35.0845,-106.651,928679,20250129,https://www.sandiegoreader.com/news/2025/jan/29/golden-dreams-albuquerque-adopts-free-bus-policy/
1223517675,20250129,202501,2025,2025.0795,USA,UNITED STATES,USA,,,,,,,,,,,,,,,,,,0,120,120,12,3,-4.0,2,1,2,2.05533596837944,3,"Albuquerque, New Mexico, United States",US,USNM,35.0845,-106.651,928679,0,,,,,,,3,"Albuquerque, New Mexico, United States",US,USNM,35.0845,-106.651,928679,20250129,https://www.sandiegoreader.com/news/2025/jan/29/golden-dreams-albuquerque-adopts-free-bus-policy/
1223517770,20250129,202501,2025,2025.0795,USA,UNITED STATES,USA,,,,,,,,JUD,JUDGE,,,,,,JUD,,,1,013,013,01,1,0.4,1,1,1,-6.10766045548654,3,"Union City, New Jersey, United States",US,USNJ,40.7795,-74.0238,881349,2,"New Jersey, United States",US,USNJ,40.314,-74.5089,NJ,2,"New Jersey, United States",US,USNJ,40.314,-74.5089,NJ,20250129,https://www.richmond-news.com/world-news/judge-set-to-sentence-former-sen-bob-menendez-who-was-convicted-of-taking-bribes-of-cash-and-gold-10149407
1223517862,20250129,202501,2025,2025.0795,USAJUD,UNITED STATES,USA,,,,,JUD,,,,,,,,,,,,,1,173,173,17,4,-5.0,4,1,4,-3.64238410596026,2,"New Jersey, United States",US,USNJ,40.314,-74.5089,NJ,0,,,,,,,2,"New Jersey, United States",US,USNJ,40.314,-74.5089,NJ,20250129,https://www.startribune.com/judge-set-to-sentence-former-sen-bob-menendez-who-was-convicted-of-taking-bribes-of-cash-and-gold/601213270
1223520084,20250129,202501,2025,2025.0795,USAJUD,UNITED STATES,USA,,,,,JUD,,,,,,,,,,,,,1,173,173,17,4,-5.0,4,2,4,-5.51257253384913,3,"Union City, New Jersey, United States",US,USNJ,40.7795,-74.0238,881349,0,,,,,,,2,"New Jersey, United States",US,USNJ,40.314,-74.5089,NJ,20250129,https://www.prpeak.com/world-news/bob-menendezs-lawyer-asks-for-leniency-for-former-senator-convicted-for-gold-and-cash-bribes-10149407
1223520085,20250129,202501,2025,2025.0795,USAJUD,UNITED STATES,USA,,,,,JUD,,,,,,,,,,,,,1,173,173,17,4,-5.0,4,2,4,-5.51257253384913,2,"Florida, United States",US,USFL,27.8333,-81.717,FL,0,,,,,,,2,"Florida, United States",US,USFL,27.8333,-81.717,FL,20250129,https://www.prpeak.com/world-news/bob-menendezs-lawyer-asks-for-leniency-for-former-senator-convicted-for-gold-and-cash-bribes-10149407
1223522119,20250129,202501,2025,2025.0795,JUD,ATTORNEY,,,,,,JUD,,,USA,UNITED STATES,USA,,,,,,,,1,010,010,01,1,0.0,14,7,14,-5.09372895885336,3,"Union City, New Jersey, United States",US,USNJ,40.7795,-74.0238,881349,3,"Union City, New Jersey, United States",US,USNJ,40.7795,-74.0238,881349,3,"Union City, New Jersey, United States",US,USNJ,40.7795,-74.0238,881349,20250129,https://www.wfmz.com/news/ap/ap-national/tearful-bob-menendez-asks-for-leniency-for-his-conviction-in-scheme-featuring-gold-and-cash/article_a7ddac96-50cd-5603-a53a-e1f2f522f5d8.html
1223523722,20250129,202501,2025,2025.0795,,,,,,,,,,,LEG,PARLIAMENT,,,,,,LEG,,,1,036,036,03,1,4.0,10,1,10,-2.34248788368336,0,,,,,,,5,"Gauteng, Gauteng, South Africa",SF,SF06,-26.0833,28.25,204226,5,"Gauteng, Gauteng, South Africa",SF,SF06,-26.0833,28.25,204226,20250129,https://www.dailymaverick.co.za/article/2025-01-29-ancs-punishment-for-members-behaving-badly-a-golden-ticket-to-parliament/
1223523724,20250129,202501,2025,2025.0795,,,,,,,,,,,LEG,SENATOR,,,,,,LEG,,,0,040,040,04,1,1.0,3,1,3,-3.02534750613246,0,,,,,,,1,Lebanon,LE,LE,33.833333,35.833333,LE,1,Lebanon,LE,LE,33.833333,35.833333,LE,20250129,https://nypost.com/2025/01/29/us-news/disgraced-ex-nj-sen-bob-menendez-cries-as-he-begs-for-leniency-but-gets-11-years-in-prison-for-gold-bar-bribery-scheme/
1223523729,20250129,202501,2025,2025.0795,,,,,,,,,,,LEG,SENATOR,,,,,,LEG,,,0,173,173,17,4,-5.0,8,1,8,-3.02534750613246,0,,,,,,,1,Cuba,CU,CU,22,-79.5,CU,2,"New Jersey, United States",US,USNJ,40.314,-74.5089,NJ,20250129,https://nypost.com/2025/01/29/us-news/disgraced-ex-nj-sen-bob-menendez-cries-as-he-begs-for-leniency-but-gets-11-years-in-prison-for-gold-bar-bribery-scheme/
1223523790,20250129,202501,2025,2025.0795,AFR,AFRICA,AFR,,,,,,,,GOV,MAYOR,,,,,,GOV,,,1,113,113,11,3,-2.0,4,1,4,-2.34248788368336,5,"Gauteng, Gauteng, South Africa",SF,SF06,-26.0833,28.25,204226,5,"Gauteng, Gauteng, South Africa",SF,SF06,-26.0833,28.25,204226,5,"Gauteng, Gauteng, South Africa",SF,SF06,-26.0833,28.25,204226,20250129,https://www.dailymaverick.co.za/article/2025-01-29-ancs-punishment-for-members-behaving-badly-a-golden-ticket-to-parliament/
1223523942,20250129,202501,2025,2025.0795,COP,PRISON,,,,,,COP,,,JUD,JUDGE,,,,,,JUD,,,0,020,020,02,1,3.0,3,1,3,-3.02534750613246,1,Cuba,CU,CU,22,-79.5,CU,1,Cuba,CU,CU,22,-79.5,CU,1,Cuba,CU,CU,22,-79.5,CU,20250129,https://nypost.com/2025/01/29/us-news/disgraced-ex-nj-sen-bob-menendez-cries-as-he-begs-for-leniency-but-gets-11-years-in-prison-for-gold-bar-bribery-scheme/
1223523943,20250129,202501,2025,2025.0795,COP,PRISON,,,,,,COP,,,JUD,JUDGE,,,,,,JUD,,,0,020,020,02,1,3.0,3,1,3,-3.02534750613246,1,Lebanon,LE,LE,33.833333,35.833333,LE,1,Lebanon,LE,LE,33.833333,35.833333,LE,1,Lebanon,LE,LE,33.833333,35.833333,LE,20250129,https://nypost.com/2025/01/29/us-news/disgraced-ex-nj-sen-bob-menendez-cries-as-he-begs-for-leniency-but-gets-11-years-in-prison-for-gold-bar-bribery-scheme/
1223524068,20250129,202501,2025,2025.0795,EGY,EGYPT,EGY,,,,,,,,,,,,,,,,,,1,173,173,17,4,-5.0,2,1,2,-4.54959053685168,3,"Union City, New Jersey, United States",US,USNJ,40.7795,-74.0238,881349,0,,,,,,,3,"Union City, New Jersey, United States",US,USNJ,40.7795,-74.0238,881349,20250129,https://gazette.com/ap/national/tearful-bob-menendez-asks-for-leniency-for-his-conviction-in-scheme-featuring-gold-and-cash/article_b36368d9-e5f7-552b-a4bf-810cf5b36145.html
1223524069,20250129,202501,2025,2025.0795,EGY,EGYPT,EGY,,,,,,,,,,,,,,,,,,1,173,173,17,4,-5.0,2,1,2,-4.54959053685168,2,"Florida, United States",US,USFL,27.8333,-81.717,FL,0,,,,,,,2,"Florida, United States",US,USFL,27.8333,-81.717,FL,20250129,https://gazette.com/ap/national/tearful-bob-menendez-asks-for-leniency-for-his-conviction-in-scheme-featuring-gold-and-cash/article_b36368d9-e5f7-552b-a4bf-810cf5b36145.html
1223524074,20250129,202501,2025,2025.0795,EGY,EGYPT,EGY,,,,,,,,LEG,SENATOR,,,,,,LEG,,,1,173,173,17,4,-5.0,6,2,6,-5.16506670016952,1,Egypt,EG,EG,27,30,EG,1,Egypt,EG,EG,27,30,EG,1,Egypt,EG,EG,27,30,EG,20250129,https://nypost.com/2025/01/29/us-news/disgraced-ex-nj-sen-bob-menendez-cries-as-he-begs-for-leniency-but-gets-11-years-in-prison-for-gold-bar-bribery-scheme/
1223524109,20250129,202501,2025,2025.0795,FRA,FRANCE,FRA,,,,,,,,USA,UNITED STATES,USA,,,,,,,,0,040,040,04,1,1.0,2,1,2,-3.02534750613246,1,France,FR,FR,46,2,FR,2,"New Jersey, United States",US,USNJ,40.314,-74.5089,NJ,2,"New Jersey, United States",US,USNJ,40.314,-74.5089,NJ,20250129,https://nypost.com/2025/01/29/us-news/disgraced-ex-nj-sen-bob-menendez-cries-as-he-begs-for-leniency-but-gets-11-years-in-prison-for-gold-bar-bribery-scheme/
1223524168,20250129,202501,2025,2025.0795,GOV,PRESIDENT,,,,,,GOV,,,,,,,,,,,,,0,111,111,11,3,-2.0,6,1,6,-2.34248788368336,4,"West Rand, Gauteng, South Africa",SF,SF06,-26.1117,27.7485,-1300741,0,,,,,,,4,"West Rand, Gauteng, South Africa",SF,SF06,-26.1117,27.7485,-1300741,20250129,https://www.dailymaverick.co.za/article/2025-01-29-ancs-punishment-for-members-behaving-badly-a-golden-ticket-to-parliament/
1223524180,20250129,202501,2025,2025.0795,GOV,PRESIDENT,,,,,,GOV,,,AFR,AFRICA,AFR,,,,,,,,0,111,111,11,3,-2.0,4,1,4,-2.34248788368336,4,"West Rand, Gauteng, South Africa",SF,SF06,-26.1117,27.7485,-1300741,4,"West Rand, Gauteng, South Africa",SF,SF06,-26.1117,27.7485,-1300741,4,"West Rand, Gauteng, South Africa",SF,SF06,-26.1117,27.7485,-1300741,20250129,https://www.dailymaverick.co.za/article/2025-01-29-ancs-punishment-for-members-behaving-badly-a-golden-ticket-to-parliament/
1223524367,20250129,202501,2025,2025.0795,JUD,JUDGE,,,,,,JUD,,,,,,,,,,,,,0,120,120,12,3,-4.0,6,1,6,-6.21172353455818,2,"New Jersey, United States",US,USNJ,40.314,-74.5089,NJ,0,,,,,,,2,"New Jersey, United States",US,USNJ,40.314,-74.5089,NJ,20250129,https://pressofatlanticcity.com/news/state-regional/crime-courts/menendez-sentencing-gold-bar-bob/article_d92e3202-de7b-11ef-b951-a3d52dd4b6c2.html
1223524379,20250129,202501,2025,2025.0795,JUD,ATTORNEY,,,,,,JUD,,,USA,UNITED STATES,USA,,,,,,,,1,010,010,01,1,0.0,2,1,2,-6.21172353455818,3,"Union City, New Jersey, United States",US,USNJ,40.7795,-74.0238,881349,2,"New Jersey, United States",US,USNJ,40.314,-74.5089,NJ,3,"Union City, New Jersey, United States",US,USNJ,40.7795,-74.0238,881349,20250129,https://pressofatlanticcity.com/news/state-regional/crime-courts/menendez-sentencing-gold-bar-bob/article_d92e3202-de7b-11ef-b951-a3d52dd4b6c2.html
1223524384,20250129,202501,2025,2025.0795,JUD,JUDGE,,,,,,JUD,,,USA,UNITED STATES,USA,,,,,,,,1,173,173,17,4,-5.0,1,1,1,-4.54959053685168,4,"Cairo, Al Qahirah, Egypt",EG,EG11,30.05,31.25,-290692,2,"New Jersey, United States",US,USNJ,40.314,-74.5089,NJ,2,"New Jersey, United States",US,USNJ,40.314,-74.5089,NJ,20250129,https://gazette.com/ap/national/tearful-bob-menendez-asks-for-leniency-for-his-conviction-in-scheme-featuring-gold-and-cash/article_b36368d9-e5f7-552b-a4bf-810cf5b36145.html
1223524385,20250129,202501,2025,2025.0795,JUD,JUDGE,,,,,,JUD,,,USA,UNITED STATES,USA,,,,,,,,1,173,173,17,4,-5.0,1,1,1,-4.54959053685168,2,"New Jersey, United States",US,USNJ,40.314,-74.5089,NJ,2,"New Jersey, United States",US,USNJ,40.314,-74.5089,NJ,4,"Cairo, Al Qahirah, Egypt",EG,EG11,30.05,31.25,-290692,20250129,https://gazette.com/ap/national/tearful-bob-menendez-asks-for-leniency-for-his-conviction-in-scheme-featuring-gold-and-cash/article_b36368d9-e5f7-552b-a4bf-810cf5b36145.html
1223524403,20250129,202501,2025,2025.0795,LEG,PARLIAMENT,,,,,,LEG,,,,,,,,,,,,,1,036,036,03,1,4.0,10,1,10,-2.34248788368336,1,United Kingdom,UK,UK,54,-4,UK,0,,,,,,,1,United Kingdom,UK,UK,54,-4,UK,20250129,https://www.dailymaverick.co.za/article/2025-01-29-ancs-punishment-for-members-behaving-badly-a-golden-ticket-to-parliament/
1223524405,20250129,202501,2025,2025.0795,LEG,SENATOR,,,,,,LEG,,,,,,,,,,,,,0,040,040,04,1,1.0,3,1,3,-3.02534750613246,1,Lebanon,LE,LE,33.833333,35.833333,LE,0,,,,,,,1,Lebanon,LE,LE,33.833333,35.833333,LE,20250129,https://nypost.com/2025/01/29/us-news/disgraced-ex-nj-sen-bob-menendez-cries-as-he-begs-for-leniency-but-gets-11-years-in-prison-for-gold-bar-bribery-scheme/
1223524414,20250129,202501,2025,2025.0795,LEG,SENATOR,,,,,,LEG,,,,,,,,,,,,,1,173,173,17,4,-5.0,32,10,32,-3.62414895113502,4,"Cairo, Al Qahirah, Egypt",EG,EG11,30.05,31.25,-290692,0,,,,,,,4,"Cairo, Al Qahirah, Egypt",EG,EG11,30.05,31.25,-290692,20250129,https://gazette.com/ap/national/tearful-bob-menendez-asks-for-leniency-for-his-conviction-in-scheme-featuring-gold-and-cash/article_b36368d9-e5f7-552b-a4bf-810cf5b36145.html
1223524415,20250129,202501,2025,2025.0795,LEG,SENATOR,,,,,,LEG,,,,,,,,,,,,,1,173,173,17,4,-5.0,30,4,24,-5.79679028444687,1,Egypt,EG,EG,27,30,EG,0,,,,,,,1,Egypt,EG,EG,27,30,EG,20250129,https://nypost.com/2025/01/29/us-news/disgraced-ex-nj-sen-bob-menendez-cries-as-he-begs-for-leniency-but-gets-11-years-in-prison-for-gold-bar-bribery-scheme/
1223524435,20250129,202501,2025,2025.0795,LEGGOV,SENATE,,,,,,LEG,GOV,,,,,,,,,,,,1,110,110,11,3,-2.0,3,1,3,-3.02534750613246,1,Egypt,EG,EG,27,30,EG,0,,,,,,,1,Egypt,EG,EG,27,30,EG,20250129,https://nypost.com/2025/01/29/us-news/disgraced-ex-nj-sen-bob-menendez-cries-as-he-begs-for-leniency-but-gets-11-years-in-prison-for-gold-bar-bribery-scheme/
1223524517,20250129,202501,2025,2025.0795,NLD,DUTCH,NLD,,,,,,,,ROU,ROMANIA,,,,,,,,,1,173,173,17,4,-5.0,4,1,4,-0.99502487562189,4,"Cotofenesti, Romania (general), Romania",RO,RO00,46.15,26.9833,-1156981,4,"Cotofenesti, Romania (general), Romania",RO,RO00,46.15,26.9833,-1156981,4,"Cotofenesti, Romania (general), Romania",RO,RO00,46.15,26.9833,-1156981,20250129,https://www.durangoherald.com/articles/dutch-police-arrest-three-suspects-after-the-theft-of-a-priceless-golden-helmet-from-romania/
1223524518,20250129,202501,2025,2025.0795,NLD,DUTCH,NLD,,,,,,,,ROU,ROMANIA,,,,,,,,,1,173,173,17,4,-5.0,4,1,4,-2.85714285714285,1,Netherlands,NL,NL,52.5,5.75,NL,4,"Cotofenesti, Romania (general), Romania",RO,RO00,46.15,26.9833,-1156981,1,Netherlands,NL,NL,52.5,5.75,NL,20250129,https://www.mymotherlode.com/news/europe/3494503/dutch-police-arrest-three-suspects-after-the-theft-of-a-priceless-golden-helmet-from-romania.html
1223524524,20250129,202501,2025,2025.0795,NLDCOP,DUTCH,NLD,,,,,COP,,,ROU,ROMANIA,,,,,,,,,1,173,173,17,4,-5.0,6,1,6,-0.99502487562189,4,"Cotofenesti, Romania (general), Romania",RO,RO00,46.15,26.9833,-1156981,4,"Cotofenesti, Romania (general), Romania",RO,RO00,46.15,26.9833,-1156981,4,"Cotofenesti, Romania (general), Romania",RO,RO00,46.15,26.9833,-1156981,20250129,https://www.durangoherald.com/articles/dutch-police-arrest-three-suspects-after-the-theft-of-a-priceless-golden-helmet-from-romania/
1223524525,20250129,202501,2025,2025.0795,NLDCOP,NETHERLANDS,NLD,,,,,COP,,,ROU,ROMANIA,,,,,,,,,1,173,173,17,4,-5.0,2,1,2,-2.85714285714285,4,"Cotofenesti, Romania (general), Romania",RO,RO00,46.15,26.9833,-1156981,4,"Cotofenesti, Romania (general), Romania",RO,RO00,46.15,26.9833,-1156981,1,Netherlands,NL,NL,52.5,5.75,NL,20250129,https://www.mymotherlode.com/news/europe/3494503/dutch-police-arrest-three-suspects-after-the-theft-of-a-priceless-golden-helmet-from-romania.html
1223524526,20250129,202501,2025,2025.0795,NLDCOP,DUTCH,NLD,,,,,COP,,,ROU,ROMANIA,,,,,,,,,1,173,173,17,4,-5.0,4,1,4,-2.85714285714285,1,Netherlands,NL,NL,52.5,5.75,NL,4,"Cotofenesti, Romania (general), Romania",RO,RO00,46.15,26.9833,-1156981,1,Netherlands,NL,NL,52.5,5.75,NL,20250129,https://www.mymotherlode.com/news/europe/3494503/dutch-police-arrest-three-suspects-after-the-theft-of-a-priceless-golden-helmet-from-romania.html
1223524581,20250129,202501,2025,2025.0795,PTY,POLITICIAN,,,,,,,,,,,,,,,,,,,1,010,010,01,1,0.0,3,1,3,-3.02534750613246,1,Lebanon,LE,LE,33.833333,35.833333,LE,0,,,,,,,1,Lebanon,LE,LE,33.833333,35.833333,LE,20250129,https://nypost.com/2025/01/29/us-news/disgraced-ex-nj-sen-bob-menendez-cries-as-he-begs-for-leniency-but-gets-11-years-in-prison-for-gold-bar-bribery-scheme/
1223524587,20250129,202501,2025,2025.0795,PTY,POLITICIAN,,,,,,,,,USA,UNITED STATES,USA,,,,,,,,1,010,010,01,1,0.0,2,1,2,-3.02534750613246,1,Lebanon,LE,LE,33.833333,35.833333,LE,1,Lebanon,LE,LE,33.833333,35.833333,LE,1,Lebanon,LE,LE,33.833333,35.833333,LE,20250129,https://nypost.com/2025/01/29/us-news/disgraced-ex-nj-sen-bob-menendez-cries-as-he-begs-for-leniency-but-gets-11-years-in-prison-for-gold-bar-bribery-scheme/
1223524697,20250129,202501,2025,2025.0795,USA,UNITED STATES,USA,,,,,,,,,,,,,,,,,,1,010,010,01,1,0.0,8,1,8,5.24017467248909,3,"Gold Springs, Utah, United States",US,USUT,37.8986,-114.039,1428236,0,,,,,,,3,"Gold Springs, Utah, United States",US,USUT,37.8986,-114.039,1428236,20250129,https://www.themarketsdaily.com/2025/01/29/gold-springs-resource-tsegrc-trading-15-4-higher-time-to-buy.html
1223524712,20250129,202501,2025,2025.0795,USA,UNITED STATES,USA,,,,,,,,,,,,,,,,,,0,014,014,01,1,0.0,1,1,1,-3.02534750613246,2,"New Jersey, United States",US,USNJ,40.314,-74.5089,NJ,0,,,,,,,1,Albania,AL,AL,41,20,AL,20250129,https://nypost.com/2025/01/29/us-news/disgraced-ex-nj-sen-bob-menendez-cries-as-he-begs-for-leniency-but-gets-11-years-in-prison-for-gold-bar-bribery-scheme/
1223524713,20250129,202501,2025,2025.0795,USA,UNITED STATES,USA,,,,,,,,,,,,,,,,,,1,014,014,01,1,0.0,18,5,18,-4.19020472798566,2,"New Jersey, United States",US,USNJ,40.314,-74.5089,NJ,0,,,,,,,2,"New Jersey, United States",US,USNJ,40.314,-74.5089,NJ,20250129,https://nypost.com/2025/01/29/us-news/disgraced-ex-nj-sen-bob-menendez-cries-as-he-begs-for-leniency-but-gets-11-years-in-prison-for-gold-bar-bribery-scheme/
1223524777,20250129,202501,2025,2025.0795,USA,UNITED STATES,USA,,,,,,,,,,,,,,,,,,1,173,173,17,4,-5.0,1,1,1,-4.54959053685168,2,"New Jersey, United States",US,USNJ,40.314,-74.5089,NJ,0,,,,,,,4,"Cairo, Al Qahirah, Egypt",EG,EG11,30.05,31.25,-290692,20250129,https://gazette.com/ap/national/tearful-bob-menendez-asks-for-leniency-for-his-conviction-in-scheme-featuring-gold-and-cash/article_b36368d9-e5f7-552b-a4bf-810cf5b36145.html
1223524778,20250129,202501,2025,2025.0795,USA,UNITED STATES,USA,,,,,,,,,,,,,,,,,,0,173,173,17,4,-5.0,1,1,1,-3.02534750613246,2,"New Jersey, United States",US,USNJ,40.314,-74.5089,NJ,0,,,,,,,1,Lebanon,LE,LE,33.833333,35.833333,LE,20250129,https://nypost.com/2025/01/29/us-news/disgraced-ex-nj-sen-bob-menendez-cries-as-he-begs-for-leniency-but-gets-11-years-in-prison-for-gold-bar-bribery-scheme/
1223524839,20250129,202501,2025,2025.0795,USA,UNITED STATES,USA,,,,,,,,EGY,EGYPT,EGY,,,,,,,,0,061,061,06,2,6.4,9,2,9,-3.14310853567492,2,"New Jersey, United States",US,USNJ,40.314,-74.5089,NJ,1,Egypt,EG,EG,27,30,EG,1,Egypt,EG,EG,27,30,EG,20250129,https://nypost.com/2025/01/29/us-news/disgraced-ex-nj-sen-bob-menendez-cries-as-he-begs-for-leniency-but-gets-11-years-in-prison-for-gold-bar-bribery-scheme/
1223524843,20250129,202501,2025,2025.0795,USA,UNITED STATES,USA,,,,,,,,FRA,FRANCE,FRA,,,,,,,,0,040,040,04,1,1.0,2,1,2,-3.02534750613246,2,"New Jersey, United States",US,USNJ,40.314,-74.5089,NJ,1,France,FR,FR,46,2,FR,2,"New Jersey, United States",US,USNJ,40.314,-74.5089,NJ,20250129,https://nypost.com/2025/01/29/us-news/disgraced-ex-nj-sen-bob-menendez-cries-as-he-begs-for-leniency-but-gets-11-years-in-prison-for-gold-bar-bribery-scheme/
1223524863,20250129,202501,2025,2025.0795,USA,UNITED STATES,USA,,,,,,,,JUD,JUDGE,,,,,,JUD,,,0,013,013,01,1,0.4,2,1,2,-6.21172353455818,2,"New Jersey, United States",US,USNJ,40.314,-74.5089,NJ,2,"New York, United States",US,USNY,42.1497,-74.9384,NY,2,"New York, United States",US,USNY,42.1497,-74.9384,NY,20250129,https://pressofatlanticcity.com/news/state-regional/crime-courts/menendez-sentencing-gold-bar-bob/article_d92e3202-de7b-11ef-b951-a3d52dd4b6c2.html
1223524865,20250129,202501,2025,2025.0795,USA,UNITED STATES,USA,,,,,,,,JUD,JUDGE,,,,,,JUD,,,0,020,020,02,1,3.0,2,1,2,-3.02534750613246,2,"New Jersey, United States",US,USNJ,40.314,-74.5089,NJ,2,"New Jersey, United States",US,USNJ,40.314,-74.5089,NJ,1,Cuba,CU,CU,22,-79.5,CU,20250129,https://nypost.com/2025/01/29/us-news/disgraced-ex-nj-sen-bob-menendez-cries-as-he-begs-for-leniency-but-gets-11-years-in-prison-for-gold-bar-bribery-scheme/
1223524874,20250129,202501,2025,2025.0795,USA,UNITED STATES,USA,,,,,,,,LEGGOV,SENATE,,,,,,LEG,GOV,,1,110,110,11,3,-2.0,2,1,2,-3.02534750613246,2,"New Jersey, United States",US,USNJ,40.314,-74.5089,NJ,2,"New Jersey, United States",US,USNJ,40.314,-74.5089,NJ,2,"New Jersey, United States",US,USNJ,40.314,-74.5089,NJ,20250129,https://nypost.com/2025/01/29/us-news/disgraced-ex-nj-sen-bob-menendez-cries-as-he-begs-for-leniency-but-gets-11-years-in-prison-for-gold-bar-bribery-scheme/
1223524875,20250129,202501,2025,2025.0795,USA,UNITED STATES,USA,,,,,,,,LEGGOV,SENATE,,,,,,LEG,GOV,,0,173,173,17,4,-5.0,4,1,4,-6.21172353455818,2,"New York, United States",US,USNY,42.1497,-74.9384,NY,2,"New Jersey, United States",US,USNJ,40.314,-74.5089,NJ,2,"New York, United States",US,USNY,42.1497,-74.9384,NY,20250129,https://pressofatlanticcity.com/news/state-regional/crime-courts/menendez-sentencing-gold-bar-bob/article_d92e3202-de7b-11ef-b951-a3d52dd4b6c2.html
1223524876,20250129,202501,2025,2025.0795,USA,NEW YORK,USA,,,,,,,,LEGGOV,SENATE,,,,,,LEG,GOV,,0,173,173,17,4,-5.0,6,1,6,-6.21172353455818,2,"New York, United States",US,USNY,42.1497,-74.9384,NY,2,"New York, United States",US,USNY,42.1497,-74.9384,NY,2,"New York, United States",US,USNY,42.1497,-74.9384,NY,20250129,https://pressofatlanticcity.com/news/state-regional/crime-courts/menendez-sentencing-gold-bar-bob/article_d92e3202-de7b-11ef-b951-a3d52dd4b6c2.html
1223525001,20250129,202501,2025,2025.0795,ZAF,GAUTENG,ZAF,,,,,,,,GOV,MAYOR,,,,,,GOV,,,1,113,113,11,3,-2.0,6,1,6,-2.34248788368336,5,"Gauteng, Gauteng, South Africa",SF,SF06,-26.0833,28.25,204226,5,"Gauteng, Gauteng, South Africa",SF,SF06,-26.0833,28.25,204226,5,"Gauteng, Gauteng, South Africa",SF,SF06,-26.0833,28.25,204226,20250129,https://www.dailymaverick.co.za/article/2025-01-29-ancs-punishment-for-members-behaving-badly-a-golden-ticket-to-parliament/
1223525650,20250129,202501,2025,2025.0795,,,,,,,,,,,JUD,JUDGE,,,,,,JUD,,,0,020,020,02,1,3.0,6,2,6,-5.97387201625794,0,,,,,,,1,Jersey,JE,JE,49.216667,-2.116667,JE,1,Jersey,JE,JE,49.216667,-2.116667,JE,20250129,https://www.nydailynews.com/2025/01/29/tearful-former-new-jersey-sen-bob-menendez-sentenced-11-years-for-brazen-bribery-scheme-gold-bars/
1223525830,20250129,202501,2025,2025.0795,COP,PRISON,,,,,,COP,,,,,,,,,,,,,0,122,122,12,3,-4.0,16,2,16,-5.71107430729908,3,"Union City, New Jersey, United States",US,USNJ,40.7795,-74.0238,881349,0,,,,,,,3,"Union City, New Jersey, United States",US,USNJ,40.7795,-74.0238,881349,20250129,https://www.nydailynews.com/2025/01/29/tearful-former-new-jersey-sen-bob-menendez-sentenced-11-years-for-brazen-bribery-scheme-gold-bars/
1223525831,20250129,202501,2025,2025.0795,COP,PRISON,,,,,,COP,,,,,,,,,,,,,0,122,122,12,3,-4.0,4,2,4,-5.71107430729908,1,Cuba,CU,CU,22,-79.5,CU,0,,,,,,,1,Cuba,CU,CU,22,-79.5,CU,20250129,https://www.nydailynews.com/2025/01/29/tearful-former-new-jersey-sen-bob-menendez-sentenced-11-years-for-brazen-bribery-scheme-gold-bars/
1223526283,20250129,202501,2025,2025.0795,JUD,FEDERAL COURT,,,,,,JUD,,,USA,NEW YORK,USA,,,,,,,,0,042,042,04,1,1.9,6,1,6,-5.79010856453559,3,"Union City, New Jersey, United States",US,USNJ,40.7795,-74.0238,881349,3,"Union City, New Jersey, United States",US,USNJ,40.7795,-74.0238,881349,3,"Union City, New Jersey, United States",US,USNJ,40.7795,-74.0238,881349,20250129,https://www.nydailynews.com/2025/01/29/tearful-former-new-jersey-sen-bob-menendez-sentenced-11-years-for-brazen-bribery-scheme-gold-bars/
1223526284,20250129,202501,2025,2025.0795,JUD,FEDERAL COURT,,,,,,JUD,,,USA,NEW YORK,USA,,,,,,,,0,042,042,04,1,1.9,4,1,4,-5.79010856453559,3,"Manhattan, New York, United States",US,USNY,40.7834,-73.9662,971945,2,"New York, United States",US,USNY,42.1497,-74.9384,NY,3,"Manhattan, New York, United States",US,USNY,40.7834,-73.9662,971945,20250129,https://www.nydailynews.com/2025/01/29/tearful-former-new-jersey-sen-bob-menendez-sentenced-11-years-for-brazen-bribery-scheme-gold-bars/
1223526298,20250129,202501,2025,2025.0795,LEG,SENATE,,,,,,LEG,,,,,,,,,,,,,0,016,016,01,1,-2.0,162,1,162,-9.70494515840167,1,Qatar,QA,QA,25.5,51.25,QA,0,,,,,,,1,Qatar,QA,QA,25.5,51.25,QA,20250129,https://jetradio1400.iheart.com/content/2025-01-29-disgraced-senator-bob-menendez-sentenced-in-gold-bar-bribery-case/?pname=www.jetradio1400.com&sc=dnsredirect
1223526574,20250129,202501,2025,2025.0795,USA,JERSEY,USA,,,,,,,,,,,,,,,,,,1,173,173,17,4,-5.0,4,2,4,-5.71107430729908,1,Cuba,CU,CU,22,-79.5,CU,0,,,,,,,1,Cuba,CU,CU,22,-79.5,CU,20250129,https://www.nydailynews.com/2025/01/29/tearful-former-new-jersey-sen-bob-menendez-sentenced-11-years-for-brazen-bribery-scheme-gold-bars/
1223526610,20250129,202501,2025,2025.0795,USA,UNITED STATES,USA,,,,,,,,COP,PRISON,,,,,,COP,,,1,173,173,17,4,-5.0,108,1,108,-9.70494515840167,1,Qatar,QA,QA,25.5,51.25,QA,1,Qatar,QA,QA,25.5,51.25,QA,1,Qatar,QA,QA,25.5,51.25,QA,20250129,https://jetradio1400.iheart.com/content/2025-01-29-disgraced-senator-bob-menendez-sentenced-in-gold-bar-bribery-case/?pname=www.jetradio1400.com&sc=dnsredirect
1223526671,20250129,202501,2025,2025.0795,USA,NEW YORK,USA,,,,,,,,JUD,FEDERAL COURT,,,,,,JUD,,,0,043,043,04,1,2.8,4,1,4,-5.79010856453559,2,"New York, United States",US,USNY,42.1497,-74.9384,NY,3,"Manhattan, New York, United States",US,USNY,40.7834,-73.9662,971945,3,"Manhattan, New York, United States",US,USNY,40.7834,-73.9662,971945,20250129,https://www.nydailynews.com/2025/01/29/tearful-former-new-jersey-sen-bob-menendez-sentenced-11-years-for-brazen-bribery-scheme-gold-bars/
1223526683,20250129,202501,2025,2025.0795,USA,UNITED STATES,USA,,,,,,,,LEG,SENATE,,,,,,LEG,,,0,016,016,01,1,-2.0,108,1,108,-9.70494515840166,2,"New Jersey, United States",US,USNJ,40.314,-74.5089,NJ,2,"New Jersey, United States",US,USNJ,40.314,-74.5089,NJ,2,"New Jersey, United States",US,USNJ,40.314,-74.5089,NJ,20250129,https://jetradio1400.iheart.com/content/2025-01-29-disgraced-senator-bob-menendez-sentenced-in-gold-bar-bribery-case/?pname=www.jetradio1400.com&sc=dnsredirect
1223526724,20250129,202501,2025,2025.0795,USA,NEW JERSEY,USA,,,,,,,,USALEG,UNITED STATES,USA,,,,,LEG,,,1,173,173,17,4,-5.0,108,1,108,-9.70494515840166,2,"New Jersey, United States",US,USNJ,40.314,-74.5089,NJ,2,"New Jersey, United States",US,USNJ,40.314,-74.5089,NJ,2,"New Jersey, United States",US,USNJ,40.314,-74.5089,NJ,20250129,https://jetradio1400.iheart.com/content/2025-01-29-disgraced-senator-bob-menendez-sentenced-in-gold-bar-bribery-case/?pname=www.jetradio1400.com&sc=dnsredirect
1223526748,20250129,202501,2025,2025.0795,USAELI,NEW JERSEY,USA,,,,,ELI,,,,,,,,,,,,,1,173,173,17,4,-5.0,324,1,324,-9.70494515840167,2,"New Jersey, United States",US,USNJ,40.314,-74.5089,NJ,0,,,,,,,2,"New Jersey, United States",US,USNJ,40.314,-74.5089,NJ,20250129,https://jetradio1400.iheart.com/content/2025-01-29-disgraced-senator-bob-menendez-sentenced-in-gold-bar-bribery-case/?pname=www.jetradio1400.com&sc=dnsredirect
1223526749,20250129,202501,2025,2025.0795,USAELI,UNITED STATES,USA,,,,,ELI,,,COP,PRISON,,,,,,COP,,,1,173,173,17,4,-5.0,108,1,108,-9.70494515840166,1,Qatar,QA,QA,25.5,51.25,QA,1,Qatar,QA,QA,25.5,51.25,QA,1,Qatar,QA,QA,25.5,51.25,QA,20250129,https://jetradio1400.iheart.com/content/2025-01-29-disgraced-senator-bob-menendez-sentenced-in-gold-bar-bribery-case/?pname=www.jetradio1400.com&sc=dnsredirect
1223526792,20250129,202501,2025,2025.0795,USAJUD,JERSEY,USA,,,,,JUD,,,JUD,JUDGE,,,,,,JUD,,,0,020,020,02,1,3.0,2,1,2,-5.79010856453559,1,Jersey,JE,JE,49.216667,-2.116667,JE,1,Jersey,JE,JE,49.216667,-2.116667,JE,1,Jersey,JE,JE,49.216667,-2.116667,JE,20250129,https://www.nydailynews.com/2025/01/29/tearful-former-new-jersey-sen-bob-menendez-sentenced-11-years-for-brazen-bribery-scheme-gold-bars/
1223528099,20250129,202501,2025,2025.0795,EGY,EGYPT,EGY,,,,,,,,COP,PRISON,,,,,,COP,,,1,173,173,17,4,-5.0,8,4,8,-4.05733082706767,3,"Union City, New Jersey, United States",US,USNJ,40.7795,-74.0238,881349,3,"Union City, New Jersey, United States",US,USNJ,40.7795,-74.0238,881349,3,"Union City, New Jersey, United States",US,USNJ,40.7795,-74.0238,881349,20250129,https://www.kfvs12.com/2025/01/29/judge-set-sentence-former-sen-bob-menendez-who-was-convicted-taking-bribes-cash-gold/
1223528100,20250129,202501,2025,2025.0795,EGY,EGYPT,EGY,,,,,,,,COP,PRISON,,,,,,COP,,,1,173,173,17,4,-5.0,8,4,8,-4.05733082706767,2,"Florida, United States",US,USFL,27.8333,-81.717,FL,2,"Florida, United States",US,USFL,27.8333,-81.717,FL,2,"Florida, United States",US,USFL,27.8333,-81.717,FL,20250129,https://www.kfvs12.com/2025/01/29/judge-set-sentence-former-sen-bob-menendez-who-was-convicted-taking-bribes-cash-gold/
1223528653,20250129,202501,2025,2025.0795,MED,WEBSITE,,,,,,MED,,,,,,,,,,,,,1,010,010,01,1,0.0,20,2,20,0.29880478087649,3,"Atlanta, Georgia, United States",US,USGA,33.749,-84.388,351615,0,,,,,,,3,"Atlanta, Georgia, United States",US,USGA,33.749,-84.388,351615,20250129,https://www.finanznachrichten.de/nachrichten-2025-01/64416190-goldstein-hayes-lina-accident-lawyers-introducing-the-new-website-of-goldstein-hayes-lina-llc-200.htm
1223528664,20250129,202501,2025,2025.0795,MED,WEBSITE,,,,,,MED,,,,,,,,,,,,,1,033,033,03,1,5.2,10,2,10,0.29880478087649,3,"Atlanta, Georgia, United States",US,USGA,33.749,-84.388,351615,0,,,,,,,3,"Atlanta, Georgia, United States",US,USGA,33.749,-84.388,351615,20250129,https://www.finanznachrichten.de/nachrichten-2025-01/64416190-goldstein-hayes-lina-accident-lawyers-introducing-the-new-website-of-goldstein-hayes-lina-llc-200.htm
1223528667,20250129,202501,2025,2025.0795,MED,WEBSITE,,,,,,MED,,,,,,,,,,,,,1,060,060,06,2,6.0,6,2,6,0.29880478087649,3,"Fulton County, Georgia, United States",US,USGA,33.7668,-84.4499,1694833,0,,,,,,,3,"Fulton County, Georgia, United States",US,USGA,33.7668,-84.4499,1694833,20250129,https://www.finanznachrichten.de/nachrichten-2025-01/64416190-goldstein-hayes-lina-accident-lawyers-introducing-the-new-website-of-goldstein-hayes-lina-llc-200.htm
1223528668,20250129,202501,2025,2025.0795,MED,WEBSITE,,,,,,MED,,,,,,,,,,,,,1,060,060,06,2,6.0,14,2,14,0.29880478087649,3,"Atlanta, Georgia, United States",US,USGA,33.749,-84.388,351615,0,,,,,,,3,"Atlanta, Georgia, United States",US,USGA,33.749,-84.388,351615,20250129,https://www.finanznachrichten.de/nachrichten-2025-01/64416190-goldstein-hayes-lina-accident-lawyers-introducing-the-new-website-of-goldstein-hayes-lina-llc-200.htm
1223529094,20250129,202501,2025,2025.0795,USA,NEW JERSEY,USA,,,,,,,,COP,PRISON,,,,,,COP,,,1,173,173,17,4,-5.0,2,1,2,-4.03458213256485,2,"New Jersey, United States",US,USNJ,40.314,-74.5089,NJ,2,"Florida, United States",US,USFL,27.8333,-81.717,FL,2,"New Jersey, United States",US,USNJ,40.314,-74.5089,NJ,20250129,https://wtop.com/national/2025/01/judge-set-to-sentence-former-sen-bob-menendez-who-was-convicted-of-taking-bribes-of-cash-and-gold/
1223529202,20250129,202501,2025,2025.0795,USA,ATLANTA,USA,,,,,,,,MED,WEBSITE,,,,,,MED,,,1,010,010,01,1,0.0,6,2,6,0.29880478087649,3,"Fulton County, Georgia, United States",US,USGA,33.7668,-84.4499,1694833,3,"Fulton County, Georgia, United States",US,USGA,33.7668,-84.4499,1694833,3,"Fulton County, Georgia, United States",US,USGA,33.7668,-84.4499,1694833,20250129,https://www.finanznachrichten.de/nachrichten-2025-01/64416190-goldstein-hayes-lina-accident-lawyers-introducing-the-new-website-of-goldstein-hayes-lina-llc-200.htm
1223530401,20250129,202501,2025,2025.0795,EGY,EGYPTIAN,EGY,,,,,,,,JUD,PROSECUTOR,,,,,,JUD,,,0,045,045,04,1,5.0,6,1,6,-4.4392523364486,1,Egypt,EG,EG,27,30,EG,1,Egypt,EG,EG,27,30,EG,1,Egypt,EG,EG,27,30,EG,20250129,https://www.dailymail.co.uk/news/article-14339639/senator-bob-menendez-new-jersey-prison-sentence-gold-bar-bribery.html
1223530402,20250129,202501,2025,2025.0795,EGY,EGYPTIAN,EGY,,,,,,,,JUD,PROSECUTOR,,,,,,JUD,,,0,050,050,05,1,3.5,6,1,6,-4.4392523364486,1,Egypt,EG,EG,27,30,EG,1,Egypt,EG,EG,27,30,EG,1,Egypt,EG,EG,27,30,EG,20250129,https://www.dailymail.co.uk/news/article-14339639/senator-bob-menendez-new-jersey-prison-sentence-gold-bar-bribery.html
1223530403,20250129,202501,2025,2025.0795,EGY,EGYPTIAN,EGY,,,,,,,,USA,UNITED STATES,USA,,,,,,,,0,050,050,05,1,3.5,2,1,2,-4.4392523364486,1,Egypt,EG,EG,27,30,EG,2,"New Jersey, United States",US,USNJ,40.314,-74.5089,NJ,1,Egypt,EG,EG,27,30,EG,20250129,https://www.dailymail.co.uk/news/article-14339639/senator-bob-menendez-new-jersey-prison-sentence-gold-bar-bribery.html
1223530404,20250129,202501,2025,2025.0795,EGY,EGYPTIAN,EGY,,,,,,,,USA,UNITED STATES,USA,,,,,,,,0,050,050,05,1,3.5,2,1,2,-4.4392523364486,2,"New Jersey, United States",US,USNJ,40.314,-74.5089,NJ,2,"New Jersey, United States",US,USNJ,40.314,-74.5089,NJ,2,"New Jersey, United States",US,USNJ,40.314,-74.5089,NJ,20250129,https://www.dailymail.co.uk/news/article-14339639/senator-bob-menendez-new-jersey-prison-sentence-gold-bar-bribery.html
1223530659,20250129,202501,2025,2025.0795,JUD,PROSECUTOR,,,,,,JUD,,,EGY,EGYPTIAN,EGY,,,,,,,,0,050,050,05,1,3.5,6,1,6,-4.4392523364486,1,Egypt,EG,EG,27,30,EG,1,Egypt,EG,EG,27,30,EG,1,Egypt,EG,EG,27,30,EG,20250129,https://www.dailymail.co.uk/news/article-14339639/senator-bob-menendez-new-jersey-prison-sentence-gold-bar-bribery.html
1223530672,20250129,202501,2025,2025.0795,JUD,FEDERAL COURT,,,,,,JUD,,,USA,NEW YORK,USA,,,,,,,,0,042,042,04,1,1.9,1,1,1,-4.4392523364486,2,"New Jersey, United States",US,USNJ,40.314,-74.5089,NJ,2,"New Jersey, United States",US,USNJ,40.314,-74.5089,NJ,2,"New Jersey, United States",US,USNJ,40.314,-74.5089,NJ,20250129,https://www.dailymail.co.uk/news/article-14339639/senator-bob-menendez-new-jersey-prison-sentence-gold-bar-bribery.html
1223530705,20250129,202501,2025,2025.0795,LEG,SENATOR,,,,,,LEG,,,COP,PRISON,,,,,,COP,,,1,172,172,17,4,-5.0,2,1,2,-4.4392523364486,3,"Englewood Cliffs, New Jersey, United States",US,USNJ,40.8854,-73.9524,876197,3,"Englewood Cliffs, New Jersey, United States",US,USNJ,40.8854,-73.9524,876197,3,"Englewood Cliffs, New Jersey, United States",US,USNJ,40.8854,-73.9524,876197,20250129,https://www.dailymail.co.uk/news/article-14339639/senator-bob-menendez-new-jersey-prison-sentence-gold-bar-bribery.html
1223530706,20250129,202501,2025,2025.0795,LEG,SENATOR,,,,,,LEG,,,COP,PRISON,,,,,,COP,,,1,172,172,17,4,-5.0,6,1,6,-4.4392523364486,3,"Englewood Cliffs, New Jersey, United States",US,USNJ,40.8854,-73.9524,876197,3,"Englewood Cliffs, New Jersey, United States",US,USNJ,40.8854,-73.9524,876197,2,"New Jersey, United States",US,USNJ,40.314,-74.5089,NJ,20250129,https://www.dailymail.co.uk/news/article-14339639/senator-bob-menendez-new-jersey-prison-sentence-gold-bar-bribery.html
1223530711,20250129,202501,2025,2025.0795,LEG,SENATE,,,,,,LEG,,,LEGGOV,SENATE,,,,,,LEG,GOV,,1,173,173,17,4,-5.0,5,1,5,-4.4392523364486,2,"New Jersey, United States",US,USNJ,40.314,-74.5089,NJ,2,"New Jersey, United States",US,USNJ,40.314,-74.5089,NJ,2,"New Jersey, United States",US,USNJ,40.314,-74.5089,NJ,20250129,https://www.dailymail.co.uk/news/article-14339639/senator-bob-menendez-new-jersey-prison-sentence-gold-bar-bribery.html
1223530723,20250129,202501,2025,2025.0795,LEG,SENATOR,,,,,,LEG,,,USA,UNITED STATES,USA,,,,,,,,1,110,110,11,3,-2.0,1,1,1,-4.4392523364486,2,"New Jersey, United States",US,USNJ,40.314,-74.5089,NJ,2,"New Jersey, United States",US,USNJ,40.314,-74.5089,NJ,2,"New Jersey, United States",US,USNJ,40.314,-74.5089,NJ,20250129,https://www.dailymail.co.uk/news/article-14339639/senator-bob-menendez-new-jersey-prison-sentence-gold-bar-bribery.html
1223530724,20250129,202501,2025,2025.0795,LEG,SENATOR,,,,,,LEG,,,USA,UNITED STATES,USA,,,,,,,,1,110,110,11,3,-2.0,1,1,1,-4.4392523364486,1,Qatar,QA,QA,25.5,51.25,QA,2,"New Jersey, United States",US,USNJ,40.314,-74.5089,NJ,2,"New Jersey, United States",US,USNJ,40.314,-74.5089,NJ,20250129,https://www.dailymail.co.uk/news/article-14339639/senator-bob-menendez-new-jersey-prison-sentence-gold-bar-bribery.html
1223530725,20250129,202501,2025,2025.0795,LEG,SENATOR,,,,,,LEG,,,USA,UNITED STATES,USA,,,,,,,,1,173,173,17,4,-5.0,1,1,1,-4.4392523364486,1,Qatar,QA,QA,25.5,51.25,QA,2,"New Jersey, United States",US,USNJ,40.314,-74.5089,NJ,1,Qatar,QA,QA,25.5,51.25,QA,20250129,https://www.dailymail.co.uk/news/article-14339639/senator-bob-menendez-new-jersey-prison-sentence-gold-bar-bribery.html
1223530998,20250129,202501,2025,2025.0795,USA,UNITED STATES,USA,,,,,,,,EGY,EGYPTIAN,EGY,,,,,,,,0,045,045,04,1,5.0,2,1,2,-4.4392523364486,2,"New Jersey, United States",US,USNJ,40.314,-74.5089,NJ,1,Egypt,EG,EG,27,30,EG,1,Egypt,EG,EG,27,30,EG,20250129,https://www.dailymail.co.uk/news/article-14339639/senator-bob-menendez-new-jersey-prison-sentence-gold-bar-bribery.html
1223530999,20250129,202501,2025,2025.0795,USA,UNITED STATES,USA,,,,,,,,EGY,EGYPTIAN,EGY,,,,,,,,0,045,045,04,1,5.0,2,1,2,-4.4392523364486,2,"New Jersey, United States",US,USNJ,40.314,-74.5089,NJ,2,"New Jersey, United States",US,USNJ,40.314,-74.5089,NJ,2,"New Jersey, United States",US,USNJ,40.314,-74.5089,NJ,20250129,https://www.dailymail.co.uk/news/article-14339639/senator-bob-menendez-new-jersey-prison-sentence-gold-bar-bribery.html
1223531000,20250129,202501,2025,2025.0795,USA,UNITED STATES,USA,,,,,,,,EGY,EGYPTIAN,EGY,,,,,,,,0,050,050,05,1,3.5,2,1,2,-4.4392523364486,2,"New Jersey, United States",US,USNJ,40.314,-74.5089,NJ,1,Egypt,EG,EG,27,30,EG,1,Egypt,EG,EG,27,30,EG,20250129,https://www.dailymail.co.uk/news/article-14339639/senator-bob-menendez-new-jersey-prison-sentence-gold-bar-bribery.html
1223531001,20250129,202501,2025,2025.0795,USA,UNITED STATES,USA,,,,,,,,EGY,EGYPTIAN,EGY,,,,,,,,0,050,050,05,1,3.5,2,1,2,-4.4392523364486,2,"New Jersey, United States",US,USNJ,40.314,-74.5089,NJ,2,"New Jersey, United States",US,USNJ,40.314,-74.5089,NJ,2,"New Jersey, United States",US,USNJ,40.314,-74.5089,NJ,20250129,https://www.dailymail.co.uk/news/article-14339639/senator-bob-menendez-new-jersey-prison-sentence-gold-bar-bribery.html
1223531038,20250129,202501,2025,2025.0795,USA,NEW YORK,USA,,,,,,,,JUD,FEDERAL COURT,,,,,,JUD,,,0,043,043,04,1,2.8,1,1,1,-4.4392523364486,2,"New Jersey, United States",US,USNJ,40.314,-74.5089,NJ,2,"New Jersey, United States",US,USNJ,40.314,-74.5089,NJ,2,"New Jersey, United States",US,USNJ,40.314,-74.5089,NJ,20250129,https://www.dailymail.co.uk/news/article-14339639/senator-bob-menendez-new-jersey-prison-sentence-gold-bar-bribery.html
1223531112,20250129,202501,2025,2025.0795,USA,UNITED STATES,USA,,,,,,,,USAJUD,NEW YORK,USA,,,,,JUD,,,0,042,042,04,1,1.9,4,2,4,-3.82104965576879,2,"New Jersey, United States",US,USNJ,40.314,-74.5089,NJ,2,"New Jersey, United States",US,USNJ,40.314,-74.5089,NJ,2,"New Jersey, United States",US,USNJ,40.314,-74.5089,NJ,20250129,https://www.dailymail.co.uk/news/article-14339639/senator-bob-menendez-new-jersey-prison-sentence-gold-bar-bribery.html
1223531113,20250129,202501,2025,2025.0795,USA,NEW JERSEY,USA,,,,,,,,USAJUD,NEW YORK,USA,,,,,JUD,,,0,042,042,04,1,1.9,8,1,8,-4.4392523364486,2,"New Jersey, United States",US,USNJ,40.314,-74.5089,NJ,2,"New York, United States",US,USNY,42.1497,-74.9384,NY,2,"New York, United States",US,USNY,42.1497,-74.9384,NY,20250129,https://www.dailymail.co.uk/news/article-14339639/senator-bob-menendez-new-jersey-prison-sentence-gold-bar-bribery.html
1223531115,20250129,202501,2025,2025.0795,USA,NEW JERSEY,USA,,,,,,,,USAJUD,NEW YORK,USA,,,,,JUD,,,0,173,173,17,4,-5.0,3,1,3,-4.4392523364486,2,"New Jersey, United States",US,USNJ,40.314,-74.5089,NJ,2,"New York, United States",US,USNY,42.1497,-74.9384,NY,2,"New Jersey, United States",US,USNJ,40.314,-74.5089,NJ,20250129,https://www.dailymail.co.uk/news/article-14339639/senator-bob-menendez-new-jersey-prison-sentence-gold-bar-bribery.html
1223531137,20250129,202501,2025,2025.0795,USAELI,NEW JERSEY,USA,,,,,ELI,,,COP,PRISON,,,,,,COP,,,1,172,172,17,4,-5.0,6,1,6,-4.4392523364486,2,"New Jersey, United States",US,USNJ,40.314,-74.5089,NJ,2,"New Jersey, United States",US,USNJ,40.314,-74.5089,NJ,2,"New Jersey, United States",US,USNJ,40.314,-74.5089,NJ,20250129,https://www.dailymail.co.uk/news/article-14339639/senator-bob-menendez-new-jersey-prison-sentence-gold-bar-bribery.html
1223531172,20250129,202501,2025,2025.0795,USAJUD,NEW YORK,USA,,,,,JUD,,,USA,UNITED STATES,USA,,,,,,,,0,043,043,04,1,2.8,2,1,2,-4.4392523364486,2,"New Jersey, United States",US,USNJ,40.314,-74.5089,NJ,2,"New Jersey, United States",US,USNJ,40.314,-74.5089,NJ,2,"New Jersey, United States",US,USNJ,40.314,-74.5089,NJ,20250129,https://www.dailymail.co.uk/news/article-14339639/senator-bob-menendez-new-jersey-prison-sentence-gold-bar-bribery.html
1223531173,20250129,202501,2025,2025.0795,USAJUD,NEW YORK,USA,,,,,JUD,,,USA,NEW JERSEY,USA,,,,,,,,0,043,043,04,1,2.8,8,1,8,-4.4392523364486,2,"New York, United States",US,USNY,42.1497,-74.9384,NY,2,"New Jersey, United States",US,USNJ,40.314,-74.5089,NJ,2,"New York, United States",US,USNY,42.1497,-74.9384,NY,20250129,https://www.dailymail.co.uk/news/article-14339639/senator-bob-menendez-new-jersey-prison-sentence-gold-bar-bribery.html
1223531177,20250129,202501,2025,2025.0795,USALEG,UNITED STATES,USA,,,,,LEG,,,COP,PRISON,,,,,,COP,,,1,172,172,17,4,-5.0,2,1,2,-4.4392523364486,1,Egypt,EG,EG,27,30,EG,2,"New Jersey, United States",US,USNJ,40.314,-74.5089,NJ,2,"New Jersey, United States",US,USNJ,40.314,-74.5089,NJ,20250129,https://www.dailymail.co.uk/news/article-14339639/senator-bob-menendez-new-jersey-prison-sentence-gold-bar-bribery.html
1223531974,20250129,202501,2025,2025.0795,AFR,AFRICA,AFR,,,,,,,,,,,,,,,,,,1,010,010,01,1,0.0,20,2,20,5.9090909090909,4,"Vancouver, British Columbia, Canada",CA,CA02,49.25,-123.133,-575268,0,,,,,,,4,"Vancouver, British Columbia, Canada",CA,CA02,49.25,-123.133,-575268,20250129,https://theenterpriseleader.com/2025/01/29/stellar-africagold-cvespx-trading-up-21-4-heres-what-happened.html
1223532238,20250129,202501,2025,2025.0795,EGY,EGYPT,EGY,,,,,,,,,,,,,,,,,,1,172,172,17,4,-5.0,2,1,2,-7.91139240506328,1,Egypt,EG,EG,27,30,EG,0,,,,,,,1,Egypt,EG,EG,27,30,EG,20250129,https://www.staradvertiser.com/2025/01/29/breaking-news/ex-n-j-sen-menendez-sentenced-to-11-years-in-gold-bar-bribery-case/
1223532239,20250129,202501,2025,2025.0795,EGY,EGYPT,EGY,,,,,,,,,,,,,,,,,,1,172,172,17,4,-5.0,3,2,3,-7.47172515806422,1,Egypt,EG,EG,27,30,EG,0,,,,,,,2,"New Jersey, United States",US,USNJ,40.314,-74.5089,NJ,20250129,https://www.staradvertiser.com/2025/01/29/breaking-news/ex-n-j-sen-menendez-sentenced-to-11-years-in-gold-bar-bribery-case/
1223532240,20250129,202501,2025,2025.0795,EGY,EGYPT,EGY,,,,,,,,LEG,SENATE,,,,,,LEG,,,1,173,173,17,4,-5.0,4,2,4,-8.21101535146781,1,Egypt,EG,EG,27,30,EG,2,"New Jersey, United States",US,USNJ,40.314,-74.5089,NJ,2,"New Jersey, United States",US,USNJ,40.314,-74.5089,NJ,20250129,https://www.staradvertiser.com/2025/01/29/breaking-news/ex-n-j-sen-menendez-sentenced-to-11-years-in-gold-bar-bribery-case/
1223532241,20250129,202501,2025,2025.0795,EGY,EGYPT,EGY,,,,,,,,USA,NEW JERSEY,USA,,,,,,,,1,173,173,17,4,-5.0,1,1,1,-7.27272727272726,1,Egypt,EG,EG,27,30,EG,3,"Manhattan, New York, United States",US,USNY,40.7834,-73.9662,971945,2,"New Jersey, United States",US,USNJ,40.314,-74.5089,NJ,20250129,https://www.scmp.com/news/world/united-states-canada/article/3296745/ex-us-senator-bob-menendez-sentenced-11-years-prison-gold-bar-bribery-case
1223532242,20250129,202501,2025,2025.0795,EGYLEG,EGYPT,EGY,,,,,LEG,,,COP,PRISON,,,,,,COP,,,1,172,172,17,4,-5.0,2,1,2,-7.27272727272726,1,Egypt,EG,EG,27,30,EG,1,Egypt,EG,EG,27,30,EG,1,Egypt,EG,EG,27,30,EG,20250129,https://www.scmp.com/news/world/united-states-canada/article/3296745/ex-us-senator-bob-menendez-sentenced-11-years-prison-gold-bar-bribery-case
1223532622,20250129,202501,2025,2025.0795,JUD,LAWYER,,,,,,JUD,,,LEGGOV,SENATE,,,,,,LEG,GOV,,0,112,112,11,3,-2.0,2,2,2,-8.21101535146781,3,"State Of New Jersey, New Jersey, United States",US,USNJ,40.1671,-74.4999,1779795,3,"State Of New Jersey, New Jersey, United States",US,USNJ,40.1671,-74.4999,1779795,3,"State Of New Jersey, New Jersey, United States",US,USNJ,40.1671,-74.4999,1779795,20250129,https://www.staradvertiser.com/2025/01/29/breaking-news/ex-n-j-sen-menendez-sentenced-to-11-years-in-gold-bar-bribery-case/
1223532623,20250129,202501,2025,2025.0795,JUD,LAWYER,,,,,,JUD,,,LEGGOV,SENATE,,,,,,LEG,GOV,,0,172,172,17,4,-5.0,2,2,2,-8.21101535146781,3,"State Of New Jersey, New Jersey, United States",US,USNJ,40.1671,-74.4999,1779795,3,"State Of New Jersey, New Jersey, United States",US,USNJ,40.1671,-74.4999,1779795,2,"New Jersey, United States",US,USNJ,40.314,-74.5089,NJ,20250129,https://www.staradvertiser.com/2025/01/29/breaking-news/ex-n-j-sen-menendez-sentenced-to-11-years-in-gold-bar-bribery-case/
1223532624,20250129,202501,2025,2025.0795,JUD,LAWYER,,,,,,JUD,,,LEGGOV,SENATE,,,,,,LEG,GOV,,0,172,172,17,4,-5.0,4,2,4,-8.21101535146781,1,Egypt,EG,EG,27,30,EG,1,Egypt,EG,EG,27,30,EG,3,"Manhattan, New York, United States",US,USNY,40.7834,-73.9662,971945,20250129,https://www.staradvertiser.com/2025/01/29/breaking-news/ex-n-j-sen-menendez-sentenced-to-11-years-in-gold-bar-bribery-case/
1223532665,20250129,202501,2025,2025.0795,LEG,SENATOR,,,,,,LEG,,,,,,,,,,,,,1,173,173,17,4,-5.0,2,2,2,-8.21101535146781,3,"Manhattan, New York, United States",US,USNY,40.7834,-73.9662,971945,0,,,,,,,3,"Manhattan, New York, United States",US,USNY,40.7834,-73.9662,971945,20250129,https://www.staradvertiser.com/2025/01/29/breaking-news/ex-n-j-sen-menendez-sentenced-to-11-years-in-gold-bar-bribery-case/
1223532671,20250129,202501,2025,2025.0795,LEG,SENATOR,,,,,,LEG,,,COP,PRISON,,,,,,COP,,,1,172,172,17,4,-5.0,8,1,8,-7.27272727272726,1,Egypt,EG,EG,27,30,EG,1,Egypt,EG,EG,27,30,EG,1,Egypt,EG,EG,27,30,EG,20250129,https://www.scmp.com/news/world/united-states-canada/article/3296745/ex-us-senator-bob-menendez-sentenced-11-years-prison-gold-bar-bribery-case
1223532672,20250129,202501,2025,2025.0795,LEG,SENATOR,,,,,,LEG,,,COP,PRISON,,,,,,COP,,,1,173,173,17,4,-5.0,2,1,2,-7.27272727272726,1,Egypt,EG,EG,27,30,EG,1,Qatar,QA,QA,25.5,51.25,QA,1,Egypt,EG,EG,27,30,EG,20250129,https://www.scmp.com/news/world/united-states-canada/article/3296745/ex-us-senator-bob-menendez-sentenced-11-years-prison-gold-bar-bribery-case
1223533035,20250129,202501,2025,2025.0795,USA,UNITED STATES,USA,,,,,,,,,,,,,,,,,,1,172,172,17,4,-5.0,2,1,2,-4.0983606557377,2,"New Jersey, United States",US,USNJ,40.314,-74.5089,NJ,0,,,,,,,3,"Hudson County, New Jersey, United States",US,USNJ,40.7168,-74.0663,882278,20250129,https://www.nj.com/politics/2025/01/former-us-sen-robert-menendez-sentenced-in-gold-bar-corruption-case.html
1223533042,20250129,202501,2025,2025.0795,USA,UNITED STATES,USA,,,,,,,,,,,,,,,,,,0,173,173,17,4,-5.0,2,2,2,-8.21101535146781,3,"Manhattan, New York, United States",US,USNY,40.7834,-73.9662,971945,0,,,,,,,2,"New Jersey, United States",US,USNJ,40.314,-74.5089,NJ,20250129,https://www.staradvertiser.com/2025/01/29/breaking-news/ex-n-j-sen-menendez-sentenced-to-11-years-in-gold-bar-bribery-case/
1223533289,20250129,202501,2025,2025.0795,USALEG,A US,USA,,,,,LEG,,,,,,,,,,,,,1,173,173,17,4,-5.0,1,1,1,-7.27272727272726,3,"Manhattan, New York, United States",US,USNY,40.7834,-73.9662,971945,0,,,,,,,3,"Manhattan, New York, United States",US,USNY,40.7834,-73.9662,971945,20250129,https://www.scmp.com/news/world/united-states-canada/article/3296745/ex-us-senator-bob-menendez-sentenced-11-years-prison-gold-bar-bribery-case
1223533290,20250129,202501,2025,2025.0795,USALEG,A US,USA,,,,,LEG,,,,,,,,,,,,,1,173,173,17,4,-5.0,4,1,4,-7.27272727272726,3,"Manhattan, New York, United States",US,USNY,40.7834,-73.9662,971945,0,,,,,,,2,"New Jersey, United States",US,USNJ,40.314,-74.5089,NJ,20250129,https://www.scmp.com/news/world/united-states-canada/article/3296745/ex-us-senator-bob-menendez-sentenced-11-years-prison-gold-bar-bribery-case
1223534090,20250129,202501,2025,2025.0795,BUS,INDUSTRY,,,,,,BUS,,,,,,,,,,,,,0,084,084,08,2,7.0,10,1,10,4.89510489510489,4,"North Birch, Manitoba, Canada",CA,CA03,51.35,-98,-568680,0,,,,,,,4,"North Birch, Manitoba, Canada",CA,CA03,51.35,-98,-568680,20250129,https://www.goldseiten.de/artikel/645740--Pinnacle-Provides-Update-on-Proposed-Acquisition-of-El-Potrero-Gold-Silver-Project-in-Mexico.html
1223534092,20250129,202501,2025,2025.0795,BUS,INDUSTRY,,,,,,BUS,,,CAN,CANADA,CAN,,,,,,,,0,015,015,01,1,0.0,10,1,10,4.89510489510489,4,"North Birch, Manitoba, Canada",CA,CA03,51.35,-98,-568680,4,"North Birch, Manitoba, Canada",CA,CA03,51.35,-98,-568680,4,"North Birch, Manitoba, Canada",CA,CA03,51.35,-98,-568680,20250129,https://www.goldseiten.de/artikel/645740--Pinnacle-Provides-Update-on-Proposed-Acquisition-of-El-Potrero-Gold-Silver-Project-in-Mexico.html
1223535783,20250129,202501,2025,2025.0795,,,,,,,,,,,BGR,SOFIA,BGR,,,,,,,,1,046,046,04,1,7.0,10,1,10,-0.67613252197431,0,,,,,,,1,Brazil,BR,BR,-10,-55,BR,1,Brazil,BR,BR,-10,-55,BR,20250129,https://www.goldderby.com/forum/movies/2025-oscar-predictions-best-actress-part-22/page/23/
1223535951,20250129,202501,2025,2025.0795,AUS,AUSTRALIA,AUS,,,,,,,,CAN,CANADA,CAN,,,,,,,,1,120,120,12,3,-4.0,2,1,2,-0.67613252197431,1,Australia,AS,AS,-25,135,AS,1,Australia,AS,AS,-25,135,AS,1,Brazil,BR,BR,-10,-55,BR,20250129,https://www.goldderby.com/forum/movies/2025-oscar-predictions-best-actress-part-22/page/23/
1223535962,20250129,202501,2025,2025.0795,BGR,SOFIA,BGR,,,,,,,,,,,,,,,,,,1,046,046,04,1,7.0,10,1,10,-0.67613252197431,1,Brazil,BR,BR,-10,-55,BR,0,,,,,,,1,Brazil,BR,BR,-10,-55,BR,20250129,https://www.goldderby.com/forum/movies/2025-oscar-predictions-best-actress-part-22/page/23/
1223535968,20250129,202501,2025,2025.0795,BLZ,BELIZE,BLZ,,,,,,,,,,,,,,,,,,0,090,090,09,2,-2.0,6,1,4,2.38095238095238,1,Belize,BH,BH,17.25,-88.75,BH,0,,,,,,,1,Belize,BH,BH,17.25,-88.75,BH,20250129,https://amandala.com.bz/news/belize-achieves-gold-standard-rating-by-cfatf/
1223535971,20250129,202501,2025,2025.0795,BLZ,BELIZEAN,BLZ,,,,,,,,BLZGOV,BELIZE,BLZ,,,,,GOV,,,0,090,090,09,2,-2.0,2,1,2,2.38095238095238,1,Belize,BH,BH,17.25,-88.75,BH,1,Belize,BH,BH,17.25,-88.75,BH,1,Belize,BH,BH,17.25,-88.75,BH,20250129,https://amandala.com.bz/news/belize-achieves-gold-standard-rating-by-cfatf/
1223535974,20250129,202501,2025,2025.0795,BLZGOV,BELIZEAN,BLZ,,,,,GOV,,,,,,,,,,,,,0,090,090,09,2,-2.0,3,1,3,2.38095238095238,1,Belize,BH,BH,17.25,-88.75,BH,0,,,,,,,1,Belize,BH,BH,17.25,-88.75,BH,20250129,https://amandala.com.bz/news/belize-achieves-gold-standard-rating-by-cfatf/
1223536964,20250129,202501,2025,2025.0795,UAF,TERRORIST,,,,,,UAF,,,,,,,,,,,,,1,071,071,07,2,7.4,5,1,5,2.38095238095238,1,Belize,BH,BH,17.25,-88.75,BH,0,,,,,,,1,Belize,BH,BH,17.25,-88.75,BH,20250129,https://amandala.com.bz/news/belize-achieves-gold-standard-rating-by-cfatf/
1223537101,20250129,202501,2025,2025.0795,USA,THE US,USA,,,,,,,,CAN,CANADA,CAN,,,,,,,,1,120,120,12,3,-4.0,2,1,2,-0.67613252197431,1,Australia,AS,AS,-25,135,AS,1,Australia,AS,AS,-25,135,AS,1,Brazil,BR,BR,-10,-55,BR,20250129,https://www.goldderby.com/forum/movies/2025-oscar-predictions-best-actress-part-22/page/23/
1223537102,20250129,202501,2025,2025.0795,USA,THE US,USA,,,,,,,,CAN,CANADA,CAN,,,,,,,,1,120,120,12,3,-4.0,8,1,8,-0.67613252197431,1,Canada,CA,CA,60,-96,CA,1,Canada,CA,CA,60,-96,CA,1,Canada,CA,CA,60,-96,CA,20250129,https://www.goldderby.com/forum/movies/2025-oscar-predictions-best-actress-part-22/page/23/
1223538980,20250129,202501,2025,2025.0795,PTY,POLITICIAN,,,,,,,,,,,,,,,,,,,1,010,010,01,1,0.0,3,1,3,-8.29787234042557,2,"New Jersey, United States",US,USNJ,40.314,-74.5089,NJ,0,,,,,,,2,"New Jersey, United States",US,USNJ,40.314,-74.5089,NJ,20250129,https://www.cnbc.com/2025/01/29/former-sen-bob-menendez-sentenced-to-11-years-in-prison-in-gold-bar-bribery-case.html
1223538983,20250129,202501,2025,2025.0795,PTY,POLITICIAN,,,,,,,,,USA,UNITED STATES,USA,,,,,,,,1,010,010,01,1,0.0,3,1,3,-8.29787234042557,2,"New Jersey, United States",US,USNJ,40.314,-74.5089,NJ,2,"New Jersey, United States",US,USNJ,40.314,-74.5089,NJ,2,"New Jersey, United States",US,USNJ,40.314,-74.5089,NJ,20250129,https://www.cnbc.com/2025/01/29/former-sen-bob-menendez-sentenced-to-11-years-in-prison-in-gold-bar-bribery-case.html
1223539064,20250129,202501,2025,2025.0795,USA,UNITED STATES,USA,,,,,,,,,,,,,,,,,,0,016,016,01,1,-2.0,2,1,2,-8.29787234042557,2,"New Jersey, United States",US,USNJ,40.314,-74.5089,NJ,0,,,,,,,1,Egypt,EG,EG,27,30,EG,20250129,https://www.cnbc.com/2025/01/29/former-sen-bob-menendez-sentenced-to-11-years-in-prison-in-gold-bar-bribery-case.html
1223539116,20250129,202501,2025,2025.0795,USA,UNITED STATES,USA,,,,,,,,,,,,,,,,,,1,100,100,10,3,-5.0,4,1,4,-10.3448275862069,3,"Lookout Mountain, Georgia, United States",US,USGA,34.9776,-85.3577,332265,0,,,,,,,3,"Lookout Mountain, Georgia, United States",US,USGA,34.9776,-85.3577,332265,20250129,https://www.timesfreepress.com/news/2025/jan/29/local-gold-buyer-rick-davis-arrested-on-charges/
1223539120,20250129,202501,2025,2025.0795,USA,UNITED STATES,USA,,,,,,,,,,,,,,,,,,1,112,112,11,3,-2.0,2,1,2,-10.3448275862069,3,"Lookout Mountain, Georgia, United States",US,USGA,34.9776,-85.3577,332265,0,,,,,,,2,"Georgia, United States",US,USGA,32.9866,-83.6487,GA,20250129,https://www.timesfreepress.com/news/2025/jan/29/local-gold-buyer-rick-davis-arrested-on-charges/
1223540187,20250129,202501,2025,2025.0795,,,,,,,,,,,JUD,JUDGE,,,,,,JUD,,,0,190,190,19,4,-10.0,4,1,4,-7.03205791106515,0,,,,,,,2,"New Jersey, United States",US,USNJ,40.314,-74.5089,NJ,1,Egypt,EG,EG,27,30,EG,20250129,https://www.spokesman.com/stories/2025/jan/29/ex-senator-bob-menendez-pleads-for-mercy-in-gold-b/
1223540188,20250129,202501,2025,2025.0795,,,,,,,,,,,JUD,JUDGE,,,,,,JUD,,,0,190,190,19,4,-10.0,6,1,6,-7.03205791106515,0,,,,,,,2,"New Jersey, United States",US,USNJ,40.314,-74.5089,NJ,2,"New Jersey, United States",US,USNJ,40.314,-74.5089,NJ,20250129,https://www.spokesman.com/stories/2025/jan/29/ex-senator-bob-menendez-pleads-for-mercy-in-gold-b/
1223540197,20250129,202501,2025,2025.0795,,,,,,,,,,,MNCUSA,GOLDMAN SACHS,USA,,,,,MNC,,,0,036,036,03,1,4.0,10,1,10,1.99335548172757,0,,,,,,,4,"Paris, France (general), France",FR,FR00,48.8667,2.33333,-1456928,4,"Paris, France (general), France",FR,FR00,48.8667,2.33333,-1456928,20250129,https://www.marketscreener.com/quote/stock/THE-GOLDMAN-SACHS-GROUP-I-12831/news/Renewables-could-power-80-of-data-centres-Goldman-Sachs-says-48906423/
1223540201,20250129,202501,2025,2025.0795,,,,,,,,,,,SPY,INTELLIGENCE,,,,,,SPY,,,1,100,100,10,3,-5.0,10,1,10,1.99335548172757,0,,,,,,,4,"Paris, France (general), France",FR,FR00,48.8667,2.33333,-1456928,4,"Paris, France (general), France",FR,FR00,48.8667,2.33333,-1456928,20250129,https://www.marketscreener.com/quote/stock/THE-GOLDMAN-SACHS-GROUP-I-12831/news/Renewables-could-power-80-of-data-centres-Goldman-Sachs-says-48906423/
1223540313,20250129,202501,2025,2025.0795,CAN,CANADA,CAN,,,,,,,,,,,,,,,,,,1,012,012,01,1,-0.4,12,2,12,-0.90634441087613,3,"Washington, District of Columbia, United States",US,USDC,38.8951,-77.0364,531871,0,,,,,,,3,"Washington, District of Columbia, United States",US,USDC,38.8951,-77.0364,531871,20250129,https://www.saultstar.com:443/opinion/columnists/goldstein-most-americans-dont-want-a-trade-war-with-canada/wcm/d0a4bea3-ccf4-4014-85a2-6b9a34ef901f
1223540547,20250129,202501,2025,2025.0795,EGY,EGYPT,EGY,,,,,,,,USA,UNITED STATES,USA,,,,,,,,1,172,172,17,4,-5.0,3,1,3,-7.03205791106515,1,Egypt,EG,EG,27,30,EG,2,"New Jersey, United States",US,USNJ,40.314,-74.5089,NJ,2,"New Jersey, United States",US,USNJ,40.314,-74.5089,NJ,20250129,https://www.spokesman.com/stories/2025/jan/29/ex-senator-bob-menendez-pleads-for-mercy-in-gold-b/
1223540764,20250129,202501,2025,2025.0795,JUD,JUDGE,,,,,,JUD,,,,,,,,,,,,,0,190,190,19,4,-10.0,4,1,4,-7.03205791106515,2,"New Jersey, United States",US,USNJ,40.314,-74.5089,NJ,0,,,,,,,1,Egypt,EG,EG,27,30,EG,20250129,https://www.spokesman.com/stories/2025/jan/29/ex-senator-bob-menendez-pleads-for-mercy-in-gold-b/
1223540765,20250129,202501,2025,2025.0795,JUD,JUDGE,,,,,,JUD,,,,,,,,,,,,,0,190,190,19,4,-10.0,6,1,6,-7.03205791106515,2,"New Jersey, United States",US,USNJ,40.314,-74.5089,NJ,0,,,,,,,2,"New Jersey, United States",US,USNJ,40.314,-74.5089,NJ,20250129,https://www.spokesman.com/stories/2025/jan/29/ex-senator-bob-menendez-pleads-for-mercy-in-gold-b/
1223540830,20250129,202501,2025,2025.0795,LEG,SENATOR,,,,,,LEG,,,USA,UNITED STATES,USA,,,,,,,,1,172,172,17,4,-5.0,2,1,2,-7.03205791106515,2,"New Jersey, United States",US,USNJ,40.314,-74.5089,NJ,2,"New Jersey, United States",US,USNJ,40.314,-74.5089,NJ,2,"New Jersey, United States",US,USNJ,40.314,-74.5089,NJ,20250129,https://www.spokesman.com/stories/2025/jan/29/ex-senator-bob-menendez-pleads-for-mercy-in-gold-b/
1223540900,20250129,202501,2025,2025.0795,MNCUSA,GOLDMAN SACHS,USA,,,,,MNC,,,,,,,,,,,,,0,036,036,03,1,4.0,10,1,10,1.99335548172757,4,"Paris, France (general), France",FR,FR00,48.8667,2.33333,-1456928,0,,,,,,,4,"Paris, France (general), France",FR,FR00,48.8667,2.33333,-1456928,20250129,https://www.marketscreener.com/quote/stock/THE-GOLDMAN-SACHS-GROUP-I-12831/news/Renewables-could-power-80-of-data-centres-Goldman-Sachs-says-48906423/
1223541028,20250129,202501,2025,2025.0795,UAF,GUNMAN,,,,,,UAF,,,USA,UNITED STATES,USA,,,,,,,,0,193,193,19,4,-10.0,2,1,2,-7.03205791106515,1,Cuba,CU,CU,22,-79.5,CU,2,"New Jersey, United States",US,USNJ,40.314,-74.5089,NJ,1,Cuba,CU,CU,22,-79.5,CU,20250129,https://www.spokesman.com/stories/2025/jan/29/ex-senator-bob-menendez-pleads-for-mercy-in-gold-b/
1223541036,20250129,202501,2025,2025.0795,USA,UNITED STATES,USA,,,,,,,,,,,,,,,,,,0,016,016,01,1,-2.0,2,1,2,-7.84671532846718,2,"New Jersey, United States",US,USNJ,40.314,-74.5089,NJ,0,,,,,,,1,Qatar,QA,QA,25.5,51.25,QA,20250129,https://leadership.ng/ex-us-senator-menendez-sentenced-to-11-years-in-prison-over-gold-bar-bribery/
1223541113,20250129,202501,2025,2025.0795,USA,UNITED STATES,USA,,,,,,,,CAN,CANADA,CAN,,,,,,,,1,012,012,01,1,-0.4,8,2,8,-0.90634441087613,3,"The White House, District of Columbia, United States",US,USDC,38.8951,-77.0364,531871,3,"The White House, District of Columbia, United States",US,USDC,38.8951,-77.0364,531871,3,"The White House, District of Columbia, United States",US,USDC,38.8951,-77.0364,531871,20250129,https://www.saultstar.com:443/opinion/columnists/goldstein-most-americans-dont-want-a-trade-war-with-canada/wcm/d0a4bea3-ccf4-4014-85a2-6b9a34ef901f
1223541168,20250129,202501,2025,2025.0795,USA,UNITED STATES,USA,,,,,,,,EGYGOV,EGYPT,EGY,,,,,GOV,,,0,020,020,02,1,3.0,2,1,2,-7.03205791106515,2,"New Jersey, United States",US,USNJ,40.314,-74.5089,NJ,1,Egypt,EG,EG,27,30,EG,2,"New Jersey, United States",US,USNJ,40.314,-74.5089,NJ,20250129,https://www.spokesman.com/stories/2025/jan/29/ex-senator-bob-menendez-pleads-for-mercy-in-gold-b/
1223541181,20250129,202501,2025,2025.0795,USA,UNITED STATES,USA,,,,,,,,GOV,PRESIDENT,,,,,,GOV,,,0,020,020,02,1,3.0,2,1,2,-7.03205791106515,2,"New Jersey, United States",US,USNJ,40.314,-74.5089,NJ,1,Egypt,EG,EG,27,30,EG,1,Egypt,EG,EG,27,30,EG,20250129,https://www.spokesman.com/stories/2025/jan/29/ex-senator-bob-menendez-pleads-for-mercy-in-gold-b/
1223541334,20250129,202501,2025,2025.0795,USAGOVELI,JOE BIDEN,USA,,,,,GOV,ELI,,,,,,,,,,,,0,120,120,12,3,-4.0,6,1,6,-7.03205791106515,1,Egypt,EG,EG,27,30,EG,0,,,,,,,1,Egypt,EG,EG,27,30,EG,20250129,https://www.spokesman.com/stories/2025/jan/29/ex-senator-bob-menendez-pleads-for-mercy-in-gold-b/
1223541335,20250129,202501,2025,2025.0795,USAGOVELI,JOE BIDEN,USA,,,,,GOV,ELI,,,,,,,,,,,,0,120,120,12,3,-4.0,4,1,4,-7.03205791106515,2,"New Jersey, United States",US,USNJ,40.314,-74.5089,NJ,0,,,,,,,2,"New Jersey, United States",US,USNJ,40.314,-74.5089,NJ,20250129,https://www.spokesman.com/stories/2025/jan/29/ex-senator-bob-menendez-pleads-for-mercy-in-gold-b/
1223541340,20250129,202501,2025,2025.0795,USAJUD,UNITED STATES,USA,,,,,JUD,,,,,,,,,,,,,0,030,030,03,1,4.0,1,1,1,-7.03205791106515,2,"New Jersey, United States",US,USNJ,40.314,-74.5089,NJ,0,,,,,,,2,"New Jersey, United States",US,USNJ,40.314,-74.5089,NJ,20250129,https://www.spokesman.com/stories/2025/jan/29/ex-senator-bob-menendez-pleads-for-mercy-in-gold-b/
1223541346,20250129,202501,2025,2025.0795,USAJUD,THE US,USA,,,,,JUD,,,USA,NEW JERSEY,USA,,,,,,,,0,173,173,17,4,-5.0,8,1,8,-7.84671532846718,2,"New York, United States",US,USNY,42.1497,-74.9384,NY,2,"New Jersey, United States",US,USNJ,40.314,-74.5089,NJ,2,"New Jersey, United States",US,USNJ,40.314,-74.5089,NJ,20250129,https://leadership.ng/ex-us-senator-menendez-sentenced-to-11-years-in-prison-over-gold-bar-bribery/
1223541349,20250129,202501,2025,2025.0795,USALEG,UNITED STATES,USA,,,,,LEG,,,,,,,,,,,,,1,172,172,17,4,-5.0,2,1,2,-7.03205791106515,2,"New Jersey, United States",US,USNJ,40.314,-74.5089,NJ,0,,,,,,,1,Cuba,CU,CU,22,-79.5,CU,20250129,https://www.spokesman.com/stories/2025/jan/29/ex-senator-bob-menendez-pleads-for-mercy-in-gold-b/
1223541350,20250129,202501,2025,2025.0795,USALEG,UNITED STATES,USA,,,,,LEG,,,USA,UNITED STATES,USA,,,,,,,,0,030,030,03,1,4.0,1,1,1,-7.03205791106515,2,"New Jersey, United States",US,USNJ,40.314,-74.5089,NJ,2,"New Jersey, United States",US,USNJ,40.314,-74.5089,NJ,2,"New Jersey, United States",US,USNJ,40.314,-74.5089,NJ,20250129,https://www.spokesman.com/stories/2025/jan/29/ex-senator-bob-menendez-pleads-for-mercy-in-gold-b/
1223541356,20250129,202501,2025,2025.0795,USALEG,UNITED STATES,USA,,,,,LEG,,,USAJUD,UNITED STATES,USA,,,,,JUD,,,0,051,051,05,1,3.4,1,1,1,-7.03205791106515,2,"New Jersey, United States",US,USNJ,40.314,-74.5089,NJ,2,"New Jersey, United States",US,USNJ,40.314,-74.5089,NJ,2,"New Jersey, United States",US,USNJ,40.314,-74.5089,NJ,20250129,https://www.spokesman.com/stories/2025/jan/29/ex-senator-bob-menendez-pleads-for-mercy-in-gold-b/
1223541916,20240130,202401,2024,2024.0822,USA,UNITED STATES,USA,,,,,,,,JUD,JUDGE,,,,,,JUD,,,0,015,015,01,1,0.0,8,2,8,-4.50896508226944,2,"Florida, United States",US,USFL,27.8333,-81.717,FL,2,"Florida, United States",US,USFL,27.8333,-81.717,FL,2,"New York, United States",US,USNY,42.1497,-74.9384,NY,20250129,https://www.azfamily.com/2025/01/29/judge-set-sentence-former-sen-bob-menendez-who-was-convicted-taking-bribes-cash-gold/
1223542218,20250129,202501,2025,2025.0795,COP,PRISON,,,,,,COP,,,,,,,,,,,,,1,173,173,17,4,-5.0,6,1,6,-4.43159922928709,3,"Union City, New Jersey, United States",US,USNJ,40.7795,-74.0238,881349,0,,,,,,,3,"Union City, New Jersey, United States",US,USNJ,40.7795,-74.0238,881349,20250129,https://www.azfamily.com/2025/01/29/judge-set-sentence-former-sen-bob-menendez-who-was-convicted-taking-bribes-cash-gold/
1223542235,20250129,202501,2025,2025.0795,COP,PRISON,,,,,,COP,,,USA,UNITED STATES,USA,,,,,,,,0,172,172,17,4,-5.0,4,4,4,-4.37122235804184,2,"Florida, United States",US,USFL,27.8333,-81.717,FL,2,"Florida, United States",US,USFL,27.8333,-81.717,FL,2,"Florida, United States",US,USFL,27.8333,-81.717,FL,20250129,https://www.azfamily.com/2025/01/29/judge-set-sentence-former-sen-bob-menendez-who-was-convicted-taking-bribes-cash-gold/
1223542236,20250129,202501,2025,2025.0795,COP,PRISON,,,,,,COP,,,USA,UNITED STATES,USA,,,,,,,,0,173,173,17,4,-5.0,2,2,2,-4.50896508226944,2,"Florida, United States",US,USFL,27.8333,-81.717,FL,2,"New York, United States",US,USNY,42.1497,-74.9384,NY,2,"New York, United States",US,USNY,42.1497,-74.9384,NY,20250129,https://www.azfamily.com/2025/01/29/judge-set-sentence-former-sen-bob-menendez-who-was-convicted-taking-bribes-cash-gold/
1223542371,20250129,202501,2025,2025.0795,EGY,EGYPT,EGY,,,,,,,,JUD,PROSECUTOR,,,,,,JUD,,,0,112,112,11,3,-2.0,1,1,1,-4.43159922928709,4,"Cairo, Al Qahirah, Egypt",EG,EG11,30.05,31.25,-290692,2,"New York, United States",US,USNY,42.1497,-74.9384,NY,4,"Cairo, Al Qahirah, Egypt",EG,EG11,30.05,31.25,-290692,20250129,https://www.azfamily.com/2025/01/29/judge-set-sentence-former-sen-bob-menendez-who-was-convicted-taking-bribes-cash-gold/
1223542372,20250129,202501,2025,2025.0795,EGY,EGYPT,EGY,,,,,,,,JUD,PROSECUTOR,,,,,,JUD,,,0,112,112,11,3,-2.0,1,1,1,-4.43159922928709,2,"New York, United States",US,USNY,42.1497,-74.9384,NY,2,"New York, United States",US,USNY,42.1497,-74.9384,NY,2,"New York, United States",US,USNY,42.1497,-74.9384,NY,20250129,https://www.azfamily.com/2025/01/29/judge-set-sentence-former-sen-bob-menendez-who-was-convicted-taking-bribes-cash-gold/
1223542625,20250129,202501,2025,2025.0795,JUD,PROSECUTOR,,,,,,JUD,,,EGY,EGYPT,EGY,,,,,,,,0,0231,023,02,1,3.4,1,1,1,-4.43159922928709,2,"New York, United States",US,USNY,42.1497,-74.9384,NY,4,"Cairo, Al Qahirah, Egypt",EG,EG11,30.05,31.25,-290692,2,"New York, United States",US,USNY,42.1497,-74.9384,NY,20250129,https://www.azfamily.com/2025/01/29/judge-set-sentence-former-sen-bob-menendez-who-was-convicted-taking-bribes-cash-gold/
1223542626,20250129,202501,2025,2025.0795,JUD,PROSECUTOR,,,,,,JUD,,,EGY,EGYPT,EGY,,,,,,,,0,0231,023,02,1,3.4,1,1,1,-4.43159922928709,2,"New York, United States",US,USNY,42.1497,-74.9384,NY,2,"New York, United States",US,USNY,42.1497,-74.9384,NY,2,"New York, United States",US,USNY,42.1497,-74.9384,NY,20250129,https://www.azfamily.com/2025/01/29/judge-set-sentence-former-sen-bob-menendez-who-was-convicted-taking-bribes-cash-gold/
1223543050,20250129,202501,2025,2025.0795,USA,UNITED STATES,USA,,,,,,,,COP,PRISON,,,,,,COP,,,1,173,173,17,4,-5.0,2,1,2,-4.43159922928709,4,"Cairo, Al Qahirah, Egypt",EG,EG11,30.05,31.25,-290692,2,"New York, United States",US,USNY,42.1497,-74.9384,NY,4,"Cairo, Al Qahirah, Egypt",EG,EG11,30.05,31.25,-290692,20250129,https://www.azfamily.com/2025/01/29/judge-set-sentence-former-sen-bob-menendez-who-was-convicted-taking-bribes-cash-gold/
1223543131,20250129,202501,2025,2025.0795,USA,UNITED STATES,USA,,,,,,,,JUD,PROSECUTOR,,,,,,JUD,,,0,173,173,17,4,-5.0,1,1,1,-4.43159922928709,4,"Cairo, Al Qahirah, Egypt",EG,EG11,30.05,31.25,-290692,2,"New York, United States",US,USNY,42.1497,-74.9384,NY,2,"New York, United States",US,USNY,42.1497,-74.9384,NY,20250129,https://www.azfamily.com/2025/01/29/judge-set-sentence-former-sen-bob-menendez-who-was-convicted-taking-bribes-cash-gold/
1223543132,20250129,202501,2025,2025.0795,USA,UNITED STATES,USA,,,,,,,,JUD,PROSECUTOR,,,,,,JUD,,,0,173,173,17,4,-5.0,1,1,1,-4.43159922928709,3,"Washington, District of Columbia, United States",US,USDC,38.8951,-77.0364,531871,2,"New York, United States",US,USNY,42.1497,-74.9384,NY,2,"New York, United States",US,USNY,42.1497,-74.9384,NY,20250129,https://www.azfamily.com/2025/01/29/judge-set-sentence-former-sen-bob-menendez-who-was-convicted-taking-bribes-cash-gold/
1223543242,20250129,202501,2025,2025.0795,USAJUD,UNITED STATES,USA,,,,,JUD,,,CUB,CUBAN,CUB,,,,,,,,0,010,010,01,1,0.0,2,2,2,-4.50896508226944,2,"New York, United States",US,USNY,42.1497,-74.9384,NY,1,Cuba,CU,CU,22,-79.5,CU,1,Cuba,CU,CU,22,-79.5,CU,20250129,https://www.azfamily.com/2025/01/29/judge-set-sentence-former-sen-bob-menendez-who-was-convicted-taking-bribes-cash-gold/
1223543243,20250129,202501,2025,2025.0795,USAJUD,UNITED STATES,USA,,,,,JUD,,,CUB,CUBAN,CUB,,,,,,,,0,010,010,01,1,0.0,2,2,2,-4.50896508226944,2,"New York, United States",US,USNY,42.1497,-74.9384,NY,2,"New York, United States",US,USNY,42.1497,-74.9384,NY,2,"New York, United States",US,USNY,42.1497,-74.9384,NY,20250129,https://www.azfamily.com/2025/01/29/judge-set-sentence-former-sen-bob-menendez-who-was-convicted-taking-bribes-cash-gold/
1223543252,20250129,202501,2025,2025.0795,USAJUD,UNITED STATES,USA,,,,,JUD,,,USA,UNITED STATES,USA,,,,,,,,0,173,173,17,4,-5.0,2,1,2,-4.43159922928709,2,"New York, United States",US,USNY,42.1497,-74.9384,NY,1,Cuba,CU,CU,22,-79.5,CU,1,Cuba,CU,CU,22,-79.5,CU,20250129,https://www.azfamily.com/2025/01/29/judge-set-sentence-former-sen-bob-menendez-who-was-convicted-taking-bribes-cash-gold/
1223543253,20250129,202501,2025,2025.0795,USAJUD,UNITED STATES,USA,,,,,JUD,,,USA,UNITED STATES,USA,,,,,,,,0,173,173,17,4,-5.0,2,1,2,-4.43159922928709,2,"New York, United States",US,USNY,42.1497,-74.9384,NY,2,"Florida, United States",US,USFL,27.8333,-81.717,FL,2,"Florida, United States",US,USFL,27.8333,-81.717,FL,20250129,https://www.azfamily.com/2025/01/29/judge-set-sentence-former-sen-bob-menendez-who-was-convicted-taking-bribes-cash-gold/
1223546009,20250129,202501,2025,2025.0795,JUD,PROSECUTOR,,,,,,JUD,,,,,,,,,,,,,1,020,020,02,1,3.0,6,1,6,-1.99386503067484,1,Cuba,CU,CU,22,-79.5,CU,0,,,,,,,1,Cuba,CU,CU,22,-79.5,CU,20250129,https://www.latintimes.com/ex-senator-bob-menendez-gets-decade-prison-pleading-mercy-gold-bar-bribery-trial-573839
1223546324,20250129,202501,2025,2025.0795,USA,UNITED STATES,USA,,,,,,,,,,,,,,,,,,1,010,010,01,1,0.0,8,1,8,4.34782608695652,3,"Thunder Mountain, Idaho, United States",US,USID,42.1716,-113.614,392113,0,,,,,,,3,"Thunder Mountain, Idaho, United States",US,USID,42.1716,-113.614,392113,20250129,https://www.themarketsdaily.com/2025/01/29/short-interest-in-thunder-mountain-gold-inc-otcmktsthmg-decreases-by-65-2.html
1223546372,20250129,202501,2025,2025.0795,USA,UNITED STATES,USA,,,,,,,,,,,,,,,,,,0,090,090,09,2,-2.0,2,1,2,-1.99386503067484,2,"New Jersey, United States",US,USNJ,40.314,-74.5089,NJ,0,,,,,,,1,Cuba,CU,CU,22,-79.5,CU,20250129,https://www.latintimes.com/ex-senator-bob-menendez-gets-decade-prison-pleading-mercy-gold-bar-bribery-trial-573839
